datetime,open,high,low,close,volume
2023-08-04 13:30:00,115.25,116.86000061035156,113.95999908447266,115.48999786376953,20866732.0
2023-08-04 14:30:00,115.5,117.36000061035156,115.44999694824219,116.72250366210938,12670042.0
2023-08-04 15:30:00,116.72000122070312,117.91000366210938,116.68000030517578,117.89129638671875,11446812.0
2023-08-04 16:30:00,117.88629913330078,118.8499984741211,117.25,117.44499969482422,10824277.0
2023-08-04 17:30:00,117.43000030517578,117.97450256347656,116.0199966430664,116.13929748535156,9363447.0
2023-08-04 18:30:00,116.12999725341797,116.37999725341797,115.25,115.76260375976562,9689190.0
2023-08-04 19:30:00,115.77999877929688,116.02999877929688,115.26499938964844,115.83000183105469,5804961.0
2023-08-07 13:30:00,116.36000061035156,119.08000183105469,116.0999984741211,117.93000030517578,21393568.0
2023-08-07 14:30:00,117.91000366210938,118.7300033569336,117.06999969482422,117.2300033569336,11198805.0
2023-08-07 15:30:00,117.19999694824219,117.76000213623047,116.69999694824219,117.4000015258789,7185177.0
2023-08-07 16:30:00,117.38749694824219,117.44000244140625,116.52999877929688,116.55999755859375,5458540.0
2023-08-07 17:30:00,116.55999755859375,116.6500015258789,115.72000122070312,116.0199966430664,7140805.0
2023-08-07 18:30:00,116.02999877929688,116.45999908447266,115.58000183105469,115.62999725341797,5267645.0
2023-08-07 19:30:00,115.62999725341797,116.81999969482422,115.48999786376953,116.80000305175781,5380183.0
2023-08-08 13:30:00,114.75,115.45999908447266,112.75,113.55999755859375,16775187.0
2023-08-08 14:30:00,113.5426025390625,113.78500366210938,111.9000015258789,112.30999755859375,10735722.0
2023-08-08 15:30:00,112.31990051269531,112.63999938964844,111.41000366210938,112.54499816894531,6835112.0
2023-08-08 16:30:00,112.54000091552734,112.9198989868164,112.02999877929688,112.48999786376953,4859329.0
2023-08-08 17:30:00,112.47000122070312,113.22000122070312,112.16999816894531,112.8499984741211,4421441.0
2023-08-08 18:30:00,112.86000061035156,113.2300033569336,112.60009765625,113.04000091552734,4222817.0
2023-08-08 19:30:00,113.05000305175781,113.44000244140625,112.68000030517578,113.2300033569336,4253510.0
2023-08-09 13:30:00,112.92500305175781,113.1500015258789,110.27999877929688,111.54000091552734,15828591.0
2023-08-09 14:30:00,111.51000213623047,111.8499984741211,108.77999877929688,109.22000122070312,10377522.0
2023-08-09 15:30:00,109.2249984741211,110.57990264892578,109.13999938964844,110.46489715576172,6787127.0
2023-08-09 16:30:00,110.45999908447266,110.84989929199219,109.90390014648438,110.77010345458984,4416765.0
2023-08-09 17:30:00,110.77999877929688,111.72989654541016,110.72000122070312,111.60030364990234,5267563.0
2023-08-09 18:30:00,111.62000274658203,111.80000305175781,110.80999755859375,110.85970306396484,5922327.0
2023-08-09 19:30:00,110.86000061035156,111.06500244140625,110.3499984741211,110.41000366210938,4454037.0
2023-08-10 13:30:00,111.30000305175781,113.88999938964844,110.91000366210938,112.77999877929688,15404402.0
2023-08-10 14:30:00,112.78990173339844,113.37999725341797,110.72010040283203,110.91000366210938,9875970.0
2023-08-10 15:30:00,110.93000030517578,111.41000366210938,109.80000305175781,110.98999786376953,8349038.0
2023-08-10 16:30:00,110.9800033569336,111.36000061035156,109.9800033569336,110.2698974609375,5670635.0
2023-08-10 17:30:00,110.25,110.56999969482422,109.47000122070312,110.23380279541016,5634217.0
2023-08-10 18:30:00,110.27359771728516,110.98999786376953,109.95030212402344,110.38999938964844,6059012.0
2023-08-10 19:30:00,110.4000015258789,110.69000244140625,110.06999969482422,110.2300033569336,4249065.0
2023-08-11 13:30:00,108.8499984741211,109.06999969482422,106.72000122070312,108.5199966430664,16689822.0
2023-08-11 14:30:00,108.54000091552734,108.80000305175781,107.02999877929688,107.06999969482422,8247293.0
2023-08-11 15:30:00,107.05999755859375,107.91999816894531,106.4800033569336,107.55999755859375,8339818.0
2023-08-11 16:30:00,107.55860137939453,108.19000244140625,107.1500015258789,108.14009857177734,6238395.0
2023-08-11 17:30:00,108.13999938964844,108.22000122070312,107.62999725341797,108.00499725341797,4446914.0
2023-08-11 18:30:00,107.99340057373047,108.2699966430664,107.4000015258789,107.77999877929688,5413502.0
2023-08-11 19:30:00,107.7699966430664,107.94499969482422,107.36100006103516,107.58000183105469,4114096.0
2023-08-14 13:30:00,106.75,109.61000061035156,105.41999816894531,108.70999908447266,18067722.0
2023-08-14 14:30:00,108.69999694824219,110.27999877929688,108.6500015258789,110.26000213623047,8382874.0
2023-08-14 15:30:00,110.2699966430664,110.68000030517578,109.81999969482422,109.98999786376953,6398087.0
2023-08-14 16:30:00,109.98809814453125,110.94000244140625,109.9000015258789,110.82389831542969,4886682.0
2023-08-14 17:30:00,110.83000183105469,111.06999969482422,110.47049713134766,110.9000015258789,5054290.0
2023-08-14 18:30:00,110.9000015258789,111.55999755859375,110.56999969482422,111.4800033569336,6096680.0
2023-08-14 19:30:00,111.47000122070312,111.98999786376953,111.43000030517578,111.9800033569336,5048254.0
2023-08-15 13:30:00,111.98999786376953,113.18000030517578,110.2699966430664,110.68409729003906,18770348.0
2023-08-15 14:30:00,110.71499633789062,111.83999633789062,110.16999816894531,111.73999786376953,7047804.0
2023-08-15 15:30:00,111.75,112.18000030517578,111.33999633789062,111.7426986694336,5207055.0
2023-08-15 16:30:00,111.75,111.9749984741211,111.18000030517578,111.81009674072266,4291443.0
2023-08-15 17:30:00,111.83000183105469,112.3499984741211,111.47000122070312,112.04989624023438,5371702.0
2023-08-15 18:30:00,112.05000305175781,112.53990173339844,111.65850067138672,111.66010284423828,6174916.0
2023-08-15 19:30:00,111.66999816894531,111.95999908447266,111.26000213623047,111.35820007324219,4625470.0
2023-08-16 13:30:00,110.0863037109375,110.43879699707031,107.62999725341797,108.0989990234375,16900932.0
2023-08-16 14:30:00,108.05999755859375,108.7300033569336,107.9000015258789,108.11499786376953,6966635.0
2023-08-16 15:30:00,108.11000061035156,108.27999877929688,106.9800033569336,107.18499755859375,6618537.0
2023-08-16 16:30:00,107.19989776611328,107.79000091552734,107.14089965820312,107.58000183105469,3978226.0
2023-08-16 17:30:00,107.56999969482422,108.59500122070312,107.26000213623047,108.5,5998213.0
2023-08-16 18:30:00,108.4800033569336,108.63009643554688,107.0999984741211,107.37000274658203,5891713.0
2023-08-16 19:30:00,107.38999938964844,107.80000305175781,107.12999725341797,107.18000030517578,4815445.0
2023-08-17 13:30:00,107.62000274658203,107.8499984741211,104.36000061035156,104.44989776611328,18197525.0
2023-08-17 14:30:00,104.41500091552734,105.64070129394531,104.41000366210938,104.73999786376953,8547378.0
2023-08-17 15:30:00,104.75,105.62779998779297,104.66999816894531,105.61039733886719,6360517.0
2023-08-17 16:30:00,105.62000274658203,105.93000030517578,105.15480041503906,105.30999755859375,5696738.0
2023-08-17 17:30:00,105.30999755859375,105.52999877929688,104.8499984741211,105.43000030517578,5145412.0
2023-08-17 18:30:00,105.44000244140625,105.45999908447266,104.0999984741211,104.55500030517578,6801674.0
2023-08-17 19:30:00,104.55999755859375,104.6500015258789,104.19499969482422,104.37999725341797,5177788.0
2023-08-18 13:30:00,102.4000015258789,104.23999786376953,101.68000030517578,103.63999938964844,17940077.0
2023-08-18 14:30:00,103.62000274658203,104.69999694824219,103.37000274658203,103.87000274658203,9883895.0
2023-08-18 15:30:00,103.87000274658203,105.08000183105469,103.7699966430664,104.76000213623047,7318159.0
2023-08-18 16:30:00,104.76000213623047,105.33999633789062,104.48059844970703,105.09269714355469,6103145.0
2023-08-18 17:30:00,105.0999984741211,105.63999938964844,104.81999969482422,105.58999633789062,4971099.0
2023-08-18 18:30:00,105.58999633789062,106.06999969482422,105.12000274658203,105.62999725341797,6421479.0
2023-08-18 19:30:00,105.62000274658203,106.0,105.16999816894531,105.43000030517578,4819013.0
2023-08-21 13:30:00,106.19999694824219,107.80000305175781,106.08000183105469,106.0811996459961,14156622.0
2023-08-21 14:30:00,106.08999633789062,106.54000091552734,105.66999816894531,106.31999969482422,7807399.0
2023-08-21 15:30:00,106.31999969482422,106.92500305175781,106.13999938964844,106.77069854736328,4279814.0
2023-08-21 16:30:00,106.82009887695312,107.5250015258789,106.6666030883789,107.37999725341797,4958118.0
2023-08-21 17:30:00,107.38999938964844,107.83000183105469,107.30999755859375,107.51260375976562,4760411.0
2023-08-21 18:30:00,107.54000091552734,108.44000244140625,107.41000366210938,108.31999969482422,5055596.0
2023-08-21 19:30:00,108.30999755859375,108.54000091552734,108.12999725341797,108.22000122070312,4312658.0
2023-08-22 13:30:00,109.4000015258789,109.72000122070312,106.13999938964844,106.26000213623047,15338012.0
2023-08-22 14:30:00,106.25350189208984,106.95989990234375,105.91000366210938,106.09339904785156,7379578.0
2023-08-22 15:30:00,106.0999984741211,106.30000305175781,104.8499984741211,105.16999816894531,5432640.0
2023-08-22 16:30:00,105.16999816894531,105.68000030517578,104.97000122070312,105.55570220947266,5042607.0
2023-08-22 17:30:00,105.55999755859375,105.87999725341797,104.97000122070312,105.8687973022461,4344984.0
2023-08-22 18:30:00,105.87000274658203,106.16999816894531,105.5199966430664,105.81839752197266,4487585.0
2023-08-22 19:30:00,105.80580139160156,105.83999633789062,105.37000274658203,105.66999816894531,3867819.0
2023-08-23 13:30:00,105.30999755859375,108.81999969482422,105.1500015258789,108.44999694824219,14615689.0
2023-08-23 14:30:00,108.45999908447266,109.29000091552734,108.19000244140625,108.87999725341797,7359031.0
2023-08-23 15:30:00,108.88999938964844,109.12000274658203,108.41000366210938,108.70999908447266,4626182.0
2023-08-23 16:30:00,108.69999694824219,108.91999816894531,108.19000244140625,108.44999694824219,3883856.0
2023-08-23 17:30:00,108.45999908447266,108.76000213623047,108.16000366210938,108.43000030517578,3794758.0
2023-08-23 18:30:00,108.43499755859375,109.93000030517578,108.12999725341797,109.8949966430664,7428543.0
2023-08-23 19:30:00,109.88999938964844,110.08000183105469,109.2699966430664,109.41999816894531,5808125.0
2023-08-24 13:30:00,110.5,111.63999938964844,103.64250183105469,103.67790222167969,29143016.0
2023-08-24 14:30:00,103.66999816894531,104.23999786376953,101.27100372314453,102.44930267333984,21594903.0
2023-08-24 15:30:00,102.43000030517578,102.58999633789062,100.91999816894531,102.33999633789062,14236751.0
2023-08-24 16:30:00,102.3499984741211,103.22000122070312,101.37000274658203,101.5000991821289,10774634.0
2023-08-24 17:30:00,101.5,101.83000183105469,101.08999633789062,101.2699966430664,8922208.0
2023-08-24 18:30:00,101.2699966430664,101.68000030517578,100.87100219726562,101.06500244140625,9588443.0
2023-08-24 19:30:00,101.06999969482422,102.12999725341797,100.9800033569336,101.70999908447266,9195516.0
2023-08-25 13:30:00,101.16500091552734,104.12000274658203,100.0,101.77999877929688,21931068.0
2023-08-25 14:30:00,101.77269744873047,102.05999755859375,99.66000366210938,100.87989807128906,16307899.0
2023-08-25 15:30:00,100.87000274658203,102.06999969482422,100.08499908447266,102.05500030517578,9023947.0
2023-08-25 16:30:00,102.05000305175781,102.39790344238281,101.36000061035156,101.72000122070312,6989522.0
2023-08-25 17:30:00,101.70999908447266,102.51000213623047,101.37000274658203,102.5,5857553.0
2023-08-25 18:30:00,102.5,102.9000015258789,102.11000061035156,102.52010345458984,6437792.0
2023-08-25 19:30:00,102.52999877929688,102.62999725341797,101.84500122070312,102.22000122070312,5069452.0
2023-08-28 13:30:00,103.47000122070312,104.06999969482422,101.68000030517578,102.9800033569336,14635322.0
2023-08-28 14:30:00,102.9800033569336,103.0999984741211,100.89440155029297,102.05000305175781,11132383.0
2023-08-28 15:30:00,102.04000091552734,102.41000366210938,101.58999633789062,101.69499969482422,5575803.0
2023-08-28 16:30:00,101.69000244140625,102.87000274658203,101.62999725341797,102.54499816894531,6432799.0
2023-08-28 17:30:00,102.55000305175781,102.63629913330078,101.83000183105469,102.2699966430664,4681668.0
2023-08-28 18:30:00,102.27989959716797,102.61000061035156,102.05000305175781,102.29000091552734,4629672.0
2023-08-28 19:30:00,102.29000091552734,102.91000366210938,102.2488021850586,102.65499877929688,4647581.0
2023-08-29 13:30:00,102.0,104.97000122070312,101.79000091552734,104.83999633789062,16374775.0
2023-08-29 14:30:00,104.8499984741211,105.5895004272461,104.76000213623047,105.5000991821289,8805176.0
2023-08-29 15:30:00,105.5198974609375,106.19000244140625,105.26000213623047,106.14839935302734,6242941.0
2023-08-29 16:30:00,106.14089965820312,106.2699966430664,105.62139892578125,106.18990325927734,4512829.0
2023-08-29 17:30:00,106.18000030517578,106.56999969482422,105.95999908447266,106.12960052490234,4195123.0
2023-08-29 18:30:00,106.12000274658203,106.37169647216797,106.0199966430664,106.36000061035156,3657942.0
2023-08-29 19:30:00,106.3499984741211,106.3499984741211,105.78500366210938,105.94000244140625,3957068.0
2023-08-30 13:30:00,105.4020004272461,106.76000213623047,104.5,105.37000274658203,16503299.0
2023-08-30 14:30:00,105.37000274658203,106.70939636230469,105.3499984741211,106.40499877929688,9078043.0
2023-08-30 15:30:00,106.41000366210938,107.66999816894531,106.37999725341797,107.29000091552734,7175162.0
2023-08-30 16:30:00,107.2979965209961,107.41999816894531,106.6500015258789,106.75,4002003.0
2023-08-30 17:30:00,106.76000213623047,106.9000015258789,105.72000122070312,105.91999816894531,5137679.0
2023-08-30 18:30:00,105.93000030517578,107.0,105.9000015258789,106.4800033569336,6048497.0
2023-08-30 19:30:00,106.4800033569336,106.83000183105469,106.27999877929688,106.61000061035156,4299967.0
2023-08-31 13:30:00,106.19000244140625,107.64990234375,105.94999694824219,107.38999938964844,11344510.0
2023-08-31 14:30:00,107.37999725341797,108.05999755859375,106.33000183105469,106.69499969482422,8580768.0
2023-08-31 15:30:00,106.69000244140625,106.87000274658203,104.86000061035156,105.19000244140625,8436401.0
2023-08-31 16:30:00,105.19999694824219,106.46730041503906,105.05000305175781,106.23989868164062,7272258.0
2023-08-31 17:30:00,106.24559783935547,106.31999969482422,105.45999908447266,105.87999725341797,5150035.0
2023-08-31 18:30:00,105.881103515625,105.9000015258789,105.12999725341797,105.31449890136719,5655004.0
2023-08-31 19:30:00,105.31999969482422,106.01000213623047,105.29000091552734,105.66999816894531,5337151.0
2023-09-01 13:30:00,107.0,108.88999938964844,106.61000061035156,108.4000015258789,15088981.0
2023-09-01 14:30:00,108.37999725341797,108.80999755859375,107.55000305175781,108.5,8887398.0
2023-09-01 15:30:00,108.51000213623047,109.27999877929688,108.1500015258789,109.17500305175781,7296874.0
2023-09-01 16:30:00,109.17500305175781,109.68000030517578,108.86000061035156,109.43000030517578,5341102.0
2023-09-01 17:30:00,109.44000244140625,110.05999755859375,109.19000244140625,109.27999877929688,5734134.0
2023-09-01 18:30:00,109.27999877929688,109.51000213623047,108.88999938964844,109.4800033569336,5050425.0
2023-09-01 19:30:00,109.5,109.63999938964844,109.20999908447266,109.48999786376953,4283117.0
2023-09-05 13:30:00,109.0,109.04499816894531,106.30000305175781,107.05000305175781,13056353.0
2023-09-05 14:30:00,107.04000091552734,108.9800033569336,106.96009826660156,108.4800033569336,9355306.0
2023-09-05 15:30:00,108.4800033569336,111.44999694824219,108.13999938964844,109.52999877929688,14915634.0
2023-09-05 16:30:00,109.52999877929688,110.69000244140625,109.48639678955078,110.62999725341797,7086030.0
2023-09-05 17:30:00,110.62999725341797,111.79000091552734,110.30000305175781,111.7499008178711,6999012.0
2023-09-05 18:30:00,111.73999786376953,111.81999969482422,110.94999694824219,111.33499908447266,7215200.0
2023-09-05 19:30:00,111.33999633789062,111.55999755859375,110.76000213623047,110.80000305175781,4495080.0
2023-09-06 13:30:00,110.55999755859375,111.33000183105469,108.5,109.36540222167969,16995451.0
2023-09-06 14:30:00,109.35150146484375,110.05000305175781,108.95999908447266,109.70010375976562,7790233.0
2023-09-06 15:30:00,109.70120239257812,110.0999984741211,108.56999969482422,108.66000366210938,5250100.0
2023-09-06 16:30:00,108.6500015258789,108.9800033569336,108.22000122070312,108.83039855957031,4691092.0
2023-09-06 17:30:00,108.8499984741211,109.5999984741211,108.84329986572266,109.58000183105469,4242159.0
2023-09-06 18:30:00,109.58000183105469,109.7300033569336,109.0,109.05000305175781,3700494.0
2023-09-06 19:30:00,109.05999755859375,109.3499984741211,108.88050079345703,109.30000305175781,3301298.0
2023-09-07 13:30:00,106.19000244140625,107.47000122070312,105.08999633789062,106.8499984741211,15819208.0
2023-09-07 14:30:00,106.9000015258789,107.69000244140625,106.36000061035156,106.4636001586914,7638235.0
2023-09-07 15:30:00,106.44999694824219,107.48999786376953,106.18000030517578,107.31999969482422,4809725.0
2023-09-07 16:30:00,107.33999633789062,107.50769805908203,106.56999969482422,106.75499725341797,4640725.0
2023-09-07 17:30:00,106.7699966430664,107.32479858398438,106.43000030517578,106.43009948730469,5186617.0
2023-09-07 18:30:00,106.43000030517578,107.06999969482422,106.31999969482422,106.69000244140625,4869309.0
2023-09-07 19:30:00,106.69000244140625,107.08809661865234,106.3499984741211,106.58999633789062,3415350.0
2023-09-08 13:30:00,107.0199966430664,109.73699951171875,106.83999633789062,108.4000015258789,14606064.0
2023-09-08 14:30:00,108.41999816894531,108.66999816894531,107.16000366210938,107.87629699707031,6925209.0
2023-09-08 15:30:00,107.87999725341797,108.0,107.38999938964844,107.66999816894531,4147718.0
2023-09-08 16:30:00,107.66999816894531,107.66999816894531,106.58999633789062,106.69999694824219,4602808.0
2023-09-08 17:30:00,106.72989654541016,106.88999938964844,105.98999786376953,106.27999877929688,5244986.0
2023-09-08 18:30:00,106.27999877929688,106.51000213623047,105.75,105.80999755859375,3825740.0
2023-09-08 19:30:00,105.80999755859375,106.20500183105469,105.76000213623047,106.0999984741211,3384519.0
2023-09-11 13:30:00,107.31500244140625,107.51000213623047,103.16000366210938,103.52069854736328,15880468.0
2023-09-11 14:30:00,103.55000305175781,103.95999908447266,103.0,103.47000122070312,8535278.0
2023-09-11 15:30:00,103.4800033569336,103.69879913330078,103.03009796142578,103.36499786376953,4480923.0
2023-09-11 16:30:00,103.37000274658203,104.43990325927734,103.12000274658203,104.43990325927734,4446591.0
2023-09-11 17:30:00,104.43000030517578,105.08000183105469,104.37999725341797,104.87000274658203,6401819.0
2023-09-11 18:30:00,104.875,105.54000091552734,104.80999755859375,105.4800033569336,5121985.0
2023-09-11 19:30:00,105.4800033569336,105.58999633789062,105.12999725341797,105.28500366210938,3552563.0
2023-09-12 13:30:00,104.19999694824219,106.22000122070312,103.18000030517578,104.81230163574219,13809719.0
2023-09-12 14:30:00,104.80999755859375,105.4375,104.33000183105469,104.5999984741211,6398889.0
2023-09-12 15:30:00,104.60050201416016,105.6500015258789,104.5999984741211,105.62000274658203,4276455.0
2023-09-12 16:30:00,105.62319946289062,106.30999755859375,105.36499786376953,106.26460266113281,4895524.0
2023-09-12 17:30:00,106.2699966430664,106.73999786376953,105.86000061035156,106.18620300292969,5010848.0
2023-09-12 18:30:00,106.18000030517578,106.19999694824219,105.30999755859375,105.41000366210938,2778019.0
2023-09-12 19:30:00,105.41999816894531,105.69000244140625,105.20999908447266,105.31999969482422,3102074.0
2023-09-13 13:30:00,105.0999984741211,107.27999877929688,104.83000183105469,106.9000015258789,11989372.0
2023-09-13 14:30:00,106.91999816894531,108.29000091552734,106.76000213623047,108.2300033569336,8650775.0
2023-09-13 15:30:00,108.2300033569336,108.33999633789062,107.12999725341797,108.0199966430664,5066442.0
2023-09-13 16:30:00,108.04000091552734,108.66999816894531,107.83000183105469,108.51200103759766,4151153.0
2023-09-13 17:30:00,108.53060150146484,108.73999786376953,107.95999908447266,108.2699966430664,3920747.0
2023-09-13 18:30:00,108.2688980102539,108.33999633789062,107.11180114746094,107.51000213623047,4995650.0
2023-09-13 19:30:00,107.51899719238281,107.75,107.25,107.73999786376953,3272660.0
2023-09-14 13:30:00,108.43000030517578,109.14939880371094,106.22119903564453,106.80000305175781,13721921.0
2023-09-14 14:30:00,106.80999755859375,108.34989929199219,106.76000213623047,107.65190124511719,8321142.0
2023-09-14 15:30:00,107.66000366210938,107.86799621582031,107.1500015258789,107.38999938964844,4933158.0
2023-09-14 16:30:00,107.37999725341797,107.6698989868164,107.16999816894531,107.2300033569336,3362678.0
2023-09-14 17:30:00,107.23999786376953,107.4384994506836,106.5999984741211,106.8301010131836,4351532.0
2023-09-14 18:30:00,106.8290023803711,107.3499984741211,106.66000366210938,107.0199966430664,4041584.0
2023-09-14 19:30:00,107.01000213623047,107.16000366210938,106.4397964477539,106.62000274658203,3923002.0
2023-09-15 13:30:00,106.25,106.76000213623047,103.02999877929688,103.16999816894531,16964883.0
2023-09-15 14:30:00,103.16000366210938,103.31999969482422,102.0,102.39820098876953,10892092.0
2023-09-15 15:30:00,102.38999938964844,102.94000244140625,101.98999786376953,102.55989837646484,7169422.0
2023-09-15 16:30:00,102.54000091552734,103.02899932861328,101.87999725341797,102.0,6141321.0
2023-09-15 17:30:00,101.98999786376953,102.47000122070312,101.83000183105469,101.89779663085938,4960619.0
2023-09-15 18:30:00,101.88999938964844,101.94999694824219,101.27999877929688,101.90910339355469,6773351.0
2023-09-15 19:30:00,101.91000366210938,102.09940338134766,101.30000305175781,101.5,6667590.0
2023-09-18 13:30:00,100.81500244140625,101.80999755859375,99.44999694824219,101.08999633789062,16527298.0
2023-09-18 14:30:00,101.08999633789062,101.80999755859375,100.4800033569336,101.72570037841797,8146455.0
2023-09-18 15:30:00,101.72699737548828,102.71990203857422,101.65989685058594,102.63279724121094,6058736.0
2023-09-18 16:30:00,102.63500213623047,102.98999786376953,102.3499984741211,102.57499694824219,5020929.0
2023-09-18 17:30:00,102.58000183105469,102.73999786376953,102.22810363769531,102.30000305175781,3233445.0
2023-09-18 18:30:00,102.30000305175781,102.54000091552734,101.61499786376953,101.98989868164062,4398851.0
2023-09-18 19:30:00,101.98999786376953,102.43000030517578,101.69499969482422,102.375,3205466.0
2023-09-19 13:30:00,101.75,102.66000366210938,100.69999694824219,101.89099884033203,11501640.0
2023-09-19 14:30:00,101.88999938964844,102.04000091552734,101.02999877929688,101.9000015258789,6284286.0
2023-09-19 15:30:00,101.9000015258789,102.06999969482422,101.03500366210938,101.61000061035156,4724945.0
2023-09-19 16:30:00,101.60009765625,102.36000061035156,101.2699966430664,102.02670288085938,4338593.0
2023-09-19 17:30:00,102.02999877929688,102.6500015258789,102.0250015258789,102.23999786376953,4730593.0
2023-09-19 18:30:00,102.25260162353516,102.85820007324219,101.75,102.03500366210938,4988377.0
2023-09-19 19:30:00,102.05000305175781,102.13999938964844,101.5250015258789,101.61000061035156,3826504.0
2023-09-20 13:30:00,102.36000061035156,103.94000244140625,101.5999984741211,101.99700164794922,14529259.0
2023-09-20 14:30:00,101.9800033569336,102.4800033569336,101.5999984741211,102.08999633789062,7501767.0
2023-09-20 15:30:00,102.06999969482422,102.76000213623047,101.97000122070312,102.58999633789062,5145846.0
2023-09-20 16:30:00,102.5999984741211,102.94999694824219,102.18000030517578,102.18000030517578,4154489.0
2023-09-20 17:30:00,102.18000030517578,102.31999969482422,101.4800033569336,102.06500244140625,4840472.0
2023-09-20 18:30:00,102.06500244140625,102.66000366210938,100.76000213623047,101.18990325927734,10992905.0
2023-09-20 19:30:00,101.19000244140625,101.25800323486328,100.27999877929688,100.33000183105469,5594493.0
2023-09-21 13:30:00,98.5999984741211,98.87000274658203,96.72090148925781,97.23999786376953,17454192.0
2023-09-21 14:30:00,97.2300033569336,97.80999755859375,96.44999694824219,96.62000274658203,8549539.0
2023-09-21 15:30:00,96.61499786376953,97.19999694824219,96.37000274658203,96.80000305175781,6156225.0
2023-09-21 16:30:00,96.81999969482422,97.375,96.4800033569336,97.29499816894531,5134283.0
2023-09-21 17:30:00,97.29609680175781,97.58999633789062,96.57009887695312,96.62999725341797,4943983.0
2023-09-21 18:30:00,96.61180114746094,96.91999816894531,95.86000061035156,95.94999694824219,7250883.0
2023-09-21 19:30:00,95.94999694824219,96.23999786376953,95.83999633789062,96.08000183105469,6453317.0
2023-09-22 13:30:00,96.91999816894531,97.48999786376953,95.80999755859375,97.37989807128906,13428285.0
2023-09-22 14:30:00,97.36009979248047,98.41999816894531,97.36000061035156,98.03009796142578,9416969.0
2023-09-22 15:30:00,98.04000091552734,98.4000015258789,97.36000061035156,97.75,6271749.0
2023-09-22 16:30:00,97.76000213623047,97.77999877929688,96.80999755859375,96.9000015258789,4757435.0
2023-09-22 17:30:00,96.9000015258789,96.99369812011719,95.61000061035156,96.03399658203125,6267850.0
2023-09-22 18:30:00,96.0199966430664,96.94000244140625,95.8499984741211,96.66999816894531,5252951.0
2023-09-22 19:30:00,96.69000244140625,96.82990264892578,95.9000015258789,96.19000244140625,4672997.0
2023-09-25 13:30:00,95.94999694824219,96.75,94.45999908447266,95.55000305175781,12316681.0
2023-09-25 14:30:00,95.52999877929688,96.8499984741211,95.29000091552734,96.5,8151921.0
2023-09-25 15:30:00,96.51000213623047,97.12999725341797,96.37999725341797,97.00499725341797,4769194.0
2023-09-25 16:30:00,97.01000213623047,97.02999877929688,96.2300033569336,96.69999694824219,4195056.0
2023-09-25 17:30:00,96.70999908447266,97.10220336914062,96.52999877929688,96.80500030517578,3816236.0
2023-09-25 18:30:00,96.80000305175781,97.19000244140625,96.37000274658203,96.9800033569336,4418800.0
2023-09-25 19:30:00,96.95999908447266,97.44999694824219,96.83000183105469,97.38999938964844,3799418.0
2023-09-26 13:30:00,96.5,97.30000305175781,95.2699966430664,97.08439636230469,12760687.0
2023-09-26 14:30:00,97.08000183105469,97.83000183105469,96.16000366210938,96.16999816894531,7326906.0
2023-09-26 15:30:00,96.1719970703125,96.43000030517578,95.83049774169922,96.23500061035156,4433408.0
2023-09-26 16:30:00,96.22959899902344,96.37000274658203,95.86000061035156,95.87999725341797,2998860.0
2023-09-26 17:30:00,95.87000274658203,96.13990020751953,95.5,95.94499969482422,4274360.0
2023-09-26 18:30:00,95.94000244140625,96.12000274658203,95.33999633789062,95.43000030517578,4778012.0
2023-09-26 19:30:00,95.44000244140625,96.0199966430664,95.3949966430664,95.95999908447266,4104772.0
2023-09-27 13:30:00,96.81999969482422,98.38500213623047,96.3499984741211,98.3584976196289,13878467.0
2023-09-27 14:30:00,98.3550033569336,98.75,97.56999969482422,98.20249938964844,8780474.0
2023-09-27 15:30:00,98.19999694824219,98.19999694824219,97.15360260009766,97.55000305175781,5105171.0
2023-09-27 16:30:00,97.54989624023438,97.65950012207031,96.76000213623047,96.79000091552734,4366658.0
2023-09-27 17:30:00,96.78990173339844,97.5199966430664,96.54000091552734,97.4800033569336,4574481.0
2023-09-27 18:30:00,97.48999786376953,99.2300033569336,97.48999786376953,98.44879913330078,7010040.0
2023-09-27 19:30:00,98.41999816894531,98.48999786376953,97.80000305175781,98.08499908447266,4298943.0
2023-09-28 13:30:00,97.94000244140625,101.37989807128906,97.76000213623047,101.19000244140625,17516086.0
2023-09-28 14:30:00,101.19999694824219,102.63990020751953,100.4020004272461,102.5199966430664,11828326.0
2023-09-28 15:30:00,102.51000213623047,104.19999694824219,102.44010162353516,104.12999725341797,12173115.0
2023-09-28 16:30:00,104.1449966430664,104.16200256347656,102.83999633789062,102.875,7762061.0
2023-09-28 17:30:00,102.87999725341797,103.15899658203125,102.41999816894531,102.98100280761719,7551101.0
2023-09-28 18:30:00,102.98999786376953,103.34149932861328,102.03500366210938,103.18579864501953,7751387.0
2023-09-28 19:30:00,103.19989776611328,103.25,102.61000061035156,102.77999877929688,5590673.0
2023-09-29 13:30:00,104.69000244140625,104.94000244140625,102.69999694824219,103.69000244140625,17030606.0
2023-09-29 14:30:00,103.69999694824219,104.4800033569336,103.19000244140625,103.46499633789062,8079166.0
2023-09-29 15:30:00,103.47000122070312,104.23999786376953,103.20989990234375,104.06999969482422,5986163.0
2023-09-29 16:30:00,104.05999755859375,104.29000091552734,102.91000366210938,103.41500091552734,5919956.0
2023-09-29 17:30:00,103.41000366210938,103.55049896240234,102.83999633789062,103.0,4902528.0
2023-09-29 18:30:00,102.98999786376953,103.94000244140625,102.97000122070312,103.47000122070312,5736736.0
2023-09-29 19:30:00,103.45999908447266,103.51709747314453,102.55999755859375,102.81999969482422,5313086.0
2023-10-02 13:30:00,102.20999908447266,103.70999908447266,102.04010009765625,102.13999938964844,12971601.0
2023-10-02 14:30:00,102.16000366210938,103.30000305175781,101.69999694824219,103.13999938964844,7358750.0
2023-10-02 15:30:00,103.16000366210938,103.2300033569336,102.30000305175781,102.43000030517578,5522887.0
2023-10-02 16:30:00,102.41999816894531,102.9800033569336,102.31009674072266,102.88999938964844,4071423.0
2023-10-02 17:30:00,102.9000015258789,103.01000213623047,101.98999786376953,102.00499725341797,4329268.0
2023-10-02 18:30:00,102.01000213623047,102.44999694824219,101.7300033569336,102.32499694824219,4532501.0
2023-10-02 19:30:00,102.33000183105469,103.27999877929688,102.29499816894531,103.27999877929688,3909889.0
2023-10-03 13:30:00,101.79630279541016,103.29000091552734,101.69999694824219,101.9000015258789,13417924.0
2023-10-03 14:30:00,101.88999938964844,102.1698989868164,100.0199966430664,100.66000366210938,8771060.0
2023-10-03 15:30:00,100.6500015258789,101.05999755859375,100.02999877929688,100.87000274658203,4979517.0
2023-10-03 16:30:00,100.875,101.22000122070312,100.20999908447266,100.2750015258789,3877803.0
2023-10-03 17:30:00,100.27999877929688,100.33999633789062,99.54000091552734,99.66999816894531,4770363.0
2023-10-03 18:30:00,99.66999816894531,100.08999633789062,99.31999969482422,99.36000061035156,4582237.0
2023-10-03 19:30:00,99.37359619140625,100.0999984741211,99.16999816894531,100.06999969482422,4566881.0
2023-10-04 13:30:00,100.6500015258789,101.63999938964844,100.33999633789062,100.76180267333984,12059291.0
2023-10-04 14:30:00,100.77999877929688,102.26000213623047,100.77999877929688,102.05000305175781,7955000.0
2023-10-04 15:30:00,102.05989837646484,102.69139862060547,101.94999694824219,102.37000274658203,5111985.0
2023-10-04 16:30:00,102.37000274658203,102.689697265625,101.95999908447266,101.9999008178711,3404153.0
2023-10-04 17:30:00,101.9999008178711,102.33999633789062,101.73410034179688,102.25,3605560.0
2023-10-04 18:30:00,102.24009704589844,104.08999633789062,102.24009704589844,104.04019927978516,8926544.0
2023-10-04 19:30:00,104.05999755859375,104.4000015258789,103.94000244140625,104.04000091552734,6213228.0
2023-10-05 13:30:00,103.40499877929688,103.73999786376953,100.2699966430664,101.88990020751953,16212095.0
2023-10-05 14:30:00,101.87999725341797,101.90299987792969,100.69999694824219,101.6449966430664,8188582.0
2023-10-05 15:30:00,101.63999938964844,102.48999786376953,101.33999633789062,102.40840148925781,5752467.0
2023-10-05 16:30:00,102.41000366210938,102.58999633789062,101.9800033569336,102.47000122070312,4740360.0
2023-10-05 17:30:00,102.4729995727539,103.12999725341797,102.2300033569336,102.69999694824219,5278031.0
2023-10-05 18:30:00,102.69000244140625,103.31999969482422,102.62000274658203,103.21009826660156,5248558.0
2023-10-05 19:30:00,103.2249984741211,103.30000305175781,102.86000061035156,102.88999938964844,3489314.0
2023-10-06 13:30:00,102.16000366210938,104.5199966430664,102.02999877929688,104.41999816894531,16667905.0
2023-10-06 14:30:00,104.43000030517578,106.19999694824219,104.40499877929688,105.69000244140625,12218323.0
2023-10-06 15:30:00,105.69000244140625,106.86000061035156,105.63999938964844,106.5801010131836,8842784.0
2023-10-06 16:30:00,106.58000183105469,107.08999633789062,106.29000091552734,106.94999694824219,5746726.0
2023-10-06 17:30:00,106.95110321044922,107.06999969482422,106.55599975585938,107.00499725341797,4839548.0
2023-10-06 18:30:00,107.01499938964844,107.66000366210938,106.8499984741211,107.62200164794922,7267322.0
2023-10-06 19:30:00,107.62999725341797,107.87000274658203,107.13999938964844,107.2699966430664,5666233.0
2023-10-09 13:30:00,106.01000213623047,106.47000122070312,104.79000091552734,105.75749969482422,12471470.0
2023-10-09 14:30:00,105.75409698486328,105.97000122070312,104.79499816894531,105.57779693603516,5895442.0
2023-10-09 15:30:00,105.56999969482422,106.05000305175781,105.38999938964844,105.80000305175781,3942772.0
2023-10-09 16:30:00,105.81500244140625,106.3499984741211,105.41999816894531,106.28070068359375,3197571.0
2023-10-09 17:30:00,106.29000091552734,107.27999877929688,106.27999877929688,107.08999633789062,5482108.0
2023-10-09 18:30:00,107.0999984741211,107.30999755859375,106.73999786376953,107.25,4237453.0
2023-10-09 19:30:00,107.23999786376953,107.26000213623047,106.80999755859375,106.9800033569336,2865050.0
2023-10-10 13:30:00,107.48999786376953,108.30000305175781,106.4000015258789,108.12000274658203,13268244.0
2023-10-10 14:30:00,108.12999725341797,109.00499725341797,108.11000061035156,108.58000183105469,7861985.0
2023-10-10 15:30:00,108.58879852294922,109.85990142822266,108.43000030517578,109.58999633789062,9619571.0
2023-10-10 16:30:00,109.59500122070312,110.12000274658203,108.37999725341797,108.78500366210938,7820634.0
2023-10-10 17:30:00,108.79000091552734,109.11990356445312,108.44999694824219,108.48999786376953,4693876.0
2023-10-10 18:30:00,108.51399993896484,109.22000122070312,108.2249984741211,109.08000183105469,6549743.0
2023-10-10 19:30:00,109.08499908447266,109.26000213623047,108.81099700927734,109.00499725341797,4314488.0
2023-10-11 13:30:00,109.13999938964844,110.0999984741211,108.22000122070312,108.27749633789062,12146124.0
2023-10-11 14:30:00,108.29000091552734,109.47000122070312,107.88999938964844,108.30000305175781,8314732.0
2023-10-11 15:30:00,108.30000305175781,108.40609741210938,107.43000030517578,107.90390014648438,6100770.0
2023-10-11 16:30:00,107.91000366210938,108.19999694824219,107.44000244140625,107.66999816894531,5857356.0
2023-10-11 17:30:00,107.65409851074219,108.16000366210938,106.93000030517578,107.83000183105469,6082134.0
2023-10-11 18:30:00,107.83000183105469,108.12999725341797,107.58999633789062,107.87100219726562,5655573.0
2023-10-11 19:30:00,107.88999938964844,108.36000061035156,107.6500015258789,108.29000091552734,4764050.0
2023-10-12 13:30:00,108.4000015258789,111.30999755859375,107.95999908447266,110.02999877929688,17888291.0
2023-10-12 14:30:00,110.04000091552734,110.95999908447266,109.91000366210938,110.11000061035156,9047715.0
2023-10-12 15:30:00,110.1050033569336,110.33999633789062,109.69000244140625,110.0696029663086,6787196.0
2023-10-12 16:30:00,110.06999969482422,110.48999786376953,108.481201171875,108.61640167236328,7126388.0
2023-10-12 17:30:00,108.6050033569336,108.91999816894531,107.51010131835938,108.20010375976562,7138809.0
2023-10-12 18:30:00,108.22000122070312,108.91999816894531,108.02999877929688,108.68000030517578,5704317.0
2023-10-12 19:30:00,108.66999816894531,109.11499786376953,108.66999816894531,108.77999877929688,4536853.0
2023-10-13 13:30:00,108.6500015258789,108.97000122070312,106.25,106.83999633789062,15139104.0
2023-10-13 14:30:00,106.83999633789062,107.58000183105469,105.87139892578125,105.9800033569336,8516570.0
2023-10-13 15:30:00,105.9800033569336,106.31999969482422,105.33039855957031,106.05999755859375,6036894.0
2023-10-13 16:30:00,106.06999969482422,106.21810150146484,104.94999694824219,105.02999877929688,4797979.0
2023-10-13 17:30:00,105.02989959716797,105.44000244140625,104.75,105.02999877929688,6086505.0
2023-10-13 18:30:00,105.02999877929688,105.9000015258789,105.01000213623047,105.18250274658203,5295189.0
2023-10-13 19:30:00,105.19000244140625,105.31999969482422,104.98999786376953,105.0999984741211,4025872.0
2023-10-16 13:30:00,105.41999816894531,107.33000183105469,105.02999877929688,107.25499725341797,12106705.0
2023-10-16 14:30:00,107.26000213623047,107.4800033569336,106.6500015258789,107.05000305175781,5744132.0
2023-10-16 15:30:00,107.06990051269531,107.2698974609375,106.51000213623047,106.90339660644531,4606370.0
2023-10-16 16:30:00,106.91500091552734,107.43000030517578,105.9000015258789,106.2699966430664,4368970.0
2023-10-16 17:30:00,106.2750015258789,106.66000366210938,106.18000030517578,106.36499786376953,3424610.0
2023-10-16 18:30:00,106.36589813232422,106.62000274658203,105.98999786376953,106.5999984741211,3490274.0
2023-10-16 19:30:00,106.597900390625,106.7699966430664,106.36000061035156,106.44999694824219,4223079.0
2023-10-17 13:30:00,103.54000091552734,104.80999755859375,101.66010284423828,104.66999816894531,17041558.0
2023-10-17 14:30:00,104.68000030517578,105.90070343017578,104.67009735107422,105.52999877929688,7719503.0
2023-10-17 15:30:00,105.55000305175781,106.29000091552734,105.48999786376953,106.13999938964844,5696132.0
2023-10-17 16:30:00,106.12000274658203,106.1698989868164,105.41999816894531,105.54010009765625,3824095.0
2023-10-17 17:30:00,105.55000305175781,105.55000305175781,104.52999877929688,105.06999969482422,5163753.0
2023-10-17 18:30:00,105.06999969482422,105.31990051269531,104.3499984741211,104.87999725341797,4895039.0
2023-10-17 19:30:00,104.875,105.19999694824219,104.66999816894531,105.13999938964844,3487449.0
2023-10-18 13:30:00,103.37999725341797,104.77999877929688,102.29000091552734,103.98999786376953,14708193.0
2023-10-18 14:30:00,103.9800033569336,104.11000061035156,102.83000183105469,103.23999786376953,7929654.0
2023-10-18 15:30:00,103.2300033569336,103.6449966430664,102.69000244140625,103.21499633789062,5463804.0
2023-10-18 16:30:00,103.22000122070312,103.75,102.56999969482422,103.56999969482422,4676621.0
2023-10-18 17:30:00,103.56999969482422,103.58000183105469,102.27999877929688,102.4749984741211,5098415.0
2023-10-18 18:30:00,102.47000122070312,102.72000122070312,101.73999786376953,102.16500091552734,5583228.0
2023-10-18 19:30:00,102.17160034179688,102.38999938964844,101.8499984741211,102.20999908447266,4347618.0
2023-10-19 13:30:00,103.80999755859375,105.5999984741211,102.91000366210938,104.26000213623047,13857172.0
2023-10-19 14:30:00,104.25,105.0,103.56999969482422,104.01000213623047,7743841.0
2023-10-19 15:30:00,104.0166015625,104.6500015258789,103.55999755859375,103.94999694824219,6251595.0
2023-10-19 16:30:00,103.95999908447266,104.36000061035156,102.81999969482422,104.03500366210938,5379499.0
2023-10-19 17:30:00,103.83290100097656,103.88009643554688,102.88999938964844,103.43000030517578,6191215.0
2023-10-19 18:30:00,103.43000030517578,103.43990325927734,102.04000091552734,102.29000091552734,5410428.0
2023-10-19 19:30:00,102.28620147705078,102.69920349121094,101.83999633789062,102.37999725341797,5117668.0
2023-10-20 13:30:00,102.27999877929688,104.33999633789062,101.87000274658203,103.02999877929688,15218064.0
2023-10-20 14:30:00,103.0199966430664,103.12000274658203,101.44000244140625,101.66000366210938,9562040.0
2023-10-20 15:30:00,101.66500091552734,102.69000244140625,101.55000305175781,101.58000183105469,7954145.0
2023-10-20 16:30:00,101.58999633789062,102.99500274658203,101.58000183105469,102.86740112304688,6992004.0
2023-10-20 17:30:00,102.87999725341797,103.12079620361328,101.66999816894531,101.69989776611328,7195069.0
2023-10-20 18:30:00,101.69819641113281,101.9999008178711,101.47000122070312,101.97000122070312,5280409.0
2023-10-20 19:30:00,101.9749984741211,102.1500015258789,101.66999816894531,101.81999969482422,4193474.0
2023-10-23 13:30:00,101.375,101.46990203857422,99.31500244140625,101.16999816894531,13150885.0
2023-10-23 14:30:00,101.16000366210938,101.87870025634766,100.51000213623047,101.73719787597656,7013204.0
2023-10-23 15:30:00,101.7750015258789,102.1989974975586,101.45999908447266,102.09860229492188,6307710.0
2023-10-23 16:30:00,102.08999633789062,102.41999816894531,101.68000030517578,101.91500091552734,4400965.0
2023-10-23 17:30:00,101.91000366210938,102.3561019897461,101.72000122070312,101.79000091552734,3757449.0
2023-10-23 18:30:00,101.77999877929688,101.9000015258789,100.03230285644531,100.37989807128906,9263972.0
2023-10-23 19:30:00,100.37000274658203,100.44999694824219,99.94000244140625,100.0,5179388.0
2023-10-24 13:30:00,100.97000122070312,101.04000091552734,99.62349700927734,100.81990051269531,16366456.0
2023-10-24 14:30:00,100.80999755859375,101.16999816894531,100.12999725341797,100.34500122070312,7690821.0
2023-10-24 15:30:00,100.34970092773438,100.58989715576172,99.70500183105469,99.7499008178711,4618496.0
2023-10-24 16:30:00,99.75,100.29000091552734,99.37999725341797,100.29000091552734,4601362.0
2023-10-24 17:30:00,100.27010345458984,100.45999908447266,100.00499725341797,100.43000030517578,4821213.0
2023-10-24 18:30:00,100.42500305175781,101.3949966430664,100.38020324707031,101.32129669189453,5811407.0
2023-10-24 19:30:00,101.32499694824219,101.78990173339844,101.31999969482422,101.68000030517578,4254651.0
2023-10-25 13:30:00,100.41999816894531,101.02999877929688,99.30000305175781,99.56999969482422,9421371.0
2023-10-25 14:30:00,99.55999755859375,99.87999725341797,98.47000122070312,98.81790161132812,7486376.0
2023-10-25 15:30:00,98.80500030517578,98.94999694824219,97.54000091552734,97.8812026977539,5713732.0
2023-10-25 16:30:00,97.88990020751953,98.08999633789062,96.30500030517578,96.46859741210938,6599346.0
2023-10-25 17:30:00,96.46980285644531,96.52999877929688,95.56999969482422,96.13999938964844,7256849.0
2023-10-25 18:30:00,96.16000366210938,96.31999969482422,95.2300033569336,96.02999877929688,7390842.0
2023-10-25 19:30:00,96.05000305175781,96.2249984741211,95.79000091552734,96.05999755859375,5525377.0
2023-10-26 13:30:00,95.98999786376953,97.5199966430664,93.36009979248047,94.38719940185547,15098788.0
2023-10-26 14:30:00,94.37000274658203,95.43990325927734,93.81999969482422,93.95999908447266,7931549.0
2023-10-26 15:30:00,93.94999694824219,94.79000091552734,93.66010284423828,93.88999938964844,4839598.0
2023-10-26 16:30:00,93.89900207519531,94.16999816894531,93.11499786376953,93.66999816894531,5407435.0
2023-10-26 17:30:00,93.66999816894531,94.56999969482422,93.45010375976562,94.43990325927734,4530446.0
2023-10-26 18:30:00,94.43499755859375,95.27999877929688,94.30000305175781,94.52999877929688,4333630.0
2023-10-26 19:30:00,94.5199966430664,94.56880187988281,93.52999877929688,93.62000274658203,4683423.0
2023-10-27 13:30:00,95.80000305175781,96.44999694824219,94.58999633789062,95.91000366210938,13739942.0
2023-10-27 14:30:00,95.88999938964844,97.13999938964844,95.51000213623047,96.80999755859375,8524238.0
2023-10-27 15:30:00,96.80000305175781,97.3499984741211,96.17030334472656,96.8270034790039,6832145.0
2023-10-27 16:30:00,96.82499694824219,97.19000244140625,96.3113021850586,96.53890228271484,5180361.0
2023-10-27 17:30:00,96.54000091552734,97.0,96.26000213623047,96.52999877929688,5300707.0
2023-10-27 18:30:00,96.54000091552734,97.05000305175781,96.12999725341797,96.16999816894531,5435860.0
2023-10-27 19:30:00,96.18000030517578,96.48999786376953,95.80000305175781,96.4800033569336,4980281.0
2023-10-30 13:30:00,96.13999938964844,97.04000091552734,94.87000274658203,95.16999816894531,12043119.0
2023-10-30 14:30:00,95.16999816894531,95.66999816894531,92.73999786376953,95.035400390625,6374711.0
2023-10-30 15:30:00,95.04000091552734,95.88999938964844,94.89029693603516,95.24500274658203,4317322.0
2023-10-30 16:30:00,95.25,95.62999725341797,94.88999938964844,95.48880004882812,4550465.0
2023-10-30 17:30:00,95.48999786376953,96.27999877929688,95.375,96.12999725341797,4235138.0
2023-10-30 18:30:00,96.13800048828125,96.94999694824219,96.1218032836914,96.65499877929688,5054199.0
2023-10-30 19:30:00,96.6509017944336,96.72000122070312,96.1520004272461,96.16999816894531,4127603.0
2023-10-31 13:30:00,96.23500061035156,96.23999786376953,94.06999969482422,96.02999877929688,12524829.0
2023-10-31 14:30:00,96.0353012084961,97.48999786376953,95.20999908447266,96.31500244140625,9758992.0
2023-10-31 15:30:00,96.33000183105469,97.0999984741211,95.97000122070312,97.05000305175781,8641120.0
2023-10-31 16:30:00,97.04000091552734,97.76000213623047,96.79000091552734,97.24210357666016,7725192.0
2023-10-31 17:30:00,97.25,98.37999725341797,97.22000122070312,97.83999633789062,7460402.0
2023-10-31 18:30:00,97.83999633789062,98.68000030517578,97.83000183105469,98.4000015258789,7884958.0
2023-10-31 19:30:00,98.40390014648438,98.81880187988281,98.08999633789062,98.51000213623047,8894507.0
2023-11-01 13:30:00,98.58000183105469,104.3499984741211,98.5,104.32499694824219,40494398.0
2023-11-01 14:30:00,104.32879638671875,106.4800033569336,104.20999908447266,106.05000305175781,24704560.0
2023-11-01 15:30:00,106.05999755859375,106.94000244140625,105.5199966430664,105.98979949951172,15142987.0
2023-11-01 16:30:00,105.98999786376953,106.94979858398438,105.30999755859375,106.66000366210938,13090762.0
2023-11-01 17:30:00,106.66000366210938,107.22000122070312,106.05999755859375,106.54000091552734,11480830.0
2023-11-01 18:30:00,106.54129791259766,108.0,105.79000091552734,107.73999786376953,17501985.0
2023-11-01 19:30:00,107.72000122070312,108.1500015258789,107.55999755859375,108.12000274658203,10792264.0
2023-11-02 13:30:00,107.95999908447266,109.33000183105469,105.91000366210938,109.33000183105469,26725664.0
2023-11-02 14:30:00,109.33499908447266,109.40499877929688,107.30999755859375,108.01000213623047,12014155.0
2023-11-02 15:30:00,108.0199966430664,108.16000366210938,107.08499908447266,107.30999755859375,6544596.0
2023-11-02 16:30:00,107.3019027709961,107.98999786376953,107.1500015258789,107.98999786376953,5631928.0
2023-11-02 17:30:00,107.98999786376953,108.36000061035156,107.76000213623047,108.06009674072266,4646173.0
2023-11-02 18:30:00,108.06500244140625,108.58650207519531,107.77999877929688,108.19499969482422,5380847.0
2023-11-02 19:30:00,108.19930267333984,108.56999969482422,107.7699966430664,107.83999633789062,4530053.0
2023-11-03 13:30:00,109.05000305175781,110.37000274658203,107.86000061035156,109.58740234375,15593471.0
2023-11-03 14:30:00,109.58399963378906,111.18000030517578,109.55000305175781,110.79850006103516,9846327.0
2023-11-03 15:30:00,110.80000305175781,111.16999816894531,110.48999786376953,111.0553970336914,5099535.0
2023-11-03 16:30:00,111.05999755859375,112.0,111.05999755859375,111.66690063476562,8040606.0
2023-11-03 17:30:00,111.6500015258789,113.20999908447266,111.6500015258789,113.18170166015625,9258008.0
2023-11-03 18:30:00,113.19000244140625,113.38999938964844,112.76000213623047,112.88059997558594,7623679.0
2023-11-03 19:30:00,112.87999725341797,112.94999694824219,112.12000274658203,112.2300033569336,6882750.0
2023-11-06 14:30:00,112.5999984741211,113.08000183105469,110.87000274658203,111.98999786376953,14086985.0
2023-11-06 15:30:00,111.98999786376953,112.51499938964844,111.41000366210938,111.5250015258789,7484297.0
2023-11-06 16:30:00,111.54000091552734,111.68910217285156,111.07499694824219,111.46499633789062,4240219.0
2023-11-06 17:30:00,111.45999908447266,111.77989959716797,110.22000122070312,110.41500091552734,5387322.0
2023-11-06 18:30:00,110.41000366210938,110.94000244140625,110.33499908447266,110.8458023071289,4434394.0
2023-11-06 19:30:00,110.83999633789062,111.41999816894531,110.81999969482422,111.21499633789062,5435073.0
2023-11-06 20:30:00,111.22000122070312,111.80500030517578,111.1698989868164,111.7699966430664,3601452.0
2023-11-07 14:30:00,111.86000061035156,113.76000213623047,111.22000122070312,113.66999816894531,14591373.0
2023-11-07 15:30:00,113.66500091552734,114.6500015258789,113.55000305175781,113.80500030517578,9147270.0
2023-11-07 16:30:00,113.80999755859375,114.0999984741211,112.80999755859375,112.94120025634766,6092712.0
2023-11-07 17:30:00,112.94999694824219,113.8499984741211,112.86000061035156,113.66999816894531,5162688.0
2023-11-07 18:30:00,113.68000030517578,113.94999694824219,113.58000183105469,113.7699966430664,3622703.0
2023-11-07 19:30:00,113.7699966430664,114.05850219726562,113.23999786376953,113.95999908447266,5001065.0
2023-11-07 20:30:00,113.97000122070312,114.05000305175781,113.31500244140625,113.45999908447266,3520252.0
2023-11-08 14:30:00,113.55000305175781,115.31659698486328,112.91999816894531,113.79889678955078,14828389.0
2023-11-08 15:30:00,113.77420043945312,113.94999694824219,113.0999984741211,113.37000274658203,6146312.0
2023-11-08 16:30:00,113.38999938964844,113.95999908447266,113.02999877929688,113.41999816894531,4175751.0
2023-11-08 17:30:00,113.38259887695312,113.69999694824219,113.16000366210938,113.68000030517578,3400686.0
2023-11-08 18:30:00,113.69000244140625,113.84989929199219,113.47000122070312,113.63819885253906,2873510.0
2023-11-08 19:30:00,113.62999725341797,113.84140014648438,112.87999725341797,113.43000030517578,4501457.0
2023-11-08 20:30:00,113.43000030517578,113.69999694824219,113.22000122070312,113.58000183105469,3556533.0
2023-11-09 14:30:00,114.09500122070312,115.2300033569336,113.5199966430664,114.21499633789062,15658560.0
2023-11-09 15:30:00,114.21009826660156,115.44000244140625,114.05999755859375,114.72200012207031,7977722.0
2023-11-09 16:30:00,114.7249984741211,115.69000244140625,114.5999984741211,115.22000122070312,7372493.0
2023-11-09 17:30:00,115.20999908447266,115.80999755859375,114.01499938964844,114.94280242919922,7454045.0
2023-11-09 18:30:00,114.94000244140625,115.22000122070312,113.43000030517578,114.0197982788086,6990157.0
2023-11-09 19:30:00,114.0,114.19000244140625,113.05999755859375,113.5199966430664,6443412.0
2023-11-09 20:30:00,113.51499938964844,113.70500183105469,113.27999877929688,113.48999786376953,4691238.0
2023-11-10 14:30:00,114.3949966430664,117.8499984741211,114.02999877929688,117.29000091552734,22292070.0
2023-11-10 15:30:00,117.28520202636719,118.23999786376953,116.45999908447266,117.93990325927734,10514680.0
2023-11-10 16:30:00,117.93000030517578,118.78990173339844,117.44999694824219,118.63999938964844,7310792.0
2023-11-10 17:30:00,118.64990234375,119.69999694824219,118.5199966430664,119.31999969482422,10609869.0
2023-11-10 18:30:00,119.32019805908203,119.5199966430664,118.44999694824219,118.61000061035156,6513839.0
2023-11-10 19:30:00,118.61000061035156,119.02999877929688,118.30500030517578,118.83000183105469,6621690.0
2023-11-10 20:30:00,118.83000183105469,118.97000122070312,118.3499984741211,118.58999633789062,5906712.0
2023-11-13 14:30:00,118.33999633789062,118.68000030517578,116.22000122070312,116.66000366210938,15268286.0
2023-11-13 15:30:00,116.6500015258789,117.5199966430664,116.23999786376953,117.11380004882812,7538475.0
2023-11-13 16:30:00,117.11000061035156,117.33999633789062,116.0,116.16690063476562,6606838.0
2023-11-13 17:30:00,116.20069885253906,116.7300033569336,116.05000305175781,116.35459899902344,3823568.0
2023-11-13 18:30:00,116.3499984741211,116.9800033569336,116.28079986572266,116.84010314941406,3727300.0
2023-11-13 19:30:00,116.86000061035156,116.9800033569336,116.44499969482422,116.82869720458984,3920141.0
2023-11-13 20:30:00,116.82499694824219,116.95999908447266,116.69000244140625,116.7699966430664,3665825.0
2023-11-14 14:30:00,120.5,121.26000213623047,119.5199966430664,121.01499938964844,20415702.0
2023-11-14 15:30:00,121.0199966430664,122.11000061035156,120.98999786376953,121.54000091552734,9810528.0
2023-11-14 16:30:00,121.55500030517578,121.59110260009766,120.2699966430664,120.5364990234375,6663871.0
2023-11-14 17:30:00,120.54000091552734,121.04000091552734,120.44000244140625,120.46199798583984,4636851.0
2023-11-14 18:30:00,120.45999908447266,120.4800033569336,119.22000122070312,119.6229019165039,5284415.0
2023-11-14 19:30:00,119.63009643554688,120.45999908447266,119.62999725341797,120.2300033569336,5505290.0
2023-11-14 20:30:00,120.22000122070312,120.30999755859375,119.69000244140625,119.87999725341797,4632545.0
2023-11-15 14:30:00,120.54000091552734,120.58999633789062,116.93000030517578,118.49659729003906,18836563.0
2023-11-15 15:30:00,118.5,120.16999816894531,118.30000305175781,119.66000366210938,10410357.0
2023-11-15 16:30:00,119.66999816894531,119.98999786376953,118.06999969482422,118.59429931640625,7125162.0
2023-11-15 17:30:00,118.58000183105469,118.61000061035156,116.87010192871094,117.70999908447266,6762228.0
2023-11-15 18:30:00,117.70790100097656,118.08000183105469,117.52999877929688,117.77989959716797,3524682.0
2023-11-15 19:30:00,117.7699966430664,117.80999755859375,117.25,117.34500122070312,4597209.0
2023-11-15 20:30:00,117.3550033569336,118.05000305175781,117.0999984741211,118.0,4630127.0
2023-11-16 14:30:00,117.0999984741211,119.8499984741211,116.55000305175781,118.76000213623047,14621039.0
2023-11-16 15:30:00,118.74500274658203,119.83989715576172,118.51000213623047,119.08989715576172,8299191.0
2023-11-16 16:30:00,119.08920288085938,120.66000366210938,118.88999938964844,120.51000213623047,6047322.0
2023-11-16 17:30:00,120.51409912109375,120.72599792480469,119.7500991821289,120.14089965820312,4321036.0
2023-11-16 18:30:00,120.12000274658203,120.37999725341797,119.73999786376953,119.94000244140625,3527573.0
2023-11-16 19:30:00,119.94999694824219,120.30999755859375,119.68000030517578,119.68499755859375,3854513.0
2023-11-16 20:30:00,119.69000244140625,120.06999969482422,119.54000091552734,119.81999969482422,3884409.0
2023-11-17 14:30:00,119.63999938964844,120.37999725341797,118.81999969482422,119.55000305175781,11339177.0
2023-11-17 15:30:00,119.54000091552734,120.66999816894531,119.30999755859375,120.52010345458984,6054405.0
2023-11-17 16:30:00,120.52899932861328,121.29000091552734,120.4000015258789,120.8499984741211,5910624.0
2023-11-17 17:30:00,120.8499984741211,121.41999816894531,120.77999877929688,121.33999633789062,3163269.0
2023-11-17 18:30:00,121.3499984741211,121.48999786376953,120.97000122070312,121.25,3320523.0
2023-11-17 19:30:00,121.26000213623047,121.3550033569336,120.85009765625,120.9749984741211,2725277.0
2023-11-17 20:30:00,120.97000122070312,121.02890014648438,120.4000015258789,120.6500015258789,3812766.0
2023-11-20 14:30:00,120.69999694824219,121.86499786376953,120.06999969482422,120.9000015258789,13635752.0
2023-11-20 15:30:00,120.91000366210938,121.93000030517578,120.58000183105469,121.49500274658203,7592153.0
2023-11-20 16:30:00,121.5,121.55999755859375,120.94000244140625,121.1686019897461,4631902.0
2023-11-20 17:30:00,121.16999816894531,121.36000061035156,120.6500015258789,121.19999694824219,3965668.0
2023-11-20 18:30:00,121.19999694824219,121.5199966430664,120.94999694824219,121.46990203857422,2953408.0
2023-11-20 19:30:00,121.46499633789062,121.8550033569336,121.2936019897461,121.7300033569336,3516709.0
2023-11-20 20:30:00,121.73100280761719,121.8499984741211,121.45999908447266,121.55999755859375,2790796.0
2023-11-21 14:30:00,120.54000091552734,120.6500015258789,118.23999786376953,118.43000030517578,12775332.0
2023-11-21 15:30:00,118.41999816894531,119.12989807128906,117.94000244140625,118.92500305175781,7605679.0
2023-11-21 16:30:00,118.91000366210938,119.02999877929688,118.5199966430664,118.86000061035156,3626111.0
2023-11-21 17:30:00,118.85009765625,118.9000015258789,118.2113037109375,118.46499633789062,2909992.0
2023-11-21 18:30:00,118.47000122070312,118.95989990234375,118.3499984741211,118.7699966430664,3471090.0
2023-11-21 19:30:00,118.76000213623047,119.26000213623047,118.62000274658203,119.2249984741211,3279424.0
2023-11-21 20:30:00,119.22000122070312,119.43000030517578,118.93000030517578,119.16000366210938,5282985.0
2023-11-22 14:30:00,120.0,124.72000122070312,119.95159912109375,122.71499633789062,24935349.0
2023-11-22 15:30:00,122.7300033569336,123.66000366210938,122.38999938964844,122.99500274658203,9074089.0
2023-11-22 16:30:00,123.0,123.52999877929688,122.56999969482422,123.47000122070312,4544699.0
2023-11-22 17:30:00,123.4800033569336,123.75,122.9800033569336,123.40499877929688,5031862.0
2023-11-22 18:30:00,123.40499877929688,123.63999938964844,122.94999694824219,123.06500244140625,3405266.0
2023-11-22 19:30:00,123.06500244140625,123.06849670410156,122.20999908447266,122.80000305175781,4481511.0
2023-11-22 20:30:00,122.78500366210938,122.83999633789062,122.36000061035156,122.48999786376953,3135127.0
2023-11-24 14:30:00,122.02999877929688,123.25,121.54000091552734,122.36000061035156,8303256.0
2023-11-24 15:30:00,122.33999633789062,122.45999908447266,121.75,122.22000122070312,3830781.0
2023-11-24 16:30:00,122.22000122070312,122.88999938964844,122.12349700927734,122.38500213623047,3592861.0
2023-11-24 18:00:00,122.37999725341797,122.6500015258789,122.11000061035156,122.25499725341797,0.0
2023-11-27 14:30:00,122.7699966430664,123.88999938964844,121.77200317382812,122.59249877929688,10227971.0
2023-11-27 15:30:00,122.61000061035156,123.22000122070312,122.60330200195312,123.03160095214844,4381210.0
2023-11-27 16:30:00,123.03500366210938,123.5999984741211,122.91000366210938,123.45500183105469,3103662.0
2023-11-27 17:30:00,123.45999908447266,123.66999816894531,123.125,123.29000091552734,3222997.0
2023-11-27 18:30:00,123.28990173339844,123.48999786376953,123.06999969482422,123.22000122070312,3088975.0
2023-11-27 19:30:00,123.22000122070312,123.36000061035156,122.88999938964844,123.09500122070312,3710195.0
2023-11-27 20:30:00,123.0999984741211,123.18000030517578,122.6050033569336,122.63999938964844,3634082.0
2023-11-28 14:30:00,121.9800033569336,122.48999786376953,120.79000091552734,121.08200073242188,9303974.0
2023-11-28 15:30:00,121.0790023803711,122.51000213623047,120.94999694824219,122.33270263671875,5735962.0
2023-11-28 16:30:00,122.33999633789062,122.54000091552734,122.0250015258789,122.16000366210938,2774742.0
2023-11-28 17:30:00,122.15499877929688,122.15499877929688,121.11000061035156,121.61740112304688,3571963.0
2023-11-28 18:30:00,121.5999984741211,121.80999755859375,121.32489776611328,121.63400268554688,2318657.0
2023-11-28 19:30:00,121.63999938964844,121.93000030517578,121.2300033569336,121.36009979248047,2765174.0
2023-11-28 20:30:00,121.36000061035156,122.08000183105469,121.3499984741211,122.01499938964844,3234766.0
2023-11-29 14:30:00,123.9800033569336,125.7249984741211,123.70999908447266,125.15499877929688,15057375.0
2023-11-29 15:30:00,125.15499877929688,125.69999694824219,124.29170227050781,124.41000366210938,5762000.0
2023-11-29 16:30:00,124.41000366210938,124.58999633789062,124.0199966430664,124.58999633789062,3314884.0
2023-11-29 17:30:00,124.58999633789062,124.7300033569336,124.30999755859375,124.65989685058594,2314497.0
2023-11-29 18:30:00,124.66000366210938,124.86000061035156,124.17620086669922,124.25,2801934.0
2023-11-29 19:30:00,124.23999786376953,124.26000213623047,123.58999633789062,123.66999816894531,3161798.0
2023-11-29 20:30:00,123.66999816894531,123.87000274658203,123.4800033569336,123.83000183105469,3104213.0
2023-11-30 14:30:00,123.61000061035156,124.05000305175781,121.66000366210938,122.08000183105469,9661717.0
2023-11-30 15:30:00,122.08000183105469,122.4000015258789,120.41000366210938,120.4749984741211,7234084.0
2023-11-30 16:30:00,120.47000122070312,120.76000213623047,119.6500015258789,120.22000122070312,5501643.0
2023-11-30 17:30:00,120.22000122070312,120.7300033569336,120.08000183105469,120.22989654541016,3450775.0
2023-11-30 18:30:00,120.22969818115234,120.72000122070312,119.91000366210938,120.18499755859375,3325028.0
2023-11-30 19:30:00,120.18499755859375,120.70500183105469,120.0199966430664,120.23509979248047,3750745.0
2023-11-30 20:30:00,120.23999786376953,121.2699966430664,120.19000244140625,121.18000030517578,4338917.0
2023-12-01 14:30:00,119.87999725341797,121.28990173339844,118.6449966430664,118.87000274658203,11640627.0
2023-12-01 15:30:00,118.87000274658203,120.83999633789062,118.7676010131836,120.52999877929688,6305650.0
2023-12-01 16:30:00,120.55000305175781,121.05999755859375,120.2300033569336,120.94000244140625,3969477.0
2023-12-01 17:30:00,120.94000244140625,121.20500183105469,120.69000244140625,121.08000183105469,3176229.0
2023-12-01 18:30:00,121.08000183105469,121.40010070800781,120.67990112304688,121.20999908447266,3253027.0
2023-12-01 19:30:00,121.20500183105469,121.2698974609375,120.88999938964844,121.08540344238281,2298198.0
2023-12-01 20:30:00,121.08110046386719,121.39720153808594,120.83000183105469,121.37000274658203,2978169.0
2023-12-04 14:30:00,119.5,119.6227035522461,116.8499984741211,117.04010009765625,12203734.0
2023-12-04 15:30:00,117.0199966430664,117.34500122070312,116.37000274658203,117.32499694824219,6946398.0
2023-12-04 16:30:00,117.32499694824219,118.91999816894531,117.2300033569336,118.75,5691987.0
2023-12-04 17:30:00,118.75,119.02999877929688,118.4000015258789,118.42500305175781,2816243.0
2023-12-04 18:30:00,118.41999816894531,118.61000061035156,118.01000213623047,118.48999786376953,3019612.0
2023-12-04 19:30:00,118.49199676513672,118.61650085449219,117.9000015258789,118.30999755859375,3513217.0
2023-12-04 20:30:00,118.30999755859375,118.80999755859375,118.30000305175781,118.5999984741211,3328120.0
2023-12-05 14:30:00,117.43000030517578,118.3499984741211,116.98999786376953,117.37999725341797,10760571.0
2023-12-05 15:30:00,117.41000366210938,118.02999877929688,116.47000122070312,116.47000122070312,6836988.0
2023-12-05 16:30:00,116.48500061035156,117.58000183105469,116.44999694824219,117.49009704589844,4993013.0
2023-12-05 17:30:00,117.51000213623047,117.90499877929688,117.0999984741211,117.7249984741211,3339107.0
2023-12-05 18:30:00,117.7300033569336,118.48999786376953,117.62000274658203,118.2699966430664,3795295.0
2023-12-05 19:30:00,118.28730010986328,118.33000183105469,117.83999633789062,118.17150115966797,4011707.0
2023-12-05 20:30:00,118.17500305175781,118.47000122070312,118.13079833984375,118.38999938964844,3549801.0
2023-12-06 14:30:00,120.69000244140625,122.831298828125,119.62999725341797,119.81999969482422,16706311.0
2023-12-06 15:30:00,119.81500244140625,120.62999725341797,119.55999755859375,119.98999786376953,6202917.0
2023-12-06 16:30:00,119.98799896240234,119.98799896240234,119.01000213623047,119.5790023803711,5394820.0
2023-12-06 17:30:00,119.58999633789062,119.62989807128906,117.9000015258789,118.30999755859375,8577664.0
2023-12-06 18:30:00,118.29399871826172,118.56999969482422,116.55000305175781,116.83000183105469,9017589.0
2023-12-06 19:30:00,116.8499984741211,117.37999725341797,116.37999725341797,116.5999984741211,6192271.0
2023-12-06 20:30:00,116.59500122070312,117.43000030517578,116.57009887695312,116.8499984741211,5525173.0
2023-12-07 14:30:00,120.78500366210938,123.44999694824219,119.55999755859375,123.41010284423828,30750875.0
2023-12-07 15:30:00,123.41290283203125,125.95989990234375,123.36000061035156,125.12989807128906,22178347.0
2023-12-07 16:30:00,125.125,126.58000183105469,124.66000366210938,126.56999969482422,12116865.0
2023-12-07 17:30:00,126.57009887695312,126.80000305175781,125.86000061035156,126.5,9096821.0
2023-12-07 18:30:00,126.51000213623047,128.49000549316406,126.20999908447266,128.49000549316406,13883985.0
2023-12-07 19:30:00,128.476806640625,128.67999267578125,127.4000015258789,127.78009796142578,15849132.0
2023-12-07 20:30:00,127.78600311279297,128.4499969482422,127.52999877929688,128.30999755859375,10007135.0
2023-12-08 14:30:00,129.5399932861328,131.0,127.2667007446289,130.72999572753906,34465932.0
2023-12-08 15:30:00,130.74000549316406,130.84500122070312,128.3800048828125,128.67999267578125,14552015.0
2023-12-08 16:30:00,128.6999969482422,128.72999572753906,126.88999938964844,127.7322006225586,10612273.0
2023-12-08 17:30:00,127.73999786376953,129.4550018310547,127.6604995727539,129.1999969482422,10069383.0
2023-12-08 18:30:00,129.1999969482422,129.24000549316406,128.79249572753906,129.0800018310547,5690969.0
2023-12-08 19:30:00,129.08999633789062,129.33999633789062,128.4499969482422,128.97000122070312,6811561.0
2023-12-08 20:30:00,128.9600067138672,129.0,128.60000610351562,128.9499969482422,4517186.0
2023-12-11 14:30:00,130.0,133.99000549316406,128.25,132.89999389648438,30177825.0
2023-12-11 15:30:00,132.89999389648438,135.0399932861328,132.52000427246094,133.27000427246094,18912808.0
2023-12-11 16:30:00,133.29750061035156,133.30999755859375,131.8300018310547,132.94000244140625,12038236.0
2023-12-11 17:30:00,132.94500732421875,133.9586944580078,132.91000366210938,133.7698974609375,9449834.0
2023-12-11 18:30:00,133.77000427246094,134.5388946533203,133.57000732421875,134.439697265625,8695185.0
2023-12-11 19:30:00,134.4398956298828,134.61000061035156,133.92999267578125,134.07000732421875,8409387.0
2023-12-11 20:30:00,134.07000732421875,134.5399932861328,133.9499969482422,134.4600067138672,7417545.0
2023-12-12 14:30:00,132.25,136.27859497070312,131.89999389648438,135.9600067138672,26943712.0
2023-12-12 15:30:00,135.9600067138672,139.88999938964844,135.9600067138672,138.82000732421875,25777443.0
2023-12-12 16:30:00,138.82000732421875,139.47000122070312,137.3699951171875,137.5198974609375,17037478.0
2023-12-12 17:30:00,137.52000427246094,137.88999938964844,136.05380249023438,136.4600067138672,12078424.0
2023-12-12 18:30:00,136.46339416503906,137.1699981689453,135.71009826660156,137.01499938964844,10619619.0
2023-12-12 19:30:00,137.01499938964844,138.0850067138672,137.01499938964844,137.97000122070312,9667938.0
2023-12-12 20:30:00,137.9600067138672,138.25999450683594,137.35000610351562,137.60000610351562,6943642.0
2023-12-13 14:30:00,137.97000122070312,138.90750122070312,136.03030395507812,137.24620056152344,21608282.0
2023-12-13 15:30:00,137.24020385742188,137.8699951171875,136.5,136.69000244140625,8570109.0
2023-12-13 16:30:00,136.69000244140625,137.39999389648438,136.3249969482422,137.2904052734375,7261162.0
2023-12-13 17:30:00,137.2949981689453,137.36000061035156,136.35130310058594,136.6302947998047,4795345.0
2023-12-13 18:30:00,136.6199951171875,138.82000732421875,136.3800048828125,138.30450439453125,8249917.0
2023-12-13 19:30:00,138.3300018310547,139.24000549316406,136.27999877929688,137.13999938964844,12335097.0
2023-12-13 20:30:00,137.14500427246094,138.25,137.0399932861328,138.2050018310547,5210435.0
2023-12-14 14:30:00,139.58990478515625,141.82000732421875,138.5800018310547,140.8699951171875,22535344.0
2023-12-14 15:30:00,140.8699951171875,141.13999938964844,137.8000030517578,138.0,13621611.0
2023-12-14 16:30:00,138.02999877929688,138.33990478515625,137.38999938964844,137.8000030517578,8310698.0
2023-12-14 17:30:00,137.8000030517578,138.74000549316406,136.41000366210938,136.5800018310547,8984626.0
2023-12-14 18:30:00,136.55499267578125,137.47999572753906,135.72500610351562,137.47000122070312,7097339.0
2023-12-14 19:30:00,137.4600067138672,138.27999877929688,137.19000244140625,137.6300048828125,6835708.0
2023-12-14 20:30:00,137.63999938964844,138.08999633789062,137.15499877929688,138.02999877929688,4792502.0
2023-12-15 14:30:00,140.0,140.88999938964844,137.25,138.94000244140625,23806956.0
2023-12-15 15:30:00,138.94009399414062,139.6199951171875,138.5106964111328,139.26539611816406,8055573.0
2023-12-15 16:30:00,139.27000427246094,140.1699981689453,138.95010375976562,139.360107421875,8686703.0
2023-12-15 17:30:00,139.38999938964844,139.85000610351562,138.63999938964844,139.8072052001953,5028126.0
2023-12-15 18:30:00,139.80999755859375,139.85000610351562,138.10000610351562,138.2899932861328,6236356.0
2023-12-15 19:30:00,138.2899932861328,139.05990600585938,138.2899932861328,138.83999633789062,4638373.0
2023-12-15 20:30:00,138.8480987548828,139.47000122070312,138.76499938964844,139.1300048828125,3936578.0
2023-12-18 14:30:00,139.14999389648438,139.7899932861328,138.08999633789062,139.11019897460938,14858314.0
2023-12-18 15:30:00,139.1300048828125,139.14999389648438,137.64999389648438,138.32009887695312,8275504.0
2023-12-18 16:30:00,138.3300018310547,138.8300018310547,138.25,138.52000427246094,3897115.0
2023-12-18 17:30:00,138.52090454101562,138.92999267578125,138.3000030517578,138.77000427246094,3668348.0
2023-12-18 18:30:00,138.77999877929688,138.9792938232422,138.5399932861328,138.85989379882812,2993400.0
2023-12-18 19:30:00,138.8699951171875,139.3990020751953,138.47999572753906,139.3800048828125,4224472.0
2023-12-18 20:30:00,139.3800048828125,139.5,138.83999633789062,138.8699951171875,3796797.0
2023-12-19 14:30:00,138.57000732421875,143.47000122070312,138.55499267578125,141.35009765625,24834346.0
2023-12-19 15:30:00,141.3538055419922,141.5800018310547,138.80999755859375,139.56500244140625,11419123.0
2023-12-19 16:30:00,139.57000732421875,140.1199951171875,139.13999938964844,139.67379760742188,7066288.0
2023-12-19 17:30:00,139.6699981689453,140.24000549316406,139.38999938964844,139.68499755859375,4473692.0
2023-12-19 18:30:00,139.69000244140625,140.49000549316406,139.49000549316406,140.3800048828125,4821420.0
2023-12-19 19:30:00,140.3813934326172,140.55999755859375,139.76370239257812,140.11019897460938,4641320.0
2023-12-19 20:30:00,140.11160278320312,140.3300018310547,139.75,140.13999938964844,3467406.0
2023-12-20 14:30:00,139.0,139.5800018310547,137.8800048828125,138.5,13170495.0
2023-12-20 15:30:00,138.4969940185547,138.9600067138672,138.2899932861328,138.77000427246094,6557860.0
2023-12-20 16:30:00,138.77499389648438,139.39999389648438,138.6199951171875,138.9149932861328,4154377.0
2023-12-20 17:30:00,138.89999389648438,139.27000427246094,138.5800018310547,139.02999877929688,3431968.0
2023-12-20 18:30:00,139.02000427246094,139.10000610351562,138.47999572753906,138.52000427246094,3216220.0
2023-12-20 19:30:00,138.50999450683594,138.50999450683594,135.3699951171875,135.74000549316406,13187087.0
2023-12-20 20:30:00,135.7449951171875,136.32000732421875,135.4199981689453,135.42999267578125,6726649.0
2023-12-21 14:30:00,138.13999938964844,139.14999389648438,137.3800048828125,138.59500122070312,13698820.0
2023-12-21 15:30:00,138.60000610351562,139.35000610351562,138.5800018310547,139.31500244140625,8100250.0
2023-12-21 16:30:00,139.30999755859375,139.65989685058594,138.85000610351562,139.21209716796875,5591197.0
2023-12-21 17:30:00,139.21499633789062,139.63999938964844,138.6199951171875,139.14999389648438,4609594.0
2023-12-21 18:30:00,139.1699981689453,139.25,138.66000366210938,138.9199981689453,3730315.0
2023-12-21 19:30:00,138.9199981689453,139.9499969482422,138.57000732421875,139.86509704589844,4819196.0
2023-12-21 20:30:00,139.8699951171875,139.97999572753906,139.64010620117188,139.86000061035156,4095882.0
2023-12-22 14:30:00,140.47999572753906,140.6999969482422,139.25999450683594,140.2100067138672,11467560.0
2023-12-22 15:30:00,140.22999572753906,140.3800048828125,139.33999633789062,139.5500030517578,5814689.0
2023-12-22 16:30:00,139.5449981689453,139.77000427246094,139.22000122070312,139.6190948486328,4301858.0
2023-12-22 17:30:00,139.60499572753906,139.83999633789062,139.4499969482422,139.7449951171875,2376407.0
2023-12-22 18:30:00,139.73500061035156,139.9499969482422,138.44400024414062,138.6699981689453,3834109.0
2023-12-22 19:30:00,138.69000244140625,139.42999267578125,138.30999755859375,139.38999938964844,3771391.0
2023-12-22 20:30:00,139.38999938964844,139.6699981689453,139.1501007080078,139.6199951171875,2386228.0
2023-12-26 14:30:00,140.07000732421875,142.64999389648438,139.9199981689453,142.09500122070312,12227364.0
2023-12-26 15:30:00,142.11000061035156,142.26600646972656,141.11000061035156,141.4600067138672,5872232.0
2023-12-26 16:30:00,141.46499633789062,141.9949951171875,141.46499633789062,141.69000244140625,4392039.0
2023-12-26 17:30:00,141.681396484375,141.82000732421875,141.25999450683594,141.3502960205078,2850130.0
2023-12-26 18:30:00,141.3699951171875,142.5399932861328,141.36500549316406,142.5281982421875,4158309.0
2023-12-26 19:30:00,142.52999877929688,143.8300018310547,142.4499969482422,143.6649932861328,9766736.0
2023-12-26 20:30:00,143.6699981689453,143.85000610351562,143.3300018310547,143.44000244140625,5171521.0
2023-12-27 14:30:00,144.72000122070312,145.5399932861328,143.17999267578125,144.02000427246094,14944798.0
2023-12-27 15:30:00,144.02000427246094,144.6999969482422,143.4199981689453,144.64999389648438,6356159.0
2023-12-27 16:30:00,144.63999938964844,144.97999572753906,144.4499969482422,144.93499755859375,4470208.0
2023-12-27 17:30:00,144.93020629882812,145.44000244140625,144.6739044189453,145.3199005126953,4357651.0
2023-12-27 18:30:00,145.32000732421875,145.80999755859375,144.91000366210938,145.77999877929688,6227428.0
2023-12-27 19:30:00,145.7899932861328,146.18089294433594,145.5301055908203,146.08999633789062,5817956.0
2023-12-27 20:30:00,146.08140563964844,146.25,145.82000732421875,146.1300048828125,4531096.0
2023-12-28 14:30:00,146.8000030517578,149.33990478515625,145.9506072998047,149.19000244140625,17707516.0
2023-12-28 15:30:00,149.19000244140625,149.9199981689453,148.77000427246094,149.1999969482422,14013664.0
2023-12-28 16:30:00,149.2100067138672,149.8300018310547,149.0399932861328,149.6199951171875,6930892.0
2023-12-28 17:30:00,149.6300048828125,150.41000366210938,149.3000030517578,149.52000427246094,7677145.0
2023-12-28 18:30:00,149.52499389648438,150.14999389648438,149.4199981689453,149.71499633789062,4425316.0
2023-12-28 19:30:00,149.71890258789062,149.72999572753906,148.52999877929688,148.97999572753906,6552303.0
2023-12-28 20:30:00,148.99000549316406,149.33999633789062,148.6300048828125,148.75999450683594,4336178.0
2023-12-29 14:30:00,149.5,151.0500030517578,149.02000427246094,150.7449951171875,17599434.0
2023-12-29 15:30:00,150.74000549316406,150.83999633789062,147.1999969482422,147.64149475097656,15735765.0
2023-12-29 16:30:00,147.63999938964844,148.5,147.38499450683594,147.40499877929688,7011789.0
2023-12-29 17:30:00,147.42950439453125,148.5399932861328,147.36000061035156,148.35989379882812,5710379.0
2023-12-29 18:30:00,148.35000610351562,148.9499969482422,148.05999755859375,148.0850067138672,5190337.0
2023-12-29 19:30:00,148.0850067138672,148.30859375,147.7899932861328,148.03500366210938,4053484.0
2023-12-29 20:30:00,148.0399932861328,148.0449981689453,147.24000549316406,147.42999267578125,4402518.0
2024-01-02 14:30:00,143.75,144.22999572753906,139.22349548339844,139.38999938964844,19486743.0
2024-01-02 15:30:00,139.38999938964844,139.8699951171875,138.67999267578125,139.85659790039062,9898366.0
2024-01-02 16:30:00,139.85000610351562,140.5050048828125,139.25,139.25999450683594,7281438.0
2024-01-02 17:30:00,139.2572021484375,139.8000030517578,138.52999877929688,139.1750030517578,6050170.0
2024-01-02 18:30:00,139.17239379882812,139.25,138.0500030517578,138.45989990234375,5553763.0
2024-01-02 19:30:00,138.4499969482422,138.60499572753906,137.42999267578125,137.8249969482422,7046290.0
2024-01-02 20:30:00,137.8300018310547,138.72999572753906,137.6199951171875,138.60009765625,6091301.0
2024-01-03 14:30:00,135.375,137.42999267578125,134.0500030517578,134.6999053955078,19663657.0
2024-01-03 15:30:00,134.6999053955078,135.83999633789062,133.74130249023438,134.88929748535156,10600425.0
2024-01-03 16:30:00,134.88690185546875,135.3800048828125,134.4499969482422,135.3800048828125,6089881.0
2024-01-03 17:30:00,135.38720703125,135.4398956298828,134.5800018310547,135.1302032470703,4058601.0
2024-01-03 18:30:00,135.14500427246094,135.50999450683594,134.25,135.3802032470703,6017470.0
2024-01-03 19:30:00,135.38499450683594,136.11000061035156,134.8800048828125,135.24000549316406,7674693.0
2024-01-03 20:30:00,135.25,135.8800048828125,134.8800048828125,135.3699951171875,5209827.0
2024-01-04 14:30:00,134.3000030517578,136.8300018310547,134.0,136.635498046875,17686742.0
2024-01-04 15:30:00,136.66000366210938,137.63980102539062,136.11000061035156,137.52000427246094,9503722.0
2024-01-04 16:30:00,137.52000427246094,137.6999969482422,135.91000366210938,136.67019653320312,8248336.0
2024-01-04 17:30:00,136.67999267578125,137.0500030517578,136.1300048828125,137.03500366210938,4743965.0
2024-01-04 18:30:00,137.0384979248047,137.47999572753906,136.52999877929688,136.5500030517578,4852218.0
2024-01-04 19:30:00,136.54010009765625,137.27999877929688,136.47000122070312,136.69869995117188,5625951.0
2024-01-04 20:30:00,136.69119262695312,136.89999389648438,135.9600067138672,136.0399932861328,4138023.0
2024-01-05 14:30:00,136.77999877929688,140.0500030517578,136.4376983642578,139.87559509277344,19651964.0
2024-01-05 15:30:00,139.88999938964844,141.00999450683594,139.639892578125,139.90719604492188,11746231.0
2024-01-05 16:30:00,139.93499755859375,140.32000732421875,139.19000244140625,139.22999572753906,7118687.0
2024-01-05 17:30:00,139.24000549316406,139.5800018310547,138.70249938964844,139.1199951171875,5775120.0
2024-01-05 18:30:00,139.1199951171875,139.72000122070312,138.80999755859375,138.85009765625,6910228.0
2024-01-05 19:30:00,138.85000610351562,138.99000549316406,137.75,137.97000122070312,9218464.0
2024-01-05 20:30:00,137.97000122070312,138.83999633789062,137.8800048828125,138.6300048828125,6260389.0
2024-01-08 14:30:00,140.36000061035156,144.25,140.14999389648438,143.8699951171875,20230586.0
2024-01-08 15:30:00,143.86099243164062,145.22000122070312,143.67999267578125,144.9799041748047,11164918.0
2024-01-08 16:30:00,144.9600067138672,146.0699005126953,144.8300018310547,145.76780700683594,8549235.0
2024-01-08 17:30:00,145.77000427246094,146.1999969482422,145.66000366210938,146.13009643554688,6570314.0
2024-01-08 18:30:00,146.1313934326172,147.14999389648438,146.05499267578125,146.47000122070312,7444753.0
2024-01-08 19:30:00,146.47000122070312,146.6571044921875,145.77999877929688,145.81500244140625,7593053.0
2024-01-08 20:30:00,145.82000732421875,146.36000061035156,145.63999938964844,146.13999938964844,6256787.0
2024-01-09 14:30:00,145.9499969482422,148.19000244140625,145.0800018310547,147.91000366210938,21123943.0
2024-01-09 15:30:00,147.92010498046875,148.30999755859375,147.0500030517578,148.0,9218046.0
2024-01-09 16:30:00,148.0133056640625,149.0500030517578,147.96499633789062,148.63999938964844,7451488.0
2024-01-09 17:30:00,148.639892578125,149.69000244140625,148.27999877929688,149.19000244140625,6812469.0
2024-01-09 18:30:00,149.19000244140625,149.47999572753906,148.49130249023438,148.8000030517578,7046575.0
2024-01-09 19:30:00,148.8000030517578,149.86000061035156,148.74000549316406,149.19129943847656,7664670.0
2024-01-09 20:30:00,149.22000122070312,149.32310485839844,148.24000549316406,149.24000549316406,6296293.0
2024-01-10 14:30:00,150.07000732421875,150.8800048828125,146.64999389648438,148.38009643554688,20209121.0
2024-01-10 15:30:00,148.38999938964844,149.1999969482422,147.38999938964844,147.91140747070312,9455205.0
2024-01-10 16:30:00,147.90499877929688,148.2010040283203,147.44290161132812,147.67970275878906,5141545.0
2024-01-10 17:30:00,147.6999969482422,148.47999572753906,147.57000732421875,147.8592071533203,4417895.0
2024-01-10 18:30:00,147.83999633789062,148.86000061035156,147.8000030517578,148.42999267578125,4744651.0
2024-01-10 19:30:00,148.42250061035156,149.08999633789062,148.1999969482422,148.42999267578125,6109045.0
2024-01-10 20:30:00,148.44000244140625,148.6699981689453,147.75999450683594,148.52000427246094,4716173.0
2024-01-11 14:30:00,148.52000427246094,150.3800048828125,145.5800018310547,147.3000030517578,17083264.0
2024-01-11 15:30:00,147.28970336914062,147.66000366210938,143.69000244140625,144.6199951171875,11474632.0
2024-01-11 16:30:00,144.5709991455078,145.110107421875,143.7725067138672,144.54159545898438,7418926.0
2024-01-11 17:30:00,144.5500030517578,147.3199005126953,144.5500030517578,146.95989990234375,7307170.0
2024-01-11 18:30:00,146.9600067138672,147.89999389648438,146.86000061035156,147.75999450683594,6351134.0
2024-01-11 19:30:00,147.77000427246094,148.32550048828125,147.52999877929688,147.75,6253220.0
2024-01-11 20:30:00,147.7449951171875,148.14999389648438,147.4199981689453,148.05999755859375,4035293.0
2024-01-12 14:30:00,148.0399932861328,148.75,146.27000427246094,146.5177001953125,14230980.0
2024-01-12 15:30:00,146.52999877929688,147.07000732421875,145.0,146.61000061035156,10280692.0
2024-01-12 16:30:00,146.60110473632812,146.66000366210938,145.27999877929688,145.88999938964844,5795154.0
2024-01-12 17:30:00,145.89999389648438,146.36990356445312,145.72999572753906,145.860107421875,3519365.0
2024-01-12 18:30:00,145.8699951171875,146.41000366210938,145.72999572753906,145.99200439453125,4092609.0
2024-01-12 19:30:00,145.9897003173828,146.38999938964844,145.57000732421875,146.3101043701172,4539920.0
2024-01-12 20:30:00,146.32000732421875,146.72000122070312,146.22000122070312,146.50999450683594,3833108.0
2024-01-16 14:30:00,151.0,157.5,150.5399932861328,157.147705078125,32343293.0
2024-01-16 15:30:00,157.13999938964844,159.71499633789062,157.0,158.7100067138672,22557454.0
2024-01-16 16:30:00,158.72000122070312,159.50999450683594,157.5050048828125,157.7362060546875,14387459.0
2024-01-16 17:30:00,157.74000549316406,157.75,156.43499755859375,157.52999877929688,9991711.0
2024-01-16 18:30:00,157.52999877929688,157.82000732421875,155.96189880371094,156.77000427246094,9429064.0
2024-01-16 19:30:00,156.77999877929688,158.1699981689453,156.610107421875,157.3643035888672,10904840.0
2024-01-16 20:30:00,157.3699951171875,158.9199981689453,157.25999450683594,158.6999969482422,7616083.0
2024-01-17 14:30:00,158.02000427246094,158.5500030517578,154.39999389648438,156.51499938964844,30379898.0
2024-01-17 15:30:00,156.5,158.02000427246094,155.3699951171875,157.7100067138672,13725060.0
2024-01-17 16:30:00,157.71629333496094,159.1999969482422,157.6699981689453,158.06500244140625,13318361.0
2024-01-17 17:30:00,158.05999755859375,158.35000610351562,157.10000610351562,157.4248046875,8222884.0
2024-01-17 18:30:00,157.4199981689453,158.5800018310547,156.44000244140625,158.48989868164062,9428203.0
2024-01-17 19:30:00,158.48570251464844,160.63999938964844,158.4604949951172,159.3000030517578,18215930.0
2024-01-17 20:30:00,159.32000732421875,160.44500732421875,159.19000244140625,160.1300048828125,8062565.0
2024-01-18 14:30:00,166.1999969482422,168.60000610351562,163.9600067138672,164.22999572753906,39865946.0
2024-01-18 15:30:00,164.24899291992188,165.3699951171875,162.85000610351562,163.69500732421875,17959955.0
2024-01-18 16:30:00,163.72000122070312,164.14999389648438,160.25,161.07000732421875,17538051.0
2024-01-18 17:30:00,161.0800018310547,161.33999633789062,158.22000122070312,158.60000610351562,16099923.0
2024-01-18 18:30:00,158.60000610351562,161.9199981689453,158.60000610351562,161.82000732421875,14597880.0
2024-01-18 19:30:00,161.82000732421875,162.85000610351562,161.22999572753906,162.6157989501953,13411582.0
2024-01-18 20:30:00,162.6199951171875,162.8699951171875,162.02999877929688,162.6699981689453,8123725.0
2024-01-19 14:30:00,165.8000030517578,167.3000030517578,162.1999969482422,164.74000549316406,33388108.0
2024-01-19 15:30:00,164.72000122070312,167.6999969482422,164.60499572753906,166.5198974609375,23707750.0
2024-01-19 16:30:00,166.52499389648438,168.9499969482422,165.7010955810547,168.76620483398438,17704614.0
2024-01-19 17:30:00,168.75999450683594,169.32000732421875,167.77000427246094,168.80999755859375,12133898.0
2024-01-19 18:30:00,168.80999755859375,169.97000122070312,168.64999389648438,169.69000244140625,11688058.0
2024-01-19 19:30:00,169.69000244140625,172.63999938964844,169.3256072998047,172.22000122070312,18403918.0
2024-01-19 20:30:00,172.24000549316406,174.25,172.02999877929688,174.22999572753906,16032248.0
2024-01-22 14:30:00,172.5,173.1199951171875,165.75999450683594,165.86770629882812,40204223.0
2024-01-22 15:30:00,165.86770629882812,167.42999267578125,164.14999389648438,167.3614044189453,25951834.0
2024-01-22 16:30:00,167.34620666503906,168.45010375976562,166.38999938964844,168.05999755859375,14488359.0
2024-01-22 17:30:00,168.05999755859375,168.27999877929688,166.92999267578125,167.61349487304688,11397047.0
2024-01-22 18:30:00,167.60009765625,168.87989807128906,167.47000122070312,168.1699981689453,10107419.0
2024-01-22 19:30:00,168.19000244140625,169.43499755859375,167.9499969482422,169.25,10222846.0
2024-01-22 20:30:00,169.24000549316406,169.2949981689453,168.10000610351562,168.17999267578125,6807305.0
2024-01-23 14:30:00,166.5,169.0,164.27000427246094,167.33999633789062,25893057.0
2024-01-23 15:30:00,167.35000610351562,168.99000549316406,166.8699951171875,168.27000427246094,12734742.0
2024-01-23 16:30:00,168.2624969482422,169.0,167.38999938964844,168.8699951171875,8135333.0
2024-01-23 17:30:00,168.8800048828125,169.62989807128906,168.24000549316406,168.61990356445312,8154110.0
2024-01-23 18:30:00,168.6300048828125,168.72000122070312,167.54400634765625,167.5802001953125,6939791.0
2024-01-23 19:30:00,167.49859619140625,168.67999267578125,167.45030212402344,168.3009033203125,6600898.0
2024-01-23 20:30:00,168.3000946044922,168.6999969482422,168.00999450683594,168.39500427246094,5884793.0
2024-01-24 14:30:00,172.5500030517578,176.50999450683594,170.55999755859375,175.94000244140625,32143228.0
2024-01-24 15:30:00,175.9499969482422,178.5,175.52999877929688,178.14869689941406,19830799.0
2024-01-24 16:30:00,178.14999389648438,180.19000244140625,177.8000946044922,179.80999755859375,15954211.0
2024-01-24 17:30:00,179.85000610351562,180.5800018310547,178.8000030517578,179.57200622558594,15099555.0
2024-01-24 18:30:00,179.58999633789062,179.8699951171875,176.3000030517578,177.24000549316406,15343871.0
2024-01-24 19:30:00,177.25,178.97230529785156,177.16000366210938,177.50999450683594,14773866.0
2024-01-24 20:30:00,177.52999877929688,178.5,177.30999755859375,178.27000427246094,8089461.0
2024-01-25 14:30:00,182.0,184.47000122070312,179.0399932861328,183.0998992919922,38496949.0
2024-01-25 15:30:00,183.1300048828125,183.41000366210938,180.8800048828125,181.92660522460938,17547099.0
2024-01-25 16:30:00,181.9199981689453,184.9199981689453,180.58999633789062,181.05999755859375,19759676.0
2024-01-25 17:30:00,181.0601043701172,181.25,179.39999389648438,180.10009765625,13647652.0
2024-01-25 18:30:00,180.1199951171875,180.9698944091797,177.8300018310547,179.27999877929688,13884349.0
2024-01-25 19:30:00,179.27999877929688,180.83990478515625,178.4199981689453,179.89999389648438,11214507.0
2024-01-25 20:30:00,179.9010009765625,180.77999877929688,179.6999969482422,180.32000732421875,7309010.0
2024-01-26 14:30:00,175.2899932861328,180.0,174.14999389648438,179.1300048828125,29794648.0
2024-01-26 15:30:00,179.14500427246094,181.22999572753906,178.75999450683594,179.6479949951172,19148706.0
2024-01-26 16:30:00,179.66000366210938,180.13999938964844,177.41000366210938,177.45770263671875,13382329.0
2024-01-26 17:30:00,177.4600067138672,177.82000732421875,176.0,177.6999969482422,13439373.0
2024-01-26 18:30:00,177.68080139160156,177.8800048828125,176.2100067138672,176.74989318847656,8924531.0
2024-01-26 19:30:00,176.75,178.88999938964844,176.63999938964844,177.625,11686659.0
2024-01-26 20:30:00,177.6199951171875,178.00999450683594,177.05999755859375,177.25999450683594,8199027.0
2024-01-29 14:30:00,178.77000427246094,178.88499450683594,174.60000610351562,176.53579711914062,27728136.0
2024-01-29 15:30:00,176.5399932861328,176.8699951171875,174.39999389648438,175.6699981689453,15591021.0
2024-01-29 16:30:00,175.6699981689453,177.22000122070312,175.17999267578125,176.9499969482422,9603534.0
2024-01-29 17:30:00,176.97000122070312,177.16000366210938,175.91000366210938,176.4199981689453,7195276.0
2024-01-29 18:30:00,176.4199981689453,176.5800018310547,174.95370483398438,175.2740020751953,8198060.0
2024-01-29 19:30:00,175.27940368652344,177.5500030517578,175.27000427246094,177.3636932373047,9899687.0
2024-01-29 20:30:00,177.3800048828125,177.85000610351562,176.86000061035156,177.8300018310547,7121558.0
2024-01-30 14:30:00,176.1300048828125,178.3300018310547,175.11000061035156,177.39999389648438,23308729.0
2024-01-30 15:30:00,177.41879272460938,178.47999572753906,175.91000366210938,177.0124969482422,11927878.0
2024-01-30 16:30:00,177.02999877929688,177.6199951171875,173.26010131835938,173.6508026123047,13224123.0
2024-01-30 17:30:00,173.64999389648438,173.8300018310547,171.55999755859375,172.38999938964844,16086811.0
2024-01-30 18:30:00,172.38999938964844,172.64999389648438,169.52000427246094,170.47560119628906,17326804.0
2024-01-30 19:30:00,170.4700927734375,173.08999633789062,170.3300018310547,172.87899780273438,14584647.0
2024-01-30 20:30:00,172.88999938964844,172.97000122070312,171.25999450683594,171.97999572753906,9672172.0
2024-01-31 14:30:00,165.74000549316406,169.22000122070312,162.56019592285156,165.5084991455078,44467290.0
2024-01-31 15:30:00,165.4980926513672,166.85000610351562,163.7100067138672,166.8498992919922,17349914.0
2024-01-31 16:30:00,166.85000610351562,168.05999755859375,166.0,167.77999877929688,12228175.0
2024-01-31 17:30:00,167.75,168.77000427246094,167.3000030517578,167.75,12354803.0
2024-01-31 18:30:00,167.77000427246094,169.35000610351562,167.2100067138672,168.7100067138672,12375407.0
2024-01-31 19:30:00,168.72000122070312,171.3000030517578,167.3000030517578,168.91000366210938,20621472.0
2024-01-31 20:30:00,168.89999389648438,169.0800018310547,167.1300048828125,167.52000427246094,9399422.0
2024-02-01 14:30:00,169.25,169.8000030517578,165.86000061035156,168.0399932861328,23090755.0
2024-02-01 15:30:00,168.08999633789062,168.83999633789062,166.27000427246094,166.91000366210938,13201080.0
2024-02-01 16:30:00,166.89999389648438,169.34500122070312,166.6343994140625,168.50999450683594,10154821.0
2024-02-01 17:30:00,168.52999877929688,169.00999450683594,166.77999877929688,168.6488037109375,10184341.0
2024-02-01 18:30:00,168.66000366210938,170.74000549316406,168.5,169.96229553222656,13549649.0
2024-02-01 19:30:00,169.97999572753906,171.02000427246094,169.5399932861328,170.9398956298828,11049244.0
2024-02-01 20:30:00,170.94000244140625,171.13999938964844,170.10000610351562,170.47000122070312,6147653.0
2024-02-02 14:30:00,174.0,178.8699951171875,173.0500030517578,175.78990173339844,27561143.0
2024-02-02 15:30:00,175.7758026123047,176.75,174.13999938964844,176.0196075439453,12014513.0
2024-02-02 16:30:00,176.0399932861328,177.47999572753906,175.5500030517578,177.38009643554688,9079726.0
2024-02-02 17:30:00,177.4199981689453,178.1699981689453,176.1699981689453,177.13499450683594,10184100.0
2024-02-02 18:30:00,177.13999938964844,179.0,176.86000061035156,178.40499877929688,7787604.0
2024-02-02 19:30:00,178.4199981689453,178.89999389648438,177.9499969482422,178.46009826660156,6897846.0
2024-02-02 20:30:00,178.47000122070312,178.55999755859375,177.44000244140625,177.64999389648438,5749362.0
2024-02-05 14:30:00,178.5,180.00999450683594,173.3800048828125,173.94000244140625,24516650.0
2024-02-05 15:30:00,173.9499969482422,174.08999633789062,171.11000061035156,173.18499755859375,14073023.0
2024-02-05 16:30:00,173.17999267578125,174.0,172.61000061035156,173.4561004638672,8214075.0
2024-02-05 17:30:00,173.47000122070312,174.99000549316406,173.47000122070312,174.1584930419922,7735522.0
2024-02-05 18:30:00,174.1999053955078,174.72999572753906,173.74000549316406,174.3101043701172,5948987.0
2024-02-05 19:30:00,174.3300018310547,174.88999938964844,172.86000061035156,173.4949951171875,6980332.0
2024-02-05 20:30:00,173.49000549316406,174.63999938964844,172.88999938964844,174.22000122070312,5515398.0
2024-02-06 14:30:00,173.14999389648438,173.8800048828125,167.6999969482422,168.56500244140625,20026426.0
2024-02-06 15:30:00,168.56500244140625,169.4199981689453,167.8701934814453,168.64999389648438,7876945.0
2024-02-06 16:30:00,168.64999389648438,168.6728973388672,165.5,166.4550018310547,11499785.0
2024-02-06 17:30:00,166.46499633789062,167.1999969482422,166.05999755859375,166.80499267578125,6258500.0
2024-02-06 18:30:00,166.8000030517578,167.8000030517578,166.25,167.22000122070312,7281727.0
2024-02-06 19:30:00,167.2042999267578,168.2299041748047,167.2042999267578,167.8300018310547,7374005.0
2024-02-06 20:30:00,167.82000732421875,168.1269989013672,166.75,167.86500549316406,5933975.0
2024-02-07 14:30:00,169.47000122070312,172.97000122070312,168.1999969482422,171.5800018310547,16460134.0
2024-02-07 15:30:00,171.6199951171875,172.0399932861328,170.02499389648438,170.3249969482422,7293572.0
2024-02-07 16:30:00,170.35000610351562,170.89999389648438,169.16000366210938,169.16000366210938,7291940.0
2024-02-07 17:30:00,169.19000244140625,170.5493927001953,168.9499969482422,170.4499969482422,4799035.0
2024-02-07 18:30:00,170.47999572753906,171.33999633789062,170.35299682617188,171.02999877929688,4836633.0
2024-02-07 19:30:00,171.0500030517578,171.7299041748047,170.75999450683594,171.17349243164062,4837102.0
2024-02-07 20:30:00,171.17990112304688,171.27999877929688,170.5500030517578,170.89999389648438,3593880.0
2024-02-08 14:30:00,170.3300018310547,172.1699981689453,169.0,169.88229370117188,13574261.0
2024-02-08 15:30:00,169.89199829101562,171.4499969482422,169.4499969482422,170.85000610351562,6962011.0
2024-02-08 16:30:00,170.85000610351562,171.05999755859375,169.85009765625,170.4001007080078,4149422.0
2024-02-08 17:30:00,170.41000366210938,170.8000030517578,169.7301025390625,170.40199279785156,4242850.0
2024-02-08 18:30:00,170.4199981689453,170.73989868164062,169.3000030517578,169.30999755859375,3668691.0
2024-02-08 19:30:00,169.3000030517578,169.83999633789062,168.60000610351562,169.5749969482422,5251093.0
2024-02-08 20:30:00,169.5800018310547,169.77000427246094,169.14999389648438,169.27999877929688,3188808.0
2024-02-09 14:30:00,171.0,175.10000610351562,168.66009521484375,173.84500122070312,19006798.0
2024-02-09 15:30:00,173.86000061035156,173.94630432128906,171.69000244140625,172.03399658203125,11789686.0
2024-02-09 16:30:00,172.0146026611328,172.3300018310547,171.0800018310547,171.51010131835938,6030487.0
2024-02-09 17:30:00,171.52149963378906,172.55990600585938,171.22000122070312,172.54190063476562,4138479.0
2024-02-09 18:30:00,172.5500030517578,172.81199645996094,171.92999267578125,172.42999267578125,4160402.0
2024-02-09 19:30:00,172.43499755859375,173.1999969482422,172.05999755859375,172.9250030517578,4858232.0
2024-02-09 20:30:00,172.9250030517578,172.98989868164062,172.14999389648438,172.47000122070312,4133157.0
2024-02-12 14:30:00,172.67999267578125,176.3498992919922,171.55999755859375,174.84500122070312,15888699.0
2024-02-12 15:30:00,174.84800720214844,176.12710571289062,174.69000244140625,175.9250030517578,8259682.0
2024-02-12 16:30:00,175.94000244140625,177.2100067138672,175.4499969482422,176.74000549316406,8095521.0
2024-02-12 17:30:00,176.7489013671875,177.40499877929688,175.72000122070312,175.8699951171875,5574580.0
2024-02-12 18:30:00,175.86000061035156,176.0500030517578,170.6699981689453,172.24000549316406,9807293.0
2024-02-12 19:30:00,172.24200439453125,172.89329528808594,171.64999389648438,172.43609619140625,5516992.0
2024-02-12 20:30:00,172.4199981689453,172.47500610351562,171.8300018310547,171.91000366210938,3101831.0
2024-02-13 14:30:00,165.0,171.5399932861328,164.74009704589844,171.44439697265625,18200402.0
2024-02-13 15:30:00,171.4499969482422,173.1699981689453,171.09010314941406,172.16000366210938,10732392.0
2024-02-13 16:30:00,172.14999389648438,172.3800048828125,169.66000366210938,170.22999572753906,7735348.0
2024-02-13 17:30:00,170.22999572753906,170.89999389648438,169.35000610351562,170.77749633789062,6003138.0
2024-02-13 18:30:00,170.77999877929688,171.2100067138672,169.5500030517578,170.25999450683594,5446201.0
2024-02-13 19:30:00,170.22999572753906,171.25970458984375,169.42999267578125,169.99000549316406,6388854.0
2024-02-13 20:30:00,170.02000427246094,171.8000030517578,169.6699981689453,171.66000366210938,5668390.0
2024-02-14 14:30:00,173.47000122070312,177.5,172.8800048828125,177.4499969482422,16387484.0
2024-02-14 15:30:00,177.44970703125,177.5,174.08999633789062,175.60000610351562,9878138.0
2024-02-14 16:30:00,175.6186065673828,176.42990112304688,175.13999938964844,176.30999755859375,6050803.0
2024-02-14 17:30:00,176.30999755859375,176.9199981689453,175.47369384765625,176.33999633789062,4219581.0
2024-02-14 18:30:00,176.35000610351562,177.2100067138672,176.17999267578125,176.9600067138672,5172203.0
2024-02-14 19:30:00,176.97000122070312,178.22970581054688,176.94000244140625,177.7949981689453,7008955.0
2024-02-14 20:30:00,177.8000030517578,178.74000549316406,177.5399932861328,178.69000244140625,5332130.0
2024-02-15 14:30:00,179.13999938964844,180.5,176.0500030517578,176.8000030517578,16725359.0
2024-02-15 15:30:00,176.83999633789062,178.07989501953125,175.25999450683594,176.18499755859375,8427926.0
2024-02-15 16:30:00,176.2100067138672,176.8300018310547,175.52000427246094,176.72000122070312,5223285.0
2024-02-15 17:30:00,176.75,177.5699005126953,176.1999969482422,177.52000427246094,4645776.0
2024-02-15 18:30:00,177.51800537109375,177.99000549316406,177.08999633789062,177.76800537109375,4315344.0
2024-02-15 19:30:00,177.75999450683594,178.0749969482422,176.4499969482422,176.8979949951172,4767028.0
2024-02-15 20:30:00,176.89999389648438,177.1999969482422,176.61000061035156,176.75,3617021.0
2024-02-16 14:30:00,178.17999267578125,180.33009338378906,173.49000549316406,174.30999755859375,18662818.0
2024-02-16 15:30:00,174.31900024414062,176.88999938964844,173.5,176.3654022216797,11360353.0
2024-02-16 16:30:00,176.3800048828125,176.75149536132812,175.5399932861328,176.42999267578125,4385852.0
2024-02-16 17:30:00,176.4199981689453,176.5,174.5500030517578,174.9199981689453,3917550.0
2024-02-16 18:30:00,174.9199981689453,176.2899932861328,174.86000061035156,175.56959533691406,3668112.0
2024-02-16 19:30:00,175.57000732421875,175.74000549316406,173.80999755859375,174.67999267578125,4803612.0
2024-02-16 20:30:00,174.6999969482422,174.77000427246094,173.25,173.82000732421875,4421973.0
2024-02-20 14:30:00,171.0,171.80999755859375,163.32009887695312,163.51499938964844,19948218.0
2024-02-20 15:30:00,163.50999450683594,165.125,162.86000061035156,164.22500610351562,10186064.0
2024-02-20 16:30:00,164.2050018310547,164.22500610351562,162.0,162.66949462890625,8320407.0
2024-02-20 17:30:00,162.66000366210938,164.41000366210938,162.41000366210938,163.86000061035156,5904335.0
2024-02-20 18:30:00,163.86000061035156,164.82000732421875,163.44000244140625,164.69000244140625,5406071.0
2024-02-20 19:30:00,164.6699981689453,165.81289672851562,164.42999267578125,165.52999877929688,7315202.0
2024-02-20 20:30:00,165.5500030517578,166.32000732421875,164.60000610351562,165.7100067138672,6178811.0
2024-02-21 14:30:00,162.55999755859375,164.89999389648438,162.02000427246094,162.52000427246094,12570895.0
2024-02-21 15:30:00,162.52000427246094,164.00999450683594,162.27000427246094,163.42999267578125,6355433.0
2024-02-21 16:30:00,163.44000244140625,163.89990234375,162.0800018310547,163.110107421875,5525894.0
2024-02-21 17:30:00,163.10000610351562,164.14999389648438,162.91000366210938,163.62930297851562,4373231.0
2024-02-21 18:30:00,163.6300048828125,163.9499969482422,162.64990234375,162.91000366210938,4107643.0
2024-02-21 19:30:00,162.91000366210938,163.52999877929688,162.5449981689453,163.4949951171875,4918415.0
2024-02-21 20:30:00,163.5,164.47999572753906,163.4499969482422,164.27999877929688,4833799.0
2024-02-22 14:30:00,174.0,180.6999969482422,172.0,180.61500549316406,33688688.0
2024-02-22 15:30:00,180.64950561523438,183.77000427246094,179.41000366210938,182.67999267578125,20482112.0
2024-02-22 16:30:00,182.7100067138672,183.6300048828125,181.75999450683594,182.96499633789062,12145992.0
2024-02-22 17:30:00,182.97000122070312,183.3800048828125,181.14999389648438,181.7274932861328,7649975.0
2024-02-22 18:30:00,181.72999572753906,183.8300018310547,181.52000427246094,183.66000366210938,8042000.0
2024-02-22 19:30:00,183.66720581054688,183.67999267578125,182.30999755859375,182.375,7949136.0
2024-02-22 20:30:00,182.38490295410156,183.16859436035156,181.61000061035156,181.77000427246094,6790552.0
2024-02-23 14:30:00,181.86000061035156,183.8000030517578,176.9499969482422,177.41200256347656,23437148.0
2024-02-23 15:30:00,177.42999267578125,177.87969970703125,174.5500030517578,176.33999633789062,13077549.0
2024-02-23 16:30:00,176.35000610351562,177.02499389648438,175.14999389648438,175.27499389648438,8127984.0
2024-02-23 17:30:00,175.27499389648438,176.45989990234375,174.77999877929688,176.05999755859375,5892849.0
2024-02-23 18:30:00,176.05999755859375,177.23989868164062,175.77999877929688,176.51930236816406,5942802.0
2024-02-23 19:30:00,176.5500030517578,177.22999572753906,175.67999267578125,175.82000732421875,5788187.0
2024-02-23 20:30:00,175.8300018310547,176.88999938964844,175.72999572753906,176.47999572753906,4181580.0
2024-02-26 14:30:00,179.17999267578125,179.83999633789062,174.80999755859375,176.59500122070312,15333234.0
2024-02-26 15:30:00,176.5800018310547,177.24000549316406,175.8800048828125,176.80499267578125,7204683.0
2024-02-26 16:30:00,176.8000030517578,177.30999755859375,175.97000122070312,176.66079711914062,5239812.0
2024-02-26 17:30:00,176.6699981689453,177.02999877929688,176.3000030517578,176.32000732421875,4028489.0
2024-02-26 18:30:00,176.3300018310547,177.27999877929688,175.7368927001953,177.13999938964844,4444886.0
2024-02-26 19:30:00,177.14999389648438,177.42999267578125,176.3800048828125,176.56500244140625,4043871.0
2024-02-26 20:30:00,176.56500244140625,176.85000610351562,175.8800048828125,176.00999450683594,3322755.0
2024-02-27 14:30:00,175.75,177.77999877929688,172.49000549316406,176.53970336914062,14247159.0
2024-02-27 15:30:00,176.55999755859375,178.33599853515625,176.12649536132812,176.86000061035156,8084341.0
2024-02-27 16:30:00,176.86990356445312,178.25,176.5500030517578,177.60009765625,5160858.0
2024-02-27 17:30:00,177.61000061035156,178.1300048828125,176.33999633789062,177.0800018310547,5545776.0
2024-02-27 18:30:00,177.08990478515625,177.66000366210938,176.75999450683594,177.23500061035156,2920984.0
2024-02-27 19:30:00,177.24000549316406,178.40989685058594,177.2100067138672,178.39999389648438,4095524.0
2024-02-27 20:30:00,178.39999389648438,178.4600067138672,177.7899932861328,177.99000549316406,2586748.0
2024-02-28 14:30:00,176.25,176.25,173.58999633789062,174.35000610351562,11359009.0
2024-02-28 15:30:00,174.3300018310547,176.25999450683594,174.11000061035156,176.2259979248047,5218255.0
2024-02-28 16:30:00,176.22999572753906,176.81280517578125,175.64999389648438,175.74000549316406,4730982.0
2024-02-28 17:30:00,175.74000549316406,176.35499572753906,175.1300048828125,176.27000427246094,3552773.0
2024-02-28 18:30:00,176.27999877929688,176.83999633789062,175.8800048828125,176.57000732421875,3395378.0
2024-02-28 19:30:00,176.57000732421875,176.6300048828125,175.72000122070312,176.5471954345703,3400113.0
2024-02-28 20:30:00,176.55990600585938,176.6199951171875,176.02499389648438,176.57000732421875,2654220.0
2024-02-29 14:30:00,180.5,186.4149932861328,180.4770050048828,185.58999633789062,24229141.0
2024-02-29 15:30:00,185.59500122070312,188.1699981689453,185.1300048828125,186.60000610351562,16135169.0
2024-02-29 16:30:00,186.59500122070312,188.55990600585938,184.24000549316406,187.85000610351562,13513009.0
2024-02-29 17:30:00,187.8419952392578,190.22999572753906,187.75,189.8300018310547,12926489.0
2024-02-29 18:30:00,189.8300018310547,191.27000427246094,189.1999969482422,190.7100067138672,10208812.0
2024-02-29 19:30:00,190.7061004638672,192.29989624023438,190.1699981689453,191.98989868164062,11502023.0
2024-02-29 20:30:00,191.97000122070312,193.0,191.7100067138672,192.5,9534050.0
2024-03-01 14:30:00,196.75,201.58999633789062,195.42010498046875,199.3267059326172,25703606.0
2024-03-01 15:30:00,199.3800048828125,199.77000427246094,196.3300018310547,199.67999267578125,27992641.0
2024-03-01 16:30:00,199.7050018310547,200.64990234375,198.58009338378906,200.48660278320312,11133743.0
2024-03-01 17:30:00,200.5,201.10000610351562,199.77999877929688,200.67999267578125,7963577.0
2024-03-01 18:30:00,200.7100067138672,202.5,200.66000366210938,202.4250030517578,9386867.0
2024-03-01 19:30:00,202.42999267578125,202.63999938964844,200.5500946044922,201.34500122070312,10716827.0
2024-03-01 20:30:00,201.3498992919922,202.72000122070312,200.9600067138672,202.64999389648438,7247026.0
2024-03-04 14:30:00,205.25,211.00999450683594,204.02980041503906,208.1999969482422,28900715.0
2024-03-04 15:30:00,208.2449951171875,210.7899932861328,206.99000549316406,207.82000732421875,3163487.0
2024-03-04 16:30:00,207.8300018310547,209.67999267578125,206.8699951171875,208.11000061035156,7273660.0
2024-03-04 17:30:00,208.08470153808594,208.23919677734375,205.82000732421875,206.54110717773438,7137426.0
2024-03-04 18:30:00,206.55499267578125,208.4499969482422,206.4499969482422,208.02999877929688,5763352.0
2024-03-04 19:30:00,208.07000732421875,209.25,208.02000427246094,208.2310028076172,5618283.0
2024-03-04 20:30:00,208.27999877929688,208.84730529785156,204.8800048828125,205.33999633789062,26416553.0
2024-03-05 14:30:00,200.25,204.99000549316406,199.14999389648438,200.97000122070312,24178108.0
2024-03-05 15:30:00,200.94000244140625,202.50999450683594,199.8000030517578,202.3946990966797,9342396.0
2024-03-05 16:30:00,202.12399291992188,203.4499969482422,200.92999267578125,203.44000244140625,0.0
2024-03-05 17:30:00,203.44000244140625,204.02000427246094,202.3800048828125,202.7100067138672,4148521.0
2024-03-05 18:30:00,202.72390747070312,203.13999938964844,201.7100067138672,202.97120666503906,3196599.0
2024-03-05 19:30:00,202.9600067138672,203.22000122070312,201.6999969482422,202.07069396972656,3859461.0
2024-03-05 20:30:00,202.08999633789062,205.3300018310547,201.91000366210938,205.2100067138672,19925301.0
2024-03-06 14:30:00,211.5,214.6999969482422,208.52000427246094,209.71200561523438,25972503.0
2024-03-06 15:30:00,209.6699981689453,211.39999389648438,207.57000732421875,208.30999755859375,2800266.0
2024-03-06 16:30:00,208.3199005126953,211.66990661621094,207.32000732421875,211.4300994873047,6979187.0
2024-03-06 17:30:00,211.4600067138672,213.3199005126953,211.05799865722656,213.0699005126953,7087105.0
2024-03-06 18:30:00,213.06500244140625,213.30999755859375,210.1199951171875,212.22999572753906,7549184.0
2024-03-06 19:30:00,212.2899932861328,212.50999450683594,208.83999633789062,209.78509521484375,6894494.0
2024-03-06 20:30:00,209.82000732421875,210.77000427246094,208.32000732421875,210.6699981689453,25017647.0
2024-03-07 14:30:00,212.52000427246094,213.8300018310547,208.64999389648438,209.31199645996094,19496699.0
2024-03-07 15:30:00,209.29580688476562,212.08990478515625,208.22000122070312,211.71400451660156,10803302.0
2024-03-07 16:30:00,211.72000122070312,212.47999572753906,210.4600067138672,211.9499969482422,6637605.0
2024-03-07 17:30:00,211.91009521484375,212.1186981201172,210.37429809570312,211.22999572753906,5186897.0
2024-03-07 18:30:00,211.22999572753906,213.08999633789062,211.0301055908203,212.55169677734375,6131035.0
2024-03-07 19:30:00,212.55459594726562,212.69000244140625,209.86000061035156,210.63999938964844,6605303.0
2024-03-07 20:30:00,210.64500427246094,211.75,210.52999877929688,211.30999755859375,5295963.0
2024-03-08 14:30:00,213.0,226.55999755859375,212.19000244140625,226.45010375976562,29473989.0
2024-03-08 15:30:00,226.5,227.3000030517578,211.0,211.64500427246094,29250774.0
2024-03-08 16:30:00,211.6699981689453,214.0,207.2100067138672,209.80999755859375,20504449.0
2024-03-08 17:30:00,209.8000030517578,210.35000610351562,206.57000732421875,206.6699981689453,11257865.0
2024-03-08 18:30:00,206.66769409179688,209.5800018310547,205.60000610351562,209.30999755859375,10493955.0
2024-03-08 19:30:00,209.30999755859375,210.9593048095703,208.11000061035156,208.3300018310547,10014416.0
2024-03-08 20:30:00,208.3300018310547,209.51919555664062,207.25999450683594,207.27999877929688,5773395.0
2024-03-11 13:30:00,202.0,202.74000549316406,196.7010040283203,200.24659729003906,23407786.0
2024-03-11 14:30:00,200.22500610351562,203.5500030517578,199.36000061035156,199.5760040283203,11670437.0
2024-03-11 15:30:00,199.57000732421875,201.27960205078125,199.24009704589844,200.91510009765625,8364831.0
2024-03-11 16:30:00,200.91009521484375,201.7899932861328,199.41000366210938,200.16000366210938,6212925.0
2024-03-11 17:30:00,200.19000244140625,200.33999633789062,197.9600067138672,198.95379638671875,7656713.0
2024-03-11 18:30:00,198.9613037109375,200.17999267578125,196.75999450683594,197.38499450683594,7210367.0
2024-03-11 19:30:00,197.3800048828125,198.67990112304688,197.30999755859375,198.38999938964844,5342875.0
2024-03-12 13:30:00,200.52000427246094,201.22999572753906,194.27000427246094,198.75,20270396.0
2024-03-12 14:30:00,198.75999450683594,202.17999267578125,198.6999969482422,201.8699951171875,13497056.0
2024-03-12 15:30:00,201.86000061035156,201.9199981689453,199.52000427246094,201.07000732421875,7643890.0
2024-03-12 16:30:00,201.03990173339844,201.3800048828125,197.97999572753906,200.5500030517578,7848375.0
2024-03-12 17:30:00,200.53799438476562,201.97000122070312,200.30999755859375,201.2949981689453,5291799.0
2024-03-12 18:30:00,201.3000030517578,201.72000122070312,200.1699981689453,201.4739990234375,5538132.0
2024-03-12 19:30:00,201.47000122070312,202.8498992919922,201.3179931640625,202.72999572753906,5033548.0
2024-03-13 13:30:00,198.72999572753906,198.8300018310547,192.70010375976562,194.0399932861328,24338346.0
2024-03-13 14:30:00,194.03500366210938,196.1999969482422,193.72000122070312,194.23919677734375,10421517.0
2024-03-13 15:30:00,194.2449951171875,195.42999267578125,193.4499969482422,195.10000610351562,7375488.0
2024-03-13 16:30:00,195.09500122070312,196.8040008544922,194.18099975585938,196.14999389648438,6502495.0
2024-03-13 17:30:00,196.1300048828125,196.4398956298828,194.55999755859375,195.50999450683594,5545660.0
2024-03-13 18:30:00,195.5500030517578,196.7969970703125,194.4550018310547,195.00999450683594,6409858.0
2024-03-13 19:30:00,194.99000549316406,195.7050018310547,194.41000366210938,194.74000549316406,4878980.0
2024-03-14 13:30:00,192.9199981689453,196.92999267578125,190.36000061035156,194.3300018310547,18769438.0
2024-03-14 14:30:00,194.32949829101562,195.07000732421875,191.5399932861328,191.91000366210938,9208355.0
2024-03-14 15:30:00,191.91000366210938,193.0399932861328,190.8699951171875,191.8292999267578,6385083.0
2024-03-14 16:30:00,191.8498992919922,192.1300048828125,188.17999267578125,188.24020385742188,9884337.0
2024-03-14 17:30:00,188.24000549316406,188.8300018310547,186.24000549316406,187.13999938964844,14841671.0
2024-03-14 18:30:00,187.1300048828125,187.7100067138672,184.3000030517578,185.14999389648438,10706824.0
2024-03-14 19:30:00,185.1300048828125,187.5,184.02999877929688,187.27000427246094,7807068.0
2024-03-15 13:30:00,184.47999572753906,191.4250030517578,184.47999572753906,190.77000427246094,17435177.0
2024-03-15 14:30:00,190.77999877929688,193.2899932861328,190.7200927734375,191.6999969482422,12581712.0
2024-03-15 15:30:00,191.7198944091797,193.0500030517578,191.3000030517578,192.10000610351562,7775018.0
2024-03-15 16:30:00,192.10000610351562,193.53500366210938,191.22520446777344,192.8144073486328,7207320.0
2024-03-15 17:30:00,192.82000732421875,193.79989624023438,191.77999877929688,192.360107421875,6243944.0
2024-03-15 18:30:00,192.3699951171875,193.3800048828125,192.11000061035156,192.91400146484375,5581581.0
2024-03-15 19:30:00,192.9199981689453,193.11990356445312,190.5500030517578,191.08999633789062,4700972.0
2024-03-18 13:30:00,193.0,193.5,188.0500030517578,191.74000549316406,18747695.0
2024-03-18 14:30:00,191.80999755859375,193.44000244140625,189.42999267578125,190.5299072265625,9748113.0
2024-03-18 15:30:00,190.5800018310547,192.71499633789062,189.73309326171875,191.66000366210938,6905883.0
2024-03-18 16:30:00,191.64999389648438,192.3092041015625,190.11000061035156,191.88009643554688,5676767.0
2024-03-18 17:30:00,191.8800048828125,192.68910217285156,191.14999389648438,192.35069274902344,4760739.0
2024-03-18 18:30:00,192.3699951171875,192.54510498046875,191.5399932861328,191.92999267578125,4140393.0
2024-03-18 19:30:00,191.92999267578125,192.40989685058594,190.47000122070312,190.6199951171875,4043678.0
2024-03-19 13:30:00,183.16000366210938,185.61270141601562,177.5,177.625,23998860.0
2024-03-19 14:30:00,177.625,179.5771026611328,177.36019897460938,178.18490600585938,13230728.0
2024-03-19 15:30:00,178.22500610351562,180.22999572753906,177.72999572753906,179.93209838867188,9524218.0
2024-03-19 16:30:00,179.93499755859375,182.2198944091797,179.89999389648438,181.07009887695312,10397041.0
2024-03-19 17:30:00,181.08999633789062,183.1999969482422,181.08999633789062,182.64999389648438,7337679.0
2024-03-19 18:30:00,182.6699981689453,183.3000030517578,179.91000366210938,180.08999633789062,8821259.0
2024-03-19 19:30:00,180.10000610351562,181.6999969482422,179.5,181.3800048828125,6539217.0
2024-03-20 13:30:00,181.9499969482422,182.67999267578125,179.39999389648438,180.86000061035156,13382693.0
2024-03-20 14:30:00,180.87440490722656,181.0800018310547,179.13999938964844,179.82020568847656,8594916.0
2024-03-20 15:30:00,179.8300018310547,180.0800018310547,174.67999267578125,174.6999969482422,13358342.0
2024-03-20 16:30:00,174.69009399414062,176.0,174.24000549316406,174.94529724121094,11727936.0
2024-03-20 17:30:00,174.97000122070312,177.47500610351562,174.0,177.3125,11667714.0
2024-03-20 18:30:00,177.32000732421875,179.95889282226562,175.3000030517578,179.6750030517578,12366748.0
2024-03-20 19:30:00,179.68499755859375,180.3300018310547,178.77999877929688,179.74000549316406,6692535.0
2024-03-21 13:30:00,185.91000366210938,187.67640686035156,179.61000061035156,179.65829467773438,21713852.0
2024-03-21 14:30:00,179.68319702148438,180.7653045654297,177.66000366210938,180.70989990234375,14578522.0
2024-03-21 15:30:00,180.72000122070312,182.11990356445312,180.4199981689453,181.4561004638672,9216972.0
2024-03-21 16:30:00,181.4600067138672,182.49620056152344,180.63999938964844,181.02999877929688,8332315.0
2024-03-21 17:30:00,181.02000427246094,181.25999450683594,179.02000427246094,180.01589965820312,7267055.0
2024-03-21 18:30:00,180.0,180.3699951171875,178.86500549316406,179.8800048828125,6594662.0
2024-03-21 19:30:00,179.8699951171875,180.04989624023438,178.55999755859375,178.64999389648438,4190747.0
2024-03-22 13:30:00,177.16000366210938,179.13999938964844,175.0500030517578,176.7100067138672,16244192.0
2024-03-22 14:30:00,176.74000549316406,178.0,175.55499267578125,177.8300018310547,8968640.0
2024-03-22 15:30:00,177.8699951171875,178.39990234375,176.7100067138672,177.5312042236328,6414620.0
2024-03-22 16:30:00,177.55760192871094,180.22999572753906,177.16000366210938,180.0845947265625,7816879.0
2024-03-22 17:30:00,180.0780029296875,180.75999450683594,179.22999572753906,179.82000732421875,6562915.0
2024-03-22 18:30:00,179.82009887695312,180.14999389648438,178.9600067138672,179.26119995117188,5288975.0
2024-03-22 19:30:00,179.25999450683594,180.0989990234375,179.11399841308594,179.61000061035156,4204015.0
2024-03-25 13:30:00,172.86349487304688,180.25,172.0,178.47999572753906,22629734.0
2024-03-25 14:30:00,178.48829650878906,182.58999633789062,178.24969482421875,181.5,13352311.0
2024-03-25 15:30:00,181.47000122070312,182.8000030517578,179.6199951171875,179.81809997558594,9744827.0
2024-03-25 16:30:00,179.82000732421875,180.6699981689453,179.41610717773438,180.24000549316406,6486046.0
2024-03-25 17:30:00,180.23170471191406,180.9600067138672,179.7100067138672,180.1999969482422,5590134.0
2024-03-25 18:30:00,180.17010498046875,180.27000427246094,178.39999389648438,178.73199462890625,7095989.0
2024-03-25 19:30:00,178.73500061035156,179.38999938964844,178.25,178.60000610351562,4943228.0
2024-03-26 13:30:00,179.5399932861328,180.5,176.82000732421875,177.13999938964844,14508679.0
2024-03-26 14:30:00,177.13999938964844,182.33999633789062,176.3300018310547,181.16000366210938,14172105.0
2024-03-26 15:30:00,181.19000244140625,182.59800720214844,180.47000122070312,182.22999572753906,9371788.0
2024-03-26 16:30:00,182.22999572753906,182.36000061035156,179.50999450683594,180.125,7840108.0
2024-03-26 17:30:00,180.12899780273438,180.7100067138672,179.33999633789062,179.88999938964844,5230990.0
2024-03-26 18:30:00,179.91000366210938,180.2899932861328,178.47000122070312,178.63070678710938,5082282.0
2024-03-26 19:30:00,178.64990234375,178.74000549316406,177.52999877929688,177.88999938964844,5281896.0
2024-03-27 13:30:00,179.93499755859375,181.22999572753906,175.39999389648438,175.77999877929688,18805764.0
2024-03-27 14:30:00,175.7949981689453,178.4499969482422,175.75,177.83999633789062,9771278.0
2024-03-27 15:30:00,177.85989379882812,178.9398956298828,176.89999389648438,178.3303985595703,6129517.0
2024-03-27 16:30:00,178.33799743652344,178.6699981689453,177.52560424804688,178.0,4526631.0
2024-03-27 17:30:00,178.0,179.2899932861328,177.86050415039062,179.1352996826172,4308174.0
2024-03-27 18:30:00,179.14999389648438,179.19000244140625,177.47000122070312,178.21839904785156,5289016.0
2024-03-27 19:30:00,178.21800231933594,179.63999938964844,178.07000732421875,179.58999633789062,4539994.0
2024-03-28 13:30:00,179.55999755859375,182.97999572753906,178.3000030517578,182.2801055908203,17696677.0
2024-03-28 14:30:00,182.3040008544922,183.39999389648438,180.9199981689453,181.81199645996094,10848966.0
2024-03-28 15:30:00,181.76499938964844,182.33999633789062,181.02000427246094,182.09500122070312,5898821.0
2024-03-28 16:30:00,182.09100341796875,182.3000030517578,180.35670471191406,180.85000610351562,5462709.0
2024-03-28 17:30:00,180.8280029296875,181.08670043945312,180.1199951171875,180.72000122070312,4719451.0
2024-03-28 18:30:00,180.72000122070312,180.83999633789062,180.02999877929688,180.2220001220703,4848576.0
2024-03-28 19:30:00,180.24000549316406,180.77999877929688,179.8824005126953,180.4600067138672,4513854.0
2024-04-01 13:30:00,180.0850067138672,187.24000549316406,179.89999389648438,183.27999877929688,22726124.0
2024-04-01 14:30:00,183.2928924560547,184.14999389648438,180.94000244140625,182.32000732421875,12741614.0
2024-04-01 15:30:00,182.30999755859375,184.27999877929688,181.32000732421875,184.13070678710938,9623561.0
2024-04-01 16:30:00,184.14999389648438,184.6199951171875,182.77999877929688,183.79010009765625,7841051.0
2024-04-01 17:30:00,183.81500244140625,184.88819885253906,183.6699981689453,184.6439971923828,7091170.0
2024-04-01 18:30:00,184.6300048828125,185.08990478515625,183.33999633789062,183.45010375976562,6984518.0
2024-04-01 19:30:00,183.4600067138672,183.7799072265625,182.74000549316406,183.3300018310547,5107455.0
2024-04-02 13:30:00,179.4199981689453,180.09800720214844,174.89999389648438,176.41549682617188,18739955.0
2024-04-02 14:30:00,176.38999938964844,176.75,175.3000030517578,176.6999969482422,9259721.0
2024-04-02 15:30:00,176.7100067138672,176.76600646972656,174.8300018310547,175.7449951171875,7829043.0
2024-04-02 16:30:00,175.7449951171875,177.11000061035156,175.44000244140625,176.97000122070312,5557554.0
2024-04-02 17:30:00,176.99000549316406,177.75,176.82000732421875,177.2899932861328,5863993.0
2024-04-02 18:30:00,177.29600524902344,178.07000732421875,177.02000427246094,177.8948974609375,6039543.0
2024-04-02 19:30:00,177.91000366210938,179.2100067138672,177.81790161132812,178.69000244140625,5307558.0
2024-04-03 13:30:00,177.6999969482422,181.9113006591797,176.6999969482422,181.6177978515625,16208282.0
2024-04-03 14:30:00,181.6199951171875,182.0500030517578,180.4499969482422,181.41000366210938,9011713.0
2024-04-03 15:30:00,181.42999267578125,181.75999450683594,179.77000427246094,180.9799041748047,5937423.0
2024-04-03 16:30:00,180.9449005126953,181.60000610351562,180.32000732421875,181.55999755859375,5092568.0
2024-04-03 17:30:00,181.57000732421875,181.8800048828125,181.02999877929688,181.44000244140625,3961501.0
2024-04-03 18:30:00,181.44000244140625,181.75,179.6699981689453,180.01620483398438,4554725.0
2024-04-03 19:30:00,180.0,180.8300018310547,179.82000732421875,180.76499938964844,3552245.0
2024-04-04 13:30:00,182.57000732421875,183.0050048828125,178.63999938964844,179.34730529785156,15936698.0
2024-04-04 14:30:00,179.35499572753906,179.4199981689453,177.17999267578125,177.48069763183594,10369905.0
2024-04-04 15:30:00,177.49989318847656,178.00999450683594,177.11000061035156,177.92010498046875,7295077.0
2024-04-04 16:30:00,177.92999267578125,177.94000244140625,176.2899932861328,176.34840393066406,6443222.0
2024-04-04 17:30:00,176.32000732421875,176.54969787597656,172.4199981689453,172.57949829101562,10179348.0
2024-04-04 18:30:00,172.55999755859375,172.55999755859375,166.25999450683594,166.32009887695312,20725791.0
2024-04-04 19:30:00,166.3300018310547,167.25999450683594,165.64999389648438,165.77000427246094,11675186.0
2024-04-05 13:30:00,168.08200073242188,170.97999572753906,165.5800018310547,169.97000122070312,24314821.0
2024-04-05 14:30:00,169.99000549316406,171.5500030517578,169.0800018310547,171.3704071044922,11721152.0
2024-04-05 15:30:00,171.3699951171875,172.30999755859375,171.22000122070312,171.82000732421875,6236058.0
2024-04-05 16:30:00,171.8350067138672,172.69000244140625,171.41000366210938,172.10189819335938,5400588.0
2024-04-05 17:30:00,172.11000061035156,172.5,170.0800018310547,170.52000427246094,7529890.0
2024-04-05 18:30:00,170.57000732421875,171.34129333496094,170.27000427246094,170.58999633789062,4132488.0
2024-04-05 19:30:00,170.5800018310547,171.3300018310547,170.24000549316406,170.38999938964844,4481865.0
2024-04-08 13:30:00,168.22999572753906,170.85000610351562,166.82000732421875,170.46499633789062,15224101.0
2024-04-08 14:30:00,170.47999572753906,171.65989685058594,169.63999938964844,169.89999389648438,7172190.0
2024-04-08 15:30:00,169.89999389648438,169.9929962158203,168.58999633789062,168.9600067138672,5851791.0
2024-04-08 16:30:00,168.97000122070312,170.49000549316406,168.86000061035156,170.3800048828125,4052636.0
2024-04-08 17:30:00,170.39999389648438,170.47000122070312,169.6699981689453,170.18060302734375,3463336.0
2024-04-08 18:30:00,170.1800994873047,170.61990356445312,169.60000610351562,169.9499969482422,3515519.0
2024-04-08 19:30:00,169.94000244140625,170.34669494628906,169.33999633789062,169.88999938964844,3295133.0
2024-04-09 13:30:00,170.1300048828125,171.60000610351562,168.23019409179688,168.89999389648438,11973168.0
2024-04-09 14:30:00,168.9315948486328,169.32000732421875,167.2899932861328,168.6199951171875,7995172.0
2024-04-09 15:30:00,168.60000610351562,169.97000122070312,167.80999755859375,169.5341033935547,4597999.0
2024-04-09 16:30:00,169.5500030517578,170.1300048828125,168.32090759277344,168.39999389648438,4808532.0
2024-04-09 17:30:00,168.39999389648438,169.75999450683594,168.3300018310547,169.57000732421875,3867842.0
2024-04-09 18:30:00,169.56649780273438,170.24000549316406,168.75999450683594,170.1699981689453,4145036.0
2024-04-09 19:30:00,170.16000366210938,170.86000061035156,169.4199981689453,170.77999877929688,4271054.0
2024-04-10 13:30:00,166.6999969482422,169.77520751953125,166.2899932861328,167.60000610351562,14116876.0
2024-04-10 14:30:00,167.63999938964844,168.16000366210938,166.02000427246094,167.82000732421875,8751962.0
2024-04-10 15:30:00,167.81500244140625,167.83970642089844,165.6699981689453,165.8699951171875,6356358.0
2024-04-10 16:30:00,165.8699951171875,166.44000244140625,164.41000366210938,165.21009826660156,8531089.0
2024-04-10 17:30:00,165.1999969482422,165.59750366210938,164.22999572753906,164.52999877929688,6737683.0
2024-04-10 18:30:00,164.5500030517578,170.77999877929688,164.3000030517578,166.1649932861328,6758003.0
2024-04-10 19:30:00,166.13999938964844,167.22999572753906,165.89500427246094,167.0800018310547,5649352.0
2024-04-11 13:30:00,167.49000549316406,169.85000610351562,166.5491943359375,169.07000732421875,13783463.0
2024-04-11 14:30:00,169.08999633789062,170.5399932861328,168.8249969482422,169.27499389648438,9168845.0
2024-04-11 15:30:00,169.27999877929688,169.49000549316406,168.3699951171875,168.37010192871094,5459507.0
2024-04-11 16:30:00,168.3800048828125,170.4499969482422,168.25160217285156,170.03500366210938,5355758.0
2024-04-11 17:30:00,170.0399932861328,170.42999267578125,169.2100067138672,170.36000061035156,4636190.0
2024-04-11 18:30:00,170.38999938964844,170.45989990234375,169.2635955810547,170.25,4226392.0
2024-04-11 19:30:00,170.24000549316406,170.9499053955078,170.02000427246094,170.47000122070312,4007900.0
2024-04-12 13:30:00,164.52000427246094,165.6999969482422,161.8300018310547,163.92050170898438,22208969.0
2024-04-12 14:30:00,163.9600067138672,164.97000122070312,163.10000610351562,164.15499877929688,8597544.0
2024-04-12 15:30:00,164.13999938964844,164.57000732421875,163.4199981689453,163.7100067138672,6010598.0
2024-04-12 16:30:00,163.71499633789062,163.83990478515625,162.3000030517578,162.9600067138672,6546688.0
2024-04-12 17:30:00,162.94000244140625,163.72000122070312,162.5,162.85000610351562,4600104.0
2024-04-12 18:30:00,162.8699951171875,163.07000732421875,161.92999267578125,162.75,5988548.0
2024-04-12 19:30:00,162.75,164.0489959716797,162.75,163.27999877929688,5942412.0
2024-04-15 13:30:00,164.40499877929688,164.44000244140625,159.30999755859375,162.61000061035156,19109499.0
2024-04-15 14:30:00,162.6300048828125,163.32949829101562,161.57159423828125,163.01499938964844,7901801.0
2024-04-15 15:30:00,163.02999877929688,163.4420928955078,161.8699951171875,161.98989868164062,5390679.0
2024-04-15 16:30:00,161.99020385742188,162.39999389648438,159.7949981689453,159.92999267578125,6199711.0
2024-04-15 17:30:00,159.9600067138672,160.7100067138672,158.77000427246094,160.4499969482422,8484274.0
2024-04-15 18:30:00,160.44000244140625,161.41799926757812,160.07699584960938,160.48240661621094,6763864.0
2024-04-15 19:30:00,160.50999450683594,161.16380310058594,160.3000030517578,160.32000732421875,4263861.0
2024-04-16 13:30:00,162.25999450683594,164.17880249023438,161.6699981689453,162.89999389648438,16182229.0
2024-04-16 14:30:00,162.89649963378906,164.60000610351562,162.6999969482422,164.595703125,8511007.0
2024-04-16 15:30:00,164.59500122070312,164.87989807128906,162.63999938964844,162.95989990234375,7363476.0
2024-04-16 16:30:00,162.9080047607422,163.99000549316406,162.82000732421875,163.3000946044922,4477789.0
2024-04-16 17:30:00,163.3300018310547,164.4199981689453,162.0,162.85009765625,7651276.0
2024-04-16 18:30:00,162.85000610351562,164.23989868164062,162.77000427246094,163.889892578125,5227496.0
2024-04-16 19:30:00,163.85000610351562,164.14999389648438,163.17999267578125,163.44000244140625,3576937.0
2024-04-17 13:30:00,163.8000030517578,164.4499969482422,160.6199951171875,161.6300048828125,13062317.0
2024-04-17 14:30:00,161.625,161.99000549316406,160.0500946044922,160.32000732421875,6939966.0
2024-04-17 15:30:00,160.3238983154297,160.4600067138672,156.6251983642578,157.35000610351562,11092851.0
2024-04-17 16:30:00,157.36990356445312,157.5,155.5,156.39999389648438,11511561.0
2024-04-17 17:30:00,156.36500549316406,157.15960693359375,155.3300018310547,155.78089904785156,9421836.0
2024-04-17 18:30:00,155.82000732421875,157.41000366210938,154.45140075683594,154.5,11197035.0
2024-04-17 19:30:00,154.49000549316406,155.41920471191406,153.8800048828125,154.00999450683594,8250772.0
2024-04-18 13:30:00,155.5399932861328,156.10000610351562,152.32000732421875,155.1343994140625,17341556.0
2024-04-18 14:30:00,155.1179962158203,156.95989990234375,154.77000427246094,155.5800018310547,8936337.0
2024-04-18 15:30:00,155.63999938964844,156.6999969482422,155.33009338378906,156.2100067138672,4656536.0
2024-04-18 16:30:00,156.22900390625,156.24000549316406,153.4600067138672,154.27000427246094,5307540.0
2024-04-18 17:30:00,154.25,155.01010131835938,153.57000732421875,154.6199951171875,4642730.0
2024-04-18 18:30:00,154.63999938964844,155.10499572753906,153.9149932861328,154.75360107421875,4625534.0
2024-04-18 19:30:00,154.77000427246094,155.30999755859375,154.47999572753906,155.09500122070312,3954100.0
2024-04-19 13:30:00,151.58999633789062,154.22000122070312,150.4199981689453,151.32000732421875,17104284.0
2024-04-19 14:30:00,151.3000030517578,152.0399932861328,149.38999938964844,149.72999572753906,10745703.0
2024-04-19 15:30:00,149.72000122070312,150.10789489746094,147.6999969482422,147.9409942626953,8839573.0
2024-04-19 16:30:00,147.9698944091797,149.72999572753906,147.89999389648438,149.04989624023438,7340843.0
2024-04-19 17:30:00,149.02999877929688,149.9199981689453,146.85000610351562,146.8800048828125,6924950.0
2024-04-19 18:30:00,146.85499572753906,147.35960388183594,145.3000030517578,146.21690368652344,9671680.0
2024-04-19 19:30:00,146.1999969482422,147.02999877929688,145.8699951171875,146.52999877929688,6463097.0
2024-04-22 13:30:00,148.19000244140625,149.88999938964844,145.6300048828125,146.08999633789062,15592548.0
2024-04-22 14:30:00,146.10000610351562,147.32000732421875,145.89199829101562,147.30999755859375,7947790.0
2024-04-22 15:30:00,147.29110717773438,147.72999572753906,146.77999877929688,147.32839965820312,5303945.0
2024-04-22 16:30:00,147.31199645996094,148.3000030517578,146.75259399414062,148.22000122070312,3804223.0
2024-04-22 17:30:00,148.22000122070312,149.4882049560547,148.1553955078125,149.09689331054688,4629891.0
2024-04-22 18:30:00,149.10000610351562,149.5399932861328,148.3000030517578,148.73899841308594,5034412.0
2024-04-22 19:30:00,148.72000122070312,148.83990478515625,147.88290405273438,148.6300048828125,3375877.0
2024-04-23 13:30:00,151.64999389648438,153.0399932861328,150.37240600585938,152.81500244140625,14757487.0
2024-04-23 14:30:00,152.82000732421875,153.13999938964844,151.82000732421875,152.69500732421875,6734686.0
2024-04-23 15:30:00,152.69090270996094,153.49000549316406,152.1999969482422,153.02099609375,5390850.0
2024-04-23 16:30:00,153.02999877929688,153.22000122070312,152.05999755859375,152.38999938964844,4309003.0
2024-04-23 17:30:00,152.38999938964844,153.4134063720703,152.25999450683594,153.27000427246094,3926168.0
2024-04-23 18:30:00,153.27000427246094,153.4799041748047,152.75999450683594,152.97999572753906,3587144.0
2024-04-23 19:30:00,152.99000549316406,153.01499938964844,151.9199981689453,152.29209899902344,3983799.0
2024-04-24 13:30:00,156.697998046875,157.65980529785156,153.8441925048828,154.27000427246094,12704285.0
2024-04-24 14:30:00,154.27000427246094,154.5800018310547,151.50010681152344,152.1199951171875,7707612.0
2024-04-24 15:30:00,152.1300048828125,152.4499969482422,150.80050659179688,151.38470458984375,5662039.0
2024-04-24 16:30:00,151.36709594726562,152.00999450683594,150.83999633789062,151.7707977294922,4805277.0
2024-04-24 17:30:00,151.75999450683594,152.5,150.97999572753906,151.03729248046875,3457395.0
2024-04-24 18:30:00,151.01220703125,151.77960205078125,150.6300048828125,151.58999633789062,3540076.0
2024-04-24 19:30:00,151.58999633789062,151.88999938964844,151.3699951171875,151.67999267578125,2724352.0
2024-04-25 13:30:00,149.14700317382812,153.38580322265625,146.75,152.55999755859375,13748404.0
2024-04-25 14:30:00,152.5885009765625,153.02000427246094,151.7449951171875,152.6501007080078,5278938.0
2024-04-25 15:30:00,152.6699981689453,153.47000122070312,151.7899932861328,153.36000061035156,4333271.0
2024-04-25 16:30:00,153.35989379882812,153.9600067138672,153.00999450683594,153.55099487304688,3656989.0
2024-04-25 17:30:00,153.54969787597656,154.47000122070312,153.33999633789062,153.3800048828125,3683961.0
2024-04-25 18:30:00,153.36000061035156,155.13999938964844,153.2301025390625,154.82000732421875,4444938.0
2024-04-25 19:30:00,154.82989501953125,154.8300018310547,153.3300018310547,153.74099731445312,3610073.0
2024-04-26 13:30:00,154.1199951171875,158.625,153.42520141601562,156.66099548339844,13988330.0
2024-04-26 14:30:00,156.69009399414062,158.46009826660156,156.52999877929688,158.0,6778446.0
2024-04-26 15:30:00,158.02999877929688,158.44949340820312,157.39999389648438,157.77000427246094,4295943.0
2024-04-26 16:30:00,157.75999450683594,158.5399932861328,157.5,158.31689453125,4073765.0
2024-04-26 17:30:00,158.3300018310547,158.44000244140625,157.1199951171875,157.51449584960938,4260734.0
2024-04-26 18:30:00,157.50799560546875,157.72999572753906,156.9600067138672,157.44839477539062,3087422.0
2024-04-26 19:30:00,157.4499969482422,157.60000610351562,156.99000549316406,157.35000610351562,3334487.0
2024-04-29 13:30:00,159.05999755859375,160.72999572753906,156.2602996826172,159.39999389648438,15112851.0
2024-04-29 14:30:00,159.40899658203125,160.5500030517578,158.99020385742188,160.02000427246094,7028726.0
2024-04-29 15:30:00,160.02999877929688,160.09669494628906,159.0,159.52000427246094,4447787.0
2024-04-29 16:30:00,159.52310180664062,160.77000427246094,159.25999450683594,160.70480346679688,3189466.0
2024-04-29 17:30:00,160.7100067138672,160.75010681152344,159.914306640625,160.18499755859375,3784033.0
2024-04-29 18:30:00,160.17250061035156,160.30990600585938,158.57000732421875,159.4199981689453,4181436.0
2024-04-29 19:30:00,159.44000244140625,160.24000549316406,159.34500122070312,160.19000244140625,3415550.0
2024-04-30 13:30:00,160.5,162.2899932861328,158.94000244140625,160.33999633789062,14200295.0
2024-04-30 14:30:00,160.3000030517578,161.69000244140625,159.86000061035156,160.6199951171875,7695720.0
2024-04-30 15:30:00,160.6300048828125,160.9398956298828,160.1300048828125,160.36000061035156,4878844.0
2024-04-30 16:30:00,160.3800048828125,160.3800048828125,159.02000427246094,159.82139587402344,5065322.0
2024-04-30 17:30:00,159.8000946044922,160.92999267578125,159.70089721679688,160.239501953125,5047931.0
2024-04-30 18:30:00,160.25,160.9600067138672,159.6999969482422,160.12339782714844,6294341.0
2024-04-30 19:30:00,160.1300048828125,160.27000427246094,158.35000610351562,158.36000061035156,6476834.0
2024-05-01 13:30:00,148.23500061035156,151.33999633789062,145.6300048828125,147.6300048828125,27050661.0
2024-05-01 14:30:00,147.63999938964844,148.1999969482422,142.86000061035156,144.16000366210938,13828747.0
2024-05-01 15:30:00,144.13999938964844,145.17999267578125,142.13999938964844,143.7550048828125,10531087.0
2024-05-01 16:30:00,143.75079345703125,144.68499755859375,142.94810485839844,144.24000549316406,5580856.0
2024-05-01 17:30:00,144.25,145.58999633789062,143.57000732421875,145.52110290527344,6614819.0
2024-05-01 18:30:00,145.52999877929688,148.97999572753906,143.86000061035156,147.05999755859375,13340228.0
2024-05-01 19:30:00,147.0449981689453,147.0449981689453,143.85000610351562,144.24000549316406,7943935.0
2024-05-02 13:30:00,145.67739868164062,147.6199951171875,141.15499877929688,143.26010131835938,18967249.0
2024-05-02 14:30:00,143.26010131835938,144.83999633789062,143.125,144.4199981689453,7614237.0
2024-05-02 15:30:00,144.41099548339844,145.25,144.0399932861328,145.02999877929688,4671690.0
2024-05-02 16:30:00,145.02000427246094,145.63999938964844,144.25,145.393798828125,3912131.0
2024-05-02 17:30:00,145.38999938964844,146.10000610351562,144.89019775390625,145.89999389648438,3476952.0
2024-05-02 18:30:00,145.9219970703125,146.4499969482422,145.360107421875,146.14999389648438,4929768.0
2024-05-02 19:30:00,146.1490936279297,146.32000732421875,145.24000549316406,146.16000366210938,3898724.0
2024-05-03 13:30:00,147.6300048828125,149.9600067138672,147.25,148.3000030517578,14390174.0
2024-05-03 14:30:00,148.3144073486328,149.4499053955078,147.60000610351562,148.49000549316406,8066181.0
2024-05-03 15:30:00,148.5,150.77999877929688,148.08999633789062,150.3699951171875,7953926.0
2024-05-03 16:30:00,150.3699951171875,150.7899932861328,149.77000427246094,150.05999755859375,5190655.0
2024-05-03 17:30:00,150.05999755859375,150.47999572753906,149.8332977294922,150.38499450683594,3698487.0
2024-05-03 18:30:00,150.38499450683594,150.64649963378906,150.13999938964844,150.55999755859375,3779399.0
2024-05-03 19:30:00,150.5500030517578,150.6300048828125,150.1699981689453,150.60000610351562,3268093.0
2024-05-06 13:30:00,152.94200134277344,155.9499969482422,151.25999450683594,155.85000610351562,13446672.0
2024-05-06 14:30:00,155.52000427246094,156.16990661621094,150.60000610351562,155.7707061767578,7275138.0
2024-05-06 15:30:00,155.77999877929688,156.64999389648438,154.77999877929688,154.80380249023438,7368844.0
2024-05-06 16:30:00,154.79190063476562,155.25990295410156,154.42999267578125,155.02999877929688,3879963.0
2024-05-06 17:30:00,155.01600646972656,155.1999969482422,154.25,154.70880126953125,3130192.0
2024-05-06 18:30:00,154.72000122070312,155.1699981689453,154.2899932861328,155.14999389648438,3621682.0
2024-05-06 19:30:00,155.16000366210938,155.82000732421875,154.9600067138672,155.7899932861328,3778875.0
2024-05-07 13:30:00,156.25999450683594,157.6999969482422,154.3350067138672,155.87989807128906,11161359.0
2024-05-07 14:30:00,155.85000610351562,157.17999267578125,155.2200927734375,156.85499572753906,6122557.0
2024-05-07 15:30:00,156.83999633789062,157.10989379882812,155.57000732421875,155.6699981689453,3724325.0
2024-05-07 16:30:00,155.697998046875,155.78500366210938,155.17999267578125,155.53990173339844,3414898.0
2024-05-07 17:30:00,155.52000427246094,155.72000122070312,154.2259979248047,154.3498992919922,3460509.0
2024-05-07 18:30:00,154.3498992919922,154.5500030517578,153.66000366210938,154.33999633789062,4294564.0
2024-05-07 19:30:00,154.36000061035156,154.9600067138672,153.92010498046875,154.39700317382812,2976849.0
2024-05-08 13:30:00,153.28680419921875,155.3300018310547,152.52000427246094,154.85000610351562,8783245.0
2024-05-08 14:30:00,154.83999633789062,155.17999267578125,152.72000122070312,152.95849609375,5268695.0
2024-05-08 15:30:00,152.9499969482422,153.69290161132812,152.6999969482422,153.3029022216797,3557820.0
2024-05-08 16:30:00,153.3000030517578,153.60000610351562,152.77000427246094,152.7899932861328,2516790.0
2024-05-08 17:30:00,152.77999877929688,153.47000122070312,152.72000122070312,153.33999633789062,2233105.0
2024-05-08 18:30:00,153.35000610351562,153.39999389648438,152.95010375976562,153.33999633789062,1886681.0
2024-05-08 19:30:00,153.3300018310547,153.74000549316406,153.27029418945312,153.63999938964844,2267042.0
2024-05-09 13:30:00,153.07000732421875,154.0919952392578,150.61000061035156,150.99000549316406,10599648.0
2024-05-09 14:30:00,150.99000549316406,153.14999389648438,150.9499969482422,152.82000732421875,5506099.0
2024-05-09 15:30:00,152.8350067138672,153.1300048828125,151.95799255371094,152.71009826660156,3293472.0
2024-05-09 16:30:00,152.7100067138672,153.11000061035156,152.00999450683594,152.25,2709785.0
2024-05-09 17:30:00,152.24000549316406,152.5399932861328,152.0399932861328,152.24000549316406,2824803.0
2024-05-09 18:30:00,152.25990295410156,152.75,152.05999755859375,152.32000732421875,2807029.0
2024-05-09 19:30:00,152.32000732421875,152.6472930908203,152.22999572753906,152.33999633789062,2514943.0
2024-05-10 13:30:00,154.2873992919922,156.3699951171875,151.9582061767578,151.9582061767578,14521065.0
2024-05-10 14:30:00,151.9799041748047,152.53529357910156,151.30999755859375,152.21499633789062,7719335.0
2024-05-10 15:30:00,152.1999969482422,152.2550048828125,151.33999633789062,151.83990478515625,3124221.0
2024-05-10 16:30:00,151.84500122070312,152.49000549316406,151.60549926757812,152.19000244140625,2836855.0
2024-05-10 17:30:00,152.19000244140625,152.55990600585938,152.0800018310547,152.43080139160156,2250040.0
2024-05-10 18:30:00,152.4149932861328,152.60000610351562,151.88999938964844,152.0500030517578,2487933.0
2024-05-10 19:30:00,152.05999755859375,152.24000549316406,151.55999755859375,151.91000366210938,2822563.0
2024-05-13 13:30:00,151.27999877929688,153.3300018310547,151.2100067138672,152.44500732421875,8006762.0
2024-05-13 14:30:00,152.4447021484375,153.25,151.9499969482422,152.60000610351562,3658348.0
2024-05-13 15:30:00,152.58999633789062,153.02000427246094,152.07000732421875,152.40069580078125,2932538.0
2024-05-13 16:30:00,152.40499877929688,152.77999877929688,151.3300018310547,152.13999938964844,2835554.0
2024-05-13 17:30:00,152.1300048828125,152.1591033935547,151.50999450683594,151.7198944091797,2300536.0
2024-05-13 18:30:00,151.6929931640625,152.0,151.36500549316406,151.55259704589844,2384800.0
2024-05-13 19:30:00,151.55149841308594,151.6199951171875,150.39999389648438,150.55999755859375,3532329.0
2024-05-14 13:30:00,150.61000061035156,152.0399932861328,148.77999877929688,151.87989807128906,10431572.0
2024-05-14 14:30:00,151.91000366210938,153.40499877929688,150.72000122070312,153.4001007080078,5883269.0
2024-05-14 15:30:00,153.40989685058594,153.48789978027344,152.39999389648438,152.77999877929688,3713059.0
2024-05-14 16:30:00,152.75,152.8000030517578,151.9300994873047,152.11500549316406,2181074.0
2024-05-14 17:30:00,152.11500549316406,152.75999450683594,151.88999938964844,152.38999938964844,1966142.0
2024-05-14 18:30:00,152.38499450683594,153.22000122070312,152.27000427246094,153.02029418945312,2355925.0
2024-05-14 19:30:00,153.00999450683594,153.2100067138672,152.7176055908203,153.16000366210938,2478585.0
2024-05-15 13:30:00,155.58799743652344,157.49000549316406,154.6999969482422,156.82000732421875,11108847.0
2024-05-15 14:30:00,156.83999633789062,158.57000732421875,156.63690185546875,157.1865997314453,8314994.0
2024-05-15 15:30:00,157.17010498046875,157.6300048828125,156.66000366210938,157.41189575195312,3854069.0
2024-05-15 16:30:00,157.44000244140625,158.72000122070312,157.1999969482422,158.5399932861328,4380670.0
2024-05-15 17:30:00,158.52999877929688,159.33999633789062,158.3699951171875,158.9499969482422,4277467.0
2024-05-15 18:30:00,158.9600067138672,159.27999877929688,158.7449951171875,159.1531982421875,3557754.0
2024-05-15 19:30:00,159.16200256347656,159.69000244140625,158.88999938964844,159.66000366210938,3709479.0
2024-05-16 13:30:00,160.9600067138672,164.02000427246094,159.92999267578125,163.9320068359375,18254894.0
2024-05-16 14:30:00,163.9600067138672,167.1199951171875,163.19000244140625,166.8000030517578,14724893.0
2024-05-16 15:30:00,166.7993927001953,168.05999755859375,165.60000610351562,166.94000244140625,14448649.0
2024-05-16 16:30:00,166.9199981689453,167.02000427246094,164.5800018310547,164.860107421875,7469082.0
2024-05-16 17:30:00,164.86000061035156,165.4499969482422,163.6999969482422,163.86500549316406,7785599.0
2024-05-16 18:30:00,163.86000061035156,164.52000427246094,163.85189819335938,164.19000244140625,5248769.0
2024-05-16 19:30:00,164.2030029296875,164.3300018310547,162.57400512695312,162.61000061035156,5117234.0
2024-05-17 13:30:00,168.40499877929688,169.72000122070312,164.24000549316406,166.74850463867188,25994406.0
2024-05-17 14:30:00,166.72970581054688,167.6199951171875,166.30999755859375,166.9600067138672,8565467.0
2024-05-17 15:30:00,166.9250030517578,167.0399932861328,165.1199951171875,165.33999633789062,5644511.0
2024-05-17 16:30:00,165.36000061035156,165.56500244140625,164.2902069091797,164.5316925048828,6500811.0
2024-05-17 17:30:00,164.54629516601562,164.63999938964844,162.32000732421875,162.74000549316406,6358319.0
2024-05-17 18:30:00,162.7635955810547,164.19859313964844,162.42010498046875,163.8699951171875,6809105.0
2024-05-17 19:30:00,163.86000061035156,164.61000061035156,163.72000122070312,164.4550018310547,4178568.0
2024-05-20 13:30:00,165.5500030517578,168.32000732421875,164.5800018310547,164.98080444335938,14587258.0
2024-05-20 14:30:00,164.99000549316406,166.8498992919922,164.47000122070312,166.6750030517578,7875663.0
2024-05-20 15:30:00,166.6898956298828,167.13600158691406,165.83999633789062,166.8699951171875,4750107.0
2024-05-20 16:30:00,166.86500549316406,168.35989379882812,166.82000732421875,166.9199981689453,5397135.0
2024-05-20 17:30:00,166.9001007080078,167.02999877929688,166.0399932861328,166.42019653320312,3684456.0
2024-05-20 18:30:00,166.42999267578125,166.818603515625,166.19000244140625,166.47000122070312,3281123.0
2024-05-20 19:30:00,166.4600067138672,166.67999267578125,165.75,166.35000610351562,3131754.0
2024-05-21 13:30:00,164.0,165.05990600585938,163.10000610351562,164.24000549316406,10116412.0
2024-05-21 14:30:00,164.26499938964844,164.94000244140625,163.7899932861328,164.35000610351562,4577245.0
2024-05-21 15:30:00,164.34500122070312,165.8300018310547,164.0,165.26939392089844,4244293.0
2024-05-21 16:30:00,165.25999450683594,165.52000427246094,164.89999389648438,165.36940002441406,2476917.0
2024-05-21 17:30:00,165.34500122070312,165.50999450683594,164.32069396972656,164.39500427246094,2769869.0
2024-05-21 18:30:00,164.39199829101562,164.77000427246094,164.14999389648438,164.36000061035156,2281716.0
2024-05-21 19:30:00,164.36500549316406,164.88999938964844,164.35000610351562,164.66000366210938,2310463.0
2024-05-22 13:30:00,167.5800018310547,169.81480407714844,165.89010620117188,167.38999938964844,13324426.0
2024-05-22 14:30:00,167.39999389648438,168.88999938964844,167.1199951171875,168.21929931640625,7167524.0
2024-05-22 15:30:00,168.2100067138672,168.6699981689453,166.94000244140625,167.03329467773438,4085130.0
2024-05-22 16:30:00,167.04989624023438,167.27000427246094,165.72000122070312,166.0850067138672,4398452.0
2024-05-22 17:30:00,166.04010009765625,166.22000122070312,163.86000061035156,164.0198974609375,5240819.0
2024-05-22 18:30:00,164.02000427246094,165.02000427246094,163.95669555664062,164.97000122070312,4234594.0
2024-05-22 19:30:00,164.97000122070312,165.66000366210938,164.4949951171875,165.58999633789062,3990156.0
2024-05-23 13:30:00,170.197998046875,173.13999938964844,164.25999450683594,165.30589294433594,26183320.0
2024-05-23 14:30:00,165.30999755859375,165.77999877929688,160.39019775390625,163.48500061035156,21337626.0
2024-05-23 15:30:00,163.49000549316406,164.5,162.82000732421875,164.05999755859375,10641923.0
2024-05-23 16:30:00,164.0500030517578,164.1898956298828,161.39999389648438,162.0050048828125,6415162.0
2024-05-23 17:30:00,162.00979614257812,162.11399841308594,158.75999450683594,158.8939971923828,8946247.0
2024-05-23 18:30:00,158.8699951171875,159.55999755859375,158.27999877929688,159.09800720214844,7943831.0
2024-05-23 19:30:00,159.10000610351562,160.56500244140625,159.10000610351562,160.47999572753906,6049954.0
2024-05-24 13:30:00,161.41200256347656,165.889892578125,160.25,165.2899932861328,17688630.0
2024-05-24 14:30:00,165.2949981689453,166.49000549316406,164.7899932861328,165.8101043701172,8954506.0
2024-05-24 15:30:00,165.82940673828125,167.0800018310547,165.66549682617188,166.63160705566406,6505866.0
2024-05-24 16:30:00,166.6497039794922,166.88999938964844,165.5316925048828,166.1177978515625,4955308.0
2024-05-24 17:30:00,166.1199951171875,167.65989685058594,165.77000427246094,167.13999938964844,5025678.0
2024-05-24 18:30:00,167.12289428710938,167.17999267578125,166.10000610351562,166.47000122070312,4610435.0
2024-05-24 19:30:00,166.46009826660156,166.8000030517578,165.89999389648438,166.3699951171875,3574595.0
2024-05-28 13:30:00,169.50999450683594,170.3000030517578,164.9600067138672,169.22999572753906,16239032.0
2024-05-28 14:30:00,169.2100067138672,172.6197967529297,168.91009521484375,172.2799072265625,14774174.0
2024-05-28 15:30:00,172.3000030517578,172.85000610351562,171.6501007080078,172.27000427246094,7288249.0
2024-05-28 16:30:00,172.25999450683594,174.5500030517578,172.22000122070312,173.5800018310547,8553874.0
2024-05-28 17:30:00,173.57000732421875,174.27999877929688,171.8000030517578,171.89999389648438,5924567.0
2024-05-28 18:30:00,171.85009765625,172.1699981689453,170.33999633789062,171.5800018310547,7197821.0
2024-05-28 19:30:00,171.5800018310547,172.13999938964844,170.75,171.64999389648438,3958012.0
2024-05-29 13:30:00,167.47000122070312,168.3800048828125,162.91000366210938,165.22500610351562,21529570.0
2024-05-29 14:30:00,165.24000549316406,166.83999633789062,164.5500030517578,166.81939697265625,8377456.0
2024-05-29 15:30:00,166.80499267578125,166.80999755859375,165.66000366210938,166.22999572753906,5035787.0
2024-05-29 16:30:00,166.22000122070312,166.8000030517578,165.5500030517578,166.42999267578125,4853279.0
2024-05-29 17:30:00,166.41000366210938,166.47999572753906,164.83059692382812,164.83059692382812,4707172.0
2024-05-29 18:30:00,164.82000732421875,166.10000610351562,164.6300048828125,165.87240600585938,5316025.0
2024-05-29 19:30:00,165.85000610351562,166.25,164.97999572753906,165.25999450683594,3911115.0
2024-05-30 13:30:00,167.5,167.9499969482422,164.17999267578125,165.34249877929688,11428811.0
2024-05-30 14:30:00,165.3300018310547,165.56829833984375,163.8000030517578,165.25660705566406,6012487.0
2024-05-30 15:30:00,165.25,167.58990478515625,165.1699981689453,167.1490936279297,6191760.0
2024-05-30 16:30:00,167.14999389648438,168.38929748535156,166.94000244140625,168.16000366210938,5059281.0
2024-05-30 17:30:00,168.1699981689453,168.7469024658203,167.0800018310547,167.6710968017578,4389643.0
2024-05-30 18:30:00,167.66220092773438,168.1898956298828,166.00999450683594,166.8000030517578,5385172.0
2024-05-30 19:30:00,166.8000030517578,167.2299041748047,165.36000061035156,166.74000549316406,5191687.0
2024-05-31 13:30:00,166.74000549316406,169.49000549316406,164.25579833984375,164.86000061035156,13963521.0
2024-05-31 14:30:00,164.7949981689453,164.7949981689453,161.9199981689453,162.42010498046875,9300148.0
2024-05-31 15:30:00,162.3699951171875,162.44920349121094,160.07000732421875,160.53590393066406,6347009.0
2024-05-31 16:30:00,160.5308074951172,162.85989379882812,160.52999877929688,162.83999633789062,4135859.0
2024-05-31 17:30:00,162.86000061035156,163.25999450683594,162.02999877929688,162.2960968017578,3930344.0
2024-05-31 18:30:00,162.30499267578125,164.23989868164062,162.1699981689453,163.8800048828125,4377609.0
2024-05-31 19:30:00,163.86000061035156,167.27999877929688,163.72999572753906,167.27000427246094,8059065.0
2024-06-03 13:30:00,170.77000427246094,171.0800018310547,165.17010498046875,166.33999633789062,18325270.0
2024-06-03 14:30:00,166.33009338378906,166.35000610351562,162.92999267578125,164.50169372558594,10337276.0
2024-06-03 15:30:00,164.47999572753906,165.3300018310547,161.14999389648438,161.5850067138672,9264759.0
2024-06-03 16:30:00,161.5800018310547,162.6300048828125,160.91009521484375,162.47999572753906,6194194.0
2024-06-03 17:30:00,162.50149536132812,162.86000061035156,161.94000244140625,162.27999877929688,4728877.0
2024-06-03 18:30:00,162.27789306640625,162.90499877929688,161.8800048828125,162.57000732421875,4247024.0
2024-06-03 19:30:00,162.58999633789062,163.6300048828125,162.2100067138672,163.6300048828125,4051172.0
2024-06-04 13:30:00,162.72999572753906,164.8300018310547,160.6199951171875,162.60989379882812,12691836.0
2024-06-04 14:30:00,162.58999633789062,163.05499267578125,160.81149291992188,160.87899780273438,6075804.0
2024-06-04 15:30:00,160.83999633789062,161.0959930419922,159.80999755859375,160.61000061035156,5672123.0
2024-06-04 16:30:00,160.6060028076172,161.27999877929688,159.91000366210938,160.46749877929688,4247940.0
2024-06-04 17:30:00,160.47999572753906,162.00999450683594,159.98500061035156,161.99000549316406,4347601.0
2024-06-04 18:30:00,161.99000549316406,162.0850067138672,158.87289428710938,159.38900756835938,7406791.0
2024-06-04 19:30:00,159.35499572753906,160.42999267578125,158.91009521484375,159.99000549316406,4475472.0
2024-06-05 13:30:00,162.07000732421875,166.0800018310547,161.3800048828125,165.97000122070312,17414898.0
2024-06-05 14:30:00,165.99000549316406,167.1199951171875,165.22000122070312,166.27000427246094,11094235.0
2024-06-05 15:30:00,166.25,166.27000427246094,164.77000427246094,164.88999938964844,6803674.0
2024-06-05 16:30:00,164.8800048828125,165.43260192871094,163.8105010986328,164.24560546875,6207848.0
2024-06-05 17:30:00,164.24319458007812,165.77999877929688,164.19500732421875,165.47000122070312,5484773.0
2024-06-05 18:30:00,165.44650268554688,166.20989990234375,165.25,165.74009704589844,4525871.0
2024-06-05 19:30:00,165.7100067138672,166.3000030517578,164.72000122070312,166.2449951171875,4607439.0
2024-06-06 13:30:00,165.24000549316406,167.63999938964844,163.86000061035156,167.5399932861328,14349887.0
2024-06-06 14:30:00,167.5800018310547,169.50999450683594,166.86000061035156,167.22999572753906,10627497.0
2024-06-06 15:30:00,167.1300048828125,167.75999450683594,166.44000244140625,166.66000366210938,4312543.0
2024-06-06 16:30:00,166.625,167.64990234375,165.3699951171875,167.49009704589844,4669209.0
2024-06-06 17:30:00,167.47000122070312,168.42999267578125,166.98399353027344,168.27000427246094,4199076.0
2024-06-06 18:30:00,168.26040649414062,168.65499877929688,167.20010375976562,167.69430541992188,3455533.0
2024-06-06 19:30:00,167.69500732421875,167.9199981689453,166.67999267578125,166.77999877929688,3199758.0
2024-06-07 13:30:00,166.60000610351562,169.4499969482422,165.86000061035156,167.42430114746094,13071274.0
2024-06-07 14:30:00,167.4199981689453,168.4600067138672,166.4499969482422,167.2716064453125,7408158.0
2024-06-07 15:30:00,167.25650024414062,168.1685028076172,166.66000366210938,168.1309051513672,4378599.0
2024-06-07 16:30:00,168.1699981689453,169.2239990234375,167.82000732421875,168.5500030517578,4651700.0
2024-06-07 17:30:00,168.5500030517578,168.75,166.13999938964844,166.8209991455078,4970455.0
2024-06-07 18:30:00,166.82000732421875,167.61000061035156,166.3820037841797,167.33999633789062,4425324.0
2024-06-07 19:30:00,167.30999755859375,168.0500030517578,167.1300048828125,167.88499450683594,3381072.0
2024-06-10 13:30:00,162.6999969482422,163.8800048828125,160.14999389648438,163.63999938964844,19182225.0
2024-06-10 14:30:00,163.63999938964844,165.5399932861328,162.6999969482422,163.2050018310547,10958865.0
2024-06-10 15:30:00,163.2050018310547,163.3489990234375,161.8300018310547,162.02499389648438,6947023.0
2024-06-10 16:30:00,162.0,162.5,161.0399932861328,161.08999633789062,6608999.0
2024-06-10 17:30:00,161.08999633789062,161.656494140625,160.1999969482422,160.39999389648438,7183506.0
2024-06-10 18:30:00,160.41000366210938,161.5,159.97000122070312,160.66000366210938,6593879.0
2024-06-10 19:30:00,160.64999389648438,160.8300018310547,159.61000061035156,160.36000061035156,6432988.0
2024-06-11 13:30:00,160.4600067138672,161.52000427246094,156.9199981689453,158.5399932861328,12550268.0
2024-06-11 14:30:00,158.5500030517578,159.30999755859375,157.82000732421875,158.63999938964844,6064254.0
2024-06-11 15:30:00,158.63499450683594,158.8300018310547,157.27000427246094,158.60780334472656,4804031.0
2024-06-11 16:30:00,158.6199951171875,159.43899536132812,158.2100067138672,158.63999938964844,4189756.0
2024-06-11 17:30:00,158.64500427246094,159.1999969482422,158.5,159.0050048828125,3133605.0
2024-06-11 18:30:00,159.00999450683594,159.47999572753906,158.0402069091797,158.08999633789062,3729256.0
2024-06-11 19:30:00,158.0850067138672,159.1300048828125,157.97000122070312,158.94000244140625,3537941.0
2024-06-12 13:30:00,160.32000732421875,161.8300018310547,158.9199981689453,161.35000610351562,13988445.0
2024-06-12 14:30:00,161.3699951171875,161.75,159.60000610351562,161.67999267578125,6121251.0
2024-06-12 15:30:00,161.66000366210938,162.2303009033203,160.58999633789062,161.13499450683594,5126528.0
2024-06-12 16:30:00,161.1300048828125,161.25,159.98129272460938,160.01019287109375,3226624.0
2024-06-12 17:30:00,160.0117950439453,160.7899932861328,159.16000366210938,160.6239013671875,5589054.0
2024-06-12 18:30:00,160.64999389648438,160.77999877929688,158.82000732421875,158.94000244140625,6173570.0
2024-06-12 19:30:00,158.9600067138672,160.69749450683594,158.6199951171875,160.1999969482422,4406152.0
2024-06-13 13:30:00,160.25,162.66000366210938,157.91000366210938,159.08990478515625,13884030.0
2024-06-13 14:30:00,159.08990478515625,159.44000244140625,157.30999755859375,158.389404296875,6679620.0
2024-06-13 15:30:00,158.36000061035156,159.47000122070312,158.16000366210938,158.35000610351562,4565226.0
2024-06-13 16:30:00,158.3699951171875,160.22999572753906,158.26499938964844,159.91000366210938,5040463.0
2024-06-13 17:30:00,159.91000366210938,161.1199951171875,159.82009887695312,160.10960388183594,4297941.0
2024-06-13 18:30:00,160.1071014404297,160.6199951171875,159.97000122070312,160.24000549316406,3675835.0
2024-06-13 19:30:00,160.23500061035156,160.5966033935547,159.5218963623047,159.8699951171875,3289399.0
2024-06-14 13:30:00,158.38999938964844,161.33990478515625,157.61000061035156,159.0802001953125,11783477.0
2024-06-14 14:30:00,159.08999633789062,160.0,158.1300048828125,159.25,5755020.0
2024-06-14 15:30:00,159.2510986328125,159.5,157.9351043701172,158.11500549316406,3705998.0
2024-06-14 16:30:00,158.1094970703125,159.53799438476562,158.0399932861328,159.40379333496094,2631074.0
2024-06-14 17:30:00,159.39999389648438,159.6999969482422,158.8699951171875,159.00999450683594,2789723.0
2024-06-14 18:30:00,159.0,160.0,158.86500549316406,159.0601043701172,2974371.0
2024-06-14 19:30:00,159.0500030517578,159.6999969482422,158.88999938964844,159.5749969482422,2639980.0
2024-06-17 13:30:00,158.0,158.75,154.13499450683594,154.75999450683594,15163907.0
2024-06-17 14:30:00,154.77499389648438,156.44000244140625,154.19000244140625,156.42999267578125,6700507.0
2024-06-17 15:30:00,156.4250030517578,157.0384979248047,155.72999572753906,157.01010131835938,4195810.0
2024-06-17 16:30:00,157.01010131835938,157.6999969482422,156.85000610351562,157.4600067138672,3393277.0
2024-06-17 17:30:00,157.4499969482422,159.18919372558594,157.0614013671875,158.84500122070312,5307615.0
2024-06-17 18:30:00,158.83999633789062,159.2299041748047,158.25,158.55999755859375,3686756.0
2024-06-17 19:30:00,158.5200958251953,158.5240020751953,157.92999267578125,158.38999938964844,3415334.0
2024-06-18 13:30:00,156.9969940185547,157.20970153808594,154.5,155.82919311523438,16278566.0
2024-06-18 14:30:00,155.8300018310547,156.1793975830078,154.0500030517578,154.3699951171875,7929171.0
2024-06-18 15:30:00,154.36000061035156,154.77999877929688,153.33999633789062,154.35989379882812,7360196.0
2024-06-18 16:30:00,154.35000610351562,155.27499389648438,154.0,154.2899932861328,5416159.0
2024-06-18 17:30:00,154.28500366210938,155.0399932861328,154.22999572753906,154.5500030517578,4405883.0
2024-06-18 18:30:00,154.5399932861328,154.94000244140625,154.0500030517578,154.33999633789062,3823909.0
2024-06-18 19:30:00,154.30499267578125,154.89010620117188,154.07000732421875,154.6199951171875,3693749.0
2024-06-20 13:30:00,155.59249877929688,163.91000366210938,155.52999877929688,163.6300048828125,29944249.0
2024-06-20 14:30:00,163.58999633789062,166.67999267578125,163.47999572753906,165.26010131835938,16866502.0
2024-06-20 15:30:00,165.25999450683594,166.82000732421875,161.75999450683594,161.82000732421875,12327169.0
2024-06-20 16:30:00,161.80999755859375,162.37989807128906,160.25,160.41000366210938,9852448.0
2024-06-20 17:30:00,160.43490600585938,163.05589294433594,159.3300018310547,162.91990661621094,9105774.0
2024-06-20 18:30:00,162.89999389648438,162.9600067138672,160.66000366210938,161.9250030517578,5970671.0
2024-06-20 19:30:00,161.9149932861328,163.1197052001953,161.5,161.77000427246094,5614166.0
2024-06-21 13:30:00,161.83999633789062,163.1999969482422,157.88999938964844,160.80499267578125,19039042.0
2024-06-21 14:30:00,160.7899932861328,161.6699981689453,160.10000610351562,160.9949951171875,7990161.0
2024-06-21 15:30:00,161.0,162.7899932861328,160.64019775390625,161.94369506835938,4996663.0
2024-06-21 16:30:00,161.97999572753906,162.4600067138672,160.3800048828125,161.0749969482422,4117148.0
2024-06-21 17:30:00,161.0500030517578,161.25,160.27000427246094,160.89500427246094,3342111.0
2024-06-21 18:30:00,160.85000610351562,160.9600067138672,160.2100067138672,160.83999633789062,3253853.0
2024-06-21 19:30:00,160.85000610351562,161.7550048828125,160.13059997558594,161.27000427246094,4297977.0
2024-06-24 13:30:00,159.75,160.83999633789062,158.19000244140625,159.30999755859375,9519192.0
2024-06-24 14:30:00,159.33999633789062,162.11000061035156,158.5800018310547,161.91990661621094,8241284.0
2024-06-24 15:30:00,161.92649841308594,163.39999389648438,161.39999389648438,162.5399932861328,7336850.0
2024-06-24 16:30:00,162.55279541015625,163.07000732421875,160.32989501953125,160.7050018310547,4818276.0
2024-06-24 17:30:00,160.6999969482422,160.77999877929688,159.44000244140625,160.1800994873047,4472711.0
2024-06-24 18:30:00,160.2100067138672,162.5399932861328,160.0500030517578,162.38999938964844,5002442.0
2024-06-24 19:30:00,162.3800048828125,162.49989318847656,160.2274932861328,160.25,3840777.0
2024-06-25 13:30:00,160.72000122070312,161.0,156.4600067138672,158.66940307617188,14761038.0
2024-06-25 14:30:00,158.67999267578125,159.60000610351562,157.80320739746094,159.60000610351562,5317378.0
2024-06-25 15:30:00,159.58999633789062,160.27999877929688,158.84010314941406,159.30990600585938,5220194.0
2024-06-25 16:30:00,159.30999755859375,159.389892578125,157.63009643554688,158.89999389648438,4385639.0
2024-06-25 17:30:00,158.90499877929688,159.74000549316406,158.61000061035156,159.74000549316406,2404116.0
2024-06-25 18:30:00,159.75,159.75990295410156,158.9600067138672,159.69979858398438,2542886.0
2024-06-25 19:30:00,159.69000244140625,160.36000061035156,159.36000061035156,160.28900146484375,3210545.0
2024-06-26 13:30:00,160.52000427246094,160.74000549316406,158.26010131835938,158.39990234375,8385961.0
2024-06-26 14:30:00,158.36000061035156,158.91000366210938,156.75,156.91000366210938,6548424.0
2024-06-26 15:30:00,156.89999389648438,157.82000732421875,156.53500366210938,157.2550048828125,4556013.0
2024-06-26 16:30:00,157.22999572753906,157.39999389648438,156.02000427246094,157.10279846191406,3877517.0
2024-06-26 17:30:00,157.0800018310547,157.24000549316406,156.4600067138672,156.77999877929688,2706267.0
2024-06-26 18:30:00,156.7949981689453,156.97999572753906,156.0,156.73989868164062,3750791.0
2024-06-26 19:30:00,156.72999572753906,157.83999633789062,156.57000732421875,157.5399932861328,4353478.0
2024-06-27 13:30:00,157.17999267578125,159.60000610351562,156.88999938964844,159.25,9938906.0
2024-06-27 14:30:00,159.22000122070312,159.3800048828125,157.74000549316406,158.17999267578125,4499501.0
2024-06-27 15:30:00,158.24000549316406,158.24000549316406,157.29010009765625,157.94000244140625,3124154.0
2024-06-27 16:30:00,157.92640686035156,158.49989318847656,157.80999755859375,158.19940185546875,1982823.0
2024-06-27 17:30:00,158.1999969482422,159.3300018310547,158.16000366210938,159.2895050048828,3135807.0
2024-06-27 18:30:00,159.27000427246094,160.61000061035156,159.25,160.06149291992188,5304343.0
2024-06-27 19:30:00,160.0500946044922,160.19000244140625,158.83999633789062,159.47999572753906,3545431.0
2024-06-28 13:30:00,160.1199951171875,166.4499969482422,159.41000366210938,165.55999755859375,16477188.0
2024-06-28 14:30:00,165.5500030517578,166.0998992919922,162.11000061035156,162.72999572753906,9966587.0
2024-06-28 15:30:00,162.7220001220703,163.1300048828125,161.61000061035156,162.5,6077670.0
2024-06-28 16:30:00,162.47000122070312,163.44000244140625,161.25999450683594,163.05799865722656,4201479.0
2024-06-28 17:30:00,163.07000732421875,163.25999450683594,161.97000122070312,162.13999938964844,3941572.0
2024-06-28 18:30:00,162.14999389648438,162.2698974609375,161.42010498046875,161.57989501953125,3312381.0
2024-06-28 19:30:00,161.5679931640625,162.67999267578125,160.5,162.2100067138672,4441209.0
2024-07-01 13:30:00,161.2899932861328,161.50680541992188,153.63999938964844,154.42999267578125,17379351.0
2024-07-01 14:30:00,154.43960571289062,156.22500610351562,153.92050170898438,156.14010620117188,8707916.0
2024-07-01 15:30:00,156.14999389648438,157.25900268554688,155.7899932861328,156.88999938964844,5454366.0
2024-07-01 16:30:00,156.86000061035156,157.1300048828125,155.88999938964844,156.24989318847656,3443273.0
2024-07-01 17:30:00,156.22500610351562,157.58079528808594,155.94000244140625,156.88999938964844,3744566.0
2024-07-01 18:30:00,156.89999389648438,158.0299072265625,156.81900024414062,156.9600067138672,5078559.0
2024-07-01 19:30:00,156.9600067138672,157.88999938964844,156.75999450683594,157.69000244140625,3719422.0
2024-07-02 13:30:00,157.0399932861328,161.14259338378906,156.6999969482422,157.35879516601562,14253163.0
2024-07-02 14:30:00,157.3000030517578,159.64999389648438,157.10000610351562,159.27499389648438,7398529.0
2024-07-02 15:30:00,159.27000427246094,159.8699951171875,158.7200927734375,159.27000427246094,5366515.0
2024-07-02 16:30:00,159.28970336914062,161.4282989501953,159.139892578125,160.72000122070312,5233059.0
2024-07-02 17:30:00,160.75999450683594,162.4405059814453,160.6800994873047,162.32000732421875,5957301.0
2024-07-02 18:30:00,162.31199645996094,164.22000122070312,162.22999572753906,163.91070556640625,7877710.0
2024-07-02 19:30:00,163.91000366210938,164.57000732421875,163.8300018310547,164.2899932861328,5991266.0
2024-07-03 13:30:00,164.39999389648438,165.25,162.51010131835938,163.29989624023438,11401335.0
2024-07-03 14:30:00,163.3000030517578,164.3800048828125,163.0,164.31809997558594,4835263.0
2024-07-03 15:30:00,164.32000732421875,165.16000366210938,162.69000244140625,165.0998992919922,5430227.0
2024-07-03 17:00:00,165.07000732421875,165.11740112304688,163.44090270996094,163.5800018310547,0.0
2024-07-05 13:30:00,165.9199981689453,170.38499450683594,165.67999267578125,170.0,16807422.0
2024-07-05 14:30:00,170.0,172.19000244140625,169.1699981689453,170.74000549316406,10795799.0
2024-07-05 15:30:00,170.72999572753906,174.0395965576172,170.6300048828125,173.87820434570312,8995783.0
2024-07-05 16:30:00,173.8699951171875,173.88999938964844,171.2100067138672,172.13999938964844,7716441.0
2024-07-05 17:30:00,172.15899658203125,173.0,171.6199951171875,171.9329071044922,5807641.0
2024-07-05 18:30:00,171.92999267578125,172.24000549316406,171.5399932861328,171.66900634765625,4122210.0
2024-07-05 19:30:00,171.6699981689453,172.33999633789062,171.56100463867188,171.80999755859375,3827949.0
2024-07-08 13:30:00,174.8300018310547,177.6199951171875,173.67999267578125,175.17999267578125,19865672.0
2024-07-08 14:30:00,175.18890380859375,175.74000549316406,173.22000122070312,174.5800018310547,7423454.0
2024-07-08 15:30:00,174.59800720214844,175.32000732421875,173.4499969482422,175.0399932861328,5768597.0
2024-07-08 16:30:00,175.02000427246094,176.5800018310547,174.8300018310547,176.49009704589844,5000276.0
2024-07-08 17:30:00,176.52999877929688,178.13099670410156,176.25,177.80999755859375,7190578.0
2024-07-08 18:30:00,177.82000732421875,177.83999633789062,176.8699951171875,177.19000244140625,4712479.0
2024-07-08 19:30:00,177.19000244140625,178.9499969482422,177.16000366210938,178.66000366210938,5881320.0
2024-07-09 13:30:00,177.9600067138672,180.41000366210938,175.5102996826172,175.576904296875,17170901.0
2024-07-09 14:30:00,175.5749969482422,177.2095947265625,174.6999969482422,175.99000549316406,8203295.0
2024-07-09 15:30:00,176.01409912109375,177.37989807128906,175.7200927734375,176.9871063232422,3606978.0
2024-07-09 16:30:00,176.97999572753906,177.0500030517578,174.8394012451172,175.1295928955078,3818028.0
2024-07-09 17:30:00,175.13180541992188,176.5,175.11000061035156,176.17999267578125,2526660.0
2024-07-09 18:30:00,176.1999969482422,177.1699981689453,176.17999267578125,176.69000244140625,3379271.0
2024-07-09 19:30:00,176.63999938964844,177.47999572753906,176.26010131835938,177.0800018310547,2842267.0
2024-07-10 13:30:00,179.94000244140625,187.2790069580078,177.80999755859375,186.74989318847656,33724748.0
2024-07-10 14:30:00,186.6999969482422,186.99000549316406,181.52999877929688,183.15769958496094,18685640.0
2024-07-10 15:30:00,183.1300048828125,184.0,182.34649658203125,183.2899932861328,10035141.0
2024-07-10 16:30:00,183.33999633789062,184.2899932861328,181.77999877929688,182.0500030517578,7612238.0
2024-07-10 17:30:00,182.0500030517578,182.75,181.4499969482422,182.44549560546875,5668388.0
2024-07-10 18:30:00,182.46499633789062,183.17990112304688,181.86000061035156,182.44500732421875,5073554.0
2024-07-10 19:30:00,182.4600067138672,184.36000061035156,182.25999450683594,183.9499969482422,6024192.0
2024-07-11 13:30:00,184.1300048828125,187.11000061035156,181.49000549316406,182.33999633789062,20767619.0
2024-07-11 14:30:00,182.3249969482422,183.1898956298828,179.5800018310547,179.82000732421875,8206816.0
2024-07-11 15:30:00,179.77999877929688,180.08999633789062,177.25,179.27000427246094,6589161.0
2024-07-11 16:30:00,179.27000427246094,179.8498992919922,177.63099670410156,179.41000366210938,4083781.0
2024-07-11 17:30:00,179.39999389648438,180.02000427246094,177.6999969482422,179.16000366210938,4412665.0
2024-07-11 18:30:00,179.1199951171875,181.69000244140625,178.91009521484375,181.14999389648438,5845861.0
2024-07-11 19:30:00,181.1300048828125,182.7528076171875,181.1300048828125,181.92999267578125,5291971.0
2024-07-12 13:30:00,182.07969665527344,184.4499969482422,179.69000244140625,183.43499755859375,13108732.0
2024-07-12 14:30:00,183.43499755859375,186.62989807128906,183.23500061035156,185.64999389648438,8845374.0
2024-07-12 15:30:00,185.63400268554688,186.3300018310547,183.8300018310547,184.98570251464844,5354280.0
2024-07-12 16:30:00,185.0,186.0,184.50999450683594,185.75999450683594,4785986.0
2024-07-12 17:30:00,185.74000549316406,186.99000549316406,185.439697265625,185.83030700683594,5374737.0
2024-07-12 18:30:00,185.85000610351562,186.24000549316406,184.07000732421875,184.4550018310547,4649224.0
2024-07-12 19:30:00,184.4499969482422,184.45199584960938,180.74000549316406,181.64999389648438,6373384.0
2024-07-15 13:30:00,184.5,185.5,180.11000061035156,181.74000549316406,13682129.0
2024-07-15 14:30:00,181.70010375976562,183.8000030517578,181.22000122070312,182.66000366210938,6830566.0
2024-07-15 15:30:00,182.63999938964844,183.77000427246094,181.28500366210938,182.4199981689453,5448231.0
2024-07-15 16:30:00,182.3800048828125,182.6199951171875,180.5,181.25059509277344,3953595.0
2024-07-15 17:30:00,181.16000366210938,181.33990478515625,179.6999969482422,180.43499755859375,3590426.0
2024-07-15 18:30:00,180.4250030517578,180.82000732421875,179.58999633789062,180.50999450683594,3615589.0
2024-07-15 19:30:00,180.49000549316406,180.83999633789062,178.5399932861328,179.8699951171875,3396870.0
2024-07-16 13:30:00,179.71499633789062,179.74989318847656,174.52999877929688,175.60000610351562,13182192.0
2024-07-16 14:30:00,175.625,176.89999389648438,175.32000732421875,175.4199981689453,5770199.0
2024-07-16 15:30:00,175.41000366210938,176.3699951171875,174.8699951171875,175.42999267578125,4838327.0
2024-07-16 16:30:00,175.44000244140625,176.91990661621094,175.08999633789062,176.0500030517578,3845353.0
2024-07-16 17:30:00,176.0500030517578,176.98989868164062,175.6699981689453,176.80999755859375,3539138.0
2024-07-16 18:30:00,176.83999633789062,177.4698944091797,176.4499969482422,177.03990173339844,3630768.0
2024-07-16 19:30:00,177.0,177.94000244140625,176.64999389648438,177.5,3312420.0
2024-07-17 13:30:00,169.7100067138672,169.8000030517578,163.33999633789062,164.2899932861328,19987480.0
2024-07-17 14:30:00,164.27000427246094,164.99000549316406,162.8000030517578,164.57000732421875,10719295.0
2024-07-17 15:30:00,164.5500030517578,165.0399932861328,162.5,162.9199981689453,9382020.0
2024-07-17 16:30:00,162.91209411621094,163.46499633789062,161.6999969482422,162.8800048828125,7854836.0
2024-07-17 17:30:00,162.86000061035156,163.41000366210938,161.27999877929688,162.10000610351562,6249871.0
2024-07-17 18:30:00,162.10000610351562,162.32989501953125,160.5,161.93679809570312,8403642.0
2024-07-17 19:30:00,161.91000366210938,162.2550048828125,159.3699951171875,159.4199981689453,8284170.0
2024-07-18 13:30:00,163.14999389648438,163.3000030517578,157.50999450683594,157.64999389648438,18872602.0
2024-07-18 14:30:00,157.65499877929688,157.82000732421875,153.36000061035156,154.08999633789062,14686452.0
2024-07-18 15:30:00,154.1116943359375,155.10000610351562,153.1999969482422,154.8323974609375,8966225.0
2024-07-18 16:30:00,154.85000610351562,156.58999633789062,154.5399932861328,155.5399932861328,7297349.0
2024-07-18 17:30:00,155.5500030517578,156.2949981689453,154.6999969482422,155.1240997314453,5048472.0
2024-07-18 18:30:00,155.1300048828125,155.49920654296875,153.80999755859375,154.64500427246094,6024293.0
2024-07-18 19:30:00,154.6199951171875,156.74000549316406,154.4250030517578,155.75999450683594,5908670.0
2024-07-19 13:30:00,154.9499969482422,155.80999755859375,152.60000610351562,152.61000061035156,11810424.0
2024-07-19 14:30:00,152.61500549316406,154.09649658203125,151.86500549316406,152.07000732421875,7238494.0
2024-07-19 15:30:00,152.0749969482422,153.36000061035156,151.6999969482422,152.63999938964844,5046302.0
2024-07-19 16:30:00,152.61000061035156,152.88999938964844,150.6199951171875,151.46499633789062,5925394.0
2024-07-19 17:30:00,151.4149932861328,152.3300018310547,150.9409942626953,151.3040008544922,4116340.0
2024-07-19 18:30:00,151.3300018310547,152.7781982421875,150.9700927734375,152.47500610351562,4154180.0
2024-07-19 19:30:00,152.4600067138672,152.5399932861328,151.27999877929688,151.60000610351562,4236349.0
2024-07-22 13:30:00,154.32000732421875,156.69000244140625,153.0800018310547,155.1199951171875,12892202.0
2024-07-22 14:30:00,155.1300048828125,156.22500610351562,153.12649536132812,153.3618927001953,5952473.0
2024-07-22 15:30:00,153.36000061035156,154.49000549316406,152.5449981689453,154.24200439453125,5220375.0
2024-07-22 16:30:00,154.25,155.5699005126953,154.18299865722656,155.0500030517578,3598134.0
2024-07-22 17:30:00,155.06500244140625,155.67999267578125,154.3800048828125,155.4884033203125,3121564.0
2024-07-22 18:30:00,155.4600067138672,155.75,154.35000610351562,155.32000732421875,3867858.0
2024-07-22 19:30:00,155.3498992919922,156.05999755859375,155.05999755859375,155.8699951171875,4326745.0
2024-07-23 13:30:00,154.8000030517578,156.39999389648438,153.8000030517578,155.22000122070312,9152105.0
2024-07-23 14:30:00,155.24000549316406,157.0500030517578,154.32249450683594,156.91000366210938,5230560.0
2024-07-23 15:30:00,156.92999267578125,156.9398956298828,154.960205078125,155.27499389648438,3605075.0
2024-07-23 16:30:00,155.28500366210938,155.4582061767578,154.72000122070312,155.27999877929688,2329833.0
2024-07-23 17:30:00,155.19500732421875,155.27499389648438,154.41600036621094,154.5399932861328,2064150.0
2024-07-23 18:30:00,154.57000732421875,155.14999389648438,154.42860412597656,154.8699951171875,2476484.0
2024-07-23 19:30:00,154.8699951171875,155.0800018310547,153.82000732421875,154.00999450683594,3250333.0
2024-07-24 13:30:00,152.72000122070312,153.67999267578125,149.42999267578125,149.9600067138672,11027189.0
2024-07-24 14:30:00,149.9550018310547,150.38999938964844,148.27999877929688,149.39999389648438,7143399.0
2024-07-24 15:30:00,149.39999389648438,149.58999633789062,146.97999572753906,147.0500030517578,5569602.0
2024-07-24 16:30:00,147.0399932861328,147.66990661621094,146.38999938964844,147.33999633789062,5272776.0
2024-07-24 17:30:00,147.3300018310547,148.2100067138672,146.22000122070312,146.48500061035156,4105105.0
2024-07-24 18:30:00,146.46499633789062,146.72000122070312,145.3300018310547,145.41000366210938,4674129.0
2024-07-24 19:30:00,145.4250030517578,146.7899932861328,144.52999877929688,144.6199951171875,6658116.0
2024-07-25 13:30:00,144.14999389648438,144.75,136.80999755859375,141.1699981689453,18421448.0
2024-07-25 14:30:00,141.13999938964844,142.87989807128906,140.44000244140625,140.67230224609375,8503689.0
2024-07-25 15:30:00,140.65499877929688,142.7198028564453,140.01499938964844,142.5399932861328,6881311.0
2024-07-25 16:30:00,142.5800018310547,143.48989868164062,141.13999938964844,141.32000732421875,5897497.0
2024-07-25 17:30:00,141.3385009765625,142.1699981689453,140.6300048828125,141.22999572753906,4859224.0
2024-07-25 18:30:00,141.2100067138672,141.42999267578125,139.0,140.50999450683594,6470673.0
2024-07-25 19:30:00,140.5,140.82470703125,138.14999389648438,138.27999877929688,6028428.0
2024-07-26 13:30:00,140.32000732421875,141.24000549316406,138.27000427246094,140.02000427246094,13976561.0
2024-07-26 14:30:00,140.02999877929688,140.1540069580078,138.60000610351562,139.32000732421875,6490289.0
2024-07-26 15:30:00,139.33999633789062,140.75,138.802001953125,140.33999633789062,5260427.0
2024-07-26 16:30:00,140.4499969482422,141.27999877929688,140.44000244140625,141.1300048828125,6965889.0
2024-07-26 17:30:00,141.10809326171875,141.1699981689453,138.82000732421875,139.60000610351562,5044197.0
2024-07-26 18:30:00,139.63499450683594,140.1699981689453,138.9600067138672,139.97000122070312,3869831.0
2024-07-26 19:30:00,139.9600067138672,140.14999389648438,139.11000061035156,140.02000427246094,3593095.0
2024-07-29 13:30:00,142.52000427246094,144.5850067138672,140.47999572753906,141.9499969482422,14678736.0
2024-07-29 14:30:00,141.95010375976562,142.39999389648438,139.13999938964844,139.74000549316406,7792050.0
2024-07-29 15:30:00,139.74000549316406,141.67999267578125,138.75,141.09500122070312,5984682.0
2024-07-29 16:30:00,141.0800018310547,142.0,140.5290069580078,140.52999877929688,4657053.0
2024-07-29 17:30:00,140.52999877929688,141.30999755859375,140.27999877929688,140.5500030517578,3744678.0
2024-07-29 18:30:00,140.55499267578125,140.8000030517578,139.96009826660156,140.58920288085938,4186493.0
2024-07-29 19:30:00,140.58999633789062,140.79989624023438,139.5800018310547,139.74000549316406,3387800.0
2024-07-30 13:30:00,139.8800048828125,141.6999969482422,138.88999938964844,139.8979949951172,11316970.0
2024-07-30 14:30:00,139.91000366210938,140.52999877929688,136.31210327148438,137.30999755859375,8732981.0
2024-07-30 15:30:00,137.27999877929688,137.38079833984375,135.41000366210938,135.97000122070312,6271353.0
2024-07-30 16:30:00,135.92999267578125,136.94000244140625,134.0500030517578,136.92999267578125,6793199.0
2024-07-30 17:30:00,136.9149932861328,138.11990356445312,136.69000244140625,137.8699951171875,6246989.0
2024-07-30 18:30:00,137.86000061035156,138.3800048828125,137.11000061035156,137.70289611816406,8543297.0
2024-07-30 19:30:00,137.7100067138672,139.5,136.86000061035156,138.42999267578125,8003783.0
2024-07-31 13:30:00,150.72999572753906,153.60299682617188,147.5,148.7899932861328,32566879.0
2024-07-31 14:30:00,148.8300018310547,148.97999572753906,145.3643035888672,145.3813018798828,17116475.0
2024-07-31 15:30:00,145.39999389648438,146.1999969482422,144.02000427246094,144.41000366210938,13112869.0
2024-07-31 16:30:00,144.3800048828125,145.2667999267578,143.19419860839844,143.52920532226562,9631825.0
2024-07-31 17:30:00,143.52999877929688,144.2899932861328,140.02999877929688,144.1649932861328,12754453.0
2024-07-31 18:30:00,144.1649932861328,145.61000061035156,142.58999633789062,143.0500030517578,14136526.0
2024-07-31 19:30:00,143.06500244140625,145.41000366210938,142.92999267578125,144.47970581054688,8799934.0
2024-08-01 13:30:00,145.0,147.2899932861328,138.83009338378906,138.83009338378906,21565957.0
2024-08-01 14:30:00,138.89500427246094,139.24989318847656,136.32090759277344,137.47000122070312,14728886.0
2024-08-01 15:30:00,137.47500610351562,137.85000610351562,135.82000732421875,136.22000122070312,10715537.0
2024-08-01 16:30:00,136.21009826660156,136.33999633789062,133.88999938964844,134.0399932861328,10505503.0
2024-08-01 17:30:00,134.0500030517578,134.17999267578125,131.7100067138672,132.1649932861328,10216525.0
2024-08-01 18:30:00,132.1699981689453,132.42999267578125,130.24000549316406,131.94000244140625,11769455.0
2024-08-01 19:30:00,131.9600067138672,132.88819885253906,131.7100067138672,132.5399932861328,8415516.0
2024-08-02 13:30:00,133.56500244140625,137.10000610351562,132.6199951171875,134.97000122070312,27000213.0
2024-08-02 14:30:00,134.95010375976562,136.77999877929688,132.9199981689453,135.16000366210938,11122584.0
2024-08-02 15:30:00,135.13999938964844,136.32000732421875,134.75999450683594,134.9499969482422,7787480.0
2024-08-02 16:30:00,134.92990112304688,134.98989868164062,132.6199951171875,133.11000061035156,7100485.0
2024-08-02 17:30:00,133.0749969482422,133.91000366210938,131.82000732421875,133.88999938964844,6576328.0
2024-08-02 18:30:00,133.8800048828125,134.1300048828125,131.92999267578125,132.80999755859375,6936743.0
2024-08-02 19:30:00,132.7989044189453,133.22000122070312,131.3300018310547,132.52000427246094,7030522.0
2024-08-05 13:30:00,122.20999908447266,134.8800048828125,121.82499694824219,132.0399932861328,23358414.0
2024-08-05 14:30:00,132.02999877929688,136.97999572753906,131.97000122070312,135.7550048828125,11036321.0
2024-08-05 15:30:00,135.77499389648438,139.13999938964844,135.5500030517578,139.05999755859375,9252641.0
2024-08-05 16:30:00,139.06900024414062,139.1199951171875,135.82000732421875,136.60000610351562,7272044.0
2024-08-05 17:30:00,136.5800018310547,137.69000244140625,134.5126953125,135.63999938964844,6300403.0
2024-08-05 18:30:00,135.59010314941406,136.11000061035156,134.33999633789062,135.36000061035156,6340447.0
2024-08-05 19:30:00,135.3300018310547,135.5500030517578,134.33999633789062,134.85000610351562,6302384.0
2024-08-06 13:30:00,135.1020050048828,136.44000244140625,129.10000610351562,131.9499969482422,19129443.0
2024-08-06 14:30:00,131.95050048828125,132.99000549316406,130.7803955078125,130.80059814453125,9176703.0
2024-08-06 15:30:00,130.8350067138672,132.4499053955078,130.75,131.9700927734375,6250231.0
2024-08-06 16:30:00,132.0,134.2100067138672,131.75,133.4700927734375,5767775.0
2024-08-06 17:30:00,133.4709930419922,133.5500030517578,131.75,132.63999938964844,5671767.0
2024-08-06 18:30:00,132.63999938964844,132.74000549316406,130.14230346679688,131.36000061035156,7110415.0
2024-08-06 19:30:00,131.3701934814453,131.75,129.92999267578125,130.13999938964844,5960120.0
2024-08-07 13:30:00,133.75,136.23500061035156,133.08999633789062,133.63999938964844,17399583.0
2024-08-07 14:30:00,133.6649932861328,135.8000030517578,133.3300018310547,134.6215057373047,6663875.0
2024-08-07 15:30:00,134.64500427246094,134.89999389648438,131.9499969482422,133.50010681152344,6232601.0
2024-08-07 16:30:00,133.52000427246094,133.77999877929688,131.05499267578125,131.4199981689453,4384902.0
2024-08-07 17:30:00,131.3874053955078,132.42799377441406,129.45010375976562,130.3699951171875,5049084.0
2024-08-07 18:30:00,130.3000030517578,131.74989318847656,129.75,130.62530517578125,5186308.0
2024-08-07 19:30:00,130.63999938964844,130.75,128.3699951171875,128.66000366210938,4611370.0
2024-08-08 13:30:00,132.0,133.66400146484375,128.9499969482422,133.52420043945312,12785456.0
2024-08-08 14:30:00,133.53750610351562,135.05999755859375,132.9600067138672,134.14999389648438,8610150.0
2024-08-08 15:30:00,134.1699981689453,135.5,133.9499969482422,134.6992950439453,5004268.0
2024-08-08 16:30:00,134.67999267578125,135.69000244140625,134.00999450683594,135.6519012451172,4160778.0
2024-08-08 17:30:00,135.6699981689453,136.33999633789062,135.46099853515625,135.59010314941406,4169717.0
2024-08-08 18:30:00,135.61000061035156,135.9600067138672,134.64100646972656,135.08999633789062,4181786.0
2024-08-08 19:30:00,135.08999633789062,136.47999572753906,134.9001007080078,136.39999389648438,4866374.0
2024-08-09 13:30:00,134.59500122070312,135.5,132.50999450683594,133.13999938964844,13419121.0
2024-08-09 14:30:00,133.16700744628906,134.38999938964844,132.44000244140625,133.6699981689453,7273922.0
2024-08-09 15:30:00,133.65989685058594,134.19000244140625,132.72000122070312,133.6999969482422,4548493.0
2024-08-09 16:30:00,133.69000244140625,135.25,133.68820190429688,135.24000549316406,4285243.0
2024-08-09 17:30:00,135.25999450683594,135.4499053955078,134.47999572753906,134.7949981689453,3458439.0
2024-08-09 18:30:00,134.7899932861328,135.14999389648438,134.2949981689453,134.8249969482422,3060461.0
2024-08-09 19:30:00,134.8300018310547,135.12969970703125,134.0500030517578,134.27999877929688,3033855.0
2024-08-12 13:30:00,134.16000366210938,137.7100067138672,133.22999572753906,136.88009643554688,12987633.0
2024-08-12 14:30:00,136.94000244140625,137.98500061035156,135.30999755859375,135.8498992919922,7042842.0
2024-08-12 15:30:00,135.82000732421875,137.1699981689453,135.2156982421875,136.89999389648438,4713415.0
2024-08-12 16:30:00,136.8800048828125,137.49000549316406,136.00070190429688,136.4199981689453,4307903.0
2024-08-12 17:30:00,136.41000366210938,136.8300018310547,135.75,136.69000244140625,3105198.0
2024-08-12 18:30:00,136.6699981689453,136.88999938964844,136.2899932861328,136.61500549316406,2479159.0
2024-08-12 19:30:00,136.610107421875,137.14990234375,136.1649932861328,136.7899932861328,2986098.0
2024-08-13 13:30:00,138.1199951171875,140.6999053955078,137.5386962890625,139.9199981689453,11894814.0
2024-08-13 14:30:00,139.91000366210938,140.47000122070312,139.10000610351562,139.83009338378906,6945645.0
2024-08-13 15:30:00,139.82000732421875,140.6999969482422,139.61000061035156,139.88299560546875,4960406.0
2024-08-13 16:30:00,139.889892578125,141.0,139.44000244140625,140.67030334472656,4535900.0
2024-08-13 17:30:00,140.6750030517578,140.89999389648438,139.82009887695312,140.85000610351562,3147366.0
2024-08-13 18:30:00,140.82000732421875,140.841796875,140.02000427246094,140.44009399414062,2922921.0
2024-08-13 19:30:00,140.45989990234375,141.19000244140625,140.35000610351562,141.17999267578125,4192418.0
2024-08-14 13:30:00,143.0,143.1999969482422,138.1199951171875,138.9199981689453,11965502.0
2024-08-14 14:30:00,138.94000244140625,140.2899932861328,137.63999938964844,140.02000427246094,6260124.0
2024-08-14 15:30:00,140.00999450683594,140.77000427246094,139.25999450683594,139.25999450683594,4102730.0
2024-08-14 16:30:00,139.25999450683594,139.77000427246094,138.7906036376953,139.72999572753906,3021186.0
2024-08-14 17:30:00,139.72999572753906,140.0,139.24000549316406,139.8800048828125,2222071.0
2024-08-14 18:30:00,139.83999633789062,140.34840393066406,139.5800018310547,139.93800354003906,2396510.0
2024-08-14 19:30:00,139.9600067138672,140.91000366210938,139.7299041748047,140.7100067138672,2848103.0
2024-08-15 13:30:00,143.13999938964844,145.3199005126953,141.80999755859375,144.9499969482422,10570674.0
2024-08-15 14:30:00,144.94000244140625,146.3300018310547,144.7324981689453,145.7801055908203,7075886.0
2024-08-15 15:30:00,145.77999877929688,147.22000122070312,145.64010620117188,147.19020080566406,5414231.0
2024-08-15 16:30:00,147.1999969482422,147.2799072265625,146.4199981689453,146.8699951171875,4042807.0
2024-08-15 17:30:00,146.86000061035156,147.6999969482422,146.77999877929688,147.10009765625,3246095.0
2024-08-15 18:30:00,147.07000732421875,147.4600067138672,146.75,147.36920166015625,3768426.0
2024-08-15 19:30:00,147.36000061035156,147.9550018310547,147.10000610351562,147.3800048828125,4664025.0
2024-08-16 13:30:00,145.6999969482422,149.36929321289062,145.2100067138672,148.4600067138672,10285143.0
2024-08-16 14:30:00,148.47999572753906,148.9499969482422,147.1300048828125,147.86000061035156,5002256.0
2024-08-16 15:30:00,147.83999633789062,148.92999267578125,147.72999572753906,148.84579467773438,3969086.0
2024-08-16 16:30:00,148.8300018310547,149.3000030517578,148.6300048828125,149.11000061035156,3224381.0
2024-08-16 17:30:00,149.11000061035156,149.21499633789062,148.47999572753906,149.02000427246094,2043051.0
2024-08-16 18:30:00,149.03799438476562,149.18499755859375,148.60000610351562,148.61500549316406,1987656.0
2024-08-16 19:30:00,148.61599731445312,148.85000610351562,148.24000549316406,148.5800018310547,2667024.0
2024-08-19 13:30:00,148.31100463867188,152.75999450683594,147.72000122070312,152.5906982421875,20990533.0
2024-08-19 14:30:00,152.61740112304688,153.67999267578125,152.17999267578125,153.00999450683594,9141001.0
2024-08-19 15:30:00,153.01499938964844,154.0800018310547,152.10000610351562,152.4600067138672,6365763.0
2024-08-19 16:30:00,152.41000366210938,152.67999267578125,151.82159423828125,152.6300048828125,4397230.0
2024-08-19 17:30:00,152.64999389648438,153.78500366210938,152.36399841308594,153.6925048828125,4447811.0
2024-08-19 18:30:00,153.7082977294922,155.07989501953125,153.5850067138672,154.97000122070312,6686594.0
2024-08-19 19:30:00,154.9600067138672,155.36500549316406,153.9199981689453,155.30999755859375,6085832.0
2024-08-20 13:30:00,156.6699981689453,162.0399932861328,155.3000030517578,159.1199951171875,27253886.0
2024-08-20 14:30:00,159.13999938964844,159.57000732421875,155.91000366210938,157.16380310058594,14683654.0
2024-08-20 15:30:00,157.16000366210938,158.37939453125,156.5500030517578,156.9149932861328,6624790.0
2024-08-20 16:30:00,156.9149932861328,157.0299072265625,154.50999450683594,155.77499389648438,7411226.0
2024-08-20 17:30:00,155.7899932861328,157.58999633789062,155.66000366210938,157.29200744628906,5633738.0
2024-08-20 18:30:00,157.30999755859375,157.9344024658203,157.02000427246094,157.22999572753906,5891561.0
2024-08-20 19:30:00,157.22000122070312,157.8498992919922,156.33999633789062,156.39999389648438,4725379.0
2024-08-21 13:30:00,156.25,157.7899932861328,155.7100067138672,156.8520050048828,11635852.0
2024-08-21 14:30:00,156.84519958496094,158.0500030517578,155.07000732421875,157.07000732421875,8572400.0
2024-08-21 15:30:00,157.0399932861328,157.49000549316406,156.27999877929688,156.82000732421875,4298825.0
2024-08-21 16:30:00,156.80999755859375,157.6999053955078,156.77999877929688,156.9398956298828,3521876.0
2024-08-21 17:30:00,156.9499969482422,158.4582977294922,156.9499969482422,158.43960571289062,4249679.0
2024-08-21 18:30:00,158.42999267578125,158.64999389648438,156.75999450683594,157.2100067138672,4132350.0
2024-08-21 19:30:00,157.2198944091797,157.92999267578125,157.02499389648438,157.8300018310547,3714468.0
2024-08-22 13:30:00,158.8699951171875,159.83999633789062,156.5399932861328,156.83399963378906,10338237.0
2024-08-22 14:30:00,156.83999633789062,156.8699951171875,154.6750030517578,155.13999938964844,6524717.0
2024-08-22 15:30:00,155.13999938964844,155.1699981689453,152.27000427246094,154.39039611816406,7858107.0
2024-08-22 16:30:00,154.40660095214844,154.72999572753906,152.7675018310547,153.15089416503906,4515250.0
2024-08-22 17:30:00,153.08999633789062,153.18499755859375,151.4199981689453,152.24000549316406,4642595.0
2024-08-22 18:30:00,152.24000549316406,152.7299041748047,151.4199981689453,151.44000244140625,3991228.0
2024-08-22 19:30:00,151.4600067138672,151.8300018310547,151.00999450683594,151.75999450683594,4037413.0
2024-08-23 13:30:00,153.6699981689453,156.39999389648438,153.0,156.16000366210938,11189565.0
2024-08-23 14:30:00,156.17999267578125,156.25,152.78109741210938,154.52000427246094,6599422.0
2024-08-23 15:30:00,154.57000732421875,155.25999450683594,152.83999633789062,153.02999877929688,3991274.0
2024-08-23 16:30:00,153.02999877929688,153.5,151.8300018310547,152.91009521484375,3932789.0
2024-08-23 17:30:00,152.9075927734375,153.44000244140625,152.36000061035156,153.20989990234375,3355132.0
2024-08-23 18:30:00,153.21009826660156,153.72000122070312,152.30999755859375,153.66000366210938,3412062.0
2024-08-23 19:30:00,153.66000366210938,155.17999267578125,153.39999389648438,154.97000122070312,4684958.0
2024-08-26 13:30:00,154.6999969482422,158.27999877929688,150.52999877929688,150.5800018310547,15715553.0
2024-08-26 14:30:00,150.62049865722656,151.5988006591797,148.91009521484375,151.13999938964844,9603537.0
2024-08-26 15:30:00,151.13999938964844,151.47909545898438,149.72000122070312,150.64500427246094,5285678.0
2024-08-26 16:30:00,150.64990234375,151.11839294433594,150.10000610351562,150.43170166015625,2906072.0
2024-08-26 17:30:00,150.4499053955078,150.50990295410156,148.9499969482422,149.9001007080078,3996301.0
2024-08-26 18:30:00,149.89999389648438,150.75999450683594,149.89500427246094,150.22799682617188,3667199.0
2024-08-26 19:30:00,150.23199462890625,150.44000244140625,149.52000427246094,150.0,3668274.0
2024-08-27 13:30:00,150.0998992919922,151.6999969482422,149.33999633789062,150.74000549316406,10980664.0
2024-08-27 14:30:00,150.74000549316406,151.02000427246094,149.7947998046875,149.8300018310547,5078057.0
2024-08-27 15:30:00,149.8300018310547,149.99000549316406,148.44009399414062,149.8300018310547,5137516.0
2024-08-27 16:30:00,149.80499267578125,150.02000427246094,149.0449981689453,149.97999572753906,3126495.0
2024-08-27 17:30:00,149.99000549316406,150.4600067138672,149.57000732421875,149.91949462890625,2927412.0
2024-08-27 18:30:00,149.91000366210938,150.2095947265625,149.52000427246094,150.05499267578125,2548612.0
2024-08-27 19:30:00,150.05999755859375,150.6199951171875,149.8000030517578,150.5399932861328,2737384.0
2024-08-28 13:30:00,149.39999389648438,150.42999267578125,147.68020629882812,148.47999572753906,7950150.0
2024-08-28 14:30:00,148.41009521484375,148.8594970703125,144.72000122070312,145.72500610351562,6253487.0
2024-08-28 15:30:00,145.72500610351562,146.39999389648438,145.42999267578125,145.84500122070312,3682405.0
2024-08-28 16:30:00,145.8300018310547,147.4499969482422,145.7100067138672,147.02810668945312,3679661.0
2024-08-28 17:30:00,147.02000427246094,147.19000244140625,145.55999755859375,145.85000610351562,2551821.0
2024-08-28 18:30:00,145.8300018310547,147.44000244140625,145.7241973876953,147.11000061035156,2912291.0
2024-08-28 19:30:00,147.10499572753906,147.3000030517578,146.30999755859375,146.32000732421875,2925106.0
2024-08-29 13:30:00,146.50999450683594,149.49000549316406,146.32000732421875,147.5050048828125,11281812.0
2024-08-29 14:30:00,147.4949951171875,148.97000122070312,147.22000122070312,148.02000427246094,4191322.0
2024-08-29 15:30:00,148.0,148.6898956298828,147.78359985351562,148.3249969482422,2485795.0
2024-08-29 16:30:00,148.31500244140625,148.42999267578125,147.22999572753906,147.66000366210938,2312030.0
2024-08-29 17:30:00,147.6699981689453,148.27960205078125,146.2808074951172,146.48410034179688,2649973.0
2024-08-29 18:30:00,146.44000244140625,146.4499969482422,144.47000122070312,145.22000122070312,4695993.0
2024-08-29 19:30:00,145.2299041748047,145.875,144.97999572753906,145.49000549316406,2684052.0
2024-08-30 13:30:00,148.5,148.99000549316406,146.4600067138672,147.05999755859375,8214985.0
2024-08-30 14:30:00,147.05999755859375,148.27999877929688,145.8699951171875,146.0489959716797,4493429.0
2024-08-30 15:30:00,146.01559448242188,146.3800048828125,145.35000610351562,145.77999877929688,3336958.0
2024-08-30 16:30:00,145.75999450683594,146.88999938964844,145.25,146.56500244140625,2448670.0
2024-08-30 17:30:00,146.55499267578125,146.9720001220703,146.12899780273438,146.73199462890625,1740822.0
2024-08-30 18:30:00,146.72000122070312,147.64999389648438,146.7100067138672,147.60000610351562,2388700.0
2024-08-30 19:30:00,147.58999633789062,148.67999267578125,147.00999450683594,148.55999755859375,3329770.0
2024-09-03 13:30:00,146.39999389648438,146.49000549316406,142.0399932861328,142.5800018310547,9096369.0
2024-09-03 14:30:00,142.55999755859375,142.55999755859375,140.72000122070312,141.66000366210938,4711954.0
2024-09-03 15:30:00,141.6699981689453,141.85000610351562,139.70140075683594,139.86000061035156,4490704.0
2024-09-03 16:30:00,139.8300018310547,140.10000610351562,139.10000610351562,139.77000427246094,3156725.0
2024-09-03 17:30:00,139.75,139.77499389648438,137.9600067138672,138.05990600585938,3936652.0
2024-09-03 18:30:00,138.0399932861328,138.6699981689453,137.0,137.08999633789062,4575179.0
2024-09-03 19:30:00,137.08999633789062,137.3300018310547,136.13999938964844,137.02000427246094,5726958.0
2024-09-04 13:30:00,140.4949951171875,141.65989685058594,138.50999450683594,140.86109924316406,15337507.0
2024-09-04 14:30:00,140.8699951171875,143.3699951171875,140.44000244140625,141.72999572753906,7366928.0
2024-09-04 15:30:00,141.72000122070312,141.77749633789062,140.7550048828125,141.77000427246094,3956895.0
2024-09-04 16:30:00,141.75,142.6199951171875,141.63999938964844,142.02850341796875,3278712.0
2024-09-04 17:30:00,142.02000427246094,142.36000061035156,141.39010620117188,141.85989379882812,2294064.0
2024-09-04 18:30:00,141.82000732421875,141.9199981689453,140.1199951171875,140.91009521484375,2932997.0
2024-09-04 19:30:00,140.90499877929688,141.42999267578125,140.52000427246094,140.8699951171875,2789267.0
2024-09-05 13:30:00,138.5,141.7100067138672,137.8699951171875,140.9290008544922,7076542.0
2024-09-05 14:30:00,140.9600067138672,141.1999969482422,138.6439971923828,138.8699951171875,3612808.0
2024-09-05 15:30:00,138.89999389648438,140.42999267578125,138.7100067138672,140.2899932861328,2514119.0
2024-09-05 16:30:00,140.27000427246094,140.3300018310547,138.97000122070312,138.97999572753906,1903619.0
2024-09-05 17:30:00,139.0,140.2989959716797,138.94500732421875,139.55999755859375,2047883.0
2024-09-05 18:30:00,139.5290985107422,139.8699951171875,138.4499969482422,139.0449981689453,2076872.0
2024-09-05 19:30:00,139.0500030517578,139.47999572753906,138.47999572753906,139.47999572753906,2648060.0
2024-09-06 13:30:00,138.5,139.10499572753906,135.02000427246094,135.02000427246094,8745894.0
2024-09-06 14:30:00,135.00999450683594,135.49929809570312,132.72999572753906,132.8699951171875,7501352.0
2024-09-06 15:30:00,132.91000366210938,133.47000122070312,132.110107421875,132.58999633789062,4566633.0
2024-09-06 16:30:00,132.61000061035156,134.1591033935547,132.5,133.44000244140625,3770082.0
2024-09-06 17:30:00,133.4499969482422,133.94000244140625,132.83999633789062,133.11000061035156,2538722.0
2024-09-06 18:30:00,133.11380004882812,134.69000244140625,132.89999389648438,134.4600067138672,3481913.0
2024-09-06 19:30:00,134.47959899902344,134.69000244140625,133.86000061035156,134.39999389648438,3432923.0
2024-09-09 13:30:00,136.05999755859375,137.41319274902344,134.86000061035156,136.41029357910156,6488294.0
2024-09-09 14:30:00,135.83999633789062,136.5,135.2899932861328,136.31500244140625,3492738.0
2024-09-09 15:30:00,136.35000610351562,137.38999938964844,136.0,137.27569580078125,2533335.0
2024-09-09 16:30:00,137.27000427246094,137.69000244140625,137.02999877929688,137.625,2573895.0
2024-09-09 17:30:00,137.6300048828125,137.74989318847656,136.92999267578125,137.17999267578125,2543239.0
2024-09-09 18:30:00,137.16000366210938,138.22000122070312,136.72000122070312,138.1999053955078,2725419.0
2024-09-09 19:30:00,138.17999267578125,138.44500732421875,137.13999938964844,138.22999572753906,3127958.0
2024-09-10 13:30:00,139.02999877929688,139.67640686035156,137.25999450683594,139.2100067138672,7400870.0
2024-09-10 14:30:00,139.1300048828125,139.2563934326172,137.9600067138672,138.78500366210938,2738722.0
2024-09-10 15:30:00,138.82000732421875,138.9550018310547,137.25,137.85000610351562,2671285.0
2024-09-10 16:30:00,137.86000061035156,140.94000244140625,137.81300354003906,140.5186004638672,5815040.0
2024-09-10 17:30:00,140.5050048828125,142.13499450683594,140.4600067138672,141.76980590820312,6097199.0
2024-09-10 18:30:00,141.77000427246094,142.65750122070312,141.6199951171875,142.64999389648438,3499745.0
2024-09-10 19:30:00,142.63999938964844,143.0800018310547,142.4499969482422,142.85000610351562,4604983.0
2024-09-11 13:30:00,145.0,146.0675048828125,141.91000366210938,142.32000732421875,12145290.0
2024-09-11 14:30:00,142.2899932861328,142.3800048828125,140.72000122070312,142.32000732421875,5330858.0
2024-09-11 15:30:00,142.3249969482422,144.41000366210938,141.85000610351562,144.2050018310547,5403351.0
2024-09-11 16:30:00,144.21499633789062,144.7698974609375,143.4600067138672,144.5850067138672,3983190.0
2024-09-11 17:30:00,144.60000610351562,147.72999572753906,144.4499969482422,147.67999267578125,5486766.0
2024-09-11 18:30:00,147.6699981689453,148.64990234375,147.0301055908203,148.47000122070312,6549400.0
2024-09-11 19:30:00,148.47000122070312,150.16000366210938,148.1699981689453,149.88999938964844,6127290.0
2024-09-12 13:30:00,148.5,150.7100067138672,147.64999389648438,150.6199951171875,8165979.0
2024-09-12 14:30:00,150.63999938964844,151.1645050048828,149.0500030517578,149.2050018310547,5232542.0
2024-09-12 15:30:00,149.19200134277344,149.78900146484375,148.7100067138672,149.6199951171875,3058025.0
2024-09-12 16:30:00,149.6199951171875,150.52999877929688,148.89999389648438,150.19850158691406,2527015.0
2024-09-12 17:30:00,150.21499633789062,151.53579711914062,150.018798828125,151.35499572753906,2711247.0
2024-09-12 18:30:00,151.34500122070312,151.50030517578125,149.6699981689453,150.75,3111750.0
2024-09-12 19:30:00,150.76840209960938,150.94500732421875,150.42999267578125,150.82000732421875,2722140.0
2024-09-13 13:30:00,152.5,153.00999450683594,150.88119506835938,151.44500732421875,7812520.0
2024-09-13 14:30:00,151.47000122070312,152.32000732421875,150.86000061035156,151.93499755859375,3772970.0
2024-09-13 15:30:00,151.9199981689453,152.0,150.6999969482422,151.08999633789062,2284653.0
2024-09-13 16:30:00,151.10000610351562,152.61000061035156,151.0601043701172,152.60000610351562,2408076.0
2024-09-13 17:30:00,152.59500122070312,152.7100067138672,151.8209991455078,152.10499572753906,2194661.0
2024-09-13 18:30:00,152.09010314941406,152.6699981689453,151.89100646972656,152.47000122070312,2130200.0
2024-09-13 19:30:00,152.47000122070312,152.88999938964844,152.3000030517578,152.32000732421875,2629339.0
2024-09-16 13:30:00,151.75,154.44000244140625,151.3800048828125,152.71640014648438,8451226.0
2024-09-16 14:30:00,152.2198028564453,153.1300048828125,150.9600067138672,152.4149932861328,5423367.0
2024-09-16 15:30:00,152.39999389648438,152.65049743652344,150.91200256347656,151.58680725097656,2991155.0
2024-09-16 16:30:00,151.60000610351562,152.35000610351562,151.29220581054688,152.00579833984375,2355676.0
2024-09-16 17:30:00,151.99000549316406,152.88999938964844,151.97999572753906,152.6699981689453,2080876.0
2024-09-16 18:30:00,152.66000366210938,152.77000427246094,152.1800994873047,152.44000244140625,1889658.0
2024-09-16 19:30:00,152.42999267578125,152.75999450683594,151.99000549316406,152.0800018310547,1992523.0
2024-09-17 13:30:00,153.25,153.25059509277344,150.9600067138672,152.6649932861328,7418248.0
2024-09-17 14:30:00,152.6699981689453,154.0449981689453,152.20010375976562,153.3300018310547,4628209.0
2024-09-17 15:30:00,153.32000732421875,153.3498992919922,151.6300048828125,152.19500732421875,4507371.0
2024-09-17 16:30:00,152.17999267578125,152.35000610351562,149.8000030517578,150.67990112304688,4144933.0
2024-09-17 17:30:00,150.64999389648438,150.8300018310547,149.22500610351562,150.11000061035156,2693475.0
2024-09-17 18:30:00,150.10000610351562,150.49000549316406,149.6300048828125,149.91879272460938,2110088.0
2024-09-17 19:30:00,149.89999389648438,151.0,149.66000366210938,150.80999755859375,2268620.0
2024-09-18 13:30:00,151.0,151.03990173339844,149.1300048828125,149.71730041503906,5456851.0
2024-09-18 14:30:00,149.6999969482422,150.35000610351562,149.17039489746094,149.80499267578125,2288195.0
2024-09-18 15:30:00,149.8000030517578,150.27999877929688,148.82000732421875,150.22000122070312,2037285.0
2024-09-18 16:30:00,150.1999969482422,150.72000122070312,150.07000732421875,150.50999450683594,1828805.0
2024-09-18 17:30:00,150.52000427246094,152.82000732421875,149.7899932861328,152.29649353027344,3860958.0
2024-09-18 18:30:00,152.3300018310547,152.76499938964844,148.30999755859375,150.2449951171875,5099647.0
2024-09-18 19:30:00,150.25999450683594,150.7198944091797,148.00999450683594,148.3000030517578,3643503.0
2024-09-19 13:30:00,154.0,156.86000061035156,152.77000427246094,156.57000732421875,11929661.0
2024-09-19 14:30:00,156.75,157.5,155.6300048828125,157.33999633789062,5862630.0
2024-09-19 15:30:00,157.35000610351562,157.67999267578125,156.72000122070312,157.63999938964844,3840599.0
2024-09-19 16:30:00,157.6300048828125,158.76800537109375,157.38999938964844,158.55929565429688,5037191.0
2024-09-19 17:30:00,158.53759765625,159.25,158.0500030517578,158.30479431152344,4492498.0
2024-09-19 18:30:00,158.30999755859375,158.3166961669922,156.625,156.91000366210938,4635123.0
2024-09-19 19:30:00,156.90499877929688,157.90989685058594,156.52000427246094,156.72999572753906,4500940.0
2024-09-20 13:30:00,155.91900634765625,157.4499969482422,154.05999755859375,154.77999877929688,9771378.0
2024-09-20 14:30:00,154.8000030517578,154.88999938964844,152.47000122070312,153.25,5017671.0
2024-09-20 15:30:00,153.24000549316406,154.60000610351562,153.14999389648438,154.1300048828125,4238252.0
2024-09-20 16:30:00,154.13999938964844,154.44000244140625,153.6199951171875,153.75,2300149.0
2024-09-20 17:30:00,153.7100067138672,154.3300018310547,153.2100067138672,153.56500244140625,2599953.0
2024-09-20 18:30:00,153.58999633789062,155.25,153.360107421875,154.9600067138672,2932088.0
2024-09-20 19:30:00,154.9600067138672,156.0,154.74000549316406,155.97999572753906,4258243.0
2024-09-23 13:30:00,156.44500732421875,157.1699981689453,155.1999969482422,157.12969970703125,5727816.0
2024-09-23 14:30:00,157.1300048828125,157.19000244140625,154.97000122070312,155.74000549316406,3403432.0
2024-09-23 15:30:00,155.77999877929688,156.47000122070312,155.72000122070312,156.30999755859375,2095670.0
2024-09-23 16:30:00,156.3000030517578,156.50999450683594,155.7449951171875,156.27130126953125,1732658.0
2024-09-23 17:30:00,156.27499389648438,156.60499572753906,156.13009643554688,156.14999389648438,1989035.0
2024-09-23 18:30:00,156.16000366210938,156.5,156.04010009765625,156.43089294433594,1446009.0
2024-09-23 19:30:00,156.4499969482422,156.85000610351562,155.86599731445312,156.75,3148169.0
2024-09-24 13:30:00,157.5,158.42990112304688,154.5800018310547,154.82000732421875,6669327.0
2024-09-24 14:30:00,154.82000732421875,157.02000427246094,154.6300048828125,156.9290008544922,3868924.0
2024-09-24 15:30:00,156.9250030517578,159.63999938964844,156.91810607910156,158.89649963378906,4865670.0
2024-09-24 16:30:00,158.9149932861328,159.11000061035156,158.30450439453125,158.59500122070312,2328111.0
2024-09-24 17:30:00,158.60220336914062,158.99000549316406,157.92999267578125,158.02999877929688,2356235.0
2024-09-24 18:30:00,158.05990600585938,158.27999877929688,157.6699981689453,158.0500030517578,2510079.0
2024-09-24 19:30:00,158.04989624023438,158.4199981689453,157.86500549316406,158.3300018310547,2051089.0
2024-09-25 13:30:00,158.5,161.08999633789062,158.18499755859375,159.8699951171875,8469257.0
2024-09-25 14:30:00,159.8699951171875,161.99000549316406,159.67999267578125,161.63999938964844,4974791.0
2024-09-25 15:30:00,161.6199951171875,162.2799072265625,160.6999969482422,161.597900390625,5868263.0
2024-09-25 16:30:00,161.55999755859375,162.32000732421875,160.93649291992188,161.5800018310547,3140703.0
2024-09-25 17:30:00,161.55999755859375,162.66000366210938,161.08009338378906,162.4499969482422,3707069.0
2024-09-25 18:30:00,162.447998046875,162.9499969482422,162.16000366210938,162.5399932861328,3221362.0
2024-09-25 19:30:00,162.5500030517578,162.66000366210938,161.92999267578125,162.07000732421875,2851035.0
2024-09-26 13:30:00,167.125,168.6300048828125,166.4149932861328,166.7698974609375,11908581.0
2024-09-26 14:30:00,166.7740020751953,167.26710510253906,164.0500030517578,165.7532958984375,6561042.0
2024-09-26 15:30:00,165.7653045654297,166.0800018310547,164.7100067138672,164.73199462890625,2892518.0
2024-09-26 16:30:00,164.77000427246094,165.52000427246094,164.27999877929688,165.47999572753906,2712126.0
2024-09-26 17:30:00,165.48989868164062,167.25999450683594,165.35470581054688,167.24169921875,2956961.0
2024-09-26 18:30:00,167.22000122070312,168.0,166.77000427246094,167.5749969482422,3427049.0
2024-09-26 19:30:00,167.5800018310547,168.3000030517578,167.42010498046875,167.52000427246094,4140195.0
2024-09-27 13:30:00,166.67999267578125,168.72860717773438,166.16000366210938,166.3000030517578,8520157.0
2024-09-27 14:30:00,166.0,166.3300018310547,164.42999267578125,164.9600067138672,3984848.0
2024-09-27 15:30:00,164.94500732421875,165.3800048828125,164.47999572753906,165.1300048828125,2556849.0
2024-09-27 16:30:00,165.11000061035156,165.57000732421875,164.3000030517578,164.52999877929688,2776167.0
2024-09-27 17:30:00,164.5,165.02999877929688,163.83999633789062,163.89010620117188,2178830.0
2024-09-27 18:30:00,163.88499450683594,164.97999572753906,163.74000549316406,164.56289672851562,2199696.0
2024-09-27 19:30:00,164.5500030517578,164.82000732421875,164.0399932861328,164.35000610351562,2248401.0
2024-09-30 13:30:00,163.25,165.0800018310547,162.17999267578125,163.1479949951172,5868997.0
2024-09-30 14:30:00,163.16000366210938,164.42999267578125,163.0500030517578,164.33920288085938,2584902.0
2024-09-30 15:30:00,164.36000061035156,164.66000366210938,163.36000061035156,164.37379455566406,1883973.0
2024-09-30 16:30:00,164.36199951171875,164.8679962158203,163.5782928466797,163.625,1668809.0
2024-09-30 17:30:00,163.60000610351562,164.32000732421875,162.44000244140625,162.66000366210938,1945317.0
2024-09-30 18:30:00,162.64999389648438,163.58999633789062,162.35000610351562,162.98199462890625,1915386.0
2024-09-30 19:30:00,162.97999572753906,164.22000122070312,162.58999633789062,164.10000610351562,2345262.0
2024-10-01 13:30:00,164.47500610351562,165.39979553222656,159.82000732421875,160.1300048828125,6917473.0
2024-10-01 14:30:00,160.13800048828125,160.95989990234375,158.72000122070312,159.75999450683594,4021800.0
2024-10-01 15:30:00,159.74000549316406,161.15989685058594,159.6199951171875,160.72000122070312,2601272.0
2024-10-01 16:30:00,160.69000244140625,160.82000732421875,158.28599548339844,158.30999755859375,3350288.0
2024-10-01 17:30:00,158.27999877929688,160.77000427246094,158.0800018310547,160.63999938964844,3246670.0
2024-10-01 18:30:00,160.5800018310547,161.3699951171875,160.52999877929688,160.71499633789062,2621105.0
2024-10-01 19:30:00,160.7100067138672,160.7100067138672,158.96009826660156,159.75999450683594,4593070.0
2024-10-02 13:30:00,159.3699951171875,162.5399932861328,158.6688995361328,162.48049926757812,6350279.0
2024-10-02 14:30:00,162.4550018310547,163.10000610351562,161.77000427246094,162.13009643554688,4413718.0
2024-10-02 15:30:00,162.1999969482422,162.69000244140625,161.52999877929688,161.83999633789062,2278939.0
2024-10-02 16:30:00,161.7899932861328,161.8000030517578,159.86959838867188,160.42759704589844,2790173.0
2024-10-02 17:30:00,160.39999389648438,160.6392059326172,159.6999969482422,160.23989868164062,2638123.0
2024-10-02 18:30:00,160.22000122070312,160.52999877929688,159.99000549316406,160.09829711914062,1728171.0
2024-10-02 19:30:00,160.10760498046875,160.4499969482422,159.52999877929688,159.77000427246094,2816221.0
2024-10-03 13:30:00,159.6999969482422,166.78939819335938,159.39999389648438,164.64430236816406,11455658.0
2024-10-03 14:30:00,164.58999633789062,165.3699951171875,162.72000122070312,163.73980712890625,5129776.0
2024-10-03 15:30:00,163.7346954345703,164.49000549316406,163.64999389648438,164.23500061035156,2508412.0
2024-10-03 16:30:00,164.24899291992188,164.3498992919922,161.6999969482422,162.48330688476562,3097038.0
2024-10-03 17:30:00,162.45989990234375,162.8957977294922,162.07000732421875,162.35989379882812,1798420.0
2024-10-03 18:30:00,162.30999755859375,162.7899932861328,161.88999938964844,161.88999938964844,1910741.0
2024-10-03 19:30:00,161.9199981689453,163.00999450683594,161.77999877929688,162.86000061035156,2363992.0
2024-10-04 13:30:00,166.5330047607422,169.08999633789062,164.4199981689453,165.08099365234375,12719040.0
2024-10-04 14:30:00,165.02000427246094,168.64999389648438,164.8699951171875,167.4499969482422,7013000.0
2024-10-04 15:30:00,167.41009521484375,168.1999053955078,166.6699981689453,167.5500030517578,3651289.0
2024-10-04 16:30:00,167.53990173339844,170.25999450683594,167.39500427246094,170.1092987060547,5430663.0
2024-10-04 17:30:00,170.11000061035156,170.35000610351562,169.33999633789062,170.02999877929688,4637704.0
2024-10-04 18:30:00,170.0,170.7899932861328,169.61000061035156,170.41000366210938,3761033.0
2024-10-04 19:30:00,170.3730010986328,171.2100067138672,170.30999755859375,170.91000366210938,4599531.0
2024-10-07 13:30:00,171.0800018310547,171.5989990234375,168.2100067138672,169.80499267578125,12400699.0
2024-10-07 14:30:00,169.80140686035156,170.41909790039062,168.66000366210938,170.03990173339844,5037510.0
2024-10-07 15:30:00,170.02780151367188,171.5,168.9600067138672,171.1300048828125,4702003.0
2024-10-07 16:30:00,171.1300048828125,172.41000366210938,170.82000732421875,172.21499633789062,3797312.0
2024-10-07 17:30:00,172.14999389648438,172.25,171.17999267578125,171.63999938964844,3006744.0
2024-10-07 18:30:00,171.6300048828125,171.6300048828125,169.47999572753906,170.3000030517578,4209062.0
2024-10-07 19:30:00,170.35009765625,171.4199981689453,169.75,170.9698944091797,3160338.0
2024-10-08 13:30:00,171.75,173.4499969482422,170.44009399414062,171.60000610351562,9917411.0
2024-10-08 14:30:00,171.61500549316406,173.60000610351562,171.10000610351562,171.64999389648438,5202073.0
2024-10-08 15:30:00,171.66090393066406,172.27000427246094,170.0,170.72999572753906,4718359.0
2024-10-08 16:30:00,170.73880004882812,171.49740600585938,170.60000610351562,171.21090698242188,2822799.0
2024-10-08 17:30:00,171.22500610351562,172.13999938964844,171.07000732421875,171.9499969482422,2327512.0
2024-10-08 18:30:00,171.94009399414062,173.10989379882812,171.64999389648438,172.97500610351562,3142571.0
2024-10-08 19:30:00,172.9600067138672,173.43580627441406,172.6199951171875,172.7899932861328,4150441.0
2024-10-09 13:30:00,174.0399932861328,174.0449981689453,169.82009887695312,170.97999572753906,10141867.0
2024-10-09 14:30:00,170.97500610351562,171.52999877929688,169.72999572753906,170.8000030517578,5060904.0
2024-10-09 15:30:00,170.8000946044922,171.94580078125,169.5500030517578,170.48500061035156,4459081.0
2024-10-09 16:30:00,170.4600067138672,170.99000549316406,169.9300994873047,170.76499938964844,2824110.0
2024-10-09 17:30:00,170.75999450683594,171.6300048828125,170.14169311523438,171.6072998046875,3117457.0
2024-10-09 18:30:00,171.58999633789062,171.72999572753906,170.22999572753906,170.4600067138672,3065454.0
2024-10-09 19:30:00,170.4499969482422,171.47999572753906,170.4300994873047,170.99000549316406,3268127.0
2024-10-10 13:30:00,169.75999450683594,170.85989379882812,168.14999389648438,170.11990356445312,8312809.0
2024-10-10 14:30:00,170.10679626464844,171.26890563964844,169.2100067138672,171.10000610351562,4478309.0
2024-10-10 15:30:00,171.11000061035156,172.00999450683594,167.5500030517578,168.14779663085938,8263661.0
2024-10-10 16:30:00,168.1898956298828,168.2467041015625,164.19000244140625,165.57069396972656,19333095.0
2024-10-10 17:30:00,165.57000732421875,165.72000122070312,163.02000427246094,163.46080017089844,11524992.0
2024-10-10 18:30:00,163.4897003173828,164.0489959716797,162.25,162.92990112304688,11016439.0
2024-10-10 19:30:00,162.91000366210938,164.60000610351562,162.0,164.16000366210938,8588671.0
2024-10-11 13:30:00,164.18499755859375,165.60000610351562,163.01010131835938,164.3292999267578,11120118.0
2024-10-11 14:30:00,164.310302734375,166.30999755859375,164.27200317382812,165.36000061035156,5910443.0
2024-10-11 15:30:00,165.37989807128906,167.27999877929688,165.2899932861328,166.95399475097656,5000875.0
2024-10-11 16:30:00,166.95399475097656,168.03599548339844,166.3302001953125,167.88999938964844,4270792.0
2024-10-11 17:30:00,167.89990234375,169.35000610351562,167.69000244140625,168.81100463867188,4995737.0
2024-10-11 18:30:00,168.8249969482422,168.92999267578125,168.08999633789062,168.41000366210938,4356918.0
2024-10-11 19:30:00,168.38999938964844,168.4199981689453,167.75799560546875,167.88999938964844,3636434.0
2024-10-14 13:30:00,167.5800018310547,168.89999389648438,166.1199951171875,166.71539306640625,9248775.0
2024-10-14 14:30:00,166.6999969482422,167.5998992919922,166.2899932861328,166.6999969482422,4358566.0
2024-10-14 15:30:00,166.72000122070312,167.2899932861328,166.2100067138672,166.84739685058594,2612761.0
2024-10-14 16:30:00,166.86000061035156,167.35000610351562,166.2301025390625,166.75999450683594,2296718.0
2024-10-14 17:30:00,166.75210571289062,167.05999755859375,165.89999389648438,166.02000427246094,2977658.0
2024-10-14 18:30:00,166.02859497070312,166.27000427246094,165.27999877929688,165.66000366210938,4373592.0
2024-10-14 19:30:00,165.64500427246094,165.9040069580078,165.14999389648438,165.25999450683594,3594605.0
2024-10-15 13:30:00,163.14500427246094,164.11000061035156,158.27000427246094,158.4199981689453,16117772.0
2024-10-15 14:30:00,158.3699951171875,158.94000244140625,156.13499450683594,157.8699951171875,9214552.0
2024-10-15 15:30:00,157.8800048828125,158.2998046875,156.82000732421875,157.24000549316406,4661262.0
2024-10-15 16:30:00,157.24789428710938,157.7299041748047,156.57000732421875,156.74000549316406,3447855.0
2024-10-15 17:30:00,156.74000549316406,157.3800048828125,156.46009826660156,157.0749969482422,3431166.0
2024-10-15 18:30:00,157.07000732421875,157.33999633789062,156.01010131835938,156.57000732421875,4370706.0
2024-10-15 19:30:00,156.57000732421875,156.7100067138672,155.74009704589844,156.67999267578125,5070505.0
2024-10-16 13:30:00,158.14999389648438,158.27999877929688,155.80999755859375,157.4600067138672,9016818.0
2024-10-16 14:30:00,157.47999572753906,157.57000732421875,154.9158935546875,157.5198974609375,6606815.0
2024-10-16 15:30:00,157.50999450683594,157.8000030517578,156.63009643554688,157.04800415039062,2690377.0
2024-10-16 16:30:00,157.05999755859375,157.22000122070312,156.02999877929688,156.63999938964844,2661046.0
2024-10-16 17:30:00,156.58999633789062,156.9199981689453,155.85000610351562,156.64999389648438,3012741.0
2024-10-16 18:30:00,156.64999389648438,156.7899932861328,156.1199951171875,156.1999969482422,2238128.0
2024-10-16 19:30:00,156.1999969482422,156.38999938964844,155.5399932861328,156.14999389648438,2808711.0
2024-10-17 13:30:00,160.0,160.44000244140625,156.85499572753906,158.02529907226562,10540180.0
2024-10-17 14:30:00,158.00999450683594,158.5500030517578,156.6199951171875,158.08079528808594,4143235.0
2024-10-17 15:30:00,158.0800018310547,158.4199981689453,157.72999572753906,158.1999969482422,2680592.0
2024-10-17 16:30:00,158.2100067138672,158.6999969482422,157.6999969482422,158.50010681152344,2389858.0
2024-10-17 17:30:00,158.5050048828125,158.61000061035156,157.13999938964844,157.35000610351562,2419994.0
2024-10-17 18:30:00,157.36000061035156,157.47000122070312,156.77999877929688,156.95989990234375,2305896.0
2024-10-17 19:30:00,156.97000122070312,157.27999877929688,156.1999969482422,156.27999877929688,2702499.0
2024-10-18 13:30:00,157.27000427246094,158.00999450683594,155.55999755859375,156.85000610351562,7192342.0
2024-10-18 14:30:00,156.8300018310547,157.4799041748047,156.44000244140625,156.91799926757812,3756782.0
2024-10-18 15:30:00,156.92599487304688,156.9600067138672,155.8300018310547,156.3300018310547,2163400.0
2024-10-18 16:30:00,156.36000061035156,156.75450134277344,156.18099975585938,156.3979949951172,1484531.0
2024-10-18 17:30:00,156.38499450683594,156.57000732421875,155.9499969482422,156.28640747070312,1501487.0
2024-10-18 18:30:00,156.2899932861328,156.3000030517578,155.91000366210938,156.0,2335561.0
2024-10-18 19:30:00,155.99000549316406,156.14999389648438,155.60499572753906,155.99000549316406,2458291.0
2024-10-21 13:30:00,155.69000244140625,157.0699005126953,155.0500030517578,155.81590270996094,6177662.0
2024-10-21 14:30:00,155.81930541992188,155.95840454101562,154.16000366210938,154.83169555664062,4756857.0
2024-10-21 15:30:00,154.8000030517578,156.6199951171875,154.6551971435547,156.2801055908203,3061694.0
2024-10-21 16:30:00,156.2863006591797,156.77999877929688,156.0800018310547,156.5449981689453,2063837.0
2024-10-21 17:30:00,156.55999755859375,157.30889892578125,156.55999755859375,156.97999572753906,2106116.0
2024-10-21 18:30:00,156.94200134277344,157.62989807128906,156.61000061035156,157.26710510253906,2332530.0
2024-10-21 19:30:00,157.27999877929688,158.0,157.22000122070312,157.9499969482422,2210999.0
2024-10-22 13:30:00,156.60000610351562,156.72999572753906,153.0800018310547,153.92999267578125,10414647.0
2024-10-22 14:30:00,153.97000122070312,154.4600067138672,153.1300048828125,153.32000732421875,3979859.0
2024-10-22 15:30:00,153.35000610351562,153.470703125,151.91009521484375,152.11000061035156,5113334.0
2024-10-22 16:30:00,152.11000061035156,153.40390014648438,152.07000732421875,153.24009704589844,3280646.0
2024-10-22 17:30:00,153.24009704589844,154.11000061035156,153.0800018310547,153.78990173339844,3300766.0
2024-10-22 18:30:00,153.80999755859375,154.33999633789062,153.5399932861328,154.30799865722656,3793931.0
2024-10-22 19:30:00,154.3054962158203,154.58999633789062,153.9199981689453,154.05999755859375,3010158.0
2024-10-23 13:30:00,153.0,153.44500732421875,151.2100067138672,152.8300018310547,6749304.0
2024-10-23 14:30:00,152.8300018310547,153.12989807128906,151.94000244140625,151.9499969482422,3395364.0
2024-10-23 15:30:00,151.9499969482422,152.9199981689453,151.92999267578125,152.25999450683594,2167066.0
2024-10-23 16:30:00,152.25999450683594,152.77000427246094,151.22999572753906,151.52999877929688,2512835.0
2024-10-23 17:30:00,151.52999877929688,151.52999877929688,150.5200958251953,151.19000244140625,3146352.0
2024-10-23 18:30:00,151.19000244140625,152.74000549316406,151.08009338378906,152.44090270996094,3272720.0
2024-10-23 19:30:00,152.4499969482422,153.0399932861328,152.05999755859375,152.89999389648438,2473626.0
2024-10-24 13:30:00,154.75,155.19000244140625,153.47999572753906,153.72000122070312,6744500.0
2024-10-24 14:30:00,153.75,154.24989318847656,153.25,153.52999877929688,3166837.0
2024-10-24 15:30:00,153.50799560546875,153.61990356445312,152.35000610351562,152.9550018310547,2748021.0
2024-10-24 16:30:00,152.99000549316406,153.52000427246094,152.9300994873047,153.1300048828125,1775735.0
2024-10-24 17:30:00,153.13999938964844,153.5500030517578,152.89999389648438,153.2899932861328,1577683.0
2024-10-24 18:30:00,153.2949981689453,153.9199981689453,153.0800018310547,153.8000030517578,2494825.0
2024-10-24 19:30:00,153.8000030517578,154.02999877929688,153.32000732421875,153.42999267578125,2210702.0
2024-10-25 13:30:00,155.30999755859375,158.91000366210938,155.0850067138672,158.52960205078125,9974103.0
2024-10-25 14:30:00,158.52000427246094,158.57000732421875,157.0500030517578,157.3300018310547,5306759.0
2024-10-25 15:30:00,157.3419952392578,158.26010131835938,157.3179931640625,158.23500061035156,2563661.0
2024-10-25 16:30:00,158.23800659179688,158.27999877929688,156.94000244140625,157.0,2076207.0
2024-10-25 17:30:00,156.99000549316406,157.14999389648438,155.69000244140625,156.5449981689453,3184122.0
2024-10-25 18:30:00,156.55999755859375,156.74000549316406,156.08999633789062,156.3000030517578,2125531.0
2024-10-25 19:30:00,156.32000732421875,156.6999969482422,156.13999938964844,156.22000122070312,2123924.0
2024-10-28 13:30:00,158.5,160.05999755859375,157.0449981689453,160.0489959716797,9992657.0
2024-10-28 14:30:00,160.05999755859375,160.27999877929688,158.38340759277344,158.78500366210938,4715406.0
2024-10-28 15:30:00,158.77000427246094,159.47970581054688,158.36000061035156,159.1884002685547,2589781.0
2024-10-28 16:30:00,159.17999267578125,159.5800018310547,158.72000122070312,159.47860717773438,2004016.0
2024-10-28 17:30:00,159.49000549316406,159.82000732421875,159.05999755859375,159.14999389648438,2589326.0
2024-10-28 18:30:00,159.13999938964844,159.57000732421875,158.6999969482422,158.77999877929688,2943967.0
2024-10-28 19:30:00,158.75,159.97000122070312,158.66000366210938,159.91000366210938,2719591.0
2024-10-29 13:30:00,161.0500030517578,163.25999450683594,158.94000244140625,162.3300018310547,11742178.0
2024-10-29 14:30:00,162.2899932861328,163.61000061035156,161.92999267578125,163.31500244140625,5951877.0
2024-10-29 15:30:00,163.30999755859375,164.17999267578125,163.13999938964844,163.72999572753906,4634583.0
2024-10-29 16:30:00,163.76780700683594,164.72999572753906,162.8300018310547,164.12969970703125,5737533.0
2024-10-29 17:30:00,164.13999938964844,165.0998992919922,164.00999450683594,165.07000732421875,4806329.0
2024-10-29 18:30:00,165.08009338378906,166.92999267578125,164.9864959716797,166.66830444335938,9770538.0
2024-10-29 19:30:00,166.66000366210938,167.50990295410156,165.66000366210938,166.24000549316406,8523718.0
2024-10-30 13:30:00,152.80999755859375,153.0,149.10000610351562,151.05990600585938,29885379.0
2024-10-30 14:30:00,151.02999877929688,151.77000427246094,149.70010375976562,150.48500061035156,11169200.0
2024-10-30 15:30:00,150.50990295410156,151.0,149.49000549316406,149.95159912109375,7944047.0
2024-10-30 16:30:00,149.95199584960938,150.85000610351562,149.60000610351562,149.86619567871094,6251158.0
2024-10-30 17:30:00,149.860107421875,150.02000427246094,149.41000366210938,149.4600067138672,5748268.0
2024-10-30 18:30:00,149.44000244140625,150.0,149.3000030517578,149.75,6231427.0
2024-10-30 19:30:00,149.74000549316406,149.75999450683594,148.10499572753906,148.67999267578125,10897778.0
2024-10-31 13:30:00,147.75,148.67999267578125,143.3300018310547,144.45750427246094,13269730.0
2024-10-31 14:30:00,144.48500061035156,146.11990356445312,144.41000366210938,145.74000549316406,5998642.0
2024-10-31 15:30:00,145.74000549316406,145.81500244140625,144.05999755859375,145.22999572753906,4994487.0
2024-10-31 16:30:00,145.22999572753906,145.39999389648438,144.360107421875,144.5688934326172,3675372.0
2024-10-31 17:30:00,144.55999755859375,144.639892578125,143.8000030517578,144.15029907226562,4195897.0
2024-10-31 18:30:00,144.16000366210938,144.36610412597656,143.67999267578125,144.07000732421875,4125393.0
2024-10-31 19:30:00,144.07000732421875,144.94000244140625,143.94000244140625,144.0301055908203,4106724.0
2024-11-01 13:30:00,144.49839782714844,144.49839782714844,141.32000732421875,143.27879333496094,11846804.0
2024-11-01 14:30:00,143.32000732421875,143.47999572753906,142.0,143.25999450683594,5168423.0
2024-11-01 15:30:00,143.25999450683594,143.4199981689453,141.89999389648438,142.19000244140625,4004597.0
2024-11-01 16:30:00,142.20989990234375,143.1699981689453,141.75,143.07000732421875,3593295.0
2024-11-01 17:30:00,143.0800018310547,143.08999633789062,142.09010314941406,142.40939331054688,2828047.0
2024-11-01 18:30:00,142.4199981689453,142.82000732421875,142.14999389648438,142.16000366210938,2448839.0
2024-11-01 19:30:00,142.14999389648438,142.33999633789062,141.6300048828125,141.8699951171875,3370664.0
2024-11-04 14:30:00,141.66000366210938,143.07989501953125,139.72000122070312,142.78399658203125,8853038.0
2024-11-04 15:30:00,142.77000427246094,143.63999938964844,142.27999877929688,142.97999572753906,4553886.0
2024-11-04 16:30:00,142.9499969482422,142.9600067138672,141.3699951171875,142.01780700683594,4279316.0
2024-11-04 17:30:00,142.0399932861328,142.0800018310547,141.42160034179688,141.47000122070312,1866065.0
2024-11-04 18:30:00,141.44000244140625,141.72999572753906,141.1300048828125,141.18499755859375,2358713.0
2024-11-04 19:30:00,141.16000366210938,141.74000549316406,141.00999450683594,141.03500366210938,2224890.0
2024-11-04 20:30:00,141.02000427246094,141.05999755859375,140.38999938964844,140.74000549316406,2929103.0
2024-11-05 14:30:00,141.90499877929688,143.0800018310547,141.67999267578125,141.99000549316406,6560981.0
2024-11-05 15:30:00,142.03970336914062,142.30999755859375,141.5,141.92999267578125,3440964.0
2024-11-05 16:30:00,141.97000122070312,142.1898956298828,141.44000244140625,141.46009826660156,3329721.0
2024-11-05 17:30:00,141.47000122070312,141.89999389648438,141.4199981689453,141.57000732421875,2591927.0
2024-11-05 18:30:00,141.57369995117188,141.6999969482422,140.9600067138672,141.1649932861328,2679435.0
2024-11-05 19:30:00,141.16000366210938,141.3300018310547,140.8000030517578,141.26499938964844,2672821.0
2024-11-05 20:30:00,141.25999450683594,141.8000030517578,141.0832061767578,141.8000030517578,2769586.0
2024-11-06 14:30:00,144.92999267578125,145.35000610351562,141.5200958251953,143.50999450683594,10204295.0
2024-11-06 15:30:00,143.52999877929688,143.76800537109375,142.69009399414062,143.47999572753906,3554231.0
2024-11-06 16:30:00,143.47000122070312,144.39990234375,143.27000427246094,143.72850036621094,3288061.0
2024-11-06 17:30:00,143.6999969482422,144.08999633789062,143.1300048828125,143.99349975585938,2890075.0
2024-11-06 18:30:00,144.00999450683594,144.66000366210938,144.0,144.38999938964844,2697316.0
2024-11-06 19:30:00,144.38999938964844,145.3000030517578,144.26010131835938,145.25,2982342.0
2024-11-06 20:30:00,145.25,145.625,144.9499969482422,145.07000732421875,3348547.0
2024-11-07 14:30:00,146.6300048828125,149.07000732421875,145.66000366210938,148.5,9560288.0
2024-11-07 15:30:00,148.55999755859375,149.4499969482422,148.25,148.66990661621094,4199908.0
2024-11-07 16:30:00,148.63999938964844,149.1999969482422,148.16000366210938,148.9199981689453,2729295.0
2024-11-07 17:30:00,148.89999389648438,149.10000610351562,148.3000030517578,148.56500244140625,1937749.0
2024-11-07 18:30:00,148.5301055908203,149.42999267578125,148.33999633789062,149.0500030517578,2560403.0
2024-11-07 19:30:00,149.05999755859375,149.90020751953125,148.8708038330078,149.73770141601562,2998029.0
2024-11-07 20:30:00,149.7449951171875,150.1199951171875,149.66000366210938,149.8699951171875,3011242.0
2024-11-08 14:30:00,149.19500732421875,150.39999389648438,148.25,150.10000610351562,7848382.0
2024-11-08 15:30:00,150.0540008544922,150.7100067138672,148.88999938964844,148.96499633789062,3957362.0
2024-11-08 16:30:00,148.96499633789062,149.49000549316406,148.32000732421875,148.5299072265625,2973343.0
2024-11-08 17:30:00,148.5,148.83999633789062,147.7100067138672,148.125,3283624.0
2024-11-08 18:30:00,148.11000061035156,148.45989990234375,148.0,148.41000366210938,1650887.0
2024-11-08 19:30:00,148.40499877929688,148.41000366210938,147.52499389648438,147.9521942138672,2334074.0
2024-11-08 20:30:00,147.9698944091797,148.4600067138672,147.85000610351562,148.0,2545843.0
2024-11-11 14:30:00,147.39999389648438,147.41000366210938,144.91000366210938,147.0876007080078,8305609.0
2024-11-11 15:30:00,147.08009338378906,148.57000732421875,146.6699981689453,146.6999969482422,4677030.0
2024-11-11 16:30:00,146.70989990234375,146.7299041748047,145.41000366210938,145.52000427246094,2888590.0
2024-11-11 17:30:00,145.52000427246094,146.26010131835938,145.4600067138672,145.88999938964844,2524366.0
2024-11-11 18:30:00,145.8800048828125,145.9600067138672,145.4300994873047,145.5198974609375,2307758.0
2024-11-11 19:30:00,145.50999450683594,146.81719970703125,145.44000244140625,146.5399932861328,2369920.0
2024-11-11 20:30:00,146.5399932861328,147.44000244140625,146.375,147.3699951171875,2670407.0
2024-11-12 14:30:00,146.96800231933594,147.4499969482422,144.6999969482422,145.5800018310547,7994122.0
2024-11-12 15:30:00,145.5500946044922,145.6407012939453,143.94000244140625,144.2252960205078,5331559.0
2024-11-12 16:30:00,144.1300048828125,144.2100067138672,142.60000610351562,143.02499389648438,5289209.0
2024-11-12 17:30:00,143.0,143.00999450683594,141.5500946044922,142.37550354003906,4078345.0
2024-11-12 18:30:00,142.3699951171875,142.99000549316406,142.36000061035156,142.7050018310547,2424824.0
2024-11-12 19:30:00,142.72000122070312,143.60000610351562,142.639892578125,143.41000366210938,2870467.0
2024-11-12 20:30:00,143.41000366210938,143.66000366210938,143.1199951171875,143.6300048828125,3209802.0
2024-11-13 14:30:00,142.82000732421875,144.49000549316406,142.47999572753906,142.5399932861328,6720627.0
2024-11-13 15:30:00,142.52999877929688,142.89999389648438,141.4199981689453,141.71319580078125,4750906.0
2024-11-13 16:30:00,141.7100067138672,141.94000244140625,139.9300994873047,140.13729858398438,5422116.0
2024-11-13 17:30:00,140.1300048828125,140.97999572753906,139.97000122070312,140.6199951171875,3243003.0
2024-11-13 18:30:00,140.610107421875,141.2100067138672,140.39999389648438,140.4398956298828,2665835.0
2024-11-13 19:30:00,140.42999267578125,140.66000366210938,139.9600067138672,140.6300048828125,3308252.0
2024-11-13 20:30:00,140.6199951171875,140.63499450683594,139.07000732421875,139.30999755859375,4402603.0
2024-11-14 14:30:00,140.3574981689453,141.39999389648438,139.47000122070312,140.19740295410156,7584048.0
2024-11-14 15:30:00,140.10000610351562,140.2530059814453,139.29010009765625,139.59500122070312,3741420.0
2024-11-14 16:30:00,139.5800018310547,139.8800048828125,138.77999877929688,138.9835968017578,2835401.0
2024-11-14 17:30:00,138.9600067138672,140.39999389648438,138.55999755859375,140.1125946044922,3115421.0
2024-11-14 18:30:00,140.10499572753906,140.11000061035156,139.10000610351562,139.83990478515625,2555413.0
2024-11-14 19:30:00,139.8300018310547,140.0699005126953,138.8300018310547,139.30999755859375,5817372.0
2024-11-14 20:30:00,139.30999755859375,139.37600708007812,138.64999389648438,138.8699951171875,2970137.0
2024-11-15 14:30:00,136.4199981689453,137.35000610351562,135.4600067138672,135.91000366210938,10574851.0
2024-11-15 15:30:00,135.90370178222656,136.32000732421875,135.35000610351562,135.4499969482422,7231151.0
2024-11-15 16:30:00,135.4550018310547,135.8699951171875,134.6800994873047,135.83999633789062,4495111.0
2024-11-15 17:30:00,135.80999755859375,136.1300048828125,135.14999389648438,135.42999267578125,3203180.0
2024-11-15 18:30:00,135.4199981689453,135.4600067138672,133.91000366210938,133.9600067138672,4700865.0
2024-11-15 19:30:00,133.97000122070312,134.6999969482422,133.64999389648438,134.61000061035156,5485823.0
2024-11-15 20:30:00,134.58999633789062,135.0399932861328,133.98500061035156,134.9600067138672,4266932.0
2024-11-18 14:30:00,138.18499755859375,140.35989379882812,137.2100067138672,139.97059631347656,13618309.0
2024-11-18 15:30:00,139.97000122070312,140.39999389648438,139.43499755859375,140.02999877929688,4204958.0
2024-11-18 16:30:00,140.04400634765625,140.139892578125,138.99000549316406,139.70269775390625,2565485.0
2024-11-18 17:30:00,139.67999267578125,140.67999267578125,139.4600067138672,140.5800018310547,3991506.0
2024-11-18 18:30:00,140.58999633789062,140.89999389648438,139.47500610351562,139.5500030517578,2383035.0
2024-11-18 19:30:00,139.56500244140625,140.02999877929688,139.4499969482422,139.8350067138672,2622849.0
2024-11-18 20:30:00,139.8300018310547,139.8300018310547,138.63009643554688,138.9600067138672,3132139.0
2024-11-19 14:30:00,137.4499969482422,138.75,137.13999938964844,138.58999633789062,5347879.0
2024-11-19 15:30:00,138.5800018310547,138.8000030517578,137.80999755859375,138.52999877929688,4008969.0
2024-11-19 16:30:00,138.52000427246094,138.55099487304688,137.85400390625,138.38099670410156,2468855.0
2024-11-19 17:30:00,138.3699951171875,138.69000244140625,138.0399932861328,138.6699981689453,1997349.0
2024-11-19 18:30:00,138.6343994140625,139.75,138.61000061035156,138.83999633789062,2675177.0
2024-11-19 19:30:00,138.83999633789062,139.1699981689453,138.70680236816406,139.1446990966797,1980945.0
2024-11-19 20:30:00,139.1300048828125,139.47000122070312,139.0500030517578,139.39999389648438,2171715.0
2024-11-20 14:30:00,139.36000061035156,139.36000061035156,137.07009887695312,137.75999450683594,5797317.0
2024-11-20 15:30:00,137.75999450683594,138.35000610351562,136.6699981689453,136.73770141601562,3256340.0
2024-11-20 16:30:00,136.69009399414062,138.0399932861328,136.36000061035156,137.02000427246094,2559380.0
2024-11-20 17:30:00,137.02499389648438,137.24000549316406,135.83999633789062,136.1649932861328,3556399.0
2024-11-20 18:30:00,136.1699981689453,136.1750030517578,135.47999572753906,135.72999572753906,2543512.0
2024-11-20 19:30:00,135.72999572753906,136.47650146484375,135.67999267578125,136.32009887695312,2990691.0
2024-11-20 20:30:00,136.3385009765625,137.72000122070312,136.3385009765625,137.60000610351562,3314870.0
2024-11-21 14:30:00,138.69000244140625,140.2799072265625,135.26010131835938,135.31190490722656,8512663.0
2024-11-21 15:30:00,135.2899932861328,137.2100067138672,134.92999267578125,137.20950317382812,4509148.0
2024-11-21 16:30:00,137.1999969482422,137.63999938964844,136.52000427246094,137.47999572753906,3670697.0
2024-11-21 17:30:00,137.5,138.1300048828125,137.38999938964844,137.77499389648438,2020428.0
2024-11-21 18:30:00,137.77999877929688,137.9199981689453,136.9550018310547,137.19000244140625,2166018.0
2024-11-21 19:30:00,137.19400024414062,137.8800048828125,136.9499969482422,137.760498046875,2083205.0
2024-11-21 20:30:00,137.75,137.97030639648438,137.0500030517578,137.49000549316406,2481050.0
2024-11-22 14:30:00,137.33999633789062,139.1300048828125,137.19009399414062,137.46499633789062,6040954.0
2024-11-22 15:30:00,137.47000122070312,139.00999450683594,137.25999450683594,137.4600067138672,3849148.0
2024-11-22 16:30:00,137.47999572753906,138.0800018310547,137.0399932861328,137.99000549316406,2036125.0
2024-11-22 17:30:00,137.97000122070312,138.49000549316406,137.50999450683594,138.1300048828125,1707470.0
2024-11-22 18:30:00,138.1199951171875,138.60000610351562,137.75999450683594,138.25999450683594,2189321.0
2024-11-22 19:30:00,138.25999450683594,138.3000030517578,137.86000061035156,138.11000061035156,1623868.0
2024-11-22 20:30:00,138.10000610351562,138.5,137.90089416503906,138.35000610351562,1785863.0
2024-11-25 14:30:00,140.49000549316406,142.10000610351562,139.0500030517578,140.3699951171875,9733483.0
2024-11-25 15:30:00,140.3699951171875,142.0500030517578,139.69000244140625,141.92999267578125,4497124.0
2024-11-25 16:30:00,141.92999267578125,142.35000610351562,140.52999877929688,140.72000122070312,4140143.0
2024-11-25 17:30:00,140.72000122070312,141.14999389648438,140.2449951171875,140.83999633789062,2081350.0
2024-11-25 18:30:00,140.84500122070312,141.17990112304688,140.44000244140625,140.8699951171875,1669363.0
2024-11-25 19:30:00,140.86000061035156,141.00999450683594,140.58999633789062,140.97500610351562,1476325.0
2024-11-25 20:30:00,140.97000122070312,141.25,140.74000549316406,141.16000366210938,2725166.0
2024-11-26 14:30:00,142.5500030517578,142.8000030517578,137.80999755859375,138.06649780273438,9884217.0
2024-11-26 15:30:00,138.08999633789062,138.5998992919922,136.94000244140625,137.4250030517578,4999463.0
2024-11-26 16:30:00,137.4199981689453,137.57989501953125,136.75,137.3802032470703,3758504.0
2024-11-26 17:30:00,137.38499450683594,137.5500030517578,136.8300018310547,137.24000549316406,2502170.0
2024-11-26 18:30:00,137.24000549316406,137.72999572753906,136.6199951171875,136.75999450683594,2683795.0
2024-11-26 19:30:00,136.74009704589844,137.32000732421875,136.66000366210938,137.27499389648438,2503702.0
2024-11-26 20:30:00,137.27999877929688,137.77999877929688,137.1699981689453,137.6999969482422,2805260.0
2024-11-27 14:30:00,137.3249969482422,137.94000244140625,134.25999450683594,134.31930541992188,7306093.0
2024-11-27 15:30:00,134.33509826660156,134.67999267578125,132.9600067138672,133.4250030517578,5725659.0
2024-11-27 16:30:00,133.41000366210938,133.6999969482422,133.02999877929688,133.5406036376953,3004211.0
2024-11-27 17:30:00,133.5500030517578,134.9199981689453,133.39999389648438,134.7301025390625,2797627.0
2024-11-27 18:30:00,134.72999572753906,135.89999389648438,134.69000244140625,135.42999267578125,3134566.0
2024-11-27 19:30:00,135.4199981689453,136.25,135.41000366210938,135.99180603027344,2591766.0
2024-11-27 20:30:00,135.99000549316406,136.3699951171875,135.61000061035156,136.24000549316406,2307486.0
2024-11-29 14:30:00,136.30999755859375,138.5876007080078,135.77999877929688,137.76499938964844,6510521.0
2024-11-29 15:30:00,137.7996063232422,138.2899932861328,137.60000610351562,137.8699951171875,2668060.0
2024-11-29 16:30:00,137.86500549316406,138.0800018310547,137.15199279785156,137.42999267578125,2630218.0
2024-11-29 18:00:00,137.43499755859375,137.63999938964844,137.00999450683594,137.1699981689453,0.0
2024-12-02 14:30:00,137.85000610351562,141.16969299316406,137.8300018310547,140.93800354003906,9512304.0
2024-12-02 15:30:00,140.92999267578125,141.50999450683594,139.88999938964844,141.2949981689453,4538854.0
2024-12-02 16:30:00,141.27499389648438,142.82000732421875,141.27499389648438,141.9154052734375,5138883.0
2024-12-02 17:30:00,141.9199981689453,142.25,140.87010192871094,141.39010620117188,3192927.0
2024-12-02 18:30:00,141.39019775390625,141.8699951171875,141.01499938964844,141.33999633789062,2060262.0
2024-12-02 19:30:00,141.3365936279297,142.10740661621094,141.1501007080078,141.94000244140625,2218208.0
2024-12-02 20:30:00,141.9499969482422,142.58749389648438,141.77000427246094,142.10000610351562,3214135.0
2024-12-03 14:30:00,142.6999053955078,143.44949340820312,141.22999572753906,141.57000732421875,8307903.0
2024-12-03 15:30:00,141.5800018310547,142.5399932861328,141.08009338378906,142.47999572753906,3341312.0
2024-12-03 16:30:00,142.4600067138672,142.58999633789062,141.70010375976562,141.70010375976562,2033652.0
2024-12-03 17:30:00,141.7050018310547,142.35989379882812,141.47000122070312,142.10000610351562,1564489.0
2024-12-03 18:30:00,142.08999633789062,142.1929931640625,141.6300048828125,141.85499572753906,1376491.0
2024-12-03 19:30:00,141.86000061035156,142.13999938964844,141.7008056640625,141.91250610351562,1809684.0
2024-12-03 20:30:00,141.9138946533203,142.0500030517578,141.60000610351562,142.0,1552091.0
2024-12-04 14:30:00,142.87969970703125,143.39999389648438,141.1999969482422,141.53500366210938,7089606.0
2024-12-04 15:30:00,141.5399932861328,142.34280395507812,141.33999633789062,142.1457977294922,3336324.0
2024-12-04 16:30:00,142.14999389648438,143.02999877929688,141.91000366210938,142.7100067138672,2726580.0
2024-12-04 17:30:00,142.72000122070312,143.2364044189453,142.49000549316406,142.80499267578125,2197518.0
2024-12-04 18:30:00,142.79010009765625,143.53399658203125,142.5500030517578,143.2073974609375,2393969.0
2024-12-04 19:30:00,143.18319702148438,143.5800018310547,143.05499267578125,143.47000122070312,1967586.0
2024-12-04 20:30:00,143.4600067138672,144.1199951171875,143.42999267578125,144.05999755859375,2629814.0
2024-12-05 14:30:00,143.69000244140625,143.94000244140625,141.47999572753906,141.83999633789062,8022817.0
2024-12-05 15:30:00,141.8350067138672,142.5399932861328,141.61000061035156,142.0800018310547,3334913.0
2024-12-05 16:30:00,142.09689331054688,142.93600463867188,141.86000061035156,142.78990173339844,3596945.0
2024-12-05 17:30:00,142.77000427246094,142.77000427246094,141.25,141.3800048828125,2405602.0
2024-12-05 18:30:00,141.375,141.3800048828125,140.3800048828125,140.66000366210938,3358854.0
2024-12-05 19:30:00,140.64999389648438,141.1999969482422,140.52999877929688,140.69500732421875,2109503.0
2024-12-05 20:30:00,140.7021026611328,141.44000244140625,140.4600067138672,141.3800048828125,2430680.0
2024-12-06 14:30:00,141.4600067138672,142.76100158691406,140.42999267578125,142.19000244140625,6330905.0
2024-12-06 15:30:00,142.17999267578125,142.58999633789062,140.7030029296875,140.89999389648438,3229359.0
2024-12-06 16:30:00,140.89999389648438,141.1699981689453,140.2899932861328,140.38999938964844,2652294.0
2024-12-06 17:30:00,140.39999389648438,140.7100067138672,139.77000427246094,140.375,3005314.0
2024-12-06 18:30:00,140.35000610351562,140.52999877929688,140.07000732421875,140.4499969482422,1679244.0
2024-12-06 19:30:00,140.4600067138672,140.5886993408203,137.72000122070312,138.03500366210938,6907385.0
2024-12-06 20:30:00,138.02000427246094,138.89999389648438,137.39999389648438,138.5850067138672,5795505.0
2024-12-09 14:30:00,135.6820068359375,135.77000427246094,132.39999389648438,133.27999877929688,14903132.0
2024-12-09 15:30:00,133.28500366210938,133.9600067138672,131.9199981689453,132.7100067138672,7429208.0
2024-12-09 16:30:00,132.69000244140625,133.2333984375,132.3101043701172,132.74000549316406,5301786.0
2024-12-09 17:30:00,132.74000549316406,132.77000427246094,131.00999450683594,131.3256072998047,7063709.0
2024-12-09 18:30:00,131.3300018310547,131.8699951171875,131.0500030517578,131.25999450683594,4271513.0
2024-12-09 19:30:00,131.27000427246094,131.39999389648438,130.00999450683594,130.38999938964844,6964925.0
2024-12-09 20:30:00,130.39999389648438,131.0500030517578,130.1300048828125,130.8800048828125,5382887.0
2024-12-10 14:30:00,131.44000244140625,131.4499969482422,128.85000610351562,129.4355010986328,11779039.0
2024-12-10 15:30:00,129.41000366210938,129.77000427246094,128.7100067138672,128.85000610351562,4693993.0
2024-12-10 16:30:00,128.8699951171875,128.8896942138672,127.94000244140625,128.5050048828125,4897339.0
2024-12-10 17:30:00,128.52369689941406,128.89950561523438,128.22999572753906,128.38999938964844,3068433.0
2024-12-10 18:30:00,128.38999938964844,128.5135040283203,127.98999786376953,128.36000061035156,2399685.0
2024-12-10 19:30:00,128.36500549316406,128.44000244140625,127.41000366210938,127.41000366210938,3588718.0
2024-12-10 20:30:00,127.43000030517578,127.94889831542969,127.06999969482422,127.76000213623047,3822112.0
2024-12-11 14:30:00,128.52000427246094,129.41000366210938,126.22010040283203,127.0999984741211,11745723.0
2024-12-11 15:30:00,127.10540008544922,128.05990600585938,126.37999725341797,127.99479675292969,6218345.0
2024-12-11 16:30:00,127.9990005493164,129.24000549316406,127.69000244140625,128.88479614257812,4120887.0
2024-12-11 17:30:00,128.875,129.2899932861328,128.4857940673828,129.1699981689453,2637407.0
2024-12-11 18:30:00,129.1999969482422,130.05999755859375,129.06129455566406,129.8699951171875,4652431.0
2024-12-11 19:30:00,129.86000061035156,131.1300048828125,129.82000732421875,131.1300048828125,6188468.0
2024-12-11 20:30:00,131.11000061035156,131.2100067138672,130.07000732421875,130.16000366210938,3847893.0
2024-12-12 14:30:00,130.02000427246094,132.32000732421875,129.13999938964844,129.81100463867188,10810344.0
2024-12-12 15:30:00,129.80999755859375,130.62989807128906,129.1699981689453,129.7899932861328,3723552.0
2024-12-12 16:30:00,129.8000030517578,130.08999633789062,129.07000732421875,129.99000549316406,2742163.0
2024-12-12 17:30:00,129.98500061035156,130.55999755859375,129.77169799804688,130.27000427246094,2772088.0
2024-12-12 18:30:00,130.26499938964844,131.97999572753906,129.82000732421875,130.99000549316406,5185319.0
2024-12-12 19:30:00,130.9949951171875,131.4499969482422,130.6300048828125,130.65499877929688,2899803.0
2024-12-12 20:30:00,130.6699981689453,130.9499969482422,130.32009887695312,130.6199951171875,2580438.0
2024-12-13 14:30:00,131.3000030517578,131.3000030517578,127.18000030517578,127.36000061035156,16952759.0
2024-12-13 15:30:00,127.36990356445312,127.59940338134766,124.7699966430664,126.1500015258789,12863910.0
2024-12-13 16:30:00,126.13999938964844,127.54000091552734,126.11000061035156,126.19770050048828,8854708.0
2024-12-13 17:30:00,126.19000244140625,126.41649627685547,125.5,125.8749008178711,6534264.0
2024-12-13 18:30:00,125.88999938964844,126.30000305175781,125.45999908447266,126.05999755859375,6713712.0
2024-12-13 19:30:00,126.08699798583984,126.37000274658203,125.41000366210938,126.00499725341797,5037164.0
2024-12-13 20:30:00,125.98999786376953,126.95999908447266,125.94020080566406,126.88999938964844,4716557.0
2024-12-16 14:30:00,125.98999786376953,126.02169799804688,123.12000274658203,125.19999694824219,13949940.0
2024-12-16 15:30:00,125.16999816894531,126.36000061035156,124.8572006225586,125.8499984741211,5265948.0
2024-12-16 16:30:00,125.87000274658203,127.0999984741211,125.44999694824219,126.8718032836914,4469108.0
2024-12-16 17:30:00,126.87999725341797,127.76000213623047,126.87999725341797,127.18499755859375,4996305.0
2024-12-16 18:30:00,127.18000030517578,127.19999694824219,126.44000244140625,126.58999633789062,3419151.0
2024-12-16 19:30:00,126.59500122070312,127.23979949951172,126.55000305175781,127.01000213623047,3028608.0
2024-12-16 20:30:00,127.01000213623047,127.53500366210938,126.44249725341797,126.69000244140625,3523613.0
2024-12-17 14:30:00,124.47000122070312,124.88990020751953,123.1500015258789,123.8301010131836,14063813.0
2024-12-17 15:30:00,123.87000274658203,125.87999725341797,123.71009826660156,125.87000274658203,5629479.0
2024-12-17 16:30:00,125.86000061035156,126.73999786376953,125.66000366210938,126.37999725341797,3807748.0
2024-12-17 17:30:00,126.37999725341797,127.08000183105469,125.76000213623047,125.80000305175781,2890704.0
2024-12-17 18:30:00,125.83999633789062,125.94000244140625,125.1500015258789,125.18000030517578,3540387.0
2024-12-17 19:30:00,125.19000244140625,125.22989654541016,124.31999969482422,124.48999786376953,3752064.0
2024-12-17 20:30:00,124.4800033569336,125.37999725341797,124.41999816894531,125.02999877929688,3121959.0
2024-12-18 14:30:00,125.30999755859375,126.63999938964844,124.80999755859375,124.98999786376953,9385823.0
2024-12-18 15:30:00,125.00969696044922,126.01000213623047,124.95999908447266,125.79000091552734,5113678.0
2024-12-18 16:30:00,125.77999877929688,127.75,125.46009826660156,127.63999938964844,6800499.0
2024-12-18 17:30:00,127.63999938964844,127.6500015258789,126.8134994506836,127.5645980834961,3920126.0
2024-12-18 18:30:00,127.56500244140625,127.62000274658203,125.29010009765625,125.33999633789062,4154293.0
2024-12-18 19:30:00,125.3499984741211,126.00499725341797,122.4000015258789,122.54000091552734,6898445.0
2024-12-18 20:30:00,122.58000183105469,122.9000015258789,120.43009948730469,121.41999816894531,6882575.0
2024-12-19 14:30:00,122.16000366210938,123.37999725341797,119.69999694824219,119.80010223388672,11815869.0
2024-12-19 15:30:00,119.83000183105469,121.3604965209961,119.44999694824219,121.25499725341797,5693583.0
2024-12-19 16:30:00,121.22000122070312,121.68000030517578,119.80999755859375,119.93000030517578,4245167.0
2024-12-19 17:30:00,119.93000030517578,120.05000305175781,119.26000213623047,119.55999755859375,4802385.0
2024-12-19 18:30:00,119.54000091552734,120.0999984741211,119.05000305175781,119.39949798583984,4710267.0
2024-12-19 19:30:00,119.39949798583984,119.63999938964844,118.80999755859375,119.5,4434125.0
2024-12-19 20:30:00,119.51000213623047,119.5999984741211,118.44999694824219,118.97000122070312,4059951.0
2024-12-20 14:30:00,117.9800033569336,120.41000366210938,117.91000366210938,120.38999938964844,12107619.0
2024-12-20 15:30:00,120.36000061035156,121.58999633789062,120.30000305175781,121.1050033569336,6084844.0
2024-12-20 16:30:00,121.11370086669922,121.86000061035156,120.79499816894531,121.2666015625,4705230.0
2024-12-20 17:30:00,121.2300033569336,121.30999755859375,119.69499969482422,119.76000213623047,3938822.0
2024-12-20 18:30:00,119.76000213623047,120.44000244140625,119.68000030517578,120.09130096435547,3247453.0
2024-12-20 19:30:00,120.08999633789062,120.44999694824219,119.52510070800781,119.57769775390625,3167836.0
2024-12-20 20:30:00,119.5875015258789,119.68000030517578,118.97000122070312,119.27999877929688,3854263.0
2024-12-23 14:30:00,120.68000030517578,125.32689666748047,120.48999786376953,124.88999938964844,16835968.0
2024-12-23 15:30:00,124.88999938964844,126.33869934082031,124.69860076904297,124.80999755859375,8192261.0
2024-12-23 16:30:00,124.82499694824219,125.16999816894531,124.46499633789062,124.65840148925781,3844676.0
2024-12-23 17:30:00,124.66999816894531,125.60990142822266,124.4000015258789,125.01000213623047,3577398.0
2024-12-23 18:30:00,125.00499725341797,125.32460021972656,124.58999633789062,124.77999877929688,2896227.0
2024-12-23 19:30:00,124.77950286865234,124.80999755859375,123.8499984741211,124.40499877929688,3854867.0
2024-12-23 20:30:00,124.4000015258789,124.86000061035156,124.33999633789062,124.62999725341797,3984467.0
2024-12-24 14:30:00,127.41500091552734,127.48870086669922,124.66000366210938,125.45999908447266,13209549.0
2024-12-24 15:30:00,125.44010162353516,126.11990356445312,124.5999984741211,126.0199966430664,4671283.0
2024-12-24 16:30:00,126.01000213623047,126.38500213623047,125.70010375976562,126.30500030517578,3134235.0
2024-12-24 18:00:00,126.30999755859375,126.5999984741211,125.66000366210938,126.22000122070312,0.0
2024-12-26 14:30:00,125.69000244140625,127.29989624023438,125.33999633789062,125.7699966430664,7438363.0
2024-12-26 15:30:00,125.77999877929688,126.37200164794922,125.55999755859375,125.93779754638672,3834098.0
2024-12-26 16:30:00,125.94000244140625,126.30000305175781,125.73999786376953,125.86830139160156,2422690.0
2024-12-26 17:30:00,125.87979888916016,126.1500015258789,125.30999755859375,125.45999908447266,2652314.0
2024-12-26 18:30:00,125.47100067138672,125.7698974609375,125.31999969482422,125.54989624023438,1685194.0
2024-12-26 19:30:00,125.55000305175781,125.94999694824219,125.48999786376953,125.7686996459961,1825685.0
2024-12-26 20:30:00,125.76000213623047,125.87000274658203,125.05000305175781,125.06999969482422,2559978.0
2024-12-27 14:30:00,124.31500244140625,125.90859985351562,122.2605972290039,122.81999969482422,10487763.0
2024-12-27 15:30:00,122.80999755859375,124.41999816894531,122.5199966430664,124.4198989868164,4070116.0
2024-12-27 16:30:00,124.40499877929688,124.58000183105469,123.87999725341797,124.30989837646484,2600323.0
2024-12-27 17:30:00,124.29499816894531,124.86000061035156,123.97000122070312,124.55999755859375,2215747.0
2024-12-27 18:30:00,124.55000305175781,125.62000274658203,124.47000122070312,125.38999938964844,3266993.0
2024-12-27 19:30:00,125.4000015258789,126.18000030517578,125.08000183105469,125.26010131835938,4679153.0
2024-12-27 20:30:00,125.25,125.5199966430664,124.76000213623047,125.2699966430664,3089885.0
2024-12-30 14:30:00,123.56199645996094,124.07499694824219,122.3499984741211,122.69999694824219,8284236.0
2024-12-30 15:30:00,122.69999694824219,123.48999786376953,122.44999694824219,122.85399627685547,4149664.0
2024-12-30 16:30:00,122.8499984741211,123.37000274658203,122.70549774169922,123.18000030517578,2758177.0
2024-12-30 17:30:00,123.20999908447266,123.70999908447266,123.03399658203125,123.34200286865234,3190138.0
2024-12-30 18:30:00,123.33999633789062,123.68000030517578,122.80000305175781,122.95999908447266,2246348.0
2024-12-30 19:30:00,122.96949768066406,123.30000305175781,122.55999755859375,122.58000183105469,2648924.0
2024-12-30 20:30:00,122.58999633789062,122.91999816894531,122.4000015258789,122.45999908447266,2937840.0
2024-12-31 14:30:00,123.11499786376953,123.54959869384766,121.83200073242188,122.60980224609375,7449053.0
2024-12-31 15:30:00,122.59500122070312,122.97000122070312,120.83999633789062,121.19010162353516,4787759.0
2024-12-31 16:30:00,121.19999694824219,121.52999877929688,120.54000091552734,120.58769989013672,3319171.0
2024-12-31 17:30:00,120.58000183105469,121.17019653320312,120.26000213623047,120.30999755859375,2945807.0
2024-12-31 18:30:00,120.27999877929688,120.77999877929688,120.13800048828125,120.18000030517578,2563869.0
2024-12-31 19:30:00,120.19000244140625,121.18000030517578,120.1449966430664,121.13999938964844,3074154.0
2024-12-31 20:30:00,121.1500015258789,121.19000244140625,120.47010040283203,120.79000091552734,3313290.0
2025-01-02 14:30:00,122.33999633789062,123.13999938964844,120.91000366210938,121.70169830322266,9368026.0
2025-01-02 15:30:00,121.6500015258789,122.02670288085938,121.0999984741211,121.80030059814453,4593531.0
2025-01-02 16:30:00,121.80000305175781,121.80500030517578,120.23249816894531,120.2750015258789,4167452.0
2025-01-02 17:30:00,120.27999877929688,120.37979888916016,119.44000244140625,120.13500213623047,4095459.0
2025-01-02 18:30:00,120.06999969482422,120.62999725341797,119.69999694824219,120.5,2217545.0
2025-01-02 19:30:00,120.48500061035156,121.02999877929688,120.00160217285156,120.94000244140625,2707171.0
2025-01-02 20:30:00,120.93900299072266,121.10199737548828,120.5,120.62999725341797,2828110.0
2025-01-03 14:30:00,121.56999969482422,123.36499786376953,121.41999816894531,122.5199966430664,9907105.0
2025-01-03 15:30:00,122.52400207519531,124.05000305175781,122.3301010131836,123.91999816894531,5597926.0
2025-01-03 16:30:00,123.93000030517578,124.68150329589844,123.69999694824219,124.05010223388672,3643448.0
2025-01-03 17:30:00,124.06999969482422,124.44000244140625,123.81999969482422,124.4000015258789,2494155.0
2025-01-03 18:30:00,124.3958969116211,124.83000183105469,124.1500015258789,124.56999969482422,2865196.0
2025-01-03 19:30:00,124.55999755859375,125.27999877929688,124.36399841308594,125.25499725341797,3178346.0
2025-01-03 20:30:00,125.25499725341797,125.55999755859375,124.83000183105469,125.36000061035156,4172622.0
2025-01-06 14:30:00,129.00999450683594,130.16000366210938,127.37000274658203,129.5500030517578,15430101.0
2025-01-06 15:30:00,129.52999877929688,129.80999755859375,128.3159942626953,129.02999877929688,5934984.0
2025-01-06 16:30:00,129.0449981689453,130.72999572753906,128.97000122070312,130.30999755859375,5301461.0
2025-01-06 17:30:00,130.2899932861328,130.50999450683594,129.3800048828125,130.44500732421875,3475995.0
2025-01-06 18:30:00,130.44000244140625,130.47999572753906,129.17999267578125,129.47500610351562,3087904.0
2025-01-06 19:30:00,129.4600067138672,130.02000427246094,128.66000366210938,129.99009704589844,4768694.0
2025-01-06 20:30:00,130.0,130.1999969482422,129.38999938964844,129.5500030517578,4076048.0
2025-01-07 14:30:00,130.4199981689453,131.7100067138672,127.97000122070312,128.78199768066406,13022860.0
2025-01-07 15:30:00,128.8000030517578,129.23989868164062,126.86499786376953,128.97999572753906,6347129.0
2025-01-07 16:30:00,128.97000122070312,129.5500030517578,128.01010131835938,128.28500366210938,2351117.0
2025-01-07 17:30:00,128.3000030517578,129.94000244140625,128.0500030517578,129.625,3059611.0
2025-01-07 18:30:00,129.60000610351562,129.76800537109375,128.67010498046875,129.03199768066406,2557271.0
2025-01-07 19:30:00,129.02999877929688,129.10000610351562,127.26000213623047,127.30999755859375,2788272.0
2025-01-07 20:30:00,127.30000305175781,127.91999816894531,126.86000061035156,127.33999633789062,3518017.0
2025-01-08 14:30:00,124.56500244140625,125.30000305175781,120.7699966430664,121.18000030517578,17124945.0
2025-01-08 15:30:00,121.19000244140625,122.51000213623047,121.08999633789062,122.24040222167969,5131227.0
2025-01-08 16:30:00,122.26000213623047,122.97000122070312,120.26010131835938,120.37000274658203,4586374.0
2025-01-08 17:30:00,120.36000061035156,122.31999969482422,120.12010192871094,122.06670379638672,4297679.0
2025-01-08 18:30:00,122.05999755859375,122.31999969482422,121.25,121.95999908447266,3438385.0
2025-01-08 19:30:00,121.95999908447266,121.95999908447266,121.09010314941406,121.30419921875,3269438.0
2025-01-08 20:30:00,121.29000091552734,121.88999938964844,121.08000183105469,121.8499984741211,3786668.0
2025-01-10 14:30:00,118.18000030517578,118.70999908447266,114.45010375976562,115.80000305175781,22520983.0
2025-01-10 15:30:00,115.79499816894531,116.75,115.20999908447266,115.62989807128906,7476704.0
2025-01-10 16:30:00,115.625,115.7300033569336,114.52999877929688,115.17350006103516,6143463.0
2025-01-10 17:30:00,115.18000030517578,116.06999969482422,114.5999984741211,115.89360046386719,4782846.0
2025-01-10 18:30:00,115.90499877929688,116.75,115.76280212402344,116.44999694824219,4387389.0
2025-01-10 19:30:00,116.45989990234375,116.64920043945312,115.62000274658203,115.7676010131836,3674486.0
2025-01-10 20:30:00,115.75,116.23999786376953,115.5199966430664,115.97000122070312,5435636.0
2025-01-13 14:30:00,115.29499816894531,117.0999984741211,114.41000366210938,115.25499725341797,12957043.0
2025-01-13 15:30:00,115.27999877929688,116.41999816894531,115.12000274658203,115.51000213623047,4940900.0
2025-01-13 16:30:00,115.5198974609375,116.39450073242188,114.73999786376953,116.31919860839844,4220978.0
2025-01-13 17:30:00,116.28990173339844,116.91000366210938,115.98999786376953,116.71009826660156,4205096.0
2025-01-13 18:30:00,116.72650146484375,116.88999938964844,116.35269927978516,116.5999984741211,2493959.0
2025-01-13 19:30:00,116.56999969482422,117.4800033569336,116.48999786376953,117.19999694824219,3785516.0
2025-01-13 20:30:00,117.20999908447266,117.46499633789062,117.11000061035156,117.3499984741211,2785101.0
2025-01-14 14:30:00,118.0,118.66000366210938,115.58000183105469,115.79989624023438,11537400.0
2025-01-14 15:30:00,115.80000305175781,116.18000030517578,114.7699966430664,114.8499984741211,5707116.0
2025-01-14 16:30:00,114.8499984741211,115.66000366210938,114.5,115.5999984741211,4147554.0
2025-01-14 17:30:00,115.58000183105469,115.98999786376953,115.0696029663086,115.94999694824219,2848752.0
2025-01-14 18:30:00,115.93000030517578,116.36039733886719,115.79000091552734,116.15399932861328,2774738.0
2025-01-14 19:30:00,116.17040252685547,116.17040252685547,114.68000030517578,115.05999755859375,3424693.0
2025-01-14 20:30:00,115.05999755859375,116.12999725341797,114.93000030517578,116.12999725341797,3648848.0
2025-01-15 14:30:00,117.55000305175781,119.87999725341797,117.45999908447266,118.73500061035156,11940764.0
2025-01-15 15:30:00,118.74500274658203,118.98999786376953,118.2300033569336,118.79000091552734,4071218.0
2025-01-15 16:30:00,118.76000213623047,118.86990356445312,118.26000213623047,118.62999725341797,3601651.0
2025-01-15 17:30:00,118.62000274658203,120.05999755859375,118.62000274658203,119.91000366210938,3771111.0
2025-01-15 18:30:00,119.91500091552734,120.19999694824219,119.76000213623047,119.9574966430664,3342443.0
2025-01-15 19:30:00,119.9800033569336,120.30000305175781,119.68000030517578,120.16889953613281,3277795.0
2025-01-15 20:30:00,120.16000366210938,120.41999816894531,119.8499984741211,119.95999908447266,3030350.0
2025-01-16 14:30:00,120.26499938964844,121.08000183105469,118.33999633789062,118.37999725341797,10158984.0
2025-01-16 15:30:00,118.38069915771484,120.06999969482422,118.25,119.16000366210938,4602149.0
2025-01-16 16:30:00,119.18000030517578,119.56999969482422,118.75,119.44000244140625,2550168.0
2025-01-16 17:30:00,119.44000244140625,119.4800033569336,118.92500305175781,119.06999969482422,1877799.0
2025-01-16 18:30:00,119.08560180664062,119.38800048828125,118.69000244140625,119.2300033569336,2544142.0
2025-01-16 19:30:00,119.23999786376953,119.36499786376953,118.91999816894531,118.97000122070312,2343690.0
2025-01-16 20:30:00,118.94999694824219,119.20500183105469,118.41000366210938,118.41999816894531,2536097.0
2025-01-17 14:30:00,120.7699966430664,122.73680114746094,120.55000305175781,121.05500030517578,13025477.0
2025-01-17 15:30:00,121.06999969482422,121.81990051269531,120.72000122070312,121.6864013671875,4169988.0
2025-01-17 16:30:00,121.6812973022461,121.88999938964844,120.9800033569336,121.37999725341797,4649011.0
2025-01-17 17:30:00,121.38040161132812,121.5343017578125,120.97270202636719,121.45899963378906,1767759.0
2025-01-17 18:30:00,121.44999694824219,121.48500061035156,121.0,121.38999938964844,1807673.0
2025-01-17 19:30:00,121.37999725341797,121.47000122070312,120.93000030517578,121.26000213623047,2213036.0
2025-01-17 20:30:00,121.2699966430664,121.72000122070312,121.25,121.45999908447266,3323823.0
2025-01-21 14:30:00,122.38999938964844,123.45999908447266,121.12010192871094,122.11000061035156,8497991.0
2025-01-21 15:30:00,122.0999984741211,122.69999694824219,121.69000244140625,122.51000213623047,3179809.0
2025-01-21 16:30:00,122.5,123.2249984741211,122.25270080566406,123.19499969482422,2547945.0
2025-01-21 17:30:00,123.19000244140625,123.75,122.70999908447266,123.69499969482422,3309451.0
2025-01-21 18:30:00,123.69999694824219,123.75,122.81999969482422,123.11000061035156,2733831.0
2025-01-21 19:30:00,123.11000061035156,123.11000061035156,122.80000305175781,122.86000061035156,2157229.0
2025-01-21 20:30:00,122.8499984741211,122.94999694824219,122.20999908447266,122.2699966430664,3371136.0
2025-01-22 14:30:00,123.04000091552734,124.41000366210938,121.91200256347656,123.8499984741211,8714449.0
2025-01-22 15:30:00,123.83999633789062,125.5,123.62999725341797,125.37000274658203,4830789.0
2025-01-22 16:30:00,125.37000274658203,125.6500015258789,123.93009948730469,124.00499725341797,5075995.0
2025-01-22 17:30:00,124.01000213623047,124.08999633789062,123.29000091552734,123.77999877929688,3642171.0
2025-01-22 18:30:00,123.78500366210938,124.11000061035156,123.20999908447266,123.27670288085938,2246256.0
2025-01-22 19:30:00,123.28600311279297,123.83499908447266,123.16999816894531,123.625,3207146.0
2025-01-22 20:30:00,123.63520050048828,123.96720123291016,123.58999633789062,123.6937026977539,2443650.0
2025-01-23 14:30:00,121.42500305175781,123.11000061035156,120.62999725341797,122.76000213623047,7311399.0
2025-01-23 15:30:00,122.75,123.42009735107422,122.44000244140625,123.0647964477539,3274302.0
2025-01-23 16:30:00,123.05999755859375,123.70999908447266,122.94999694824219,123.36000061035156,3351849.0
2025-01-23 17:30:00,123.3550033569336,123.69999694824219,123.16000366210938,123.5,1635033.0
2025-01-23 18:30:00,123.51000213623047,123.55000305175781,123.04000091552734,123.19000244140625,1787686.0
2025-01-23 19:30:00,123.19000244140625,123.4000015258789,122.90010070800781,122.98999786376953,1718051.0
2025-01-23 20:30:00,122.97000122070312,123.13999938964844,122.83090209960938,123.04000091552734,2790875.0
2025-01-24 14:30:00,124.5,125.16000366210938,122.7699966430664,123.11000061035156,7215388.0
2025-01-24 15:30:00,123.0999984741211,125.13999938964844,123.06009674072266,124.3550033569336,4903137.0
2025-01-24 16:30:00,124.34200286865234,124.6500015258789,123.66000366210938,123.7699966430664,2568779.0
2025-01-24 17:30:00,123.77960205078125,124.02999877929688,122.56999969482422,122.72000122070312,5305869.0
2025-01-24 18:30:00,122.72000122070312,123.05000305175781,122.36000061035156,122.5199966430664,2553107.0
2025-01-24 19:30:00,122.53500366210938,122.9000015258789,122.25499725341797,122.38719940185547,3561748.0
2025-01-24 20:30:00,122.37999725341797,122.94999694824219,122.2300033569336,122.87000274658203,2261051.0
2025-01-27 14:30:00,117.80999755859375,118.06999969482422,115.55000305175781,117.16000366210938,18128366.0
2025-01-27 15:30:00,117.16000366210938,117.88999938964844,115.05999755859375,115.2699966430664,7077014.0
2025-01-27 16:30:00,115.25499725341797,115.77999877929688,114.8228988647461,115.56999969482422,5888028.0
2025-01-27 17:30:00,115.56009674072266,116.05000305175781,114.31009674072266,114.45999908447266,4656720.0
2025-01-27 18:30:00,114.46499633789062,115.0199966430664,113.61000061035156,114.0343017578125,6461725.0
2025-01-27 19:30:00,114.04000091552734,114.41999816894531,112.80000305175781,114.25,6633492.0
2025-01-27 20:30:00,114.27999877929688,115.11000061035156,114.25,115.05999755859375,4837582.0
2025-01-28 14:30:00,115.18000030517578,116.1500015258789,112.94999694824219,114.56079864501953,11013586.0
2025-01-28 15:30:00,114.58999633789062,114.58999633789062,113.37000274658203,113.47149658203125,5801462.0
2025-01-28 16:30:00,113.47200012207031,114.80000305175781,113.22000122070312,114.43000030517578,3921073.0
2025-01-28 17:30:00,114.44499969482422,114.87999725341797,114.22000122070312,114.53500366210938,2977684.0
2025-01-28 18:30:00,114.53500366210938,114.6697998046875,114.05999755859375,114.55000305175781,2982550.0
2025-01-28 19:30:00,114.55000305175781,115.19840240478516,114.5,114.80999755859375,3460191.0
2025-01-28 20:30:00,114.81999969482422,114.81999969482422,113.75,114.16000366210938,5016422.0
2025-01-29 14:30:00,115.875,117.68000030517578,114.97000122070312,116.92939758300781,10538525.0
2025-01-29 15:30:00,116.9303970336914,117.12989807128906,115.94999694824219,116.12999725341797,4504372.0
2025-01-29 16:30:00,116.1321029663086,118.47000122070312,115.98999786376953,118.18049621582031,6969090.0
2025-01-29 17:30:00,118.19999694824219,118.5199966430664,116.31999969482422,117.57820129394531,4203609.0
2025-01-29 18:30:00,117.56999969482422,117.87000274658203,116.58000183105469,116.87000274658203,2815827.0
2025-01-29 19:30:00,116.8499984741211,118.4800033569336,116.7699966430664,118.06990051269531,4629736.0
2025-01-29 20:30:00,118.06749725341797,118.16999816894531,116.8196029663086,117.41000366210938,3166112.0
2025-01-30 14:30:00,118.4800033569336,120.44000244140625,117.91000366210938,117.93920135498047,8515268.0
2025-01-30 15:30:00,117.95999908447266,118.55000305175781,117.08999633789062,118.29000091552734,3823138.0
2025-01-30 16:30:00,118.29989624023438,118.69999694824219,117.9000015258789,118.08999633789062,3339339.0
2025-01-30 17:30:00,118.11000061035156,118.75920104980469,117.94519805908203,118.51499938964844,1861478.0
2025-01-30 18:30:00,118.51000213623047,119.0199966430664,118.45999908447266,118.62999725341797,2525045.0
2025-01-30 19:30:00,118.62999725341797,119.0999984741211,118.43199920654297,118.96499633789062,2986620.0
2025-01-30 20:30:00,118.97000122070312,119.0199966430664,117.83999633789062,118.87999725341797,3191245.0
2025-01-31 14:30:00,119.16999816894531,119.56500244140625,117.54000091552734,118.9000015258789,9323495.0
2025-01-31 15:30:00,118.91000366210938,119.44999694824219,117.66500091552734,117.677001953125,5988518.0
2025-01-31 16:30:00,117.69000244140625,118.23999786376953,117.2300033569336,117.97039794921875,4576206.0
2025-01-31 17:30:00,117.98999786376953,118.25980377197266,117.26000213623047,117.28990173339844,3121304.0
2025-01-31 18:30:00,117.2699966430664,117.43000030517578,116.23999786376953,116.6875,4316496.0
2025-01-31 19:30:00,116.68499755859375,116.83000183105469,115.4800033569336,115.58000183105469,4138797.0
2025-01-31 20:30:00,115.5999984741211,116.41000366210938,115.33000183105469,115.88999938964844,4317012.0
2025-02-03 14:30:00,113.6500015258789,114.80000305175781,112.9800033569336,114.61000061035156,9568380.0
2025-02-03 15:30:00,114.56999969482422,115.16000366210938,113.94999694824219,114.25,4376811.0
2025-02-03 16:30:00,114.24500274658203,114.6500015258789,113.71949768066406,113.71949768066406,3581488.0
2025-02-03 17:30:00,113.70999908447266,113.76000213623047,113.04959869384766,113.4032974243164,3722543.0
2025-02-03 18:30:00,113.42040252685547,114.73999786376953,113.38200378417969,114.42009735107422,3089066.0
2025-02-03 19:30:00,114.44000244140625,114.56999969482422,114.26000213623047,114.4583969116211,2370853.0
2025-02-03 20:30:00,114.44999694824219,114.61000061035156,114.19999694824219,114.25,2850200.0
2025-02-04 14:30:00,115.5,117.78990173339844,114.79000091552734,117.13999938964844,10869856.0
2025-02-04 15:30:00,117.13999938964844,117.7959976196289,116.58000183105469,117.76499938964844,4994626.0
2025-02-04 16:30:00,117.7699966430664,118.31999969482422,116.88099670410156,116.88099670410156,5051992.0
2025-02-04 17:30:00,116.9000015258789,118.35009765625,116.87999725341797,118.06999969482422,3866016.0
2025-02-04 18:30:00,118.05999755859375,118.95999908447266,117.9800033569336,118.69840240478516,5346602.0
2025-02-04 19:30:00,118.69120025634766,118.94999694824219,118.26000213623047,118.78009796142578,4914893.0
2025-02-04 20:30:00,118.79000091552734,119.62999725341797,118.69000244140625,119.61000061035156,6123984.0
2025-02-05 14:30:00,107.68499755859375,108.5,106.5,107.09500122070312,41129106.0
2025-02-05 15:30:00,107.08999633789062,109.43000030517578,106.75,109.18499755859375,16626883.0
2025-02-05 16:30:00,109.18000030517578,111.61000061035156,108.70999908447266,111.2699966430664,15798987.0
2025-02-05 17:30:00,111.30000305175781,111.71880340576172,109.44010162353516,109.73100280761719,10767192.0
2025-02-05 18:30:00,109.7300033569336,110.75,109.57260131835938,110.67500305175781,5868505.0
2025-02-05 19:30:00,110.66999816894531,111.91999816894531,110.11000061035156,111.78990173339844,7427370.0
2025-02-05 20:30:00,111.78500366210938,112.08999633789062,110.80000305175781,112.0199966430664,7656473.0
2025-02-06 14:30:00,110.84500122070312,112.55999755859375,109.7300033569336,110.09010314941406,15075735.0
2025-02-06 15:30:00,110.1050033569336,110.31999969482422,109.0199966430664,110.05000305175781,7073765.0
2025-02-06 16:30:00,110.05500030517578,110.38999938964844,109.51000213623047,109.83000183105469,5837375.0
2025-02-06 17:30:00,109.83999633789062,110.48999786376953,109.7300033569336,110.26000213623047,4535526.0
2025-02-06 18:30:00,110.25499725341797,111.08999633789062,110.18009948730469,110.5,4721013.0
2025-02-06 19:30:00,110.49500274658203,112.01000213623047,109.56060028076172,109.66999816894531,4590961.0
2025-02-06 20:30:00,109.67500305175781,110.1500015258789,109.4000015258789,110.13999938964844,5349345.0
2025-02-07 14:30:00,109.1050033569336,109.91999816894531,107.16500091552734,107.55010223388672,13841880.0
2025-02-07 15:30:00,107.54989624023438,108.44999694824219,106.79000091552734,107.54000091552734,8205589.0
2025-02-07 16:30:00,107.55000305175781,108.04000091552734,107.2300033569336,107.31159973144531,3930893.0
2025-02-07 17:30:00,107.28800201416016,108.2699966430664,107.04000091552734,108.19969940185547,3777739.0
2025-02-07 18:30:00,108.1980972290039,108.37999725341797,107.47000122070312,107.48999786376953,5110206.0
2025-02-07 19:30:00,107.47000122070312,107.68000030517578,107.0999984741211,107.31500244140625,3747309.0
2025-02-07 20:30:00,107.30999755859375,107.73999786376953,107.1500015258789,107.5199966430664,3718886.0
2025-02-10 14:30:00,108.44000244140625,110.61000061035156,108.16000366210938,110.33999633789062,11830041.0
2025-02-10 15:30:00,110.33999633789062,110.91999816894531,109.86000061035156,110.5999984741211,5193099.0
2025-02-10 16:30:00,110.56999969482422,111.24009704589844,110.51499938964844,110.92849731445312,3411712.0
2025-02-10 17:30:00,110.94000244140625,111.4000015258789,110.76000213623047,110.76499938964844,2737977.0
2025-02-10 18:30:00,110.7699966430664,110.86000061035156,110.33000183105469,110.38999938964844,3290062.0
2025-02-10 19:30:00,110.38600158691406,110.9000015258789,110.35209655761719,110.56999969482422,3006297.0
2025-02-10 20:30:00,110.57990264892578,110.75,110.35009765625,110.47000122070312,2736031.0
2025-02-11 14:30:00,109.01000213623047,111.51000213623047,108.9574966430664,111.51000213623047,7366363.0
2025-02-11 15:30:00,111.5,112.63999938964844,111.22949981689453,112.40019989013672,6852008.0
2025-02-11 16:30:00,112.41999816894531,113.05879974365234,111.11000061035156,111.9749984741211,5915950.0
2025-02-11 17:30:00,111.97000122070312,112.02999877929688,110.77999877929688,111.2300033569336,3793649.0
2025-02-11 18:30:00,111.2300033569336,111.72000122070312,111.19029998779297,111.2249984741211,4735821.0
2025-02-11 19:30:00,111.2300033569336,111.55000305175781,111.12999725341797,111.22000122070312,1860278.0
2025-02-11 20:30:00,111.2249984741211,111.37989807128906,110.80999755859375,111.12000274658203,2243852.0
2025-02-12 14:30:00,109.625,111.1498031616211,109.1500015258789,110.9000015258789,7643865.0
2025-02-12 15:30:00,110.88999938964844,111.19999694824219,109.66999816894531,109.9000015258789,3256209.0
2025-02-12 16:30:00,109.88999938964844,110.69000244140625,109.87999725341797,110.4094009399414,3261804.0
2025-02-12 17:30:00,110.41000366210938,110.82109832763672,110.20500183105469,110.67500305175781,1790904.0
2025-02-12 18:30:00,110.71299743652344,110.98999786376953,110.41999816894531,110.97000122070312,1628997.0
2025-02-12 19:30:00,110.96219635009766,111.83560180664062,110.94999694824219,111.26380157470703,3221127.0
2025-02-12 20:30:00,111.26000213623047,111.7699966430664,111.21499633789062,111.70999908447266,2553027.0
2025-02-13 14:30:00,111.9000015258789,114.5999984741211,111.16999816894531,113.3822021484375,11644541.0
2025-02-13 15:30:00,113.38009643554688,113.9000015258789,112.69000244140625,113.2300033569336,5524032.0
2025-02-13 16:30:00,113.22760009765625,113.23999786376953,112.61199951171875,112.6500015258789,3180111.0
2025-02-13 17:30:00,112.63999938964844,112.88999938964844,111.81999969482422,112.18000030517578,3712129.0
2025-02-13 18:30:00,112.19000244140625,112.30000305175781,110.4000015258789,111.36000061035156,7247677.0
2025-02-13 19:30:00,111.37000274658203,111.77999877929688,111.12000274658203,111.36499786376953,3679714.0
2025-02-13 20:30:00,111.3499984741211,111.91000366210938,111.18000030517578,111.79000091552734,3561002.0
2025-02-14 14:30:00,112.5,114.62999725341797,112.26010131835938,113.63009643554688,10594483.0
2025-02-14 15:30:00,113.64710235595703,113.91999816894531,112.44999694824219,113.0999984741211,4693621.0
2025-02-14 16:30:00,113.0999984741211,113.44979858398438,112.19999694824219,112.23999786376953,3170628.0
2025-02-14 17:30:00,112.25,112.9000015258789,111.69999694824219,112.63500213623047,3444280.0
2025-02-14 18:30:00,112.61000061035156,112.86000061035156,112.47000122070312,112.5708999633789,1904225.0
2025-02-14 19:30:00,112.58000183105469,113.25,112.52999877929688,113.1500015258789,2519176.0
2025-02-14 20:30:00,113.1449966430664,113.2300033569336,112.87999725341797,113.11000061035156,3259769.0
2025-02-18 14:30:00,114.07499694824219,115.55000305175781,113.47000122070312,114.20999908447266,10416463.0
2025-02-18 15:30:00,114.19010162353516,114.58000183105469,113.73030090332031,114.2249984741211,3934643.0
2025-02-18 16:30:00,114.22000122070312,114.25499725341797,113.7249984741211,113.7300033569336,2764747.0
2025-02-18 17:30:00,113.73030090332031,114.1500015258789,113.68000030517578,113.95999908447266,2183340.0
2025-02-18 18:30:00,113.94509887695312,114.33999633789062,113.63020324707031,114.26679992675781,2089521.0
2025-02-18 19:30:00,114.2699966430664,114.50849914550781,113.80010223388672,113.97000122070312,3160659.0
2025-02-18 20:30:00,113.95999908447266,114.33999633789062,113.47000122070312,114.25499725341797,4140512.0
2025-02-19 14:30:00,114.23500061035156,115.1500015258789,113.13999938964844,114.45240020751953,7727736.0
2025-02-19 15:30:00,114.40499877929688,116.11000061035156,114.38999938964844,115.33999633789062,6208683.0
2025-02-19 16:30:00,115.31999969482422,115.44999694824219,114.61000061035156,114.76499938964844,2536052.0
2025-02-19 17:30:00,114.7750015258789,114.98999786376953,114.31999969482422,114.56999969482422,1851038.0
2025-02-19 18:30:00,114.5999984741211,115.36000061035156,114.5999984741211,115.26499938964844,1748739.0
2025-02-19 19:30:00,115.26000213623047,115.43000030517578,114.37000274658203,114.45970153808594,2126199.0
2025-02-19 20:30:00,114.47000122070312,114.91000366210938,114.41000366210938,114.66999816894531,2331526.0
2025-02-20 14:30:00,115.0,116.55000305175781,113.86000061035156,114.19010162353516,9111721.0
2025-02-20 15:30:00,114.19000244140625,114.33000183105469,113.1050033569336,113.61000061035156,4645747.0
2025-02-20 16:30:00,113.62999725341797,113.9800033569336,113.29000091552734,113.75499725341797,2820518.0
2025-02-20 17:30:00,113.75,113.95999908447266,113.37999725341797,113.67109680175781,1598750.0
2025-02-20 18:30:00,113.66000366210938,114.1449966430664,113.55000305175781,113.97000122070312,2243860.0
2025-02-20 19:30:00,113.97000122070312,114.04000091552734,113.4800033569336,113.6500015258789,2106812.0
2025-02-20 20:30:00,113.61000061035156,114.19000244140625,113.58000183105469,114.1500015258789,2197224.0
2025-02-21 14:30:00,114.7699966430664,115.76000213623047,114.33999633789062,114.41000366210938,7777653.0
2025-02-21 15:30:00,114.41000366210938,114.41000366210938,112.6500015258789,112.80999755859375,5751278.0
2025-02-21 16:30:00,112.80999755859375,113.0,111.9800033569336,112.22000122070312,3082110.0
2025-02-21 17:30:00,112.20999908447266,112.25,111.22000122070312,111.48500061035156,3159326.0
2025-02-21 18:30:00,111.4800033569336,112.4000015258789,110.51090240478516,110.58000183105469,5254806.0
2025-02-21 19:30:00,110.56999969482422,111.29000091552734,110.43000030517578,111.12999725341797,6295499.0
2025-02-21 20:30:00,111.13999938964844,111.39869689941406,110.73999786376953,110.79000091552734,4436880.0
2025-02-24 14:30:00,111.56500244140625,111.5999984741211,108.16000366210938,108.87999725341797,8597485.0
2025-02-24 15:30:00,108.88999938964844,109.55999755859375,108.29000091552734,109.38999938964844,4005711.0
2025-02-24 16:30:00,109.4000015258789,109.9800033569336,109.23320007324219,109.7750015258789,2378603.0
2025-02-24 17:30:00,109.77989959716797,110.08000183105469,109.6500015258789,109.91000366210938,1435884.0
2025-02-24 18:30:00,109.91000366210938,109.94999694824219,109.2300033569336,109.35980224609375,1588626.0
2025-02-24 19:30:00,109.32230377197266,109.62000274658203,108.86000061035156,108.87000274658203,2620030.0
2025-02-24 20:30:00,108.87999725341797,109.16089630126953,107.9800033569336,108.12000274658203,3539409.0
2025-02-25 14:30:00,107.83999633789062,108.63999938964844,105.26000213623047,105.26000213623047,8791151.0
2025-02-25 15:30:00,105.29000091552734,106.56999969482422,105.05000305175781,105.4802017211914,5096977.0
2025-02-25 16:30:00,105.4800033569336,105.91000366210938,105.18000030517578,105.82559967041016,3900363.0
2025-02-25 17:30:00,105.81999969482422,106.16999816894531,105.41999816894531,105.46499633789062,3657554.0
2025-02-25 18:30:00,105.47000122070312,106.05999755859375,104.88999938964844,105.01689910888672,2952811.0
2025-02-25 19:30:00,105.0,105.22000122070312,104.38999938964844,104.61499786376953,5059858.0
2025-02-25 20:30:00,104.6500015258789,104.96790313720703,103.62000274658203,103.9800033569336,5420255.0
2025-02-26 14:30:00,104.94499969482422,105.37999725341797,103.98999786376953,104.05989837646484,7719578.0
2025-02-26 15:30:00,104.05999755859375,105.6050033569336,104.05000305175781,105.30000305175781,4466033.0
2025-02-26 16:30:00,105.29000091552734,105.76000213623047,105.0,105.69999694824219,3163587.0
2025-02-26 17:30:00,105.7300033569336,105.79989624023438,104.47000122070312,104.51260375976562,3031730.0
2025-02-26 18:30:00,104.5,104.80000305175781,104.0,104.62000274658203,2857550.0
2025-02-26 19:30:00,104.61000061035156,104.97000122070312,104.13839721679688,104.33499908447266,2414575.0
2025-02-26 20:30:00,104.33000183105469,104.87000274658203,104.24500274658203,104.7699966430664,2644353.0
2025-02-27 14:30:00,105.08000183105469,105.7499008178711,102.75250244140625,103.59500122070312,9614062.0
2025-02-27 15:30:00,103.56999969482422,103.61499786376953,102.16999816894531,102.54499816894531,4675513.0
2025-02-27 16:30:00,102.55999755859375,102.6697998046875,101.88500213623047,102.36000061035156,3491349.0
2025-02-27 17:30:00,102.3499984741211,102.7300033569336,102.04499816894531,102.625,2827522.0
2025-02-27 18:30:00,102.62999725341797,102.94999694824219,101.4800033569336,101.5,3090641.0
2025-02-27 19:30:00,101.50499725341797,101.52999877929688,100.13500213623047,100.18000030517578,9953259.0
2025-02-27 20:30:00,100.18000030517578,100.48999786376953,99.5,99.51000213623047,7269238.0
2025-02-28 14:30:00,99.55999755859375,101.51000213623047,98.75,101.44999694824219,10228307.0
2025-02-28 15:30:00,101.44999694824219,101.80000305175781,100.20140075683594,100.29000091552734,4795593.0
2025-02-28 16:30:00,100.29499816894531,100.80000305175781,100.13059997558594,100.34500122070312,2952577.0
2025-02-28 17:30:00,100.37000274658203,100.38999938964844,98.69000244140625,99.37999725341797,4906108.0
2025-02-28 18:30:00,99.38999938964844,99.69000244140625,98.77999877929688,99.08999633789062,3567037.0
2025-02-28 19:30:00,99.08999633789062,100.33000183105469,98.9800033569336,100.03500366210938,4211021.0
2025-02-28 20:30:00,100.03500366210938,100.05000305175781,99.2699966430664,99.91000366210938,6123313.0
2025-03-03 14:30:00,101.51499938964844,102.33999633789062,99.27999877929688,101.26000213623047,8800809.0
2025-03-03 15:30:00,101.26499938964844,101.597900390625,100.7699966430664,101.05000305175781,3315548.0
2025-03-03 16:30:00,101.05999755859375,101.72000122070312,100.58999633789062,101.55999755859375,3021418.0
2025-03-03 17:30:00,101.56790161132812,101.58619689941406,99.30999755859375,99.4208984375,3344878.0
2025-03-03 18:30:00,99.45999908447266,100.44000244140625,99.22000122070312,99.62000274658203,3472641.0
2025-03-03 19:30:00,99.62010192871094,100.31739807128906,97.37999725341797,97.47000122070312,5723802.0
2025-03-03 20:30:00,97.44000244140625,98.33999633789062,97.09010314941406,98.2699966430664,5404760.0
2025-03-04 14:30:00,96.08799743652344,98.93000030517578,95.88999938964844,96.73999786376953,13737953.0
2025-03-04 15:30:00,96.73999786376953,97.31770324707031,96.25060272216797,96.58000183105469,5498716.0
2025-03-04 16:30:00,96.58000183105469,99.73999786376953,96.55000305175781,99.4800033569336,5313224.0
2025-03-04 17:30:00,99.44000244140625,100.62000274658203,98.9800033569336,100.0,4908006.0
2025-03-04 18:30:00,100.0,101.87000274658203,99.74009704589844,101.55000305175781,4555140.0
2025-03-04 19:30:00,101.55000305175781,103.18000030517578,101.33000183105469,102.33999633789062,5884697.0
2025-03-04 20:30:00,102.33999633789062,102.37999725341797,100.0999984741211,100.79000091552734,5316613.0
2025-03-05 14:30:00,100.3949966430664,101.33000183105469,99.41000366210938,99.68000030517578,6926476.0
2025-03-05 15:30:00,99.66999816894531,100.29000091552734,98.87000274658203,99.54000091552734,3945016.0
2025-03-05 16:30:00,99.51000213623047,101.04000091552734,99.02999877929688,100.83000183105469,3163617.0
2025-03-05 17:30:00,100.81999969482422,101.06999969482422,100.03900146484375,100.58999633789062,2340294.0
2025-03-05 18:30:00,100.58000183105469,101.83999633789062,100.30000305175781,101.12640380859375,2705683.0
2025-03-05 19:30:00,101.13999938964844,101.56999969482422,100.67990112304688,101.20500183105469,2337757.0
2025-03-05 20:30:00,101.19000244140625,101.77999877929688,101.01000213623047,101.66999816894531,2908126.0
2025-03-06 14:30:00,99.05000305175781,100.79000091552734,98.66999816894531,100.70999908447266,6382465.0
2025-03-06 15:30:00,100.7300033569336,101.08000183105469,99.6500015258789,100.06999969482422,3139952.0
2025-03-06 16:30:00,100.07499694824219,100.45999908447266,98.48999786376953,98.6500015258789,3433072.0
2025-03-06 17:30:00,98.63999938964844,99.2699966430664,98.33999633789062,98.86000061035156,2625890.0
2025-03-06 18:30:00,98.83999633789062,99.02999877929688,98.2699966430664,98.48999786376953,2678504.0
2025-03-06 19:30:00,98.49500274658203,100.12999725341797,98.33000183105469,98.97239685058594,3557686.0
2025-03-06 20:30:00,98.98999786376953,99.19999694824219,98.6500015258789,98.83000183105469,2929837.0
2025-03-07 14:30:00,98.83000183105469,99.85079956054688,98.5,99.1500015258789,6570962.0
2025-03-07 15:30:00,99.13999938964844,99.2699966430664,97.44000244140625,97.48500061035156,5315834.0
2025-03-07 16:30:00,97.5,97.68000030517578,96.38999938964844,97.54000091552734,4814364.0
2025-03-07 17:30:00,97.5199966430664,99.19960021972656,97.31999969482422,98.68000030517578,3979374.0
2025-03-07 18:30:00,98.69000244140625,100.25499725341797,98.56999969482422,100.1906967163086,3338836.0
2025-03-07 19:30:00,100.2300033569336,100.41999816894531,99.56500244140625,100.1449966430664,2955952.0
2025-03-07 20:30:00,100.13999938964844,100.6449966430664,99.33999633789062,100.27999877929688,3623712.0
2025-03-10 13:30:00,98.56999969482422,101.29000091552734,98.12000274658203,98.7300033569336,9756368.0
2025-03-10 14:30:00,98.74749755859375,98.79000091552734,97.41000366210938,98.06999969482422,5055268.0
2025-03-10 15:30:00,98.08000183105469,98.87000274658203,97.88600158691406,98.75499725341797,3211352.0
2025-03-10 16:30:00,98.79000091552734,99.34770202636719,97.76499938964844,98.2249984741211,3259982.0
2025-03-10 17:30:00,98.20999908447266,98.2300033569336,97.0999984741211,97.25,2895429.0
2025-03-10 18:30:00,97.26000213623047,97.56759643554688,95.83000183105469,96.62799835205078,5320812.0
2025-03-10 19:30:00,96.61000061035156,97.34200286865234,95.94499969482422,96.66999816894531,4516707.0
2025-03-11 13:30:00,96.81500244140625,98.0999984741211,95.63999938964844,95.66999816894531,7564791.0
2025-03-11 14:30:00,95.66000366210938,97.01499938964844,94.7300033569336,96.73149871826172,5514369.0
2025-03-11 15:30:00,96.73860168457031,97.20999908447266,95.96029663085938,96.63639831542969,2965176.0
2025-03-11 16:30:00,96.66999816894531,96.9800033569336,96.0,96.13939666748047,2438431.0
2025-03-11 17:30:00,96.11000061035156,97.79000091552734,96.01000213623047,97.66000366210938,3376401.0
2025-03-11 18:30:00,97.66999816894531,98.1500015258789,96.91999816894531,97.13999938964844,5198168.0
2025-03-11 19:30:00,97.17500305175781,97.26000213623047,96.68000030517578,96.68000030517578,3400676.0
2025-03-12 13:30:00,99.04499816894531,99.98999786376953,98.47000122070312,98.79000091552734,7694952.0
2025-03-12 14:30:00,98.7948989868164,99.79000091552734,98.16999816894531,99.48999786376953,3224314.0
2025-03-12 15:30:00,99.48999786376953,101.02999877929688,99.1801986694336,100.81999969482422,4294119.0
2025-03-12 16:30:00,100.81999969482422,101.2699966430664,100.18000030517578,100.98500061035156,4237578.0
2025-03-12 17:30:00,100.97000122070312,101.1500015258789,99.87999725341797,101.05500030517578,2710584.0
2025-03-12 18:30:00,101.06999969482422,101.71499633789062,100.91000366210938,101.2699966430664,3652962.0
2025-03-12 19:30:00,101.2699966430664,101.38999938964844,100.4800033569336,100.83999633789062,4458412.0
2025-03-13 13:30:00,99.62999725341797,100.06999969482422,97.93000030517578,99.0999984741211,7924464.0
2025-03-13 14:30:00,99.13999938964844,99.5999984741211,98.27870178222656,98.54000091552734,3374354.0
2025-03-13 15:30:00,98.54000091552734,98.80000305175781,97.91999816894531,98.29000091552734,2703359.0
2025-03-13 16:30:00,98.25,99.0,97.36990356445312,97.62000274658203,3695580.0
2025-03-13 17:30:00,97.62000274658203,98.69000244140625,97.2699966430664,98.68000030517578,2815367.0
2025-03-13 18:30:00,98.69000244140625,98.93800354003906,97.95500183105469,98.09500122070312,2225161.0
2025-03-13 19:30:00,98.13999938964844,98.19000244140625,97.73999786376953,98.11000061035156,2490352.0
2025-03-14 13:30:00,99.63999938964844,100.80000305175781,99.58000183105469,100.08000183105469,6017299.0
2025-03-14 14:30:00,100.08000183105469,100.80999755859375,99.94999694824219,100.44999694824219,2972125.0
2025-03-14 15:30:00,100.44999694824219,100.7300033569336,99.9800033569336,100.12999725341797,2399744.0
2025-03-14 16:30:00,100.1500015258789,101.22000122070312,100.12010192871094,100.4000015258789,2811187.0
2025-03-14 17:30:00,100.38999938964844,100.55999755859375,100.06999969482422,100.19000244140625,1849997.0
2025-03-14 18:30:00,100.19499969482422,100.79499816894531,100.18000030517578,100.46050262451172,2648147.0
2025-03-14 19:30:00,100.4800033569336,101.11000061035156,100.37000274658203,100.95999908447266,3411612.0
2025-03-17 13:30:00,102.69999694824219,106.1500015258789,102.63580322265625,105.40499877929688,16532353.0
2025-03-17 14:30:00,105.40499877929688,105.8499984741211,104.55000305175781,104.756103515625,5693844.0
2025-03-17 15:30:00,104.74500274658203,105.0250015258789,104.0199966430664,104.08000183105469,3019827.0
2025-03-17 16:30:00,104.0802001953125,104.91999816894531,103.91000366210938,104.69999694824219,2790398.0
2025-03-17 17:30:00,104.69999694824219,105.58999633789062,104.63020324707031,105.58999633789062,2741450.0
2025-03-17 18:30:00,105.58000183105469,106.1449966430664,105.5,105.87989807128906,3875136.0
2025-03-17 19:30:00,105.86000061035156,105.88999938964844,104.5,104.58999633789062,4126732.0
2025-03-18 13:30:00,103.8499984741211,104.19999694824219,103.04000091552734,103.94000244140625,7823277.0
2025-03-18 14:30:00,103.93000030517578,104.04000091552734,102.9749984741211,103.43000030517578,3713395.0
2025-03-18 15:30:00,103.43000030517578,104.0999984741211,103.11100006103516,103.98999786376953,2836554.0
2025-03-18 16:30:00,103.9800033569336,104.55000305175781,103.5999984741211,103.81999969482422,2602016.0
2025-03-18 17:30:00,103.82499694824219,104.12999725341797,103.19999694824219,103.5999984741211,2198420.0
2025-03-18 18:30:00,103.5999984741211,104.18000030517578,103.44999694824219,103.54000091552734,2194362.0
2025-03-18 19:30:00,103.52999877929688,103.95999908447266,103.3499984741211,103.52999877929688,2886085.0
2025-03-19 13:30:00,104.44000244140625,104.62000274658203,102.04499816894531,103.85749816894531,6703572.0
2025-03-19 14:30:00,103.83999633789062,104.61000061035156,103.68499755859375,104.48999786376953,3126786.0
2025-03-19 15:30:00,104.49500274658203,105.11499786376953,104.42500305175781,104.98899841308594,3018894.0
2025-03-19 16:30:00,104.9800033569336,105.62999725341797,104.7699966430664,105.06999969482422,2701594.0
2025-03-19 17:30:00,105.08000183105469,106.0199966430664,104.97000122070312,105.63500213623047,2946877.0
2025-03-19 18:30:00,105.62000274658203,107.89929962158203,105.61499786376953,106.222900390625,6333569.0
2025-03-19 19:30:00,106.19999694824219,107.04000091552734,106.12999725341797,106.23999786376953,4270701.0
2025-03-20 13:30:00,105.12000274658203,107.4000015258789,105.12000274658203,106.95500183105469,6826619.0
2025-03-20 14:30:00,106.94999694824219,108.26000213623047,106.72000122070312,107.83000183105469,4921748.0
2025-03-20 15:30:00,107.73999786376953,107.87000274658203,106.48999786376953,106.58999633789062,3678751.0
2025-03-20 16:30:00,106.58999633789062,107.13999938964844,106.42500305175781,106.5199966430664,2170887.0
2025-03-20 17:30:00,106.54000091552734,107.20999908447266,106.51000213623047,106.6001968383789,1869562.0
2025-03-20 18:30:00,106.63999938964844,107.12689971923828,106.47000122070312,106.6675033569336,1825538.0
2025-03-20 19:30:00,106.66999816894531,107.5,106.66999816894531,107.12999725341797,2242772.0
2025-03-21 13:30:00,105.33000183105469,105.62000274658203,104.33000183105469,105.48999786376953,8766959.0
2025-03-21 14:30:00,105.5,106.06999969482422,104.95999908447266,105.0,3261736.0
2025-03-21 15:30:00,104.9800033569336,106.625,104.95999908447266,106.36009979248047,2846044.0
2025-03-21 16:30:00,106.36000061035156,106.98500061035156,106.28260040283203,106.5999984741211,1919415.0
2025-03-21 17:30:00,106.60469818115234,107.11000061035156,106.41899871826172,106.87000274658203,1724172.0
2025-03-21 18:30:00,106.85009765625,107.25,106.65499877929688,106.83999633789062,1901051.0
2025-03-21 19:30:00,106.80999755859375,107.16000366210938,106.12000274658203,106.44000244140625,3248507.0
2025-03-24 13:30:00,109.74500274658203,112.18000030517578,109.4000015258789,112.02999877929688,12359907.0
2025-03-24 14:30:00,112.0199966430664,113.5,111.83000183105469,113.12999725341797,8334948.0
2025-03-24 15:30:00,113.12999725341797,114.25,112.71009826660156,113.6500015258789,6019889.0
2025-03-24 16:30:00,113.66000366210938,114.16000366210938,113.30999755859375,113.43499755859375,5318853.0
2025-03-24 17:30:00,113.44000244140625,114.47000122070312,113.4000015258789,114.33000183105469,4364584.0
2025-03-24 18:30:00,114.32839965820312,114.8499984741211,114.09100341796875,114.44000244140625,5381819.0
2025-03-24 19:30:00,114.44000244140625,114.65699768066406,113.66999816894531,113.8499984741211,5870712.0
2025-03-25 13:30:00,113.23400115966797,114.7699966430664,113.02999877929688,113.34459686279297,8670261.0
2025-03-25 14:30:00,113.34989929199219,113.69000244140625,112.70999908447266,112.87000274658203,3812679.0
2025-03-25 15:30:00,112.87909698486328,113.83000183105469,112.83999633789062,113.33499908447266,3022584.0
2025-03-25 16:30:00,113.34989929199219,113.8499984741211,112.75,112.80999755859375,2169123.0
2025-03-25 17:30:00,112.80979919433594,113.1050033569336,112.80979919433594,112.92500305175781,1618350.0
2025-03-25 18:30:00,112.94000244140625,113.7699966430664,112.88999938964844,113.73999786376953,1981489.0
2025-03-25 19:30:00,113.73999786376953,114.94000244140625,113.73999786376953,114.81999969482422,4865463.0
2025-03-26 13:30:00,114.25499725341797,115.89990234375,111.16999816894531,111.43000030517578,12460670.0
2025-03-26 14:30:00,111.44000244140625,111.7300033569336,110.4800033569336,110.6449966430664,4886497.0
2025-03-26 15:30:00,110.63809967041016,111.23930358886719,109.83000183105469,110.2300033569336,4609544.0
2025-03-26 16:30:00,110.23999786376953,110.26000213623047,109.11000061035156,109.36000061035156,3734308.0
2025-03-26 17:30:00,109.33499908447266,109.74800109863281,109.0199966430664,109.58999633789062,2724778.0
2025-03-26 18:30:00,109.56999969482422,109.65499877929688,108.68000030517578,109.3916015625,3387889.0
2025-03-26 19:30:00,109.40499877929688,110.32499694824219,109.37000274658203,110.19000244140625,4132859.0
2025-03-27 13:30:00,106.15499877929688,107.61000061035156,105.54989624023438,106.5,13047125.0
2025-03-27 14:30:00,106.5,107.23999786376953,106.41999816894531,106.5,4319408.0
2025-03-27 15:30:00,106.50749969482422,106.65139770507812,105.8499984741211,106.45999908447266,3098678.0
2025-03-27 16:30:00,106.44999694824219,106.62000274658203,105.62999725341797,105.72000122070312,2435463.0
2025-03-27 17:30:00,105.68000030517578,106.72000122070312,105.68000030517578,106.39990234375,2103122.0
2025-03-27 18:30:00,106.37999725341797,107.08999633789062,106.27999877929688,106.97000122070312,2217558.0
2025-03-27 19:30:00,106.97000122070312,106.98999786376953,106.2699966430664,106.62999725341797,2881042.0
2025-03-28 13:30:00,105.58999633789062,106.51000213623047,103.51000213623047,103.52980041503906,7972933.0
2025-03-28 14:30:00,103.5199966430664,104.0198974609375,103.26000213623047,103.5261001586914,3909476.0
2025-03-28 15:30:00,103.51000213623047,103.77970123291016,102.5999984741211,102.75,2700665.0
2025-03-28 16:30:00,102.74009704589844,103.40499877929688,102.4800033569336,103.2300033569336,3281325.0
2025-03-28 17:30:00,103.25140380859375,103.52999877929688,103.04640197753906,103.16500091552734,2192277.0
2025-03-28 18:30:00,103.16000366210938,103.7249984741211,102.94999694824219,102.9800033569336,2601194.0
2025-03-28 19:30:00,102.98509979248047,103.44999694824219,102.68990325927734,103.22000122070312,3585514.0
2025-03-31 13:30:00,100.0999984741211,102.02999877929688,98.80000305175781,101.27799987792969,10068223.0
2025-03-31 14:30:00,101.30000305175781,102.13520050048828,101.0199966430664,101.37999725341797,2876093.0
2025-03-31 15:30:00,101.36499786376953,101.75,100.83999633789062,101.52999877929688,2460307.0
2025-03-31 16:30:00,101.51000213623047,101.80989837646484,100.91000366210938,101.22000122070312,3282095.0
2025-03-31 17:30:00,101.22720336914062,101.91999816894531,100.91999816894531,101.9000015258789,1819736.0
2025-03-31 18:30:00,101.87000274658203,102.48999786376953,101.81999969482422,101.95999908447266,2610369.0
2025-03-31 19:30:00,101.94000244140625,102.81999969482422,101.91000366210938,102.7300033569336,3069442.0
2025-04-01 13:30:00,102.16000366210938,102.52770233154297,101.0,101.43000030517578,5305840.0
2025-04-01 14:30:00,101.4000015258789,102.53500366210938,101.37999725341797,102.37999725341797,3102398.0
2025-04-01 15:30:00,102.38999938964844,102.46499633789062,101.63009643554688,101.69499969482422,3452823.0
2025-04-01 16:30:00,101.72000122070312,102.05000305175781,101.24030303955078,101.80000305175781,2006039.0
2025-04-01 17:30:00,101.79000091552734,102.19499969482422,100.93000030517578,101.12999725341797,2170493.0
2025-04-01 18:30:00,101.125,101.70999908447266,101.12000274658203,101.51499938964844,1981480.0
2025-04-01 19:30:00,101.5199966430664,102.83000183105469,101.46109771728516,102.77999877929688,3102104.0
2025-04-02 13:30:00,101.5199966430664,103.4000015258789,100.76000213623047,102.8479995727539,4864414.0
2025-04-02 14:30:00,102.79000091552734,103.38999938964844,102.18090057373047,103.21499633789062,2245258.0
2025-04-02 15:30:00,103.22000122070312,103.59629821777344,102.69999694824219,103.58809661865234,1986033.0
2025-04-02 16:30:00,103.58000183105469,104.18000030517578,102.77999877929688,103.51499938964844,1911310.0
2025-04-02 17:30:00,103.51000213623047,103.55000305175781,102.13999938964844,102.13999938964844,1943677.0
2025-04-02 18:30:00,102.13999938964844,102.88500213623047,102.10990142822266,102.83000183105469,1885797.0
2025-04-02 19:30:00,102.80999755859375,103.38999938964844,102.62999725341797,102.95999908447266,2939421.0
2025-04-03 13:30:00,97.79000091552734,99.44989776611328,97.63099670410156,98.33000183105469,9892028.0
2025-04-03 14:30:00,98.31999969482422,98.55999755859375,95.46499633789062,95.98999786376953,8274886.0
2025-04-03 15:30:00,95.9800033569336,97.02999877929688,95.93000030517578,96.94499969482422,4046238.0
2025-04-03 16:30:00,96.94499969482422,97.05870056152344,95.7249984741211,96.0199966430664,3148233.0
2025-04-03 17:30:00,96.0199966430664,96.45999908447266,94.9000015258789,95.19999694824219,3994776.0
2025-04-03 18:30:00,95.19499969482422,95.83399963378906,94.16000366210938,94.25,6132328.0
2025-04-03 19:30:00,94.25,94.45999908447266,93.63999938964844,94.0,6373865.0
2025-04-04 13:30:00,90.08000183105469,91.08000183105469,86.16000366210938,86.25,18214584.0
2025-04-04 14:30:00,86.25,87.87999725341797,83.69000244140625,86.91999816894531,12825031.0
2025-04-04 15:30:00,86.91999816894531,87.2750015258789,85.91000366210938,86.0199966430664,5469680.0
2025-04-04 16:30:00,85.99500274658203,87.12020111083984,85.8499984741211,86.33000183105469,4513601.0
2025-04-04 17:30:00,86.31999969482422,88.13999938964844,85.93000030517578,86.5999984741211,6277686.0
2025-04-04 18:30:00,86.5999984741211,87.81500244140625,86.36000061035156,87.43000030517578,5404540.0
2025-04-04 19:30:00,87.41999816894531,88.16999816894531,85.55000305175781,85.74009704589844,7131120.0
2025-04-07 13:30:00,80.63999938964844,89.0,77.75,82.87000274658203,24745941.0
2025-04-07 14:30:00,83.1729965209961,85.61000061035156,80.95999908447266,81.79000091552734,9082614.0
2025-04-07 15:30:00,81.80999755859375,84.08999633789062,81.43000030517578,82.42669677734375,5118778.0
2025-04-07 16:30:00,82.40499877929688,83.86000061035156,81.23500061035156,83.83000183105469,5366232.0
2025-04-07 17:30:00,83.83999633789062,85.0,83.05000305175781,83.22000122070312,6339979.0
2025-04-07 18:30:00,83.23999786376953,84.48999786376953,82.66639709472656,82.84500122070312,6166705.0
2025-04-07 19:30:00,82.83000183105469,84.05999755859375,82.29000091552734,83.62999725341797,6608382.0
2025-04-08 13:30:00,86.1449966430664,88.93000030517578,86.04000091552734,88.55120086669922,16035118.0
2025-04-08 14:30:00,88.57499694824219,88.68000030517578,85.55000305175781,85.58000183105469,6814586.0
2025-04-08 15:30:00,85.58779907226562,86.27999877929688,84.04000091552734,84.5199966430664,5715328.0
2025-04-08 16:30:00,84.5,84.66999816894531,81.43499755859375,81.4749984741211,7462357.0
2025-04-08 17:30:00,81.45999908447266,82.88999938964844,81.12999725341797,81.18000030517578,5340263.0
2025-04-08 18:30:00,81.20500183105469,82.41000366210938,77.9801025390625,78.42050170898438,8985807.0
2025-04-08 19:30:00,78.44000244140625,78.4800033569336,76.4800033569336,78.19000244140625,11242096.0
2025-04-09 13:30:00,79.22000122070312,83.16999816894531,78.87000274658203,82.77999877929688,15601456.0
2025-04-09 14:30:00,82.87000274658203,83.61000061035156,81.43000030517578,82.04000091552734,8837012.0
2025-04-09 15:30:00,82.0250015258789,82.45999908447266,80.94000244140625,81.88030242919922,6356763.0
2025-04-09 16:30:00,81.86009979248047,91.2499008178711,81.72000122070312,88.69999694824219,12102236.0
2025-04-09 17:30:00,88.66500091552734,95.79100036621094,88.38999938964844,95.04000091552734,17335558.0
2025-04-09 18:30:00,95.05500030517578,96.05999755859375,92.61000061035156,95.98999786376953,13114230.0
2025-04-09 19:30:00,95.9800033569336,97.9000015258789,95.58000183105469,96.72000122070312,12091107.0
2025-04-10 13:30:00,91.0199966430664,92.94999694824219,88.47000122070312,90.07499694824219,14610902.0
2025-04-10 14:30:00,90.11000061035156,90.87000274658203,88.5199966430664,88.5199966430664,6134086.0
2025-04-10 15:30:00,88.51000213623047,88.76000213623047,85.05999755859375,85.5199966430664,7784302.0
2025-04-10 16:30:00,85.52999877929688,88.91999816894531,85.45010375976562,86.94000244140625,7606302.0
2025-04-10 17:30:00,86.91999816894531,88.29000091552734,86.31610107421875,88.13500213623047,6347128.0
2025-04-10 18:30:00,88.1500015258789,88.92500305175781,86.9800033569336,87.02999877929688,6442802.0
2025-04-10 19:30:00,86.99500274658203,88.96499633789062,86.43260192871094,88.66999816894531,8141790.0
2025-04-11 13:30:00,90.50499725341797,94.5999984741211,90.50499725341797,91.23999786376953,17895521.0
2025-04-11 14:30:00,91.27999877929688,92.82830047607422,90.55490112304688,91.50499725341797,8990341.0
2025-04-11 15:30:00,91.50499725341797,92.58940124511719,91.26010131835938,92.3499984741211,4911490.0
2025-04-11 16:30:00,92.37000274658203,94.49700164794922,91.91999816894531,92.06500244140625,7322745.0
2025-04-11 17:30:00,92.05999755859375,94.0,91.77999877929688,92.94000244140625,5432373.0
2025-04-11 18:30:00,92.9395980834961,93.72969818115234,92.69999694824219,93.375,4645707.0
2025-04-11 19:30:00,93.375,93.58000183105469,92.88999938964844,93.30000305175781,5151631.0
2025-04-14 13:30:00,97.06999969482422,97.36990356445312,94.37000274658203,95.79000091552734,12584263.0
2025-04-14 14:30:00,95.79000091552734,96.435302734375,94.47000122070312,94.49929809570312,5025025.0
2025-04-14 15:30:00,94.52999877929688,94.88999938964844,93.44999694824219,94.24500274658203,4235947.0
2025-04-14 16:30:00,94.2300033569336,95.31999969482422,94.06999969482422,94.80999755859375,2709695.0
2025-04-14 17:30:00,94.77999877929688,95.84989929199219,94.54000091552734,95.73500061035156,2274728.0
2025-04-14 18:30:00,95.70999908447266,96.08000183105469,95.19000244140625,95.28500366210938,2794806.0
2025-04-14 19:30:00,95.29000091552734,95.4000015258789,94.41000366210938,94.5,2970175.0
2025-04-15 13:30:00,94.66000366210938,96.81999969482422,94.62000274658203,95.0999984741211,7442243.0
2025-04-15 14:30:00,95.11100006103516,96.12000274658203,95.09010314941406,95.62999725341797,3330463.0
2025-04-15 15:30:00,95.6500015258789,96.83999633789062,95.57009887695312,96.67500305175781,2656064.0
2025-04-15 16:30:00,96.67500305175781,96.8499984741211,95.26000213623047,95.4749984741211,2573270.0
2025-04-15 17:30:00,95.45999908447266,95.87999725341797,94.93090057373047,95.05999755859375,2397152.0
2025-04-15 18:30:00,95.04000091552734,95.62000274658203,95.01000213623047,95.12999725341797,1945762.0
2025-04-15 19:30:00,95.12000274658203,95.38999938964844,94.87000274658203,95.2249984741211,3022781.0
2025-04-16 13:30:00,87.6500015258789,90.47000122070312,87.5999984741211,89.48999786376953,18135804.0
2025-04-16 14:30:00,89.4800033569336,90.0999984741211,88.81500244140625,89.66000366210938,5841171.0
2025-04-16 15:30:00,89.6500015258789,89.86009979248047,88.33999633789062,88.7750015258789,4900877.0
2025-04-16 16:30:00,88.76000213623047,89.01499938964844,88.13999938964844,88.79000091552734,3613260.0
2025-04-16 17:30:00,88.79000091552734,88.81999969482422,86.91500091552734,87.47000122070312,6394649.0
2025-04-16 18:30:00,87.44999694824219,87.52999877929688,85.29499816894531,85.33000183105469,7033529.0
2025-04-16 19:30:00,85.32499694824219,88.33999633789062,85.32499694824219,88.2699966430664,9250613.0
2025-04-17 13:30:00,88.80000305175781,89.02999877929688,87.01000213623047,87.04979705810547,7895039.0
2025-04-17 14:30:00,87.05000305175781,87.9229965209961,86.62999725341797,86.86499786376953,5165414.0
2025-04-17 15:30:00,86.87000274658203,87.68000030517578,86.51499938964844,87.50499725341797,4013726.0
2025-04-17 16:30:00,87.51000213623047,87.9000015258789,86.80500030517578,86.83999633789062,3020482.0
2025-04-17 17:30:00,86.8499984741211,88.21810150146484,86.83999633789062,87.90499877929688,3497500.0
2025-04-17 18:30:00,87.91000366210938,88.197998046875,86.88009643554688,87.10260009765625,4304487.0
2025-04-17 19:30:00,87.0999984741211,87.75,86.82499694824219,87.43000030517578,3861894.0
2025-04-21 13:30:00,86.0,86.13999938964844,84.51000213623047,84.7750015258789,7726873.0
2025-04-21 14:30:00,84.76499938964844,85.80000305175781,84.55879974365234,84.63999938964844,3921649.0
2025-04-21 15:30:00,84.6449966430664,84.75,83.98500061035156,84.19999694824219,3922187.0
2025-04-21 16:30:00,84.19999694824219,84.77999877929688,83.8499984741211,83.947998046875,4073602.0
2025-04-21 17:30:00,83.94999694824219,84.32990264892578,83.75,84.31999969482422,2581729.0
2025-04-21 18:30:00,84.31999969482422,85.05000305175781,84.16000366210938,84.69999694824219,3576688.0
2025-04-21 19:30:00,84.70999908447266,85.79000091552734,84.68000030517578,85.55000305175781,3496517.0
2025-04-22 13:30:00,86.15799713134766,86.44999694824219,85.36000061035156,85.71219635009766,7829220.0
2025-04-22 14:30:00,85.96949768066406,86.625,85.75,85.98999786376953,5084767.0
2025-04-22 15:30:00,86.0,86.97000122070312,85.16999816894531,86.79859924316406,4992761.0
2025-04-22 16:30:00,86.80000305175781,87.16999816894531,85.55000305175781,85.66999816894531,3709683.0
2025-04-22 17:30:00,85.69999694824219,86.30979919433594,85.45999908447266,86.19999694824219,2712824.0
2025-04-22 18:30:00,86.19999694824219,86.44000244140625,85.48999786376953,85.54000091552734,2295534.0
2025-04-22 19:30:00,85.55000305175781,86.33000183105469,85.19000244140625,86.20500183105469,4011702.0
2025-04-23 13:30:00,91.875,93.73999786376953,91.38999938964844,92.91999816894531,15182220.0
2025-04-23 14:30:00,92.87999725341797,93.33999633789062,90.87010192871094,91.0999984741211,5360237.0
2025-04-23 15:30:00,91.08499908447266,91.42130279541016,90.30000305175781,91.21019744873047,4112809.0
2025-04-23 16:30:00,91.19999694824219,92.22000122070312,91.13999938964844,91.63500213623047,2646275.0
2025-04-23 17:30:00,91.6500015258789,92.26000213623047,91.19999694824219,91.69499969482422,2579057.0
2025-04-23 18:30:00,91.69999694824219,91.9800033569336,90.56999969482422,90.68499755859375,2773234.0
2025-04-23 19:30:00,90.69000244140625,90.9000015258789,90.12999725341797,90.33000183105469,3850263.0
2025-04-24 13:30:00,91.53500366210938,93.12989807128906,90.37000274658203,93.01010131835938,9343072.0
2025-04-24 14:30:00,93.01000213623047,93.41999816894531,92.51000213623047,92.97000122070312,3971122.0
2025-04-24 15:30:00,92.97000122070312,94.08999633789062,92.75,93.94499969482422,3262922.0
2025-04-24 16:30:00,93.92030334472656,94.72000122070312,93.86000061035156,94.32499694824219,3494773.0
2025-04-24 17:30:00,94.31999969482422,94.75,94.04000091552734,94.08000183105469,2202829.0
2025-04-24 18:30:00,94.07640075683594,94.3499984741211,93.4000015258789,93.66999816894531,2987962.0
2025-04-24 19:30:00,93.69000244140625,94.55000305175781,93.62999725341797,94.43000030517578,3601464.0
2025-04-25 13:30:00,93.26000213623047,94.93000030517578,92.8499984741211,94.16000366210938,7512678.0
2025-04-25 14:30:00,94.19000244140625,95.33000183105469,93.95500183105469,94.97000122070312,4131925.0
2025-04-25 15:30:00,94.97000122070312,95.7699966430664,94.93000030517578,95.66000366210938,2630952.0
2025-04-25 16:30:00,95.66000366210938,97.06999969482422,95.6593017578125,97.0510025024414,3145229.0
2025-04-25 17:30:00,97.05500030517578,97.0999984741211,95.50350189208984,96.11000061035156,3201398.0
2025-04-25 18:30:00,96.0999984741211,96.54000091552734,96.03939819335938,96.08999633789062,2257465.0
2025-04-25 19:30:00,96.08000183105469,96.73999786376953,95.86000061035156,96.6500015258789,3078980.0
2025-04-28 13:30:00,95.55000305175781,97.48650360107422,95.47000122070312,96.06500244140625,6396340.0
2025-04-28 14:30:00,96.05999755859375,96.33000183105469,94.2699966430664,94.33000183105469,3426246.0
2025-04-28 15:30:00,94.31999969482422,95.19999694824219,94.29000091552734,94.41999816894531,2529466.0
2025-04-28 16:30:00,94.47000122070312,94.97989654541016,94.2874984741211,94.51709747314453,2055293.0
2025-04-28 17:30:00,94.51000213623047,95.54090118408203,94.45999908447266,95.410400390625,1573240.0
2025-04-28 18:30:00,95.41000366210938,96.12999725341797,95.26000213623047,96.05999755859375,1778288.0
2025-04-28 19:30:00,96.05000305175781,96.51000213623047,95.98999786376953,96.31999969482422,2518277.0
2025-04-29 13:30:00,95.7020034790039,96.9000015258789,95.33000183105469,95.94730377197266,4459874.0
2025-04-29 14:30:00,95.94000244140625,96.58000183105469,95.88500213623047,96.2300033569336,2025047.0
2025-04-29 15:30:00,96.23999786376953,96.97769927978516,95.91000366210938,96.45999908447266,1965732.0
2025-04-29 16:30:00,96.44999694824219,96.61499786376953,95.63999938964844,96.05989837646484,1722332.0
2025-04-29 17:30:00,96.05999755859375,97.17669677734375,96.04000091552734,96.97000122070312,2261242.0
2025-04-29 18:30:00,96.95999908447266,97.08000183105469,96.29039764404297,96.37449645996094,2266943.0
2025-04-29 19:30:00,96.37000274658203,96.51000213623047,95.91999816894531,96.04000091552734,2591555.0
2025-04-30 13:30:00,92.75,94.5199966430664,91.87000274658203,94.40499877929688,7471485.0
2025-04-30 14:30:00,94.4000015258789,95.4000015258789,94.1801986694336,95.2249984741211,3417634.0
2025-04-30 15:30:00,95.19999694824219,95.82109832763672,95.052001953125,95.11000061035156,2096942.0
2025-04-30 16:30:00,95.12000274658203,95.69499969482422,94.83000183105469,95.68890380859375,1729129.0
2025-04-30 17:30:00,95.68000030517578,96.9000015258789,95.5602035522461,96.55000305175781,3954526.0
2025-04-30 18:30:00,96.51000213623047,97.05000305175781,96.18000030517578,96.19000244140625,2229726.0
2025-04-30 19:30:00,96.19999694824219,97.55000305175781,96.16999816894531,97.31999969482422,3335251.0
2025-05-01 13:30:00,99.26499938964844,99.7479019165039,98.1500015258789,99.03500366210938,7024792.0
2025-05-01 14:30:00,99.0199966430664,100.0999984741211,98.80999755859375,99.9363021850586,3949312.0
2025-05-01 15:30:00,99.94000244140625,100.00990295410156,98.23999786376953,98.6500015258789,2980939.0
2025-05-01 16:30:00,98.63999938964844,98.91999816894531,98.2853012084961,98.54000091552734,1597154.0
2025-05-01 17:30:00,98.54499816894531,98.76409912109375,97.93119812011719,98.06700134277344,2345778.0
2025-05-01 18:30:00,98.05000305175781,98.16999816894531,97.45999908447266,97.87000274658203,2882527.0
2025-05-01 19:30:00,97.86000061035156,97.87999725341797,96.44999694824219,96.58999633789062,3864835.0
2025-05-02 13:30:00,98.33999633789062,99.58699798583984,98.31999969482422,99.1500015258789,7941243.0
2025-05-02 14:30:00,99.1500015258789,99.15499877929688,98.62999725341797,98.6500015258789,2942248.0
2025-05-02 15:30:00,98.6500015258789,99.44000244140625,98.5999984741211,99.06500244140625,3616436.0
2025-05-02 16:30:00,99.05999755859375,99.87999725341797,99.02999877929688,99.18000030517578,2989727.0
2025-05-02 17:30:00,99.18000030517578,99.26000213623047,98.9000015258789,98.98999786376953,2533384.0
2025-05-02 18:30:00,98.99259948730469,99.20999908447266,98.375,98.87000274658203,3079413.0
2025-05-02 19:30:00,98.86000061035156,98.92500305175781,98.56500244140625,98.75,3248156.0
2025-05-05 13:30:00,98.99500274658203,101.5999984741211,98.78500366210938,100.83499908447266,12376480.0
2025-05-05 14:30:00,100.83499908447266,101.19000244140625,100.28009796142578,100.81500244140625,4254318.0
2025-05-05 15:30:00,100.83000183105469,101.0,100.33000183105469,100.9000015258789,3113117.0
2025-05-05 16:30:00,100.67489624023438,101.30000305175781,100.65989685058594,101.22019958496094,2538717.0
2025-05-05 17:30:00,101.2300033569336,102.05000305175781,101.19999694824219,101.77999877929688,3950005.0
2025-05-05 18:30:00,101.7750015258789,102.05000305175781,101.18000030517578,101.41000366210938,3465640.0
2025-05-05 19:30:00,101.4000015258789,101.44000244140625,100.44000244140625,100.61499786376953,3503401.0
2025-05-06 13:30:00,98.41000366210938,99.44719696044922,97.44000244140625,98.93000030517578,10215042.0
2025-05-06 14:30:00,98.91999816894531,99.27999877929688,98.44000244140625,99.25,4293087.0
2025-05-06 15:30:00,99.23999786376953,100.06999969482422,98.9000015258789,99.37999725341797,3663425.0
2025-05-06 16:30:00,99.37000274658203,99.70999908447266,98.45999908447266,98.68939971923828,3648607.0
2025-05-06 17:30:00,98.68000030517578,99.25,98.30999755859375,99.18000030517578,3644009.0
2025-05-06 18:30:00,99.16999816894531,99.75,99.16000366210938,99.7300033569336,4145777.0
2025-05-06 19:30:00,99.75,99.93000030517578,98.51000213623047,98.55999755859375,5493503.0
2025-05-07 13:30:00,100.66000366210938,103.41999816894531,97.75,98.87740325927734,32894450.0
2025-05-07 14:30:00,98.86000061035156,99.56999969482422,98.05999755859375,98.9800033569336,11002588.0
2025-05-07 15:30:00,99.0,99.80909729003906,97.44999694824219,98.58000183105469,8898849.0
2025-05-07 16:30:00,98.5604019165039,99.77999877929688,98.22000122070312,98.80999755859375,5362253.0
2025-05-07 17:30:00,98.81999969482422,99.0250015258789,96.87999725341797,97.68499755859375,7304248.0
2025-05-07 18:30:00,97.66999816894531,98.59980010986328,97.30999755859375,97.62000274658203,5208046.0
2025-05-07 19:30:00,97.61000061035156,100.83000183105469,97.5779037475586,100.36000061035156,11705451.0
2025-05-08 13:30:00,101.91999816894531,105.44000244140625,101.66000366210938,103.63500213623047,20131782.0
2025-05-08 14:30:00,103.6500015258789,103.9000015258789,102.19999694824219,102.80999755859375,7571573.0
2025-05-08 15:30:00,102.80999755859375,104.4000015258789,102.5199966430664,103.77999877929688,6439192.0
2025-05-08 16:30:00,103.79499816894531,104.03990173339844,103.30000305175781,103.55500030517578,3874269.0
2025-05-08 17:30:00,103.53009796142578,103.68000030517578,102.66000366210938,102.70999908447266,3649049.0
2025-05-08 18:30:00,102.72000122070312,103.49500274658203,102.6500015258789,103.43000030517578,3571853.0
2025-05-08 19:30:00,103.44000244140625,103.45999908447266,101.56500244140625,101.69000244140625,4627038.0
2025-05-09 13:30:00,102.58499908447266,103.54000091552734,101.5999984741211,101.87000274658203,11157945.0
2025-05-09 14:30:00,101.87989807128906,102.86000061035156,101.62079620361328,102.46499633789062,4751121.0
2025-05-09 15:30:00,102.45149993896484,102.54000091552734,101.7300033569336,102.16999816894531,3381357.0
2025-05-09 16:30:00,102.1500015258789,102.83000183105469,102.11000061035156,102.6500015258789,2606108.0
2025-05-09 17:30:00,102.65699768066406,103.05000305175781,102.55999755859375,102.76000213623047,2381334.0
2025-05-09 18:30:00,102.76599884033203,103.16999816894531,102.73999786376953,102.9000015258789,2186325.0
2025-05-09 19:30:00,102.91000366210938,102.98999786376953,102.5999984741211,102.83000183105469,2882218.0
2025-05-12 13:30:00,110.41500091552734,110.66699981689453,107.3499984741211,107.48999786376953,16293881.0
2025-05-12 14:30:00,107.48999786376953,108.16000366210938,106.9800033569336,108.14459991455078,6947688.0
2025-05-12 15:30:00,108.1500015258789,109.125,107.75,108.85009765625,5265782.0
2025-05-12 16:30:00,108.8550033569336,109.7489013671875,108.82499694824219,109.31999969482422,4632683.0
2025-05-12 17:30:00,109.30999755859375,109.37000274658203,108.19000244140625,108.44000244140625,3784205.0
2025-05-12 18:30:00,108.44999694824219,108.58000183105469,107.5999984741211,107.75,3831784.0
2025-05-12 19:30:00,107.74500274658203,108.19000244140625,107.43350219726562,108.11000061035156,4841295.0
2025-05-13 13:30:00,109.5999984741211,110.77999877929688,109.0,110.33000183105469,13227474.0
2025-05-13 14:30:00,110.33999633789062,112.16200256347656,110.13009643554688,111.9000015258789,10079075.0
2025-05-13 15:30:00,111.9000015258789,112.94000244140625,111.66999816894531,112.37139892578125,8821398.0
2025-05-13 16:30:00,112.36630249023438,113.12770080566406,112.0999984741211,112.44999694824219,5497437.0
2025-05-13 17:30:00,112.45999908447266,112.96499633789062,111.87999725341797,112.87999725341797,5031337.0
2025-05-13 18:30:00,112.87999725341797,112.94000244140625,112.2699966430664,112.5,4031467.0
2025-05-13 19:30:00,112.49500274658203,112.7300033569336,112.28109741210938,112.43000030517578,3853094.0
2025-05-14 13:30:00,119.83100128173828,122.5199966430664,117.87000274658203,119.36000061035156,37931747.0
2025-05-14 14:30:00,119.33999633789062,119.41999816894531,117.36000061035156,118.00039672851562,11731105.0
2025-05-14 15:30:00,117.9800033569336,118.9000015258789,117.37000274658203,118.76000213623047,8681567.0
2025-05-14 16:30:00,118.7699966430664,119.18800354003906,116.91000366210938,117.22480010986328,7321517.0
2025-05-14 17:30:00,117.22940063476562,117.61000061035156,116.58999633789062,116.79000091552734,5387127.0
2025-05-14 18:30:00,116.7771987915039,117.6500015258789,116.77279663085938,117.26000213623047,5342835.0
2025-05-14 19:30:00,117.2699966430664,117.88999938964844,116.98999786376953,117.7300033569336,5042111.0
2025-05-15 13:30:00,117.0199966430664,117.5,115.37120056152344,115.53199768066406,11919921.0
2025-05-15 14:30:00,115.54000091552734,116.0,114.41000366210938,115.88999938964844,7782583.0
2025-05-15 15:30:00,115.88999938964844,115.9800033569336,115.25,115.86000061035156,4135897.0
2025-05-15 16:30:00,115.83000183105469,116.43000030517578,115.81999969482422,116.23999786376953,3357583.0
2025-05-15 17:30:00,116.2300033569336,116.23999786376953,114.62999725341797,115.11499786376953,4448367.0
2025-05-15 18:30:00,115.11000061035156,115.38999938964844,114.01000213623047,114.05999755859375,3744937.0
2025-05-15 19:30:00,114.08999633789062,115.08499908447266,114.08999633789062,114.9800033569336,4349446.0
2025-05-16 13:30:00,117.93250274658203,118.23999786376953,116.4000015258789,117.27999877929688,13875921.0
2025-05-16 14:30:00,117.29000091552734,117.76000213623047,116.01000213623047,117.69000244140625,6884732.0
2025-05-16 15:30:00,117.66000366210938,117.76000213623047,117.21499633789062,117.24710083007812,3698353.0
2025-05-16 16:30:00,117.23899841308594,117.30000305175781,116.70999908447266,117.08499908447266,4132107.0
2025-05-16 17:30:00,117.0999984741211,117.32990264892578,116.48999786376953,116.9000015258789,2887804.0
2025-05-16 18:30:00,116.9000015258789,117.16999816894531,116.80000305175781,117.06999969482422,3726745.0
2025-05-16 19:30:00,117.05999755859375,117.23999786376953,116.80999755859375,117.18000030517578,3402314.0
2025-05-19 13:30:00,115.37000274658203,115.52999877929688,114.16999816894531,114.98999786376953,10123402.0
2025-05-19 14:30:00,115.0,115.21499633789062,114.22000122070312,114.26000213623047,4168889.0
2025-05-19 15:30:00,114.2699966430664,114.61000061035156,114.16799926757812,114.5,2973311.0
2025-05-19 16:30:00,114.51000213623047,115.36000061035156,114.2699966430664,114.79000091552734,3332231.0
2025-05-19 17:30:00,114.7885971069336,114.87000274658203,114.09500122070312,114.2249984741211,2788247.0
2025-05-19 18:30:00,114.23999786376953,114.55999755859375,114.05999755859375,114.18000030517578,4112829.0
2025-05-19 19:30:00,114.19000244140625,114.80999755859375,114.13999938964844,114.75,4086984.0
2025-05-20 13:30:00,114.3499984741211,114.51000213623047,112.54000091552734,113.16999816894531,8430825.0
2025-05-20 14:30:00,113.1500015258789,113.83000183105469,113.0999984741211,113.69999694824219,4103358.0
2025-05-20 15:30:00,113.70999908447266,113.87999725341797,113.33000183105469,113.49500274658203,2363112.0
2025-05-20 16:30:00,113.49500274658203,113.81749725341797,113.48500061035156,113.63999938964844,2148960.0
2025-05-20 17:30:00,113.6500015258789,113.65619659423828,112.38500213623047,112.48780059814453,2553278.0
2025-05-20 18:30:00,112.4800033569336,113.0,112.08000183105469,112.89849853515625,3611090.0
2025-05-20 19:30:00,112.9000015258789,113.58999633789062,112.89749908447266,113.55000305175781,2710590.0
2025-05-21 13:30:00,113.8499984741211,115.37000274658203,113.69000244140625,114.19999694824219,10446670.0
2025-05-21 14:30:00,114.19000244140625,115.94999694824219,114.02999877929688,115.75,5627467.0
2025-05-21 15:30:00,115.75,116.0999984741211,115.19999694824219,115.5250015258789,3677101.0
2025-05-21 16:30:00,115.53500366210938,115.94999694824219,112.54000091552734,112.5999984741211,4999696.0
2025-05-21 17:30:00,112.61000061035156,113.38999938964844,112.19999694824219,112.67289733886719,5255193.0
2025-05-21 18:30:00,112.66999816894531,113.19000244140625,111.08999633789062,111.26000213623047,5372928.0
2025-05-21 19:30:00,111.25,112.80000305175781,111.25,112.05000305175781,4529120.0
2025-05-22 13:30:00,111.9000015258789,112.63999938964844,110.94000244140625,111.69979858398438,7485013.0
2025-05-22 14:30:00,111.6801986694336,112.5199966430664,111.3550033569336,111.45010375976562,4581196.0
2025-05-22 15:30:00,111.44999694824219,112.37809753417969,111.38999938964844,111.98999786376953,3323631.0
2025-05-22 16:30:00,111.98999786376953,112.05000305175781,111.47699737548828,111.66000366210938,2884077.0
2025-05-22 17:30:00,111.68000030517578,112.1449966430664,111.55999755859375,111.69000244140625,2633031.0
2025-05-22 18:30:00,111.68000030517578,111.95819854736328,111.47000122070312,111.92009735107422,2943712.0
2025-05-22 19:30:00,111.93000030517578,111.94969940185547,110.61000061035156,110.69999694824219,3643640.0
2025-05-23 13:30:00,108.12000274658203,109.5999984741211,107.66709899902344,108.85990142822266,9846743.0
2025-05-23 14:30:00,108.86000061035156,109.61000061035156,108.83999633789062,109.41000366210938,3376840.0
2025-05-23 15:30:00,109.38999938964844,109.87000274658203,109.13999938964844,109.5198974609375,2724238.0
2025-05-23 16:30:00,109.51000213623047,110.62000274658203,109.29000091552734,110.58000183105469,2454973.0
2025-05-23 17:30:00,110.58000183105469,111.01499938964844,110.24009704589844,110.7750015258789,3836018.0
2025-05-23 18:30:00,110.7699966430664,110.9124984741211,110.38500213623047,110.58000183105469,2305542.0
2025-05-23 19:30:00,110.56999969482422,110.91999816894531,110.25,110.33999633789062,3044269.0
2025-05-27 13:30:00,113.17500305175781,114.80000305175781,112.2699966430664,114.62249755859375,10289207.0
2025-05-27 14:30:00,114.625,115.3949966430664,114.5999984741211,115.33000183105469,7720696.0
2025-05-27 15:30:00,115.33000183105469,115.33999633789062,114.69000244140625,115.04000091552734,2968177.0
2025-05-27 16:30:00,115.02999877929688,115.3113021850586,114.79000091552734,115.08999633789062,2794021.0
2025-05-27 17:30:00,115.09500122070312,115.37000274658203,114.87200164794922,114.91500091552734,2399397.0
2025-05-27 18:30:00,114.91999816894531,114.98500061035156,114.27999877929688,114.38999938964844,3182867.0
2025-05-27 19:30:00,114.38500213623047,114.61499786376953,113.94999694824219,114.55000305175781,4337968.0
2025-05-28 13:30:00,114.8499984741211,114.947998046875,113.76000213623047,113.94999694824219,6640900.0
2025-05-28 14:30:00,113.95999908447266,114.2300033569336,113.73999786376953,113.9749984741211,2967345.0
2025-05-28 15:30:00,113.96499633789062,114.08999633789062,113.58000183105469,113.83000183105469,1999244.0
2025-05-28 16:30:00,113.80999755859375,114.0999984741211,113.58999633789062,113.97000122070312,1978850.0
2025-05-28 17:30:00,113.95999908447266,113.9800033569336,113.61000061035156,113.62999725341797,1911505.0
2025-05-28 18:30:00,113.62000274658203,114.02980041503906,113.17500305175781,113.67500305175781,3378811.0
2025-05-28 19:30:00,113.66999816894531,113.72000122070312,112.66000366210938,112.87000274658203,3653744.0
2025-05-29 13:30:00,115.38999938964844,115.54000091552734,113.38999938964844,114.08000183105469,9882293.0
2025-05-29 14:30:00,114.05000305175781,114.80000305175781,113.81999969482422,114.15609741210938,3666388.0
2025-05-29 15:30:00,114.1449966430664,114.18000030517578,112.66999816894531,113.1050033569336,4024065.0
2025-05-29 16:30:00,113.08000183105469,113.37999725341797,112.66000366210938,112.80000305175781,2657278.0
2025-05-29 17:30:00,112.80999755859375,113.12999725341797,112.13240051269531,112.28350067138672,2865418.0
2025-05-29 18:30:00,112.30000305175781,112.87840270996094,112.30000305175781,112.55500030517578,3087946.0
2025-05-29 19:30:00,112.55999755859375,113.1500015258789,112.5562973022461,113.02999877929688,2759612.0
2025-05-30 13:30:00,111.58399963378906,112.0999984741211,110.0199966430664,111.4000015258789,7506065.0
2025-05-30 14:30:00,111.38999938964844,111.70999908447266,110.81500244140625,111.32499694824219,3301701.0
2025-05-30 15:30:00,111.31999969482422,111.48899841308594,109.43000030517578,109.55000305175781,2982819.0
2025-05-30 16:30:00,109.54000091552734,109.72000122070312,108.61540222167969,109.63999938964844,4799251.0
2025-05-30 17:30:00,109.61000061035156,110.26000213623047,109.4800033569336,110.11399841308594,2483365.0
2025-05-30 18:30:00,110.11499786376953,111.18499755859375,109.98600006103516,111.12000274658203,2890844.0
2025-05-30 19:30:00,111.12999725341797,111.33000183105469,110.52999877929688,110.69000244140625,4345711.0
2025-06-02 13:30:00,111.05999755859375,113.62999725341797,111.01000213623047,113.33499908447266,10502502.0
2025-06-02 14:30:00,113.33000183105469,113.81999969482422,112.3949966430664,112.68000030517578,4919107.0
2025-06-02 15:30:00,112.69000244140625,113.68000030517578,112.58000183105469,113.39900207519531,3064404.0
2025-06-02 16:30:00,113.38999938964844,113.82980346679688,113.14099884033203,113.69999694824219,2099761.0
2025-06-02 17:30:00,113.69000244140625,114.52999877929688,113.61499786376953,114.49140167236328,2845564.0
2025-06-02 18:30:00,114.5,114.86000061035156,114.33000183105469,114.52999877929688,3259454.0
2025-06-02 19:30:00,114.51000213623047,114.70999908447266,114.1500015258789,114.6500015258789,3404283.0
2025-06-03 13:30:00,114.5,116.18000030517578,113.27999877929688,116.08679962158203,9375558.0
2025-06-03 14:30:00,116.05999755859375,116.66500091552734,115.51000213623047,116.5999984741211,4152984.0
2025-06-03 15:30:00,116.58999633789062,117.36000061035156,116.43499755859375,117.18419647216797,4483003.0
2025-06-03 16:30:00,117.19000244140625,117.68000030517578,116.94499969482422,116.95500183105469,2762647.0
2025-06-03 17:30:00,116.94999694824219,117.2699966430664,116.18000030517578,116.59500122070312,3055478.0
2025-06-03 18:30:00,116.58999633789062,116.79000091552734,116.34480285644531,116.43000030517578,2528932.0
2025-06-03 19:30:00,116.43000030517578,117.56999969482422,116.31500244140625,117.27999877929688,4760346.0
2025-06-04 13:30:00,117.41000366210938,117.9000015258789,115.7300033569336,116.91500091552734,7419641.0
2025-06-04 14:30:00,116.9000015258789,117.88999938964844,116.6332015991211,117.59500122070312,3604156.0
2025-06-04 15:30:00,117.58999633789062,118.19999694824219,117.43000030517578,118.11499786376953,3752310.0
2025-06-04 16:30:00,118.11000061035156,119.29499816894531,118.05500030517578,119.03500366210938,4980638.0
2025-06-04 17:30:00,119.02999877929688,119.23999786376953,118.66100311279297,119.06729888916016,2905703.0
2025-06-04 18:30:00,119.05999755859375,119.15979766845703,118.58999633789062,118.71009826660156,2400454.0
2025-06-04 19:30:00,118.70999908447266,119.12999725341797,118.3949966430664,118.54000091552734,3590106.0
2025-06-05 13:30:00,118.94999694824219,119.24479675292969,116.43499755859375,117.38739776611328,8684504.0
2025-06-05 14:30:00,117.37000274658203,118.16000366210938,116.51000213623047,118.13999938964844,4266111.0
2025-06-05 15:30:00,118.13999938964844,118.5999984741211,117.25,117.9000015258789,3020069.0
2025-06-05 16:30:00,117.87000274658203,117.94999694824219,116.24019622802734,117.16000366210938,3100274.0
2025-06-05 17:30:00,117.1500015258789,117.2699966430664,115.91999816894531,116.69999694824219,2470572.0
2025-06-05 18:30:00,116.69999694824219,116.81999969482422,114.70999908447266,115.37999725341797,4203235.0
2025-06-05 19:30:00,115.38999938964844,116.33999633789062,115.34919738769531,115.66999816894531,5050494.0
2025-06-06 13:30:00,117.68499755859375,118.37999725341797,117.0,117.20999908447266,7323247.0
2025-06-06 14:30:00,117.22000122070312,117.5199966430664,115.94000244140625,116.05000305175781,3610689.0
2025-06-06 15:30:00,116.11000061035156,116.70500183105469,116.05500030517578,116.53379821777344,2732120.0
2025-06-06 16:30:00,116.52999877929688,116.66999816894531,115.94000244140625,116.20500183105469,2102170.0
2025-06-06 17:30:00,116.21499633789062,117.33000183105469,116.19999694824219,116.8499984741211,2886375.0
2025-06-06 18:30:00,116.86160278320312,117.08000183105469,116.37999725341797,116.44999694824219,2615173.0
2025-06-06 19:30:00,116.43000030517578,116.5,116.13500213623047,116.16000366210938,3251023.0
2025-06-09 13:30:00,119.18000030517578,121.77999877929688,119.04000091552734,121.70999908447266,17803387.0
2025-06-09 14:30:00,121.70999908447266,122.36640167236328,119.86000061035156,120.09500122070312,9317680.0
2025-06-09 15:30:00,120.0999984741211,120.33000183105469,119.33999633789062,119.5999984741211,4260107.0
2025-06-09 16:30:00,119.5999984741211,120.69000244140625,119.4000015258789,120.22000122070312,3257220.0
2025-06-09 17:30:00,120.21499633789062,121.58679962158203,120.20500183105469,121.38500213623047,4118535.0
2025-06-09 18:30:00,121.37999725341797,121.97000122070312,121.20999908447266,121.94000244140625,5095385.0
2025-06-09 19:30:00,121.93499755859375,122.20500183105469,121.30500030517578,121.69000244140625,7286950.0
2025-06-10 13:30:00,121.1050033569336,123.43000030517578,120.80500030517578,123.32230377197266,12205783.0
2025-06-10 14:30:00,123.3292007446289,123.41020202636719,121.76000213623047,121.88999938964844,4715144.0
2025-06-10 15:30:00,121.87999725341797,123.62989807128906,121.14869689941406,123.58940124511719,5604414.0
2025-06-10 16:30:00,123.58000183105469,123.91000366210938,123.22000122070312,123.33000183105469,3992475.0
2025-06-10 17:30:00,123.33000183105469,123.4000015258789,122.29000091552734,122.82499694824219,3770511.0
2025-06-10 18:30:00,122.82869720458984,124.08999633789062,122.80999755859375,123.33000183105469,4425879.0
2025-06-10 19:30:00,123.31999969482422,123.33000183105469,122.69499969482422,123.25,3688993.0
2025-06-11 13:30:00,124.46499633789062,124.46499633789062,122.16000366210938,122.75,8893678.0
2025-06-11 14:30:00,122.75309753417969,123.16929626464844,122.43000030517578,122.56999969482422,3868399.0
2025-06-11 15:30:00,122.53839874267578,122.56620025634766,120.61499786376953,121.37000274658203,4268635.0
2025-06-11 16:30:00,121.36000061035156,121.90499877929688,121.0,121.86000061035156,2335502.0
2025-06-11 17:30:00,121.87999725341797,121.88999938964844,119.88200378417969,120.29000091552734,3900714.0
2025-06-11 18:30:00,120.28500366210938,120.91999816894531,120.06999969482422,120.55999755859375,2995807.0
2025-06-11 19:30:00,120.55999755859375,121.33000183105469,120.4800033569336,121.19499969482422,3029039.0
2025-06-12 13:30:00,120.61499786376953,121.51000213623047,120.25050354003906,121.29000091552734,6026071.0
2025-06-12 14:30:00,121.30999755859375,121.70999908447266,120.6500015258789,120.88999938964844,3224041.0
2025-06-12 15:30:00,120.88999938964844,121.61599731445312,120.72000122070312,121.4801025390625,2582252.0
2025-06-12 16:30:00,121.48580169677734,122.25,119.70999908447266,120.19999694824219,8123004.0
2025-06-12 17:30:00,120.19000244140625,120.54000091552734,118.02999877929688,118.33999633789062,7253856.0
2025-06-12 18:30:00,118.3499984741211,120.0,118.16000366210938,118.81999969482422,10223222.0
2025-06-12 19:30:00,118.82499694824219,118.9385986328125,118.19999694824219,118.48999786376953,4726940.0
2025-06-13 13:30:00,116.04499816894531,116.69999694824219,115.37000274658203,115.40409851074219,10697831.0
2025-06-13 14:30:00,115.40979766845703,117.52999877929688,115.13999938964844,117.47000122070312,5934541.0
2025-06-13 15:30:00,117.45999908447266,117.88300323486328,117.27100372314453,117.37999725341797,2885811.0
2025-06-13 16:30:00,117.37999725341797,117.55909729003906,116.41000366210938,116.41850280761719,3043584.0
2025-06-13 17:30:00,116.4000015258789,116.80000305175781,115.47000122070312,115.50499725341797,3158765.0
2025-06-13 18:30:00,115.51000213623047,116.3499984741211,115.05999755859375,115.80000305175781,5240207.0
2025-06-13 19:30:00,115.79000091552734,116.37999725341797,115.76000213623047,116.18000030517578,4990549.0
2025-06-16 13:30:00,118.63500213623047,125.80999755859375,117.77999877929688,125.69349670410156,24799945.0
2025-06-16 14:30:00,125.69999694824219,127.94999694824219,125.22000122070312,126.3302001953125,25152919.0
2025-06-16 15:30:00,126.31999969482422,127.7300033569336,126.11000061035156,127.19599914550781,12509819.0
2025-06-16 16:30:00,127.22000122070312,127.98999786376953,126.63500213623047,127.98989868164062,9798625.0
2025-06-16 17:30:00,127.98999786376953,128.13929748535156,126.76000213623047,126.92639923095703,8579471.0
2025-06-16 18:30:00,126.91000366210938,127.23999786376953,126.30999755859375,126.6500015258789,8264993.0
2025-06-16 19:30:00,126.6500015258789,126.8499984741211,126.16999816894531,126.4000015258789,6699933.0
2025-06-17 13:30:00,127.95999908447266,130.6999969482422,126.69999694824219,130.0449981689453,35610456.0
2025-06-17 14:30:00,130.0449981689453,130.60000610351562,127.94000244140625,128.07000732421875,13642348.0
2025-06-17 15:30:00,128.05999755859375,128.36000061035156,127.05999755859375,127.63999938964844,7737086.0
2025-06-17 16:30:00,127.6427993774414,128.8800048828125,126.63999938964844,128.05999755859375,9150033.0
2025-06-17 17:30:00,128.0399932861328,128.51499938964844,126.58000183105469,126.95500183105469,6871514.0
2025-06-17 18:30:00,126.94999694824219,127.43990325927734,126.61000061035156,127.18499755859375,4986764.0
2025-06-17 19:30:00,127.19000244140625,127.56500244140625,127.03009796142578,127.08000183105469,5011182.0
2025-06-18 13:30:00,128.0800018310547,129.2100067138672,126.72000122070312,128.69000244140625,15213290.0
2025-06-18 14:30:00,128.7198944091797,129.16000366210938,126.8499984741211,127.1500015258789,8294112.0
2025-06-18 15:30:00,127.22000122070312,128.05999755859375,126.9749984741211,127.71040344238281,5292599.0
2025-06-18 16:30:00,127.7073974609375,127.80000305175781,126.43009948730469,126.53019714355469,4159953.0
2025-06-18 17:30:00,126.54000091552734,127.3499984741211,125.94000244140625,126.8499984741211,4875339.0
2025-06-18 18:30:00,126.85970306396484,127.33000183105469,125.7699966430664,126.2500991821289,5774789.0
2025-06-18 19:30:00,126.25499725341797,126.88999938964844,126.16999816894531,126.79000091552734,3877961.0
2025-06-20 13:30:00,128.94000244140625,132.80499267578125,128.66000366210938,130.11500549316406,29823705.0
2025-06-20 14:30:00,130.1199951171875,130.68499755859375,127.55000305175781,128.66000366210938,12812264.0
2025-06-20 15:30:00,128.72500610351562,129.94000244140625,128.66000366210938,129.02969360351562,7851848.0
2025-06-20 16:30:00,129.02999877929688,129.66000366210938,128.3300018310547,128.3300018310547,5582396.0
2025-06-20 17:30:00,128.33999633789062,128.9907989501953,127.93499755859375,128.77999877929688,4569191.0
2025-06-20 18:30:00,128.8000030517578,128.8376007080078,127.97000122070312,128.32000732421875,3576437.0
2025-06-20 19:30:00,128.32000732421875,128.75999450683594,128.1300048828125,128.25,4769438.0
2025-06-23 13:30:00,130.4550018310547,133.25,129.82000732421875,132.5395050048828,22761762.0
2025-06-23 14:30:00,132.53500366210938,132.5998992919922,129.60000610351562,130.01170349121094,9835887.0
2025-06-23 15:30:00,129.7799072265625,129.91400146484375,127.93000030517578,128.02000427246094,7092027.0
2025-06-23 16:30:00,128.00999450683594,129.52259826660156,126.81999969482422,129.40499877929688,8114650.0
2025-06-23 17:30:00,129.41009521484375,129.99000549316406,129.25999450683594,129.3300018310547,5272750.0
2025-06-23 18:30:00,129.3553924560547,129.75,129.19000244140625,129.4250030517578,3778573.0
2025-06-23 19:30:00,129.4199981689453,129.8699951171875,129.11000061035156,129.58999633789062,4221393.0
2025-06-24 13:30:00,133.46499633789062,138.1580047607422,132.92999267578125,136.089599609375,32503505.0
2025-06-24 14:30:00,136.05999755859375,137.27890014648438,135.6699981689453,137.14999389648438,10284445.0
2025-06-24 15:30:00,137.2899932861328,137.49000549316406,136.36000061035156,137.32749938964844,5374995.0
2025-06-24 16:30:00,137.38499450683594,137.74000549316406,136.74090576171875,136.92999267578125,5939941.0
2025-06-24 17:30:00,136.94000244140625,138.14999389648438,136.89500427246094,137.91700744628906,5462474.0
2025-06-24 18:30:00,137.9199981689453,138.41000366210938,137.52999877929688,137.89999389648438,5957460.0
2025-06-24 19:30:00,137.90499877929688,138.7899932861328,137.7899932861328,138.49000549316406,7235356.0
2025-06-25 13:30:00,140.9600067138672,141.87899780273438,139.4600067138672,141.52000427246094,24664605.0
2025-06-25 14:30:00,141.51480102539062,144.17999267578125,141.47999572753906,142.57000732421875,16924660.0
2025-06-25 15:30:00,142.58999633789062,143.4199981689453,142.3520050048828,142.67030334472656,7613531.0
2025-06-25 16:30:00,142.69000244140625,143.50030517578125,142.25,143.33999633789062,5181600.0
2025-06-25 17:30:00,143.3300018310547,143.339599609375,142.00999450683594,143.14999389648438,4883429.0
2025-06-25 18:30:00,143.14999389648438,143.4799041748047,142.5800018310547,142.89120483398438,4147764.0
2025-06-25 19:30:00,142.88999938964844,143.82000732421875,142.72999572753906,143.41000366210938,6556951.0
2025-06-26 13:30:00,145.83999633789062,145.99000549316406,141.91000366210938,142.75,24643597.0
2025-06-26 14:30:00,142.75999450683594,143.9600067138672,142.5,142.5500030517578,7575976.0
2025-06-26 15:30:00,142.5500030517578,144.08999633789062,142.38999938964844,143.92999267578125,4857737.0
2025-06-26 16:30:00,143.93499755859375,144.11500549316406,143.4499969482422,143.88999938964844,2892928.0
2025-06-26 17:30:00,143.88999938964844,144.3249969482422,143.27499389648438,143.63999938964844,4215517.0
2025-06-26 18:30:00,143.643798828125,143.7100067138672,142.8800048828125,142.88999938964844,5759300.0
2025-06-26 19:30:00,142.89999389648438,144.0449981689453,142.8300018310547,143.72999572753906,4938070.0
2025-06-27 13:30:00,144.16000366210938,147.75039672851562,144.0861053466797,145.89999389648438,21846228.0
2025-06-27 14:30:00,145.8800048828125,145.9698944091797,143.91000366210938,144.19500732421875,7969071.0
2025-06-27 15:30:00,144.20989990234375,144.64999389648438,143.17999267578125,143.72000122070312,5754121.0
2025-06-27 16:30:00,143.69500732421875,143.9499969482422,142.97000122070312,143.94000244140625,4539655.0
2025-06-27 17:30:00,143.93719482421875,144.3730926513672,142.42840576171875,142.44000244140625,5221766.0
2025-06-27 18:30:00,142.44009399414062,143.13999938964844,141.63900756835938,142.85440063476562,5800374.0
2025-06-27 19:30:00,142.86000061035156,144.2100067138672,142.8000030517578,143.86000061035156,4264203.0
2025-06-30 13:30:00,144.0,144.10000610351562,141.00999450683594,143.00970458984375,15061879.0
2025-06-30 14:30:00,142.9949951171875,143.30799865722656,142.10000610351562,142.44970703125,4794587.0
2025-06-30 15:30:00,142.4499053955078,143.85499572753906,142.33999633789062,142.92300415039062,4512744.0
2025-06-30 16:30:00,142.89999389648438,143.12860107421875,142.27000427246094,142.44500732421875,2913702.0
2025-06-30 17:30:00,142.44500732421875,142.5800018310547,141.7100067138672,141.90020751953125,2938930.0
2025-06-30 18:30:00,141.91000366210938,142.0399932861328,141.22000122070312,141.6699981689453,4474813.0
2025-06-30 19:30:00,141.66000366210938,142.24000549316406,141.47999572753906,141.88999938964844,3736987.0
2025-07-01 13:30:00,138.75,140.22999572753906,137.09100341796875,137.4949951171875,17888068.0
2025-07-01 14:30:00,137.4810028076172,137.52499389648438,135.1201934814453,136.38999938964844,11774917.0
2025-07-01 15:30:00,136.3800048828125,137.2100067138672,135.91700744628906,137.02000427246094,5323760.0
2025-07-01 16:30:00,137.02999877929688,137.82000732421875,136.75999450683594,137.07240295410156,4909018.0
2025-07-01 17:30:00,137.07000732421875,137.6591033935547,136.89010620117188,137.19000244140625,2422543.0
2025-07-01 18:30:00,137.19000244140625,137.39999389648438,136.11000061035156,137.02000427246094,4069604.0
2025-07-01 19:30:00,137.02000427246094,137.07620239257812,136.0399932861328,136.0800018310547,4920784.0
2025-07-02 13:30:00,135.50999450683594,136.9499969482422,135.22000122070312,136.85000610351562,10277769.0
2025-07-02 14:30:00,136.85000610351562,139.17999267578125,136.85000610351562,138.47000122070312,7616416.0
2025-07-02 15:30:00,138.47999572753906,139.77999877929688,138.1199951171875,139.24940490722656,4361126.0
2025-07-02 16:30:00,139.25039672851562,139.47720336914062,138.72000122070312,138.85000610351562,3240544.0
2025-07-02 17:30:00,138.83999633789062,139.01449584960938,138.27999877929688,138.46499633789062,3106082.0
2025-07-02 18:30:00,138.47000122070312,139.12989807128906,138.41000366210938,138.75999450683594,2714194.0
2025-07-02 19:30:00,138.7550048828125,138.77499389648438,137.88229370117188,138.50999450683594,4141106.0
2025-07-03 13:30:00,139.11000061035156,139.5,137.32000732421875,138.6300048828125,13592405.0
2025-07-03 14:30:00,138.63999938964844,138.8800048828125,137.85000610351562,138.22999572753906,5149614.0
2025-07-03 15:30:00,138.24000549316406,138.58999633789062,137.7100067138672,137.88400268554688,3724858.0
2025-07-03 17:00:00,137.8800048828125,138.24600219726562,137.6300048828125,137.72999572753906,0.0
2025-07-07 13:30:00,136.5500030517578,137.44000244140625,134.50999450683594,134.6300048828125,10219046.0
2025-07-07 14:30:00,134.6300048828125,135.0399932861328,133.5,134.05499267578125,7372125.0
2025-07-07 15:30:00,134.0399932861328,135.8699951171875,133.8800048828125,135.372802734375,5384608.0
2025-07-07 16:30:00,135.3350067138672,135.74000549316406,134.8000030517578,135.0,2209975.0
2025-07-07 17:30:00,135.00999450683594,135.49000549316406,134.09249877929688,134.11500549316406,2431054.0
2025-07-07 18:30:00,134.1199951171875,135.08999633789062,134.02499389648438,134.8000030517578,2874482.0
2025-07-07 19:30:00,134.8000030517578,135.16000366210938,134.6699981689453,134.8300018310547,2647018.0
2025-07-08 13:30:00,137.3350067138672,137.74639892578125,135.91000366210938,137.6280059814453,9013105.0
2025-07-08 14:30:00,137.64999389648438,139.14999389648438,137.41000366210938,137.5019989013672,8753233.0
2025-07-08 15:30:00,137.5,138.39999389648438,137.27310180664062,138.27999877929688,4094919.0
2025-07-08 16:30:00,138.2899932861328,138.38999938964844,137.5500030517578,137.94369506835938,2612601.0
2025-07-08 17:30:00,137.92999267578125,138.77000427246094,137.7449951171875,138.4199981689453,2369445.0
2025-07-08 18:30:00,138.42999267578125,138.52040100097656,137.3800048828125,137.8000030517578,2914130.0
2025-07-08 19:30:00,137.7899932861328,138.1199951171875,137.47959899902344,137.8300018310547,2910202.0
2025-07-09 13:30:00,138.6750030517578,140.64999389648438,138.55999755859375,139.6699981689453,12068674.0
2025-07-09 14:30:00,139.66000366210938,139.66000366210938,137.58999633789062,138.24000549316406,6802242.0
2025-07-09 15:30:00,138.22000122070312,138.3800048828125,137.61000061035156,138.19000244140625,3317124.0
2025-07-09 16:30:00,138.19000244140625,139.02999877929688,138.05029296875,138.52999877929688,3559620.0
2025-07-09 17:30:00,138.52999877929688,139.57000732421875,138.44000244140625,138.80990600585938,3737111.0
2025-07-09 18:30:00,138.80499267578125,139.32000732421875,138.73500061035156,138.8603973388672,2322337.0
2025-07-09 19:30:00,138.86000061035156,139.05999755859375,138.24000549316406,138.4499969482422,2890938.0
2025-07-10 13:30:00,142.96499633789062,145.21009826660156,141.85000610351562,144.38980102539062,24287616.0
2025-07-10 14:30:00,144.3800048828125,145.82000732421875,143.22999572753906,144.14999389648438,13505903.0
2025-07-10 15:30:00,144.16000366210938,144.36990356445312,143.11000061035156,143.89999389648438,4863488.0
2025-07-10 16:30:00,143.90040588378906,144.60499572753906,143.67999267578125,144.07000732421875,3679743.0
2025-07-10 17:30:00,144.07989501953125,144.5803985595703,143.7899932861328,143.88999938964844,3203555.0
2025-07-10 18:30:00,143.89999389648438,144.1300048828125,143.25999450683594,143.33999633789062,4218974.0
2025-07-10 19:30:00,143.33999633789062,144.24000549316406,143.2100067138672,144.16000366210938,4226496.0
2025-07-11 13:30:00,142.60000610351562,144.19000244140625,141.60000610351562,144.04730224609375,10507849.0
2025-07-11 14:30:00,144.05999755859375,145.27000427246094,143.91000366210938,145.18960571289062,8404845.0
2025-07-11 15:30:00,145.19000244140625,145.7949981689453,144.8699951171875,145.60000610351562,7357929.0
2025-07-11 16:30:00,145.60000610351562,147.39999389648438,145.30999755859375,147.13040161132812,7469907.0
2025-07-11 17:30:00,147.13999938964844,147.22999572753906,146.44000244140625,146.67999267578125,5808265.0
2025-07-11 18:30:00,146.6699981689453,147.07000732421875,145.91000366210938,146.3300018310547,4103884.0
2025-07-11 19:30:00,146.32000732421875,147.00999450683594,146.27000427246094,146.4398956298828,4011770.0
2025-07-14 13:30:00,145.10000610351562,145.60000610351562,141.91000366210938,144.05999755859375,14064276.0
2025-07-14 14:30:00,144.0500030517578,145.77999877929688,144.0,145.57470703125,6188218.0
2025-07-14 15:30:00,145.57000732421875,146.80999755859375,145.35000610351562,146.57989501953125,5046772.0
2025-07-14 16:30:00,146.5800018310547,147.25999450683594,146.07000732421875,146.77000427246094,4183567.0
2025-07-14 17:30:00,146.77000427246094,147.5800018310547,146.3300018310547,146.66000366210938,4485278.0
2025-07-14 18:30:00,146.64999389648438,146.75,146.1699981689453,146.42999267578125,2903544.0
2025-07-14 19:30:00,146.41000366210938,146.5449981689453,145.97000122070312,146.22999572753906,2849084.0
2025-07-15 13:30:00,153.80499267578125,158.67999267578125,153.55999755859375,156.7100067138672,45225827.0
2025-07-15 14:30:00,156.67999267578125,157.3249969482422,154.76499938964844,155.52630615234375,11813345.0
2025-07-15 15:30:00,155.52499389648438,156.8300018310547,155.1699981689453,156.1992950439453,8168353.0
2025-07-15 16:30:00,156.19000244140625,156.2100067138672,154.66000366210938,155.52999877929688,5378929.0
2025-07-15 17:30:00,155.5399932861328,156.5,155.27000427246094,155.54440307617188,4764104.0
2025-07-15 18:30:00,155.55999755859375,155.7899932861328,154.1199951171875,154.50999450683594,5907021.0
2025-07-15 19:30:00,154.52999877929688,156.1300048828125,154.5,155.57000732421875,6548909.0
2025-07-16 13:30:00,155.3000030517578,156.32000732421875,154.2100067138672,155.00999450683594,14593245.0
2025-07-16 14:30:00,155.0,155.4499969482422,153.8000030517578,154.66949462890625,6552051.0
2025-07-16 15:30:00,154.6199951171875,155.2570037841797,152.85000610351562,154.25,5480905.0
2025-07-16 16:30:00,154.2613983154297,155.88999938964844,154.1802978515625,155.7003936767578,3942680.0
2025-07-16 17:30:00,155.67999267578125,157.41000366210938,155.61000061035156,157.0399932861328,6034268.0
2025-07-16 18:30:00,157.0500030517578,158.95989990234375,156.89999389648438,158.85000610351562,9108454.0
2025-07-16 19:30:00,158.80999755859375,160.36000061035156,158.70489501953125,160.1199951171875,9891350.0
2025-07-17 13:30:00,161.80999755859375,161.9600067138672,159.14999389648438,160.25999450683594,16526836.0
2025-07-17 14:30:00,160.25999450683594,160.60000610351562,158.91000366210938,159.1638946533203,6860634.0
2025-07-17 15:30:00,159.16000366210938,160.41000366210938,158.77999877929688,159.7550048828125,7309943.0
2025-07-17 16:30:00,159.7899932861328,160.10000610351562,159.0,159.22000122070312,3312959.0
2025-07-17 17:30:00,159.22000122070312,159.5500030517578,158.97000122070312,159.13999938964844,3181078.0
2025-07-17 18:30:00,159.14979553222656,159.85000610351562,158.67999267578125,159.7100067138672,4727154.0
2025-07-17 19:30:00,159.6999969482422,160.6300048828125,159.6199951171875,160.41000366210938,5138384.0
2025-07-18 13:30:00,159.61000061035156,160.8300018310547,156.92999267578125,157.14950561523438,16009550.0
2025-07-18 14:30:00,157.14329528808594,158.35000610351562,156.39999389648438,157.53990173339844,8545272.0
2025-07-18 15:30:00,157.5399932861328,159.05999755859375,157.47000122070312,158.3636932373047,5992807.0
2025-07-18 16:30:00,158.3800048828125,158.4199981689453,157.11599731445312,157.52000427246094,4078804.0
2025-07-18 17:30:00,157.5399932861328,157.9499969482422,157.12550354003906,157.55999755859375,3431502.0
2025-07-18 18:30:00,157.57000732421875,157.7899932861328,157.23500061035156,157.5500030517578,3048561.0
2025-07-18 19:30:00,157.5500030517578,157.6699981689453,156.9199981689453,157.00999450683594,3841154.0
2025-07-21 13:30:00,157.5500030517578,159.60000610351562,157.5,159.147705078125,10119726.0
2025-07-21 14:30:00,159.14999389648438,160.33999633789062,158.77000427246094,158.85299682617188,6433043.0
2025-07-21 15:30:00,158.83999633789062,158.92970275878906,157.1999969482422,157.7050018310547,5529726.0
2025-07-21 16:30:00,157.69000244140625,158.74000549316406,157.57000732421875,158.58999633789062,3766389.0
2025-07-21 17:30:00,158.59640502929688,159.47000122070312,158.5500030517578,159.0500030517578,4074010.0
2025-07-21 18:30:00,159.06500244140625,159.1199951171875,157.65499877929688,157.7375030517578,3639586.0
2025-07-21 19:30:00,157.72999572753906,157.97000122070312,156.9199981689453,157.02000427246094,3621862.0
2025-07-22 13:30:00,156.1999969482422,156.22659301757812,149.33999633789062,151.22560119628906,20120531.0
2025-07-22 14:30:00,151.22999572753906,153.32000732421875,151.13999938964844,153.02139282226562,6741582.0
2025-07-22 15:30:00,153.0399932861328,154.0800018310547,152.9250030517578,153.03250122070312,4867856.0
2025-07-22 16:30:00,153.02000427246094,154.63999938964844,152.97019958496094,154.41000366210938,3280279.0
2025-07-22 17:30:00,154.41990661621094,155.02000427246094,154.1699981689453,154.77960205078125,3084889.0
2025-07-22 18:30:00,154.77000427246094,155.17999267578125,154.69009399414062,155.1199951171875,3213200.0
2025-07-22 19:30:00,155.1199951171875,155.52499389648438,154.7100067138672,154.74000549316406,4142215.0
2025-07-23 13:30:00,156.31500244140625,158.35000610351562,156.0,157.2449951171875,12839122.0
2025-07-23 14:30:00,157.2449951171875,157.91070556640625,156.33090209960938,157.85000610351562,4811355.0
2025-07-23 15:30:00,157.85000610351562,158.99000549316406,157.59339904785156,157.77999877929688,5652685.0
2025-07-23 16:30:00,157.78500366210938,158.7803955078125,157.6053009033203,157.94000244140625,3313626.0
2025-07-23 17:30:00,157.94000244140625,158.67999267578125,157.75999450683594,158.0749969482422,2925806.0
2025-07-23 18:30:00,158.0749969482422,159.44850158691406,157.83700561523438,158.02000427246094,5021446.0
2025-07-23 19:30:00,158.02999877929688,158.6999969482422,157.77499389648438,158.61459350585938,3258377.0
2025-07-24 13:30:00,159.13999938964844,162.3498992919922,158.36000061035156,159.7100067138672,15251000.0
2025-07-24 14:30:00,159.7100067138672,163.0,159.6804962158203,162.21009826660156,8327887.0
2025-07-24 15:30:00,162.22999572753906,163.92999267578125,162.07000732421875,162.69000244140625,7685465.0
2025-07-24 16:30:00,162.67999267578125,163.12469482421875,161.52000427246094,162.19960021972656,4167687.0
2025-07-24 17:30:00,162.17999267578125,162.83090209960938,161.91000366210938,162.3800048828125,3184693.0
2025-07-24 18:30:00,162.38499450683594,162.52999877929688,161.77499389648438,162.33999633789062,3345185.0
2025-07-24 19:30:00,162.35809326171875,162.4199981689453,161.96099853515625,162.11000061035156,2846963.0
2025-07-25 13:30:00,163.5050048828125,167.1699981689453,162.36000061035156,166.53500366210938,19928835.0
2025-07-25 14:30:00,166.5399932861328,166.85000610351562,164.8000030517578,165.42999267578125,9783745.0
2025-07-25 15:30:00,165.4248046875,166.25,164.8800048828125,166.19000244140625,4246205.0
2025-07-25 16:30:00,166.19000244140625,166.47000122070312,165.61000061035156,166.08680725097656,3415038.0
2025-07-25 17:30:00,166.0800018310547,166.94000244140625,165.92999267578125,166.7429962158203,4068793.0
2025-07-25 18:30:00,166.77000427246094,167.1750030517578,165.97999572753906,166.10000610351562,5187992.0
2025-07-25 19:30:00,166.07110595703125,166.60000610351562,165.92999267578125,166.47000122070312,3893752.0
2025-07-28 13:30:00,169.0800018310547,174.47000122070312,168.67999267578125,173.3800048828125,28153573.0
2025-07-28 14:30:00,173.36000061035156,174.6999969482422,172.2100067138672,172.61000061035156,11861350.0
2025-07-28 15:30:00,172.60000610351562,173.38999938964844,172.0399932861328,172.66000366210938,6715888.0
2025-07-28 16:30:00,172.65499877929688,172.8350067138672,172.1999969482422,172.6300048828125,2960408.0
2025-07-28 17:30:00,172.63999938964844,173.44000244140625,172.55499267578125,172.8350067138672,4686085.0
2025-07-28 18:30:00,172.83999633789062,173.25999450683594,172.3800048828125,173.14500427246094,4053913.0
2025-07-28 19:30:00,173.14999389648438,173.83999633789062,172.9199981689453,173.64999389648438,5115081.0
2025-07-29 13:30:00,175.24000549316406,180.58999633789062,174.67999267578125,180.39999389648438,32430520.0
2025-07-29 14:30:00,180.3800048828125,182.30999755859375,176.27000427246094,176.64999389648438,24678254.0
2025-07-29 15:30:00,176.65499877929688,178.80999755859375,176.00999450683594,178.04969787597656,14829186.0
2025-07-29 16:30:00,178.03439331054688,179.5500030517578,177.16940307617188,179.2100067138672,8608339.0
2025-07-29 17:30:00,179.2050018310547,180.35499572753906,178.72999572753906,179.72140502929688,8642148.0
2025-07-29 18:30:00,179.74000549316406,180.08999633789062,178.10000610351562,178.25999450683594,7486027.0
2025-07-29 19:30:00,178.25999450683594,178.33999633789062,177.02999877929688,177.42999267578125,7421499.0
2025-07-30 13:30:00,175.56199645996094,179.48980712890625,173.80999755859375,178.5601043701172,20200287.0
2025-07-30 14:30:00,178.5749969482422,179.63999938964844,178.1199951171875,178.70010375976562,8322404.0
2025-07-30 15:30:00,178.72000122070312,179.4199981689453,177.91009521484375,178.8300018310547,5440392.0
2025-07-30 16:30:00,178.8249969482422,179.74000549316406,178.1199951171875,179.25,5416996.0
2025-07-30 17:30:00,179.25,179.99000549316406,178.5301055908203,179.7899932861328,4962668.0
2025-07-30 18:30:00,179.77000427246094,180.3699951171875,177.08999633789062,178.30999755859375,9726755.0
2025-07-30 19:30:00,178.3300018310547,179.5800018310547,178.3300018310547,179.5399932861328,4885512.0
2025-07-31 13:30:00,182.01499938964844,182.49000549316406,178.36000061035156,180.4803924560547,22230968.0
2025-07-31 14:30:00,180.47999572753906,180.99000549316406,178.50999450683594,179.2100067138672,11253407.0
2025-07-31 15:30:00,179.24000549316406,180.6199951171875,178.82400512695312,180.3000030517578,5579103.0
2025-07-31 16:30:00,180.3000030517578,180.50999450683594,177.22999572753906,177.4199981689453,6031366.0
2025-07-31 17:30:00,177.41000366210938,178.36000061035156,174.89999389648438,176.235595703125,9359685.0
2025-07-31 18:30:00,176.22999572753906,177.52999877929688,176.2050018310547,176.92999267578125,5654250.0
2025-07-31 19:30:00,176.9600067138672,177.32000732421875,175.8699951171875,176.32000732421875,5122579.0
2025-08-01 13:30:00,170.13999938964844,171.94000244140625,166.82000732421875,171.39999389648438,27143803.0
2025-08-01 14:30:00,171.41000366210938,172.89999389648438,170.33009338378906,170.7100067138672,11235894.0
2025-08-01 15:30:00,170.7100067138672,174.39500427246094,170.6300048828125,174.0,8386884.0
2025-08-01 16:30:00,174.0,174.0050048828125,171.1300048828125,171.27999877929688,6445242.0
2025-08-01 17:30:00,171.27999877929688,171.9199981689453,169.81069946289062,171.3000030517578,7007184.0
2025-08-01 18:30:00,171.3000030517578,171.77999877929688,170.1699981689453,171.39999389648438,5985437.0
2025-08-01 19:30:00,171.3800048828125,172.15989685058594,170.86000061035156,171.63999938964844,5075952.0
2025-08-04 13:30:00,174.60499572753906,177.2550048828125,173.5800018310547,176.85000610351562,17156946.0
2025-08-04 14:30:00,176.86000061035156,177.47000122070312,175.11500549316406,176.3000030517578,8062496.0
2025-08-04 15:30:00,176.2899932861328,177.53500366210938,176.17999267578125,177.2899932861328,5481635.0
2025-08-04 16:30:00,177.2899932861328,177.8000030517578,176.5399932861328,177.77000427246094,4923597.0
2025-08-04 17:30:00,177.77499389648438,177.86000061035156,176.80499267578125,177.39999389648438,4799917.0
2025-08-04 18:30:00,177.38999938964844,177.66000366210938,176.7899932861328,176.85000610351562,3571604.0
2025-08-04 19:30:00,176.86000061035156,177.0,176.53500366210938,176.77000427246094,4401749.0
2025-08-05 13:30:00,177.56500244140625,177.99000549316406,174.67999267578125,175.18499755859375,19172696.0
2025-08-05 14:30:00,175.18499755859375,175.38999938964844,172.29049682617188,174.02000427246094,12384677.0
2025-08-05 15:30:00,174.0,176.11000061035156,173.81500244140625,175.85000610351562,6677440.0
2025-08-05 16:30:00,175.83999633789062,176.39999389648438,175.00999450683594,176.1905059814453,5817057.0
2025-08-05 17:30:00,176.1999969482422,177.5,176.0,176.706298828125,6692769.0
2025-08-05 18:30:00,176.7100067138672,176.8699951171875,174.6199951171875,175.57000732421875,8130171.0
2025-08-05 19:30:00,175.55999755859375,175.85989379882812,174.08999633789062,174.38499450683594,7372140.0
2025-08-06 13:30:00,164.91000366210938,166.17999267578125,160.13999938964844,160.50999450683594,42198469.0
2025-08-06 14:30:00,160.51499938964844,161.49000549316406,157.8000030517578,160.8699951171875,29136916.0
2025-08-06 15:30:00,160.8699951171875,163.75,160.6199951171875,161.99009704589844,16904218.0
2025-08-06 16:30:00,162.0198974609375,163.75,160.50999450683594,163.72999572753906,12201379.0
2025-08-06 17:30:00,163.72900390625,164.8000030517578,162.62010192871094,164.73500061035156,9840269.0
2025-08-06 18:30:00,164.73550415039062,165.3000030517578,162.6999969482422,162.92999267578125,11054981.0
2025-08-06 19:30:00,162.9499969482422,163.6199951171875,162.56100463867188,163.10000610351562,6903790.0
2025-08-07 13:30:00,166.8350067138672,172.67999267578125,166.7100067138672,171.83990478515625,32950325.0
2025-08-07 14:30:00,171.8300018310547,175.75,170.75,173.85000610351562,18518460.0
2025-08-07 15:30:00,173.8699951171875,174.24969482421875,172.77999877929688,173.52999877929688,10497151.0
2025-08-07 16:30:00,173.50999450683594,173.5399932861328,163.1199951171875,171.5,10621653.0
2025-08-07 17:30:00,171.47999572753906,171.85000610351562,170.1199951171875,171.11000061035156,6526993.0
2025-08-07 18:30:00,171.11000061035156,172.37930297851562,170.8699951171875,171.35000610351562,5714940.0
2025-08-07 19:30:00,171.41000366210938,172.63999938964844,171.22999572753906,172.39999389648438,5851130.0
2025-08-08 13:30:00,174.05499267578125,176.47999572753906,172.75,173.36419677734375,22342197.0
2025-08-08 14:30:00,173.36000061035156,173.85989379882812,172.44000244140625,173.10000610351562,9143906.0
2025-08-08 15:30:00,173.07000732421875,174.33999633789062,171.51010131835938,173.13999938964844,9283657.0
2025-08-08 16:30:00,173.14999389648438,173.17999267578125,170.92999267578125,171.03500366210938,7264163.0
2025-08-08 17:30:00,171.02310180664062,171.74000549316406,170.52000427246094,171.08999633789062,5520766.0
2025-08-08 18:30:00,171.10000610351562,172.5,171.0,172.32000732421875,6628678.0
2025-08-08 19:30:00,172.3000030517578,172.83999633789062,171.47000122070312,172.77999877929688,5376230.0
2025-08-11 13:30:00,170.02999877929688,177.7344970703125,169.59939575195312,177.6199951171875,22871716.0
2025-08-11 14:30:00,177.60000610351562,178.82000732421875,176.55999755859375,177.2198944091797,13931324.0
2025-08-11 15:30:00,177.19000244140625,178.1295928955078,175.1699981689453,175.3800048828125,7201138.0
2025-08-11 16:30:00,175.3699951171875,175.85989379882812,174.13999938964844,174.41000366210938,6318056.0
2025-08-11 17:30:00,174.39999389648438,174.59930419921875,173.2100067138672,173.74000549316406,5699953.0
2025-08-11 18:30:00,173.75,174.09970092773438,172.54010009765625,173.1300048828125,6854913.0
2025-08-11 19:30:00,173.1199951171875,173.28860473632812,171.88999938964844,172.32000732421875,4301341.0
2025-08-12 13:30:00,173.32000732421875,173.35000610351562,168.5,172.3300018310547,19893048.0
2025-08-12 14:30:00,172.3300018310547,174.27000427246094,171.77000427246094,173.59500122070312,8348543.0
2025-08-12 15:30:00,173.61000061035156,174.30999755859375,172.41000366210938,173.77999877929688,5519544.0
2025-08-12 16:30:00,173.78140258789062,173.97999572753906,172.8300018310547,173.77650451660156,3818650.0
2025-08-12 17:30:00,173.7899932861328,174.5,173.5,174.0800018310547,3492352.0
2025-08-12 18:30:00,174.0850067138672,174.23989868164062,173.58999633789062,173.9600067138672,2805501.0
2025-08-12 19:30:00,173.9600067138672,175.16000366210938,173.9499969482422,174.9199981689453,4325982.0
2025-08-13 13:30:00,180.0,186.64999389648438,179.9510040283203,184.89999389648438,40222409.0
2025-08-13 14:30:00,184.89500427246094,185.5500030517578,179.3800048828125,181.48500061035156,20071781.0
2025-08-13 15:30:00,181.48500061035156,184.53990173339844,181.27000427246094,184.02999877929688,12652609.0
2025-08-13 16:30:00,184.04330444335938,185.44000244140625,183.3000030517578,184.99339294433594,8314043.0
2025-08-13 17:30:00,184.9600067138672,184.99989318847656,183.0399932861328,183.2100067138672,7533057.0
2025-08-13 18:30:00,183.2100067138672,184.97000122070312,183.10000610351562,183.97999572753906,7798436.0
2025-08-13 19:30:00,183.960205078125,184.97000122070312,183.22999572753906,184.39999389648438,6156284.0
2025-08-14 13:30:00,179.8300018310547,185.44000244140625,179.63999938964844,181.09500122070312,27124423.0
2025-08-14 14:30:00,181.09500122070312,182.89999389648438,179.55999755859375,180.30999755859375,11129712.0
2025-08-14 15:30:00,180.30799865722656,181.0850067138672,179.74000549316406,180.25999450683594,5868843.0
2025-08-14 16:30:00,180.28500366210938,181.96560668945312,180.25010681152344,180.61549377441406,5205117.0
2025-08-14 17:30:00,180.61239624023438,181.3000030517578,180.55999755859375,180.6031951904297,3718525.0
2025-08-14 18:30:00,180.57000732421875,180.97999572753906,180.10000610351562,180.63999938964844,4834207.0
2025-08-14 19:30:00,180.63999938964844,181.5399932861328,180.38900756835938,180.92999267578125,5311248.0
2025-08-15 13:30:00,179.72999572753906,180.0,176.9149932861328,177.56399536132812,17234450.0
2025-08-15 14:30:00,177.5800018310547,177.7100067138672,176.25,177.30999755859375,8511811.0
2025-08-15 15:30:00,177.35000610351562,177.75880432128906,176.50999450683594,176.9199981689453,4498614.0
2025-08-15 16:30:00,176.94000244140625,177.51010131835938,176.66000366210938,177.4792938232422,2896580.0
2025-08-15 17:30:00,177.47000122070312,178.1300048828125,177.3000030517578,177.8300018310547,3045584.0
2025-08-15 18:30:00,177.8000030517578,177.9199981689453,176.82000732421875,177.74600219726562,5531482.0
2025-08-15 19:30:00,177.75999450683594,178.0800018310547,177.5,177.50999450683594,3652296.0
2025-08-18 13:30:00,176.7550048828125,178.79530334472656,175.72999572753906,176.10000610351562,12357857.0
2025-08-18 14:30:00,176.10000610351562,176.1999969482422,174.36000061035156,175.10499572753906,7347789.0
2025-08-18 15:30:00,175.0800018310547,176.0500030517578,174.93499755859375,175.71499633789062,3620686.0
2025-08-18 16:30:00,175.71499633789062,175.79989624023438,175.0,175.55740356445312,2777369.0
2025-08-18 17:30:00,175.5399932861328,176.2899932861328,175.4199981689453,176.25999450683594,2547017.0
2025-08-18 18:30:00,176.25,176.4600067138672,175.72999572753906,176.0050048828125,2794055.0
2025-08-18 19:30:00,176.0050048828125,176.2949981689453,175.80499267578125,176.10899353027344,2392202.0
2025-08-19 13:30:00,173.10000610351562,173.1699981689453,168.22000122070312,168.25,20623988.0
2025-08-19 14:30:00,168.27439880371094,169.60000610351562,167.19000244140625,169.37139892578125,11774327.0
2025-08-19 15:30:00,169.41000366210938,169.72970581054688,168.22000122070312,168.49679565429688,5693247.0
2025-08-19 16:30:00,168.5,168.54989624023438,166.4499969482422,167.22000122070312,8050923.0
2025-08-19 17:30:00,167.2100067138672,167.8000030517578,166.97999572753906,167.4499969482422,4516205.0
2025-08-19 18:30:00,167.4600067138672,167.52499389648438,166.24000549316406,166.6300048828125,4639837.0
2025-08-19 19:30:00,166.6199951171875,167.0850067138672,166.10000610351562,166.55999755859375,4996274.0
2025-08-20 13:30:00,164.10000610351562,166.64990234375,159.13999938964844,160.01980590820312,21115754.0
2025-08-20 14:30:00,160.02000427246094,163.05999755859375,158.25,163.00320434570312,11238395.0
2025-08-20 15:30:00,162.97999572753906,163.9499969482422,161.93499755859375,163.77499389648438,8456051.0
2025-08-20 16:30:00,163.77499389648438,163.78970336914062,162.72000122070312,163.39999389648438,3403381.0
2025-08-20 17:30:00,163.4199981689453,164.39999389648438,162.6300048828125,162.99940490722656,3729860.0
2025-08-20 18:30:00,162.97000122070312,164.8800048828125,162.8800048828125,164.47000122070312,3474648.0
2025-08-20 19:30:00,164.4250030517578,165.42999267578125,164.3000946044922,165.1999969482422,5500120.0
2025-08-21 13:30:00,165.8300018310547,165.87989807128906,162.25579833984375,165.17999267578125,12899254.0
2025-08-21 14:30:00,165.16000366210938,165.22999572753906,163.72000122070312,164.55999755859375,5676211.0
2025-08-21 15:30:00,164.5399932861328,164.94000244140625,162.97000122070312,163.16000366210938,4413594.0
2025-08-21 16:30:00,163.1649932861328,163.74000549316406,162.85000610351562,163.1999969482422,2644516.0
2025-08-21 17:30:00,163.21119689941406,164.0399932861328,163.18499755859375,163.88619995117188,2605732.0
2025-08-21 18:30:00,163.89999389648438,164.3300018310547,163.42010498046875,163.99020385742188,2635368.0
2025-08-21 19:30:00,164.0050048828125,164.0050048828125,163.52000427246094,163.63999938964844,2615263.0
2025-08-22 13:30:00,162.19500732421875,167.8885040283203,161.8101043701172,166.57000732421875,15200175.0
2025-08-22 14:30:00,166.60499572753906,168.52999877929688,166.57000732421875,167.77679443359375,7752051.0
2025-08-22 15:30:00,167.77000427246094,168.30999755859375,166.64500427246094,167.0,5340053.0
2025-08-22 16:30:00,167.0,168.0500030517578,167.0,167.80999755859375,3089180.0
2025-08-22 17:30:00,167.8000030517578,168.44000244140625,167.3000030517578,167.6999969482422,2857015.0
2025-08-22 18:30:00,167.72799682617188,167.92999267578125,167.02000427246094,167.30999755859375,2766917.0
2025-08-22 19:30:00,167.3000030517578,167.875,166.8000030517578,167.77000427246094,3743794.0
2025-08-25 13:30:00,165.57000732421875,165.58999633789062,161.72999572753906,163.93499755859375,15384954.0
2025-08-25 14:30:00,163.88999938964844,164.77999877929688,163.6300048828125,164.64010620117188,4849760.0
2025-08-25 15:30:00,164.6562042236328,164.86000061035156,163.85000610351562,164.07000732421875,3297867.0
2025-08-25 16:30:00,164.0800018310547,164.1699981689453,163.24000549316406,163.91000366210938,3023805.0
2025-08-25 17:30:00,163.9149932861328,163.96499633789062,163.25,163.89999389648438,2548529.0
2025-08-25 18:30:00,163.89500427246094,164.0500030517578,163.6199951171875,163.99000549316406,2150379.0
2025-08-25 19:30:00,163.99000549316406,164.11700439453125,163.14999389648438,163.35000610351562,3139757.0
2025-08-26 13:30:00,168.63999938964844,169.77000427246094,164.91000366210938,167.42999267578125,22546690.0
2025-08-26 14:30:00,167.4199981689453,167.50999450683594,165.11000061035156,165.22999572753906,7515890.0
2025-08-26 15:30:00,165.21499633789062,166.17999267578125,165.12010192871094,166.07000732421875,4814011.0
2025-08-26 16:30:00,166.0959930419922,166.8300018310547,165.83999633789062,166.7884063720703,3439736.0
2025-08-26 17:30:00,166.8000030517578,166.889892578125,165.7689971923828,166.5,3036014.0
2025-08-26 18:30:00,166.5,166.66000366210938,166.0,166.47999572753906,2666904.0
2025-08-26 19:30:00,166.47000122070312,166.8000030517578,165.97999572753906,166.6199951171875,3834160.0
2025-08-27 13:30:00,166.0399932861328,166.3800048828125,164.64999389648438,165.7899932861328,8759146.0
2025-08-27 14:30:00,165.7899932861328,166.33999633789062,165.4499969482422,165.94000244140625,3562820.0
2025-08-27 15:30:00,165.92999267578125,166.85000610351562,165.75,165.927001953125,3193348.0
2025-08-27 16:30:00,165.92999267578125,167.67999267578125,165.87010192871094,167.33999633789062,3852020.0
2025-08-27 17:30:00,167.35000610351562,167.47999572753906,166.52000427246094,167.0,2581020.0
2025-08-27 18:30:00,166.9949951171875,167.0399932861328,165.99000549316406,166.8656005859375,7072740.0
2025-08-27 19:30:00,166.86000061035156,167.39999389648438,166.85000610351562,167.10000610351562,3391370.0
2025-08-28 13:30:00,168.60000610351562,170.99000549316406,166.91000366210938,167.5800018310547,14408965.0
2025-08-28 14:30:00,167.5800018310547,168.69000244140625,166.92999267578125,167.11000061035156,6515198.0
2025-08-28 15:30:00,167.12229919433594,167.80999755859375,166.77999877929688,167.6302947998047,3211144.0
2025-08-28 16:30:00,167.63999938964844,167.91000366210938,167.01840209960938,167.77000427246094,2129687.0
2025-08-28 17:30:00,167.7899932861328,168.52999877929688,167.4884033203125,168.39500427246094,2209680.0
2025-08-28 18:30:00,168.39999389648438,168.89999389648438,168.17999267578125,168.77999877929688,2364451.0
2025-08-28 19:30:00,168.75999450683594,169.0800018310547,168.2899932861328,168.52000427246094,2627121.0
2025-08-29 13:30:00,166.80999755859375,168.5500030517578,161.89999389648438,163.42999267578125,14063927.0
2025-08-29 14:30:00,163.41000366210938,163.8699951171875,162.50999450683594,163.6300048828125,4687856.0
2025-08-29 15:30:00,163.66990661621094,163.78500366210938,162.82000732421875,163.0500030517578,2972724.0
2025-08-29 16:30:00,163.05999755859375,163.4499969482422,162.2209930419922,162.8350067138672,2585084.0
2025-08-29 17:30:00,162.8300018310547,163.3000030517578,162.50999450683594,162.6300048828125,2118664.0
2025-08-29 18:30:00,162.63499450683594,163.47000122070312,162.61000061035156,163.14999389648438,2515573.0
2025-08-29 19:30:00,163.16000366210938,163.1649932861328,162.1300048828125,162.67999267578125,4577417.0
2025-09-02 13:30:00,158.05499267578125,161.95989990234375,156.6199951171875,161.8531951904297,14904403.0
2025-09-02 14:30:00,161.8300018310547,161.86940002441406,159.69000244140625,160.80999755859375,5381161.0
2025-09-02 15:30:00,160.80999755859375,160.90609741210938,159.05999755859375,159.2899932861328,4349356.0
2025-09-02 16:30:00,159.3000030517578,160.5050048828125,159.3000030517578,160.27999877929688,2769192.0
2025-09-02 17:30:00,160.26499938964844,160.74249267578125,159.97999572753906,160.1269989013672,2823086.0
2025-09-02 18:30:00,160.1199951171875,161.539794921875,160.11000061035156,161.36000061035156,2601205.0
2025-09-02 19:30:00,161.35000610351562,162.3916015625,161.25100708007812,162.35000610351562,3529407.0
2025-09-03 13:30:00,161.77999877929688,163.64999389648438,160.5800018310547,162.64999389648438,8471711.0
2025-09-03 14:30:00,162.6699981689453,163.67970275878906,160.9600067138672,161.07000732421875,5390942.0
2025-09-03 15:30:00,161.0399932861328,162.2252960205078,160.72999572753906,161.7899932861328,4193229.0
2025-09-03 16:30:00,161.80999755859375,161.89990234375,161.3300018310547,161.52999877929688,2666457.0
2025-09-03 17:30:00,161.50999450683594,161.92999267578125,160.82000732421875,161.02720642089844,2137620.0
2025-09-03 18:30:00,161.00999450683594,161.4600067138672,160.6226043701172,161.0399932861328,2188495.0
2025-09-03 19:30:00,161.02999877929688,164.75,161.02499389648438,162.1199951171875,2900107.0
2025-09-04 13:30:00,159.93499755859375,160.3800048828125,157.7899932861328,159.7100067138672,12406470.0
2025-09-04 14:30:00,159.73089599609375,160.6999053955078,159.33999633789062,160.40679931640625,4408514.0
2025-09-04 15:30:00,160.41000366210938,160.46009826660156,159.7126007080078,160.38999938964844,2569581.0
2025-09-04 16:30:00,160.39999389648438,160.8800048828125,160.25,160.6999969482422,1871867.0
2025-09-04 17:30:00,160.7100067138672,161.36000061035156,160.57000732421875,160.65499877929688,2425016.0
2025-09-04 18:30:00,160.63999938964844,161.8498992919922,160.6199951171875,161.79629516601562,2409140.0
2025-09-04 19:30:00,161.7899932861328,162.0500030517578,161.38999938964844,161.7899932861328,2969686.0
2025-09-05 13:30:00,157.1199951171875,157.1300048828125,150.2899932861328,150.52999877929688,30292225.0
2025-09-05 14:30:00,150.4550018310547,151.8800048828125,150.17999267578125,151.7100067138672,11589162.0
2025-09-05 15:30:00,151.72000122070312,153.37989807128906,151.32000732421875,152.43299865722656,7261548.0
2025-09-05 16:30:00,152.4600067138672,153.1999969482422,151.92999267578125,151.97999572753906,4614793.0
2025-09-05 17:30:00,151.97999572753906,152.6199951171875,150.8000030517578,152.07000732421875,6065307.0
2025-09-05 18:30:00,152.0749969482422,153.16000366210938,151.50999450683594,152.47999572753906,5817649.0
2025-09-05 19:30:00,152.47999572753906,152.52999877929688,150.61000061035156,151.1199951171875,8850118.0
2025-09-08 13:30:00,151.8000030517578,152.5500030517578,149.22000122070312,151.5050048828125,16327136.0
2025-09-08 14:30:00,151.50680541992188,152.6387939453125,151.27999877929688,152.27479553222656,7516230.0
2025-09-08 15:30:00,152.25999450683594,152.32989501953125,150.94000244140625,151.2100067138672,3457432.0
2025-09-08 16:30:00,151.2050018310547,151.37899780273438,150.38999938964844,150.5500030517578,3526284.0
2025-09-08 17:30:00,150.57000732421875,151.61000061035156,150.5500030517578,151.25999450683594,2970188.0
2025-09-08 18:30:00,151.25100708007812,151.61500549316406,151.0800018310547,151.2899932861328,2339652.0
2025-09-08 19:30:00,151.3000030517578,151.80999755859375,151.11000061035156,151.3699951171875,3219675.0
2025-09-09 13:30:00,152.03500366210938,154.3699951171875,151.9499969482422,153.8968048095703,14439437.0
2025-09-09 14:30:00,153.8800048828125,154.25,152.88999938964844,153.52000427246094,5748080.0
2025-09-09 15:30:00,153.5,154.5800018310547,153.0,154.30999755859375,4242424.0
2025-09-09 16:30:00,154.30499267578125,154.6999969482422,153.5500030517578,154.22999572753906,3054464.0
2025-09-09 17:30:00,154.22999572753906,155.4499053955078,154.2100067138672,155.35000610351562,3672902.0
2025-09-09 18:30:00,155.35000610351562,155.6654052734375,154.9149932861328,155.2949981689453,3570160.0
2025-09-09 19:30:00,155.30380249023438,156.0399932861328,155.1999969482422,155.8300018310547,3932659.0
2025-09-10 13:30:00,163.6199951171875,164.52499389648438,158.9199981689453,161.27999877929688,20018449.0
2025-09-10 14:30:00,161.27499389648438,162.3000030517578,160.89999389648438,161.4600067138672,6382346.0
2025-09-10 15:30:00,161.47500610351562,161.79989624023438,160.52000427246094,160.52999877929688,4036975.0
2025-09-10 16:30:00,160.52000427246094,160.99000549316406,160.05999755859375,160.74000549316406,2897819.0
2025-09-10 17:30:00,160.73500061035156,161.3800048828125,158.60009765625,158.7115936279297,5020984.0
2025-09-10 18:30:00,158.6999969482422,159.06500244140625,158.0,158.44000244140625,6441052.0
2025-09-10 19:30:00,158.4499969482422,159.8300018310547,158.44009399414062,159.5399932861328,3764517.0
2025-09-11 13:30:00,158.4510040283203,160.2100067138672,155.5500030517578,156.05499267578125,14582918.0
2025-09-11 14:30:00,156.0399932861328,156.58999633789062,155.05999755859375,155.57000732421875,8012423.0
2025-09-11 15:30:00,155.55999755859375,156.3000030517578,154.99000549316406,156.2301025390625,6352020.0
2025-09-11 16:30:00,156.24000549316406,156.44900512695312,155.64999389648438,156.22300720214844,3349528.0
2025-09-11 17:30:00,156.22000122070312,156.32000732421875,155.39999389648438,155.44000244140625,6290955.0
2025-09-11 18:30:00,155.44000244140625,156.4499969482422,155.4199981689453,156.22000122070312,3473988.0
2025-09-11 19:30:00,156.22999572753906,156.39999389648438,155.5800018310547,155.61000061035156,4002187.0
2025-09-12 13:30:00,157.05999755859375,157.66000366210938,154.9199981689453,156.05999755859375,9258935.0
2025-09-12 14:30:00,156.05999755859375,158.2449951171875,155.58999633789062,157.73500061035156,8344164.0
2025-09-12 15:30:00,157.74989318847656,160.41000366210938,157.41000366210938,160.0800018310547,7541283.0
2025-09-12 16:30:00,160.05499267578125,160.39999389648438,158.8699951171875,159.11270141601562,4897817.0
2025-09-12 17:30:00,159.11300659179688,159.28500366210938,158.17999267578125,158.2899932861328,3092814.0
2025-09-12 18:30:00,158.2899932861328,158.89999389648438,158.14999389648438,158.41000366210938,2974814.0
2025-09-12 19:30:00,158.41000366210938,158.97999572753906,157.8800048828125,158.47000122070312,3668007.0
2025-09-15 13:30:00,160.00999450683594,160.02999877929688,157.6011962890625,158.55999755859375,10325061.0
2025-09-15 14:30:00,158.55499267578125,160.69000244140625,158.30999755859375,160.26499938964844,6974014.0
2025-09-15 15:30:00,160.25,161.10000610351562,159.47000122070312,159.6396026611328,4396978.0
2025-09-15 16:30:00,159.62730407714844,160.66000366210938,159.58999633789062,160.02000427246094,2360986.0
2025-09-15 17:30:00,160.02000427246094,160.7899932861328,159.57000732421875,160.4199981689453,2446641.0
2025-09-15 18:30:00,160.4499969482422,161.32000732421875,160.43499755859375,160.8000030517578,3393977.0
2025-09-15 19:30:00,160.8000030517578,161.39999389648438,160.47999572753906,161.17999267578125,3594525.0
2025-09-16 13:30:00,161.0,161.61000061035156,159.54010009765625,161.08999633789062,7028333.0
2025-09-16 14:30:00,161.0998992919922,161.19000244140625,159.8300018310547,160.02999877929688,2545289.0
2025-09-16 15:30:00,160.02999877929688,160.30999755859375,159.22000122070312,160.27999877929688,2184548.0
2025-09-16 16:30:00,160.27859497070312,160.52000427246094,159.74639892578125,159.99000549316406,1449456.0
2025-09-16 17:30:00,159.99639892578125,160.52609252929688,159.94009399414062,160.28500366210938,1133053.0
2025-09-16 18:30:00,160.27999877929688,161.05990600585938,160.21009826660156,160.4199981689453,1593485.0
2025-09-16 19:30:00,160.4199981689453,160.68499755859375,160.17999267578125,160.4510040283203,1747892.0
2025-09-17 13:30:00,159.27999877929688,161.6226043701172,158.5948028564453,160.2899932861328,10910068.0
2025-09-17 14:30:00,160.2949981689453,160.36959838867188,158.5399932861328,159.6027069091797,4290919.0
2025-09-17 15:30:00,159.61000061035156,160.14990234375,158.60000610351562,159.03399658203125,2980311.0
2025-09-17 16:30:00,159.0500030517578,159.07000732421875,157.85360717773438,158.389892578125,3019546.0
2025-09-17 17:30:00,158.38999938964844,159.97999572753906,155.75999450683594,157.9615020751953,6131059.0
2025-09-17 18:30:00,157.99000549316406,159.9499969482422,155.93499755859375,159.66510009765625,6756750.0
2025-09-17 19:30:00,159.64999389648438,160.0,158.8699951171875,159.08999633789062,3260549.0
2025-09-18 13:30:00,150.82000732421875,154.8798065185547,149.85000610351562,154.63999938964844,37817118.0
2025-09-18 14:30:00,154.64500427246094,155.46499633789062,153.95660400390625,154.47500610351562,9452296.0
2025-09-18 15:30:00,154.47000122070312,155.19000244140625,154.0,154.7050018310547,5947383.0
2025-09-18 16:30:00,154.7100067138672,156.19000244140625,154.52999877929688,155.72999572753906,4875142.0
2025-09-18 17:30:00,155.73989868164062,157.85000610351562,154.93499755859375,157.78500366210938,7265600.0
2025-09-18 18:30:00,157.7991943359375,158.7698974609375,157.05999755859375,158.14999389648438,7502585.0
2025-09-18 19:30:00,158.1199951171875,158.63999938964844,157.4499969482422,157.87100219726562,5770932.0
2025-09-19 13:30:00,157.3800048828125,159.27999877929688,156.14999389648438,158.8350067138672,13925694.0
2025-09-19 14:30:00,158.80999755859375,159.83999633789062,157.08999633789062,157.14999389648438,8486339.0
2025-09-19 15:30:00,157.13999938964844,157.61500549316406,155.89999389648438,157.61500549316406,5749180.0
2025-09-19 16:30:00,157.610107421875,157.64959716796875,156.6300048828125,156.77870178222656,2891809.0
2025-09-19 17:30:00,156.77000427246094,157.00999450683594,156.3300018310547,156.5050048828125,2215682.0
2025-09-19 18:30:00,156.50999450683594,156.89990234375,156.44000244140625,156.67999267578125,2675729.0
2025-09-19 19:30:00,156.6750030517578,157.57000732421875,156.33999633789062,157.41000366210938,4318915.0
2025-09-22 13:30:00,157.44000244140625,161.7550048828125,157.4199981689453,161.28700256347656,14015391.0
2025-09-22 14:30:00,161.2899932861328,162.0800018310547,160.4600067138672,161.49000549316406,5426871.0
2025-09-22 15:30:00,161.4949951171875,162.67300415039062,159.60000610351562,160.14999389648438,8535666.0
2025-09-22 16:30:00,160.1300048828125,162.25,159.9600067138672,161.23809814453125,5167700.0
2025-09-22 17:30:00,161.24000549316406,161.4799041748047,160.06149291992188,160.55859375,2733749.0
2025-09-22 18:30:00,160.54519653320312,160.5800018310547,159.89999389648438,160.26499938964844,2516731.0
2025-09-22 19:30:00,160.264404296875,160.264404296875,159.6999969482422,159.72000122070312,2864843.0
2025-09-23 13:30:00,160.52999877929688,162.6300048828125,159.8000030517578,161.125,7966080.0
2025-09-23 14:30:00,161.17990112304688,162.3800048828125,161.10000610351562,161.93499755859375,3764323.0
2025-09-23 15:30:00,161.94000244140625,162.4199981689453,161.64010620117188,161.70530700683594,2247870.0
2025-09-23 16:30:00,161.69000244140625,163.38999938964844,161.49000549316406,161.5449981689453,3494781.0
2025-09-23 17:30:00,161.5399932861328,161.58990478515625,159.2100067138672,160.22500610351562,12426085.0
2025-09-23 18:30:00,160.22999572753906,160.64370727539062,159.99000549316406,160.02000427246094,3055717.0
2025-09-23 19:30:00,160.00999450683594,160.92999267578125,159.6199951171875,160.91900634765625,3506801.0
2025-09-24 13:30:00,163.0,165.10000610351562,160.32000732421875,160.79859924316406,9720034.0
2025-09-24 14:30:00,160.78500366210938,161.85000610351562,160.42739868164062,161.63999938964844,4025982.0
2025-09-24 15:30:00,161.63999938964844,161.88999938964844,158.42999267578125,160.022705078125,3930281.0
2025-09-24 16:30:00,160.0,161.61000061035156,159.8240966796875,161.60989379882812,2339316.0
2025-09-24 17:30:00,161.60440063476562,161.85000610351562,161.1300048828125,161.47999572753906,2217800.0
2025-09-24 18:30:00,161.5,161.9600067138672,160.91000366210938,160.9600067138672,2133400.0
2025-09-24 19:30:00,160.97999572753906,161.11000061035156,160.36000061035156,160.8699951171875,11910308.0
2025-09-25 13:30:00,157.17999267578125,158.8300018310547,154.77980041503906,158.5,8053858.0
2025-09-25 14:30:00,158.50010681152344,159.07000732421875,157.89999389648438,158.44000244140625,3137844.0
2025-09-25 15:30:00,158.43499755859375,160.4499969482422,158.41000366210938,159.9199981689453,2923651.0
2025-09-25 16:30:00,159.92999267578125,161.4199981689453,159.91000366210938,160.60000610351562,3173935.0
2025-09-25 17:30:00,160.59100341796875,160.6999969482422,158.6300048828125,160.25999450683594,2859162.0
2025-09-25 18:30:00,160.25999450683594,161.35000610351562,160.10150146484375,160.91000366210938,2108759.0
2025-09-25 19:30:00,160.9199981689453,161.6300048828125,160.91000366210938,161.27999877929688,1953821.0
2025-09-26 13:30:00,161.0,162.11000061035156,158.2949981689453,158.58999633789062,5754597.0
2025-09-26 14:30:00,158.5800018310547,159.16990661621094,157.0500030517578,157.9246063232422,4491468.0
2025-09-26 15:30:00,157.9250030517578,158.44000244140625,157.29029846191406,158.15499877929688,2366759.0
2025-09-26 16:30:00,158.16000366210938,159.19000244140625,157.97999572753906,158.97999572753906,2051957.0
2025-09-26 17:30:00,158.98500061035156,159.44529724121094,158.19000244140625,159.25,8036418.0
2025-09-26 18:30:00,159.25,159.61000061035156,158.9550018310547,159.12319946289062,0.0
2025-09-26 19:30:00,159.11500549316406,159.6199951171875,158.82000732421875,159.44000244140625,9534059.0
2025-09-29 13:30:00,160.5,163.54879760742188,159.89999389648438,163.25,8315431.0
2025-09-29 14:30:00,163.24000549316406,164.3000030517578,162.8800048828125,163.38999938964844,4638979.0
2025-09-29 15:30:00,163.38999938964844,163.38999938964844,161.11000061035156,162.0749969482422,3927510.0
2025-09-29 16:30:00,162.09500122070312,162.85000610351562,161.58999633789062,162.85000610351562,2406234.0
2025-09-29 17:30:00,162.83999633789062,163.3199005126953,162.57000732421875,162.64370727539062,1991584.0
2025-09-29 18:30:00,162.65499877929688,162.67999267578125,161.17999267578125,161.3249969482422,2060239.0
2025-09-29 19:30:00,161.33999633789062,161.8990020751953,161.01319885253906,161.36000061035156,1947317.0
2025-09-30 13:30:00,160.0,161.75999450683594,159.3300018310547,161.48500061035156,6632674.0
2025-09-30 14:30:00,161.4405975341797,162.27999877929688,160.4268035888672,160.8000030517578,3349886.0
2025-09-30 15:30:00,160.76510620117188,161.66510009765625,160.57000732421875,161.0673065185547,2101107.0
2025-09-30 16:30:00,161.07000732421875,161.22999572753906,159.60000610351562,159.8000030517578,1860929.0
2025-09-30 17:30:00,159.80999755859375,161.0500030517578,159.64999389648438,160.82000732421875,1852203.0
2025-09-30 18:30:00,160.82269287109375,161.0800018310547,160.2200927734375,160.7100067138672,1798264.0
2025-09-30 19:30:00,160.72000122070312,161.89999389648438,160.3300018310547,161.77999877929688,2294730.0
2025-10-01 13:30:00,161.0,163.83999633789062,160.63999938964844,163.08999633789062,7799596.0
2025-10-01 14:30:00,163.11000061035156,163.86500549316406,161.67999267578125,162.24000549316406,3855147.0
2025-10-01 15:30:00,162.25,162.86000061035156,161.75570678710938,161.8542022705078,1957913.0
2025-10-01 16:30:00,161.8636932373047,162.25,161.50999450683594,161.6199951171875,1960959.0
2025-10-01 17:30:00,161.65069580078125,163.32000732421875,161.60000610351562,162.22509765625,10913894.0
2025-10-01 18:30:00,162.22500610351562,163.11000061035156,161.6300048828125,162.60499572753906,3975539.0
2025-10-01 19:30:00,162.6199951171875,164.17999267578125,162.5500030517578,164.0399932861328,4719817.0
2025-10-02 13:30:00,168.6300048828125,170.25999450683594,166.1199951171875,168.22500610351562,21188833.0
2025-10-02 14:30:00,168.22500610351562,169.2397003173828,167.44000244140625,168.41000366210938,6780591.0
2025-10-02 15:30:00,168.39999389648438,171.0590057373047,168.2100067138672,170.39999389648438,9156238.0
2025-10-02 16:30:00,170.40170288085938,170.9499969482422,169.84519958496094,170.39830017089844,4177647.0
2025-10-02 17:30:00,170.3800048828125,170.69000244140625,169.3000030517578,169.82000732421875,3363086.0
2025-10-02 18:30:00,169.82000732421875,170.58099365234375,169.52999877929688,170.57220458984375,3656035.0
2025-10-02 19:30:00,170.57000732421875,170.77999877929688,169.58999633789062,169.72999572753906,3863187.0
2025-10-03 13:30:00,170.67999267578125,170.67999267578125,167.89999389648438,168.0500030517578,11062729.0
2025-10-03 14:30:00,168.0449981689453,168.72000122070312,167.35000610351562,168.60000610351562,5650031.0
2025-10-03 15:30:00,168.60000610351562,168.9499969482422,168.0800018310547,168.5800018310547,2358551.0
2025-10-03 16:30:00,168.57000732421875,168.63999938964844,165.63499450683594,165.8000030517578,5036596.0
2025-10-03 17:30:00,165.8000030517578,166.35000610351562,163.13999938964844,164.810302734375,6307309.0
2025-10-03 18:30:00,164.83999633789062,165.13999938964844,164.05999755859375,164.77499389648438,4887852.0
2025-10-03 19:30:00,164.77999877929688,165.0500030517578,164.36500549316406,164.63999938964844,3492818.0
2025-10-06 13:30:00,226.32000732421875,226.55999755859375,205.74380493164062,210.75509643554688,130475047.0
2025-10-06 14:30:00,210.75999450683594,213.58999633789062,206.38999938964844,208.65989685058594,32896476.0
2025-10-06 15:30:00,208.6199951171875,213.44000244140625,208.47999572753906,211.07000732421875,20165618.0
2025-10-06 16:30:00,211.07000732421875,211.35000610351562,208.0500030517578,209.89999389648438,15100779.0
2025-10-06 17:30:00,209.89999389648438,210.25999450683594,205.27999877929688,207.03250122070312,14158303.0
2025-10-06 18:30:00,207.01649475097656,207.4499969482422,204.57000732421875,205.67999267578125,14077177.0
2025-10-06 19:30:00,205.69500732421875,206.3699951171875,203.00999450683594,203.63999938964844,11647657.0
2025-10-07 13:30:00,214.85000610351562,218.89999389648438,213.3000030517578,214.23500061035156,45804352.0
2025-10-07 14:30:00,214.1999969482422,216.1898956298828,209.8699951171875,211.4199981689453,23423691.0
2025-10-07 15:30:00,211.44000244140625,213.25,209.27999877929688,212.49099731445312,12904118.0
2025-10-07 16:30:00,212.49000549316406,214.1750030517578,210.0500030517578,210.9600067138672,9268374.0
2025-10-07 17:30:00,210.91000366210938,211.44000244140625,209.6199951171875,210.30810546875,6850539.0
2025-10-07 18:30:00,210.30999755859375,211.3000030517578,210.14999389648438,211.0800018310547,5933164.0
2025-10-07 19:30:00,211.05999755859375,213.25,211.00010681152344,211.49000549316406,7415497.0
2025-10-08 13:30:00,212.9499969482422,223.63999938964844,210.69500732421875,220.3260955810547,38163713.0
2025-10-08 14:30:00,220.3300018310547,224.99000549316406,220.22999572753906,224.22740173339844,18794767.0
2025-10-08 15:30:00,224.22000122070312,224.67999267578125,222.6699981689453,223.27999877929688,9242717.0
2025-10-08 16:30:00,223.2949981689453,229.54989624023438,223.07000732421875,229.22459411621094,18936017.0
2025-10-08 17:30:00,229.24000549316406,234.83999633789062,228.61000061035156,231.9700927734375,29701509.0
2025-10-08 18:30:00,232.02999877929688,233.5,229.8800048828125,233.1199951171875,20320461.0
2025-10-08 19:30:00,233.10000610351562,235.8699951171875,232.7100067138672,235.39999389648438,15103051.0
2025-10-09 13:30:00,236.0749969482422,239.38999938964844,234.55999755859375,235.74000549316406,35974153.0
2025-10-09 14:30:00,234.8800048828125,235.67999267578125,233.0800018310547,233.15289306640625,14468743.0
2025-10-09 15:30:00,232.79379272460938,234.55999755859375,232.25,233.1750030517578,9461264.0
2025-10-09 16:30:00,232.9521942138672,233.22999572753906,229.74000549316406,229.80320739746094,9485486.0
2025-10-09 17:30:00,230.2949981689453,232.72999572753906,229.8800048828125,232.57000732421875,8904215.0
2025-10-09 18:30:00,232.3300018310547,232.389892578125,230.68499755859375,232.3114013671875,7453740.0
2025-10-09 19:30:00,232.32000732421875,233.23500061035156,231.9300994873047,232.80999755859375,4931906.0
2025-10-10 13:30:00,233.25,233.49000549316406,227.04010009765625,228.47999572753906,21863577.0
2025-10-10 14:30:00,228.52000427246094,228.52000427246094,216.1999969482422,217.9199981689453,25491433.0
2025-10-10 15:30:00,216.83999633789062,220.8699951171875,214.59800720214844,219.66000366210938,21963859.0
2025-10-10 16:30:00,219.625,220.32000732421875,217.21530151367188,220.1699981689453,9936060.0
2025-10-10 17:30:00,220.1999969482422,221.1999969482422,219.1300048828125,219.6569061279297,8379225.0
2025-10-10 18:30:00,219.69000244140625,220.1938934326172,215.97999572753906,217.0500946044922,9391902.0
2025-10-10 19:30:00,217.0800018310547,217.3845977783203,214.5,214.61000061035156,10543681.0
2025-10-13 13:30:00,220.14500427246094,224.1898956298828,218.0800018310547,219.64999389648438,21969347.0
2025-10-13 14:30:00,219.65499877929688,219.95989990234375,216.94000244140625,218.47909545898438,9583742.0
2025-10-13 15:30:00,218.49000549316406,219.7899932861328,218.0500030517578,219.3809051513672,4898182.0
2025-10-13 16:30:00,219.38999938964844,219.69000244140625,216.4199981689453,216.5500030517578,6140516.0
2025-10-13 17:30:00,216.5771942138672,217.1999969482422,216.02999877929688,217.0850067138672,4505961.0
2025-10-13 18:30:00,217.10000610351562,217.23989868164062,214.89999389648438,215.66000366210938,6162661.0
2025-10-13 19:30:00,215.6199951171875,216.57000732421875,215.5178985595703,216.41000366210938,4364174.0
2025-10-14 13:30:00,219.2899932861328,222.0,215.91000366210938,221.09500122070312,26550705.0
2025-10-14 14:30:00,221.10000610351562,222.1199951171875,218.14999389648438,219.41000366210938,10008267.0
2025-10-14 15:30:00,219.414794921875,223.6699981689453,219.1999969482422,223.610107421875,8080203.0
2025-10-14 16:30:00,223.61000061035156,224.97999572753906,222.64999389648438,224.5749969482422,7160190.0
2025-10-14 17:30:00,224.61000061035156,224.83999633789062,222.9300994873047,222.9600067138672,3969399.0
2025-10-14 18:30:00,222.99090576171875,223.42999267578125,222.1199951171875,222.697998046875,3925179.0
2025-10-14 19:30:00,222.75,222.75,217.82000732421875,218.02000427246094,7396966.0
2025-10-15 13:30:00,222.61000061035156,234.5,220.77499389648438,233.764892578125,28297382.0
2025-10-15 14:30:00,233.8000030517578,238.89999389648438,233.0399932861328,237.50770568847656,21639285.0
2025-10-15 15:30:00,237.52999877929688,237.75,232.8000030517578,235.75,14807316.0
2025-10-15 16:30:00,235.7449951171875,235.75,230.3300018310547,231.7899932861328,9870524.0
2025-10-15 17:30:00,231.7550048828125,236.1699981689453,231.51210021972656,235.17999267578125,8424338.0
2025-10-15 18:30:00,235.17999267578125,239.24000549316406,235.1300048828125,238.125,11335239.0
2025-10-15 19:30:00,238.14999389648438,238.97000122070312,236.91000366210938,238.61000061035156,8091452.0
2025-10-16 13:30:00,236.19500732421875,241.1999969482422,235.02999877929688,238.2899932861328,24113346.0
2025-10-16 14:30:00,238.27999877929688,239.85000610351562,236.19000244140625,236.9600067138672,9005762.0
2025-10-16 15:30:00,236.8300018310547,238.72999572753906,235.74000549316406,236.5749969482422,6644080.0
2025-10-16 16:30:00,236.6199951171875,240.39999389648438,234.00010681152344,239.125,8748187.0
2025-10-16 17:30:00,239.13400268554688,239.87890625,234.7100067138672,234.7982940673828,6057406.0
2025-10-16 18:30:00,234.8000030517578,237.9499053955078,234.00999450683594,235.84500122070312,6722571.0
2025-10-16 19:30:00,235.85000610351562,236.13999938964844,233.91000366210938,234.57000732421875,4818066.0
2025-10-17 13:30:00,233.27999877929688,235.3800048828125,228.5,234.3300018310547,18374530.0
2025-10-17 14:30:00,234.39999389648438,234.46270751953125,227.91000366210938,228.9550018310547,9632965.0
2025-10-17 15:30:00,229.02999877929688,233.3300018310547,228.0449981689453,233.1699981689453,6572340.0
2025-10-17 16:30:00,233.11199951171875,233.74000549316406,231.0399932861328,231.1416015625,4332302.0
2025-10-17 17:30:00,231.13999938964844,232.67999267578125,230.32000732421875,231.97000122070312,4235841.0
2025-10-17 18:30:00,232.00450134277344,235.00999450683594,231.44000244140625,234.03370666503906,6067984.0
2025-10-17 19:30:00,234.00999450683594,234.25,232.89999389648438,233.14999389648438,3327633.0
2025-10-20 13:30:00,236.44000244140625,240.7899932861328,234.41000366210938,239.9600067138672,19027654.0
2025-10-20 14:30:00,239.9600067138672,242.86000061035156,239.89999389648438,241.25999450683594,11063080.0
2025-10-20 15:30:00,241.22999572753906,242.25999450683594,240.08999633789062,241.57589721679688,5522599.0
2025-10-20 16:30:00,241.5749969482422,242.8699951171875,241.10000610351562,241.74609375,4271444.0
2025-10-20 17:30:00,241.75,242.75,240.35000610351562,240.6125030517578,3653517.0
2025-10-20 18:30:00,240.6199951171875,242.33999633789062,240.38999938964844,240.77999877929688,4906665.0
2025-10-20 19:30:00,240.77999877929688,241.60000610351562,240.3800048828125,240.52999877929688,3997502.0
2025-10-21 13:30:00,239.38999938964844,242.25999450683594,234.60009765625,235.13999938964844,15019003.0
2025-10-21 14:30:00,235.1300048828125,237.9600067138672,234.02000427246094,237.67080688476562,8221091.0
2025-10-21 15:30:00,237.70199584960938,240.39999389648438,237.30999755859375,240.25,6266338.0
2025-10-21 16:30:00,240.25,240.88999938964844,238.3531036376953,238.85499572753906,5452633.0
2025-10-21 17:30:00,238.87469482421875,239.74989318847656,238.3000030517578,239.09500122070312,2953165.0
2025-10-21 18:30:00,239.08999633789062,239.49000549316406,238.35000610351562,238.48500061035156,3032431.0
2025-10-21 19:30:00,238.48500061035156,239.39999389648438,237.92999267578125,238.07000732421875,3206967.0
2025-10-22 13:30:00,236.71499633789062,240.1324005126953,232.8000030517578,232.91000366210938,11130170.0
2025-10-22 14:30:00,232.91000366210938,233.35000610351562,228.02000427246094,228.47000122070312,13136126.0
2025-10-22 15:30:00,228.47000122070312,230.69839477539062,227.6300048828125,228.9429931640625,6489639.0
2025-10-22 16:30:00,228.97000122070312,229.47999572753906,225.66000366210938,226.35000610351562,6638462.0
2025-10-22 17:30:00,226.3800048828125,227.8300018310547,224.8800048828125,227.0850067138672,7016669.0
2025-10-22 18:30:00,227.08999633789062,229.27999877929688,226.66000366210938,228.8249969482422,5619995.0
2025-10-22 19:30:00,228.8300018310547,230.30999755859375,228.61000061035156,230.2449951171875,4323209.0
2025-10-23 13:30:00,230.16000366210938,234.5,228.5399932861328,233.16990661621094,11805827.0
2025-10-23 14:30:00,233.1699981689453,233.85000610351562,232.0,233.18499755859375,4607145.0
2025-10-23 15:30:00,233.22999572753906,234.50999450683594,232.22000122070312,233.40499877929688,4035530.0
2025-10-23 16:30:00,233.4499053955078,234.14999389648438,232.31109619140625,233.1199951171875,2815535.0
2025-10-23 17:30:00,233.09500122070312,235.74000549316406,232.97999572753906,235.3000030517578,4161914.0
2025-10-23 18:30:00,235.3000030517578,235.89999389648438,233.6616973876953,233.66329956054688,3396744.0
2025-10-23 19:30:00,233.6699981689453,235.3300018310547,232.97999572753906,235.00999450683594,4209769.0
2025-10-24 13:30:00,243.38999938964844,251.77699279785156,241.9499969482422,249.4600067138672,26233644.0
2025-10-24 14:30:00,249.4499969482422,253.07000732421875,249.1199951171875,250.17999267578125,12364665.0
2025-10-24 15:30:00,250.19000244140625,251.44000244140625,249.35000610351562,250.47999572753906,6446138.0
2025-10-24 16:30:00,250.5699005126953,252.0500030517578,250.1699981689453,251.3000030517578,5297993.0
2025-10-24 17:30:00,251.27999877929688,251.67999267578125,250.00999450683594,250.4600067138672,4500383.0
2025-10-24 18:30:00,250.4199981689453,252.24989318847656,249.81199645996094,251.64500427246094,5713991.0
2025-10-24 19:30:00,251.64500427246094,253.38999938964844,251.5,252.9199981689453,6463477.0
2025-10-27 13:30:00,258.20001220703125,258.42999267578125,249.8000946044922,252.77850341796875,21037635.0
2025-10-27 14:30:00,252.80999755859375,258.4700012207031,251.96499633789062,254.47149658203125,16103196.0
2025-10-27 15:30:00,254.47329711914062,255.5,253.26010131835938,254.5872039794922,5614314.0
2025-10-27 16:30:00,254.59719848632812,256.6600036621094,254.25,255.63499450683594,4107416.0
2025-10-27 17:30:00,255.6699981689453,256.57000732421875,255.27000427246094,256.0799865722656,2996160.0
2025-10-27 18:30:00,256.07000732421875,257.760009765625,255.50999450683594,256.79949951171875,3950450.0
2025-10-27 19:30:00,256.79998779296875,260.4200134277344,256.6000061035156,259.760009765625,6489201.0
2025-10-28 13:30:00,259.0899963378906,264.5799865722656,258.0299987792969,262.4100036621094,15630123.0
2025-10-28 14:30:00,262.44500732421875,262.6600036621094,259.7799987792969,260.12200927734375,7383515.0
2025-10-28 15:30:00,260.0400085449219,262.8599853515625,259.32000732421875,261.8515930175781,6099853.0
2025-10-28 16:30:00,261.8500061035156,263.760009765625,261.2099914550781,261.279296875,4363740.0
2025-10-28 17:30:00,261.3299865722656,261.4338073730469,258.8699951171875,259.7799987792969,4188230.0
2025-10-28 18:30:00,259.739990234375,260.54998779296875,259.33221435546875,260.1394958496094,3316985.0
2025-10-28 19:30:00,260.135009765625,260.44989013671875,257.8800048828125,257.9700012207031,4009432.0
2025-10-29 13:30:00,264.19000244140625,267.07989501953125,263.3208923339844,264.65008544921875,13306323.0
2025-10-29 14:30:00,264.6499938964844,264.93951416015625,261.0400085449219,261.2950134277344,6335928.0
2025-10-29 15:30:00,261.2900085449219,261.6300048828125,257.4043884277344,260.3599853515625,6410465.0
2025-10-29 16:30:00,260.2900085449219,261.59991455078125,259.79998779296875,260.4599914550781,4084679.0
2025-10-29 17:30:00,260.489990234375,262.57000732421875,260.4700012207031,261.82000732421875,3354591.0
2025-10-29 18:30:00,261.8900146484375,264.8699951171875,258.0,263.9800109863281,7314630.0
2025-10-29 19:30:00,263.9599914550781,265.6000061035156,262.95001220703125,264.3399963378906,5080626.0
2025-10-30 13:30:00,259.9200134277344,263.8800048828125,257.57000732421875,258.0299987792969,9084958.0
2025-10-30 14:30:00,258.0856018066406,259.3999938964844,254.6300048828125,258.57000732421875,6165270.0
2025-10-30 15:30:00,258.5299987792969,261.4700012207031,256.970703125,261.0899963378906,3271137.0
2025-10-30 16:30:00,261.0899963378906,262.4700012207031,259.04998779296875,260.631103515625,3400333.0
2025-10-30 17:30:00,260.5299987792969,261.14990234375,259.5,260.14959716796875,2123615.0
2025-10-30 18:30:00,260.1499938964844,261.1600036621094,257.44000244140625,258.4150085449219,2870867.0
2025-10-30 19:30:00,258.45001220703125,259.2792053222656,254.60000610351562,254.82000732421875,3938123.0
2025-10-31 13:30:00,259.4049987792969,262.1300048828125,257.54998779296875,260.8999938964844,6507510.0
2025-10-31 14:30:00,260.8699951171875,261.84991455078125,259.2900085449219,259.4100036621094,2921110.0
2025-10-31 15:30:00,259.3900146484375,260.1650085449219,255.50999450683594,255.89999389648438,3157206.0
2025-10-31 16:30:00,255.8699951171875,256.25,253.40640258789062,255.25869750976562,2858889.0
2025-10-31 17:30:00,255.27969360351562,256.57000732421875,254.91009521484375,256.3399963378906,1836482.0
2025-10-31 18:30:00,256.32501220703125,258.2699890136719,255.4499969482422,258.0094909667969,2051257.0
2025-10-31 19:30:00,258.0,258.2699890136719,256.010009765625,256.05999755859375,2377439.0
2025-11-03 14:30:00,259.4049987792969,260.7799987792969,253.88999938964844,255.10000610351562,8420298.0
2025-11-03 15:30:00,255.0500030517578,257.32989501953125,254.57000732421875,256.1289978027344,3649458.0
2025-11-03 16:30:00,256.1159973144531,257.6600036621094,256.0538024902344,256.69879150390625,2030481.0
2025-11-03 17:30:00,256.67999267578125,258.79998779296875,256.67999267578125,258.6120910644531,2545265.0
2025-11-03 18:30:00,258.6400146484375,259.3399963378906,257.25,257.8399963378906,2428593.0
2025-11-03 19:30:00,257.8550109863281,258.7300109863281,256.75,258.69000244140625,2339467.0
2025-11-03 20:30:00,258.68499755859375,260.44000244140625,258.260009765625,259.6600036621094,10139468.0
2025-11-04 14:30:00,250.35000610351562,257.3800048828125,247.38999938964844,256.59991455078125,10705298.0
2025-11-04 15:30:00,256.510009765625,257.29998779296875,254.4600067138672,255.14999389648438,3566799.0
2025-11-04 16:30:00,255.1199951171875,256.70001220703125,253.36239624023438,254.4550018310547,3604779.0
2025-11-04 17:30:00,254.4600067138672,254.835205078125,252.44009399414062,252.85040283203125,2524253.0
2025-11-04 18:30:00,252.83999633789062,254.1999969482422,251.69000244140625,253.36500549316406,3284798.0
2025-11-04 19:30:00,253.3699951171875,253.5500030517578,251.25,252.41000366210938,3612267.0
2025-11-04 20:30:00,252.3800048828125,252.7100067138672,250.10000610351562,250.10000610351562,4196100.0
2025-11-05 14:30:00,243.24000549316406,252.44000244140625,242.80499267578125,248.82000732421875,17146719.0
2025-11-05 15:30:00,248.8699951171875,252.8000030517578,247.00999450683594,251.1750030517578,6723495.0
2025-11-05 16:30:00,251.2100067138672,255.39990234375,250.8000030517578,255.0800018310547,5027754.0
2025-11-05 17:30:00,255.0800018310547,259.2200012207031,254.82000732421875,258.56878662109375,5229644.0
2025-11-05 18:30:00,258.5199890136719,259.6499938964844,257.3299865722656,257.4599914550781,4672629.0
2025-11-05 19:30:00,257.489990234375,258.6600036621094,256.8223876953125,257.9150085449219,3225349.0
2025-11-05 20:30:00,257.8900146484375,258.4299011230469,255.69000244140625,255.9600067138672,3404841.0
2025-11-06 14:30:00,253.46499633789062,253.50999450683594,240.8300018310547,241.85000610351562,14215142.0
2025-11-06 15:30:00,241.8699951171875,241.9550018310547,235.75,237.97000122070312,10716088.0
2025-11-06 16:30:00,237.9499969482422,238.78880310058594,236.32000732421875,237.6199951171875,4697386.0
2025-11-06 17:30:00,237.60000610351562,242.04989624023438,237.37010192871094,241.52999877929688,5046496.0
2025-11-06 18:30:00,241.49000549316406,243.41990661621094,240.02999877929688,243.0399932861328,4042941.0
2025-11-06 19:30:00,243.05999755859375,243.41000366210938,239.22000122070312,239.51499938964844,3748483.0
2025-11-06 20:30:00,239.5063018798828,240.22999572753906,237.17999267578125,237.6199951171875,3612539.0
2025-11-07 14:30:00,230.9149932861328,234.76840209960938,227.60000610351562,228.78309631347656,12668551.0
2025-11-07 15:30:00,228.66000366210938,229.16000366210938,225.56069946289062,227.12550354003906,6248632.0
2025-11-07 16:30:00,227.11000061035156,228.78990173339844,224.64010620117188,227.97000122070312,4310018.0
2025-11-07 17:30:00,227.9250030517578,229.91000366210938,226.78070068359375,229.57000732421875,2966828.0
2025-11-07 18:30:00,229.52999877929688,229.5500030517578,226.99009704589844,228.91000366210938,2746824.0
2025-11-07 19:30:00,229.00999450683594,232.28860473632812,229.0,230.61500549316406,4004464.0
2025-11-07 20:30:00,230.6750030517578,233.5399932861328,230.24000549316406,233.5399932861328,2921850.0
2025-11-10 14:30:00,242.25,248.0,240.5500030517578,247.0800018310547,11712335.0
2025-11-10 15:30:00,247.16000366210938,248.89999389648438,243.11000061035156,243.2700958251953,4401101.0
2025-11-10 16:30:00,243.3300018310547,244.9174041748047,242.25,244.0500030517578,2950899.0
2025-11-10 17:30:00,244.08999633789062,245.62989807128906,243.69500732421875,245.22500610351562,2060190.0
2025-11-10 18:30:00,245.22000122070312,246.89500427246094,244.82000732421875,245.22000122070312,2304474.0
2025-11-10 19:30:00,245.25999450683594,245.94500732421875,244.25010681152344,244.64999389648438,2093669.0
2025-11-10 20:30:00,244.60000610351562,245.1999969482422,243.9600067138672,243.97999572753906,2271479.0
2025-11-11 14:30:00,241.52000427246094,246.1699981689453,238.76319885253906,239.02090454101562,8284177.0
2025-11-11 15:30:00,239.0050048828125,240.6999053955078,237.5800018310547,238.53990173339844,5140680.0
2025-11-11 16:30:00,238.5500030517578,239.76629638671875,237.60000610351562,238.1699981689453,2311032.0
2025-11-11 17:30:00,238.22999572753906,241.75,234.63999938964844,238.27999877929688,5779304.0
2025-11-11 18:30:00,238.24000549316406,248.4600067138672,236.33999633789062,239.50999450683594,13690973.0
2025-11-11 19:30:00,239.57000732421875,240.89999389648438,238.77000427246094,239.23989868164062,3796795.0
2025-11-11 20:30:00,239.13999938964844,239.16000366210938,237.02999877929688,237.57000732421875,3130757.0
2025-11-12 14:30:00,252.91000366210938,262.739990234375,250.1999969482422,261.8651123046875,33422688.0
2025-11-12 15:30:00,261.95001220703125,263.510009765625,256.32110595703125,260.2593078613281,14396803.0
2025-11-12 16:30:00,260.20001220703125,262.1700134277344,257.0,257.69000244140625,8351966.0
2025-11-12 17:30:00,257.6449890136719,258.8800048828125,253.89999389648438,255.60000610351562,8270274.0
2025-11-12 18:30:00,255.5543975830078,257.82000732421875,254.5,255.0699005126953,5341803.0
2025-11-12 19:30:00,255.08999633789062,256.5799865722656,253.3699951171875,256.2033996582031,6489902.0
2025-11-12 20:30:00,256.2049865722656,259.4200134277344,256.0,258.8591003417969,5800252.0
2025-11-13 14:30:00,251.89999389648438,259.6308898925781,249.02999877929688,256.7449951171875,14936898.0
2025-11-13 15:30:00,256.7420959472656,257.0249938964844,253.25999450683594,255.91000366210938,7121943.0
2025-11-13 16:30:00,255.89500427246094,256.739990234375,251.1020965576172,254.19949340820312,5224042.0
2025-11-13 17:30:00,254.19500732421875,254.47999572753906,247.77000427246094,248.0800018310547,4477083.0
2025-11-13 18:30:00,248.00010681152344,249.64999389648438,246.05999755859375,249.55999755859375,5196156.0
2025-11-13 19:30:00,249.4499969482422,250.19000244140625,246.35000610351562,247.3300018310547,4015735.0
2025-11-13 20:30:00,247.3350067138672,249.61549377441406,246.8800048828125,247.99000549316406,3396869.0
2025-11-14 14:30:00,239.85000610351562,248.89999389648438,235.10000610351562,246.91659545898438,13795901.0
2025-11-14 15:30:00,246.92999267578125,251.56820678710938,245.0500946044922,250.8249969482422,5714509.0
2025-11-14 16:30:00,250.82989501953125,253.42999267578125,250.3074951171875,252.7082061767578,4064096.0
2025-11-14 17:30:00,252.7050018310547,253.27999877929688,249.58009338378906,250.25999450683594,3142713.0
2025-11-14 18:30:00,250.27000427246094,250.72999572753906,247.39010620117188,248.97999572753906,2690149.0
2025-11-14 19:30:00,249.0,249.99000549316406,247.58009338378906,247.86000061035156,2380549.0
2025-11-14 20:30:00,247.82000732421875,247.82000732421875,245.35000610351562,246.77000427246094,2718482.0
2025-11-17 14:30:00,242.7449951171875,248.77000427246094,241.3000030517578,246.40499877929688,8307389.0
2025-11-17 15:30:00,246.30999755859375,246.97999572753906,241.66000366210938,244.97999572753906,4378612.0
2025-11-17 16:30:00,244.94720458984375,245.49969482421875,243.3000030517578,243.71499633789062,2270237.0
2025-11-17 17:30:00,243.71499633789062,244.26690673828125,241.02000427246094,242.07000732421875,2570793.0
2025-11-17 18:30:00,242.0,243.3699951171875,238.4001007080078,239.4499969482422,3130383.0
2025-11-17 19:30:00,239.41000366210938,239.8260040283203,237.5800018310547,238.5,3310763.0
2025-11-17 20:30:00,238.66000366210938,240.63999938964844,237.14999389648438,240.5800018310547,2835609.0
2025-11-18 14:30:00,236.67999267578125,238.0,224.7100067138672,228.14999389648438,13713168.0
2025-11-18 15:30:00,228.15499877929688,231.8800048828125,225.91000366210938,231.11000061035156,5313024.0
2025-11-18 16:30:00,231.05999755859375,232.74989318847656,230.16000366210938,230.6699981689453,3927091.0
2025-11-18 17:30:00,230.6649932861328,234.74000549316406,230.1199951171875,233.4149932861328,3321555.0
2025-11-18 18:30:00,233.47999572753906,234.55999755859375,231.17999267578125,231.56500244140625,2295421.0
2025-11-18 19:30:00,231.6300048828125,233.5749053955078,230.89999389648438,231.8000030517578,2142084.0
2025-11-18 20:30:00,231.92999267578125,232.1999969482422,230.13999938964844,230.22999572753906,2133878.0
2025-11-19 14:30:00,230.25999450683594,235.27000427246094,227.52999877929688,234.61000061035156,7203703.0
2025-11-19 15:30:00,234.7100067138672,235.2100067138672,226.89010620117188,228.0050048828125,4718349.0
2025-11-19 16:30:00,228.0,228.42999267578125,223.25999450683594,224.00999450683594,4981883.0
2025-11-19 17:30:00,223.9949951171875,224.02000427246094,220.5,220.86000061035156,4919216.0
2025-11-19 18:30:00,220.80999755859375,222.6999969482422,220.02000427246094,220.3249969482422,3996830.0
2025-11-19 19:30:00,220.36000061035156,223.72720336914062,219.71009826660156,223.38999938964844,5564647.0
2025-11-19 20:30:00,223.3699951171875,224.5308074951172,222.1300048828125,223.5399932861328,3742427.0
2025-11-20 14:30:00,232.63999938964844,234.25,227.5399932861328,228.17999267578125,10044922.0
2025-11-20 15:30:00,228.27000427246094,229.8000030517578,221.56179809570312,222.1199951171875,5895607.0
2025-11-20 16:30:00,222.11000061035156,222.72000122070312,209.3800048828125,212.33999633789062,9555517.0
2025-11-20 17:30:00,212.27000427246094,214.72999572753906,209.4499969482422,213.02000427246094,6257480.0
2025-11-20 18:30:00,212.9550018310547,213.3000030517578,208.67999267578125,211.0500030517578,4704906.0
2025-11-20 19:30:00,211.0,212.13999938964844,208.8800048828125,209.73500061035156,3800894.0
2025-11-20 20:30:00,209.77999877929688,210.0,204.52999877929688,206.0500030517578,5135965.0
2025-11-21 14:30:00,208.8300018310547,208.8300018310547,197.3000030517578,197.47000122070312,15438040.0
2025-11-21 15:30:00,197.4199981689453,200.27999877929688,195.02000427246094,200.21429443359375,8733955.0
2025-11-21 16:30:00,200.22999572753906,204.77000427246094,200.12179565429688,204.43499755859375,6315954.0
2025-11-21 17:30:00,204.50999450683594,205.9499969482422,200.85000610351562,201.5218048095703,4126600.0
2025-11-21 18:30:00,201.4600067138672,207.41000366210938,201.16000366210938,207.23500061035156,5522509.0
2025-11-21 19:30:00,207.26910400390625,207.5500030517578,204.77000427246094,205.0850067138672,4079425.0
2025-11-21 20:30:00,205.05999755859375,206.22000122070312,203.3699951171875,203.75999450683594,3560739.0
2025-11-24 14:30:00,207.16000366210938,213.6699981689453,205.85000610351562,211.74000549316406,9300452.0
2025-11-24 15:30:00,211.72999572753906,214.0,210.61000061035156,213.9149932861328,4040586.0
2025-11-24 16:30:00,213.86000061035156,214.7635955810547,212.99000549316406,214.5500030517578,2641276.0
2025-11-24 17:30:00,214.57989501953125,215.88499450683594,214.3800048828125,215.13499450683594,2688103.0
2025-11-24 18:30:00,215.13499450683594,216.3699951171875,214.85000610351562,215.91009521484375,2121325.0
2025-11-24 19:30:00,215.90350341796875,216.38999938964844,214.39999389648438,216.0800018310547,2664365.0
2025-11-24 20:30:00,216.05999755859375,217.00999450683594,214.92999267578125,214.9550018310547,2828201.0
2025-11-25 14:30:00,201.35000610351562,203.3000030517578,194.27499389648438,196.6999969482422,18958862.0
2025-11-25 15:30:00,196.64999389648438,200.0399932861328,196.5500030517578,199.60499572753906,7607623.0
2025-11-25 16:30:00,199.66000366210938,200.83999633789062,198.4600067138672,200.16000366210938,4424910.0
2025-11-25 17:30:00,200.18499755859375,202.32009887695312,198.86000061035156,200.15769958496094,4944515.0
2025-11-25 18:30:00,200.17999267578125,201.27999877929688,198.93499755859375,199.8800048828125,3399016.0
2025-11-25 19:30:00,199.8300018310547,204.24000549316406,198.90139770507812,204.10870361328125,4705921.0
2025-11-25 20:30:00,204.089599609375,206.5800018310547,204.00010681152344,206.13999938964844,6047655.0
2025-11-26 14:30:00,210.14999389648438,212.83999633789062,207.0,211.6649932861328,11369877.0
2025-11-26 15:30:00,211.72999572753906,214.36000061035156,210.8800048828125,214.22999572753906,5070894.0
2025-11-26 16:30:00,214.27000427246094,214.33999633789062,211.8000030517578,213.1199951171875,3487889.0
2025-11-26 17:30:00,213.1199951171875,213.9600067138672,212.33999633789062,213.41000366210938,2489225.0
2025-11-26 18:30:00,213.4499969482422,214.97999572753906,212.8000030517578,214.6566925048828,2524847.0
2025-11-26 19:30:00,214.64500427246094,215.58990478515625,214.19000244140625,215.2584991455078,2639807.0
2025-11-26 20:30:00,215.27000427246094,215.3800048828125,213.92999267578125,214.11000061035156,2533786.0
2025-11-28 14:30:00,216.39500427246094,218.3000030517578,214.03219604492188,216.8217010498047,5953972.0
2025-11-28 15:30:00,216.8699951171875,217.22000122070312,215.5500030517578,216.07000732421875,2790769.0
2025-11-28 16:30:00,216.07000732421875,217.19000244140625,215.5500030517578,216.7655029296875,2172985.0
2025-11-28 18:00:00,216.72999572753906,217.6300048828125,214.24000549316406,217.5303955078125,0.0
2025-12-01 14:30:00,213.96499633789062,219.92999267578125,213.59750366210938,217.19439697265625,8267354.0
2025-12-01 15:30:00,217.17999267578125,218.6999969482422,216.25,218.11500549316406,2965116.0
2025-12-01 16:30:00,218.17999267578125,219.26980590820312,218.05999755859375,218.46499633789062,2048586.0
2025-12-01 17:30:00,218.41009521484375,220.1300048828125,218.08970642089844,219.57000732421875,1811868.0
2025-12-01 18:30:00,219.64259338378906,220.97999572753906,219.2100067138672,219.55499267578125,2086440.0
2025-12-01 19:30:00,219.5399932861328,220.0,218.8699951171875,219.53140258789062,1465002.0
2025-12-01 20:30:00,219.60000610351562,220.42999267578125,219.25999450683594,219.8300018310547,1703124.0
2025-12-02 14:30:00,220.0,225.97999572753906,219.8000030517578,222.4199981689453,8320531.0
2025-12-02 15:30:00,222.3699951171875,223.91000366210938,216.14999389648438,216.875,6414474.0
2025-12-02 16:30:00,216.85000610351562,218.66000366210938,216.1300048828125,218.17999267578125,3813523.0
2025-12-02 17:30:00,218.14999389648438,218.5500030517578,215.9499969482422,216.57000732421875,2715420.0
2025-12-02 18:30:00,216.5500030517578,216.7200927734375,214.38999938964844,215.14999389648438,3279602.0
2025-12-02 19:30:00,215.11000061035156,216.13999938964844,214.8271942138672,216.0,2374663.0
2025-12-02 20:30:00,215.97000122070312,216.1999969482422,214.60000610351562,215.17999267578125,2459325.0
2025-12-03 14:30:00,216.47000122070312,217.27999877929688,211.77999877929688,216.6999969482422,7158478.0
2025-12-03 15:30:00,216.51100158691406,218.1999969482422,214.4199981689453,215.07000732421875,3798592.0
2025-12-03 16:30:00,215.1300048828125,216.31419372558594,214.1300048828125,215.6199951171875,2184022.0
2025-12-03 17:30:00,215.70730590820312,216.49000549316406,215.3782958984375,216.3249969482422,1406087.0
2025-12-03 18:30:00,216.39999389648438,217.17959594726562,215.66000366210938,216.28750610351562,1390014.0
2025-12-03 19:30:00,216.31500244140625,217.1300048828125,216.29640197753906,216.97000122070312,1401664.0
2025-12-03 20:30:00,216.97999572753906,217.9499969482422,216.66000366210938,217.58999633789062,1738727.0
2025-12-04 14:30:00,216.125,218.47999572753906,214.57290649414062,217.37069702148438,5003398.0
2025-12-04 15:30:00,217.41000366210938,218.10000610351562,215.67050170898438,217.16310119628906,2506665.0
2025-12-04 16:30:00,217.14500427246094,219.1199951171875,216.98500061035156,217.77999877929688,2286969.0
2025-12-04 17:30:00,217.7449951171875,218.25,216.3300018310547,216.6300048828125,1625920.0
2025-12-04 18:30:00,216.60000610351562,216.80999755859375,214.13999938964844,215.19000244140625,2065961.0
2025-12-04 19:30:00,215.16000366210938,216.0,214.2899932861328,214.55999755859375,1851185.0
2025-12-04 20:30:00,214.52999877929688,216.11000061035156,214.49000549316406,216.0,1739785.0
2025-12-05 14:30:00,217.1649932861328,223.64199829101562,216.38009643554688,221.17320251464844,8978089.0
2025-12-05 15:30:00,221.17999267578125,221.41009521484375,217.11199951171875,217.11419677734375,4788893.0
2025-12-05 16:30:00,217.11000061035156,218.6999969482422,216.24000549316406,218.1300048828125,2854899.0
2025-12-05 17:30:00,218.1300048828125,219.5399932861328,217.74000549316406,219.33999633789062,1805599.0
2025-12-05 18:30:00,219.3300018310547,219.44000244140625,218.35000610351562,218.6699981689453,1296809.0
2025-12-05 19:30:00,218.66000366210938,218.76499938964844,217.4199981689453,218.07000732421875,2254194.0
2025-12-05 20:30:00,218.05999755859375,218.10000610351562,217.0,217.91000366210938,1933912.0
2025-12-08 14:30:00,219.0800018310547,223.05999755859375,218.5500030517578,219.25999450683594,5992804.0
2025-12-08 15:30:00,219.22999572753906,220.6999969482422,218.36000061035156,220.33999633789062,2772048.0
2025-12-08 16:30:00,220.3300018310547,220.58999633789062,218.60000610351562,219.47500610351562,1827105.0
2025-12-08 17:30:00,219.47500610351562,223.7100067138672,219.2301025390625,221.40499877929688,4023161.0
2025-12-08 18:30:00,221.35000610351562,221.47000122070312,219.3300018310547,220.08230590820312,2221766.0
2025-12-08 19:30:00,220.0399932861328,220.7899932861328,219.63389587402344,220.75,1519704.0
2025-12-08 20:30:00,220.75,221.2100067138672,220.11500549316406,221.0500030517578,1603818.0
2025-12-09 14:30:00,221.11000061035156,223.58999633789062,217.90699768066406,223.4499969482422,6641783.0
2025-12-09 15:30:00,223.4499969482422,224.83999633789062,222.10159301757812,222.32760620117188,3820066.0
2025-12-09 16:30:00,222.32760620117188,222.85000610351562,220.8000030517578,222.72239685058594,1989744.0
2025-12-09 17:30:00,222.72239685058594,223.1898956298828,221.85000610351562,221.889892578125,1379443.0
2025-12-09 18:30:00,221.89500427246094,222.02879333496094,220.64999389648438,221.07000732421875,1500235.0
2025-12-09 19:30:00,221.07000732421875,221.38999938964844,220.75,220.84500122070312,1312317.0
2025-12-09 20:30:00,220.84500122070312,221.97000122070312,220.82000732421875,221.55999755859375,1519028.0
2025-12-10 14:30:00,221.82179260253906,222.0,219.29010009765625,220.08999633789062,3780644.0
2025-12-10 15:30:00,220.1898956298828,220.389892578125,218.6699981689453,219.7801055908203,2068726.0
2025-12-10 16:30:00,219.77999877929688,220.8000030517578,219.6199951171875,219.8699951171875,1422696.0
2025-12-10 17:30:00,219.7899932861328,220.52999877929688,219.0,219.31500244140625,1296837.0
2025-12-10 18:30:00,219.32000732421875,221.6199951171875,218.8699951171875,220.47000122070312,2278335.0
2025-12-10 19:30:00,220.41700744628906,222.60499572753906,219.49000549316406,222.1466064453125,2897019.0
2025-12-10 20:30:00,222.17999267578125,222.33999633789062,221.33999633789062,221.4199981689453,1596934.0
2025-12-11 14:30:00,217.80999755859375,217.80999755859375,210.19009399414062,213.89500427246094,7262695.0
2025-12-11 15:30:00,213.94000244140625,214.48800659179688,211.97999572753906,212.8350067138672,2719131.0
2025-12-11 16:30:00,212.80999755859375,216.0,212.80999755859375,215.7886962890625,2022498.0
2025-12-11 17:30:00,215.78500366210938,217.9499969482422,215.7100067138672,217.42999267578125,2084698.0
2025-12-11 18:30:00,217.3800048828125,220.39999389648438,217.1199951171875,220.3260040283203,2621296.0
2025-12-11 19:30:00,220.35000610351562,221.2100067138672,219.76649475097656,219.85020446777344,2316171.0
2025-12-11 20:30:00,219.86500549316406,221.4989013671875,219.7899932861328,221.4499969482422,1797200.0
2025-12-12 14:30:00,218.3699951171875,222.49000549316406,214.28500366210938,214.3699951171875,5886808.0
2025-12-12 15:30:00,214.3699951171875,215.24989318847656,210.10000610351562,210.89999389648438,5083983.0
2025-12-12 16:30:00,210.9199981689453,213.22999572753906,209.05999755859375,212.16000366210938,3754195.0
2025-12-12 17:30:00,212.1750030517578,215.0500030517578,211.59579467773438,214.19000244140625,2067631.0
2025-12-12 18:30:00,214.22000122070312,214.35989379882812,210.8000030517578,211.00999450683594,2093045.0
2025-12-12 19:30:00,211.02000427246094,212.39999389648438,210.8300018310547,210.99000549316406,2094196.0
2025-12-12 20:30:00,210.9949951171875,211.1999053955078,209.82000732421875,210.8000030517578,2611677.0
2025-12-15 14:30:00,213.0,215.36000061035156,209.05999755859375,209.65499877929688,6158313.0
2025-12-15 15:30:00,209.58999633789062,213.14999389648438,209.35000610351562,212.4250030517578,2881762.0
2025-12-15 16:30:00,212.41000366210938,212.42050170898438,210.6719970703125,211.43539428710938,1642235.0
2025-12-15 17:30:00,211.4199981689453,212.3498992919922,209.99000549316406,210.36000061035156,1614254.0
2025-12-15 18:30:00,210.30499267578125,212.22000122070312,210.00999450683594,210.625,1453508.0
2025-12-15 19:30:00,210.625,210.6999969482422,207.84039306640625,207.9600067138672,2378587.0
2025-12-15 20:30:00,207.9550018310547,208.03799438476562,206.5823974609375,207.5800018310547,2480542.0
2025-12-16 14:30:00,206.82090759277344,209.25,205.11000061035156,206.47000122070312,4826581.0
2025-12-16 15:30:00,206.47000122070312,208.82000732421875,205.88999938964844,206.4499969482422,2507073.0
2025-12-16 16:30:00,206.4550018310547,208.2021942138672,206.1999969482422,207.1118927001953,1606264.0
2025-12-16 17:30:00,207.0800018310547,207.9799041748047,206.60009765625,207.42689514160156,1394725.0
2025-12-16 18:30:00,207.3800048828125,209.25,207.3800048828125,207.964599609375,1904548.0
2025-12-16 19:30:00,207.92999267578125,209.0198974609375,207.50999450683594,208.76499938964844,1464620.0
2025-12-16 20:30:00,208.7449951171875,210.22000122070312,208.74000549316406,209.0399932861328,1639509.0
2025-12-17 14:30:00,209.89999389648438,211.5,205.1199951171875,206.36000061035156,4845888.0
2025-12-17 15:30:00,206.35040283203125,206.75,199.4199981689453,200.6999969482422,5326684.0
2025-12-17 16:30:00,200.69500732421875,201.6898956298828,199.8000030517578,200.95989990234375,2265480.0
2025-12-17 17:30:00,200.91000366210938,201.5,200.25,200.47999572753906,1530522.0
2025-12-17 18:30:00,200.4600067138672,200.5998992919922,198.39999389648438,198.71270751953125,2292418.0
2025-12-17 19:30:00,198.69000244140625,199.0,197.69000244140625,198.22000122070312,2215846.0
2025-12-17 20:30:00,198.22999572753906,198.55499267578125,197.52999877929688,198.1199951171875,2251650.0
2025-12-18 14:30:00,203.80499267578125,206.36000061035156,203.00999450683594,205.91180419921875,6809353.0
2025-12-18 15:30:00,205.89999389648438,206.10499572753906,202.5,202.7449951171875,3157407.0
2025-12-18 16:30:00,202.66000366210938,204.3000030517578,200.50010681152344,201.28500366210938,2402951.0
2025-12-18 17:30:00,201.27499389648438,203.07989501953125,201.07000732421875,202.60000610351562,1805385.0
2025-12-18 18:30:00,202.57000732421875,202.94000244140625,201.75,201.97999572753906,1518512.0
2025-12-18 19:30:00,201.97500610351562,202.86810302734375,200.6999969482422,202.75,1425624.0
2025-12-18 20:30:00,202.7100067138672,202.8498992919922,200.89999389648438,200.97999572753906,1541223.0
2025-12-19 14:30:00,204.60000610351562,212.3699951171875,204.20010375976562,210.57009887695312,9939232.0
2025-12-19 15:30:00,210.5800018310547,211.75,209.52999877929688,211.56869506835938,3004152.0
2025-12-19 16:30:00,211.60000610351562,212.6999969482422,211.10009765625,212.45899963378906,2115612.0
2025-12-19 17:30:00,212.4600067138672,213.9499969482422,212.42999267578125,213.60000610351562,2668389.0
2025-12-19 18:30:00,213.58999633789062,215.17999267578125,213.10000610351562,214.55160522460938,2414508.0
2025-12-19 19:30:00,214.5500030517578,215.0800018310547,214.25999450683594,214.68499755859375,2025574.0
2025-12-19 20:30:00,214.6699981689453,215.0800018310547,213.35000610351562,213.5,2859180.0
2025-12-22 14:30:00,220.0,220.125,213.30999755859375,214.22169494628906,6976743.0
2025-12-22 15:30:00,214.2100067138672,214.94000244140625,213.36000061035156,214.5688934326172,3077504.0
2025-12-22 16:30:00,214.52999877929688,215.13999938964844,214.1699981689453,214.47000122070312,1432768.0
2025-12-22 17:30:00,214.47239685058594,215.04249572753906,214.04010009765625,214.6999053955078,1160604.0
2025-12-22 18:30:00,214.68499755859375,214.91000366210938,213.9499969482422,214.36000061035156,1062233.0
2025-12-22 19:30:00,214.38999938964844,215.0,214.19000244140625,214.8939971923828,1253722.0
2025-12-22 20:30:00,214.83009338378906,215.0,214.17999267578125,215.0,1261861.0
2025-12-23 14:30:00,214.1999969482422,216.25999450683594,212.3300018310547,213.702392578125,4465056.0
2025-12-23 15:30:00,213.74319458007812,215.7100067138672,213.70269775390625,215.43020629882812,2016071.0
2025-12-23 16:30:00,215.47000122070312,216.08999633789062,214.91000366210938,215.17999267578125,1377082.0
2025-12-23 17:30:00,215.2050018310547,215.42999267578125,214.25999450683594,214.625,1118442.0
2025-12-23 18:30:00,214.6300048828125,214.94960021972656,214.1300048828125,214.52000427246094,824999.0
2025-12-23 19:30:00,214.52000427246094,215.10000610351562,214.02999877929688,214.13499450683594,1209502.0
2025-12-23 20:30:00,214.11000061035156,217.02999877929688,213.97000122070312,214.8699951171875,5595766.0
2025-12-24 14:30:00,215.5,216.5399932861328,213.97999572753906,214.52000427246094,3202979.0
2025-12-24 15:30:00,214.42999267578125,215.4199981689453,214.42999267578125,214.81300354003906,1033434.0
2025-12-24 16:30:00,214.85069274902344,215.5500030517578,214.66000366210938,215.30999755859375,839296.0
2025-12-24 18:00:00,215.30999755859375,215.5800018310547,214.7100067138672,214.94500732421875,0.0
2025-12-26 14:30:00,215.0,216.42990112304688,213.02999877929688,215.24000549316406,3420821.0
2025-12-26 15:30:00,215.27000427246094,216.8300018310547,215.10000610351562,215.2550048828125,2311191.0
2025-12-26 16:30:00,215.2510986328125,216.02000427246094,215.11000061035156,215.5,988028.0
2025-12-26 17:30:00,215.47999572753906,215.74000549316406,214.84359741210938,215.0417938232422,1006263.0
2025-12-26 18:30:00,215.0399932861328,215.3699951171875,214.77000427246094,215.0050048828125,830174.0
2025-12-26 19:30:00,215.0050048828125,215.12989807128906,214.4199981689453,214.8300018310547,886167.0
2025-12-26 20:30:00,214.84500122070312,215.2100067138672,214.61000061035156,214.89999389648438,1155780.0
2025-12-29 14:30:00,210.0,215.4799041748047,209.24000549316406,213.62319946289062,5532475.0
2025-12-29 15:30:00,213.6199951171875,214.389892578125,212.75,213.88999938964844,1944585.0
2025-12-29 16:30:00,213.83999633789062,214.75999450683594,213.33999633789062,213.55499267578125,1383701.0
2025-12-29 17:30:00,213.60989379882812,214.77000427246094,213.42999267578125,214.39999389648438,1195112.0
2025-12-29 18:30:00,214.40530395507812,215.63999938964844,214.3699951171875,215.16290283203125,1223393.0
2025-12-29 19:30:00,215.19000244140625,216.0469970703125,215.11000061035156,215.52000427246094,1256908.0
2025-12-29 20:30:00,215.5500030517578,215.88999938964844,215.1300048828125,215.64999389648438,1280719.0
2025-12-30 14:30:00,215.0,216.33999633789062,214.47999572753906,215.00999450683594,3385187.0
2025-12-30 15:30:00,215.05999755859375,216.82000732421875,214.78500366210938,216.4600067138672,1881464.0
2025-12-30 16:30:00,216.39999389648438,216.49000549316406,214.86000061035156,214.97999572753906,1501875.0
2025-12-30 17:30:00,215.00120544433594,215.4199981689453,214.8300018310547,215.1999969482422,1021013.0
2025-12-30 18:30:00,215.17999267578125,215.3300018310547,214.82009887695312,215.10000610351562,809113.0
2025-12-30 19:30:00,215.11000061035156,215.20989990234375,214.3300018310547,214.84080505371094,1224612.0
2025-12-30 20:30:00,214.82000732421875,215.61659240722656,214.7283935546875,215.32000732421875,1580948.0
2025-12-31 14:30:00,216.33999633789062,217.63999938964844,214.52999877929688,216.1699981689453,4200594.0
2025-12-31 15:30:00,216.1300048828125,216.6699981689453,215.0500030517578,216.5399932861328,1558780.0
2025-12-31 16:30:00,216.5399932861328,216.5500030517578,215.47999572753906,216.17999267578125,1142834.0
2025-12-31 17:30:00,216.19000244140625,216.57000732421875,215.5800018310547,216.46499633789062,1034971.0
2025-12-31 18:30:00,216.4300994873047,217.05999755859375,215.4499969482422,215.49000549316406,1122855.0
2025-12-31 19:30:00,215.52000427246094,215.58999633789062,214.39999389648438,214.47999572753906,1217545.0
2025-12-31 20:30:00,214.47999572753906,215.17999267578125,213.8800048828125,214.17999267578125,1302196.0
2026-01-02 14:30:00,220.0,227.14999389648438,219.9600067138672,221.93499755859375,9660819.0
2026-01-02 15:30:00,221.8000030517578,223.4499969482422,219.1999969482422,221.63999938964844,3671693.0
2026-01-02 16:30:00,221.55999755859375,222.60000610351562,220.41000366210938,221.42999267578125,1624054.0
2026-01-02 17:30:00,221.4499969482422,221.8000030517578,219.56320190429688,221.4499969482422,1779048.0
2026-01-02 18:30:00,221.5,223.3699951171875,220.7100067138672,222.9600067138672,1824549.0
2026-01-02 19:30:00,222.94000244140625,225.36000061035156,222.75999450683594,225.18150329589844,2587010.0
2026-01-02 20:30:00,225.13499450683594,225.35000610351562,223.22000122070312,223.44000244140625,2290793.0
2026-01-05 14:30:00,230.31500244140625,234.02000427246094,223.8699951171875,224.9344024658203,7972980.0
2026-01-05 15:30:00,224.92999267578125,225.9499969482422,224.2635040283203,225.00050354003906,2971485.0
2026-01-05 16:30:00,224.99000549316406,225.4499969482422,222.44000244140625,222.9799041748047,2658931.0
2026-01-05 17:30:00,222.97900390625,223.01739501953125,220.52999877929688,221.47999572753906,1911828.0
2026-01-05 18:30:00,221.47360229492188,222.0,220.91009521484375,221.11500549316406,1302132.0
2026-01-05 19:30:00,221.14999389648438,221.4600067138672,220.60000610351562,221.17100524902344,1477663.0
2026-01-05 20:30:00,221.17999267578125,221.6699981689453,220.47999572753906,221.05999755859375,1698533.0
2026-01-06 14:30:00,222.9199981689453,222.9199981689453,215.94000244140625,216.6300048828125,7242662.0
2026-01-06 15:30:00,216.6300048828125,216.6300048828125,211.6199951171875,212.6999969482422,7021885.0
2026-01-06 16:30:00,212.6999969482422,213.83990478515625,211.4600067138672,211.52000427246094,2878870.0
2026-01-06 17:30:00,211.50999450683594,213.85000610351562,211.3699951171875,213.85000610351562,3525395.0
2026-01-06 18:30:00,213.82000732421875,214.5,212.60000610351562,213.6300048828125,2568389.0
2026-01-06 19:30:00,213.69839477539062,214.3300018310547,213.27000427246094,214.13499450683594,2408692.0
2026-01-06 20:30:00,214.11000061035156,214.72000122070312,214.02999877929688,214.61000061035156,1657027.0
2026-01-07 14:30:00,211.89999389648438,212.0299072265625,207.1699981689453,210.65499877929688,8347892.0
2026-01-07 15:30:00,210.66799926757812,210.8699951171875,208.35000610351562,209.3350067138672,3200060.0
2026-01-07 16:30:00,209.35000610351562,211.1699981689453,209.32000732421875,211.10000610351562,1915351.0
2026-01-07 17:30:00,211.0500030517578,211.1199951171875,209.6699981689453,209.6800994873047,1778606.0
2026-01-07 18:30:00,209.7100067138672,210.0570068359375,208.8000030517578,209.35400390625,1553929.0
2026-01-07 19:30:00,209.35499572753906,210.25,209.10000610351562,209.4949951171875,1741358.0
2026-01-07 20:30:00,209.47000122070312,210.08999633789062,209.2100067138672,210.02000427246094,1656827.0
2026-01-08 14:30:00,210.0,210.1699981689453,205.0500030517578,207.60699462890625,5436495.0
2026-01-08 15:30:00,207.58999633789062,207.64999389648438,203.8699951171875,204.39999389648438,3920082.0
2026-01-08 16:30:00,204.35000610351562,205.00999450683594,204.0500030517578,204.41000366210938,2004504.0
2026-01-08 17:30:00,204.41000366210938,205.02999877929688,204.02000427246094,204.40269470214844,1528089.0
2026-01-08 18:30:00,204.4149932861328,204.60000610351562,203.3300018310547,203.71499633789062,1715603.0
2026-01-08 19:30:00,203.7050018310547,204.62989807128906,203.6300048828125,204.60499572753906,1584665.0
2026-01-08 20:30:00,204.61000061035156,204.94000244140625,204.36000061035156,204.6999969482422,1731057.0
2026-01-09 14:30:00,205.8979949951172,206.80999755859375,203.07000732421875,205.88999938964844,4859649.0
2026-01-09 15:30:00,205.9499969482422,207.3000030517578,205.1999969482422,206.8300018310547,2913434.0
2026-01-09 16:30:00,206.77999877929688,207.07359313964844,206.02999877929688,206.15499877929688,1319429.0
2026-01-09 17:30:00,206.16990661621094,206.4315948486328,204.67999267578125,205.27000427246094,1396087.0
2026-01-09 18:30:00,205.25999450683594,205.6199951171875,204.4499969482422,204.5050048828125,1343271.0
2026-01-09 19:30:00,204.50999450683594,204.89999389648438,204.1199951171875,204.15499877929688,1909237.0
2026-01-09 20:30:00,204.13999938964844,204.1999969482422,203.08999633789062,203.13999938964844,2286637.0
2026-01-12 14:30:00,201.125,209.1699981689453,201.125,208.85499572753906,6737387.0
2026-01-12 15:30:00,208.8350067138672,208.86000061035156,206.9499969482422,208.1116943359375,3059287.0
2026-01-12 16:30:00,208.14500427246094,209.0800018310547,207.69000244140625,208.9499969482422,1993873.0
2026-01-12 17:30:00,208.92999267578125,209.8800048828125,208.75010681152344,209.02459716796875,2619221.0
2026-01-12 18:30:00,209.02459716796875,209.2100067138672,207.80999755859375,208.7949981689453,1418088.0
2026-01-12 19:30:00,208.7949981689453,209.22000122070312,208.4499969482422,208.69000244140625,1470580.0
2026-01-12 20:30:00,208.63999938964844,208.72999572753906,207.64999389648438,207.67999267578125,1496659.0
2026-01-13 14:30:00,218.24000549316406,222.22999572753906,217.60000610351562,218.21499633789062,19358241.0
2026-01-13 15:30:00,218.17999267578125,220.0,216.97000122070312,218.36000061035156,4699097.0
2026-01-13 16:30:00,218.3040008544922,223.11000061035156,218.16009521484375,221.39999389648438,4892241.0
2026-01-13 17:30:00,221.39999389648438,221.60000610351562,219.5800018310547,220.93460083007812,3260827.0
2026-01-13 18:30:00,220.9550018310547,222.16000366210938,219.9499969482422,221.86500549316406,2661414.0
2026-01-13 19:30:00,221.85000610351562,222.72999572753906,221.4600067138672,221.72999572753906,2833921.0
2026-01-13 20:30:00,221.72999572753906,222.99000549316406,220.74000549316406,221.02000427246094,3196027.0
2026-01-14 14:30:00,217.59500122070312,223.91000366210938,215.11000061035156,222.22500610351562,8814798.0
2026-01-14 15:30:00,222.25,223.6999969482422,219.11199951171875,223.14500427246094,6258339.0
2026-01-14 16:30:00,223.1199951171875,224.08999633789062,220.03619384765625,221.30999755859375,4312978.0
2026-01-14 17:30:00,221.3300018310547,222.66000366210938,220.33999633789062,222.6300048828125,2058823.0
2026-01-14 18:30:00,222.6300048828125,222.75079345703125,221.25999450683594,221.78250122070312,1990926.0
2026-01-14 19:30:00,221.8000030517578,223.35000610351562,219.86000061035156,221.38499450683594,2936675.0
2026-01-14 20:30:00,221.44000244140625,223.67999267578125,221.39999389648438,223.52999877929688,2475336.0
2026-01-15 14:30:00,227.91000366210938,238.10000610351562,227.36000061035156,235.72000122070312,15563596.0
2026-01-15 15:30:00,235.72000122070312,238.00999450683594,235.1999969482422,236.39999389648438,5214569.0
2026-01-15 16:30:00,236.30999755859375,237.27000427246094,235.44000244140625,236.08999633789062,3464582.0
2026-01-15 17:30:00,236.14999389648438,238.35000610351562,235.8000030517578,237.65249633789062,3559680.0
2026-01-15 18:30:00,237.6300048828125,237.8699951171875,233.66000366210938,233.89999389648438,3397390.0
2026-01-15 19:30:00,233.8800048828125,233.92999267578125,229.4199981689453,229.92999267578125,3951600.0
2026-01-15 20:30:00,229.91000366210938,230.0,227.22000122070312,227.89999389648438,3728811.0
2026-01-16 14:30:00,234.3000030517578,234.4499053955078,228.86000061035156,231.58999633789062,10629119.0
2026-01-16 15:30:00,231.5449981689453,233.8800048828125,230.39999389648438,232.97000122070312,3849098.0
2026-01-16 16:30:00,232.97500610351562,234.36749267578125,231.2899932861328,234.3206024169922,2663419.0
2026-01-16 17:30:00,234.28500366210938,234.4600067138672,231.5,231.52999877929688,3374106.0
2026-01-16 18:30:00,231.52999877929688,231.8800048828125,230.55999755859375,231.47500610351562,1895054.0
2026-01-16 19:30:00,231.47000122070312,232.9600067138672,231.3699951171875,232.17999267578125,1876807.0
2026-01-16 20:30:00,232.16000366210938,232.47000122070312,231.47999572753906,231.8000030517578,2062199.0
2026-01-20 14:30:00,226.0,237.5800018310547,225.41050720214844,237.2899932861328,11663793.0
2026-01-20 15:30:00,237.22000122070312,239.47999572753906,236.6300048828125,238.36500549316406,5723258.0
2026-01-20 16:30:00,238.3300018310547,239.49000549316406,235.9600067138672,236.10000610351562,3808978.0
2026-01-20 17:30:00,236.1634979248047,236.3240966796875,233.4949951171875,233.59190368652344,2594755.0
2026-01-20 18:30:00,233.50999450683594,233.70989990234375,231.11000061035156,231.58999633789062,2653578.0
2026-01-20 19:30:00,231.61000061035156,232.16990661621094,230.8000030517578,231.41600036621094,2419341.0
2026-01-20 20:30:00,231.47500610351562,232.6999969482422,231.2100067138672,231.94000244140625,2406872.0
2026-01-21 14:30:00,235.99000549316406,247.9600067138672,235.77999877929688,246.75,14492436.0
2026-01-21 15:30:00,246.80999755859375,252.89999389648438,246.80999755859375,252.35000610351562,8606776.0
2026-01-21 16:30:00,252.3300018310547,252.5,244.77999877929688,245.60989379882812,5880733.0
2026-01-21 17:30:00,245.52999877929688,247.72000122070312,244.25,245.17999267578125,3674961.0
2026-01-21 18:30:00,245.22999572753906,248.27999877929688,244.22000122070312,247.9250030517578,2413981.0
2026-01-21 19:30:00,248.6999969482422,251.54989624023438,247.15499877929688,249.1999969482422,5071328.0
2026-01-21 20:30:00,249.1999969482422,250.2799072265625,248.3798065185547,249.6649932861328,2891310.0
2026-01-22 14:30:00,251.6750030517578,252.0,246.6320037841797,250.2624969482422,9583255.0
2026-01-22 15:30:00,250.3000030517578,253.99000549316406,249.860107421875,253.41000366210938,4086363.0
2026-01-22 16:30:00,253.4738006591797,256.04998779296875,253.1999969482422,255.00160217285156,3742552.0
2026-01-22 17:30:00,255.02000427246094,255.2899932861328,253.4499969482422,253.9600067138672,2242292.0
2026-01-22 18:30:00,253.94000244140625,254.75999450683594,252.41000366210938,254.47999572753906,1773873.0
2026-01-22 19:30:00,254.5,254.63999938964844,252.92999267578125,253.02000427246094,1873795.0
2026-01-22 20:30:00,253.0,253.8498992919922,252.69000244140625,253.72999572753906,1848710.0
2026-01-23 14:30:00,266.0,266.1449890136719,258.05999755859375,264.0050048828125,16325110.0
2026-01-23 15:30:00,264.0400085449219,264.0400085449219,260.57000732421875,261.114990234375,3936916.0
2026-01-23 16:30:00,261.17999267578125,262.0799865722656,258.4501953125,259.2650146484375,3191080.0
2026-01-23 17:30:00,259.2099914550781,259.2900085449219,256.25,258.30999755859375,3435797.0
2026-01-23 18:30:00,258.30499267578125,258.3299865722656,256.2500915527344,257.54998779296875,2384295.0
2026-01-23 19:30:00,257.5249938964844,259.8500061035156,257.3399963378906,258.6199951171875,2623155.0
2026-01-23 20:30:00,258.5799865722656,259.7665100097656,257.9200134277344,259.6499938964844,2456032.0
2026-01-26 14:30:00,256.7449951171875,258.2898864746094,250.77000427246094,251.0,6854486.0
2026-01-26 15:30:00,251.02999877929688,254.15989685058594,250.30999755859375,252.47999572753906,3736840.0
2026-01-26 16:30:00,252.48910522460938,253.93699645996094,251.97000122070312,253.42999267578125,2123256.0
2026-01-26 17:30:00,253.42999267578125,253.6157989501953,252.36680603027344,252.91000366210938,1541422.0
2026-01-26 18:30:00,252.9550018310547,254.2100067138672,252.4499969482422,252.92250061035156,2160055.0
2026-01-26 19:30:00,252.88999938964844,253.0,250.6999969482422,251.56500244140625,2170983.0
2026-01-26 20:30:00,251.5800018310547,251.6898956298828,250.72000122070312,251.32000732421875,1757218.0
2026-01-27 14:30:00,252.16000366210938,255.5500030517578,247.9600067138672,253.99960327148438,6901354.0
2026-01-27 15:30:00,253.97000122070312,254.36000061035156,252.22000122070312,252.3448028564453,2223726.0
2026-01-27 16:30:00,252.33999633789062,253.10000610351562,251.60000610351562,252.5399932861328,1749155.0
2026-01-27 17:30:00,252.5449981689453,252.6300048828125,250.55999755859375,250.75,2135398.0
2026-01-27 18:30:00,250.7449951171875,251.4199981689453,249.86000061035156,251.08999633789062,1708591.0
2026-01-27 19:30:00,251.05999755859375,252.14999389648438,250.0500030517578,251.6300048828125,2215132.0
2026-01-27 20:30:00,251.61000061035156,252.1300048828125,250.9199981689453,252.0399932861328,1509257.0
2026-01-28 14:30:00,254.1999969482422,257.3699951171875,252.6999969482422,252.89500427246094,6147690.0
2026-01-28 15:30:00,252.85000610351562,253.57000732421875,252.0301055908203,253.1999969482422,2880881.0
2026-01-28 16:30:00,253.10000610351562,253.1699981689453,251.4499969482422,251.86000061035156,1700170.0
2026-01-28 17:30:00,251.8000030517578,252.2899932861328,251.11000061035156,251.8699951171875,1735990.0
2026-01-28 18:30:00,251.88999938964844,252.10000610351562,250.67999267578125,251.2449951171875,2059802.0
2026-01-28 19:30:00,251.27000427246094,253.3498992919922,250.21499633789062,252.75999450683594,2435294.0
2026-01-28 20:30:00,252.75,253.19000244140625,252.5,252.74000549316406,1616590.0
2026-01-29 14:30:00,254.65499877929688,260.52978515625,247.3800048828125,247.5399932861328,6880283.0
2026-01-29 15:30:00,247.52999877929688,248.47000122070312,240.91000366210938,244.27000427246094,4589672.0
2026-01-29 16:30:00,244.3000030517578,248.8000030517578,243.53939819335938,248.47349548339844,2634181.0
2026-01-29 17:30:00,248.4499969482422,249.64999389648438,247.49000549316406,247.8300018310547,2133623.0
2026-01-29 18:30:00,247.7801055908203,248.8480987548828,247.0,248.72500610351562,1578731.0
2026-01-29 19:30:00,248.72999572753906,249.25,247.97000122070312,248.63999938964844,1691431.0
2026-01-29 20:30:00,248.5800018310547,252.22999572753906,248.38999938964844,252.08999633789062,2343341.0
2026-01-30 14:30:00,236.91000366210938,245.24000549316406,235.75999450683594,242.1300048828125,8922223.0
2026-01-30 15:30:00,242.14999389648438,244.50999450683594,239.9600067138672,240.75,3413062.0
2026-01-30 16:30:00,240.6699981689453,242.5,239.3000030517578,241.0500030517578,2535105.0
2026-01-30 17:30:00,240.91000366210938,241.24000549316406,237.5399932861328,238.38999938964844,2071298.0
2026-01-30 18:30:00,238.36000061035156,240.4600067138672,237.15060424804688,239.67010498046875,2098774.0
2026-01-30 19:30:00,239.71499633789062,240.07000732421875,235.14999389648438,235.5749969482422,2807704.0
2026-01-30 20:30:00,235.5,237.4499969482422,234.5500030517578,236.77999877929688,3010130.0
2026-02-02 14:30:00,235.7550048828125,249.97000122070312,235.00999450683594,248.2987060546875,10441672.0
2026-02-02 15:30:00,248.28759765625,249.25,246.07000732421875,247.3699951171875,3812464.0
2026-02-02 16:30:00,247.4250030517578,248.9398956298828,246.9600067138672,248.77999877929688,2167239.0
2026-02-02 17:30:00,248.75929260253906,249.08990478515625,247.4199981689453,247.61000061035156,1776196.0
2026-02-02 18:30:00,247.62620544433594,249.97000122070312,247.16160583496094,249.66009521484375,2107014.0
2026-02-02 19:30:00,249.66000366210938,249.72999572753906,245.77000427246094,246.88999938964844,2398877.0
2026-02-02 20:30:00,246.85000610351562,246.88999938964844,245.17999267578125,246.27999877929688,2153250.0
2026-02-03 14:30:00,251.50250244140625,252.63999938964844,241.74400329589844,243.57000732421875,8254209.0
2026-02-03 15:30:00,243.49000549316406,246.0,242.11000061035156,244.22999572753906,3145520.0
2026-02-03 16:30:00,244.14999389648438,245.25999450683594,241.85000610351562,242.5399932861328,2124094.0
2026-02-03 17:30:00,242.47000122070312,242.47000122070312,239.1699981689453,239.88999938964844,2363685.0
2026-02-03 18:30:00,239.8300018310547,241.48500061035156,237.03759765625,240.36000061035156,3612089.0
2026-02-03 19:30:00,240.31179809570312,243.24989318847656,239.35009765625,242.9149932861328,3857326.0
2026-02-03 20:30:00,242.97000122070312,245.23179626464844,241.89999389648438,242.19000244140625,14594054.0
2026-02-04 14:30:00,215.44000244140625,218.4499969482422,206.0,208.47000122070312,26721715.0
2026-02-04 15:30:00,208.3800048828125,209.01499938964844,203.13999938964844,204.19000244140625,11725647.0
2026-02-04 16:30:00,204.1501007080078,204.22999572753906,200.4499969482422,200.6300048828125,9061120.0
2026-02-04 17:30:00,200.61000061035156,203.30999755859375,199.1501007080078,202.2449951171875,8119076.0
2026-02-04 18:30:00,202.2617950439453,202.27999877929688,199.72999572753906,200.99099731445312,5885182.0
2026-02-04 19:30:00,200.9499969482422,204.25,200.9022979736328,201.64999389648438,7605624.0
2026-02-04 20:30:00,201.60000610351562,203.64999389648438,200.05999755859375,200.4600067138672,5652380.0
2026-02-05 14:30:00,201.85499572753906,204.0399932861328,192.80999755859375,193.05999755859375,15212729.0
2026-02-05 15:30:00,193.09750366210938,196.77999877929688,191.0749969482422,196.27999877929688,7998730.0
2026-02-05 16:30:00,196.36000061035156,196.6699981689453,193.02999877929688,194.8800048828125,5028551.0
2026-02-05 17:30:00,194.96499633789062,195.4199981689453,192.3000030517578,192.39999389648438,3367984.0
2026-02-05 18:30:00,192.36000061035156,193.60000610351562,191.00999450683594,191.9499969482422,3860844.0
2026-02-05 19:30:00,191.9600067138672,193.60800170898438,190.72000122070312,191.02999877929688,4133897.0
2026-02-05 20:30:00,191.00999450683594,192.6699981689453,190.7801055908203,192.49000549316406,3582781.0
2026-02-06 14:30:00,197.1300048828125,206.66000366210938,196.42999267578125,204.8350067138672,16036166.0
2026-02-06 15:30:00,204.8699951171875,208.4199981689453,204.25,207.67999267578125,5592899.0
2026-02-06 16:30:00,207.6999969482422,208.38999938964844,206.67999267578125,208.05499267578125,3518561.0
2026-02-06 17:30:00,208.07359313964844,209.0500030517578,207.1999969482422,207.5850067138672,3022243.0
2026-02-06 18:30:00,207.5850067138672,207.97000122070312,206.25,206.9199981689453,2269375.0
2026-02-06 19:30:00,206.9600067138672,207.9600067138672,206.02000427246094,207.88499450683594,3248984.0
2026-02-06 20:30:00,207.8800048828125,209.27000427246094,207.6199951171875,208.32000732421875,3391836.0
2026-02-09 14:30:00,206.80499267578125,215.25999450683594,204.14999389648438,212.25999450683594,10165223.0
2026-02-09 15:30:00,212.2899932861328,216.0800018310547,212.2301025390625,215.4499053955078,3970954.0
2026-02-09 16:30:00,215.30999755859375,216.77999877929688,215.22999572753906,215.97999572753906,3228558.0
2026-02-09 17:30:00,216.05999755859375,216.3699951171875,214.3300018310547,215.17999267578125,2580025.0
2026-02-09 18:30:00,215.21499633789062,217.41000366210938,215.01150512695312,217.2949981689453,2507669.0
2026-02-09 19:30:00,217.2949981689453,217.60000610351562,215.7899932861328,216.26499938964844,2769767.0
2026-02-09 20:30:00,216.24000549316406,216.47999572753906,215.58200073242188,215.8000030517578,2541856.0
2026-02-10 14:30:00,215.24000549316406,219.38999938964844,214.25999450683594,215.5800018310547,6465930.0
2026-02-10 15:30:00,215.6300048828125,217.7799072265625,215.02999877929688,216.82000732421875,3440438.0
2026-02-10 16:30:00,216.8000030517578,217.25,215.14999389648438,215.41000366210938,1821933.0
2026-02-10 17:30:00,215.4199981689453,216.17999267578125,214.61500549316406,214.86000061035156,1477653.0
2026-02-10 18:30:00,214.8300018310547,215.5800018310547,214.1300048828125,215.3000030517578,1315424.0
2026-02-10 19:30:00,215.2949981689453,215.61000061035156,213.57000732421875,213.6699981689453,1730580.0
2026-02-10 20:30:00,213.6300048828125,214.10000610351562,213.1300048828125,213.6199951171875,1668115.0
2026-02-11 14:30:00,217.64999389648438,219.64999389648438,209.2100067138672,209.7274932861328,7854316.0
2026-02-11 15:30:00,209.83999633789062,214.80999755859375,209.61000061035156,212.52999877929688,4307172.0
2026-02-11 16:30:00,212.5500030517578,213.3300018310547,209.7675018310547,211.36000061035156,3050805.0
2026-02-11 17:30:00,211.3300018310547,212.5,210.1569061279297,211.03799438476562,1837838.0
2026-02-11 18:30:00,211.0500030517578,213.8800048828125,210.55999755859375,213.568603515625,2198680.0
2026-02-11 19:30:00,213.60000610351562,214.24000549316406,212.52999877929688,212.5500030517578,2193168.0
2026-02-11 20:30:00,212.5500030517578,214.1999969482422,212.47999572753906,213.49000549316406,2142671.0
2026-02-12 14:30:00,215.63999938964844,218.45640563964844,211.64100646972656,214.00999450683594,5928635.0
2026-02-12 15:30:00,214.02650451660156,214.13999938964844,206.15139770507812,206.24000549316406,4091447.0
2026-02-12 16:30:00,206.22860717773438,208.95370483398438,205.83729553222656,207.52000427246094,2752796.0
2026-02-12 17:30:00,207.5500030517578,209.27999877929688,206.7100067138672,207.60000610351562,1725946.0
2026-02-12 18:30:00,207.67999267578125,208.54989624023438,206.4499969482422,206.66000366210938,1744856.0
2026-02-12 19:30:00,206.75999450683594,207.86520385742188,205.35000610351562,205.55999755859375,1951212.0
2026-02-12 20:30:00,205.62750244140625,207.2198944091797,205.13999938964844,205.9199981689453,2383313.0
2026-02-13 14:30:00,204.02000427246094,210.0500030517578,203.88009643554688,207.89999389648438,6555210.0
2026-02-13 15:30:00,207.82000732421875,209.22000122070312,204.0399932861328,207.06500244140625,3456238.0
2026-02-13 16:30:00,207.07000732421875,208.52000427246094,206.3350067138672,208.30999755859375,1558443.0
2026-02-13 17:30:00,208.25999450683594,209.39999389648438,207.97000122070312,208.4989013671875,1597659.0
2026-02-13 18:30:00,208.58999633789062,209.49000549316406,207.26499938964844,207.4001007080078,1088606.0
2026-02-13 19:30:00,207.47000122070312,208.14999389648438,206.52999877929688,207.05499267578125,1282891.0
2026-02-13 20:30:00,207.02999877929688,207.75,206.61000061035156,207.3000030517578,6629247.0
2026-02-17 14:30:00,202.14500427246094,205.3000030517578,194.8300018310547,196.83009338378906,8688443.0
2026-02-17 15:30:00,196.88999938964844,202.85000610351562,195.94000244140625,201.99949645996094,3780950.0
2026-02-17 16:30:00,202.0,203.5500030517578,201.5500030517578,202.74729919433594,2311607.0
2026-02-17 17:30:00,202.7899932861328,203.75,201.25,203.42730712890625,1513026.0
2026-02-17 18:30:00,203.39999389648438,204.33999633789062,203.11000061035156,203.78880310058594,1396621.0
2026-02-17 19:30:00,203.81500244140625,204.9600067138672,202.5,202.5399932861328,1682823.0
2026-02-17 20:30:00,202.50999450683594,203.41000366210938,202.0,203.0449981689453,1799157.0
2026-02-18 14:30:00,198.57000732421875,201.3300018310547,195.00010681152344,200.1999969482422,9292394.0
2026-02-18 15:30:00,200.21499633789062,202.44000244140625,199.11000061035156,202.27999877929688,4005614.0
2026-02-18 16:30:00,202.27999877929688,203.08999633789062,201.7415008544922,202.47459411621094,2392979.0
2026-02-18 17:30:00,202.4427947998047,203.1999969482422,201.88999938964844,202.1699981689453,1725746.0
2026-02-18 18:30:00,202.24989318847656,202.30999755859375,200.16000366210938,200.3498992919922,2095528.0
2026-02-18 19:30:00,200.3249969482422,200.47000122070312,197.3699951171875,197.96640014648438,3216903.0
2026-02-18 20:30:00,197.91000366210938,200.4199981689453,197.83999633789062,200.11000061035156,2853497.0
2026-02-19 14:30:00,200.11000061035156,203.3699951171875,198.2938995361328,201.9149932861328,5232689.0
2026-02-19 15:30:00,201.91000366210938,204.10000610351562,200.90499877929688,201.05999755859375,3142603.0
2026-02-19 16:30:00,201.11000061035156,202.15989685058594,200.9001007080078,201.49000549316406,2652882.0
2026-02-19 17:30:00,201.4600067138672,201.79989624023438,199.86180114746094,200.77999877929688,1939143.0
2026-02-19 18:30:00,200.6999969482422,202.87989807128906,200.4788055419922,202.47500610351562,1665752.0
2026-02-19 19:30:00,202.42999267578125,203.1699981689453,201.7899932861328,202.05999755859375,1945879.0
2026-02-19 20:30:00,201.99000549316406,203.4600067138672,201.89999389648438,203.35000610351562,1603568.0
2026-02-20 14:30:00,200.11500549316406,203.5001983642578,199.1999969482422,202.3199005126953,6275346.0
2026-02-20 15:30:00,202.24749755859375,204.8699951171875,201.110107421875,201.91700744628906,3285912.0
2026-02-20 16:30:00,201.88999938964844,202.7899932861328,199.0399932861328,199.25999450683594,2872586.0
2026-02-20 17:30:00,199.26499938964844,200.07000732421875,198.55999755859375,199.17799377441406,3862809.0
2026-02-20 18:30:00,199.10499572753906,201.86000061035156,198.64999389648438,200.1199951171875,2540937.0
2026-02-20 19:30:00,200.1199951171875,200.52999877929688,199.14999389648438,199.8000030517578,2332579.0
2026-02-20 20:30:00,199.77000427246094,200.1999969482422,199.2949981689453,200.1199951171875,1983850.0
2026-02-23 14:30:00,198.08999633789062,199.3800048828125,194.14999389648438,197.9600067138672,5940781.0
2026-02-23 15:30:00,198.0500030517578,198.31930541992188,194.88009643554688,196.6300048828125,3118148.0
2026-02-23 16:30:00,196.61000061035156,197.08999633789062,195.5399932861328,196.56500244140625,2221861.0
2026-02-23 17:30:00,196.58999633789062,196.83999633789062,194.64999389648438,196.63499450683594,5832869.0
2026-02-23 18:30:00,196.64999389648438,196.6699981689453,194.89999389648438,195.22000122070312,2555141.0
2026-02-23 19:30:00,195.2050018310547,195.5800018310547,194.51010131835938,194.9199981689453,0.0
2026-02-23 20:30:00,194.89999389648438,196.77000427246094,194.89999389648438,196.58999633789062,2320888.0
2026-02-24 14:30:00,211.66000366210938,213.42999267578125,206.50999450683594,212.4600067138672,25482284.0
2026-02-24 15:30:00,212.48500061035156,212.75,208.9600067138672,211.00999450683594,6657836.0
2026-02-24 16:30:00,211.0,214.9499969482422,209.62010192871094,214.47000122070312,6585299.0
2026-02-24 17:30:00,214.46180725097656,216.7100067138672,214.36000061035156,216.2100067138672,6137795.0
2026-02-24 18:30:00,216.2100067138672,216.5,213.3800048828125,213.4600067138672,4748835.0
2026-02-24 19:30:00,213.47500610351562,215.02000427246094,212.38999938964844,213.02999877929688,4208340.0
2026-02-24 20:30:00,213.0399932861328,214.42999267578125,212.99000549316406,213.72999572753906,3905579.0
2026-02-25 14:30:00,214.82000732421875,216.6999969482422,210.3300018310547,213.73500061035156,9310897.0
2026-02-25 15:30:00,213.75,214.0399932861328,210.77000427246094,212.0500030517578,4540841.0
2026-02-25 16:30:00,212.0399932861328,214.0,211.2700958251953,212.80499267578125,3876472.0
2026-02-25 17:30:00,212.8000030517578,213.05999755859375,211.9600067138672,212.4600067138672,1874814.0
2026-02-25 18:30:00,212.45150756835938,213.73989868164062,212.0601043701172,212.1291961669922,2669396.0
2026-02-25 19:30:00,212.0800018310547,212.16990661621094,210.82000732421875,211.22000122070312,3458767.0
2026-02-25 20:30:00,211.22000122070312,211.55990600585938,210.5,210.86000061035156,2738576.0
2026-02-26 14:30:00,208.9499969482422,209.77130126953125,201.8800048828125,202.5500946044922,8663402.0
2026-02-26 15:30:00,202.5500030517578,204.85000610351562,201.85000610351562,203.4600067138672,3873019.0
2026-02-26 16:30:00,203.42999267578125,203.8699951171875,201.89999389648438,202.4199981689453,2514441.0
2026-02-26 17:30:00,202.3800048828125,203.30999755859375,201.4600067138672,202.3300018310547,2291976.0
2026-02-26 18:30:00,202.3300018310547,203.97000122070312,202.3000946044922,203.1199951171875,1933167.0
2026-02-26 19:30:00,203.0800018310547,204.03990173339844,202.42999267578125,202.5,2080345.0
2026-02-26 20:30:00,202.47000122070312,203.80999755859375,202.47000122070312,203.6699981689453,2019580.0
2026-02-27 14:30:00,199.9499969482422,201.8800048828125,198.02999877929688,200.83999633789062,5975576.0
2026-02-27 15:30:00,200.85000610351562,201.13999938964844,199.64999389648438,200.3699951171875,2626721.0
2026-02-27 16:30:00,200.3778076171875,200.91000366210938,198.89999389648438,199.42999267578125,2464139.0
2026-02-27 17:30:00,199.42999267578125,199.89999389648438,197.97000122070312,198.3800048828125,1925954.0
2026-02-27 18:30:00,198.37840270996094,198.5399932861328,197.74000549316406,198.14999389648438,1849086.0
2026-02-27 19:30:00,198.16000366210938,199.91000366210938,197.8800048828125,199.4528045654297,2137602.0
2026-02-27 20:30:00,199.4499969482422,200.61000061035156,199.19000244140625,200.19000244140625,2228804.0
2026-03-02 14:30:00,193.80999755859375,196.10000610351562,190.0,193.6999969482422,12116225.0
2026-03-02 15:30:00,193.6699981689453,195.52999877929688,193.14999389648438,195.05999755859375,0.0
2026-03-02 16:30:00,195.05499267578125,198.07769775390625,194.8699951171875,197.71499633789062,2755627.0
2026-03-02 17:30:00,197.7050018310547,197.9499969482422,196.32000732421875,196.75,1885831.0
2026-03-02 18:30:00,196.7899932861328,197.47999572753906,196.05999755859375,197.24000549316406,1707529.0
2026-03-02 19:30:00,197.23500061035156,198.3699951171875,196.51010131835938,196.8300018310547,2103515.0
2026-03-02 20:30:00,196.8300018310547,198.72999572753906,196.72999572753906,198.60940551757812,2387544.0
2026-03-03 14:30:00,191.4600067138672,193.63999938964844,188.52999877929688,188.735107421875,10340116.0
2026-03-03 15:30:00,188.69000244140625,191.3000030517578,188.22000122070312,191.0050048828125,5706460.0
2026-03-03 16:30:00,190.9949951171875,191.69000244140625,190.17999267578125,191.39999389648438,3122170.0
2026-03-03 17:30:00,191.39300537109375,192.1999969482422,190.10000610351562,191.43040466308594,3171533.0
2026-03-03 18:30:00,191.47000122070312,192.4199981689453,191.02000427246094,191.3000030517578,3272720.0
2026-03-03 19:30:00,191.30999755859375,192.5500030517578,190.58999633789062,191.24000549316406,4047397.0
2026-03-03 20:30:00,191.1999969482422,191.6999969482422,190.5,190.9600067138672,3839195.0
2026-03-04 14:30:00,192.1699981689453,197.0,189.86000061035156,196.25999450683594,9440190.0
2026-03-04 15:30:00,196.25999450683594,198.53720092773438,196.1501007080078,197.85000610351562,5437711.0
2026-03-04 16:30:00,197.82000732421875,200.27000427246094,197.17999267578125,200.17999267578125,4358026.0
2026-03-04 17:30:00,200.17999267578125,201.5,199.4499969482422,201.27999877929688,4154708.0
2026-03-04 18:30:00,201.3000030517578,202.44000244140625,201.07000732421875,201.1199951171875,3703915.0
2026-03-04 19:30:00,201.1300048828125,202.41000366210938,201.07000732421875,201.25,4127962.0
2026-03-04 20:30:00,201.2100067138672,202.22000122070312,200.85000610351562,202.05999755859375,4501970.0
2026-03-05 14:30:00,197.77000427246094,203.7899932861328,197.4550018310547,200.61500549316406,8653309.0
2026-03-05 15:30:00,200.6699981689453,202.72000122070312,199.5,200.856201171875,3891348.0
2026-03-05 16:30:00,200.8800048828125,202.74000549316406,199.32000732421875,199.42999267578125,2728030.0
2026-03-05 17:30:00,199.50999450683594,199.6300048828125,194.8800048828125,195.72500610351562,5563933.0
2026-03-05 18:30:00,195.6999969482422,197.2899932861328,195.33999633789062,195.7449951171875,2981162.0
2026-03-05 19:30:00,195.72000122070312,198.1199951171875,195.0,197.59500122070312,4676752.0
2026-03-05 20:30:00,197.57000732421875,199.5800018310547,197.4001007080078,199.4499969482422,4096379.0
2026-03-06 14:30:00,195.16000366210938,198.8800048828125,194.9499969482422,198.1999969482422,6753431.0
2026-03-06 15:30:00,198.25999450683594,199.41990661621094,197.0800018310547,198.70989990234375,3378566.0
2026-03-06 16:30:00,198.6999969482422,200.24000549316406,197.9499969482422,198.19000244140625,2602877.0
2026-03-06 17:30:00,198.19000244140625,199.1999053955078,197.13999938964844,197.99000549316406,2146679.0
2026-03-06 18:30:00,197.98880004882812,198.25999450683594,195.85000610351562,196.50010681152344,2865046.0
2026-03-06 19:30:00,196.49000549316406,196.8000030517578,192.00999450683594,192.1195068359375,5909132.0
2026-03-06 20:30:00,192.0800018310547,193.7899932861328,191.25010681152344,192.4499969482422,5402422.0
2026-03-09 13:30:00,189.02000427246094,193.41990661621094,189.02000427246094,192.02000427246094,8265872.0
2026-03-09 14:30:00,191.9600067138672,196.02999877929688,191.74000549316406,195.6699981689453,5466172.0
2026-03-09 15:30:00,195.6649932861328,197.13999938964844,194.4217071533203,196.8000030517578,3912815.0
2026-03-09 16:30:00,196.77499389648438,197.90989685058594,195.9600067138672,196.44500732421875,3146412.0
2026-03-09 17:30:00,196.41000366210938,197.71499633789062,195.66009521484375,197.1999969482422,2561002.0
2026-03-09 18:30:00,197.19000244140625,202.2899932861328,197.02999877929688,202.10009765625,5345743.0
2026-03-09 19:30:00,202.08999633789062,202.97000122070312,200.85000610351562,202.72999572753906,5620984.0
2026-03-10 13:30:00,202.50999450683594,206.58999633789062,202.1999969482422,203.1649932861328,7634952.0
2026-03-10 14:30:00,203.17010498046875,206.41000366210938,203.1623992919922,204.8350067138672,4610504.0
2026-03-10 15:30:00,204.89999389648438,204.9600067138672,203.22999572753906,204.10000610351562,3095499.0
2026-03-10 16:30:00,204.11500549316406,206.1199951171875,204.0,205.9095001220703,2405318.0
2026-03-10 17:30:00,205.8800048828125,205.95989990234375,203.1999969482422,204.10499572753906,2676435.0
2026-03-10 18:30:00,204.1699981689453,204.77000427246094,203.3000030517578,203.6649932861328,2418291.0
2026-03-10 19:30:00,203.69000244140625,203.96499633789062,202.32000732421875,203.24000549316406,2783409.0
2026-03-11 13:30:00,205.10000610351562,209.2100067138672,204.72000122070312,207.0399932861328,7585494.0
2026-03-11 14:30:00,206.98939514160156,207.14990234375,204.99000549316406,205.3166046142578,3257505.0
2026-03-11 15:30:00,205.32000732421875,206.0500030517578,204.29600524902344,204.6999969482422,2231271.0
2026-03-11 16:30:00,204.7100067138672,205.60000610351562,204.4199981689453,205.4250030517578,1540523.0
2026-03-11 17:30:00,205.44000244140625,205.44000244140625,203.6300048828125,204.4499969482422,1941132.0
2026-03-11 18:30:00,204.3699951171875,205.07049560546875,203.69009399414062,204.22000122070312,2520621.0
2026-03-11 19:30:00,204.1699981689453,205.1999969482422,203.99000549316406,204.75,1885140.0
2026-03-12 13:30:00,202.9499969482422,203.6199951171875,198.0800018310547,198.3800048828125,7622548.0
2026-03-12 14:30:00,198.38180541992188,199.2100067138672,196.6699981689453,197.67999267578125,4362330.0
2026-03-12 15:30:00,197.6699981689453,200.0,197.3000030517578,198.77000427246094,3647296.0
2026-03-12 16:30:00,198.74000549316406,199.7550048828125,198.3000030517578,198.77499389648438,2228656.0
2026-03-12 17:30:00,198.8000030517578,199.02000427246094,197.72000122070312,198.19000244140625,1704400.0
2026-03-12 18:30:00,198.14999389648438,198.4698944091797,197.16000366210938,198.2301025390625,2476424.0
2026-03-12 19:30:00,198.24000549316406,198.60000610351562,197.08999633789062,197.82000732421875,3019925.0
2026-03-13 13:30:00,198.11500549316406,199.67999267578125,196.44000244140625,197.0,6487504.0
2026-03-13 14:30:00,197.02999877929688,197.60000610351562,194.5,194.6699981689453,4872778.0
2026-03-13 15:30:00,194.67999267578125,195.13999938964844,193.33999633789062,193.72000122070312,3185884.0
2026-03-13 16:30:00,193.75,194.4600067138672,193.239501953125,194.02999877929688,2759823.0
2026-03-13 17:30:00,194.0659942626953,194.08999633789062,192.86500549316406,193.30499267578125,2621977.0
2026-03-13 18:30:00,193.2949981689453,193.83999633789062,192.27000427246094,192.6300048828125,2913621.0
2026-03-13 19:30:00,192.64999389648438,193.44000244140625,192.47000122070312,193.44000244140625,2795726.0
2026-03-16 13:30:00,194.84500122070312,198.42999267578125,194.8000030517578,197.68600463867188,5655620.0
2026-03-16 14:30:00,197.7198944091797,200.1699981689453,196.75,199.86500549316406,3613209.0
2026-03-16 15:30:00,199.88999938964844,200.15499877929688,198.0800018310547,198.39999389648438,6561379.0
2026-03-16 16:30:00,198.41990661621094,199.12989807128906,198.110107421875,198.52000427246094,0.0
2026-03-16 17:30:00,198.5399932861328,199.39999389648438,198.17999267578125,198.89999389648438,2058357.0
2026-03-16 18:30:00,198.89999389648438,199.1300048828125,196.75,197.29989624023438,3266421.0
2026-03-16 19:30:00,197.27000427246094,197.27000427246094,195.7100067138672,196.60000610351562,2118184.0
2026-03-17 13:30:00,196.67999267578125,199.2100067138672,195.39999389648438,198.26499938964844,5041953.0
2026-03-17 14:30:00,198.2899932861328,198.60000610351562,196.25,196.25999450683594,4456163.0
2026-03-17 15:30:00,196.25,196.73500061035156,195.25999450683594,196.2899932861328,242365.0
2026-03-17 16:30:00,196.25999450683594,196.6750030517578,195.47000122070312,196.0449981689453,1816770.0
2026-03-17 17:30:00,196.02000427246094,197.08999633789062,195.7899932861328,196.57000732421875,1514972.0
2026-03-17 18:30:00,196.52999877929688,196.92999267578125,196.0,196.27499389648438,1162340.0
2026-03-17 19:30:00,196.3000030517578,196.74000549316406,196.00999450683594,196.30999755859375,1316118.0
2026-03-18 13:30:00,196.125,200.74000549316406,195.75,198.57000732421875,5980737.0
2026-03-18 14:30:00,198.4600067138672,200.75,198.22000122070312,199.2574005126953,2946753.0
2026-03-18 15:30:00,199.13999938964844,200.50999450683594,199.11000061035156,199.72999572753906,1892886.0
2026-03-18 16:30:00,199.72999572753906,200.2899932861328,199.1300048828125,199.6999969482422,4962659.0
2026-03-18 17:30:00,199.75,202.85000610351562,199.51010131835938,201.30999755859375,0.0
2026-03-18 18:30:00,201.27999877929688,201.75999450683594,199.10000610351562,199.45989990234375,2738661.0
2026-03-18 19:30:00,199.44000244140625,199.97999572753906,199.25999450683594,199.44000244140625,1896014.0
2026-03-19 13:30:00,195.03199768066406,198.4199981689453,192.8300018310547,197.22000122070312,8219538.0
2026-03-19 14:30:00,197.14999389648438,200.39999389648438,197.1199951171875,199.07000732421875,758218.0
2026-03-19 15:30:00,199.04400634765625,201.14999389648438,198.2100067138672,200.89999389648438,2438505.0
2026-03-19 16:30:00,200.89999389648438,201.44000244140625,199.24000549316406,200.25990295410156,2066773.0
2026-03-19 17:30:00,200.25999450683594,203.09930419921875,200.02999877929688,202.8699951171875,2462621.0
2026-03-19 18:30:00,202.94000244140625,205.6197967529297,201.6300048828125,205.02999877929688,3521567.0
2026-03-19 19:30:00,205.0500030517578,205.8800048828125,204.11000061035156,205.22999572753906,2892865.0
2026-03-20 13:30:00,205.41900634765625,206.3000030517578,199.6699981689453,199.8000030517578,8469832.0
2026-03-20 14:30:00,199.82000732421875,202.58999633789062,199.8000030517578,201.89999389648438,3831259.0
2026-03-20 15:30:00,201.89500427246094,202.9499053955078,201.61000061035156,202.00999450683594,3336868.0
2026-03-20 16:30:00,202.05999755859375,202.05999755859375,200.2100067138672,200.3498992919922,2104367.0
2026-03-20 17:30:00,200.35000610351562,200.5,198.9199981689453,199.57000732421875,2419974.0
2026-03-20 18:30:00,199.60000610351562,199.66940307617188,198.25999450683594,198.77000427246094,2836610.0
2026-03-20 19:30:00,198.8000030517578,201.47999572753906,198.44000244140625,201.47000122070312,3751152.0
2026-03-23 13:30:00,206.39500427246094,209.05999755859375,205.7899932861328,207.3800048828125,9396405.0
2026-03-23 14:30:00,207.36500549316406,208.25,205.7100067138672,206.99000549316406,4844202.0
2026-03-23 15:30:00,207.0,207.6999969482422,201.7100067138672,202.57000732421875,4300511.0
2026-03-23 16:30:00,202.60499572753906,204.3699951171875,202.50999450683594,203.5449981689453,2533234.0
2026-03-23 17:30:00,203.59500122070312,205.1300048828125,203.59500122070312,204.58999633789062,2180776.0
2026-03-23 18:30:00,204.6300048828125,205.89999389648438,203.91009521484375,204.49000549316406,2645920.0
2026-03-23 19:30:00,204.4550018310547,204.66000366210938,202.6199951171875,202.6199951171875,2679030.0
2026-03-24 13:30:00,201.38999938964844,204.9199981689453,200.16000366210938,201.0,5751688.0
2026-03-24 14:30:00,200.94500732421875,205.1300048828125,200.91839599609375,204.58999633789062,3775975.0
2026-03-24 15:30:00,204.60000610351562,205.02000427246094,202.88999938964844,203.41000366210938,2287287.0
2026-03-24 16:30:00,203.4199981689453,203.75,200.1300048828125,201.28500366210938,2710036.0
2026-03-24 17:30:00,201.30999755859375,204.75,200.8000030517578,204.6699981689453,2813615.0
2026-03-24 18:30:00,204.66990661621094,206.42999267578125,204.4600067138672,205.76499938964844,3394158.0
2026-03-24 19:30:00,205.74000549316406,205.97999572753906,204.61000061035156,205.38499450683594,3068567.0
2026-03-25 13:30:00,211.5050048828125,219.83999633789062,211.5050048828125,219.41990661621094,16411659.0
2026-03-25 14:30:00,219.40499877929688,219.9499969482422,217.60000610351562,219.5800018310547,6629922.0
2026-03-25 15:30:00,219.60000610351562,219.92999267578125,216.64999389648438,218.1999969482422,4925609.0
2026-03-25 16:30:00,218.24000549316406,218.8000030517578,217.4600067138672,218.4250030517578,3194681.0
2026-03-25 17:30:00,218.39999389648438,221.25,218.33299255371094,221.00999450683594,4929303.0
2026-03-25 18:30:00,221.02999877929688,221.3300018310547,219.7899932861328,220.3699951171875,4319872.0
2026-03-25 19:30:00,220.3699951171875,220.60499572753906,219.5500030517578,220.32000732421875,4164062.0
2026-03-26 13:30:00,218.02000427246094,221.0,212.32000732421875,212.42999267578125,11958099.0
2026-03-26 14:30:00,212.44000244140625,213.00999450683594,206.42999267578125,207.00999450683594,10005710.0
2026-03-26 15:30:00,206.99000549316406,209.3000030517578,206.04330444335938,206.05999755859375,5673796.0
2026-03-26 16:30:00,206.0980987548828,207.25,205.25,205.4799041748047,4051169.0
2026-03-26 17:30:00,205.47999572753906,206.67999267578125,204.6999969482422,205.19000244140625,3738765.0
2026-03-26 18:30:00,205.18499755859375,205.91990661621094,203.9199981689453,204.52499389648438,4165349.0
2026-03-26 19:30:00,204.5500030517578,204.58999633789062,203.42999267578125,203.7899932861328,4739570.0
2026-03-27 13:30:00,201.85000610351562,203.10499572753906,198.0,198.9149932861328,8368887.0
2026-03-27 14:30:00,198.88999938964844,200.39999389648438,197.69000244140625,200.33999633789062,3494273.0
2026-03-27 15:30:00,200.36500549316406,201.99000549316406,200.2899932861328,200.9550018310547,3017780.0
2026-03-27 16:30:00,201.02090454101562,203.25999450683594,200.41000366210938,201.5,3072716.0
2026-03-27 17:30:00,201.5,202.86000061035156,201.03489685058594,201.38999938964844,2850868.0
2026-03-27 18:30:00,201.41000366210938,201.8990020751953,200.6800994873047,201.38499450683594,2336280.0
2026-03-27 19:30:00,201.39999389648438,202.2899932861328,200.8000030517578,201.97000122070312,2749350.0
2026-03-30 13:30:00,204.6219940185547,208.42999267578125,201.6999969482422,203.17999267578125,9029175.0
2026-03-30 14:30:00,203.125,203.8000030517578,198.84500122070312,199.8699951171875,5997873.0
2026-03-30 15:30:00,199.89999389648438,201.89999389648438,197.4219970703125,197.7100067138672,4629594.0
2026-03-30 16:30:00,197.64999389648438,198.10000610351562,196.10000610351562,196.19000244140625,3632094.0
2026-03-30 17:30:00,196.19000244140625,197.38999938964844,195.67999267578125,195.97999572753906,4149528.0
2026-03-30 18:30:00,195.97999572753906,196.6284942626953,193.0,193.2899932861328,4413167.0
2026-03-30 19:30:00,193.28500366210938,196.47999572753906,192.86500549316406,196.0500030517578,4793213.0
2026-03-31 13:30:00,198.05499267578125,201.9199981689453,196.8800048828125,200.80499267578125,7528559.0
2026-03-31 14:30:00,200.82000732421875,201.60000610351562,198.11000061035156,198.3000030517578,5119098.0
2026-03-31 15:30:00,198.27999877929688,199.61000061035156,196.42999267578125,198.69000244140625,4689950.0
2026-03-31 16:30:00,198.6699981689453,203.32000732421875,198.2550048828125,201.9499969482422,5953146.0
2026-03-31 17:30:00,201.9499969482422,202.9499969482422,201.17999267578125,202.44000244140625,3615833.0
2026-03-31 18:30:00,202.3800048828125,204.0,201.95010375976562,203.6750030517578,3645268.0
2026-03-31 19:30:00,203.64999389648438,203.8800048828125,202.9499969482422,203.33999633789062,3776410.0
2026-04-01 13:30:00,207.69000244140625,210.9600067138672,205.83999633789062,210.84500122070312,11562676.0
2026-04-01 14:30:00,210.8800048828125,212.64999389648438,209.3009033203125,211.72999572753906,6313206.0
2026-04-01 15:30:00,211.7344970703125,213.7100067138672,211.4499969482422,213.3350067138672,4430988.0
2026-04-01 16:30:00,213.35000610351562,213.8300018310547,212.47000122070312,212.5,3442136.0
2026-04-01 17:30:00,212.5070037841797,212.7899932861328,209.0399932861328,209.10000610351562,3995115.0
2026-04-01 18:30:00,209.1300048828125,212.10000610351562,208.77000427246094,211.63999938964844,4086098.0
2026-04-01 19:30:00,211.64590454101562,211.6699981689453,210.07000732421875,210.19000244140625,3279209.0
2026-04-02 13:30:00,204.0500030517578,210.25999450683594,200.6199951171875,209.10499572753906,9494843.0
2026-04-02 14:30:00,209.02940368652344,214.89999389648438,208.86000061035156,214.47000122070312,7956892.0
2026-04-02 15:30:00,214.5,214.8300018310547,212.4600067138672,212.86000061035156,3925764.0
2026-04-02 16:30:00,212.8000030517578,215.27999877929688,212.36000061035156,215.17999267578125,2888785.0
2026-04-02 17:30:00,215.17999267578125,215.7799072265625,214.6199951171875,215.29010009765625,3076723.0
2026-04-02 18:30:00,215.35000610351562,217.3000030517578,215.1699981689453,217.0399932861328,4328910.0
2026-04-02 19:30:00,217.02000427246094,217.77000427246094,216.55999755859375,217.55999755859375,3828674.0
2026-04-06 13:30:00,219.4550018310547,226.30999755859375,219.4550018310547,220.38999938964844,12642991.0
2026-04-06 14:30:00,220.4600067138672,221.57000732421875,219.3000030517578,220.21499633789062,4215185.0
2026-04-06 15:30:00,220.25,221.19000244140625,219.67999267578125,220.47000122070312,2188934.0
2026-04-06 16:30:00,220.41000366210938,221.0399932861328,217.75010681152344,219.74000549316406,3082150.0
2026-04-06 17:30:00,219.8000030517578,220.50999450683594,219.07000732421875,220.0800018310547,2023479.0
2026-04-06 18:30:00,220.1300048828125,220.61000061035156,219.58009338378906,220.3699951171875,1687310.0
2026-04-06 19:30:00,220.3300018310547,220.41000366210938,219.49000549316406,220.19000244140625,1991751.0
2026-04-07 13:30:00,218.2550048828125,222.09840393066406,215.375,218.33999633789062,7531772.0
2026-04-07 14:30:00,218.4550018310547,218.94000244140625,215.89999389648438,218.0399932861328,3237189.0
2026-04-07 15:30:00,218.0800018310547,219.43850708007812,216.61000061035156,219.02999877929688,2599854.0
2026-04-07 16:30:00,219.0,220.0,218.25999450683594,218.38999938964844,1896204.0
2026-04-07 17:30:00,218.40499877929688,219.75999450683594,218.3000030517578,218.5198974609375,1940105.0
2026-04-07 18:30:00,218.51499938964844,219.76480102539062,216.7666015625,218.74009704589844,3170696.0
2026-04-07 19:30:00,218.7449951171875,221.63999938964844,218.46600341796875,221.42999267578125,2867833.0
2026-04-08 13:30:00,232.27999877929688,233.98500061035156,227.4499969482422,229.8291015625,9736500.0
2026-04-08 14:30:00,229.7949981689453,231.9499969482422,227.08999633789062,231.09500122070312,5595067.0
2026-04-08 15:30:00,231.11000061035156,232.6300048828125,230.0800018310547,231.35000610351562,3927109.0
2026-04-08 16:30:00,231.35499572753906,233.57000732421875,231.32000732421875,232.12989807128906,2878007.0
2026-04-08 17:30:00,232.1300048828125,233.74000549316406,231.63999938964844,232.36000061035156,2967813.0
2026-04-08 18:30:00,232.36000061035156,232.7899932861328,229.5749969482422,230.66000366210938,3704302.0
2026-04-08 19:30:00,230.6199951171875,231.89999389648438,230.57000732421875,231.87899780273438,2728989.0
2026-04-09 13:30:00,233.01400756835938,235.98989868164062,230.91009521484375,232.3800048828125,7436599.0
2026-04-09 14:30:00,232.33999633789062,235.9600067138672,232.02000427246094,234.385498046875,4116953.0
2026-04-09 15:30:00,234.3800048828125,236.8699951171875,234.32000732421875,235.32989501953125,3953720.0
2026-04-09 16:30:00,235.33009338378906,235.5800018310547,233.9499969482422,234.19000244140625,1878211.0
2026-04-09 17:30:00,234.18499755859375,235.6300048828125,233.4199981689453,235.1685028076172,2616910.0
2026-04-09 18:30:00,235.1750030517578,236.9600067138672,234.85879516601562,236.58999633789062,2218336.0
2026-04-09 19:30:00,236.60499572753906,237.10000610351562,236.3022003173828,236.63999938964844,2205505.0
2026-04-10 13:30:00,238.9600067138672,249.49000549316406,238.9600067138672,246.16000366210938,13720159.0
2026-04-10 14:30:00,246.1649932861328,249.5800018310547,246.05999755859375,248.4600067138672,5050960.0
2026-04-10 15:30:00,248.4600067138672,248.46499633789062,244.57000732421875,244.60000610351562,4026967.0
2026-04-10 16:30:00,244.60000610351562,245.57000732421875,243.6300048828125,245.45750427246094,3446607.0
2026-04-10 17:30:00,245.47000122070312,246.32000732421875,245.22999572753906,245.93499755859375,2252430.0
2026-04-10 18:30:00,245.9304962158203,246.16000366210938,244.88999938964844,245.8101043701172,2107859.0
2026-04-10 19:30:00,245.8249969482422,245.94000244140625,244.8000030517578,245.02000427246094,2793695.0
2026-04-13 13:30:00,244.97500610351562,246.27999877929688,242.02999877929688,243.17999267578125,6527139.0
2026-04-13 14:30:00,243.1199951171875,245.00999450683594,242.72000122070312,244.4499969482422,2681342.0
2026-04-13 15:30:00,244.47999572753906,245.75,244.17999267578125,245.4949951171875,2279699.0
2026-04-13 16:30:00,245.49989318847656,246.3000030517578,244.9300994873047,246.22000122070312,2378068.0
2026-04-13 17:30:00,246.1999969482422,246.30499267578125,244.843505859375,245.52000427246094,1704567.0
2026-04-13 18:30:00,245.52000427246094,247.13999938964844,245.5,246.94000244140625,2088932.0
2026-04-13 19:30:00,246.94000244140625,247.3300018310547,246.3101043701172,246.77999877929688,2356456.0
2026-04-14 13:30:00,249.97999572753906,252.02999877929688,245.70010375976562,248.94000244140625,7411473.0
2026-04-14 14:30:00,248.9774932861328,251.4499969482422,248.110107421875,251.07000732421875,3141215.0
2026-04-14 15:30:00,251.05999755859375,253.0,251.00999450683594,252.86000061035156,3041413.0
2026-04-14 16:30:00,252.8699951171875,253.64500427246094,252.17449951171875,253.3800048828125,2154952.0
2026-04-14 17:30:00,253.39999389648438,253.84959411621094,252.77000427246094,253.42999267578125,1792570.0
2026-04-14 18:30:00,253.4250030517578,255.3000030517578,253.30569458007812,255.1699981689453,2611835.0
2026-04-14 19:30:00,255.14999389648438,255.4600067138672,254.64999389648438,255.05999755859375,2769284.0
2026-04-15 13:30:00,255.02999877929688,256.5498962402344,253.24000549316406,256.1000061035156,6128215.0
2026-04-15 14:30:00,256.1199951171875,257.59991455078125,255.7100067138672,256.7349853515625,3437880.0
2026-04-15 15:30:00,256.7099914550781,257.45001220703125,255.85000610351562,255.9199981689453,2091077.0
2026-04-15 16:30:00,255.92999267578125,255.99000549316406,251.85000610351562,253.89999389648438,3059621.0
2026-04-15 17:30:00,253.89999389648438,255.0399932861328,253.6999969482422,254.7449951171875,1889817.0
2026-04-15 18:30:00,254.7554931640625,256.7799072265625,254.75,256.7650146484375,1957572.0
2026-04-15 19:30:00,256.75,258.17999267578125,256.6200866699219,258.1099853515625,3073897.0
2026-04-16 13:30:00,265.0,270.1000061035156,261.510009765625,266.9200134277344,15424421.0
2026-04-16 14:30:00,266.9620056152344,275.29998779296875,266.79998779296875,275.114990234375,11875393.0
2026-04-16 15:30:00,275.1099853515625,279.3399963378906,274.8399963378906,277.7099914550781,9615290.0
2026-04-16 16:30:00,277.760009765625,278.6700134277344,275.3399963378906,276.375,6523667.0
2026-04-16 17:30:00,276.3500061035156,276.6499938964844,271.8999938964844,272.69989013671875,5580202.0
2026-04-16 18:30:00,272.6600036621094,275.3486022949219,272.5000915527344,275.05999755859375,5311637.0
2026-04-16 19:30:00,275.19000244140625,278.3999938964844,275.0799865722656,278.260009765625,6017821.0
2026-04-17 13:30:00,278.6400146484375,279.489990234375,274.1400146484375,278.4949951171875,11145814.0
2026-04-17 14:30:00,278.55999755859375,279.5,276.95001220703125,277.5849914550781,3971557.0
2026-04-17 15:30:00,277.54998779296875,279.1099853515625,276.1000061035156,278.6300048828125,3577220.0
2026-04-17 16:30:00,278.6499938964844,280.04998779296875,277.54998779296875,278.5150146484375,4387573.0
2026-04-17 17:30:00,278.510009765625,279.7298889160156,278.0899963378906,278.41009521484375,2613018.0
2026-04-17 18:30:00,278.45440673828125,278.739990234375,277.0201110839844,278.07501220703125,2344353.0
2026-04-17 19:30:00,278.1000061035156,278.69000244140625,277.47119140625,278.2799987792969,3310526.0
2026-04-20 13:30:00,280.8800048828125,287.6099853515625,274.7200012207031,276.67498779296875,12732799.0
2026-04-20 14:30:00,276.6400146484375,278.0,272.1300048828125,275.7950134277344,5146669.0
2026-04-20 15:30:00,275.8276062011719,275.8276062011719,273.5741882324219,274.1050109863281,3059405.0
2026-04-20 16:30:00,274.05999755859375,274.5,272.94000244140625,272.9700927734375,3169768.0
2026-04-20 17:30:00,272.94000244140625,274.6400146484375,272.8500061035156,274.3500061035156,2858853.0
2026-04-20 18:30:00,274.3599853515625,276.5,274.25,275.5299987792969,3242167.0
2026-04-20 19:30:00,275.5450134277344,275.8861999511719,274.1600036621094,274.9599914550781,2405613.0
2026-04-21 13:30:00,277.32501220703125,282.07000732421875,276.6199951171875,281.3599853515625,9546148.0
2026-04-21 14:30:00,281.29998779296875,282.6700134277344,276.7101135253906,280.4700012207031,6250937.0
2026-04-21 15:30:00,280.5,283.9599914550781,280.04998779296875,282.7449951171875,4992053.0
2026-04-21 16:30:00,282.70001220703125,284.2699890136719,281.1099853515625,281.3349914550781,3615157.0
2026-04-21 17:30:00,281.3349914550781,285.1499938964844,281.2099914550781,284.2349853515625,3555974.0
2026-04-21 18:30:00,284.2349853515625,286.0,283.1600036621094,285.5801086425781,4107996.0
2026-04-21 19:30:00,285.5899963378906,286.20001220703125,281.7699890136719,284.4200134277344,4015383.0
2026-04-22 13:30:00,291.2099914550781,295.8500061035156,286.1400146484375,295.1817932128906,11956217.0
2026-04-22 14:30:00,295.1964111328125,298.17999267578125,293.4800109863281,297.8500061035156,7187181.0
2026-04-22 15:30:00,297.8402099609375,297.8699951171875,294.6400146484375,296.1400146484375,4391857.0
2026-04-22 16:30:00,296.1549987792969,300.8399963378906,295.75,300.44000244140625,6992320.0
2026-04-22 17:30:00,300.5,301.0,299.04998779296875,300.0799865722656,4460067.0
2026-04-22 18:30:00,300.1449890136719,303.5,300.0799865722656,302.46051025390625,5795919.0
2026-04-22 19:30:00,302.489990234375,304.1000061035156,302.1000061035156,303.44000244140625,5129373.0
2026-04-23 13:30:00,302.010009765625,306.3399963378906,300.17999267578125,305.8500061035156,11229456.0
2026-04-23 14:30:00,305.95989990234375,309.75,304.0,308.80999755859375,5463716.0
2026-04-23 15:30:00,308.7799987792969,310.2200012207031,306.1499938964844,308.92498779296875,4683127.0
2026-04-23 16:30:00,308.91009521484375,309.8500061035156,303.6099853515625,303.80999755859375,4202058.0
2026-04-23 17:30:00,303.81500244140625,305.6600036621094,299.760009765625,304.4150085449219,5581112.0
2026-04-23 18:30:00,304.3999938964844,306.1000061035156,303.0299987792969,303.8999938964844,3315533.0
2026-04-23 19:30:00,303.7900085449219,305.489990234375,302.70001220703125,305.239990234375,2794920.0
2026-04-24 13:30:00,336.8349914550781,349.54998779296875,334.5400085449219,346.3399963378906,33396334.0
2026-04-24 14:30:00,346.42498779296875,350.8800048828125,342.3900146484375,347.6199951171875,11551774.0
2026-04-24 15:30:00,347.5799865722656,352.989990234375,346.9599914550781,351.0,9665284.0
2026-04-24 16:30:00,351.0249938964844,352.57989501953125,346.30999755859375,346.5950012207031,6279545.0
2026-04-24 17:30:00,346.5314025878906,349.7699890136719,345.82000732421875,346.014892578125,4951256.0
2026-04-24 18:30:00,346.1199951171875,348.25,344.54998779296875,346.32000732421875,5585211.0
2026-04-24 19:30:00,346.29998779296875,347.92999267578125,345.3999938964844,347.760009765625,4757645.0
2026-04-27 13:30:00,346.55999755859375,349.0899963378906,328.80999755859375,334.7699890136719,20200683.0
2026-04-27 14:30:00,334.82501220703125,337.260009765625,332.54998779296875,333.6000061035156,5906824.0
2026-04-27 15:30:00,333.6000061035156,336.29998779296875,331.55999755859375,332.9798889160156,6001463.0
2026-04-27 16:30:00,332.8301086425781,335.2799987792969,331.92999267578125,335.1050109863281,4037449.0
2026-04-27 17:30:00,335.0799865722656,337.0,334.70001220703125,336.07000732421875,2920587.0
2026-04-27 18:30:00,336.19000244140625,337.8080139160156,335.55560302734375,336.8699951171875,4046281.0
2026-04-27 19:30:00,336.8450012207031,337.09991455078125,334.2099914550781,334.4800109863281,2958383.0
2026-04-28 13:30:00,311.875,327.5,310.0,323.95001220703125,18325696.0
2026-04-28 14:30:00,323.8900146484375,324.29998779296875,316.2001037597656,319.69989013671875,6987949.0
2026-04-28 15:30:00,319.5400085449219,322.0398864746094,317.80010986328125,320.54998779296875,3040220.0
2026-04-28 16:30:00,320.54998779296875,322.8599853515625,319.1099853515625,322.6401062011719,2430314.0
2026-04-28 17:30:00,322.6499938964844,326.25,322.6499938964844,325.9599914550781,2924212.0
2026-04-28 18:30:00,326.0350036621094,326.7699890136719,324.1000061035156,324.6203918457031,2838065.0
2026-04-28 19:30:00,324.6199951171875,325.4800109863281,322.6099853515625,323.1099853515625,2552989.0
2026-04-29 13:30:00,326.5799865722656,327.989990234375,318.8599853515625,326.8399963378906,10443726.0
2026-04-29 14:30:00,326.82000732421875,333.95001220703125,326.2300109863281,328.19500732421875,9295118.0
2026-04-29 15:30:00,328.090087890625,328.9200134277344,326.04998779296875,328.0799865722656,3474931.0
2026-04-29 16:30:00,327.9750061035156,333.3399963378906,327.1600036621094,333.2950134277344,3576911.0
2026-04-29 17:30:00,333.3500061035156,336.3500061035156,332.0,335.7749938964844,4333326.0
2026-04-29 18:30:00,335.80999755859375,340.1700134277344,334.9100036621094,339.3500061035156,5402660.0
2026-04-29 19:30:00,339.25,339.6499938964844,336.0,337.07000732421875,3732870.0
2026-04-30 13:30:00,341.3550109863281,345.84991455078125,332.6000061035156,343.1099853515625,13344775.0
2026-04-30 14:30:00,342.9200134277344,349.1000061035156,337.69000244140625,348.1600036621094,6820476.0
2026-04-30 15:30:00,348.2986145019531,350.7200012207031,345.45001220703125,349.4800109863281,3711181.0
2026-04-30 16:30:00,349.4800109863281,352.5010070800781,348.79998779296875,352.07470703125,3552901.0
2026-04-30 17:30:00,352.0849914550781,354.7799987792969,351.6000061035156,351.99090576171875,4119600.0
2026-04-30 18:30:00,352.04998779296875,353.1083984375,351.0,352.75,2805241.0
2026-04-30 19:30:00,352.7900085449219,354.9599914550781,352.4800109863281,354.3500061035156,3739289.0
2026-05-01 13:30:00,351.8699951171875,358.2349853515625,349.510009765625,352.2149963378906,9578434.0
2026-05-01 14:30:00,352.2149963378906,354.6619873046875,349.25,353.9450988769531,3730739.0
2026-05-01 15:30:00,353.9599914550781,358.04998779296875,353.0000915527344,356.54998779296875,3033629.0
2026-05-01 16:30:00,356.5400085449219,360.1000061035156,356.30120849609375,359.8399963378906,3591579.0
2026-05-01 17:30:00,359.8900146484375,362.7900085449219,359.6000061035156,360.6600036621094,4339887.0
2026-05-01 18:30:00,360.6549987792969,361.9599914550781,357.25,361.114990234375,3768970.0
2026-05-01 19:30:00,361.010009765625,361.20001220703125,358.3800048828125,360.54998779296875,3585358.0
2026-05-04 13:30:00,360.30999755859375,361.8500061035156,342.8399963378906,342.92999267578125,15142400.0
2026-05-04 14:30:00,342.9700012207031,348.33990478515625,340.1400146484375,342.05999755859375,6457583.0
2026-05-04 15:30:00,342.05499267578125,342.70001220703125,338.70001220703125,341.06500244140625,5180042.0
2026-05-04 16:30:00,341.0350036621094,344.4200134277344,339.8900146484375,344.3514099121094,3661041.0
2026-05-04 17:30:00,344.3900146484375,344.8399963378906,342.75,344.19000244140625,2371807.0
2026-05-04 18:30:00,344.20001220703125,344.2799072265625,341.4200134277344,342.43499755859375,2843484.0
2026-05-04 19:30:00,342.3800048828125,344.9599914550781,341.0,341.489990234375,3185946.0
2026-05-05 13:30:00,351.42999267578125,354.71990966796875,344.8800048828125,350.1600036621094,12713863.0
2026-05-05 14:30:00,350.2099914550781,353.0,349.989990234375,350.8800048828125,5145783.0
2026-05-05 15:30:00,350.9150085449219,356.2998962402344,350.70001220703125,352.375,5333884.0
2026-05-05 16:30:00,352.43499755859375,355.5,351.3299865722656,354.8349914550781,2926339.0
2026-05-05 17:30:00,354.8699035644531,359.57159423828125,354.3999938964844,357.3599853515625,4273544.0
2026-05-05 18:30:00,357.30999755859375,359.1099853515625,352.6400146484375,355.47698974609375,5340865.0
2026-05-05 19:30:00,355.3999938964844,358.0,353.2701110839844,355.32000732421875,5469142.0
2026-05-06 13:30:00,409.1000061035156,430.57000732421875,402.0400085449219,405.92999267578125,42752133.0
2026-05-06 14:30:00,405.8949890136719,417.3900146484375,404.79998779296875,417.1700134277344,10231758.0
2026-05-06 15:30:00,417.29998779296875,418.79998779296875,411.1000061035156,412.44500732421875,6049640.0
2026-05-06 16:30:00,412.4450988769531,415.4800109863281,410.5,414.2250061035156,4344187.0
2026-05-06 17:30:00,414.32000732421875,420.3699951171875,413.94000244140625,420.0,4828390.0
2026-05-06 18:30:00,420.0799865722656,423.0,417.09100341796875,419.6099853515625,6899823.0
2026-05-06 19:30:00,419.54998779296875,421.9700012207031,416.5,421.42498779296875,5721716.0
2026-05-07 13:30:00,417.19500732421875,421.70001220703125,410.5,419.239990234375,12177263.0
2026-05-07 14:30:00,419.239990234375,421.70001220703125,410.70001220703125,411.31500244140625,6147399.0
2026-05-07 15:30:00,411.3800048828125,412.7499084472656,402.3299865722656,406.260009765625,7414608.0
2026-05-07 16:30:00,406.1199951171875,408.42999267578125,401.0799865722656,403.489990234375,4898231.0
2026-05-07 17:30:00,403.4150085449219,408.8999938964844,402.67999267578125,405.1199951171875,4200168.0
2026-05-07 18:30:00,405.0299987792969,407.9700012207031,404.3999938964844,405.7799987792969,3261601.0
2026-05-07 19:30:00,405.7300109863281,409.75,405.54998779296875,408.3500061035156,2885430.0
2026-05-08 13:30:00,418.29998779296875,441.2099914550781,418.2900085449219,435.7749938964844,15607770.0
2026-05-08 14:30:00,435.8900146484375,437.4798889160156,432.1415100097656,436.2699890136719,5338839.0
2026-05-08 15:30:00,436.239990234375,444.9798889160156,434.3500061035156,443.8349914550781,7147016.0
2026-05-08 16:30:00,443.8388977050781,446.9800109863281,440.5199890136719,445.7349853515625,5981521.0
2026-05-08 17:30:00,445.5899963378906,448.4884948730469,443.2500915527344,447.4750061035156,4873173.0
2026-05-08 18:30:00,447.3800048828125,449.0,445.0155029296875,445.7200012207031,5157243.0
2026-05-08 19:30:00,445.7950134277344,456.25,445.3500061035156,455.0,7982605.0
2026-05-11 13:30:00,460.54998779296875,467.67999267578125,451.75,452.385009765625,17445742.0
2026-05-11 14:30:00,452.4100036621094,462.5,450.8800048828125,460.7650146484375,6239602.0
2026-05-11 15:30:00,460.7650146484375,465.55499267578125,459.6199951171875,463.79998779296875,3677931.0
2026-05-11 16:30:00,463.79998779296875,466.79998779296875,461.79998779296875,465.25,4084474.0
2026-05-11 17:30:00,465.20001220703125,469.2149963378906,464.6889953613281,466.8399963378906,3115644.0
2026-05-11 18:30:00,466.8450012207031,467.0899963378906,459.2401123046875,459.7449951171875,4212604.0
2026-05-11 19:30:00,459.80999755859375,460.6300048828125,456.3299865722656,458.9100036621094,3356799.0
2026-05-12 13:30:00,449.25,458.79998779296875,445.0600891113281,446.57501220703125,10650409.0
2026-05-12 14:30:00,446.6300048828125,450.3699951171875,435.1499938964844,436.11248779296875,6902722.0
2026-05-12 15:30:00,436.0799865722656,441.3800048828125,431.30010986328125,432.4599914550781,4244212.0
2026-05-12 16:30:00,432.7300109863281,438.2200012207031,426.1099853515625,436.7300109863281,5492096.0
2026-05-12 17:30:00,436.94110107421875,440.5,435.2300109863281,439.5899963378906,2661620.0
2026-05-12 18:30:00,439.4800109863281,441.3064880371094,435.95001220703125,439.79998779296875,2898709.0
2026-05-12 19:30:00,439.8699951171875,448.6400146484375,439.8695983886719,448.2139892578125,2976829.0
2026-05-13 13:30:00,457.5950012207031,459.5,432.6499938964844,439.5400085449219,9521122.0
2026-05-13 14:30:00,439.75,448.7799987792969,438.2401123046875,445.875,4271898.0
2026-05-13 15:30:00,445.70001220703125,448.8999938964844,443.85009765625,448.1300048828125,2718753.0
2026-05-13 16:30:00,448.19000244140625,451.7998962402344,447.1099853515625,450.8599853515625,2439472.0
2026-05-13 17:30:00,450.79998779296875,451.6000061035156,447.45001220703125,450.4649963378906,1791251.0
2026-05-13 18:30:00,450.3450012207031,450.8999938964844,445.239990234375,448.5726013183594,2138689.0
2026-05-13 19:30:00,448.4750061035156,449.54998779296875,444.1000061035156,445.3800048828125,2489795.0
2026-05-14 13:30:00,440.95001220703125,450.9798889160156,435.69000244140625,446.4049987792969,8651850.0
2026-05-14 14:30:00,446.44000244140625,453.30999755859375,445.5,450.8500061035156,4378936.0
2026-05-14 15:30:00,450.802490234375,451.4599914550781,447.6600036621094,448.1300048828125,2137086.0
2026-05-14 16:30:00,448.1400146484375,450.19000244140625,442.0199890136719,444.1199951171875,2232950.0
2026-05-14 17:30:00,443.9599914550781,448.96600341796875,443.5199890136719,445.79998779296875,1932020.0
2026-05-14 18:30:00,445.69500732421875,450.7900085449219,444.489990234375,449.510009765625,2299264.0
2026-05-14 19:30:00,449.510009765625,452.05999755859375,449.3800048828125,449.6300048828125,2255364.0
2026-05-15 13:30:00,433.3399963378906,439.0,426.1900939941406,433.3900146484375,9596636.0
2026-05-15 14:30:00,433.739990234375,435.75,430.20001220703125,435.2550048828125,3453980.0
2026-05-15 15:30:00,435.3299865722656,436.3999938964844,430.32000732421875,431.44500732421875,1976099.0
2026-05-15 16:30:00,431.4949951171875,433.7900085449219,430.20001220703125,433.4700012207031,1491154.0
2026-05-15 17:30:00,433.44000244140625,436.0,431.840087890625,432.20001220703125,1601291.0
2026-05-15 18:30:00,432.0,433.5899963378906,428.9458923339844,429.2850036621094,1983755.0
2026-05-15 19:30:00,429.2900085449219,430.79998779296875,423.3616027832031,423.7300109863281,4001411.0
2026-05-18 13:30:00,428.6300048828125,438.79998779296875,416.4200134277344,416.760009765625,8717008.0
2026-05-18 14:30:00,417.0863952636719,421.1400146484375,411.79998779296875,416.0802001953125,4421480.0
2026-05-18 15:30:00,416.010009765625,423.9100036621094,413.4173889160156,413.885009765625,2787886.0
2026-05-18 16:30:00,413.9200134277344,419.9198913574219,412.29998779296875,418.1199951171875,2211486.0
2026-05-18 17:30:00,418.1099853515625,418.31988525390625,410.7099914550781,412.3500061035156,2389223.0
2026-05-18 18:30:00,412.260009765625,420.80999755859375,410.7099914550781,413.79998779296875,2679774.0
2026-05-18 19:30:00,413.8999938964844,421.9200134277344,413.30999755859375,421.0199890136719,2453920.0
2026-05-19 13:30:00,412.9649963378906,428.75,393.3599853515625,395.7850036621094,12062095.0
2026-05-19 14:30:00,395.9800109863281,408.6499938964844,394.0,408.0199890136719,6111509.0
2026-05-19 15:30:00,408.010009765625,415.0299987792969,406.1000061035156,415.0,4167559.0
2026-05-19 16:30:00,414.9800109863281,425.0,414.40008544921875,422.54998779296875,4333241.0
2026-05-19 17:30:00,422.69000244140625,423.83990478515625,416.5199890136719,418.4800109863281,2781152.0
2026-05-19 18:30:00,418.5315856933594,420.75,415.0,416.5101013183594,2324726.0
2026-05-19 19:30:00,416.5199890136719,418.5751037597656,411.7099914550781,414.1099853515625,2735025.0
2026-05-20 13:30:00,428.0400085449219,445.9898986816406,426.04998779296875,444.44500732421875,11666034.0
2026-05-20 14:30:00,444.6300048828125,447.58990478515625,442.20001220703125,445.8949890136719,4617746.0
2026-05-20 15:30:00,445.83648681640625,448.75,441.5299987792969,443.1700134277344,4001011.0
2026-05-20 16:30:00,443.3699951171875,446.54998779296875,442.79998779296875,444.7900085449219,2659794.0
2026-05-20 17:30:00,444.96990966796875,446.25,443.5,444.8999938964844,1545847.0
2026-05-20 18:30:00,444.8500061035156,449.389892578125,443.6300048828125,448.9399108886719,2934342.0
2026-05-20 19:30:00,448.94000244140625,449.25,443.40008544921875,447.5799865722656,3077804.0
2026-05-21 13:30:00,441.989990234375,448.0,431.6199951171875,432.6700134277344,8721180.0
2026-05-21 14:30:00,432.6700134277344,439.6300048828125,432.54998779296875,438.44000244140625,3713906.0
2026-05-21 15:30:00,438.3999938964844,444.2099914550781,436.70001220703125,440.4700012207031,2528221.0
2026-05-21 16:30:00,440.2799987792969,445.239990234375,440.0000915527344,443.6000061035156,2243516.0
2026-05-21 17:30:00,443.5849914550781,446.9999084472656,443.4800109863281,446.1299133300781,2830489.0
2026-05-21 18:30:00,445.95001220703125,446.7900085449219,441.8699951171875,444.7699890136719,1758679.0
2026-05-21 19:30:00,444.7799987792969,451.1199951171875,444.239990234375,449.5899963378906,3106199.0
2026-05-22 13:30:00,469.8399963378906,481.3699951171875,461.7099914550781,467.989990234375,12388302.0
2026-05-22 14:30:00,467.95001220703125,474.0,466.510009765625,470.17840576171875,5682103.0
2026-05-22 15:30:00,470.3900146484375,471.6499938964844,466.2900085449219,467.92999267578125,3117665.0
2026-05-22 16:30:00,468.010009765625,472.45989990234375,466.01031494140625,471.6499938964844,2563323.0
2026-05-22 17:30:00,471.70001220703125,474.8500061035156,470.5700988769531,472.1400146484375,3329173.0
2026-05-22 18:30:00,472.1549987792969,472.2099914550781,466.1000061035156,466.6400146484375,2899604.0
2026-05-22 19:30:00,466.4601135253906,469.19000244140625,466.28009033203125,467.510009765625,4538153.0
2026-05-26 13:30:00,484.70599365234375,495.4198913574219,480.2300109863281,493.8699951171875,11283580.0
2026-05-26 14:30:00,493.875,496.889892578125,488.0799865722656,490.1199951171875,4320766.0
2026-05-26 15:30:00,490.2749938964844,495.7099914550781,485.5,495.0950012207031,3213771.0
2026-05-26 16:30:00,495.1499938964844,497.8399963378906,493.43011474609375,497.2450866699219,3095197.0
2026-05-26 17:30:00,497.2799987792969,499.0,495.3999938964844,498.7650146484375,2567296.0
2026-05-26 18:30:00,498.8320007324219,506.9599914550781,498.0101013183594,503.3500061035156,5106798.0
2026-05-26 19:30:00,503.25,505.95001220703125,502.7134094238281,503.6199951171875,4086468.0
2026-05-27 13:30:00,508.0,510.2099914550781,486.79998779296875,488.3900146484375,11166799.0
2026-05-27 14:30:00,488.6199951171875,497.9700012207031,486.6603088378906,490.360107421875,3801171.0
2026-05-27 15:30:00,490.989990234375,496.9800109863281,488.1600036621094,494.9549865722656,2612263.0
2026-05-27 16:30:00,494.9549865722656,497.2799987792969,489.3299865722656,494.30999755859375,2079381.0
2026-05-27 17:30:00,494.2799987792969,498.83990478515625,492.5201110839844,498.82000732421875,1855348.0
2026-05-27 18:30:00,498.70001220703125,498.8800048828125,494.67999267578125,495.239990234375,1654049.0
2026-05-27 19:30:00,495.3949890136719,497.69000244140625,494.7699890136719,495.75,1705581.0
2026-05-28 13:30:00,498.6700134277344,507.9800109863281,493.5199890136719,505.260009765625,7760611.0
2026-05-28 14:30:00,505.29998779296875,523.8175048828125,504.95001220703125,523.6099853515625,6783327.0
2026-05-28 15:30:00,523.739990234375,527.1998901367188,516.6900024414062,518.9459838867188,4971694.0
2026-05-28 16:30:00,518.8914794921875,522.5,517.5399780273438,518.72998046875,2792347.0
2026-05-28 17:30:00,518.8200073242188,521.4000244140625,516.5999755859375,519.489990234375,2058879.0
2026-05-28 18:30:00,519.489990234375,520.7000122070312,516.60009765625,518.0,2078798.0
2026-05-28 19:30:00,517.97998046875,520.24951171875,516.9199829101562,518.1400146484375,2193787.0
2026-05-29 13:30:00,520.4299926757812,522.0,508.8800048828125,512.5,6460358.0
2026-05-29 14:30:00,512.5,515.9500122070312,507.57000732421875,512.7899780273438,3286174.0
2026-05-29 15:30:00,512.97998046875,513.8699951171875,510.3900146484375,511.510009765625,1392975.0
2026-05-29 16:30:00,511.5899963378906,512.280029296875,503.6000061035156,504.4200134277344,2335373.0
2026-05-29 17:30:00,504.5400085449219,506.7699890136719,503.42999267578125,506.25,2377842.0
2026-05-29 18:30:00,506.2099914550781,507.82989501953125,504.1099853515625,506.343994140625,1692187.0
2026-05-29 19:30:00,506.3399963378906,516.7999877929688,506.3399963378906,516.4000244140625,4219355.0
2026-06-01 13:30:00,500.3550109863281,504.8799133300781,486.79998779296875,501.6322021484375,13583106.0
2026-06-01 14:30:00,501.7250061035156,516.2249755859375,500.989990234375,513.375,5636369.0
2026-06-01 15:30:00,513.375,517.5,507.0,507.05999755859375,2881143.0
2026-06-01 16:30:00,507.2300109863281,512.3300170898438,506.0653991699219,512.1900024414062,2531441.0
2026-06-01 17:30:00,512.3400268554688,515.8499755859375,510.2300109863281,513.5499877929688,2145198.0
2026-06-01 18:30:00,513.4500122070312,513.97998046875,510.9700012207031,512.3200073242188,2126179.0
2026-06-01 19:30:00,512.1099853515625,512.72998046875,508.9599914550781,510.0199890136719,1997967.0
2026-06-02 13:30:00,506.29998779296875,519.9400024414062,501.2200012207031,505.1000061035156,7102826.0
2026-06-02 14:30:00,505.05999755859375,512.8800048828125,505.04998779296875,512.8773803710938,3031269.0
2026-06-02 15:30:00,512.844970703125,518.47998046875,512.0499877929688,512.719970703125,2719128.0
2026-06-02 16:30:00,512.739990234375,515.659912109375,511.3999938964844,512.2216186523438,1285016.0
2026-06-02 17:30:00,512.2202758789062,516.469970703125,511.2200012207031,516.0,1237397.0
2026-06-02 18:30:00,516.0850219726562,518.47998046875,513.8599853515625,516.9500122070312,1805990.0
2026-06-02 19:30:00,517.0194091796875,522.489990234375,515.8099975585938,521.4099731445312,2700499.0
2026-06-03 13:30:00,533.8200073242188,544.0399780273438,524.3001098632812,536.2449951171875,9899073.0
2026-06-03 14:30:00,536.239990234375,539.6500244140625,528.5999755859375,531.75,3768740.0
2026-06-03 15:30:00,531.75,537.3198852539062,529.52001953125,532.1300048828125,2324520.0
2026-06-03 16:30:00,531.969970703125,535.2849731445312,530.5399780273438,534.7100219726562,2231188.0
2026-06-03 17:30:00,534.5,545.5233764648438,532.72998046875,545.1599731445312,2886297.0
2026-06-03 18:30:00,545.0999755859375,546.4400024414062,536.3699951171875,539.2249755859375,2428928.0
2026-06-03 19:30:00,539.110107421875,544.5,538.7974853515625,542.4338989257812,2867655.0
2026-06-04 13:30:00,515.1099853515625,518.5,499.8700866699219,516.2750244140625,10753318.0
2026-06-04 14:30:00,516.0,526.469970703125,513.0,523.7100219726562,4343360.0
2026-06-04 15:30:00,523.6624145507812,524.9299926757812,519.2999877929688,524.6364135742188,2390489.0
2026-06-04 16:30:00,524.7000122070312,525.5900268554688,521.260009765625,524.6900024414062,1880399.0
2026-06-04 17:30:00,524.760009765625,532.1900024414062,524.1799926757812,530.3499755859375,2229793.0
2026-06-04 18:30:00,530.4600219726562,530.72998046875,523.0,527.2000122070312,1909036.0
2026-06-04 19:30:00,527.3250122070312,542.52001953125,522.489990234375,523.1900024414062,2699534.0
2026-06-05 13:30:00,499.1199951171875,505.6199951171875,484.260009765625,488.0199890136719,10254736.0
2026-06-05 14:30:00,488.0799865722656,496.8900146484375,484.6400146484375,486.2430114746094,4140518.0
2026-06-05 15:30:00,486.29998779296875,488.489990234375,477.67999267578125,477.82000732421875,4685368.0
2026-06-05 16:30:00,477.7900085449219,478.4800109863281,470.75,474.95001220703125,4997625.0
2026-06-05 17:30:00,474.9988098144531,478.510009765625,468.0199890136719,469.5899963378906,3627017.0
2026-06-05 18:30:00,469.5,472.7099914550781,463.9700012207031,472.7099914550781,6502274.0
2026-06-05 19:30:00,472.6600036621094,476.1700134277344,465.19000244140625,466.3760986328125,6024995.0
2026-06-08 13:30:00,485.0299987792969,490.2099914550781,477.7099914550781,487.03009033203125,7877771.0
2026-06-08 14:30:00,487.3900146484375,494.29998779296875,486.010009765625,490.6499938964844,3426650.0
2026-06-08 15:30:00,490.6700134277344,492.3598937988281,487.3800964355469,487.8550109863281,2373703.0
2026-06-08 16:30:00,487.9800109863281,493.39990234375,486.4100036621094,490.739990234375,2210275.0
2026-06-08 17:30:00,490.7850036621094,493.7900085449219,487.6401062011719,492.3299865722656,1380832.0
2026-06-08 18:30:00,492.3800048828125,494.9700012207031,486.17010498046875,487.9800109863281,1806954.0
2026-06-08 19:30:00,488.1099853515625,491.3800048828125,487.3949890136719,490.1199951171875,2107147.0
2026-06-09 13:30:00,503.44500732421875,504.55999755859375,484.1000061035156,487.0,7008549.0
2026-06-09 14:30:00,487.05999755859375,488.8800048828125,465.3533935546875,466.0299987792969,5053620.0
2026-06-09 15:30:00,466.0,471.67999267578125,443.25,447.18499755859375,6275018.0
2026-06-09 16:30:00,447.0950012207031,459.29998779296875,437.2300109863281,458.2301025390625,5380333.0
2026-06-09 17:30:00,458.260009765625,465.989990234375,455.3599853515625,465.94000244140625,3680843.0
2026-06-09 18:30:00,465.7701110839844,471.29998779296875,460.6099853515625,467.3999938964844,3630625.0
2026-06-09 19:30:00,467.2148132324219,475.6400146484375,464.0002136230469,475.5,3198756.0
2026-06-10 13:30:00,467.9700012207031,477.44989013671875,464.2500915527344,473.5150146484375,6432245.0
2026-06-10 14:30:00,473.4100036621094,476.3999938964844,451.41009521484375,456.8900146484375,4741960.0
2026-06-10 15:30:00,456.8999938964844,462.0,452.360107421875,455.9599914550781,2552522.0
2026-06-10 16:30:00,455.9150085449219,459.8699951171875,451.5010070800781,453.30999755859375,2149946.0
2026-06-10 17:30:00,453.8599853515625,459.6099853515625,452.3500061035156,454.9599914550781,1908906.0
2026-06-10 18:30:00,454.9549865722656,455.3800048828125,448.3299865722656,450.82000732421875,2893194.0
2026-06-10 19:30:00,450.94000244140625,455.9002990722656,450.0517883300781,451.6700134277344,2836476.0
2026-06-11 13:30:00,461.6000061035156,480.0899963378906,460.8699951171875,472.989990234375,7392573.0
2026-06-11 14:30:00,472.82000732421875,474.95989990234375,461.5600891113281,466.6499938964844,3125385.0
2026-06-11 15:30:00,466.760009765625,469.8500061035156,463.3299865722656,464.6600036621094,2024246.0
2026-06-11 16:30:00,464.6300048828125,470.4999084472656,458.0199890136719,470.0,2118763.0
2026-06-11 17:30:00,470.30999755859375,478.2398986816406,470.30999755859375,476.7200012207031,2928942.0
2026-06-11 18:30:00,476.6199951171875,488.010009765625,476.3999938964844,486.5950012207031,3110759.0
2026-06-11 19:30:00,486.6499938964844,490.4599914550781,485.57000732421875,488.2099914550781,3673384.0
2026-06-12 13:30:00,499.68499755859375,517.7999877929688,494.0,513.5999755859375,10505041.0
2026-06-12 14:30:00,513.7100219726562,516.9799194335938,506.8150939941406,514.914306640625,3920134.0
2026-06-12 15:30:00,514.8300170898438,516.4500122070312,504.8741149902344,512.8200073242188,3301363.0
2026-06-12 16:30:00,513.02001953125,519.8800048828125,510.4599914550781,519.3250122070312,2833639.0
2026-06-12 17:30:00,519.489990234375,521.6900024414062,512.130126953125,514.9600219726562,2861962.0
2026-06-12 18:30:00,514.844970703125,516.8099975585938,512.6400146484375,512.7000122070312,2178641.0
2026-06-12 19:30:00,512.6500244140625,515.8699951171875,510.2449951171875,511.1199951171875,3233765.0
2026-06-15 13:30:00,535.75,558.3699951171875,530.5,550.8198852539062,10422611.0
2026-06-15 14:30:00,550.8099975585938,552.719970703125,545.5999755859375,549.5399780273438,3392803.0
2026-06-15 15:30:00,549.510009765625,551.7498779296875,546.02001953125,551.0399780273438,2807103.0
2026-06-15 16:30:00,551.0399780273438,551.77001953125,547.0999755859375,548.4849853515625,1636024.0
2026-06-15 17:30:00,548.4849853515625,550.9199829101562,546.5800170898438,547.0250244140625,1993718.0
2026-06-15 18:30:00,547.0001220703125,548.9400024414062,543.5230102539062,545.4500122070312,2358267.0
2026-06-15 19:30:00,545.4299926757812,549.1500244140625,545.2999877929688,547.260009765625,9023797.0
2026-06-16 13:30:00,546.8900146484375,548.9500122070312,527.2514038085938,528.2999877929688,6150911.0
2026-06-16 14:30:00,528.0999755859375,531.489990234375,519.6099853515625,522.1749877929688,4654160.0
2026-06-16 15:30:00,521.9000244140625,525.25,515.5032958984375,522.9000244140625,2788551.0
2026-06-16 16:30:00,523.1002807617188,523.1002807617188,517.3309936523438,520.6900024414062,1723655.0
2026-06-16 17:30:00,520.5800170898438,522.9099731445312,517.6008911132812,518.8908081054688,1723724.0
2026-06-16 18:30:00,518.864990234375,519.91259765625,512.3300170898438,517.5,2418404.0
2026-06-16 19:30:00,517.260009765625,518.4500122070312,507.2699890136719,507.2900085449219,3509233.0
2026-06-17 13:30:00,529.7100219726562,529.8499755859375,507.3008117675781,521.4249877929688,6834937.0
2026-06-17 14:30:00,521.3101196289062,524.625,516.3499755859375,523.0549926757812,3390764.0
2026-06-17 15:30:00,523.35498046875,525.25,521.3200073242188,522.7949829101562,1732412.0
2026-06-17 16:30:00,522.7949829101562,525.4000244140625,520.25,525.155029296875,1256144.0
2026-06-17 17:30:00,525.2399291992188,525.2399291992188,511.29998779296875,518.8300170898438,2770775.0
2026-06-17 18:30:00,519.2650146484375,532.5,515.3800048828125,517.030029296875,4458186.0
2026-06-17 19:30:00,516.8400268554688,518.780029296875,511.0,512.0599975585938,3005419.0
2026-06-18 13:30:00,532.39501953125,536.8300170898438,527.0,531.25,9571248.0
2026-06-18 14:30:00,531.2999877929688,539.619873046875,528.0999755859375,531.586669921875,4231936.0
2026-06-18 15:30:00,531.8499755859375,536.6900024414062,526.3150024414062,534.5850219726562,3080014.0
2026-06-18 16:30:00,534.6300048828125,534.8599853515625,532.5,533.8300170898438,1263547.0
2026-06-18 17:30:00,533.8300170898438,535.7000122070312,531.989990234375,533.2498779296875,1519291.0
2026-06-18 18:30:00,533.1099853515625,534.22998046875,529.18017578125,531.0700073242188,2325854.0
2026-06-18 19:30:00,531.0,539.6599731445312,530.510009765625,536.8300170898438,3598999.0
2026-06-22 13:30:00,545.5,562.9899291992188,535.7100830078125,544.2100219726562,7970052.0
2026-06-22 14:30:00,544.280029296875,548.9498901367188,540.5700073242188,545.22998046875,3354815.0
2026-06-22 15:30:00,545.469970703125,545.9500122070312,536.7899780273438,542.52001953125,2409901.0
2026-06-22 16:30:00,542.5863037109375,545.0499877929688,539.530029296875,543.4044189453125,1404459.0
2026-06-22 17:30:00,543.510009765625,547.139892578125,542.5999755859375,546.10498046875,1154149.0
2026-06-22 18:30:00,546.0800170898438,547.7698974609375,544.0,544.114990234375,1848383.0
2026-06-22 19:30:00,544.114990234375,552.0499877929688,544.114990234375,551.6799926757812,2467513.0
2026-06-23 13:30:00,508.5799865722656,526.280029296875,506.80999755859375,523.0501098632812,7620512.0
2026-06-23 14:30:00,523.0900268554688,526.5999755859375,516.5900268554688,517.905029296875,3159970.0
2026-06-23 15:30:00,518.0900268554688,528.489013671875,517.4000244140625,526.0,2426087.0
2026-06-23 16:30:00,525.8800048828125,526.47998046875,520.1199951171875,524.0549926757812,1867835.0
2026-06-23 17:30:00,524.0551147460938,524.4998779296875,518.1599731445312,520.0150146484375,1630436.0
2026-06-23 18:30:00,519.7999877929688,521.5499267578125,513.5900268554688,519.6400146484375,2829639.0
2026-06-23 19:30:00,519.7150268554688,521.3499755859375,516.239990234375,520.010009765625,2928540.0
2026-06-24 13:30:00,521.0919799804688,524.77001953125,509.8399963378906,520.219970703125,5519449.0
2026-06-24 14:30:00,520.5,524.9600219726562,514.5900268554688,519.97998046875,2923966.0
2026-06-24 15:30:00,519.6400146484375,522.489990234375,516.5501098632812,522.02001953125,1560098.0
2026-06-24 16:30:00,521.9000244140625,521.9000244140625,508.20001220703125,508.82000732421875,2165143.0
2026-06-24 17:30:00,508.7699890136719,515.8399047851562,507.3299865722656,515.2999877929688,1975206.0
2026-06-24 18:30:00,515.2999877929688,515.8298950195312,503.5,511.2149963378906,2356271.0
2026-06-24 19:30:00,511.44000244140625,520.010009765625,510.4100036621094,519.6799926757812,2965106.0
2026-06-25 13:30:00,543.9299926757812,550.8800048828125,507.0,517.1701049804688,9139782.0
2026-06-25 14:30:00,517.2899780273438,523.5599975585938,514.1099853515625,517.864990234375,2855473.0
2026-06-25 15:30:00,517.969970703125,531.4468994140625,517.6400146484375,528.75,2421065.0
2026-06-25 16:30:00,528.5399780273438,528.6300048828125,519.739990234375,527.7849731445312,1957772.0
2026-06-25 17:30:00,527.72998046875,530.0,525.4902954101562,526.7514038085938,1875997.0
2026-06-25 18:30:00,526.7100219726562,526.719970703125,521.0999755859375,524.3300170898438,1927190.0
2026-06-25 19:30:00,524.27001953125,532.8200073242188,522.6799926757812,532.5900268554688,3049963.0
2026-06-26 13:30:00,519.7949829101562,525.1099853515625,502.6099853515625,523.0050048828125,7085025.0
2026-06-26 14:30:00,523.0050048828125,523.64990234375,510.8999938964844,515.469970703125,3238563.0
2026-06-26 15:30:00,515.739990234375,521.5999755859375,514.0,519.114990234375,3451815.0
2026-06-26 16:30:00,518.9000244140625,523.3098754882812,518.3499755859375,521.3200073242188,2491434.0
2026-06-26 17:30:00,521.1500244140625,524.739990234375,516.9099731445312,517.4349975585938,2176994.0
2026-06-26 18:30:00,517.4000244140625,521.5,515.8300170898438,519.3953247070312,2604543.0
2026-06-26 19:30:00,519.6199951171875,524.7100219726562,513.3800048828125,519.8300170898438,4557811.0
2026-06-29 13:30:00,522.8300170898438,535.155029296875,495.3500061035156,506.6600036621094,7991250.0
2026-06-29 14:30:00,506.989990234375,523.219970703125,503.70001220703125,522.3101196289062,4227790.0
2026-06-29 15:30:00,522.5800170898438,530.2999877929688,519.2301025390625,528.8350219726562,2616024.0
2026-06-29 16:30:00,529.2899780273438,542.1900024414062,527.8200073242188,541.5499877929688,2764749.0
2026-06-29 17:30:00,541.3099975585938,542.1699829101562,536.3189697265625,537.1849975585938,2205221.0
2026-06-29 18:30:00,537.1500244140625,541.1099853515625,535.0800170898438,536.7899780273438,1720729.0
2026-06-29 19:30:00,536.9400024414062,540.2999877929688,535.75,539.5599975585938,2391025.0
2026-06-30 13:30:00,546.60498046875,564.760009765625,546.0,556.780029296875,7902054.0
2026-06-30 14:30:00,557.2498779296875,566.25,555.0601196289062,565.0,3880999.0
2026-06-30 15:30:00,565.0700073242188,579.72998046875,564.2899780273438,577.3699951171875,4513686.0
2026-06-30 16:30:00,577.3781127929688,582.5800170898438,576.0,579.510009765625,2807609.0
2026-06-30 17:30:00,579.8773193359375,582.2000122070312,577.8200073242188,581.875,2272885.0
2026-06-30 18:30:00,581.9439697265625,584.72998046875,580.9000244140625,583.0001220703125,2944768.0
2026-06-30 19:30:00,583.1599731445312,584.4600219726562,580.0700073242188,580.8200073242188,3939157.0
2026-07-01 13:30:00,557.530029296875,564.0900268554688,549.0,556.7000122070312,7853856.0
2026-07-01 14:30:00,557.0,557.5,547.0601196289062,554.4849853515625,3735414.0
2026-07-01 15:30:00,554.6599731445312,556.7100219726562,548.239990234375,551.0499877929688,1863660.0
2026-07-01 16:30:00,551.1699829101562,555.0,549.0,553.7100219726562,1579493.0
2026-07-01 17:30:00,553.4617919921875,554.2244262695312,547.4450073242188,548.10498046875,1675994.0
2026-07-01 18:30:00,547.8499755859375,551.5739135742188,543.2000122070312,550.1849975585938,2388857.0
2026-07-01 19:30:00,550.1900024414062,552.8798828125,538.739990234375,540.8900146484375,3688410.0
2026-07-02 13:30:00,538.219970703125,547.6500244140625,525.5700073242188,528.3544921875,5793769.0
2026-07-02 14:30:00,528.2899780273438,529.97998046875,514.2000122070312,518.2550048828125,4729913.0
2026-07-02 15:30:00,518.2550048828125,526.4000244140625,518.2550048828125,519.4149780273438,1350812.0
2026-07-02 15:57:45,519.3699951171875,519.3699951171875,519.3699951171875,519.3699951171875,0.0
