datetime,open,high,low,close,volume
2026-05-05 00:00:00,84.11,84.21,84.04,84.05,20968.152
2026-05-05 00:30:00,84.06,84.38,84.06,84.33,30822.246
2026-05-05 01:00:00,84.33,84.41,84.14,84.34,27441.963
2026-05-05 01:30:00,84.35,84.47,84.2,84.41,22193.687
2026-05-05 02:00:00,84.41,84.68,84.34,84.54,30054.53
2026-05-05 02:30:00,84.54,84.8,84.42,84.51,40464.284
2026-05-05 03:00:00,84.51,84.75,84.41,84.71,30260.138
2026-05-05 03:30:00,84.7,84.97,84.66,84.78,55765.468
2026-05-05 04:00:00,84.77,84.9,84.6,84.69,78572.415
2026-05-05 04:30:00,84.69,84.88,84.59,84.78,23473.174
2026-05-05 05:00:00,84.78,85.01,84.72,84.94,47278.55
2026-05-05 05:30:00,84.94,85.12,84.85,84.92,120938.073
2026-05-05 06:00:00,84.93,84.98,84.58,84.63,29963.113
2026-05-05 06:30:00,84.62,85.0,84.54,84.98,68882.878
2026-05-05 07:00:00,84.99,85.03,84.78,84.93,53971.384
2026-05-05 07:30:00,84.94,85.06,84.86,84.87,42630.308
2026-05-05 08:00:00,84.88,84.91,84.73,84.79,22530.977
2026-05-05 08:30:00,84.8,84.85,84.69,84.78,22586.127
2026-05-05 09:00:00,84.79,84.8,84.51,84.58,37250.525
2026-05-05 09:30:00,84.57,84.66,84.45,84.53,32749.371
2026-05-05 10:00:00,84.54,84.82,84.43,84.79,32778.994
2026-05-05 10:30:00,84.79,84.93,84.76,84.9,25571.44
2026-05-05 11:00:00,84.9,84.93,84.7,84.85,32163.786
2026-05-05 11:30:00,84.86,85.01,84.81,84.97,29939.81
2026-05-05 12:00:00,84.97,85.26,84.9,85.22,39128.16
2026-05-05 12:30:00,85.22,85.35,85.14,85.31,53246.403
2026-05-05 13:00:00,85.31,86.1,85.31,85.7,246455.68
2026-05-05 13:30:00,85.69,85.97,85.4,85.63,106066.227
2026-05-05 14:00:00,85.63,85.75,85.19,85.58,87266.325
2026-05-05 14:30:00,85.58,85.7,85.19,85.48,34418.441
2026-05-05 15:00:00,85.47,85.88,85.35,85.69,59430.49
2026-05-05 15:30:00,85.7,85.78,85.47,85.5,37666.86
2026-05-05 16:00:00,85.5,85.7,85.36,85.47,48799.71
2026-05-05 16:30:00,85.46,85.46,85.0,85.31,73249.637
2026-05-05 17:00:00,85.32,85.53,85.12,85.41,16382.13
2026-05-05 17:30:00,85.4,85.49,85.31,85.45,11371.177
2026-05-05 18:00:00,85.46,85.82,85.43,85.71,31291.237
2026-05-05 18:30:00,85.7,85.88,85.58,85.87,48105.435
2026-05-05 19:00:00,85.87,86.37,85.8,86.25,74252.036
2026-05-05 19:30:00,86.24,86.56,86.18,86.49,113391.277
2026-05-05 20:00:00,86.49,86.76,86.42,86.6,79077.612
2026-05-05 20:30:00,86.61,86.9,86.57,86.64,46417.78
2026-05-05 21:00:00,86.65,86.93,86.44,86.58,75830.258
2026-05-05 21:30:00,86.58,86.72,86.26,86.72,43749.538
2026-05-05 22:00:00,86.71,86.98,86.56,86.81,50386.638
2026-05-05 22:30:00,86.8,86.82,86.2,86.58,81955.881
2026-05-05 23:00:00,86.57,86.67,86.3,86.32,23455.509
2026-05-05 23:30:00,86.31,86.44,86.17,86.29,38242.292
2026-05-06 00:00:00,86.29,86.5,86.1,86.15,56183.49
2026-05-06 00:30:00,86.15,86.55,86.12,86.38,48427.917
2026-05-06 01:00:00,86.38,86.88,86.31,86.76,43570.917
2026-05-06 01:30:00,86.77,87.0,86.75,86.86,31852.361
2026-05-06 02:00:00,86.86,86.89,86.57,86.57,40075.412
2026-05-06 02:30:00,86.58,86.93,86.39,86.88,30525.418
2026-05-06 03:00:00,86.89,87.45,86.88,87.21,109261.792
2026-05-06 03:30:00,87.22,87.51,87.2,87.33,98152.685
2026-05-06 04:00:00,87.34,87.43,87.04,87.04,44381.205
2026-05-06 04:30:00,87.05,87.06,86.67,86.81,52696.006
2026-05-06 05:00:00,86.8,87.06,86.75,87.03,31268.753
2026-05-06 05:30:00,87.03,87.46,86.91,87.41,108496.742
2026-05-06 06:00:00,87.4,87.54,87.17,87.25,53009.806
2026-05-06 06:30:00,87.26,87.54,87.17,87.49,44192.287
2026-05-06 07:00:00,87.49,87.89,87.46,87.76,56406.11
2026-05-06 07:30:00,87.75,87.84,87.59,87.7,38758.505
2026-05-06 08:00:00,87.71,87.99,87.64,87.87,75453.631
2026-05-06 08:30:00,87.88,89.22,87.87,89.02,252219.599
2026-05-06 09:00:00,89.02,89.07,88.59,88.81,131712.626
2026-05-06 09:30:00,88.82,89.54,88.78,89.48,183728.849
2026-05-06 10:00:00,89.48,89.69,89.21,89.52,128982.991
2026-05-06 10:30:00,89.52,89.69,89.36,89.38,71179.055
2026-05-06 11:00:00,89.38,90.03,89.31,89.6,107783.654
2026-05-06 11:30:00,89.59,89.87,89.47,89.87,75104.693
2026-05-06 12:00:00,89.87,89.97,89.5,89.63,99811.553
2026-05-06 12:30:00,89.64,89.9,89.55,89.66,70620.316
2026-05-06 13:00:00,89.66,89.66,88.37,88.51,223529.428
2026-05-06 13:30:00,88.51,88.81,88.07,88.33,144915.825
2026-05-06 14:00:00,88.33,88.47,87.47,88.18,216041.957
2026-05-06 14:30:00,88.18,88.85,88.18,88.4,61028.526
2026-05-06 15:00:00,88.4,88.97,88.3,88.76,67840.934
2026-05-06 15:30:00,88.76,89.06,88.55,88.97,56107.304
2026-05-06 16:00:00,88.97,89.2,88.64,88.71,63953.46
2026-05-06 16:30:00,88.72,89.51,88.59,89.18,68129.75
2026-05-06 17:00:00,89.18,89.44,88.9,89.03,51977.8
2026-05-06 17:30:00,89.02,89.08,88.53,88.83,55162.148
2026-05-06 18:00:00,88.83,88.96,88.5,88.86,33185.969
2026-05-06 18:30:00,88.85,89.15,88.6,88.99,35932.358
2026-05-06 19:00:00,88.98,89.27,88.92,89.08,27646.02
2026-05-06 19:30:00,89.09,89.32,88.9,89.27,29998.008
2026-05-06 20:00:00,89.27,89.62,89.22,89.41,28369.977
2026-05-06 20:30:00,89.42,89.47,88.92,89.19,41949.109
2026-05-06 21:00:00,89.19,89.43,89.07,89.41,49884.603
2026-05-06 21:30:00,89.42,89.6,89.3,89.47,36432.701
2026-05-06 22:00:00,89.48,89.57,89.06,89.07,30414.255
2026-05-06 22:30:00,89.07,89.25,89.01,89.07,19053.749
2026-05-06 23:00:00,89.07,89.17,88.65,89.15,36959.286
2026-05-06 23:30:00,89.15,89.18,89.0,89.16,20886.49
2026-05-07 00:00:00,89.16,89.27,88.65,88.66,33203.141
2026-05-07 00:30:00,88.66,88.7,88.21,88.32,71424.776
2026-05-07 01:00:00,88.32,88.42,87.9,88.39,56235.062
2026-05-07 01:30:00,88.4,88.53,88.08,88.31,32678.79
2026-05-07 02:00:00,88.31,88.37,87.86,87.93,34023.749
2026-05-07 02:30:00,87.93,88.2,87.8,88.15,34101.884
2026-05-07 03:00:00,88.14,88.15,87.63,87.89,44791.266
2026-05-07 03:30:00,87.89,88.04,87.67,87.75,28747.705
2026-05-07 04:00:00,87.75,88.21,87.69,88.11,28410.397
2026-05-07 04:30:00,88.11,88.38,87.96,88.36,40235.047
2026-05-07 05:00:00,88.37,88.91,88.34,88.6,58590.744
2026-05-07 05:30:00,88.6,88.68,88.32,88.65,63313.717
2026-05-07 06:00:00,88.66,88.69,88.22,88.49,62031.344
2026-05-07 06:30:00,88.5,89.28,88.49,89.27,68669.348
2026-05-07 07:00:00,89.28,89.64,89.14,89.62,84678.8
2026-05-07 07:30:00,89.62,90.44,89.61,90.16,172715.023
2026-05-07 08:00:00,90.17,90.27,89.65,89.85,77452.799
2026-05-07 08:30:00,89.84,89.98,89.48,89.58,64172.127
2026-05-07 09:00:00,89.59,89.59,89.2,89.28,39462.566
2026-05-07 09:30:00,89.28,89.6,89.24,89.46,63015.756
2026-05-07 10:00:00,89.46,89.53,88.76,88.78,63219.399
2026-05-07 10:30:00,88.78,89.23,88.77,89.17,50387.337
2026-05-07 11:00:00,89.17,89.69,89.17,89.43,52618.321
2026-05-07 11:30:00,89.44,89.64,89.28,89.57,53215.333
2026-05-07 12:00:00,89.56,90.1,89.52,89.93,88196.253
2026-05-07 12:30:00,89.93,90.0,89.65,89.77,67292.803
2026-05-07 13:00:00,89.76,89.76,89.04,89.25,84023.634
2026-05-07 13:30:00,89.25,89.25,88.38,88.68,192147.534
2026-05-07 14:00:00,88.67,88.91,88.44,88.5,69137.327
2026-05-07 14:30:00,88.5,88.55,87.83,88.15,157381.962
2026-05-07 15:00:00,88.15,88.51,87.79,88.06,80372.094
2026-05-07 15:30:00,88.07,88.58,88.02,88.32,49327.883
2026-05-07 16:00:00,88.32,88.75,88.08,88.7,91088.399
2026-05-07 16:30:00,88.69,88.79,88.3,88.43,57678.535
2026-05-07 17:00:00,88.44,88.62,87.96,88.17,47712.161
2026-05-07 17:30:00,88.17,88.86,88.13,88.8,36084.48
2026-05-07 18:00:00,88.8,88.97,88.69,88.86,30088.22
2026-05-07 18:30:00,88.86,89.05,88.24,88.58,66565.866
2026-05-07 19:00:00,88.58,88.61,88.22,88.29,24187.731
2026-05-07 19:30:00,88.3,88.74,88.29,88.45,35357.243
2026-05-07 20:00:00,88.45,88.88,88.37,88.56,31354.115
2026-05-07 20:30:00,88.56,88.57,88.04,88.07,35892.628
2026-05-07 21:00:00,88.07,88.17,87.67,88.14,63424.434
2026-05-07 21:30:00,88.14,88.23,87.95,87.97,33212.74
2026-05-07 22:00:00,87.97,88.22,87.68,88.02,107935.654
2026-05-07 22:30:00,88.03,88.17,87.8,88.1,34287.698
2026-05-07 23:00:00,88.09,88.36,88.06,88.24,18312.244
2026-05-07 23:30:00,88.25,88.48,88.18,88.42,13724.432
2026-05-08 00:00:00,88.43,88.65,88.38,88.41,25061.812
2026-05-08 00:30:00,88.42,88.45,88.1,88.27,33832.38
2026-05-08 01:00:00,88.27,88.37,87.92,88.2,24006.075
2026-05-08 01:30:00,88.21,88.3,88.12,88.13,17575.964
2026-05-08 02:00:00,88.14,88.16,87.6,87.9,54364.093
2026-05-08 02:30:00,87.91,88.35,87.87,88.06,40215.286
2026-05-08 03:00:00,88.06,88.28,87.63,88.21,50869.553
2026-05-08 03:30:00,88.21,88.37,88.19,88.22,28183.852
2026-05-08 04:00:00,88.23,88.37,88.21,88.32,21678.67
2026-05-08 04:30:00,88.33,88.33,88.01,88.18,29360.98
2026-05-08 05:00:00,88.17,88.36,88.07,88.28,30967.776
2026-05-08 05:30:00,88.28,88.42,88.05,88.05,19186.891
2026-05-08 06:00:00,88.05,88.29,87.84,88.05,59494.568
2026-05-08 06:30:00,88.05,88.13,87.83,88.05,24783.447
2026-05-08 07:00:00,88.05,88.05,87.65,87.81,60368.925
2026-05-08 07:30:00,87.81,88.23,87.8,88.22,94565.632
2026-05-08 08:00:00,88.23,88.36,88.01,88.2,99770.931
2026-05-08 08:30:00,88.21,88.63,88.19,88.38,74241.318
2026-05-08 09:00:00,88.38,88.72,88.23,88.56,46134.428
2026-05-08 09:30:00,88.57,88.62,88.32,88.44,28380.55
2026-05-08 10:00:00,88.44,88.61,88.28,88.46,26526.992
2026-05-08 10:30:00,88.46,89.1,88.45,88.63,69044.522
2026-05-08 11:00:00,88.64,88.74,88.47,88.66,41659.061
2026-05-08 11:30:00,88.66,88.7,88.5,88.64,21732.755
2026-05-08 12:00:00,88.64,88.76,88.51,88.71,21354.48
2026-05-08 12:30:00,88.72,88.87,88.37,88.46,52128.606
2026-05-08 13:00:00,88.47,88.56,88.17,88.29,53679.184
2026-05-08 13:30:00,88.3,88.53,88.01,88.34,35725.594
2026-05-08 14:00:00,88.34,89.38,88.34,89.05,71593.188
2026-05-08 14:30:00,89.05,89.24,88.64,89.15,67444.522
2026-05-08 15:00:00,89.16,89.29,88.43,88.59,51687.435
2026-05-08 15:30:00,88.6,89.6,88.46,89.59,47256.857
2026-05-08 16:00:00,89.6,89.79,89.34,89.6,59118.344
2026-05-08 16:30:00,89.6,89.76,89.44,89.59,36849.886
2026-05-08 17:00:00,89.6,90.34,89.56,90.32,118923.751
2026-05-08 17:30:00,90.32,91.95,90.32,91.65,278562.118
2026-05-08 18:00:00,91.66,92.42,91.65,92.3,142387.743
2026-05-08 18:30:00,92.29,92.56,92.26,92.32,81995.741
2026-05-08 19:00:00,92.32,92.77,92.04,92.75,104014.865
2026-05-08 19:30:00,92.75,92.8,92.42,92.6,65379.913
2026-05-08 20:00:00,92.61,92.67,92.21,92.48,65529.558
2026-05-08 20:30:00,92.49,92.51,92.01,92.11,44681.928
2026-05-08 21:00:00,92.12,92.24,91.75,91.93,50278.08
2026-05-08 21:30:00,91.94,92.39,91.94,92.3,33447.309
2026-05-08 22:00:00,92.31,92.71,92.28,92.42,40184.92
2026-05-08 22:30:00,92.42,92.48,92.25,92.3,30386.696
2026-05-08 23:00:00,92.3,92.3,91.92,91.95,34522.178
2026-05-08 23:30:00,91.95,92.06,91.73,92.01,35295.502
2026-05-09 00:00:00,92.02,92.41,91.85,92.37,34713.882
2026-05-09 00:30:00,92.38,92.62,92.33,92.48,35258.127
2026-05-09 01:00:00,92.48,92.72,92.42,92.49,40124.785
2026-05-09 01:30:00,92.48,93.91,92.48,93.51,277114.604
2026-05-09 02:00:00,93.52,93.8,93.3,93.45,66117.054
2026-05-09 02:30:00,93.45,93.65,93.3,93.51,47556.512
2026-05-09 03:00:00,93.51,93.77,93.41,93.67,36490.631
2026-05-09 03:30:00,93.68,93.73,93.41,93.64,39052.137
2026-05-09 04:00:00,93.65,94.17,93.53,93.65,78715.551
2026-05-09 04:30:00,93.65,93.73,93.12,93.24,71887.776
2026-05-09 05:00:00,93.24,93.53,92.84,93.5,81825.705
2026-05-09 05:30:00,93.51,93.78,93.44,93.75,33713.41
2026-05-09 06:00:00,93.75,94.13,93.51,93.55,65778.572
2026-05-09 06:30:00,93.55,93.64,93.21,93.54,55568.227
2026-05-09 07:00:00,93.54,93.81,93.34,93.68,37775.825
2026-05-09 07:30:00,93.68,94.0,93.63,93.76,70833.296
2026-05-09 08:00:00,93.76,93.92,93.66,93.87,41525.421
2026-05-09 08:30:00,93.87,93.95,93.69,93.72,19204.489
2026-05-09 09:00:00,93.71,93.71,93.05,93.44,52049.253
2026-05-09 09:30:00,93.44,93.46,93.18,93.29,48898.044
2026-05-09 10:00:00,93.29,93.52,93.09,93.36,40303.005
2026-05-09 10:30:00,93.36,93.6,93.34,93.38,22671.349
2026-05-09 11:00:00,93.38,93.69,93.33,93.67,18537.896
2026-05-09 11:30:00,93.68,93.69,93.54,93.62,23985.968
2026-05-09 12:00:00,93.61,93.74,93.37,93.61,26236.068
2026-05-09 12:30:00,93.62,93.62,93.27,93.45,16140.951
2026-05-09 13:00:00,93.45,93.46,93.1,93.23,23994.924
2026-05-09 13:30:00,93.23,93.47,93.01,93.47,30393.204
2026-05-09 14:00:00,93.46,93.47,92.91,93.02,40905.98
2026-05-09 14:30:00,93.01,93.11,92.77,92.88,44638.633
2026-05-09 15:00:00,92.88,92.97,92.39,92.84,64816.618
2026-05-09 15:30:00,92.84,93.01,92.7,93.01,41395.128
2026-05-09 16:00:00,93.01,93.31,92.82,92.94,66812.413
2026-05-09 16:30:00,92.95,92.96,92.69,92.76,41584.158
2026-05-09 17:00:00,92.77,93.23,92.76,93.23,26685.871
2026-05-09 17:30:00,93.23,93.48,93.11,93.21,24838.425
2026-05-09 18:00:00,93.21,93.65,93.15,93.56,27163.597
2026-05-09 18:30:00,93.56,93.61,93.28,93.37,19957.416
2026-05-09 19:00:00,93.37,93.42,93.22,93.34,12370.414
2026-05-09 19:30:00,93.34,93.58,93.3,93.51,15196.517
2026-05-09 20:00:00,93.51,93.51,93.22,93.28,13980.303
2026-05-09 20:30:00,93.29,93.34,93.15,93.26,13604.132
2026-05-09 21:00:00,93.25,93.44,93.25,93.38,11187.316
2026-05-09 21:30:00,93.38,93.56,93.29,93.49,18063.005
2026-05-09 22:00:00,93.5,93.53,93.3,93.39,20287.029
2026-05-09 22:30:00,93.38,93.49,93.22,93.33,8666.067
2026-05-09 23:00:00,93.33,93.49,93.15,93.15,13702.06
2026-05-09 23:30:00,93.15,93.2,93.05,93.13,11950.948
2026-05-10 00:00:00,93.12,93.34,92.92,93.19,30166.883
2026-05-10 00:30:00,93.18,93.18,92.94,93.03,26453.357
2026-05-10 01:00:00,93.03,93.03,92.6,92.65,28336.171
2026-05-10 01:30:00,92.64,92.99,92.64,92.97,21761.593
2026-05-10 02:00:00,92.96,93.11,92.81,93.07,27033.834
2026-05-10 02:30:00,93.07,93.1,92.82,93.04,64175.649
2026-05-10 03:00:00,93.05,93.26,92.98,93.15,39585.346
2026-05-10 03:30:00,93.16,93.51,93.06,93.42,74490.918
2026-05-10 04:00:00,93.41,93.46,93.24,93.34,20297.82
2026-05-10 04:30:00,93.34,93.5,93.31,93.35,27109.577
2026-05-10 05:00:00,93.36,93.5,93.24,93.45,11247.961
2026-05-10 05:30:00,93.45,93.5,93.31,93.34,17881.295
2026-05-10 06:00:00,93.34,93.43,93.25,93.28,9509.935
2026-05-10 06:30:00,93.28,93.46,93.27,93.41,18970.524
2026-05-10 07:00:00,93.41,93.63,93.37,93.54,26806.746
2026-05-10 07:30:00,93.54,93.62,93.45,93.46,16312.369
2026-05-10 08:00:00,93.46,94.09,93.42,93.9,85780.95
2026-05-10 08:30:00,93.89,94.07,93.84,94.06,26750.143
2026-05-10 09:00:00,94.06,94.8,94.06,94.52,106885.182
2026-05-10 09:30:00,94.52,94.64,94.21,94.3,44286.86
2026-05-10 10:00:00,94.31,94.37,93.59,93.82,65792.942
2026-05-10 10:30:00,93.83,93.95,93.66,93.87,45325.158
2026-05-10 11:00:00,93.86,94.02,92.91,93.32,87220.853
2026-05-10 11:30:00,93.31,93.62,93.23,93.55,49661.286
2026-05-10 12:00:00,93.56,93.62,93.31,93.38,20741.303
2026-05-10 12:30:00,93.39,93.5,93.2,93.32,29011.884
2026-05-10 13:00:00,93.31,93.78,93.24,93.67,54568.938
2026-05-10 13:30:00,93.68,93.94,93.6,93.77,28390.832
2026-05-10 14:00:00,93.76,93.98,93.7,93.74,22375.597
2026-05-10 14:30:00,93.75,94.13,93.68,93.89,46531.53
2026-05-10 15:00:00,93.89,94.41,93.89,94.36,48629.675
2026-05-10 15:30:00,94.35,94.73,94.35,94.53,70600.772
2026-05-10 16:00:00,94.53,94.65,94.18,94.36,62305.883
2026-05-10 16:30:00,94.37,94.98,94.34,94.84,62598.349
2026-05-10 17:00:00,94.84,95.99,94.84,95.93,162846.073
2026-05-10 17:30:00,95.93,96.5,95.65,96.49,104565.9
2026-05-10 18:00:00,96.49,97.0,96.12,96.61,102518.744
2026-05-10 18:30:00,96.61,96.9,96.4,96.44,52179.292
2026-05-10 19:00:00,96.43,96.88,95.75,96.81,65944.605
2026-05-10 19:30:00,96.8,96.88,96.25,96.47,42374.883
2026-05-10 20:00:00,96.47,96.6,95.52,95.82,59089.923
2026-05-10 20:30:00,95.82,95.82,93.43,94.52,187204.337
2026-05-10 21:00:00,94.51,95.34,94.47,95.33,64266.033
2026-05-10 21:30:00,95.33,95.6,95.04,95.08,41240.037
2026-05-10 22:00:00,95.07,96.08,94.89,95.75,72184.914
2026-05-10 22:30:00,95.76,96.36,95.56,96.23,45263.224
2026-05-10 23:00:00,96.24,96.71,95.99,96.34,77944.557
2026-05-10 23:30:00,96.34,96.86,96.27,96.47,63948.358
2026-05-11 00:00:00,96.46,96.64,95.9,96.11,98901.33
2026-05-11 00:30:00,96.11,96.67,95.33,95.79,107842.391
2026-05-11 01:00:00,95.79,96.4,95.32,96.12,85247.938
2026-05-11 01:30:00,96.11,96.3,95.79,96.05,66698.868
2026-05-11 02:00:00,96.05,96.14,95.41,95.58,64292.971
2026-05-11 02:30:00,95.57,95.62,95.19,95.3,80488.928
2026-05-11 03:00:00,95.3,95.34,94.68,94.74,95663.688
2026-05-11 03:30:00,94.74,94.95,94.46,94.76,68290.412
2026-05-11 04:00:00,94.76,94.88,94.43,94.83,41006.739
2026-05-11 04:30:00,94.83,95.21,94.82,94.97,25731.461
2026-05-11 05:00:00,94.97,95.6,94.94,95.6,51623.984
2026-05-11 05:30:00,95.59,95.88,95.48,95.71,39548.631
2026-05-11 06:00:00,95.71,96.16,95.65,95.98,40035.272
2026-05-11 06:30:00,95.97,96.02,95.42,95.49,41987.142
2026-05-11 07:00:00,95.5,95.58,95.25,95.31,29693.802
2026-05-11 07:30:00,95.31,95.54,95.17,95.33,47624.377
2026-05-11 08:00:00,95.34,95.37,94.62,94.62,103855.376
2026-05-11 08:30:00,94.61,95.0,94.58,94.79,55899.233
2026-05-11 09:00:00,94.78,95.29,94.76,95.25,45902.539
2026-05-11 09:30:00,95.25,95.35,95.07,95.3,21617.104
2026-05-11 10:00:00,95.3,95.57,95.17,95.5,46476.924
2026-05-11 10:30:00,95.51,95.57,95.05,95.07,33059.102
2026-05-11 11:00:00,95.06,95.3,94.89,95.2,52887.107
2026-05-11 11:30:00,95.19,95.49,95.03,95.25,29723.556
2026-05-11 12:00:00,95.26,95.39,94.67,95.2,56299.51
2026-05-11 12:30:00,95.2,95.29,94.7,94.81,49523.787
2026-05-11 13:00:00,94.8,95.39,94.78,95.14,41690.178
2026-05-11 13:30:00,95.15,95.48,94.56,95.23,120408.384
2026-05-11 14:00:00,95.22,95.87,94.76,94.76,85256.978
2026-05-11 14:30:00,94.76,95.21,94.3,95.17,152034.436
2026-05-11 15:00:00,95.18,96.48,94.9,96.22,140353.897
2026-05-11 15:30:00,96.22,96.8,95.86,96.8,104084.241
2026-05-11 16:00:00,96.79,98.0,96.5,97.44,235949.364
2026-05-11 16:30:00,97.44,97.85,97.01,97.35,86934.389
2026-05-11 17:00:00,97.34,97.5,96.9,97.23,69395.054
2026-05-11 17:30:00,97.23,97.97,96.99,97.77,56151.514
2026-05-11 18:00:00,97.77,98.1,97.29,97.58,63733.284
2026-05-11 18:30:00,97.57,97.78,97.26,97.29,65492.661
2026-05-11 19:00:00,97.29,97.88,97.01,97.71,49687.036
2026-05-11 19:30:00,97.71,98.39,97.71,98.19,66781.509
2026-05-11 20:00:00,98.19,98.41,97.78,97.81,59505.661
2026-05-11 20:30:00,97.81,98.02,97.61,97.63,29732.817
2026-05-11 21:00:00,97.64,97.79,97.42,97.56,24399.126
2026-05-11 21:30:00,97.56,97.81,97.33,97.41,26377.187
2026-05-11 22:00:00,97.41,97.8,97.36,97.47,21733.433
2026-05-11 22:30:00,97.47,97.84,97.43,97.65,17203.601
2026-05-11 23:00:00,97.65,97.65,97.1,97.16,57273.95
2026-05-11 23:30:00,97.17,97.51,97.14,97.37,23949.093
2026-05-12 00:00:00,97.37,97.48,97.18,97.45,48701.34
2026-05-12 00:30:00,97.45,97.68,97.37,97.54,39882.353
2026-05-12 01:00:00,97.54,97.67,96.6,96.83,82953.296
2026-05-12 01:30:00,96.82,96.82,95.54,96.28,164742.808
2026-05-12 02:00:00,96.29,96.72,96.14,96.58,57645.018
2026-05-12 02:30:00,96.58,96.66,96.28,96.55,72006.433
2026-05-12 03:00:00,96.55,96.64,96.1,96.23,37964.188
2026-05-12 03:30:00,96.23,96.38,96.05,96.14,27129.855
2026-05-12 04:00:00,96.14,96.38,96.07,96.28,25103.601
2026-05-12 04:30:00,96.28,96.5,96.28,96.36,21839.954
2026-05-12 05:00:00,96.37,96.72,96.23,96.63,26630.482
2026-05-12 05:30:00,96.64,96.77,96.5,96.58,29441.584
2026-05-12 06:00:00,96.58,97.0,96.48,96.75,31201.656
2026-05-12 06:30:00,96.75,96.78,96.16,96.21,33862.172
2026-05-12 07:00:00,96.2,96.31,95.82,96.06,55448.626
2026-05-12 07:30:00,96.07,96.3,95.85,96.05,34699.28
2026-05-12 08:00:00,96.05,96.15,95.4,95.64,115168.902
2026-05-12 08:30:00,95.64,95.9,95.56,95.65,41720.665
2026-05-12 09:00:00,95.65,95.72,95.29,95.51,169204.012
2026-05-12 09:30:00,95.51,96.06,95.51,95.78,56865.359
2026-05-12 10:00:00,95.78,95.97,95.19,95.42,63455.846
2026-05-12 10:30:00,95.43,95.48,94.94,95.0,69268.388
2026-05-12 11:00:00,95.0,95.05,94.6,94.75,65412.278
2026-05-12 11:30:00,94.74,95.0,94.73,94.98,36328.188
2026-05-12 12:00:00,94.97,95.21,94.76,94.89,72154.459
2026-05-12 12:30:00,94.89,95.56,94.39,95.22,134980.577
2026-05-12 13:00:00,95.22,95.4,94.81,95.0,46691.677
2026-05-12 13:30:00,94.99,95.38,94.55,94.7,98674.76
2026-05-12 14:00:00,94.71,95.24,94.59,94.8,78739.335
2026-05-12 14:30:00,94.8,95.14,94.38,94.54,95938.185
2026-05-12 15:00:00,94.55,94.78,93.55,93.83,165548.488
2026-05-12 15:30:00,93.84,94.24,93.78,93.85,95431.78
2026-05-12 16:00:00,93.85,94.32,93.63,94.16,85326.339
2026-05-12 16:30:00,94.17,94.21,93.6,93.83,86862.361
2026-05-12 17:00:00,93.84,94.57,93.82,94.45,59269.335
2026-05-12 17:30:00,94.45,94.68,94.45,94.52,40957.381
2026-05-12 18:00:00,94.51,94.6,94.35,94.43,30029.939
2026-05-12 18:30:00,94.42,95.01,94.41,94.56,77030.713
2026-05-12 19:00:00,94.56,95.0,94.56,94.59,38596.106
2026-05-12 19:30:00,94.59,94.97,94.57,94.92,34904.71
2026-05-12 20:00:00,94.92,94.98,94.81,94.95,26906.329
2026-05-12 20:30:00,94.95,94.95,94.62,94.74,24151.554
2026-05-12 21:00:00,94.75,94.86,94.7,94.75,14217.114
2026-05-12 21:30:00,94.75,94.79,94.54,94.67,15219.139
2026-05-12 22:00:00,94.68,95.05,94.68,94.75,19410.965
2026-05-12 22:30:00,94.74,94.82,94.64,94.67,9873.01
2026-05-12 23:00:00,94.67,94.75,94.47,94.67,16989.77
2026-05-12 23:30:00,94.67,94.68,94.23,94.28,35457.049
2026-05-13 00:00:00,94.28,94.56,94.05,94.36,66801.663
2026-05-13 00:30:00,94.37,94.64,94.33,94.48,29096.812
2026-05-13 01:00:00,94.48,95.38,94.48,95.28,83232.17
2026-05-13 01:30:00,95.28,95.44,95.1,95.2,43389.178
2026-05-13 02:00:00,95.2,95.57,95.02,95.35,38946.217
2026-05-13 02:30:00,95.35,95.37,95.16,95.25,21429.099
2026-05-13 03:00:00,95.24,95.3,95.08,95.27,28996.383
2026-05-13 03:30:00,95.27,95.59,95.24,95.56,35603.764
2026-05-13 04:00:00,95.56,95.84,95.49,95.73,54210.37
2026-05-13 04:30:00,95.73,95.99,95.43,95.5,54984.142
2026-05-13 05:00:00,95.49,95.51,95.1,95.45,50307.754
2026-05-13 05:30:00,95.44,95.45,95.13,95.26,25876.714
2026-05-13 06:00:00,95.26,95.7,95.16,95.29,52539.348
2026-05-13 06:30:00,95.29,95.32,95.12,95.14,19048.525
2026-05-13 07:00:00,95.14,95.31,94.9,94.97,25737.249
2026-05-13 07:30:00,94.98,95.23,94.88,95.14,24661.614
2026-05-13 08:00:00,95.14,95.3,95.1,95.17,26991.846
2026-05-13 08:30:00,95.17,95.77,95.02,95.57,35210.972
2026-05-13 09:00:00,95.57,95.88,95.57,95.74,75277.915
2026-05-13 09:30:00,95.74,95.89,95.67,95.73,51670.074
2026-05-13 10:00:00,95.73,95.78,95.13,95.14,41049.451
2026-05-13 10:30:00,95.14,95.2,94.74,94.79,56108.539
2026-05-13 11:00:00,94.8,94.83,94.25,94.38,116212.525
2026-05-13 11:30:00,94.39,94.66,94.25,94.33,40426.141
2026-05-13 12:00:00,94.33,94.64,94.0,94.18,73804.771
2026-05-13 12:30:00,94.18,94.19,92.24,93.16,358290.241
2026-05-13 13:00:00,93.17,93.44,93.17,93.26,54735.326
2026-05-13 13:30:00,93.26,93.36,91.95,92.28,205150.931
2026-05-13 14:00:00,92.29,92.33,91.38,92.23,190902.578
2026-05-13 14:30:00,92.22,92.29,91.68,91.78,69200.245
2026-05-13 15:00:00,91.77,91.94,90.74,90.87,165863.322
2026-05-13 15:30:00,90.86,91.04,90.27,90.43,117737.358
2026-05-13 16:00:00,90.43,91.02,90.41,90.94,118880.048
2026-05-13 16:30:00,90.94,91.26,90.83,90.87,86222.894
2026-05-13 17:00:00,90.87,91.16,90.74,90.98,125382.193
2026-05-13 17:30:00,90.98,91.03,90.71,90.89,65279.77
2026-05-13 18:00:00,90.9,91.38,90.86,91.32,68272.842
2026-05-13 18:30:00,91.32,91.41,90.77,90.93,41367.951
2026-05-13 19:00:00,90.93,90.96,90.49,90.67,51935.614
2026-05-13 19:30:00,90.67,91.02,90.67,90.96,29725.855
2026-05-13 20:00:00,90.95,91.32,90.93,91.14,35658.189
2026-05-13 20:30:00,91.15,91.35,91.08,91.24,37359.291
2026-05-13 21:00:00,91.25,91.27,90.73,90.9,42953.347
2026-05-13 21:30:00,90.91,91.02,90.78,90.89,29855.422
2026-05-13 22:00:00,90.9,91.14,90.64,91.13,40626.47
2026-05-13 22:30:00,91.12,91.25,91.0,91.18,23890.106
2026-05-13 23:00:00,91.17,91.33,91.08,91.22,32051.697
2026-05-13 23:30:00,91.23,91.28,91.06,91.17,29616.876
2026-05-14 00:00:00,91.17,91.42,91.07,91.16,63399.761
2026-05-14 00:30:00,91.17,91.32,91.14,91.21,26974.106
2026-05-14 01:00:00,91.21,91.37,91.0,91.09,30221.357
2026-05-14 01:30:00,91.1,91.26,91.0,91.16,28358.489
2026-05-14 02:00:00,91.16,91.26,91.03,91.18,19768.597
2026-05-14 02:30:00,91.19,91.19,90.46,90.58,43170.059
2026-05-14 03:00:00,90.58,90.78,89.96,90.55,113442.637
2026-05-14 03:30:00,90.55,90.58,89.82,89.93,96673.897
2026-05-14 04:00:00,89.93,90.38,89.86,90.32,37401.435
2026-05-14 04:30:00,90.32,90.62,90.26,90.48,30973.163
2026-05-14 05:00:00,90.48,90.89,90.4,90.87,35429.719
2026-05-14 05:30:00,90.88,91.47,90.87,91.29,49458.242
2026-05-14 06:00:00,91.29,91.47,91.19,91.34,35368.6
2026-05-14 06:30:00,91.34,91.42,91.16,91.41,37295.745
2026-05-14 07:00:00,91.42,92.02,90.75,90.85,146417.585
2026-05-14 07:30:00,90.85,91.16,90.69,90.88,65083.374
2026-05-14 08:00:00,90.88,91.12,90.67,90.98,57472.475
2026-05-14 08:30:00,90.98,91.3,90.98,91.06,39209.282
2026-05-14 09:00:00,91.07,91.15,90.83,90.88,18516.305
2026-05-14 09:30:00,90.87,90.91,90.59,90.86,28994.506
2026-05-14 10:00:00,90.86,91.13,90.73,91.01,21844.466
2026-05-14 10:30:00,91.01,91.14,90.66,91.05,27573.667
2026-05-14 11:00:00,91.05,91.1,90.7,90.76,23079.876
2026-05-14 11:30:00,90.75,90.79,90.62,90.64,24999.404
2026-05-14 12:00:00,90.64,91.04,90.54,90.92,29172.615
2026-05-14 12:30:00,90.91,91.29,90.89,91.22,44038.855
2026-05-14 13:00:00,91.22,91.5,91.11,91.25,59682.484
2026-05-14 13:30:00,91.26,91.34,90.74,90.78,82159.471
2026-05-14 14:00:00,90.78,91.66,90.63,91.5,97278.573
2026-05-14 14:30:00,91.5,92.35,91.27,92.28,145426.696
2026-05-14 15:00:00,92.29,92.69,91.96,92.5,128700.21
2026-05-14 15:30:00,92.49,93.25,92.21,93.16,116182.354
2026-05-14 16:00:00,93.16,93.68,93.05,93.3,121940.406
2026-05-14 16:30:00,93.31,93.4,92.34,93.33,115070.587
2026-05-14 17:00:00,93.32,93.59,92.3,92.42,139087.895
2026-05-14 17:30:00,92.41,93.31,92.29,93.02,90193.481
2026-05-14 18:00:00,93.01,93.64,92.7,93.57,75049.016
2026-05-14 18:30:00,93.57,93.59,93.12,93.43,43030.54
2026-05-14 19:00:00,93.44,93.64,92.93,92.96,37060.162
2026-05-14 19:30:00,92.96,93.23,92.8,92.9,61259.803
2026-05-14 20:00:00,92.91,93.0,92.43,92.54,46257.335
2026-05-14 20:30:00,92.54,92.8,92.37,92.73,21451.516
2026-05-14 21:00:00,92.73,92.87,92.54,92.77,24244.603
2026-05-14 21:30:00,92.77,92.95,92.64,92.7,16727.607
2026-05-14 22:00:00,92.71,92.86,92.62,92.77,19712.404
2026-05-14 22:30:00,92.77,92.92,92.57,92.66,27399.575
2026-05-14 23:00:00,92.65,92.67,92.3,92.57,39285.945
2026-05-14 23:30:00,92.56,92.58,92.11,92.15,27586.928
2026-05-15 00:00:00,92.16,92.52,92.1,92.48,39691.492
2026-05-15 00:30:00,92.48,92.66,92.1,92.43,45561.851
2026-05-15 01:00:00,92.43,92.55,92.19,92.19,32914.924
2026-05-15 01:30:00,92.18,92.3,91.69,91.74,53997.995
2026-05-15 02:00:00,91.75,92.08,91.47,91.73,161007.865
2026-05-15 02:30:00,91.73,92.44,91.47,92.36,59216.988
2026-05-15 03:00:00,92.36,92.47,92.12,92.28,25921.162
2026-05-15 03:30:00,92.29,92.29,91.88,92.06,28085.161
2026-05-15 04:00:00,92.05,92.05,91.67,91.71,19872.836
2026-05-15 04:30:00,91.72,91.86,91.27,91.28,38712.038
2026-05-15 05:00:00,91.29,91.54,91.2,91.36,51194.43
2026-05-15 05:30:00,91.36,91.37,90.26,90.6,181195.218
2026-05-15 06:00:00,90.6,91.03,90.47,90.81,68367.941
2026-05-15 06:30:00,90.81,91.08,90.79,91.02,23357.49
2026-05-15 07:00:00,91.02,91.71,90.94,91.57,73047.342
2026-05-15 07:30:00,91.56,91.72,91.24,91.6,63861.225
2026-05-15 08:00:00,91.61,91.62,91.11,91.14,44666.599
2026-05-15 08:30:00,91.13,91.65,90.94,91.27,86184.189
2026-05-15 09:00:00,91.27,91.29,90.94,91.21,59649.447
2026-05-15 09:30:00,91.22,91.33,90.92,91.17,57274.189
2026-05-15 10:00:00,91.17,91.28,91.01,91.08,25358.041
2026-05-15 10:30:00,91.08,91.57,91.02,91.47,34920.816
2026-05-15 11:00:00,91.47,91.54,91.26,91.35,28010.654
2026-05-15 11:30:00,91.34,91.4,91.18,91.27,20076.582
2026-05-15 12:00:00,91.26,91.27,90.71,90.85,52669.238
2026-05-15 12:30:00,90.85,90.9,90.57,90.66,31852.984
2026-05-15 13:00:00,90.66,90.66,90.21,90.48,60170.227
2026-05-15 13:30:00,90.48,90.49,88.69,88.9,268618.797
2026-05-15 14:00:00,88.91,89.55,88.55,89.11,147013.25
2026-05-15 14:30:00,89.12,89.31,88.78,89.06,99315.624
2026-05-15 15:00:00,89.05,89.28,88.85,89.02,64691.672
2026-05-15 15:30:00,89.02,89.18,88.7,89.04,66818.477
2026-05-15 16:00:00,89.04,89.56,88.81,89.45,83680.023
2026-05-15 16:30:00,89.45,89.7,89.25,89.5,52811.783
2026-05-15 17:00:00,89.51,89.9,89.49,89.75,49866.864
2026-05-15 17:30:00,89.75,89.85,89.62,89.82,37284.031
2026-05-15 18:00:00,89.81,90.09,89.64,89.76,41200.927
2026-05-15 18:30:00,89.77,89.93,89.47,89.8,39503.87
2026-05-15 19:00:00,89.79,89.8,89.41,89.56,29971.689
2026-05-15 19:30:00,89.56,89.65,89.35,89.42,48017.893
2026-05-15 20:00:00,89.41,89.5,89.1,89.4,28746.597
2026-05-15 20:30:00,89.41,89.43,89.08,89.28,26236.161
2026-05-15 21:00:00,89.28,89.43,89.17,89.27,30049.328
2026-05-15 21:30:00,89.27,89.31,89.0,89.05,20485.252
2026-05-15 22:00:00,89.06,89.28,89.05,89.21,19637.318
2026-05-15 22:30:00,89.2,89.36,89.14,89.33,15545.192
2026-05-15 23:00:00,89.33,89.39,89.25,89.3,18942.232
2026-05-15 23:30:00,89.29,89.34,89.21,89.24,20567.727
2026-05-16 00:00:00,89.23,89.44,89.14,89.34,26155.905
2026-05-16 00:30:00,89.35,89.4,89.16,89.22,22216.002
2026-05-16 01:00:00,89.22,89.29,89.02,89.03,32588.42
2026-05-16 01:30:00,89.02,89.35,88.95,89.3,38130.674
2026-05-16 02:00:00,89.3,89.39,89.08,89.08,48022.426
2026-05-16 02:30:00,89.08,89.21,88.97,89.2,20093.858
2026-05-16 03:00:00,89.2,89.27,89.16,89.23,19903.758
2026-05-16 03:30:00,89.23,89.23,89.0,89.05,12160.961
2026-05-16 04:00:00,89.05,89.09,88.75,88.8,22962.87
2026-05-16 04:30:00,88.81,88.86,88.19,88.86,84403.3
2026-05-16 05:00:00,88.86,88.93,88.42,88.59,50656.29
2026-05-16 05:30:00,88.59,88.7,88.28,88.57,49365.577
2026-05-16 06:00:00,88.58,88.66,88.1,88.31,38597.543
2026-05-16 06:30:00,88.3,88.45,87.81,88.01,107913.691
2026-05-16 07:00:00,88.01,88.01,86.72,87.37,229182.803
2026-05-16 07:30:00,87.36,87.73,87.15,87.47,49741.788
2026-05-16 08:00:00,87.46,87.62,87.33,87.48,38303.433
2026-05-16 08:30:00,87.49,87.62,87.43,87.48,25998.355
2026-05-16 09:00:00,87.48,87.51,85.78,85.98,222966.21
2026-05-16 09:30:00,85.97,86.3,85.92,86.05,61785.058
2026-05-16 10:00:00,86.04,86.15,85.52,85.7,99855.579
2026-05-16 10:30:00,85.71,86.05,85.7,86.01,50963.819
2026-05-16 11:00:00,86.02,86.28,86.02,86.19,42799.533
2026-05-16 11:30:00,86.19,86.33,86.11,86.11,26987.125
2026-05-16 12:00:00,86.12,86.24,86.01,86.16,35952.027
2026-05-16 12:30:00,86.17,86.44,86.17,86.26,22617.706
2026-05-16 13:00:00,86.26,86.35,86.11,86.31,23829.988
2026-05-16 13:30:00,86.31,86.35,86.11,86.26,22614.661
2026-05-16 14:00:00,86.26,86.31,86.07,86.19,31542.766
2026-05-16 14:30:00,86.2,86.71,86.19,86.4,41230.247
2026-05-16 15:00:00,86.39,86.6,86.27,86.35,29555.551
2026-05-16 15:30:00,86.34,86.67,86.34,86.5,31136.722
2026-05-16 16:00:00,86.49,86.74,86.37,86.63,40728.17
2026-05-16 16:30:00,86.63,86.78,86.49,86.63,27512.775
2026-05-16 17:00:00,86.64,86.85,86.63,86.81,18766.809
2026-05-16 17:30:00,86.81,86.96,86.75,86.81,17149.877
2026-05-16 18:00:00,86.81,86.89,86.6,86.75,16488.903
2026-05-16 18:30:00,86.75,86.97,86.7,86.81,17389.13
2026-05-16 19:00:00,86.81,86.85,86.7,86.81,15789.614
2026-05-16 19:30:00,86.81,86.85,86.65,86.69,30714.66
2026-05-16 20:00:00,86.69,86.88,86.68,86.8,21454.333
2026-05-16 20:30:00,86.79,86.8,86.66,86.68,13585.685
2026-05-16 21:00:00,86.67,86.77,86.62,86.66,16087.155
2026-05-16 21:30:00,86.66,86.69,86.49,86.59,18674.381
2026-05-16 22:00:00,86.59,86.69,86.45,86.65,10193.537
2026-05-16 22:30:00,86.64,86.67,86.52,86.54,8875.236
2026-05-16 23:00:00,86.53,86.7,86.49,86.61,16656.731
2026-05-16 23:30:00,86.61,86.66,86.53,86.54,12719.952
2026-05-17 00:00:00,86.53,86.72,86.44,86.51,28161.263
2026-05-17 00:30:00,86.51,86.56,85.97,86.13,42303.154
2026-05-17 01:00:00,86.12,86.34,85.81,85.88,31108.901
2026-05-17 01:30:00,85.88,86.03,85.59,85.75,56586.671
2026-05-17 02:00:00,85.76,86.17,85.76,86.15,33943.591
2026-05-17 02:30:00,86.15,86.27,85.81,86.0,74020.305
2026-05-17 03:00:00,86.01,86.34,85.99,86.22,23861.949
2026-05-17 03:30:00,86.23,86.63,86.2,86.53,34104.734
2026-05-17 04:00:00,86.52,86.89,86.47,86.8,28804.897
2026-05-17 04:30:00,86.81,86.98,86.73,86.86,26960.118
2026-05-17 05:00:00,86.87,87.29,86.85,86.95,38664.055
2026-05-17 05:30:00,86.96,87.05,86.89,86.91,25672.954
2026-05-17 06:00:00,86.9,87.01,86.8,86.88,17419.411
2026-05-17 06:30:00,86.88,86.95,86.71,86.85,14630.535
2026-05-17 07:00:00,86.85,86.97,86.78,86.9,12488.002
2026-05-17 07:30:00,86.91,87.1,86.86,86.97,24558.312
2026-05-17 08:00:00,86.98,87.03,86.6,86.66,30714.932
2026-05-17 08:30:00,86.66,86.83,86.63,86.83,15612.531
2026-05-17 09:00:00,86.82,87.02,86.72,86.87,44635.465
2026-05-17 09:30:00,86.86,86.94,86.72,86.89,25951.597
2026-05-17 10:00:00,86.9,87.26,86.86,87.13,56491.014
2026-05-17 10:30:00,87.12,87.13,86.81,87.0,71903.786
2026-05-17 11:00:00,86.99,87.02,86.8,86.83,27333.728
2026-05-17 11:30:00,86.83,87.0,86.78,86.89,20811.668
2026-05-17 12:00:00,86.89,86.99,86.86,86.93,14717.805
2026-05-17 12:30:00,86.93,87.02,86.72,86.76,22779.967
2026-05-17 13:00:00,86.76,86.78,86.3,86.48,43388.791
2026-05-17 13:30:00,86.49,86.61,86.37,86.41,27947.085
2026-05-17 14:00:00,86.41,86.46,85.95,86.34,58402.717
2026-05-17 14:30:00,86.34,86.41,86.17,86.31,15410.56
2026-05-17 15:00:00,86.31,86.47,86.17,86.31,15954.773
2026-05-17 15:30:00,86.31,86.49,86.3,86.46,14621.104
2026-05-17 16:00:00,86.46,86.62,86.45,86.62,19113.719
2026-05-17 16:30:00,86.62,86.69,86.11,86.3,27997.326
2026-05-17 17:00:00,86.31,86.36,86.01,86.19,26001.521
2026-05-17 17:30:00,86.2,86.3,86.0,86.24,24713.324
2026-05-17 18:00:00,86.24,86.43,86.02,86.26,36446.031
2026-05-17 18:30:00,86.26,86.44,86.19,86.43,18132.912
2026-05-17 19:00:00,86.43,86.58,86.43,86.47,11899.846
2026-05-17 19:30:00,86.47,86.94,86.47,86.79,33268.081
2026-05-17 20:00:00,86.8,86.85,86.57,86.67,20488.723
2026-05-17 20:30:00,86.67,86.77,86.59,86.68,15682.592
2026-05-17 21:00:00,86.68,86.92,86.6,86.92,13106.325
2026-05-17 21:30:00,86.92,86.97,86.83,86.94,15276.51
2026-05-17 22:00:00,86.93,86.93,86.02,86.14,64837.798
2026-05-17 22:30:00,86.13,86.44,86.0,86.23,35957.324
2026-05-17 23:00:00,86.24,86.25,85.71,85.81,80194.165
2026-05-17 23:30:00,85.8,85.87,83.5,85.24,451082.672
2026-05-18 00:00:00,85.23,85.29,84.4,85.12,136485.694
2026-05-18 00:30:00,85.11,85.36,84.88,85.36,104237.473
2026-05-18 01:00:00,85.35,85.47,84.7,84.89,68804.18
2026-05-18 01:30:00,84.89,85.14,84.54,84.98,69506.856
2026-05-18 02:00:00,84.98,85.35,84.89,85.06,44058.508
2026-05-18 02:30:00,85.06,85.18,84.72,84.89,34533.482
2026-05-18 03:00:00,84.88,85.25,84.81,84.98,28675.819
2026-05-18 03:30:00,84.97,85.02,84.69,84.85,75772.414
2026-05-18 04:00:00,84.85,85.14,84.58,84.74,31378.898
2026-05-18 04:30:00,84.73,85.3,84.68,85.26,35683.215
2026-05-18 05:00:00,85.26,85.36,85.15,85.24,39084.235
2026-05-18 05:30:00,85.25,85.31,84.64,84.86,91075.809
2026-05-18 06:00:00,84.86,84.98,84.27,84.48,99478.11
2026-05-18 06:30:00,84.49,84.89,84.37,84.74,61852.278
2026-05-18 07:00:00,84.74,85.01,84.41,84.94,36731.806
2026-05-18 07:30:00,84.94,84.98,84.53,84.76,29137.923
2026-05-18 08:00:00,84.76,85.01,84.73,84.83,49229.697
2026-05-18 08:30:00,84.84,84.92,84.6,84.91,25962.269
2026-05-18 09:00:00,84.9,84.93,84.59,84.67,25450.747
2026-05-18 09:30:00,84.68,84.74,84.46,84.49,29602.113
2026-05-18 10:00:00,84.49,84.51,84.21,84.37,49691.64
2026-05-18 10:30:00,84.37,84.49,84.23,84.26,41519.916
2026-05-18 11:00:00,84.27,84.45,84.08,84.32,34305.523
2026-05-18 11:30:00,84.32,85.32,84.22,84.96,99475.806
2026-05-18 12:00:00,84.97,85.49,84.97,85.18,80881.299
2026-05-18 12:30:00,85.18,85.8,85.09,85.57,82460.922
2026-05-18 13:00:00,85.57,85.57,85.14,85.16,47523.651
2026-05-18 13:30:00,85.15,85.15,84.33,84.69,144870.034
2026-05-18 14:00:00,84.69,84.69,84.02,84.23,99909.06
2026-05-18 14:30:00,84.23,84.32,83.72,83.98,99113.355
2026-05-18 15:00:00,83.98,84.06,83.62,83.74,87426.808
2026-05-18 15:30:00,83.73,84.4,83.64,84.2,54393.357
2026-05-18 16:00:00,84.21,84.55,84.01,84.08,60688.963
2026-05-18 16:30:00,84.07,84.5,83.99,84.33,49631.228
2026-05-18 17:00:00,84.33,84.7,84.25,84.45,33053.659
2026-05-18 17:30:00,84.45,84.47,84.27,84.41,18952.604
2026-05-18 18:00:00,84.41,84.43,83.5,83.83,61403.147
2026-05-18 18:30:00,83.82,83.99,83.51,83.53,51536.23
2026-05-18 19:00:00,83.53,84.95,83.51,84.45,108793.218
2026-05-18 19:30:00,84.45,85.23,84.43,84.99,75267.779
2026-05-18 20:00:00,85.0,85.38,85.0,85.34,50488.412
2026-05-18 20:30:00,85.35,85.41,84.85,84.93,36399.808
2026-05-18 21:00:00,84.93,85.36,84.79,85.3,39291.21
2026-05-18 21:30:00,85.31,85.67,85.31,85.57,48550.034
2026-05-18 22:00:00,85.58,85.77,85.46,85.56,43147.08
2026-05-18 22:30:00,85.56,85.6,85.27,85.46,23045.602
2026-05-18 23:00:00,85.45,85.64,85.38,85.46,16758.815
2026-05-18 23:30:00,85.46,85.55,85.26,85.38,16540.658
2026-05-19 00:00:00,85.38,85.97,85.32,85.8,41653.691
2026-05-19 00:30:00,85.81,85.86,85.57,85.58,47169.945
2026-05-19 01:00:00,85.58,85.6,85.05,85.08,38027.51
2026-05-19 01:30:00,85.08,85.35,84.9,84.9,33279.816
2026-05-19 02:00:00,84.9,85.3,84.62,85.09,38460.47
2026-05-19 02:30:00,85.09,85.1,84.8,84.86,21071.043
2026-05-19 03:00:00,84.85,85.16,84.73,85.01,21552.755
2026-05-19 03:30:00,85.02,85.23,85.02,85.07,12976.005
2026-05-19 04:00:00,85.08,85.31,84.79,84.82,24387.852
2026-05-19 04:30:00,84.83,85.25,84.8,85.15,23748.824
2026-05-19 05:00:00,85.15,85.18,84.47,84.84,61635.953
2026-05-19 05:30:00,84.83,85.28,84.79,85.19,26591.644
2026-05-19 06:00:00,85.18,85.35,85.12,85.31,18814.937
2026-05-19 06:30:00,85.3,85.62,85.24,85.26,56117.564
2026-05-19 07:00:00,85.27,85.49,85.13,85.34,24409.314
2026-05-19 07:30:00,85.35,85.64,85.33,85.51,22499.432
2026-05-19 08:00:00,85.51,85.51,85.04,85.22,63015.077
2026-05-19 08:30:00,85.22,85.59,85.17,85.25,22259.734
2026-05-19 09:00:00,85.24,85.31,84.58,84.6,60730.679
2026-05-19 09:30:00,84.6,84.84,84.5,84.77,52055.123
2026-05-19 10:00:00,84.76,84.79,84.57,84.67,17800.451
2026-05-19 10:30:00,84.68,84.88,84.31,84.7,43640.477
2026-05-19 11:00:00,84.71,84.83,84.48,84.6,36970.608
2026-05-19 11:30:00,84.6,84.62,84.27,84.39,26720.647
2026-05-19 12:00:00,84.39,84.67,84.3,84.62,29388.122
2026-05-19 12:30:00,84.61,84.79,84.61,84.78,24500.548
2026-05-19 13:00:00,84.78,84.9,84.39,84.41,37808.777
2026-05-19 13:30:00,84.41,85.1,84.41,84.8,63941.574
2026-05-19 14:00:00,84.8,84.94,84.08,84.28,97085.251
2026-05-19 14:30:00,84.28,84.45,83.7,84.11,77327.046
2026-05-19 15:00:00,84.12,84.47,84.03,84.23,43886.682
2026-05-19 15:30:00,84.22,84.58,84.21,84.37,30622.948
2026-05-19 16:00:00,84.38,84.44,84.15,84.39,24761.872
2026-05-19 16:30:00,84.38,84.91,84.38,84.85,31186.763
2026-05-19 17:00:00,84.85,85.04,84.69,84.72,37779.733
2026-05-19 17:30:00,84.73,84.82,84.47,84.68,21354.862
2026-05-19 18:00:00,84.68,84.8,84.41,84.42,20402.652
2026-05-19 18:30:00,84.42,84.52,84.25,84.37,25720.957
2026-05-19 19:00:00,84.37,84.74,84.24,84.31,19617.652
2026-05-19 19:30:00,84.3,84.51,84.22,84.35,36049.703
2026-05-19 20:00:00,84.36,84.51,84.3,84.4,24898.126
2026-05-19 20:30:00,84.4,84.58,84.32,84.51,61469.462
2026-05-19 21:00:00,84.52,84.66,84.39,84.55,27748.299
2026-05-19 21:30:00,84.55,84.63,84.43,84.44,15082.263
2026-05-19 22:00:00,84.43,84.43,84.05,84.1,34232.152
2026-05-19 22:30:00,84.1,84.24,84.0,84.1,15572.283
2026-05-19 23:00:00,84.1,84.47,84.03,84.47,12204.868
2026-05-19 23:30:00,84.46,84.59,84.24,84.29,14754.07
2026-05-20 00:00:00,84.3,84.39,83.92,84.17,46727.432
2026-05-20 00:30:00,84.17,84.41,84.08,84.23,23369.488
2026-05-20 01:00:00,84.23,84.47,83.86,83.89,28056.315
2026-05-20 01:30:00,83.88,84.54,83.85,84.36,34754.496
2026-05-20 02:00:00,84.36,84.49,84.19,84.28,22445.749
2026-05-20 02:30:00,84.27,84.28,83.93,83.99,26819.749
2026-05-20 03:00:00,83.99,84.28,83.86,84.24,12977.995
2026-05-20 03:30:00,84.25,84.26,84.02,84.1,11857.079
2026-05-20 04:00:00,84.1,84.23,84.03,84.08,13937.795
2026-05-20 04:30:00,84.08,84.23,83.88,84.23,16911.773
2026-05-20 05:00:00,84.23,84.8,84.22,84.71,50931.985
2026-05-20 05:30:00,84.71,84.95,84.71,84.78,41022.718
2026-05-20 06:00:00,84.77,84.99,84.77,84.86,30728.595
2026-05-20 06:30:00,84.87,85.02,84.72,84.99,36671.264
2026-05-20 07:00:00,84.99,85.13,84.83,85.02,32482.454
2026-05-20 07:30:00,85.02,85.03,84.7,84.77,20442.138
2026-05-20 08:00:00,84.76,84.92,84.72,84.86,22868.414
2026-05-20 08:30:00,84.87,85.19,84.87,84.98,32492.898
2026-05-20 09:00:00,84.99,85.1,84.88,85.04,33911.774
2026-05-20 09:30:00,85.04,85.09,84.85,84.9,19500.487
2026-05-20 10:00:00,84.89,85.05,84.88,85.04,23541.668
2026-05-20 10:30:00,85.04,85.21,84.96,84.98,25829.072
2026-05-20 11:00:00,84.98,85.06,84.82,84.83,30720.539
2026-05-20 11:30:00,84.84,84.92,84.58,84.7,31202.307
2026-05-20 12:00:00,84.7,84.88,84.62,84.86,20779.486
2026-05-20 12:30:00,84.86,85.33,84.86,85.1,40420.317
2026-05-20 13:00:00,85.1,85.15,84.7,84.76,25041.308
2026-05-20 13:30:00,84.76,84.83,84.19,84.69,72092.52
2026-05-20 14:00:00,84.69,85.32,84.33,85.12,82418.777
2026-05-20 14:30:00,85.13,86.16,85.13,85.86,189652.002
2026-05-20 15:00:00,85.85,86.27,85.43,85.99,119165.961
2026-05-20 15:30:00,86.0,86.06,85.68,85.92,66908.898
2026-05-20 16:00:00,85.92,86.46,85.54,85.67,116004.56
2026-05-20 16:30:00,85.66,86.85,85.61,86.49,241896.182
2026-05-20 17:00:00,86.49,86.89,86.32,86.79,83522.961
2026-05-20 17:30:00,86.79,87.09,86.5,86.52,66523.14
2026-05-20 18:00:00,86.52,86.58,86.04,86.07,85738.819
2026-05-20 18:30:00,86.06,86.17,85.53,85.83,107765.887
2026-05-20 19:00:00,85.83,86.21,85.61,86.2,31942.805
2026-05-20 19:30:00,86.2,86.29,86.06,86.16,33429.666
2026-05-20 20:00:00,86.16,86.24,85.55,85.97,50905.437
2026-05-20 20:30:00,85.96,86.23,85.81,86.18,27249.397
2026-05-20 21:00:00,86.17,86.33,86.0,86.0,20133.202
2026-05-20 21:30:00,86.0,86.21,85.95,85.99,34699.251
2026-05-20 22:00:00,85.98,86.12,85.64,86.12,101344.447
2026-05-20 22:30:00,86.12,86.24,85.92,86.04,28759.745
2026-05-20 23:00:00,86.03,86.06,85.88,85.96,28174.369
2026-05-20 23:30:00,85.96,86.18,85.9,86.17,20379.117
2026-05-21 00:00:00,86.17,86.45,86.11,86.37,36338.716
2026-05-21 00:30:00,86.38,86.83,86.32,86.64,50081.879
2026-05-21 01:00:00,86.64,87.06,86.47,86.53,53701.379
2026-05-21 01:30:00,86.52,86.71,86.39,86.54,37675.689
2026-05-21 02:00:00,86.54,86.88,86.44,86.73,24992.091
2026-05-21 02:30:00,86.73,86.83,86.6,86.61,26909.29
2026-05-21 03:00:00,86.61,86.82,86.54,86.78,32731.08
2026-05-21 03:30:00,86.79,86.91,86.7,86.85,41686.617
2026-05-21 04:00:00,86.85,87.22,86.84,86.94,58340.759
2026-05-21 04:30:00,86.95,87.19,86.76,86.98,89458.799
2026-05-21 05:00:00,86.98,87.11,86.63,86.64,29400.658
2026-05-21 05:30:00,86.64,86.69,86.36,86.51,40067.102
2026-05-21 06:00:00,86.51,86.62,86.27,86.48,30719.07
2026-05-21 06:30:00,86.48,86.59,86.2,86.31,34386.616
2026-05-21 07:00:00,86.31,86.53,86.26,86.48,32401.077
2026-05-21 07:30:00,86.48,86.73,86.47,86.64,16153.008
2026-05-21 08:00:00,86.64,87.27,86.63,87.05,63415.786
2026-05-21 08:30:00,87.05,87.05,86.71,86.86,38777.136
2026-05-21 09:00:00,86.86,87.06,86.8,86.87,44362.136
2026-05-21 09:30:00,86.86,86.91,86.46,86.5,24128.599
2026-05-21 10:00:00,86.49,86.68,85.74,85.99,59180.335
2026-05-21 10:30:00,85.98,86.11,85.71,85.74,99917.273
2026-05-21 11:00:00,85.75,85.94,85.62,85.84,48315.539
2026-05-21 11:30:00,85.83,85.92,85.57,85.58,46780.959
2026-05-21 12:00:00,85.58,85.72,85.5,85.53,45965.062
2026-05-21 12:30:00,85.53,85.85,85.42,85.75,42275.737
2026-05-21 13:00:00,85.75,86.09,85.7,86.07,45490.911
2026-05-21 13:30:00,86.08,86.13,85.32,86.07,116775.762
2026-05-21 14:00:00,86.07,86.45,85.62,85.99,102915.275
2026-05-21 14:30:00,86.0,86.47,85.8,86.01,97963.627
2026-05-21 15:00:00,86.01,86.9,85.9,86.81,104145.157
2026-05-21 15:30:00,86.82,86.87,86.32,86.46,86521.232
2026-05-21 16:00:00,86.46,86.59,86.13,86.31,54123.206
2026-05-21 16:30:00,86.3,86.52,86.04,86.26,30101.69
2026-05-21 17:00:00,86.27,88.0,86.18,87.82,242781.645
2026-05-21 17:30:00,87.81,88.0,87.36,87.59,170114.879
2026-05-21 18:00:00,87.59,87.79,87.34,87.56,73328.006
2026-05-21 18:30:00,87.56,87.69,86.78,87.07,70039.115
2026-05-21 19:00:00,87.07,87.58,87.07,87.43,44496.958
2026-05-21 19:30:00,87.44,87.88,87.43,87.83,56919.691
2026-05-21 20:00:00,87.83,87.92,87.66,87.69,34753.789
2026-05-21 20:30:00,87.68,87.81,87.49,87.55,24127.67
2026-05-21 21:00:00,87.56,87.71,87.46,87.49,24327.539
2026-05-21 21:30:00,87.49,87.55,87.31,87.35,47345.088
2026-05-21 22:00:00,87.35,87.5,87.24,87.38,25058.544
2026-05-21 22:30:00,87.38,87.42,87.13,87.19,14766.961
2026-05-21 23:00:00,87.19,87.32,87.02,87.15,14671.314
2026-05-21 23:30:00,87.15,87.38,87.11,87.36,25391.449
2026-05-22 00:00:00,87.35,87.36,87.01,87.01,20841.057
2026-05-22 00:30:00,87.02,87.19,86.81,86.85,20917.61
2026-05-22 01:00:00,86.84,86.98,86.71,86.81,44483.944
2026-05-22 01:30:00,86.81,87.1,86.59,87.08,29477.91
2026-05-22 02:00:00,87.08,87.23,86.99,87.07,30167.72
2026-05-22 02:30:00,87.07,87.26,86.99,87.17,28178.964
2026-05-22 03:00:00,87.17,87.31,86.92,87.03,19924.11
2026-05-22 03:30:00,87.04,87.11,86.95,87.03,16505.218
2026-05-22 04:00:00,87.04,87.38,87.04,87.22,19783.729
2026-05-22 04:30:00,87.23,87.24,86.93,86.98,18281.435
2026-05-22 05:00:00,86.98,87.15,86.85,86.95,15670.341
2026-05-22 05:30:00,86.96,87.12,86.73,86.81,19135.168
2026-05-22 06:00:00,86.81,86.84,86.52,86.59,27906.352
2026-05-22 06:30:00,86.6,86.85,86.52,86.71,44076.233
2026-05-22 07:00:00,86.72,87.04,86.53,87.0,65528.946
2026-05-22 07:30:00,87.01,87.15,86.96,86.97,30399.868
2026-05-22 08:00:00,86.98,87.49,86.94,87.48,40151.023
2026-05-22 08:30:00,87.48,87.53,86.87,87.14,60395.887
2026-05-22 09:00:00,87.15,87.3,87.05,87.2,40368.233
2026-05-22 09:30:00,87.2,87.4,87.07,87.27,31892.635
2026-05-22 10:00:00,87.26,87.28,86.89,87.03,24700.157
2026-05-22 10:30:00,87.03,87.12,86.95,86.99,17000.637
2026-05-22 11:00:00,87.0,87.09,86.72,86.87,26983.159
2026-05-22 11:30:00,86.87,87.33,86.86,87.32,29894.92
2026-05-22 12:00:00,87.33,87.7,87.25,87.39,63904.257
2026-05-22 12:30:00,87.38,87.77,87.34,87.76,44436.114
2026-05-22 13:00:00,87.76,87.85,87.41,87.42,38905.988
2026-05-22 13:30:00,87.41,87.55,87.1,87.4,74285.603
2026-05-22 14:00:00,87.39,87.39,86.37,86.63,105048.164
2026-05-22 14:30:00,86.64,86.83,86.52,86.62,56663.959
2026-05-22 15:00:00,86.61,86.9,86.27,86.74,65069.542
2026-05-22 15:30:00,86.74,86.98,86.58,86.77,43339.602
2026-05-22 16:00:00,86.76,86.93,86.66,86.8,29096.935
2026-05-22 16:30:00,86.79,87.0,86.73,86.92,30545.544
2026-05-22 17:00:00,86.92,87.02,86.5,87.02,50390.785
2026-05-22 17:30:00,87.02,87.19,86.62,86.63,36248.825
2026-05-22 18:00:00,86.63,86.69,86.39,86.51,37182.997
2026-05-22 18:30:00,86.52,86.53,84.62,85.46,191698.803
2026-05-22 19:00:00,85.46,85.63,84.85,84.99,95236.151
2026-05-22 19:30:00,84.99,85.02,84.0,84.55,187496.656
2026-05-22 20:00:00,84.55,85.02,84.55,84.86,50418.097
2026-05-22 20:30:00,84.86,85.07,84.57,85.0,51636.966
2026-05-22 21:00:00,84.99,85.21,84.93,85.17,36200.217
2026-05-22 21:30:00,85.17,85.28,85.09,85.17,18497.27
2026-05-22 22:00:00,85.17,85.22,84.95,84.99,20646.122
2026-05-22 22:30:00,84.99,85.1,84.78,84.96,35511.315
2026-05-22 23:00:00,84.95,85.15,84.7,84.7,21860.809
2026-05-22 23:30:00,84.71,84.9,84.0,84.4,101498.686
2026-05-23 00:00:00,84.4,84.55,84.16,84.39,100287.195
2026-05-23 00:30:00,84.38,84.48,84.07,84.44,52395.746
2026-05-23 01:00:00,84.44,84.64,84.32,84.58,26300.425
2026-05-23 01:30:00,84.57,84.65,84.44,84.53,26166.066
2026-05-23 02:00:00,84.53,84.59,84.21,84.33,25626.04
2026-05-23 02:30:00,84.33,84.86,84.3,84.54,45806.04
2026-05-23 03:00:00,84.53,84.64,84.49,84.62,16338.913
2026-05-23 03:30:00,84.62,84.75,84.61,84.68,16548.28
2026-05-23 04:00:00,84.69,84.72,84.48,84.54,17900.414
2026-05-23 04:30:00,84.54,84.66,84.35,84.42,24283.943
2026-05-23 05:00:00,84.41,84.47,84.18,84.23,28197.0
2026-05-23 05:30:00,84.22,84.47,84.19,84.46,14976.824
2026-05-23 06:00:00,84.45,84.49,84.34,84.39,12215.415
2026-05-23 06:30:00,84.39,84.49,84.18,84.27,31480.777
2026-05-23 07:00:00,84.27,84.33,84.03,84.12,29459.341
2026-05-23 07:30:00,84.13,84.13,81.5,82.25,521662.943
2026-05-23 08:00:00,82.25,82.36,81.9,82.07,147888.774
2026-05-23 08:30:00,82.07,82.13,81.63,82.13,91275.19
2026-05-23 09:00:00,82.13,82.25,82.01,82.09,40252.22
2026-05-23 09:30:00,82.1,82.15,81.99,82.01,33612.741
2026-05-23 10:00:00,82.01,82.32,82.01,82.32,27806.0
2026-05-23 10:30:00,82.32,82.39,82.23,82.26,26136.834
2026-05-23 11:00:00,82.27,82.49,82.23,82.45,24433.878
2026-05-23 11:30:00,82.44,82.47,82.3,82.31,16668.3
2026-05-23 12:00:00,82.3,82.35,82.15,82.31,24284.269
2026-05-23 12:30:00,82.3,82.56,82.3,82.49,21482.402
2026-05-23 13:00:00,82.5,83.28,82.49,83.24,103211.645
2026-05-23 13:30:00,83.23,83.49,83.01,83.22,40911.936
2026-05-23 14:00:00,83.23,83.58,83.1,83.57,33374.875
2026-05-23 14:30:00,83.56,84.47,83.49,84.13,86703.615
2026-05-23 15:00:00,84.14,84.54,83.91,83.93,77281.245
2026-05-23 15:30:00,83.93,84.11,83.63,84.1,60074.065
2026-05-23 16:00:00,84.09,84.25,83.93,84.05,52270.51
2026-05-23 16:30:00,84.06,84.31,84.04,84.11,20228.433
2026-05-23 17:00:00,84.11,84.35,84.1,84.23,23963.034
2026-05-23 17:30:00,84.23,84.29,83.99,84.21,25878.718
2026-05-23 18:00:00,84.22,85.03,84.17,84.85,91807.156
2026-05-23 18:30:00,84.86,85.14,84.67,84.71,29423.01
2026-05-23 19:00:00,84.72,85.07,84.62,85.05,46802.73
2026-05-23 19:30:00,85.06,85.11,84.75,84.96,34113.71
2026-05-23 20:00:00,84.97,85.14,84.81,84.86,49810.005
2026-05-23 20:30:00,84.87,87.09,84.8,87.08,392438.401
2026-05-23 21:00:00,87.08,87.5,86.32,86.34,135865.047
2026-05-23 21:30:00,86.33,86.58,86.0,86.28,70380.601
2026-05-23 22:00:00,86.28,86.61,86.07,86.08,30667.349
2026-05-23 22:30:00,86.08,86.14,85.52,85.81,61912.455
2026-05-23 23:00:00,85.81,85.94,85.67,85.72,44976.901
2026-05-23 23:30:00,85.71,85.87,85.67,85.75,17520.3
2026-05-24 00:00:00,85.76,85.84,85.62,85.78,19081.128
2026-05-24 00:30:00,85.78,86.03,85.76,85.89,25645.538
2026-05-24 01:00:00,85.89,86.14,85.87,86.13,21717.503
2026-05-24 01:30:00,86.12,86.23,85.96,86.01,27443.569
2026-05-24 02:00:00,86.02,86.11,85.7,85.77,24966.892
2026-05-24 02:30:00,85.78,86.03,85.75,85.98,12814.065
2026-05-24 03:00:00,85.99,86.13,85.82,85.86,15120.748
2026-05-24 03:30:00,85.87,85.87,85.63,85.81,22375.127
2026-05-24 04:00:00,85.81,86.12,85.78,86.0,32874.224
2026-05-24 04:30:00,85.99,86.05,85.88,85.93,9702.395
2026-05-24 05:00:00,85.94,85.95,85.64,85.72,11240.448
2026-05-24 05:30:00,85.71,86.18,85.58,86.16,47054.522
2026-05-24 06:00:00,86.16,86.21,85.95,85.96,14667.89
2026-05-24 06:30:00,85.96,86.49,85.93,86.45,23744.904
2026-05-24 07:00:00,86.46,86.7,86.19,86.23,29424.129
2026-05-24 07:30:00,86.22,86.3,86.0,86.07,34549.733
2026-05-24 08:00:00,86.07,86.34,86.01,86.28,25733.941
2026-05-24 08:30:00,86.28,86.54,86.27,86.51,28777.538
2026-05-24 09:00:00,86.51,87.0,86.37,86.66,90424.432
2026-05-24 09:30:00,86.65,86.77,86.53,86.55,22660.48
2026-05-24 10:00:00,86.55,86.73,86.24,86.43,53740.314
2026-05-24 10:30:00,86.43,86.52,86.26,86.5,48490.647
2026-05-24 11:00:00,86.5,86.92,86.49,86.63,79303.529
2026-05-24 11:30:00,86.62,86.74,86.41,86.66,47844.975
2026-05-24 12:00:00,86.67,86.69,86.2,86.24,21133.249
2026-05-24 12:30:00,86.25,86.38,86.18,86.35,36303.149
2026-05-24 13:00:00,86.36,86.46,86.15,86.17,49077.132
2026-05-24 13:30:00,86.17,86.34,85.73,85.9,44324.625
2026-05-24 14:00:00,85.9,86.01,84.48,85.08,163957.218
2026-05-24 14:30:00,85.07,85.35,85.05,85.25,36744.996
2026-05-24 15:00:00,85.25,85.38,85.14,85.32,28219.417
2026-05-24 15:30:00,85.31,85.46,85.25,85.31,20020.602
2026-05-24 16:00:00,85.3,85.88,85.11,85.53,91319.234
2026-05-24 16:30:00,85.53,85.71,85.27,85.64,25005.241
2026-05-24 17:00:00,85.65,85.76,85.49,85.54,18547.286
2026-05-24 17:30:00,85.54,85.79,85.5,85.65,22918.627
2026-05-24 18:00:00,85.64,85.68,85.29,85.37,31818.886
2026-05-24 18:30:00,85.37,85.49,85.27,85.4,14613.477
2026-05-24 19:00:00,85.41,85.51,85.24,85.29,28286.608
2026-05-24 19:30:00,85.29,85.42,85.23,85.37,14798.708
2026-05-24 20:00:00,85.38,85.43,84.91,85.05,35571.461
2026-05-24 20:30:00,85.05,85.13,84.49,84.76,204354.116
2026-05-24 21:00:00,84.76,84.96,84.5,84.56,46206.911
2026-05-24 21:30:00,84.56,84.66,83.7,83.97,130140.59
2026-05-24 22:00:00,83.96,85.33,83.94,85.07,117376.545
2026-05-24 22:30:00,85.07,85.26,84.78,84.99,65460.024
2026-05-24 23:00:00,85.0,85.24,85.0,85.08,30391.145
2026-05-24 23:30:00,85.08,85.52,85.08,85.27,40669.485
2026-05-25 00:00:00,85.27,85.53,85.26,85.5,34855.111
2026-05-25 00:30:00,85.5,85.67,85.39,85.5,36735.308
2026-05-25 01:00:00,85.5,85.59,85.33,85.45,29703.946
2026-05-25 01:30:00,85.46,85.49,84.83,84.87,28146.538
2026-05-25 02:00:00,84.87,85.85,84.87,85.16,89159.023
2026-05-25 02:30:00,85.16,85.27,85.01,85.08,32141.414
2026-05-25 03:00:00,85.08,85.18,84.86,84.91,30950.139
2026-05-25 03:30:00,84.92,84.98,84.8,84.95,20849.741
2026-05-25 04:00:00,84.95,85.25,84.93,85.24,20929.167
2026-05-25 04:30:00,85.24,85.93,85.21,85.84,44483.444
2026-05-25 05:00:00,85.85,86.18,85.76,85.99,56242.4
2026-05-25 05:30:00,85.98,86.16,85.96,85.98,27884.83
2026-05-25 06:00:00,85.99,86.19,85.65,85.77,36294.269
2026-05-25 06:30:00,85.77,86.05,85.77,85.99,29258.899
2026-05-25 07:00:00,85.99,86.16,85.59,85.65,29130.031
2026-05-25 07:30:00,85.66,85.96,85.48,85.96,51835.697
2026-05-25 08:00:00,85.95,85.96,85.75,85.82,28232.982
2026-05-25 08:30:00,85.83,86.08,85.83,86.02,24160.816
2026-05-25 09:00:00,86.03,86.17,85.94,86.05,28456.945
2026-05-25 09:30:00,86.05,86.22,85.93,85.94,26261.852
2026-05-25 10:00:00,85.94,86.11,85.9,86.02,19782.533
2026-05-25 10:30:00,86.01,86.11,85.95,86.08,19069.163
2026-05-25 11:00:00,86.07,86.07,85.9,85.92,19331.732
2026-05-25 11:30:00,85.92,86.14,85.7,85.76,25723.609
2026-05-25 12:00:00,85.77,86.07,85.66,85.97,35287.288
2026-05-25 12:30:00,85.97,86.07,85.82,85.87,34994.901
2026-05-25 13:00:00,85.87,86.03,85.83,85.85,17144.327
2026-05-25 13:30:00,85.85,86.03,85.77,86.01,22108.04
2026-05-25 14:00:00,86.01,86.38,85.9,86.37,54239.811
2026-05-25 14:30:00,86.37,86.45,86.16,86.34,31868.004
2026-05-25 15:00:00,86.34,86.52,86.07,86.11,59793.205
2026-05-25 15:30:00,86.1,86.31,86.06,86.26,19624.691
2026-05-25 16:00:00,86.26,86.28,85.99,86.02,35285.356
2026-05-25 16:30:00,86.02,86.44,85.98,86.27,34575.632
2026-05-25 17:00:00,86.26,86.38,86.08,86.3,27238.723
2026-05-25 17:30:00,86.29,86.32,86.06,86.13,42966.105
2026-05-25 18:00:00,86.12,86.3,86.09,86.21,15594.513
2026-05-25 18:30:00,86.2,86.21,85.88,85.91,20254.156
2026-05-25 19:00:00,85.91,85.92,85.73,85.92,38254.237
2026-05-25 19:30:00,85.91,85.92,85.52,85.64,40381.696
2026-05-25 20:00:00,85.64,85.87,85.6,85.65,23246.774
2026-05-25 20:30:00,85.66,85.72,85.3,85.41,31266.367
2026-05-25 21:00:00,85.4,85.56,85.34,85.47,20336.25
2026-05-25 21:30:00,85.46,85.47,85.27,85.38,17552.375
2026-05-25 22:00:00,85.38,85.54,85.19,85.31,25719.123
2026-05-25 22:30:00,85.3,85.3,84.71,84.81,71460.357
2026-05-25 23:00:00,84.8,85.15,84.73,85.1,37985.656
2026-05-25 23:30:00,85.09,85.21,84.94,85.06,15438.289
2026-05-26 00:00:00,85.06,85.09,84.66,84.71,38378.017
2026-05-26 00:30:00,84.7,84.82,83.9,84.4,94265.974
2026-05-26 01:00:00,84.4,84.57,84.14,84.32,41931.078
2026-05-26 01:30:00,84.31,84.31,83.85,84.11,55030.319
2026-05-26 02:00:00,84.12,84.23,83.99,84.01,27527.831
2026-05-26 02:30:00,84.01,84.14,83.9,84.03,27902.127
2026-05-26 03:00:00,84.03,84.03,83.85,84.01,26339.076
2026-05-26 03:30:00,84.02,84.27,83.96,84.22,21413.113
2026-05-26 04:00:00,84.23,84.5,84.01,84.46,30131.268
2026-05-26 04:30:00,84.46,84.52,84.34,84.37,22903.177
2026-05-26 05:00:00,84.37,84.68,84.28,84.66,45597.336
2026-05-26 05:30:00,84.65,84.97,84.52,84.67,29907.462
2026-05-26 06:00:00,84.66,84.66,84.4,84.5,33034.146
2026-05-26 06:30:00,84.51,84.83,84.51,84.6,23935.955
2026-05-26 07:00:00,84.61,84.63,84.12,84.28,42572.301
2026-05-26 07:30:00,84.28,84.5,84.1,84.35,38181.853
2026-05-26 08:00:00,84.36,84.53,84.34,84.48,28435.849
2026-05-26 08:30:00,84.47,84.57,84.34,84.44,30899.785
2026-05-26 09:00:00,84.44,84.64,84.36,84.58,27480.707
2026-05-26 09:30:00,84.59,84.72,84.29,84.48,30935.255
2026-05-26 10:00:00,84.47,85.57,84.36,85.55,83136.769
2026-05-26 10:30:00,85.55,85.8,85.47,85.56,100561.797
2026-05-26 11:00:00,85.57,85.66,85.33,85.37,49389.281
2026-05-26 11:30:00,85.37,85.52,85.21,85.21,41723.116
2026-05-26 12:00:00,85.22,85.33,84.81,85.07,96676.273
2026-05-26 12:30:00,85.08,85.4,84.97,85.32,63363.401
2026-05-26 13:00:00,85.32,85.37,84.94,84.96,51600.489
2026-05-26 13:30:00,84.96,85.77,84.69,85.5,94697.14
2026-05-26 14:00:00,85.51,86.13,85.39,86.02,101290.016
2026-05-26 14:30:00,86.01,86.08,84.77,85.24,119423.89
2026-05-26 15:00:00,85.23,85.36,84.67,84.86,69664.29
2026-05-26 15:30:00,84.87,84.91,84.03,84.49,125268.581
2026-05-26 16:00:00,84.49,84.57,83.95,84.32,85141.757
2026-05-26 16:30:00,84.31,84.53,84.0,84.23,58356.241
2026-05-26 17:00:00,84.23,84.39,83.41,83.48,104127.589
2026-05-26 17:30:00,83.48,83.85,83.15,83.59,105796.59
2026-05-26 18:00:00,83.59,84.09,83.5,83.93,44322.345
2026-05-26 18:30:00,83.94,83.97,83.49,83.63,38739.726
2026-05-26 19:00:00,83.63,83.7,83.36,83.6,29971.559
2026-05-26 19:30:00,83.6,84.02,83.59,83.8,44776.321
2026-05-26 20:00:00,83.8,83.98,83.74,83.91,25411.392
2026-05-26 20:30:00,83.91,83.95,83.74,83.94,9611.513
2026-05-26 21:00:00,83.94,83.96,83.57,83.87,19007.159
2026-05-26 21:30:00,83.87,83.97,83.6,83.7,17411.637
2026-05-26 22:00:00,83.7,83.88,83.54,83.76,15859.76
2026-05-26 22:30:00,83.75,83.78,83.54,83.65,9737.189
2026-05-26 23:00:00,83.66,83.85,83.63,83.7,25491.826
2026-05-26 23:30:00,83.69,83.82,83.67,83.72,11417.154
2026-05-27 00:00:00,83.73,83.99,83.72,83.95,22269.623
2026-05-27 00:30:00,83.96,84.18,83.89,84.14,29602.918
2026-05-27 01:00:00,84.13,84.19,83.8,83.9,22440.496
2026-05-27 01:30:00,83.9,84.06,83.8,83.86,16885.092
2026-05-27 02:00:00,83.85,83.9,83.55,83.74,20389.522
2026-05-27 02:30:00,83.73,83.96,83.62,83.96,11616.895
2026-05-27 03:00:00,83.96,84.07,83.78,83.89,19160.904
2026-05-27 03:30:00,83.89,83.95,83.48,83.63,32835.385
2026-05-27 04:00:00,83.62,83.68,83.32,83.41,19663.653
2026-05-27 04:30:00,83.42,83.68,82.86,83.64,79284.698
2026-05-27 05:00:00,83.64,83.84,83.57,83.78,15489.007
2026-05-27 05:30:00,83.77,83.93,83.65,83.89,21638.143
2026-05-27 06:00:00,83.89,83.97,83.74,83.88,15539.829
2026-05-27 06:30:00,83.87,84.07,83.84,84.06,29335.949
2026-05-27 07:00:00,84.06,84.11,83.89,84.06,25476.3
2026-05-27 07:30:00,84.07,84.21,83.99,84.21,21343.5
2026-05-27 08:00:00,84.2,84.42,84.07,84.31,39117.834
2026-05-27 08:30:00,84.31,84.34,83.89,83.93,38541.414
2026-05-27 09:00:00,83.93,83.96,83.6,83.67,48427.026
2026-05-27 09:30:00,83.67,83.94,83.63,83.78,21683.911
2026-05-27 10:00:00,83.78,84.09,83.67,84.02,21163.506
2026-05-27 10:30:00,84.02,84.06,83.79,83.95,19625.473
2026-05-27 11:00:00,83.95,84.23,83.92,84.09,37532.039
2026-05-27 11:30:00,84.1,84.19,83.91,83.94,26575.974
2026-05-27 12:00:00,83.95,84.68,83.55,84.35,87477.27
2026-05-27 12:30:00,84.35,84.45,83.93,83.95,46662.708
2026-05-27 13:00:00,83.94,84.06,83.51,83.6,46642.531
2026-05-27 13:30:00,83.59,83.7,82.98,83.63,92468.322
2026-05-27 14:00:00,83.64,84.12,83.22,83.42,85508.258
2026-05-27 14:30:00,83.42,83.95,83.36,83.91,59120.439
2026-05-27 15:00:00,83.91,84.64,83.88,84.48,107232.092
2026-05-27 15:30:00,84.48,84.84,84.21,84.44,111187.297
2026-05-27 16:00:00,84.44,84.75,84.04,84.15,58708.011
2026-05-27 16:30:00,84.15,84.29,83.87,84.18,49828.443
2026-05-27 17:00:00,84.18,84.2,83.17,83.74,90633.874
2026-05-27 17:30:00,83.74,83.75,83.16,83.41,58263.741
2026-05-27 18:00:00,83.4,83.57,83.2,83.53,42560.852
2026-05-27 18:30:00,83.53,83.99,83.43,83.94,18306.768
2026-05-27 19:00:00,83.94,84.14,83.89,83.95,35254.36
2026-05-27 19:30:00,83.96,84.12,83.87,83.91,27059.288
2026-05-27 20:00:00,83.92,84.14,83.85,83.88,38109.503
2026-05-27 20:30:00,83.88,83.93,83.76,83.82,15268.534
2026-05-27 21:00:00,83.82,83.82,83.45,83.45,12961.623
2026-05-27 21:30:00,83.45,83.45,82.1,82.49,193136.963
2026-05-27 22:00:00,82.49,83.03,82.22,82.69,86152.621
2026-05-27 22:30:00,82.7,82.82,82.44,82.47,29629.951
2026-05-27 23:00:00,82.46,82.7,82.22,82.31,43043.012
2026-05-27 23:30:00,82.3,82.55,82.2,82.44,28600.811
2026-05-28 00:00:00,82.43,82.67,82.36,82.56,32514.036
2026-05-28 00:30:00,82.57,82.74,82.54,82.71,29074.385
2026-05-28 01:00:00,82.72,82.76,81.93,82.16,85159.988
2026-05-28 01:30:00,82.16,82.48,82.1,82.27,67509.663
2026-05-28 02:00:00,82.28,82.44,82.03,82.19,33514.02
2026-05-28 02:30:00,82.19,82.26,82.0,82.1,45075.927
2026-05-28 03:00:00,82.11,82.25,80.72,81.39,190053.97
2026-05-28 03:30:00,81.38,81.44,80.5,80.7,116055.909
2026-05-28 04:00:00,80.7,80.91,80.0,80.34,171303.805
2026-05-28 04:30:00,80.33,80.98,80.28,80.9,50805.752
2026-05-28 05:00:00,80.9,81.0,80.42,80.51,58702.439
2026-05-28 05:30:00,80.51,80.91,80.51,80.7,33291.466
2026-05-28 06:00:00,80.7,80.91,80.65,80.77,37136.954
2026-05-28 06:30:00,80.77,81.12,80.53,80.97,43710.198
2026-05-28 07:00:00,80.97,81.18,80.86,81.05,58002.053
2026-05-28 07:30:00,81.05,81.3,81.05,81.26,39338.914
2026-05-28 08:00:00,81.26,81.3,80.87,80.94,30721.899
2026-05-28 08:30:00,80.94,81.11,80.83,80.99,20222.196
2026-05-28 09:00:00,80.99,81.2,80.83,81.17,24757.421
2026-05-28 09:30:00,81.17,81.32,81.06,81.22,59242.132
2026-05-28 10:00:00,81.23,81.32,80.91,81.04,36119.677
2026-05-28 10:30:00,81.04,81.11,80.72,80.75,27897.097
2026-05-28 11:00:00,80.75,80.89,80.6,80.76,26369.997
2026-05-28 11:30:00,80.75,80.93,80.65,80.88,13980.23
2026-05-28 12:00:00,80.88,80.97,80.59,80.75,25152.457
2026-05-28 12:30:00,80.75,81.25,80.73,81.13,29424.066
2026-05-28 13:00:00,81.14,81.36,80.73,81.05,35310.205
2026-05-28 13:30:00,81.05,81.06,80.53,80.79,64887.948
2026-05-28 14:00:00,80.79,81.66,80.02,81.1,164942.624
2026-05-28 14:30:00,81.1,81.27,80.7,81.19,53825.699
2026-05-28 15:00:00,81.2,81.31,80.56,81.01,33770.177
2026-05-28 15:30:00,81.01,81.38,80.81,81.14,43844.651
2026-05-28 16:00:00,81.15,81.79,80.91,81.53,72773.21
2026-05-28 16:30:00,81.53,82.18,81.48,82.07,46991.478
2026-05-28 17:00:00,82.08,82.31,81.84,82.16,33736.128
2026-05-28 17:30:00,82.17,82.64,82.15,82.3,31388.911
2026-05-28 18:00:00,82.3,82.98,82.25,82.63,74688.227
2026-05-28 18:30:00,82.63,83.01,82.59,82.9,42733.279
2026-05-28 19:00:00,82.89,82.89,82.41,82.7,20197.328
2026-05-28 19:30:00,82.71,82.76,82.17,82.19,30095.692
2026-05-28 20:00:00,82.18,82.46,81.78,82.43,28884.744
2026-05-28 20:30:00,82.42,82.6,82.29,82.3,14147.24
2026-05-28 21:00:00,82.3,82.7,82.22,82.54,22172.352
2026-05-28 21:30:00,82.53,82.68,82.44,82.44,31215.977
2026-05-28 22:00:00,82.44,82.63,82.07,82.09,27947.354
2026-05-28 22:30:00,82.09,82.15,81.91,82.04,15656.787
2026-05-28 23:00:00,82.03,82.28,82.02,82.25,13994.692
2026-05-28 23:30:00,82.25,82.25,82.0,82.11,18574.126
2026-05-29 00:00:00,82.12,82.46,82.12,82.36,23783.778
2026-05-29 00:30:00,82.37,82.48,82.23,82.33,20443.385
2026-05-29 01:00:00,82.33,82.48,82.08,82.13,24274.743
2026-05-29 01:30:00,82.12,82.32,82.06,82.21,20496.897
2026-05-29 02:00:00,82.21,82.32,81.81,81.83,31438.69
2026-05-29 02:30:00,81.83,81.95,81.47,81.57,53963.097
2026-05-29 03:00:00,81.57,81.96,81.57,81.71,21741.213
2026-05-29 03:30:00,81.7,81.82,81.52,81.61,18388.586
2026-05-29 04:00:00,81.62,81.72,81.36,81.71,26404.921
2026-05-29 04:30:00,81.72,81.94,81.67,81.93,32244.621
2026-05-29 05:00:00,81.93,82.2,81.91,81.99,30189.159
2026-05-29 05:30:00,81.99,82.14,81.82,82.07,28712.25
2026-05-29 06:00:00,82.06,82.49,82.02,82.24,29899.255
2026-05-29 06:30:00,82.23,82.38,82.04,82.31,17893.492
2026-05-29 07:00:00,82.31,82.46,82.21,82.36,34947.523
2026-05-29 07:30:00,82.37,82.37,81.92,82.24,87680.449
2026-05-29 08:00:00,82.25,82.49,82.22,82.39,35778.153
2026-05-29 08:30:00,82.38,82.45,82.18,82.22,21287.462
2026-05-29 09:00:00,82.23,82.65,82.21,82.58,27700.796
2026-05-29 09:30:00,82.57,82.6,82.4,82.44,34376.241
2026-05-29 10:00:00,82.44,82.45,82.22,82.25,31518.926
2026-05-29 10:30:00,82.24,82.26,82.09,82.15,24443.506
2026-05-29 11:00:00,82.15,82.21,81.97,82.04,36489.815
2026-05-29 11:30:00,82.05,82.07,81.52,81.77,45984.371
2026-05-29 12:00:00,81.76,81.79,81.58,81.67,43351.641
2026-05-29 12:30:00,81.67,81.75,81.31,81.48,46155.886
2026-05-29 13:00:00,81.48,81.48,81.2,81.37,32805.372
2026-05-29 13:30:00,81.36,81.78,81.1,81.44,54598.114
2026-05-29 14:00:00,81.44,81.56,80.35,80.89,80515.337
2026-05-29 14:30:00,80.88,81.58,80.47,81.33,132987.699
2026-05-29 15:00:00,81.33,82.69,81.2,82.63,152073.332
2026-05-29 15:30:00,82.64,83.24,82.3,82.59,166903.401
2026-05-29 16:00:00,82.58,82.92,82.2,82.34,53039.378
2026-05-29 16:30:00,82.33,83.13,82.33,82.93,58440.691
2026-05-29 17:00:00,82.93,83.18,82.71,83.09,78429.25
2026-05-29 17:30:00,83.09,83.22,82.67,82.79,34289.84
2026-05-29 18:00:00,82.8,83.0,82.56,82.64,34944.917
2026-05-29 18:30:00,82.65,82.8,81.82,82.07,55952.748
2026-05-29 19:00:00,82.06,82.21,81.6,81.91,23538.97
2026-05-29 19:30:00,81.91,82.41,81.91,82.06,33675.512
2026-05-29 20:00:00,82.06,82.34,82.01,82.26,16827.248
2026-05-29 20:30:00,82.25,82.39,82.05,82.22,24736.261
2026-05-29 21:00:00,82.23,82.4,81.93,81.95,34736.66
2026-05-29 21:30:00,81.94,82.1,81.7,81.71,21968.501
2026-05-29 22:00:00,81.71,82.02,81.62,81.89,31122.893
2026-05-29 22:30:00,81.9,82.01,81.81,81.99,40543.483
2026-05-29 23:00:00,81.98,82.09,81.86,81.94,22588.677
2026-05-29 23:30:00,81.94,82.11,81.76,82.04,29970.506
2026-05-30 00:00:00,82.04,82.23,81.94,82.12,16431.781
2026-05-30 00:30:00,82.13,82.35,82.07,82.29,27985.496
2026-05-30 01:00:00,82.3,82.68,82.22,82.63,23090.014
2026-05-30 01:30:00,82.62,83.0,82.58,82.82,36557.882
2026-05-30 02:00:00,82.82,83.03,82.77,82.81,22907.535
2026-05-30 02:30:00,82.8,83.01,82.8,82.98,17639.845
2026-05-30 03:00:00,82.97,83.1,82.85,82.87,18261.99
2026-05-30 03:30:00,82.87,82.87,82.62,82.67,16134.492
2026-05-30 04:00:00,82.67,82.8,82.16,82.21,39890.744
2026-05-30 04:30:00,82.2,82.33,81.86,82.33,38994.97
2026-05-30 05:00:00,82.32,82.77,82.2,82.46,65270.559
2026-05-30 05:30:00,82.47,82.68,82.44,82.6,12019.384
2026-05-30 06:00:00,82.59,82.7,82.39,82.69,16357.291
2026-05-30 06:30:00,82.7,82.74,82.43,82.47,13117.091
2026-05-30 07:00:00,82.48,82.49,82.27,82.46,19509.991
2026-05-30 07:30:00,82.46,82.52,82.26,82.37,13244.469
2026-05-30 08:00:00,82.37,82.41,82.27,82.36,8144.5
2026-05-30 08:30:00,82.35,82.39,82.19,82.23,12623.429
2026-05-30 09:00:00,82.23,82.31,82.2,82.31,15508.109
2026-05-30 09:30:00,82.31,82.39,82.27,82.34,14752.828
2026-05-30 10:00:00,82.34,82.51,82.3,82.41,12239.589
2026-05-30 10:30:00,82.42,82.49,82.35,82.38,13088.809
2026-05-30 11:00:00,82.39,82.4,82.22,82.33,10966.403
2026-05-30 11:30:00,82.33,82.55,82.31,82.33,8581.83
2026-05-30 12:00:00,82.33,82.41,82.25,82.34,22852.999
2026-05-30 12:30:00,82.34,82.44,82.28,82.43,20199.053
2026-05-30 13:00:00,82.43,82.57,82.42,82.47,19838.48
2026-05-30 13:30:00,82.48,82.51,82.25,82.48,15651.006
2026-05-30 14:00:00,82.48,82.7,82.43,82.67,28320.341
2026-05-30 14:30:00,82.68,82.79,82.57,82.63,38745.596
2026-05-30 15:00:00,82.63,82.92,82.57,82.69,30661.679
2026-05-30 15:30:00,82.7,82.74,82.48,82.69,50390.258
2026-05-30 16:00:00,82.68,82.89,82.63,82.77,21394.542
2026-05-30 16:30:00,82.77,82.92,82.75,82.89,15102.603
2026-05-30 17:00:00,82.88,83.05,82.8,82.9,24151.356
2026-05-30 17:30:00,82.89,83.06,82.63,83.05,22907.789
2026-05-30 18:00:00,83.05,83.12,82.88,82.91,24126.361
2026-05-30 18:30:00,82.9,83.14,82.87,83.03,16784.622
2026-05-30 19:00:00,83.02,83.05,82.83,82.86,18388.134
2026-05-30 19:30:00,82.85,83.03,82.78,82.99,20201.029
2026-05-30 20:00:00,82.99,83.08,82.92,82.93,12861.707
2026-05-30 20:30:00,82.92,83.01,82.86,82.96,11903.177
2026-05-30 21:00:00,82.96,83.1,82.91,83.04,19934.954
2026-05-30 21:30:00,83.04,83.17,83.0,83.02,21531.43
2026-05-30 22:00:00,83.02,83.02,82.57,82.73,29541.927
2026-05-30 22:30:00,82.73,82.76,82.45,82.65,15099.55
2026-05-30 23:00:00,82.64,82.89,82.52,82.65,15138.921
2026-05-30 23:30:00,82.65,82.74,82.53,82.73,9443.699
2026-05-31 00:00:00,82.74,82.94,82.62,82.84,11620.294
2026-05-31 00:30:00,82.85,82.96,82.77,82.93,13117.346
2026-05-31 01:00:00,82.93,83.17,82.92,83.03,19824.862
2026-05-31 01:30:00,83.02,83.25,83.0,83.02,31243.262
2026-05-31 02:00:00,83.03,83.42,82.93,82.93,32178.023
2026-05-31 02:30:00,82.93,83.19,82.88,83.15,25260.157
2026-05-31 03:00:00,83.16,83.35,83.1,83.28,24755.061
2026-05-31 03:30:00,83.29,83.32,83.13,83.25,5778.353
2026-05-31 04:00:00,83.24,83.29,83.09,83.22,14782.666
2026-05-31 04:30:00,83.23,83.3,83.16,83.22,7267.824
2026-05-31 05:00:00,83.21,83.21,83.02,83.12,14714.81
2026-05-31 05:30:00,83.12,83.22,83.0,83.03,12871.626
2026-05-31 06:00:00,83.03,83.03,82.84,82.9,22680.334
2026-05-31 06:30:00,82.9,83.03,82.87,82.95,14819.286
2026-05-31 07:00:00,82.96,82.96,82.62,82.68,20812.645
2026-05-31 07:30:00,82.67,82.7,82.52,82.66,19648.761
2026-05-31 08:00:00,82.67,82.86,82.66,82.83,19745.588
2026-05-31 08:30:00,82.83,82.84,82.59,82.81,10876.079
2026-05-31 09:00:00,82.8,82.88,82.66,82.83,13341.414
2026-05-31 09:30:00,82.83,83.05,82.64,82.75,18981.407
2026-05-31 10:00:00,82.75,82.75,82.49,82.63,27254.748
2026-05-31 10:30:00,82.64,82.72,82.52,82.71,10828.345
2026-05-31 11:00:00,82.71,82.85,82.67,82.84,7171.072
2026-05-31 11:30:00,82.84,82.85,82.67,82.76,12080.575
2026-05-31 12:00:00,82.76,82.86,82.57,82.79,15454.177
2026-05-31 12:30:00,82.78,82.94,82.72,82.82,12645.151
2026-05-31 13:00:00,82.82,83.12,82.75,82.99,16260.46
2026-05-31 13:30:00,83.0,83.03,82.66,82.77,13554.346
2026-05-31 14:00:00,82.76,82.77,81.79,82.0,101798.658
2026-05-31 14:30:00,82.0,82.19,81.89,81.96,46213.392
2026-05-31 15:00:00,81.96,82.27,81.91,82.22,23046.372
2026-05-31 15:30:00,82.23,82.23,81.81,81.88,20938.879
2026-05-31 16:00:00,81.88,82.04,81.61,81.75,30051.925
2026-05-31 16:30:00,81.74,81.75,81.42,81.59,48344.731
2026-05-31 17:00:00,81.58,81.75,81.46,81.73,26848.042
2026-05-31 17:30:00,81.74,81.9,81.73,81.87,12548.15
2026-05-31 18:00:00,81.87,81.87,81.61,81.73,11586.857
2026-05-31 18:30:00,81.72,81.85,81.66,81.76,9360.519
2026-05-31 19:00:00,81.75,81.8,81.43,81.53,17714.658
2026-05-31 19:30:00,81.53,81.66,81.33,81.58,9888.889
2026-05-31 20:00:00,81.59,81.89,81.59,81.79,15328.677
2026-05-31 20:30:00,81.8,82.01,81.74,81.97,9478.859
2026-05-31 21:00:00,81.97,82.07,81.88,81.93,8383.577
2026-05-31 21:30:00,81.92,82.37,81.91,82.3,19783.395
2026-05-31 22:00:00,82.31,82.66,82.04,82.42,33451.753
2026-05-31 22:30:00,82.42,82.69,82.39,82.53,22469.325
2026-05-31 23:00:00,82.52,82.92,82.36,82.46,36641.872
2026-05-31 23:30:00,82.46,82.46,81.95,82.44,20433.464
2026-06-01 00:00:00,82.45,83.0,82.37,82.94,40998.898
2026-06-01 00:30:00,82.94,83.1,82.75,82.83,44075.639
2026-06-01 01:00:00,82.83,82.87,82.22,82.3,45880.658
2026-06-01 01:30:00,82.29,82.4,81.75,81.76,28235.807
2026-06-01 02:00:00,81.76,82.34,81.63,82.25,23156.407
2026-06-01 02:30:00,82.24,82.9,82.11,82.68,35047.072
2026-06-01 03:00:00,82.68,82.96,82.62,82.89,46852.948
2026-06-01 03:30:00,82.89,82.99,82.56,82.63,27460.394
2026-06-01 04:00:00,82.63,82.78,81.85,81.91,35168.455
2026-06-01 04:30:00,81.9,82.12,81.77,82.04,28588.19
2026-06-01 05:00:00,82.03,82.11,81.76,81.77,26622.485
2026-06-01 05:30:00,81.78,82.03,81.63,81.82,17070.293
2026-06-01 06:00:00,81.82,81.87,81.39,81.45,36537.374
2026-06-01 06:30:00,81.44,81.52,81.13,81.45,35307.405
2026-06-01 07:00:00,81.45,81.58,81.25,81.25,24037.164
2026-06-01 07:30:00,81.25,81.26,80.63,80.74,45948.052
2026-06-01 08:00:00,80.74,80.92,80.57,80.66,34523.201
2026-06-01 08:30:00,80.66,81.05,80.46,80.99,42032.638
2026-06-01 09:00:00,80.99,81.29,80.99,81.14,28211.462
2026-06-01 09:30:00,81.14,81.28,81.0,81.08,45434.878
2026-06-01 10:00:00,81.08,81.12,80.83,80.87,35901.15
2026-06-01 10:30:00,80.87,81.19,80.83,81.1,26031.471
2026-06-01 11:00:00,81.1,81.26,81.01,81.14,22548.923
2026-06-01 11:30:00,81.14,81.2,80.6,80.81,78697.791
2026-06-01 12:00:00,80.82,81.0,80.23,80.91,96037.943
2026-06-01 12:30:00,80.91,81.07,80.78,80.82,43981.524
2026-06-01 13:00:00,80.82,80.86,80.1,80.32,107821.624
2026-06-01 13:30:00,80.33,80.61,79.28,79.84,206830.352
2026-06-01 14:00:00,79.84,80.11,79.44,79.54,100480.903
2026-06-01 14:30:00,79.54,79.82,79.43,79.71,45110.037
2026-06-01 15:00:00,79.71,79.92,79.2,79.26,59296.907
2026-06-01 15:30:00,79.26,80.05,79.25,79.6,60705.584
2026-06-01 16:00:00,79.61,79.76,79.11,79.72,57742.684
2026-06-01 16:30:00,79.72,80.46,79.67,80.41,61661.516
2026-06-01 17:00:00,80.4,80.87,80.29,80.84,61480.43
2026-06-01 17:30:00,80.83,81.21,80.64,80.93,73106.406
2026-06-01 18:00:00,80.92,81.01,80.58,80.99,28445.189
2026-06-01 18:30:00,81.0,81.22,80.8,80.86,24476.562
2026-06-01 19:00:00,80.86,81.06,80.6,81.04,23258.539
2026-06-01 19:30:00,81.03,81.31,81.0,81.2,28961.256
2026-06-01 20:00:00,81.19,81.24,80.96,81.12,31562.702
2026-06-01 20:30:00,81.11,81.24,81.01,81.13,20867.534
2026-06-01 21:00:00,81.14,81.14,80.5,80.8,89422.18
2026-06-01 21:30:00,80.8,80.87,80.6,80.68,25734.182
2026-06-01 22:00:00,80.67,80.98,80.32,80.94,35016.687
2026-06-01 22:30:00,80.95,81.48,80.56,81.4,59598.451
2026-06-01 23:00:00,81.41,81.65,81.16,81.16,56432.314
2026-06-01 23:30:00,81.16,81.58,81.07,81.28,56747.135
2026-06-02 00:00:00,81.28,81.3,80.93,80.98,26760.967
2026-06-02 00:30:00,80.98,81.2,80.87,80.89,15516.478
2026-06-02 01:00:00,80.89,81.01,80.62,80.63,26440.672
2026-06-02 01:30:00,80.63,80.68,80.04,80.11,49174.87
2026-06-02 02:00:00,80.11,80.54,79.41,80.51,91172.886
2026-06-02 02:30:00,80.52,80.78,80.13,80.78,31054.756
2026-06-02 03:00:00,80.78,80.99,80.64,80.9,35403.759
2026-06-02 03:30:00,80.91,81.05,80.77,80.92,30959.819
2026-06-02 04:00:00,80.92,81.02,80.47,80.88,26460.214
2026-06-02 04:30:00,80.88,80.95,80.38,80.44,35009.547
2026-06-02 05:00:00,80.44,80.59,80.08,80.08,26490.659
2026-06-02 05:30:00,80.09,80.26,79.57,79.63,56539.325
2026-06-02 06:00:00,79.63,79.82,79.38,79.66,63290.558
2026-06-02 06:30:00,79.66,79.76,79.33,79.59,49840.054
2026-06-02 07:00:00,79.6,79.94,79.16,79.5,43567.064
2026-06-02 07:30:00,79.5,79.92,79.48,79.67,31474.924
2026-06-02 08:00:00,79.67,79.78,79.5,79.7,40826.916
2026-06-02 08:30:00,79.7,79.8,79.45,79.61,18437.482
2026-06-02 09:00:00,79.62,79.64,78.78,78.91,84191.176
2026-06-02 09:30:00,78.91,79.25,78.82,79.1,45210.653
2026-06-02 10:00:00,79.11,79.47,78.97,79.41,32871.617
2026-06-02 10:30:00,79.41,79.48,79.21,79.44,27045.558
2026-06-02 11:00:00,79.43,79.45,78.9,79.02,42574.424
2026-06-02 11:30:00,79.02,79.2,78.85,78.94,29507.241
2026-06-02 12:00:00,78.93,79.05,78.66,78.95,40007.323
2026-06-02 12:30:00,78.94,79.16,78.77,78.98,39055.189
2026-06-02 13:00:00,78.97,79.22,78.8,79.15,41268.254
2026-06-02 13:30:00,79.16,79.22,78.83,78.95,41933.671
2026-06-02 14:00:00,78.95,78.99,76.75,77.26,304508.698
2026-06-02 14:30:00,77.26,77.94,77.03,77.44,128478.095
2026-06-02 15:00:00,77.44,77.49,76.26,76.35,222907.504
2026-06-02 15:30:00,76.36,76.51,75.58,76.38,196006.68
2026-06-02 16:00:00,76.38,77.67,76.15,77.24,148155.323
2026-06-02 16:30:00,77.23,77.28,76.7,76.71,80114.411
2026-06-02 17:00:00,76.72,77.15,76.48,77.06,116460.499
2026-06-02 17:30:00,77.06,77.19,76.75,76.84,48149.462
2026-06-02 18:00:00,76.84,77.08,76.3,76.33,38813.81
2026-06-02 18:30:00,76.34,76.42,75.81,76.15,52570.564
2026-06-02 19:00:00,76.16,76.27,75.54,75.57,84636.588
2026-06-02 19:30:00,75.57,75.99,74.5,75.53,259449.825
2026-06-02 20:00:00,75.53,75.95,74.77,74.9,58232.539
2026-06-02 20:30:00,74.89,75.55,74.89,75.44,58667.734
2026-06-02 21:00:00,75.44,75.96,75.33,75.91,55414.057
2026-06-02 21:30:00,75.92,76.08,75.6,75.67,41381.598
2026-06-02 22:00:00,75.66,75.67,74.61,75.35,79893.234
2026-06-02 22:30:00,75.35,75.4,73.37,73.67,210568.652
2026-06-02 23:00:00,73.68,74.01,72.73,73.07,204401.126
2026-06-02 23:30:00,73.07,74.32,72.86,74.23,131640.462
2026-06-03 00:00:00,74.23,75.13,74.0,74.73,153889.51
2026-06-03 00:30:00,74.73,75.13,74.6,74.85,48657.792
2026-06-03 01:00:00,74.85,75.04,74.66,74.97,51762.263
2026-06-03 01:30:00,74.97,75.05,74.15,74.75,59246.913
2026-06-03 02:00:00,74.75,74.81,74.22,74.38,43705.07
2026-06-03 02:30:00,74.39,74.55,74.21,74.4,36000.186
2026-06-03 03:00:00,74.41,74.54,73.77,73.86,52818.571
2026-06-03 03:30:00,73.86,74.1,72.28,72.71,201679.882
2026-06-03 04:00:00,72.71,73.79,72.69,73.62,91827.829
2026-06-03 04:30:00,73.63,74.11,73.33,74.06,51860.975
2026-06-03 05:00:00,74.06,74.92,74.05,74.64,101768.098
2026-06-03 05:30:00,74.64,74.82,74.23,74.75,67330.784
2026-06-03 06:00:00,74.75,75.14,74.67,75.05,91153.745
2026-06-03 06:30:00,75.04,75.33,74.83,74.86,71518.016
2026-06-03 07:00:00,74.86,75.4,74.76,75.15,44375.945
2026-06-03 07:30:00,75.14,75.4,75.13,75.27,49091.077
2026-06-03 08:00:00,75.26,75.33,74.86,75.0,43329.25
2026-06-03 08:30:00,75.0,75.23,74.91,75.01,34756.645
2026-06-03 09:00:00,75.0,75.1,74.78,74.92,51075.452
2026-06-03 09:30:00,74.92,75.41,74.73,75.01,89430.887
2026-06-03 10:00:00,75.01,75.59,74.97,75.5,73521.859
2026-06-03 10:30:00,75.5,75.6,75.34,75.55,37657.707
2026-06-03 11:00:00,75.55,75.71,75.49,75.63,34196.218
2026-06-03 11:30:00,75.63,75.63,75.0,75.12,41043.386
2026-06-03 12:00:00,75.12,75.18,74.68,75.07,58409.506
2026-06-03 12:30:00,75.07,75.27,74.85,75.18,25027.998
2026-06-03 13:00:00,75.19,75.37,74.72,74.8,54019.208
2026-06-03 13:30:00,74.8,75.14,74.39,74.57,73765.81
2026-06-03 14:00:00,74.56,74.61,73.84,74.07,82572.447
2026-06-03 14:30:00,74.06,74.46,73.85,74.46,68928.314
2026-06-03 15:00:00,74.46,74.48,73.72,74.22,77777.607
2026-06-03 15:30:00,74.22,74.33,73.24,73.31,58428.191
2026-06-03 16:00:00,73.31,73.48,72.02,72.4,154395.492
2026-06-03 16:30:00,72.41,73.01,72.38,73.01,99408.195
2026-06-03 17:00:00,73.01,73.48,72.4,73.46,69030.386
2026-06-03 17:30:00,73.46,74.1,72.99,73.17,67747.734
2026-06-03 18:00:00,73.17,73.49,72.64,72.77,56399.344
2026-06-03 18:30:00,72.77,73.22,72.46,73.09,56165.992
2026-06-03 19:00:00,73.1,73.17,72.0,72.08,79691.07
2026-06-03 19:30:00,72.09,72.62,71.71,71.99,163757.266
2026-06-03 20:00:00,71.99,72.43,71.61,72.36,108637.59
2026-06-03 20:30:00,72.35,72.42,70.93,71.23,303635.518
2026-06-03 21:00:00,71.22,72.01,71.03,71.78,66401.691
2026-06-03 21:30:00,71.77,72.86,71.72,72.82,103491.434
2026-06-03 22:00:00,72.81,73.18,72.13,72.34,47628.473
2026-06-03 22:30:00,72.34,72.44,71.94,72.22,52653.57
2026-06-03 23:00:00,72.22,72.28,71.57,71.78,52209.801
2026-06-03 23:30:00,71.79,71.96,71.58,71.61,53364.983
2026-06-04 00:00:00,71.61,72.09,70.5,70.51,97667.149
2026-06-04 00:30:00,70.52,71.29,70.33,70.75,165141.325
2026-06-04 01:00:00,70.76,70.96,69.0,69.3,313004.142
2026-06-04 01:30:00,69.31,70.0,68.42,68.63,219820.408
2026-06-04 02:00:00,68.63,69.61,66.8,69.32,510550.657
2026-06-04 02:30:00,69.32,70.47,69.18,70.07,131524.051
2026-06-04 03:00:00,70.07,71.3,70.04,71.03,165537.245
2026-06-04 03:30:00,71.04,71.65,71.02,71.48,129295.006
2026-06-04 04:00:00,71.49,71.8,71.42,71.47,67441.766
2026-06-04 04:30:00,71.47,71.52,70.8,70.9,75282.729
2026-06-04 05:00:00,70.89,70.89,69.91,70.11,86013.513
2026-06-04 05:30:00,70.11,70.66,69.97,70.35,45005.667
2026-06-04 06:00:00,70.34,71.21,70.26,70.82,46398.221
2026-06-04 06:30:00,70.82,71.09,70.34,70.35,58203.204
2026-06-04 07:00:00,70.36,70.4,69.45,69.67,93137.331
2026-06-04 07:30:00,69.67,70.0,69.14,69.15,52195.195
2026-06-04 08:00:00,69.16,69.44,68.33,69.01,146029.9
2026-06-04 08:30:00,69.01,69.43,68.79,69.25,62399.127
2026-06-04 09:00:00,69.24,69.27,67.79,67.92,115753.96
2026-06-04 09:30:00,67.92,68.88,67.74,68.86,91072.697
2026-06-04 10:00:00,68.87,68.94,68.29,68.36,72076.912
2026-06-04 10:30:00,68.37,68.79,67.51,67.89,139728.913
2026-06-04 11:00:00,67.89,68.43,67.37,68.2,136934.904
2026-06-04 11:30:00,68.21,68.71,67.94,68.7,75517.356
2026-06-04 12:00:00,68.69,69.41,68.32,69.38,109608.427
2026-06-04 12:30:00,69.37,70.38,69.29,70.12,156753.07
2026-06-04 13:00:00,70.12,70.18,69.02,69.37,77850.512
2026-06-04 13:30:00,69.36,70.58,69.28,70.38,107552.751
2026-06-04 14:00:00,70.38,70.64,70.03,70.16,85314.125
2026-06-04 14:30:00,70.15,70.16,69.56,69.77,138204.354
2026-06-04 15:00:00,69.76,70.5,69.38,69.85,201976.307
2026-06-04 15:30:00,69.84,69.94,69.41,69.64,86499.675
2026-06-04 16:00:00,69.64,69.67,69.09,69.1,50539.046
2026-06-04 16:30:00,69.09,69.66,68.98,69.41,53911.189
2026-06-04 17:00:00,69.41,69.74,69.02,69.2,37387.995
2026-06-04 17:30:00,69.21,69.56,68.48,69.25,61245.556
2026-06-04 18:00:00,69.25,69.64,68.65,69.64,53291.063
2026-06-04 18:30:00,69.65,69.89,69.46,69.5,59026.13
2026-06-04 19:00:00,69.49,69.71,69.1,69.57,63835.952
2026-06-04 19:30:00,69.57,69.63,69.03,69.1,46022.228
2026-06-04 20:00:00,69.09,69.15,68.44,68.79,54582.534
2026-06-04 20:30:00,68.78,69.02,68.54,68.82,36201.198
2026-06-04 21:00:00,68.81,69.06,68.21,68.32,48096.358
2026-06-04 21:30:00,68.32,68.35,67.61,67.8,61697.648
2026-06-04 22:00:00,67.79,68.15,67.57,67.96,79861.619
2026-06-04 22:30:00,67.95,68.58,67.6,68.49,82327.703
2026-06-04 23:00:00,68.48,68.88,68.0,68.26,50338.621
2026-06-04 23:30:00,68.27,68.93,68.24,68.88,30394.051
2026-06-05 00:00:00,68.87,69.08,68.35,69.06,45139.318
2026-06-05 00:30:00,69.07,69.1,68.27,68.31,49343.465
2026-06-05 01:00:00,68.3,68.47,67.58,68.44,90739.35
2026-06-05 01:30:00,68.45,68.82,68.3,68.52,80238.476
2026-06-05 02:00:00,68.52,68.62,67.74,67.74,86848.922
2026-06-05 02:30:00,67.74,68.09,67.21,67.33,118848.513
2026-06-05 03:00:00,67.33,67.87,67.02,67.33,105256.69
2026-06-05 03:30:00,67.33,67.66,66.94,67.09,100084.858
2026-06-05 04:00:00,67.1,67.9,66.52,67.88,174832.563
2026-06-05 04:30:00,67.88,68.01,66.93,67.94,104400.595
2026-06-05 05:00:00,67.95,68.1,67.5,67.82,52270.573
2026-06-05 05:30:00,67.81,68.01,66.07,66.24,174781.562
2026-06-05 06:00:00,66.24,66.56,63.87,64.65,469735.511
2026-06-05 06:30:00,64.64,65.53,64.45,65.05,241831.17
2026-06-05 07:00:00,65.05,65.57,63.93,65.48,255831.966
2026-06-05 07:30:00,65.48,66.31,65.31,66.18,148822.746
2026-06-05 08:00:00,66.18,66.2,65.43,65.93,100693.54
2026-06-05 08:30:00,65.94,66.11,65.1,65.31,74768.276
2026-06-05 09:00:00,65.32,66.54,65.31,66.41,132315.834
2026-06-05 09:30:00,66.41,66.62,66.09,66.55,75767.8
2026-06-05 10:00:00,66.56,66.74,66.21,66.51,70248.919
2026-06-05 10:30:00,66.51,66.74,66.16,66.42,40219.237
2026-06-05 11:00:00,66.41,66.8,65.84,66.6,90178.769
2026-06-05 11:30:00,66.6,66.65,65.98,66.08,61827.75
2026-06-05 12:00:00,66.08,66.37,65.45,65.91,85793.174
2026-06-05 12:30:00,65.91,66.25,65.2,65.83,106814.878
2026-06-05 13:00:00,65.82,66.72,65.81,66.49,146154.17
2026-06-05 13:30:00,66.49,66.83,64.3,64.32,226201.541
2026-06-05 14:00:00,64.33,65.37,63.94,64.87,256498.54
2026-06-05 14:30:00,64.88,65.85,64.68,65.27,182648.211
2026-06-05 15:00:00,65.27,65.34,64.2,64.61,198263.862
2026-06-05 15:30:00,64.6,64.77,63.78,64.24,269243.284
2026-06-05 16:00:00,64.25,65.51,63.18,64.95,399262.493
2026-06-05 16:30:00,64.96,65.98,64.45,65.86,205794.54
2026-06-05 17:00:00,65.86,66.06,64.8,64.9,137567.757
2026-06-05 17:30:00,64.9,65.58,64.81,65.09,83849.121
2026-06-05 18:00:00,65.1,65.39,63.99,64.01,130668.11
2026-06-05 18:30:00,64.01,64.29,62.63,62.91,244247.472
2026-06-05 19:00:00,62.9,63.03,61.48,62.79,336036.546
2026-06-05 19:30:00,62.8,63.84,61.97,63.44,207439.367
2026-06-05 20:00:00,63.44,64.38,62.68,64.2,201222.005
2026-06-05 20:30:00,64.21,64.82,64.03,64.64,100212.004
2026-06-05 21:00:00,64.63,65.11,64.53,64.94,112521.711
2026-06-05 21:30:00,64.94,65.42,64.75,64.89,77323.101
2026-06-05 22:00:00,64.88,64.91,63.78,64.14,140708.206
2026-06-05 22:30:00,64.14,64.67,63.98,64.41,67797.027
2026-06-05 23:00:00,64.41,64.79,63.41,63.57,83363.074
2026-06-05 23:30:00,63.57,63.66,62.64,63.64,96936.891
2026-06-06 00:00:00,63.64,64.68,63.63,64.46,79574.728
2026-06-06 00:30:00,64.46,64.83,64.4,64.68,41306.559
2026-06-06 01:00:00,64.68,64.86,63.85,64.43,58452.37
2026-06-06 01:30:00,64.42,64.53,63.78,63.85,50365.001
2026-06-06 02:00:00,63.86,63.88,63.27,63.52,57748.922
2026-06-06 02:30:00,63.53,63.96,63.43,63.53,56892.987
2026-06-06 03:00:00,63.52,63.54,62.9,63.06,58536.438
2026-06-06 03:30:00,63.06,63.1,62.58,62.84,81016.655
2026-06-06 04:00:00,62.84,63.12,61.0,61.22,206636.23
2026-06-06 04:30:00,61.22,61.33,60.35,60.88,213181.024
2026-06-06 05:00:00,60.89,62.68,60.13,62.14,185720.544
2026-06-06 05:30:00,62.13,62.72,61.93,62.62,108089.922
2026-06-06 06:00:00,62.62,63.35,62.59,63.02,89392.17
2026-06-06 06:30:00,63.02,63.28,62.08,62.22,68138.886
2026-06-06 07:00:00,62.22,63.16,62.06,62.66,81847.257
2026-06-06 07:30:00,62.66,63.13,62.61,62.78,41846.14
2026-06-06 08:00:00,62.79,63.45,62.54,63.35,52584.971
2026-06-06 08:30:00,63.35,63.6,63.11,63.18,63618.708
2026-06-06 09:00:00,63.17,63.55,63.05,63.54,35551.46
2026-06-06 09:30:00,63.54,63.56,62.49,62.71,48997.7
2026-06-06 10:00:00,62.7,62.71,61.71,61.86,95625.154
2026-06-06 10:30:00,61.87,61.91,61.2,61.84,130392.364
2026-06-06 11:00:00,61.84,62.35,61.77,62.3,76543.319
2026-06-06 11:30:00,62.3,62.69,62.19,62.46,59396.926
2026-06-06 12:00:00,62.46,62.77,62.22,62.22,56158.693
2026-06-06 12:30:00,62.22,63.11,62.04,62.92,106316.778
2026-06-06 13:00:00,62.93,63.06,62.55,62.55,35487.212
2026-06-06 13:30:00,62.55,62.79,62.17,62.45,52887.524
2026-06-06 14:00:00,62.45,62.93,62.35,62.65,38814.324
2026-06-06 14:30:00,62.64,62.91,62.3,62.33,87720.005
2026-06-06 15:00:00,62.33,62.48,61.32,61.64,186116.845
2026-06-06 15:30:00,61.64,62.33,61.52,62.03,110220.369
2026-06-06 16:00:00,62.04,62.4,61.53,61.56,134381.567
2026-06-06 16:30:00,61.55,62.22,61.38,62.13,105660.143
2026-06-06 17:00:00,62.13,62.22,61.62,61.83,42018.144
2026-06-06 17:30:00,61.82,62.28,61.46,61.63,58029.133
2026-06-06 18:00:00,61.62,62.14,61.41,62.04,44690.914
2026-06-06 18:30:00,62.03,62.04,61.53,61.73,32726.679
2026-06-06 19:00:00,61.74,62.2,61.62,61.78,56102.136
2026-06-06 19:30:00,61.79,61.88,61.64,61.64,21848.545
2026-06-06 20:00:00,61.64,61.76,61.38,61.51,76269.352
2026-06-06 20:30:00,61.5,61.94,61.4,61.84,80057.112
2026-06-06 21:00:00,61.85,62.23,61.83,62.13,53915.818
2026-06-06 21:30:00,62.13,62.38,61.9,61.91,23528.078
2026-06-06 22:00:00,61.9,61.98,61.47,61.52,40134.11
2026-06-06 22:30:00,61.53,61.92,61.47,61.73,34130.446
2026-06-06 23:00:00,61.72,62.13,61.68,61.97,21681.925
2026-06-06 23:30:00,61.97,62.3,61.92,62.2,30488.769
2026-06-07 00:00:00,62.21,62.33,61.96,62.28,43086.869
2026-06-07 00:30:00,62.28,62.64,62.1,62.11,43383.297
2026-06-07 01:00:00,62.11,63.79,62.04,63.76,134852.242
2026-06-07 01:30:00,63.76,63.86,63.44,63.67,68366.64
2026-06-07 02:00:00,63.67,63.79,63.13,63.23,63409.669
2026-06-07 02:30:00,63.22,63.65,63.07,63.55,56903.609
2026-06-07 03:00:00,63.55,64.15,63.41,64.04,90561.283
2026-06-07 03:30:00,64.04,64.04,63.57,63.84,42077.631
2026-06-07 04:00:00,63.84,63.85,63.31,63.4,41229.339
2026-06-07 04:30:00,63.39,64.13,63.38,64.1,61353.327
2026-06-07 05:00:00,64.09,64.5,63.9,64.23,84667.017
2026-06-07 05:30:00,64.23,64.47,64.03,64.26,51863.055
2026-06-07 06:00:00,64.27,64.86,64.03,64.76,67122.303
2026-06-07 06:30:00,64.77,65.0,64.68,64.85,70019.864
2026-06-07 07:00:00,64.85,65.0,64.61,64.96,68021.856
2026-06-07 07:30:00,64.95,65.02,64.76,64.93,70561.189
2026-06-07 08:00:00,64.92,64.97,64.5,64.89,59540.612
2026-06-07 08:30:00,64.88,65.97,64.74,65.97,133185.707
2026-06-07 09:00:00,65.96,66.11,65.55,65.79,67242.299
2026-06-07 09:30:00,65.79,65.81,64.85,65.02,57910.668
2026-06-07 10:00:00,65.03,65.09,64.63,64.98,58901.818
2026-06-07 10:30:00,64.98,65.05,64.46,64.67,47078.321
2026-06-07 11:00:00,64.67,64.87,64.55,64.85,25793.066
2026-06-07 11:30:00,64.84,65.25,64.74,65.04,32932.141
2026-06-07 12:00:00,65.05,65.11,63.88,64.05,103359.097
2026-06-07 12:30:00,64.04,64.41,63.67,64.33,82201.357
2026-06-07 13:00:00,64.33,64.4,64.09,64.38,48151.522
2026-06-07 13:30:00,64.38,64.44,64.15,64.34,29844.731
2026-06-07 14:00:00,64.34,65.07,64.33,64.98,50522.619
2026-06-07 14:30:00,64.98,65.35,64.62,64.92,64172.566
2026-06-07 15:00:00,64.92,64.98,64.63,64.97,39974.489
2026-06-07 15:30:00,64.96,65.24,64.78,64.99,43175.466
2026-06-07 16:00:00,64.99,65.18,64.75,65.02,40157.259
2026-06-07 16:30:00,65.03,65.33,64.95,65.15,26645.684
2026-06-07 17:00:00,65.15,65.62,65.09,65.46,28486.292
2026-06-07 17:30:00,65.46,65.6,65.16,65.32,32115.403
2026-06-07 18:00:00,65.33,65.58,65.22,65.43,17454.75
2026-06-07 18:30:00,65.43,65.56,64.91,64.95,24580.984
2026-06-07 19:00:00,64.96,64.98,63.77,64.05,93989.549
2026-06-07 19:30:00,64.05,64.14,63.64,63.95,57044.281
2026-06-07 20:00:00,63.94,64.7,63.75,64.5,56907.216
2026-06-07 20:30:00,64.51,64.8,64.42,64.7,28764.007
2026-06-07 21:00:00,64.69,64.93,64.47,64.58,25868.239
2026-06-07 21:30:00,64.59,64.63,64.31,64.63,25230.803
2026-06-07 22:00:00,64.64,67.92,64.53,66.26,230017.173
2026-06-07 22:30:00,66.27,66.78,65.74,65.83,88818.153
2026-06-07 23:00:00,65.82,66.37,65.77,66.36,78795.196
2026-06-07 23:30:00,66.35,66.67,66.04,66.5,85230.715
2026-06-08 00:00:00,66.5,66.6,66.02,66.56,70184.208
2026-06-08 00:30:00,66.56,67.11,66.4,66.71,92920.305
2026-06-08 01:00:00,66.72,66.81,65.47,65.54,86790.087
2026-06-08 01:30:00,65.55,66.28,65.4,66.19,73315.798
2026-06-08 02:00:00,66.19,66.65,66.06,66.51,48648.104
2026-06-08 02:30:00,66.5,66.58,66.12,66.46,45544.386
2026-06-08 03:00:00,66.46,66.75,66.24,66.27,45727.061
2026-06-08 03:30:00,66.27,66.44,66.18,66.37,29094.156
2026-06-08 04:00:00,66.37,66.42,65.58,65.76,47166.786
2026-06-08 04:30:00,65.76,65.87,65.37,65.44,37552.66
2026-06-08 05:00:00,65.44,65.65,65.09,65.43,43586.331
2026-06-08 05:30:00,65.43,65.44,64.98,65.34,35459.996
2026-06-08 06:00:00,65.33,65.89,65.27,65.77,61513.08
2026-06-08 06:30:00,65.77,65.85,65.59,65.68,30934.035
2026-06-08 07:00:00,65.68,66.05,65.38,65.97,45488.249
2026-06-08 07:30:00,65.98,66.23,65.9,66.11,36994.592
2026-06-08 08:00:00,66.1,66.11,65.52,65.74,36214.503
2026-06-08 08:30:00,65.75,65.88,65.45,65.63,46888.831
2026-06-08 09:00:00,65.63,66.17,65.6,66.03,37803.897
2026-06-08 09:30:00,66.02,66.39,65.78,66.38,63950.285
2026-06-08 10:00:00,66.37,66.44,65.81,65.93,44301.232
2026-06-08 10:30:00,65.93,66.47,65.88,66.21,60236.892
2026-06-08 11:00:00,66.21,66.93,66.04,66.82,109050.554
2026-06-08 11:30:00,66.81,67.06,66.59,66.68,108829.482
2026-06-08 12:00:00,66.69,66.92,65.99,66.46,119508.789
2026-06-08 12:30:00,66.46,67.32,66.46,67.26,105345.306
2026-06-08 13:00:00,67.26,67.29,66.8,66.84,69118.263
2026-06-08 13:30:00,66.83,67.0,66.42,66.78,82701.581
2026-06-08 14:00:00,66.78,66.96,66.45,66.8,158438.28
2026-06-08 14:30:00,66.8,67.31,66.72,67.28,157236.623
2026-06-08 15:00:00,67.28,67.82,67.22,67.43,141532.263
2026-06-08 15:30:00,67.43,67.56,67.06,67.18,62848.045
2026-06-08 16:00:00,67.19,67.75,67.01,67.52,63829.431
2026-06-08 16:30:00,67.51,67.54,66.9,66.96,75427.042
2026-06-08 17:00:00,66.95,67.15,66.56,67.14,99028.273
2026-06-08 17:30:00,67.13,67.39,66.71,67.38,48281.162
2026-06-08 18:00:00,67.38,67.6,67.38,67.53,43312.236
2026-06-08 18:30:00,67.52,67.62,67.16,67.43,39639.036
2026-06-08 19:00:00,67.43,67.82,67.38,67.64,46522.258
2026-06-08 19:30:00,67.64,67.73,67.28,67.46,75114.935
2026-06-08 20:00:00,67.46,67.53,66.94,67.02,59411.82
2026-06-08 20:30:00,67.03,67.48,66.97,67.48,24245.02
2026-06-08 21:00:00,67.48,68.17,67.42,67.8,80850.012
2026-06-08 21:30:00,67.81,67.94,67.48,67.48,29488.028
2026-06-08 22:00:00,67.48,67.48,66.84,67.09,46487.092
2026-06-08 22:30:00,67.08,67.21,66.91,67.2,22470.738
2026-06-08 23:00:00,67.2,67.42,66.67,66.82,40414.097
2026-06-08 23:30:00,66.82,66.94,66.65,66.82,29549.527
2026-06-09 00:00:00,66.82,66.89,65.85,65.93,117085.531
2026-06-09 00:30:00,65.94,66.0,65.29,65.42,131980.034
2026-06-09 01:00:00,65.41,66.0,65.39,65.88,68437.946
2026-06-09 01:30:00,65.89,66.08,65.76,65.99,31450.129
2026-06-09 02:00:00,65.99,66.08,65.6,65.9,23394.038
2026-06-09 02:30:00,65.9,65.97,65.53,65.91,29455.513
2026-06-09 03:00:00,65.92,66.1,65.79,65.9,30787.623
2026-06-09 03:30:00,65.9,66.06,65.68,66.01,24417.152
2026-06-09 04:00:00,66.01,66.22,65.83,65.97,31305.287
2026-06-09 04:30:00,65.97,67.41,65.89,67.02,149728.222
2026-06-09 05:00:00,67.02,67.18,66.7,67.06,217792.075
2026-06-09 05:30:00,67.06,67.39,67.04,67.18,58524.736
2026-06-09 06:00:00,67.19,67.47,67.11,67.29,46989.092
2026-06-09 06:30:00,67.3,67.36,66.98,67.05,32085.888
2026-06-09 07:00:00,67.06,67.34,66.62,66.69,71581.365
2026-06-09 07:30:00,66.69,66.97,66.68,66.89,27999.797
2026-06-09 08:00:00,66.9,66.94,66.39,66.62,60559.946
2026-06-09 08:30:00,66.61,66.79,66.52,66.6,37383.462
2026-06-09 09:00:00,66.6,66.83,66.41,66.42,34041.276
2026-06-09 09:30:00,66.41,66.44,66.08,66.18,34705.752
2026-06-09 10:00:00,66.18,66.28,66.0,66.21,35883.982
2026-06-09 10:30:00,66.21,66.49,66.05,66.42,33163.864
2026-06-09 11:00:00,66.41,66.47,65.9,66.01,58094.717
2026-06-09 11:30:00,66.01,66.23,65.92,66.11,42749.784
2026-06-09 12:00:00,66.11,66.52,66.09,66.26,68795.592
2026-06-09 12:30:00,66.27,66.33,65.95,66.21,36384.555
2026-06-09 13:00:00,66.22,66.38,65.67,65.74,91515.974
2026-06-09 13:30:00,65.75,66.22,65.6,65.86,76910.594
2026-06-09 14:00:00,65.86,65.99,64.73,64.77,151288.218
2026-06-09 14:30:00,64.77,65.08,64.39,65.08,147195.494
2026-06-09 15:00:00,65.08,65.31,64.67,64.67,85174.827
2026-06-09 15:30:00,64.67,64.83,64.26,64.33,90179.231
2026-06-09 16:00:00,64.33,64.5,63.83,64.1,100896.862
2026-06-09 16:30:00,64.1,64.38,63.54,64.14,130669.716
2026-06-09 17:00:00,64.15,65.15,64.09,64.96,129904.705
2026-06-09 17:30:00,64.96,65.17,64.75,64.79,70834.51
2026-06-09 18:00:00,64.8,65.55,64.66,65.08,59973.164
2026-06-09 18:30:00,65.07,65.39,65.05,65.3,43295.986
2026-06-09 19:00:00,65.29,65.47,65.12,65.35,38985.412
2026-06-09 19:30:00,65.35,65.65,65.05,65.41,79943.672
2026-06-09 20:00:00,65.42,65.7,65.29,65.49,44666.58
2026-06-09 20:30:00,65.48,65.68,65.33,65.62,18194.632
2026-06-09 21:00:00,65.63,65.65,65.11,65.13,28554.97
2026-06-09 21:30:00,65.14,65.19,64.88,65.02,28299.196
2026-06-09 22:00:00,65.02,65.35,64.86,65.14,22478.881
2026-06-09 22:30:00,65.15,65.29,64.82,64.89,42205.308
2026-06-09 23:00:00,64.89,65.18,64.76,64.92,36029.625
2026-06-09 23:30:00,64.92,65.11,64.69,64.96,30175.396
2026-06-10 00:00:00,64.97,65.22,64.85,65.09,30893.642
2026-06-10 00:30:00,65.09,65.2,64.49,65.19,53339.466
2026-06-10 01:00:00,65.18,65.32,64.89,65.19,47747.575
2026-06-10 01:30:00,65.19,65.27,64.81,65.09,29249.547
2026-06-10 02:00:00,65.1,65.25,64.53,64.73,45708.702
2026-06-10 02:30:00,64.73,64.79,64.25,64.31,41217.746
2026-06-10 03:00:00,64.31,64.86,64.27,64.8,21611.006
2026-06-10 03:30:00,64.81,64.82,64.47,64.51,22512.432
2026-06-10 04:00:00,64.52,64.66,64.39,64.49,27463.659
2026-06-10 04:30:00,64.49,64.5,64.12,64.29,28167.21
2026-06-10 05:00:00,64.29,64.38,63.92,64.19,34803.583
2026-06-10 05:30:00,64.2,64.23,63.97,64.13,25262.12
2026-06-10 06:00:00,64.13,64.23,63.92,64.11,31286.273
2026-06-10 06:30:00,64.1,64.37,63.83,64.2,28320.685
2026-06-10 07:00:00,64.21,64.6,64.14,64.53,36326.192
2026-06-10 07:30:00,64.53,64.8,64.45,64.5,30743.641
2026-06-10 08:00:00,64.5,64.52,63.8,63.86,54996.634
2026-06-10 08:30:00,63.86,63.94,63.43,63.61,74993.347
2026-06-10 09:00:00,63.62,63.76,63.07,63.48,64531.362
2026-06-10 09:30:00,63.47,63.73,63.39,63.64,34128.497
2026-06-10 10:00:00,63.64,63.67,63.27,63.56,40208.109
2026-06-10 10:30:00,63.55,63.79,63.41,63.68,66496.572
2026-06-10 11:00:00,63.68,63.77,62.95,63.23,141483.749
2026-06-10 11:30:00,63.24,63.62,63.18,63.49,59494.302
2026-06-10 12:00:00,63.5,63.65,63.3,63.52,70700.023
2026-06-10 12:30:00,63.51,64.68,63.42,64.13,229676.694
2026-06-10 13:00:00,64.12,64.44,64.01,64.39,46185.65
2026-06-10 13:30:00,64.39,65.54,64.28,65.08,204646.531
2026-06-10 14:00:00,65.08,65.28,64.65,65.02,80100.451
2026-06-10 14:30:00,65.01,65.17,64.59,65.06,75631.694
2026-06-10 15:00:00,65.07,65.34,64.56,65.23,71694.292
2026-06-10 15:30:00,65.22,65.77,64.78,65.44,154859.798
2026-06-10 16:00:00,65.44,65.49,64.68,64.96,85991.352
2026-06-10 16:30:00,64.96,65.13,64.24,64.62,63922.889
2026-06-10 17:00:00,64.62,64.97,64.06,64.1,49778.45
2026-06-10 17:30:00,64.1,64.24,63.63,64.04,105119.256
2026-06-10 18:00:00,64.05,64.22,63.75,64.07,51764.265
2026-06-10 18:30:00,64.06,64.06,63.36,63.84,62057.997
2026-06-10 19:00:00,63.84,63.95,63.43,63.64,38154.854
2026-06-10 19:30:00,63.64,63.91,63.39,63.56,68616.025
2026-06-10 20:00:00,63.56,63.66,63.21,63.6,45772.871
2026-06-10 20:30:00,63.6,63.64,63.18,63.33,41529.074
2026-06-10 21:00:00,63.32,63.32,62.67,62.99,51909.386
2026-06-10 21:30:00,62.99,63.15,62.34,62.59,43162.712
2026-06-10 22:00:00,62.6,62.73,62.37,62.61,58386.296
2026-06-10 22:30:00,62.6,63.07,62.57,62.77,64302.333
2026-06-10 23:00:00,62.78,63.1,62.46,63.08,58655.892
2026-06-10 23:30:00,63.08,63.31,62.96,63.19,44312.725
2026-06-11 00:00:00,63.19,63.74,63.19,63.68,63536.627
2026-06-11 00:30:00,63.69,63.77,63.47,63.67,31975.856
2026-06-11 01:00:00,63.67,64.36,63.67,64.28,57410.766
2026-06-11 01:30:00,64.28,65.16,64.14,64.9,145882.125
2026-06-11 02:00:00,64.91,65.0,64.5,64.55,65793.591
2026-06-11 02:30:00,64.55,64.67,64.37,64.52,80513.553
2026-06-11 03:00:00,64.53,64.6,64.33,64.51,24266.163
2026-06-11 03:30:00,64.51,65.48,64.5,65.27,123735.298
2026-06-11 04:00:00,65.27,65.3,65.03,65.11,33748.709
2026-06-11 04:30:00,65.1,65.35,64.95,65.21,30619.392
2026-06-11 05:00:00,65.21,65.26,65.01,65.13,27414.697
2026-06-11 05:30:00,65.13,65.21,64.95,64.97,27274.224
2026-06-11 06:00:00,64.97,65.41,64.81,65.33,68201.106
2026-06-11 06:30:00,65.34,65.43,65.1,65.12,39177.452
2026-06-11 07:00:00,65.12,65.15,64.9,65.12,44406.264
2026-06-11 07:30:00,65.12,65.18,64.77,65.04,57855.04
2026-06-11 08:00:00,65.04,65.53,65.03,65.48,45316.323
2026-06-11 08:30:00,65.49,65.53,65.27,65.31,39774.354
2026-06-11 09:00:00,65.31,65.32,65.01,65.17,69611.79
2026-06-11 09:30:00,65.16,65.56,65.16,65.38,68555.023
2026-06-11 10:00:00,65.39,65.5,65.28,65.44,39676.29
2026-06-11 10:30:00,65.44,65.66,65.42,65.5,40413.085
2026-06-11 11:00:00,65.5,65.62,65.33,65.5,33995.759
2026-06-11 11:30:00,65.5,66.15,65.38,65.88,100872.235
2026-06-11 12:00:00,65.89,65.93,64.97,65.11,112620.749
2026-06-11 12:30:00,65.11,65.39,64.89,65.26,92809.228
2026-06-11 13:00:00,65.26,65.49,65.1,65.26,32924.016
2026-06-11 13:30:00,65.25,65.74,65.06,65.53,98859.216
2026-06-11 14:00:00,65.52,65.61,64.99,65.4,50228.211
2026-06-11 14:30:00,65.39,65.78,65.3,65.35,64065.165
2026-06-11 15:00:00,65.35,65.81,65.0,65.73,79361.185
2026-06-11 15:30:00,65.72,65.87,65.36,65.55,45598.231
2026-06-11 16:00:00,65.56,65.8,65.38,65.46,46006.652
2026-06-11 16:30:00,65.45,65.77,65.31,65.38,39829.903
2026-06-11 17:00:00,65.39,65.9,65.05,65.9,78259.318
2026-06-11 17:30:00,65.9,67.19,65.87,67.15,231214.026
2026-06-11 18:00:00,67.15,67.31,66.68,66.76,100024.469
2026-06-11 18:30:00,66.77,67.01,66.64,66.8,44306.383
2026-06-11 19:00:00,66.8,67.13,66.6,66.96,81666.15
2026-06-11 19:30:00,66.96,67.42,66.89,66.93,94546.823
2026-06-11 20:00:00,66.93,67.04,66.51,66.55,50336.445
2026-06-11 20:30:00,66.56,66.61,66.36,66.6,27436.491
2026-06-11 21:00:00,66.6,67.1,66.58,66.97,22230.257
2026-06-11 21:30:00,66.97,67.1,66.83,66.91,22894.009
2026-06-11 22:00:00,66.91,67.14,66.89,66.98,26118.759
2026-06-11 22:30:00,66.99,67.13,66.87,66.9,24119.391
2026-06-11 23:00:00,66.89,66.89,66.69,66.73,19447.68
2026-06-11 23:30:00,66.73,67.13,66.73,66.93,36632.552
2026-06-12 00:00:00,66.93,67.09,66.75,66.9,29945.722
2026-06-12 00:30:00,66.89,67.11,66.84,66.87,33743.83
2026-06-12 01:00:00,66.87,66.87,66.42,66.53,48626.471
2026-06-12 01:30:00,66.53,66.7,66.46,66.7,27215.482
2026-06-12 02:00:00,66.69,67.18,66.68,67.01,47130.306
2026-06-12 02:30:00,67.02,67.3,66.98,67.14,36058.036
2026-06-12 03:00:00,67.15,67.18,66.68,66.83,30210.348
2026-06-12 03:30:00,66.83,67.05,66.81,67.04,40295.315
2026-06-12 04:00:00,67.04,67.17,66.85,67.12,37278.12
2026-06-12 04:30:00,67.12,67.24,67.03,67.07,32202.707
2026-06-12 05:00:00,67.07,67.08,66.74,66.78,23248.591
2026-06-12 05:30:00,66.78,66.87,66.63,66.74,37187.407
2026-06-12 06:00:00,66.75,66.82,66.41,66.47,39283.905
2026-06-12 06:30:00,66.46,66.46,65.95,66.11,90021.032
2026-06-12 07:00:00,66.12,66.36,66.12,66.28,30912.703
2026-06-12 07:30:00,66.28,66.49,66.17,66.32,48947.962
2026-06-12 08:00:00,66.32,67.05,66.31,66.95,47134.996
2026-06-12 08:30:00,66.95,67.02,66.77,66.92,37919.01
2026-06-12 09:00:00,66.92,67.27,66.85,67.23,74623.135
2026-06-12 09:30:00,67.22,67.49,67.17,67.17,117525.546
2026-06-12 10:00:00,67.18,67.35,66.59,66.7,56724.278
2026-06-12 10:30:00,66.7,66.92,66.69,66.79,28337.604
2026-06-12 11:00:00,66.79,67.06,66.78,66.98,28772.817
2026-06-12 11:30:00,66.97,67.1,66.8,66.93,34883.623
2026-06-12 12:00:00,66.92,67.0,66.75,66.76,43253.765
2026-06-12 12:30:00,66.76,66.97,66.63,66.77,61447.317
2026-06-12 13:00:00,66.77,66.99,66.7,66.84,26401.804
2026-06-12 13:30:00,66.85,67.01,66.37,66.72,153562.111
2026-06-12 14:00:00,66.73,67.24,66.65,67.19,102939.917
2026-06-12 14:30:00,67.18,67.99,67.07,67.94,128164.13
2026-06-12 15:00:00,67.93,68.82,67.67,68.2,398687.36
2026-06-12 15:30:00,68.2,68.27,67.18,67.25,169190.238
2026-06-12 16:00:00,67.26,67.85,67.09,67.64,101225.391
2026-06-12 16:30:00,67.64,68.01,67.54,68.01,56942.64
2026-06-12 17:00:00,68.02,68.22,67.35,67.56,74000.149
2026-06-12 17:30:00,67.56,67.7,67.27,67.4,42277.689
2026-06-12 18:00:00,67.4,67.48,67.01,67.25,53777.802
2026-06-12 18:30:00,67.25,67.48,67.06,67.07,34962.006
2026-06-12 19:00:00,67.07,67.3,67.04,67.21,27552.14
2026-06-12 19:30:00,67.21,67.42,66.68,66.78,77012.471
2026-06-12 20:00:00,66.79,66.81,66.42,66.73,92896.449
2026-06-12 20:30:00,66.74,66.83,66.55,66.68,34474.366
2026-06-12 21:00:00,66.69,66.95,66.62,66.79,17674.211
2026-06-12 21:30:00,66.79,66.82,66.47,66.57,23883.07
2026-06-12 22:00:00,66.57,66.76,66.43,66.7,20864.935
2026-06-12 22:30:00,66.7,66.72,66.49,66.63,16405.548
2026-06-12 23:00:00,66.64,66.67,66.48,66.63,9295.874
2026-06-12 23:30:00,66.64,66.83,66.55,66.82,14466.354
2026-06-13 00:00:00,66.83,67.03,66.78,66.9,13922.234
2026-06-13 00:30:00,66.9,67.08,66.87,66.99,23541.204
2026-06-13 01:00:00,67.0,67.21,66.98,67.2,19503.445
2026-06-13 01:30:00,67.21,67.51,67.15,67.45,26509.925
2026-06-13 02:00:00,67.44,67.51,67.11,67.14,33748.445
2026-06-13 02:30:00,67.14,67.17,66.87,66.97,17327.316
2026-06-13 03:00:00,66.97,67.05,66.7,66.8,30932.561
2026-06-13 03:30:00,66.8,66.96,66.77,66.88,13231.071
2026-06-13 04:00:00,66.87,66.92,66.7,66.76,30476.466
2026-06-13 04:30:00,66.76,66.96,66.64,66.67,15984.719
2026-06-13 05:00:00,66.67,66.88,66.63,66.7,29620.154
2026-06-13 05:30:00,66.7,66.84,66.59,66.79,21246.146
2026-06-13 06:00:00,66.79,66.86,66.67,66.86,11256.203
2026-06-13 06:30:00,66.87,67.22,66.81,67.16,37953.781
2026-06-13 07:00:00,67.16,67.34,66.96,67.27,47615.763
2026-06-13 07:30:00,67.26,67.47,67.15,67.37,34987.297
2026-06-13 08:00:00,67.38,67.46,67.26,67.36,60852.113
2026-06-13 08:30:00,67.36,67.57,67.32,67.33,25752.49
2026-06-13 09:00:00,67.32,67.54,67.32,67.41,40871.474
2026-06-13 09:30:00,67.41,67.45,67.29,67.37,23295.882
2026-06-13 10:00:00,67.37,67.48,67.35,67.41,12799.293
2026-06-13 10:30:00,67.42,67.61,67.34,67.44,24223.057
2026-06-13 11:00:00,67.44,67.96,67.38,67.94,30279.016
2026-06-13 11:30:00,67.93,67.93,67.78,67.9,11650.434
2026-06-13 12:00:00,67.91,67.93,67.79,67.81,32098.511
2026-06-13 12:30:00,67.81,68.06,67.77,67.99,59366.211
2026-06-13 13:00:00,67.98,68.06,67.83,68.0,29342.152
2026-06-13 13:30:00,68.0,68.45,67.87,68.02,89220.772
2026-06-13 14:00:00,68.02,68.43,67.99,68.18,43356.528
2026-06-13 14:30:00,68.18,68.33,68.11,68.29,23069.133
2026-06-13 15:00:00,68.29,68.63,68.18,68.55,39523.365
2026-06-13 15:30:00,68.55,68.71,68.37,68.6,44359.388
2026-06-13 16:00:00,68.6,68.63,67.88,68.03,68587.248
2026-06-13 16:30:00,68.03,68.29,67.83,68.1,35681.838
2026-06-13 17:00:00,68.09,68.21,67.89,68.21,25858.251
2026-06-13 17:30:00,68.21,68.28,67.84,68.0,24266.87
2026-06-13 18:00:00,68.0,68.32,67.97,68.26,16037.406
2026-06-13 18:30:00,68.26,68.38,68.02,68.13,14771.639
2026-06-13 19:00:00,68.13,68.19,68.03,68.08,10124.955
2026-06-13 19:30:00,68.09,68.4,68.03,68.23,16816.113
2026-06-13 20:00:00,68.24,68.29,68.05,68.17,14437.752
2026-06-13 20:30:00,68.17,68.29,68.11,68.28,7005.887
2026-06-13 21:00:00,68.28,68.43,68.23,68.38,20403.038
2026-06-13 21:30:00,68.37,69.59,68.37,69.27,141731.255
2026-06-13 22:00:00,69.27,69.28,68.88,69.13,37947.664
2026-06-13 22:30:00,69.13,69.23,68.88,68.91,44179.644
2026-06-13 23:00:00,68.9,69.18,68.86,68.95,26185.794
2026-06-13 23:30:00,68.95,69.07,68.79,68.94,23062.597
2026-06-14 00:00:00,68.94,68.94,68.69,68.71,24175.223
2026-06-14 00:30:00,68.71,68.89,68.65,68.75,30518.115
2026-06-14 01:00:00,68.75,69.1,68.64,69.0,33199.739
2026-06-14 01:30:00,68.99,69.01,68.79,68.82,18848.021
2026-06-14 02:00:00,68.82,69.11,68.72,68.95,35860.285
2026-06-14 02:30:00,68.96,69.02,68.79,68.83,17417.639
2026-06-14 03:00:00,68.83,69.01,68.77,68.96,15844.052
2026-06-14 03:30:00,68.96,69.04,68.76,68.94,19174.413
2026-06-14 04:00:00,68.95,69.01,68.78,68.86,15268.719
2026-06-14 04:30:00,68.86,68.87,68.44,68.52,55368.665
2026-06-14 05:00:00,68.53,68.6,68.09,68.22,76095.907
2026-06-14 05:30:00,68.22,68.37,67.88,68.24,117361.121
2026-06-14 06:00:00,68.25,68.5,68.25,68.39,22788.601
2026-06-14 06:30:00,68.39,68.4,68.1,68.19,30753.523
2026-06-14 07:00:00,68.2,68.25,68.05,68.2,18247.904
2026-06-14 07:30:00,68.21,68.24,68.04,68.23,25561.159
2026-06-14 08:00:00,68.23,68.37,68.11,68.32,15300.868
2026-06-14 08:30:00,68.32,68.34,68.18,68.25,19406.396
2026-06-14 09:00:00,68.25,68.27,67.92,68.15,34870.116
2026-06-14 09:30:00,68.15,68.5,68.12,68.47,19078.487
2026-06-14 10:00:00,68.48,68.52,68.3,68.41,13231.049
2026-06-14 10:30:00,68.4,68.51,68.15,68.16,24881.934
2026-06-14 11:00:00,68.16,68.24,68.02,68.21,13590.252
2026-06-14 11:30:00,68.21,68.35,68.1,68.11,17152.328
2026-06-14 12:00:00,68.11,68.17,68.0,68.01,18088.675
2026-06-14 12:30:00,68.01,68.04,67.7,67.78,30195.985
2026-06-14 13:00:00,67.78,67.87,67.6,67.64,35306.486
2026-06-14 13:30:00,67.63,67.83,67.51,67.77,37175.281
2026-06-14 14:00:00,67.77,67.83,67.6,67.61,25024.516
2026-06-14 14:30:00,67.61,67.61,66.94,67.27,88199.2
2026-06-14 15:00:00,67.27,67.5,67.26,67.43,31169.388
2026-06-14 15:30:00,67.42,67.55,67.35,67.43,16702.139
2026-06-14 16:00:00,67.43,67.76,67.41,67.69,18123.11
2026-06-14 16:30:00,67.68,67.73,67.46,67.49,16231.11
2026-06-14 17:00:00,67.48,67.74,67.45,67.59,11654.925
2026-06-14 17:30:00,67.59,67.67,67.3,67.34,18457.85
2026-06-14 18:00:00,67.34,67.5,67.19,67.28,11563.067
2026-06-14 18:30:00,67.29,67.45,67.26,67.43,8190.837
2026-06-14 19:00:00,67.43,67.7,67.35,67.66,10695.957
2026-06-14 19:30:00,67.65,67.75,67.53,67.57,14153.393
2026-06-14 20:00:00,67.57,67.77,67.44,67.74,18110.709
2026-06-14 20:30:00,67.74,68.07,67.73,67.81,14349.96
2026-06-14 21:00:00,67.8,69.49,67.8,69.27,126199.66
2026-06-14 21:30:00,69.27,70.55,69.27,70.16,190362.944
2026-06-14 22:00:00,70.16,70.52,69.68,70.18,123896.335
2026-06-14 22:30:00,70.17,70.73,70.13,70.45,77840.462
2026-06-14 23:00:00,70.45,70.89,70.15,70.79,65013.04
2026-06-14 23:30:00,70.79,71.29,70.56,71.28,131122.386
2026-06-15 00:00:00,71.29,71.73,71.14,71.6,118596.659
2026-06-15 00:30:00,71.6,71.6,70.94,71.12,81784.891
2026-06-15 01:00:00,71.13,71.14,70.66,70.8,46147.553
2026-06-15 01:30:00,70.8,71.35,70.74,71.01,44642.951
2026-06-15 02:00:00,71.0,71.59,70.92,71.28,48978.479
2026-06-15 02:30:00,71.27,71.32,70.9,70.99,25612.266
2026-06-15 03:00:00,70.98,71.25,70.91,71.2,34051.536
2026-06-15 03:30:00,71.21,71.37,71.07,71.24,32356.252
2026-06-15 04:00:00,71.24,71.27,71.07,71.09,22125.77
2026-06-15 04:30:00,71.09,71.14,70.88,70.93,22948.904
2026-06-15 05:00:00,70.92,71.23,70.81,71.21,21448.747
2026-06-15 05:30:00,71.22,71.31,70.9,71.22,26354.04
2026-06-15 06:00:00,71.22,71.45,71.11,71.41,33852.602
2026-06-15 06:30:00,71.4,71.5,71.2,71.36,19739.738
2026-06-15 07:00:00,71.36,71.5,71.12,71.41,51245.681
2026-06-15 07:30:00,71.42,71.42,71.14,71.28,37664.263
2026-06-15 08:00:00,71.28,71.62,71.17,71.38,54224.363
2026-06-15 08:30:00,71.38,71.55,71.26,71.3,32365.027
2026-06-15 09:00:00,71.3,71.48,71.2,71.21,40957.118
2026-06-15 09:30:00,71.2,71.23,70.8,71.23,48554.746
2026-06-15 10:00:00,71.23,71.5,71.19,71.42,44509.823
2026-06-15 10:30:00,71.42,72.12,71.4,71.88,103373.873
2026-06-15 11:00:00,71.88,72.82,71.65,72.68,135981.201
2026-06-15 11:30:00,72.68,72.78,72.39,72.61,71514.054
2026-06-15 12:00:00,72.61,72.7,72.31,72.57,50979.077
2026-06-15 12:30:00,72.56,73.0,72.42,72.86,80814.978
2026-06-15 13:00:00,72.85,74.23,72.72,73.93,204209.031
2026-06-15 13:30:00,73.93,74.18,73.44,73.64,109504.46
2026-06-15 14:00:00,73.63,73.85,73.2,73.84,89999.97
2026-06-15 14:30:00,73.85,73.98,73.61,73.82,69755.173
2026-06-15 15:00:00,73.81,74.22,73.79,74.07,69726.134
2026-06-15 15:30:00,74.06,75.26,73.84,75.25,163119.614
2026-06-15 16:00:00,75.25,75.96,74.97,75.77,149501.435
2026-06-15 16:30:00,75.77,76.09,75.46,75.48,102266.679
2026-06-15 17:00:00,75.47,75.48,74.81,74.96,156992.796
2026-06-15 17:30:00,74.97,75.36,74.65,75.28,82075.432
2026-06-15 18:00:00,75.28,75.53,75.1,75.41,50215.699
2026-06-15 18:30:00,75.41,75.69,75.24,75.3,42879.979
2026-06-15 19:00:00,75.3,75.81,74.58,74.93,67113.845
2026-06-15 19:30:00,74.93,75.55,74.9,75.28,41288.392
2026-06-15 20:00:00,75.27,75.46,74.94,75.05,27432.08
2026-06-15 20:30:00,75.05,75.21,74.77,74.95,39851.475
2026-06-15 21:00:00,74.95,75.03,74.45,74.46,46084.007
2026-06-15 21:30:00,74.46,74.65,74.4,74.45,32401.979
2026-06-15 22:00:00,74.46,74.61,73.72,73.81,89469.674
2026-06-15 22:30:00,73.8,74.14,73.62,73.78,62675.45
2026-06-15 23:00:00,73.77,73.99,73.66,73.89,41607.117
2026-06-15 23:30:00,73.88,74.07,73.62,73.98,33782.455
2026-06-16 00:00:00,73.99,74.19,73.86,73.9,33233.93
2026-06-16 00:30:00,73.91,74.42,73.85,74.04,35990.99
2026-06-16 01:00:00,74.05,74.35,74.01,74.21,30843.998
2026-06-16 01:30:00,74.22,74.27,73.85,73.88,34862.466
2026-06-16 02:00:00,73.89,73.89,72.82,72.82,83121.618
2026-06-16 02:30:00,72.82,73.18,72.77,73.01,48748.249
2026-06-16 03:00:00,73.02,73.51,72.87,73.49,40521.567
2026-06-16 03:30:00,73.49,73.81,73.43,73.74,40048.408
2026-06-16 04:00:00,73.75,73.94,73.47,73.48,25515.913
2026-06-16 04:30:00,73.47,73.47,73.19,73.36,29386.86
2026-06-16 05:00:00,73.37,73.8,73.36,73.72,30885.927
2026-06-16 05:30:00,73.72,73.84,73.6,73.67,22064.947
2026-06-16 06:00:00,73.67,74.02,73.67,73.98,28896.612
2026-06-16 06:30:00,73.99,74.32,73.95,74.19,48721.629
2026-06-16 07:00:00,74.19,74.49,74.13,74.32,56062.886
2026-06-16 07:30:00,74.32,74.54,74.27,74.46,28794.324
2026-06-16 08:00:00,74.45,75.06,74.35,74.77,58451.382
2026-06-16 08:30:00,74.78,75.65,74.75,75.4,70136.686
2026-06-16 09:00:00,75.39,75.46,74.81,74.94,50077.886
2026-06-16 09:30:00,74.95,75.2,74.83,74.85,29831.314
2026-06-16 10:00:00,74.85,75.11,74.77,75.05,31224.17
2026-06-16 10:30:00,75.04,75.12,74.69,74.7,27390.011
2026-06-16 11:00:00,74.7,74.9,74.46,74.55,43974.57
2026-06-16 11:30:00,74.56,74.67,74.38,74.66,35797.954
2026-06-16 12:00:00,74.67,75.12,74.49,75.02,68198.104
2026-06-16 12:30:00,75.03,75.53,74.72,74.94,67160.878
2026-06-16 13:00:00,74.94,74.97,73.95,74.06,87096.199
2026-06-16 13:30:00,74.05,74.38,73.87,73.99,95598.411
2026-06-16 14:00:00,73.99,74.3,72.77,72.77,114362.476
2026-06-16 14:30:00,72.78,73.09,72.29,72.98,136596.911
2026-06-16 15:00:00,72.97,73.47,72.87,73.21,61163.061
2026-06-16 15:30:00,73.21,73.65,73.02,73.29,53233.852
2026-06-16 16:00:00,73.29,73.48,73.2,73.39,34948.192
2026-06-16 16:30:00,73.39,73.39,73.01,73.1,42689.373
2026-06-16 17:00:00,73.11,73.44,73.06,73.27,32148.984
2026-06-16 17:30:00,73.27,73.84,73.14,73.67,53517.188
2026-06-16 18:00:00,73.68,74.34,73.58,73.72,61749.381
2026-06-16 18:30:00,73.73,74.2,73.71,74.0,50247.099
2026-06-16 19:00:00,74.0,74.04,73.48,74.0,45730.096
2026-06-16 19:30:00,74.0,74.23,73.73,73.84,38809.468
2026-06-16 20:00:00,73.85,74.2,73.67,73.88,26403.345
2026-06-16 20:30:00,73.88,74.26,73.87,74.14,33231.974
2026-06-16 21:00:00,74.14,74.22,73.79,73.8,25967.944
2026-06-16 21:30:00,73.8,73.98,73.73,73.94,25333.954
2026-06-16 22:00:00,73.94,74.1,73.69,73.87,22180.295
2026-06-16 22:30:00,73.86,73.92,73.62,73.84,15599.155
2026-06-16 23:00:00,73.85,73.97,73.57,73.75,10962.325
2026-06-16 23:30:00,73.76,73.81,73.42,73.52,18392.633
2026-06-17 00:00:00,73.53,73.78,73.45,73.51,23137.599
2026-06-17 00:30:00,73.52,73.66,73.32,73.37,23860.12
2026-06-17 01:00:00,73.37,73.66,73.17,73.42,27921.741
2026-06-17 01:30:00,73.43,74.0,73.29,73.93,32733.387
2026-06-17 02:00:00,73.94,74.47,73.8,74.39,51689.73
2026-06-17 02:30:00,74.4,74.4,73.69,74.05,45124.29
2026-06-17 03:00:00,74.05,74.06,73.58,73.69,32034.548
2026-06-17 03:30:00,73.69,73.93,73.52,73.68,24226.528
2026-06-17 04:00:00,73.68,73.88,73.6,73.75,25668.472
2026-06-17 04:30:00,73.74,74.11,73.69,73.83,20776.237
2026-06-17 05:00:00,73.84,74.01,73.44,73.72,29972.131
2026-06-17 05:30:00,73.73,73.92,73.54,73.65,21748.629
2026-06-17 06:00:00,73.65,73.83,73.34,73.36,16568.514
2026-06-17 06:30:00,73.35,73.57,73.19,73.41,43090.755
2026-06-17 07:00:00,73.41,73.61,73.17,73.2,39038.499
2026-06-17 07:30:00,73.19,73.4,72.99,73.26,48218.85
2026-06-17 08:00:00,73.27,73.3,72.72,72.81,48308.106
2026-06-17 08:30:00,72.8,72.8,72.16,72.34,86918.415
2026-06-17 09:00:00,72.34,72.59,72.31,72.52,36405.246
2026-06-17 09:30:00,72.52,72.67,72.35,72.54,27100.976
2026-06-17 10:00:00,72.54,72.69,72.38,72.45,26321.72
2026-06-17 10:30:00,72.45,72.52,72.12,72.15,22620.124
2026-06-17 11:00:00,72.15,72.24,71.71,72.01,63199.878
2026-06-17 11:30:00,72.02,72.23,71.94,72.04,21687.037
2026-06-17 12:00:00,72.04,72.3,71.68,71.75,50810.312
2026-06-17 12:30:00,71.75,72.36,71.59,72.33,32802.187
2026-06-17 13:00:00,72.33,72.52,72.17,72.35,40224.701
2026-06-17 13:30:00,72.34,72.77,72.16,72.43,58582.668
2026-06-17 14:00:00,72.42,72.67,72.1,72.46,37389.847
2026-06-17 14:30:00,72.47,72.61,71.82,72.39,80468.039
2026-06-17 15:00:00,72.39,73.12,72.36,73.03,64519.678
2026-06-17 15:30:00,73.04,73.87,72.92,73.81,69219.204
2026-06-17 16:00:00,73.8,74.69,73.71,74.45,93253.676
2026-06-17 16:30:00,74.46,74.5,73.71,73.76,60395.361
2026-06-17 17:00:00,73.77,73.91,73.47,73.83,36541.319
2026-06-17 17:30:00,73.83,74.35,73.47,74.22,45240.668
2026-06-17 18:00:00,74.21,74.21,72.19,73.19,172176.129
2026-06-17 18:30:00,73.19,74.38,72.99,73.5,183574.194
2026-06-17 19:00:00,73.49,73.71,71.86,72.03,134456.399
2026-06-17 19:30:00,72.03,72.56,71.43,71.66,157645.422
2026-06-17 20:00:00,71.66,72.04,71.55,71.91,48940.657
2026-06-17 20:30:00,71.92,72.25,71.7,72.2,53700.242
2026-06-17 21:00:00,72.19,72.23,71.9,71.91,23795.149
2026-06-17 21:30:00,71.9,72.04,71.38,71.62,38787.375
2026-06-17 22:00:00,71.61,71.85,70.83,71.85,60795.816
2026-06-17 22:30:00,71.84,71.95,71.7,71.7,18165.128
2026-06-17 23:00:00,71.71,72.13,71.69,72.03,18450.631
2026-06-17 23:30:00,72.03,72.09,71.89,72.05,24933.057
2026-06-18 00:00:00,72.05,72.37,72.03,72.32,23538.069
2026-06-18 00:30:00,72.32,72.5,72.17,72.22,25009.438
2026-06-18 01:00:00,72.22,72.64,72.19,72.42,20373.365
2026-06-18 01:30:00,72.42,72.56,72.09,72.21,17583.226
2026-06-18 02:00:00,72.22,72.68,72.13,72.6,31138.218
2026-06-18 02:30:00,72.6,72.67,72.48,72.54,27119.282
2026-06-18 03:00:00,72.53,72.55,71.8,71.8,22174.187
2026-06-18 03:30:00,71.8,71.92,71.54,71.65,37952.067
2026-06-18 04:00:00,71.66,71.73,71.01,71.21,48624.267
2026-06-18 04:30:00,71.22,71.26,70.91,71.06,33247.462
2026-06-18 05:00:00,71.05,71.08,70.64,70.91,55016.482
2026-06-18 05:30:00,70.92,71.14,70.79,71.14,20674.352
2026-06-18 06:00:00,71.13,71.31,70.99,71.2,18057.667
2026-06-18 06:30:00,71.19,71.41,71.14,71.34,24394.867
2026-06-18 07:00:00,71.35,71.79,71.16,71.72,23130.195
2026-06-18 07:30:00,71.72,71.85,71.56,71.78,30690.794
2026-06-18 08:00:00,71.77,71.97,71.64,71.94,30029.125
2026-06-18 08:30:00,71.94,72.08,71.84,71.85,29055.003
2026-06-18 09:00:00,71.86,72.16,71.78,71.84,20748.161
2026-06-18 09:30:00,71.83,72.06,71.75,71.85,16906.657
2026-06-18 10:00:00,71.85,71.85,71.08,71.22,49786.781
2026-06-18 10:30:00,71.22,71.51,71.08,71.39,54223.328
2026-06-18 11:00:00,71.39,71.56,70.83,71.16,39396.829
2026-06-18 11:30:00,71.17,71.25,70.72,70.94,40439.183
2026-06-18 12:00:00,70.94,71.37,70.87,71.35,24285.076
2026-06-18 12:30:00,71.36,71.62,71.23,71.57,31696.17
2026-06-18 13:00:00,71.57,71.8,71.46,71.69,32955.698
2026-06-18 13:30:00,71.68,71.7,70.73,71.05,60625.771
2026-06-18 14:00:00,71.06,71.72,70.73,71.05,68041.321
2026-06-18 14:30:00,71.04,71.44,70.7,71.08,56343.62
2026-06-18 15:00:00,71.08,71.1,69.8,69.92,168647.286
2026-06-18 15:30:00,69.92,70.06,68.35,68.44,330137.322
2026-06-18 16:00:00,68.43,68.98,68.38,68.71,134313.91
2026-06-18 16:30:00,68.7,69.13,68.5,69.06,46987.619
2026-06-18 17:00:00,69.07,69.11,68.61,68.97,57386.497
2026-06-18 17:30:00,68.98,69.15,68.5,68.64,45583.065
2026-06-18 18:00:00,68.64,68.99,68.23,68.81,107382.652
2026-06-18 18:30:00,68.82,68.85,68.51,68.66,40458.274
2026-06-18 19:00:00,68.66,68.95,68.57,68.85,30581.265
2026-06-18 19:30:00,68.84,69.53,68.8,69.37,59058.292
2026-06-18 20:00:00,69.38,69.96,69.38,69.82,52105.782
2026-06-18 20:30:00,69.81,69.94,69.71,69.82,23459.95
2026-06-18 21:00:00,69.81,69.9,69.41,69.66,35098.52
2026-06-18 21:30:00,69.67,69.72,69.41,69.57,25265.08
2026-06-18 22:00:00,69.56,69.69,69.41,69.46,37217.72
2026-06-18 22:30:00,69.46,69.64,69.26,69.52,16710.063
2026-06-18 23:00:00,69.51,69.58,69.27,69.56,11539.103
2026-06-18 23:30:00,69.57,69.79,69.54,69.71,28523.268
2026-06-19 00:00:00,69.72,69.8,69.53,69.79,31039.115
2026-06-19 00:30:00,69.8,69.9,69.71,69.81,25023.826
2026-06-19 01:00:00,69.8,70.03,69.65,69.68,29247.811
2026-06-19 01:30:00,69.69,69.98,69.54,69.94,19432.333
2026-06-19 02:00:00,69.94,70.09,69.51,69.52,27852.326
2026-06-19 02:30:00,69.52,69.72,69.41,69.66,18610.565
2026-06-19 03:00:00,69.65,69.74,68.64,69.36,98053.013
2026-06-19 03:30:00,69.35,69.35,68.86,69.05,66028.681
2026-06-19 04:00:00,69.06,69.27,68.7,68.78,58871.517
2026-06-19 04:30:00,68.79,68.81,68.1,68.33,75062.351
2026-06-19 05:00:00,68.33,68.74,68.32,68.54,35513.852
2026-06-19 05:30:00,68.54,68.75,68.33,68.7,60591.426
2026-06-19 06:00:00,68.69,68.84,68.57,68.73,74691.235
2026-06-19 06:30:00,68.72,68.83,68.46,68.75,38155.65
2026-06-19 07:00:00,68.75,68.77,68.38,68.47,24768.369
2026-06-19 07:30:00,68.47,68.62,67.98,68.38,69754.476
2026-06-19 08:00:00,68.37,68.67,68.23,68.57,34996.451
2026-06-19 08:30:00,68.58,68.75,68.51,68.68,41372.468
2026-06-19 09:00:00,68.69,68.76,68.22,68.33,39299.045
2026-06-19 09:30:00,68.32,68.53,68.31,68.33,27979.434
2026-06-19 10:00:00,68.32,68.46,68.06,68.35,55496.466
2026-06-19 10:30:00,68.34,68.43,68.05,68.3,26744.936
2026-06-19 11:00:00,68.31,68.47,68.09,68.34,28299.633
2026-06-19 11:30:00,68.35,68.44,68.21,68.25,33562.581
2026-06-19 12:00:00,68.25,68.41,68.14,68.26,20250.691
2026-06-19 12:30:00,68.25,68.71,67.92,68.62,79725.539
2026-06-19 13:00:00,68.62,68.79,68.4,68.56,43902.864
2026-06-19 13:30:00,68.55,69.58,68.49,69.28,106029.538
2026-06-19 14:00:00,69.28,69.42,68.83,69.29,64653.779
2026-06-19 14:30:00,69.29,69.48,69.1,69.15,32174.613
2026-06-19 15:00:00,69.14,69.24,68.93,69.02,31947.505
2026-06-19 15:30:00,69.03,69.54,69.03,69.33,34287.246
2026-06-19 16:00:00,69.34,69.57,69.24,69.41,42461.366
2026-06-19 16:30:00,69.41,69.45,68.69,68.71,40038.729
2026-06-19 17:00:00,68.72,69.26,68.63,68.97,33175.106
2026-06-19 17:30:00,68.97,69.52,68.97,69.31,32380.493
2026-06-19 18:00:00,69.32,69.37,69.06,69.07,14464.488
2026-06-19 18:30:00,69.06,69.15,68.8,69.06,23588.17
2026-06-19 19:00:00,69.05,69.16,68.8,68.91,22355.577
2026-06-19 19:30:00,68.91,69.13,68.78,68.97,22562.654
2026-06-19 20:00:00,68.97,69.09,68.72,68.95,13077.081
2026-06-19 20:30:00,68.94,69.31,68.83,69.25,18377.13
2026-06-19 21:00:00,69.25,69.31,69.03,69.14,14699.961
2026-06-19 21:30:00,69.14,69.2,68.91,69.02,19882.728
2026-06-19 22:00:00,69.01,69.4,69.0,69.32,18163.099
2026-06-19 22:30:00,69.32,69.44,69.26,69.42,43210.163
2026-06-19 23:00:00,69.43,69.46,69.24,69.45,15120.888
2026-06-19 23:30:00,69.45,69.87,69.4,69.74,57593.9
2026-06-20 00:00:00,69.73,69.95,69.61,69.9,46276.24
2026-06-20 00:30:00,69.89,70.12,69.61,69.63,43416.217
2026-06-20 01:00:00,69.62,69.73,69.54,69.63,12972.759
2026-06-20 01:30:00,69.62,69.95,69.62,69.8,19336.943
2026-06-20 02:00:00,69.8,69.86,69.48,69.52,22516.702
2026-06-20 02:30:00,69.52,69.73,69.52,69.65,14016.361
2026-06-20 03:00:00,69.66,70.03,69.62,69.97,28425.813
2026-06-20 03:30:00,69.97,70.11,69.89,70.0,24997.997
2026-06-20 04:00:00,70.0,70.43,69.89,70.43,37406.727
2026-06-20 04:30:00,70.42,71.09,70.35,70.86,66136.231
2026-06-20 05:00:00,70.87,72.46,70.72,71.46,132614.258
2026-06-20 05:30:00,71.47,71.87,71.47,71.8,41069.637
2026-06-20 06:00:00,71.8,72.39,71.71,72.07,52463.961
2026-06-20 06:30:00,72.07,72.3,71.99,72.12,51516.856
2026-06-20 07:00:00,72.12,72.15,71.57,71.92,41811.015
2026-06-20 07:30:00,71.93,71.97,71.45,71.6,34121.203
2026-06-20 08:00:00,71.6,71.65,71.35,71.53,34153.559
2026-06-20 08:30:00,71.54,71.54,71.27,71.34,30532.952
2026-06-20 09:00:00,71.34,71.49,71.21,71.38,23442.682
2026-06-20 09:30:00,71.38,71.63,71.36,71.57,31755.193
2026-06-20 10:00:00,71.57,71.65,71.42,71.61,17220.356
2026-06-20 10:30:00,71.61,71.72,71.41,71.69,20872.165
2026-06-20 11:00:00,71.69,71.76,71.45,71.61,20492.162
2026-06-20 11:30:00,71.61,72.1,71.58,71.78,35998.286
2026-06-20 12:00:00,71.78,71.94,71.72,71.8,29511.635
2026-06-20 12:30:00,71.79,71.8,71.38,71.56,36974.752
2026-06-20 13:00:00,71.55,71.58,70.75,70.89,51074.302
2026-06-20 13:30:00,70.88,71.31,70.87,71.19,34387.859
2026-06-20 14:00:00,71.19,71.2,70.47,70.79,41129.373
2026-06-20 14:30:00,70.78,72.18,70.72,71.93,124897.186
2026-06-20 15:00:00,71.94,72.62,71.49,72.17,284873.969
2026-06-20 15:30:00,72.17,72.27,71.75,72.02,60208.33
2026-06-20 16:00:00,72.03,72.05,71.46,71.47,94957.672
2026-06-20 16:30:00,71.48,71.67,71.32,71.67,33074.103
2026-06-20 17:00:00,71.67,71.68,71.31,71.55,19993.481
2026-06-20 17:30:00,71.55,71.67,71.09,71.55,32941.264
2026-06-20 18:00:00,71.56,71.89,71.53,71.88,36750.513
2026-06-20 18:30:00,71.88,71.99,71.7,71.75,32874.081
2026-06-20 19:00:00,71.75,71.85,71.6,71.66,37882.097
2026-06-20 19:30:00,71.67,71.92,71.64,71.86,16043.893
2026-06-20 20:00:00,71.86,71.99,71.82,71.84,19711.362
2026-06-20 20:30:00,71.85,72.07,71.7,72.01,26448.506
2026-06-20 21:00:00,72.02,72.4,71.96,72.15,24462.925
2026-06-20 21:30:00,72.16,72.45,72.12,72.41,24547.761
2026-06-20 22:00:00,72.41,73.98,72.36,73.96,131029.543
2026-06-20 22:30:00,73.96,74.3,73.53,73.56,124341.937
2026-06-20 23:00:00,73.56,73.65,73.29,73.34,42499.643
2026-06-20 23:30:00,73.33,73.47,73.21,73.22,23432.165
2026-06-21 00:00:00,73.22,73.28,73.02,73.04,29297.902
2026-06-21 00:30:00,73.04,73.23,73.02,73.2,21485.911
2026-06-21 01:00:00,73.2,73.32,72.9,72.97,35758.547
2026-06-21 01:30:00,72.96,73.26,72.88,73.19,19946.591
2026-06-21 02:00:00,73.19,73.26,73.08,73.18,14638.278
2026-06-21 02:30:00,73.18,73.39,73.12,73.34,17315.472
2026-06-21 03:00:00,73.34,73.86,73.13,73.53,96708.715
2026-06-21 03:30:00,73.54,73.78,73.43,73.63,17094.654
2026-06-21 04:00:00,73.63,73.84,73.46,73.78,21861.683
2026-06-21 04:30:00,73.78,73.82,73.39,73.44,23194.193
2026-06-21 05:00:00,73.44,73.52,73.03,73.21,26803.579
2026-06-21 05:30:00,73.21,73.27,73.01,73.09,19114.719
2026-06-21 06:00:00,73.09,73.29,73.04,73.23,25986.865
2026-06-21 06:30:00,73.24,73.36,73.13,73.24,15488.433
2026-06-21 07:00:00,73.25,73.45,73.2,73.29,16386.544
2026-06-21 07:30:00,73.28,73.44,73.07,73.21,150590.232
2026-06-21 08:00:00,73.21,73.25,72.96,73.01,32922.073
2026-06-21 08:30:00,73.01,73.16,72.75,73.15,64440.394
2026-06-21 09:00:00,73.16,73.7,73.08,73.58,48941.09
2026-06-21 09:30:00,73.59,74.1,73.59,74.05,74534.616
2026-06-21 10:00:00,74.04,74.4,73.87,74.17,63667.674
2026-06-21 10:30:00,74.17,74.28,73.87,73.9,42357.368
2026-06-21 11:00:00,73.91,74.04,73.36,73.57,38905.436
2026-06-21 11:30:00,73.57,73.59,73.07,73.21,36503.573
2026-06-21 12:00:00,73.21,73.29,72.93,73.07,91400.404
2026-06-21 12:30:00,73.06,73.69,73.01,73.65,44047.787
2026-06-21 13:00:00,73.65,73.93,73.56,73.76,71094.206
2026-06-21 13:30:00,73.76,73.92,73.47,73.91,45518.472
2026-06-21 14:00:00,73.92,73.99,73.63,73.81,43208.219
2026-06-21 14:30:00,73.81,74.15,73.77,74.11,71268.538
2026-06-21 15:00:00,74.11,74.26,73.91,74.16,37699.748
2026-06-21 15:30:00,74.16,74.29,74.01,74.14,28606.399
2026-06-21 16:00:00,74.14,74.14,73.85,74.02,32818.495
2026-06-21 16:30:00,74.02,74.68,73.8,74.34,58304.544
2026-06-21 17:00:00,74.34,74.64,74.19,74.49,44738.103
2026-06-21 17:30:00,74.49,74.52,74.04,74.24,50327.739
2026-06-21 18:00:00,74.25,74.26,73.86,74.13,42048.968
2026-06-21 18:30:00,74.13,74.44,74.04,74.22,56528.421
2026-06-21 19:00:00,74.21,74.47,74.11,74.27,25965.507
2026-06-21 19:30:00,74.27,74.46,74.21,74.42,11268.835
2026-06-21 20:00:00,74.42,74.55,73.98,74.11,21430.926
2026-06-21 20:30:00,74.11,74.14,73.34,73.42,59058.104
2026-06-21 21:00:00,73.43,73.47,72.42,72.77,109803.066
2026-06-21 21:30:00,72.78,73.37,72.76,73.15,41196.045
2026-06-21 22:00:00,73.14,73.26,72.9,72.99,47534.378
2026-06-21 22:30:00,72.99,73.24,72.63,73.06,26289.478
2026-06-21 23:00:00,73.05,73.1,72.71,72.89,35681.448
2026-06-21 23:30:00,72.89,72.97,72.31,72.46,72903.246
2026-06-22 00:00:00,72.47,73.16,72.46,73.0,43773.087
2026-06-22 00:30:00,73.0,73.59,72.94,73.36,59937.554
2026-06-22 01:00:00,73.37,74.99,73.27,74.61,117572.769
2026-06-22 01:30:00,74.61,74.76,74.11,74.37,74336.244
2026-06-22 02:00:00,74.37,74.46,73.99,74.25,47497.075
2026-06-22 02:30:00,74.24,74.29,73.77,73.83,34602.091
2026-06-22 03:00:00,73.84,74.04,73.29,73.81,44402.593
2026-06-22 03:30:00,73.81,74.06,73.38,73.52,50872.227
2026-06-22 04:00:00,73.53,73.72,73.36,73.65,31754.767
2026-06-22 04:30:00,73.66,73.91,73.45,73.86,56767.411
2026-06-22 05:00:00,73.87,74.15,73.8,74.04,30304.828
2026-06-22 05:30:00,74.05,74.14,73.87,73.95,28978.74
2026-06-22 06:00:00,73.96,74.21,73.81,73.86,28686.812
2026-06-22 06:30:00,73.86,73.86,73.56,73.71,32525.481
2026-06-22 07:00:00,73.72,74.39,73.67,74.32,40759.03
2026-06-22 07:30:00,74.31,74.48,74.03,74.1,44187.417
2026-06-22 08:00:00,74.1,74.33,73.99,74.01,38987.414
2026-06-22 08:30:00,74.01,74.1,73.71,73.9,40785.135
2026-06-22 09:00:00,73.89,74.03,73.67,73.7,36413.223
2026-06-22 09:30:00,73.69,73.88,73.57,73.8,25423.362
2026-06-22 10:00:00,73.79,74.01,73.66,73.68,26831.532
2026-06-22 10:30:00,73.67,73.89,73.6,73.78,23818.598
2026-06-22 11:00:00,73.77,74.21,73.64,73.88,130255.512
2026-06-22 11:30:00,73.89,74.44,73.88,74.17,120077.693
2026-06-22 12:00:00,74.18,74.4,74.0,74.37,107430.887
2026-06-22 12:30:00,74.37,74.56,74.16,74.41,66250.836
2026-06-22 13:00:00,74.42,74.56,74.24,74.32,64758.178
2026-06-22 13:30:00,74.33,74.98,74.26,74.98,126978.665
2026-06-22 14:00:00,74.97,75.0,73.74,73.77,98496.582
2026-06-22 14:30:00,73.77,73.83,73.19,73.44,122712.548
2026-06-22 15:00:00,73.45,73.75,73.24,73.69,57941.326
2026-06-22 15:30:00,73.7,73.8,72.98,73.14,74128.491
2026-06-22 16:00:00,73.15,73.21,72.61,72.8,78219.994
2026-06-22 16:30:00,72.79,73.06,72.55,72.95,48615.77
2026-06-22 17:00:00,72.95,73.03,72.77,72.78,22715.612
2026-06-22 17:30:00,72.78,73.34,72.63,73.28,37050.172
2026-06-22 18:00:00,73.28,73.57,73.27,73.36,31799.431
2026-06-22 18:30:00,73.37,73.42,72.58,72.64,72371.603
2026-06-22 19:00:00,72.64,72.81,72.45,72.63,54971.75
2026-06-22 19:30:00,72.64,72.81,72.56,72.71,31385.145
2026-06-22 20:00:00,72.71,72.97,72.49,72.62,27290.423
2026-06-22 20:30:00,72.63,72.86,72.62,72.83,12765.728
2026-06-22 21:00:00,72.82,72.89,72.59,72.69,16164.217
2026-06-22 21:30:00,72.69,72.73,72.28,72.73,31081.613
2026-06-22 22:00:00,72.74,72.96,71.37,71.87,81383.251
2026-06-22 22:30:00,71.88,72.15,71.59,72.11,53020.86
2026-06-22 23:00:00,72.11,72.17,71.92,72.1,25768.886
2026-06-22 23:30:00,72.09,72.11,71.82,71.95,14371.504
2026-06-23 00:00:00,71.95,72.01,71.46,71.49,34246.805
2026-06-23 00:30:00,71.49,71.92,71.46,71.88,35026.638
2026-06-23 01:00:00,71.89,72.04,71.81,71.89,23364.211
2026-06-23 01:30:00,71.89,72.01,71.31,71.72,42756.198
2026-06-23 02:00:00,71.71,72.01,71.54,71.9,30799.664
2026-06-23 02:30:00,71.9,72.06,71.86,72.0,27471.349
2026-06-23 03:00:00,71.99,72.01,71.73,71.93,25544.542
2026-06-23 03:30:00,71.92,72.0,71.75,72.0,18427.586
2026-06-23 04:00:00,71.99,72.03,71.68,71.95,18454.038
2026-06-23 04:30:00,71.94,71.98,71.37,71.45,31946.238
2026-06-23 05:00:00,71.46,71.6,71.03,71.19,40294.294
2026-06-23 05:30:00,71.19,71.2,70.9,71.02,41532.71
2026-06-23 06:00:00,71.03,71.07,69.68,70.0,169526.468
2026-06-23 06:30:00,70.0,70.4,69.83,70.33,57352.621
2026-06-23 07:00:00,70.33,70.56,70.27,70.45,86916.483
2026-06-23 07:30:00,70.45,70.47,69.97,70.01,61005.171
2026-06-23 08:00:00,70.01,70.11,68.16,68.37,266273.095
2026-06-23 08:30:00,68.37,68.94,68.36,68.7,87967.664
2026-06-23 09:00:00,68.71,69.03,68.68,68.98,63877.179
2026-06-23 09:30:00,68.99,69.06,68.75,68.93,51185.996
2026-06-23 10:00:00,68.93,69.22,68.89,68.92,27569.495
2026-06-23 10:30:00,68.92,68.98,68.61,68.82,38720.363
2026-06-23 11:00:00,68.82,69.31,68.82,69.18,50478.548
2026-06-23 11:30:00,69.18,69.38,69.09,69.33,38134.655
2026-06-23 12:00:00,69.33,69.38,69.05,69.19,28366.821
2026-06-23 12:30:00,69.2,69.34,68.87,68.98,48025.96
2026-06-23 13:00:00,68.98,69.01,68.68,68.82,42495.205
2026-06-23 13:30:00,68.81,69.37,68.64,69.2,104595.311
2026-06-23 14:00:00,69.2,69.68,69.08,69.32,71780.264
2026-06-23 14:30:00,69.32,69.61,69.06,69.2,48604.716
2026-06-23 15:00:00,69.2,69.2,68.54,68.62,44637.672
2026-06-23 15:30:00,68.63,69.03,68.4,68.92,43036.232
2026-06-23 16:00:00,68.93,69.41,68.81,69.08,68309.472
2026-06-23 16:30:00,69.08,69.16,68.83,68.9,29034.187
2026-06-23 17:00:00,68.89,69.12,68.64,69.08,18848.491
2026-06-23 17:30:00,69.08,69.19,68.66,68.78,18722.355
2026-06-23 18:00:00,68.78,69.05,68.69,68.94,19122.1
2026-06-23 18:30:00,68.95,68.95,68.7,68.91,24795.028
2026-06-23 19:00:00,68.9,69.11,68.76,68.96,19318.716
2026-06-23 19:30:00,68.96,69.05,68.73,68.84,28949.636
2026-06-23 20:00:00,68.84,69.06,68.83,69.0,15600.11
2026-06-23 20:30:00,69.0,69.06,68.85,69.01,17750.453
2026-06-23 21:00:00,69.02,69.25,68.97,69.24,23373.472
2026-06-23 21:30:00,69.25,69.31,69.21,69.27,20899.057
2026-06-23 22:00:00,69.27,69.84,69.26,69.46,37845.843
2026-06-23 22:30:00,69.46,69.6,69.37,69.56,20729.735
2026-06-23 23:00:00,69.56,69.62,69.31,69.52,18266.49
2026-06-23 23:30:00,69.52,69.82,69.4,69.71,20539.948
2026-06-24 00:00:00,69.7,70.0,69.59,69.86,30293.286
2026-06-24 00:30:00,69.87,70.14,69.81,69.99,32029.063
2026-06-24 01:00:00,70.0,70.07,69.67,69.97,30055.732
2026-06-24 01:30:00,69.97,70.41,69.97,70.09,50586.738
2026-06-24 02:00:00,70.09,70.15,69.56,69.73,45816.264
2026-06-24 02:30:00,69.73,69.81,69.43,69.46,25770.258
2026-06-24 03:00:00,69.46,69.52,69.1,69.36,24459.133
2026-06-24 03:30:00,69.35,69.77,69.35,69.56,24728.781
2026-06-24 04:00:00,69.57,69.62,69.0,69.15,28059.683
2026-06-24 04:30:00,69.15,69.7,69.12,69.58,24549.323
2026-06-24 05:00:00,69.59,70.0,69.52,69.99,31040.964
2026-06-24 05:30:00,69.99,70.22,69.88,69.95,38852.11
2026-06-24 06:00:00,69.95,70.04,69.75,69.92,39927.519
2026-06-24 06:30:00,69.93,70.02,69.7,69.75,23579.029
2026-06-24 07:00:00,69.75,69.79,69.54,69.56,33619.593
2026-06-24 07:30:00,69.56,69.66,69.28,69.38,32258.164
2026-06-24 08:00:00,69.38,69.49,69.25,69.43,35129.038
2026-06-24 08:30:00,69.44,69.63,69.38,69.48,27412.324
2026-06-24 09:00:00,69.48,69.55,69.29,69.32,59459.017
2026-06-24 09:30:00,69.33,69.37,69.2,69.31,38137.38
2026-06-24 10:00:00,69.31,69.35,68.96,69.13,31962.435
2026-06-24 10:30:00,69.14,69.27,68.99,69.05,31684.532
2026-06-24 11:00:00,69.05,69.18,68.77,68.88,39251.353
2026-06-24 11:30:00,68.88,70.44,68.88,69.82,76900.934
2026-06-24 12:00:00,69.82,69.93,69.62,69.76,41860.355
2026-06-24 12:30:00,69.76,69.83,69.41,69.46,22663.912
2026-06-24 13:00:00,69.46,69.5,68.37,69.0,104622.523
2026-06-24 13:30:00,68.99,69.47,68.63,68.88,145754.742
2026-06-24 14:00:00,68.87,69.18,68.59,69.03,111846.857
2026-06-24 14:30:00,69.03,69.43,68.74,68.85,63070.62
2026-06-24 15:00:00,68.86,68.9,68.3,68.45,43905.669
2026-06-24 15:30:00,68.46,68.47,67.24,67.33,134543.668
2026-06-24 16:00:00,67.32,68.03,67.2,67.81,276215.368
2026-06-24 16:30:00,67.81,67.9,66.28,66.52,292238.668
2026-06-24 17:00:00,66.52,66.92,65.2,65.59,198210.513
2026-06-24 17:30:00,65.59,65.72,64.71,64.98,211421.542
2026-06-24 18:00:00,64.98,66.5,64.83,66.2,160575.095
2026-06-24 18:30:00,66.2,66.3,65.8,66.03,71422.538
2026-06-24 19:00:00,66.04,66.39,65.54,65.92,60334.874
2026-06-24 19:30:00,65.91,66.25,65.73,66.13,67694.582
2026-06-24 20:00:00,66.13,67.66,65.98,67.49,167586.737
2026-06-24 20:30:00,67.5,68.01,67.3,67.68,102920.804
2026-06-24 21:00:00,67.69,67.73,67.22,67.57,76968.387
2026-06-24 21:30:00,67.56,68.12,67.44,68.09,46539.807
2026-06-24 22:00:00,68.08,68.55,67.81,67.87,45101.807
2026-06-24 22:30:00,67.87,68.02,67.69,67.83,24615.711
2026-06-24 23:00:00,67.84,68.2,67.76,68.0,20263.291
2026-06-24 23:30:00,67.99,68.17,67.86,68.11,22726.806
2026-06-25 00:00:00,68.12,68.32,67.89,67.94,28693.107
2026-06-25 00:30:00,67.94,67.99,67.57,67.72,33112.13
2026-06-25 01:00:00,67.72,67.79,67.4,67.64,34812.705
2026-06-25 01:30:00,67.64,68.01,67.61,67.89,40791.547
2026-06-25 02:00:00,67.89,67.94,67.61,67.88,20435.394
2026-06-25 02:30:00,67.88,67.9,67.62,67.74,15051.578
2026-06-25 03:00:00,67.75,67.87,67.47,67.66,21035.496
2026-06-25 03:30:00,67.65,67.76,67.48,67.7,39245.434
2026-06-25 04:00:00,67.7,67.73,67.57,67.63,17373.846
2026-06-25 04:30:00,67.63,68.51,67.5,68.46,65985.55
2026-06-25 05:00:00,68.47,69.27,68.35,69.07,129148.393
2026-06-25 05:30:00,69.07,69.31,68.94,69.04,64403.609
2026-06-25 06:00:00,69.03,69.66,69.01,69.26,95696.856
2026-06-25 06:30:00,69.25,69.63,69.23,69.47,36827.747
2026-06-25 07:00:00,69.48,69.58,69.24,69.36,47723.689
2026-06-25 07:30:00,69.36,69.53,69.27,69.45,42328.968
2026-06-25 08:00:00,69.44,69.45,69.02,69.13,40770.032
2026-06-25 08:30:00,69.13,69.24,68.99,69.05,41871.541
2026-06-25 09:00:00,69.06,69.19,68.85,68.96,26248.018
2026-06-25 09:30:00,68.96,69.06,68.8,68.83,21314.603
2026-06-25 10:00:00,68.83,68.88,68.53,68.55,35559.506
2026-06-25 10:30:00,68.56,68.61,68.13,68.29,61564.049
2026-06-25 11:00:00,68.3,68.44,68.0,68.11,65028.952
2026-06-25 11:30:00,68.12,68.36,68.01,68.18,37634.895
2026-06-25 12:00:00,68.18,68.29,67.79,67.87,47979.636
2026-06-25 12:30:00,67.87,68.92,67.87,68.29,119670.795
2026-06-25 13:00:00,68.29,68.45,68.11,68.2,63305.176
2026-06-25 13:30:00,68.19,68.42,64.04,64.23,507567.522
2026-06-25 14:00:00,64.23,66.4,64.23,65.75,398721.351
2026-06-25 14:30:00,65.74,67.24,65.56,66.36,207486.072
2026-06-25 15:00:00,66.37,66.39,65.24,65.91,156920.986
2026-06-25 15:30:00,65.91,66.39,65.65,66.32,68017.718
2026-06-25 16:00:00,66.32,67.05,66.28,66.71,71599.892
2026-06-25 16:30:00,66.7,66.7,65.65,65.98,111918.102
2026-06-25 17:00:00,65.98,67.35,65.82,67.32,75357.154
2026-06-25 17:30:00,67.31,67.35,66.7,67.13,101132.302
2026-06-25 18:00:00,67.12,67.16,66.06,66.56,141562.489
2026-06-25 18:30:00,66.56,66.56,65.91,66.18,71949.688
2026-06-25 19:00:00,66.19,66.21,65.65,65.99,57687.085
2026-06-25 19:30:00,65.99,66.22,65.88,66.2,45539.235
2026-06-25 20:00:00,66.19,66.8,66.15,66.72,67402.264
2026-06-25 20:30:00,66.72,66.74,66.08,66.27,32361.256
2026-06-25 21:00:00,66.28,66.86,66.27,66.83,27249.131
2026-06-25 21:30:00,66.82,67.31,66.74,67.28,42525.433
2026-06-25 22:00:00,67.28,67.35,66.94,67.07,39211.11
2026-06-25 22:30:00,67.07,67.29,67.05,67.15,31904.099
2026-06-25 23:00:00,67.16,68.5,67.0,68.34,74599.416
2026-06-25 23:30:00,68.34,68.81,67.58,67.72,92575.724
2026-06-26 00:00:00,67.72,68.1,67.62,67.93,54110.839
2026-06-26 00:30:00,67.93,68.09,67.66,67.74,31581.366
2026-06-26 01:00:00,67.74,67.91,67.21,67.21,77733.074
2026-06-26 01:30:00,67.21,67.48,67.14,67.32,35805.426
2026-06-26 02:00:00,67.32,67.36,65.93,66.66,133116.812
2026-06-26 02:30:00,66.66,66.81,66.03,66.2,79126.798
2026-06-26 03:00:00,66.21,67.13,65.91,66.85,117217.986
2026-06-26 03:30:00,66.84,68.5,66.64,68.21,155996.959
2026-06-26 04:00:00,68.22,68.38,67.97,68.1,65293.199
2026-06-26 04:30:00,68.11,68.16,67.96,68.06,48991.309
2026-06-26 05:00:00,68.07,68.4,67.97,68.3,41710.17
2026-06-26 05:30:00,68.3,68.47,68.11,68.38,57667.469
2026-06-26 06:00:00,68.37,69.4,68.01,69.2,200341.488
2026-06-26 06:30:00,69.21,70.01,69.03,69.99,146834.911
2026-06-26 07:00:00,70.0,70.8,69.93,70.52,237937.564
2026-06-26 07:30:00,70.51,70.99,70.46,70.77,88969.937
2026-06-26 08:00:00,70.78,70.88,69.83,69.91,131714.916
2026-06-26 08:30:00,69.92,70.13,69.72,69.94,72790.748
2026-06-26 09:00:00,69.95,69.95,69.54,69.8,58552.904
2026-06-26 09:30:00,69.8,69.9,68.85,69.01,103789.956
2026-06-26 10:00:00,69.01,69.23,68.91,69.16,32513.639
2026-06-26 10:30:00,69.16,69.25,68.64,68.78,35610.495
2026-06-26 11:00:00,68.78,69.1,68.54,68.59,33802.81
2026-06-26 11:30:00,68.59,68.76,68.39,68.61,34440.302
2026-06-26 12:00:00,68.61,69.3,68.6,69.27,51883.9
2026-06-26 12:30:00,69.27,69.74,68.37,68.87,78840.363
2026-06-26 13:00:00,68.87,69.32,68.19,68.79,91827.499
2026-06-26 13:30:00,68.79,70.94,68.66,70.71,177802.156
2026-06-26 14:00:00,70.71,71.99,70.24,71.71,209495.642
2026-06-26 14:30:00,71.71,71.89,70.39,70.46,170183.612
2026-06-26 15:00:00,70.47,71.87,70.31,71.44,108357.841
2026-06-26 15:30:00,71.44,72.24,71.43,72.07,152190.267
2026-06-26 16:00:00,72.06,73.53,72.01,72.23,206036.95
2026-06-26 16:30:00,72.24,73.23,72.24,72.48,126211.096
2026-06-26 17:00:00,72.49,72.88,72.18,72.62,84352.597
2026-06-26 17:30:00,72.61,72.82,72.25,72.56,57668.464
2026-06-26 18:00:00,72.57,73.1,72.39,72.43,68064.258
2026-06-26 18:30:00,72.42,72.74,72.37,72.6,50608.159
2026-06-26 19:00:00,72.6,73.4,72.48,73.32,86654.763
2026-06-26 19:30:00,73.33,73.93,72.98,73.01,132439.693
2026-06-26 20:00:00,73.01,73.68,72.7,73.07,129485.28
2026-06-26 20:30:00,73.07,73.08,72.05,72.17,116093.896
2026-06-26 21:00:00,72.18,72.32,71.8,72.27,72773.732
2026-06-26 21:30:00,72.27,72.4,71.93,71.99,35948.338
2026-06-26 22:00:00,71.98,72.09,71.41,71.65,59748.321
2026-06-26 22:30:00,71.66,71.93,71.48,71.83,35267.241
2026-06-26 23:00:00,71.82,72.0,71.69,71.69,27018.445
2026-06-26 23:30:00,71.69,72.02,71.68,71.9,18265.126
2026-06-27 00:00:00,71.9,72.5,71.89,72.07,80457.417
2026-06-27 00:30:00,72.07,72.08,71.58,71.82,43917.255
2026-06-27 01:00:00,71.83,71.83,71.6,71.74,21870.019
2026-06-27 01:30:00,71.73,71.73,71.36,71.44,36413.431
2026-06-27 02:00:00,71.44,72.24,71.39,72.15,47848.308
2026-06-27 02:30:00,72.15,72.26,71.91,72.12,29309.278
2026-06-27 03:00:00,72.11,72.39,71.84,72.19,42175.538
2026-06-27 03:30:00,72.18,72.43,72.04,72.27,66009.116
2026-06-27 04:00:00,72.26,72.59,72.25,72.35,56505.798
2026-06-27 04:30:00,72.35,72.43,71.9,71.94,22674.372
2026-06-27 05:00:00,71.93,72.03,71.51,71.58,69369.747
2026-06-27 05:30:00,71.58,71.88,71.58,71.81,49283.535
2026-06-27 06:00:00,71.81,71.96,71.62,71.9,22975.664
2026-06-27 06:30:00,71.9,72.33,71.9,72.13,40593.699
2026-06-27 07:00:00,72.13,72.26,72.01,72.14,24606.028
2026-06-27 07:30:00,72.14,72.35,72.01,72.31,31086.96
2026-06-27 08:00:00,72.31,72.33,72.06,72.2,36860.837
2026-06-27 08:30:00,72.2,72.2,71.88,72.03,17724.415
2026-06-27 09:00:00,72.03,72.11,71.72,71.8,25081.548
2026-06-27 09:30:00,71.79,71.91,71.73,71.86,17336.817
2026-06-27 10:00:00,71.85,72.05,71.83,71.97,12187.17
2026-06-27 10:30:00,71.96,72.05,71.87,72.04,20094.31
2026-06-27 11:00:00,72.04,72.09,71.55,71.63,29461.428
2026-06-27 11:30:00,71.62,71.91,71.53,71.81,26180.345
2026-06-27 12:00:00,71.81,71.91,71.64,71.83,52082.799
2026-06-27 12:30:00,71.83,72.18,71.76,72.17,49067.006
2026-06-27 13:00:00,72.17,72.47,72.13,72.4,39359.114
2026-06-27 13:30:00,72.4,72.61,72.31,72.36,45841.352
2026-06-27 14:00:00,72.36,72.82,72.21,72.72,42871.428
2026-06-27 14:30:00,72.72,72.9,72.59,72.7,33060.834
2026-06-27 15:00:00,72.71,73.19,72.62,72.91,63180.695
2026-06-27 15:30:00,72.91,73.07,72.74,72.84,32828.353
2026-06-27 16:00:00,72.83,73.01,72.63,72.83,39417.16
2026-06-27 16:30:00,72.82,72.84,72.64,72.64,21878.712
2026-06-27 17:00:00,72.64,72.65,71.9,72.27,82262.282
2026-06-27 17:30:00,72.27,72.35,72.06,72.06,52924.537
2026-06-27 18:00:00,72.05,72.18,71.76,71.89,35554.745
2026-06-27 18:30:00,71.89,72.05,71.86,71.92,22818.618
2026-06-27 19:00:00,71.92,72.01,71.04,71.33,91190.367
2026-06-27 19:30:00,71.32,71.32,70.94,71.11,50632.746
2026-06-27 20:00:00,71.11,71.33,71.09,71.25,18046.833
2026-06-27 20:30:00,71.25,71.35,71.16,71.3,17106.603
2026-06-27 21:00:00,71.31,71.58,71.31,71.57,26142.649
2026-06-27 21:30:00,71.57,71.63,70.81,70.98,75576.819
2026-06-27 22:00:00,70.98,70.98,70.25,70.71,67990.154
2026-06-27 22:30:00,70.71,71.1,70.69,71.09,28212.462
2026-06-27 23:00:00,71.09,71.16,70.42,70.48,44062.914
2026-06-27 23:30:00,70.47,70.69,70.44,70.5,19700.343
2026-06-28 00:00:00,70.49,70.78,70.45,70.77,26110.172
2026-06-28 00:30:00,70.78,70.82,70.58,70.72,28169.329
2026-06-28 01:00:00,70.72,70.82,70.44,70.78,24116.874
2026-06-28 01:30:00,70.77,70.93,70.74,70.83,13874.724
2026-06-28 02:00:00,70.84,71.01,70.49,70.7,23239.807
2026-06-28 02:30:00,70.7,70.81,70.67,70.73,13240.334
2026-06-28 03:00:00,70.72,70.98,70.72,70.84,13224.093
2026-06-28 03:30:00,70.84,70.93,70.78,70.87,27759.55
2026-06-28 04:00:00,70.86,70.89,70.72,70.75,14981.976
2026-06-28 04:30:00,70.75,70.99,70.55,70.77,21442.978
2026-06-28 05:00:00,70.77,70.77,70.15,70.24,64184.047
2026-06-28 05:30:00,70.24,70.56,70.14,70.52,35288.648
2026-06-28 06:00:00,70.52,70.56,70.17,70.42,31749.302
2026-06-28 06:30:00,70.42,70.53,70.39,70.45,22084.69
2026-06-28 07:00:00,70.45,70.88,70.44,70.69,32168.956
2026-06-28 07:30:00,70.69,71.09,70.67,71.08,23433.32
2026-06-28 08:00:00,71.08,71.32,71.06,71.24,34426.667
2026-06-28 08:30:00,71.24,72.2,71.23,71.91,104704.774
2026-06-28 09:00:00,71.91,71.96,71.65,71.77,33306.136
2026-06-28 09:30:00,71.77,72.05,71.45,71.54,38018.735
2026-06-28 10:00:00,71.53,71.6,71.11,71.2,35900.389
2026-06-28 10:30:00,71.19,71.49,71.19,71.48,16754.147
2026-06-28 11:00:00,71.48,71.94,71.41,71.87,33977.491
2026-06-28 11:30:00,71.87,72.03,71.62,71.92,40725.857
2026-06-28 12:00:00,71.92,72.13,71.65,72.11,36498.279
2026-06-28 12:30:00,72.11,72.41,71.75,71.88,39093.785
2026-06-28 13:00:00,71.87,71.87,71.33,71.68,28305.566
2026-06-28 13:30:00,71.68,72.1,71.62,71.74,31061.055
2026-06-28 14:00:00,71.74,72.2,71.71,71.88,20543.508
2026-06-28 14:30:00,71.87,72.05,71.65,71.65,23725.018
2026-06-28 15:00:00,71.66,72.0,71.45,71.82,28402.997
2026-06-28 15:30:00,71.81,72.12,71.72,72.09,38674.31
2026-06-28 16:00:00,72.09,72.13,71.41,71.59,62672.474
2026-06-28 16:30:00,71.58,71.62,71.16,71.56,44025.932
2026-06-28 17:00:00,71.56,71.98,71.34,71.35,27563.999
2026-06-28 17:30:00,71.35,71.64,70.97,71.55,40114.316
2026-06-28 18:00:00,71.55,71.73,71.14,71.21,21217.656
2026-06-28 18:30:00,71.22,71.29,71.0,71.18,26355.006
2026-06-28 19:00:00,71.18,71.18,70.83,71.06,19991.549
2026-06-28 19:30:00,71.06,71.32,70.25,70.74,52192.987
2026-06-28 20:00:00,70.73,71.29,70.66,71.02,24528.275
2026-06-28 20:30:00,71.02,71.04,70.67,70.92,39390.867
2026-06-28 21:00:00,70.92,70.94,70.62,70.84,23113.474
2026-06-28 21:30:00,70.84,71.07,70.26,70.46,40677.68
2026-06-28 22:00:00,70.47,71.53,70.43,70.88,76496.21
2026-06-28 22:30:00,70.88,71.0,69.74,70.24,96213.002
2026-06-28 23:00:00,70.23,71.15,70.14,71.03,48974.989
2026-06-28 23:30:00,71.02,71.82,70.98,71.38,66558.988
2026-06-29 00:00:00,71.39,71.59,70.73,70.74,65276.913
2026-06-29 00:30:00,70.74,71.7,70.35,71.66,74430.083
2026-06-29 01:00:00,71.66,71.7,70.98,71.09,45962.562
2026-06-29 01:30:00,71.08,71.69,70.95,71.49,44607.601
2026-06-29 02:00:00,71.49,71.85,70.51,71.78,73018.917
2026-06-29 02:30:00,71.79,72.21,71.62,72.18,64579.968
2026-06-29 03:00:00,72.19,73.33,72.18,73.19,137397.242
2026-06-29 03:30:00,73.19,73.28,72.58,72.68,47911.358
2026-06-29 04:00:00,72.68,72.69,72.16,72.39,34492.614
2026-06-29 04:30:00,72.39,72.42,71.64,71.68,44058.593
2026-06-29 05:00:00,71.69,71.75,71.03,71.45,68368.901
2026-06-29 05:30:00,71.44,72.35,71.3,72.32,40556.749
2026-06-29 06:00:00,72.33,73.12,72.21,72.68,69540.124
2026-06-29 06:30:00,72.69,72.76,72.3,72.39,44644.977
2026-06-29 07:00:00,72.39,72.62,72.08,72.43,29520.385
2026-06-29 07:30:00,72.43,72.93,72.3,72.72,36562.05
2026-06-29 08:00:00,72.72,72.96,72.41,72.48,59637.997
2026-06-29 08:30:00,72.47,73.02,72.39,72.73,49965.197
2026-06-29 09:00:00,72.72,73.17,72.61,72.91,42245.47
2026-06-29 09:30:00,72.92,73.0,72.66,72.94,36026.133
2026-06-29 10:00:00,72.94,73.68,72.94,73.44,75211.128
2026-06-29 10:30:00,73.44,73.45,73.14,73.25,47145.869
2026-06-29 11:00:00,73.25,73.28,72.47,72.74,65899.262
2026-06-29 11:30:00,72.73,73.2,72.25,72.52,67747.949
2026-06-29 12:00:00,72.53,74.14,72.12,74.0,199134.517
2026-06-29 12:30:00,74.0,74.55,73.08,73.52,259569.515
2026-06-29 13:00:00,73.52,74.35,73.51,73.59,109902.092
2026-06-29 13:30:00,73.58,74.14,72.72,73.74,282655.403
2026-06-29 14:00:00,73.74,74.01,72.32,73.19,215172.825
2026-06-29 14:30:00,73.19,73.88,72.91,73.73,74280.367
2026-06-29 15:00:00,73.74,73.97,72.79,73.93,99657.557
2026-06-29 15:30:00,73.94,74.43,73.78,73.92,125764.045
2026-06-29 16:00:00,73.92,74.07,72.89,72.95,60549.043
2026-06-29 16:30:00,72.95,74.16,72.95,74.03,95336.501
2026-06-29 17:00:00,74.02,76.49,74.0,75.91,364632.412
2026-06-29 17:30:00,75.9,76.17,75.26,75.31,81789.891
2026-06-29 18:00:00,75.31,75.84,75.14,75.23,54910.514
2026-06-29 18:30:00,75.23,75.76,75.17,75.59,35972.114
2026-06-29 19:00:00,75.6,76.2,75.41,76.05,64680.565
2026-06-29 19:30:00,76.05,76.22,75.68,75.98,65265.505
2026-06-29 20:00:00,75.98,76.0,75.5,75.52,37446.076
2026-06-29 20:30:00,75.53,75.72,75.27,75.37,33623.457
2026-06-29 21:00:00,75.38,75.7,75.23,75.44,45331.783
2026-06-29 21:30:00,75.44,75.8,75.44,75.53,43137.023
2026-06-29 22:00:00,75.52,75.66,75.28,75.38,30857.921
2026-06-29 22:30:00,75.38,75.48,75.05,75.27,33206.436
2026-06-29 23:00:00,75.28,75.44,75.05,75.19,31912.272
2026-06-29 23:30:00,75.19,75.26,74.89,75.16,52126.224
2026-06-30 00:00:00,75.17,75.24,74.6,74.63,51253.148
2026-06-30 00:30:00,74.63,74.65,74.19,74.42,71001.913
2026-06-30 01:00:00,74.43,74.67,74.05,74.65,69129.519
2026-06-30 01:30:00,74.65,74.66,74.2,74.41,25761.739
2026-06-30 02:00:00,74.41,74.42,74.04,74.34,26014.174
2026-06-30 02:30:00,74.34,74.84,74.2,74.59,27060.523
2026-06-30 03:00:00,74.6,74.89,74.52,74.62,27499.807
2026-06-30 03:30:00,74.62,74.65,74.14,74.19,28971.92
2026-06-30 04:00:00,74.19,74.25,73.69,73.96,79701.258
2026-06-30 04:30:00,73.96,74.17,73.96,74.02,26708.659
2026-06-30 05:00:00,74.03,74.17,73.86,73.97,24764.473
2026-06-30 05:30:00,73.97,74.23,73.85,74.23,25497.444
2026-06-30 06:00:00,74.23,74.26,73.91,74.25,22289.548
2026-06-30 06:30:00,74.24,74.26,74.04,74.17,29559.223
2026-06-30 07:00:00,74.17,74.25,73.86,73.93,21571.497
2026-06-30 07:30:00,73.93,74.23,73.92,74.16,35425.859
2026-06-30 08:00:00,74.16,74.23,73.84,74.01,33004.961
2026-06-30 08:30:00,74.01,75.8,73.3,73.64,189115.858
2026-06-30 09:00:00,73.63,73.84,73.6,73.63,64267.849
2026-06-30 09:30:00,73.64,73.88,73.55,73.8,33532.899
2026-06-30 10:00:00,73.8,73.9,73.63,73.66,29263.525
2026-06-30 10:30:00,73.66,73.81,73.48,73.69,28551.687
2026-06-30 11:00:00,73.69,73.78,73.4,73.45,43067.137
2026-06-30 11:30:00,73.45,73.74,73.34,73.4,31884.896
2026-06-30 12:00:00,73.41,73.42,72.59,72.67,67267.424
2026-06-30 12:30:00,72.68,72.75,72.06,72.08,70601.062
2026-06-30 13:00:00,72.08,72.59,71.9,72.52,93069.961
2026-06-30 13:30:00,72.52,72.94,71.96,72.88,366548.217
2026-06-30 14:00:00,72.87,73.8,72.76,73.79,100640.884
2026-06-30 14:30:00,73.78,73.91,72.74,72.95,65678.275
2026-06-30 15:00:00,72.96,73.45,72.6,73.24,91216.128
2026-06-30 15:30:00,73.24,74.1,73.06,73.13,105161.522
2026-06-30 16:00:00,73.14,73.6,72.73,72.8,76752.344
2026-06-30 16:30:00,72.8,73.72,72.76,73.52,65111.319
2026-06-30 17:00:00,73.52,73.93,73.25,73.43,60481.901
2026-06-30 17:30:00,73.44,73.57,73.16,73.18,32078.947
2026-06-30 18:00:00,73.17,73.8,73.09,73.41,42823.627
2026-06-30 18:30:00,73.42,73.7,72.95,73.6,50108.017
2026-06-30 19:00:00,73.6,73.75,73.35,73.57,22493.834
2026-06-30 19:30:00,73.57,73.97,73.51,73.75,56187.606
2026-06-30 20:00:00,73.74,73.94,73.57,73.71,51593.682
2026-06-30 20:30:00,73.71,73.93,73.53,73.69,56428.292
2026-06-30 21:00:00,73.69,73.8,73.19,73.3,40324.829
2026-06-30 21:30:00,73.31,73.49,73.29,73.49,24147.719
2026-06-30 22:00:00,73.5,73.75,73.47,73.52,24914.916
2026-06-30 22:30:00,73.52,73.52,73.27,73.43,24719.336
2026-06-30 23:00:00,73.44,73.67,73.32,73.58,19440.951
2026-06-30 23:30:00,73.57,73.71,73.5,73.67,16093.794
2026-07-01 00:00:00,73.67,73.82,73.36,73.52,48848.182
2026-07-01 00:30:00,73.52,73.88,73.51,73.65,35787.212
2026-07-01 01:00:00,73.65,73.67,72.25,73.26,102427.776
2026-07-01 01:30:00,73.26,74.36,73.22,73.95,76385.307
2026-07-01 02:00:00,73.95,74.61,73.79,74.5,46038.153
2026-07-01 02:30:00,74.5,75.03,74.44,74.78,85959.741
2026-07-01 03:00:00,74.78,74.92,74.35,74.54,53394.95
2026-07-01 03:30:00,74.55,75.69,74.42,75.48,157882.267
2026-07-01 04:00:00,75.48,75.65,75.25,75.42,51844.854
2026-07-01 04:30:00,75.42,75.87,75.35,75.57,77817.19
2026-07-01 05:00:00,75.56,75.79,75.15,75.18,40575.42
2026-07-01 05:30:00,75.18,75.4,75.14,75.25,37250.694
2026-07-01 06:00:00,75.24,75.28,74.57,74.75,52168.866
2026-07-01 06:30:00,74.74,74.8,73.96,74.31,85743.987
2026-07-01 07:00:00,74.32,74.78,74.1,74.59,49247.882
2026-07-01 07:30:00,74.59,74.96,74.41,74.87,67900.244
2026-07-01 08:00:00,74.87,75.09,74.52,74.67,53523.292
2026-07-01 08:30:00,74.66,75.52,74.46,75.44,57868.627
2026-07-01 09:00:00,75.44,75.44,75.05,75.17,89797.49
2026-07-01 09:30:00,75.18,75.58,75.08,75.45,77161.558
2026-07-01 10:00:00,75.46,75.57,75.15,75.35,48447.077
2026-07-01 10:30:00,75.34,75.39,74.97,74.99,29603.937
2026-07-01 11:00:00,74.99,75.32,74.67,75.02,60886.623
2026-07-01 11:30:00,75.02,75.11,74.64,74.84,76163.641
2026-07-01 12:00:00,74.84,74.96,74.37,74.61,84532.168
2026-07-01 12:30:00,74.6,74.72,74.27,74.62,63748.168
2026-07-01 13:00:00,74.61,75.42,74.61,75.37,89623.906
2026-07-01 13:30:00,75.36,76.34,74.66,76.04,224596.184
2026-07-01 14:00:00,76.04,77.27,75.64,76.67,257440.799
2026-07-01 14:30:00,76.67,77.15,76.34,76.97,124523.386
2026-07-01 15:00:00,76.97,77.8,76.82,77.54,130173.78
2026-07-01 15:30:00,77.55,77.64,77.1,77.43,77755.298
2026-07-01 16:00:00,77.43,78.25,77.18,77.77,156723.284
2026-07-01 16:30:00,77.77,77.83,76.91,77.17,70701.984
2026-07-01 17:00:00,77.17,77.98,76.85,77.74,78875.079
2026-07-01 17:30:00,77.73,77.93,77.58,77.77,30615.515
2026-07-01 18:00:00,77.77,77.91,77.51,77.62,44401.87
2026-07-01 18:30:00,77.61,77.78,77.29,77.42,43704.608
2026-07-01 19:00:00,77.42,77.69,77.16,77.24,28106.117
2026-07-01 19:30:00,77.24,77.42,76.8,77.0,50101.942
2026-07-01 20:00:00,77.01,77.05,76.59,76.88,41599.148
2026-07-01 20:30:00,76.88,77.51,76.83,77.42,49507.898
2026-07-01 21:00:00,77.43,78.14,77.43,77.84,65344.984
2026-07-01 21:30:00,77.83,78.7,77.82,78.42,78497.997
2026-07-01 22:00:00,78.41,78.96,78.2,78.23,97229.054
2026-07-01 22:30:00,78.23,78.42,77.77,77.87,55656.538
2026-07-01 23:00:00,77.86,77.9,77.38,77.68,46292.841
2026-07-01 23:30:00,77.68,77.79,77.26,77.46,60847.778
2026-07-02 00:00:00,77.46,77.46,77.09,77.18,59017.878
2026-07-02 00:30:00,77.19,77.36,76.9,77.26,40964.235
2026-07-02 01:00:00,77.27,77.95,77.23,77.95,30681.777
2026-07-02 01:30:00,77.96,78.71,77.95,78.2,57592.012
2026-07-02 02:00:00,78.2,78.26,77.8,78.19,28695.028
2026-07-02 02:30:00,78.19,78.6,78.11,78.44,34370.283
2026-07-02 03:00:00,78.44,78.72,77.76,78.47,103636.457
2026-07-02 03:30:00,78.46,78.96,78.07,78.72,86311.306
2026-07-02 04:00:00,78.71,78.72,78.24,78.3,47407.392
2026-07-02 04:30:00,78.3,78.41,78.06,78.29,27210.515
2026-07-02 05:00:00,78.28,78.36,78.05,78.05,24840.052
2026-07-02 05:30:00,78.05,78.15,77.79,78.11,26351.233
2026-07-02 06:00:00,78.11,78.4,77.93,78.24,42523.2
2026-07-02 06:30:00,78.24,78.64,77.74,77.9,46718.25
2026-07-02 07:00:00,77.91,78.0,77.59,77.74,38593.965
2026-07-02 07:30:00,77.74,78.2,77.65,77.99,39907.212
2026-07-02 08:00:00,78.0,78.31,77.94,78.21,39535.155
2026-07-02 08:30:00,78.2,78.52,78.1,78.48,41827.66
2026-07-02 09:00:00,78.48,78.88,78.29,78.82,99566.216
2026-07-02 09:30:00,78.82,79.8,78.76,79.5,181326.314
2026-07-02 10:00:00,79.49,80.59,79.43,80.25,140931.869
2026-07-02 10:30:00,80.25,82.18,80.2,82.09,405728.076
2026-07-02 11:00:00,82.09,82.78,81.51,82.54,275288.372
2026-07-02 11:30:00,82.54,82.73,81.99,82.38,176201.684
2026-07-02 12:00:00,82.37,82.45,81.66,82.07,151413.129
2026-07-02 12:30:00,82.07,82.41,81.12,81.41,191511.891
2026-07-02 13:00:00,81.4,81.69,80.72,80.95,123925.445
2026-07-02 13:30:00,80.96,81.99,80.78,81.51,147480.192
2026-07-02 14:00:00,81.5,81.53,80.41,80.58,110960.126
2026-07-02 14:30:00,80.59,80.91,80.12,80.54,114171.742
2026-07-02 15:00:00,80.54,80.8,80.09,80.69,60737.373
2026-07-02 15:30:00,80.68,80.92,80.54,80.86,45998.378
2026-07-02 16:00:00,80.87,81.11,80.37,80.52,58121.519
2026-07-02 16:30:00,80.53,80.76,80.15,80.56,72312.388
2026-07-02 17:00:00,80.55,81.24,80.51,81.13,154838.748
2026-07-02 17:30:00,81.12,81.12,80.58,80.63,26943.45
2026-07-02 18:00:00,80.64,81.15,80.64,80.96,29695.989
2026-07-02 18:30:00,80.96,81.26,80.87,81.04,46138.341
2026-07-02 19:00:00,81.04,81.12,80.8,80.88,34191.637
2026-07-02 19:30:00,80.89,81.32,80.83,80.83,38714.139
2026-07-02 20:00:00,80.84,80.88,80.58,80.63,42079.635
2026-07-02 20:30:00,80.63,81.11,80.59,81.03,29175.783
2026-07-02 21:00:00,81.03,81.17,80.93,80.93,18698.082
2026-07-02 21:30:00,80.92,81.01,80.5,80.8,21220.817
2026-07-02 22:00:00,80.79,80.87,80.41,80.66,44308.938
2026-07-02 22:30:00,80.65,80.89,80.49,80.66,45363.399
2026-07-02 23:00:00,80.66,80.75,80.5,80.68,15204.02
2026-07-02 23:30:00,80.68,80.78,80.52,80.73,22072.508
2026-07-03 00:00:00,80.72,80.85,80.58,80.63,25643.508
2026-07-03 00:30:00,80.64,80.92,80.52,80.75,36671.316
2026-07-03 01:00:00,80.74,81.31,80.71,81.17,39877.379
2026-07-03 01:30:00,81.17,81.69,81.09,81.48,41005.002
2026-07-03 02:00:00,81.49,81.68,81.14,81.16,29041.921
2026-07-03 02:30:00,81.15,81.16,80.66,80.82,28332.242
2026-07-03 03:00:00,80.81,80.98,80.34,80.91,31495.174
2026-07-03 03:30:00,80.92,80.98,80.6,80.73,30974.497
2026-07-03 04:00:00,80.72,80.77,80.47,80.63,23704.542
2026-07-03 04:30:00,80.64,80.81,80.44,80.51,30729.482
2026-07-03 05:00:00,80.5,80.91,80.47,80.85,23765.646
2026-07-03 05:30:00,80.85,81.26,80.81,81.15,22543.774
2026-07-03 06:00:00,81.16,81.39,80.94,81.01,50652.989
2026-07-03 06:30:00,81.0,81.12,80.73,80.96,38061.092
2026-07-03 07:00:00,80.97,81.11,80.83,81.1,15240.008
2026-07-03 07:30:00,81.1,81.51,81.03,81.22,39881.266
2026-07-03 08:00:00,81.23,81.33,81.0,81.05,30425.752
2026-07-03 08:30:00,81.05,81.53,80.84,80.92,50029.394
2026-07-03 09:00:00,80.91,81.11,80.8,80.95,31809.572
2026-07-03 09:30:00,80.94,81.3,80.67,81.02,39029.029
2026-07-03 10:00:00,81.02,81.27,80.87,81.16,33804.687
2026-07-03 10:30:00,81.15,81.88,81.05,81.54,88083.897
2026-07-03 11:00:00,81.55,81.71,81.31,81.38,48179.069
2026-07-03 11:30:00,81.38,81.67,81.25,81.58,28340.771
2026-07-03 12:00:00,81.57,81.78,81.23,81.33,56359.602
2026-07-03 12:30:00,81.32,81.57,81.25,81.53,25400.453
2026-07-03 13:00:00,81.54,81.71,81.52,81.62,24310.453
