datetime,open,high,low,close,volume
2026-05-04 00:00:00,0.10825999826192856,0.1082800030708313,0.10766000300645828,0.10790999978780746,9918784.0
2026-05-04 00:30:00,0.10786999762058258,0.10904999822378159,0.10780999809503555,0.10898999869823456,21648448.0
2026-05-04 01:00:00,0.10904999822378159,0.11016999930143356,0.10902000218629837,0.11016000062227249,86849152.0
2026-05-04 01:30:00,0.1101899966597557,0.11282999813556671,0.1101899966597557,0.11247000098228455,184953088.0
2026-05-04 02:00:00,0.1127299964427948,0.11287999898195267,0.11152999848127365,0.11212000250816345,151089280.0
2026-05-04 02:30:00,0.11218000203371048,0.11339999735355377,0.11218000203371048,0.11304999887943268,57233408.0
2026-05-04 03:00:00,0.11304999887943268,0.11364000290632248,0.11271999776363373,0.11281000077724457,52885888.0
2026-05-04 03:30:00,0.11289999634027481,0.11298999935388565,0.1121399998664856,0.11296000331640244,48331776.0
2026-05-04 04:00:00,0.11299999803304672,0.11334999650716782,0.11285000294446945,0.11315000057220459,23869824.0
2026-05-04 04:30:00,0.11321999877691269,0.11350999772548676,0.11291000247001648,0.11304999887943268,29886592.0
2026-05-04 05:00:00,0.11304999887943268,0.11315000057220459,0.11246000230312347,0.11254999786615372,32110976.0
2026-05-04 05:30:00,0.11253000050783157,0.11294999718666077,0.1123799979686737,0.11251000314950943,14168832.0
2026-05-04 06:00:00,0.11247000098228455,0.11258000135421753,0.11110000312328339,0.11168999969959259,39527040.0
2026-05-04 06:30:00,0.11158999800682068,0.11249999701976776,0.11156000196933746,0.11202000081539154,36258432.0
2026-05-04 07:00:00,0.11204999685287476,0.1125200018286705,0.11189000308513641,0.11235000193119049,7231360.0
2026-05-04 07:30:00,0.11235000193119049,0.1126599982380867,0.11198999732732773,0.11231999844312668,10837248.0
2026-05-04 08:00:00,0.11225000023841858,0.11236999928951263,0.11186999827623367,0.11214999854564667,13648768.0
2026-05-04 08:30:00,0.11217000335454941,0.11242000013589859,0.1120000034570694,0.1120000034570694,8097536.0
2026-05-04 09:00:00,0.11195000261068344,0.11236000061035156,0.11157000064849854,0.11157000064849854,13066624.0
2026-05-04 09:30:00,0.11153999716043472,0.1120700016617775,0.11148999631404877,0.1118599995970726,12225024.0
2026-05-04 10:00:00,0.11191000044345856,0.11191000044345856,0.10881000012159348,0.10943000018596649,245868544.0
2026-05-04 10:30:00,0.10930000245571136,0.1106799989938736,0.1092899963259697,0.11027999967336655,103211520.0
2026-05-04 11:00:00,0.1102600023150444,0.11044000089168549,0.11000999808311462,0.11015000194311142,14563840.0
2026-05-04 11:30:00,0.11011999845504761,0.11068999767303467,0.11010999977588654,0.1104699969291687,14739456.0
2026-05-04 12:00:00,0.11042000353336334,0.11090999841690063,0.1102600023150444,0.11072000116109848,3002880.0
2026-05-04 12:30:00,0.11071000248193741,0.11089999973773956,0.11039000004529953,0.11042000353336334,7687424.0
2026-05-04 13:00:00,0.1103300005197525,0.11129999905824661,0.10988999903202057,0.11100000143051147,48897792.0
2026-05-04 13:30:00,0.11100000143051147,0.11121000349521637,0.11043000221252441,0.11067000031471252,15195648.0
2026-05-04 14:00:00,0.11072999984025955,0.11158999800682068,0.11022999882698059,0.11139000207185745,36057088.0
2026-05-04 14:30:00,0.11136999726295471,0.11264999955892563,0.11134999990463257,0.11201000213623047,61870848.0
2026-05-04 15:00:00,0.1120000034570694,0.11210999637842178,0.10999999940395355,0.11037000268697739,127165696.0
2026-05-04 15:30:00,0.1103999987244606,0.1103999987244606,0.10961999744176865,0.11023999750614166,83749120.0
2026-05-04 16:00:00,0.11020000278949738,0.11089999973773956,0.10986000299453735,0.11044000089168549,38264832.0
2026-05-04 16:30:00,0.11042000353336334,0.11078000068664551,0.11025000363588333,0.11055000126361847,29498368.0
2026-05-04 17:00:00,0.1106100007891655,0.11123000085353851,0.1104699969291687,0.11111000180244446,24612864.0
2026-05-04 17:30:00,0.11106999963521957,0.11156000196933746,0.11078999936580658,0.11113999783992767,15367168.0
2026-05-04 18:00:00,0.11118000000715256,0.11135999858379364,0.11068999767303467,0.11095999926328659,13003008.0
2026-05-04 18:30:00,0.11105000227689743,0.11123000085353851,0.11079999804496765,0.1110600009560585,13491200.0
2026-05-04 19:00:00,0.11108999699354172,0.11108999699354172,0.11042000353336334,0.11048000305891037,14534400.0
2026-05-04 19:30:00,0.11048000305891037,0.11055000126361847,0.11020000278949738,0.11038000136613846,7725056.0
2026-05-04 20:00:00,0.11037000268697739,0.11038000136613846,0.11004000157117844,0.11016000062227249,7571456.0
2026-05-04 20:30:00,0.11014000326395035,0.1103300005197525,0.10999999940395355,0.11022000014781952,0.0
2026-05-04 21:00:00,0.11022000014781952,0.11093000322580338,0.11012999713420868,0.11072999984025955,3955712.0
2026-05-04 21:30:00,0.11073999851942062,0.11095000058412552,0.11052999645471573,0.11056999862194061,35584.0
2026-05-04 22:00:00,0.11063999682664871,0.11089000105857849,0.11042000353336334,0.11044000089168549,0.0
2026-05-04 22:30:00,0.11044000089168549,0.11044000089168549,0.11010000109672546,0.11029999703168869,1432832.0
2026-05-04 23:00:00,0.1102600023150444,0.11031000316143036,0.10999000072479248,0.11031000316143036,0.0
2026-05-04 23:30:00,0.11027999967336655,0.11031000316143036,0.11003000289201736,0.11007999628782272,0.0
2026-05-05 00:00:00,0.11010000109672546,0.11044000089168549,0.10997000336647034,0.11016000062227249,0.0
2026-05-05 00:30:00,0.11016000062227249,0.11090999841690063,0.11016000062227249,0.11078000068664551,1101568.0
2026-05-05 01:00:00,0.11078999936580658,0.11111000180244446,0.11050999909639359,0.11111000180244446,0.0
2026-05-05 01:30:00,0.11110000312328339,0.11129999905824661,0.11093000322580338,0.11096999794244766,0.0
2026-05-05 02:00:00,0.11096999794244766,0.11144000291824341,0.11096999794244766,0.11124999821186066,0.0
2026-05-05 02:30:00,0.11125999689102173,0.1116499975323677,0.1110600009560585,0.11129999905824661,0.0
2026-05-05 03:00:00,0.11134999990463257,0.11175999790430069,0.11121000349521637,0.11157000064849854,0.0
2026-05-05 03:30:00,0.1115799993276596,0.11174000054597855,0.11128000169992447,0.11139000207185745,0.0
2026-05-05 04:00:00,0.1114099994301796,0.11180000007152557,0.11128000169992447,0.1114799976348877,0.0
2026-05-05 04:30:00,0.11146999895572662,0.11158999800682068,0.11125999689102173,0.11142999678850174,0.0
2026-05-05 05:00:00,0.11134999990463257,0.1119299978017807,0.11129000037908554,0.11173000186681747,9445248.0
2026-05-05 05:30:00,0.11174999922513962,0.11191999912261963,0.11151999980211258,0.11163999885320663,3413760.0
2026-05-05 06:00:00,0.11170999705791473,0.11176999658346176,0.1114099994301796,0.11142999678850174,0.0
2026-05-05 06:30:00,0.11142999678850174,0.11169999837875366,0.11128000169992447,0.11168999969959259,0.0
2026-05-05 07:00:00,0.11173000186681747,0.11189000308513641,0.11151000112295151,0.11169999837875366,1227008.0
2026-05-05 07:30:00,0.11169999837875366,0.11180000007152557,0.11130999773740768,0.11145000159740448,3736832.0
2026-05-05 08:00:00,0.11145000159740448,0.11166000366210938,0.11145000159740448,0.1114799976348877,0.0
2026-05-05 08:30:00,0.11146999895572662,0.11161000281572342,0.11128000169992447,0.11161000281572342,4990208.0
2026-05-05 09:00:00,0.11162000149488449,0.11163000017404556,0.11088000237941742,0.11116000264883041,1318784.0
2026-05-05 09:30:00,0.11114999651908875,0.11122000217437744,0.11073999851942062,0.11107999831438065,5001728.0
2026-05-05 10:00:00,0.11110000312328339,0.11135999858379364,0.11101000010967255,0.11122000217437744,0.0
2026-05-05 10:30:00,0.1111999973654747,0.11180000007152557,0.1111999973654747,0.11178000271320343,0.0
2026-05-05 11:00:00,0.11178000271320343,0.1119299978017807,0.1113400012254715,0.11176999658346176,0.0
2026-05-05 11:30:00,0.11175999790430069,0.1121399998664856,0.11173000186681747,0.11187999695539474,4252544.0
2026-05-06 00:00:00,0.11482000350952148,0.11501000076532364,0.11409000307321548,0.11420000344514847,0.0
2026-05-06 00:30:00,0.11420000344514847,0.11457999795675278,0.11383000016212463,0.1143300011754036,35968.0
2026-05-06 01:00:00,0.11435999721288681,0.11535999923944473,0.11416000127792358,0.11475999653339386,328192.0
2026-05-06 01:30:00,0.11472000181674957,0.11495999991893768,0.1144699975848198,0.11495999991893768,12088448.0
2026-05-06 02:00:00,0.11508999764919281,0.11562000215053558,0.11467000097036362,0.11480999737977982,6811776.0
2026-05-06 02:30:00,0.11479999870061874,0.11563000082969666,0.1145000010728836,0.11558999866247177,12772096.0
2026-05-06 03:00:00,0.11559999734163284,0.11587999761104584,0.11495999991893768,0.11562000215053558,1969664.0
2026-05-06 03:30:00,0.11563999950885773,0.11608000099658966,0.11541999876499176,0.11591999977827072,4449408.0
2026-05-06 04:00:00,0.11585000157356262,0.1159600019454956,0.11533000320196152,0.11535000056028366,418688.0
2026-05-06 04:30:00,0.11535000056028366,0.11546999961137772,0.11495999991893768,0.11502999812364578,0.0
2026-05-06 05:00:00,0.11509999632835388,0.1160999983549118,0.11495000123977661,0.11581999808549881,0.0
2026-05-06 05:30:00,0.1158600002527237,0.11588999629020691,0.11495999991893768,0.11585000157356262,0.0
2026-05-06 06:00:00,0.11587999761104584,0.11602000147104263,0.11513999849557877,0.11522000283002853,0.0
2026-05-06 06:30:00,0.11518999934196472,0.11558999866247177,0.11513999849557877,0.11539000272750854,0.0
2026-05-06 07:00:00,0.11541999876499176,0.11614999920129776,0.11483000218868256,0.11590000241994858,0.0
2026-05-06 07:30:00,0.11587999761104584,0.11623000353574753,0.11569000035524368,0.11574999988079071,0.0
2026-05-06 08:00:00,0.1157199963927269,0.11614000052213669,0.11561000347137451,0.11614000052213669,0.0
2026-05-06 08:30:00,0.11608999967575073,0.11686000227928162,0.11608999967575073,0.1168299987912178,0.0
2026-05-06 09:00:00,0.11682000011205673,0.11686000227928162,0.11588999629020691,0.11625000089406967,0.0
2026-05-06 09:30:00,0.11625000089406967,0.11680000275373459,0.11595000326633453,0.11633999645709991,0.0
2026-05-06 10:00:00,0.11640000343322754,0.11663000285625458,0.11597000062465668,0.11606000363826752,0.0
2026-05-06 10:30:00,0.11603999882936478,0.1165200024843216,0.11598999798297882,0.11643999814987183,0.0
2026-05-06 11:00:00,0.11643999814987183,0.11708000302314758,0.11636999994516373,0.11655999720096588,0.0
2026-05-06 11:30:00,0.1165900006890297,0.11681000143289566,0.11625999957323074,0.1165900006890297,0.0
2026-05-06 12:00:00,0.11659999936819077,0.11675000190734863,0.11598999798297882,0.11613000184297562,0.0
2026-05-06 12:30:00,0.11614000052213669,0.11638999730348587,0.11601000279188156,0.11612000316381454,0.0
2026-05-06 13:00:00,0.1160300001502037,0.1160300001502037,0.1133200004696846,0.11401999741792679,1236992.0
2026-05-06 13:30:00,0.11392000317573547,0.11432000249624252,0.1114099994301796,0.11275999993085861,18362624.0
2026-05-06 14:00:00,0.11281000077724457,0.11360999941825867,0.11184000223875046,0.11327999830245972,53884416.0
2026-05-06 14:30:00,0.11326000094413757,0.1137700006365776,0.11281000077724457,0.11282999813556671,786816.0
2026-05-06 15:00:00,0.11291000247001648,0.11354000121355057,0.11276999861001968,0.11309999972581863,2803328.0
2026-05-06 15:30:00,0.11313000321388245,0.11339999735355377,0.11294999718666077,0.11308000236749649,1173632.0
2026-05-06 16:00:00,0.11308000236749649,0.11354999989271164,0.11262000352144241,0.11277999728918076,839808.0
2026-05-06 16:30:00,0.11281999945640564,0.11354999989271164,0.11260999739170074,0.1131799966096878,23270656.0
2026-05-06 17:00:00,0.11322999745607376,0.11354999989271164,0.11298000067472458,0.11327999830245972,17291904.0
2026-05-06 17:30:00,0.1132500022649765,0.11333999782800674,0.11296000331640244,0.1131099984049797,38996224.0
2026-05-06 18:00:00,0.1131099984049797,0.11333999782800674,0.11274000257253647,0.1131099984049797,17035776.0
2026-05-06 18:30:00,0.11309999972581863,0.11319000273942947,0.11270999908447266,0.1127299964427948,5097088.0
2026-05-06 19:00:00,0.11271999776363373,0.11299999803304672,0.11253999918699265,0.11260999739170074,10282112.0
2026-05-06 19:30:00,0.1125900000333786,0.11298999935388565,0.11255999654531479,0.11296000331640244,0.0
2026-05-06 20:00:00,0.11298999935388565,0.11324000358581543,0.11275000125169754,0.11287999898195267,6269952.0
2026-05-06 20:30:00,0.11287999898195267,0.11292000114917755,0.1123099997639656,0.11275999993085861,4805120.0
2026-05-06 21:00:00,0.11275999993085861,0.11289999634027481,0.11259999871253967,0.11279000341892242,928000.0
2026-05-06 21:30:00,0.11279000341892242,0.11309000104665756,0.11274000257253647,0.11299999803304672,5340032.0
2026-05-06 22:00:00,0.11302000284194946,0.11302000284194946,0.11221999675035477,0.11224000155925751,2988288.0
2026-05-06 22:30:00,0.11225000023841858,0.11258000135421753,0.11225000023841858,0.11240000277757645,352000.0
2026-05-06 23:00:00,0.11240000277757645,0.11242999881505966,0.11197999864816666,0.11231999844312668,331136.0
2026-05-06 23:30:00,0.11229000240564346,0.11251000314950943,0.11221999675035477,0.11247999966144562,831488.0
2026-05-07 00:00:00,0.11247999966144562,0.11248999834060669,0.11196000128984451,0.11196000128984451,1360119808.0
2026-05-07 00:30:00,0.11193999648094177,0.11196000128984451,0.11133000254631042,0.11145000159740448,11448064.0
2026-05-07 01:00:00,0.11146000027656555,0.11146000027656555,0.1103300005197525,0.11131999641656876,37232896.0
2026-05-07 01:30:00,0.11131999641656876,0.11155000329017639,0.1110600009560585,0.11113999783992767,632576.0
2026-05-07 02:00:00,0.11113999783992767,0.11118999868631363,0.11045999825000763,0.11045999825000763,6809856.0
2026-05-07 02:30:00,0.11049000173807144,0.11073999851942062,0.11027999967336655,0.11061999946832657,3740928.0
2026-05-07 03:00:00,0.11056999862194061,0.11084000021219254,0.11016999930143356,0.11048000305891037,0.0
2026-05-07 03:30:00,0.11048000305891037,0.11076000332832336,0.11025000363588333,0.11031000316143036,0.0
2026-05-07 04:00:00,0.11023999750614166,0.11073999851942062,0.11007999628782272,0.11067000031471252,23031040.0
2026-05-07 04:30:00,0.1106799989938736,0.11072999984025955,0.11050999909639359,0.11063999682664871,1925120.0
2026-05-07 05:00:00,0.11065000295639038,0.11124999821186066,0.11044000089168549,0.11114999651908875,9800448.0
2026-05-07 05:30:00,0.11118999868631363,0.1113400012254715,0.11067000031471252,0.1107499971985817,6931712.0
2026-05-07 06:00:00,0.11072999984025955,0.11079999804496765,0.1103999987244606,0.11072000116109848,2320640.0
2026-05-07 06:30:00,0.11076000332832336,0.11146000027656555,0.11069999635219574,0.11144000291824341,5709824.0
2026-05-07 07:00:00,0.11144000291824341,0.11169999837875366,0.11125999689102173,0.1113400012254715,0.0
2026-05-07 07:30:00,0.11131999641656876,0.1117900013923645,0.11130999773740768,0.11169999837875366,218112.0
2026-05-07 08:00:00,0.11168999969959259,0.1117900013923645,0.11131999641656876,0.11161000281572342,1500416.0
2026-05-07 08:30:00,0.11162000149488449,0.11181999742984772,0.11136999726295471,0.1114799976348877,20715520.0
2026-05-07 09:00:00,0.1114799976348877,0.1117200031876564,0.1112700030207634,0.11135999858379364,0.0
2026-05-07 09:30:00,0.11136999726295471,0.11173000186681747,0.11135999858379364,0.11138000339269638,18063360.0
2026-05-07 10:00:00,0.1113400012254715,0.11181999742984772,0.11078999936580658,0.11094000190496445,0.0
2026-05-07 10:30:00,0.11095000058412552,0.11133000254631042,0.11084999889135361,0.11100000143051147,3977984.0
2026-05-07 11:00:00,0.11105000227689743,0.11136999726295471,0.11090999841690063,0.11123000085353851,284160.0
2026-05-07 11:30:00,0.11123000085353851,0.11140000075101852,0.11083000153303146,0.1111299991607666,118272.0
2026-05-07 12:00:00,0.1111299991607666,0.11153999716043472,0.11110000312328339,0.1114099994301796,0.0
2026-05-07 12:30:00,0.11139000207185745,0.11159999668598175,0.11129000037908554,0.11152999848127365,225920.0
2026-05-07 13:00:00,0.11151000112295151,0.11151000112295151,0.11090999841690063,0.11113999783992767,0.0
2026-05-07 13:30:00,0.11114999651908875,0.11114999651908875,0.10825999826192856,0.10944999754428864,0.0
2026-05-07 14:00:00,0.10941000282764435,0.10972999781370163,0.10907000303268433,0.10920000076293945,30464.0
2026-05-07 14:30:00,0.10920000076293945,0.10920999944210052,0.10840000212192535,0.10899999737739563,11314176.0
2026-05-07 15:00:00,0.10899999737739563,0.10952000319957733,0.1068900004029274,0.1076200008392334,18986624.0
2026-05-07 15:30:00,0.1076899990439415,0.1082800030708313,0.10751999914646149,0.10798999667167664,89181824.0
2026-05-07 16:00:00,0.10796000063419342,0.1082800030708313,0.10756000131368637,0.10824999958276749,10232320.0
2026-05-07 16:30:00,0.10822000354528427,0.10824999958276749,0.10745000094175339,0.10763999819755554,0.0
2026-05-07 17:00:00,0.10766000300645828,0.10794000327587128,0.10717999935150146,0.1074799969792366,343296.0
2026-05-07 17:30:00,0.10749000310897827,0.10802999883890152,0.10734999924898148,0.10797999799251556,6653056.0
2026-05-07 18:00:00,0.10801000148057938,0.10845000296831131,0.10801000148057938,0.10831999778747559,3852800.0
2026-05-07 18:30:00,0.10829000174999237,0.10858000069856644,0.10784000158309937,0.10806000232696533,0.0
2026-05-07 19:00:00,0.1080700010061264,0.10829000174999237,0.10778000205755234,0.10786999762058258,3061632.0
2026-05-07 19:30:00,0.10790000110864639,0.10831999778747559,0.10787999629974365,0.10791999846696854,759808.0
2026-05-07 20:00:00,0.10795000195503235,0.10840000212192535,0.10790999978780746,0.1081399992108345,2223872.0
2026-05-07 20:30:00,0.10814999788999557,0.10814999788999557,0.10778000205755234,0.10779999941587448,1182336.0
2026-05-07 21:00:00,0.10773000121116638,0.10803999751806259,0.10740000009536743,0.10803999751806259,12821504.0
2026-05-07 21:30:00,0.10805000364780426,0.1081399992108345,0.10769999772310257,0.10773000121116638,857856.0
2026-05-07 22:00:00,0.10770999640226364,0.10785999894142151,0.10739000141620636,0.10770999640226364,0.0
2026-05-07 22:30:00,0.10768000036478043,0.10781999677419662,0.10745999962091446,0.1076899990439415,1892736.0
2026-05-07 23:00:00,0.10767000168561935,0.10779999941587448,0.10760000348091125,0.1076200008392334,63360.0
2026-05-07 23:30:00,0.10762999951839447,0.10791999846696854,0.10752999782562256,0.10784000158309937,527232.0
2026-05-08 00:00:00,0.10784000158309937,0.10802999883890152,0.1076899990439415,0.1077599972486496,215296.0
2026-05-08 00:30:00,0.1077599972486496,0.10779999941587448,0.10671000182628632,0.10690999776124954,43800704.0
2026-05-08 01:00:00,0.10696999728679657,0.1072700023651123,0.10612999647855759,0.10617999732494354,5299840.0
2026-05-08 03:00:00,0.10607465356588364,0.10636673122644424,0.10605540871620178,0.10627123713493347,390201216.0
2026-05-08 03:30:00,0.10629341006278992,0.10653269290924072,0.10629341006278992,0.10646747797727585,429696.0
2026-05-08 04:00:00,0.10641027241945267,0.10652700066566467,0.10636883229017258,0.10652700066566467,162432.0
2026-05-08 04:30:00,0.1065126582980156,0.10653967410326004,0.10628926753997803,0.10649636387825012,310784.0
2026-05-08 05:00:00,0.1064925342798233,0.1064925342798233,0.10626400262117386,0.10626400262117386,0.0
2026-05-08 05:30:00,0.10627139359712601,0.10635194182395935,0.10606224089860916,0.1061752587556839,0.0
2026-05-08 06:00:00,0.10595203191041946,0.10602729767560959,0.10581265389919281,0.10596872866153717,37203456.0
2026-05-08 06:30:00,0.10596558451652527,0.1063290610909462,0.10592294484376907,0.10619709640741348,179968.0
2026-05-08 07:00:00,0.10620060563087463,0.10638568550348282,0.1060209795832634,0.10613403469324112,7849088.0
2026-05-08 07:30:00,0.10613508522510529,0.10635524988174438,0.10613508522510529,0.1063351109623909,7380992.0
2026-05-08 08:00:00,0.10633622854948044,0.1066318154335022,0.10632070153951645,0.1066318154335022,2953856.0
2026-05-08 08:30:00,0.10662934184074402,0.10709935426712036,0.10662934184074402,0.10706393420696259,9306880.0
2026-05-08 09:00:00,0.10705864429473877,0.10760913044214249,0.10693411529064178,0.10760913044214249,7806976.0
2026-05-08 09:30:00,0.10760330408811569,0.10760330408811569,0.10701989382505417,0.10702904313802719,9860992.0
2026-05-08 10:00:00,0.10703963041305542,0.1073102056980133,0.10690370202064514,0.1069120541214943,3661184.0
2026-05-08 10:30:00,0.10689990967512131,0.10752508789300919,0.10689990967512131,0.1075010672211647,4092160.0
2026-05-08 11:00:00,0.10748618841171265,0.10753295570611954,0.10733755677938461,0.10748591274023056,8043648.0
2026-05-08 11:30:00,0.1075175553560257,0.10752024501562119,0.10734863579273224,0.10743755102157593,6119808.0
2026-05-08 12:00:00,0.10743561387062073,0.1074574813246727,0.10708999633789062,0.10736999660730362,4391936.0
2026-05-08 12:30:00,0.10756000131368637,0.10763999819755554,0.10659000277519226,0.10670000314712524,16811904.0
2026-05-08 13:00:00,0.10666000097990036,0.10690999776124954,0.10632000118494034,0.10638999938964844,2547968.0
2026-05-08 13:30:00,0.10639999806880951,0.10684999823570251,0.10639999806880951,0.10672000050544739,56192.0
2026-05-08 14:00:00,0.10678999871015549,0.1076899990439415,0.10672000050544739,0.10732000321149826,2433792.0
2026-05-08 14:30:00,0.10728999972343445,0.10786999762058258,0.10687000304460526,0.10773999989032745,1775488.0
2026-05-08 15:00:00,0.10777000337839127,0.10785999894142151,0.1068900004029274,0.10708999633789062,0.0
2026-05-08 15:30:00,0.10707999765872955,0.10818000137805939,0.10700999945402145,0.10806000232696533,2397440.0
2026-05-08 16:00:00,0.10806000232696533,0.10811000317335129,0.1075500026345253,0.10763999819755554,0.0
2026-05-08 16:30:00,0.10763999819755554,0.10763999819755554,0.10726000368595123,0.10738000273704529,2023936.0
2026-05-08 17:00:00,0.10735999792814255,0.10779999941587448,0.10734999924898148,0.10773000121116638,337920.0
2026-05-08 17:30:00,0.10780999809503555,0.10840000212192535,0.10780999809503555,0.10802999883890152,13546112.0
2026-05-08 18:00:00,0.10808999836444855,0.1088699996471405,0.10805000364780426,0.10874000191688538,8330624.0
2026-05-08 18:30:00,0.10870999842882156,0.10903000086545944,0.10849999636411667,0.10849999636411667,6815616.0
2026-05-08 19:00:00,0.1084899976849556,0.10905999690294266,0.10829000174999237,0.10896000266075134,12963456.0
2026-05-08 19:30:00,0.10896000266075134,0.10907000303268433,0.10876999795436859,0.1089399978518486,10959616.0
2026-05-08 20:00:00,0.10886000096797943,0.1094600036740303,0.10871999710798264,0.10942000150680542,7091840.0
2026-05-08 20:30:00,0.10947000235319138,0.10947000235319138,0.10843999683856964,0.10864999890327454,7898880.0
2026-05-08 21:00:00,0.10870999842882156,0.1090800017118454,0.10858999937772751,0.10885000228881836,1819136.0
2026-05-08 21:30:00,0.10887999832630157,0.10933999717235565,0.10887999832630157,0.10933999717235565,1876224.0
2026-05-08 22:00:00,0.10931000113487244,0.10949999839067459,0.1091499999165535,0.10943999886512756,273792.0
2026-05-08 22:30:00,0.10943999886512756,0.10970000177621841,0.10939999669790268,0.10960999876260757,5360256.0
2026-05-08 23:00:00,0.10961999744176865,0.10970000177621841,0.10933999717235565,0.10947000235319138,3735936.0
2026-05-08 23:30:00,0.10944999754428864,0.10956999659538269,0.1091499999165535,0.1095300018787384,1966592.0
2026-05-09 00:00:00,0.10954999923706055,0.10972999781370163,0.10938999801874161,0.10954999923706055,2011776.0
2026-05-09 00:30:00,0.10965000092983246,0.10987000167369843,0.1094600036740303,0.10949999839067459,3664256.0
2026-05-09 01:00:00,0.1095300018787384,0.11027999967336655,0.10948000103235245,0.11027000099420547,0.0
2026-05-09 01:30:00,0.11022000014781952,0.11089999973773956,0.11022000014781952,0.11048000305891037,12906240.0
2026-05-09 02:00:00,0.11055999994277954,0.11114999651908875,0.11052999645471573,0.11072999984025955,13437696.0
2026-05-09 02:30:00,0.11073999851942062,0.1109199970960617,0.1104699969291687,0.1105400025844574,958208.0
2026-05-09 03:00:00,0.1105400025844574,0.11096999794244766,0.11028999835252762,0.11080999672412872,0.0
2026-05-09 03:30:00,0.11078000068664551,0.11078000068664551,0.1101899966597557,0.11037000268697739,2244480.0
2026-05-09 04:00:00,0.1103999987244606,0.11105000227689743,0.1103999987244606,0.11055000126361847,6991744.0
2026-05-09 04:30:00,0.11050999909639359,0.11129000037908554,0.11050999909639359,0.11068999767303467,17835264.0
2026-05-09 05:00:00,0.11062999814748764,0.11065000295639038,0.1101899966597557,0.1101899966597557,14050176.0
2026-05-09 05:30:00,0.1099499985575676,0.11078000068664551,0.1099499985575676,0.11066000163555145,17303552.0
2026-05-09 06:00:00,0.11067000031471252,0.11130999773740768,0.11034999787807465,0.11051999777555466,6347520.0
2026-05-09 06:30:00,0.11050000041723251,0.11087000370025635,0.11035999655723572,0.11065000295639038,20797568.0
2026-05-09 07:00:00,0.11067000031471252,0.11072999984025955,0.10993999987840652,0.11035999655723572,1542016.0
2026-05-09 07:30:00,0.11034999787807465,0.11049000173807144,0.11004000157117844,0.11020000278949738,3857792.0
2026-05-09 08:00:00,0.11020000278949738,0.11065000295639038,0.11020000278949738,0.11044999957084656,0.0
2026-05-09 08:30:00,0.11044999957084656,0.11051999777555466,0.1102600023150444,0.11037000268697739,0.0
2026-05-09 09:00:00,0.11033999919891357,0.11037000268697739,0.10970000177621841,0.10975000262260437,0.0
2026-05-09 09:30:00,0.10975000262260437,0.10999000072479248,0.10971000045537949,0.10992000252008438,0.0
2026-05-09 10:00:00,0.10992000252008438,0.1099499985575676,0.10950999706983566,0.10959000140428543,741760.0
2026-05-09 10:30:00,0.10954000055789948,0.10982999950647354,0.10954000055789948,0.10965000092983246,430336.0
2026-05-09 11:00:00,0.10965999960899353,0.10987000167369843,0.10961999744176865,0.10976000130176544,0.0
2026-05-09 11:30:00,0.10976999998092651,0.10978999733924866,0.1095300018787384,0.10956999659538269,0.0
2026-05-09 12:00:00,0.10956999659538269,0.10975000262260437,0.10920000076293945,0.10967999696731567,227200.0
2026-05-09 12:30:00,0.10964000225067139,0.10964000225067139,0.10926000028848648,0.10941000282764435,0.0
2026-05-09 13:00:00,0.10941000282764435,0.10944999754428864,0.10887999832630157,0.10899999737739563,4295552.0
2026-05-09 13:30:00,0.10899999737739563,0.10920999944210052,0.10875000059604645,0.10919000208377838,825024.0
2026-05-09 14:00:00,0.10920999944210052,0.10920999944210052,0.10834000259637833,0.10845000296831131,0.0
2026-05-09 14:30:00,0.10847999900579453,0.10870999842882156,0.10831999778747559,0.10846000164747238,0.0
2026-05-09 15:00:00,0.10847000032663345,0.10871999710798264,0.10808999836444855,0.10864000022411346,1194688.0
2026-05-09 15:30:00,0.10864000022411346,0.1088000014424324,0.1084199994802475,0.10860999673604965,45376.0
2026-05-09 16:00:00,0.10860999673604965,0.10918000340461731,0.10845000296831131,0.10898999869823456,3509248.0
2026-05-09 16:30:00,0.10894999653100967,0.10898000001907349,0.10869999974966049,0.10887999832630157,346112.0
2026-05-09 17:00:00,0.10891000181436539,0.10941000282764435,0.10888999700546265,0.10933999717235565,2995072.0
2026-05-09 17:30:00,0.10942000150680542,0.10965000092983246,0.10931000113487244,0.10947000235319138,0.0
2026-05-09 18:00:00,0.10948000103235245,0.10998000204563141,0.10948000103235245,0.1098800003528595,0.0
2026-05-09 18:30:00,0.10989999771118164,0.10989999771118164,0.1094600036740303,0.1096000000834465,0.0
2026-05-09 19:00:00,0.10961999744176865,0.10971000045537949,0.10950999706983566,0.10961999744176865,0.0
2026-05-09 19:30:00,0.10963000357151031,0.10975000262260437,0.10958000272512436,0.10970000177621841,0.0
2026-05-09 20:00:00,0.10969000309705734,0.10971000045537949,0.10931999981403351,0.10937000066041946,1256128.0
2026-05-09 20:30:00,0.10941000282764435,0.10947000235319138,0.10930000245571136,0.10937999933958054,0.0
2026-05-09 21:00:00,0.10937000066041946,0.10954999923706055,0.10920999944210052,0.10932999849319458,0.0
2026-05-09 21:30:00,0.10932999849319458,0.10938999801874161,0.10909999907016754,0.10931000113487244,1731072.0
2026-05-09 22:00:00,0.10933999717235565,0.10938999801874161,0.10919000208377838,0.10931999981403351,0.0
2026-05-09 22:30:00,0.10930000245571136,0.10931000113487244,0.10898999869823456,0.10898999869823456,0.0
2026-05-09 23:00:00,0.10904999822378159,0.10920000076293945,0.10859999805688858,0.10865999758243561,1292992.0
2026-05-09 23:30:00,0.10864999890327454,0.10876999795436859,0.10852999985218048,0.10871999710798264,0.0
2026-05-10 00:00:00,0.10869999974966049,0.10892999917268753,0.1084199994802475,0.10882999747991562,0.0
2026-05-10 00:30:00,0.1088000014424324,0.10885000228881836,0.10830999910831451,0.1084199994802475,0.0
2026-05-10 01:00:00,0.10841000080108643,0.10841000080108643,0.10785999894142151,0.10786999762058258,1682432.0
2026-05-10 01:30:00,0.10785999894142151,0.10823000222444534,0.10785999894142151,0.10809999704360962,423872.0
2026-05-10 02:00:00,0.10806000232696533,0.10884000360965729,0.10791999846696854,0.10875000059604645,0.0
2026-05-10 02:30:00,0.10877999663352966,0.10894999653100967,0.10846000164747238,0.10858999937772751,7227392.0
2026-05-10 03:00:00,0.10858000069856644,0.10882999747991562,0.1084899976849556,0.10857000201940536,0.0
2026-05-10 03:30:00,0.10859999805688858,0.10870999842882156,0.10843999683856964,0.10849999636411667,226432.0
2026-05-10 04:00:00,0.10851000249385834,0.10857000201940536,0.10835999995470047,0.10857000201940536,0.0
2026-05-10 04:30:00,0.10857000201940536,0.10869000107049942,0.10840000212192535,0.10851000249385834,152768.0
2026-05-10 05:00:00,0.10846000164747238,0.10858999937772751,0.10834000259637833,0.10853999853134155,0.0
2026-05-10 05:30:00,0.10858999937772751,0.10865999758243561,0.10839000344276428,0.10839000344276428,0.0
2026-05-10 06:00:00,0.10845000296831131,0.10847000032663345,0.10817000269889832,0.10830000042915344,1321280.0
2026-05-10 06:30:00,0.10830000042915344,0.10845000296831131,0.10826999694108963,0.10839000344276428,0.0
2026-05-10 07:00:00,0.1084199994802475,0.10858999937772751,0.1082800030708313,0.10854999721050262,0.0
2026-05-10 07:30:00,0.1085600033402443,0.1087300032377243,0.10847000032663345,0.10849999636411667,0.0
2026-05-10 08:00:00,0.10851000249385834,0.10892999917268753,0.10847000032663345,0.10881999880075455,2183680.0
2026-05-10 08:30:00,0.1088000014424324,0.1088699996471405,0.1085600033402443,0.10869999974966049,2846016.0
2026-05-10 09:00:00,0.10871999710798264,0.10915999859571457,0.10867000371217728,0.1088000014424324,7168384.0
2026-05-10 09:30:00,0.10877999663352966,0.10905999690294266,0.1084899976849556,0.10852999985218048,3935296.0
2026-05-10 10:00:00,0.10857000201940536,0.10857000201940536,0.10785999894142151,0.10840000212192535,14024704.0
2026-05-10 10:30:00,0.10839000344276428,0.10871999710798264,0.10830000042915344,0.10869999974966049,3218048.0
2026-05-10 11:00:00,0.10867000371217728,0.1088000014424324,0.10796000063419342,0.10815999656915665,18354176.0
2026-05-10 11:30:00,0.10815999656915665,0.10824999958276749,0.10811000317335129,0.10819999873638153,2141568.0
2026-05-10 12:00:00,0.10819000005722046,0.10831999778747559,0.10792999714612961,0.10812000185251236,1334848.0
2026-05-10 12:30:00,0.10812000185251236,0.10822000354528427,0.10801000148057938,0.10808999836444855,4644736.0
2026-05-10 13:00:00,0.10808999836444855,0.10845000296831131,0.1080000028014183,0.10819999873638153,828352.0
2026-05-10 13:30:00,0.10819999873638153,0.10830999910831451,0.10809999704360962,0.10825999826192856,7535872.0
2026-05-10 14:00:00,0.10824000090360641,0.1083500012755394,0.10785999894142151,0.1080700010061264,5930816.0
2026-05-10 14:30:00,0.10808999836444855,0.10845000296831131,0.10796999931335449,0.10826999694108963,1996416.0
2026-05-10 15:00:00,0.10829000174999237,0.10851000249385834,0.10823000222444534,0.1083500012755394,1250112.0
2026-05-10 15:30:00,0.10836999863386154,0.10909999907016754,0.1083500012755394,0.10909999907016754,13268928.0
2026-05-10 16:00:00,0.10913000255823135,0.10959000140428543,0.10881999880075455,0.10948999971151352,13290560.0
2026-05-10 16:30:00,0.10954000055789948,0.1097399964928627,0.10920000076293945,0.10964000225067139,17836352.0
2026-05-10 17:00:00,0.10965000092983246,0.11100000143051147,0.10947000235319138,0.11100000143051147,26782528.0
2026-05-10 17:30:00,0.11090999841690063,0.11112000048160553,0.11032000184059143,0.11089000105857849,32648512.0
2026-05-10 18:00:00,0.11094000190496445,0.11166000366210938,0.11068999767303467,0.11129000037908554,27480576.0
2026-05-10 18:30:00,0.11128000169992447,0.1114799976348877,0.11079999804496765,0.11097999662160873,25470336.0
2026-05-10 19:00:00,0.11095000058412552,0.11150000244379044,0.11029999703168869,0.1114099994301796,17554368.0
2026-05-10 19:30:00,0.11136999726295471,0.11139000207185745,0.11072999984025955,0.11110000312328339,13005952.0
2026-05-10 20:00:00,0.11111000180244446,0.11153999716043472,0.11007999628782272,0.11029999703168869,21285184.0
2026-05-10 20:30:00,0.11027000099420547,0.11028999835252762,0.10638999938964844,0.10792999714612961,101282368.0
2026-05-10 21:00:00,0.10787999629974365,0.10863000154495239,0.10767000168561935,0.10859999805688858,43260864.0
2026-05-10 21:30:00,0.10864999890327454,0.10892000049352646,0.10823000222444534,0.10832999646663666,13338176.0
2026-05-10 22:00:00,0.10822000354528427,0.11022999882698059,0.10814999788999557,0.10989999771118164,51911040.0
2026-05-10 22:30:00,0.10988999903202057,0.1120700016617775,0.10967999696731567,0.11185000091791153,93360768.0
2026-05-10 23:00:00,0.11187999695539474,0.1124500036239624,0.11140000075101852,0.11190000176429749,122030848.0
2026-05-10 23:30:00,0.11186999827623367,0.11285000294446945,0.1117200031876564,0.1123799979686737,80236416.0
2026-05-11 00:00:00,0.11242000013589859,0.1127299964427948,0.11059000343084335,0.11085999757051468,97875072.0
2026-05-11 00:30:00,0.11085999757051468,0.11159999668598175,0.10986000299453735,0.11044999957084656,45099392.0
2026-05-11 01:00:00,0.11050000041723251,0.11175999790430069,0.1100199967622757,0.1111999973654747,38395520.0
2026-05-11 01:30:00,0.1111299991607666,0.1114099994301796,0.11043000221252441,0.11067000031471252,28888064.0
2026-05-11 02:00:00,0.11063999682664871,0.11089000105857849,0.1097399964928627,0.11000999808311462,20790656.0
2026-05-11 02:30:00,0.10999000072479248,0.11010000109672546,0.1094600036740303,0.10977999866008759,14000896.0
2026-05-11 03:00:00,0.10982999950647354,0.10982999950647354,0.10859999805688858,0.10869999974966049,20696832.0
2026-05-11 03:30:00,0.10865999758243561,0.1092899963259697,0.10840000212192535,0.10909999907016754,35981568.0
2026-05-11 04:00:00,0.10905999690294266,0.10955999791622162,0.10875999927520752,0.1095300018787384,19674112.0
2026-05-11 04:30:00,0.10949999839067459,0.10997000336647034,0.10927999764680862,0.10944999754428864,38621952.0
2026-05-11 05:00:00,0.10950999706983566,0.10984999686479568,0.10936000198125839,0.10977999866008759,9341440.0
2026-05-11 05:30:00,0.10980000346899033,0.10998000204563141,0.10958000272512436,0.1098100021481514,12964736.0
2026-05-11 06:00:00,0.10982999950647354,0.11010999977588654,0.10969000309705734,0.10989999771118164,11041408.0
2026-05-11 06:30:00,0.10986000299453735,0.10999000072479248,0.10924000293016434,0.10949999839067459,10676480.0
2026-05-11 07:00:00,0.10949999839067459,0.10952000319957733,0.10881000012159348,0.10887999832630157,15232128.0
2026-05-11 07:30:00,0.10890000313520432,0.10936000198125839,0.1085600033402443,0.10922999680042267,31344256.0
2026-05-11 08:00:00,0.10925000160932541,0.10939999669790268,0.10881000012159348,0.10882999747991562,23296768.0
2026-05-11 08:30:00,0.10871999710798264,0.10975000262260437,0.10871999710798264,0.10948000103235245,9370880.0
2026-05-11 09:00:00,0.10944999754428864,0.10999999940395355,0.10943999886512756,0.10982999950647354,1952512.0
2026-05-11 09:30:00,0.10984999686479568,0.10989999771118164,0.10955999791622162,0.10976000130176544,2739328.0
2026-05-11 10:00:00,0.10971000045537949,0.11034999787807465,0.10960999876260757,0.11014000326395035,5767680.0
2026-05-11 10:30:00,0.11017999798059464,0.11033999919891357,0.10984999686479568,0.10995999723672867,14538624.0
2026-05-11 11:00:00,0.10999000072479248,0.11012999713420868,0.10958000272512436,0.1100199967622757,697088.0
2026-05-11 11:30:00,0.11003000289201736,0.11037000268697739,0.10992000252008438,0.11027999967336655,3606912.0
2026-05-11 12:00:00,0.11027999967336655,0.11032000184059143,0.10955999791622162,0.11016999930143356,1129856.0
2026-05-11 12:30:00,0.11022999882698059,0.1104699969291687,0.10937999933958054,0.1095300018787384,8424576.0
2026-05-11 13:00:00,0.10956999659538269,0.11004000157117844,0.1094600036740303,0.10971000045537949,6140032.0
2026-05-11 13:30:00,0.10970000177621841,0.10997000336647034,0.10904999822378159,0.10990999639034271,10517888.0
2026-05-11 14:00:00,0.10988999903202057,0.1106799989938736,0.10931999981403351,0.10931999981403351,10308864.0
2026-05-11 14:30:00,0.10930000245571136,0.10983999818563461,0.10896000266075134,0.10965999960899353,22167040.0
2026-05-11 15:00:00,0.10967999696731567,0.11080999672412872,0.10927999764680862,0.11066000163555145,18619520.0
2026-05-11 15:30:00,0.11066000163555145,0.11096999794244766,0.11017999798059464,0.11088000237941742,23723904.0
2026-05-11 16:00:00,0.11089000105857849,0.11155000329017639,0.11065000295639038,0.11104000359773636,11491968.0
2026-05-11 16:30:00,0.11102999746799469,0.11138000339269638,0.11077000200748444,0.11116000264883041,5727616.0
2026-05-11 17:00:00,0.11117000132799149,0.11123999953269958,0.11069999635219574,0.1111299991607666,0.0
2026-05-11 17:30:00,0.11113999783992767,0.1117200031876564,0.11095999926328659,0.11133000254631042,11142912.0
2026-05-11 18:00:00,0.1112700030207634,0.11144000291824341,0.11089000105857849,0.11118000000715256,778496.0
2026-05-11 18:30:00,0.1111999973654747,0.11140000075101852,0.11050999909639359,0.11050999909639359,5576448.0
2026-05-11 19:00:00,0.11055000126361847,0.11124999821186066,0.11037000268697739,0.11101999878883362,4814976.0
2026-05-11 19:30:00,0.11102999746799469,0.11180000007152557,0.11102999746799469,0.11151999980211258,7276544.0
2026-05-11 20:00:00,0.11159999668598175,0.11175999790430069,0.11123000085353851,0.11144000291824341,0.0
2026-05-11 20:30:00,0.1114799976348877,0.1116499975323677,0.11131999641656876,0.11142999678850174,0.0
2026-05-11 21:00:00,0.11142999678850174,0.11161000281572342,0.11130999773740768,0.11138000339269638,0.0
2026-05-11 21:30:00,0.11133000254631042,0.11140000075101852,0.11097999662160873,0.11111000180244446,487168.0
2026-05-11 22:00:00,0.11108999699354172,0.11158999800682068,0.11096999794244766,0.11107999831438065,0.0
2026-05-11 22:30:00,0.11110000312328339,0.11158999800682068,0.11105000227689743,0.11141999810934067,0.0
2026-05-11 23:00:00,0.11142999678850174,0.11142999678850174,0.11093000322580338,0.11097999662160873,0.0
2026-05-11 23:30:00,0.11097999662160873,0.11142999678850174,0.11097999662160873,0.11128000169992447,0.0
2026-05-12 00:00:00,0.11125999689102173,0.11141999810934067,0.11106999963521957,0.11134999990463257,0.0
2026-05-12 00:30:00,0.11138000339269638,0.11157000064849854,0.11129000037908554,0.11129999905824661,0.0
2026-05-12 01:00:00,0.11129999905824661,0.11150000244379044,0.11044999957084656,0.11067000031471252,531456.0
2026-05-12 01:30:00,0.11061999946832657,0.1110600009560585,0.10975000262260437,0.11078999936580658,11074688.0
2026-05-12 02:00:00,0.11078000068664551,0.11144000291824341,0.1107499971985817,0.11114999651908875,2796544.0
2026-05-12 02:30:00,0.11118000000715256,0.11118999868631363,0.11049000173807144,0.11072999984025955,2017792.0
2026-05-12 03:00:00,0.11073999851942062,0.11088000237941742,0.11031000316143036,0.11037000268697739,0.0
2026-05-12 03:30:00,0.11040999740362167,0.11056999862194061,0.1099499985575676,0.11006999760866165,0.0
2026-05-12 04:00:00,0.11005000025033951,0.11038000136613846,0.10990999639034271,0.1103300005197525,818688.0
2026-05-12 04:30:00,0.11034999787807465,0.11034999787807465,0.10976999998092651,0.10978999733924866,2521728.0
2026-05-12 05:00:00,0.10982000082731247,0.11035999655723572,0.10982000082731247,0.11007999628782272,8029440.0
2026-05-12 05:30:00,0.11009000241756439,0.11048000305891037,0.1098800003528595,0.1103300005197525,8747776.0
2026-05-12 06:00:00,0.11035999655723572,0.11124999821186066,0.11025000363588333,0.1109900027513504,5752704.0
2026-05-12 06:30:00,0.11101000010967255,0.11101999878883362,0.11051999777555466,0.11055999994277954,9491840.0
2026-05-12 07:00:00,0.11050000041723251,0.11050000041723251,0.10976999998092651,0.11006999760866165,16956544.0
2026-05-12 07:30:00,0.11005000025033951,0.11029999703168869,0.1097399964928627,0.10984999686479568,798336.0
2026-05-12 08:00:00,0.10989999771118164,0.11011999845504761,0.10916999727487564,0.1100199967622757,7598592.0
2026-05-12 08:30:00,0.10998000204563141,0.11027000099420547,0.10972999781370163,0.10978999733924866,2122112.0
2026-05-12 09:00:00,0.10977999866008759,0.10977999866008759,0.10920999944210052,0.10925000160932541,7233536.0
2026-05-12 09:30:00,0.10930000245571136,0.1098100021481514,0.10930000245571136,0.10975000262260437,7858816.0
2026-05-12 10:00:00,0.1097399964928627,0.1097399964928627,0.10927999764680862,0.10937000066041946,2062592.0
2026-05-12 10:30:00,0.10938999801874161,0.10943999886512756,0.10890000313520432,0.10904999822378159,1493632.0
2026-05-12 11:00:00,0.10914000123739243,0.10916999727487564,0.10853999853134155,0.1088000014424324,12730624.0
2026-05-12 11:30:00,0.10884000360965729,0.10947000235319138,0.1088000014424324,0.10942000150680542,9127040.0
2026-05-12 12:00:00,0.10942000150680542,0.10948000103235245,0.10892000049352646,0.10920000076293945,3885312.0
2026-05-12 12:30:00,0.10943999886512756,0.10956999659538269,0.10876999795436859,0.1091499999165535,9534848.0
2026-05-12 13:00:00,0.10915999859571457,0.10924000293016434,0.10886000096797943,0.10915999859571457,14272896.0
2026-05-12 13:30:00,0.1091499999165535,0.10935000330209732,0.10829000174999237,0.10841000080108643,3542016.0
2026-05-12 14:00:00,0.1084199994802475,0.10920000076293945,0.10826999694108963,0.10865999758243561,10081024.0
2026-05-12 14:30:00,0.10862000286579132,0.1091499999165535,0.10790000110864639,0.10877999663352966,10224768.0
2026-05-12 15:00:00,0.1087300032377243,0.1090800017118454,0.10814999788999557,0.10825999826192856,1779712.0
2026-05-12 15:30:00,0.1083500012755394,0.10904999822378159,0.10831999778747559,0.10864999890327454,0.0
2026-05-12 16:00:00,0.10864999890327454,0.10903999954462051,0.10845000296831131,0.10858000069856644,0.0
2026-05-12 16:30:00,0.10854999721050262,0.1087300032377243,0.10750000178813934,0.10787999629974365,9725568.0
2026-05-12 17:00:00,0.10791999846696854,0.10871999710798264,0.10786999762058258,0.1085600033402443,240128.0
2026-05-12 17:30:00,0.10854999721050262,0.10920000076293945,0.10852000117301941,0.10903000086545944,3656576.0
2026-05-12 18:00:00,0.10907000303268433,0.10920999944210052,0.10891000181436539,0.10909000039100647,1007104.0
2026-05-12 18:30:00,0.10902000218629837,0.10947000235319138,0.10898999869823456,0.10926999896764755,0.0
2026-05-12 19:00:00,0.10925000160932541,0.10976000130176544,0.10916999727487564,0.1096000000834465,2044416.0
2026-05-12 19:30:00,0.10961999744176865,0.11021000146865845,0.10961999744176865,0.10982999950647354,8465792.0
2026-05-12 20:00:00,0.10982999950647354,0.11005000025033951,0.10976999998092651,0.11004000157117844,89472.0
2026-05-12 20:30:00,0.11005999892950058,0.11027000099420547,0.10987000167369843,0.11017999798059464,4593792.0
2026-05-12 21:00:00,0.11017999798059464,0.11067000031471252,0.11017999798059464,0.11025000363588333,20096256.0
2026-05-12 21:30:00,0.11027000099420547,0.11027000099420547,0.1098800003528595,0.10999000072479248,2102144.0
2026-05-12 22:00:00,0.10999000072479248,0.11035999655723572,0.10999000072479248,0.11016000062227249,1822848.0
2026-05-12 22:30:00,0.11015000194311142,0.11039000004529953,0.11011999845504761,0.11022999882698059,1359872.0
2026-05-12 23:00:00,0.11023999750614166,0.11044000089168549,0.10995999723672867,0.1101899966597557,1333376.0
2026-05-12 23:30:00,0.1101899966597557,0.1101899966597557,0.10984999686479568,0.11012999713420868,4186240.0
2026-05-13 00:00:00,0.11011999845504761,0.11040999740362167,0.10992000252008438,0.1102600023150444,1448576.0
2026-05-13 00:30:00,0.11023999750614166,0.11069999635219574,0.11016000062227249,0.11063999682664871,1663104.0
2026-05-13 01:00:00,0.11065000295639038,0.11168000102043152,0.11062999814748764,0.11162000149488449,37947776.0
2026-05-13 01:30:00,0.11163999885320663,0.11173000186681747,0.11102999746799469,0.11111000180244446,3674752.0
2026-05-13 02:00:00,0.11111000180244446,0.11146000027656555,0.11082000285387039,0.11123000085353851,4225792.0
2026-05-13 02:30:00,0.11122000217437744,0.11129999905824661,0.11095999926328659,0.11106999963521957,3068544.0
2026-05-13 03:00:00,0.1110600009560585,0.11161000281572342,0.11102999746799469,0.11155000329017639,4651264.0
2026-05-13 03:30:00,0.11156000196933746,0.11170999705791473,0.11144000291824341,0.11168999969959259,12561536.0
2026-05-13 04:00:00,0.11168000102043152,0.11183000355958939,0.11125999689102173,0.11167000234127045,18999296.0
2026-05-13 04:30:00,0.11168000102043152,0.11269000172615051,0.11168000102043152,0.11217000335454941,38385152.0
2026-05-13 05:00:00,0.11219999939203262,0.11266999691724777,0.11180999875068665,0.11217000335454941,12865792.0
2026-05-13 05:30:00,0.11215999722480774,0.11223000288009644,0.11158999800682068,0.11202999949455261,11912064.0
2026-05-13 06:00:00,0.1120700016617775,0.11242000013589859,0.11187999695539474,0.11234000325202942,11756544.0
2026-05-13 06:30:00,0.11231999844312668,0.11238999664783478,0.11175999790430069,0.11180000007152557,4562304.0
2026-05-13 07:00:00,0.11178000271320343,0.11218000203371048,0.11139000207185745,0.11201000213623047,6813952.0
2026-05-13 07:30:00,0.11203999817371368,0.11236999928951263,0.11196000128984451,0.1122799962759018,13381888.0
2026-05-13 08:00:00,0.11230000108480453,0.11242000013589859,0.1120000034570694,0.11217000335454941,192512.0
2026-05-13 08:30:00,0.11219999939203262,0.11243999749422073,0.11202000081539154,0.1123099997639656,5550848.0
2026-05-13 09:00:00,0.11232999712228775,0.1129399985074997,0.11232999712228775,0.11270999908447266,12049664.0
2026-05-13 09:30:00,0.1127299964427948,0.11448000371456146,0.1127299964427948,0.11422000080347061,133298304.0
2026-05-13 10:00:00,0.11424999684095383,0.1144300028681755,0.1134599968791008,0.1137399971485138,59917952.0
2026-05-13 10:30:00,0.11376000195741653,0.11394999921321869,0.1135300025343895,0.11376000195741653,20879872.0
2026-05-13 11:00:00,0.11381000280380249,0.1140500009059906,0.11282999813556671,0.11282999813556671,23403264.0
2026-05-13 11:30:00,0.11281999945640564,0.11326999962329865,0.11236000061035156,0.11264999955892563,19411328.0
2026-05-13 12:00:00,0.11260999739170074,0.11305999755859375,0.11202999949455261,0.1124500036239624,21577600.0
2026-05-13 12:30:00,0.11229000240564346,0.11229000240564346,0.11088000237941742,0.11180000007152557,51385344.0
2026-05-13 13:00:00,0.1117900013923645,0.11231999844312668,0.1117900013923645,0.11208999902009964,13877760.0
2026-05-13 13:30:00,0.11196999996900558,0.11212000250816345,0.11045999825000763,0.11050000041723251,24932224.0
2026-05-13 14:00:00,0.11032000184059143,0.1115799993276596,0.10997000336647034,0.11138000339269638,31473408.0
2026-05-13 14:30:00,0.11131999641656876,0.11181999742984772,0.11116000264883041,0.11178000271320343,3662208.0
2026-05-13 15:00:00,0.11181999742984772,0.11218000203371048,0.11033999919891357,0.11050000041723251,17716992.0
2026-05-13 15:30:00,0.11044000089168549,0.11095999926328659,0.1096699982881546,0.10988999903202057,20073088.0
2026-05-13 16:00:00,0.1098800003528595,0.11146000027656555,0.1098800003528595,0.1113400012254715,32007936.0
2026-05-13 16:30:00,0.11131999641656876,0.11206000298261642,0.11131999641656876,0.11193999648094177,12789888.0
2026-05-13 17:00:00,0.11197999864816666,0.11289999634027481,0.11197999864816666,0.11269000172615051,29634688.0
2026-05-13 17:30:00,0.11270999908447266,0.11326999962329865,0.1123799979686737,0.11311999708414078,19938688.0
2026-05-13 18:00:00,0.11311999708414078,0.1146399974822998,0.11311999708414078,0.1141899973154068,55003520.0
2026-05-13 18:30:00,0.11421000212430954,0.1142600029706955,0.11333999782800674,0.11336000263690948,28497920.0
2026-05-13 19:00:00,0.11333999782800674,0.11343999952077866,0.1123799979686737,0.11263000220060349,16688000.0
2026-05-13 19:30:00,0.11268000304698944,0.11308000236749649,0.1125200018286705,0.11292000114917755,6251904.0
2026-05-13 20:00:00,0.11294999718666077,0.11327999830245972,0.11274000257253647,0.11298000067472458,6007936.0
2026-05-13 20:30:00,0.11298999935388565,0.11344999819993973,0.11298999935388565,0.11336000263690948,1876864.0
2026-05-13 21:00:00,0.1133899986743927,0.11348000168800354,0.11236999928951263,0.11262000352144241,0.0
2026-05-13 21:30:00,0.11262000352144241,0.11309000104665756,0.1123799979686737,0.11283999681472778,8857600.0
2026-05-13 22:00:00,0.11294999718666077,0.11294999718666077,0.11234000325202942,0.11275999993085861,1770752.0
2026-05-13 22:30:00,0.11271999776363373,0.11362999677658081,0.1126599982380867,0.11354999989271164,8336384.0
2026-05-13 23:00:00,0.11355999857187271,0.11395999789237976,0.11322999745607376,0.11334999650716782,17748992.0
2026-05-13 23:30:00,0.11337000131607056,0.11343000084161758,0.11259999871253967,0.11259999871253967,6942720.0
2026-05-14 00:00:00,0.1125900000333786,0.1149900034070015,0.11231999844312668,0.1149900034070015,66188160.0
2026-05-14 00:30:00,0.11508999764919281,0.1153699979186058,0.11422000080347061,0.1143999993801117,83195904.0
2026-05-14 01:00:00,0.11424999684095383,0.11485999822616577,0.11417999863624573,0.1141899973154068,10521728.0
2026-05-14 01:30:00,0.11407999694347382,0.11486999690532684,0.11376000195741653,0.11449000239372253,23895680.0
2026-05-14 02:00:00,0.11445999890565872,0.11486999690532684,0.11417999863624573,0.11428999900817871,3960832.0
2026-05-14 02:30:00,0.11427000164985657,0.11427000164985657,0.11321000009775162,0.11341000348329544,12905344.0
2026-05-14 03:00:00,0.11337000131607056,0.11377999931573868,0.11259999871253967,0.11331000179052353,9591680.0
2026-05-14 03:30:00,0.11332999914884567,0.11356999725103378,0.11212000250816345,0.11232999712228775,17187328.0
2026-05-14 04:00:00,0.11236000061035156,0.11289999634027481,0.11191999912261963,0.11269000172615051,7855360.0
2026-05-14 04:30:00,0.11270000040531158,0.11309000104665756,0.11266999691724777,0.11298000067472458,807424.0
2026-05-14 05:00:00,0.11292999982833862,0.11400000005960464,0.11292999982833862,0.11395999789237976,2294144.0
2026-05-14 05:30:00,0.1140500009059906,0.11518999934196472,0.11396999657154083,0.11507000029087067,21827840.0
2026-05-14 06:00:00,0.11509999632835388,0.1153699979186058,0.11376000195741653,0.11448000371456146,36501504.0
2026-05-14 06:30:00,0.1144699975848198,0.11475999653339386,0.11416999995708466,0.11452999711036682,1590272.0
2026-05-14 07:00:00,0.11438000202178955,0.11500000208616257,0.11405999958515167,0.11435999721288681,11084800.0
2026-05-14 07:30:00,0.11427000164985657,0.11473000049591064,0.11377999931573868,0.11384999752044678,22504192.0
2026-05-14 08:00:00,0.11386000365018845,0.11396999657154083,0.11313000321388245,0.11319000273942947,12858368.0
2026-05-14 08:30:00,0.1131799966096878,0.11354999989271164,0.11309000104665756,0.11333999782800674,10673408.0
2026-05-14 09:00:00,0.11333999782800674,0.11356999725103378,0.11294999718666077,0.11321000009775162,1601024.0
2026-05-14 09:30:00,0.11316999793052673,0.1133899986743927,0.11271999776363373,0.11328999698162079,142848.0
2026-05-14 10:00:00,0.1132500022649765,0.11361999809741974,0.11305999755859375,0.11315999925136566,0.0
2026-05-14 10:30:00,0.11315000057220459,0.11371000111103058,0.11297000199556351,0.11365000158548355,2476672.0
2026-05-14 11:00:00,0.11362999677658081,0.1137700006365776,0.11314000189304352,0.1132500022649765,0.0
2026-05-14 11:30:00,0.11324000358581543,0.11350999772548676,0.11304999887943268,0.11311999708414078,201984.0
2026-05-14 12:00:00,0.11307000368833542,0.11372999846935272,0.11302000284194946,0.11361999809741974,173312.0
2026-05-14 12:30:00,0.11358000338077545,0.11561000347137451,0.11358000338077545,0.1152300015091896,33815040.0
2026-05-14 13:00:00,0.11525999754667282,0.11661999672651291,0.11486999690532684,0.11518999934196472,72238848.0
2026-05-14 13:30:00,0.1151999980211258,0.11522000283002853,0.11412999778985977,0.11434999853372574,11387264.0
2026-05-14 14:00:00,0.11429999768733978,0.11535000056028366,0.11427000164985657,0.11472000181674957,30271488.0
2026-05-14 14:30:00,0.11468999832868576,0.11522000283002853,0.11404000222682953,0.11494000256061554,110738432.0
2026-05-14 15:00:00,0.11501000076532364,0.11527000367641449,0.11432000249624252,0.1146399974822998,106800768.0
2026-05-14 15:30:00,0.11469999700784683,0.11485999822616577,0.11362999677658081,0.11393000185489655,128722432.0
2026-05-14 16:00:00,0.11409000307321548,0.11598999798297882,0.1133899986743927,0.11531999707221985,133606400.0
2026-05-14 16:30:00,0.11537999659776688,0.11608000099658966,0.11480999737977982,0.11607000231742859,41844736.0
2026-05-14 17:00:00,0.11606000363826752,0.11625999957323074,0.11505000293254852,0.11527000367641449,9109248.0
2026-05-14 17:30:00,0.11528000235557556,0.11633999645709991,0.11509999632835388,0.11591000109910965,9220096.0
2026-05-14 18:00:00,0.11587999761104584,0.1184300035238266,0.11569999903440475,0.11834999918937683,43027456.0
2026-05-14 18:30:00,0.11821000277996063,0.11829999834299088,0.1170400008559227,0.11734999716281891,48822528.0
2026-05-14 19:00:00,0.11733999848365784,0.11778999865055084,0.11629000306129456,0.11636999994516373,5419264.0
2026-05-14 19:30:00,0.11636999994516373,0.11671999841928482,0.11580000072717667,0.11610999703407288,11705088.0
2026-05-14 20:00:00,0.11618000268936157,0.11630000174045563,0.1149900034070015,0.11514999717473984,12200448.0
2026-05-14 20:30:00,0.11518999934196472,0.11599999666213989,0.11513999849557877,0.11599999666213989,22748672.0
2026-05-14 21:00:00,0.11606000363826752,0.11625999957323074,0.1155799999833107,0.11610999703407288,4693504.0
2026-05-14 21:30:00,0.11608999967575073,0.1167600005865097,0.11607000231742859,0.11671999841928482,4139520.0
2026-05-14 22:00:00,0.11672999709844589,0.11683999747037888,0.11633999645709991,0.11638999730348587,3591680.0
2026-05-14 22:30:00,0.1163799986243248,0.11665999889373779,0.11630000174045563,0.11642000079154968,8959232.0
2026-05-14 23:00:00,0.11626999825239182,0.11633999645709991,0.11556000262498856,0.11584000289440155,3357184.0
2026-05-14 23:30:00,0.11586999893188477,0.11593999713659286,0.11507999897003174,0.11541999876499176,5212672.0
2026-05-15 00:00:00,0.11541999876499176,0.11665999889373779,0.11541999876499176,0.11647000163793564,0.0
2026-05-15 00:30:00,0.11640000343322754,0.11699999868869781,0.11613000184297562,0.11671999841928482,0.0
2026-05-15 01:00:00,0.11678999662399292,0.11744999885559082,0.11668000370264053,0.1167600005865097,2758656.0
2026-05-15 01:30:00,0.11670000106096268,0.11734999716281891,0.11597000062465668,0.11601000279188156,0.0
2026-05-15 02:00:00,0.11610999703407288,0.1165200024843216,0.1155100017786026,0.11559999734163284,11044864.0
2026-05-15 02:30:00,0.11558999866247177,0.11674000322818756,0.11520999670028687,0.11642999947071075,6497792.0
2026-05-15 03:00:00,0.11641000211238861,0.11671999841928482,0.11595000326633453,0.1163799986243248,2321920.0
2026-05-15 03:30:00,0.11636000126600266,0.11636000126600266,0.11557000130414963,0.11610999703407288,64768.0
2026-05-15 04:00:00,0.11610999703407288,0.11610999703407288,0.11513999849557877,0.11520999670028687,2197760.0
2026-05-15 04:30:00,0.11518999934196472,0.1152300015091896,0.1142600029706955,0.11427000164985657,16924928.0
2026-05-15 05:00:00,0.11421000212430954,0.11465000361204147,0.11375000327825546,0.1139099970459938,19305728.0
2026-05-15 05:30:00,0.1141199991106987,0.1141199991106987,0.11270999908447266,0.11350999772548676,40549120.0
2026-05-15 06:00:00,0.11344999819993973,0.11420000344514847,0.11333999782800674,0.11405999958515167,0.0
2026-05-15 06:30:00,0.1139800027012825,0.11474999785423279,0.1139800027012825,0.11456000059843063,15093248.0
2026-05-15 07:00:00,0.11461000144481659,0.11511000245809555,0.11413999646902084,0.11469999700784683,18063104.0
2026-05-15 07:30:00,0.11474999785423279,0.1151600033044815,0.1146399974822998,0.11485999822616577,17206272.0
2026-05-15 08:00:00,0.11488000303506851,0.11502999812364578,0.11417999863624573,0.11422999948263168,12056320.0
2026-05-15 08:30:00,0.11424999684095383,0.11542999744415283,0.11383000016212463,0.1152300015091896,25806336.0
2026-05-15 09:00:00,0.11529000103473663,0.11558999866247177,0.1146399974822998,0.11501000076532364,32287488.0
2026-05-15 09:30:00,0.11503999680280685,0.11507000029087067,0.11420000344514847,0.11439000070095062,2042368.0
2026-05-15 10:00:00,0.11435999721288681,0.11466000229120255,0.11420000344514847,0.11458999663591385,1925376.0
2026-05-15 10:30:00,0.1146399974822998,0.11547999829053879,0.11434999853372574,0.1152999997138977,5974272.0
2026-05-15 11:00:00,0.11531999707221985,0.11531999707221985,0.11473999917507172,0.11488000303506851,248064.0
2026-05-15 11:30:00,0.1148499995470047,0.11503999680280685,0.11438000202178955,0.1144300028681755,0.0
2026-05-15 12:00:00,0.1144300028681755,0.11445999890565872,0.11372999846935272,0.1143300011754036,17490944.0
2026-05-15 12:30:00,0.11429999768733978,0.11438000202178955,0.11387000232934952,0.11420000344514847,23710720.0
2026-05-15 13:00:00,0.11406999826431274,0.11410000175237656,0.11358000338077545,0.1139099970459938,0.0
2026-05-15 13:30:00,0.1138399988412857,0.1138399988412857,0.11100000143051147,0.11133000254631042,48802816.0
2026-05-15 14:00:00,0.11139000207185745,0.11258000135421753,0.11104000359773636,0.11197999864816666,32936448.0
2026-05-15 14:30:00,0.11217000335454941,0.11248999834060669,0.11151000112295151,0.11181999742984772,0.0
2026-05-15 15:00:00,0.11189000308513641,0.1120000034570694,0.11125999689102173,0.11136999726295471,0.0
2026-05-15 15:30:00,0.11146999895572662,0.11163000017404556,0.1107499971985817,0.11151999980211258,0.0
2026-05-15 16:00:00,0.11153999716043472,0.11269000172615051,0.11145000159740448,0.1125900000333786,0.0
2026-05-15 16:30:00,0.11260999739170074,0.1130099967122078,0.11225999891757965,0.11259999871253967,30592.0
2026-05-15 17:00:00,0.11259999871253967,0.11302000284194946,0.11246000230312347,0.1127299964427948,0.0
2026-05-15 17:30:00,0.11270999908447266,0.11276999861001968,0.11210999637842178,0.11255999654531479,0.0
2026-05-15 18:00:00,0.1125900000333786,0.11321000009775162,0.1125900000333786,0.1130400002002716,798720.0
2026-05-15 18:30:00,0.11305999755859375,0.1133200004696846,0.11276999861001968,0.11304999887943268,0.0
2026-05-15 19:00:00,0.1130400002002716,0.11321000009775162,0.11258000135421753,0.11298999935388565,0.0
2026-05-15 19:30:00,0.11298000067472458,0.11331000179052353,0.11282999813556671,0.11292000114917755,0.0
2026-05-15 20:00:00,0.11298000067472458,0.11324000358581543,0.11249999701976776,0.11324000358581543,42880.0
2026-05-15 20:30:00,0.11326999962329865,0.11326999962329865,0.11282999813556671,0.1131099984049797,0.0
2026-05-15 21:00:00,0.1131099984049797,0.11337000131607056,0.11292000114917755,0.11315999925136566,249856.0
2026-05-15 21:30:00,0.1131099984049797,0.11320000141859055,0.11274000257253647,0.11283999681472778,76800.0
2026-05-15 22:00:00,0.11288999766111374,0.11372999846935272,0.11275999993085861,0.11343999952077866,4296192.0
2026-05-15 22:30:00,0.11347000300884247,0.1136699989438057,0.11322999745607376,0.11358000338077545,0.0
2026-05-15 23:00:00,0.11358000338077545,0.1137399971485138,0.11339999735355377,0.1135300025343895,0.0
2026-05-15 23:30:00,0.11349000036716461,0.11350999772548676,0.1131799966096878,0.11330000311136246,0.0
2026-05-16 00:00:00,0.11327999830245972,0.11343999952077866,0.11299999803304672,0.11303000152111053,815360.0
2026-05-16 00:30:00,0.11302000284194946,0.11326999962329865,0.11274000257253647,0.11281999945640564,0.0
2026-05-16 01:00:00,0.11281999945640564,0.11288999766111374,0.11236000061035156,0.11241000145673752,0.0
2026-05-16 01:30:00,0.11240000277757645,0.11274000257253647,0.11230000108480453,0.11263000220060349,0.0
2026-05-16 02:00:00,0.11263000220060349,0.11285000294446945,0.11234000325202942,0.1123799979686737,0.0
2026-05-16 02:30:00,0.11236000061035156,0.11258000135421753,0.11226999759674072,0.11247000098228455,0.0
2026-05-16 03:00:00,0.11248999834060669,0.11275999993085861,0.11243999749422073,0.11251000314950943,0.0
2026-05-16 03:30:00,0.11253000050783157,0.11262000352144241,0.11231999844312668,0.11255999654531479,0.0
2026-05-16 04:00:00,0.11255999654531479,0.11259999871253967,0.11162000149488449,0.11170999705791473,0.0
2026-05-16 04:30:00,0.11169999837875366,0.1117200031876564,0.1109900027513504,0.11167000234127045,20618112.0
2026-05-16 05:00:00,0.11162000149488449,0.11206000298261642,0.11133000254631042,0.1117200031876564,0.0
2026-05-16 05:30:00,0.11180999875068665,0.11186999827623367,0.11140000075101852,0.11162000149488449,0.0
2026-05-16 06:00:00,0.11159999668598175,0.11169999837875366,0.11087000370025635,0.11117000132799149,407936.0
2026-05-16 06:30:00,0.11118999868631363,0.11134999990463257,0.11027999967336655,0.11056999862194061,5583360.0
2026-05-16 07:00:00,0.11056999862194061,0.11056999862194061,0.10914000123739243,0.10976999998092651,27150464.0
2026-05-16 07:30:00,0.10978999733924866,0.11027999967336655,0.1096000000834465,0.11009000241756439,487680.0
2026-05-16 08:00:00,0.11005000025033951,0.11028999835252762,0.1100199967622757,0.11023999750614166,690816.0
2026-05-16 08:30:00,0.11021000146865845,0.11042000353336334,0.10995999723672867,0.11003000289201736,0.0
2026-05-16 09:00:00,0.11003000289201736,0.11022000014781952,0.10891000181436539,0.10905999690294266,16093568.0
2026-05-16 09:30:00,0.1090800017118454,0.10961999744176865,0.1090800017118454,0.10922999680042267,8698368.0
2026-05-16 10:00:00,0.10920999944210052,0.10936000198125839,0.10819999873638153,0.10852000117301941,30352512.0
2026-05-16 10:30:00,0.10857000201940536,0.10891000181436539,0.10837999731302261,0.10869000107049942,12280320.0
2026-05-16 11:00:00,0.10875999927520752,0.10918000340461731,0.10875999927520752,0.10918000340461731,3841920.0
2026-05-16 11:30:00,0.10918000340461731,0.10942000150680542,0.10890000313520432,0.10896000266075134,5038976.0
2026-05-16 12:00:00,0.10896000266075134,0.10909999907016754,0.1084899976849556,0.10858000069856644,483840.0
2026-05-16 12:30:00,0.10858999937772751,0.10882999747991562,0.10858999937772751,0.10864000022411346,0.0
2026-05-16 13:00:00,0.10864000022411346,0.10865999758243561,0.10777000337839127,0.10836999863386154,5406592.0
2026-05-16 13:30:00,0.10836999863386154,0.10864999890327454,0.1082099974155426,0.10853999853134155,13412864.0
2026-05-16 14:00:00,0.10860999673604965,0.10876999795436859,0.10830000042915344,0.10871999710798264,0.0
2026-05-16 14:30:00,0.10877999663352966,0.10969000309705734,0.10875000059604645,0.10896000266075134,162688.0
2026-05-16 15:00:00,0.10890000313520432,0.10926000028848648,0.10890000313520432,0.10913000255823135,298240.0
2026-05-16 15:30:00,0.10913000255823135,0.10988999903202057,0.10913000255823135,0.1096699982881546,2227584.0
2026-05-16 16:00:00,0.10961999744176865,0.11003000289201736,0.10950999706983566,0.10993999987840652,4843392.0
2026-05-16 16:30:00,0.10993999987840652,0.10999000072479248,0.10942000150680542,0.10971999913454056,0.0
2026-05-16 17:00:00,0.10972999781370163,0.10999999940395355,0.1095300018787384,0.10972999781370163,0.0
2026-05-16 17:30:00,0.10971000045537949,0.10982999950647354,0.10949999839067459,0.10952000319957733,1163904.0
2026-05-16 18:00:00,0.10952000319957733,0.10963000357151031,0.10926000028848648,0.10952000319957733,0.0
2026-05-16 18:30:00,0.10950999706983566,0.10961999744176865,0.10931999981403351,0.10938999801874161,484992.0
2026-05-16 19:00:00,0.10943000018596649,0.10972999781370163,0.10933999717235565,0.10972999781370163,0.0
2026-05-16 19:30:00,0.10971000045537949,0.10971000045537949,0.10943999886512756,0.10958000272512436,0.0
2026-05-16 20:00:00,0.10963000357151031,0.1098100021481514,0.10960999876260757,0.10967999696731567,0.0
2026-05-16 20:30:00,0.10965999960899353,0.10965999960899353,0.10937000066041946,0.10958000272512436,0.0
2026-05-16 21:00:00,0.10954000055789948,0.10967999696731567,0.10944999754428864,0.10954000055789948,509504.0
2026-05-16 21:30:00,0.10955999791622162,0.11016000062227249,0.10955999791622162,0.10977999866008759,10432512.0
2026-05-16 22:00:00,0.10971000045537949,0.10977999866008759,0.10941000282764435,0.10958000272512436,0.0
2026-05-16 22:30:00,0.10959000140428543,0.10965000092983246,0.10939999669790268,0.10943000018596649,0.0
2026-05-16 23:00:00,0.10938999801874161,0.10944999754428864,0.10920999944210052,0.1092899963259697,0.0
2026-05-16 23:30:00,0.1092899963259697,0.10949999839067459,0.10926999896764755,0.10931000113487244,254400.0
2026-05-17 00:00:00,0.10933999717235565,0.1096000000834465,0.10926000028848648,0.10947000235319138,0.0
2026-05-17 00:30:00,0.10944999754428864,0.1096000000834465,0.10888999700546265,0.10910999774932861,625152.0
2026-05-17 01:00:00,0.10911999642848969,0.10915999859571457,0.10845000296831131,0.10857000201940536,3808448.0
2026-05-17 01:30:00,0.10858000069856644,0.10859999805688858,0.10806000232696533,0.10807999968528748,10155200.0
2026-05-17 02:00:00,0.10811000317335129,0.10860999673604965,0.10805000364780426,0.10847999900579453,2307840.0
2026-05-17 02:30:00,0.10847000032663345,0.1087300032377243,0.10842999815940857,0.10860999673604965,6331008.0
2026-05-17 03:00:00,0.10859999805688858,0.1091499999165535,0.10859999805688858,0.10903000086545944,1572608.0
2026-05-17 03:30:00,0.10903000086545944,0.10943999886512756,0.10898000001907349,0.10915999859571457,1882752.0
2026-05-17 04:00:00,0.10914000123739243,0.10972999781370163,0.10909999907016754,0.10956999659538269,0.0
2026-05-17 04:30:00,0.10954999923706055,0.10982000082731247,0.10947000235319138,0.1096699982881546,0.0
2026-05-17 05:00:00,0.10963000357151031,0.11033999919891357,0.10963000357151031,0.11003000289201736,5577600.0
2026-05-17 05:30:00,0.10998000204563141,0.11017999798059464,0.10988999903202057,0.10988999903202057,129920.0
2026-05-17 06:00:00,0.1099499985575676,0.11012999713420868,0.10943000018596649,0.1096000000834465,0.0
2026-05-17 06:30:00,0.10964000225067139,0.10980000346899033,0.1094600036740303,0.10965999960899353,0.0
2026-05-17 07:00:00,0.10963000357151031,0.1098800003528595,0.1095300018787384,0.10984999686479568,0.0
2026-05-17 07:30:00,0.10983999818563461,0.11025000363588333,0.10982999950647354,0.11010999977588654,0.0
2026-05-17 08:00:00,0.11011999845504761,0.11023999750614166,0.1097399964928627,0.11004000157117844,0.0
2026-05-17 08:30:00,0.11005000025033951,0.11032000184059143,0.11004000157117844,0.1101899966597557,1269888.0
2026-05-17 09:00:00,0.1101899966597557,0.11069999635219574,0.11010000109672546,0.11062999814748764,596224.0
2026-05-17 09:30:00,0.11060000211000443,0.11108999699354172,0.11051999777555466,0.11102999746799469,609600.0
2026-05-17 10:00:00,0.11108999699354172,0.1118599995970726,0.11101999878883362,0.11175999790430069,4316800.0
2026-05-17 10:30:00,0.11173000186681747,0.11181999742984772,0.1114799976348877,0.11166000366210938,502080.0
2026-05-17 11:00:00,0.11163999885320663,0.11169999837875366,0.11118000000715256,0.11129000037908554,453184.0
2026-05-17 11:30:00,0.11130999773740768,0.1116499975323677,0.11123999953269958,0.11145000159740448,0.0
2026-05-17 12:00:00,0.1114799976348877,0.11229000240564346,0.11146999895572662,0.11219999939203262,6022336.0
2026-05-17 12:30:00,0.11225000023841858,0.11271999776363373,0.11191999912261963,0.11191999912261963,21654784.0
2026-05-17 13:00:00,0.11191000044345856,0.1119299978017807,0.11102999746799469,0.11116000264883041,2193536.0
2026-05-17 13:30:00,0.11117000132799149,0.11187999695539474,0.11095999926328659,0.11159999668598175,523072.0
2026-05-17 14:00:00,0.11159999668598175,0.11167000234127045,0.11048000305891037,0.11088000237941742,19100160.0
2026-05-17 14:30:00,0.11085999757051468,0.11095999926328659,0.1105400025844574,0.11072999984025955,3287232.0
2026-05-17 15:00:00,0.11071000248193741,0.11101999878883362,0.1102600023150444,0.1103300005197525,7329408.0
2026-05-17 15:30:00,0.1103300005197525,0.11056999862194061,0.11025000363588333,0.11037000268697739,300928.0
2026-05-17 16:00:00,0.11042000353336334,0.11055999994277954,0.11010000109672546,0.11048000305891037,0.0
2026-05-17 16:30:00,0.11050999909639359,0.1106100007891655,0.10988999903202057,0.10999999940395355,7879424.0
2026-05-17 17:00:00,0.11005000025033951,0.11014000326395035,0.1095300018787384,0.10993000119924545,4594304.0
2026-05-17 17:30:00,0.10993999987840652,0.11020000278949738,0.10958000272512436,0.10990999639034271,2222144.0
2026-05-17 18:00:00,0.10990999639034271,0.11022000014781952,0.10961999744176865,0.11005000025033951,1333696.0
2026-05-17 18:30:00,0.11003000289201736,0.11039000004529953,0.10999000072479248,0.11032000184059143,275200.0
2026-05-17 19:00:00,0.1103999987244606,0.11059000343084335,0.11032000184059143,0.1105400025844574,1995072.0
2026-05-17 19:30:00,0.1105400025844574,0.11093000322580338,0.11051999777555466,0.11068999767303467,6581824.0
2026-05-17 20:00:00,0.11067000031471252,0.11084999889135361,0.11040999740362167,0.11050999909639359,2268416.0
2026-05-17 20:30:00,0.11060000211000443,0.11072000116109848,0.11042000353336334,0.11051999777555466,3807040.0
2026-05-17 21:00:00,0.11048000305891037,0.11085999757051468,0.11031000316143036,0.11085999757051468,683520.0
2026-05-17 21:30:00,0.11085999757051468,0.11123999953269958,0.11085999757051468,0.11118000000715256,890944.0
2026-05-17 22:00:00,0.11116000264883041,0.11122000217437744,0.10975000262260437,0.10993000119924545,8410048.0
2026-05-17 22:30:00,0.10989999771118164,0.11016999930143356,0.10930000245571136,0.10948999971151352,10192896.0
2026-05-17 23:00:00,0.10939999669790268,0.10952000319957733,0.10858999937772751,0.10919000208377838,22503232.0
2026-05-17 23:30:00,0.1091499999165535,0.10941000282764435,0.10566999763250351,0.10897000133991241,149109760.0
2026-05-18 00:00:00,0.10887999832630157,0.10898000001907349,0.10694999992847443,0.10704000294208527,120539712.0
2026-05-18 00:30:00,0.10694999992847443,0.10729999840259552,0.1064700037240982,0.10685999691486359,40908288.0
2026-05-18 01:00:00,0.10689999908208847,0.1069599986076355,0.10597000271081924,0.10631000250577927,31847680.0
2026-05-18 01:30:00,0.10625000298023224,0.10700000077486038,0.1058100014925003,0.10666000097990036,10787968.0
2026-05-18 02:00:00,0.10661999881267548,0.1071000024676323,0.10655000060796738,0.1069599986076355,15110144.0
2026-05-18 02:30:00,0.10690999776124954,0.10700999945402145,0.10631000250577927,0.10660000145435333,2520704.0
2026-05-18 03:00:00,0.1065400019288063,0.10707999765872955,0.1062999963760376,0.10664000362157822,7922176.0
2026-05-18 03:30:00,0.10659000277519226,0.10666000097990036,0.10616999864578247,0.1065400019288063,7572608.0
2026-05-18 04:00:00,0.10649999976158142,0.10665000230073929,0.10598000138998032,0.1061599999666214,4138368.0
2026-05-18 04:30:00,0.10614000260829926,0.10689999908208847,0.10604999959468842,0.10683000087738037,5617280.0
2026-05-18 05:00:00,0.10684999823570251,0.1069599986076355,0.1064700037240982,0.10665000230073929,3200896.0
2026-05-18 05:30:00,0.1066799983382225,0.10673999786376953,0.10589999705553055,0.10599999874830246,17687680.0
2026-05-18 06:00:00,0.10604000091552734,0.10617999732494354,0.1038300022482872,0.1044199988245964,97781888.0
2026-05-18 06:30:00,0.10439000278711319,0.10490000247955322,0.10413999855518341,0.10462000221014023,38462464.0
2026-05-18 07:00:00,0.10480000078678131,0.1049100011587143,0.10373999923467636,0.1041800007224083,36033536.0
2026-05-18 07:30:00,0.10420999675989151,0.10436999797821045,0.10362999886274338,0.10425999760627747,29035136.0
2026-05-18 08:00:00,0.10425999760627747,0.10463999956846237,0.1041100025177002,0.1041800007224083,12623872.0
2026-05-18 08:30:00,0.10416000336408615,0.1043500006198883,0.10395999997854233,0.1043199971318245,4763520.0
2026-05-18 09:00:00,0.10433000326156616,0.10440000146627426,0.10395000129938126,0.10406000167131424,1652096.0
2026-05-18 09:30:00,0.10402999818325043,0.10430999845266342,0.10392999649047852,0.10400000214576721,651776.0
2026-05-18 10:00:00,0.10408999770879745,0.10422000288963318,0.10372000187635422,0.10407999902963638,0.0
2026-05-18 10:30:00,0.10408999770879745,0.10444000363349915,0.1039699986577034,0.1039699986577034,3511424.0
2026-05-18 11:00:00,0.10401000082492828,0.10417000204324722,0.10377000272274017,0.1040399968624115,7755264.0
2026-05-18 11:30:00,0.1040399968624115,0.10560999810695648,0.10385999828577042,0.10503999888896942,41674880.0
2026-05-18 12:00:00,0.1050100028514862,0.1057400032877922,0.1050100028514862,0.1054999977350235,29556352.0
2026-05-18 12:30:00,0.10548999905586243,0.10633999854326248,0.10537000000476837,0.10632000118494034,21842560.0
2026-05-18 13:00:00,0.10626000165939331,0.10640999674797058,0.1057099997997284,0.1057099997997284,18800768.0
2026-05-18 13:30:00,0.10554999858140945,0.10570000112056732,0.10440000146627426,0.1050800010561943,37143936.0
2026-05-18 14:00:00,0.10497000068426132,0.10497000068426132,0.10406000167131424,0.10453999787569046,12717696.0
2026-05-18 14:30:00,0.10459999740123749,0.10470999777317047,0.10385999828577042,0.10414999723434448,16245632.0
2026-05-18 15:00:00,0.10422000288963318,0.10429999977350235,0.10311999917030334,0.10320000350475311,30124928.0
2026-05-18 15:30:00,0.10304000228643417,0.10407999902963638,0.10304000228643417,0.10377000272274017,29132672.0
2026-05-18 16:00:00,0.1038300022482872,0.1042800024151802,0.10326000303030014,0.10337000340223312,10680704.0
2026-05-18 16:30:00,0.10333999991416931,0.10399000346660614,0.10320000350475311,0.10357999801635742,8711936.0
2026-05-18 17:00:00,0.10356000065803528,0.10419999808073044,0.10341999679803848,0.10419999808073044,2161408.0
2026-05-18 17:30:00,0.10420999675989151,0.10420999675989151,0.10380999743938446,0.10391999781131744,744832.0
2026-05-18 18:00:00,0.10391999781131744,0.1039699986577034,0.10284999758005142,0.10327000170946121,3672576.0
2026-05-18 18:30:00,0.10322999954223633,0.10344000160694122,0.10249999910593033,0.10260000079870224,17671808.0
2026-05-18 19:00:00,0.10260999947786331,0.10424000024795532,0.10260999947786331,0.10379000008106232,50013440.0
2026-05-18 19:30:00,0.10373999923467636,0.10487999767065048,0.10371000319719315,0.10469000041484833,11251328.0
2026-05-18 20:00:00,0.1047699972987175,0.10515999794006348,0.10469000041484833,0.10487999767065048,11482752.0
2026-05-18 20:30:00,0.10486999899148941,0.10499999672174454,0.10395000129938126,0.10409999638795853,5899392.0
2026-05-18 21:00:00,0.10408999770879745,0.10451000183820724,0.10384999960660934,0.1044199988245964,4878592.0
2026-05-18 21:30:00,0.10444000363349915,0.10508999973535538,0.10444000363349915,0.1050100028514862,9556480.0
2026-05-18 22:00:00,0.10506000369787216,0.10548000037670135,0.10474000126123428,0.10525999963283539,3271296.0
2026-05-18 22:30:00,0.10531000047922134,0.10531000047922134,0.10461000353097916,0.10492999851703644,1873024.0
2026-05-18 23:00:00,0.1049100011587143,0.10513000190258026,0.10464999824762344,0.10474000126123428,0.0
2026-05-18 23:30:00,0.10471999645233154,0.10498999804258347,0.1045600026845932,0.1046999990940094,0.0
2026-05-19 00:00:00,0.10471999645233154,0.10544999688863754,0.10458999872207642,0.10506000369787216,0.0
2026-05-19 00:30:00,0.10510999709367752,0.10531999915838242,0.10482999682426453,0.10515999794006348,0.0
2026-05-19 01:00:00,0.10512000322341919,0.10512000322341919,0.10424000024795532,0.10429000109434128,0.0
2026-05-19 01:30:00,0.1043199971318245,0.10470999777317047,0.10413999855518341,0.10419999808073044,0.0
2026-05-19 02:00:00,0.10416000336408615,0.1046999990940094,0.10382000356912613,0.10440000146627426,0.0
2026-05-19 02:30:00,0.10437999665737152,0.1044199988245964,0.10405000299215317,0.10409999638795853,0.0
2026-05-19 03:00:00,0.10405000299215317,0.10451000183820724,0.10394000262022018,0.10429000109434128,0.0
2026-05-19 03:30:00,0.1043199971318245,0.10458000004291534,0.10419999808073044,0.10420999675989151,0.0
2026-05-19 04:00:00,0.10420999675989151,0.10479000210762024,0.10416000336408615,0.10458000004291534,0.0
2026-05-19 04:30:00,0.10461000353097916,0.10527999699115753,0.10461000353097916,0.10525000095367432,5753472.0
2026-05-19 05:00:00,0.10531000047922134,0.10531999915838242,0.10412000119686127,0.10445000231266022,0.0
2026-05-19 05:30:00,0.10441000014543533,0.10490000247955322,0.10430999845266342,0.10447999835014343,12654080.0
2026-05-19 06:00:00,0.10446000099182129,0.10462000221014023,0.10433000326156616,0.1044199988245964,0.0
2026-05-19 06:30:00,0.10437999665737152,0.10458000004291534,0.10406000167131424,0.10439000278711319,0.0
2026-05-19 07:00:00,0.10437999665737152,0.10458999872207642,0.10413999855518341,0.10436999797821045,2264576.0
2026-05-19 07:30:00,0.10437999665737152,0.10513000190258026,0.10436999797821045,0.10509999841451645,2341248.0
2026-05-19 08:00:00,0.10514000058174133,0.10515999794006348,0.1046300008893013,0.1048400029540062,337152.0
2026-05-19 08:30:00,0.10480999946594238,0.1049100011587143,0.10441000014543533,0.10441000014543533,8056064.0
2026-05-19 09:00:00,0.1044199988245964,0.10461000353097916,0.10365000367164612,0.10389000177383423,327040.0
2026-05-19 09:30:00,0.10386999696493149,0.10416000336408615,0.10373000055551529,0.10409999638795853,10595712.0
2026-05-19 10:00:00,0.10407999902963638,0.10430999845266342,0.1039000004529953,0.10407999902963638,0.0
2026-05-19 10:30:00,0.1041100025177002,0.10435999929904938,0.1035500019788742,0.10412000119686127,715904.0
2026-05-19 11:00:00,0.10413999855518341,0.10429999977350235,0.10385999828577042,0.10391999781131744,0.0
2026-05-19 11:30:00,0.10391999781131744,0.10401999950408936,0.10360000282526016,0.10362999886274338,0.0
2026-05-19 12:00:00,0.10365000367164612,0.10399000346660614,0.10339999943971634,0.10399000346660614,0.0
2026-05-19 12:30:00,0.10401999950408936,0.10423000156879425,0.10400000214576721,0.10401999950408936,0.0
2026-05-19 13:00:00,0.10407000035047531,0.10417000204324722,0.10346999764442444,0.10349000245332718,0.0
2026-05-19 13:30:00,0.10361000150442123,0.10453999787569046,0.10356999933719635,0.10424000024795532,328384.0
2026-05-19 14:00:00,0.10419999808073044,0.10441000014543533,0.10312999784946442,0.10354000329971313,572032.0
2026-05-19 14:30:00,0.1035899966955185,0.10386999696493149,0.10283000022172928,0.10333000123500824,5918656.0
2026-05-19 15:00:00,0.10333000123500824,0.10372000187635422,0.10320000350475311,0.10345999896526337,0.0
2026-05-19 15:30:00,0.10352999716997147,0.10379999876022339,0.10340999811887741,0.1035199984908104,0.0
2026-05-19 16:00:00,0.1035500019788742,0.10373000055551529,0.10329999774694443,0.10367999970912933,0.0
2026-05-19 16:30:00,0.10365000367164612,0.10409999638795853,0.10360000282526016,0.10402999818325043,1027584.0
2026-05-19 17:00:00,0.10401999950408936,0.10412000119686127,0.10374999791383743,0.10377000272274017,0.0
2026-05-19 17:30:00,0.10373999923467636,0.10386999696493149,0.10339000076055527,0.1036200001835823,828672.0
2026-05-19 18:00:00,0.10360000282526016,0.10371000319719315,0.10329999774694443,0.10333999991416931,0.0
2026-05-19 18:30:00,0.10328000038862228,0.10363999754190445,0.10326000303030014,0.10335999727249146,0.0
2026-05-19 19:00:00,0.10339999943971634,0.10378000140190125,0.10315000265836716,0.10326000303030014,0.0
2026-05-19 19:30:00,0.10327000170946121,0.10340999811887741,0.10305000096559525,0.10320000350475311,0.0
2026-05-19 20:00:00,0.10320000350475311,0.10350000113248825,0.10320000350475311,0.10335999727249146,0.0
2026-05-19 20:30:00,0.1033800020813942,0.10361000150442123,0.10332000255584717,0.1035500019788742,0.0
2026-05-19 21:00:00,0.1035199984908104,0.10372000187635422,0.10341999679803848,0.1035500019788742,0.0
2026-05-19 21:30:00,0.10352999716997147,0.10365000367164612,0.10339000076055527,0.10341999679803848,0.0
2026-05-19 22:00:00,0.10334999859333038,0.10334999859333038,0.10259000211954117,0.10268999636173248,5498688.0
2026-05-19 22:30:00,0.10266999900341034,0.10288000106811523,0.10259000211954117,0.10268999636173248,4620224.0
2026-05-19 23:00:00,0.10264000296592712,0.10311000049114227,0.10255999863147736,0.10307999700307846,0.0
2026-05-19 23:30:00,0.1031000018119812,0.10322000086307526,0.10284999758005142,0.10290999710559845,487296.0
2026-05-20 00:00:00,0.10289999842643738,0.10300999879837036,0.10181999951601028,0.10236000269651413,33931584.0
2026-05-20 00:30:00,0.10243000090122223,0.1027199998497963,0.10239999741315842,0.10266999900341034,10104064.0
2026-05-20 01:00:00,0.10266999900341034,0.10293000191450119,0.10221000015735626,0.1022299975156784,7164672.0
2026-05-20 01:30:00,0.10228999704122543,0.10288000106811523,0.10211999714374542,0.10266999900341034,3124672.0
2026-05-20 02:00:00,0.10268999636173248,0.1029599979519844,0.10255999863147736,0.10266999900341034,2170176.0
2026-05-20 02:30:00,0.10266999900341034,0.10268999636173248,0.10233999788761139,0.10247000306844711,1110912.0
2026-05-20 03:00:00,0.10243000090122223,0.10300999879837036,0.10231000185012817,0.1028899997472763,2325312.0
2026-05-20 03:30:00,0.10286000370979309,0.10287000238895416,0.10260000079870224,0.1027899980545044,2707072.0
2026-05-20 04:00:00,0.10275000333786011,0.10284999758005142,0.1023000031709671,0.10239999741315842,8559552.0
2026-05-20 04:30:00,0.10238999873399734,0.10245999693870544,0.10209999978542328,0.10236000269651413,1120448.0
2026-05-20 05:00:00,0.10244999825954437,0.10312999784946442,0.10239999741315842,0.10281000286340714,10309120.0
2026-05-20 05:30:00,0.10283999890089035,0.1036200001835823,0.10283999890089035,0.10344000160694122,12618496.0
2026-05-20 06:00:00,0.10345999896526337,0.10374999791383743,0.1033800020813942,0.10362999886274338,3991424.0
2026-05-20 06:30:00,0.10362999886274338,0.10402999818325043,0.1035500019788742,0.10395999997854233,1473344.0
2026-05-20 07:00:00,0.10392999649047852,0.10397999733686447,0.10361000150442123,0.1038300022482872,122944.0
2026-05-20 07:30:00,0.10379999876022339,0.10382000356912613,0.10339000076055527,0.10349000245332718,9600.0
2026-05-20 08:00:00,0.10350000113248825,0.10367999970912933,0.10337000340223312,0.10356000065803528,157376.0
2026-05-20 08:30:00,0.10356999933719635,0.10395999997854233,0.10356999933719635,0.10367000102996826,3226752.0
2026-05-20 09:00:00,0.10367000102996826,0.10371000319719315,0.10339999943971634,0.1036899983882904,1820736.0
2026-05-20 09:30:00,0.1036899983882904,0.10384000092744827,0.10345999896526337,0.1035500019788742,0.0
2026-05-20 10:00:00,0.10356000065803528,0.10388000309467316,0.10356000065803528,0.10380999743938446,2646016.0
2026-05-20 10:30:00,0.10379999876022339,0.10401999950408936,0.10377000272274017,0.10380999743938446,996608.0
2026-05-20 11:00:00,0.10380999743938446,0.10390999913215637,0.10367000102996826,0.10374999791383743,0.0
2026-05-20 11:30:00,0.10374999791383743,0.10382000356912613,0.10339000076055527,0.10362999886274338,3026944.0
2026-05-20 12:00:00,0.10361000150442123,0.10373999923467636,0.10339000076055527,0.10369999706745148,0.0
2026-05-20 12:30:00,0.10369999706745148,0.10440000146627426,0.10365000367164612,0.10405000299215317,6710784.0
2026-05-20 13:00:00,0.10407000035047531,0.10418999940156937,0.10361000150442123,0.10363999754190445,1707136.0
2026-05-20 13:30:00,0.10362999886274338,0.10373999923467636,0.10299000144004822,0.10356000065803528,6965248.0
2026-05-20 14:00:00,0.10356999933719635,0.10446999967098236,0.10315000265836716,0.10402999818325043,6986560.0
2026-05-20 14:30:00,0.10407999902963638,0.10446999967098236,0.1039000004529953,0.1043199971318245,1093376.0
2026-05-20 15:00:00,0.1042499989271164,0.10482999682426453,0.10379999876022339,0.1043199971318245,14669632.0
2026-05-20 15:30:00,0.1043199971318245,0.10452000051736832,0.10391999781131744,0.10412000119686127,11469312.0
2026-05-20 16:00:00,0.1041100025177002,0.10436999797821045,0.1035500019788742,0.1036899983882904,11458752.0
2026-05-20 16:30:00,0.10369999706745148,0.10447999835014343,0.10363999754190445,0.10430999845266342,11738688.0
2026-05-20 17:00:00,0.10424000024795532,0.1046999990940094,0.10405000299215317,0.10452999919652939,9690112.0
2026-05-20 17:30:00,0.10457000136375427,0.10474999994039536,0.10434000194072723,0.10440000146627426,3545856.0
2026-05-20 18:00:00,0.10435999929904938,0.10453999787569046,0.1040399968624115,0.10407999902963638,736256.0
2026-05-20 18:30:00,0.10407000035047531,0.10423000156879425,0.10389000177383423,0.10399000346660614,1921472.0
2026-05-20 19:00:00,0.10392999649047852,0.10430999845266342,0.10392999649047852,0.10429999977350235,396544.0
2026-05-20 19:30:00,0.1043500006198883,0.1043500006198883,0.10407999902963638,0.10414999723434448,1148928.0
2026-05-20 20:00:00,0.1041100025177002,0.1043199971318245,0.10362999886274338,0.10402999818325043,5819584.0
2026-05-20 20:30:00,0.1040399968624115,0.10413999855518341,0.10379999876022339,0.10408999770879745,2453632.0
2026-05-20 21:00:00,0.1040399968624115,0.10413999855518341,0.10384000092744827,0.10384999960660934,1550144.0
2026-05-20 21:30:00,0.10382000356912613,0.10406000167131424,0.10366000235080719,0.10366000235080719,1405184.0
2026-05-20 22:00:00,0.10363999754190445,0.10365000367164612,0.10290999710559845,0.10335999727249146,3028992.0
2026-05-20 22:30:00,0.10341999679803848,0.10350000113248825,0.10322000086307526,0.10349000245332718,663552.0
2026-05-20 23:00:00,0.10340999811887741,0.10343000292778015,0.10317999869585037,0.10335999727249146,495680.0
2026-05-20 23:30:00,0.10334999859333038,0.10363999754190445,0.10332000255584717,0.10362999886274338,2367744.0
2026-05-21 00:00:00,0.10360000282526016,0.1039699986577034,0.1035899966955185,0.10395000129938126,779840.0
2026-05-21 00:30:00,0.10395000129938126,0.10453999787569046,0.10389000177383423,0.10445000231266022,3387648.0
2026-05-21 01:00:00,0.10446999967098236,0.10482999682426453,0.10430999845266342,0.10441000014543533,4772224.0
2026-05-21 01:30:00,0.10434000194072723,0.1047699972987175,0.10434000194072723,0.10453999787569046,0.0
2026-05-21 02:00:00,0.1045600026845932,0.10518000274896622,0.10450000315904617,0.10499999672174454,4504064.0
2026-05-21 02:30:00,0.10496000200510025,0.1051499992609024,0.10488999634981155,0.10503999888896942,7414400.0
2026-05-21 03:00:00,0.1050100028514862,0.1057099997997284,0.1048400029540062,0.10567999631166458,5502336.0
2026-05-21 03:30:00,0.1056400015950203,0.1057400032877922,0.10540000349283218,0.10553000122308731,15260544.0
2026-05-21 04:00:00,0.10559000074863434,0.10604000091552734,0.10526999831199646,0.10526999831199646,12444160.0
2026-05-21 04:30:00,0.10526999831199646,0.10559000074863434,0.1050100028514862,0.10548000037670135,7478336.0
2026-05-21 05:00:00,0.10547000169754028,0.10582999885082245,0.10547000169754028,0.10569000244140625,1716672.0
2026-05-21 05:30:00,0.10565000027418137,0.10582000017166138,0.10527999699115753,0.10582000017166138,5039296.0
2026-05-21 06:00:00,0.10582999885082245,0.10597000271081924,0.10506000369787216,0.10537000000476837,25118144.0
2026-05-21 06:30:00,0.10530000180006027,0.10547000169754028,0.10475999861955643,0.10497000068426132,7991232.0
2026-05-21 07:00:00,0.10493999719619751,0.10519000142812729,0.10479000210762024,0.10515999794006348,1861824.0
2026-05-21 07:30:00,0.10519000142812729,0.10569000244140625,0.10513000190258026,0.10554999858140945,245888.0
2026-05-21 08:00:00,0.10553999990224838,0.10626000165939331,0.10548999905586243,0.10610999912023544,21783488.0
2026-05-21 08:30:00,0.10610000044107437,0.10611999779939651,0.10555999726057053,0.10575000196695328,7144384.0
2026-05-21 09:00:00,0.10567999631166458,0.10576000064611435,0.10553999990224838,0.10553999990224838,10003328.0
2026-05-21 09:30:00,0.10552000254392624,0.10565999895334244,0.10503000020980835,0.10515999794006348,10061952.0
2026-05-21 10:00:00,0.10513000190258026,0.10525999963283539,0.10407000035047531,0.10429999977350235,4994240.0
2026-05-21 10:30:00,0.10429999977350235,0.10457000136375427,0.1037599965929985,0.10395999997854233,25919936.0
2026-05-21 11:00:00,0.10399000346660614,0.10452999919652939,0.1038300022482872,0.10433000326156616,16132992.0
2026-05-21 11:30:00,0.10426999628543854,0.10446000099182129,0.10412999987602234,0.10418999940156937,1158400.0
2026-05-21 12:00:00,0.10425999760627747,0.10452000051736832,0.10399000346660614,0.10407999902963638,2277376.0
2026-05-21 12:30:00,0.10406000167131424,0.10475999861955643,0.10402999818325043,0.10447999835014343,8960320.0
2026-05-21 13:00:00,0.10446999967098236,0.10470999777317047,0.10441000014543533,0.10465999692678452,655040.0
2026-05-21 13:30:00,0.10471999645233154,0.10471999645233154,0.10373000055551529,0.10467000305652618,5135104.0
2026-05-21 14:00:00,0.10468000173568726,0.10482999682426453,0.1037599965929985,0.10407999902963638,16560000.0
2026-05-21 14:30:00,0.10412000119686127,0.10444000363349915,0.10392999649047852,0.10412999987602234,1159680.0
2026-05-21 15:00:00,0.10413999855518341,0.10474000126123428,0.10386999696493149,0.10467000305652618,2969408.0
2026-05-21 15:30:00,0.10469000041484833,0.10482999682426453,0.10430999845266342,0.10458000004291534,2648832.0
2026-05-21 16:00:00,0.10462000221014023,0.10480000078678131,0.10424000024795532,0.10442999750375748,1575552.0
2026-05-21 16:30:00,0.10444000363349915,0.1046999990940094,0.10412999987602234,0.10440000146627426,378432.0
2026-05-21 17:00:00,0.1044199988245964,0.10623999685049057,0.10425999760627747,0.10623999685049057,30237056.0
2026-05-21 17:30:00,0.10626000165939331,0.10642000287771225,0.10576999932527542,0.10606999695301056,31140544.0
2026-05-21 18:00:00,0.1060900017619133,0.10621999949216843,0.10570000112056732,0.10593999922275543,15619840.0
2026-05-21 18:30:00,0.10599999874830246,0.10610000044107437,0.10487999767065048,0.1053600013256073,7598848.0
2026-05-21 19:00:00,0.10540000349283218,0.10582000017166138,0.10535000264644623,0.10548000037670135,14407168.0
2026-05-21 19:30:00,0.10552000254392624,0.10585000365972519,0.10544999688863754,0.10569000244140625,6111424.0
2026-05-21 20:00:00,0.10569000244140625,0.1058799996972084,0.10559999942779541,0.10565000027418137,4307072.0
2026-05-21 20:30:00,0.10565999895334244,0.10598000138998032,0.1054999977350235,0.10553000122308731,5717248.0
2026-05-21 21:00:00,0.1055700033903122,0.10566999763250351,0.10548000037670135,0.10560999810695648,2793152.0
2026-05-21 21:30:00,0.10561999678611755,0.10565000027418137,0.10532999783754349,0.10540000349283218,3296000.0
2026-05-21 22:00:00,0.10544999688863754,0.1054999977350235,0.1050499975681305,0.10533999651670456,61312.0
2026-05-21 22:30:00,0.10535000264644623,0.10548999905586243,0.10518000274896622,0.10531000047922134,2172160.0
2026-05-21 23:00:00,0.10530000180006027,0.10552000254392624,0.10507000237703323,0.10533999651670456,105600.0
2026-05-21 23:30:00,0.10532999783754349,0.10560999810695648,0.10526999831199646,0.10554999858140945,3126528.0
2026-05-22 00:00:00,0.10558000206947327,0.10560999810695648,0.1051499992609024,0.10524000227451324,0.0
2026-05-22 00:30:00,0.10525000095367432,0.1054999977350235,0.10503000020980835,0.1050499975681305,944896.0
2026-05-22 01:00:00,0.10499999672174454,0.1055700033903122,0.10492999851703644,0.10548000037670135,1315712.0
2026-05-22 01:30:00,0.10546000301837921,0.1059499979019165,0.1052199974656105,0.10591000318527222,7640000.0
2026-05-22 02:00:00,0.10589999705553055,0.10619000345468521,0.10585000365972519,0.10585000365972519,1717632.0
2026-05-22 02:30:00,0.10582000017166138,0.10600999742746353,0.10567999631166458,0.10589999705553055,3206976.0
2026-05-22 03:00:00,0.10589999705553055,0.10614000260829926,0.10565000027418137,0.10572999715805054,4449152.0
2026-05-22 03:30:00,0.10576999932527542,0.10586000233888626,0.10565000027418137,0.10578999668359756,0.0
2026-05-22 04:00:00,0.1058100014925003,0.10605999827384949,0.10565999895334244,0.10571999847888947,0.0
2026-05-22 04:30:00,0.10571999847888947,0.10576999932527542,0.10559000074863434,0.10565000027418137,0.0
2026-05-22 05:00:00,0.10565000027418137,0.10593000054359436,0.10553999990224838,0.1058100014925003,0.0
2026-05-22 05:30:00,0.1058100014925003,0.10603000223636627,0.10542000085115433,0.10550999641418457,0.0
2026-05-22 06:00:00,0.1054999977350235,0.10560999810695648,0.10520999878644943,0.10532999783754349,0.0
2026-05-22 06:30:00,0.10533999651670456,0.10535000264644623,0.10508999973535538,0.10515999794006348,561856.0
2026-05-22 07:00:00,0.10515999794006348,0.10547000169754028,0.10480999946594238,0.10547000169754028,3615872.0
2026-05-22 07:30:00,0.10548999905586243,0.10571999847888947,0.10547000169754028,0.10547000169754028,2265792.0
2026-05-22 08:00:00,0.10548000037670135,0.10585000365972519,0.10541000217199326,0.10583999752998352,0.0
2026-05-22 08:30:00,0.10583999752998352,0.10587000101804733,0.10533999651670456,0.10569000244140625,2735808.0
2026-05-22 09:00:00,0.10565000027418137,0.10592000186443329,0.10558000206947327,0.10570000112056732,110080.0
2026-05-22 09:30:00,0.1057099997997284,0.10576000064611435,0.10542000085115433,0.1056400015950203,0.0
2026-05-22 10:00:00,0.10559999942779541,0.10571999847888947,0.10541000217199326,0.10560999810695648,0.0
2026-05-22 10:30:00,0.10560999810695648,0.10578999668359756,0.10550999641418457,0.10567999631166458,0.0
2026-05-22 11:00:00,0.10576000064611435,0.10591000318527222,0.10548000037670135,0.10553999990224838,0.0
2026-05-22 11:30:00,0.10554999858140945,0.1062999963760376,0.10553999990224838,0.1062999963760376,11926144.0
2026-05-22 12:00:00,0.1062999963760376,0.10666000097990036,0.10604999959468842,0.10616999864578247,21243200.0
2026-05-22 12:30:00,0.10616999864578247,0.10659000277519226,0.10614000260829926,0.10650999844074249,1093952.0
2026-05-22 13:00:00,0.10650999844074249,0.10660000145435333,0.10620000213384628,0.10620000213384628,5065664.0
2026-05-22 13:30:00,0.10610999912023544,0.10638000071048737,0.10592000186443329,0.10636000335216522,1423936.0
2026-05-22 14:00:00,0.10621999949216843,0.10626000165939331,0.1051499992609024,0.10547000169754028,1074816.0
2026-05-22 14:30:00,0.10546000301837921,0.1056400015950203,0.1052199974656105,0.10531999915838242,95360.0
2026-05-22 15:00:00,0.10525999963283539,0.10580000281333923,0.1051499992609024,0.10578999668359756,1106624.0
2026-05-22 15:30:00,0.10578999668359756,0.10625000298023224,0.10559999942779541,0.10597000271081924,7227904.0
2026-05-22 16:00:00,0.10595999658107758,0.10627000033855438,0.10567999631166458,0.10586000233888626,2181632.0
2026-05-22 16:30:00,0.1058799996972084,0.10600999742746353,0.10559000074863434,0.10589999705553055,306368.0
2026-05-22 17:00:00,0.10591000318527222,0.10611999779939651,0.10547000169754028,0.10605999827384949,997312.0
2026-05-22 17:30:00,0.10611999779939651,0.10611999779939651,0.10532999783754349,0.10533999651670456,0.0
2026-05-22 18:00:00,0.10531999915838242,0.10540000349283218,0.10485000163316727,0.10525000095367432,4341376.0
2026-05-22 18:30:00,0.10520000010728836,0.10523000359535217,0.1032399982213974,0.10417000204324722,43588096.0
2026-05-22 19:00:00,0.10413999855518341,0.1043500006198883,0.1035199984908104,0.1035899966955185,12371584.0
2026-05-22 19:30:00,0.10357999801635742,0.10365000367164612,0.10264000296592712,0.10335999727249146,45364800.0
2026-05-22 20:00:00,0.10333999991416931,0.10388000309467316,0.10333999991416931,0.1036899983882904,12700480.0
2026-05-22 20:30:00,0.10362999886274338,0.10400000214576721,0.1033800020813942,0.10388000309467316,7203392.0
2026-05-22 21:00:00,0.10384000092744827,0.1040399968624115,0.10379000008106232,0.10400000214576721,3015616.0
2026-05-22 21:30:00,0.1040399968624115,0.1042499989271164,0.10401000082492828,0.1041800007224083,544064.0
2026-05-22 22:00:00,0.10417000204324722,0.10422000288963318,0.10350000113248825,0.10350999981164932,1084032.0
2026-05-22 22:30:00,0.10350000113248825,0.1035899966955185,0.10311000049114227,0.10333999991416931,17209408.0
2026-05-22 23:00:00,0.10337000340223312,0.10365000367164612,0.1029599979519844,0.1029599979519844,6182336.0
2026-05-22 23:30:00,0.10289999842643738,0.1032399982213974,0.10159999877214432,0.10221000015735626,32936000.0
2026-05-23 00:00:00,0.10226000100374222,0.10226000100374222,0.10101000219583511,0.10140000283718109,47159424.0
2026-05-23 00:30:00,0.10141000151634216,0.10153999924659729,0.1005999967455864,0.10121999680995941,86975232.0
2026-05-23 01:00:00,0.10125000029802322,0.10171999782323837,0.10124000161886215,0.1016400009393692,10208768.0
2026-05-23 01:30:00,0.10163000226020813,0.10172999650239944,0.10141000151634216,0.10166999697685242,2297088.0
2026-05-23 02:00:00,0.10169000178575516,0.10172999650239944,0.10146000236272812,0.10147999972105026,4564288.0
2026-05-23 02:30:00,0.10152000188827515,0.10164999961853027,0.10138999670743942,0.10163000226020813,3653824.0
2026-05-23 03:00:00,0.10163000226020813,0.10175999999046326,0.10153000056743622,0.10171999782323837,4992.0
2026-05-23 03:30:00,0.10168000310659409,0.10179000347852707,0.1015700027346611,0.1015700027346611,691584.0
2026-05-23 04:00:00,0.1015700027346611,0.1016400009393692,0.10129000246524811,0.10134000331163406,3167936.0
2026-05-23 04:30:00,0.10135000199079514,0.10153999924659729,0.1012599989771843,0.10138999670743942,36658112.0
2026-05-23 05:00:00,0.10138999670743942,0.10142000019550323,0.10107000172138214,0.10115999728441238,2841024.0
2026-05-23 05:30:00,0.10114999860525131,0.10154999792575836,0.10106000304222107,0.1011200025677681,17634176.0
2026-05-23 06:00:00,0.10113999992609024,0.10119999945163727,0.10064999759197235,0.10073000192642212,11116352.0
2026-05-23 06:30:00,0.10073000192642212,0.10085999965667725,0.10028000175952911,0.10074999928474426,13173504.0
2026-05-23 07:00:00,0.10079000145196915,0.10086999833583832,0.10062000155448914,0.1008400022983551,5531968.0
2026-05-23 07:30:00,0.1008400022983551,0.10087999701499939,0.09741000086069107,0.09880000352859497,106679488.0
2026-05-23 08:00:00,0.09877999871969223,0.09967999905347824,0.09870000183582306,0.09926000237464905,64896576.0
2026-05-23 08:30:00,0.09926000237464905,0.09960000216960907,0.09905999898910522,0.099590003490448,15888640.0
2026-05-23 09:00:00,0.09960000216960907,0.09972000122070312,0.09939000010490417,0.09944000095129013,14552704.0
2026-05-23 09:30:00,0.09942000359296799,0.09950000047683716,0.09927999973297119,0.09928999841213226,5010048.0
2026-05-23 10:00:00,0.09927999973297119,0.09945999830961227,0.09927000105381012,0.09942000359296799,3027328.0
2026-05-23 10:30:00,0.09942000359296799,0.09960000216960907,0.09939000010490417,0.09943000227212906,3771392.0
2026-05-23 11:00:00,0.09939000010490417,0.09957999736070633,0.09933999925851822,0.09949000179767609,1744256.0
2026-05-23 11:30:00,0.09949000179767609,0.09952999651432037,0.09916000068187714,0.09916000068187714,138752.0
2026-05-23 12:00:00,0.09915000200271606,0.09916999936103821,0.09881000220775604,0.09897000342607498,0.0
2026-05-23 12:30:00,0.09894999861717224,0.09916999936103821,0.0989300012588501,0.09904000163078308,3704960.0
2026-05-23 13:00:00,0.09905999898910522,0.10022000223398209,0.09905999898910522,0.10014999657869339,9556864.0
2026-05-23 13:30:00,0.10021000355482101,0.10053999722003937,0.09991999715566635,0.1004600003361702,2878976.0
2026-05-23 14:00:00,0.10046999901533127,0.10051000118255615,0.10012000054121017,0.10017000138759613,1215616.0
2026-05-23 14:30:00,0.1001800000667572,0.10103999823331833,0.10016000270843506,0.1009100005030632,9024512.0
2026-05-23 15:00:00,0.10092999786138535,0.10187999904155731,0.1007699966430664,0.10114999860525131,29451392.0
2026-05-23 15:30:00,0.10115999728441238,0.1012599989771843,0.10090000182390213,0.10097000002861023,19950592.0
2026-05-23 16:00:00,0.10098999738693237,0.10125000029802322,0.10066000372171402,0.10081999748945236,11990656.0
2026-05-23 16:30:00,0.1008400022983551,0.10130999982357025,0.1008400022983551,0.10106000304222107,3107200.0
2026-05-23 17:00:00,0.10108999907970428,0.10126999765634537,0.10098999738693237,0.10120999813079834,1094528.0
2026-05-23 17:30:00,0.1012599989771843,0.10127999633550644,0.10090000182390213,0.10123000293970108,0.0
2026-05-23 18:00:00,0.10123000293970108,0.10239999741315842,0.10118000209331512,0.10214000195264816,12514304.0
2026-05-23 18:30:00,0.10219000279903412,0.10264000296592712,0.10215000063180923,0.10220000147819519,2216192.0
2026-05-23 19:00:00,0.10221999883651733,0.1025099977850914,0.10203000158071518,0.10239999741315842,602240.0
2026-05-23 19:30:00,0.10243000090122223,0.10248000174760818,0.10225000232458115,0.10243000090122223,0.0
2026-05-23 20:00:00,0.10247000306844711,0.10266000032424927,0.10217999666929245,0.10219000279903412,973952.0
2026-05-23 20:30:00,0.10219000279903412,0.1046999990940094,0.10217999666929245,0.1046999990940094,41536896.0
2026-05-23 21:00:00,0.10475999861955643,0.1049100011587143,0.10367999970912933,0.10373999923467636,28517632.0
2026-05-23 21:30:00,0.1036200001835823,0.10385999828577042,0.10307999700307846,0.10349000245332718,19923712.0
2026-05-23 22:00:00,0.10350999981164932,0.10380999743938446,0.10313999652862549,0.10313999652862549,5552000.0
2026-05-23 22:30:00,0.10315000265836716,0.10320000350475311,0.10249000042676926,0.10283999890089035,9982720.0
2026-05-23 23:00:00,0.10277000069618225,0.10311000049114227,0.1027199998497963,0.1029599979519844,3589888.0
2026-05-23 23:30:00,0.1029599979519844,0.1031700000166893,0.10288000106811523,0.10293000191450119,0.0
2026-05-24 00:00:00,0.10294000059366226,0.1030300036072731,0.10267999768257141,0.10294000059366226,0.0
2026-05-24 00:30:00,0.10293000191450119,0.10317999869585037,0.10288000106811523,0.10300000011920929,0.0
2026-05-24 01:00:00,0.10301999747753143,0.10316000133752823,0.10294999927282333,0.10305999964475632,0.0
2026-05-24 01:30:00,0.10305999964475632,0.1032399982213974,0.10298000276088715,0.10313999652862549,85312.0
2026-05-24 02:00:00,0.10313999652862549,0.10326000303030014,0.10267999768257141,0.10283999890089035,0.0
2026-05-24 02:30:00,0.10283999890089035,0.10305999964475632,0.1027199998497963,0.10300999879837036,1419968.0
2026-05-24 03:00:00,0.10300000011920929,0.10317999869585037,0.10290999710559845,0.10298000276088715,434432.0
2026-05-24 03:30:00,0.10298000276088715,0.10298000276088715,0.1026500016450882,0.1028200015425682,4845504.0
2026-05-24 04:00:00,0.10294000059366226,0.10305999964475632,0.10279999673366547,0.10298000276088715,1066368.0
2026-05-24 04:30:00,0.10296999663114548,0.1031700000166893,0.1029599979519844,0.10300000011920929,1649792.0
2026-05-24 05:00:00,0.10298000276088715,0.10298000276088715,0.1025800034403801,0.10266000032424927,6414464.0
2026-05-24 05:30:00,0.10266999900341034,0.1028200015425682,0.10239999741315842,0.10279999673366547,123456.0
2026-05-24 06:00:00,0.10277000069618225,0.1029599979519844,0.10262999683618546,0.10264000296592712,0.0
2026-05-24 06:30:00,0.10264000296592712,0.1031000018119812,0.10260000079870224,0.1030300036072731,0.0
2026-05-24 07:00:00,0.1030300036072731,0.10311000049114227,0.1028899997472763,0.10293000191450119,329664.0
2026-05-24 07:30:00,0.10292000323534012,0.10306999832391739,0.10272999852895737,0.10277000069618225,0.0
2026-05-24 08:00:00,0.10277000069618225,0.10283000022172928,0.10253000259399414,0.10267999768257141,0.0
2026-05-24 08:30:00,0.10266999900341034,0.1028200015425682,0.10266000032424927,0.10275000333786011,0.0
2026-05-24 09:00:00,0.10276000201702118,0.1031000018119812,0.1026500016450882,0.10300999879837036,1555456.0
2026-05-24 09:30:00,0.10299000144004822,0.10317999869585037,0.10293000191450119,0.10317999869585037,1693632.0
2026-05-24 10:00:00,0.10311999917030334,0.1037599965929985,0.10301999747753143,0.10322999954223633,5355776.0
2026-05-24 10:30:00,0.1031700000166893,0.1031700000166893,0.1027899980545044,0.10292000323534012,15012672.0
2026-05-24 11:00:00,0.10294999927282333,0.10318999737501144,0.10289999842643738,0.1031000018119812,2795456.0
2026-05-24 11:30:00,0.1031000018119812,0.1035199984908104,0.10294000059366226,0.10315000265836716,12576896.0
2026-05-24 12:00:00,0.10321000218391418,0.10322000086307526,0.10266999900341034,0.10272999852895737,14089856.0
2026-05-24 12:30:00,0.10272999852895737,0.10294000059366226,0.10272999852895737,0.1028200015425682,771392.0
2026-05-24 13:00:00,0.10288000106811523,0.1031700000166893,0.10275000333786011,0.10296999663114548,0.0
2026-05-24 13:30:00,0.10300999879837036,0.10318999737501144,0.1025099977850914,0.10277999937534332,0.0
2026-05-24 14:00:00,0.10277000069618225,0.10283999890089035,0.10125000029802322,0.10191000252962112,29306368.0
2026-05-24 14:30:00,0.10182999819517136,0.10226000100374222,0.10182999819517136,0.10203000158071518,5338048.0
2026-05-24 15:00:00,0.10199999809265137,0.10209999978542328,0.10181000083684921,0.10194999724626541,0.0
2026-05-24 15:30:00,0.10198000073432922,0.1020599976181984,0.10175000131130219,0.10181999951601028,0.0
2026-05-24 16:00:00,0.10181999951601028,0.10228999704122543,0.10180000215768814,0.10204999893903732,1269312.0
2026-05-24 16:30:00,0.10208000242710114,0.10225000232458115,0.10183999687433243,0.10216999799013138,0.0
2026-05-24 17:00:00,0.1021599993109703,0.10228999704122543,0.1019899994134903,0.10206999629735947,635840.0
2026-05-24 17:30:00,0.10213000327348709,0.10238000005483627,0.10204999893903732,0.10225000232458115,1884928.0
2026-05-24 18:00:00,0.10226999968290329,0.10233999788761139,0.10209000110626221,0.10215000063180923,0.0
2026-05-24 18:30:00,0.1021599993109703,0.10219000279903412,0.1017799973487854,0.10189999639987946,1745216.0
2026-05-24 19:00:00,0.10189999639987946,0.1020599976181984,0.10174000263214111,0.10179000347852707,0.0
2026-05-24 19:30:00,0.10179000347852707,0.10204000025987625,0.10175000131130219,0.10197000205516815,89088.0
2026-05-24 20:00:00,0.10199999809265137,0.10203000158071518,0.10164999961853027,0.10166999697685242,0.0
2026-05-24 20:30:00,0.10170000046491623,0.10179000347852707,0.10155999660491943,0.10169000178575516,198080.0
2026-05-24 21:00:00,0.10168000310659409,0.10192999988794327,0.10129000246524811,0.10136000066995621,0.0
2026-05-24 21:30:00,0.10136999934911728,0.10141000151634216,0.10045000165700912,0.10051999986171722,7566592.0
2026-05-24 22:00:00,0.10081999748945236,0.1019899994134903,0.10061000287532806,0.10179000347852707,8966336.0
2026-05-24 22:30:00,0.10181000083684921,0.10193999856710434,0.1013299971818924,0.10159999877214432,0.0
2026-05-24 23:00:00,0.10159999877214432,0.10203000158071518,0.10159999877214432,0.1018500030040741,0.0
2026-05-24 23:30:00,0.10182999819517136,0.10241000354290009,0.10182999819517136,0.10215000063180923,8630656.0
2026-05-25 00:00:00,0.10219000279903412,0.10262999683618546,0.10219000279903412,0.10261999815702438,820032.0
2026-05-25 00:30:00,0.1026500016450882,0.1027199998497963,0.10228999704122543,0.10242000222206116,1777984.0
2026-05-25 01:00:00,0.10253000259399414,0.10254000127315521,0.10227999836206436,0.10238999873399734,1220544.0
2026-05-25 01:30:00,0.10238000005483627,0.10239999741315842,0.10162000358104706,0.10168000310659409,1703104.0
2026-05-25 02:00:00,0.10170000046491623,0.10249999910593033,0.10170000046491623,0.10211999714374542,6652160.0
2026-05-25 02:30:00,0.10214000195264816,0.10224000364542007,0.1019899994134903,0.10206999629735947,625664.0
2026-05-25 03:00:00,0.10209999978542328,0.10219000279903412,0.10162000358104706,0.10174000263214111,5618176.0
2026-05-25 03:30:00,0.10174000263214111,0.10200999677181244,0.1016400009393692,0.10187999904155731,1654272.0
2026-05-25 04:00:00,0.10192999988794327,0.10203000158071518,0.10169000178575516,0.10203000158071518,0.0
2026-05-25 04:30:00,0.10203000158071518,0.10261999815702438,0.10203000158071518,0.10244999825954437,10475584.0
2026-05-25 05:00:00,0.1024399995803833,0.1027899980545044,0.10241000354290009,0.10256999731063843,4061504.0
2026-05-25 05:30:00,0.10256999731063843,0.10296999663114548,0.10254999995231628,0.10283999890089035,6222336.0
2026-05-25 06:00:00,0.10286000370979309,0.10304000228643417,0.10232000052928925,0.10248000174760818,4669312.0
2026-05-25 06:30:00,0.10249999910593033,0.10292000323534012,0.10249999910593033,0.10281000286340714,1396032.0
2026-05-25 07:00:00,0.10286000370979309,0.1031700000166893,0.10241000354290009,0.10241000354290009,3212480.0
2026-05-25 07:30:00,0.10242000222206116,0.10267999768257141,0.10238000005483627,0.10267999768257141,6222720.0
2026-05-25 08:00:00,0.10267999768257141,0.10270000249147415,0.10247000306844711,0.10249000042676926,154496.0
2026-05-25 08:30:00,0.1025099977850914,0.10273999720811844,0.10249999910593033,0.1026500016450882,1150720.0
2026-05-25 09:00:00,0.10264000296592712,0.10266000032424927,0.10228999704122543,0.10249999910593033,1272704.0
2026-05-25 09:30:00,0.10253000259399414,0.10277999937534332,0.10226000100374222,0.10260000079870224,4693248.0
2026-05-25 10:00:00,0.10259000211954117,0.1028899997472763,0.10253000259399414,0.10283999890089035,9494080.0
2026-05-25 10:30:00,0.10283999890089035,0.10290999710559845,0.10272999852895737,0.10283999890089035,0.0
2026-05-25 11:00:00,0.10281000286340714,0.10283000022172928,0.10255999863147736,0.1027199998497963,2938624.0
2026-05-25 11:30:00,0.10271000117063522,0.10298000276088715,0.10267999768257141,0.10279999673366547,557952.0
2026-05-25 12:00:00,0.10279999673366547,0.10292000323534012,0.10259000211954117,0.10292000323534012,0.0
2026-05-25 12:30:00,0.10292000323534012,0.10300999879837036,0.10266999900341034,0.10272999852895737,1475072.0
2026-05-25 13:00:00,0.10270000249147415,0.10283999890089035,0.10260999947786331,0.10268999636173248,188928.0
2026-05-25 13:30:00,0.10271000117063522,0.10284999758005142,0.10264000296592712,0.1028200015425682,197440.0
2026-05-25 14:00:00,0.10283000022172928,0.10315000265836716,0.1028200015425682,0.10315000265836716,110336.0
2026-05-25 14:30:00,0.10315000265836716,0.10321000218391418,0.10283000022172928,0.10315000265836716,7456480.0
2026-05-25 15:00:00,0.10315000265836716,0.10347999632358551,0.10276000201702118,0.10279999673366547,30214688.0
2026-05-25 15:30:00,0.10279999673366547,0.10304000228643417,0.10273999720811844,0.1028899997472763,3416384.0
2026-05-25 16:00:00,0.10293000191450119,0.1030300036072731,0.1027199998497963,0.10301999747753143,418816.0
2026-05-25 16:30:00,0.10305000096559525,0.10366000235080719,0.10300999879837036,0.10339999943971634,12130240.0
2026-05-25 17:00:00,0.10345999896526337,0.1035500019788742,0.10313999652862549,0.10337000340223312,4563520.0
2026-05-25 17:30:00,0.1033800020813942,0.10339999943971634,0.10307999700307846,0.1031700000166893,1193024.0
2026-05-25 18:00:00,0.10315000265836716,0.10344000160694122,0.10311999917030334,0.10322000086307526,236480.0
2026-05-25 18:30:00,0.10321000218391418,0.10322000086307526,0.10294999927282333,0.10299000144004822,311680.0
2026-05-25 19:00:00,0.10299000144004822,0.10304000228643417,0.1028200015425682,0.1029599979519844,563936.0
2026-05-25 19:30:00,0.10294000059366226,0.10300999879837036,0.10259000211954117,0.10267999768257141,11052896.0
2026-05-25 20:00:00,0.1026500016450882,0.10279999673366547,0.10260999947786331,0.10266999900341034,233920.0
2026-05-25 20:30:00,0.10268999636173248,0.10271000117063522,0.10226000100374222,0.10227999836206436,2839552.0
2026-05-25 21:00:00,0.10226999968290329,0.10254999995231628,0.10226999968290329,0.10238999873399734,1270016.0
2026-05-25 21:30:00,0.10234999656677246,0.10239999741315842,0.10213000327348709,0.10225000232458115,15927040.0
2026-05-25 22:00:00,0.1022299975156784,0.10236000269651413,0.10193999856710434,0.10209000110626221,0.0
2026-05-25 22:30:00,0.10203000158071518,0.10203000158071518,0.10160999745130539,0.10166999697685242,7190976.0
2026-05-25 23:00:00,0.10160999745130539,0.10209000110626221,0.10155999660491943,0.10203000158071518,5020768.0
2026-05-25 23:30:00,0.10200999677181244,0.10219000279903412,0.10189999639987946,0.1020599976181984,442560.0
2026-05-26 00:00:00,0.1020599976181984,0.10209999978542328,0.10163000226020813,0.10166999697685242,1050272.0
2026-05-26 00:30:00,0.10169000178575516,0.10181000083684921,0.10063999891281128,0.10121999680995941,14500896.0
2026-05-26 01:00:00,0.10119999945163727,0.10126999765634537,0.1007699966430664,0.10091999918222427,8456288.0
2026-05-26 01:30:00,0.1008400022983551,0.10085000097751617,0.1003900021314621,0.10057999938726425,11519680.0
2026-05-26 02:00:00,0.10068000108003616,0.10078000277280807,0.10041999816894531,0.10064999759197235,21071488.0
2026-05-26 02:30:00,0.10068000108003616,0.10090000182390213,0.10051000118255615,0.10080999881029129,3741184.0
2026-05-26 03:00:00,0.10079000145196915,0.10079000145196915,0.10045000165700912,0.10061000287532806,0.0
2026-05-26 03:30:00,0.10063999891281128,0.10102000087499619,0.10062000155448914,0.10101000219583511,2717248.0
2026-05-26 04:00:00,0.10103999823331833,0.10130000114440918,0.10086999833583832,0.10130000114440918,25259584.0
2026-05-26 04:30:00,0.10127999633550644,0.10143999755382538,0.1011200025677681,0.1012599989771843,870336.0
2026-05-26 05:00:00,0.10130999982357025,0.1017099991440773,0.10115999728441238,0.10159999877214432,1142208.0
2026-05-26 05:30:00,0.10159000009298325,0.10200999677181244,0.10153999924659729,0.10170000046491623,1921856.0
2026-05-26 06:00:00,0.10166999697685242,0.10166999697685242,0.10124000161886215,0.10131999850273132,1939136.0
2026-05-26 06:30:00,0.10135000199079514,0.1016400009393692,0.10130000114440918,0.10148999840021133,3892544.0
2026-05-26 07:00:00,0.10153999924659729,0.10153999924659729,0.1008400022983551,0.10113999992609024,3179072.0
2026-05-26 07:30:00,0.1011200025677681,0.10129000246524811,0.10085999965667725,0.10103999823331833,875328.0
2026-05-26 08:00:00,0.10103999823331833,0.10129000246524811,0.10100000351667404,0.10109999775886536,869440.0
2026-05-26 08:30:00,0.10108000040054321,0.1011900007724762,0.10090000182390213,0.10115999728441238,2712512.0
2026-05-26 09:00:00,0.10115999728441238,0.10136999934911728,0.10107000172138214,0.10123000293970108,119616.0
2026-05-26 09:30:00,0.10126999765634537,0.10129000246524811,0.10093999654054642,0.10102000087499619,522496.0
2026-05-26 10:00:00,0.10100000351667404,0.10208000242710114,0.1009100005030632,0.10199999809265137,2119456.0
2026-05-26 10:30:00,0.1020599976181984,0.1024399995803833,0.10199999809265137,0.1022299975156784,23740704.0
2026-05-26 11:00:00,0.10221999883651733,0.10232000052928925,0.10202000290155411,0.1021599993109703,3267712.0
2026-05-26 11:30:00,0.10216999799013138,0.10249000042676926,0.10213000327348709,0.10232000052928925,6218880.0
2026-05-26 12:00:00,0.10232000052928925,0.1025800034403801,0.10209000110626221,0.10254999995231628,9116160.0
2026-05-26 12:30:00,0.10261999815702438,0.10267999768257141,0.10241000354290009,0.10262999683618546,10102400.0
2026-05-26 13:00:00,0.10262999683618546,0.10284999758005142,0.10204000025987625,0.10204000025987625,17516608.0
2026-05-26 13:30:00,0.1020599976181984,0.10281000286340714,0.10175999999046326,0.10259000211954117,19879424.0
2026-05-26 14:00:00,0.10271000117063522,0.10371000319719315,0.10253000259399414,0.10362999886274338,16519168.0
2026-05-26 14:30:00,0.10366000235080719,0.10366000235080719,0.10228999704122543,0.10281000286340714,29246016.0
2026-05-26 15:00:00,0.10281000286340714,0.10289999842643738,0.10216999799013138,0.10216999799013138,8546688.0
2026-05-26 15:30:00,0.10214000195264816,0.10220000147819519,0.10129000246524811,0.1019200012087822,37628736.0
2026-05-26 16:00:00,0.10189999639987946,0.1019899994134903,0.10121999680995941,0.1015700027346611,19483136.0
2026-05-26 16:30:00,0.10153000056743622,0.10175999999046326,0.1010499969124794,0.10136000066995621,12516992.0
2026-05-26 17:00:00,0.10134000331163406,0.10159000009298325,0.10056000202894211,0.10056000202894211,7695872.0
2026-05-26 17:30:00,0.10044000297784805,0.10119999945163727,0.1001800000667572,0.10092999786138535,34832512.0
2026-05-26 18:00:00,0.10085999965667725,0.10134000331163406,0.10080999881029129,0.10114999860525131,11947648.0
2026-05-26 18:30:00,0.10103999823331833,0.1011900007724762,0.10055000334978104,0.10068999975919724,6806784.0
2026-05-26 19:00:00,0.1006999984383583,0.10073000192642212,0.10034000128507614,0.10063999891281128,4096384.0
2026-05-26 19:30:00,0.10063999891281128,0.10118000209331512,0.10062000155448914,0.10092999786138535,1816384.0
2026-05-26 20:00:00,0.10101000219583511,0.1012599989771843,0.10090000182390213,0.10108999907970428,3307072.0
2026-05-26 20:30:00,0.10108000040054321,0.1011200025677681,0.10087999701499939,0.10107000172138214,767424.0
2026-05-26 21:00:00,0.10109999775886536,0.1011200025677681,0.10047999769449234,0.10091999918222427,3175360.0
2026-05-26 21:30:00,0.10092999786138535,0.10101000219583511,0.10053999722003937,0.10063000023365021,647616.0
2026-05-26 22:00:00,0.10063999891281128,0.10097000002861023,0.10051999986171722,0.10097000002861023,2389184.0
2026-05-26 22:30:00,0.10093999654054642,0.10107000172138214,0.10067000240087509,0.10079000145196915,574912.0
2026-05-26 23:00:00,0.10081999748945236,0.10106000304222107,0.10081999748945236,0.10096000134944916,208960.0
2026-05-26 23:30:00,0.10098999738693237,0.10117000341415405,0.10086999833583832,0.10087999701499939,333504.0
2026-05-27 00:00:00,0.10091999918222427,0.10124000161886215,0.10090000182390213,0.10124000161886215,754816.0
2026-05-27 00:30:00,0.10124000161886215,0.10172999650239944,0.10119999945163727,0.10172999650239944,0.0
2026-05-27 01:00:00,0.10168000310659409,0.10174000263214111,0.10130000114440918,0.1014299988746643,0.0
2026-05-27 01:30:00,0.10140000283718109,0.10164999961853027,0.10124000161886215,0.10142000019550323,0.0
2026-05-27 02:00:00,0.10140000283718109,0.10145000368356705,0.10102000087499619,0.10124000161886215,1487168.0
2026-05-27 02:30:00,0.1011900007724762,0.10142000019550323,0.10102999955415726,0.10142000019550323,131072.0
2026-05-27 03:00:00,0.10145000368356705,0.10159999877214432,0.10131999850273132,0.10142000019550323,5502720.0
2026-05-27 03:30:00,0.10145000368356705,0.10155999660491943,0.10091999918222427,0.10108000040054321,385088.0
2026-05-27 04:00:00,0.10108000040054321,0.10119999945163727,0.10064999759197235,0.10064999759197235,3592000.0
2026-05-27 04:30:00,0.10062000155448914,0.1014999970793724,0.10017000138759613,0.1014299988746643,21501056.0
2026-05-27 05:00:00,0.10143999755382538,0.10159000009298325,0.1012599989771843,0.10147999972105026,5831296.0
2026-05-27 05:30:00,0.10148999840021133,0.10163000226020813,0.10121999680995941,0.10154999792575836,0.0
2026-05-27 06:00:00,0.1015700027346611,0.10159999877214432,0.10129000246524811,0.10152000188827515,3275072.0
2026-05-27 06:30:00,0.10152000188827515,0.10214000195264816,0.10146000236272812,0.10206999629735947,9344320.0
2026-05-27 07:00:00,0.10209999978542328,0.10217999666929245,0.10180000215768814,0.10204000025987625,2071232.0
2026-05-27 07:30:00,0.10206999629735947,0.1021599993109703,0.10187999904155731,0.10200999677181244,3974080.0
2026-05-27 08:00:00,0.10200999677181244,0.10234999656677246,0.10194999724626541,0.10226999968290329,6232000.0
2026-05-27 08:30:00,0.10227999836206436,0.10241000354290009,0.10186000168323517,0.1019899994134903,9230848.0
2026-05-27 09:00:00,0.10199999809265137,0.10204000025987625,0.1014999970793724,0.1017099991440773,4781376.0
2026-05-27 09:30:00,0.10175000131130219,0.10204000025987625,0.10164999961853027,0.10179000347852707,4491456.0
2026-05-27 10:00:00,0.10181999951601028,0.10204999893903732,0.10163000226020813,0.10203000158071518,1508352.0
2026-05-27 10:30:00,0.10198000073432922,0.10200999677181244,0.10141000151634216,0.10154999792575836,0.0
2026-05-27 11:00:00,0.10152000188827515,0.10181999951601028,0.10152000188827515,0.10172999650239944,941888.0
2026-05-27 11:30:00,0.1017099991440773,0.10174000263214111,0.1014999970793724,0.10153000056743622,727936.0
2026-05-27 12:00:00,0.10154999792575836,0.10224000364542007,0.10102999955415726,0.10187999904155731,12263040.0
2026-05-27 12:30:00,0.10192999988794327,0.10209999978542328,0.10171999782323837,0.1018500030040741,814080.0
2026-05-27 13:00:00,0.10192999988794327,0.10198000073432922,0.10127999633550644,0.10136000066995621,2979136.0
2026-05-27 13:30:00,0.10125000029802322,0.10142000019550323,0.10056000202894211,0.10117000341415405,12007808.0
2026-05-27 14:00:00,0.10127999633550644,0.1017099991440773,0.10068999975919724,0.10087999701499939,5228992.0
2026-05-27 14:30:00,0.10093999654054642,0.1014999970793724,0.10070999711751938,0.10141000151634216,0.0
2026-05-27 15:00:00,0.10141000151634216,0.10242000222206116,0.10137999802827835,0.10234999656677246,4139776.0
2026-05-27 15:30:00,0.10238000005483627,0.10311999917030334,0.10211999714374542,0.10238999873399734,2740416.0
2026-05-27 16:00:00,0.10239999741315842,0.10266000032424927,0.10170000046491623,0.10186000168323517,3654592.0
2026-05-27 16:30:00,0.10183999687433243,0.10191000252962112,0.1014299988746643,0.10181999951601028,0.0
2026-05-27 17:00:00,0.1018500030040741,0.1018500030040741,0.1008400022983551,0.10121999680995941,3806272.0
2026-05-27 17:30:00,0.10117000341415405,0.10129000246524811,0.10086999833583832,0.10108999907970428,0.0
2026-05-27 18:00:00,0.10106000304222107,0.10125000029802322,0.1008400022983551,0.10123000293970108,3401728.0
2026-05-27 18:30:00,0.10124000161886215,0.10168000310659409,0.1009799987077713,0.10162000358104706,1635072.0
2026-05-27 19:00:00,0.10162000358104706,0.10202000290155411,0.10155999660491943,0.10189999639987946,1105664.0
2026-05-27 19:30:00,0.10186000168323517,0.10209000110626221,0.10166999697685242,0.1019899994134903,1277312.0
2026-05-27 20:00:00,0.10202000290155411,0.10221999883651733,0.10188999772071838,0.10197000205516815,2832768.0
2026-05-27 20:30:00,0.10189999639987946,0.10200999677181244,0.1017099991440773,0.10197000205516815,3113600.0
2026-05-27 21:00:00,0.10194999724626541,0.10194999724626541,0.10159999877214432,0.10159999877214432,413952.0
2026-05-27 21:30:00,0.10158000141382217,0.10159999877214432,0.09948000311851501,0.10027000308036804,45352320.0
2026-05-27 22:00:00,0.1001800000667572,0.1008400022983551,0.09999000281095505,0.10061000287532806,26993344.0
2026-05-27 22:30:00,0.10058999806642532,0.10078000277280807,0.1002499982714653,0.10027000308036804,6594432.0
2026-05-27 23:00:00,0.10021000355482101,0.1005999967455864,0.09985999763011932,0.09996999800205231,7557824.0
2026-05-27 23:30:00,0.09996999800205231,0.10047999769449234,0.09990999847650528,0.10034999996423721,13394304.0
2026-05-28 00:00:00,0.10034000128507614,0.10068999975919724,0.10025999695062637,0.10041999816894531,3009536.0
2026-05-28 00:30:00,0.10044000297784805,0.10057999938726425,0.1001800000667572,0.1003900021314621,1418816.0
2026-05-28 01:00:00,0.10041999816894531,0.1004600003361702,0.09974999725818634,0.09994000196456909,6641536.0
2026-05-28 01:30:00,0.0998699963092804,0.1003900021314621,0.09973999857902527,0.10033000260591507,12111680.0
2026-05-28 02:00:00,0.10040999948978424,0.10046999901533127,0.10008999705314636,0.10017000138759613,2870656.0
2026-05-28 02:30:00,0.10023000091314316,0.10033000260591507,0.10001000016927719,0.100040003657341,3037632.0
2026-05-28 03:00:00,0.10002999752759933,0.100040003657341,0.09828999638557434,0.09903000295162201,47225600.0
2026-05-28 03:30:00,0.09893999993801117,0.09905999898910522,0.09792999923229218,0.09807000309228897,36496448.0
2026-05-28 04:00:00,0.09807000309228897,0.09810999780893326,0.09703999757766724,0.09743999689817429,54655104.0
2026-05-28 04:30:00,0.09740000218153,0.0982000008225441,0.09739000350236893,0.0980599969625473,4289344.0
2026-05-28 05:00:00,0.09808000177145004,0.09814999997615814,0.09703999757766724,0.09707999974489212,15365696.0
2026-05-28 05:30:00,0.097120001912117,0.09766999632120132,0.097120001912117,0.09737999737262726,11975040.0
2026-05-28 06:00:00,0.09736999869346619,0.097680002450943,0.09730999916791916,0.09747999906539917,743872.0
2026-05-28 06:30:00,0.09747999906539917,0.09798000007867813,0.0972599983215332,0.09782999753952026,1575552.0
2026-05-28 07:00:00,0.09786999970674515,0.09835000336170197,0.09764999896287918,0.09821999818086624,14440832.0
2026-05-28 07:30:00,0.09824000298976898,0.09866999834775925,0.09820999950170517,0.09855999797582626,13063232.0
2026-05-28 08:00:00,0.09859000146389008,0.09859000146389008,0.09803999960422516,0.098130002617836,1354240.0
2026-05-28 08:30:00,0.098130002617836,0.0982699990272522,0.09797000139951706,0.09810999780893326,0.0
2026-05-28 09:00:00,0.098130002617836,0.09854999929666519,0.09811999648809433,0.09854999929666519,0.0
2026-05-28 09:30:00,0.09853000193834305,0.09863000363111496,0.09838999807834625,0.09853000193834305,437568.0
2026-05-28 10:00:00,0.09854000061750412,0.09867999702692032,0.09810999780893326,0.09827999770641327,2072960.0
2026-05-28 10:30:00,0.09828999638557434,0.09848000109195709,0.09793999791145325,0.09793999791145325,3157888.0
2026-05-28 11:00:00,0.09796000272035599,0.0980599969625473,0.097680002450943,0.09776999801397324,4013184.0
2026-05-28 11:30:00,0.09775999933481216,0.09797000139951706,0.09762000292539597,0.0979200005531311,205440.0
2026-05-28 12:00:00,0.09791000187397003,0.09799999743700027,0.09726999700069427,0.09739000350236893,0.0
2026-05-28 12:30:00,0.09741000086069107,0.09796000272035599,0.09741000086069107,0.09792999923229218,16940736.0
2026-05-28 13:00:00,0.09792999923229218,0.09820999950170517,0.0974700003862381,0.09791000187397003,776256.0
2026-05-28 13:30:00,0.09782999753952026,0.09788999706506729,0.09720999747514725,0.09756000339984894,2070080.0
2026-05-28 14:00:00,0.09757000207901001,0.09854000061750412,0.09664999693632126,0.09808000177145004,51611904.0
2026-05-28 14:30:00,0.09802000224590302,0.09827999770641327,0.09764000028371811,0.09814999997615814,11782080.0
2026-05-28 15:00:00,0.09810999780893326,0.09830000251531601,0.09741000086069107,0.09807000309228897,2380800.0
2026-05-28 15:30:00,0.09807000309228897,0.09852000325918198,0.09781999886035919,0.09828999638557434,29184.0
2026-05-28 16:00:00,0.0982699990272522,0.09889999777078629,0.09781000018119812,0.09859000146389008,1640256.0
2026-05-28 16:30:00,0.09860000014305115,0.09928999841213226,0.09860000014305115,0.09926000237464905,7355392.0
2026-05-28 17:00:00,0.09929999709129333,0.0997299998998642,0.09904000163078308,0.09935999661684036,6118400.0
2026-05-28 17:30:00,0.09937000274658203,0.1002499982714653,0.09933999925851822,0.09980999678373337,9776320.0
2026-05-28 18:00:00,0.09978999942541122,0.10030999779701233,0.09978000074625015,0.10014999657869339,9047104.0
2026-05-28 18:30:00,0.10018999874591827,0.10021000355482101,0.09983000159263611,0.10006999969482422,3296384.0
2026-05-28 19:00:00,0.10005000233650208,0.10005000233650208,0.09967000037431717,0.10001999884843826,1257856.0
2026-05-28 19:30:00,0.10006999969482422,0.10006999969482422,0.09934999793767929,0.09935999661684036,1932032.0
2026-05-28 20:00:00,0.0993800014257431,0.09978999942541122,0.0989999994635582,0.09977000206708908,11391104.0
2026-05-28 20:30:00,0.0997999981045723,0.09995000064373016,0.09956000000238419,0.09960000216960907,1954112.0
2026-05-28 21:00:00,0.09962999820709229,0.10035999864339828,0.09954000264406204,0.09991999715566635,11567296.0
2026-05-28 21:30:00,0.09991999715566635,0.1001100018620491,0.09983000159263611,0.09985999763011932,0.0
2026-05-28 22:00:00,0.09984999895095825,0.10007999837398529,0.09946999698877335,0.09949000179767609,191680.0
2026-05-28 22:30:00,0.09945999830961227,0.09949000179767609,0.09915000200271606,0.09933000057935715,603136.0
2026-05-28 23:00:00,0.09939000010490417,0.09967999905347824,0.09927999973297119,0.09967999905347824,0.0
2026-05-28 23:30:00,0.09967000037431717,0.09968999773263931,0.09928999841213226,0.0994499996304512,0.0
2026-05-29 00:00:00,0.0994499996304512,0.09983000159263611,0.0994499996304512,0.09967999905347824,958528.0
2026-05-29 00:30:00,0.09967000037431717,0.09996999800205231,0.09956999868154526,0.09974999725818634,1931712.0
2026-05-29 01:00:00,0.09978000074625015,0.09995000064373016,0.09939999878406525,0.09940999746322632,0.0
2026-05-29 01:30:00,0.09939999878406525,0.09956000000238419,0.09922000020742416,0.09942000359296799,4072896.0
2026-05-29 02:00:00,0.09942000359296799,0.09956000000238419,0.09900999814271927,0.09905999898910522,1260800.0
2026-05-29 02:30:00,0.09900999814271927,0.09928999841213226,0.0987199991941452,0.09882000088691711,4693120.0
2026-05-29 03:00:00,0.09884999692440033,0.09943000227212906,0.09884999692440033,0.09907999634742737,0.0
2026-05-29 03:30:00,0.09910000115633011,0.09921000152826309,0.09888000041246414,0.09892000257968903,0.0
2026-05-29 04:00:00,0.09894999861717224,0.09900999814271927,0.09850999712944031,0.09884999692440033,0.0
2026-05-29 04:30:00,0.09882999956607819,0.09911999851465225,0.09882999956607819,0.09910999983549118,0.0
2026-05-29 05:00:00,0.09911999851465225,0.09949000179767609,0.09911999851465225,0.09926000237464905,0.0
2026-05-29 05:30:00,0.09927000105381012,0.09945999830961227,0.09905000030994415,0.09944000095129013,0.0
2026-05-29 06:00:00,0.09945999830961227,0.0997299998998642,0.09933999925851822,0.0994499996304512,2141504.0
2026-05-29 06:30:00,0.09942000359296799,0.09952999651432037,0.09912999719381332,0.09945999830961227,406400.0
2026-05-29 07:00:00,0.09945999830961227,0.09961000084877014,0.09939999878406525,0.09955000132322311,0.0
2026-05-29 07:30:00,0.09950999915599823,0.09955000132322311,0.09893999993801117,0.09948000311851501,0.0
2026-05-29 08:00:00,0.09950000047683716,0.09978000074625015,0.09944000095129013,0.0995199978351593,3671936.0
2026-05-29 08:30:00,0.09949000179767609,0.09954000264406204,0.099310003221035,0.09935999661684036,0.0
2026-05-29 09:00:00,0.09935999661684036,0.09973999857902527,0.09928999841213226,0.0996600016951561,1001664.0
2026-05-29 09:30:00,0.09967999905347824,0.09968999773263931,0.09954000264406204,0.09961999952793121,646656.0
2026-05-29 10:00:00,0.09960000216960907,0.09960000216960907,0.09933999925851822,0.09939000010490417,0.0
2026-05-29 10:30:00,0.0993800014257431,0.09960000216960907,0.09927999973297119,0.09956999868154526,850304.0
2026-05-29 11:00:00,0.09950999915599823,0.09956000000238419,0.09927000105381012,0.09929999709129333,186432.0
2026-05-29 11:30:00,0.09927999973297119,0.09928999841213226,0.09856999665498734,0.09898000210523605,12014400.0
2026-05-29 12:00:00,0.09895999729633331,0.09899000078439713,0.09870000183582306,0.09873999655246735,654016.0
2026-05-29 12:30:00,0.09876000136137009,0.09884999692440033,0.09832999855279922,0.09850999712944031,0.0
2026-05-29 13:00:00,0.09848999977111816,0.09849999845027924,0.09803000092506409,0.09826000034809113,487744.0
2026-05-29 13:30:00,0.09820999950170517,0.09861999750137329,0.09788999706506729,0.09825000166893005,1162752.0
2026-05-29 14:00:00,0.0982699990272522,0.09848999977111816,0.09731999784708023,0.0979200005531311,165312.0
2026-05-29 14:30:00,0.09794999659061432,0.0989300012588501,0.09758999943733215,0.09877000004053116,23657216.0
2026-05-29 15:00:00,0.09873999655246735,0.10025999695062637,0.0986500009894371,0.10012000054121017,15750912.0
2026-05-29 15:30:00,0.10016000270843506,0.10102999955415726,0.10002999752759933,0.10029000043869019,53341632.0
2026-05-29 16:00:00,0.10025999695062637,0.1005299985408783,0.09977000206708908,0.09995000064373016,7004032.0
2026-05-29 16:30:00,0.09994000196456909,0.10080000013113022,0.09994000196456909,0.10044000297784805,11341760.0
2026-05-29 17:00:00,0.10045000165700912,0.10072000324726105,0.10019999742507935,0.10057000070810318,3357248.0
2026-05-29 17:30:00,0.10057000070810318,0.1006999984383583,0.10006000101566315,0.10023000091314316,1046272.0
2026-05-29 18:00:00,0.1002499982714653,0.10042999684810638,0.09994000196456909,0.09995000064373016,0.0
2026-05-29 18:30:00,0.09995000064373016,0.1001100018620491,0.09925000369548798,0.09954000264406204,9492864.0
2026-05-29 19:00:00,0.099590003490448,0.09971000254154205,0.09905999898910522,0.09935999661684036,2337280.0
2026-05-29 19:30:00,0.09940999746322632,0.10007999837398529,0.09940999746322632,0.09995000064373016,4689216.0
2026-05-29 20:00:00,0.09997999668121338,0.10014999657869339,0.09978000074625015,0.10006999969482422,73088.0
2026-05-29 20:30:00,0.10008999705314636,0.10019999742507935,0.09980999678373337,0.09996999800205231,474624.0
2026-05-29 21:00:00,0.09999000281095505,0.10036999732255936,0.09980999678373337,0.09984000027179718,2049856.0
2026-05-29 21:30:00,0.09982000291347504,0.10000000149011612,0.09944000095129013,0.0994499996304512,1169408.0
2026-05-29 22:00:00,0.09946999698877335,0.09984000027179718,0.09927000105381012,0.09972000122070312,2616832.0
2026-05-29 22:30:00,0.0997299998998642,0.0997999981045723,0.09950999915599823,0.09967000037431717,0.0
2026-05-29 23:00:00,0.09963999688625336,0.09988000243902206,0.09940999746322632,0.0994499996304512,2008576.0
2026-05-29 23:30:00,0.0994499996304512,0.0997299998998642,0.09933000057935715,0.09956000000238419,2259264.0
2026-05-30 00:00:00,0.09962999820709229,0.09968999773263931,0.09935999661684036,0.0996600016951561,576512.0
2026-05-30 00:30:00,0.09967000037431717,0.10007999837398529,0.09952999651432037,0.10000000149011612,3705792.0
2026-05-30 01:00:00,0.09999000281095505,0.10046999901533127,0.09989000111818314,0.10035999864339828,2358848.0
2026-05-30 01:30:00,0.10029999911785126,0.1008400022983551,0.10029999911785126,0.1008400022983551,7825536.0
2026-05-30 02:00:00,0.10085999965667725,0.10134000331163406,0.10085999965667725,0.10108000040054321,15238784.0
2026-05-30 02:30:00,0.10110999643802643,0.10147999972105026,0.10110999643802643,0.10142000019550323,4560576.0
2026-05-30 03:00:00,0.1014299988746643,0.10168000310659409,0.1011200025677681,0.10127999633550644,6531392.0
2026-05-30 03:30:00,0.10127999633550644,0.10127999633550644,0.10090000182390213,0.10097000002861023,9028928.0
2026-05-30 04:00:00,0.1009799987077713,0.10120999813079834,0.10027000308036804,0.10034000128507614,6765568.0
2026-05-30 04:30:00,0.10028000175952911,0.10072000324726105,0.10006999969482422,0.10066000372171402,16754880.0
2026-05-30 05:00:00,0.10063000023365021,0.10109999775886536,0.10057999938726425,0.10092999786138535,11489088.0
2026-05-30 05:30:00,0.10092999786138535,0.10131999850273132,0.10091999918222427,0.10130999982357025,6947008.0
2026-05-30 06:00:00,0.10131999850273132,0.10145000368356705,0.10110999643802643,0.10145000368356705,7160640.0
2026-05-30 06:30:00,0.10148999840021133,0.10160999745130539,0.10113999992609024,0.10126999765634537,2392064.0
2026-05-30 07:00:00,0.10126999765634537,0.10130999982357025,0.10100000351667404,0.10120999813079834,789824.0
2026-05-30 07:30:00,0.10120999813079834,0.10124000161886215,0.10090000182390213,0.10113000124692917,0.0
2026-05-30 08:00:00,0.10113000124692917,0.1011900007724762,0.10095000267028809,0.10101000219583511,258304.0
2026-05-30 08:30:00,0.10101000219583511,0.1010499969124794,0.10067000240087509,0.10067000240087509,3954752.0
2026-05-30 09:00:00,0.10067000240087509,0.10089000314474106,0.10057000070810318,0.10087999701499939,972608.0
2026-05-30 09:30:00,0.10087999701499939,0.10091999918222427,0.10072000324726105,0.10080999881029129,1317440.0
2026-05-30 10:00:00,0.1008400022983551,0.10090000182390213,0.10063000023365021,0.10067000240087509,2303872.0
2026-05-30 10:30:00,0.10067000240087509,0.10080000013113022,0.10063000023365021,0.10066000372171402,2338816.0
2026-05-30 11:00:00,0.10066000372171402,0.10072000324726105,0.10041999816894531,0.10064999759197235,1261632.0
2026-05-30 11:30:00,0.10066000372171402,0.10080999881029129,0.10063999891281128,0.10070999711751938,104512.0
2026-05-30 12:00:00,0.10070999711751938,0.10080999881029129,0.10057000070810318,0.10063999891281128,4164288.0
2026-05-30 12:30:00,0.10063999891281128,0.10081999748945236,0.10058999806642532,0.10080999881029129,377856.0
2026-05-30 13:00:00,0.10080999881029129,0.10098999738693237,0.10080999881029129,0.10087999701499939,228608.0
2026-05-30 13:30:00,0.10087999701499939,0.1009100005030632,0.10058999806642532,0.1008400022983551,0.0
2026-05-30 14:00:00,0.10086999833583832,0.10120999813079834,0.10086999833583832,0.10115999728441238,0.0
2026-05-30 14:30:00,0.10119999945163727,0.10135000199079514,0.10096000134944916,0.10106000304222107,1595264.0
2026-05-30 15:00:00,0.10109999775886536,0.10140000283718109,0.10095000267028809,0.10114999860525131,0.0
2026-05-30 15:30:00,0.10115999728441238,0.10130999982357025,0.10098999738693237,0.1011900007724762,0.0
2026-05-30 16:00:00,0.10119999945163727,0.10152000188827515,0.10114999860525131,0.10131999850273132,0.0
2026-05-30 16:30:00,0.1013299971818924,0.10153000056743622,0.10129000246524811,0.10137999802827835,0.0
2026-05-30 17:00:00,0.10140000283718109,0.10146000236272812,0.10115999728441238,0.10127999633550644,0.0
2026-05-30 17:30:00,0.1012599989771843,0.10145000368356705,0.10102000087499619,0.10142000019550323,118592.0
2026-05-30 18:00:00,0.10142000019550323,0.10145000368356705,0.10114999860525131,0.10117000341415405,0.0
2026-05-30 18:30:00,0.10115999728441238,0.10153999924659729,0.1011200025677681,0.10136999934911728,0.0
2026-05-30 19:00:00,0.10135000199079514,0.10136999934911728,0.10118000209331512,0.10118000209331512,21056.0
2026-05-30 19:30:00,0.10118000209331512,0.10131999850273132,0.10107000172138214,0.10125000029802322,0.0
2026-05-30 20:00:00,0.10126999765634537,0.10140000283718109,0.10109999775886536,0.1011900007724762,10896448.0
2026-05-30 20:30:00,0.1011900007724762,0.10120999813079834,0.10107000172138214,0.10113999992609024,2890752.0
2026-05-30 21:00:00,0.10117000341415405,0.10138999670743942,0.10109999775886536,0.10134000331163406,1433664.0
2026-05-30 21:30:00,0.10130999982357025,0.10136999934911728,0.10108999907970428,0.10113000124692917,869248.0
2026-05-30 22:00:00,0.10113999992609024,0.10113999992609024,0.1005299985408783,0.10063999891281128,6993984.0
2026-05-30 22:30:00,0.10063000023365021,0.10063000023365021,0.10029000043869019,0.10053999722003937,5531776.0
2026-05-30 23:00:00,0.10051999986171722,0.10068000108003616,0.10029999911785126,0.10036999732255936,5817920.0
2026-05-30 23:30:00,0.10036999732255936,0.10042999684810638,0.10023000091314316,0.10042999684810638,2692224.0
2026-05-31 00:00:00,0.10046999901533127,0.10057000070810318,0.1003199964761734,0.10040000081062317,3167424.0
2026-05-31 00:30:00,0.10040000081062317,0.10074999928474426,0.10035999864339828,0.10072000324726105,1583616.0
2026-05-31 01:00:00,0.10068000108003616,0.10102999955415726,0.10067000240087509,0.10083000361919403,2403392.0
2026-05-31 01:30:00,0.1008400022983551,0.10106000304222107,0.10068000108003616,0.1006999984383583,9212544.0
2026-05-31 02:00:00,0.10068999975919724,0.1012599989771843,0.10068999975919724,0.10074999928474426,477568.0
2026-05-31 02:30:00,0.10074000060558319,0.1010499969124794,0.10063999891281128,0.10098999738693237,6272.0
2026-05-31 03:00:00,0.10101000219583511,0.10121999680995941,0.10101000219583511,0.10115999728441238,0.0
2026-05-31 03:30:00,0.10114999860525131,0.1011900007724762,0.10096000134944916,0.10114999860525131,0.0
2026-05-31 04:00:00,0.10114999860525131,0.10120999813079834,0.1009799987077713,0.10108000040054321,2487616.0
2026-05-31 04:30:00,0.10113000124692917,0.10115999728441238,0.10095000267028809,0.1011200025677681,0.0
2026-05-31 05:00:00,0.1011200025677681,0.1011200025677681,0.10080000013113022,0.10092999786138535,60192.0
2026-05-31 05:30:00,0.10095000267028809,0.10102000087499619,0.1006999984383583,0.10079000145196915,478496.0
2026-05-31 06:00:00,0.10075999796390533,0.10075999796390533,0.10058999806642532,0.10066000372171402,0.0
2026-05-31 06:30:00,0.10063000023365021,0.10080000013113022,0.10063000023365021,0.10075999796390533,471008.0
2026-05-31 07:00:00,0.10074999928474426,0.10074999928474426,0.10018999874591827,0.10029000043869019,3880128.0
2026-05-31 07:30:00,0.10025999695062637,0.10047999769449234,0.10006999969482422,0.1004600003361702,4636608.0
2026-05-31 08:00:00,0.1004600003361702,0.10064999759197235,0.10035999864339828,0.10053999722003937,942880.0
2026-05-31 08:30:00,0.1005299985408783,0.10063000023365021,0.10033000260591507,0.10050000250339508,2604384.0
2026-05-31 09:00:00,0.10046999901533127,0.10062000155448914,0.1003900021314621,0.10058999806642532,2926752.0
2026-05-31 09:30:00,0.10058999806642532,0.10067000240087509,0.10029999911785126,0.10040000081062317,2786816.0
2026-05-31 10:00:00,0.10040999948978424,0.10041999816894531,0.10012999922037125,0.10025999695062637,2456352.0
2026-05-31 10:30:00,0.10025999695062637,0.10048999637365341,0.1002499982714653,0.10048999637365341,1389696.0
2026-05-31 11:00:00,0.10048999637365341,0.10068000108003616,0.10048999637365341,0.10066000372171402,241376.0
2026-05-31 11:30:00,0.10063999891281128,0.10086999833583832,0.10056000202894211,0.10063000023365021,7150368.0
2026-05-31 12:00:00,0.10064999759197235,0.10079000145196915,0.10051000118255615,0.1006999984383583,1559584.0
2026-05-31 12:30:00,0.10072000324726105,0.10081999748945236,0.10066000372171402,0.10072000324726105,240512.0
2026-05-31 13:00:00,0.10074000060558319,0.10103999823331833,0.10068000108003616,0.10096000134944916,2860896.0
2026-05-31 13:30:00,0.10098999738693237,0.10107000172138214,0.1006999984383583,0.10073000192642212,314336.0
2026-05-31 14:00:00,0.1006999984383583,0.10075999796390533,0.09952999651432037,0.09982000291347504,23079360.0
2026-05-31 14:30:00,0.09977000206708908,0.10005000233650208,0.09967999905347824,0.09989000111818314,1615040.0
2026-05-31 15:00:00,0.09985999763011932,0.10023999959230423,0.09982000291347504,0.10012999922037125,3176192.0
2026-05-31 15:30:00,0.10012000054121017,0.1001800000667572,0.0997299998998642,0.0997299998998642,1520448.0
2026-05-31 16:00:00,0.09971000254154205,0.09984999895095825,0.09932000190019608,0.09950999915599823,2379616.0
2026-05-31 16:30:00,0.09945999830961227,0.09946999698877335,0.09898000210523605,0.09922000020742416,17564576.0
2026-05-31 17:00:00,0.09921000152826309,0.09933000057935715,0.09903000295162201,0.09914000332355499,5786368.0
2026-05-31 17:30:00,0.09916999936103821,0.09948000311851501,0.09916000068187714,0.099310003221035,1333248.0
2026-05-31 18:00:00,0.09934999793767929,0.09942000359296799,0.09912999719381332,0.09923999756574631,1219648.0
2026-05-31 18:30:00,0.09922000020742416,0.09943000227212906,0.09922000020742416,0.09937000274658203,1025792.0
2026-05-31 19:00:00,0.09937000274658203,0.09945999830961227,0.09909000247716904,0.09923999756574631,1024064.0
2026-05-31 19:30:00,0.09923999756574631,0.09948000311851501,0.09904000163078308,0.09940999746322632,188544.0
2026-05-31 20:00:00,0.09942000359296799,0.09961000084877014,0.09942000359296799,0.09952999651432037,2551808.0
2026-05-31 20:30:00,0.09952999651432037,0.0997999981045723,0.0995199978351593,0.09973999857902527,726528.0
2026-05-31 21:00:00,0.0997299998998642,0.09982000291347504,0.09954000264406204,0.09965000301599503,0.0
2026-05-31 21:30:00,0.09965000301599503,0.10030999779701233,0.09963999688625336,0.10014999657869339,3508320.0
2026-05-31 22:00:00,0.10018999874591827,0.10050000250339508,0.09991999715566635,0.10029000043869019,1888576.0
2026-05-31 22:30:00,0.10030999779701233,0.10048999637365341,0.10019999742507935,0.10029999911785126,1227456.0
2026-05-31 23:00:00,0.10034999996423721,0.10078000277280807,0.10022000223398209,0.10022000223398209,1289824.0
2026-05-31 23:30:00,0.10022000223398209,0.10034000128507614,0.09977000206708908,0.10029000043869019,2702016.0
2026-06-01 00:00:00,0.10029000043869019,0.1006999984383583,0.10012999922037125,0.10055000334978104,10881344.0
2026-06-01 00:30:00,0.10061000287532806,0.10100000351667404,0.1005299985408783,0.10078000277280807,9718208.0
2026-06-01 01:00:00,0.10080000013113022,0.10081999748945236,0.10033000260591507,0.10034999996423721,6581088.0
2026-06-01 01:30:00,0.10036999732255936,0.10047999769449234,0.09972000122070312,0.09972000122070312,12262080.0
2026-06-01 02:00:00,0.09969999641180038,0.10056000202894211,0.099590003490448,0.10046999901533127,17059072.0
2026-06-01 02:30:00,0.10045000165700912,0.10108000040054321,0.10029000043869019,0.10089000314474106,16140224.0
2026-06-01 03:00:00,0.10092999786138535,0.10124000161886215,0.10092999786138535,0.10118000209331512,23230464.0
2026-06-01 03:30:00,0.10120999813079834,0.10141000151634216,0.10089000314474106,0.10093999654054642,9361408.0
2026-06-01 04:00:00,0.10098999738693237,0.10117000341415405,0.10023000091314316,0.1002499982714653,13766336.0
2026-06-01 04:30:00,0.10023000091314316,0.1005999967455864,0.09997999668121338,0.10056000202894211,12825280.0
2026-06-01 05:00:00,0.10055000334978104,0.1005999967455864,0.1001100018620491,0.10014999657869339,10883712.0
2026-06-01 05:30:00,0.10018999874591827,0.10035999864339828,0.09985999763011932,0.10014999657869339,11555456.0
2026-06-01 06:00:00,0.1001800000667572,0.10023000091314316,0.09978000074625015,0.09989000111818314,10740480.0
2026-06-01 06:30:00,0.09985999763011932,0.10012000054121017,0.09961000084877014,0.10002999752759933,14092224.0
2026-06-01 07:00:00,0.10002999752759933,0.10008999705314636,0.09974999725818634,0.09974999725818634,6424576.0
2026-06-01 07:30:00,0.09969999641180038,0.09978000074625015,0.09900999814271927,0.0990699976682663,19110720.0
2026-06-01 08:00:00,0.09910999983549118,0.0994499996304512,0.09899000078439713,0.09916999936103821,13278592.0
2026-06-01 08:30:00,0.09921000152826309,0.09972000122070312,0.09897000342607498,0.09968999773263931,12876800.0
2026-06-01 09:00:00,0.09969999641180038,0.09999000281095505,0.09969999641180038,0.09982000291347504,6576512.0
2026-06-01 09:30:00,0.0997999981045723,0.10017000138759613,0.09976000338792801,0.09994000196456909,9049728.0
2026-06-01 10:00:00,0.09999000281095505,0.10001999884843826,0.09969999641180038,0.09978999942541122,6310336.0
2026-06-01 10:30:00,0.09978999942541122,0.10022000223398209,0.09965000301599503,0.100040003657341,9195328.0
2026-06-01 11:00:00,0.10010000318288803,0.1001800000667572,0.09990999847650528,0.10002999752759933,6383488.0
2026-06-01 11:30:00,0.10002999752759933,0.10012000054121017,0.09960000216960907,0.09980999678373337,813184.0
2026-06-01 12:00:00,0.09983000159263611,0.09997999668121338,0.09922999888658524,0.09991999715566635,26346944.0
2026-06-01 12:30:00,0.09990999847650528,0.09999000281095505,0.09969999641180038,0.09982000291347504,6286720.0
2026-06-01 13:00:00,0.09985999763011932,0.09993000328540802,0.09900999814271927,0.09928999841213226,29550528.0
2026-06-01 13:30:00,0.09940999746322632,0.09962999820709229,0.09831000119447708,0.09894999861717224,34612928.0
2026-06-01 14:00:00,0.09900999814271927,0.09926000237464905,0.09837000072002411,0.09856999665498734,27083648.0
2026-06-01 14:30:00,0.09854000061750412,0.0987199991941452,0.09837000072002411,0.09850999712944031,11207040.0
2026-06-01 15:00:00,0.09859000146389008,0.09873999655246735,0.09784000366926193,0.09796000272035599,15739648.0
2026-06-01 15:30:00,0.09792999923229218,0.09876000136137009,0.09792999923229218,0.09816999733448029,28330624.0
2026-06-01 16:00:00,0.09811999648809433,0.09861999750137329,0.09766999632120132,0.09861999750137329,20850368.0
2026-06-01 16:30:00,0.09870000183582306,0.09942000359296799,0.09854000061750412,0.09940999746322632,5386112.0
2026-06-01 17:00:00,0.09942000359296799,0.09990999847650528,0.09933999925851822,0.09990999847650528,9418368.0
2026-06-01 17:30:00,0.09993000328540802,0.10029000043869019,0.09962999820709229,0.10002999752759933,28320576.0
2026-06-01 18:00:00,0.09999000281095505,0.1001100018620491,0.09961999952793121,0.10010000318288803,6811200.0
2026-06-01 18:30:00,0.10012000054121017,0.10028000175952911,0.09978000074625015,0.09980999678373337,7935424.0
2026-06-01 19:00:00,0.09983000159263611,0.10022000223398209,0.09962999820709229,0.10021000355482101,2858624.0
2026-06-01 19:30:00,0.10018999874591827,0.10047999769449234,0.10012000054121017,0.1004600003361702,13014144.0
2026-06-01 20:00:00,0.10048999637365341,0.10064999759197235,0.10018999874591827,0.10042999684810638,4872960.0
2026-06-01 20:30:00,0.10045000165700912,0.1006999984383583,0.10038000345230103,0.10050000250339508,4502144.0
2026-06-01 21:00:00,0.10048999637365341,0.10050000250339508,0.09962999820709229,0.09997999668121338,8329408.0
2026-06-01 21:30:00,0.09996999800205231,0.10006999969482422,0.09974999725818634,0.09978000074625015,794304.0
2026-06-01 22:00:00,0.09968999773263931,0.10023000091314316,0.09939000010490417,0.10014999657869339,2719360.0
2026-06-01 22:30:00,0.10014999657869339,0.10083000361919403,0.09968999773263931,0.10068999975919724,11112000.0
2026-06-01 23:00:00,0.10068000108003616,0.10095000267028809,0.10045000165700912,0.10045000165700912,10354496.0
2026-06-01 23:30:00,0.10047999769449234,0.10096000134944916,0.10034999996423721,0.10095000267028809,17381440.0
2026-06-02 00:00:00,0.1009799987077713,0.10108999907970428,0.10047999769449234,0.10057999938726425,5275264.0
2026-06-02 00:30:00,0.10061000287532806,0.10098999738693237,0.10057000070810318,0.10073000192642212,2428928.0
2026-06-02 01:00:00,0.10078000277280807,0.10089000314474106,0.10021000355482101,0.10022000223398209,2793472.0
2026-06-02 01:30:00,0.10035999864339828,0.10047999769449234,0.09984000027179718,0.09995999932289124,17238784.0
2026-06-02 02:00:00,0.10002999752759933,0.10058999806642532,0.09929999709129333,0.10058999806642532,11872256.0
2026-06-02 02:30:00,0.10057999938726425,0.10064999759197235,0.100040003657341,0.10064999759197235,6713728.0
2026-06-02 03:00:00,0.10068999975919724,0.10083000361919403,0.10044000297784805,0.10073000192642212,0.0
2026-06-02 03:30:00,0.10074999928474426,0.1008400022983551,0.1005299985408783,0.1007699966430664,2494464.0
2026-06-02 04:00:00,0.10083000361919403,0.10089000314474106,0.10013999789953232,0.10063000023365021,2088704.0
2026-06-02 04:30:00,0.10058999806642532,0.10064999759197235,0.10007999837398529,0.10012000054121017,2846720.0
2026-06-02 05:00:00,0.10010000318288803,0.10016000270843506,0.09965000301599503,0.09971000254154205,2513536.0
2026-06-02 05:30:00,0.09969999641180038,0.09984999895095825,0.099310003221035,0.09937000274658203,10434688.0
2026-06-02 06:00:00,0.09939000010490417,0.09955000132322311,0.09910000115633011,0.09932000190019608,7719296.0
2026-06-02 06:30:00,0.099310003221035,0.09945999830961227,0.09881000220775604,0.09910000115633011,7800448.0
2026-06-02 07:00:00,0.09918999671936035,0.09943000227212906,0.09852000325918198,0.09880000352859497,9502720.0
2026-06-02 07:30:00,0.09883999824523926,0.09934999793767929,0.09880000352859497,0.09907999634742737,2543872.0
2026-06-02 08:00:00,0.09909000247716904,0.09923999756574631,0.09888999909162521,0.09914000332355499,610816.0
2026-06-02 08:30:00,0.09915000200271606,0.09933000057935715,0.0989999994635582,0.09905000030994415,1037440.0
2026-06-02 09:00:00,0.09909000247716904,0.09912999719381332,0.09837000072002411,0.09852000325918198,7870208.0
2026-06-02 09:30:00,0.09853000193834305,0.09875000268220901,0.09842000156641006,0.09863000363111496,3471296.0
2026-06-02 10:00:00,0.09865999966859818,0.09914000332355499,0.09848000109195709,0.09907999634742737,7456128.0
2026-06-02 10:30:00,0.09910999983549118,0.09922999888658524,0.09882000088691711,0.09916999936103821,657088.0
2026-06-02 11:00:00,0.09916000068187714,0.09920000284910202,0.09873999655246735,0.09877000004053116,3945728.0
2026-06-02 11:30:00,0.09873999655246735,0.09889999777078629,0.09856999665498734,0.0986500009894371,4573696.0
2026-06-02 12:00:00,0.09864000231027603,0.09867999702692032,0.09830000251531601,0.09856999665498734,0.0
2026-06-02 12:30:00,0.09854000061750412,0.09882999956607819,0.09837000072002411,0.09859000146389008,4761856.0
2026-06-02 13:00:00,0.09860000014305115,0.09882999956607819,0.09847000241279602,0.09869000315666199,0.0
2026-06-02 13:30:00,0.09867999702692032,0.0987199991941452,0.09818000346422195,0.09831999987363815,0.0
2026-06-02 14:00:00,0.09826000034809113,0.0982699990272522,0.09525000303983688,0.09571000188589096,34934400.0
2026-06-02 14:30:00,0.09561000019311905,0.09649000316858292,0.09557999670505524,0.09617000073194504,79280448.0
2026-06-02 15:00:00,0.09621000289916992,0.09629999846220016,0.09482000023126602,0.09494999796152115,38522496.0
2026-06-02 15:30:00,0.09487999975681305,0.09500999748706818,0.09373000264167786,0.09471999853849411,82045952.0
2026-06-02 16:00:00,0.09467999637126923,0.09616000205278397,0.09444999694824219,0.09589999914169312,32160000.0
2026-06-02 16:30:00,0.09588000178337097,0.09590999782085419,0.09509000182151794,0.09515000134706497,11699712.0
2026-06-02 17:00:00,0.09515000134706497,0.09588000178337097,0.09511999785900116,0.09578999876976013,3425664.0
2026-06-02 17:30:00,0.09578000009059906,0.095940001308918,0.09539999812841415,0.09548000246286392,983808.0
2026-06-02 18:00:00,0.09549999982118607,0.09577000141143799,0.09459000080823898,0.09463000297546387,11920512.0
2026-06-02 18:30:00,0.0946199968457222,0.0946900025010109,0.09397999942302704,0.09435000270605087,19298176.0
2026-06-02 19:00:00,0.09437999874353409,0.09453999996185303,0.09356000274419785,0.09358000010251999,10480000.0
2026-06-02 19:30:00,0.09363000094890594,0.09437000006437302,0.09240999817848206,0.09391000121831894,58336640.0
2026-06-02 20:00:00,0.0938899964094162,0.09437999874353409,0.09319999814033508,0.09322000294923782,9184384.0
2026-06-02 20:30:00,0.09324999898672104,0.09418000280857086,0.09324999898672104,0.09408999979496002,11871360.0
2026-06-02 21:00:00,0.09408000111579895,0.09463000297546387,0.09380000084638596,0.09457000344991684,5143040.0
2026-06-02 21:30:00,0.09459000080823898,0.09480000287294388,0.094030000269413,0.09412000328302383,11261056.0
2026-06-02 22:00:00,0.09410999715328217,0.09410999715328217,0.09296000003814697,0.0938199982047081,22104320.0
2026-06-02 22:30:00,0.09384000301361084,0.09391000121831894,0.09172999858856201,0.09209000319242477,36242688.0
2026-06-02 23:00:00,0.09212999790906906,0.09274999797344208,0.09109999984502792,0.09143000096082687,29280512.0
2026-06-02 23:30:00,0.0914200022816658,0.09264999628067017,0.09120000153779984,0.09261000156402588,30125440.0
2026-06-03 00:00:00,0.0926399976015091,0.0933300033211708,0.09245000034570694,0.09307999908924103,8717696.0
2026-06-03 00:30:00,0.09307999908924103,0.09341999888420105,0.09291999787092209,0.0930899977684021,2396288.0
2026-06-03 01:00:00,0.09307000041007996,0.09314999729394913,0.09245999902486801,0.09311000257730484,2038016.0
2026-06-03 01:30:00,0.0930899977684021,0.09324000030755997,0.09223999828100204,0.09307000041007996,2449280.0
2026-06-03 02:00:00,0.09306000173091888,0.09306000173091888,0.09247999638319016,0.09252999722957611,0.0
2026-06-03 02:30:00,0.09254000335931778,0.09278000146150589,0.09238000214099884,0.09262999892234802,391552.0
2026-06-03 03:00:00,0.0926700010895729,0.09277000278234482,0.0919400006532669,0.092009998857975,7312768.0
2026-06-03 03:30:00,0.09198000282049179,0.09223999828100204,0.09070999920368195,0.09143999963998795,42483840.0
2026-06-03 04:00:00,0.09150999784469604,0.09254000335931778,0.0914900004863739,0.09239000082015991,6098816.0
2026-06-03 04:30:00,0.09233999997377396,0.09277000278234482,0.09204000234603882,0.09272000193595886,6363008.0
2026-06-03 05:00:00,0.09279000014066696,0.09404999762773514,0.09279000014066696,0.09379000216722488,25055488.0
2026-06-03 05:30:00,0.09378000348806381,0.09392999857664108,0.09324999898672104,0.09386000037193298,8969984.0
2026-06-03 06:00:00,0.09386999905109406,0.09405999630689621,0.0936800017952919,0.0939600020647049,1671296.0
2026-06-03 06:30:00,0.09392999857664108,0.0944100022315979,0.09371999651193619,0.09378000348806381,3108992.0
2026-06-03 07:00:00,0.09380000084638596,0.09440000355243683,0.09359999746084213,0.09414999932050705,0.0
2026-06-03 07:30:00,0.09414999932050705,0.09429000318050385,0.09395000338554382,0.09407000243663788,279424.0
2026-06-03 08:00:00,0.09402000159025192,0.09407000243663788,0.0936100035905838,0.09363999962806702,796032.0
2026-06-03 08:30:00,0.09369000047445297,0.09391999989748001,0.0936100035905838,0.09384000301361084,2283648.0
2026-06-03 09:00:00,0.09382999688386917,0.09387999773025513,0.09348999708890915,0.09357000142335892,0.0
2026-06-03 09:30:00,0.09354999661445618,0.09408000111579895,0.09331999719142914,0.0936800017952919,9357568.0
2026-06-03 10:00:00,0.09373000264167786,0.09427999705076218,0.09363000094890594,0.09419000148773193,1605120.0
2026-06-03 10:30:00,0.094200000166893,0.09436000138521194,0.09404999762773514,0.09415999799966812,39168.0
2026-06-03 11:00:00,0.09414000064134598,0.09440000355243683,0.09412000328302383,0.09437999874353409,300288.0
2026-06-03 11:30:00,0.09435000270605087,0.09435000270605087,0.0936100035905838,0.09384000301361084,2415872.0
2026-06-03 12:00:00,0.09385000169277191,0.09414000064134598,0.09358999878168106,0.09404999762773514,1254528.0
2026-06-03 12:30:00,0.09404999762773514,0.09419000148773193,0.09380000084638596,0.09397999942302704,1555072.0
2026-06-03 13:00:00,0.09399999678134918,0.09425000101327896,0.09376999735832214,0.09386000037193298,0.0
2026-06-03 13:30:00,0.09387999773025513,0.09425999969244003,0.09363999962806702,0.09405999630689621,1563776.0
2026-06-03 14:00:00,0.09404999762773514,0.09412000328302383,0.09307999908924103,0.09328000247478485,429952.0
2026-06-03 14:30:00,0.09331999719142914,0.09362000226974487,0.09301000088453293,0.09354999661445618,0.0
2026-06-03 15:00:00,0.09358000010251999,0.09363999962806702,0.09283000230789185,0.09356000274419785,0.0
2026-06-03 15:30:00,0.0935399979352951,0.09365999698638916,0.09261000156402588,0.0926399976015091,0.0
2026-06-03 16:00:00,0.092739999294281,0.09290000051259995,0.09144999831914902,0.09179999679327011,2743808.0
2026-06-03 16:30:00,0.09184999763965607,0.09230999648571014,0.09160000085830688,0.09228000044822693,5915904.0
2026-06-03 17:00:00,0.09229999780654907,0.09240999817848206,0.09151999652385712,0.09239000082015991,5852032.0
2026-06-03 17:30:00,0.09239000082015991,0.09292999655008316,0.09220000356435776,0.09247999638319016,2830592.0
2026-06-03 18:00:00,0.09247999638319016,0.09272000193595886,0.09192000329494476,0.09211999922990799,0.0
2026-06-03 18:30:00,0.09213999658823013,0.09290000051259995,0.09205999970436096,0.09274999797344208,0.0
2026-06-03 19:00:00,0.09275999665260315,0.09284999966621399,0.09187000244855881,0.092009998857975,2477440.0
2026-06-03 19:30:00,0.09198000282049179,0.09254000335931778,0.09148000180721283,0.09166000038385391,421632.0
2026-06-03 20:00:00,0.09160999953746796,0.09227000176906586,0.0911799967288971,0.0922200009226799,4781440.0
2026-06-03 20:30:00,0.0922200009226799,0.09226000308990479,0.09058000147342682,0.09102000296115875,8431744.0
2026-06-03 21:00:00,0.09100999683141708,0.09211999922990799,0.09080000221729279,0.09188999980688095,18108800.0
2026-06-03 21:30:00,0.09181000292301178,0.09291999787092209,0.09181000292301178,0.09285999834537506,7445120.0
2026-06-03 22:00:00,0.09283000230789185,0.09309999644756317,0.09196999669075012,0.09213999658823013,0.0
2026-06-03 22:30:00,0.09205000102519989,0.0922200009226799,0.09173999726772308,0.09195999801158905,1073408.0
2026-06-03 23:00:00,0.09199000149965286,0.09199000149965286,0.09099999815225601,0.09132999926805496,0.0
2026-06-03 23:30:00,0.09137000143527985,0.09161999821662903,0.09121999889612198,0.09126000106334686,0.0
2026-06-04 00:00:00,0.09126000106334686,0.09172999858856201,0.09002000093460083,0.09003999829292297,45913728.0
2026-06-04 00:30:00,0.08979000151157379,0.09103000164031982,0.08979000151157379,0.09059000015258789,55244608.0
2026-06-04 01:00:00,0.09057000279426575,0.09100999683141708,0.08885999768972397,0.08917000144720078,31192512.0
2026-06-04 01:30:00,0.08921000361442566,0.09013999998569489,0.08815000206232071,0.08838000148534775,45039872.0
2026-06-04 02:00:00,0.08848000317811966,0.08911000192165375,0.08590999990701675,0.08895000070333481,192789248.0
2026-06-04 02:30:00,0.08890999853610992,0.089819997549057,0.0887100026011467,0.08928000181913376,36921728.0
2026-06-04 03:00:00,0.08933000266551971,0.09088999778032303,0.08928000181913376,0.09060999751091003,22908032.0
2026-06-04 03:30:00,0.09057000279426575,0.09143000096082687,0.09057000279426575,0.09121000021696091,1419392.0
2026-06-04 04:00:00,0.09121999889612198,0.09147000312805176,0.09113000333309174,0.09128999710083008,2670208.0
2026-06-04 04:30:00,0.09128999710083008,0.09132999926805496,0.09055999666452408,0.09065999835729599,4633600.0
2026-06-04 05:00:00,0.09063000231981277,0.09063000231981277,0.08947999775409698,0.08965999633073807,1212160.0
2026-06-04 05:30:00,0.08953999727964401,0.09042000025510788,0.08946000039577484,0.0899600014090538,942464.0
2026-06-04 06:00:00,0.08993999660015106,0.09081999957561493,0.089819997549057,0.09042000025510788,3174912.0
2026-06-04 06:30:00,0.09036000072956085,0.09059000015258789,0.08956000208854675,0.08968000113964081,435200.0
2026-06-04 07:00:00,0.08970999717712402,0.08975999802350998,0.08882000297307968,0.08910000324249268,12935168.0
2026-06-04 07:30:00,0.08912999927997589,0.08951999992132187,0.08866000175476074,0.08866000175476074,12735104.0
2026-06-04 08:00:00,0.08867999911308289,0.08910000324249268,0.08788000047206879,0.08869999647140503,17991936.0
2026-06-04 08:30:00,0.0887100026011467,0.08906999975442886,0.08833999931812286,0.08867000043392181,9672448.0
2026-06-04 09:00:00,0.08861999958753586,0.08861999958753586,0.08702000230550766,0.08708000183105469,12028800.0
2026-06-04 09:30:00,0.08699999749660492,0.08788000047206879,0.08683999627828598,0.08788000047206879,24747776.0
2026-06-04 10:00:00,0.0878399983048439,0.08787000179290771,0.08708000183105469,0.08724000304937363,1020416.0
2026-06-04 10:30:00,0.08721999824047089,0.08769000321626663,0.08659999817609787,0.08696000277996063,0.0
2026-06-04 11:00:00,0.08707000315189362,0.08775000274181366,0.08675000071525574,0.08764000236988068,82837888.0
2026-06-04 11:30:00,0.08767999708652496,0.0879800021648407,0.08691000193357468,0.0878399983048439,17768704.0
2026-06-04 12:00:00,0.08788000047206879,0.08893000334501266,0.08755999803543091,0.08878999948501587,11327488.0
2026-06-04 12:30:00,0.08885999768972397,0.08958999812602997,0.08880999684333801,0.08942999690771103,23437696.0
2026-06-04 13:00:00,0.08942999690771103,0.08950000256299973,0.08795999735593796,0.08827999979257584,9287296.0
2026-06-04 13:30:00,0.08822000026702881,0.08947999775409698,0.08822000026702881,0.08927000313997269,21475840.0
2026-06-04 14:00:00,0.08935999870300293,0.08961000293493271,0.08900000154972076,0.08930999785661697,5649280.0
2026-06-04 14:30:00,0.08928000181913376,0.0892999991774559,0.08885999768972397,0.08924999833106995,4749312.0
2026-06-04 15:00:00,0.08918000012636185,0.09006000310182571,0.08906000107526779,0.08946000039577484,7415296.0
2026-06-04 15:30:00,0.08941999822854996,0.0895799994468689,0.08914999663829803,0.08945000171661377,729600.0
2026-06-04 16:00:00,0.0894400030374527,0.08947999775409698,0.08880999684333801,0.08884000033140182,1284480.0
2026-06-04 16:30:00,0.08883000165224075,0.08946999907493591,0.08865000307559967,0.08910000324249268,491392.0
2026-06-04 17:00:00,0.08906000107526779,0.08935999870300293,0.08879999816417694,0.08896999806165695,1440768.0
2026-06-04 17:30:00,0.08899000287055969,0.0894400030374527,0.08834999799728394,0.08922000229358673,7686272.0
2026-06-04 18:00:00,0.08928000181913376,0.0895799994468689,0.08845999836921692,0.0895799994468689,3590400.0
2026-06-04 18:30:00,0.08956000208854675,0.08986999839544296,0.08931999653577805,0.08940000087022781,18989312.0
2026-06-04 19:00:00,0.08940000087022781,0.08968999981880188,0.08902999758720398,0.0895799994468689,1560832.0
2026-06-04 19:30:00,0.08953999727964401,0.08953999727964401,0.08868999779224396,0.08894000202417374,625152.0
2026-06-04 20:00:00,0.08897999674081802,0.08897999674081802,0.08827000111341476,0.08860000222921371,695808.0
2026-06-04 20:30:00,0.08861000090837479,0.08885999768972397,0.08838000148534775,0.08865000307559967,3068160.0
2026-06-04 21:00:00,0.08862999826669693,0.08895999938249588,0.08789999783039093,0.08792000263929367,0.0
2026-06-04 21:30:00,0.08792000263929367,0.08799999952316284,0.08698000013828278,0.08719000220298767,5147648.0
2026-06-04 22:00:00,0.08715999871492386,0.08772999793291092,0.08687999844551086,0.0873199999332428,7814912.0
2026-06-04 22:30:00,0.08727999776601791,0.08810999989509583,0.08692000061273575,0.08804000169038773,6359808.0
2026-06-04 23:00:00,0.08797000348567963,0.08846999704837799,0.08744999766349792,0.08776000142097473,0.0
2026-06-04 23:30:00,0.08776000142097473,0.08852999657392502,0.08773999661207199,0.08845999836921692,1502208.0
2026-06-05 00:00:00,0.08834999799728394,0.088639996945858,0.0877700001001358,0.088639996945858,0.0
2026-06-05 00:30:00,0.0885699987411499,0.08867000043392181,0.08764000236988068,0.08771999925374985,0.0
2026-06-05 01:00:00,0.08767999708652496,0.08787000179290771,0.08691000193357468,0.08782000094652176,824576.0
2026-06-05 01:30:00,0.08792000263929367,0.088189996778965,0.08753000199794769,0.0878399983048439,0.0
2026-06-05 02:00:00,0.08782999962568283,0.08788000047206879,0.08681999891996384,0.08681999891996384,0.0
2026-06-05 02:30:00,0.08675999939441681,0.08716999739408493,0.08602000027894974,0.08608999848365784,4614912.0
2026-06-05 03:00:00,0.08618000149726868,0.08681999891996384,0.08591999858617783,0.08619000017642975,600192.0
2026-06-05 03:30:00,0.08623000234365463,0.0865899994969368,0.08579999953508377,0.08584000170230865,586496.0
2026-06-05 04:00:00,0.08585000038146973,0.08705999702215195,0.08570999652147293,0.08692000061273575,10037504.0
2026-06-05 04:30:00,0.08687999844551086,0.08687999844551086,0.08590999990701675,0.08671999722719193,3947648.0
2026-06-05 05:00:00,0.08676999807357788,0.08694999665021896,0.08615999668836594,0.08664999902248383,2656384.0
2026-06-05 05:30:00,0.08666999638080597,0.08674000203609467,0.08481000363826752,0.0849900022149086,38646144.0
2026-06-05 06:00:00,0.08495999872684479,0.08515000343322754,0.08209999650716782,0.08326999843120575,93740288.0
2026-06-05 06:30:00,0.08335000276565552,0.08443000167608261,0.08303000032901764,0.0836699977517128,98453248.0
2026-06-05 07:00:00,0.08370000123977661,0.08384999632835388,0.08226999640464783,0.08378999680280685,25601408.0
2026-06-05 07:30:00,0.0836699977517128,0.08498000353574753,0.08358000218868256,0.08489000052213669,32833024.0
2026-06-05 08:00:00,0.08488000184297562,0.08488000184297562,0.08378999680280685,0.08412999659776688,3815680.0
2026-06-05 08:30:00,0.08412999659776688,0.08422999829053879,0.08324000239372253,0.08349999785423279,4265600.0
2026-06-05 09:00:00,0.08350999653339386,0.0847100019454956,0.08350999653339386,0.08465000241994858,10354944.0
2026-06-05 09:30:00,0.08465000241994858,0.08493000268936157,0.08414000272750854,0.08490999788045883,781696.0
2026-06-05 10:00:00,0.08493000268936157,0.08523999899625778,0.08445999771356583,0.08472000062465668,3581440.0
2026-06-05 10:30:00,0.08472000062465668,0.08498000353574753,0.08438000082969666,0.08466000109910965,0.0
2026-06-05 11:00:00,0.08462999761104584,0.08485999703407288,0.08408000320196152,0.0846100002527237,2240000.0
2026-06-05 11:30:00,0.0846100002527237,0.08466000109910965,0.08397000283002853,0.08399999886751175,2126848.0
2026-06-05 12:00:00,0.08389999717473984,0.0841900035738945,0.08330000191926956,0.08365999907255173,8896896.0
2026-06-05 12:30:00,0.08400999754667282,0.08400999754667282,0.08281999826431274,0.08354999870061874,12589056.0
2026-06-05 13:00:00,0.08359000086784363,0.08472999930381775,0.08359000086784363,0.08436000347137451,16094464.0
2026-06-05 13:30:00,0.08421000093221664,0.08479999750852585,0.08196000009775162,0.08197999745607376,18920832.0
2026-06-05 14:00:00,0.08196999877691269,0.08330000191926956,0.08146999776363373,0.08281999826431274,66226304.0
2026-06-05 14:30:00,0.0829399973154068,0.08349999785423279,0.0822099968791008,0.08267000317573547,24761984.0
2026-06-05 15:00:00,0.08262000232934952,0.0828000009059906,0.08138000220060349,0.08166000247001648,35988992.0
2026-06-05 15:30:00,0.0816200003027916,0.08191999793052673,0.08094999939203262,0.08154000341892242,53487744.0
2026-06-05 16:00:00,0.08143000304698944,0.08284000307321548,0.08021000027656555,0.08212000131607056,98089088.0
2026-06-05 16:30:00,0.08206000179052353,0.08335000276565552,0.08138000220060349,0.08315999805927277,30259712.0
2026-06-05 17:00:00,0.08320000022649765,0.08340000361204147,0.0821399986743927,0.08218000084161758,9983360.0
2026-06-05 17:30:00,0.08218999952077866,0.08295000344514847,0.08216000348329544,0.08253999799489975,9660544.0
2026-06-05 18:00:00,0.08256000280380249,0.08291000127792358,0.08122000098228455,0.08124999701976776,7036544.0
2026-06-05 18:30:00,0.08128000050783157,0.08154000341892242,0.07969000190496445,0.07996000349521637,41087616.0
2026-06-05 19:00:00,0.07996000349521637,0.08015000075101852,0.0789399966597557,0.08015000075101852,58670848.0
2026-06-05 19:30:00,0.08011999726295471,0.08173999935388565,0.07953999936580658,0.08098000288009644,34468224.0
2026-06-05 20:00:00,0.0810299962759018,0.0821399986743927,0.08004000037908554,0.08184999972581863,36039296.0
2026-06-05 20:30:00,0.08184999972581863,0.0827300027012825,0.08167000114917755,0.08251000195741653,21174784.0
2026-06-05 21:00:00,0.0825200006365776,0.08316999673843384,0.08239000290632248,0.08309999853372574,39804032.0
2026-06-05 21:30:00,0.08303999900817871,0.08355999737977982,0.08286000043153763,0.08310999721288681,5020928.0
2026-06-05 22:00:00,0.08307000249624252,0.08309999853372574,0.08201999962329865,0.08269000053405762,11419776.0
2026-06-05 22:30:00,0.08274000138044357,0.08312000334262848,0.08247999846935272,0.08278000354766846,3198336.0
2026-06-05 23:00:00,0.08285000175237656,0.08310999721288681,0.08121000230312347,0.08132000267505646,7965312.0
2026-06-05 23:30:00,0.08129999786615372,0.08150000125169754,0.08048000186681747,0.08145000040531158,13426176.0
2026-06-06 00:00:00,0.08145000040531158,0.08263999968767166,0.08145000040531158,0.08247999846935272,17610240.0
2026-06-06 00:30:00,0.08243999630212784,0.08298999816179276,0.08239000290632248,0.08275999873876572,7026688.0
2026-06-06 01:00:00,0.0828000009059906,0.0829399973154068,0.08184999972581863,0.08256000280380249,0.0
2026-06-06 01:30:00,0.0824899971485138,0.08263000100851059,0.0817900002002716,0.08191999793052673,2026240.0
2026-06-06 02:00:00,0.0818599984049797,0.08190000057220459,0.0810599997639656,0.0812700018286705,2289536.0
2026-06-06 02:30:00,0.08130999654531479,0.08191999793052673,0.08121000230312347,0.08145000040531158,2171392.0
2026-06-06 03:00:00,0.0814099982380867,0.08141999691724777,0.08070000261068344,0.08098000288009644,405760.0
2026-06-06 03:30:00,0.08096999675035477,0.08123999834060669,0.08055000007152557,0.08106999844312668,3206528.0
2026-06-06 04:00:00,0.08101999759674072,0.08145000040531158,0.07879000157117844,0.07900000363588333,12304640.0
2026-06-06 04:30:00,0.07902000099420547,0.07904999703168869,0.07791999727487564,0.07862000167369843,46254720.0
2026-06-06 05:00:00,0.07851999998092651,0.08051999658346176,0.07772000133991241,0.07993000000715256,42964608.0
2026-06-06 05:30:00,0.07993000000715256,0.08076000213623047,0.07948999851942062,0.0804700031876564,2359808.0
2026-06-06 06:00:00,0.08049000054597855,0.08144000172615051,0.08049000054597855,0.08113999664783478,0.0
2026-06-06 06:30:00,0.08115000277757645,0.08138000220060349,0.0802299976348877,0.08032000064849854,0.0
2026-06-06 07:00:00,0.0803299993276596,0.08141999691724777,0.08019000291824341,0.0808899998664856,0.0
2026-06-06 07:30:00,0.08085999637842178,0.08173999935388565,0.08085999637842178,0.08144000172615051,0.0
2026-06-06 08:00:00,0.08144000172615051,0.08237999677658081,0.08111000061035156,0.0823500007390976,0.0
2026-06-06 08:30:00,0.0822800025343895,0.0824199989438057,0.0818599984049797,0.08217000216245651,8483200.0
2026-06-06 09:00:00,0.08214999735355377,0.08251000195741653,0.08184999972581863,0.0824500024318695,141184.0
2026-06-06 09:30:00,0.0824199989438057,0.08243999630212784,0.08107999712228775,0.08132000267505646,2027648.0
2026-06-06 10:00:00,0.08128000050783157,0.08128999918699265,0.08021999895572662,0.08038000017404556,4811904.0
2026-06-06 10:30:00,0.08034999668598175,0.08059000223875046,0.07991000264883041,0.08056999742984772,12452992.0
2026-06-06 11:00:00,0.08051999658346176,0.08111999928951263,0.0804700031876564,0.0810299962759018,3000192.0
2026-06-06 11:30:00,0.08099000155925751,0.08152999728918076,0.08089999854564667,0.08122000098228455,1287168.0
2026-06-06 12:00:00,0.08121000230312347,0.08166000247001648,0.08110000193119049,0.08111000061035156,0.0
2026-06-06 12:30:00,0.08109000325202942,0.0823500007390976,0.08090999722480774,0.08199000358581543,14446592.0
2026-06-06 13:00:00,0.0819299966096878,0.08212999999523163,0.08172000199556351,0.08173000067472458,0.0
2026-06-06 13:30:00,0.0816899985074997,0.08233000338077545,0.08143000304698944,0.0817900002002716,0.0
2026-06-06 14:00:00,0.08180999755859375,0.0822800025343895,0.08173999935388565,0.08178000152111053,0.0
2026-06-06 14:30:00,0.08177000284194946,0.08246999979019165,0.08172000199556351,0.0819299966096878,503552.0
2026-06-06 15:00:00,0.08194000273942947,0.08206000179052353,0.08088000118732452,0.08139999955892563,0.0
2026-06-06 15:30:00,0.08143000304698944,0.08191999793052673,0.0812000036239624,0.08163999766111374,0.0
2026-06-06 16:00:00,0.08160000294446945,0.0820000022649765,0.08087000250816345,0.08093000203371048,0.0
2026-06-06 16:30:00,0.08090999722480774,0.08143000304698944,0.08072999864816666,0.0812000036239624,0.0
2026-06-06 17:00:00,0.08117000013589859,0.08133000135421753,0.08070000261068344,0.08084999769926071,303360.0
2026-06-06 17:30:00,0.08083999902009964,0.08126000314950943,0.08042000234127045,0.08061999827623367,0.0
2026-06-06 18:00:00,0.08062999695539474,0.08128999918699265,0.0805400013923645,0.08122000098228455,0.0
2026-06-06 18:30:00,0.08118999749422073,0.08118999749422073,0.08066999912261963,0.08094000071287155,24064.0
2026-06-06 19:00:00,0.08090999722480774,0.08135999739170074,0.08072999864816666,0.08085999637842178,0.0
2026-06-06 19:30:00,0.08084999769926071,0.08094000071287155,0.08064000308513641,0.08066999912261963,0.0
2026-06-06 20:00:00,0.08066999912261963,0.08083999902009964,0.08044999837875366,0.08065000176429749,0.0
2026-06-06 20:30:00,0.08065000176429749,0.08094000071287155,0.08059000223875046,0.08083999902009964,284672.0
2026-06-06 21:00:00,0.08088000118732452,0.08130999654531479,0.08083000034093857,0.08122999966144562,0.0
2026-06-06 21:30:00,0.08128000050783157,0.08166000247001648,0.08113999664783478,0.08115000277757645,508992.0
2026-06-06 22:00:00,0.08113999664783478,0.08158999681472778,0.08098000288009644,0.08117999881505966,0.0
2026-06-06 22:30:00,0.08121000230312347,0.08156999945640564,0.08111000061035156,0.08134999871253967,0.0
2026-06-06 23:00:00,0.0812700018286705,0.08166000247001648,0.08117000013589859,0.08138000220060349,0.0
2026-06-06 23:30:00,0.08138000220060349,0.08190000057220459,0.08134999871253967,0.08188000321388245,0.0
2026-06-07 00:00:00,0.08189000189304352,0.08201000094413757,0.08161000162363052,0.08179999887943268,0.0
2026-06-07 00:30:00,0.08184000104665756,0.08209999650716782,0.08164999634027481,0.08171000331640244,406912.0
2026-06-07 01:00:00,0.08171000331640244,0.0836699977517128,0.08166000247001648,0.08357000350952148,17482176.0
2026-06-07 01:30:00,0.08355999737977982,0.08376000076532364,0.08326999843120575,0.08347000181674957,7581376.0
2026-06-07 02:00:00,0.08344999700784683,0.0835300013422966,0.08278000354766846,0.08299999684095383,595968.0
2026-06-07 02:30:00,0.08297999948263168,0.08364000171422958,0.08280999958515167,0.08342999964952469,2118336.0
2026-06-07 03:00:00,0.08342999964952469,0.08367999643087387,0.08319000154733658,0.0835999995470047,1382912.0
2026-06-07 03:30:00,0.08358000218868256,0.08363000303506851,0.0832199975848198,0.08348000049591064,0.0
2026-06-07 04:00:00,0.08350999653339386,0.0835300013422966,0.08292999863624573,0.08309999853372574,0.0
2026-06-07 04:30:00,0.08305999636650085,0.08393000066280365,0.08305999636650085,0.08382999897003174,0.0
2026-06-07 05:00:00,0.08387000113725662,0.08415000140666962,0.0835999995470047,0.08389999717473984,0.0
2026-06-07 05:30:00,0.0839100033044815,0.08410999923944473,0.08370999991893768,0.08384999632835388,0.0
2026-06-07 06:00:00,0.08388999849557877,0.0846799984574318,0.08364000171422958,0.08462999761104584,1187712.0
2026-06-07 06:30:00,0.08459000289440155,0.08482000231742859,0.08449000120162964,0.08455999940633774,5563008.0
2026-06-07 07:00:00,0.08453000336885452,0.08477000147104263,0.08436000347137451,0.08473999798297882,271808.0
2026-06-07 07:30:00,0.08470000326633453,0.08496999740600586,0.08451999723911285,0.08494000136852264,2957760.0
2026-06-07 08:00:00,0.08488000184297562,0.08495000004768372,0.08449000120162964,0.08478999882936478,3856192.0
2026-06-07 08:30:00,0.08476000279188156,0.08558999747037888,0.0846799984574318,0.0855100005865097,16184256.0
2026-06-07 09:00:00,0.08547999709844589,0.0860000029206276,0.08535999804735184,0.08562999963760376,9312512.0
2026-06-07 09:30:00,0.08563999831676483,0.08563999831676483,0.08470000326633453,0.08473999798297882,118720.0
2026-06-07 10:00:00,0.08474999666213989,0.08482000231742859,0.08427000045776367,0.08479999750852585,0.0
2026-06-07 10:30:00,0.08477000147104263,0.08477000147104263,0.0841199979186058,0.0843299999833107,0.0
2026-06-07 11:00:00,0.08433999866247177,0.08457999676465988,0.08415000140666962,0.08457999676465988,1310976.0
2026-06-07 11:30:00,0.0845400020480156,0.08478999882936478,0.0843999981880188,0.0845400020480156,1481152.0
2026-06-07 12:00:00,0.0845400020480156,0.08459000289440155,0.08330000191926956,0.08355999737977982,13973056.0
2026-06-07 12:30:00,0.08354999870061874,0.08387000113725662,0.0831800028681755,0.08375000208616257,7805952.0
2026-06-07 13:00:00,0.08370999991893768,0.08393999934196472,0.0835999995470047,0.08378999680280685,0.0
2026-06-07 13:30:00,0.08375000208616257,0.08399000018835068,0.08363000303506851,0.08382000029087067,5184.0
2026-06-07 14:00:00,0.0838100016117096,0.08472000062465668,0.0838100016117096,0.0846100002527237,3523968.0
2026-06-07 14:30:00,0.08461999893188477,0.08490999788045883,0.08415000140666962,0.08450999855995178,1008704.0
2026-06-07 15:00:00,0.08449999988079071,0.08470000326633453,0.08425000309944153,0.0846799984574318,0.0
2026-06-07 15:30:00,0.08468999713659286,0.08490999788045883,0.0843999981880188,0.08461999893188477,413504.0
2026-06-07 16:00:00,0.0846100002527237,0.08481000363826752,0.0844699963927269,0.08470000326633453,876032.0
2026-06-07 16:30:00,0.08466000109910965,0.08493000268936157,0.08460000157356262,0.08476000279188156,362240.0
2026-06-07 17:00:00,0.08474999666213989,0.08523999899625778,0.08472999930381775,0.08500999957323074,7747008.0
2026-06-07 17:30:00,0.08501999825239182,0.08511999994516373,0.0846100002527237,0.08478999882936478,0.0
2026-06-07 18:00:00,0.08479999750852585,0.0849199965596199,0.0846799984574318,0.0847800001502037,38208.0
2026-06-07 18:30:00,0.08479999750852585,0.08495000004768372,0.08429999649524689,0.08431000262498856,706496.0
2026-06-07 19:00:00,0.08432000130414963,0.08434999734163284,0.08315999805927277,0.08337999880313873,6798016.0
2026-06-07 19:30:00,0.08337000012397766,0.08343999832868576,0.08296000212430954,0.0833199992775917,10276416.0
2026-06-07 20:00:00,0.0832199975848198,0.08415000140666962,0.08308999985456467,0.08399000018835068,4430336.0
2026-06-07 20:30:00,0.08402000367641449,0.08427999913692474,0.08382999897003174,0.08414000272750854,4613696.0
2026-06-07 21:00:00,0.08412999659776688,0.08417999744415283,0.08377999812364578,0.08386000245809555,0.0
2026-06-07 21:30:00,0.08386000245809555,0.08395999670028687,0.08354999870061874,0.08395999670028687,1455232.0
2026-06-07 22:00:00,0.08408000320196152,0.08747000247240067,0.0838100016117096,0.08584000170230865,86970112.0
2026-06-07 22:30:00,0.08596999943256378,0.0862400010228157,0.08532000333070755,0.08547999709844589,34561216.0
2026-06-07 23:00:00,0.08545999974012375,0.08613000065088272,0.08545000106096268,0.08609999716281891,15023360.0
2026-06-07 23:30:00,0.08609999716281891,0.08641999959945679,0.08586999773979187,0.08624999970197678,9604544.0
2026-06-08 00:00:00,0.08622000366449356,0.08631999790668488,0.08573000133037567,0.08624999970197678,5779136.0
2026-06-08 00:30:00,0.08622000366449356,0.08679000288248062,0.08606000244617462,0.08636000007390976,17320448.0
2026-06-08 01:00:00,0.0863799974322319,0.08647000044584274,0.08483999967575073,0.08493000268936157,677504.0
2026-06-08 01:30:00,0.08489000052213669,0.08569999784231186,0.08478999882936478,0.0856499969959259,1085120.0
2026-06-08 02:00:00,0.08568000048398972,0.08590000122785568,0.08547999709844589,0.08574000000953674,0.0
2026-06-08 02:30:00,0.08574000000953674,0.0858599990606308,0.08535999804735184,0.08585000038146973,7168704.0
2026-06-08 03:00:00,0.08585000038146973,0.08623000234365463,0.0855799987912178,0.08558999747037888,3554624.0
2026-06-08 03:30:00,0.08561000227928162,0.08594000339508057,0.0855100005865097,0.08585000038146973,2852928.0
2026-06-08 04:00:00,0.08586999773979187,0.08591999858617783,0.08511999994516373,0.08538000285625458,3342784.0
2026-06-08 04:30:00,0.08540999889373779,0.0854400023818016,0.08481000363826752,0.08489000052213669,439552.0
2026-06-08 05:00:00,0.08488000184297562,0.08506999909877777,0.08451999723911285,0.08489999920129776,476160.0
2026-06-08 05:30:00,0.0849199965596199,0.0849199965596199,0.0843299999833107,0.08474999666213989,2179840.0
2026-06-08 06:00:00,0.08474999666213989,0.08534999936819077,0.08474999666213989,0.08524999767541885,0.0
2026-06-08 06:30:00,0.08522000163793564,0.08529999852180481,0.0850600004196167,0.08523999899625778,0.0
2026-06-08 07:00:00,0.08521000295877457,0.08557000011205673,0.08490999788045883,0.0854400023818016,19039168.0
2026-06-08 07:30:00,0.08547999709844589,0.08573000133037567,0.08541999757289886,0.08558999747037888,0.0
2026-06-08 08:00:00,0.08557000011205673,0.08557000011205673,0.08506999909877777,0.0851999968290329,0.0
2026-06-08 08:30:00,0.08523000031709671,0.08532000333070755,0.08483999967575073,0.08508999645709991,0.0
2026-06-08 09:00:00,0.08508999645709991,0.0856499969959259,0.0850600004196167,0.08550000190734863,0.0
2026-06-08 09:30:00,0.08545999974012375,0.08585000038146973,0.08528999984264374,0.08581999689340591,3883328.0
2026-06-08 10:00:00,0.0858599990606308,0.08591999858617783,0.08523999899625778,0.08528999984264374,375680.0
2026-06-08 10:30:00,0.08532000333070755,0.0858599990606308,0.08524999767541885,0.08558999747037888,3978240.0
2026-06-08 11:00:00,0.0855799987912178,0.08643999695777893,0.08540999889373779,0.0863799974322319,12523904.0
2026-06-08 11:30:00,0.0864500030875206,0.08674000203609467,0.0861700028181076,0.08631999790668488,5576384.0
2026-06-08 12:00:00,0.08631999790668488,0.08652999997138977,0.08574000000953674,0.08630000054836273,1633280.0
2026-06-08 12:30:00,0.0863099992275238,0.08687999844551086,0.08625999838113785,0.08671999722719193,393664.0
2026-06-08 13:00:00,0.0868000015616417,0.08685000240802765,0.08626999706029892,0.0863099992275238,5132352.0
2026-06-08 13:30:00,0.08625999838113785,0.08656000345945358,0.0860000029206276,0.08629000186920166,17616896.0
2026-06-08 14:00:00,0.08629000186920166,0.08648999780416489,0.08611000329256058,0.08626999706029892,1268352.0
2026-06-08 14:30:00,0.08624999970197678,0.08677999675273895,0.08620999753475189,0.08664000034332275,684352.0
2026-06-08 15:00:00,0.08670999854803085,0.08743000030517578,0.08664999902248383,0.0869700014591217,10555968.0
2026-06-08 15:30:00,0.08692000061273575,0.08720999956130981,0.08677999675273895,0.08692999929189682,8030720.0
2026-06-08 16:00:00,0.08693999797105789,0.08747000247240067,0.08682999759912491,0.08714000135660172,7080896.0
2026-06-08 16:30:00,0.08716999739408493,0.08716999739408493,0.08635000139474869,0.08641999959945679,4610688.0
2026-06-08 17:00:00,0.08648999780416489,0.08670999854803085,0.08609999716281891,0.08663000166416168,1175296.0
2026-06-08 17:30:00,0.08663000166416168,0.08679000288248062,0.08620999753475189,0.08676999807357788,108288.0
2026-06-08 18:00:00,0.0868000015616417,0.08714000135660172,0.0868000015616417,0.0871099978685379,4881600.0
2026-06-08 18:30:00,0.08715000003576279,0.08720999956130981,0.08657000213861465,0.0868000015616417,3566976.0
2026-06-08 19:00:00,0.08679000288248062,0.0870399996638298,0.08664000034332275,0.0869000032544136,1415232.0
2026-06-08 19:30:00,0.08688999712467194,0.08703000098466873,0.0866599977016449,0.08676999807357788,62016.0
2026-06-08 20:00:00,0.08679000288248062,0.0868000015616417,0.08630000054836273,0.08643999695777893,0.0
2026-06-08 20:30:00,0.08643999695777893,0.08674000203609467,0.08636999875307083,0.08674000203609467,190016.0
2026-06-08 21:00:00,0.08676999807357788,0.08743000030517578,0.08674000203609467,0.08728999644517899,9427328.0
2026-06-08 21:30:00,0.08730000257492065,0.08748000115156174,0.08705999702215195,0.08705999702215195,1043648.0
2026-06-08 22:00:00,0.08701000362634659,0.08709000051021576,0.0866599977016449,0.08686999976634979,0.0
2026-06-08 22:30:00,0.08686999976634979,0.08701000362634659,0.08675000071525574,0.08698000013828278,0.0
2026-06-08 23:00:00,0.08698000013828278,0.08719000220298767,0.0864500030875206,0.08657000213861465,0.0
2026-06-08 23:30:00,0.08652999997138977,0.08658000081777573,0.08613000065088272,0.0863099992275238,1119296.0
2026-06-09 00:00:00,0.08628000319004059,0.08641999959945679,0.08529999852180481,0.0854400023818016,6660224.0
2026-06-09 00:30:00,0.08545000106096268,0.08545000106096268,0.08461999893188477,0.08479999750852585,24603200.0
2026-06-09 01:00:00,0.08477000147104263,0.08532000333070755,0.0847100019454956,0.08518999814987183,1054656.0
2026-06-09 01:30:00,0.08513999730348587,0.08533000200986862,0.08496999740600586,0.08508999645709991,0.0
2026-06-09 02:00:00,0.08507999777793884,0.08523000031709671,0.08472000062465668,0.08496999740600586,2950080.0
2026-06-09 02:30:00,0.08498000353574753,0.08528999984264374,0.0845400020480156,0.08528999984264374,1643072.0
2026-06-09 03:00:00,0.08533000200986862,0.08545999974012375,0.08511000126600266,0.08513999730348587,1046656.0
2026-06-09 03:30:00,0.08517000079154968,0.08530999720096588,0.08489000052213669,0.08528999984264374,126848.0
2026-06-09 04:00:00,0.08525999635457993,0.08543000370264053,0.08502999693155289,0.08513999730348587,951488.0
2026-06-09 04:30:00,0.08517000079154968,0.08640000224113464,0.08507999777793884,0.08611000329256058,25236480.0
2026-06-09 05:00:00,0.08613999933004379,0.08631999790668488,0.08590000122785568,0.08620999753475189,74496.0
2026-06-09 05:30:00,0.08624999970197678,0.08666999638080597,0.08623000234365463,0.08642999827861786,4322304.0
2026-06-09 06:00:00,0.08647000044584274,0.08668000251054764,0.08628000319004059,0.08651000261306763,17856.0
2026-06-09 06:30:00,0.08653999865055084,0.08662000298500061,0.08624999970197678,0.08629000186920166,3969024.0
2026-06-09 07:00:00,0.08631999790668488,0.08659999817609787,0.0859299972653389,0.08597999811172485,0.0
2026-06-09 07:30:00,0.0860000029206276,0.08635000139474869,0.0860000029206276,0.08635000139474869,9348736.0
2026-06-09 08:00:00,0.08636000007390976,0.08639000356197357,0.08570999652147293,0.08594000339508057,9022208.0
2026-06-09 08:30:00,0.08589000254869461,0.08606000244617462,0.08573000133037567,0.08579999953508377,4598848.0
2026-06-09 09:00:00,0.08581999689340591,0.08601000159978867,0.08561000227928162,0.08561000227928162,168448.0
2026-06-09 09:30:00,0.08560000360012054,0.08561000227928162,0.08522000163793564,0.08535999804735184,3140096.0
2026-06-09 10:00:00,0.08540000021457672,0.08552999794483185,0.0851999968290329,0.08536999672651291,4414912.0
2026-06-09 10:30:00,0.08540000021457672,0.08551999926567078,0.08521000295877457,0.08546999841928482,2022464.0
2026-06-09 11:00:00,0.08545000106096268,0.08550000190734863,0.08513999730348587,0.08525999635457993,0.0
2026-06-09 11:30:00,0.08525999635457993,0.08555000275373459,0.0851999968290329,0.08547999709844589,0.0
2026-06-09 12:00:00,0.08545999974012375,0.08589000254869461,0.08545000106096268,0.08567000180482864,0.0
2026-06-09 12:30:00,0.08566000312566757,0.08584000170230865,0.08545999974012375,0.08584000170230865,0.0
2026-06-09 13:00:00,0.08580999821424484,0.08608999848365784,0.08532000333070755,0.08543000370264053,1711104.0
2026-06-09 13:30:00,0.0853400006890297,0.08587999641895294,0.0851999968290329,0.08563999831676483,299456.0
2026-06-09 14:00:00,0.08567000180482864,0.08584000170230865,0.08450999855995178,0.08450999855995178,15943488.0
2026-06-09 14:30:00,0.08460000157356262,0.08494000136852264,0.08427999913692474,0.08494000136852264,17704384.0
2026-06-09 15:00:00,0.08496999740600586,0.08525999635457993,0.08443000167608261,0.08445999771356583,326784.0
2026-06-09 15:30:00,0.08445999771356583,0.08455999940633774,0.08402000367641449,0.0840499997138977,3051968.0
2026-06-09 16:00:00,0.08406999707221985,0.08423999696969986,0.08350999653339386,0.08380000293254852,7360.0
2026-06-09 16:30:00,0.08377999812364578,0.08438000082969666,0.08309999853372574,0.08428999781608582,229056.0
2026-06-09 17:00:00,0.08431000262498856,0.08533000200986862,0.0842600017786026,0.08518999814987183,63820928.0
2026-06-09 17:30:00,0.0851999968290329,0.08538000285625458,0.08466999977827072,0.08472000062465668,5722560.0
2026-06-09 18:00:00,0.08476000279188156,0.08517999947071075,0.08453000336885452,0.08479999750852585,8025152.0
2026-06-09 18:30:00,0.0848499983549118,0.0850600004196167,0.08465000241994858,0.08483999967575073,9239680.0
2026-06-09 19:00:00,0.08483000099658966,0.0850600004196167,0.08463999629020691,0.0847800001502037,4288384.0
2026-06-09 19:30:00,0.08481000363826752,0.08528999984264374,0.08472000062465668,0.08515000343322754,5714368.0
2026-06-09 20:00:00,0.0851299986243248,0.08552999794483185,0.08506999909877777,0.08528999984264374,11457024.0
2026-06-09 20:30:00,0.08529999852180481,0.08550000190734863,0.08517000079154968,0.08549000322818756,1972736.0
2026-06-09 21:00:00,0.0855100005865097,0.08558999747037888,0.08485999703407288,0.08489000052213669,676416.0
2026-06-09 21:30:00,0.08489999920129776,0.08495999872684479,0.0846100002527237,0.08477000147104263,3824256.0
2026-06-09 22:00:00,0.0847800001502037,0.08502999693155289,0.08459000289440155,0.08489000052213669,0.0
2026-06-09 22:30:00,0.08489999920129776,0.08506999909877777,0.08444999903440475,0.08449000120162964,2109312.0
2026-06-09 23:00:00,0.08449000120162964,0.08483999967575073,0.08438999950885773,0.08456999808549881,8254144.0
2026-06-09 23:30:00,0.08460000157356262,0.08488000184297562,0.08445999771356583,0.08474999666213989,0.0
2026-06-10 00:00:00,0.08481000363826752,0.08511000126600266,0.08476000279188156,0.08500000089406967,0.0
2026-06-10 00:30:00,0.0849900022149086,0.08502999693155289,0.08414000272750854,0.08500999957323074,0.0
2026-06-10 01:00:00,0.08500999957323074,0.08510000258684158,0.08466999977827072,0.08481000363826752,0.0
2026-06-10 01:30:00,0.08476000279188156,0.08489999920129776,0.08440999686717987,0.08461999893188477,1349120.0
2026-06-10 02:00:00,0.08461999893188477,0.08473999798297882,0.08402000367641449,0.08423999696969986,134208.0
2026-06-10 02:30:00,0.08427000045776367,0.08428999781608582,0.08363000303506851,0.08376999944448471,3723712.0
2026-06-10 03:00:00,0.08376000076532364,0.08420000225305557,0.08376000076532364,0.0841900035738945,172160.0
2026-06-10 03:30:00,0.08412999659776688,0.08414000272750854,0.08382000029087067,0.08389999717473984,449024.0
2026-06-10 04:00:00,0.0839100033044815,0.08405999839305878,0.0838100016117096,0.0839100033044815,0.0
2026-06-10 04:30:00,0.08389999717473984,0.08389999717473984,0.08342999964952469,0.0835300013422966,0.0
2026-06-10 05:00:00,0.08357000350952148,0.0836699977517128,0.08323000371456146,0.08359000086784363,1794944.0
2026-06-10 05:30:00,0.08359000086784363,0.08365999907255173,0.08335000276565552,0.08350999653339386,88384.0
2026-06-10 06:00:00,0.08352000266313553,0.08370000123977661,0.08340000361204147,0.08352000266313553,255872.0
2026-06-10 06:30:00,0.08349999785423279,0.08378999680280685,0.0832199975848198,0.08358000218868256,1659648.0
2026-06-10 07:00:00,0.08355999737977982,0.08409000188112259,0.08354000002145767,0.08399999886751175,1228224.0
2026-06-10 07:30:00,0.08400999754667282,0.08432000130414963,0.08392000198364258,0.08415000140666962,236032.0
2026-06-10 08:00:00,0.08417999744415283,0.08417999744415283,0.08361999690532684,0.0836699977517128,323776.0
2026-06-10 08:30:00,0.08367999643087387,0.08377999812364578,0.0831800028681755,0.08335000276565552,5974720.0
2026-06-10 09:00:00,0.08335000276565552,0.08348999917507172,0.08282999694347382,0.08325999975204468,9180736.0
2026-06-10 09:30:00,0.08325999975204468,0.08358000218868256,0.0832199975848198,0.0834600031375885,3054272.0
2026-06-10 10:00:00,0.08344999700784683,0.08360999822616577,0.08319000154733658,0.08360999822616577,0.0
2026-06-10 10:30:00,0.08360999822616577,0.08383999764919281,0.08352000266313553,0.08364000171422958,1179520.0
2026-06-10 11:00:00,0.08365000039339066,0.08367999643087387,0.08278000354766846,0.08309999853372574,9743744.0
2026-06-10 11:30:00,0.08312000334262848,0.08336000144481659,0.08297000080347061,0.08320999890565872,3293056.0
2026-06-10 12:00:00,0.08319000154733658,0.08337000012397766,0.08299999684095383,0.08319000154733658,4345216.0
2026-06-10 12:30:00,0.08320000022649765,0.08440999686717987,0.08320000022649765,0.08384999632835388,29999936.0
2026-06-10 13:00:00,0.08383999764919281,0.08409000188112259,0.08370999991893768,0.08404000103473663,0.0
2026-06-10 13:30:00,0.08397000283002853,0.08511000126600266,0.08397000283002853,0.08453000336885452,16589312.0
2026-06-10 14:00:00,0.08451999723911285,0.0847100019454956,0.08392000198364258,0.08427999913692474,539776.0
2026-06-10 14:30:00,0.0843299999833107,0.08460000157356262,0.08400999754667282,0.08443000167608261,0.0
2026-06-10 15:00:00,0.08448000252246857,0.08482000231742859,0.0839800015091896,0.0847100019454956,0.0
2026-06-10 15:30:00,0.08473999798297882,0.08540000021457672,0.08414000272750854,0.08507999777793884,7211904.0
2026-06-10 16:00:00,0.08510000258684158,0.08516000211238861,0.08431000262498856,0.08466999977827072,211072.0
2026-06-10 16:30:00,0.08468999713659286,0.08472999930381775,0.08367999643087387,0.08410000056028366,2277760.0
2026-06-10 17:00:00,0.08408000320196152,0.08443000167608261,0.08364000171422958,0.08365000039339066,0.0
2026-06-10 17:30:00,0.08365999907255173,0.08400999754667282,0.08330000191926956,0.08382999897003174,9716992.0
2026-06-10 18:00:00,0.08386000245809555,0.08397000283002853,0.08357000350952148,0.08384999632835388,0.0
2026-06-10 18:30:00,0.08376999944448471,0.08382999897003174,0.0832500010728836,0.08382999897003174,995456.0
2026-06-10 19:00:00,0.0838100016117096,0.08386000245809555,0.08316999673843384,0.0833899974822998,721344.0
2026-06-10 19:30:00,0.08344999700784683,0.08352000266313553,0.08305999636650085,0.08305999636650085,452672.0
2026-06-10 20:00:00,0.08308999985456467,0.08324000239372253,0.08271999657154083,0.08303000032901764,3564096.0
2026-06-10 20:30:00,0.08299999684095383,0.08302000164985657,0.08259999752044678,0.08279000222682953,4351232.0
2026-06-10 21:00:00,0.08276999741792679,0.08276999741792679,0.08209999650716782,0.08243999630212784,5132032.0
2026-06-10 21:30:00,0.08243999630212784,0.08263999968767166,0.08183000236749649,0.0820700004696846,3282752.0
2026-06-10 22:00:00,0.08209999650716782,0.08216000348329544,0.08180999755859375,0.08199000358581543,9609536.0
2026-06-10 22:30:00,0.08199000358581543,0.08261000365018845,0.08199000358581543,0.0822800025343895,4235072.0
2026-06-10 23:00:00,0.08217000216245651,0.08297000080347061,0.0820700004696846,0.08292999863624573,6405056.0
2026-06-10 23:30:00,0.08291000127792358,0.08303999900817871,0.08279000222682953,0.08287999778985977,2217536.0
2026-06-11 00:00:00,0.08288999646902084,0.08357000350952148,0.08288999646902084,0.08342000097036362,4739712.0
2026-06-11 00:30:00,0.08342000097036362,0.08352000266313553,0.08326999843120575,0.08333999663591385,3612224.0
2026-06-11 01:00:00,0.08337999880313873,0.08399999886751175,0.08333999663591385,0.08393999934196472,6726976.0
2026-06-11 01:30:00,0.0839800015091896,0.08438999950885773,0.08384999632835388,0.08417999744415283,2536768.0
2026-06-11 02:00:00,0.08420000225305557,0.08427999913692474,0.0836699977517128,0.0836699977517128,902464.0
2026-06-11 02:30:00,0.08370000123977661,0.0841199979186058,0.0835300013422966,0.0840499997138977,843328.0
2026-06-11 03:00:00,0.08405999839305878,0.08414000272750854,0.08380000293254852,0.08409000188112259,592256.0
2026-06-11 03:30:00,0.08409000188112259,0.08513999730348587,0.08409000188112259,0.08494000136852264,10783552.0
2026-06-11 04:00:00,0.08493000268936157,0.08500999957323074,0.0847100019454956,0.08487000316381454,17735232.0
2026-06-11 04:30:00,0.08488000184297562,0.08530999720096588,0.0847100019454956,0.08507999777793884,102208.0
2026-06-11 05:00:00,0.08506999909877777,0.08506999909877777,0.08477000147104263,0.08485999703407288,0.0
2026-06-11 05:30:00,0.08487000316381454,0.08501999825239182,0.08468999713659286,0.08468999713659286,0.0
2026-06-11 06:00:00,0.08468999713659286,0.08505000174045563,0.08450999855995178,0.08489999920129776,0.0
2026-06-11 06:30:00,0.08493000268936157,0.08502999693155289,0.08463999629020691,0.08468999713659286,0.0
2026-06-11 07:00:00,0.08462999761104584,0.0849199965596199,0.08456999808549881,0.08487000316381454,0.0
2026-06-11 07:30:00,0.08490999788045883,0.08494000136852264,0.0846100002527237,0.08476000279188156,0.0
2026-06-11 08:00:00,0.08477000147104263,0.0852700024843216,0.08477000147104263,0.0852700024843216,0.0
2026-06-11 08:30:00,0.08528999984264374,0.08538000285625458,0.08507999777793884,0.08515000343322754,0.0
2026-06-11 09:00:00,0.08515000343322754,0.08515000343322754,0.08468999713659286,0.08476000279188156,0.0
2026-06-11 09:30:00,0.08476000279188156,0.0850600004196167,0.08476000279188156,0.0849900022149086,0.0
2026-06-11 10:00:00,0.08500000089406967,0.08508999645709991,0.0848499983549118,0.08494000136852264,0.0
2026-06-11 10:30:00,0.08490999788045883,0.08511000126600266,0.08489999920129776,0.08507999777793884,0.0
2026-06-11 11:00:00,0.08506999909877777,0.08513999730348587,0.08488000184297562,0.08506999909877777,0.0
2026-06-11 11:30:00,0.08506999909877777,0.08550000190734863,0.08495000004768372,0.08522000163793564,0.0
2026-06-11 12:00:00,0.0851999968290329,0.08524999767541885,0.08417999744415283,0.08437000215053558,0.0
2026-06-11 12:30:00,0.08459000289440155,0.08479999750852585,0.08421000093221664,0.08470000326633453,0.0
2026-06-11 13:00:00,0.08466999977827072,0.08496999740600586,0.08459000289440155,0.0847100019454956,0.0
2026-06-11 13:30:00,0.08461999893188477,0.08515000343322754,0.08442000299692154,0.08490999788045883,0.0
2026-06-11 14:00:00,0.0849199965596199,0.08500999957323074,0.08455000072717667,0.08495000004768372,0.0
2026-06-11 14:30:00,0.08495000004768372,0.08534999936819077,0.08485999703407288,0.08494000136852264,0.0
2026-06-11 15:00:00,0.08489999920129776,0.08505000174045563,0.08451999723911285,0.08496999740600586,0.0
2026-06-11 15:30:00,0.08495000004768372,0.08511000126600266,0.08457999676465988,0.08483999967575073,0.0
2026-06-11 16:00:00,0.08485999703407288,0.08501999825239182,0.08457999676465988,0.08472000062465668,0.0
2026-06-11 16:30:00,0.08468999713659286,0.0849199965596199,0.08450999855995178,0.08463999629020691,0.0
2026-06-11 17:00:00,0.0846100002527237,0.08529999852180481,0.08431000262498856,0.08529999852180481,0.0
2026-06-11 17:30:00,0.08540000021457672,0.08674000203609467,0.08536999672651291,0.08663000166416168,0.0
2026-06-11 18:00:00,0.08668000251054764,0.08691000193357468,0.08615999668836594,0.08624999970197678,0.0
2026-06-11 18:30:00,0.08625999838113785,0.08656000345945358,0.08623000234365463,0.08641000092029572,0.0
2026-06-11 19:00:00,0.08639000356197357,0.08666999638080597,0.08608999848365784,0.08657000213861465,0.0
2026-06-11 19:30:00,0.08656000345945358,0.08698000013828278,0.08636999875307083,0.08641999959945679,0.0
2026-06-11 20:00:00,0.0864500030875206,0.08653999865055084,0.08604999631643295,0.08609999716281891,0.0
2026-06-11 20:30:00,0.0860700011253357,0.0862400010228157,0.08591999858617783,0.0862400010228157,0.0
2026-06-11 21:00:00,0.08623000234365463,0.08664000034332275,0.08623000234365463,0.08635000139474869,0.0
2026-06-11 21:30:00,0.08636999875307083,0.08649999648332596,0.08620999753475189,0.08635000139474869,0.0
2026-06-11 22:00:00,0.08632999658584595,0.0865200012922287,0.08624999970197678,0.08647000044584274,0.0
2026-06-11 22:30:00,0.08647000044584274,0.08660999685525894,0.08619000017642975,0.08632999658584595,0.0
2026-06-11 23:00:00,0.08628000319004059,0.08630000054836273,0.0860700011253357,0.08607999980449677,0.0
2026-06-11 23:30:00,0.08607999980449677,0.08639000356197357,0.08590000122785568,0.08597999811172485,2080704.0
2026-06-12 00:00:00,0.08598999679088593,0.08609999716281891,0.08579999953508377,0.08594000339508057,9896000.0
2026-06-12 00:30:00,0.0859299972653389,0.08607999980449677,0.08581999689340591,0.08581999689340591,1122368.0
2026-06-12 01:00:00,0.08575999736785889,0.08604999631643295,0.08556000143289566,0.08566000312566757,178176.0
2026-06-12 01:30:00,0.08568000048398972,0.08580999821424484,0.0854400023818016,0.08580999821424484,5093568.0
2026-06-12 02:00:00,0.08581999689340591,0.08642999827861786,0.08581999689340591,0.08614999800920486,2130816.0
2026-06-12 02:30:00,0.08615999668836594,0.08641999959945679,0.08614999800920486,0.08626999706029892,1792512.0
2026-06-12 03:00:00,0.08625999838113785,0.08634000271558762,0.08604999631643295,0.08619999885559082,1002752.0
2026-06-12 03:30:00,0.08624999970197678,0.0864500030875206,0.08615999668836594,0.0864500030875206,873280.0
2026-06-12 04:00:00,0.08647000044584274,0.08668000251054764,0.08632999658584595,0.08668000251054764,609344.0
2026-06-12 04:30:00,0.08668000251054764,0.08694999665021896,0.08656000345945358,0.08685000240802765,11325696.0
2026-06-12 05:00:00,0.0869000032544136,0.08692000061273575,0.08663000166416168,0.08668000251054764,9509376.0
2026-06-12 05:30:00,0.0866599977016449,0.08720000088214874,0.08657000213861465,0.08666999638080597,51518016.0
2026-06-12 06:00:00,0.08663000166416168,0.08694999665021896,0.08615999668836594,0.08628000319004059,10309440.0
2026-06-12 06:30:00,0.08615999668836594,0.08615999668836594,0.08500000089406967,0.08530999720096588,40209792.0
2026-06-12 07:00:00,0.08532000333070755,0.08567000180482864,0.08532000333070755,0.08552999794483185,3548224.0
2026-06-12 07:30:00,0.08551999926567078,0.08589000254869461,0.08546999841928482,0.08583000302314758,1187392.0
2026-06-12 08:00:00,0.0858599990606308,0.08659999817609787,0.0858599990606308,0.08649999648332596,22332352.0
2026-06-12 08:30:00,0.08651000261306763,0.08659999817609787,0.08629000186920166,0.08658000081777573,62784.0
2026-06-12 09:00:00,0.08657000213861465,0.08683999627828598,0.0864500030875206,0.08681999891996384,790400.0
2026-06-12 09:30:00,0.08681000024080276,0.0871800035238266,0.08681000024080276,0.08692999929189682,13065216.0
2026-06-12 10:00:00,0.08688999712467194,0.0869700014591217,0.08625999838113785,0.08641000092029572,10105600.0
2026-06-12 10:30:00,0.08649999648332596,0.08662000298500061,0.0864500030875206,0.08651000261306763,10955840.0
2026-06-12 11:00:00,0.08651000261306763,0.08668000251054764,0.0864500030875206,0.08656000345945358,1468672.0
2026-06-12 11:30:00,0.08653999865055084,0.08686999976634979,0.0863799974322319,0.08686000108718872,4102400.0
2026-06-12 12:00:00,0.08681999891996384,0.08719000220298767,0.08675000071525574,0.08686999976634979,720896.0
2026-06-12 12:30:00,0.08682999759912491,0.08701000362634659,0.08669999986886978,0.08693999797105789,740096.0
2026-06-12 13:00:00,0.08692000061273575,0.0871099978685379,0.08676999807357788,0.08692000061273575,2243968.0
2026-06-12 13:30:00,0.0869700014591217,0.08726000040769577,0.08659999817609787,0.0869000032544136,16900672.0
2026-06-12 14:00:00,0.08688999712467194,0.08946000039577484,0.08688999712467194,0.08940999954938889,40648064.0
2026-06-12 14:30:00,0.08946000039577484,0.09224999696016312,0.08907999843358994,0.09053000062704086,213635648.0
2026-06-12 15:00:00,0.09059000015258789,0.09072999656200409,0.08927000313997269,0.08947999775409698,59083072.0
2026-06-12 15:30:00,0.08951999992132187,0.08958999812602997,0.08715999871492386,0.0873899981379509,65790208.0
2026-06-12 16:00:00,0.08741000294685364,0.08832000195980072,0.0871800035238266,0.08801999688148499,64679808.0
2026-06-12 16:30:00,0.08799999952316284,0.08872000128030777,0.08799999952316284,0.08872000128030777,18732032.0
2026-06-12 17:00:00,0.08874999731779099,0.08890999853610992,0.08804000169038773,0.08832000195980072,16197504.0
2026-06-12 17:30:00,0.08837000280618668,0.0884300023317337,0.08771999925374985,0.0877700001001358,0.0
2026-06-12 18:00:00,0.0878399983048439,0.08801999688148499,0.08741000294685364,0.08771999925374985,425856.0
2026-06-12 18:30:00,0.08771000057458878,0.08792000263929367,0.08750999718904495,0.08754000067710876,3894272.0
2026-06-12 19:00:00,0.08756999671459198,0.08800999820232391,0.08754999935626984,0.08789999783039093,749184.0
2026-06-12 19:30:00,0.087909996509552,0.08805999904870987,0.08728999644517899,0.08739999681711197,1065856.0
2026-06-12 20:00:00,0.0873899981379509,0.08771000057458878,0.0873199999332428,0.08765999972820282,7229184.0
2026-06-12 20:30:00,0.08760999888181686,0.08777999877929688,0.08731000125408173,0.08743999898433685,3254656.0
2026-06-12 21:00:00,0.087459996342659,0.08764000236988068,0.08724000304937363,0.0876300036907196,2411136.0
2026-06-12 21:30:00,0.0876300036907196,0.08767999708652496,0.08652999997138977,0.08666999638080597,4834048.0
2026-06-12 22:00:00,0.08671999722719193,0.08679000288248062,0.08634000271558762,0.0864500030875206,15018112.0
2026-06-12 22:30:00,0.08641999959945679,0.08653999865055084,0.08612000197172165,0.0863099992275238,4641280.0
2026-06-12 23:00:00,0.08628000319004059,0.08630000054836273,0.08553999662399292,0.08584000170230865,21630208.0
2026-06-12 23:30:00,0.08581999689340591,0.08598999679088593,0.08562000095844269,0.08594000339508057,6092160.0
2026-06-13 00:00:00,0.08591999858617783,0.08602000027894974,0.0857900008559227,0.0858599990606308,2330112.0
2026-06-13 00:30:00,0.08586999773979187,0.08615999668836594,0.08581999689340591,0.08607999980449677,4044544.0
2026-06-13 01:00:00,0.08606000244617462,0.08636999875307083,0.08604999631643295,0.08634000271558762,5493632.0
2026-06-13 01:30:00,0.08636999875307083,0.08675000071525574,0.08624999970197678,0.08670999854803085,7971200.0
2026-06-13 02:00:00,0.0867300033569336,0.08686000108718872,0.08652999997138977,0.08659999817609787,4915328.0
2026-06-13 02:30:00,0.08660999685525894,0.08664999902248383,0.08619999885559082,0.08641999959945679,3566464.0
2026-06-13 03:00:00,0.08640000224113464,0.08652999997138977,0.08607999980449677,0.08619999885559082,3795200.0
2026-06-13 03:30:00,0.08619999885559082,0.08641999959945679,0.0861700028181076,0.08624999970197678,5231104.0
2026-06-13 04:00:00,0.0862400010228157,0.08629000186920166,0.0860000029206276,0.08623000234365463,547840.0
2026-06-13 04:30:00,0.08619999885559082,0.08642999827861786,0.08604999631643295,0.08604999631643295,588160.0
2026-06-13 05:00:00,0.0860700011253357,0.08624999970197678,0.08597999811172485,0.08597999811172485,486912.0
2026-06-13 05:30:00,0.08602000027894974,0.08613999933004379,0.08577000349760056,0.08608999848365784,505344.0
2026-06-13 06:00:00,0.08613999933004379,0.08626999706029892,0.08604999631643295,0.08626999706029892,0.0
2026-06-13 06:30:00,0.08629000186920166,0.08671999722719193,0.0862400010228157,0.08659999817609787,1426688.0
2026-06-13 07:00:00,0.08659999817609787,0.08707000315189362,0.08640000224113464,0.08701000362634659,2283392.0
2026-06-13 07:30:00,0.08699999749660492,0.08716999739408493,0.08691000193357468,0.08702000230550766,18973952.0
2026-06-13 08:00:00,0.08701000362634659,0.08714000135660172,0.08685000240802765,0.08703000098466873,337152.0
2026-06-13 08:30:00,0.08702000230550766,0.08732999861240387,0.08701000362634659,0.08707000315189362,768128.0
2026-06-13 09:00:00,0.08711999654769897,0.0873899981379509,0.08709000051021576,0.08722999691963196,679168.0
2026-06-13 09:30:00,0.08722999691963196,0.08726999908685684,0.08698999881744385,0.08709000051021576,3979776.0
2026-06-13 10:00:00,0.08711999654769897,0.08744999766349792,0.08708000183105469,0.08731000125408173,454784.0
2026-06-13 10:30:00,0.0873199999332428,0.08741000294685364,0.08716999739408493,0.08727999776601791,1209472.0
2026-06-13 11:00:00,0.08726000040769577,0.08789999783039093,0.08720000088214874,0.08787000179290771,6356864.0
2026-06-13 11:30:00,0.08786000311374664,0.08788999915122986,0.0877000018954277,0.08788999915122986,1403520.0
2026-06-13 12:00:00,0.08792000263929367,0.08792000263929367,0.0877000018954277,0.08780000358819962,703872.0
2026-06-13 12:30:00,0.08782000094652176,0.08868999779224396,0.08782000094652176,0.08849000185728073,7537664.0
2026-06-13 13:00:00,0.08850999921560287,0.08850999921560287,0.08807999640703201,0.08821000158786774,5500544.0
2026-06-13 13:30:00,0.08821000158786774,0.08833999931812286,0.0879800021648407,0.08806999772787094,0.0
2026-06-13 14:00:00,0.08805999904870987,0.08838000148534775,0.08801999688148499,0.08815000206232071,0.0
2026-06-13 14:30:00,0.08816000074148178,0.08833999931812286,0.08809000253677368,0.08829999715089798,0.0
2026-06-13 15:00:00,0.08831000328063965,0.08876000344753265,0.08822000026702881,0.08855000138282776,0.0
2026-06-13 15:30:00,0.08857999742031097,0.08877000212669373,0.08827999979257584,0.08829999715089798,217600.0
2026-06-13 16:00:00,0.08831000328063965,0.08832000195980072,0.08759000152349472,0.08777999877929688,0.0
2026-06-13 16:30:00,0.08777999877929688,0.0880500003695488,0.08748000115156174,0.08786000311374664,782720.0
2026-06-13 17:00:00,0.08782000094652176,0.08788000047206879,0.08731000125408173,0.08764000236988068,3266304.0
2026-06-13 17:30:00,0.08764000236988068,0.08773999661207199,0.0873899981379509,0.08759000152349472,0.0
2026-06-13 18:00:00,0.08758000284433365,0.08776000142097473,0.08754000067710876,0.08773999661207199,0.0
2026-06-13 18:30:00,0.08773999661207199,0.0878399983048439,0.08753000199794769,0.08764000236988068,0.0
2026-06-13 19:00:00,0.08761999756097794,0.08766999840736389,0.08748999983072281,0.08753000199794769,0.0
2026-06-13 19:30:00,0.08753000199794769,0.08784999698400497,0.087459996342659,0.08759000152349472,2708864.0
2026-06-13 20:00:00,0.08755999803543091,0.08771999925374985,0.08748000115156174,0.08765999972820282,0.0
2026-06-13 20:30:00,0.08765999972820282,0.08769000321626663,0.08754999935626984,0.0876300036907196,0.0
2026-06-13 21:00:00,0.08764000236988068,0.08776000142097473,0.08758000284433365,0.08764000236988068,0.0
2026-06-13 21:30:00,0.08764000236988068,0.08856000006198883,0.08764000236988068,0.08814000338315964,10500096.0
2026-06-13 22:00:00,0.0881199985742569,0.08815000206232071,0.08781000226736069,0.08797000348567963,0.0
2026-06-13 22:30:00,0.08795999735593796,0.08799000084400177,0.08776000142097473,0.08781000226736069,261504.0
2026-06-13 23:00:00,0.08780000358819962,0.08799000084400177,0.08780000358819962,0.08789999783039093,0.0
2026-06-13 23:30:00,0.08789999783039093,0.08799999952316284,0.0877000018954277,0.08784999698400497,0.0
2026-06-14 00:00:00,0.08781000226736069,0.08788999915122986,0.08769000321626663,0.08773999661207199,0.0
2026-06-14 00:30:00,0.08771000057458878,0.08786000311374664,0.08755999803543091,0.08765999972820282,1961792.0
2026-06-14 01:00:00,0.08765000104904175,0.08794999867677689,0.08754999935626984,0.08787000179290771,99712.0
2026-06-14 01:30:00,0.08786000311374664,0.08793999999761581,0.08773999661207199,0.0877700001001358,432448.0
2026-06-14 02:00:00,0.08775000274181366,0.0880500003695488,0.08772999793291092,0.08786000311374664,1627520.0
2026-06-14 02:30:00,0.08786000311374664,0.08801999688148499,0.08782000094652176,0.08788000047206879,0.0
2026-06-14 03:00:00,0.08787000179290771,0.08793999999761581,0.08776000142097473,0.087909996509552,201152.0
2026-06-14 03:30:00,0.08789999783039093,0.08809000253677368,0.08782999962568283,0.0880500003695488,2448704.0
2026-06-14 04:00:00,0.0880500003695488,0.08810000121593475,0.08777999877929688,0.08777999877929688,7360.0
2026-06-14 04:30:00,0.0877700001001358,0.08781000226736069,0.08737000077962875,0.08755999803543091,2284416.0
2026-06-14 05:00:00,0.08756999671459198,0.08760000020265579,0.0872500017285347,0.08730000257492065,988608.0
2026-06-14 05:30:00,0.08731000125408173,0.08772999793291092,0.08722999691963196,0.08758000284433365,178496.0
2026-06-14 06:00:00,0.08760000020265579,0.08781000226736069,0.08760000020265579,0.08772999793291092,464064.0
2026-06-14 06:30:00,0.08772999793291092,0.08772999793291092,0.08737000077962875,0.08744999766349792,0.0
2026-06-14 07:00:00,0.08747000247240067,0.08747000247240067,0.08726000040769577,0.08733999729156494,488576.0
2026-06-14 07:30:00,0.08731000125408173,0.08733999729156494,0.08702000230550766,0.08713000267744064,0.0
2026-06-14 08:00:00,0.08714000135660172,0.08737000077962875,0.08699999749660492,0.08737000077962875,0.0
2026-06-14 08:30:00,0.08733999729156494,0.08741000294685364,0.08715000003576279,0.08715000003576279,1449504.0
2026-06-14 09:00:00,0.08715000003576279,0.08716999739408493,0.08674000203609467,0.08691000193357468,1984672.0
2026-06-14 09:30:00,0.08691000193357468,0.0873899981379509,0.0869000032544136,0.08737000077962875,508352.0
2026-06-14 10:00:00,0.08736000210046768,0.08743000030517578,0.08720000088214874,0.08730000257492065,0.0
2026-06-14 10:30:00,0.08727999776601791,0.08741000294685364,0.08703000098466873,0.08707000315189362,455520.0
2026-06-14 11:00:00,0.08707000315189362,0.08720999956130981,0.0869700014591217,0.08711999654769897,0.0
2026-06-14 11:30:00,0.08711999654769897,0.08721999824047089,0.08698999881744385,0.08698999881744385,0.0
2026-06-14 12:00:00,0.08701000362634659,0.0870399996638298,0.08681000024080276,0.08681000024080276,743616.0
2026-06-14 12:30:00,0.0868000015616417,0.08687999844551086,0.08640000224113464,0.08651000261306763,3780224.0
2026-06-14 13:00:00,0.08651000261306763,0.08664000034332275,0.08626999706029892,0.08628000319004059,0.0
2026-06-14 13:30:00,0.08628000319004059,0.08656000345945358,0.08619999885559082,0.0864500030875206,1415008.0
2026-06-14 14:00:00,0.08646000176668167,0.08648999780416489,0.08619999885559082,0.08620999753475189,1045152.0
2026-06-14 14:30:00,0.08619000017642975,0.08619000017642975,0.0856499969959259,0.08596999943256378,14897600.0
2026-06-14 15:00:00,0.08602000027894974,0.08614999800920486,0.08586999773979187,0.08597999811172485,0.0
2026-06-14 15:30:00,0.08596999943256378,0.08628000319004059,0.08594000339508057,0.08624999970197678,1404384.0
2026-06-14 16:00:00,0.08624999970197678,0.08662000298500061,0.08624999970197678,0.08649999648332596,11154336.0
2026-06-14 16:30:00,0.08646000176668167,0.08662000298500061,0.08629000186920166,0.08641000092029572,61568.0
2026-06-14 17:00:00,0.0863799974322319,0.0865899994969368,0.08636999875307083,0.08641000092029572,314496.0
2026-06-14 17:30:00,0.08641000092029572,0.08649999648332596,0.08620999753475189,0.08630000054836273,2096832.0
2026-06-14 18:00:00,0.08631999790668488,0.08641000092029572,0.08612000197172165,0.08615999668836594,1023136.0
2026-06-14 18:30:00,0.08615999668836594,0.08636999875307083,0.08609999716281891,0.0863099992275238,239584.0
2026-06-14 19:00:00,0.0863099992275238,0.08654999732971191,0.08619000017642975,0.08651000261306763,514624.0
2026-06-14 19:30:00,0.08651000261306763,0.08658000081777573,0.08630000054836273,0.08636999875307083,0.0
2026-06-14 20:00:00,0.0863799974322319,0.08664999902248383,0.08625999838113785,0.08662000298500061,2500000.0
2026-06-14 20:30:00,0.08664000034332275,0.0869000032544136,0.08658000081777573,0.08659999817609787,3329056.0
2026-06-14 21:00:00,0.08659999817609787,0.08800999820232391,0.08656000345945358,0.08795999735593796,20295360.0
2026-06-14 21:30:00,0.08801999688148499,0.08904000371694565,0.08788000047206879,0.08850999921560287,19906496.0
2026-06-14 22:00:00,0.08856000006198883,0.08872999995946884,0.08793000131845474,0.08826000243425369,25554240.0
2026-06-14 22:30:00,0.08827999979257584,0.0885699987411499,0.08816999942064285,0.08832000195980072,14385728.0
2026-06-14 23:00:00,0.08833000063896179,0.0888499990105629,0.08804000169038773,0.08879999816417694,9787360.0
2026-06-14 23:30:00,0.08879999816417694,0.088919997215271,0.08849000185728073,0.08883000165224075,17495872.0
2026-06-15 00:00:00,0.0888499990105629,0.08908999711275101,0.08868999779224396,0.08884000033140182,21705408.0
2026-06-15 00:30:00,0.08880999684333801,0.08883000165224075,0.08846999704837799,0.08876000344753265,5778432.0
2026-06-15 01:00:00,0.08878999948501587,0.08878999948501587,0.08829999715089798,0.08832000195980072,3446912.0
2026-06-15 01:30:00,0.08833999931812286,0.08884000033140182,0.08821000158786774,0.08837000280618668,16288128.0
2026-06-15 02:00:00,0.08837000280618668,0.08914999663829803,0.08832000195980072,0.08879999816417694,10121280.0
2026-06-15 02:30:00,0.08880999684333801,0.08894000202417374,0.08867999911308289,0.08869999647140503,2504128.0
2026-06-15 03:00:00,0.0887100026011467,0.08906999975442886,0.08862999826669693,0.08897999674081802,2624128.0
2026-06-15 03:30:00,0.08897999674081802,0.08908999711275101,0.08878999948501587,0.08893000334501266,0.0
2026-06-15 04:00:00,0.088919997215271,0.08896999806165695,0.08872999995946884,0.08878999948501587,0.0
2026-06-15 04:30:00,0.08879999816417694,0.08880999684333801,0.08852999657392502,0.08854000270366669,0.0
2026-06-15 05:00:00,0.0885000005364418,0.08888000249862671,0.0884300023317337,0.08888000249862671,0.0
2026-06-15 05:30:00,0.08889999985694885,0.08890999853610992,0.08856000006198883,0.08867999911308289,0.0
2026-06-15 06:00:00,0.08867999911308289,0.08893000334501266,0.08861000090837479,0.08886999636888504,0.0
2026-06-15 06:30:00,0.08886999636888504,0.08889999985694885,0.0885699987411499,0.08867000043392181,0.0
2026-06-15 07:00:00,0.08867000043392181,0.08872999995946884,0.08842000365257263,0.088639996945858,0.0
2026-06-15 07:30:00,0.088639996945858,0.088639996945858,0.08833000063896179,0.08844000101089478,0.0
2026-06-15 08:00:00,0.08846999704837799,0.08867000043392181,0.08839000016450882,0.08865000307559967,0.0
2026-06-15 08:30:00,0.08867999911308289,0.08888000249862671,0.08846999704837799,0.08846999704837799,0.0
2026-06-15 09:00:00,0.08848000317811966,0.08868999779224396,0.08846999704837799,0.0885000005364418,0.0
2026-06-15 09:30:00,0.0885000005364418,0.08856000006198883,0.08809000253677368,0.08854000270366669,0.0
2026-06-15 10:00:00,0.08854000270366669,0.08867000043392181,0.08840999752283096,0.08840999752283096,0.0
2026-06-15 10:30:00,0.08840999752283096,0.08928000181913376,0.08839999884366989,0.08913999795913696,0.0
2026-06-15 11:00:00,0.08913999795913696,0.08998999744653702,0.08897999674081802,0.08973000198602676,0.0
2026-06-15 11:30:00,0.08976999670267105,0.0898900032043457,0.08947999775409698,0.08967000246047974,0.0
2026-06-15 12:00:00,0.08967000246047974,0.08984000235795975,0.08947999775409698,0.08980999886989594,0.0
2026-06-15 12:30:00,0.08974000066518784,0.0901700034737587,0.08958999812602997,0.09002000093460083,0.0
2026-06-15 13:00:00,0.09003999829292297,0.09085000306367874,0.08992999792098999,0.09070999920368195,0.0
2026-06-15 13:30:00,0.0907600000500679,0.0907600000500679,0.08997999876737595,0.09026999771595001,0.0
2026-06-15 14:00:00,0.09025999903678894,0.09025999903678894,0.08975999802350998,0.08986999839544296,0.0
2026-06-15 14:30:00,0.08986999839544296,0.08986999839544296,0.08907999843358994,0.0894400030374527,0.0
2026-06-15 15:00:00,0.0894400030374527,0.08961000293493271,0.08931999653577805,0.08940999954938889,0.0
2026-06-15 15:30:00,0.08940999954938889,0.0906900018453598,0.08917000144720078,0.09059000015258789,0.0
2026-06-15 16:00:00,0.09063000231981277,0.09063000231981277,0.09002000093460083,0.09042000025510788,0.0
2026-06-15 16:30:00,0.09043999761343002,0.09055999666452408,0.09000000357627869,0.09001000225543976,0.0
2026-06-15 17:00:00,0.09003999829292297,0.09003999829292297,0.08945000171661377,0.08952999860048294,0.0
2026-06-15 17:30:00,0.08950000256299973,0.08980000019073486,0.08924999833106995,0.08962000161409378,0.0
2026-06-15 18:00:00,0.08963000029325485,0.08968999981880188,0.08925999701023102,0.08935000002384186,0.0
2026-06-15 18:30:00,0.089369997382164,0.08955000340938568,0.08922000229358673,0.08930999785661697,0.0
2026-06-15 19:00:00,0.08923999965190887,0.08968999981880188,0.0885699987411499,0.08882000297307968,0.0
2026-06-15 19:30:00,0.0888499990105629,0.08928000181913376,0.0887100026011467,0.08894000202417374,0.0
2026-06-15 20:00:00,0.088919997215271,0.08918999880552292,0.08876000344753265,0.08889000117778778,0.0
2026-06-15 20:30:00,0.08895000070333481,0.08904000371694565,0.08867000043392181,0.08894000202417374,0.0
2026-06-15 21:00:00,0.08894000202417374,0.08913999795913696,0.08872000128030777,0.08880999684333801,0.0
2026-06-15 21:30:00,0.0887800008058548,0.08888000249862671,0.08862999826669693,0.0887800008058548,0.0
2026-06-15 22:00:00,0.08879999816417694,0.088919997215271,0.08803000301122665,0.088189996778965,0.0
2026-06-15 22:30:00,0.08816999942064285,0.08829999715089798,0.08780000358819962,0.08795999735593796,0.0
2026-06-15 23:00:00,0.08797000348567963,0.08821000158786774,0.08780000358819962,0.08805999904870987,0.0
2026-06-15 23:30:00,0.08807999640703201,0.08817999809980392,0.08777999877929688,0.08807999640703201,0.0
2026-06-16 00:00:00,0.08805999904870987,0.08826000243425369,0.0878399983048439,0.0878399983048439,0.0
2026-06-16 00:30:00,0.08786000311374664,0.08820000290870667,0.08765000104904175,0.08771000057458878,0.0
2026-06-16 01:00:00,0.08769000321626663,0.08799000084400177,0.08767999708652496,0.087909996509552,0.0
2026-06-16 01:30:00,0.08788999915122986,0.0880500003695488,0.08776000142097473,0.08780000358819962,0.0
2026-06-16 02:00:00,0.08778999745845795,0.087909996509552,0.08675999939441681,0.08682999759912491,0.0
2026-06-16 02:30:00,0.08685000240802765,0.08715000003576279,0.08681000024080276,0.08692999929189682,0.0
2026-06-16 03:00:00,0.08694999665021896,0.0873899981379509,0.08682999759912491,0.08736000210046768,0.0
2026-06-16 03:30:00,0.08736000210046768,0.08748999983072281,0.08732999861240387,0.08741000294685364,0.0
2026-06-16 04:00:00,0.08743000030517578,0.08752000331878662,0.08698999881744385,0.08698999881744385,0.0
2026-06-16 04:30:00,0.08698000013828278,0.08698000013828278,0.08671999722719193,0.08688999712467194,0.0
2026-06-16 05:00:00,0.08686999976634979,0.08726999908685684,0.08686999976634979,0.08720000088214874,0.0
2026-06-16 05:30:00,0.08719000220298767,0.08728999644517899,0.08708000183105469,0.08721999824047089,0.0
2026-06-16 06:00:00,0.08721999824047089,0.08741000294685364,0.08721999824047089,0.0873899981379509,0.0
2026-06-16 06:30:00,0.0873899981379509,0.08766999840736389,0.08737000077962875,0.08758000284433365,0.0
2026-06-16 07:00:00,0.08759000152349472,0.08772999793291092,0.08742000162601471,0.08754999935626984,0.0
2026-06-16 07:30:00,0.08754999935626984,0.08778999745845795,0.08754999935626984,0.08778999745845795,0.0
2026-06-16 08:00:00,0.08777999877929688,0.08816999942064285,0.08756999671459198,0.08810999989509583,0.0
2026-06-16 08:30:00,0.08817999809980392,0.08902999758720398,0.08810999989509583,0.08879999816417694,0.0
2026-06-16 09:00:00,0.08876000344753265,0.08889000117778778,0.08837000280618668,0.08854000270366669,0.0
2026-06-16 09:30:00,0.08856000006198883,0.08883000165224075,0.08839000016450882,0.08848000317811966,0.0
2026-06-16 10:00:00,0.08848000317811966,0.08859000355005264,0.088189996778965,0.0885699987411499,0.0
2026-06-16 10:30:00,0.08855000138282776,0.08860000222921371,0.08816999942064285,0.08820000290870667,0.0
2026-06-16 11:00:00,0.08822999894618988,0.08837000280618668,0.087909996509552,0.0879800021648407,0.0
2026-06-16 11:30:00,0.0879800021648407,0.08812999725341797,0.08777999877929688,0.08812999725341797,0.0
2026-06-16 12:00:00,0.08812999725341797,0.08842000365257263,0.08787000179290771,0.08839000016450882,0.0
2026-06-16 12:30:00,0.08839000016450882,0.0888499990105629,0.08804000169038773,0.08833000063896179,0.0
2026-06-16 13:00:00,0.08835999667644501,0.0884300023317337,0.08720000088214874,0.08739999681711197,0.0
2026-06-16 13:30:00,0.08744999766349792,0.08778999745845795,0.08715999871492386,0.08732999861240387,0.0
2026-06-16 14:00:00,0.08739999681711197,0.08767999708652496,0.08643999695777893,0.08646000176668167,0.0
2026-06-16 14:30:00,0.08647000044584274,0.08692000061273575,0.08614999800920486,0.08658000081777573,0.0
2026-06-16 15:00:00,0.08654999732971191,0.0870399996638298,0.08648999780416489,0.08692000061273575,0.0
2026-06-16 15:30:00,0.08694999665021896,0.08732999861240387,0.08677999675273895,0.0871099978685379,0.0
2026-06-16 16:00:00,0.08709999918937683,0.08722999691963196,0.08666999638080597,0.08686000108718872,0.0
2026-06-16 16:30:00,0.08685000240802765,0.08685000240802765,0.0863099992275238,0.08647000044584274,0.0
2026-06-16 17:00:00,0.08647000044584274,0.08691000193357468,0.08647000044584274,0.08659999817609787,0.0
2026-06-16 17:30:00,0.08657000213861465,0.08726999908685684,0.08646000176668167,0.08716999739408493,0.0
2026-06-16 18:00:00,0.08720000088214874,0.08778999745845795,0.08715000003576279,0.08736000210046768,0.0
2026-06-16 18:30:00,0.08737000077962875,0.08764000236988068,0.08731000125408173,0.08749999850988388,0.0
2026-06-16 19:00:00,0.08747000247240067,0.08747000247240067,0.08694999665021896,0.08732999861240387,0.0
2026-06-16 19:30:00,0.08735000342130661,0.08760999888181686,0.08703000098466873,0.08719000220298767,0.0
2026-06-16 20:00:00,0.08715000003576279,0.08764000236988068,0.08702000230550766,0.08737999945878983,0.0
2026-06-16 20:30:00,0.0873899981379509,0.0877000018954277,0.0873899981379509,0.08756999671459198,0.0
2026-06-16 21:00:00,0.08760000020265579,0.08766999840736389,0.08732999861240387,0.08743999898433685,0.0
2026-06-16 21:30:00,0.08743999898433685,0.08749999850988388,0.08720999956130981,0.08737999945878983,0.0
2026-06-16 22:00:00,0.0873899981379509,0.08754000067710876,0.0871800035238266,0.0873199999332428,0.0
2026-06-16 22:30:00,0.0873199999332428,0.08735000342130661,0.08715999871492386,0.08726999908685684,0.0
2026-06-16 23:00:00,0.08728999644517899,0.08733999729156494,0.0869000032544136,0.08720000088214874,0.0
2026-06-16 23:30:00,0.08716999739408493,0.0873199999332428,0.08702000230550766,0.08705999702215195,0.0
2026-06-17 00:00:00,0.0871099978685379,0.08727999776601791,0.08705999702215195,0.08714000135660172,0.0
2026-06-17 00:30:00,0.08714000135660172,0.08742000162601471,0.08705999702215195,0.08733999729156494,0.0
2026-06-17 01:00:00,0.08733999729156494,0.08743000030517578,0.08692999929189682,0.0871099978685379,0.0
2026-06-17 01:30:00,0.08714000135660172,0.08776000142097473,0.08701000362634659,0.08767999708652496,0.0
2026-06-17 02:00:00,0.08771000057458878,0.08801999688148499,0.08748999983072281,0.08799000084400177,0.0
2026-06-17 02:30:00,0.08801999688148499,0.08801999688148499,0.08744999766349792,0.08769000321626663,0.0
2026-06-17 03:00:00,0.0877000018954277,0.0877000018954277,0.08727999776601791,0.08741000294685364,0.0
2026-06-17 03:30:00,0.08741000294685364,0.08755999803543091,0.08720999956130981,0.0873899981379509,0.0
2026-06-17 04:00:00,0.08741000294685364,0.08754999935626984,0.08728999644517899,0.08748999983072281,0.0
2026-06-17 04:30:00,0.08748000115156174,0.08773999661207199,0.08742000162601471,0.08742000162601471,0.0
2026-06-17 05:00:00,0.08743000030517578,0.08759000152349472,0.08714000135660172,0.08749999850988388,0.0
2026-06-17 05:30:00,0.08749999850988388,0.08760000020265579,0.08726000040769577,0.08731000125408173,0.0
2026-06-17 06:00:00,0.0873199999332428,0.08743999898433685,0.0870399996638298,0.08707000315189362,0.0
2026-06-17 06:30:00,0.08702000230550766,0.0870399996638298,0.08668000251054764,0.08692000061273575,0.0
2026-06-17 07:00:00,0.08692000061273575,0.08713000267744064,0.08669999986886978,0.08671999722719193,0.0
2026-06-17 07:30:00,0.0867300033569336,0.08686999976634979,0.08653999865055084,0.08681999891996384,0.0
2026-06-17 08:00:00,0.0868000015616417,0.08681999891996384,0.08629000186920166,0.08642999827861786,0.0
2026-06-17 08:30:00,0.08641000092029572,0.08641000092029572,0.08567000180482864,0.08587999641895294,0.0
2026-06-17 09:00:00,0.08590000122785568,0.08615999668836594,0.08589000254869461,0.08604999631643295,0.0
2026-06-17 09:30:00,0.08604999631643295,0.0860700011253357,0.08584000170230865,0.08598999679088593,0.0
2026-06-17 10:00:00,0.0860000029206276,0.08608999848365784,0.08581999689340591,0.08602000027894974,0.0
2026-06-17 10:30:00,0.08604999631643295,0.08609999716281891,0.08587999641895294,0.08590000122785568,0.0
2026-06-17 11:00:00,0.0859299972653389,0.08602000027894974,0.08545000106096268,0.08566000312566757,0.0
2026-06-17 11:30:00,0.08562999963760376,0.08596000075340271,0.08561000227928162,0.08577000349760056,0.0
2026-06-17 12:00:00,0.08577000349760056,0.08597999811172485,0.08549000322818756,0.08556000143289566,0.0
2026-06-17 12:30:00,0.08553999662399292,0.08620999753475189,0.08545999974012375,0.08619999885559082,0.0
2026-06-17 13:00:00,0.0861700028181076,0.08624999970197678,0.0859299972653389,0.08604999631643295,0.0
2026-06-17 13:30:00,0.0860000029206276,0.08652999997138977,0.08589000254869461,0.08620999753475189,0.0
2026-06-17 14:00:00,0.08618000149726868,0.08649999648332596,0.08607999980449677,0.08632999658584595,0.0
2026-06-17 14:30:00,0.08635000139474869,0.08639000356197357,0.0855799987912178,0.08601000159978867,0.0
2026-06-17 15:00:00,0.08602000027894974,0.08664000034332275,0.08594000339508057,0.08653999865055084,0.0
2026-06-17 15:30:00,0.08653999865055084,0.08720999956130981,0.08647000044584274,0.08720999956130981,0.0
2026-06-17 16:00:00,0.08722999691963196,0.08767999708652496,0.08701000362634659,0.08750999718904495,0.0
2026-06-17 16:30:00,0.08754999935626984,0.08754999935626984,0.0869700014591217,0.08698999881744385,0.0
2026-06-17 17:00:00,0.08701000362634659,0.08720999956130981,0.08686999976634979,0.0871800035238266,0.0
2026-06-17 17:30:00,0.08720000088214874,0.08749999850988388,0.08688999712467194,0.08744999766349792,0.0
2026-06-17 18:00:00,0.08733999729156494,0.08733999729156494,0.0858599990606308,0.08660999685525894,0.0
2026-06-17 18:30:00,0.08659999817609787,0.08778999745845795,0.08648999780416489,0.08698000013828278,0.0
2026-06-17 19:00:00,0.08702000230550766,0.08715999871492386,0.08534999936819077,0.08552999794483185,0.0
2026-06-17 19:30:00,0.08556000143289566,0.08586999773979187,0.0849900022149086,0.08535999804735184,0.0
2026-06-17 20:00:00,0.08534999936819077,0.08581999689340591,0.08521000295877457,0.08566000312566757,0.0
2026-06-17 20:30:00,0.08568000048398972,0.08619000017642975,0.08552999794483185,0.08613999933004379,0.0
2026-06-17 21:00:00,0.0861700028181076,0.08619000017642975,0.08573000133037567,0.08584000170230865,0.0
2026-06-17 21:30:00,0.08584000170230865,0.08602000027894974,0.08538000285625458,0.08551999926567078,0.0
2026-06-17 22:00:00,0.08546999841928482,0.08573000133037567,0.08461999893188477,0.08573000133037567,12165696.0
2026-06-17 22:30:00,0.08573000133037567,0.08589000254869461,0.08567000180482864,0.08577000349760056,1021888.0
2026-06-17 23:00:00,0.08577000349760056,0.08608999848365784,0.08574000000953674,0.0860000029206276,936256.0
2026-06-17 23:30:00,0.08597999811172485,0.08603999763727188,0.08569999784231186,0.08584000170230865,70400.0
2026-06-18 00:00:00,0.08587999641895294,0.0862400010228157,0.08584000170230865,0.08613000065088272,1106176.0
2026-06-18 00:30:00,0.08609999716281891,0.08625999838113785,0.08606000244617462,0.08614999800920486,1233344.0
2026-06-18 01:00:00,0.08614999800920486,0.08648999780416489,0.08611000329256058,0.08622000366449356,2440000.0
2026-06-18 01:30:00,0.08624999970197678,0.0863099992275238,0.08598999679088593,0.08613000065088272,0.0
2026-06-18 02:00:00,0.08619000017642975,0.08629000186920166,0.08595000207424164,0.08623000234365463,83584.0
2026-06-18 02:30:00,0.08624999970197678,0.08625999838113785,0.08601000159978867,0.08609999716281891,390272.0
2026-06-18 03:00:00,0.08606000244617462,0.08609999716281891,0.08545999974012375,0.08547999709844589,0.0
2026-06-18 03:30:00,0.0855100005865097,0.08551999926567078,0.08518999814987183,0.08522000163793564,4802496.0
2026-06-18 04:00:00,0.08522000163793564,0.08533000200986862,0.08428999781608582,0.08457999676465988,14153600.0
2026-06-18 04:30:00,0.08461999893188477,0.0847100019454956,0.0843299999833107,0.08459000289440155,2440960.0
2026-06-18 05:00:00,0.08456999808549881,0.08459000289440155,0.08388999849557877,0.08416000008583069,12165696.0
2026-06-18 05:30:00,0.0841900035738945,0.08438999950885773,0.0840499997138977,0.08417999744415283,2521216.0
2026-06-18 06:00:00,0.08414000272750854,0.08438999950885773,0.0840499997138977,0.0842600017786026,2350336.0
2026-06-18 06:30:00,0.0842600017786026,0.08466999977827072,0.0841900035738945,0.0846100002527237,3651776.0
2026-06-18 07:00:00,0.08457999676465988,0.08494000136852264,0.08436000347137451,0.08488000184297562,90304.0
2026-06-18 07:30:00,0.08487000316381454,0.08504000306129456,0.08478999882936478,0.08483000099658966,961856.0
2026-06-18 08:00:00,0.0848499983549118,0.08511000126600266,0.08472000062465668,0.08495999872684479,888448.0
2026-06-18 08:30:00,0.08495999872684479,0.08513999730348587,0.0849199965596199,0.08496999740600586,0.0
2026-06-18 09:00:00,0.08496999740600586,0.08513999730348587,0.0848499983549118,0.0848499983549118,0.0
2026-06-18 09:30:00,0.08483999967575073,0.08511000126600266,0.08481000363826752,0.08501999825239182,519360.0
2026-06-18 10:00:00,0.08501999825239182,0.08501999825239182,0.08449000120162964,0.08468999713659286,1975232.0
2026-06-18 10:30:00,0.0847100019454956,0.08496999740600586,0.08457999676465988,0.08482000231742859,3400064.0
2026-06-18 11:00:00,0.08483000099658966,0.08495000004768372,0.08429999649524689,0.08456999808549881,221568.0
2026-06-18 11:30:00,0.08459000289440155,0.08465000241994858,0.08423999696969986,0.08444000035524368,2347840.0
2026-06-18 12:00:00,0.08445999771356583,0.0847100019454956,0.08437000215053558,0.0846799984574318,0.0
2026-06-18 12:30:00,0.08470000326633453,0.08478999882936478,0.08448000252246857,0.08473999798297882,0.0
2026-06-18 13:00:00,0.08473999798297882,0.08478999882936478,0.08456999808549881,0.08472999930381775,0.0
2026-06-18 13:30:00,0.0846100002527237,0.08470000326633453,0.08352000266313553,0.0839499980211258,10795392.0
2026-06-18 14:00:00,0.0839800015091896,0.08438000082969666,0.0835999995470047,0.08389999717473984,6661952.0
2026-06-18 14:30:00,0.0838799998164177,0.0841900035738945,0.08355999737977982,0.08378999680280685,4801472.0
2026-06-18 15:00:00,0.08377999812364578,0.08377999812364578,0.0827300027012825,0.0827300027012825,16436032.0
2026-06-18 15:30:00,0.0827300027012825,0.0830100029706955,0.0817599967122078,0.08190000057220459,38901824.0
2026-06-18 16:00:00,0.08183000236749649,0.08252999931573868,0.08183000236749649,0.08225999772548676,10192000.0
2026-06-18 16:30:00,0.08224999904632568,0.0826599970459938,0.08207999914884567,0.08254999667406082,520576.0
2026-06-18 17:00:00,0.0825899988412857,0.0825899988412857,0.08190000057220459,0.08223000168800354,3202496.0
2026-06-18 17:30:00,0.08230999857187271,0.0825200006365776,0.08207999914884567,0.08225999772548676,8787264.0
2026-06-18 18:00:00,0.08225999772548676,0.08253999799489975,0.08214999735355377,0.08237999677658081,2812288.0
2026-06-18 18:30:00,0.0823500007390976,0.08256000280380249,0.08223000168800354,0.08233000338077545,0.0
2026-06-18 19:00:00,0.08229999989271164,0.08250000327825546,0.08225999772548676,0.08241000026464462,0.0
2026-06-18 19:30:00,0.08243999630212784,0.08291999995708466,0.0824199989438057,0.08278000354766846,0.0
2026-06-18 20:00:00,0.08284000307321548,0.08333999663591385,0.08284000307321548,0.08332999795675278,1223616.0
2026-06-18 20:30:00,0.08330000191926956,0.08343999832868576,0.08313000202178955,0.0833199992775917,3809984.0
2026-06-18 21:00:00,0.08333999663591385,0.08342999964952469,0.08298999816179276,0.08327999711036682,937536.0
2026-06-18 21:30:00,0.08325999975204468,0.08337000012397766,0.08315999805927277,0.08329000324010849,353472.0
2026-06-18 22:00:00,0.08327999711036682,0.08336000144481659,0.08305999636650085,0.08314000070095062,0.0
2026-06-18 22:30:00,0.08314000070095062,0.08341000229120255,0.0829399973154068,0.08336000144481659,1128992.0
2026-06-18 23:00:00,0.08333999663591385,0.08337000012397766,0.08304999768733978,0.08329000324010849,94496.0
2026-06-18 23:30:00,0.0833199992775917,0.08350999653339386,0.08325999975204468,0.08343999832868576,1365984.0
2026-06-19 00:00:00,0.08344999700784683,0.08365000039339066,0.08330000191926956,0.08357000350952148,643264.0
2026-06-19 00:30:00,0.0835999995470047,0.08370000123977661,0.08348000049591064,0.08354999870061874,1617184.0
2026-06-19 01:00:00,0.08357000350952148,0.08376000076532364,0.08348000049591064,0.08354999870061874,885152.0
2026-06-19 01:30:00,0.08358000218868256,0.08380000293254852,0.08337000012397766,0.08377999812364578,1551840.0
2026-06-19 02:00:00,0.08376999944448471,0.08387000113725662,0.08343999832868576,0.08348999917507172,1984608.0
2026-06-19 02:30:00,0.08347000181674957,0.08360999822616577,0.08341000229120255,0.08355999737977982,3186144.0
2026-06-19 03:00:00,0.08354999870061874,0.08363000303506851,0.08251000195741653,0.08307000249624252,20844800.0
2026-06-19 03:30:00,0.08303000032901764,0.08303000032901764,0.08263000100851059,0.08280999958515167,1055616.0
2026-06-19 04:00:00,0.08279000222682953,0.0829399973154068,0.08231999725103378,0.08247999846935272,0.0
2026-06-19 04:30:00,0.08247999846935272,0.08247999846935272,0.08201000094413757,0.08216000348329544,3173376.0
2026-06-19 05:00:00,0.08218999952077866,0.08263999968767166,0.08217000216245651,0.08236999809741974,0.0
2026-06-19 05:30:00,0.0824199989438057,0.08254999667406082,0.08229000121355057,0.08254999667406082,0.0
2026-06-19 06:00:00,0.0825200006365776,0.08270999789237976,0.0824899971485138,0.08263999968767166,268288.0
2026-06-19 06:30:00,0.08263999968767166,0.08270999789237976,0.08239000290632248,0.08267000317573547,0.0
2026-06-19 07:00:00,0.08263999968767166,0.08268000185489655,0.08234000205993652,0.0824199989438057,0.0
2026-06-19 07:30:00,0.0825200006365776,0.08252999931573868,0.08194000273942947,0.08225999772548676,6239008.0
2026-06-19 08:00:00,0.08224000036716461,0.08247999846935272,0.08222000300884247,0.08239000290632248,320992.0
2026-06-19 08:30:00,0.08240000158548355,0.08258000016212463,0.08236999809741974,0.0824500024318695,15744.0
2026-06-19 09:00:00,0.08246000111103058,0.08252999931573868,0.0820000022649765,0.0821399986743927,1970912.0
2026-06-19 09:30:00,0.0821399986743927,0.0823500007390976,0.08212000131607056,0.08218999952077866,2360736.0
2026-06-19 10:00:00,0.08217000216245651,0.08233000338077545,0.0820700004696846,0.08226999640464783,0.0
2026-06-19 10:30:00,0.08225999772548676,0.08236999809741974,0.0820000022649765,0.08224999904632568,1074304.0
2026-06-19 11:00:00,0.08225999772548676,0.08241000026464462,0.08207999914884567,0.08229999989271164,417600.0
2026-06-19 11:30:00,0.08229999989271164,0.0824199989438057,0.08223000168800354,0.08233000338077545,279520.0
2026-06-19 12:00:00,0.08235999941825867,0.08242999762296677,0.08207999914884567,0.08219999819993973,340256.0
2026-06-19 12:30:00,0.08217000216245651,0.08264999836683273,0.08180999755859375,0.08261000365018845,8174368.0
2026-06-19 13:00:00,0.08259999752044678,0.08269999921321869,0.08239000290632248,0.08258000016212463,6446784.0
2026-06-19 13:30:00,0.0825899988412857,0.08340000361204147,0.08256000280380249,0.08316999673843384,0.0
2026-06-19 14:00:00,0.08315999805927277,0.08332999795675278,0.08291999995708466,0.0832500010728836,0.0
2026-06-19 14:30:00,0.08327999711036682,0.0833199992775917,0.08302000164985657,0.08303999900817871,702656.0
2026-06-19 15:00:00,0.08304999768733978,0.08314000070095062,0.08291000127792358,0.08297999948263168,0.0
2026-06-19 15:30:00,0.08297999948263168,0.0833199992775917,0.08297999948263168,0.08310999721288681,0.0
2026-06-19 16:00:00,0.08310999721288681,0.0833199992775917,0.08307000249624252,0.08320999890565872,0.0
2026-06-19 16:30:00,0.08320000022649765,0.0832500010728836,0.0828000009059906,0.0828000009059906,0.0
2026-06-19 17:00:00,0.08285000175237656,0.08313000202178955,0.08269999921321869,0.0828699991106987,0.0
2026-06-19 17:30:00,0.0828699991106987,0.08337000012397766,0.0828699991106987,0.08327999711036682,193888.0
2026-06-19 18:00:00,0.08327999711036682,0.08331000059843063,0.08312000334262848,0.08314000070095062,0.0
2026-06-19 18:30:00,0.08313000202178955,0.08315999805927277,0.08286000043153763,0.08307000249624252,0.0
2026-06-19 19:00:00,0.08307000249624252,0.0830800011754036,0.08271999657154083,0.08279000222682953,0.0
2026-06-19 19:30:00,0.08275999873876572,0.0830100029706955,0.0826599970459938,0.08282999694347382,330368.0
2026-06-19 20:00:00,0.08282999694347382,0.08295000344514847,0.08263999968767166,0.08285000175237656,0.0
2026-06-19 20:30:00,0.08285000175237656,0.08316999673843384,0.08269000053405762,0.08316999673843384,0.0
2026-06-19 21:00:00,0.08314000070095062,0.08323000371456146,0.08299999684095383,0.08303000032901764,1636128.0
2026-06-19 21:30:00,0.08303000032901764,0.0830800011754036,0.08270999789237976,0.08276999741792679,212896.0
2026-06-19 22:00:00,0.08279000222682953,0.08310999721288681,0.0827300027012825,0.08307000249624252,1293216.0
2026-06-19 22:30:00,0.08307000249624252,0.08320999890565872,0.08302000164985657,0.08316999673843384,1145088.0
2026-06-19 23:00:00,0.08316999673843384,0.0832500010728836,0.08304999768733978,0.0832500010728836,1082336.0
2026-06-19 23:30:00,0.08324000239372253,0.08363000303506851,0.08319000154733658,0.08347000181674957,3040224.0
2026-06-20 00:00:00,0.08343999832868576,0.0836699977517128,0.08337999880313873,0.08361999690532684,2809664.0
2026-06-20 00:30:00,0.0835999995470047,0.08382999897003174,0.08340000361204147,0.08340000361204147,1529120.0
2026-06-20 01:00:00,0.08340000361204147,0.08342999964952469,0.08320999890565872,0.08330000191926956,547648.0
2026-06-20 01:30:00,0.08330000191926956,0.08352000266313553,0.08329000324010849,0.08341000229120255,375552.0
2026-06-20 02:00:00,0.0833899974822998,0.08348000049591064,0.08313000202178955,0.08319000154733658,295616.0
2026-06-20 02:30:00,0.08319000154733658,0.08329000324010849,0.0829399973154068,0.08297999948263168,4281440.0
2026-06-20 03:00:00,0.08297999948263168,0.08320999890565872,0.08297999948263168,0.08320000022649765,304288.0
2026-06-20 03:30:00,0.08320000022649765,0.08325999975204468,0.08313000202178955,0.0831800028681755,213376.0
2026-06-20 04:00:00,0.0831800028681755,0.08329000324010849,0.08314000070095062,0.08327999711036682,0.0
2026-06-20 04:30:00,0.08325999975204468,0.08344999700784683,0.08319000154733658,0.08344999700784683,1359648.0
2026-06-20 05:00:00,0.0834600031375885,0.08410999923944473,0.0833899974822998,0.08364000171422958,10438208.0
2026-06-20 05:30:00,0.08365000039339066,0.08388999849557877,0.08358000218868256,0.0838799998164177,1416384.0
2026-06-20 06:00:00,0.0838799998164177,0.08406999707221985,0.08382000029087067,0.08403000235557556,2107200.0
2026-06-20 06:30:00,0.08402000367641449,0.08417999744415283,0.08393999934196472,0.08412999659776688,4056736.0
2026-06-20 07:00:00,0.0841199979186058,0.08422999829053879,0.0839499980211258,0.0841900035738945,4256320.0
2026-06-20 07:30:00,0.08420000225305557,0.08421000093221664,0.08388999849557877,0.08400999754667282,6229440.0
2026-06-20 08:00:00,0.08400999754667282,0.0840499997138977,0.08383999764919281,0.0838799998164177,5737920.0
2026-06-20 08:30:00,0.08386000245809555,0.0839100033044815,0.08372999727725983,0.08387000113725662,2323168.0
2026-06-20 09:00:00,0.08388999849557877,0.08405999839305878,0.08388999849557877,0.08402000367641449,173760.0
2026-06-20 09:30:00,0.08402000367641449,0.08421999961137772,0.08400999754667282,0.08409000188112259,544640.0
2026-06-20 10:00:00,0.08410999923944473,0.08414000272750854,0.08393000066280365,0.08393000066280365,137248.0
2026-06-20 10:30:00,0.08393000066280365,0.08397000283002853,0.08380000293254852,0.08387000113725662,657920.0
2026-06-20 11:00:00,0.08387000113725662,0.08389999717473984,0.08370999991893768,0.08388999849557877,87008.0
2026-06-20 11:30:00,0.08389999717473984,0.08393000066280365,0.08375000208616257,0.08377999812364578,1697536.0
2026-06-20 12:00:00,0.08378999680280685,0.08393000066280365,0.08375000208616257,0.08393000066280365,929056.0
2026-06-20 12:30:00,0.0839100033044815,0.08392000198364258,0.08364000171422958,0.08375000208616257,575328.0
2026-06-20 13:00:00,0.08375000208616257,0.08378999680280685,0.08314000070095062,0.08323000371456146,503808.0
2026-06-20 13:30:00,0.08324000239372253,0.08341000229120255,0.0831800028681755,0.08323000371456146,1596096.0
2026-06-20 14:00:00,0.0831800028681755,0.0831800028681755,0.08257000148296356,0.0828699991106987,4291328.0
2026-06-20 14:30:00,0.08286000043153763,0.08404000103473663,0.08281999826431274,0.08364000171422958,8522048.0
2026-06-20 15:00:00,0.08365000039339066,0.08409000188112259,0.0834600031375885,0.08384999632835388,9676096.0
2026-06-20 15:30:00,0.0838799998164177,0.0838799998164177,0.08355999737977982,0.08365000039339066,4078272.0
2026-06-20 16:00:00,0.08365000039339066,0.08365000039339066,0.0833199992775917,0.08337000012397766,180160.0
2026-06-20 16:30:00,0.08337000012397766,0.08342999964952469,0.08324000239372253,0.08342000097036362,162432.0
2026-06-20 17:00:00,0.08337000012397766,0.08337999880313873,0.0830800011754036,0.08316999673843384,903648.0
2026-06-20 17:30:00,0.0832199975848198,0.0832199975848198,0.08275000005960464,0.08299999684095383,4266784.0
2026-06-20 18:00:00,0.08299999684095383,0.08331000059843063,0.08297999948263168,0.08331000059843063,1543072.0
2026-06-20 18:30:00,0.08332999795675278,0.08332999795675278,0.08302000164985657,0.08305999636650085,2095904.0
2026-06-20 19:00:00,0.08303999900817871,0.08323000371456146,0.08303999900817871,0.08310999721288681,491776.0
2026-06-20 19:30:00,0.08310999721288681,0.08336000144481659,0.08310999721288681,0.0832500010728836,580224.0
2026-06-20 20:00:00,0.0832500010728836,0.08330000191926956,0.0831800028681755,0.0832199975848198,421696.0
2026-06-20 20:30:00,0.0832199975848198,0.08333999663591385,0.08316999673843384,0.08329000324010849,688864.0
2026-06-20 21:00:00,0.0833199992775917,0.08350999653339386,0.08327999711036682,0.08337000012397766,157632.0
2026-06-20 21:30:00,0.08337000012397766,0.08352000266313553,0.08331000059843063,0.08341000229120255,719712.0
2026-06-20 22:00:00,0.08341000229120255,0.08389999717473984,0.08330000191926956,0.08382999897003174,1685600.0
2026-06-20 22:30:00,0.08382000029087067,0.08392000198364258,0.08370000123977661,0.08375000208616257,1063456.0
2026-06-20 23:00:00,0.08375000208616257,0.08392000198364258,0.08365999907255173,0.08365999907255173,2501152.0
2026-06-20 23:30:00,0.0836699977517128,0.08372999727725983,0.08357000350952148,0.08360999822616577,0.0
2026-06-21 00:00:00,0.08364000171422958,0.08365000039339066,0.08347000181674957,0.08349999785423279,197376.0
2026-06-21 00:30:00,0.08349999785423279,0.0835999995470047,0.08347000181674957,0.08355999737977982,0.0
2026-06-21 01:00:00,0.08357000350952148,0.0835999995470047,0.08341000229120255,0.08343999832868576,667456.0
2026-06-21 01:30:00,0.08343999832868576,0.08360999822616577,0.08340000361204147,0.0835300013422966,565216.0
2026-06-21 02:00:00,0.08352000266313553,0.08358000218868256,0.08348999917507172,0.08355999737977982,107040.0
2026-06-21 02:30:00,0.08354999870061874,0.08357000350952148,0.08348000049591064,0.08348000049591064,306976.0
2026-06-21 03:00:00,0.08348000049591064,0.08376000076532364,0.08335000276565552,0.08358000218868256,1316832.0
2026-06-21 03:30:00,0.08357000350952148,0.0836699977517128,0.08350999653339386,0.0835999995470047,206720.0
2026-06-21 04:00:00,0.08359000086784363,0.08361999690532684,0.08343999832868576,0.08358000218868256,450592.0
2026-06-21 04:30:00,0.08355999737977982,0.08370000123977661,0.08319000154733658,0.08323000371456146,308896.0
2026-06-21 05:00:00,0.08323000371456146,0.08331000059843063,0.0831499993801117,0.08330000191926956,188288.0
2026-06-21 05:30:00,0.0833199992775917,0.0833199992775917,0.08303999900817871,0.08314000070095062,2535424.0
2026-06-21 06:00:00,0.0831499993801117,0.08329000324010849,0.08313000202178955,0.08329000324010849,167424.0
2026-06-21 06:30:00,0.08326999843120575,0.08337999880313873,0.08323000371456146,0.08333999663591385,1017600.0
2026-06-21 07:00:00,0.08333999663591385,0.08336000144481659,0.08323000371456146,0.08330000191926956,0.0
2026-06-21 07:30:00,0.08329000324010849,0.08355999737977982,0.08329000324010849,0.08340000361204147,0.0
2026-06-21 08:00:00,0.08342000097036362,0.0834600031375885,0.08315999805927277,0.08315999805927277,579008.0
2026-06-21 08:30:00,0.08316999673843384,0.08319000154733658,0.0828699991106987,0.08304999768733978,1540000.0
2026-06-21 09:00:00,0.08305999636650085,0.08309999853372574,0.08292999863624573,0.08302000164985657,775616.0
2026-06-21 09:30:00,0.08303000032901764,0.08327999711036682,0.08303000032901764,0.08326999843120575,678752.0
2026-06-21 10:00:00,0.08325999975204468,0.08344999700784683,0.08320999890565872,0.08335000276565552,2851296.0
2026-06-21 10:30:00,0.08337000012397766,0.08337000012397766,0.08316999673843384,0.08319000154733658,608160.0
2026-06-21 11:00:00,0.08310999721288681,0.08324000239372253,0.08269999921321869,0.08308999985456467,5828576.0
2026-06-21 11:30:00,0.08308999985456467,0.08309999853372574,0.08291000127792358,0.0829399973154068,387424.0
2026-06-21 12:00:00,0.08296000212430954,0.08309999853372574,0.0828699991106987,0.08299999684095383,1099936.0
2026-06-21 12:30:00,0.08297000080347061,0.08330000191926956,0.08291999995708466,0.0832500010728836,1427168.0
2026-06-21 13:00:00,0.08324000239372253,0.08331000059843063,0.08313000202178955,0.08324000239372253,816800.0
2026-06-21 13:30:00,0.08327999711036682,0.08336000144481659,0.08307000249624252,0.08336000144481659,1062208.0
2026-06-21 14:00:00,0.08337000012397766,0.08343999832868576,0.0831800028681755,0.08326999843120575,320384.0
2026-06-21 14:30:00,0.08325999975204468,0.08343999832868576,0.0832500010728836,0.08335000276565552,759584.0
2026-06-21 15:00:00,0.08336000144481659,0.08352000266313553,0.08335000276565552,0.08343999832868576,0.0
2026-06-21 15:30:00,0.08343999832868576,0.0834600031375885,0.0833199992775917,0.08333999663591385,0.0
2026-06-21 16:00:00,0.08333999663591385,0.08337999880313873,0.08320999890565872,0.08332999795675278,3050528.0
2026-06-21 16:30:00,0.0833199992775917,0.08348999917507172,0.08307000249624252,0.08348000049591064,3471840.0
2026-06-21 17:00:00,0.08354000002145767,0.08365999907255173,0.08332999795675278,0.08335000276565552,5006816.0
2026-06-21 17:30:00,0.08332999795675278,0.08333999663591385,0.0831499993801117,0.08330000191926956,1089664.0
2026-06-21 18:00:00,0.08330000191926956,0.0833199992775917,0.08307000249624252,0.08330000191926956,648544.0
2026-06-21 18:30:00,0.08331000059843063,0.0835300013422966,0.0832500010728836,0.08340000361204147,866112.0
2026-06-21 19:00:00,0.08337000012397766,0.08352000266313553,0.08336000144481659,0.08348000049591064,584096.0
2026-06-21 19:30:00,0.08348999917507172,0.08354999870061874,0.08342000097036362,0.08352000266313553,1186240.0
2026-06-21 20:00:00,0.08352000266313553,0.08354999870061874,0.08329000324010849,0.08333999663591385,734784.0
2026-06-21 20:30:00,0.08332999795675278,0.08337999880313873,0.08298999816179276,0.08305999636650085,2526528.0
2026-06-21 21:00:00,0.08303999900817871,0.08309999853372574,0.08226999640464783,0.08258000016212463,12131936.0
2026-06-21 21:30:00,0.08256000280380249,0.08290000259876251,0.08252999931573868,0.08279000222682953,2924704.0
2026-06-21 22:00:00,0.08262000232934952,0.08299999684095383,0.08262000232934952,0.0828000009059906,3113568.0
2026-06-21 22:30:00,0.08276999741792679,0.08288999646902084,0.08253999799489975,0.08281999826431274,400096.0
2026-06-21 23:00:00,0.08278000354766846,0.08278000354766846,0.0823500007390976,0.08247999846935272,1373472.0
2026-06-21 23:30:00,0.08247999846935272,0.0824899971485138,0.08206000179052353,0.08212999999523163,5372608.0
2026-06-22 00:00:00,0.08216000348329544,0.08268000185489655,0.08216000348329544,0.08262000232934952,6442464.0
2026-06-22 00:30:00,0.08264999836683273,0.08309999853372574,0.08259999752044678,0.08307000249624252,6690688.0
2026-06-22 01:00:00,0.08308999985456467,0.08410999923944473,0.0829399973154068,0.0839499980211258,5652416.0
2026-06-22 01:30:00,0.0839100033044815,0.08397000283002853,0.08348000049591064,0.0835999995470047,12687232.0
2026-06-22 02:00:00,0.08361999690532684,0.08365000039339066,0.08337999880313873,0.08348999917507172,2064608.0
2026-06-22 02:30:00,0.08348999917507172,0.08367999643087387,0.08319000154733658,0.0832199975848198,1740864.0
2026-06-22 03:00:00,0.08315999805927277,0.0833199992775917,0.08287999778985977,0.08319000154733658,1742752.0
2026-06-22 03:30:00,0.08320999890565872,0.08341000229120255,0.0827300027012825,0.08280999958515167,1924704.0
2026-06-22 04:00:00,0.08282999694347382,0.08305999636650085,0.08268000185489655,0.0830100029706955,3239872.0
2026-06-22 04:30:00,0.08302000164985657,0.08313000202178955,0.08286000043153763,0.08313000202178955,468672.0
2026-06-22 05:00:00,0.08313000202178955,0.08336000144481659,0.08309999853372574,0.08326999843120575,1098784.0
2026-06-22 05:30:00,0.0832500010728836,0.08337000012397766,0.0831800028681755,0.0832199975848198,265248.0
2026-06-22 06:00:00,0.08323000371456146,0.08341000229120255,0.08312000334262848,0.08324000239372253,997088.0
2026-06-22 06:30:00,0.08320999890565872,0.08326999843120575,0.08302000164985657,0.08310999721288681,718336.0
2026-06-22 07:00:00,0.08307000249624252,0.08354000002145767,0.08307000249624252,0.08349999785423279,2264480.0
2026-06-22 07:30:00,0.08350999653339386,0.0835999995470047,0.08336000144481659,0.08340000361204147,3103872.0
2026-06-22 08:00:00,0.08342999964952469,0.08367999643087387,0.0832500010728836,0.08355999737977982,3813504.0
2026-06-22 08:30:00,0.08352000266313553,0.08360999822616577,0.08333999663591385,0.08349999785423279,590976.0
2026-06-22 09:00:00,0.08348999917507172,0.08361999690532684,0.0834600031375885,0.08354000002145767,276384.0
2026-06-22 09:30:00,0.08354000002145767,0.08369000256061554,0.08350999653339386,0.08361999690532684,134656.0
2026-06-22 10:00:00,0.08361999690532684,0.0838799998164177,0.08360999822616577,0.08367999643087387,0.0
2026-06-22 10:30:00,0.08367999643087387,0.08369000256061554,0.08342999964952469,0.08358000218868256,172672.0
2026-06-22 11:00:00,0.0835999995470047,0.0840499997138977,0.08358000218868256,0.08393000066280365,2289472.0
2026-06-22 11:30:00,0.08393000066280365,0.08434999734163284,0.08393000066280365,0.08416000008583069,12202496.0
2026-06-22 12:00:00,0.0841900035738945,0.08448000252246857,0.08410999923944473,0.08438000082969666,6920288.0
2026-06-22 12:30:00,0.08434999734163284,0.08456999808549881,0.08417999744415283,0.08449999988079071,9976128.0
2026-06-22 13:00:00,0.0845400020480156,0.08455999940633774,0.08431000262498856,0.0843299999833107,3829536.0
2026-06-22 13:30:00,0.08434999734163284,0.08495999872684479,0.08427000045776367,0.0849199965596199,8281632.0
2026-06-22 14:00:00,0.08494000136852264,0.08495999872684479,0.08393000066280365,0.08393999934196472,8363392.0
2026-06-22 14:30:00,0.08393999934196472,0.08399999886751175,0.08361999690532684,0.08386000245809555,12502528.0
2026-06-22 15:00:00,0.08386000245809555,0.08404000103473663,0.0836699977517128,0.0838799998164177,2558880.0
2026-06-22 15:30:00,0.0839100033044815,0.08399999886751175,0.08343999832868576,0.08354000002145767,9371008.0
2026-06-22 16:00:00,0.08358000218868256,0.08358000218868256,0.08324000239372253,0.08335000276565552,2641920.0
2026-06-22 16:30:00,0.08336000144481659,0.08337000012397766,0.08302000164985657,0.08329000324010849,3963328.0
2026-06-22 17:00:00,0.08327999711036682,0.08332999795675278,0.08299999684095383,0.0830100029706955,1232320.0
2026-06-22 17:30:00,0.08297000080347061,0.08327999711036682,0.0828699991106987,0.08320999890565872,2096544.0
2026-06-22 18:00:00,0.08320999890565872,0.0833899974822998,0.08307000249624252,0.08308999985456467,764256.0
2026-06-22 18:30:00,0.0830800011754036,0.0831499993801117,0.08269999921321869,0.0828000009059906,5477888.0
2026-06-22 19:00:00,0.08280999958515167,0.08284000307321548,0.08256000280380249,0.08268000185489655,4972032.0
2026-06-22 19:30:00,0.08268000185489655,0.08276999741792679,0.08240000158548355,0.08271999657154083,6500512.0
2026-06-22 20:00:00,0.0826599970459938,0.08290000259876251,0.08257000148296356,0.08268000185489655,2750720.0
2026-06-22 20:30:00,0.08269000053405762,0.08291999995708466,0.0826599970459938,0.08274000138044357,827968.0
2026-06-22 21:00:00,0.08275999873876572,0.08276999741792679,0.08251000195741653,0.08252999931573868,2151840.0
2026-06-22 21:30:00,0.08252999931573868,0.0826599970459938,0.08231999725103378,0.08259999752044678,1720608.0
2026-06-22 22:00:00,0.08263000100851059,0.08276999741792679,0.08199000358581543,0.08199000358581543,309984.0
2026-06-22 22:30:00,0.0820000022649765,0.0822099968791008,0.08184000104665756,0.0821399986743927,18948192.0
2026-06-22 23:00:00,0.08211000263690948,0.08240000158548355,0.08206000179052353,0.08236999809741974,3909120.0
2026-06-22 23:30:00,0.08233000338077545,0.0824500024318695,0.08222000300884247,0.08237999677658081,1071232.0
2026-06-23 00:00:00,0.0823500007390976,0.08240000158548355,0.08190000057220459,0.08196000009775162,1278656.0
2026-06-23 00:30:00,0.08197999745607376,0.08250000327825546,0.08197999745607376,0.08250000327825546,1483616.0
2026-06-23 01:00:00,0.0824899971485138,0.08262000232934952,0.08236999809741974,0.08246999979019165,130848.0
2026-06-23 01:30:00,0.08247999846935272,0.08256000280380249,0.08132000267505646,0.08182000368833542,22111136.0
2026-06-23 02:00:00,0.0817900002002716,0.0820700004696846,0.08164999634027481,0.08199000358581543,6227104.0
2026-06-23 02:30:00,0.08196999877691269,0.0822800025343895,0.08194000273942947,0.08218999952077866,979232.0
2026-06-23 03:00:00,0.0822099968791008,0.0822099968791008,0.0817599967122078,0.08205000311136246,1205920.0
2026-06-23 03:30:00,0.08201000094413757,0.08212999999523163,0.0818599984049797,0.08212000131607056,2324992.0
2026-06-23 04:00:00,0.08212000131607056,0.08214999735355377,0.08189000189304352,0.08212000131607056,1610688.0
2026-06-23 04:30:00,0.08212000131607056,0.08212000131607056,0.08158999681472778,0.08158999681472778,3902208.0
2026-06-23 05:00:00,0.08161000162363052,0.08172000199556351,0.08133000135421753,0.08145000040531158,4700256.0
2026-06-23 05:30:00,0.08143000304698944,0.08163999766111374,0.08128999918699265,0.08160000294446945,6456320.0
2026-06-23 06:00:00,0.08160000294446945,0.08160000294446945,0.07970999926328659,0.08010999858379364,50610240.0
2026-06-23 06:30:00,0.08000999689102173,0.08038999885320663,0.07987000048160553,0.08016999810934067,23976704.0
2026-06-23 07:00:00,0.08013000339269638,0.08034999668598175,0.08011999726295471,0.08026999980211258,2450560.0
2026-06-23 07:30:00,0.08025000244379044,0.08030000329017639,0.0798799991607666,0.0798799991607666,4659520.0
2026-06-23 08:00:00,0.07985000312328339,0.07993999868631363,0.07831999659538269,0.07858999818563461,39528896.0
2026-06-23 08:30:00,0.07853999733924866,0.07920999825000763,0.07853999733924866,0.07904999703168869,30086208.0
2026-06-23 09:00:00,0.07903999835252762,0.07919999957084656,0.07902000099420547,0.07912000268697739,5030336.0
2026-06-23 09:30:00,0.07913000136613846,0.07914000004529953,0.07890000194311142,0.07890000194311142,10193792.0
2026-06-23 10:00:00,0.07892999798059464,0.07927999645471573,0.07892999798059464,0.07907000184059143,6100480.0
2026-06-23 10:30:00,0.07907000184059143,0.07908999919891357,0.07887999713420868,0.07902000099420547,3406272.0
2026-06-23 11:00:00,0.07902000099420547,0.07943999767303467,0.07900000363588333,0.07930000126361847,4503936.0
2026-06-23 11:30:00,0.07930999994277954,0.07952000200748444,0.07930999994277954,0.07947999984025955,302272.0
2026-06-23 12:00:00,0.07946000248193741,0.07955999672412872,0.07925999909639359,0.07940000295639038,0.0
2026-06-23 12:30:00,0.07947000116109848,0.07952000200748444,0.07925000041723251,0.07935000211000443,1803840.0
2026-06-23 13:00:00,0.0793600007891655,0.07937999814748764,0.07904999703168869,0.07908999919891357,1030208.0
2026-06-23 13:30:00,0.07903999835252762,0.07969000190496445,0.07895000278949738,0.07952000200748444,8848320.0
2026-06-23 14:00:00,0.07955999672412872,0.07972999662160873,0.07924000173807144,0.07938999682664871,4869888.0
2026-06-23 14:30:00,0.07940000295639038,0.07958000153303146,0.07884000241756439,0.07886999845504761,82560.0
2026-06-23 15:00:00,0.07885999977588654,0.0789399966597557,0.07838000357151031,0.07845000177621841,14672768.0
2026-06-23 15:30:00,0.0784899964928627,0.07880000025033951,0.07829000055789948,0.07872000336647034,3501440.0
2026-06-23 16:00:00,0.07873000204563141,0.07925000041723251,0.0786300003528595,0.07890000194311142,9612800.0
2026-06-23 16:30:00,0.07885999977588654,0.07904999703168869,0.07872000336647034,0.07882999628782272,331264.0
2026-06-23 17:00:00,0.07880999892950058,0.0789399966597557,0.07853999733924866,0.07891000062227249,4206656.0
2026-06-23 17:30:00,0.0789399966597557,0.0790100023150444,0.07845000177621841,0.0784899964928627,1001728.0
2026-06-23 18:00:00,0.07851000130176544,0.0787699967622757,0.07842999696731567,0.07867000252008438,1359168.0
2026-06-23 18:30:00,0.07862000167369843,0.07862000167369843,0.07827000319957733,0.07850000262260437,261184.0
2026-06-23 19:00:00,0.07851000130176544,0.07868999987840652,0.07829999923706055,0.07845000177621841,6549952.0
2026-06-23 19:30:00,0.07851000130176544,0.07851999998092651,0.07827000319957733,0.0783500000834465,1503168.0
2026-06-23 20:00:00,0.07838000357151031,0.07873000204563141,0.07838000357151031,0.07858999818563461,2576128.0
2026-06-23 20:30:00,0.07859999686479568,0.07859999686479568,0.07829999923706055,0.07840999960899353,1411456.0
2026-06-23 21:00:00,0.0784199982881546,0.07859999686479568,0.07840999960899353,0.07851999998092651,3570048.0
2026-06-23 21:30:00,0.07855000346899033,0.0786999985575676,0.07853999733924866,0.07867000252008438,1809856.0
2026-06-23 22:00:00,0.07868000119924545,0.07902999967336655,0.07862000167369843,0.07868000119924545,1612736.0
2026-06-23 22:30:00,0.07870999723672867,0.07895000278949738,0.07865999639034271,0.07886999845504761,0.0
2026-06-23 23:00:00,0.07887999713420868,0.07887999713420868,0.07864999771118164,0.07878000289201736,1105216.0
2026-06-23 23:30:00,0.07878000289201736,0.0790100023150444,0.07867000252008438,0.07878000289201736,787456.0
2026-06-24 00:00:00,0.07880000025033951,0.0790800005197525,0.07875999808311462,0.07902999967336655,448512.0
2026-06-24 00:30:00,0.07907000184059143,0.07917000353336334,0.07891999930143356,0.07902999967336655,318528.0
2026-06-24 01:00:00,0.07904999703168869,0.07910999655723572,0.07885000109672546,0.0790800005197525,497280.0
2026-06-24 01:30:00,0.07910999655723572,0.07965999841690063,0.07910999655723572,0.07947999984025955,4661632.0
2026-06-24 02:00:00,0.07952000200748444,0.07955999672412872,0.07897000014781952,0.07912000268697739,582272.0
2026-06-24 02:30:00,0.07913000136613846,0.07926999777555466,0.0790100023150444,0.07902000099420547,2846208.0
2026-06-24 03:00:00,0.07907000184059143,0.07908999919891357,0.07870999723672867,0.0790100023150444,2464896.0
2026-06-24 03:30:00,0.07896000146865845,0.07924000173807144,0.07896000146865845,0.0790100023150444,32414208.0
2026-06-24 04:00:00,0.07902999967336655,0.07907000184059143,0.07840999960899353,0.07857999950647354,121920.0
2026-06-24 04:30:00,0.07862000167369843,0.07912000268697739,0.07858999818563461,0.0790800005197525,2995904.0
2026-06-24 05:00:00,0.07908999919891357,0.07923000305891037,0.07900000363588333,0.07923000305891037,0.0
2026-06-24 05:30:00,0.07923000305891037,0.0793600007891655,0.07906000316143036,0.07909999787807465,261632.0
2026-06-24 06:00:00,0.07910999655723572,0.0791499987244606,0.07891000062227249,0.07896000146865845,0.0
2026-06-24 06:30:00,0.07895000278949738,0.07902000099420547,0.07887999713420868,0.07891999930143356,0.0
2026-06-24 07:00:00,0.07891999930143356,0.07895000278949738,0.07875999808311462,0.07890000194311142,46912.0
2026-06-24 07:30:00,0.07887999713420868,0.0789399966597557,0.07867000252008438,0.07874999940395355,0.0
2026-06-24 08:00:00,0.07879000157117844,0.07897999882698059,0.07874999940395355,0.0789399966597557,894848.0
2026-06-24 08:30:00,0.07895000278949738,0.07910999655723572,0.07891999930143356,0.07907000184059143,0.0
2026-06-24 09:00:00,0.07906000316143036,0.07906000316143036,0.0786300003528595,0.07872000336647034,1388224.0
2026-06-24 09:30:00,0.07872000336647034,0.07887999713420868,0.07862000167369843,0.07887999713420868,0.0
2026-06-24 10:00:00,0.07887999713420868,0.07887999713420868,0.0784199982881546,0.07855000346899033,20790624.0
2026-06-24 10:30:00,0.07857000082731247,0.07868999987840652,0.07847999781370163,0.0784899964928627,581888.0
2026-06-24 11:00:00,0.0784899964928627,0.07853999733924866,0.07795000076293945,0.07817000150680542,7925728.0
2026-06-24 11:30:00,0.07818999886512756,0.07942000031471252,0.07818000018596649,0.07891999930143356,6394944.0
2026-06-24 12:00:00,0.07892999798059464,0.07896000146865845,0.07875999808311462,0.07892999798059464,602464.0
2026-06-24 12:30:00,0.07892999798059464,0.07892999798059464,0.07847999781370163,0.07851000130176544,0.0
2026-06-24 13:00:00,0.07853999733924866,0.07853999733924866,0.0771000012755394,0.07752999663352966,33772256.0
2026-06-24 13:30:00,0.07722000032663345,0.0778999999165535,0.07659000158309937,0.07670000195503235,27496704.0
2026-06-24 14:00:00,0.07666999846696854,0.07693000137805939,0.0763700008392334,0.0767500028014183,32063552.0
2026-06-24 14:30:00,0.07676000148057938,0.0770300030708313,0.07652000337839127,0.07665000110864639,9288640.0
2026-06-24 15:00:00,0.07665000110864639,0.07688000053167343,0.07631000131368637,0.07647000253200531,218048.0
2026-06-24 15:30:00,0.07643000036478043,0.07643000036478043,0.0745600014925003,0.07466000318527222,80321216.0
2026-06-24 16:00:00,0.0746299996972084,0.07553999871015549,0.07462000101804733,0.07543999701738358,21963520.0
2026-06-24 16:30:00,0.07541000097990036,0.07556000351905823,0.07356999814510345,0.07410000264644623,48214784.0
2026-06-24 17:00:00,0.07408999651670456,0.07445000112056732,0.07304999977350235,0.0733800008893013,49936768.0
2026-06-24 17:30:00,0.07333999872207642,0.07360000163316727,0.07274000346660614,0.07294999808073044,34204096.0
2026-06-24 18:00:00,0.07297000288963318,0.0743200033903122,0.07282000035047531,0.07408999651670456,25274752.0
2026-06-24 18:30:00,0.07408999651670456,0.07423000037670135,0.07368999719619751,0.07377000153064728,7956352.0
2026-06-24 19:00:00,0.07383999973535538,0.07407999783754349,0.0735199972987175,0.07384999841451645,2932032.0
2026-06-24 19:30:00,0.07382000237703323,0.0740400031208992,0.07365000247955322,0.07400999963283539,7672704.0
2026-06-24 20:00:00,0.07400999963283539,0.07537999749183655,0.07388000190258026,0.07530999928712845,24593088.0
2026-06-24 20:30:00,0.07530999928712845,0.07569999992847443,0.07525999844074249,0.07545000314712524,11144128.0
2026-06-24 21:00:00,0.07547999918460846,0.0754999965429306,0.07502000033855438,0.0754299983382225,5954304.0
2026-06-24 21:30:00,0.07540000230073929,0.07603999972343445,0.07539000362157822,0.07597000151872635,3105472.0
2026-06-24 22:00:00,0.07601000368595123,0.07635000348091125,0.07580000162124634,0.07582999765872955,15638656.0
2026-06-24 22:30:00,0.0758500024676323,0.07592999935150146,0.0757099986076355,0.07575999945402145,5598592.0
2026-06-24 23:00:00,0.07574000209569931,0.07599999755620956,0.07565999776124954,0.07592999935150146,3776000.0
2026-06-24 23:30:00,0.07590000331401825,0.07608000189065933,0.0758500024676323,0.0760200023651123,3199424.0
2026-06-25 00:00:00,0.07608000189065933,0.07631999999284744,0.07599999755620956,0.07615000009536743,4496384.0
2026-06-25 00:30:00,0.07611999660730362,0.07620999962091446,0.0759200006723404,0.0760200023651123,8086592.0
2026-06-25 01:00:00,0.07603000104427338,0.07624000310897827,0.07597000151872635,0.07605999708175659,8306752.0
2026-06-25 01:30:00,0.07605999708175659,0.07628999650478363,0.07605999708175659,0.07620000094175339,562240.0
2026-06-25 02:00:00,0.07616999745368958,0.07628999650478363,0.0760200023651123,0.07628999650478363,110400.0
2026-06-25 02:30:00,0.07626999914646149,0.07626999914646149,0.07591000199317932,0.07608000189065933,1217856.0
2026-06-25 03:00:00,0.0760900005698204,0.07620000094175339,0.07583999633789062,0.07594999670982361,6803968.0
2026-06-25 03:30:00,0.07594999670982361,0.0760200023651123,0.07582999765872955,0.07593999803066254,97152.0
2026-06-25 04:00:00,0.07596000283956528,0.07598000019788742,0.0757799968123436,0.07583999633789062,1045824.0
2026-06-25 04:30:00,0.07581999897956848,0.07666999846696854,0.07569000124931335,0.07664000242948532,7365248.0
2026-06-25 05:00:00,0.07662999629974365,0.07732000201940536,0.0765800029039383,0.07715000212192535,21761152.0
2026-06-25 05:30:00,0.07712999731302261,0.0772399976849556,0.0770300030708313,0.07717999815940857,5921600.0
2026-06-25 06:00:00,0.0771699994802475,0.07735999673604965,0.07699000090360641,0.07700999826192856,5062272.0
2026-06-25 06:30:00,0.07699000090360641,0.07727999985218048,0.07694999873638153,0.07715000212192535,2118080.0
2026-06-25 07:00:00,0.07718999683856964,0.07722999900579453,0.07698000222444534,0.07711999863386154,2862080.0
2026-06-25 07:30:00,0.07711999863386154,0.0772399976849556,0.07705999910831451,0.0772399976849556,1370176.0
2026-06-25 08:00:00,0.07724999636411667,0.07726000249385834,0.07707999646663666,0.07714000344276428,1001728.0
2026-06-25 08:30:00,0.07711999863386154,0.07714000344276428,0.07692000269889832,0.07692000269889832,3252672.0
2026-06-25 09:00:00,0.0769599974155426,0.07706999778747559,0.07681000232696533,0.07683999836444855,75072.0
2026-06-25 09:30:00,0.07683999836444855,0.0768899992108345,0.07673999667167664,0.07687000185251236,675456.0
2026-06-25 10:00:00,0.07686000317335129,0.07688000053167343,0.07644999772310257,0.07647000253200531,79424.0
2026-06-25 10:30:00,0.07647000253200531,0.07647000253200531,0.07605999708175659,0.07610999792814255,9018112.0
2026-06-25 11:00:00,0.07609999924898148,0.07621999830007553,0.07575000077486038,0.07576999813318253,0.0
2026-06-25 11:30:00,0.07575000077486038,0.0759200006723404,0.07564999908208847,0.07582999765872955,0.0
2026-06-25 12:00:00,0.07586999982595444,0.07593999803066254,0.07525999844074249,0.07535000145435333,2914432.0
2026-06-25 12:30:00,0.07534000277519226,0.0762299969792366,0.07534000277519226,0.07592999935150146,18096896.0
2026-06-25 13:00:00,0.07593999803066254,0.07610999792814255,0.07581999897956848,0.07604999840259552,0.0
2026-06-25 13:30:00,0.07603999972343445,0.07625000178813934,0.07135000079870224,0.07161000370979309,32772672.0
2026-06-25 14:00:00,0.07195000350475311,0.07383999973535538,0.07195000350475311,0.07316000014543533,54197184.0
2026-06-25 14:30:00,0.07321000099182129,0.07438000291585922,0.07288999855518341,0.07305999845266342,24991296.0
2026-06-25 15:00:00,0.07304999977350235,0.07305999845266342,0.07208000123500824,0.07270000129938126,16244480.0
2026-06-25 15:30:00,0.07272999733686447,0.07338999956846237,0.07259999960660934,0.0733100026845932,189440.0
2026-06-25 16:00:00,0.07332000136375427,0.07406000047922134,0.07329999655485153,0.07377000153064728,2346368.0
2026-06-25 16:30:00,0.07361999899148941,0.07365000247955322,0.07301999628543854,0.0733100026845932,0.0
2026-06-25 17:00:00,0.07334999740123749,0.0751900002360344,0.07328999787569046,0.07502000033855438,619136.0
2026-06-25 17:30:00,0.07501000165939331,0.07508999854326248,0.07435999810695648,0.07481999695301056,0.0
2026-06-25 18:00:00,0.07485999912023544,0.07485999912023544,0.07381000369787216,0.07402999699115753,0.0
2026-06-25 18:30:00,0.07402999699115753,0.07402999699115753,0.07337000221014023,0.07345999777317047,155072.0
2026-06-25 19:00:00,0.07350999861955643,0.07355000078678131,0.07287000119686127,0.07304000109434128,3684032.0
2026-06-25 19:30:00,0.0730300024151802,0.0732399970293045,0.07293999940156937,0.07322999835014343,413760.0
2026-06-25 20:00:00,0.07336000353097916,0.07390999794006348,0.07333000004291534,0.07383999973535538,0.0
2026-06-25 20:30:00,0.07383999973535538,0.07383999973535538,0.07333999872207642,0.07349000126123428,0.0
2026-06-25 21:00:00,0.07349000126123428,0.07423000037670135,0.07348000258207321,0.0741799995303154,0.0
2026-06-25 21:30:00,0.07418999820947647,0.07479000091552734,0.07418999820947647,0.07475999742746353,4277056.0
2026-06-25 22:00:00,0.07475999742746353,0.07487999647855759,0.07453999668359756,0.07457999885082245,193792.0
2026-06-25 22:30:00,0.07460000365972519,0.07468999922275543,0.07441999763250351,0.07457999885082245,0.0
2026-06-25 23:00:00,0.07460000365972519,0.0750499963760376,0.07451000064611435,0.07498999685049057,994880.0
2026-06-25 23:30:00,0.07500000298023224,0.07518000155687332,0.07474000006914139,0.07479000091552734,1339136.0
2026-06-26 00:00:00,0.07481999695301056,0.07500000298023224,0.07474000006914139,0.07486999779939651,679040.0
2026-06-26 00:30:00,0.07487999647855759,0.0749099999666214,0.07452999800443649,0.07458999752998352,0.0
2026-06-26 01:00:00,0.07457999885082245,0.07468000054359436,0.0738300010561943,0.0738300010561943,521984.0
2026-06-26 01:30:00,0.07384999841451645,0.0740400031208992,0.0737299993634224,0.07393000274896622,5612032.0
2026-06-26 02:00:00,0.07394000142812729,0.07395999878644943,0.07238999754190445,0.07312999665737152,22758464.0
2026-06-26 02:30:00,0.07309000194072723,0.07327000051736832,0.07248999923467636,0.07259000092744827,11983168.0
2026-06-26 03:00:00,0.07259000092744827,0.07354000210762024,0.07210999727249146,0.07337000221014023,22242624.0
2026-06-26 03:30:00,0.07333000004291534,0.07468000054359436,0.0731000006198883,0.07455000281333923,22352448.0
2026-06-26 04:00:00,0.07457000017166138,0.07468999922275543,0.07415000349283218,0.0742499977350235,11905536.0
2026-06-26 04:30:00,0.07425999641418457,0.0743200033903122,0.07405000180006027,0.07415000349283218,929536.0
2026-06-26 05:00:00,0.07417000085115433,0.07429999858140945,0.07383999973535538,0.07421000301837921,0.0
2026-06-26 05:30:00,0.07421000301837921,0.07440000027418137,0.07407999783754349,0.07430999726057053,0.0
2026-06-26 06:00:00,0.0742499977350235,0.07463999837636948,0.07385999709367752,0.07455000281333923,5832192.0
2026-06-26 06:30:00,0.07457000017166138,0.07511000335216522,0.07436999678611755,0.0746299996972084,53395072.0
2026-06-26 07:00:00,0.0746299996972084,0.07506000250577927,0.0745600014925003,0.07496000081300735,10093184.0
2026-06-26 07:30:00,0.07495000213384628,0.07517000287771225,0.07458999752998352,0.07498999685049057,13529792.0
2026-06-26 08:00:00,0.07503999769687653,0.07503999769687653,0.07441999763250351,0.07446999847888947,5999168.0
2026-06-26 08:30:00,0.07444000244140625,0.07447999715805054,0.0741799995303154,0.07429999858140945,5287040.0
2026-06-26 09:00:00,0.07433000206947327,0.07435999810695648,0.07413999736309052,0.07428999990224838,6729984.0
2026-06-26 09:30:00,0.07425999641418457,0.07444000244140625,0.07378999888896942,0.07390999794006348,3598912.0
2026-06-26 10:00:00,0.07393000274896622,0.07402999699115753,0.0737999975681305,0.07384999841451645,2365632.0
2026-06-26 10:30:00,0.07384999841451645,0.07394000142812729,0.07350999861955643,0.07361000031232834,250304.0
2026-06-26 11:00:00,0.07361999899148941,0.07390999794006348,0.07340999692678452,0.07346999645233154,0.0
2026-06-26 11:30:00,0.07345999777317047,0.07368999719619751,0.07321000099182129,0.0733800008893013,1226432.0
2026-06-26 12:00:00,0.0733800008893013,0.07378000020980835,0.07328999787569046,0.07377000153064728,1573248.0
2026-06-26 12:30:00,0.0737600028514862,0.07408999651670456,0.07291000336408615,0.07325000315904617,7218368.0
2026-06-26 13:00:00,0.07325000315904617,0.07368999719619751,0.07281000167131424,0.07319000363349915,7571648.0
2026-06-26 13:30:00,0.0732399970293045,0.07460000365972519,0.0731699988245964,0.07457000017166138,974912.0
2026-06-26 14:00:00,0.07458999752998352,0.0747700035572052,0.07405000180006027,0.07450000196695328,0.0
2026-06-26 14:30:00,0.07444000244140625,0.07451999932527542,0.07374999672174454,0.07387000322341919,0.0
2026-06-26 15:00:00,0.07389000058174133,0.07468999922275543,0.07374999672174454,0.07451000064611435,0.0
2026-06-26 15:30:00,0.07453999668359756,0.07523000240325928,0.07444000244140625,0.07490000128746033,11653056.0
2026-06-26 16:00:00,0.07490000128746033,0.07546000182628632,0.07451000064611435,0.07481999695301056,3307392.0
2026-06-26 16:30:00,0.07487999647855759,0.07551000267267227,0.07487999647855759,0.0751900002360344,3854144.0
2026-06-26 17:00:00,0.07517000287771225,0.07558999955654144,0.07509999722242355,0.0754999965429306,0.0
2026-06-26 17:30:00,0.07553000003099442,0.07560999691486359,0.07520999759435654,0.07547999918460846,990464.0
2026-06-26 18:00:00,0.07546000182628632,0.07569999992847443,0.07502999901771545,0.07513000071048737,0.0
2026-06-26 18:30:00,0.07515999674797058,0.07528000324964523,0.07496999949216843,0.07507000118494034,0.0
2026-06-26 19:00:00,0.07506000250577927,0.07598999887704849,0.07494000345468521,0.07579000294208527,1815936.0
2026-06-26 19:30:00,0.07586999982595444,0.07598000019788742,0.07560999691486359,0.07573000341653824,3234624.0
2026-06-26 20:00:00,0.0754999965429306,0.07599999755620956,0.0754999965429306,0.07575000077486038,8021632.0
2026-06-26 20:30:00,0.07574000209569931,0.07574000209569931,0.07523000240325928,0.07537999749183655,3599104.0
2026-06-26 21:00:00,0.07537999749183655,0.07547999918460846,0.07513000071048737,0.07547999918460846,1007360.0
2026-06-26 21:30:00,0.07543999701738358,0.0757799968123436,0.07534000277519226,0.07534000277519226,106880.0
2026-06-26 22:00:00,0.07530999928712845,0.0754299983382225,0.07507999986410141,0.07536999881267548,0.0
2026-06-26 22:30:00,0.07534000277519226,0.07562000304460526,0.0752900019288063,0.07558000087738037,1224064.0
2026-06-26 23:00:00,0.07559999823570251,0.07569999992847443,0.07548999786376953,0.07553000003099442,1140416.0
2026-06-26 23:30:00,0.07552000135183334,0.07581999897956848,0.07552000135183334,0.07568000257015228,275904.0
2026-06-27 00:00:00,0.07568000257015228,0.07591000199317932,0.07558999955654144,0.07558999955654144,1346240.0
2026-06-27 00:30:00,0.07558000087738037,0.07558000087738037,0.07500000298023224,0.07531999796628952,7027648.0
2026-06-27 01:00:00,0.07531999796628952,0.07532999664545059,0.07514999806880951,0.07530000060796738,0.0
2026-06-27 01:30:00,0.07528000324964523,0.07537999749183655,0.0752200037240982,0.07530000060796738,0.0
2026-06-27 02:00:00,0.07530000060796738,0.0759200006723404,0.0752900019288063,0.07579000294208527,0.0
2026-06-27 02:30:00,0.07575000077486038,0.07594999670982361,0.07566999644041061,0.07581999897956848,0.0
2026-06-27 03:00:00,0.07575999945402145,0.07583999633789062,0.07547999918460846,0.07571999728679657,0.0
2026-06-27 03:30:00,0.07569999992847443,0.07573000341653824,0.07551000267267227,0.07554999738931656,0.0
2026-06-27 04:00:00,0.07554999738931656,0.07586000114679337,0.07554999738931656,0.07571999728679657,0.0
2026-06-27 04:30:00,0.07569000124931335,0.07574000209569931,0.07546000182628632,0.0754999965429306,1248000.0
2026-06-27 05:00:00,0.07552000135183334,0.07552000135183334,0.07530999928712845,0.07530999928712845,112448.0
2026-06-27 05:30:00,0.07531999796628952,0.07565999776124954,0.0752900019288063,0.07563000172376633,884800.0
2026-06-27 06:00:00,0.07560999691486359,0.07560999691486359,0.0753600001335144,0.07554999738931656,0.0
2026-06-27 06:30:00,0.07554999738931656,0.07573000341653824,0.07553999871015549,0.07558999955654144,0.0
2026-06-27 07:00:00,0.07558999955654144,0.0757099986076355,0.07547999918460846,0.07564999908208847,0.0
2026-06-27 07:30:00,0.07562000304460526,0.07575000077486038,0.07559999823570251,0.0757099986076355,0.0
2026-06-27 08:00:00,0.07569000124931335,0.07569000124931335,0.0754999965429306,0.07551000267267227,0.0
2026-06-27 08:30:00,0.07552000135183334,0.07553999871015549,0.07530000060796738,0.07547000050544739,64832.0
2026-06-27 09:00:00,0.07543999701738358,0.07552000135183334,0.07518000155687332,0.07525999844074249,1453056.0
2026-06-27 09:30:00,0.07525999844074249,0.07530000060796738,0.07518000155687332,0.07530000060796738,771264.0
2026-06-27 10:00:00,0.07530000060796738,0.07532999664545059,0.07520999759435654,0.07524999976158142,0.0
2026-06-27 10:30:00,0.07524999976158142,0.07534000277519226,0.07513999938964844,0.07524000108242035,1546880.0
2026-06-27 11:00:00,0.07523000240325928,0.07525999844074249,0.07486999779939651,0.07494000345468521,85440.0
2026-06-27 11:30:00,0.07494000345468521,0.0752200037240982,0.07492999732494354,0.07520999759435654,3480000.0
2026-06-27 12:00:00,0.07519999891519547,0.0753600001335144,0.07513000071048737,0.07530000060796738,0.0
2026-06-27 12:30:00,0.07530000060796738,0.07551000267267227,0.07526999711990356,0.07546000182628632,0.0
2026-06-27 13:00:00,0.07545000314712524,0.07565999776124954,0.0753600001335144,0.07559999823570251,0.0
2026-06-27 13:30:00,0.07553999871015549,0.07581999897956848,0.07553999871015549,0.07569999992847443,0.0
2026-06-27 14:00:00,0.07569999992847443,0.07591000199317932,0.07559999823570251,0.0757799968123436,687936.0
2026-06-27 14:30:00,0.07579000294208527,0.07592999935150146,0.07568000257015228,0.07581999897956848,0.0
2026-06-27 15:00:00,0.0758500024676323,0.0763000026345253,0.07576999813318253,0.07611999660730362,4744320.0
2026-06-27 15:30:00,0.07611999660730362,0.07631000131368637,0.0760200023651123,0.07610999792814255,0.0
2026-06-27 16:00:00,0.07611999660730362,0.07621999830007553,0.07582999765872955,0.07598999887704849,0.0
2026-06-27 16:30:00,0.07594999670982361,0.0762299969792366,0.07594999670982361,0.07611999660730362,0.0
2026-06-27 17:00:00,0.0760900005698204,0.07613000273704529,0.07552000135183334,0.07569000124931335,2110496.0
2026-06-27 17:30:00,0.07569999992847443,0.0758500024676323,0.07553999871015549,0.07553999871015549,558976.0
2026-06-27 18:00:00,0.07554999738931656,0.0755700021982193,0.0751200020313263,0.07524000108242035,2482208.0
2026-06-27 18:30:00,0.07523000240325928,0.07534000277519226,0.07518000155687332,0.07519999891519547,1293536.0
2026-06-27 19:00:00,0.07519999891519547,0.07532999664545059,0.07472000271081924,0.0748400017619133,0.0
2026-06-27 19:30:00,0.07474000006914139,0.07474000006914139,0.07441999763250351,0.07463999837636948,3489856.0
2026-06-27 20:00:00,0.07464999705553055,0.07481999695301056,0.07464999705553055,0.07478000223636627,0.0
2026-06-27 20:30:00,0.07475999742746353,0.07479999959468842,0.07457999885082245,0.07464999705553055,0.0
2026-06-27 21:00:00,0.07468000054359436,0.07487999647855759,0.0746299996972084,0.07485999912023544,1695744.0
2026-06-27 21:30:00,0.07485999912023544,0.07485999912023544,0.07430999726057053,0.07447999715805054,4525056.0
2026-06-27 22:00:00,0.07442999631166458,0.0744900032877922,0.07399000227451324,0.07446999847888947,4838016.0
2026-06-27 22:30:00,0.07446999847888947,0.07474000006914139,0.07444000244140625,0.07472000271081924,1448256.0
2026-06-27 23:00:00,0.07474000006914139,0.07474999874830246,0.07429999858140945,0.07435999810695648,685024.0
2026-06-27 23:30:00,0.07436999678611755,0.07450000196695328,0.07434000074863434,0.07440000027418137,607296.0
2026-06-28 00:00:00,0.07435999810695648,0.07458999752998352,0.07434999942779541,0.07458999752998352,0.0
2026-06-28 00:30:00,0.07455000281333923,0.07457999885082245,0.07445000112056732,0.0744900032877922,0.0
2026-06-28 01:00:00,0.0744599997997284,0.0744900032877922,0.07427000254392624,0.07444000244140625,722016.0
2026-06-28 01:30:00,0.07440999895334244,0.07455000281333923,0.07436999678611755,0.07436999678611755,4509504.0
2026-06-28 02:00:00,0.07440000027418137,0.07451999932527542,0.07410000264644623,0.07412999868392944,20530048.0
2026-06-28 02:30:00,0.07412999868392944,0.07416000217199326,0.07398000359535217,0.07406000047922134,4847616.0
2026-06-28 03:00:00,0.07406999915838242,0.07434999942779541,0.07406999915838242,0.0742499977350235,1295072.0
2026-06-28 03:30:00,0.07425999641418457,0.07425999641418457,0.07401999831199646,0.0741799995303154,476736.0
2026-06-28 04:00:00,0.0741799995303154,0.07418999820947647,0.07400000095367432,0.07410000264644623,282048.0
2026-06-28 04:30:00,0.07408999651670456,0.0741100013256073,0.07388000190258026,0.07390999794006348,2366464.0
2026-06-28 05:00:00,0.07390999794006348,0.07393000274896622,0.07339999824762344,0.07353000342845917,3295968.0
2026-06-28 05:30:00,0.07350999861955643,0.0737999975681305,0.07344000041484833,0.07377000153064728,3725248.0
2026-06-28 06:00:00,0.07378000020980835,0.07378999888896942,0.07312999665737152,0.07333999872207642,6110976.0
2026-06-28 06:30:00,0.0733800008893013,0.07346999645233154,0.07332000136375427,0.07337000221014023,284096.0
2026-06-28 07:00:00,0.07337000221014023,0.07362999767065048,0.07337000221014023,0.07337000221014023,2137760.0
2026-06-28 07:30:00,0.07337000221014023,0.07366999983787537,0.07333999872207642,0.07366999983787537,1990528.0
2026-06-28 08:00:00,0.07365000247955322,0.0737600028514862,0.07355999946594238,0.07355999946594238,326464.0
2026-06-28 08:30:00,0.07357999682426453,0.07417000085115433,0.07356999814510345,0.07399000227451324,5838816.0
2026-06-28 09:00:00,0.07399000227451324,0.07416000217199326,0.07387000322341919,0.07395999878644943,1391200.0
2026-06-28 09:30:00,0.07395999878644943,0.07400999963283539,0.07342000305652618,0.07346999645233154,3926368.0
2026-06-28 10:00:00,0.07348000258207321,0.07363999634981155,0.07320000231266022,0.07325000315904617,4957536.0
2026-06-28 10:30:00,0.0732399970293045,0.07340999692678452,0.07320000231266022,0.07337000221014023,894432.0
2026-06-28 11:00:00,0.07338999956846237,0.0735900029540062,0.07325000315904617,0.07350999861955643,1675584.0
2026-06-28 11:30:00,0.07349999994039536,0.07378000020980835,0.0733800008893013,0.07373999804258347,0.0
2026-06-28 12:00:00,0.07371000200510025,0.07372000068426132,0.07334999740123749,0.07372000068426132,619776.0
2026-06-28 12:30:00,0.07370000332593918,0.07388000190258026,0.07350999861955643,0.07367999851703644,2085056.0
2026-06-28 13:00:00,0.07366999983787537,0.07368999719619751,0.07329999655485153,0.07349999994039536,309856.0
2026-06-28 13:30:00,0.07349999994039536,0.07361000031232834,0.07338999956846237,0.07342000305652618,868160.0
2026-06-28 14:00:00,0.07344000041484833,0.0738999992609024,0.07342000305652618,0.07370000332593918,157056.0
2026-06-28 14:30:00,0.07366999983787537,0.07378000020980835,0.07354000210762024,0.07355999946594238,839488.0
2026-06-28 15:00:00,0.07355999946594238,0.07377000153064728,0.07337000221014023,0.07366999983787537,1721984.0
2026-06-28 15:30:00,0.07365000247955322,0.07374999672174454,0.07328999787569046,0.07346999645233154,2703520.0
2026-06-28 16:00:00,0.07349999994039536,0.0735199972987175,0.07310999929904938,0.07320000231266022,973312.0
2026-06-28 16:30:00,0.07321999967098236,0.0732399970293045,0.07288999855518341,0.07308000326156616,10298912.0
2026-06-28 17:00:00,0.07308000326156616,0.0733100026845932,0.07280000299215317,0.07280000299215317,1494720.0
2026-06-28 17:30:00,0.07277999818325043,0.07310999929904938,0.07264000177383423,0.0731000006198883,3538816.0
2026-06-28 18:00:00,0.07308000326156616,0.07320000231266022,0.07294999808073044,0.07295999675989151,0.0
2026-06-28 18:30:00,0.07297000288963318,0.0731699988245964,0.07287000119686127,0.07316000014543533,43808.0
2026-06-28 19:00:00,0.07315000146627426,0.07316000014543533,0.07292000204324722,0.0730699971318245,278784.0
2026-06-28 19:30:00,0.07309000194072723,0.07325000315904617,0.07252000272274017,0.07283999770879745,2500256.0
2026-06-28 20:00:00,0.07281000167131424,0.07333000004291534,0.07277999818325043,0.07321999967098236,1690080.0
2026-06-28 20:30:00,0.07322999835014343,0.07322999835014343,0.07309000194072723,0.07315000146627426,55648.0
2026-06-28 21:00:00,0.07315000146627426,0.07315000146627426,0.07294999808073044,0.0729999989271164,74656.0
2026-06-28 21:30:00,0.0729999989271164,0.07305999845266342,0.07241000235080719,0.07264000177383423,563040.0
2026-06-28 22:00:00,0.07266999781131744,0.07356999814510345,0.07266999781131744,0.07287999987602234,5325344.0
2026-06-28 22:30:00,0.07298000156879425,0.07300999760627747,0.07212000340223312,0.07238999754190445,7102016.0
2026-06-28 23:00:00,0.0723000019788742,0.07294999808073044,0.0722699984908104,0.07287999987602234,4214688.0
2026-06-28 23:30:00,0.0728600025177002,0.07327999919652939,0.0728600025177002,0.07304999977350235,4133856.0
2026-06-29 00:00:00,0.07305999845266342,0.07311999797821045,0.07242000102996826,0.07242000102996826,3509376.0
2026-06-29 00:30:00,0.07242999970912933,0.07325000315904617,0.07208000123500824,0.07321999967098236,11895968.0
2026-06-29 01:00:00,0.07321000099182129,0.07321000099182129,0.07247000187635422,0.07252000272274017,4392544.0
2026-06-29 01:30:00,0.07249999791383743,0.07294999808073044,0.0724399983882904,0.07270999997854233,3089312.0
2026-06-29 02:00:00,0.07266999781131744,0.07298000156879425,0.0718500018119812,0.07291000336408615,291008.0
2026-06-29 02:30:00,0.07287000119686127,0.07308000326156616,0.07276999950408936,0.07298000156879425,12912224.0
2026-06-29 03:00:00,0.07300999760627747,0.07350999861955643,0.07299000024795532,0.07348000258207321,7421856.0
2026-06-29 03:30:00,0.07346999645233154,0.07353000342845917,0.0729300007224083,0.07317999750375748,1810080.0
2026-06-29 04:00:00,0.07317999750375748,0.07320000231266022,0.07266999781131744,0.07280000299215317,1388064.0
2026-06-29 04:30:00,0.07280000299215317,0.07280000299215317,0.07221999764442444,0.07242000102996826,4630848.0
2026-06-29 05:00:00,0.07247000187635422,0.07248999923467636,0.07196000218391418,0.07240000367164612,3075488.0
2026-06-29 05:30:00,0.07241000235080719,0.07297000288963318,0.0723399966955185,0.07297000288963318,2338368.0
2026-06-29 06:00:00,0.07299000024795532,0.07337000221014023,0.07292000204324722,0.07321999967098236,2186784.0
2026-06-29 06:30:00,0.07325000315904617,0.07327000051736832,0.07291000336408615,0.0730699971318245,3204352.0
2026-06-29 07:00:00,0.0730699971318245,0.07315000146627426,0.0728600025177002,0.07309000194072723,1073056.0
2026-06-29 07:30:00,0.07309000194072723,0.07309000194072723,0.07265999913215637,0.07265999913215637,8250560.0
2026-06-29 08:00:00,0.07266999781131744,0.07282999902963638,0.07221999764442444,0.07225999981164932,5326112.0
2026-06-29 08:30:00,0.07224000245332718,0.07259999960660934,0.07214000076055527,0.07244999706745148,7539648.0
2026-06-29 09:00:00,0.07244999706745148,0.07284999638795853,0.07242000102996826,0.07267999649047852,2748864.0
2026-06-29 09:30:00,0.07269000262022018,0.07284999638795853,0.07254999876022339,0.07269000262022018,1030112.0
2026-06-29 10:00:00,0.07270999997854233,0.0731000006198883,0.07270999997854233,0.07293999940156937,1000320.0
2026-06-29 10:30:00,0.07292000204324722,0.07292000204324722,0.0727199986577034,0.07281000167131424,1033024.0
2026-06-29 11:00:00,0.07283999770879745,0.07287999987602234,0.0723700001835823,0.07263000309467316,1460512.0
2026-06-29 11:30:00,0.07263000309467316,0.07301999628543854,0.07257000356912613,0.07274000346660614,6120960.0
2026-06-29 12:00:00,0.0727899968624115,0.0737600028514862,0.07236000150442123,0.07361999899148941,24016864.0
2026-06-29 12:30:00,0.07361000031232834,0.07361999899148941,0.07265999913215637,0.07284999638795853,12037280.0
2026-06-29 13:00:00,0.07288999855518341,0.07338999956846237,0.07270000129938126,0.07270000129938126,5162944.0
2026-06-29 13:30:00,0.0725800022482872,0.07315000146627426,0.07214999943971634,0.07259999960660934,16452032.0
2026-06-29 14:00:00,0.07259000092744827,0.0727199986577034,0.07192999869585037,0.07242999970912933,18887296.0
2026-06-29 14:30:00,0.07242999970912933,0.07276000082492828,0.07204999774694443,0.07242999970912933,5640320.0
2026-06-29 15:00:00,0.07248000055551529,0.07248000055551529,0.07186999917030334,0.07247000187635422,978816.0
2026-06-29 15:30:00,0.0725099965929985,0.07284999638795853,0.07249999791383743,0.07270999997854233,7151552.0
2026-06-29 16:00:00,0.07270000129938126,0.07283999770879745,0.07199999690055847,0.07207000255584717,1852224.0
2026-06-29 16:30:00,0.07210999727249146,0.07281000167131424,0.07209999859333038,0.07267999649047852,3387392.0
2026-06-29 17:00:00,0.07269000262022018,0.07395999878644943,0.07269000262022018,0.07387000322341919,16725056.0
2026-06-29 17:30:00,0.07393000274896622,0.07410000264644623,0.0736600011587143,0.07381000369787216,7932800.0
2026-06-29 18:00:00,0.07378999888896942,0.07398000359535217,0.0736600011587143,0.0736600011587143,5349888.0
2026-06-29 18:30:00,0.07365000247955322,0.07383999973535538,0.07361999899148941,0.0737600028514862,4607680.0
2026-06-29 19:00:00,0.07377000153064728,0.07398000359535217,0.07360000163316727,0.07393000274896622,5130688.0
2026-06-29 19:30:00,0.07393000274896622,0.07400999963283539,0.0737299993634224,0.0737999975681305,6462720.0
2026-06-29 20:00:00,0.07378000020980835,0.0738300010561943,0.0736600011587143,0.07372000068426132,7349504.0
2026-06-29 20:30:00,0.07372000068426132,0.0738300010561943,0.07360000163316727,0.07360000163316727,8385984.0
2026-06-29 21:00:00,0.07361999899148941,0.0738300010561943,0.07349000126123428,0.0738300010561943,2750336.0
2026-06-29 21:30:00,0.07387000322341919,0.07401999831199646,0.07382000237703323,0.07384999841451645,1438592.0
2026-06-29 22:00:00,0.07385999709367752,0.07390999794006348,0.0735900029540062,0.07360000163316727,303360.0
2026-06-29 22:30:00,0.07360000163316727,0.07361999899148941,0.07333999872207642,0.07334999740123749,0.0
2026-06-29 23:00:00,0.07334999740123749,0.07339999824762344,0.07310999929904938,0.07321000099182129,660224.0
2026-06-29 23:30:00,0.07316000014543533,0.07334999740123749,0.07314000278711319,0.07334999740123749,61888.0
2026-06-30 00:00:00,0.07329999655485153,0.07346999645233154,0.07289999723434448,0.07291000336408615,1791552.0
2026-06-30 00:30:00,0.0729300007224083,0.07293999940156937,0.07242999970912933,0.0724399983882904,2465600.0
2026-06-30 01:00:00,0.0724399983882904,0.07265999913215637,0.07216999679803848,0.07265999913215637,3261952.0
2026-06-30 01:30:00,0.07264000177383423,0.07265999913215637,0.0723000019788742,0.07244999706745148,3119104.0
2026-06-30 02:00:00,0.0724399983882904,0.07253000140190125,0.07220999896526337,0.07246000319719315,0.0
2026-06-30 02:30:00,0.07244999706745148,0.07260999828577042,0.07235000282526016,0.07252000272274017,0.0
2026-06-30 03:00:00,0.07252000272274017,0.07267999649047852,0.07248000055551529,0.07254000008106232,0.0
2026-06-30 03:30:00,0.07254000008106232,0.07254000008106232,0.07225999981164932,0.07231999933719635,3474048.0
2026-06-30 04:00:00,0.07232999801635742,0.07237999886274338,0.07203000038862228,0.0722699984908104,4698880.0
2026-06-30 04:30:00,0.0722699984908104,0.07246000319719315,0.0722699984908104,0.0723399966955185,1015680.0
2026-06-30 05:00:00,0.07231999933719635,0.0723399966955185,0.07210999727249146,0.0721300020813942,107456.0
2026-06-30 05:30:00,0.07212000340223312,0.07235000282526016,0.07196000218391418,0.07231999933719635,11349248.0
2026-06-30 06:00:00,0.07235000282526016,0.07246000319719315,0.0722000002861023,0.07246000319719315,1158784.0
2026-06-30 06:30:00,0.0724399983882904,0.07247000187635422,0.07231999933719635,0.07235000282526016,744448.0
2026-06-30 07:00:00,0.07235000282526016,0.07248000055551529,0.07220999896526337,0.0722699984908104,963328.0
2026-06-30 07:30:00,0.0722699984908104,0.0723399966955185,0.07220999896526337,0.07229000329971313,0.0
2026-06-30 08:00:00,0.0722699984908104,0.07235000282526016,0.07214000076055527,0.07220999896526337,0.0
2026-06-30 08:30:00,0.07221999764442444,0.07231000065803528,0.07191000133752823,0.07225000113248825,6276928.0
2026-06-30 09:00:00,0.07222999632358551,0.0723700001835823,0.07212000340223312,0.07219000160694122,3613120.0
2026-06-30 09:30:00,0.07219000160694122,0.07246000319719315,0.0721300020813942,0.07244999706745148,62528.0
2026-06-30 10:00:00,0.07244999706745148,0.07253000140190125,0.07219000160694122,0.07227999716997147,18486336.0
2026-06-30 10:30:00,0.0722699984908104,0.07247000187635422,0.07221999764442444,0.07237999886274338,15714432.0
2026-06-30 11:00:00,0.07236000150442123,0.0724399983882904,0.07202000170946121,0.07203999906778336,1607936.0
2026-06-30 11:30:00,0.07204999774694443,0.07216999679803848,0.07113000005483627,0.0713300034403801,10965696.0
2026-06-30 12:00:00,0.07129999995231628,0.07129999995231628,0.07005999982357025,0.07016000151634216,38570688.0
2026-06-30 12:30:00,0.07016000151634216,0.07022999972105026,0.06950999796390533,0.06955000013113022,45650112.0
2026-06-30 13:00:00,0.06956999748945236,0.0703200027346611,0.06956999748945236,0.07015000283718109,29301248.0
2026-06-30 13:30:00,0.07028999924659729,0.0707399994134903,0.06988999992609024,0.07066000252962112,7887616.0
2026-06-30 14:00:00,0.07054000347852707,0.07117000222206116,0.07054000347852707,0.0709099993109703,10282304.0
2026-06-30 14:30:00,0.07091999799013138,0.07096999883651733,0.07011000066995621,0.07022999972105026,3594048.0
2026-06-30 15:00:00,0.0702499970793724,0.07063999772071838,0.0700799971818924,0.07055000215768814,9432960.0
2026-06-30 15:30:00,0.0705299973487854,0.07096999883651733,0.07050000131130219,0.07058999687433243,8112384.0
2026-06-30 16:00:00,0.07058999687433243,0.07114999741315842,0.07058999687433243,0.07064999639987946,4758528.0
2026-06-30 16:30:00,0.07067999988794327,0.07141000032424927,0.07046999782323837,0.07129999995231628,7042688.0
2026-06-30 17:00:00,0.07128000259399414,0.07152000069618225,0.07116000354290009,0.07116000354290009,3197888.0
2026-06-30 17:30:00,0.07114999741315842,0.07135000079870224,0.07103999704122543,0.07124999910593033,292288.0
2026-06-30 18:00:00,0.07123000174760818,0.07248999923467636,0.07113999873399734,0.07203999906778336,28445440.0
2026-06-30 18:30:00,0.07208999991416931,0.07232999801635742,0.0717099979519844,0.07231000065803528,7692672.0
2026-06-30 19:00:00,0.07222999632358551,0.0724399983882904,0.07199999690055847,0.0721300020813942,1991808.0
2026-06-30 19:30:00,0.07212000340223312,0.07242000102996826,0.07209999859333038,0.07220999896526337,280768.0
2026-06-30 20:00:00,0.07208999991416931,0.0722699984908104,0.07180999964475632,0.0719899982213974,102912.0
2026-06-30 20:30:00,0.07193999737501144,0.07208999991416931,0.0718500018119812,0.07195000350475311,632320.0
2026-06-30 21:00:00,0.07197000086307526,0.07209999859333038,0.07184000313282013,0.07201000303030014,4694080.0
2026-06-30 21:30:00,0.07201000303030014,0.07214999943971634,0.0718500018119812,0.07203999906778336,1500608.0
2026-06-30 22:00:00,0.07207000255584717,0.07221999764442444,0.07187999784946442,0.07195000350475311,1280448.0
2026-06-30 22:30:00,0.07193999737501144,0.07193999737501144,0.07171999663114548,0.07186999917030334,1984192.0
2026-06-30 23:00:00,0.07186999917030334,0.07187999784946442,0.07171999663114548,0.07175000011920929,834368.0
2026-06-30 23:30:00,0.07175000011920929,0.07203999906778336,0.07173000276088715,0.07196000218391418,1675904.0
2026-07-01 00:00:00,0.07197999954223633,0.07208000123500824,0.07158999890089035,0.07175000011920929,3263488.0
2026-07-01 00:30:00,0.07175000011920929,0.07196000218391418,0.07152000069618225,0.07169000059366226,2694144.0
2026-07-01 01:00:00,0.07169000059366226,0.0717099979519844,0.07041999697685242,0.07122000306844711,10590976.0
2026-07-01 01:30:00,0.07117000222206116,0.07197000086307526,0.07117000222206116,0.07175000011920929,4640768.0
2026-07-01 02:00:00,0.07176999747753143,0.0721300020813942,0.07163000106811523,0.07201000303030014,3852864.0
2026-07-01 02:30:00,0.07203000038862228,0.07216999679803848,0.07180000096559525,0.07186999917030334,4884608.0
2026-07-01 03:00:00,0.07188999652862549,0.07214000076055527,0.07175999879837036,0.0718500018119812,1891712.0
2026-07-01 03:30:00,0.07188999652862549,0.0723700001835823,0.0717800036072731,0.07224000245332718,2336128.0
2026-07-01 04:00:00,0.07221999764442444,0.07244999706745148,0.07215999811887741,0.07244999706745148,554816.0
2026-07-01 04:30:00,0.07242000102996826,0.07257000356912613,0.07224000245332718,0.07242999970912933,6302016.0
2026-07-01 05:00:00,0.0724399983882904,0.07247000187635422,0.07215999811887741,0.0722000002861023,516736.0
2026-07-01 05:30:00,0.0722000002861023,0.0723000019788742,0.0721300020813942,0.07222999632358551,0.0
2026-07-01 06:00:00,0.07222999632358551,0.07225999981164932,0.07162000238895416,0.07171999663114548,697984.0
2026-07-01 06:30:00,0.07171999663114548,0.0717800036072731,0.07100000232458115,0.07130999863147736,13250560.0
2026-07-01 07:00:00,0.07135999947786331,0.07147999852895737,0.07119999825954437,0.07141999900341034,489600.0
2026-07-01 07:30:00,0.07135999947786331,0.07152000069618225,0.07126999646425247,0.07139000296592712,627520.0
2026-07-01 08:00:00,0.07135999947786331,0.0714699998497963,0.07088000327348709,0.07096000015735626,16592384.0
2026-07-01 08:30:00,0.07096000015735626,0.0714000016450882,0.0708099976181984,0.0714000016450882,446976.0
2026-07-01 09:00:00,0.07137999683618546,0.07152000069618225,0.0712599977850914,0.07135999947786331,350592.0
2026-07-01 09:30:00,0.07141000032424927,0.07142999768257141,0.07107000052928925,0.07120999693870544,6420352.0
2026-07-01 10:00:00,0.07118000090122223,0.07129999995231628,0.07090000063180923,0.07101999968290329,283136.0
2026-07-01 10:30:00,0.07101999968290329,0.07101999968290329,0.07074999809265137,0.07089000195264816,1580096.0
2026-07-01 11:00:00,0.07089000195264816,0.07102999836206436,0.07075999677181244,0.07099000364542007,863168.0
2026-07-01 11:30:00,0.07099000364542007,0.07116000354290009,0.07091999799013138,0.07106000185012817,387776.0
2026-07-01 12:00:00,0.07109999656677246,0.07117000222206116,0.07077000290155411,0.07114999741315842,0.0
2026-07-01 12:30:00,0.07109999656677246,0.07135000079870224,0.07103999704122543,0.0713300034403801,0.0
2026-07-01 13:00:00,0.07135999947786331,0.07182999700307846,0.07135999947786331,0.07182999700307846,0.0
2026-07-01 13:30:00,0.07162000238895416,0.07240000367164612,0.0711200013756752,0.07231000065803528,859776.0
2026-07-01 14:00:00,0.07225999981164932,0.07289999723434448,0.0720599964261055,0.07248000055551529,2778368.0
2026-07-01 14:30:00,0.07248999923467636,0.07260999828577042,0.07214999943971634,0.07259999960660934,5154688.0
2026-07-01 15:00:00,0.07260999828577042,0.07348000258207321,0.07259000092744827,0.07328999787569046,5679936.0
2026-07-01 15:30:00,0.07332000136375427,0.07339999824762344,0.0731699988245964,0.07329999655485153,3323904.0
2026-07-01 16:00:00,0.0733100026845932,0.07345999777317047,0.07308000326156616,0.07333999872207642,2656704.0
2026-07-01 16:30:00,0.0733100026845932,0.0733800008893013,0.07284999638795853,0.07298000156879425,936448.0
2026-07-01 17:00:00,0.0729999989271164,0.07321999967098236,0.07270999997854233,0.07311999797821045,1008896.0
2026-07-01 17:30:00,0.07308000326156616,0.07355999946594238,0.07298000156879425,0.07339999824762344,2579584.0
2026-07-01 18:00:00,0.07333000004291534,0.07354000210762024,0.07304000109434128,0.07315000146627426,466624.0
2026-07-01 18:30:00,0.0731699988245964,0.07321000099182129,0.07293999940156937,0.07304000109434128,0.0
2026-07-01 19:00:00,0.07304000109434128,0.07328999787569046,0.07298000156879425,0.0729999989271164,503232.0
2026-07-01 19:30:00,0.0729999989271164,0.07304000109434128,0.07264000177383423,0.07276000082492828,384192.0
2026-07-01 20:00:00,0.07276999950408936,0.07281000167131424,0.07246000319719315,0.07260999828577042,651456.0
2026-07-01 20:30:00,0.07259999960660934,0.07282000035047531,0.07248999923467636,0.07275000214576721,172672.0
2026-07-01 21:00:00,0.07276000082492828,0.07321000099182129,0.07274000346660614,0.07314000278711319,932032.0
2026-07-01 21:30:00,0.0731699988245964,0.07350999861955643,0.07316000014543533,0.07339999824762344,6255424.0
2026-07-01 22:00:00,0.0733800008893013,0.0738999992609024,0.07322999835014343,0.07322999835014343,12964864.0
2026-07-01 22:30:00,0.07329999655485153,0.07336000353097916,0.0729300007224083,0.0729999989271164,6554304.0
2026-07-01 23:00:00,0.07298000156879425,0.07298000156879425,0.07248999923467636,0.0725099965929985,7418560.0
2026-07-01 23:30:00,0.07249999791383743,0.07254000008106232,0.07208999991416931,0.0721300020813942,8602432.0
2026-07-02 00:00:00,0.0721300020813942,0.07222999632358551,0.07191000133752823,0.07193999737501144,7172480.0
2026-07-02 00:30:00,0.07192999869585037,0.07192999869585037,0.07159999758005142,0.07187999784946442,1047168.0
2026-07-02 01:00:00,0.07186999917030334,0.07236000150442123,0.07184000313282013,0.07235000282526016,0.0
2026-07-02 01:30:00,0.0723700001835823,0.07274000346660614,0.07236000150442123,0.07248000055551529,120832.0
2026-07-02 02:00:00,0.07246000319719315,0.07249999791383743,0.07220999896526337,0.0723700001835823,971520.0
2026-07-02 02:30:00,0.07237999886274338,0.07275000214576721,0.07235000282526016,0.07269000262022018,334144.0
2026-07-02 03:00:00,0.07269000262022018,0.07301999628543854,0.07225999981164932,0.07287000119686127,12838016.0
2026-07-02 03:30:00,0.0728600025177002,0.07338999956846237,0.07280000299215317,0.07329999655485153,16961728.0
2026-07-02 04:00:00,0.07333000004291534,0.07334999740123749,0.07292000204324722,0.07294999808073044,5686016.0
2026-07-02 04:30:00,0.07292000204324722,0.07321999967098236,0.07282999902963638,0.07320000231266022,2949696.0
2026-07-02 05:00:00,0.07317999750375748,0.07317999750375748,0.0728600025177002,0.07289999723434448,5451712.0
2026-07-02 05:30:00,0.07289999723434448,0.07298000156879425,0.07252000272274017,0.07266999781131744,1137920.0
2026-07-02 06:00:00,0.0726500004529953,0.0727199986577034,0.07242000102996826,0.07259999960660934,2132352.0
2026-07-02 06:30:00,0.07259000092744827,0.0727899968624115,0.07232999801635742,0.07241000235080719,564288.0
2026-07-02 07:00:00,0.07238999754190445,0.07248000055551529,0.07221999764442444,0.0723399966955185,1468928.0
2026-07-02 07:30:00,0.0723399966955185,0.07254000008106232,0.07231000065803528,0.07244999706745148,3164480.0
2026-07-02 08:00:00,0.0724399983882904,0.07270000129938126,0.07241000235080719,0.07265999913215637,146048.0
2026-07-02 08:30:00,0.07259999960660934,0.0729999989271164,0.07259999960660934,0.07298000156879425,4800896.0
2026-07-02 09:00:00,0.07298000156879425,0.07298000156879425,0.07270999997854233,0.07291000336408615,16643456.0
2026-07-02 09:30:00,0.07289999723434448,0.07367999851703644,0.07288999855518341,0.07336000353097916,19192768.0
2026-07-02 10:00:00,0.07334999740123749,0.0737299993634224,0.07327999919652939,0.0737299993634224,6593344.0
2026-07-02 10:30:00,0.07374999672174454,0.07400000095367432,0.07372000068426132,0.07385999709367752,6185216.0
2026-07-02 11:00:00,0.07383999973535538,0.07418999820947647,0.0737299993634224,0.0741100013256073,21601344.0
2026-07-02 11:30:00,0.07412999868392944,0.0742499977350235,0.0737999975681305,0.07408999651670456,9462144.0
2026-07-02 12:00:00,0.07406999915838242,0.07442999631166458,0.07398000359535217,0.07421000301837921,12864832.0
2026-07-02 12:30:00,0.07445000112056732,0.07458999752998352,0.0740400031208992,0.07428000122308731,20590016.0
2026-07-02 13:00:00,0.07429999858140945,0.07490000128746033,0.07415000349283218,0.0744900032877922,13995584.0
2026-07-02 13:30:00,0.07451000064611435,0.07547999918460846,0.07428000122308731,0.07496999949216843,21298688.0
2026-07-02 14:00:00,0.0749099999666214,0.07541000097990036,0.0743900015950203,0.07458999752998352,1571392.0
2026-07-02 14:30:00,0.07455000281333923,0.0747700035572052,0.07421000301837921,0.07442999631166458,6915648.0
2026-07-02 15:00:00,0.07440999895334244,0.07451000064611435,0.07395999878644943,0.07436999678611755,3116288.0
2026-07-02 15:30:00,0.07436999678611755,0.07467000186443329,0.07436999678611755,0.07463999837636948,201216.0
2026-07-02 15:42:45,0.07467000186443329,0.07467000186443329,0.07467000186443329,0.07467000186443329,0.0
