datetime,open,high,low,close,volume
2026-05-07 00:00:00,1.363715,1.36409,1.3635199999999998,1.36402,1971
2026-05-07 00:30:00,1.364025,1.36419,1.363735,1.363845,1242
2026-05-07 01:00:00,1.36384,1.36402,1.36315,1.363185,2141
2026-05-07 01:30:00,1.36317,1.36331,1.3628,1.36322,2009
2026-05-07 02:00:00,1.363225,1.363825,1.36311,1.36372,1574
2026-05-07 02:30:00,1.363745,1.364195,1.3636050000000002,1.363705,1738
2026-05-07 03:00:00,1.36371,1.36382,1.363605,1.36372,1346
2026-05-07 03:30:00,1.363715,1.36401,1.36369,1.363975,1232
2026-05-07 04:00:00,1.36399,1.3640050000000001,1.36337,1.36345,1289
2026-05-07 04:30:00,1.363445,1.3635350000000002,1.363245,1.36353,1187
2026-05-07 05:00:00,1.363535,1.3636949999999999,1.36343,1.363575,1024
2026-05-07 05:30:00,1.36357,1.363945,1.36344,1.363775,1037
2026-05-07 06:00:00,1.36378,1.36429,1.363725,1.3642750000000001,859
2026-05-07 06:30:00,1.364265,1.36437,1.36313,1.363705,2093
2026-05-07 07:00:00,1.3636949999999999,1.363915,1.362545,1.3637899999999998,3468
2026-05-07 07:30:00,1.3638,1.363865,1.3624649999999998,1.3626299999999998,2443
2026-05-07 08:00:00,1.362625,1.3629950000000002,1.362395,1.36253,2277
2026-05-07 08:30:00,1.36253,1.3627500000000001,1.36235,1.36259,1376
2026-05-07 09:00:00,1.36259,1.36299,1.362505,1.362775,1581
2026-05-07 09:30:00,1.362775,1.36287,1.36204,1.3624800000000001,1789
2026-05-07 10:00:00,1.36249,1.3625850000000002,1.36205,1.3622200000000002,1713
2026-05-07 10:30:00,1.362225,1.36292,1.3621400000000001,1.3626550000000002,1345
2026-05-07 11:00:00,1.36266,1.362915,1.362155,1.362685,1122
2026-05-07 11:30:00,1.36267,1.363255,1.362525,1.362965,1193
2026-05-07 12:00:00,1.362955,1.3635549999999999,1.362425,1.3631799999999998,2211
2026-05-07 12:30:00,1.363175,1.36358,1.3629250000000002,1.363455,1866
2026-05-07 13:00:00,1.36346,1.36416,1.363225,1.363255,1864
2026-05-07 13:30:00,1.3632650000000002,1.36396,1.3630499999999999,1.36395,2244
2026-05-07 14:00:00,1.3639549999999998,1.3645100000000001,1.36344,1.363525,2878
2026-05-07 14:30:00,1.363515,1.36361,1.36288,1.363495,2877
2026-05-07 15:00:00,1.36349,1.3643100000000001,1.36315,1.363885,1957
2026-05-07 15:30:00,1.363905,1.364055,1.3633099999999998,1.3637549999999998,2129
2026-05-07 16:00:00,1.363745,1.36422,1.363165,1.36319,2086
2026-05-07 16:30:00,1.36318,1.363515,1.3629449999999999,1.3631600000000001,1830
2026-05-07 17:00:00,1.363155,1.363475,1.3626550000000002,1.36346,1945
2026-05-07 17:30:00,1.363485,1.363925,1.363375,1.363575,2000
2026-05-07 18:00:00,1.363565,1.363785,1.363435,1.363715,1401
2026-05-07 18:30:00,1.363705,1.3643999999999998,1.363585,1.3637000000000001,1910
2026-05-07 19:00:00,1.3636849999999998,1.36407,1.36315,1.36384,1756
2026-05-07 19:30:00,1.363845,1.3654,1.36355,1.3654,2106
2026-05-07 20:00:00,1.365395,1.365575,1.3646449999999999,1.365465,1185
2026-05-07 20:30:00,1.36545,1.366595,1.365085,1.36646,1660
2026-05-07 21:00:00,1.36643,1.36665,1.365535,1.36561,145
2026-05-07 21:30:00,1.365625,1.36637,1.365625,1.366035,1323
2026-05-07 22:00:00,1.366015,1.366435,1.365935,1.3661150000000002,506
2026-05-07 22:30:00,1.3661150000000002,1.366435,1.3660700000000001,1.3663249999999998,384
2026-05-07 23:00:00,1.3663349999999999,1.366455,1.366145,1.36624,390
2026-05-07 23:30:00,1.36623,1.366315,1.3659599999999998,1.366105,381
2026-05-08 00:00:00,1.3660999999999999,1.36632,1.365675,1.366035,1631
2026-05-08 00:30:00,1.366035,1.3660700000000001,1.365795,1.36599,1168
2026-05-08 01:00:00,1.365985,1.365985,1.365595,1.365845,2203
2026-05-08 01:30:00,1.3658350000000001,1.36592,1.36567,1.365775,1510
2026-05-08 02:00:00,1.36577,1.3659750000000002,1.365755,1.3659,1379
2026-05-08 02:30:00,1.365915,1.366435,1.365875,1.365975,2159
2026-05-08 03:00:00,1.365975,1.3660700000000001,1.365785,1.36597,1164
2026-05-08 03:30:00,1.365965,1.36597,1.36558,1.365885,1094
2026-05-08 04:00:00,1.365895,1.36605,1.365755,1.36592,1008
2026-05-08 04:30:00,1.365915,1.366015,1.36548,1.365605,1039
2026-05-08 05:00:00,1.3656000000000001,1.36565,1.36537,1.36537,1327
2026-05-08 05:30:00,1.365375,1.36566,1.365195,1.36551,1470
2026-05-08 06:00:00,1.3655050000000002,1.36555,1.365065,1.3650699999999998,1232
2026-05-08 06:30:00,1.36505,1.365375,1.365015,1.36537,797
2026-05-08 07:00:00,1.36537,1.365595,1.3652199999999999,1.3655249999999999,1318
2026-05-08 07:30:00,1.3655249999999999,1.365685,1.36521,1.36566,1113
2026-05-08 08:00:00,1.36566,1.365945,1.3655050000000002,1.3656899999999998,1316
2026-05-08 08:30:00,1.3656899999999998,1.3657,1.365105,1.3651300000000002,1506
2026-05-08 09:00:00,1.365125,1.36516,1.3645649999999998,1.364805,1265
2026-05-08 09:30:00,1.3648,1.36493,1.3645450000000001,1.3645550000000002,815
2026-05-08 10:00:00,1.364565,1.3646850000000001,1.364425,1.3646449999999999,818
2026-05-08 10:30:00,1.36464,1.3653149999999998,1.3643800000000001,1.3651200000000001,1472
2026-05-08 11:00:00,1.365125,1.36525,1.3646099999999999,1.36469,1236
2026-05-08 11:30:00,1.36469,1.364745,1.364265,1.3643800000000001,1033
2026-05-08 12:00:00,1.364375,1.366225,1.3643450000000001,1.3656199999999998,2171
2026-05-08 12:30:00,1.365595,1.369325,1.365535,1.36906,4888
2026-05-08 13:00:00,1.36909,1.3707150000000001,1.36909,1.3697499999999998,2807
2026-05-08 13:30:00,1.3697400000000002,1.370975,1.3693650000000002,1.3706900000000002,3166
2026-05-08 14:00:00,1.370655,1.371025,1.369415,1.3699750000000002,2542
2026-05-08 14:30:00,1.36998,1.370005,1.36884,1.369105,2601
2026-05-08 15:00:00,1.369105,1.3695650000000001,1.3688799999999999,1.368925,3183
2026-05-08 15:30:00,1.36894,1.3691149999999999,1.367715,1.3679999999999999,2858
2026-05-08 16:00:00,1.3680050000000001,1.368765,1.3678949999999999,1.368465,1332
2026-05-08 16:30:00,1.3684699999999999,1.369105,1.368265,1.368945,992
2026-05-08 17:00:00,1.3689749999999998,1.3690099999999998,1.368325,1.36844,883
2026-05-08 17:30:00,1.368425,1.3685399999999999,1.368335,1.3685049999999999,850
2026-05-08 18:00:00,1.3685,1.3685800000000001,1.3680949999999998,1.3682750000000001,1077
2026-05-08 18:30:00,1.368255,1.368405,1.36789,1.3680750000000002,1045
2026-05-08 19:00:00,1.36808,1.368185,1.367585,1.3677199999999998,1013
2026-05-08 19:30:00,1.367725,1.36853,1.3675899999999999,1.368185,1268
2026-05-08 20:00:00,1.3681899999999998,1.36829,1.36762,1.367895,1324
2026-05-08 20:30:00,1.367875,1.368055,1.36706,1.36764,2280
2026-05-10 22:00:00,1.368655,1.3692199999999999,1.368465,1.36889,731
2026-05-10 22:30:00,1.36895,1.36899,1.368785,1.36889,513
2026-05-10 23:00:00,1.36889,1.368895,1.36839,1.368455,963
2026-05-10 23:30:00,1.368465,1.368515,1.36823,1.36838,1388
2026-05-11 00:00:00,1.3683649999999998,1.3686500000000001,1.367905,1.368315,2242
2026-05-11 00:30:00,1.368325,1.3686850000000002,1.36806,1.368345,1873
2026-05-11 01:00:00,1.368355,1.368875,1.368245,1.368395,2702
2026-05-11 01:30:00,1.368395,1.36904,1.36833,1.36862,2267
2026-05-11 02:00:00,1.368615,1.368715,1.36835,1.36837,1631
2026-05-11 02:30:00,1.368375,1.36882,1.36828,1.368745,1873
2026-05-11 03:00:00,1.36875,1.36878,1.3685100000000001,1.3686099999999999,1704
2026-05-11 03:30:00,1.368615,1.368895,1.368525,1.368895,2357
2026-05-11 04:00:00,1.3689,1.3692250000000001,1.3688600000000002,1.36921,1297
2026-05-11 04:30:00,1.3692250000000001,1.3695,1.369195,1.369415,1127
2026-05-11 05:00:00,1.3694250000000001,1.36945,1.369065,1.369135,1632
2026-05-11 05:30:00,1.36915,1.36939,1.36909,1.3692549999999999,1818
2026-05-11 06:00:00,1.369235,1.369235,1.36767,1.36767,1621
2026-05-11 06:30:00,1.367655,1.36837,1.367615,1.3679700000000001,2285
2026-05-11 07:00:00,1.36796,1.3679649999999999,1.366825,1.367025,2032
2026-05-11 07:30:00,1.367035,1.36738,1.36672,1.3671950000000002,1818
2026-05-11 08:00:00,1.36719,1.367315,1.3668,1.3670550000000001,1498
2026-05-11 08:30:00,1.367045,1.367105,1.36667,1.366945,1372
2026-05-11 09:00:00,1.36693,1.36715,1.3668,1.36713,1158
2026-05-11 09:30:00,1.36714,1.36733,1.36681,1.36693,912
2026-05-11 10:00:00,1.3669449999999999,1.367135,1.366425,1.3665500000000002,979
2026-05-11 10:30:00,1.36656,1.3666049999999998,1.366095,1.3661750000000001,1571
2026-05-11 11:00:00,1.36619,1.36656,1.3661699999999999,1.3662299999999998,1152
2026-05-11 11:30:00,1.36624,1.3670200000000001,1.3661400000000001,1.3667250000000002,1316
2026-05-11 12:00:00,1.36672,1.36697,1.366415,1.36697,1571
2026-05-11 12:30:00,1.366975,1.3682699999999999,1.3667150000000001,1.36673,2278
2026-05-11 13:00:00,1.36672,1.367025,1.3664649999999998,1.366665,1340
2026-05-11 13:30:00,1.3666399999999999,1.36686,1.365805,1.36592,2012
2026-05-11 14:00:00,1.365915,1.366505,1.365005,1.365065,2027
2026-05-11 14:30:00,1.365075,1.366795,1.364835,1.3664900000000002,3387
2026-05-11 15:00:00,1.366485,1.36693,1.366325,1.36672,1827
2026-05-11 15:30:00,1.36673,1.36693,1.36636,1.366555,2053
2026-05-11 16:00:00,1.366545,1.36694,1.36645,1.3668550000000002,1380
2026-05-11 16:30:00,1.36685,1.3668550000000002,1.366055,1.366415,1983
2026-05-11 17:00:00,1.3664100000000001,1.36692,1.3663599999999998,1.36647,1380
2026-05-11 17:30:00,1.3664800000000001,1.3666,1.36626,1.36656,1015
2026-05-11 18:00:00,1.366555,1.367115,1.366355,1.367095,1588
2026-05-11 18:30:00,1.3670849999999999,1.36754,1.36708,1.36726,1251
2026-05-11 19:00:00,1.3672650000000002,1.36761,1.3670399999999998,1.36742,1196
2026-05-11 19:30:00,1.3674149999999998,1.3679999999999999,1.36727,1.367775,1119
2026-05-11 20:00:00,1.367775,1.368185,1.36775,1.368155,889
2026-05-11 20:30:00,1.3681299999999998,1.3681299999999998,1.3677199999999998,1.36781,1198
2026-05-11 21:00:00,1.3677700000000002,1.3678499999999998,1.3675549999999999,1.3677,335
2026-05-11 21:30:00,1.3677000000000001,1.36775,1.367545,1.3676300000000001,169
2026-05-11 22:00:00,1.367655,1.367655,1.3671799999999998,1.36728,164
2026-05-11 22:30:00,1.367305,1.36774,1.367305,1.3677000000000001,340
2026-05-11 23:00:00,1.3677000000000001,1.36785,1.367645,1.3678249999999998,476
2026-05-11 23:30:00,1.367825,1.368005,1.36778,1.36792,653
2026-05-12 00:00:00,1.36792,1.368435,1.36792,1.368255,1582
2026-05-12 00:30:00,1.36826,1.36887,1.36821,1.36882,1048
2026-05-12 01:00:00,1.368825,1.369275,1.36871,1.3691849999999999,2563
2026-05-12 01:30:00,1.3691849999999999,1.3694000000000002,1.36883,1.368935,2929
2026-05-12 02:00:00,1.36894,1.36928,1.3688799999999999,1.36918,1602
2026-05-12 02:30:00,1.36918,1.36924,1.36877,1.36893,1818
2026-05-12 03:00:00,1.36895,1.3693149999999998,1.36882,1.36928,1400
2026-05-12 03:30:00,1.36928,1.3694600000000001,1.36917,1.369385,1090
2026-05-12 04:00:00,1.369385,1.36941,1.36921,1.369295,1150
2026-05-12 04:30:00,1.369295,1.369315,1.3691,1.3692700000000002,1127
2026-05-12 05:00:00,1.369275,1.369385,1.36898,1.3692199999999999,1962
2026-05-12 05:30:00,1.3692199999999999,1.36931,1.368715,1.368755,2209
2026-05-12 06:00:00,1.36875,1.3694250000000001,1.3683999999999998,1.3692700000000002,2285
2026-05-12 06:30:00,1.3692549999999999,1.3696350000000002,1.36903,1.369335,2111
2026-05-12 07:00:00,1.369335,1.3698649999999999,1.369175,1.36957,1966
2026-05-12 07:30:00,1.36958,1.37062,1.3695300000000001,1.37039,1395
2026-05-12 08:00:00,1.3703750000000001,1.3709099999999999,1.37022,1.3704,1692
2026-05-12 08:30:00,1.370395,1.370965,1.37033,1.370465,1914
2026-05-12 09:00:00,1.37046,1.370905,1.3700350000000001,1.3706749999999999,1238
2026-05-12 09:30:00,1.3706450000000001,1.371105,1.370485,1.37099,1667
2026-05-12 10:00:00,1.371,1.371135,1.3706049999999999,1.3706200000000002,1272
2026-05-12 10:30:00,1.37061,1.371035,1.37056,1.370955,2015
2026-05-12 11:00:00,1.370955,1.371265,1.3707850000000001,1.370965,1491
2026-05-12 11:30:00,1.3709850000000001,1.3709950000000002,1.370145,1.370365,1249
2026-05-12 12:00:00,1.3703500000000002,1.370695,1.37026,1.370485,2013
2026-05-12 12:30:00,1.3705,1.3712499999999999,1.370075,1.370155,2292
2026-05-12 13:00:00,1.370145,1.371785,1.3698700000000001,1.371425,2914
2026-05-12 13:30:00,1.371435,1.371915,1.3710300000000002,1.3716050000000002,3118
2026-05-12 14:00:00,1.3715950000000001,1.3715950000000001,1.370775,1.37099,3480
2026-05-12 14:30:00,1.3709600000000002,1.37183,1.37087,1.37088,3550
2026-05-12 15:00:00,1.370885,1.372465,1.3708049999999998,1.3722050000000001,2888
2026-05-12 15:30:00,1.372185,1.37228,1.371135,1.37135,2575
2026-05-12 16:00:00,1.37135,1.37154,1.3709699999999998,1.371185,1969
2026-05-12 16:30:00,1.3711799999999998,1.3716949999999999,1.37112,1.37135,1903
2026-05-12 17:00:00,1.3713700000000002,1.3716,1.37101,1.371375,2075
2026-05-12 17:30:00,1.371375,1.371545,1.371165,1.3711799999999998,1584
2026-05-12 18:00:00,1.371185,1.371395,1.3706999999999998,1.3707250000000002,1751
2026-05-12 18:30:00,1.3707250000000002,1.3707250000000002,1.37004,1.37005,1484
2026-05-12 19:00:00,1.3700649999999999,1.3701699999999999,1.369415,1.36979,1375
2026-05-12 19:30:00,1.3697849999999998,1.36999,1.369375,1.3699400000000002,1498
2026-05-12 20:00:00,1.369935,1.3701750000000001,1.369885,1.370155,830
2026-05-12 20:30:00,1.370165,1.3701699999999999,1.36931,1.36965,856
2026-05-12 21:00:00,1.369595,1.36986,1.369595,1.36981,1085
2026-05-12 21:30:00,1.369845,1.3698800000000002,1.36959,1.36972,370
2026-05-12 22:00:00,1.36972,1.3697949999999999,1.36943,1.36944,213
2026-05-12 22:30:00,1.369445,1.3696000000000002,1.369415,1.36952,571
2026-05-12 23:00:00,1.3695249999999999,1.36964,1.36937,1.369445,717
2026-05-12 23:30:00,1.369445,1.36984,1.36943,1.369805,738
2026-05-13 00:00:00,1.36982,1.369955,1.36959,1.3697499999999998,2140
2026-05-13 00:30:00,1.36974,1.369945,1.369475,1.369485,1907
2026-05-13 01:00:00,1.36948,1.36979,1.369375,1.3693849999999999,2278
2026-05-13 01:30:00,1.36939,1.3695,1.3687,1.368835,1764
2026-05-13 02:00:00,1.368835,1.368855,1.36843,1.36857,1915
2026-05-13 02:30:00,1.368565,1.368795,1.36855,1.368765,1689
2026-05-13 03:00:00,1.36877,1.369345,1.368765,1.368955,1703
2026-05-13 03:30:00,1.368955,1.3691,1.3688150000000001,1.369025,1412
2026-05-13 04:00:00,1.3690250000000002,1.369475,1.36902,1.36945,1202
2026-05-13 04:30:00,1.36945,1.369625,1.369415,1.36949,1541
2026-05-13 05:00:00,1.3695,1.3696549999999998,1.369395,1.36954,1678
2026-05-13 05:30:00,1.369535,1.3699,1.3695249999999999,1.369655,1676
2026-05-13 06:00:00,1.36965,1.3700800000000002,1.369465,1.36992,1691
2026-05-13 06:30:00,1.36993,1.3704800000000001,1.369895,1.37029,1737
2026-05-13 07:00:00,1.370295,1.3709,1.37028,1.370665,2338
2026-05-13 07:30:00,1.370665,1.371065,1.3704100000000001,1.3705150000000001,1609
2026-05-13 08:00:00,1.37052,1.37096,1.370015,1.370055,1742
2026-05-13 08:30:00,1.37006,1.37052,1.36997,1.369975,1841
2026-05-13 09:00:00,1.36997,1.37087,1.369945,1.37074,2103
2026-05-13 09:30:00,1.370735,1.3707500000000001,1.369905,1.36991,1502
2026-05-13 10:00:00,1.369915,1.369945,1.369335,1.36952,2172
2026-05-13 10:30:00,1.3695249999999999,1.36975,1.36905,1.3691200000000001,1573
2026-05-13 11:00:00,1.369105,1.369575,1.36905,1.369145,1023
2026-05-13 11:30:00,1.3691650000000002,1.36965,1.3689749999999998,1.369465,1490
2026-05-13 12:00:00,1.369465,1.3700999999999999,1.368995,1.3700350000000001,2443
2026-05-13 12:30:00,1.3700700000000001,1.3704399999999999,1.3693650000000002,1.369615,3407
2026-05-13 13:00:00,1.36961,1.369935,1.3693,1.3697249999999999,3491
2026-05-13 13:30:00,1.3697050000000002,1.371235,1.3697050000000002,1.3708550000000002,3005
2026-05-13 14:00:00,1.37079,1.37117,1.36931,1.3697249999999999,2938
2026-05-13 14:30:00,1.369735,1.37059,1.3695050000000002,1.3704749999999999,2941
2026-05-13 15:00:00,1.3704800000000001,1.37051,1.36977,1.36979,1969
2026-05-13 15:30:00,1.3697949999999999,1.37032,1.36924,1.37031,2220
2026-05-13 16:00:00,1.370305,1.37035,1.3696100000000002,1.369805,1492
2026-05-13 16:30:00,1.369815,1.37059,1.36963,1.370555,1705
2026-05-13 17:00:00,1.3705500000000002,1.37059,1.370235,1.3704749999999999,1239
2026-05-13 17:30:00,1.3704900000000002,1.3709799999999999,1.37047,1.370865,1014
2026-05-13 18:00:00,1.3708749999999998,1.371225,1.370595,1.371135,1656
2026-05-13 18:30:00,1.37114,1.37188,1.3709950000000002,1.371375,1975
2026-05-13 19:00:00,1.371375,1.3713799999999998,1.370625,1.37065,1333
2026-05-13 19:30:00,1.370635,1.370775,1.370285,1.370515,1269
2026-05-13 20:00:00,1.37052,1.3708049999999998,1.370365,1.3706550000000002,922
2026-05-13 20:30:00,1.37065,1.370815,1.370345,1.3707150000000001,797
2026-05-13 21:00:00,1.3707,1.3711,1.370565,1.37076,113
2026-05-13 21:30:00,1.37066,1.3709850000000001,1.370425,1.37053,624
2026-05-13 22:00:00,1.37058,1.3706450000000001,1.37032,1.37033,350
2026-05-13 22:30:00,1.3703400000000001,1.37049,1.3701750000000001,1.370455,408
2026-05-13 23:00:00,1.37046,1.370505,1.370365,1.37045,439
2026-05-13 23:30:00,1.37048,1.3706049999999999,1.37047,1.370535,526
2026-05-14 00:00:00,1.37053,1.370765,1.37045,1.37058,2024
2026-05-14 00:30:00,1.3705699999999998,1.370765,1.3704450000000001,1.370575,1501
2026-05-14 01:00:00,1.37058,1.3707150000000001,1.3704049999999999,1.37065,2521
2026-05-14 01:30:00,1.370655,1.370915,1.37043,1.370825,2146
2026-05-14 02:00:00,1.370835,1.370915,1.370655,1.37077,1445
2026-05-14 02:30:00,1.370775,1.370845,1.37063,1.370705,1295
2026-05-14 03:00:00,1.370695,1.37088,1.370635,1.3706399999999999,1231
2026-05-14 03:30:00,1.370635,1.37088,1.370625,1.370865,1167
2026-05-14 04:00:00,1.37087,1.370935,1.3703349999999999,1.37049,2202
2026-05-14 04:30:00,1.370495,1.370595,1.37024,1.3704749999999999,1597
2026-05-14 05:00:00,1.3704749999999999,1.370765,1.3704749999999999,1.37063,2346
2026-05-14 05:30:00,1.370625,1.37067,1.37031,1.370605,2408
2026-05-14 06:00:00,1.3706,1.370895,1.3704,1.3706049999999999,2604
2026-05-14 06:30:00,1.3706049999999999,1.370625,1.3701750000000001,1.37032,1860
2026-05-14 07:00:00,1.370325,1.37087,1.3702999999999999,1.3707850000000001,2143
2026-05-14 07:30:00,1.3707799999999999,1.3716050000000002,1.37065,1.37153,2124
2026-05-14 08:00:00,1.3715350000000002,1.3715549999999999,1.370655,1.3706800000000001,1916
2026-05-14 08:30:00,1.3706749999999999,1.37096,1.3704450000000001,1.3705500000000002,1537
2026-05-14 09:00:00,1.37056,1.370755,1.3704299999999998,1.3705850000000002,1618
2026-05-14 09:30:00,1.3705850000000002,1.37097,1.370555,1.370865,1588
2026-05-14 10:00:00,1.37086,1.371435,1.3707349999999998,1.37133,2340
2026-05-14 10:30:00,1.37133,1.371785,1.3712,1.371745,1820
2026-05-14 11:00:00,1.37173,1.372105,1.3717000000000001,1.3720949999999998,1222
2026-05-14 11:30:00,1.3720949999999998,1.372195,1.3719000000000001,1.3721649999999999,857
2026-05-14 12:00:00,1.372175,1.37276,1.371975,1.3726500000000001,1819
2026-05-14 12:30:00,1.372625,1.3727399999999998,1.37215,1.37249,1398
2026-05-14 13:00:00,1.3724850000000002,1.3726349999999998,1.37225,1.37236,1871
2026-05-14 13:30:00,1.3723649999999998,1.372825,1.371815,1.3727749999999999,3242
2026-05-14 14:00:00,1.3727900000000002,1.372925,1.3713449999999998,1.37218,2200
2026-05-14 14:30:00,1.372185,1.37316,1.3721700000000001,1.3730449999999998,2460
2026-05-14 15:00:00,1.37305,1.373785,1.3730449999999998,1.37332,2460
2026-05-14 15:30:00,1.373335,1.373405,1.37232,1.372525,1919
2026-05-14 16:00:00,1.372525,1.373,1.372245,1.372855,2294
2026-05-14 16:30:00,1.372865,1.37304,1.3722150000000002,1.3722349999999999,1718
2026-05-14 17:00:00,1.37223,1.3727800000000001,1.3719649999999999,1.37276,2206
2026-05-14 17:30:00,1.372765,1.3728850000000001,1.3720400000000001,1.3724850000000002,1544
2026-05-14 18:00:00,1.372495,1.37304,1.37225,1.37236,2314
2026-05-14 18:30:00,1.372355,1.3728500000000001,1.372335,1.372425,1821
2026-05-14 19:00:00,1.37242,1.372695,1.3723,1.372695,1391
2026-05-14 19:30:00,1.37269,1.37296,1.37237,1.372445,1876
2026-05-14 20:00:00,1.372445,1.37269,1.372175,1.372175,1193
2026-05-14 20:30:00,1.372175,1.37237,1.37178,1.3720400000000001,835
2026-05-14 21:00:00,1.3719999999999999,1.3726500000000001,1.3719999999999999,1.37225,164
2026-05-14 21:30:00,1.3722500000000002,1.37238,1.37191,1.371925,460
2026-05-14 22:00:00,1.37191,1.371975,1.3715700000000002,1.3716949999999999,320
2026-05-14 22:30:00,1.3717000000000001,1.37177,1.371535,1.371665,350
2026-05-14 23:00:00,1.371655,1.372295,1.371655,1.37204,895
2026-05-14 23:30:00,1.3720400000000001,1.372495,1.37204,1.37244,906
2026-05-15 00:00:00,1.372435,1.37284,1.372415,1.37284,2572
2026-05-15 00:30:00,1.3728349999999998,1.37374,1.37282,1.373545,1944
2026-05-15 01:00:00,1.373565,1.3740999999999999,1.373545,1.37408,2831
2026-05-15 01:30:00,1.37408,1.3742899999999998,1.373735,1.374165,2823
2026-05-15 02:00:00,1.3741750000000001,1.37425,1.3737599999999999,1.373925,2364
2026-05-15 02:30:00,1.37393,1.37397,1.373595,1.3738299999999999,2050
2026-05-15 03:00:00,1.3738299999999999,1.3740450000000002,1.37372,1.37392,2256
2026-05-15 03:30:00,1.37392,1.3740450000000002,1.373835,1.374025,1855
2026-05-15 04:00:00,1.374005,1.3742100000000002,1.374,1.3741949999999998,1029
2026-05-15 04:30:00,1.3742,1.374675,1.3741400000000001,1.37463,1830
2026-05-15 05:00:00,1.37463,1.37574,1.374625,1.3751250000000002,3115
2026-05-15 05:30:00,1.375135,1.375565,1.37457,1.37534,2687
2026-05-15 06:00:00,1.37536,1.375365,1.373925,1.374425,2660
2026-05-15 06:30:00,1.374415,1.375275,1.374275,1.375245,1983
2026-05-15 07:00:00,1.37526,1.37554,1.373935,1.3741750000000001,3153
2026-05-15 07:30:00,1.37417,1.375035,1.37417,1.37473,2334
2026-05-15 08:00:00,1.374705,1.375405,1.3746450000000001,1.3748749999999998,2239
2026-05-15 08:30:00,1.37488,1.37508,1.37451,1.374795,2397
2026-05-15 09:00:00,1.3747850000000001,1.375765,1.3747500000000001,1.37524,2236
2026-05-15 09:30:00,1.37524,1.3758,1.3752,1.37537,2218
2026-05-15 10:00:00,1.3753600000000001,1.3754300000000002,1.3742,1.3744100000000001,2241
2026-05-15 10:30:00,1.3744200000000002,1.374425,1.373485,1.374285,2362
2026-05-15 11:00:00,1.374295,1.3747850000000001,1.374165,1.374775,1331
2026-05-15 11:30:00,1.3747699999999998,1.375445,1.374595,1.37521,1323
2026-05-15 12:00:00,1.3752149999999999,1.3757549999999998,1.375175,1.37572,2032
2026-05-15 12:30:00,1.375725,1.375985,1.3751,1.375375,1939
2026-05-15 13:00:00,1.375385,1.375855,1.375155,1.3758249999999999,2218
2026-05-15 13:30:00,1.37582,1.376715,1.37573,1.375835,3636
2026-05-15 14:00:00,1.37584,1.3765100000000001,1.375275,1.375845,3870
2026-05-15 14:30:00,1.3758650000000001,1.3764850000000002,1.375165,1.3759700000000001,2972
2026-05-15 15:00:00,1.3759649999999999,1.3764750000000001,1.3755899999999999,1.376185,2690
2026-05-15 15:30:00,1.37618,1.37618,1.375115,1.37512,2825
2026-05-15 16:00:00,1.375115,1.3753700000000002,1.374385,1.374455,2406
2026-05-15 16:30:00,1.3744399999999999,1.374475,1.373335,1.373505,1988
2026-05-15 17:00:00,1.37352,1.373815,1.3731,1.373785,2145
2026-05-15 17:30:00,1.3737949999999999,1.3743400000000001,1.37361,1.37415,1477
2026-05-15 18:00:00,1.374145,1.3754849999999998,1.374115,1.375315,1935
2026-05-15 18:30:00,1.3752900000000001,1.375785,1.375155,1.3753099999999998,1698
2026-05-15 19:00:00,1.3753000000000002,1.37553,1.37517,1.375205,1632
2026-05-15 19:30:00,1.37522,1.37587,1.375045,1.3753799999999998,1802
2026-05-15 20:00:00,1.3753799999999998,1.3758400000000002,1.3752900000000001,1.3755199999999999,1594
2026-05-15 20:30:00,1.37553,1.37578,1.374775,1.37498,1996
2026-05-17 22:00:00,1.37506,1.37529,1.374915,1.3751449999999998,1165
2026-05-17 22:30:00,1.37528,1.3753549999999999,1.3750499999999999,1.375305,309
2026-05-17 23:00:00,1.3753,1.37547,1.375105,1.37543,948
2026-05-17 23:30:00,1.37544,1.376375,1.37544,1.37629,2102
2026-05-18 00:00:00,1.376285,1.376295,1.375645,1.3760949999999998,3291
2026-05-18 00:30:00,1.376105,1.376365,1.37587,1.376065,3643
2026-05-18 01:00:00,1.3760750000000002,1.3763,1.3756599999999999,1.37582,4070
2026-05-18 01:30:00,1.37582,1.37614,1.375435,1.37551,2871
2026-05-18 02:00:00,1.37552,1.37611,1.375445,1.375505,2390
2026-05-18 02:30:00,1.375505,1.37603,1.37533,1.37582,2109
2026-05-18 03:00:00,1.375815,1.375815,1.375305,1.37533,1906
2026-05-18 03:30:00,1.37533,1.37555,1.37504,1.37523,2594
2026-05-18 04:00:00,1.37524,1.375375,1.375,1.37533,1873
2026-05-18 04:30:00,1.3753250000000001,1.375485,1.37514,1.37538,2057
2026-05-18 05:00:00,1.37538,1.3756249999999999,1.3750499999999999,1.37509,2062
2026-05-18 05:30:00,1.37508,1.375445,1.375035,1.37524,2379
2026-05-18 06:00:00,1.375235,1.3753600000000001,1.3745699999999998,1.37477,1959
2026-05-18 06:30:00,1.37477,1.37481,1.374115,1.374365,1710
2026-05-18 07:00:00,1.3743599999999998,1.374965,1.37406,1.374095,1751
2026-05-18 07:30:00,1.37411,1.37474,1.373885,1.374575,1477
2026-05-18 08:00:00,1.374565,1.37469,1.373745,1.37389,1514
2026-05-18 08:30:00,1.37389,1.374045,1.373355,1.37372,1506
2026-05-18 09:00:00,1.3737249999999999,1.3744100000000001,1.37363,1.3742299999999998,1999
2026-05-18 09:30:00,1.374225,1.3744049999999999,1.37402,1.3744,1415
2026-05-18 10:00:00,1.3744049999999999,1.3746450000000001,1.374,1.37411,1389
2026-05-18 10:30:00,1.37412,1.3745349999999998,1.37397,1.3745349999999998,1661
2026-05-18 11:00:00,1.37455,1.37519,1.37438,1.375185,1467
2026-05-18 11:30:00,1.37519,1.3753799999999998,1.374025,1.374705,2331
2026-05-18 12:00:00,1.3746900000000002,1.3748550000000002,1.373875,1.3739949999999999,1761
2026-05-18 12:30:00,1.374005,1.3740350000000001,1.3732449999999998,1.373935,2149
2026-05-18 13:00:00,1.37393,1.3741750000000001,1.373445,1.373735,2059
2026-05-18 13:30:00,1.3737249999999999,1.3745500000000002,1.37372,1.374475,2840
2026-05-18 14:00:00,1.3744800000000001,1.3751799999999998,1.37393,1.373965,2496
2026-05-18 14:30:00,1.37397,1.374695,1.3737849999999998,1.374185,2066
2026-05-18 15:00:00,1.37418,1.375085,1.3740999999999999,1.374665,2312
2026-05-18 15:30:00,1.374685,1.37485,1.374145,1.37433,1706
2026-05-18 16:00:00,1.37435,1.3746900000000002,1.373805,1.3746550000000002,2951
2026-05-18 16:30:00,1.374665,1.374705,1.3739050000000002,1.374145,1456
2026-05-18 17:00:00,1.374155,1.37429,1.37392,1.374115,1343
2026-05-18 17:30:00,1.37411,1.374205,1.373915,1.373975,982
2026-05-18 18:00:00,1.373965,1.37478,1.37391,1.37465,1561
2026-05-18 18:30:00,1.37463,1.37506,1.374565,1.37504,1482
2026-05-18 19:00:00,1.375045,1.3750749999999998,1.373625,1.3741500000000002,2255
2026-05-18 19:30:00,1.3741400000000001,1.37428,1.373625,1.3739249999999998,1455
2026-05-18 20:00:00,1.37392,1.3740350000000001,1.373575,1.373625,359
2026-05-18 20:30:00,1.37363,1.37405,1.373625,1.37392,574
2026-05-18 21:00:00,1.3739,1.374495,1.373805,1.374255,122
2026-05-18 21:30:00,1.37422,1.3744,1.373865,1.37422,258
2026-05-18 22:00:00,1.37426,1.37426,1.3736199999999998,1.373625,307
2026-05-18 22:30:00,1.37363,1.373855,1.373625,1.373775,300
2026-05-18 23:00:00,1.3737750000000002,1.37384,1.373685,1.37375,462
2026-05-18 23:30:00,1.37374,1.37392,1.3736549999999998,1.373905,233
2026-05-19 00:00:00,1.37389,1.37436,1.37374,1.3741400000000001,2136
2026-05-19 00:30:00,1.374145,1.374825,1.374115,1.374805,1648
2026-05-19 01:00:00,1.37481,1.37497,1.3747,1.37487,2594
2026-05-19 01:30:00,1.37488,1.375085,1.37443,1.37486,3289
2026-05-19 02:00:00,1.374865,1.37519,1.37469,1.37488,3415
2026-05-19 02:30:00,1.37489,1.37496,1.3746,1.3746450000000001,2547
2026-05-19 03:00:00,1.37465,1.37479,1.37438,1.37443,1930
2026-05-19 03:30:00,1.37443,1.37472,1.374385,1.374665,1842
2026-05-19 04:00:00,1.37466,1.374925,1.37465,1.37489,2139
2026-05-19 04:30:00,1.374885,1.375315,1.374805,1.37524,1964
2026-05-19 05:00:00,1.37524,1.3753950000000001,1.374915,1.37523,2241
2026-05-19 05:30:00,1.37523,1.375305,1.37461,1.37466,2815
2026-05-19 06:00:00,1.3746450000000001,1.37477,1.37432,1.374695,1685
2026-05-19 06:30:00,1.374685,1.37483,1.374315,1.37467,1797
2026-05-19 07:00:00,1.3746800000000001,1.375,1.37447,1.37454,1606
2026-05-19 07:30:00,1.3745349999999998,1.374965,1.374395,1.374955,1555
2026-05-19 08:00:00,1.3749500000000001,1.37578,1.3749449999999999,1.3756300000000001,1576
2026-05-19 08:30:00,1.375645,1.376055,1.37527,1.37598,1201
2026-05-19 09:00:00,1.3759899999999998,1.3765299999999998,1.3759649999999999,1.3764150000000002,1755
2026-05-19 09:30:00,1.37642,1.3766349999999998,1.37618,1.37639,1804
2026-05-19 10:00:00,1.376385,1.37662,1.376,1.3765299999999998,1331
2026-05-19 10:30:00,1.37653,1.377205,1.3762050000000001,1.3762050000000001,2763
2026-05-19 11:00:00,1.3762050000000001,1.37628,1.374725,1.37473,1634
2026-05-19 11:30:00,1.37473,1.3752650000000002,1.37438,1.37526,1653
2026-05-19 12:00:00,1.3752650000000002,1.375915,1.37503,1.37507,1960
2026-05-19 12:30:00,1.375085,1.377415,1.3749799999999999,1.376525,2739
2026-05-19 13:00:00,1.3765450000000001,1.3770099999999998,1.37612,1.376325,2055
2026-05-19 13:30:00,1.3763100000000001,1.37703,1.3759299999999999,1.3765,3312
2026-05-19 14:00:00,1.376515,1.37702,1.375815,1.376655,3116
2026-05-19 14:30:00,1.3766500000000002,1.3772199999999999,1.376325,1.377065,2770
2026-05-19 15:00:00,1.377065,1.3771499999999999,1.376285,1.3763649999999998,1854
2026-05-19 15:30:00,1.37637,1.376495,1.375575,1.3756050000000002,1565
2026-05-19 16:00:00,1.3755899999999999,1.376175,1.375045,1.37512,1753
2026-05-19 16:30:00,1.3751250000000002,1.375135,1.374705,1.3749099999999999,2184
2026-05-19 17:00:00,1.374895,1.37527,1.3748049999999998,1.37515,1590
2026-05-19 17:30:00,1.3751449999999998,1.375335,1.375045,1.3751950000000002,1142
2026-05-19 18:00:00,1.375185,1.375205,1.37466,1.375025,1240
2026-05-19 18:30:00,1.3750300000000002,1.37515,1.374695,1.37493,1462
2026-05-19 19:00:00,1.374935,1.3751600000000002,1.3746200000000002,1.37493,1149
2026-05-19 19:30:00,1.37493,1.375245,1.3743400000000001,1.3749850000000001,1622
2026-05-19 20:00:00,1.3749950000000002,1.3753600000000001,1.37479,1.375105,1561
2026-05-19 20:30:00,1.37511,1.37513,1.3743400000000001,1.3744649999999998,1204
2026-05-19 21:00:00,1.3744200000000002,1.37453,1.374405,1.37453,98
2026-05-19 21:30:00,1.37453,1.37456,1.37449,1.374505,133
2026-05-19 22:00:00,1.37451,1.3746450000000001,1.3743949999999998,1.37442,320
2026-05-19 22:30:00,1.37442,1.37456,1.37439,1.374395,280
2026-05-19 23:00:00,1.374395,1.3744399999999999,1.37433,1.3743599999999998,517
2026-05-19 23:30:00,1.374355,1.37493,1.37424,1.3749250000000002,908
2026-05-20 00:00:00,1.3749500000000001,1.375685,1.3749500000000001,1.375415,3883
2026-05-20 00:30:00,1.375405,1.3758400000000002,1.3750499999999999,1.375785,3693
2026-05-20 01:00:00,1.375785,1.37606,1.375655,1.37592,3649
2026-05-20 01:30:00,1.37592,1.37612,1.37523,1.375565,3591
2026-05-20 02:00:00,1.375565,1.3756249999999999,1.37522,1.37546,2828
2026-05-20 02:30:00,1.37546,1.37578,1.37541,1.37558,3446
2026-05-20 03:00:00,1.37558,1.375715,1.37523,1.375295,2246
2026-05-20 03:30:00,1.375295,1.3755600000000001,1.375225,1.37552,2436
2026-05-20 04:00:00,1.37552,1.375765,1.375185,1.37572,2368
2026-05-20 04:30:00,1.375735,1.376015,1.37569,1.375945,2585
2026-05-20 05:00:00,1.375935,1.37603,1.3756149999999998,1.375985,2162
2026-05-20 05:30:00,1.375985,1.3760400000000002,1.37562,1.37582,2604
2026-05-20 06:00:00,1.375815,1.376175,1.37568,1.375745,1164
2026-05-20 06:30:00,1.37574,1.3766349999999998,1.375735,1.3765100000000001,1627
2026-05-20 07:00:00,1.376515,1.37675,1.376035,1.37668,2448
2026-05-20 07:30:00,1.3767,1.3772700000000002,1.37657,1.3772600000000002,1698
2026-05-20 08:00:00,1.377255,1.3772700000000002,1.37649,1.37683,2119
2026-05-20 08:30:00,1.3768099999999999,1.37728,1.376595,1.37728,1371
2026-05-20 09:00:00,1.37728,1.3774600000000001,1.376925,1.3774,1833
2026-05-20 09:30:00,1.377395,1.37786,1.3772799999999998,1.3777650000000001,1487
2026-05-20 10:00:00,1.37777,1.37785,1.37707,1.3771749999999998,1369
2026-05-20 10:30:00,1.37716,1.3772000000000002,1.376765,1.3768799999999999,1110
2026-05-20 11:00:00,1.3768850000000001,1.377065,1.3758750000000002,1.3758949999999999,1220
2026-05-20 11:30:00,1.3758949999999999,1.37602,1.37534,1.3753700000000002,1627
2026-05-20 12:00:00,1.375405,1.37666,1.37527,1.376645,1607
2026-05-20 12:30:00,1.37664,1.37664,1.375925,1.3762050000000001,1727
2026-05-20 13:00:00,1.37621,1.376565,1.3759350000000001,1.375945,1972
2026-05-20 13:30:00,1.37595,1.3774,1.3756599999999999,1.37728,3326
2026-05-20 14:00:00,1.377275,1.377625,1.375545,1.375615,4586
2026-05-20 14:30:00,1.3756050000000002,1.3756249999999999,1.3738899999999998,1.374085,4134
2026-05-20 15:00:00,1.37409,1.375365,1.3731,1.3743400000000001,4520
2026-05-20 15:30:00,1.37433,1.3752650000000002,1.373275,1.374755,3490
2026-05-20 16:00:00,1.37475,1.374815,1.3737599999999999,1.37424,2413
2026-05-20 16:30:00,1.374235,1.37497,1.3737849999999998,1.3747850000000001,1914
2026-05-20 17:00:00,1.374775,1.375435,1.374625,1.37507,1851
2026-05-20 17:30:00,1.375065,1.375545,1.374835,1.37539,1381
2026-05-20 18:00:00,1.37539,1.375565,1.37449,1.374525,1488
2026-05-20 18:30:00,1.3745150000000002,1.37493,1.37433,1.374845,1657
2026-05-20 19:00:00,1.3748550000000002,1.3749449999999999,1.374435,1.3746200000000002,1098
2026-05-20 19:30:00,1.37461,1.37472,1.3741949999999998,1.374325,1249
2026-05-20 20:00:00,1.37432,1.37465,1.374155,1.3743750000000001,1075
2026-05-20 20:30:00,1.37436,1.374615,1.37404,1.37459,764
2026-05-20 21:00:00,1.3745599999999998,1.3745599999999998,1.37365,1.3743949999999998,182
2026-05-20 21:30:00,1.3744100000000001,1.37454,1.37422,1.374475,293
2026-05-20 22:00:00,1.37448,1.374725,1.37438,1.3745150000000002,249
2026-05-20 22:30:00,1.374505,1.37466,1.374505,1.3746049999999999,156
2026-05-20 23:00:00,1.3746049999999999,1.37484,1.3745500000000002,1.37484,235
2026-05-20 23:30:00,1.37483,1.374935,1.374625,1.37485,239
2026-05-21 00:00:00,1.37484,1.3751449999999998,1.3747099999999999,1.37494,1707
2026-05-21 00:30:00,1.3749449999999999,1.375105,1.3748399999999998,1.374955,1225
2026-05-21 01:00:00,1.374945,1.375045,1.37461,1.374805,2457
2026-05-21 01:30:00,1.374805,1.375945,1.3748,1.37574,2587
2026-05-21 02:00:00,1.375725,1.37619,1.375565,1.376185,2141
2026-05-21 02:30:00,1.3761899999999998,1.376665,1.37597,1.37648,2583
2026-05-21 03:00:00,1.3764750000000001,1.37648,1.37614,1.376285,1529
2026-05-21 03:30:00,1.376285,1.37653,1.376225,1.376395,1395
2026-05-21 04:00:00,1.37638,1.37645,1.3761700000000001,1.376175,1421
2026-05-21 04:30:00,1.376175,1.37632,1.3761,1.376295,1677
2026-05-21 05:00:00,1.376295,1.37666,1.37616,1.376645,2284
2026-05-21 05:30:00,1.376645,1.376755,1.376325,1.376375,2450
2026-05-21 06:00:00,1.3763649999999998,1.376515,1.376,1.376045,1888
2026-05-21 06:30:00,1.3760400000000002,1.376515,1.37596,1.37641,1875
2026-05-21 07:00:00,1.3764150000000002,1.3772099999999998,1.3763100000000001,1.37718,3107
2026-05-21 07:30:00,1.37716,1.3774250000000001,1.3770950000000002,1.3773900000000001,2603
2026-05-21 08:00:00,1.377415,1.377665,1.3762400000000001,1.37625,2889
2026-05-21 08:30:00,1.3762500000000002,1.377045,1.376245,1.3767999999999998,2446
2026-05-21 09:00:00,1.3767900000000002,1.37702,1.376405,1.3764150000000002,1277
2026-05-21 09:30:00,1.37643,1.37684,1.376175,1.37671,1514
2026-05-21 10:00:00,1.3767200000000002,1.37716,1.376555,1.37691,1536
2026-05-21 10:30:00,1.376915,1.377395,1.37632,1.3765649999999998,2698
2026-05-21 11:00:00,1.3765800000000001,1.376655,1.376085,1.3764750000000001,1382
2026-05-21 11:30:00,1.376465,1.37696,1.3762249999999998,1.376925,1115
2026-05-21 12:00:00,1.376935,1.3774950000000001,1.376745,1.377255,1338
2026-05-21 12:30:00,1.377265,1.3775249999999999,1.37659,1.3775149999999998,2116
2026-05-21 13:00:00,1.3775400000000002,1.378825,1.37736,1.3786800000000001,1852
2026-05-21 13:30:00,1.37867,1.3789449999999999,1.378295,1.378505,2891
2026-05-21 14:00:00,1.3784999999999998,1.379715,1.3784999999999998,1.379225,2186
2026-05-21 14:30:00,1.3792200000000001,1.380025,1.378355,1.37893,3077
2026-05-21 15:00:00,1.378935,1.37951,1.3786100000000001,1.37865,3304
2026-05-21 15:30:00,1.3786399999999999,1.37923,1.378455,1.3789,2104
2026-05-21 16:00:00,1.378905,1.379305,1.3786049999999999,1.37886,2174
2026-05-21 16:30:00,1.378865,1.3791950000000002,1.378425,1.3785850000000002,1801
2026-05-21 17:00:00,1.3785699999999999,1.37883,1.37745,1.3777050000000002,3802
2026-05-21 17:30:00,1.377715,1.3780700000000001,1.3774199999999999,1.377785,2595
2026-05-21 18:00:00,1.3777949999999999,1.377875,1.376745,1.376875,2122
2026-05-21 18:30:00,1.376865,1.3785150000000002,1.37683,1.3782800000000002,2651
2026-05-21 19:00:00,1.37829,1.37839,1.377805,1.3780350000000001,1843
2026-05-21 19:30:00,1.378025,1.378275,1.3776899999999999,1.37794,1619
2026-05-21 20:00:00,1.3779249999999998,1.3780999999999999,1.377675,1.377735,987
2026-05-21 20:30:00,1.3777249999999999,1.3780000000000001,1.3777249999999999,1.377745,803
2026-05-21 21:00:00,1.377715,1.37817,1.377335,1.37776,190
2026-05-21 21:30:00,1.3777650000000001,1.377905,1.37758,1.3776950000000001,183
2026-05-21 22:00:00,1.377825,1.377825,1.377475,1.377655,173
2026-05-21 22:30:00,1.377665,1.3777,1.377435,1.3775849999999998,365
2026-05-21 23:00:00,1.377585,1.37777,1.377475,1.37768,474
2026-05-21 23:30:00,1.377685,1.3778000000000001,1.37762,1.377665,653
2026-05-22 00:00:00,1.37765,1.37881,1.37765,1.37845,2228
2026-05-22 00:30:00,1.3784399999999999,1.37863,1.3782999999999999,1.378355,1792
2026-05-22 01:00:00,1.378365,1.378885,1.37832,1.378525,1965
2026-05-22 01:30:00,1.37852,1.37894,1.378365,1.378905,2453
2026-05-22 02:00:00,1.3789150000000001,1.3790200000000001,1.3787699999999998,1.3788,1767
2026-05-22 02:30:00,1.3788,1.379005,1.3786,1.378845,1731
2026-05-22 03:00:00,1.37885,1.37927,1.3788049999999998,1.37892,1758
2026-05-22 03:30:00,1.37892,1.3791950000000002,1.378865,1.37919,1251
2026-05-22 04:00:00,1.3791950000000002,1.37928,1.37877,1.378815,954
2026-05-22 04:30:00,1.37881,1.3791449999999998,1.37881,1.37892,1375
2026-05-22 05:00:00,1.378925,1.37901,1.378785,1.37898,1565
2026-05-22 05:30:00,1.378975,1.37935,1.37838,1.3793199999999999,2339
2026-05-22 06:00:00,1.3793250000000001,1.379515,1.3790499999999999,1.37915,1496
2026-05-22 06:30:00,1.379155,1.3795250000000001,1.379,1.3790149999999999,1507
2026-05-22 07:00:00,1.3790149999999999,1.379545,1.3790149999999999,1.3792149999999999,1549
2026-05-22 07:30:00,1.379225,1.379475,1.3789699999999998,1.37906,1208
2026-05-22 08:00:00,1.3790499999999999,1.379165,1.37838,1.378575,1767
2026-05-22 08:30:00,1.378575,1.3790200000000001,1.3783750000000001,1.37849,1783
2026-05-22 09:00:00,1.378505,1.379395,1.378415,1.379115,1408
2026-05-22 09:30:00,1.379115,1.3793700000000002,1.37906,1.3791699999999998,1075
2026-05-22 10:00:00,1.37916,1.379645,1.3791000000000002,1.379645,1074
2026-05-22 10:30:00,1.379645,1.37992,1.3795549999999999,1.37977,1074
2026-05-22 11:00:00,1.37978,1.3800050000000001,1.379585,1.379675,684
2026-05-22 11:30:00,1.3796849999999998,1.380225,1.37953,1.380105,1606
2026-05-22 12:00:00,1.380115,1.3807049999999998,1.37971,1.380675,2164
2026-05-22 12:30:00,1.38069,1.38069,1.37994,1.3803899999999998,1765
2026-05-22 13:00:00,1.380375,1.3804500000000002,1.3791,1.379975,2105
2026-05-22 13:30:00,1.379995,1.3804850000000002,1.379765,1.37981,2474
2026-05-22 14:00:00,1.37982,1.381325,1.37982,1.381135,2484
2026-05-22 14:30:00,1.3811200000000001,1.381985,1.381075,1.38194,2546
2026-05-22 15:00:00,1.381935,1.382135,1.3815,1.3817499999999998,1869
2026-05-22 15:30:00,1.381745,1.38224,1.3814250000000001,1.381845,1865
2026-05-22 16:00:00,1.381845,1.382235,1.381145,1.381465,1628
2026-05-22 16:30:00,1.3814549999999999,1.3814950000000001,1.3808150000000001,1.380835,1252
2026-05-22 17:00:00,1.38084,1.38106,1.380535,1.3807900000000002,2130
2026-05-22 17:30:00,1.3807800000000001,1.3814099999999998,1.38066,1.3810850000000001,1349
2026-05-22 18:00:00,1.3810799999999999,1.38126,1.3805749999999999,1.3807450000000001,909
2026-05-22 18:30:00,1.380765,1.380925,1.380445,1.380925,758
2026-05-22 19:00:00,1.3809200000000001,1.38117,1.3805800000000001,1.38069,1069
2026-05-22 19:30:00,1.38069,1.3814549999999999,1.380665,1.38145,875
2026-05-22 20:00:00,1.3814549999999999,1.381545,1.381155,1.38151,849
2026-05-22 20:30:00,1.3814950000000001,1.38246,1.3814950000000001,1.38198,1943
2026-05-24 22:00:00,1.38151,1.38155,1.380185,1.38024,644
2026-05-24 22:30:00,1.3802349999999999,1.3802699999999999,1.37995,1.380195,510
2026-05-24 23:00:00,1.380195,1.380195,1.379855,1.379945,932
2026-05-24 23:30:00,1.37994,1.38046,1.37994,1.380255,1568
2026-05-25 00:00:00,1.3802699999999999,1.3807749999999999,1.3802349999999999,1.3806150000000001,2052
2026-05-25 00:30:00,1.380605,1.380805,1.38015,1.380375,2236
2026-05-25 01:00:00,1.38038,1.38059,1.379575,1.3795950000000001,1876
2026-05-25 01:30:00,1.379585,1.379955,1.379555,1.379935,983
2026-05-25 02:00:00,1.3799299999999999,1.379935,1.3796149999999998,1.37981,1068
2026-05-25 02:30:00,1.3797899999999998,1.38013,1.37976,1.380065,1017
2026-05-25 03:00:00,1.38007,1.3805450000000001,1.37996,1.380525,1526
2026-05-25 03:30:00,1.38052,1.38103,1.380465,1.380895,1672
2026-05-25 04:00:00,1.380895,1.38108,1.380735,1.38096,1163
2026-05-25 04:30:00,1.38096,1.38098,1.38052,1.38062,1105
2026-05-25 05:00:00,1.380615,1.3807800000000001,1.380405,1.38072,1081
2026-05-25 05:30:00,1.380715,1.38111,1.3806,1.381,1084
2026-05-25 06:00:00,1.380995,1.38138,1.3809,1.381125,1245
2026-05-25 06:30:00,1.3811300000000002,1.3812,1.38082,1.3809900000000002,953
2026-05-25 07:00:00,1.3809900000000002,1.382055,1.3809900000000002,1.3816899999999999,1670
2026-05-25 07:30:00,1.38166,1.38177,1.38147,1.38158,889
2026-05-25 08:00:00,1.381575,1.38206,1.3814449999999998,1.3816199999999998,1036
2026-05-25 08:30:00,1.38163,1.381645,1.381215,1.38127,1173
2026-05-25 09:00:00,1.381265,1.381605,1.381135,1.381465,510
2026-05-25 09:30:00,1.381465,1.381465,1.38113,1.381435,925
2026-05-25 10:00:00,1.381445,1.38155,1.38125,1.3814700000000002,518
2026-05-25 10:30:00,1.38148,1.38161,1.38133,1.3814600000000001,373
2026-05-25 11:00:00,1.3814549999999999,1.38182,1.3811749999999998,1.3812250000000001,335
2026-05-25 11:30:00,1.381235,1.3813300000000002,1.380725,1.38116,754
2026-05-25 12:00:00,1.3811550000000001,1.381405,1.3811149999999999,1.381165,728
2026-05-25 12:30:00,1.38116,1.3811849999999999,1.3804750000000001,1.38068,806
2026-05-25 13:00:00,1.3806850000000002,1.380785,1.3802050000000001,1.38029,869
2026-05-25 13:30:00,1.3802949999999998,1.381065,1.3802949999999998,1.380925,906
2026-05-25 14:00:00,1.380915,1.3809749999999998,1.380125,1.380475,679
2026-05-25 14:30:00,1.38048,1.3805100000000001,1.3798750000000002,1.3800949999999998,975
2026-05-25 15:00:00,1.380105,1.38029,1.379695,1.38014,1216
2026-05-25 15:30:00,1.380155,1.38019,1.37949,1.379725,741
2026-05-25 16:00:00,1.379725,1.380045,1.37965,1.37995,447
2026-05-25 16:30:00,1.379955,1.38042,1.37995,1.380315,1148
2026-05-25 17:00:00,1.3803100000000001,1.3805450000000001,1.3801299999999999,1.38022,296
2026-05-25 17:30:00,1.3802150000000002,1.38045,1.38011,1.38034,217
2026-05-25 18:00:00,1.380325,1.38036,1.380175,1.380325,154
2026-05-25 18:30:00,1.38032,1.38053,1.3803,1.380455,123
2026-05-25 19:00:00,1.3804500000000002,1.3805049999999999,1.380325,1.380405,128
2026-05-25 19:30:00,1.38037,1.380425,1.379975,1.38001,253
2026-05-25 20:00:00,1.379995,1.38022,1.3799299999999999,1.38022,354
2026-05-25 20:30:00,1.38022,1.380345,1.3799899999999998,1.380315,396
2026-05-25 21:00:00,1.380305,1.380585,1.38022,1.38023,98
2026-05-25 21:30:00,1.380305,1.38067,1.380205,1.3805749999999999,175
2026-05-25 22:00:00,1.380555,1.380555,1.38029,1.3803999999999998,163
2026-05-25 22:30:00,1.38039,1.3803999999999998,1.38028,1.3803299999999998,97
2026-05-25 23:00:00,1.380335,1.380365,1.38024,1.38036,276
2026-05-25 23:30:00,1.3803649999999998,1.38072,1.38036,1.380635,534
2026-05-26 00:00:00,1.380625,1.3809,1.380385,1.3807550000000002,1151
2026-05-26 00:30:00,1.3807550000000002,1.3807550000000002,1.38034,1.380365,990
2026-05-26 01:00:00,1.38037,1.380585,1.380265,1.38055,2470
2026-05-26 01:30:00,1.380545,1.38098,1.380515,1.38082,2367
2026-05-26 02:00:00,1.38082,1.380865,1.380735,1.38084,1497
2026-05-26 02:30:00,1.38084,1.38113,1.380795,1.38094,1646
2026-05-26 03:00:00,1.38094,1.3809550000000002,1.380665,1.38082,1672
2026-05-26 03:30:00,1.38082,1.38086,1.380665,1.3806699999999998,1870
2026-05-26 04:00:00,1.38067,1.3809200000000001,1.38065,1.3808,1040
2026-05-26 04:30:00,1.380805,1.3811200000000001,1.3807749999999999,1.3811200000000001,1373
2026-05-26 05:00:00,1.3811200000000001,1.38143,1.381105,1.381265,1673
2026-05-26 05:30:00,1.38126,1.381445,1.3812,1.381415,2487
2026-05-26 06:00:00,1.3814199999999999,1.38153,1.3808799999999999,1.381015,2297
2026-05-26 06:30:00,1.381015,1.3812,1.38075,1.38117,1923
2026-05-26 07:00:00,1.381165,1.381515,1.380915,1.381,2343
2026-05-26 07:30:00,1.381,1.38103,1.380255,1.3804750000000001,2223
2026-05-26 08:00:00,1.3804699999999999,1.3806500000000002,1.37989,1.38003,3033
2026-05-26 08:30:00,1.380035,1.3804500000000002,1.37989,1.3803200000000002,1533
2026-05-26 09:00:00,1.3803100000000001,1.38063,1.38022,1.3802699999999999,1633
2026-05-26 09:30:00,1.3802699999999999,1.3804349999999999,1.37996,1.3799700000000001,1132
2026-05-26 10:00:00,1.3799649999999999,1.380375,1.3799649999999999,1.38029,1125
2026-05-26 10:30:00,1.38029,1.380585,1.379935,1.38005,1757
2026-05-26 11:00:00,1.38005,1.3805450000000001,1.38001,1.3805100000000001,1531
2026-05-26 11:30:00,1.380515,1.381255,1.380455,1.38124,1232
2026-05-26 12:00:00,1.3812449999999998,1.381825,1.3811749999999998,1.3817050000000002,1602
2026-05-26 12:30:00,1.3816950000000001,1.382135,1.381555,1.381805,1252
2026-05-26 13:00:00,1.3818000000000001,1.381895,1.3814549999999999,1.381685,1814
2026-05-26 13:30:00,1.381665,1.3818000000000001,1.380445,1.380665,2605
2026-05-26 14:00:00,1.3806349999999998,1.380675,1.37999,1.38046,3245
2026-05-26 14:30:00,1.3804699999999999,1.3812,1.38002,1.380675,3740
2026-05-26 15:00:00,1.38068,1.381465,1.3806699999999998,1.3810250000000002,2682
2026-05-26 15:30:00,1.381015,1.381235,1.380445,1.380465,2664
2026-05-26 16:00:00,1.38045,1.380715,1.38009,1.3807,1779
2026-05-26 16:30:00,1.380695,1.3813499999999999,1.3803649999999998,1.38124,2634
2026-05-26 17:00:00,1.381255,1.3813,1.380865,1.3811749999999998,1429
2026-05-26 17:30:00,1.3811849999999999,1.3819750000000002,1.3811849999999999,1.381815,1774
2026-05-26 18:00:00,1.38182,1.381885,1.3814099999999998,1.3815149999999998,1578
2026-05-26 18:30:00,1.381505,1.3817249999999999,1.38122,1.381305,1201
2026-05-26 19:00:00,1.3813149999999998,1.3817,1.3813149999999998,1.38151,1011
2026-05-26 19:30:00,1.381505,1.3816000000000002,1.3810099999999998,1.3810099999999998,1331
2026-05-26 20:00:00,1.38102,1.38136,1.380865,1.381285,849
2026-05-26 20:30:00,1.38131,1.381445,1.38104,1.381215,883
2026-05-26 21:00:00,1.3811550000000001,1.381325,1.380915,1.3811499999999999,224
2026-05-26 21:30:00,1.3811300000000002,1.381375,1.380965,1.380985,426
2026-05-26 22:00:00,1.380985,1.3813300000000002,1.3809049999999998,1.381315,690
2026-05-26 22:30:00,1.381305,1.38131,1.380945,1.380965,360
2026-05-26 23:00:00,1.380965,1.3811149999999999,1.380755,1.3807550000000002,531
2026-05-26 23:30:00,1.380755,1.380865,1.380395,1.38084,765
2026-05-27 00:00:00,1.38085,1.38103,1.38059,1.3806,2105
2026-05-27 00:30:00,1.380595,1.38082,1.380375,1.3807550000000002,1672
2026-05-27 01:00:00,1.38075,1.3810850000000001,1.38066,1.38106,1809
2026-05-27 01:30:00,1.38106,1.3814950000000001,1.38106,1.38136,2091
2026-05-27 02:00:00,1.38136,1.38137,1.38084,1.38111,2104
2026-05-27 02:30:00,1.381125,1.381175,1.38089,1.381135,1437
2026-05-27 03:00:00,1.381135,1.38117,1.380785,1.38111,1678
2026-05-27 03:30:00,1.38111,1.3812600000000002,1.38106,1.381205,1716
2026-05-27 04:00:00,1.381195,1.3812250000000001,1.38102,1.3811399999999998,1605
2026-05-27 04:30:00,1.381145,1.381155,1.3809049999999998,1.380935,1592
2026-05-27 05:00:00,1.38094,1.38103,1.38085,1.38096,1767
2026-05-27 05:30:00,1.38096,1.3814600000000001,1.3809,1.38143,1968
2026-05-27 06:00:00,1.381435,1.38179,1.381295,1.38147,1741
2026-05-27 06:30:00,1.38147,1.38198,1.381325,1.381915,1685
2026-05-27 07:00:00,1.3819050000000002,1.38238,1.38158,1.38233,1667
2026-05-27 07:30:00,1.382325,1.382825,1.3821750000000002,1.382795,1227
2026-05-27 08:00:00,1.3827850000000002,1.38292,1.3823050000000001,1.3824649999999998,1880
2026-05-27 08:30:00,1.38246,1.382965,1.382225,1.3828399999999998,1295
2026-05-27 09:00:00,1.38283,1.38292,1.38231,1.3823400000000001,1207
2026-05-27 09:30:00,1.382345,1.3825500000000002,1.38211,1.3824100000000001,1159
2026-05-27 10:00:00,1.3824100000000001,1.382995,1.3823750000000001,1.3829,814
2026-05-27 10:30:00,1.3828999999999998,1.3836849999999998,1.382895,1.38355,1088
2026-05-27 11:00:00,1.383545,1.3838499999999998,1.38317,1.383835,1160
2026-05-27 11:30:00,1.3838300000000001,1.38396,1.383305,1.3833099999999998,1398
2026-05-27 12:00:00,1.383305,1.383675,1.3825349999999998,1.382575,3542
2026-05-27 12:30:00,1.3825599999999998,1.3829449999999999,1.382025,1.38283,2684
2026-05-27 13:00:00,1.382825,1.383775,1.382455,1.383475,2836
2026-05-27 13:30:00,1.383495,1.383585,1.3826749999999999,1.3826900000000002,3097
2026-05-27 14:00:00,1.3826800000000001,1.383365,1.382345,1.382725,3049
2026-05-27 14:30:00,1.3827349999999998,1.385225,1.3822999999999999,1.384945,4259
2026-05-27 15:00:00,1.38494,1.385035,1.38317,1.383375,3846
2026-05-27 15:30:00,1.383375,1.383645,1.38297,1.3830550000000001,2356
2026-05-27 16:00:00,1.38305,1.38353,1.3824,1.382765,1933
2026-05-27 16:30:00,1.38278,1.383105,1.3825599999999998,1.382635,1708
2026-05-27 17:00:00,1.3826550000000002,1.3834650000000002,1.3826450000000001,1.383175,2063
2026-05-27 17:30:00,1.38319,1.3832650000000002,1.38287,1.3830749999999998,1365
2026-05-27 18:00:00,1.38309,1.383675,1.3830550000000001,1.383495,1391
2026-05-27 18:30:00,1.383505,1.38362,1.38326,1.38348,1331
2026-05-27 19:00:00,1.3834650000000002,1.38355,1.38288,1.38307,1451
2026-05-27 19:30:00,1.38307,1.383515,1.3830550000000001,1.3832,998
2026-05-27 20:00:00,1.3831950000000002,1.383515,1.382905,1.38349,850
2026-05-27 20:30:00,1.3834499999999998,1.384115,1.383385,1.38402,1092
2026-05-27 21:00:00,1.38405,1.384145,1.383615,1.383945,200
2026-05-27 21:30:00,1.38395,1.384125,1.38387,1.384125,567
2026-05-27 22:00:00,1.384115,1.38414,1.38367,1.383815,540
2026-05-27 22:30:00,1.383815,1.38396,1.3837899999999999,1.3838849999999998,376
2026-05-27 23:00:00,1.38388,1.38426,1.383795,1.38422,852
2026-05-27 23:30:00,1.384215,1.3845100000000001,1.3841999999999999,1.38449,1030
2026-05-28 00:00:00,1.38449,1.384965,1.38443,1.384575,2457
2026-05-28 00:30:00,1.3845800000000001,1.3849550000000002,1.384525,1.3847800000000001,1835
2026-05-28 01:00:00,1.384785,1.385045,1.38471,1.38498,1799
2026-05-28 01:30:00,1.38498,1.385505,1.384945,1.38543,1343
2026-05-28 02:00:00,1.385435,1.385465,1.385205,1.385275,1611
2026-05-28 02:30:00,1.385285,1.38556,1.3852250000000002,1.38525,1691
2026-05-28 03:00:00,1.38523,1.38586,1.3850850000000001,1.38571,2012
2026-05-28 03:30:00,1.385705,1.386975,1.385705,1.3869099999999999,3076
2026-05-28 04:00:00,1.38691,1.386975,1.386425,1.386595,2246
2026-05-28 04:30:00,1.38659,1.38659,1.3860700000000001,1.38617,1631
2026-05-28 05:00:00,1.38617,1.386495,1.38608,1.386135,1624
2026-05-28 05:30:00,1.386135,1.38617,1.385565,1.38585,1903
2026-05-28 06:00:00,1.3858549999999998,1.385925,1.3851749999999998,1.38534,1747
2026-05-28 06:30:00,1.38533,1.38556,1.3849900000000002,1.385195,1942
2026-05-28 07:00:00,1.3851849999999999,1.38533,1.38456,1.38533,2824
2026-05-28 07:30:00,1.38532,1.38582,1.38516,1.385495,2284
2026-05-28 08:00:00,1.385505,1.386285,1.3851200000000001,1.38602,2537
2026-05-28 08:30:00,1.3860299999999999,1.38625,1.385825,1.386025,1604
2026-05-28 09:00:00,1.3860350000000001,1.3861400000000001,1.385495,1.3857249999999999,1228
2026-05-28 09:30:00,1.38572,1.38687,1.385685,1.38659,1749
2026-05-28 10:00:00,1.38659,1.3869799999999999,1.3862999999999999,1.3865599999999998,1887
2026-05-28 10:30:00,1.386565,1.38701,1.3862649999999999,1.38638,2326
2026-05-28 11:00:00,1.3863949999999998,1.38645,1.3852250000000002,1.385245,1703
2026-05-28 11:30:00,1.385235,1.38556,1.3848250000000002,1.38498,1085
2026-05-28 12:00:00,1.384985,1.385415,1.3846850000000002,1.3847649999999998,1691
2026-05-28 12:30:00,1.38473,1.38517,1.3840249999999998,1.38439,3346
2026-05-28 13:00:00,1.38437,1.3851550000000001,1.38369,1.384735,2546
2026-05-28 13:30:00,1.384725,1.3852099999999998,1.3836149999999998,1.38476,2916
2026-05-28 14:00:00,1.38476,1.3850799999999999,1.3823699999999999,1.38262,4998
2026-05-28 14:30:00,1.3826200000000002,1.38269,1.38164,1.38186,4535
2026-05-28 15:00:00,1.3818549999999998,1.3818549999999998,1.380085,1.3805200000000002,3349
2026-05-28 15:30:00,1.380515,1.38069,1.37988,1.3799649999999999,2287
2026-05-28 16:00:00,1.37996,1.380185,1.3792149999999999,1.379445,2132
2026-05-28 16:30:00,1.3794499999999998,1.379575,1.37894,1.3791799999999999,2214
2026-05-28 17:00:00,1.379175,1.3792399999999998,1.3782450000000002,1.378765,1718
2026-05-28 17:30:00,1.3787500000000001,1.37908,1.378475,1.3786,1699
2026-05-28 18:00:00,1.3786100000000001,1.378685,1.37804,1.3786749999999999,1695
2026-05-28 18:30:00,1.378685,1.3787600000000002,1.3780800000000002,1.37836,1496
2026-05-28 19:00:00,1.378365,1.3784450000000001,1.377875,1.37789,1442
2026-05-28 19:30:00,1.37789,1.3783699999999999,1.377395,1.3783150000000002,2127
2026-05-28 20:00:00,1.37832,1.37843,1.378055,1.3784049999999999,913
2026-05-28 20:30:00,1.3783949999999998,1.37873,1.378185,1.3783750000000001,872
2026-05-28 21:00:00,1.3783699999999999,1.3785150000000002,1.37823,1.3784399999999999,167
2026-05-28 21:30:00,1.37832,1.378965,1.3780299999999999,1.378725,1324
2026-05-28 22:00:00,1.37872,1.37872,1.3782899999999998,1.378345,975
2026-05-28 22:30:00,1.378345,1.3784100000000001,1.378285,1.37838,468
2026-05-28 23:00:00,1.37838,1.37839,1.3781750000000001,1.37829,579
2026-05-28 23:30:00,1.3783,1.378415,1.3782,1.37833,719
2026-05-29 00:00:00,1.37832,1.37833,1.3779750000000002,1.37803,3275
2026-05-29 00:30:00,1.37803,1.378585,1.37801,1.3784399999999999,2054
2026-05-29 01:00:00,1.3784399999999999,1.3785,1.377835,1.37801,3574
2026-05-29 01:30:00,1.37801,1.37855,1.37801,1.378545,2867
2026-05-29 02:00:00,1.378495,1.378495,1.37821,1.378355,1710
2026-05-29 02:30:00,1.37836,1.3786100000000001,1.37827,1.3785699999999999,1489
2026-05-29 03:00:00,1.3785699999999999,1.3789500000000001,1.3785699999999999,1.378865,2352
2026-05-29 03:30:00,1.378865,1.379185,1.3788,1.3789950000000002,1696
2026-05-29 04:00:00,1.378975,1.37903,1.37877,1.3790149999999999,1520
2026-05-29 04:30:00,1.3790200000000001,1.379085,1.37872,1.378945,1302
2026-05-29 05:00:00,1.37894,1.379075,1.3785699999999999,1.3787,612
2026-05-29 05:30:00,1.37869,1.378815,1.378495,1.3787449999999999,762
2026-05-29 06:00:00,1.37875,1.37928,1.37849,1.37928,1182
2026-05-29 06:30:00,1.3792900000000001,1.379635,1.3791799999999999,1.3793449999999998,1207
2026-05-29 07:00:00,1.3793549999999999,1.38008,1.3793549999999999,1.38005,1667
2026-05-29 07:30:00,1.38005,1.380325,1.37977,1.380085,2284
2026-05-29 08:00:00,1.38009,1.380765,1.38009,1.38028,2291
2026-05-29 08:30:00,1.380275,1.3807800000000001,1.3799549999999998,1.3805900000000002,1916
2026-05-29 09:00:00,1.3805800000000001,1.380935,1.38041,1.380855,1628
2026-05-29 09:30:00,1.38086,1.380945,1.38056,1.3807999999999998,2345
2026-05-29 10:00:00,1.3808099999999999,1.381075,1.380555,1.3806,1744
2026-05-29 10:30:00,1.3806,1.38106,1.380465,1.3808449999999999,1376
2026-05-29 11:00:00,1.3808600000000002,1.38148,1.3808500000000001,1.381235,1555
2026-05-29 11:30:00,1.3812449999999998,1.381445,1.37998,1.38005,1918
2026-05-29 12:00:00,1.380055,1.380945,1.379975,1.380675,2081
2026-05-29 12:30:00,1.38069,1.3829500000000001,1.38069,1.3818100000000002,2979
2026-05-29 13:00:00,1.3818000000000001,1.382085,1.380525,1.380925,3001
2026-05-29 13:30:00,1.38093,1.3817400000000002,1.3802050000000001,1.38127,3381
2026-05-29 14:00:00,1.3812799999999998,1.381625,1.3799800000000002,1.380395,3803
2026-05-29 14:30:00,1.3803999999999998,1.38105,1.377035,1.37761,6685
2026-05-29 15:00:00,1.377625,1.37888,1.3774199999999999,1.37852,6544
2026-05-29 15:30:00,1.378525,1.37853,1.3776199999999998,1.378495,5787
2026-05-29 16:00:00,1.378495,1.3797100000000002,1.3783750000000001,1.3796300000000001,4326
2026-05-29 16:30:00,1.379635,1.3802050000000001,1.3792900000000001,1.379915,4732
2026-05-29 17:00:00,1.37991,1.380115,1.379675,1.379785,3880
2026-05-29 17:30:00,1.37978,1.37984,1.3791799999999999,1.3793099999999998,3295
2026-05-29 18:00:00,1.3793199999999999,1.37944,1.37874,1.379105,3772
2026-05-29 18:30:00,1.3791099999999998,1.37969,1.37867,1.379675,3415
2026-05-29 19:00:00,1.37969,1.379805,1.378615,1.378625,2929
2026-05-29 19:30:00,1.37863,1.379345,1.378525,1.379035,3002
2026-05-29 20:00:00,1.37901,1.3794300000000002,1.378485,1.379225,3691
2026-05-29 20:30:00,1.37923,1.38013,1.37923,1.379605,5357
2026-05-31 22:00:00,1.3800249999999998,1.3802249999999998,1.37954,1.379805,856
2026-05-31 22:30:00,1.37981,1.379915,1.379535,1.379565,697
2026-05-31 23:00:00,1.3795600000000001,1.37988,1.379545,1.37957,1047
2026-05-31 23:30:00,1.379555,1.37976,1.3789699999999998,1.37975,1822
2026-06-01 00:00:00,1.37975,1.38062,1.379745,1.3804400000000001,5188
2026-06-01 00:30:00,1.380425,1.380655,1.380345,1.38049,3644
2026-06-01 01:00:00,1.38048,1.3809900000000002,1.3804500000000002,1.38082,3837
2026-06-01 01:30:00,1.38081,1.380945,1.380685,1.38089,3502
2026-06-01 02:00:00,1.38089,1.380995,1.380625,1.380985,1620
2026-06-01 02:30:00,1.380985,1.3811900000000001,1.380875,1.380895,2608
2026-06-01 03:00:00,1.380895,1.38122,1.38073,1.380785,2007
2026-06-01 03:30:00,1.380785,1.3813900000000001,1.380735,1.381345,2240
2026-06-01 04:00:00,1.3813499999999999,1.38136,1.38092,1.38093,1210
2026-06-01 04:30:00,1.38093,1.381065,1.38084,1.3808449999999999,1284
2026-06-01 05:00:00,1.38084,1.3809200000000001,1.38065,1.380885,1629
2026-06-01 05:30:00,1.38087,1.38096,1.3807800000000001,1.38091,1468
2026-06-01 06:00:00,1.3809,1.3809,1.3801899999999998,1.380455,1322
2026-06-01 06:30:00,1.3804500000000002,1.3808600000000002,1.380375,1.380435,1551
2026-06-01 07:00:00,1.380455,1.38119,1.38045,1.38111,2312
2026-06-01 07:30:00,1.3811149999999999,1.382015,1.3810699999999998,1.38145,1887
2026-06-01 08:00:00,1.38143,1.381895,1.38132,1.3816899999999999,1718
2026-06-01 08:30:00,1.3816950000000001,1.381885,1.38147,1.381525,1456
2026-06-01 09:00:00,1.3815149999999998,1.382275,1.3812,1.3820700000000001,1353
2026-06-01 09:30:00,1.382075,1.38226,1.381865,1.38188,1970
2026-06-01 10:00:00,1.38186,1.382325,1.38172,1.3820299999999999,1933
2026-06-01 10:30:00,1.3820350000000001,1.38253,1.38197,1.382415,1472
2026-06-01 11:00:00,1.3824049999999999,1.38308,1.3824049999999999,1.382635,1491
2026-06-01 11:30:00,1.38265,1.383545,1.38265,1.383085,1668
2026-06-01 12:00:00,1.383075,1.383765,1.3826399999999999,1.383675,1979
2026-06-01 12:30:00,1.38368,1.383845,1.382435,1.382615,2998
2026-06-01 13:00:00,1.3826399999999999,1.3844699999999999,1.3826399999999999,1.3835549999999999,5855
2026-06-01 13:30:00,1.38355,1.384895,1.38351,1.38439,6078
2026-06-01 14:00:00,1.384405,1.384945,1.38409,1.38429,4596
2026-06-01 14:30:00,1.3842949999999998,1.3847749999999999,1.384035,1.384125,3048
2026-06-01 15:00:00,1.3841199999999998,1.3842249999999998,1.3830149999999999,1.38305,2772
2026-06-01 15:30:00,1.383065,1.384065,1.382695,1.3838249999999999,3104
2026-06-01 16:00:00,1.38382,1.38437,1.38358,1.38364,1911
2026-06-01 16:30:00,1.383645,1.383885,1.382775,1.382835,2428
2026-06-01 17:00:00,1.38282,1.3832650000000002,1.3827699999999998,1.38289,1658
2026-06-01 17:30:00,1.38288,1.3832550000000001,1.3827850000000002,1.383175,2003
2026-06-01 18:00:00,1.383185,1.3836149999999998,1.38313,1.3836149999999998,1228
2026-06-01 18:30:00,1.38361,1.3841999999999999,1.383605,1.3841800000000002,1308
2026-06-01 19:00:00,1.38419,1.3842949999999998,1.38391,1.384015,1017
2026-06-01 19:30:00,1.38401,1.384015,1.3835099999999998,1.383815,1405
2026-06-01 20:00:00,1.3838300000000001,1.38421,1.38362,1.384105,861
2026-06-01 20:30:00,1.3840949999999999,1.384165,1.38373,1.3840599999999998,943
2026-06-01 21:00:00,1.3841700000000001,1.38464,1.38416,1.384365,194
2026-06-01 21:30:00,1.384445,1.3844949999999998,1.3836849999999998,1.383905,703
2026-06-01 22:00:00,1.38381,1.38428,1.38381,1.38428,391
2026-06-01 22:30:00,1.38427,1.3843100000000002,1.38398,1.38402,389
2026-06-01 23:00:00,1.38403,1.3841700000000001,1.383925,1.38407,1037
2026-06-01 23:30:00,1.3840599999999998,1.3843450000000002,1.383995,1.3841700000000001,665
2026-06-02 00:00:00,1.384155,1.3843450000000002,1.384045,1.3842750000000001,1599
2026-06-02 00:30:00,1.384275,1.38457,1.3840750000000002,1.3845049999999999,1769
2026-06-02 01:00:00,1.3845049999999999,1.38461,1.384275,1.3845,2071
2026-06-02 01:30:00,1.384495,1.3848449999999999,1.3844699999999999,1.3847,2002
2026-06-02 02:00:00,1.3847,1.3847749999999999,1.384555,1.38459,2284
2026-06-02 02:30:00,1.38459,1.3847800000000001,1.38455,1.38476,1752
2026-06-02 03:00:00,1.3847450000000001,1.384755,1.38452,1.38455,1014
2026-06-02 03:30:00,1.38455,1.384655,1.3844599999999998,1.3844699999999999,1462
2026-06-02 04:00:00,1.38449,1.38461,1.384455,1.384595,1379
2026-06-02 04:30:00,1.384595,1.384605,1.384445,1.38448,1383
2026-06-02 05:00:00,1.3844699999999999,1.3845,1.38427,1.384355,1649
2026-06-02 05:30:00,1.38435,1.384615,1.384275,1.38458,770
2026-06-02 06:00:00,1.3846,1.384665,1.3838949999999999,1.3839549999999998,1363
2026-06-02 06:30:00,1.38396,1.383995,1.383565,1.3837199999999998,1726
2026-06-02 07:00:00,1.383725,1.38416,1.383565,1.3840599999999998,2393
2026-06-02 07:30:00,1.3840599999999998,1.3841700000000001,1.38375,1.384,1568
2026-06-02 08:00:00,1.3840050000000002,1.38452,1.3836650000000001,1.3843450000000002,1208
2026-06-02 08:30:00,1.384345,1.38484,1.384285,1.384755,1268
2026-06-02 10:00:00,1.38504,1.38524,1.384795,1.385095,2045
2026-06-02 10:30:00,1.3850850000000001,1.3853900000000001,1.384935,1.38527,1538
2026-06-02 17:00:00,1.383305,1.383965,1.38319,1.38347,1648
2026-06-02 17:30:00,1.38347,1.383965,1.383375,1.383915,943
2026-06-02 18:00:00,1.3839000000000001,1.384065,1.383675,1.38374,971
2026-06-02 18:30:00,1.38373,1.383795,1.38293,1.3831699999999998,1807
2026-06-02 19:00:00,1.383165,1.3833950000000002,1.38307,1.383305,599
2026-06-02 19:30:00,1.3832900000000001,1.38371,1.3832900000000001,1.3835899999999999,998
2026-06-02 20:00:00,1.3836,1.383795,1.3834149999999998,1.38367,844
2026-06-02 20:30:00,1.3836650000000001,1.38399,1.38355,1.383925,968
2026-06-02 21:00:00,1.38392,1.384065,1.3835549999999999,1.38406,342
2026-06-02 21:30:00,1.3840849999999998,1.3842599999999998,1.383985,1.3842050000000001,1158
2026-06-02 22:00:00,1.384035,1.38423,1.38389,1.38402,404
2026-06-02 22:30:00,1.3840150000000002,1.384085,1.38391,1.38408,352
2026-06-02 23:00:00,1.38407,1.3842750000000001,1.3839549999999998,1.3841350000000001,838
2026-06-02 23:30:00,1.38413,1.384675,1.384065,1.384575,1335
2026-06-03 00:00:00,1.3845800000000001,1.38471,1.38407,1.38411,1642
2026-06-03 00:30:00,1.38411,1.38419,1.383875,1.38408,1135
2026-06-03 01:00:00,1.3840750000000002,1.3841700000000001,1.383815,1.3839000000000001,1498
2026-06-03 01:30:00,1.38389,1.38409,1.383675,1.384015,1655
2026-06-03 02:00:00,1.38401,1.384225,1.3837549999999998,1.38421,1680
2026-06-03 02:30:00,1.384215,1.384685,1.384155,1.384485,1241
2026-06-03 03:00:00,1.38448,1.384605,1.38437,1.38455,1124
2026-06-03 03:30:00,1.384545,1.384785,1.38453,1.384785,987
2026-06-03 04:00:00,1.3847800000000001,1.3848799999999999,1.38469,1.3848799999999999,1230
2026-06-03 04:30:00,1.3848799999999999,1.385055,1.38483,1.3848799999999999,1309
2026-06-03 05:00:00,1.38487,1.385445,1.384825,1.385405,1011
2026-06-03 05:30:00,1.38541,1.38545,1.3849399999999998,1.385125,1696
2026-06-03 06:00:00,1.385125,1.385855,1.38486,1.3857300000000001,2646
2026-06-03 06:30:00,1.38572,1.385755,1.38504,1.385235,1908
2026-06-03 07:00:00,1.38524,1.38565,1.3851550000000001,1.3855650000000002,2604
2026-06-03 07:30:00,1.385575,1.385575,1.3846349999999998,1.385135,2619
2026-06-03 08:00:00,1.385145,1.385635,1.38493,1.38543,1815
2026-06-03 08:30:00,1.3854199999999999,1.38595,1.3853149999999999,1.3857300000000001,2595
2026-06-03 09:00:00,1.3857400000000002,1.3857849999999998,1.3851399999999998,1.38551,1757
2026-06-03 09:30:00,1.385505,1.385825,1.385335,1.3857149999999998,1526
2026-06-03 10:00:00,1.3857249999999999,1.3857300000000001,1.38472,1.38517,2089
2026-06-03 10:30:00,1.38516,1.38527,1.38482,1.38525,1575
2026-06-03 11:00:00,1.38525,1.385465,1.385015,1.385335,1233
2026-06-03 11:30:00,1.3853149999999999,1.385555,1.384995,1.3854350000000002,1936
2026-06-03 12:00:00,1.38545,1.3857849999999998,1.385395,1.3857149999999998,1800
2026-06-03 12:30:00,1.385705,1.386995,1.385705,1.386755,2747
2026-06-03 13:00:00,1.386765,1.3875099999999998,1.38645,1.3868299999999998,2567
2026-06-03 13:30:00,1.386825,1.3876400000000002,1.38631,1.387405,5145
2026-06-03 14:00:00,1.38744,1.3874849999999999,1.38652,1.38673,3822
2026-06-03 14:30:00,1.386725,1.3879899999999998,1.386725,1.3878650000000001,4107
2026-06-03 15:00:00,1.3878750000000002,1.388875,1.3878400000000002,1.38828,3286
2026-06-03 15:30:00,1.388275,1.389265,1.3881299999999999,1.389175,2990
2026-06-03 16:00:00,1.38917,1.389845,1.38916,1.389555,2608
2026-06-03 16:30:00,1.3895650000000002,1.3898350000000002,1.389435,1.389435,2201
2026-06-03 17:00:00,1.3894199999999999,1.3895,1.3889399999999998,1.3894549999999999,1922
2026-06-03 17:30:00,1.38945,1.3897249999999999,1.3893399999999998,1.3896350000000002,1269
2026-06-03 18:00:00,1.3896199999999999,1.38998,1.3896199999999999,1.389845,1203
2026-06-03 18:30:00,1.38985,1.38988,1.38928,1.38952,1331
2026-06-03 19:00:00,1.38952,1.38961,1.38923,1.3893550000000001,1511
2026-06-03 19:30:00,1.38936,1.3897050000000002,1.3893149999999999,1.38968,1028
2026-06-03 20:00:00,1.3896899999999999,1.389745,1.3893499999999999,1.389675,1444
2026-06-03 20:30:00,1.3896950000000001,1.38984,1.38934,1.389685,1040
2026-06-03 21:00:00,1.389665,1.389665,1.389465,1.389525,121
2026-06-03 21:30:00,1.38949,1.38958,1.38907,1.389095,387
2026-06-03 22:00:00,1.38917,1.3899650000000001,1.3891149999999999,1.389755,792
2026-06-03 22:30:00,1.389745,1.389865,1.38896,1.38916,982
2026-06-03 23:00:00,1.38916,1.389575,1.38904,1.38947,971
2026-06-03 23:30:00,1.38947,1.38958,1.3893,1.38938,946
2026-06-04 00:00:00,1.389395,1.389475,1.38897,1.3891149999999999,2940
2026-06-04 00:30:00,1.389135,1.389505,1.389085,1.3894,2075
2026-06-04 01:00:00,1.38943,1.3897,1.38931,1.38964,2980
2026-06-04 01:30:00,1.38963,1.389845,1.38943,1.3896899999999999,1924
2026-06-04 02:00:00,1.389685,1.3903699999999999,1.389665,1.390195,1849
2026-06-04 02:30:00,1.39019,1.390215,1.389685,1.389825,1311
2026-06-04 03:00:00,1.3898350000000002,1.3904100000000001,1.389805,1.390385,1540
2026-06-04 03:30:00,1.39038,1.39044,1.390015,1.390035,1357
2026-06-04 04:00:00,1.3900299999999999,1.390285,1.3900199999999998,1.390245,1137
2026-06-04 04:30:00,1.39024,1.390455,1.3898899999999998,1.390365,1763
2026-06-04 05:00:00,1.3903699999999999,1.39092,1.39029,1.39087,1495
2026-06-04 05:30:00,1.390865,1.39089,1.390385,1.3904,1423
2026-06-04 06:00:00,1.390415,1.3908,1.3901750000000002,1.39058,2096
2026-06-04 06:30:00,1.3905850000000002,1.39134,1.390255,1.3909850000000001,3046
2026-06-04 07:00:00,1.390975,1.39181,1.390755,1.39181,2960
2026-06-04 07:30:00,1.391815,1.39252,1.39176,1.392255,3177
2026-06-04 08:00:00,1.39226,1.39226,1.3915199999999999,1.3916,2554
2026-06-04 08:30:00,1.39161,1.39198,1.39143,1.39167,1719
2026-06-04 09:00:00,1.39166,1.39169,1.390495,1.3905699999999999,2705
2026-06-04 09:30:00,1.3905599999999998,1.3906649999999998,1.38999,1.390025,2617
2026-06-04 10:00:00,1.39004,1.39036,1.389815,1.3900700000000001,2743
2026-06-04 10:30:00,1.390075,1.390205,1.38972,1.39004,2455
2026-06-04 11:00:00,1.390045,1.39005,1.38922,1.3892449999999998,2524
2026-06-04 11:30:00,1.389225,1.389615,1.389015,1.38947,1966
2026-06-04 12:00:00,1.389485,1.389845,1.389075,1.389285,2578
2026-06-04 12:30:00,1.3892950000000002,1.3895499999999998,1.3888099999999999,1.3890850000000001,2517
2026-06-04 13:00:00,1.3890799999999999,1.3895149999999998,1.388865,1.389265,3062
2026-06-04 13:30:00,1.38926,1.3893849999999999,1.3881100000000002,1.3887450000000001,3836
2026-06-04 14:00:00,1.3887399999999999,1.389065,1.388535,1.38897,2914
2026-06-04 14:30:00,1.38898,1.3898000000000001,1.38898,1.3894250000000001,3452
2026-06-04 15:00:00,1.3894199999999999,1.390495,1.389285,1.390155,3069
2026-06-04 15:30:00,1.3901599999999998,1.390225,1.3890449999999999,1.3890850000000001,2210
2026-06-04 16:00:00,1.3890799999999999,1.389645,1.388945,1.38941,2260
2026-06-04 16:30:00,1.3894000000000002,1.389885,1.38938,1.389665,2187
2026-06-04 17:00:00,1.3896700000000002,1.390025,1.38956,1.390025,1620
2026-06-04 17:30:00,1.39002,1.39026,1.389935,1.3901050000000001,1519
2026-06-04 18:00:00,1.39011,1.390185,1.38982,1.3900549999999998,1288
2026-06-04 18:30:00,1.39006,1.39013,1.3895499999999998,1.3899249999999999,1525
2026-06-04 19:00:00,1.38993,1.390385,1.3897650000000001,1.390345,1407
2026-06-04 19:30:00,1.390355,1.3905349999999999,1.390135,1.390385,956
2026-06-04 20:00:00,1.39039,1.391165,1.39039,1.3908749999999999,707
2026-06-04 20:30:00,1.39087,1.391085,1.3906749999999999,1.3909099999999999,938
2026-06-04 21:00:00,1.390885,1.39106,1.3900899999999998,1.390965,681
2026-06-04 21:30:00,1.39096,1.391115,1.390495,1.390525,743
2026-06-04 22:00:00,1.39051,1.390895,1.390355,1.390705,366
2026-06-04 22:30:00,1.39071,1.3909,1.3906399999999999,1.390795,198
2026-06-04 23:00:00,1.39079,1.390795,1.390645,1.39067,560
2026-06-04 23:30:00,1.390665,1.390885,1.390655,1.39074,957
2026-06-05 00:00:00,1.390755,1.390835,1.3905150000000002,1.39078,1769
2026-06-05 00:30:00,1.390785,1.3908550000000002,1.390495,1.390655,1164
2026-06-05 01:00:00,1.390665,1.391235,1.3906399999999999,1.391035,1724
2026-06-05 01:30:00,1.39104,1.391085,1.3902999999999999,1.390385,1573
2026-06-05 02:00:00,1.390375,1.390485,1.3900299999999999,1.39009,1201
2026-06-05 02:30:00,1.3901,1.39029,1.39006,1.390175,1066
2026-06-05 03:00:00,1.390165,1.39045,1.390115,1.390435,1001
2026-06-05 03:30:00,1.39043,1.39062,1.39035,1.39055,1232
2026-06-05 04:00:00,1.39055,1.39055,1.3902999999999999,1.390505,819
2026-06-05 04:30:00,1.390505,1.3905750000000001,1.390265,1.3903750000000001,1045
2026-06-05 05:00:00,1.39038,1.390535,1.390345,1.39049,917
2026-06-05 05:30:00,1.390495,1.390615,1.39025,1.39058,1114
2026-06-05 06:00:00,1.39058,1.39092,1.3904100000000001,1.390435,1078
2026-06-05 06:30:00,1.39043,1.390455,1.3896950000000001,1.38998,1581
2026-06-05 07:00:00,1.389985,1.39005,1.388795,1.38889,1598
2026-06-05 07:30:00,1.3888850000000001,1.38898,1.3883899999999998,1.3887999999999998,1983
2026-06-05 08:00:00,1.3887999999999998,1.3888,1.3882949999999998,1.38859,3147
2026-06-05 08:30:00,1.388595,1.389035,1.38846,1.3888699999999998,2012
2026-06-05 09:00:00,1.38888,1.388945,1.38794,1.387945,2488
2026-06-05 09:30:00,1.3879350000000001,1.38796,1.3873099999999998,1.38755,1661
2026-06-05 10:00:00,1.3875600000000001,1.38767,1.3868,1.38733,1564
2026-06-05 10:30:00,1.3873449999999998,1.387715,1.3871449999999999,1.38767,1397
2026-06-05 11:00:00,1.38768,1.388285,1.38766,1.3878050000000002,1888
2026-06-05 11:30:00,1.38781,1.388335,1.38762,1.3880050000000002,1748
2026-06-05 12:00:00,1.38797,1.3893900000000001,1.3876149999999998,1.3888850000000001,2610
2026-06-05 12:30:00,1.3889,1.38954,1.386665,1.389465,6767
2026-06-05 13:00:00,1.38946,1.3899650000000001,1.38884,1.3891900000000001,4621
2026-06-05 13:30:00,1.389195,1.390455,1.389195,1.390385,5267
2026-06-05 14:00:00,1.39039,1.3919700000000002,1.38993,1.39188,4290
2026-06-05 14:30:00,1.391875,1.3919000000000001,1.3912200000000001,1.391745,3798
2026-06-05 15:00:00,1.39173,1.39255,1.391365,1.39235,3478
2026-06-05 15:30:00,1.392375,1.393845,1.392375,1.39329,3400
2026-06-05 16:00:00,1.3932699999999998,1.39419,1.3931749999999998,1.3940549999999998,3204
2026-06-05 16:30:00,1.3940649999999999,1.394425,1.3935149999999998,1.39365,2559
2026-06-05 17:00:00,1.3936350000000002,1.394205,1.393515,1.393665,2877
2026-06-05 17:30:00,1.39367,1.3943949999999998,1.393545,1.394275,2473
2026-06-05 18:00:00,1.39428,1.394595,1.3941750000000002,1.3945750000000001,2270
2026-06-05 18:30:00,1.3945850000000002,1.394955,1.39419,1.394955,2486
2026-06-05 19:00:00,1.394965,1.395065,1.39452,1.39456,1748
2026-06-05 19:30:00,1.394565,1.3948550000000002,1.3940299999999999,1.39428,1942
2026-06-05 20:00:00,1.394275,1.395035,1.3939750000000002,1.3941400000000002,1339
2026-06-05 20:30:00,1.39413,1.3944800000000002,1.3937249999999999,1.393735,2121
2026-06-07 22:00:00,1.394275,1.39485,1.39425,1.394805,1575
2026-06-07 22:30:00,1.394795,1.3952550000000001,1.3946049999999999,1.39521,1078
2026-06-07 23:00:00,1.3952200000000001,1.3952200000000001,1.3944649999999998,1.39492,1321
2026-06-07 23:30:00,1.39492,1.3949449999999999,1.394415,1.3945400000000001,1857
2026-06-08 00:00:00,1.3945349999999999,1.394615,1.39431,1.394435,1463
2026-06-08 00:30:00,1.39444,1.3944450000000002,1.393835,1.39386,2786
2026-06-08 01:00:00,1.393855,1.39492,1.39382,1.39483,4542
2026-06-08 01:30:00,1.3948399999999999,1.3952499999999999,1.394545,1.394665,4708
2026-06-08 02:00:00,1.3946450000000001,1.395105,1.39452,1.3946,2906
2026-06-08 02:30:00,1.3946,1.39478,1.39445,1.39467,3144
2026-06-08 03:00:00,1.39467,1.39499,1.3946399999999999,1.394885,2305
2026-06-08 03:30:00,1.394885,1.39497,1.394585,1.39459,1851
2026-06-08 04:00:00,1.394595,1.394785,1.39429,1.394475,1980
2026-06-08 04:30:00,1.39447,1.39467,1.394345,1.39436,2249
2026-06-08 05:00:00,1.39435,1.39436,1.39362,1.39386,2953
2026-06-08 05:30:00,1.39386,1.39491,1.39385,1.39474,4796
2026-06-08 06:00:00,1.394745,1.394935,1.39439,1.39473,4308
2026-06-08 06:30:00,1.3947349999999998,1.3949699999999998,1.39426,1.39456,2642
2026-06-08 07:00:00,1.394555,1.3946749999999999,1.3937300000000001,1.393885,4451
2026-06-08 07:30:00,1.393895,1.395155,1.393885,1.39514,3412
2026-06-08 08:00:00,1.3951449999999999,1.39519,1.39462,1.3946299999999998,3516
2026-06-08 08:30:00,1.394635,1.3952499999999999,1.39463,1.39512,2620
2026-06-08 09:00:00,1.39513,1.395205,1.3945750000000001,1.3951950000000002,2443
2026-06-08 09:30:00,1.39521,1.39539,1.394385,1.39469,2171
2026-06-08 10:00:00,1.394695,1.39486,1.39428,1.394445,2269
2026-06-08 10:30:00,1.39445,1.3947,1.394025,1.3942199999999998,1674
2026-06-08 11:00:00,1.3942350000000001,1.39439,1.3930449999999999,1.3933,2662
2026-06-08 11:30:00,1.3933,1.39395,1.393005,1.393845,2797
2026-06-08 12:00:00,1.3938350000000002,1.39388,1.392945,1.3932600000000002,3224
2026-06-08 12:30:00,1.393265,1.3933849999999999,1.39264,1.393145,1750
2026-06-08 13:00:00,1.3931399999999998,1.39363,1.393055,1.39316,2322
2026-06-08 13:30:00,1.393165,1.3943699999999999,1.3927,1.3940299999999999,3472
2026-06-08 14:00:00,1.3940350000000001,1.395045,1.3935849999999999,1.3946100000000001,3933
2026-06-08 14:30:00,1.394625,1.394705,1.394045,1.3942299999999999,3619
2026-06-08 15:00:00,1.394225,1.395025,1.39375,1.3950200000000001,3493
2026-06-08 15:30:00,1.395015,1.395335,1.394965,1.395065,2598
2026-06-08 16:00:00,1.395085,1.3952749999999998,1.394995,1.3952,1925
2026-06-08 16:30:00,1.3951950000000002,1.39542,1.3948550000000002,1.3953950000000002,2316
2026-06-08 17:00:00,1.395385,1.395775,1.39535,1.3955449999999998,2051
2026-06-08 17:30:00,1.3955549999999999,1.3961350000000001,1.3952399999999998,1.395275,2056
2026-06-08 18:00:00,1.39527,1.39527,1.3945949999999998,1.394865,2640
2026-06-08 18:30:00,1.39487,1.395655,1.3948049999999999,1.39557,1668
2026-06-08 19:00:00,1.395575,1.395655,1.3952499999999999,1.3953250000000001,1730
2026-06-08 19:30:00,1.39532,1.39558,1.39501,1.3951699999999998,1997
2026-06-08 20:00:00,1.3951850000000001,1.395235,1.3950049999999998,1.395035,1624
2026-06-08 20:30:00,1.39503,1.39544,1.395025,1.3953449999999998,911
2026-06-08 21:00:00,1.39538,1.39538,1.394255,1.3947150000000001,3223
2026-06-08 21:30:00,1.394795,1.3952849999999999,1.394545,1.394705,2861
2026-06-08 22:00:00,1.3948749999999999,1.395395,1.39487,1.395385,706
2026-06-08 22:30:00,1.3954,1.395425,1.395195,1.395195,345
2026-06-08 23:00:00,1.39521,1.395545,1.3951799999999999,1.39554,358
2026-06-08 23:30:00,1.395535,1.395835,1.395535,1.395805,970
2026-06-09 00:00:00,1.39581,1.395945,1.395645,1.395745,2906
2026-06-09 00:30:00,1.395735,1.39584,1.395205,1.395265,1969
2026-06-09 01:00:00,1.3952499999999999,1.395635,1.39487,1.394985,2208
2026-06-09 01:30:00,1.394975,1.395015,1.3946049999999999,1.394625,2323
2026-06-09 02:00:00,1.394615,1.39484,1.39449,1.3946749999999999,1567
2026-06-09 02:30:00,1.394685,1.39482,1.39459,1.394715,1272
2026-06-09 03:00:00,1.3947150000000001,1.39508,1.394555,1.3948749999999999,1571
2026-06-09 03:30:00,1.3948749999999999,1.39508,1.3948049999999999,1.3948049999999999,1302
2026-06-09 04:00:00,1.39481,1.39497,1.394635,1.394635,1749
2026-06-09 04:30:00,1.394645,1.3947,1.39426,1.39443,2129
2026-06-09 05:00:00,1.394435,1.39474,1.3942700000000001,1.3944649999999998,2359
2026-06-09 05:30:00,1.3944649999999998,1.3944649999999998,1.3936099999999998,1.39372,2706
2026-06-09 06:00:00,1.39371,1.393865,1.3930500000000001,1.39349,1742
2026-06-09 06:30:00,1.393495,1.39383,1.3933300000000002,1.393685,1855
2026-06-09 07:00:00,1.3936950000000001,1.394095,1.39359,1.393735,3080
2026-06-09 07:30:00,1.393735,1.3940299999999999,1.3936549999999999,1.393915,1895
2026-06-09 08:00:00,1.3939,1.394385,1.393755,1.3941050000000001,2902
2026-06-09 08:30:00,1.394095,1.394145,1.3937599999999999,1.3938199999999998,1746
2026-06-09 09:00:00,1.393815,1.39386,1.39333,1.3938000000000001,1971
2026-06-09 09:30:00,1.3938100000000002,1.393865,1.393555,1.3936549999999999,1818
2026-06-09 10:00:00,1.3936549999999999,1.39387,1.393275,1.39334,1771
2026-06-09 10:30:00,1.3933300000000002,1.3934549999999999,1.3931900000000002,1.3933300000000002,878
2026-06-09 11:00:00,1.393325,1.3934549999999999,1.3927999999999998,1.3929,1390
2026-06-09 11:30:00,1.392895,1.3929749999999999,1.391985,1.3921649999999999,2001
2026-06-09 12:00:00,1.3921549999999998,1.392445,1.391925,1.392445,1782
2026-06-09 12:30:00,1.3924150000000002,1.39245,1.3919000000000001,1.3921549999999998,1582
2026-06-09 13:00:00,1.3921450000000002,1.39324,1.3920400000000002,1.392965,1877
2026-06-09 13:30:00,1.3929550000000002,1.393945,1.3928150000000001,1.39387,3283
2026-06-09 14:00:00,1.3938799999999998,1.39499,1.3933849999999999,1.394955,3678
2026-06-09 14:30:00,1.394975,1.3956849999999998,1.3946200000000002,1.39474,4897
2026-06-09 15:00:00,1.394725,1.395385,1.3942,1.3953250000000001,4093
2026-06-09 15:30:00,1.395335,1.3963649999999999,1.395165,1.3958300000000001,4580
2026-06-09 16:00:00,1.395845,1.39693,1.3955449999999998,1.39607,3863
2026-06-09 16:30:00,1.3960750000000002,1.39687,1.395785,1.39611,5320
2026-06-09 17:00:00,1.3961000000000001,1.39626,1.39546,1.395605,3519
2026-06-09 17:30:00,1.39561,1.39569,1.395115,1.3952300000000002,3300
2026-06-09 18:00:00,1.3952399999999998,1.395365,1.3948049999999999,1.395095,3150
2026-06-09 18:30:00,1.395085,1.3955449999999998,1.394905,1.3952499999999999,1820
2026-06-09 19:00:00,1.395245,1.39566,1.3951850000000001,1.3953950000000002,2154
2026-06-09 19:30:00,1.395405,1.3954550000000001,1.3947150000000001,1.3947150000000001,2532
2026-06-09 20:00:00,1.39471,1.3951449999999999,1.3945699999999999,1.395115,1301
2026-06-09 20:30:00,1.395135,1.3951850000000001,1.3949,1.3949,1230
2026-06-09 21:00:00,1.394975,1.395045,1.394725,1.395015,157
2026-06-09 21:30:00,1.39499,1.3954149999999998,1.39458,1.394655,284
2026-06-09 22:00:00,1.39477,1.3951950000000002,1.39467,1.39496,321
2026-06-09 22:30:00,1.394955,1.39542,1.394955,1.3954149999999998,496
2026-06-09 23:00:00,1.39541,1.395675,1.39514,1.395665,616
2026-06-09 23:30:00,1.39567,1.3957,1.39532,1.39536,721
2026-06-10 00:00:00,1.395365,1.39574,1.394825,1.3949500000000001,1951
2026-06-10 00:30:00,1.39496,1.395645,1.3948049999999999,1.39485,1468
2026-06-10 01:00:00,1.3948450000000001,1.3954650000000002,1.394835,1.395125,2763
2026-06-10 01:30:00,1.395135,1.39535,1.394855,1.395135,2113
2026-06-10 02:00:00,1.395125,1.39517,1.39469,1.39469,1905
2026-06-10 02:30:00,1.39469,1.39512,1.394615,1.39507,2136
2026-06-10 03:00:00,1.395065,1.395135,1.39458,1.39489,1442
2026-06-10 03:30:00,1.3949,1.39501,1.394515,1.3946299999999998,1508
2026-06-10 04:00:00,1.39462,1.3949449999999999,1.39455,1.39478,1230
2026-06-10 04:30:00,1.39478,1.39501,1.394775,1.394795,1278
2026-06-10 05:00:00,1.39481,1.394935,1.39452,1.3945400000000001,1528
2026-06-10 05:30:00,1.394525,1.3945750000000001,1.39413,1.39424,2226
2026-06-10 06:00:00,1.39425,1.3943699999999999,1.394015,1.3942700000000001,1981
2026-06-10 06:30:00,1.39429,1.3942999999999999,1.3936899999999999,1.3942350000000001,1479
2026-06-10 07:00:00,1.39426,1.39449,1.393535,1.3938000000000001,2154
2026-06-10 07:30:00,1.393795,1.3938549999999998,1.393265,1.3937599999999999,2064
2026-06-10 08:00:00,1.39377,1.39405,1.39298,1.39302,2199
2026-06-10 08:30:00,1.393005,1.39356,1.39298,1.393215,1887
2026-06-10 09:00:00,1.39323,1.393535,1.3931149999999999,1.3931900000000002,1597
2026-06-10 09:30:00,1.393185,1.3931900000000002,1.39241,1.392695,1913
2026-06-10 10:00:00,1.3926850000000002,1.393055,1.392575,1.39272,1795
2026-06-10 10:30:00,1.3927299999999998,1.3931049999999998,1.392575,1.3931,1376
2026-06-10 11:00:00,1.39309,1.393555,1.392665,1.39291,2756
2026-06-10 11:30:00,1.3929049999999998,1.39347,1.392785,1.393365,1512
2026-06-10 12:00:00,1.3933499999999999,1.3936549999999999,1.392585,1.3929049999999998,2333
2026-06-10 12:30:00,1.392965,1.393715,1.39235,1.39365,3445
2026-06-10 13:00:00,1.3936549999999999,1.3938549999999998,1.3918599999999999,1.39187,3669
2026-06-10 13:30:00,1.3918849999999998,1.39194,1.3899,1.3915950000000001,5471
2026-06-10 14:00:00,1.391605,1.392595,1.3912200000000001,1.3923999999999999,4835
2026-06-10 14:30:00,1.392425,1.392945,1.391995,1.3928449999999999,4438
2026-06-10 15:00:00,1.39284,1.3935149999999998,1.392245,1.392945,4426
2026-06-10 15:30:00,1.392935,1.393845,1.39268,1.3929550000000002,5080
2026-06-10 16:00:00,1.392935,1.393265,1.39259,1.3927450000000001,3700
2026-06-10 16:30:00,1.3927450000000001,1.393235,1.3925049999999999,1.393145,3258
2026-06-10 17:00:00,1.393135,1.39359,1.3928349999999998,1.393215,2344
2026-06-10 17:30:00,1.393205,1.39359,1.39292,1.3930250000000002,2377
2026-06-10 18:00:00,1.392995,1.3933749999999998,1.39256,1.393235,1989
2026-06-10 18:30:00,1.3932250000000002,1.393715,1.3932250000000002,1.3936899999999999,2454
2026-06-10 19:00:00,1.39368,1.3940700000000001,1.393575,1.3940649999999999,2027
2026-06-10 19:30:00,1.3940649999999999,1.3945400000000001,1.393805,1.3945349999999999,2738
2026-06-10 20:00:00,1.394525,1.395035,1.394165,1.394225,1118
2026-06-10 20:30:00,1.394255,1.39458,1.394255,1.3942700000000001,1294
2026-06-10 21:00:00,1.394375,1.3946049999999999,1.39434,1.3943699999999999,173
2026-06-10 21:30:00,1.39447,1.39471,1.394205,1.3944649999999998,374
2026-06-10 22:00:00,1.394525,1.39493,1.394385,1.3946749999999999,1025
2026-06-10 22:30:00,1.3946800000000001,1.39475,1.39431,1.39457,1644
2026-06-10 23:00:00,1.3945699999999999,1.39504,1.394435,1.394635,2613
2026-06-10 23:30:00,1.394635,1.394905,1.39443,1.3947500000000002,1420
2026-06-11 00:00:00,1.39472,1.394725,1.3940700000000001,1.394165,3370
2026-06-11 00:30:00,1.394165,1.39434,1.394005,1.394045,1627
2026-06-11 01:00:00,1.3940350000000001,1.394075,1.3931749999999998,1.39321,2725
2026-06-11 01:30:00,1.39321,1.393525,1.393185,1.393305,1839
2026-06-11 02:00:00,1.3932950000000002,1.39375,1.393295,1.3937249999999999,1593
2026-06-11 02:30:00,1.3937300000000001,1.3939,1.3936600000000001,1.39384,2274
2026-06-11 03:00:00,1.3938350000000002,1.39401,1.393735,1.393745,1982
2026-06-11 03:30:00,1.393755,1.39391,1.393565,1.393875,2081
2026-06-11 04:00:00,1.393875,1.394015,1.39379,1.3939650000000001,2211
2026-06-11 04:30:00,1.393955,1.3939599999999999,1.3936350000000002,1.39383,1670
2026-06-11 05:00:00,1.39383,1.393935,1.39354,1.3936950000000001,1680
2026-06-11 05:30:00,1.3936950000000001,1.39429,1.393645,1.3942350000000001,1645
2026-06-11 06:00:00,1.394245,1.39507,1.39424,1.395045,2655
2026-06-11 06:30:00,1.39505,1.395655,1.394885,1.39555,2348
2026-06-11 07:00:00,1.39554,1.3959700000000002,1.39541,1.39581,2841
2026-06-11 07:30:00,1.39581,1.3964150000000002,1.395705,1.3962400000000001,2434
2026-06-11 08:00:00,1.39625,1.396875,1.39625,1.396825,3342
2026-06-11 08:30:00,1.39683,1.39767,1.396815,1.3976549999999999,2901
2026-06-11 09:00:00,1.3976600000000001,1.398045,1.39734,1.397845,2735
2026-06-11 09:30:00,1.39786,1.397955,1.397375,1.39779,2184
2026-06-11 10:00:00,1.397795,1.39838,1.397665,1.39826,2576
2026-06-11 10:30:00,1.398255,1.398275,1.3979,1.39794,1310
2026-06-11 11:00:00,1.3979300000000001,1.398145,1.397365,1.3976199999999999,2153
2026-06-11 11:30:00,1.3976199999999999,1.3979650000000001,1.3973849999999999,1.397745,1658
2026-06-11 12:00:00,1.3977249999999999,1.398995,1.3976250000000001,1.398435,3952
2026-06-11 12:30:00,1.398435,1.39889,1.398165,1.398545,3730
2026-06-11 13:00:00,1.398525,1.39969,1.39847,1.3992200000000001,3892
2026-06-11 13:30:00,1.3992300000000002,1.400085,1.399045,1.400055,4216
2026-06-11 14:00:00,1.40006,1.4017249999999999,1.40006,1.40084,4241
2026-06-11 14:30:00,1.4008349999999998,1.402405,1.40061,1.401675,6055
2026-06-11 15:00:00,1.4016799999999998,1.40188,1.399835,1.40045,5610
2026-06-11 15:30:00,1.4004400000000001,1.4007999999999998,1.400075,1.400485,4082
2026-06-11 16:00:00,1.4004750000000001,1.400925,1.40034,1.4009200000000002,4144
2026-06-11 16:30:00,1.400925,1.400965,1.400215,1.40062,2000
2026-06-11 17:00:00,1.4006349999999999,1.4015849999999999,1.40002,1.4002249999999998,3502
2026-06-11 17:30:00,1.400215,1.400215,1.397215,1.39831,7662
2026-06-11 18:00:00,1.3983050000000001,1.3988200000000002,1.397955,1.3983249999999998,5656
2026-06-11 18:30:00,1.3983050000000001,1.3988,1.397425,1.39805,3214
2026-06-11 19:00:00,1.3980549999999998,1.398065,1.396095,1.396265,3894
2026-06-11 19:30:00,1.3962750000000002,1.3962750000000002,1.395355,1.39594,3618
2026-06-11 20:00:00,1.395935,1.3962249999999998,1.3955899999999999,1.396115,1665
2026-06-11 20:30:00,1.396085,1.3968500000000001,1.39605,1.39673,1672
2026-06-11 21:00:00,1.396725,1.396725,1.39573,1.39669,247
2026-06-11 21:30:00,1.39669,1.3967749999999999,1.396,1.396725,467
2026-06-11 22:00:00,1.3967450000000001,1.39711,1.3964349999999999,1.396925,430
2026-06-11 22:30:00,1.396925,1.39696,1.39624,1.396385,746
2026-06-11 23:00:00,1.396375,1.39725,1.396185,1.397225,900
2026-06-11 23:30:00,1.3972099999999998,1.39744,1.396985,1.397305,1555
2026-06-12 00:00:00,1.3973149999999999,1.39777,1.397145,1.39751,3552
2026-06-12 00:30:00,1.397505,1.39783,1.397195,1.39772,2085
2026-06-12 01:00:00,1.397735,1.39802,1.397705,1.397955,2193
2026-06-12 01:30:00,1.3979249999999999,1.398025,1.3978,1.3979650000000001,1900
2026-06-12 02:00:00,1.3979599999999999,1.39799,1.397505,1.39789,2609
2026-06-12 02:30:00,1.397885,1.39799,1.39771,1.3977849999999998,1838
2026-06-12 03:00:00,1.39779,1.397845,1.39745,1.397485,2504
2026-06-12 03:30:00,1.39749,1.3975,1.397165,1.3972799999999999,2992
2026-06-12 04:00:00,1.397275,1.397585,1.39725,1.397415,3215
2026-06-12 04:30:00,1.39741,1.397485,1.3971149999999999,1.39738,2014
2026-06-12 05:00:00,1.397375,1.39797,1.39723,1.3979,2989
2026-06-12 05:30:00,1.3979,1.39858,1.39788,1.39858,2099
2026-06-12 06:00:00,1.39857,1.39857,1.397395,1.39741,3052
2026-06-12 06:30:00,1.397395,1.397915,1.397395,1.3976,2284
2026-06-12 07:00:00,1.397615,1.399235,1.397525,1.399235,2821
2026-06-12 07:30:00,1.39924,1.3995950000000001,1.398755,1.398795,2779
2026-06-12 08:00:00,1.3987850000000002,1.39892,1.39738,1.398495,3968
2026-06-12 08:30:00,1.39853,1.398615,1.3978899999999999,1.398385,2413
2026-06-12 09:00:00,1.3983949999999998,1.398825,1.3975650000000002,1.397645,3500
2026-06-12 09:30:00,1.397645,1.3986800000000001,1.39751,1.39818,2037
2026-06-12 10:00:00,1.398205,1.39907,1.3978799999999998,1.398505,2457
2026-06-12 10:30:00,1.398495,1.398745,1.3978799999999998,1.3986100000000001,2089
2026-06-12 11:00:00,1.3986,1.3991250000000002,1.398455,1.3988049999999999,1797
2026-06-12 11:30:00,1.398825,1.398925,1.3980000000000001,1.3989150000000001,1350
2026-06-12 12:00:00,1.39893,1.399405,1.39865,1.3993250000000002,2263
2026-06-12 12:30:00,1.39932,1.399335,1.398135,1.39832,2387
2026-06-12 13:00:00,1.3983050000000001,1.398495,1.397405,1.397945,2616
2026-06-12 13:30:00,1.39792,1.3987850000000002,1.397465,1.398095,4537
2026-06-12 14:00:00,1.398085,1.39846,1.396915,1.39775,4231
2026-06-12 14:30:00,1.39776,1.39788,1.3967399999999999,1.396805,4669
2026-06-12 15:00:00,1.3968,1.3970449999999999,1.39593,1.396185,3775
2026-06-12 15:30:00,1.396175,1.397275,1.39603,1.3971149999999999,3536
2026-06-12 16:00:00,1.397125,1.3974950000000002,1.3966349999999998,1.3973849999999999,3541
2026-06-12 16:30:00,1.397365,1.397875,1.397125,1.397255,2350
2026-06-12 17:00:00,1.39724,1.3976199999999999,1.396975,1.397465,2231
2026-06-12 17:30:00,1.3974600000000001,1.3978549999999998,1.39744,1.3978000000000002,2795
2026-06-12 18:00:00,1.397805,1.3981750000000002,1.3977499999999998,1.3979400000000002,2035
2026-06-12 18:30:00,1.397935,1.39799,1.39761,1.3979,1375
2026-06-12 19:00:00,1.39791,1.398045,1.3975149999999998,1.397685,1331
2026-06-12 19:30:00,1.39768,1.3985150000000002,1.397595,1.398155,2110
2026-06-12 20:00:00,1.398165,1.3984649999999998,1.39811,1.3984649999999998,1971
2026-06-12 20:30:00,1.39847,1.3992,1.39846,1.39882,1778
2026-06-14 22:00:00,1.3973650000000002,1.3973650000000002,1.3955549999999999,1.396415,1502
2026-06-14 22:30:00,1.3964050000000001,1.3964050000000001,1.395645,1.3960599999999999,926
2026-06-14 23:00:00,1.39607,1.396615,1.39596,1.396595,854
2026-06-14 23:30:00,1.396605,1.396625,1.39597,1.396415,1184
2026-06-15 00:00:00,1.39642,1.396445,1.395725,1.396255,2027
2026-06-15 00:30:00,1.396245,1.397085,1.396035,1.397075,1536
2026-06-15 01:00:00,1.3970799999999999,1.3976950000000001,1.397035,1.397185,2748
2026-06-15 01:30:00,1.397185,1.397445,1.39711,1.39731,3237
2026-06-15 02:00:00,1.3973200000000001,1.3976199999999999,1.397235,1.397255,1687
2026-06-15 02:30:00,1.39726,1.397275,1.396895,1.396915,2464
2026-06-15 03:00:00,1.396915,1.397075,1.396805,1.39691,1661
2026-06-15 03:30:00,1.396915,1.396945,1.396465,1.3966699999999999,1683
2026-06-15 04:00:00,1.396675,1.3968099999999999,1.39645,1.39645,1803
2026-06-15 04:30:00,1.39645,1.39657,1.396085,1.39611,1435
2026-06-15 05:00:00,1.396095,1.3961100000000002,1.395065,1.3952149999999999,2015
2026-06-15 05:30:00,1.3952,1.3958300000000001,1.39512,1.395815,2173
2026-06-15 06:00:00,1.395805,1.3972799999999999,1.39578,1.3970150000000001,3057
2026-06-15 06:30:00,1.3970250000000002,1.3978350000000002,1.3970150000000001,1.397215,3026
2026-06-15 07:00:00,1.397185,1.397915,1.397165,1.3976199999999999,3379
2026-06-15 07:30:00,1.397615,1.39811,1.3974600000000001,1.397755,3140
2026-06-15 08:00:00,1.39775,1.39785,1.397055,1.39717,2104
2026-06-15 08:30:00,1.3971900000000002,1.39771,1.396875,1.39747,2425
2026-06-15 09:00:00,1.3974600000000001,1.3975,1.3967800000000001,1.397235,2086
2026-06-15 09:30:00,1.39724,1.3973749999999998,1.39688,1.3972799999999999,1410
2026-06-15 10:00:00,1.397275,1.397615,1.3970150000000001,1.3971200000000001,2006
2026-06-15 10:30:00,1.39711,1.39716,1.3966699999999999,1.397045,1641
2026-06-15 11:00:00,1.397055,1.3979249999999999,1.396825,1.3978350000000002,1753
2026-06-15 11:30:00,1.39785,1.3983050000000001,1.3975650000000002,1.398285,3210
2026-06-15 12:00:00,1.39831,1.398415,1.3976549999999999,1.397825,1590
2026-06-15 12:30:00,1.39781,1.39791,1.39709,1.397345,1588
2026-06-15 13:00:00,1.397335,1.397805,1.39726,1.3977650000000001,2002
2026-06-15 13:30:00,1.39778,1.39842,1.39776,1.3978350000000002,2815
2026-06-15 14:00:00,1.397825,1.39867,1.39749,1.3985349999999999,2419
2026-06-15 14:30:00,1.398525,1.3992749999999998,1.3970500000000001,1.397405,3519
2026-06-15 15:00:00,1.3974099999999998,1.39805,1.39718,1.39785,3286
2026-06-15 15:30:00,1.39786,1.3988900000000002,1.397795,1.3983949999999998,2074
2026-06-15 16:00:00,1.3984,1.3988,1.398215,1.398525,1635
2026-06-15 16:30:00,1.3985349999999999,1.39873,1.39811,1.398155,1473
2026-06-15 17:00:00,1.3981599999999998,1.3985750000000001,1.398065,1.3981599999999998,1416
2026-06-15 17:30:00,1.39815,1.3985400000000001,1.398135,1.39825,1186
2026-06-15 18:00:00,1.39824,1.39846,1.39812,1.39844,1559
2026-06-15 18:30:00,1.398435,1.398765,1.39843,1.398685,1647
2026-06-15 19:00:00,1.398675,1.3989600000000002,1.3984450000000002,1.398595,1386
2026-06-15 19:30:00,1.3986,1.3994,1.3982649999999999,1.399315,1849
2026-06-15 20:00:00,1.399305,1.39942,1.39883,1.3988450000000001,979
2026-06-15 20:30:00,1.3988550000000002,1.39916,1.3988049999999999,1.39906,781
2026-06-15 21:00:00,1.399115,1.3991500000000001,1.398745,1.39892,236
2026-06-15 21:30:00,1.39893,1.3993250000000002,1.39872,1.39872,1406
2026-06-15 22:00:00,1.39873,1.3995950000000001,1.39869,1.399345,401
2026-06-15 22:30:00,1.39935,1.39942,1.3992399999999998,1.399345,228
2026-06-15 23:00:00,1.399335,1.399365,1.39918,1.39924,302
2026-06-15 23:30:00,1.39924,1.399295,1.398975,1.399295,616
2026-06-16 00:00:00,1.399295,1.39959,1.39914,1.39957,1424
2026-06-16 00:30:00,1.39957,1.39958,1.399125,1.3991500000000001,1683
2026-06-16 01:00:00,1.3991500000000001,1.3995449999999998,1.398975,1.399405,2005
2026-06-16 01:30:00,1.39939,1.3995600000000001,1.3992499999999999,1.39955,1504
2026-06-16 02:00:00,1.3995449999999998,1.40001,1.3995449999999998,1.399735,1640
2026-06-16 02:30:00,1.399735,1.399735,1.3994499999999999,1.399515,1086
2026-06-16 03:00:00,1.399505,1.40004,1.399465,1.39993,1975
2026-06-16 03:30:00,1.399935,1.399935,1.39969,1.39988,1075
2026-06-16 04:00:00,1.3998849999999998,1.401665,1.39988,1.40146,1972
2026-06-16 04:30:00,1.401475,1.401525,1.4011,1.401145,1485
2026-06-16 05:00:00,1.401135,1.4013300000000002,1.40089,1.401255,1281
2026-06-16 05:30:00,1.40126,1.40164,1.400965,1.401525,1702
2026-06-16 06:00:00,1.40152,1.4018549999999999,1.4014,1.40156,1607
2026-06-16 06:30:00,1.40156,1.4016,1.4007100000000001,1.40091,1913
2026-06-16 07:00:00,1.400925,1.4012,1.4005049999999999,1.400575,2500
2026-06-16 07:30:00,1.40057,1.4007800000000001,1.400255,1.40046,2068
2026-06-16 08:00:00,1.4004699999999999,1.4012449999999999,1.4003100000000002,1.40082,2370
2026-06-16 08:30:00,1.400825,1.401035,1.400175,1.4003199999999998,1389
2026-06-16 09:00:00,1.4003199999999998,1.40049,1.40008,1.4004400000000001,2638
2026-06-16 09:30:00,1.4004400000000001,1.4005450000000002,1.4002050000000001,1.4004050000000001,2208
2026-06-16 10:00:00,1.4004150000000002,1.4004400000000001,1.3994399999999998,1.399745,2243
2026-06-16 10:30:00,1.39973,1.3997950000000001,1.39923,1.39948,2238
2026-06-16 11:00:00,1.3995000000000002,1.400255,1.3995000000000002,1.40005,2329
2026-06-16 11:30:00,1.40007,1.400785,1.39993,1.4007200000000002,1897
2026-06-16 12:00:00,1.4007049999999999,1.40157,1.40069,1.4013650000000002,1845
2026-06-16 12:30:00,1.4013550000000001,1.4015499999999999,1.401095,1.4012850000000001,1794
2026-06-16 13:00:00,1.4012850000000001,1.4016000000000002,1.4010500000000001,1.4013650000000002,2273
2026-06-16 13:30:00,1.401375,1.4013849999999999,1.3999100000000002,1.400315,2444
2026-06-16 14:00:00,1.40032,1.40056,1.399535,1.39998,2746
2026-06-16 14:30:00,1.399985,1.4004349999999999,1.3984649999999998,1.3986,3485
2026-06-16 15:00:00,1.398595,1.399495,1.398585,1.398925,2875
2026-06-16 15:30:00,1.39896,1.3992749999999998,1.3980350000000001,1.3982999999999999,3010
2026-06-16 16:00:00,1.39832,1.398685,1.398065,1.3981949999999999,2167
2026-06-16 16:30:00,1.3982,1.398865,1.398115,1.39858,1828
2026-06-16 17:00:00,1.398585,1.39908,1.3984,1.39908,1397
2026-06-16 17:30:00,1.399085,1.399565,1.39905,1.3994650000000002,1290
2026-06-16 18:00:00,1.3994849999999999,1.399585,1.399225,1.399225,1174
2026-06-16 18:30:00,1.3992200000000001,1.399425,1.39919,1.3992900000000001,953
2026-06-16 19:00:00,1.399285,1.399295,1.3988749999999999,1.39906,1201
2026-06-16 19:30:00,1.39907,1.399965,1.39907,1.399925,1098
2026-06-16 20:00:00,1.3999199999999998,1.4000499999999998,1.39934,1.399475,897
2026-06-16 20:30:00,1.3994849999999999,1.40028,1.3994550000000001,1.39954,883
2026-06-16 21:00:00,1.399445,1.399715,1.3992749999999998,1.39932,157
2026-06-16 21:30:00,1.399305,1.399675,1.39902,1.399345,584
2026-06-16 22:00:00,1.39934,1.399405,1.3992,1.3993250000000002,498
2026-06-16 22:30:00,1.399325,1.39934,1.399265,1.399305,398
2026-06-16 23:00:00,1.399315,1.39937,1.39917,1.399345,257
2026-06-16 23:30:00,1.399345,1.39974,1.3993,1.399705,845
2026-06-17 00:00:00,1.399715,1.3998650000000001,1.3991449999999999,1.39916,3337
2026-06-17 00:30:00,1.399165,1.39941,1.39907,1.399305,2614
2026-06-17 01:00:00,1.39931,1.399685,1.39928,1.399685,1223
2026-06-17 01:30:00,1.399675,1.399965,1.3995549999999999,1.399675,1300
2026-06-17 02:00:00,1.399695,1.399715,1.39947,1.3996650000000002,1349
2026-06-17 02:30:00,1.39967,1.399985,1.39966,1.399985,1063
2026-06-17 03:00:00,1.4,1.400135,1.39983,1.399975,936
2026-06-17 03:30:00,1.39997,1.400185,1.399875,1.40018,695
2026-06-17 04:00:00,1.400185,1.400185,1.39984,1.3999700000000002,1055
2026-06-17 04:30:00,1.39997,1.39998,1.39967,1.39975,853
2026-06-17 05:00:00,1.3997600000000001,1.399875,1.399575,1.39985,748
2026-06-17 05:30:00,1.3998300000000001,1.4,1.3996499999999998,1.399935,777
2026-06-17 06:00:00,1.3999000000000001,1.40046,1.3998249999999999,1.40046,1572
2026-06-17 06:30:00,1.40048,1.40077,1.40023,1.40063,1319
2026-06-17 07:00:00,1.40064,1.4007399999999999,1.4001199999999998,1.4002750000000002,1272
2026-06-17 07:30:00,1.400285,1.4004249999999998,1.39966,1.399745,1649
2026-06-17 08:00:00,1.39974,1.400665,1.3997,1.40016,1331
2026-06-17 08:30:00,1.40015,1.400235,1.39981,1.399945,965
2026-06-17 09:00:00,1.39996,1.40002,1.3995600000000001,1.3996499999999998,801
2026-06-17 09:30:00,1.399635,1.40029,1.3996300000000002,1.400195,1018
2026-06-17 10:00:00,1.4002050000000001,1.40093,1.4000599999999999,1.400915,1343
2026-06-17 10:30:00,1.40092,1.4012099999999998,1.4007450000000001,1.40103,1548
2026-06-17 11:00:00,1.4010150000000001,1.401525,1.4010150000000001,1.4015,920
2026-06-17 11:30:00,1.4014950000000002,1.401705,1.401055,1.4010799999999999,1410
2026-06-17 12:00:00,1.401065,1.40116,1.400515,1.400715,1776
2026-06-17 12:30:00,1.40073,1.4013550000000001,1.400645,1.401195,1524
2026-06-17 13:00:00,1.4012,1.40124,1.400465,1.4010850000000001,1617
2026-06-17 13:30:00,1.4010799999999999,1.40197,1.4007200000000002,1.401755,2636
2026-06-17 14:00:00,1.40176,1.40185,1.400995,1.401325,2176
2026-06-17 14:30:00,1.4013399999999998,1.40217,1.40095,1.402075,2964
2026-06-17 15:00:00,1.40208,1.403175,1.4018350000000002,1.402815,2511
2026-06-17 15:30:00,1.4028299999999998,1.40337,1.402625,1.4030550000000002,2998
2026-06-17 16:00:00,1.403045,1.403675,1.40298,1.4035449999999998,2146
2026-06-17 16:30:00,1.40355,1.403655,1.40301,1.40312,1298
2026-06-17 17:00:00,1.4031150000000001,1.403265,1.4027850000000002,1.40301,1941
2026-06-17 17:30:00,1.403015,1.403245,1.402825,1.40307,1225
2026-06-17 18:00:00,1.403095,1.406385,1.403005,1.405945,6608
2026-06-17 18:30:00,1.405955,1.40725,1.40482,1.407105,9223
2026-06-17 19:00:00,1.4071099999999999,1.4104,1.4067349999999998,1.410365,7577
2026-06-17 19:30:00,1.4103599999999998,1.412305,1.410145,1.4117549999999999,7518
2026-06-17 20:00:00,1.41174,1.411895,1.4096,1.40972,2315
2026-06-17 20:30:00,1.40971,1.4104999999999999,1.40971,1.40999,1707
2026-06-17 21:00:00,1.409935,1.41015,1.4097,1.4097,101
2026-06-17 21:30:00,1.40971,1.410705,1.4096950000000001,1.4101249999999999,939
2026-06-17 22:00:00,1.410145,1.410145,1.4095499999999999,1.40977,801
2026-06-17 22:30:00,1.40976,1.4099,1.409685,1.40984,423
2026-06-17 23:00:00,1.40984,1.41018,1.40967,1.410085,671
2026-06-17 23:30:00,1.410045,1.410395,1.4098950000000001,1.41021,1029
2026-06-18 00:00:00,1.4102000000000001,1.410285,1.40947,1.410245,2272
2026-06-18 00:30:00,1.4102549999999998,1.410275,1.40954,1.4097300000000001,2019
2026-06-18 01:00:00,1.409725,1.4099400000000002,1.40952,1.409675,2370
2026-06-18 01:30:00,1.409675,1.410485,1.409595,1.410375,1193
2026-06-18 02:00:00,1.410365,1.410965,1.410275,1.4104700000000001,1157
2026-06-18 02:30:00,1.410475,1.410515,1.4096250000000001,1.4101599999999999,1285
2026-06-18 03:00:00,1.41017,1.410225,1.40976,1.40988,1332
2026-06-18 03:30:00,1.409875,1.41013,1.40977,1.410035,1280
2026-06-18 04:00:00,1.41004,1.410275,1.40973,1.41018,1455
2026-06-18 04:30:00,1.41018,1.41025,1.40998,1.410185,1303
2026-06-18 05:00:00,1.410185,1.41074,1.4100549999999998,1.4107349999999999,1357
2026-06-18 05:30:00,1.41074,1.411235,1.4106049999999999,1.411125,1583
2026-06-18 06:00:00,1.41113,1.411285,1.410275,1.410275,1745
2026-06-18 06:30:00,1.41029,1.41079,1.41011,1.4104,1803
2026-06-18 07:00:00,1.4104199999999998,1.41101,1.410255,1.41071,1636
2026-06-18 07:30:00,1.410715,1.41123,1.4098199999999999,1.4103400000000001,2222
2026-06-18 08:00:00,1.410335,1.411245,1.4102000000000001,1.411085,2333
2026-06-18 08:30:00,1.4110800000000001,1.4122400000000002,1.41085,1.4121350000000001,2327
2026-06-18 09:00:00,1.412125,1.412525,1.41168,1.41249,3208
2026-06-18 09:30:00,1.412485,1.4125100000000002,1.41193,1.4123800000000002,1757
2026-06-18 10:00:00,1.412385,1.413265,1.41186,1.41187,3011
2026-06-18 10:30:00,1.41186,1.4126349999999999,1.411785,1.4123999999999999,2714
2026-06-18 11:00:00,1.412385,1.4132850000000001,1.4120849999999998,1.41286,2272
2026-06-18 11:30:00,1.412875,1.41343,1.4125100000000002,1.4131749999999998,2296
2026-06-18 12:00:00,1.4131900000000002,1.413285,1.41105,1.4113349999999998,3059
2026-06-18 12:30:00,1.41133,1.41222,1.411285,1.41173,2342
2026-06-18 13:00:00,1.411735,1.4125100000000002,1.41161,1.411845,3047
2026-06-18 13:30:00,1.411855,1.411975,1.411165,1.411735,3652
2026-06-18 14:00:00,1.4117199999999999,1.4128850000000002,1.4117000000000002,1.4123350000000001,3639
2026-06-18 14:30:00,1.41234,1.41252,1.41173,1.411985,3105
2026-06-18 15:00:00,1.411965,1.413875,1.4117350000000002,1.4133550000000001,3385
2026-06-18 15:30:00,1.41336,1.41467,1.4133149999999999,1.414355,3515
2026-06-18 16:00:00,1.414355,1.4144700000000001,1.413325,1.4135499999999999,2455
2026-06-18 16:30:00,1.41353,1.4140700000000002,1.4134449999999998,1.4137,1889
2026-06-18 17:00:00,1.41369,1.4138350000000002,1.41315,1.4133749999999998,1242
2026-06-18 17:30:00,1.4133900000000001,1.414335,1.4132699999999998,1.41418,1767
2026-06-18 18:00:00,1.414185,1.41446,1.41372,1.414025,1673
2026-06-18 18:30:00,1.4140350000000002,1.41406,1.413275,1.41399,1836
2026-06-18 19:00:00,1.413985,1.41437,1.413825,1.414235,1728
2026-06-18 19:30:00,1.4142299999999999,1.41425,1.412905,1.4136549999999999,2199
2026-06-18 20:00:00,1.4136600000000001,1.413675,1.413055,1.41322,910
2026-06-18 20:30:00,1.413215,1.41393,1.4129450000000001,1.413665,1248
2026-06-18 21:00:00,1.41367,1.41367,1.413205,1.41341,359
2026-06-18 21:30:00,1.41341,1.413475,1.413065,1.413135,641
2026-06-18 22:00:00,1.4131749999999998,1.4136950000000001,1.4131749999999998,1.413515,659
2026-06-18 22:30:00,1.41352,1.413545,1.4134,1.413415,368
2026-06-18 23:00:00,1.41342,1.4137650000000002,1.41338,1.413745,377
2026-06-18 23:30:00,1.413755,1.41426,1.413595,1.4141599999999999,874
2026-06-19 00:00:00,1.414145,1.4141949999999999,1.41391,1.414125,1649
2026-06-19 00:30:00,1.4141249999999999,1.414155,1.4136549999999999,1.41385,1971
2026-06-19 01:00:00,1.41385,1.4144999999999999,1.413815,1.41438,1389
2026-06-19 01:30:00,1.414375,1.41485,1.414375,1.4147699999999999,1032
2026-06-19 02:00:00,1.4147750000000001,1.414805,1.41406,1.414095,1325
2026-06-19 02:30:00,1.414075,1.41438,1.41403,1.4142649999999999,803
2026-06-19 03:00:00,1.41425,1.414925,1.4142299999999999,1.414905,1645
2026-06-19 03:30:00,1.414905,1.415195,1.414825,1.4151500000000001,920
2026-06-19 04:00:00,1.415155,1.415565,1.415055,1.4151150000000001,1623
2026-06-19 04:30:00,1.41509,1.4158300000000001,1.41492,1.415775,1865
2026-06-19 05:00:00,1.41577,1.41596,1.41551,1.415555,2087
2026-06-19 05:30:00,1.41554,1.4158300000000001,1.414755,1.4148999999999998,2161
2026-06-19 06:00:00,1.414905,1.41493,1.413615,1.41388,1676
2026-06-19 06:30:00,1.4138799999999998,1.4145699999999999,1.413805,1.4141599999999999,2363
2026-06-19 07:00:00,1.414155,1.4145699999999999,1.413745,1.41453,2679
2026-06-19 07:30:00,1.41453,1.41494,1.41437,1.41463,1690
2026-06-19 08:00:00,1.41463,1.414725,1.413575,1.414135,2172
2026-06-19 08:30:00,1.414135,1.4144450000000002,1.413475,1.413475,1957
2026-06-19 09:00:00,1.41347,1.4142100000000002,1.41347,1.4139249999999999,1497
2026-06-19 09:30:00,1.413915,1.4141750000000002,1.4137499999999998,1.41417,1451
2026-06-19 10:00:00,1.41418,1.4146450000000002,1.413975,1.4144649999999999,1950
2026-06-19 10:30:00,1.41448,1.414685,1.41428,1.41453,1880
2026-06-19 11:00:00,1.41453,1.414765,1.414335,1.41476,1787
2026-06-19 11:30:00,1.414765,1.4152550000000002,1.41473,1.41494,1229
2026-06-19 12:00:00,1.41493,1.41561,1.41475,1.41559,1689
2026-06-19 12:30:00,1.415595,1.4156849999999999,1.414745,1.415325,2384
2026-06-19 13:00:00,1.415315,1.4171550000000002,1.4153,1.41702,2474
2026-06-19 13:30:00,1.4170150000000001,1.417185,1.416175,1.41684,1753
2026-06-19 14:00:00,1.4168349999999998,1.417675,1.41668,1.41751,1946
2026-06-19 14:30:00,1.417505,1.417815,1.416825,1.417755,1968
2026-06-19 15:00:00,1.4177499999999998,1.41803,1.4172150000000001,1.4177149999999998,1588
2026-06-19 15:30:00,1.417725,1.4183400000000002,1.417675,1.41776,723
2026-06-19 16:00:00,1.4177650000000002,1.4178600000000001,1.4172799999999999,1.4173049999999998,565
2026-06-19 16:30:00,1.4173,1.4178250000000001,1.417265,1.4176950000000001,427
2026-06-19 17:00:00,1.41768,1.4176950000000001,1.4172150000000001,1.41744,1420
2026-06-19 17:30:00,1.417425,1.41757,1.41697,1.4173550000000001,622
2026-06-19 18:00:00,1.4173550000000001,1.41766,1.4171749999999999,1.41729,2288
2026-06-19 18:30:00,1.4172699999999998,1.41745,1.417185,1.41743,226
2026-06-19 19:00:00,1.41743,1.41743,1.41721,1.41731,227
2026-06-19 19:30:00,1.4173149999999999,1.417615,1.4172799999999999,1.417495,991
2026-06-19 20:00:00,1.41748,1.41785,1.41716,1.417525,3786
2026-06-19 20:30:00,1.41754,1.41758,1.415165,1.41527,1035
2026-06-21 22:00:00,1.41646,1.417785,1.41646,1.4175749999999998,922
2026-06-21 22:30:00,1.41757,1.41784,1.41754,1.417805,442
2026-06-21 23:00:00,1.417805,1.417805,1.417395,1.4175,700
2026-06-21 23:30:00,1.4175,1.417845,1.417465,1.417485,619
2026-06-22 00:00:00,1.417485,1.417565,1.417025,1.417205,1139
2026-06-22 00:30:00,1.417205,1.417735,1.41715,1.4172250000000002,1200
2026-06-22 01:00:00,1.4172099999999999,1.4176,1.4168,1.417455,2540
2026-06-22 01:30:00,1.417455,1.41797,1.417455,1.4179650000000001,1808
2026-06-22 02:00:00,1.4179599999999999,1.41824,1.417845,1.418085,1639
2026-06-22 02:30:00,1.418085,1.4181,1.4176199999999999,1.417775,1626
2026-06-22 03:00:00,1.417785,1.41806,1.417575,1.417965,1920
2026-06-22 03:30:00,1.41797,1.41873,1.41795,1.418625,1725
2026-06-22 04:00:00,1.41863,1.4191,1.41854,1.418935,1325
2026-06-22 04:30:00,1.41896,1.419015,1.41875,1.4188450000000001,1385
2026-06-22 05:00:00,1.418835,1.41885,1.41831,1.41831,1500
2026-06-22 05:30:00,1.41831,1.418835,1.4179149999999998,1.4188299999999998,2073
2026-06-22 06:00:00,1.41883,1.41886,1.418315,1.418855,3388
2026-06-22 06:30:00,1.418865,1.41936,1.41799,1.418285,2339
2026-06-22 07:00:00,1.41831,1.41835,1.417485,1.4179300000000001,1782
2026-06-22 07:30:00,1.4179499999999998,1.4182299999999999,1.4175,1.41781,1512
2026-06-22 08:00:00,1.417815,1.41802,1.417195,1.417635,2417
2026-06-22 08:30:00,1.41764,1.41826,1.41761,1.4179599999999999,1970
2026-06-22 09:00:00,1.41795,1.4179650000000001,1.41722,1.4172850000000001,1941
2026-06-22 09:30:00,1.41729,1.4174250000000002,1.4166750000000001,1.41715,1661
2026-06-22 10:00:00,1.4171399999999998,1.4172250000000002,1.41657,1.416795,1773
2026-06-22 10:30:00,1.416785,1.417265,1.416735,1.41723,1784
2026-06-22 11:00:00,1.41722,1.4178199999999999,1.41722,1.4176700000000002,1581
2026-06-22 11:30:00,1.4176600000000001,1.41774,1.41718,1.4172150000000001,974
2026-06-22 12:00:00,1.417205,1.41724,1.41534,1.41548,2301
2026-06-22 12:30:00,1.41548,1.4158849999999998,1.4144899999999998,1.415605,2318
2026-06-22 13:00:00,1.415585,1.41769,1.415285,1.4176549999999999,3342
2026-06-22 13:30:00,1.41765,1.41783,1.416445,1.416925,3605
2026-06-22 14:00:00,1.4169299999999998,1.417025,1.41556,1.415765,3501
2026-06-22 14:30:00,1.4157549999999999,1.416055,1.41479,1.41513,3784
2026-06-22 15:00:00,1.415135,1.41656,1.4148200000000002,1.416245,3074
2026-06-22 15:30:00,1.41623,1.417195,1.416165,1.416845,2223
2026-06-22 16:00:00,1.41684,1.416935,1.4159799999999998,1.41657,2256
2026-06-22 16:30:00,1.416575,1.41663,1.4162050000000002,1.4164349999999999,1400
2026-06-22 17:00:00,1.416445,1.416845,1.41634,1.4164949999999998,996
2026-06-22 17:30:00,1.4165,1.416535,1.4161350000000001,1.41614,1186
2026-06-22 18:00:00,1.4161299999999999,1.416325,1.415805,1.415975,1110
2026-06-22 18:30:00,1.41596,1.4160300000000001,1.415405,1.415705,1128
2026-06-22 19:00:00,1.4157099999999998,1.416265,1.4157000000000002,1.41622,1590
2026-06-22 19:30:00,1.416235,1.4166050000000001,1.415985,1.4160249999999999,1190
2026-06-22 20:00:00,1.41601,1.41657,1.415945,1.4163450000000002,989
2026-06-22 20:30:00,1.41635,1.416525,1.415875,1.41593,714
2026-06-22 21:00:00,1.415855,1.41662,1.415825,1.416325,184
2026-06-22 21:30:00,1.4162,1.41634,1.41574,1.416145,257
2026-06-22 22:00:00,1.41616,1.4162050000000002,1.415975,1.416035,562
2026-06-22 22:30:00,1.4160249999999999,1.416215,1.415265,1.4153799999999999,923
2026-06-22 23:00:00,1.415395,1.41571,1.4150900000000002,1.415645,674
2026-06-22 23:30:00,1.415655,1.4160300000000001,1.41563,1.415915,446
2026-06-23 00:00:00,1.4159199999999998,1.4165,1.4159199999999998,1.4160300000000001,2093
2026-06-23 00:30:00,1.4160300000000001,1.416055,1.415685,1.41593,2201
2026-06-23 01:00:00,1.4159199999999998,1.4168150000000002,1.415845,1.4167,1982
2026-06-23 01:30:00,1.416665,1.4168349999999998,1.416175,1.416355,1621
2026-06-23 02:00:00,1.4163450000000002,1.4163649999999999,1.415775,1.416075,1472
2026-06-23 02:30:00,1.41608,1.41678,1.41598,1.41676,1532
2026-06-23 03:00:00,1.41676,1.417225,1.4166400000000001,1.4167800000000002,1573
2026-06-23 03:30:00,1.416785,1.416985,1.41652,1.41658,1787
2026-06-23 04:00:00,1.41657,1.4170349999999998,1.41648,1.417025,1540
2026-06-23 04:30:00,1.41703,1.417515,1.4170099999999999,1.417425,1438
2026-06-23 05:00:00,1.41743,1.417535,1.417185,1.41742,1545
2026-06-23 05:30:00,1.41741,1.4176549999999999,1.417325,1.41745,1476
2026-06-23 06:00:00,1.4174449999999998,1.4181650000000001,1.417115,1.41804,2876
2026-06-23 06:30:00,1.41805,1.418605,1.41785,1.417955,1686
2026-06-23 07:00:00,1.41795,1.418015,1.41679,1.416995,2400
2026-06-23 07:30:00,1.416995,1.41802,1.416995,1.41757,2849
2026-06-23 08:00:00,1.41756,1.41788,1.4171900000000002,1.417705,2520
2026-06-23 08:30:00,1.417725,1.41817,1.41764,1.41817,1675
2026-06-23 09:00:00,1.41818,1.4183599999999998,1.417755,1.4179249999999999,1572
2026-06-23 09:30:00,1.417915,1.41831,1.417795,1.41811,1491
2026-06-23 10:00:00,1.4181,1.41848,1.4178350000000002,1.418355,1227
2026-06-23 10:30:00,1.4183599999999998,1.418815,1.41807,1.4187699999999999,1715
2026-06-23 11:00:00,1.4187850000000002,1.41893,1.41824,1.41858,1936
2026-06-23 11:30:00,1.4185750000000001,1.41907,1.4185400000000001,1.41906,1751
2026-06-23 12:00:00,1.41906,1.419175,1.4185949999999998,1.419095,1704
2026-06-23 12:30:00,1.419085,1.419085,1.418335,1.418725,1722
2026-06-23 13:00:00,1.4187349999999999,1.419105,1.418335,1.41845,1729
2026-06-23 13:30:00,1.4184299999999999,1.418835,1.416895,1.4180100000000002,3195
2026-06-23 14:00:00,1.417995,1.41994,1.4178199999999999,1.41967,3292
2026-06-23 14:30:00,1.419675,1.419975,1.4190200000000002,1.41966,2671
2026-06-23 15:00:00,1.41967,1.4201549999999998,1.419245,1.4197700000000002,3536
2026-06-23 15:30:00,1.41978,1.42042,1.4196,1.419905,2258
2026-06-23 16:00:00,1.41989,1.42031,1.4195250000000001,1.420015,1624
2026-06-23 16:30:00,1.420025,1.42081,1.4200050000000002,1.420805,1659
2026-06-23 17:00:00,1.42081,1.421135,1.4205899999999998,1.421135,1462
2026-06-23 17:30:00,1.42115,1.4212150000000001,1.420755,1.4209049999999999,1291
2026-06-23 18:00:00,1.420895,1.4212850000000001,1.4207649999999998,1.4212799999999999,1054
2026-06-23 18:30:00,1.4212850000000001,1.42174,1.4211200000000002,1.4214250000000002,1796
2026-06-23 19:00:00,1.4214099999999998,1.421455,1.420925,1.420995,1383
2026-06-23 19:30:00,1.420985,1.421195,1.420685,1.42089,1378
2026-06-23 20:00:00,1.420895,1.4212250000000002,1.4208699999999999,1.4210349999999998,855
2026-06-23 20:30:00,1.42103,1.421165,1.42083,1.42102,740
2026-06-23 21:00:00,1.42104,1.421195,1.4207800000000002,1.421065,493
2026-06-23 21:30:00,1.42103,1.4212950000000002,1.42056,1.420845,619
2026-06-23 22:00:00,1.420855,1.421465,1.420855,1.421265,273
2026-06-23 22:30:00,1.4212600000000002,1.421325,1.4211,1.42113,217
2026-06-23 23:00:00,1.421125,1.42122,1.420995,1.421205,384
2026-06-23 23:30:00,1.42121,1.421295,1.42075,1.42102,995
2026-06-24 00:00:00,1.4210099999999999,1.42147,1.4209399999999999,1.42116,2134
2026-06-24 00:30:00,1.42116,1.421305,1.4207100000000001,1.4210850000000002,1906
2026-06-24 01:00:00,1.4210850000000002,1.42155,1.421015,1.421025,2594
2026-06-24 01:30:00,1.4210349999999998,1.42115,1.420615,1.42072,1893
2026-06-24 02:00:00,1.42072,1.420935,1.4206400000000001,1.420785,1457
2026-06-24 02:30:00,1.4207800000000002,1.42176,1.420735,1.421755,1997
2026-06-24 03:00:00,1.42177,1.4224350000000001,1.421665,1.42185,1798
2026-06-24 03:30:00,1.421845,1.421875,1.42136,1.421465,1308
2026-06-24 04:00:00,1.4214600000000002,1.421845,1.42131,1.4214449999999998,971
2026-06-24 04:30:00,1.42144,1.4215149999999999,1.4212099999999999,1.42149,825
2026-06-24 05:00:00,1.4215,1.421545,1.42118,1.42147,1475
2026-06-24 05:30:00,1.42147,1.42178,1.421365,1.4216799999999998,1799
2026-06-24 06:00:00,1.421705,1.422365,1.4214,1.4223,3025
2026-06-24 06:30:00,1.422295,1.422475,1.42205,1.42235,2234
2026-06-24 07:00:00,1.422345,1.4226,1.42208,1.422375,3235
2026-06-24 07:30:00,1.42238,1.42285,1.422335,1.4228049999999999,2412
2026-06-24 08:00:00,1.42281,1.4238849999999998,1.422695,1.422985,3465
2026-06-24 08:30:00,1.42298,1.423315,1.4226649999999998,1.422855,2788
2026-06-24 09:00:00,1.42286,1.42364,1.422755,1.4235600000000002,2692
2026-06-24 09:30:00,1.42355,1.42375,1.423095,1.423295,2291
2026-06-24 10:00:00,1.4233,1.42362,1.423175,1.42327,2443
2026-06-24 10:30:00,1.423265,1.423345,1.422545,1.42259,2293
2026-06-24 11:00:00,1.422585,1.4230450000000001,1.4224,1.4227349999999999,1117
2026-06-24 11:30:00,1.42273,1.4230550000000002,1.422155,1.4228649999999998,2130
2026-06-24 12:00:00,1.42287,1.423985,1.422355,1.4237549999999999,3141
2026-06-24 12:30:00,1.4237549999999999,1.4245100000000002,1.4237449999999998,1.424,2504
2026-06-24 13:00:00,1.423985,1.4248150000000002,1.423445,1.4234550000000001,2653
2026-06-24 13:30:00,1.423465,1.4236900000000001,1.42259,1.422975,4297
2026-06-24 14:00:00,1.422985,1.42393,1.422585,1.4234399999999998,4006
2026-06-24 14:30:00,1.42344,1.4245299999999999,1.4233699999999998,1.4241199999999998,3406
2026-06-24 15:00:00,1.42411,1.4242750000000002,1.4227599999999998,1.423035,2638
2026-06-24 15:30:00,1.4230399999999999,1.4239199999999999,1.423025,1.42381,2036
2026-06-24 16:00:00,1.423805,1.42386,1.422415,1.422425,1985
2026-06-24 16:30:00,1.42242,1.422475,1.421545,1.42191,2108
2026-06-24 17:00:00,1.42192,1.423105,1.421785,1.4230049999999999,1800
2026-06-24 17:30:00,1.423015,1.42362,1.422655,1.4235250000000002,1948
2026-06-24 18:00:00,1.42353,1.423685,1.4232049999999998,1.42323,1941
2026-06-24 18:30:00,1.423225,1.42393,1.4229500000000002,1.4236849999999999,1748
2026-06-24 19:00:00,1.42367,1.42414,1.423375,1.4238149999999998,1412
2026-06-24 19:30:00,1.423805,1.42387,1.42316,1.4232550000000002,1233
2026-06-24 20:00:00,1.423265,1.423505,1.4229500000000002,1.42306,1048
2026-06-24 20:30:00,1.423035,1.4234900000000001,1.422975,1.4234300000000002,1615
2026-06-24 21:00:00,1.42341,1.42341,1.42252,1.423,479
2026-06-24 21:30:00,1.42307,1.42355,1.42267,1.4233099999999999,793
2026-06-24 22:00:00,1.42321,1.4235099999999998,1.423105,1.42343,445
2026-06-24 22:30:00,1.42346,1.42352,1.42327,1.4235,227
2026-06-24 23:00:00,1.4235099999999998,1.423575,1.42327,1.42357,337
2026-06-24 23:30:00,1.423555,1.4236550000000001,1.423315,1.423575,523
2026-06-25 00:00:00,1.423565,1.424155,1.4235600000000002,1.4240949999999999,2242
2026-06-25 00:30:00,1.4241000000000001,1.4243350000000001,1.42363,1.42368,1470
2026-06-25 01:00:00,1.42367,1.42375,1.4228049999999999,1.4230450000000001,2387
2026-06-25 01:30:00,1.423055,1.4237,1.42275,1.42355,2169
2026-06-25 02:00:00,1.42355,1.4237199999999999,1.4230450000000001,1.4231850000000001,1449
2026-06-25 02:30:00,1.42318,1.42347,1.4230800000000001,1.42328,1327
2026-06-25 03:00:00,1.423275,1.42333,1.42296,1.42326,1649
2026-06-25 03:30:00,1.42327,1.42328,1.42282,1.42293,1122
2026-06-25 04:00:00,1.422925,1.4230800000000001,1.4228,1.42287,1129
2026-06-25 04:30:00,1.42288,1.42312,1.42287,1.42305,866
2026-06-25 05:00:00,1.4230450000000001,1.42346,1.42302,1.4233850000000001,1247
2026-06-25 05:30:00,1.4233850000000001,1.423975,1.42329,1.423975,1435
2026-06-25 06:00:00,1.42398,1.4241899999999998,1.4236849999999999,1.42374,1443
2026-06-25 06:30:00,1.42374,1.4242650000000001,1.4236900000000001,1.423945,1472
2026-06-25 07:00:00,1.4239549999999999,1.4243299999999999,1.4236399999999998,1.42395,1698
2026-06-25 07:30:00,1.4239350000000002,1.42395,1.42312,1.42312,1382
2026-06-25 08:00:00,1.423125,1.423165,1.4223750000000002,1.4224350000000001,2405
2026-06-25 08:30:00,1.42244,1.4229349999999998,1.4222700000000001,1.4228450000000001,1177
2026-06-25 09:00:00,1.422855,1.4235,1.422755,1.4231449999999999,1241
2026-06-25 09:30:00,1.4231500000000001,1.4235950000000002,1.422875,1.4233950000000002,1306
2026-06-25 10:00:00,1.423405,1.42395,1.4233099999999999,1.4237950000000001,1474
2026-06-25 10:30:00,1.4237950000000001,1.4245,1.423795,1.4242599999999999,1913
2026-06-25 11:00:00,1.424255,1.424685,1.424245,1.424665,930
2026-06-25 11:30:00,1.424665,1.424825,1.4241549999999998,1.4241549999999998,1359
2026-06-25 12:00:00,1.42415,1.4248150000000002,1.423905,1.424545,1345
2026-06-25 12:30:00,1.4245700000000001,1.4246050000000001,1.4221300000000001,1.423635,3451
2026-06-25 13:00:00,1.423645,1.423835,1.421795,1.4218350000000002,3055
2026-06-25 13:30:00,1.421845,1.4219300000000001,1.420855,1.4214600000000002,4580
2026-06-25 14:00:00,1.42143,1.4214799999999999,1.419515,1.420665,4153
2026-06-25 14:30:00,1.420665,1.420865,1.419635,1.4203800000000002,4287
2026-06-25 15:00:00,1.420375,1.4207,1.4190399999999999,1.4192550000000002,3716
2026-06-25 15:30:00,1.41926,1.420375,1.4190800000000001,1.41912,3103
2026-06-25 16:00:00,1.419125,1.41921,1.4177499999999998,1.417995,3024
2026-06-25 16:30:00,1.41799,1.419375,1.4178950000000001,1.419025,2556
2026-06-25 17:00:00,1.419025,1.4194149999999999,1.418815,1.4193449999999999,1641
2026-06-25 17:30:00,1.4193449999999999,1.419825,1.4191799999999999,1.419555,1635
2026-06-25 18:00:00,1.419565,1.42007,1.4192,1.419235,1718
2026-06-25 18:30:00,1.4192200000000001,1.420125,1.4191850000000001,1.419695,1440
2026-06-25 19:00:00,1.419675,1.4199350000000002,1.419245,1.41925,1046
2026-06-25 19:30:00,1.4192550000000002,1.4202750000000002,1.41913,1.4195250000000001,1847
2026-06-25 20:00:00,1.41953,1.420045,1.419355,1.4199350000000002,1030
2026-06-25 20:30:00,1.419925,1.4202149999999998,1.41977,1.42019,814
2026-06-25 21:00:00,1.420245,1.420305,1.4194,1.419695,233
2026-06-25 21:30:00,1.4195950000000002,1.420045,1.4193850000000001,1.419495,338
2026-06-25 22:00:00,1.419555,1.42013,1.419555,1.4201,571
2026-06-25 22:30:00,1.4200949999999999,1.42021,1.418955,1.419075,1252
2026-06-25 23:00:00,1.41907,1.42002,1.41899,1.41997,1380
2026-06-25 23:30:00,1.419965,1.420285,1.41995,1.420125,452
2026-06-26 00:00:00,1.4200949999999999,1.4202400000000002,1.419565,1.419565,1293
2026-06-26 00:30:00,1.419565,1.419955,1.41952,1.419775,1739
2026-06-26 01:00:00,1.41977,1.419795,1.41926,1.4194149999999999,1530
2026-06-26 01:30:00,1.419405,1.4203000000000001,1.4193799999999999,1.4198849999999998,2116
2026-06-26 02:00:00,1.41987,1.42098,1.419735,1.420845,1885
2026-06-26 02:30:00,1.420835,1.42085,1.420225,1.420465,1297
2026-06-26 03:00:00,1.420455,1.420595,1.4199899999999999,1.4201700000000002,1151
2026-06-26 03:30:00,1.42016,1.420305,1.4193099999999998,1.419435,2184
2026-06-26 04:00:00,1.419435,1.4195600000000002,1.41915,1.41925,1788
2026-06-26 04:30:00,1.41925,1.419535,1.41906,1.41917,1734
2026-06-26 05:00:00,1.419175,1.419285,1.418975,1.419035,1451
2026-06-26 05:30:00,1.419025,1.4191799999999999,1.41852,1.418765,1553
2026-06-26 06:00:00,1.41876,1.41982,1.41873,1.419335,1722
2026-06-26 06:30:00,1.419335,1.41967,1.418945,1.4191500000000001,1693
2026-06-26 07:00:00,1.419155,1.419785,1.4190049999999998,1.419605,2122
2026-06-26 07:30:00,1.4195950000000002,1.42013,1.4190550000000002,1.41981,1455
2026-06-26 08:00:00,1.41982,1.41998,1.4182000000000001,1.418385,2085
2026-06-26 08:30:00,1.4183750000000002,1.4188900000000002,1.4181300000000001,1.4186450000000002,1989
2026-06-26 09:00:00,1.41865,1.418965,1.4181650000000001,1.4181750000000002,1807
2026-06-26 09:30:00,1.4181650000000001,1.4185500000000002,1.41798,1.418545,1572
2026-06-26 10:00:00,1.4185500000000002,1.4185750000000001,1.418095,1.418175,1205
2026-06-26 10:30:00,1.41817,1.41838,1.4179149999999998,1.41805,1983
2026-06-26 11:00:00,1.418045,1.4186100000000001,1.417975,1.417975,1245
2026-06-26 11:30:00,1.4179650000000001,1.4190900000000002,1.4178950000000001,1.4186999999999999,1187
2026-06-26 12:00:00,1.41871,1.41878,1.4176799999999998,1.417755,1944
2026-06-26 12:30:00,1.41777,1.4184649999999999,1.41741,1.4177849999999999,2037
2026-06-26 13:00:00,1.41779,1.418115,1.4169200000000002,1.417595,3548
2026-06-26 13:30:00,1.417605,1.4179599999999999,1.41718,1.417455,3330
2026-06-26 14:00:00,1.41745,1.4179650000000001,1.417055,1.417755,2695
2026-06-26 14:30:00,1.4177650000000002,1.420055,1.41764,1.4200249999999999,4755
2026-06-26 15:00:00,1.4200249999999999,1.420045,1.4188049999999999,1.418855,2582
2026-06-26 15:30:00,1.4188450000000001,1.419315,1.4180350000000002,1.418405,2232
2026-06-26 16:00:00,1.4183949999999999,1.419165,1.418015,1.4191500000000001,2285
2026-06-26 16:30:00,1.4191500000000001,1.4197199999999999,1.41906,1.41925,2489
2026-06-26 17:00:00,1.419235,1.419295,1.4187500000000002,1.41901,1084
2026-06-26 17:30:00,1.4190049999999998,1.419285,1.418895,1.419155,1382
2026-06-26 18:00:00,1.4191449999999999,1.4191699999999998,1.4186899999999998,1.418945,1589
2026-06-26 18:30:00,1.4189500000000002,1.41928,1.418555,1.41928,1801
2026-06-26 19:00:00,1.4192749999999998,1.4193449999999999,1.418835,1.41901,1193
2026-06-26 19:30:00,1.41901,1.4191,1.417795,1.41808,1483
2026-06-26 20:00:00,1.41807,1.41844,1.4178799999999998,1.418335,2030
2026-06-26 20:30:00,1.41831,1.4196650000000002,1.4180000000000001,1.41937,3464
2026-06-28 22:00:00,1.419235,1.419625,1.419125,1.41921,454
2026-06-28 22:30:00,1.419195,1.419225,1.41895,1.419095,214
2026-06-28 23:00:00,1.4190800000000001,1.4190800000000001,1.4187699999999999,1.418855,578
2026-06-28 23:30:00,1.41886,1.4194849999999999,1.418855,1.419025,797
2026-06-29 00:00:00,1.4190550000000002,1.419855,1.41902,1.419685,2385
2026-06-29 00:30:00,1.419685,1.419685,1.41912,1.41921,1337
2026-06-29 01:00:00,1.419225,1.41975,1.41888,1.4190450000000001,1834
2026-06-29 01:30:00,1.41903,1.419165,1.418755,1.41909,1655
2026-06-29 02:00:00,1.41909,1.4192200000000001,1.418185,1.418235,1852
2026-06-29 02:30:00,1.418235,1.418955,1.4182299999999999,1.41893,1372
2026-06-29 03:00:00,1.41894,1.41894,1.41862,1.41865,994
2026-06-29 03:30:00,1.418645,1.4191799999999999,1.418565,1.419135,1089
2026-06-29 04:00:00,1.4191449999999999,1.419315,1.4190450000000001,1.4191799999999999,1270
2026-06-29 04:30:00,1.419175,1.41933,1.41901,1.41924,1129
2026-06-29 05:00:00,1.41925,1.41925,1.41888,1.4190049999999998,1021
2026-06-29 05:30:00,1.41899,1.41903,1.41832,1.4184700000000001,1309
2026-06-29 06:00:00,1.418475,1.41893,1.418425,1.4184700000000001,1250
2026-06-29 06:30:00,1.4184700000000001,1.41853,1.417535,1.4176700000000002,1891
2026-06-29 07:00:00,1.41769,1.4184299999999999,1.41767,1.418295,1344
2026-06-29 07:30:00,1.418285,1.419035,1.418155,1.418925,1373
2026-06-29 08:00:00,1.4189349999999998,1.41968,1.41868,1.41933,1558
2026-06-29 08:30:00,1.419315,1.4199350000000002,1.4190749999999999,1.4197250000000001,1158
2026-06-29 09:00:00,1.41971,1.4197600000000001,1.4192300000000002,1.419275,790
2026-06-29 09:30:00,1.419265,1.4194149999999999,1.418895,1.418925,972
2026-06-29 10:00:00,1.4189150000000001,1.41923,1.41885,1.419195,834
2026-06-29 10:30:00,1.41919,1.419515,1.41913,1.4194550000000001,603
2026-06-29 11:00:00,1.419445,1.420035,1.4190450000000001,1.4198849999999998,823
2026-06-29 11:30:00,1.41988,1.420795,1.41971,1.42047,1431
2026-06-29 12:00:00,1.420485,1.420595,1.420045,1.4203649999999999,1615
2026-06-29 12:30:00,1.4203649999999999,1.421005,1.41989,1.4204599999999998,1237
2026-06-29 13:00:00,1.42043,1.421,1.42035,1.4205450000000002,1207
2026-06-29 13:30:00,1.420535,1.421435,1.420325,1.42097,2710
2026-06-29 14:00:00,1.420965,1.4217849999999999,1.420645,1.4212799999999999,3119
2026-06-29 14:30:00,1.4212850000000001,1.421505,1.4202499999999998,1.4209999999999998,2943
2026-06-29 15:00:00,1.420995,1.421115,1.420665,1.4209299999999998,2313
2026-06-29 15:30:00,1.420935,1.4214950000000002,1.4207999999999998,1.421205,1532
2026-06-29 16:00:00,1.421195,1.4213049999999998,1.4206750000000001,1.420715,1194
2026-06-29 16:30:00,1.4207049999999999,1.420725,1.4196,1.420235,1345
2026-06-29 17:00:00,1.4202249999999998,1.4207800000000002,1.420195,1.420555,891
2026-06-29 17:30:00,1.4205649999999999,1.42097,1.4196149999999998,1.41986,1126
2026-06-29 18:00:00,1.419855,1.420245,1.4197700000000002,1.4200650000000001,946
2026-06-29 18:30:00,1.4200400000000002,1.4204400000000001,1.4199700000000002,1.42029,946
2026-06-29 19:00:00,1.420305,1.42068,1.420175,1.4202750000000002,687
2026-06-29 19:30:00,1.42027,1.4204500000000002,1.42002,1.420325,802
2026-06-29 20:00:00,1.4203350000000001,1.4205649999999999,1.420185,1.4205649999999999,386
2026-06-29 20:30:00,1.420555,1.42142,1.420445,1.42109,738
2026-06-29 21:00:00,1.421055,1.42123,1.4206699999999999,1.421225,160
2026-06-29 21:30:00,1.421185,1.42123,1.42071,1.420725,734
2026-06-29 22:00:00,1.420785,1.42106,1.42055,1.4207100000000001,340
2026-06-29 22:30:00,1.4207049999999999,1.420855,1.420125,1.42019,735
2026-06-29 23:00:00,1.4201700000000002,1.420765,1.42002,1.420755,1077
2026-06-29 23:30:00,1.42075,1.4211200000000002,1.420635,1.421105,772
2026-06-30 00:00:00,1.42112,1.42179,1.421085,1.421685,1683
2026-06-30 00:30:00,1.421675,1.42232,1.42146,1.421685,1625
2026-06-30 01:00:00,1.421675,1.422385,1.42149,1.4218199999999999,2286
2026-06-30 01:30:00,1.421815,1.422855,1.421415,1.42275,2160
2026-06-30 02:00:00,1.422745,1.4231600000000002,1.42269,1.423105,1914
2026-06-30 02:30:00,1.4231099999999999,1.423195,1.4227949999999998,1.4229,987
2026-06-30 03:00:00,1.422895,1.42325,1.422765,1.42312,949
2026-06-30 03:30:00,1.423105,1.423555,1.42302,1.4232049999999998,743
2026-06-30 04:00:00,1.423215,1.423355,1.423065,1.423305,501
2026-06-30 04:30:00,1.42332,1.4236900000000001,1.4230800000000001,1.423685,776
2026-06-30 05:00:00,1.423705,1.4237549999999999,1.423285,1.423325,883
2026-06-30 05:30:00,1.42333,1.42359,1.4231449999999999,1.423525,918
2026-06-30 06:00:00,1.42353,1.4239700000000002,1.422995,1.423,1961
2026-06-30 06:30:00,1.422965,1.4234300000000002,1.422755,1.4227599999999998,2075
2026-06-30 07:00:00,1.422755,1.4230749999999999,1.42238,1.422545,1221
2026-06-30 07:30:00,1.4225349999999999,1.423215,1.42238,1.4229500000000002,1105
2026-06-30 08:00:00,1.422955,1.423635,1.4228100000000001,1.42299,2309
2026-06-30 08:30:00,1.423,1.4236650000000002,1.42287,1.42332,1689
2026-06-30 09:00:00,1.42332,1.4237600000000001,1.42307,1.42375,1980
2026-06-30 09:30:00,1.42375,1.42401,1.423515,1.423565,1666
2026-06-30 10:00:00,1.42356,1.42381,1.4234900000000001,1.4236149999999999,1037
2026-06-30 10:30:00,1.423635,1.42394,1.42309,1.4231,852
2026-06-30 11:00:00,1.42309,1.423945,1.42302,1.423915,951
2026-06-30 11:30:00,1.4239,1.424775,1.423535,1.4236650000000002,1321
2026-06-30 12:00:00,1.423675,1.42402,1.4234149999999999,1.42375,994
2026-06-30 12:30:00,1.4237449999999998,1.423785,1.4224,1.422795,1661
2026-06-30 13:00:00,1.4228,1.422835,1.421395,1.4221050000000002,1828
2026-06-30 13:30:00,1.42209,1.42271,1.421935,1.422415,1969
2026-06-30 14:00:00,1.42242,1.422655,1.42008,1.4203299999999999,2993
2026-06-30 14:30:00,1.420325,1.42061,1.4184,1.418815,3982
2026-06-30 15:00:00,1.41883,1.420145,1.41836,1.4201199999999998,3369
2026-06-30 15:30:00,1.420125,1.420775,1.41988,1.42059,1860
2026-06-30 16:00:00,1.4205999999999999,1.4209049999999999,1.420435,1.42072,1363
2026-06-30 16:30:00,1.4207100000000001,1.42117,1.420385,1.420795,1177
2026-06-30 17:00:00,1.4207999999999998,1.421255,1.4205899999999998,1.420925,999
2026-06-30 17:30:00,1.420925,1.420995,1.42016,1.42035,732
2026-06-30 18:00:00,1.420355,1.420535,1.419855,1.42007,1113
2026-06-30 18:30:00,1.4200849999999998,1.42056,1.4198499999999998,1.420395,1155
2026-06-30 19:00:00,1.4203999999999999,1.4206400000000001,1.42001,1.4204249999999998,1046
2026-06-30 19:30:00,1.420415,1.420455,1.418155,1.41833,1381
2026-06-30 20:00:00,1.4183400000000002,1.4190550000000002,1.4178250000000001,1.419025,847
2026-06-30 20:30:00,1.4190450000000001,1.419825,1.4189150000000001,1.41962,767
2026-06-30 21:00:00,1.419615,1.41975,1.41944,1.41956,101
2026-06-30 21:30:00,1.419545,1.41965,1.41943,1.419605,183
2026-06-30 22:00:00,1.4196,1.419755,1.4193799999999999,1.419475,266
2026-06-30 22:30:00,1.41948,1.41966,1.419465,1.4196,213
2026-06-30 23:00:00,1.41961,1.4199549999999999,1.419475,1.419915,356
2026-06-30 23:30:00,1.419895,1.420865,1.419705,1.420825,427
2026-07-01 00:00:00,1.420785,1.421245,1.420525,1.421235,774
2026-07-01 00:30:00,1.42123,1.42147,1.42104,1.42131,712
2026-07-01 01:00:00,1.4213149999999999,1.4222000000000001,1.42126,1.4218000000000002,1511
2026-07-01 01:30:00,1.421785,1.42217,1.421695,1.421955,787
2026-07-01 02:00:00,1.421935,1.42218,1.42164,1.421895,915
2026-07-01 02:30:00,1.421905,1.421945,1.42154,1.4218899999999999,890
2026-07-01 03:00:00,1.421905,1.42197,1.421635,1.42183,519
2026-07-01 03:30:00,1.4218250000000001,1.42204,1.42174,1.421755,634
2026-07-01 04:00:00,1.42176,1.42192,1.42171,1.421745,528
2026-07-01 04:30:00,1.42174,1.421745,1.4211900000000002,1.42145,599
2026-07-01 05:00:00,1.42146,1.4216199999999999,1.42112,1.421135,484
2026-07-01 05:30:00,1.421125,1.42126,1.420935,1.4211200000000002,842
2026-07-01 06:00:00,1.42115,1.42163,1.42108,1.421605,653
2026-07-01 06:30:00,1.421595,1.422075,1.4215650000000002,1.4216199999999999,468
2026-07-01 07:00:00,1.42161,1.422245,1.42143,1.42219,1044
2026-07-01 07:30:00,1.4221949999999999,1.4222700000000001,1.42154,1.421725,763
2026-07-01 08:00:00,1.42172,1.4224700000000001,1.4217149999999998,1.42235,637
2026-07-01 08:30:00,1.422345,1.42252,1.4218950000000001,1.42219,554
2026-07-01 09:00:00,1.422205,1.4224999999999999,1.422025,1.422095,743
2026-07-01 09:30:00,1.4221,1.42255,1.422075,1.42245,671
2026-07-01 10:00:00,1.42246,1.4225400000000001,1.42172,1.42172,724
2026-07-01 10:30:00,1.4217300000000002,1.421805,1.4213399999999998,1.421485,550
2026-07-01 11:00:00,1.42149,1.421735,1.4214099999999998,1.421685,566
2026-07-01 11:30:00,1.4217,1.4222100000000002,1.421685,1.4221949999999999,646
2026-07-01 12:00:00,1.42219,1.422475,1.4218,1.422335,1026
2026-07-01 12:30:00,1.422345,1.4234550000000001,1.422245,1.423225,1334
2026-07-01 13:00:00,1.423215,1.423515,1.4209749999999999,1.421415,2776
2026-07-01 13:30:00,1.421435,1.421665,1.419175,1.421025,4244
2026-07-01 14:00:00,1.421035,1.4211749999999999,1.41937,1.4206750000000001,3094
2026-07-01 14:30:00,1.420665,1.4214449999999998,1.41984,1.4203450000000002,3033
2026-07-01 15:00:00,1.4203350000000001,1.42122,1.420235,1.420245,1906
2026-07-01 15:30:00,1.4202599999999999,1.420805,1.4201350000000001,1.4206150000000002,1577
2026-07-01 16:00:00,1.42061,1.4207,1.4197799999999998,1.4203299999999999,1317
2026-07-01 16:30:00,1.4203199999999998,1.421075,1.420285,1.4209049999999999,841
2026-07-01 17:00:00,1.420895,1.42131,1.4206349999999999,1.421045,1048
2026-07-01 17:30:00,1.42104,1.421455,1.42077,1.421345,685
2026-07-01 18:00:00,1.4213399999999998,1.421815,1.421115,1.421735,608
2026-07-01 18:30:00,1.4217499999999998,1.4218549999999999,1.42149,1.421545,663
2026-07-01 19:00:00,1.421535,1.421725,1.421335,1.4215149999999999,575
2026-07-01 19:30:00,1.4215,1.421635,1.4213550000000001,1.42146,568
2026-07-01 20:00:00,1.421465,1.421795,1.4214250000000002,1.42154,292
2026-07-01 20:30:00,1.42153,1.421865,1.421485,1.4216199999999999,280
2026-07-01 21:00:00,1.42159,1.4217499999999998,1.421035,1.421265,339
2026-07-01 21:30:00,1.42122,1.4215900000000001,1.42122,1.421545,312
2026-07-01 22:00:00,1.4215,1.421875,1.4215,1.421745,210
2026-07-01 22:30:00,1.42174,1.421865,1.42172,1.42181,211
2026-07-01 23:00:00,1.421815,1.422005,1.42181,1.422005,346
2026-07-01 23:30:00,1.4220000000000002,1.4222000000000001,1.42182,1.42193,305
2026-07-02 00:00:00,1.42194,1.422445,1.4219,1.4221949999999999,926
2026-07-02 00:30:00,1.422185,1.422185,1.42179,1.42187,834
2026-07-02 01:00:00,1.42188,1.42188,1.421525,1.42172,842
2026-07-02 01:30:00,1.421705,1.42184,1.42115,1.421535,711
2026-07-02 02:00:00,1.4215550000000001,1.421565,1.42082,1.421165,770
2026-07-02 02:30:00,1.421165,1.42169,1.421045,1.421615,516
2026-07-02 03:00:00,1.42163,1.422075,1.421475,1.42185,354
2026-07-02 03:30:00,1.42184,1.421975,1.421715,1.42176,1008
2026-07-02 04:00:00,1.42177,1.42177,1.42136,1.421665,1335
2026-07-02 04:30:00,1.4216600000000001,1.421775,1.42133,1.42145,608
2026-07-02 05:00:00,1.42143,1.421735,1.42136,1.42163,794
2026-07-02 05:30:00,1.421655,1.421875,1.4215,1.421525,671
2026-07-02 06:00:00,1.421505,1.4215200000000001,1.420485,1.4211550000000002,2137
2026-07-02 06:30:00,1.4211399999999998,1.421165,1.419395,1.42018,1811
2026-07-02 07:00:00,1.4201899999999998,1.420875,1.42018,1.420345,1559
2026-07-02 07:30:00,1.4203299999999999,1.4206150000000002,1.419785,1.42002,985
2026-07-02 08:00:00,1.4200249999999999,1.42007,1.418635,1.41873,1771
2026-07-02 08:30:00,1.418745,1.419255,1.418605,1.4190399999999999,2572
2026-07-02 09:00:00,1.419035,1.420195,1.419035,1.420145,1187
2026-07-02 09:30:00,1.420105,1.420145,1.41948,1.419605,1510
2026-07-02 10:00:00,1.4196,1.42014,1.41953,1.420035,1263
2026-07-02 10:30:00,1.42004,1.4207,1.420015,1.4206349999999999,660
2026-07-02 11:00:00,1.4206400000000001,1.4209800000000001,1.4204500000000002,1.420665,841
2026-07-02 11:30:00,1.420645,1.421735,1.4205800000000002,1.42142,810
2026-07-02 12:00:00,1.42143,1.42192,1.42096,1.4216000000000002,1618
2026-07-02 12:30:00,1.4216000000000002,1.4216000000000002,1.4150399999999999,1.417535,9974
2026-07-02 13:00:00,1.417525,1.418605,1.417145,1.41756,4976
2026-07-02 13:30:00,1.417575,1.41758,1.416175,1.41715,3848
2026-07-02 14:00:00,1.417155,1.418145,1.416265,1.418005,2896
2026-07-02 14:30:00,1.417995,1.41901,1.4178099999999998,1.417995,3218
2026-07-02 15:00:00,1.4180199999999998,1.418725,1.4175650000000002,1.4186100000000001,2785
2026-07-02 15:30:00,1.418605,1.41864,1.4177149999999998,1.418355,1921
2026-07-02 16:00:00,1.418345,1.418785,1.4181249999999999,1.4182649999999999,1924
2026-07-02 16:30:00,1.418275,1.418675,1.417665,1.4179599999999999,1489
2026-07-02 17:00:00,1.4179650000000001,1.418385,1.4179400000000002,1.418245,1420
2026-07-02 17:30:00,1.4182549999999998,1.4186,1.41799,1.418225,1253
2026-07-02 18:00:00,1.418215,1.4182549999999998,1.417525,1.418005,1242
2026-07-02 18:30:00,1.417995,1.4182000000000001,1.4176099999999998,1.41818,1034
2026-07-02 19:00:00,1.41819,1.41865,1.418155,1.4183249999999998,1209
2026-07-02 19:30:00,1.41833,1.418695,1.418085,1.4182350000000001,951
2026-07-02 20:00:00,1.41824,1.41842,1.418135,1.41841,433
2026-07-02 20:30:00,1.418405,1.41842,1.418015,1.41822,522
2026-07-02 21:00:00,1.4181149999999998,1.418635,1.41803,1.418625,183
2026-07-02 21:30:00,1.418625,1.41879,1.417955,1.4179650000000001,283
2026-07-02 22:00:00,1.4179400000000002,1.418325,1.41792,1.41832,120
2026-07-02 22:30:00,1.4183150000000002,1.41864,1.41831,1.41849,428
2026-07-02 23:00:00,1.4184700000000001,1.418615,1.418415,1.418425,536
2026-07-02 23:30:00,1.41842,1.41911,1.41842,1.419095,699
2026-07-03 00:00:00,1.4191,1.419775,1.41893,1.4194200000000001,1164
2026-07-03 00:30:00,1.41941,1.41952,1.418545,1.4185599999999998,944
2026-07-03 01:00:00,1.418555,1.41886,1.417525,1.417885,1671
2026-07-03 01:30:00,1.417915,1.41799,1.41732,1.41788,1227
2026-07-03 02:00:00,1.417885,1.417995,1.41702,1.417075,995
2026-07-03 02:30:00,1.41708,1.417265,1.41659,1.417135,903
2026-07-03 03:00:00,1.417145,1.4174000000000002,1.416985,1.41729,738
2026-07-03 03:30:00,1.41729,1.41736,1.41711,1.41713,586
2026-07-03 04:00:00,1.4171200000000002,1.41719,1.41665,1.4167800000000002,519
2026-07-03 04:30:00,1.41679,1.41679,1.416425,1.41655,700
2026-07-03 05:00:00,1.41656,1.41661,1.415985,1.41621,1071
2026-07-03 05:30:00,1.416215,1.416405,1.4159549999999999,1.416315,1097
2026-07-03 06:00:00,1.416325,1.416825,1.416045,1.416725,851
2026-07-03 06:30:00,1.4167299999999998,1.4172,1.41623,1.417115,1141
2026-07-03 07:00:00,1.417135,1.417305,1.41679,1.4168349999999998,1173
2026-07-03 07:30:00,1.41684,1.417815,1.41684,1.417605,982
2026-07-03 08:00:00,1.41757,1.41805,1.41749,1.41791,735
2026-07-03 08:30:00,1.4179050000000002,1.4181650000000001,1.417705,1.418025,777
2026-07-03 09:00:00,1.41804,1.41833,1.41792,1.418095,684
2026-07-03 09:30:00,1.4181,1.4185599999999998,1.4180100000000002,1.41855,660
2026-07-03 10:00:00,1.4185599999999998,1.418595,1.4182000000000001,1.418495,809
2026-07-03 10:30:00,1.4184999999999999,1.418825,1.4184999999999999,1.4186299999999998,975
2026-07-03 11:00:00,1.41864,1.4190450000000001,1.41853,1.419025,658
2026-07-03 11:30:00,1.419015,1.419705,1.4189349999999998,1.419445,635
2026-07-03 12:00:00,1.4194550000000001,1.420445,1.4194550000000001,1.42001,941
2026-07-03 12:30:00,1.42,1.420445,1.42,1.42024,487
2026-07-03 13:00:00,1.4202499999999998,1.4203649999999999,1.419905,1.42015,689
2026-07-03 13:30:00,1.42014,1.42048,1.419705,1.419945,744
2026-07-03 14:00:00,1.4199549999999999,1.420215,1.41932,1.4193250000000002,963
2026-07-03 14:30:00,1.419315,1.4199950000000001,1.4191850000000001,1.4198400000000002,887
2026-07-03 15:00:00,1.419845,1.420585,1.419785,1.4203450000000002,898
2026-07-03 15:30:00,1.42034,1.42059,1.420045,1.420075,826
2026-07-03 16:00:00,1.4200599999999999,1.420685,1.420035,1.420375,517
2026-07-03 16:30:00,1.4203649999999999,1.4205999999999999,1.420125,1.420215,274
2026-07-03 17:00:00,1.4202050000000002,1.42034,1.4200249999999999,1.420185,1438
2026-07-03 17:30:00,1.420165,1.420415,1.4201100000000002,1.42016,931
2026-07-03 18:00:00,1.42015,1.4201549999999998,1.4196650000000002,1.41989,1763
2026-07-03 18:30:00,1.4198849999999998,1.420055,1.4196550000000001,1.419825,2311
2026-07-03 19:00:00,1.4198400000000002,1.42017,1.4198149999999998,1.419945,637
2026-07-03 19:30:00,1.4199549999999999,1.420415,1.41993,1.420185,1319
2026-07-03 20:00:00,1.420195,1.4207100000000001,1.420165,1.420385,2600
2026-07-03 20:30:00,1.420395,1.42083,1.4197899999999999,1.4198499999999998,1500
