datetime,open,high,low,close,volume
2024-07-07 22:00:00,0.674315,0.67494,0.674315,0.674365,1411
2024-07-07 23:00:00,0.67439,0.6748700000000001,0.67427,0.67462,1139
2024-07-08 00:00:00,0.674615,0.67482,0.67397,0.6740200000000001,2590
2024-07-08 01:00:00,0.674025,0.6750400000000001,0.6738299999999999,0.674955,2486
2024-07-08 02:00:00,0.674955,0.675155,0.6746300000000001,0.6749350000000001,2378
2024-07-08 03:00:00,0.67493,0.67611,0.6747350000000001,0.675485,2732
2024-07-08 04:00:00,0.67549,0.6755,0.6751400000000001,0.675305,784
2024-07-08 05:00:00,0.6753,0.675315,0.674315,0.67441,1291
2024-07-08 06:00:00,0.67442,0.67472,0.674015,0.674085,2365
2024-07-08 07:00:00,0.67408,0.67467,0.673945,0.6744749999999999,2679
2024-07-08 08:00:00,0.67447,0.6746300000000001,0.67363,0.67366,2092
2024-07-08 09:00:00,0.673635,0.674175,0.6735150000000001,0.6741550000000001,1477
2024-07-08 10:00:00,0.674145,0.67432,0.673605,0.6737150000000001,1551
2024-07-08 11:00:00,0.67371,0.674265,0.673655,0.6739999999999999,1071
2024-07-08 12:00:00,0.67399,0.67499,0.6739850000000001,0.67489,2228
2024-07-08 13:00:00,0.674895,0.675135,0.674275,0.674695,3889
2024-07-08 14:00:00,0.67469,0.674965,0.6744049999999999,0.674695,3500
2024-07-08 15:00:00,0.67469,0.67473,0.6737,0.673765,2142
2024-07-08 16:00:00,0.673755,0.67425,0.67364,0.67414,1334
2024-07-08 17:00:00,0.6741349999999999,0.67442,0.673805,0.674245,1349
2024-07-08 18:00:00,0.67425,0.67425,0.67344,0.673755,971
2024-07-08 19:00:00,0.6737500000000001,0.67384,0.67319,0.67355,1016
2024-07-08 20:00:00,0.6735500000000001,0.67377,0.673515,0.673705,291
2024-07-08 21:00:00,0.6737299999999999,0.67388,0.6735,0.673815,495
2024-07-08 22:00:00,0.6738200000000001,0.6738200000000001,0.6735150000000001,0.6737299999999999,441
2024-07-08 23:00:00,0.6737150000000001,0.674315,0.67369,0.674275,380
2024-07-09 00:00:00,0.6743,0.67476,0.67351,0.673735,1643
2024-07-09 01:00:00,0.67374,0.674445,0.673465,0.67367,2435
2024-07-09 02:00:00,0.67366,0.6737299999999999,0.6728,0.6734,1843
2024-07-09 03:00:00,0.67342,0.67391,0.6734,0.6736,1210
2024-07-09 04:00:00,0.6735949999999999,0.6743049999999999,0.67358,0.67418,999
2024-07-09 05:00:00,0.67419,0.674605,0.6740900000000001,0.674265,1099
2024-07-09 06:00:00,0.6742699999999999,0.6745650000000001,0.67379,0.67447,1619
2024-07-09 07:00:00,0.67447,0.67478,0.674115,0.67421,1941
2024-07-09 08:00:00,0.674215,0.67435,0.6735450000000001,0.6736,1841
2024-07-09 09:00:00,0.67361,0.673975,0.67351,0.6738949999999999,1096
2024-07-09 10:00:00,0.67387,0.6743699999999999,0.67359,0.6740999999999999,891
2024-07-09 11:00:00,0.67407,0.67407,0.6731,0.6733100000000001,1492
2024-07-09 12:00:00,0.673305,0.673365,0.6729,0.6732400000000001,1914
2024-07-09 13:00:00,0.6732549999999999,0.674245,0.673155,0.674125,2576
2024-07-09 14:00:00,0.674115,0.6745749999999999,0.672655,0.6732400000000001,6515
2024-07-09 15:00:00,0.67323,0.67363,0.6724,0.6736,3482
2024-07-09 16:00:00,0.673605,0.6738,0.673385,0.673745,1635
2024-07-09 17:00:00,0.6737500000000001,0.67438,0.6736800000000001,0.673995,2024
2024-07-09 18:00:00,0.674005,0.674145,0.67372,0.6740299999999999,1248
2024-07-09 19:00:00,0.6740349999999999,0.6741999999999999,0.6738200000000001,0.67414,1338
2024-07-09 20:00:00,0.67413,0.674265,0.6740299999999999,0.674105,489
2024-07-09 21:00:00,0.674115,0.674215,0.673945,0.67403,592
2024-07-09 22:00:00,0.6740550000000001,0.674255,0.6740550000000001,0.674225,281
2024-07-09 23:00:00,0.6742349999999999,0.67433,0.6740999999999999,0.6741600000000001,470
2024-07-10 00:00:00,0.6741699999999999,0.6744600000000001,0.6734450000000001,0.67353,1514
2024-07-10 01:00:00,0.67352,0.67405,0.67337,0.673925,2234
2024-07-10 02:00:00,0.673955,0.6741900000000001,0.673195,0.6741250000000001,3928
2024-07-10 03:00:00,0.67412,0.67449,0.6738,0.67449,1505
2024-07-10 04:00:00,0.674485,0.6746300000000001,0.6741299999999999,0.6745300000000001,1336
2024-07-10 05:00:00,0.67455,0.674685,0.67408,0.674295,1323
2024-07-10 06:00:00,0.674285,0.67483,0.67411,0.674755,1565
2024-07-10 07:00:00,0.67476,0.675055,0.67372,0.67394,2535
2024-07-10 08:00:00,0.673935,0.674115,0.67334,0.67399,2376
2024-07-10 09:00:00,0.67398,0.6742349999999999,0.6738500000000001,0.67396,1572
2024-07-10 10:00:00,0.6739550000000001,0.6741349999999999,0.6735150000000001,0.673995,1308
2024-07-10 11:00:00,0.6739850000000001,0.674345,0.67379,0.674165,1629
2024-07-10 12:00:00,0.6741550000000001,0.6746449999999999,0.673995,0.6744749999999999,1972
2024-07-10 13:00:00,0.674485,0.674715,0.674185,0.674315,2910
2024-07-10 14:00:00,0.67432,0.675225,0.67421,0.67422,3041
2024-07-10 15:00:00,0.67423,0.67494,0.6742049999999999,0.67459,1991
2024-07-10 16:00:00,0.6746000000000001,0.67491,0.6745399999999999,0.67466,1374
2024-07-10 17:00:00,0.674675,0.6748799999999999,0.67407,0.674285,1532
2024-07-10 18:00:00,0.67428,0.67449,0.67386,0.674485,794
2024-07-10 19:00:00,0.67448,0.67479,0.67417,0.67473,1723
2024-07-10 20:00:00,0.674725,0.6748099999999999,0.6746300000000001,0.67474,620
2024-07-10 21:00:00,0.67475,0.67486,0.674425,0.67468,407
2024-07-10 22:00:00,0.67471,0.67513,0.67468,0.674945,452
2024-07-10 23:00:00,0.67496,0.67521,0.67495,0.67516,475
2024-07-11 00:00:00,0.67518,0.6754800000000001,0.67473,0.67509,1587
2024-07-11 01:00:00,0.6750849999999999,0.6758299999999999,0.6749,0.675765,2192
2024-07-11 02:00:00,0.67577,0.6763600000000001,0.6757299999999999,0.675855,1599
2024-07-11 03:00:00,0.6758599999999999,0.67624,0.67569,0.67611,1004
2024-07-11 04:00:00,0.67612,0.676205,0.67574,0.675765,832
2024-07-11 05:00:00,0.67576,0.67606,0.675585,0.676015,910
2024-07-11 06:00:00,0.67598,0.6763,0.67547,0.675605,1780
2024-07-11 07:00:00,0.6755899999999999,0.675835,0.675295,0.6757150000000001,1758
2024-07-11 08:00:00,0.67571,0.6760200000000001,0.67545,0.675975,1833
2024-07-11 09:00:00,0.6759649999999999,0.676175,0.6755249999999999,0.6758649999999999,1286
2024-07-11 10:00:00,0.675855,0.675855,0.6753,0.6754800000000001,861
2024-07-11 11:00:00,0.675475,0.675595,0.6750700000000001,0.67553,1144
2024-07-11 12:00:00,0.675525,0.67987,0.67508,0.679025,10600
2024-07-11 13:00:00,0.6790050000000001,0.67983,0.6764,0.67831,12501
2024-07-11 14:00:00,0.678315,0.679035,0.6767000000000001,0.678265,8545
2024-07-11 15:00:00,0.678285,0.67842,0.67685,0.6773899999999999,6284
2024-07-11 16:00:00,0.6774,0.6774,0.67617,0.67645,4044
2024-07-11 17:00:00,0.676455,0.67669,0.67553,0.67576,3471
2024-07-11 18:00:00,0.67577,0.67639,0.675575,0.676185,1843
2024-07-11 19:00:00,0.67618,0.676195,0.6754899999999999,0.6755150000000001,2615
2024-07-11 20:00:00,0.6755,0.675995,0.67547,0.6759200000000001,618
2024-07-11 21:00:00,0.67592,0.676125,0.675735,0.675825,552
2024-07-11 22:00:00,0.675845,0.67618,0.675595,0.67594,1200
2024-07-11 23:00:00,0.67595,0.677265,0.675915,0.676985,2916
2024-07-12 00:00:00,0.67696,0.677195,0.675745,0.675915,3225
2024-07-12 01:00:00,0.67591,0.6761550000000001,0.6754450000000001,0.67574,2461
2024-07-12 02:00:00,0.6757599999999999,0.676545,0.6754,0.6763399999999999,2291
2024-07-12 03:00:00,0.676335,0.676725,0.67631,0.67672,1651
2024-07-12 04:00:00,0.67672,0.67717,0.6766650000000001,0.67692,1316
2024-07-12 05:00:00,0.67694,0.6773,0.676485,0.6772050000000001,1688
2024-07-12 06:00:00,0.67719,0.677265,0.67602,0.6762250000000001,2554
2024-07-12 07:00:00,0.6762349999999999,0.67708,0.67597,0.677,2164
2024-07-12 08:00:00,0.6770149999999999,0.677755,0.6769499999999999,0.677685,1966
2024-07-12 09:00:00,0.6776949999999999,0.6778500000000001,0.677225,0.677485,1381
2024-07-12 10:00:00,0.677495,0.677505,0.676965,0.677305,1075
2024-07-12 11:00:00,0.6773100000000001,0.6776249999999999,0.6771199999999999,0.677245,1137
2024-07-12 12:00:00,0.677265,0.67795,0.67628,0.67746,7331
2024-07-12 13:00:00,0.6774800000000001,0.678445,0.677215,0.6778,7546
2024-07-12 14:00:00,0.67783,0.679155,0.6776800000000001,0.67899,5926
2024-07-12 15:00:00,0.678995,0.6793750000000001,0.67865,0.678685,2892
2024-07-12 16:00:00,0.67868,0.6791,0.67862,0.678855,1822
2024-07-12 17:00:00,0.6788449999999999,0.6789350000000001,0.67832,0.678725,1158
2024-07-12 18:00:00,0.6787000000000001,0.67884,0.6784699999999999,0.678825,1749
2024-07-12 19:00:00,0.678805,0.67903,0.6784049999999999,0.67853,1646
2024-07-12 20:00:00,0.67854,0.678555,0.678275,0.6784,963
2024-07-14 22:00:00,0.677285,0.6773549999999999,0.6763250000000001,0.676735,1767
2024-07-14 23:00:00,0.67673,0.677195,0.676725,0.6770700000000001,1076
2024-07-15 00:00:00,0.677075,0.6771750000000001,0.676415,0.676755,2313
2024-07-15 01:00:00,0.676755,0.67719,0.676255,0.6770849999999999,1798
2024-07-15 02:00:00,0.6770849999999999,0.6777500000000001,0.6767,0.677335,1684
2024-07-15 03:00:00,0.6773450000000001,0.6778299999999999,0.677335,0.677645,836
2024-07-15 04:00:00,0.6776500000000001,0.67767,0.6773800000000001,0.6775,561
2024-07-15 05:00:00,0.677495,0.677645,0.67733,0.6774800000000001,806
2024-07-15 06:00:00,0.67747,0.67754,0.676635,0.677155,2203
2024-07-15 07:00:00,0.67714,0.677925,0.677035,0.6778850000000001,2490
2024-07-15 08:00:00,0.677895,0.6788700000000001,0.67789,0.6785,1814
2024-07-15 09:00:00,0.67849,0.678795,0.677895,0.678025,1395
2024-07-15 10:00:00,0.678015,0.67821,0.6776150000000001,0.678045,1484
2024-07-15 11:00:00,0.67805,0.6783699999999999,0.67757,0.677755,1759
2024-07-15 12:00:00,0.67776,0.678005,0.6770700000000001,0.6775549999999999,2571
2024-07-15 13:00:00,0.6775599999999999,0.6782600000000001,0.6773549999999999,0.67774,4110
2024-07-15 14:00:00,0.677755,0.677895,0.677135,0.6776,3218
2024-07-15 15:00:00,0.67762,0.6782349999999999,0.6773549999999999,0.67771,3581
2024-07-15 16:00:00,0.6776800000000001,0.67821,0.67678,0.6771050000000001,4502
2024-07-15 17:00:00,0.677095,0.6771149999999999,0.67526,0.6758,4440
2024-07-15 18:00:00,0.67579,0.6764699999999999,0.67563,0.6764600000000001,1587
2024-07-15 19:00:00,0.67645,0.676465,0.67584,0.676075,1574
2024-07-15 20:00:00,0.676075,0.676175,0.675925,0.67595,407
2024-07-15 21:00:00,0.675955,0.6760900000000001,0.675905,0.675975,339
2024-07-15 22:00:00,0.67597,0.676105,0.675935,0.6759900000000001,548
2024-07-15 23:00:00,0.6759949999999999,0.676435,0.67599,0.676245,554
2024-07-16 00:00:00,0.67624,0.6763,0.67506,0.6750700000000001,1474
2024-07-16 01:00:00,0.6750750000000001,0.675245,0.6744950000000001,0.674985,2649
2024-07-16 02:00:00,0.6749799999999999,0.67508,0.67419,0.67447,1606
2024-07-16 03:00:00,0.6744749999999999,0.67508,0.674295,0.67479,1092
2024-07-16 04:00:00,0.6748000000000001,0.67503,0.6741550000000001,0.6741999999999999,968
2024-07-16 05:00:00,0.67419,0.67419,0.6736949999999999,0.673975,1839
2024-07-16 06:00:00,0.67395,0.67438,0.6733750000000001,0.67414,2083
2024-07-16 07:00:00,0.67415,0.674655,0.67407,0.67438,2089
2024-07-16 08:00:00,0.67438,0.67438,0.67326,0.6738550000000001,2327
2024-07-16 09:00:00,0.6738649999999999,0.67476,0.67371,0.6746650000000001,1606
2024-07-16 10:00:00,0.67468,0.6748149999999999,0.67413,0.67423,1185
2024-07-16 11:00:00,0.6742349999999999,0.6744399999999999,0.673845,0.674365,1728
2024-07-16 12:00:00,0.674345,0.6745,0.67178,0.672385,5301
2024-07-16 13:00:00,0.67238,0.67249,0.671475,0.67239,4453
2024-07-16 14:00:00,0.6724049999999999,0.672695,0.671805,0.67232,3618
2024-07-16 15:00:00,0.67231,0.6726650000000001,0.672015,0.67245,3134
2024-07-16 16:00:00,0.67247,0.672595,0.672195,0.672585,2901
2024-07-16 17:00:00,0.67258,0.673115,0.6724399999999999,0.673095,1365
2024-07-16 18:00:00,0.6731050000000001,0.6735,0.672905,0.673305,985
2024-07-16 19:00:00,0.673315,0.673645,0.67318,0.6735450000000001,1475
2024-07-16 20:00:00,0.67354,0.67362,0.6733549999999999,0.6734,870
2024-07-16 21:00:00,0.67336,0.6735249999999999,0.67323,0.673315,657
2024-07-16 22:00:00,0.673305,0.6735249999999999,0.6729149999999999,0.6735249999999999,1459
2024-07-16 23:00:00,0.673505,0.67354,0.67281,0.67318,1183
2024-07-17 00:00:00,0.673165,0.67332,0.67254,0.67313,1828
2024-07-17 01:00:00,0.673145,0.6739850000000001,0.6728099999999999,0.673935,1964
2024-07-17 02:00:00,0.6739299999999999,0.6741600000000001,0.67354,0.673875,1352
2024-07-17 03:00:00,0.6738649999999999,0.67409,0.67355,0.67378,1305
2024-07-17 04:00:00,0.673775,0.674075,0.6735450000000001,0.6737,721
2024-07-17 05:00:00,0.67371,0.673975,0.673465,0.6735249999999999,1342
2024-07-17 06:00:00,0.6735150000000001,0.6738,0.67291,0.67336,2885
2024-07-17 07:00:00,0.673365,0.67415,0.67303,0.6735,5294
2024-07-17 08:00:00,0.673495,0.67541,0.67343,0.67528,5745
2024-07-17 09:00:00,0.675285,0.675475,0.674585,0.6753100000000001,4749
2024-07-17 10:00:00,0.675325,0.675435,0.674145,0.6741900000000001,2340
2024-07-17 11:00:00,0.674185,0.67463,0.6738850000000001,0.6740999999999999,2521
2024-07-17 12:00:00,0.674095,0.6743950000000001,0.673765,0.67389,3283
2024-07-17 13:00:00,0.673885,0.674395,0.6733,0.67401,6825
2024-07-17 14:00:00,0.6739999999999999,0.67401,0.67265,0.6729849999999999,6580
2024-07-17 15:00:00,0.6729799999999999,0.67319,0.6724300000000001,0.672715,3919
2024-07-17 16:00:00,0.67272,0.67287,0.6720999999999999,0.67259,2706
2024-07-17 17:00:00,0.67258,0.67293,0.67221,0.672255,1985
2024-07-17 18:00:00,0.67225,0.67303,0.672105,0.67258,1561
2024-07-17 19:00:00,0.67259,0.67298,0.67238,0.6726449999999999,2151
2024-07-17 20:00:00,0.672635,0.673035,0.6724950000000001,0.6729149999999999,601
2024-07-17 21:00:00,0.67292,0.67301,0.6727350000000001,0.67288,946
2024-07-17 22:00:00,0.6728449999999999,0.673025,0.67274,0.6729350000000001,764
2024-07-17 23:00:00,0.67294,0.67318,0.67267,0.673055,1629
2024-07-18 00:00:00,0.67306,0.6731,0.67219,0.67221,2200
2024-07-18 01:00:00,0.672215,0.6736850000000001,0.67151,0.6733450000000001,4048
2024-07-18 02:00:00,0.67335,0.6739550000000001,0.6729050000000001,0.673925,2441
2024-07-18 03:00:00,0.6739299999999999,0.67406,0.673315,0.67369,1689
2024-07-18 04:00:00,0.67369,0.6739299999999999,0.6735599999999999,0.6737299999999999,1276
2024-07-18 05:00:00,0.673735,0.67418,0.67356,0.67381,1970
2024-07-18 06:00:00,0.6738,0.674175,0.67354,0.67395,2694
2024-07-18 07:00:00,0.673945,0.674365,0.67326,0.67381,3219
2024-07-18 08:00:00,0.673815,0.67415,0.6734199999999999,0.67363,2249
2024-07-18 09:00:00,0.673625,0.67378,0.67334,0.673415,1662
2024-07-18 10:00:00,0.673405,0.673905,0.6732899999999999,0.67377,1515
2024-07-18 11:00:00,0.673775,0.6737949999999999,0.6730050000000001,0.673095,1614
2024-07-18 12:00:00,0.6730849999999999,0.674035,0.6730050000000001,0.67346,3788
2024-07-18 13:00:00,0.673485,0.67377,0.6730149999999999,0.6733,4144
2024-07-18 14:00:00,0.67326,0.674065,0.67286,0.6734100000000001,4858
2024-07-18 15:00:00,0.673415,0.673505,0.6724,0.67249,4144
2024-07-18 16:00:00,0.67247,0.67275,0.672125,0.67257,2389
2024-07-18 17:00:00,0.6725749999999999,0.67262,0.67179,0.671815,1518
2024-07-18 18:00:00,0.671825,0.6718500000000001,0.67008,0.670485,2786
2024-07-18 19:00:00,0.67048,0.67083,0.6697599999999999,0.67034,3157
2024-07-18 20:00:00,0.67035,0.6706799999999999,0.6703250000000001,0.670605,406
2024-07-18 21:00:00,0.6706000000000001,0.670895,0.67028,0.670745,531
2024-07-18 22:00:00,0.67073,0.67077,0.67048,0.67054,605
2024-07-18 23:00:00,0.670545,0.670865,0.67038,0.67039,700
2024-07-19 00:00:00,0.670385,0.67039,0.669485,0.6699999999999999,2758
2024-07-19 01:00:00,0.67001,0.6703,0.6695800000000001,0.670045,3109
2024-07-19 02:00:00,0.67005,0.6706300000000001,0.6699299999999999,0.67059,2332
2024-07-19 03:00:00,0.670585,0.67064,0.66998,0.6700699999999999,1112
2024-07-19 04:00:00,0.670065,0.67032,0.66984,0.669945,719
2024-07-19 05:00:00,0.66995,0.67038,0.6697,0.67016,1197
2024-07-19 06:00:00,0.67015,0.67057,0.669815,0.67022,1860
2024-07-19 07:00:00,0.6702049999999999,0.67075,0.6690100000000001,0.66953,3219
2024-07-19 08:00:00,0.6695249999999999,0.66963,0.66898,0.6691050000000001,2152
2024-07-19 09:00:00,0.6691100000000001,0.6694599999999999,0.66893,0.66899,1456
2024-07-19 10:00:00,0.6689849999999999,0.669435,0.66876,0.6691,1565
2024-07-19 11:00:00,0.669115,0.669705,0.669095,0.66953,1277
2024-07-19 12:00:00,0.66954,0.6695500000000001,0.66885,0.6689849999999999,2456
2024-07-19 13:00:00,0.6689799999999999,0.6694,0.668385,0.66916,4777
2024-07-19 14:00:00,0.6691499999999999,0.6695899999999999,0.668945,0.669315,4234
2024-07-19 15:00:00,0.6693100000000001,0.66953,0.66873,0.669295,2865
2024-07-19 16:00:00,0.6692849999999999,0.6694100000000001,0.668585,0.66875,2255
2024-07-19 17:00:00,0.66876,0.66884,0.668445,0.6688,2193
2024-07-19 18:00:00,0.66878,0.66886,0.668025,0.668345,1525
2024-07-19 19:00:00,0.6683399999999999,0.66859,0.66806,0.668295,1727
2024-07-19 20:00:00,0.6683,0.6685399999999999,0.668185,0.66852,606
2024-07-21 22:00:00,0.668535,0.67001,0.668535,0.66998,795
2024-07-21 23:00:00,0.669985,0.6702250000000001,0.669565,0.66959,1273
2024-07-22 00:00:00,0.669585,0.6695949999999999,0.66865,0.66902,1892
2024-07-22 01:00:00,0.669025,0.6690849999999999,0.66719,0.66728,2549
2024-07-22 02:00:00,0.66727,0.6677850000000001,0.666265,0.6672549999999999,3245
2024-07-22 03:00:00,0.66726,0.667755,0.66703,0.66709,1304
2024-07-22 04:00:00,0.6671,0.6672450000000001,0.66681,0.66682,1348
2024-07-22 05:00:00,0.6668149999999999,0.66684,0.666115,0.6661900000000001,1996
2024-07-22 06:00:00,0.666185,0.666685,0.66611,0.66648,2915
2024-07-22 07:00:00,0.66649,0.666795,0.6662600000000001,0.6663749999999999,2517
2024-07-22 08:00:00,0.6663699999999999,0.66684,0.6662250000000001,0.666565,2005
2024-07-22 09:00:00,0.66656,0.666785,0.66622,0.66648,1311
2024-07-22 10:00:00,0.666475,0.6666,0.6660699999999999,0.66621,1172
2024-07-22 11:00:00,0.66622,0.6663699999999999,0.6653249999999999,0.6654249999999999,1090
2024-07-22 12:00:00,0.66543,0.665435,0.66438,0.664725,2881
2024-07-22 13:00:00,0.6647099999999999,0.6648499999999999,0.66353,0.663645,3404
2024-07-22 14:00:00,0.66364,0.66407,0.6631400000000001,0.66388,4057
2024-07-22 15:00:00,0.6638850000000001,0.66435,0.663565,0.66377,2802
2024-07-22 16:00:00,0.6637599999999999,0.6640600000000001,0.66354,0.66394,1605
2024-07-22 17:00:00,0.663945,0.66439,0.663945,0.66432,1655
2024-07-22 18:00:00,0.6643300000000001,0.66438,0.66404,0.664125,1119
2024-07-22 19:00:00,0.66412,0.66423,0.6639349999999999,0.66422,1219
2024-07-22 20:00:00,0.664195,0.66429,0.664005,0.664265,380
2024-07-22 21:00:00,0.664275,0.6645099999999999,0.664215,0.664295,772
2024-07-22 22:00:00,0.66429,0.664415,0.6642349999999999,0.66437,302
2024-07-22 23:00:00,0.66438,0.66438,0.66385,0.6638649999999999,922
2024-07-23 00:00:00,0.66387,0.66456,0.66324,0.66348,2323
2024-07-23 01:00:00,0.663465,0.6646,0.663415,0.66405,2334
2024-07-23 02:00:00,0.66403,0.6641699999999999,0.66352,0.663575,1781
2024-07-23 03:00:00,0.6635800000000001,0.663985,0.6634599999999999,0.6638,1261
2024-07-23 04:00:00,0.6637949999999999,0.6638299999999999,0.663135,0.663145,892
2024-07-23 05:00:00,0.66314,0.6633249999999999,0.6629449999999999,0.6633249999999999,1193
2024-07-23 06:00:00,0.6633100000000001,0.66336,0.66245,0.662615,1658
2024-07-23 07:00:00,0.66263,0.663025,0.66221,0.662355,2188
2024-07-23 08:00:00,0.662365,0.6627350000000001,0.66211,0.66225,1772
2024-07-23 09:00:00,0.662245,0.66273,0.6621349999999999,0.66256,1507
2024-07-23 10:00:00,0.662555,0.6627,0.6621699999999999,0.66262,1545
2024-07-23 11:00:00,0.6626000000000001,0.66291,0.66211,0.662175,1356
2024-07-23 12:00:00,0.6621699999999999,0.662585,0.6618999999999999,0.6622049999999999,1630
2024-07-23 13:00:00,0.6621900000000001,0.66238,0.661165,0.6614800000000001,2652
2024-07-23 14:00:00,0.6614949999999999,0.6621,0.66138,0.661475,3303
2024-07-23 15:00:00,0.6614800000000001,0.662005,0.66134,0.661825,1661
2024-07-23 16:00:00,0.6618200000000001,0.66204,0.661405,0.661545,1803
2024-07-23 17:00:00,0.66154,0.6619900000000001,0.66124,0.661285,1805
2024-07-23 18:00:00,0.6612899999999999,0.6614949999999999,0.66111,0.6614,930
2024-07-23 19:00:00,0.6613899999999999,0.6614949999999999,0.6612899999999999,0.6613899999999999,764
2024-07-23 20:00:00,0.661395,0.6616,0.661315,0.6615,566
2024-07-23 21:00:00,0.66147,0.6617649999999999,0.6613450000000001,0.661655,808
2024-07-23 22:00:00,0.66162,0.661645,0.66115,0.661505,561
2024-07-23 23:00:00,0.661505,0.66152,0.6611,0.6611899999999999,540
2024-07-24 00:00:00,0.66121,0.6613199999999999,0.66072,0.661095,1389
2024-07-24 01:00:00,0.66109,0.66127,0.66048,0.660675,2360
2024-07-24 02:00:00,0.6606799999999999,0.66087,0.6600349999999999,0.6601699999999999,1716
2024-07-24 03:00:00,0.660175,0.66025,0.659145,0.6594500000000001,2026
2024-07-24 04:00:00,0.659435,0.659545,0.65838,0.658575,3082
2024-07-24 05:00:00,0.6585799999999999,0.659625,0.6585,0.65942,2149
2024-07-24 06:00:00,0.6594249999999999,0.659895,0.65896,0.6596200000000001,3015
2024-07-24 07:00:00,0.6596200000000001,0.66051,0.6596,0.65988,3157
2024-07-24 08:00:00,0.659885,0.6600250000000001,0.659475,0.659575,1959
2024-07-24 09:00:00,0.65958,0.6599600000000001,0.659,0.659775,2031
2024-07-24 10:00:00,0.6597850000000001,0.65992,0.659535,0.659775,1478
2024-07-24 11:00:00,0.6597850000000001,0.660695,0.659635,0.6605650000000001,1794
2024-07-24 12:00:00,0.6605749999999999,0.6609,0.659645,0.6608,2274
2024-07-24 13:00:00,0.6608050000000001,0.6610400000000001,0.65959,0.65977,4492
2024-07-24 14:00:00,0.659755,0.66077,0.65951,0.660555,5406
2024-07-24 15:00:00,0.6605650000000001,0.6607149999999999,0.659825,0.659885,2515
2024-07-24 16:00:00,0.6598900000000001,0.66011,0.6593549999999999,0.659665,2082
2024-07-24 17:00:00,0.659655,0.65998,0.659035,0.659045,1898
2024-07-24 18:00:00,0.65904,0.65904,0.657995,0.658005,2168
2024-07-24 19:00:00,0.6580349999999999,0.65865,0.65776,0.65794,2437
2024-07-24 20:00:00,0.65793,0.6582,0.657905,0.658175,726
2024-07-24 21:00:00,0.65815,0.6582,0.65784,0.65804,784
2024-07-24 22:00:00,0.6580299999999999,0.65828,0.65789,0.6579349999999999,590
2024-07-24 23:00:00,0.65796,0.657995,0.65726,0.657365,1354
2024-07-25 00:00:00,0.65733,0.6574150000000001,0.6557,0.6564000000000001,5251
2024-07-25 01:00:00,0.65641,0.6569050000000001,0.6561349999999999,0.6562399999999999,3943
2024-07-25 02:00:00,0.656245,0.65639,0.654925,0.655275,2710
2024-07-25 03:00:00,0.65528,0.655535,0.65494,0.65523,2448
2024-07-25 04:00:00,0.655225,0.655235,0.654065,0.6541399999999999,1564
2024-07-25 05:00:00,0.654145,0.6548400000000001,0.6541,0.6546799999999999,2501
2024-07-25 06:00:00,0.654675,0.65492,0.65399,0.654175,2538
2024-07-25 07:00:00,0.65419,0.6543749999999999,0.652555,0.653385,4328
2024-07-25 08:00:00,0.653395,0.65422,0.65323,0.65361,3948
2024-07-25 09:00:00,0.6536,0.6536649999999999,0.65236,0.65252,2496
2024-07-25 10:00:00,0.65251,0.652725,0.65188,0.65229,1884
2024-07-25 11:00:00,0.65232,0.6527499999999999,0.651985,0.651985,2784
2024-07-25 12:00:00,0.6519900000000001,0.6536850000000001,0.65139,0.6533450000000001,5960
2024-07-25 13:00:00,0.65334,0.6548050000000001,0.65299,0.6543399999999999,7069
2024-07-25 14:00:00,0.654335,0.655565,0.653655,0.655335,6288
2024-07-25 15:00:00,0.6553249999999999,0.655795,0.654665,0.655065,3758
2024-07-25 16:00:00,0.6550549999999999,0.655875,0.654945,0.6556,2879
2024-07-25 17:00:00,0.6556150000000001,0.65606,0.6546350000000001,0.65506,2892
2024-07-25 18:00:00,0.65507,0.65512,0.6542749999999999,0.6542749999999999,2548
2024-07-25 19:00:00,0.65428,0.655295,0.654015,0.6540349999999999,3525
2024-07-25 20:00:00,0.65403,0.654045,0.653365,0.6538349999999999,1476
2024-07-25 21:00:00,0.65387,0.65398,0.6536299999999999,0.6537949999999999,751
2024-07-25 22:00:00,0.653795,0.6539349999999999,0.65355,0.6536900000000001,702
2024-07-25 23:00:00,0.653695,0.654185,0.6536,0.654005,747
2024-07-26 00:00:00,0.654,0.65471,0.65399,0.65466,2678
2024-07-26 01:00:00,0.65464,0.6555,0.6543,0.655435,3555
2024-07-26 02:00:00,0.65544,0.65544,0.654685,0.65496,1870
2024-07-26 03:00:00,0.654995,0.65525,0.6548050000000001,0.65513,1185
2024-07-26 04:00:00,0.6551400000000001,0.6554899999999999,0.6551100000000001,0.6552549999999999,679
2024-07-26 05:00:00,0.655265,0.6556200000000001,0.6552199999999999,0.6554249999999999,1232
2024-07-26 06:00:00,0.6554150000000001,0.6556649999999999,0.65523,0.655445,1835
2024-07-26 07:00:00,0.65544,0.65593,0.65511,0.65589,2029
2024-07-26 08:00:00,0.6559,0.65664,0.655365,0.65659,1662
2024-07-26 09:00:00,0.6565799999999999,0.6565799999999999,0.6556649999999999,0.6557299999999999,1171
2024-07-26 10:00:00,0.65574,0.6563950000000001,0.6557,0.65618,987
2024-07-26 11:00:00,0.6561699999999999,0.656185,0.65563,0.6560699999999999,1027
2024-07-26 12:00:00,0.656075,0.656605,0.6551549999999999,0.656175,3741
2024-07-26 13:00:00,0.6561699999999999,0.656845,0.6560699999999999,0.656275,4202
2024-07-26 14:00:00,0.65628,0.65643,0.655145,0.655365,5182
2024-07-26 15:00:00,0.6553549999999999,0.65588,0.65505,0.65567,2681
2024-07-26 16:00:00,0.655675,0.656425,0.6556299999999999,0.6563749999999999,1701
2024-07-26 17:00:00,0.656385,0.6564749999999999,0.655275,0.65562,2402
2024-07-26 18:00:00,0.655605,0.656055,0.6552,0.6553,1793
2024-07-26 19:00:00,0.6553100000000001,0.6555150000000001,0.65507,0.6552549999999999,3374
2024-07-26 20:00:00,0.65525,0.655395,0.654515,0.6547449999999999,1117
2024-07-28 22:00:00,0.65516,0.6555949999999999,0.65489,0.655485,1012
2024-07-28 23:00:00,0.6554949999999999,0.656055,0.655285,0.6552899999999999,1107
2024-07-29 00:00:00,0.6552800000000001,0.6568400000000001,0.65509,0.6566350000000001,2080
2024-07-29 01:00:00,0.65664,0.656785,0.65574,0.6561950000000001,2236
2024-07-29 02:00:00,0.65619,0.6565300000000001,0.6558299999999999,0.65596,1679
2024-07-29 03:00:00,0.6559550000000001,0.6564749999999999,0.6557850000000001,0.656455,908
2024-07-29 04:00:00,0.65646,0.65647,0.65473,0.654945,933
2024-07-29 05:00:00,0.6549499999999999,0.6555850000000001,0.6549050000000001,0.654995,1049
2024-07-29 06:00:00,0.6549849999999999,0.65578,0.654965,0.655545,1436
2024-07-29 07:00:00,0.655555,0.6557299999999999,0.654155,0.65437,1995
2024-07-29 08:00:00,0.6543749999999999,0.6545099999999999,0.654095,0.654325,1581
2024-07-29 09:00:00,0.6543300000000001,0.6551199999999999,0.654265,0.654965,858
2024-07-29 10:00:00,0.65496,0.6556850000000001,0.65493,0.6551450000000001,878
2024-07-29 11:00:00,0.655125,0.655125,0.6542,0.65428,1073
2024-07-29 12:00:00,0.6542749999999999,0.65469,0.653775,0.653815,1676
2024-07-29 13:00:00,0.65381,0.654005,0.65325,0.65358,2778
2024-07-29 14:00:00,0.65359,0.653795,0.65242,0.65341,3774
2024-07-29 15:00:00,0.6534150000000001,0.65404,0.653345,0.65385,2897
2024-07-29 16:00:00,0.65384,0.65446,0.653565,0.6542300000000001,2341
2024-07-29 17:00:00,0.6542399999999999,0.65456,0.653895,0.6544449999999999,2084
2024-07-29 18:00:00,0.65443,0.6547000000000001,0.654255,0.6546350000000001,895
2024-07-29 19:00:00,0.654645,0.65511,0.654595,0.654995,1232
2024-07-29 20:00:00,0.6549849999999999,0.65499,0.654825,0.654895,400
2024-07-29 21:00:00,0.6548499999999999,0.6549849999999999,0.65447,0.6549849999999999,1108
2024-07-29 22:00:00,0.654955,0.65577,0.65493,0.65577,729
2024-07-29 23:00:00,0.65577,0.6557850000000001,0.65507,0.655115,563
2024-07-30 00:00:00,0.65512,0.65512,0.654315,0.654765,1366
2024-07-30 01:00:00,0.654775,0.654935,0.65334,0.65377,2568
2024-07-30 02:00:00,0.65376,0.654925,0.653675,0.65473,1529
2024-07-30 03:00:00,0.65474,0.6554150000000001,0.654595,0.6553800000000001,978
2024-07-30 04:00:00,0.655365,0.65569,0.65527,0.6555599999999999,918
2024-07-30 05:00:00,0.655555,0.655915,0.655305,0.655565,1028
2024-07-30 06:00:00,0.655575,0.655895,0.6553150000000001,0.6558550000000001,1511
2024-07-30 07:00:00,0.655875,0.6562399999999999,0.65495,0.655135,1880
2024-07-30 08:00:00,0.655125,0.65573,0.65476,0.655015,1837
2024-07-30 09:00:00,0.65503,0.6550549999999999,0.654555,0.654605,1197
2024-07-30 10:00:00,0.654595,0.65469,0.654075,0.6541349999999999,923
2024-07-30 11:00:00,0.654115,0.654115,0.6536649999999999,0.6536850000000001,732
2024-07-30 12:00:00,0.65368,0.6538200000000001,0.65343,0.653455,1313
2024-07-30 13:00:00,0.6534599999999999,0.65384,0.65323,0.653675,3477
2024-07-30 14:00:00,0.6536550000000001,0.6541399999999999,0.652915,0.6539699999999999,5943
2024-07-30 15:00:00,0.653975,0.6540250000000001,0.653385,0.653475,3912
2024-07-30 16:00:00,0.653485,0.65421,0.653355,0.653645,2160
2024-07-30 17:00:00,0.6536500000000001,0.6543049999999999,0.653205,0.6538999999999999,2742
2024-07-30 18:00:00,0.65391,0.6543950000000001,0.653745,0.653975,1392
2024-07-30 19:00:00,0.6539649999999999,0.654265,0.6537850000000001,0.65394,1127
2024-07-30 20:00:00,0.65396,0.6539900000000001,0.65361,0.6537649999999999,1163
2024-07-30 21:00:00,0.6537900000000001,0.654085,0.6535249999999999,0.653815,940
2024-07-30 22:00:00,0.653845,0.654135,0.65374,0.653995,1381
2024-07-30 23:00:00,0.654,0.6544449999999999,0.653885,0.65403,1095
2024-07-31 00:00:00,0.654015,0.654255,0.65345,0.65359,2742
2024-07-31 01:00:00,0.65362,0.65376,0.6482399999999999,0.649705,6280
2024-07-31 02:00:00,0.649725,0.650155,0.6486350000000001,0.6498349999999999,4138
2024-07-31 03:00:00,0.6498299999999999,0.65084,0.649715,0.6497999999999999,2998
2024-07-31 04:00:00,0.64979,0.65023,0.64898,0.649405,3196
2024-07-31 05:00:00,0.64941,0.6495150000000001,0.6479550000000001,0.649085,3145
2024-07-31 06:00:00,0.649065,0.6507499999999999,0.648795,0.6507499999999999,3463
2024-07-31 07:00:00,0.6507350000000001,0.6509,0.649815,0.6504449999999999,4168
2024-07-31 08:00:00,0.6504399999999999,0.65049,0.648835,0.64927,3773
2024-07-31 09:00:00,0.649265,0.6498900000000001,0.64868,0.6497550000000001,1788
2024-07-31 10:00:00,0.64975,0.650085,0.64942,0.6500349999999999,1409
2024-07-31 11:00:00,0.65003,0.651205,0.649945,0.6506149999999999,1717
2024-07-31 12:00:00,0.65061,0.652605,0.650605,0.6525350000000001,4316
2024-07-31 13:00:00,0.6525650000000001,0.65325,0.65238,0.65315,3293
2024-07-31 14:00:00,0.653165,0.65394,0.6524749999999999,0.653095,4867
2024-07-31 15:00:00,0.65309,0.6534249999999999,0.652405,0.65334,3277
2024-07-31 16:00:00,0.653335,0.6536299999999999,0.652915,0.6531450000000001,2005
2024-07-31 17:00:00,0.653135,0.65337,0.65241,0.6530199999999999,1961
2024-07-31 18:00:00,0.6530199999999999,0.655195,0.65163,0.6544650000000001,8903
2024-07-31 19:00:00,0.654455,0.6555850000000001,0.653105,0.653885,5845
2024-07-31 20:00:00,0.65388,0.654285,0.65384,0.65413,1406
2024-07-31 21:00:00,0.654115,0.6544449999999999,0.653915,0.6543950000000001,1087
2024-07-31 22:00:00,0.6544000000000001,0.65484,0.65435,0.65455,645
2024-07-31 23:00:00,0.65459,0.654925,0.65437,0.6548400000000001,837
2024-08-01 00:00:00,0.6548350000000001,0.65508,0.65377,0.65381,2405
2024-08-01 01:00:00,0.653795,0.654725,0.65322,0.65334,3985
2024-08-01 02:00:00,0.653335,0.65428,0.65239,0.6536150000000001,2718
2024-08-01 03:00:00,0.653605,0.65361,0.6524449999999999,0.652745,1708
2024-08-01 04:00:00,0.6527449999999999,0.65334,0.652655,0.652865,1475
2024-08-01 05:00:00,0.652875,0.6535500000000001,0.6528149999999999,0.6534,1575
2024-08-01 06:00:00,0.6533800000000001,0.653475,0.6520900000000001,0.652925,3521
2024-08-01 07:00:00,0.652935,0.6533599999999999,0.6522049999999999,0.6523650000000001,2044
2024-08-01 08:00:00,0.65237,0.6524,0.65147,0.651805,2541
2024-08-01 09:00:00,0.65179,0.65271,0.65139,0.65247,1714
2024-08-01 10:00:00,0.6524650000000001,0.653235,0.652435,0.65288,1206
2024-08-01 11:00:00,0.65287,0.6537,0.6527400000000001,0.6534599999999999,2285
2024-08-01 12:00:00,0.65347,0.655335,0.6533899999999999,0.65459,4417
2024-08-01 13:00:00,0.654595,0.655185,0.6537649999999999,0.65517,3986
2024-08-01 14:00:00,0.6552,0.655995,0.65247,0.652785,7803
2024-08-01 15:00:00,0.652775,0.65282,0.651395,0.651945,5125
2024-08-01 16:00:00,0.651945,0.652505,0.650655,0.651185,3987
2024-08-01 17:00:00,0.65119,0.651215,0.6500049999999999,0.650515,4231
2024-08-01 18:00:00,0.650505,0.6506,0.6489149999999999,0.6491450000000001,3548
2024-08-01 19:00:00,0.6491450000000001,0.65079,0.64889,0.6505099999999999,3943
2024-08-01 20:00:00,0.650505,0.65055,0.6495,0.650145,1792
2024-08-01 21:00:00,0.6501250000000001,0.65015,0.649635,0.649915,693
2024-08-01 22:00:00,0.649915,0.650035,0.64924,0.649355,1471
2024-08-01 23:00:00,0.64935,0.650115,0.649305,0.649355,1163
2024-08-02 00:00:00,0.6493500000000001,0.6493500000000001,0.6486700000000001,0.6489149999999999,3088
2024-08-02 01:00:00,0.648925,0.65119,0.64869,0.6505000000000001,2336
2024-08-02 02:00:00,0.65049,0.65078,0.6491899999999999,0.650685,2906
2024-08-02 03:00:00,0.65069,0.651045,0.650515,0.65071,1706
2024-08-02 04:00:00,0.650725,0.6517850000000001,0.650645,0.65133,1775
2024-08-02 05:00:00,0.651335,0.651745,0.650865,0.651525,2031
2024-08-02 06:00:00,0.65154,0.65263,0.651235,0.652215,3468
2024-08-02 07:00:00,0.6522,0.65227,0.65076,0.6511750000000001,3553
2024-08-02 08:00:00,0.6511800000000001,0.6518,0.6509,0.6513249999999999,2826
2024-08-02 09:00:00,0.65133,0.6514,0.65069,0.65099,1814
2024-08-02 10:00:00,0.651,0.651465,0.6502749999999999,0.65133,2003
2024-08-02 11:00:00,0.65134,0.651805,0.6511199999999999,0.65144,2189
2024-08-02 12:00:00,0.651445,0.654095,0.65013,0.65306,10272
2024-08-02 13:00:00,0.653065,0.654765,0.652425,0.653645,9315
2024-08-02 14:00:00,0.65364,0.6537550000000001,0.65176,0.651875,9688
2024-08-02 15:00:00,0.6518900000000001,0.65266,0.6511100000000001,0.652505,7202
2024-08-02 16:00:00,0.65251,0.65252,0.65123,0.6515599999999999,7009
2024-08-02 17:00:00,0.65157,0.652185,0.65084,0.651035,4279
2024-08-02 18:00:00,0.65102,0.65235,0.6509149999999999,0.6514599999999999,2988
2024-08-02 19:00:00,0.651455,0.652175,0.651125,0.652055,3206
2024-08-02 20:00:00,0.652045,0.65208,0.65071,0.651,1804
2024-08-04 22:00:00,0.651565,0.651565,0.650175,0.6509849999999999,2574
2024-08-04 23:00:00,0.65098,0.6513500000000001,0.649465,0.64978,3182
2024-08-05 00:00:00,0.649775,0.65007,0.648235,0.64903,7269
2024-08-05 01:00:00,0.6490199999999999,0.650315,0.64829,0.649995,7302
2024-08-05 02:00:00,0.649995,0.6512,0.64944,0.65013,5098
2024-08-05 03:00:00,0.6501399999999999,0.6506350000000001,0.649715,0.65015,4196
2024-08-05 04:00:00,0.650145,0.650335,0.64829,0.6490750000000001,6388
2024-08-05 05:00:00,0.64908,0.6494,0.6416649999999999,0.641785,9806
2024-08-05 06:00:00,0.64176,0.643475,0.634865,0.6398,18400
2024-08-05 07:00:00,0.63978,0.64616,0.6397600000000001,0.644925,12840
2024-08-05 08:00:00,0.64494,0.646055,0.6437,0.644985,8719
2024-08-05 09:00:00,0.64499,0.64581,0.644435,0.645,7923
2024-08-05 10:00:00,0.645005,0.645745,0.6439999999999999,0.6455649999999999,5984
2024-08-05 11:00:00,0.64556,0.6457900000000001,0.64404,0.644335,4709
2024-08-05 12:00:00,0.6443300000000001,0.645355,0.643555,0.643895,10928
2024-08-05 13:00:00,0.643885,0.65101,0.643855,0.64967,16640
2024-08-05 14:00:00,0.6495949999999999,0.6512100000000001,0.6471,0.64743,18988
2024-08-05 15:00:00,0.64742,0.64909,0.647355,0.648755,10361
2024-08-05 16:00:00,0.64875,0.65022,0.647885,0.648065,9562
2024-08-05 17:00:00,0.648055,0.650225,0.647985,0.6492199999999999,7880
2024-08-05 18:00:00,0.64923,0.6501250000000001,0.648515,0.6485350000000001,5566
2024-08-05 19:00:00,0.6485449999999999,0.6494850000000001,0.648275,0.649475,5173
2024-08-05 20:00:00,0.64947,0.64992,0.6493,0.64981,2038
2024-08-05 21:00:00,0.6496949999999999,0.64976,0.649265,0.6495500000000001,1039
2024-08-05 22:00:00,0.649535,0.650955,0.64952,0.65069,2545
2024-08-05 23:00:00,0.650705,0.65225,0.650705,0.6515249999999999,4081
2024-08-06 00:00:00,0.651545,0.6539900000000001,0.6513549999999999,0.65373,7846
2024-08-06 01:00:00,0.653735,0.65404,0.65099,0.65186,6901
2024-08-06 02:00:00,0.651885,0.652165,0.650755,0.65161,5198
2024-08-06 03:00:00,0.651605,0.6517649999999999,0.650925,0.650925,3892
2024-08-06 04:00:00,0.65091,0.651505,0.649135,0.6505399999999999,5621
2024-08-06 05:00:00,0.650535,0.65281,0.64954,0.65116,7636
2024-08-06 06:00:00,0.651135,0.65255,0.650835,0.65113,7141
2024-08-06 07:00:00,0.651125,0.651125,0.649545,0.6498550000000001,6990
2024-08-06 08:00:00,0.6498649999999999,0.6507350000000001,0.6492249999999999,0.65008,5742
2024-08-06 09:00:00,0.650065,0.650065,0.6479,0.648155,4904
2024-08-06 10:00:00,0.64815,0.648645,0.6473800000000001,0.6481600000000001,4155
2024-08-06 11:00:00,0.64816,0.648505,0.647235,0.64774,4170
2024-08-06 12:00:00,0.647745,0.64865,0.64752,0.64766,5929
2024-08-06 13:00:00,0.6476500000000001,0.650255,0.647525,0.650215,8332
2024-08-06 14:00:00,0.6502049999999999,0.65205,0.649735,0.6506149999999999,9783
2024-08-06 15:00:00,0.65063,0.652055,0.65046,0.65188,7335
2024-08-06 16:00:00,0.651875,0.6536500000000001,0.6517850000000001,0.65352,4471
2024-08-06 17:00:00,0.65349,0.6538,0.652825,0.6534249999999999,3809
2024-08-06 18:00:00,0.65342,0.65417,0.6531199999999999,0.6532450000000001,2973
2024-08-06 19:00:00,0.65324,0.65324,0.652115,0.652435,6427
2024-08-06 20:00:00,0.652435,0.652555,0.651675,0.652015,1740
2024-08-06 21:00:00,0.6520349999999999,0.652615,0.6519550000000001,0.6519550000000001,573
2024-08-06 22:00:00,0.65204,0.652575,0.651635,0.6522049999999999,3430
2024-08-06 23:00:00,0.6522,0.6523,0.650965,0.6514500000000001,2226
2024-08-07 00:00:00,0.65144,0.654015,0.651135,0.65396,4648
2024-08-07 01:00:00,0.653955,0.65517,0.653065,0.65404,7273
2024-08-07 02:00:00,0.65403,0.65558,0.6533899999999999,0.6544650000000001,6174
2024-08-07 03:00:00,0.65448,0.6564000000000001,0.6544300000000001,0.6562,3916
2024-08-07 04:00:00,0.656215,0.6565000000000001,0.6554500000000001,0.65569,3184
2024-08-07 05:00:00,0.655725,0.6561600000000001,0.65486,0.65523,3635
2024-08-07 06:00:00,0.6551899999999999,0.65524,0.65371,0.6548400000000001,4759
2024-08-07 07:00:00,0.65484,0.65497,0.65352,0.654845,6228
2024-08-07 08:00:00,0.65486,0.656365,0.65445,0.655915,4163
2024-08-07 09:00:00,0.6559250000000001,0.65689,0.655375,0.6568350000000001,3464
2024-08-07 10:00:00,0.6568400000000001,0.657275,0.6563699999999999,0.656995,2404
2024-08-07 11:00:00,0.6569849999999999,0.657465,0.656265,0.656495,2462
2024-08-07 12:00:00,0.65652,0.65676,0.6560250000000001,0.656405,3511
2024-08-07 13:00:00,0.65639,0.65652,0.655655,0.65631,3751
2024-08-07 14:00:00,0.656285,0.656345,0.654795,0.6555899999999999,6017
2024-08-07 15:00:00,0.6555949999999999,0.65631,0.65462,0.65515,5526
2024-08-07 16:00:00,0.6551549999999999,0.655265,0.6540699999999999,0.6544300000000001,4159
2024-08-07 17:00:00,0.654425,0.654555,0.65284,0.65291,4882
2024-08-07 18:00:00,0.6529,0.653205,0.651375,0.65176,4655
2024-08-07 19:00:00,0.651755,0.652585,0.6516599999999999,0.651965,4672
2024-08-07 20:00:00,0.65197,0.652175,0.6517649999999999,0.65186,1356
2024-08-07 21:00:00,0.6518550000000001,0.6521300000000001,0.6518550000000001,0.651925,747
2024-08-07 22:00:00,0.65198,0.652185,0.65138,0.651645,1696
2024-08-07 23:00:00,0.6516500000000001,0.65196,0.65073,0.65184,2637
2024-08-08 00:00:00,0.651845,0.6526000000000001,0.6510050000000001,0.6517850000000001,4087
2024-08-08 01:00:00,0.6517900000000001,0.65342,0.651715,0.653135,4456
2024-08-08 02:00:00,0.65315,0.655405,0.65306,0.6552800000000001,3896
2024-08-08 03:00:00,0.655285,0.656585,0.6548350000000001,0.6560349999999999,3120
2024-08-08 04:00:00,0.65604,0.65649,0.65539,0.655555,3257
2024-08-08 05:00:00,0.6555500000000001,0.65608,0.65497,0.6551450000000001,2781
2024-08-08 06:00:00,0.655135,0.656555,0.654655,0.65636,3433
2024-08-08 07:00:00,0.65638,0.65642,0.6543049999999999,0.654655,5004
2024-08-08 08:00:00,0.65466,0.655775,0.65463,0.65565,2746
2024-08-08 09:00:00,0.65564,0.656055,0.654585,0.65491,2147
2024-08-08 10:00:00,0.654915,0.655535,0.6547149999999999,0.655235,2670
2024-08-08 11:00:00,0.6552450000000001,0.655655,0.6547149999999999,0.6550549999999999,2211
2024-08-08 12:00:00,0.6550750000000001,0.656515,0.6546350000000001,0.654945,6839
2024-08-08 13:00:00,0.6549499999999999,0.6559,0.6545449999999999,0.6554249999999999,6955
2024-08-08 14:00:00,0.655465,0.6579900000000001,0.65535,0.65698,6657
2024-08-08 15:00:00,0.6569849999999999,0.65799,0.656655,0.657885,3835
2024-08-08 16:00:00,0.65789,0.658605,0.657485,0.6577649999999999,3258
2024-08-08 17:00:00,0.657775,0.6589,0.657195,0.65857,3057
2024-08-08 18:00:00,0.65856,0.659285,0.65848,0.65923,1626
2024-08-08 19:00:00,0.659205,0.659205,0.6584749999999999,0.65879,3049
2024-08-08 20:00:00,0.658795,0.659395,0.65874,0.659255,1383
2024-08-08 21:00:00,0.659295,0.65947,0.65906,0.6591400000000001,549
2024-08-08 22:00:00,0.6591549999999999,0.659305,0.6587400000000001,0.65891,1128
2024-08-08 23:00:00,0.65891,0.65947,0.6587350000000001,0.65909,1157
2024-08-09 00:00:00,0.659065,0.65917,0.65804,0.658455,2684
2024-08-09 01:00:00,0.65845,0.659485,0.65838,0.65908,3093
2024-08-09 02:00:00,0.65907,0.660385,0.658865,0.6598900000000001,2805
2024-08-09 03:00:00,0.65988,0.660155,0.659565,0.66014,1704
2024-08-09 04:00:00,0.6601349999999999,0.6604749999999999,0.658875,0.65888,2197
2024-08-09 05:00:00,0.658875,0.659795,0.658265,0.6592450000000001,2837
2024-08-09 06:00:00,0.65924,0.660535,0.65886,0.6604650000000001,2746
2024-08-09 07:00:00,0.660455,0.660495,0.6592100000000001,0.6593,2988
2024-08-09 08:00:00,0.659295,0.6596,0.6587799999999999,0.65907,2169
2024-08-09 09:00:00,0.6590750000000001,0.659195,0.65811,0.658405,1597
2024-08-09 10:00:00,0.6584,0.65848,0.6575150000000001,0.657565,1832
2024-08-09 11:00:00,0.65757,0.65781,0.657015,0.6576299999999999,2277
2024-08-09 12:00:00,0.65764,0.65767,0.6566700000000001,0.657285,2945
2024-08-09 13:00:00,0.6572899999999999,0.6583300000000001,0.6570199999999999,0.657265,4364
2024-08-09 14:00:00,0.65724,0.65869,0.657185,0.65822,5235
2024-08-09 15:00:00,0.65821,0.6583749999999999,0.6574599999999999,0.65751,3866
2024-08-09 16:00:00,0.65752,0.65752,0.6568400000000001,0.65746,2113
2024-08-09 17:00:00,0.65747,0.657995,0.6571899999999999,0.6573549999999999,1755
2024-08-09 18:00:00,0.6573599999999999,0.6574450000000001,0.656935,0.657405,1549
2024-08-09 19:00:00,0.6574,0.65764,0.6572,0.65757,1383
2024-08-09 20:00:00,0.65756,0.65766,0.657105,0.657255,1168
2024-08-11 22:00:00,0.657365,0.65759,0.65652,0.65735,1371
2024-08-11 23:00:00,0.657355,0.657525,0.6567449999999999,0.656875,988
2024-08-12 00:00:00,0.656865,0.65839,0.656785,0.65779,1945
2024-08-12 01:00:00,0.6577850000000001,0.658785,0.657715,0.658365,2199
2024-08-12 02:00:00,0.6583600000000001,0.6587350000000001,0.6582250000000001,0.65845,1575
2024-08-12 03:00:00,0.658455,0.6587400000000001,0.65821,0.65835,1002
2024-08-12 04:00:00,0.6583650000000001,0.658495,0.6581049999999999,0.6584,894
2024-08-12 05:00:00,0.658385,0.6586799999999999,0.65777,0.658175,1679
2024-08-12 06:00:00,0.65818,0.658945,0.65811,0.6585350000000001,2228
2024-08-12 07:00:00,0.65852,0.66007,0.658065,0.660005,2381
2024-08-12 08:00:00,0.66002,0.660215,0.659275,0.659675,1775
2024-08-12 09:00:00,0.659665,0.6599200000000001,0.65929,0.65989,1010
2024-08-12 10:00:00,0.659895,0.6602699999999999,0.6597999999999999,0.65995,978
2024-08-12 11:00:00,0.6599550000000001,0.660275,0.6596299999999999,0.65971,1543
2024-08-12 12:00:00,0.659715,0.6600250000000001,0.6590400000000001,0.659315,2110
2024-08-12 13:00:00,0.6593100000000001,0.66028,0.6592199999999999,0.659385,3069
2024-08-12 14:00:00,0.659365,0.66045,0.6592,0.66012,3607
2024-08-12 15:00:00,0.66011,0.660505,0.658655,0.6594450000000001,4492
2024-08-12 16:00:00,0.659455,0.659455,0.6583650000000001,0.6585300000000001,1973
2024-08-12 17:00:00,0.658525,0.659205,0.658185,0.658725,2120
2024-08-12 18:00:00,0.6587350000000001,0.65892,0.658435,0.658825,1311
2024-08-12 19:00:00,0.658825,0.6589700000000001,0.65838,0.6586350000000001,1175
2024-08-12 20:00:00,0.65864,0.6587000000000001,0.658465,0.658615,651
2024-08-12 21:00:00,0.6586749999999999,0.6586749999999999,0.658435,0.65862,456
2024-08-12 22:00:00,0.65864,0.65882,0.6585000000000001,0.6588,598
2024-08-12 23:00:00,0.6588,0.65881,0.658415,0.658505,560
2024-08-13 00:00:00,0.6585099999999999,0.6586700000000001,0.657905,0.658425,1750
2024-08-13 01:00:00,0.658415,0.6593450000000001,0.658075,0.659065,2528
2024-08-13 02:00:00,0.6590750000000001,0.6593549999999999,0.65859,0.65908,1885
2024-08-13 03:00:00,0.65909,0.659805,0.65891,0.659265,1586
2024-08-13 04:00:00,0.65928,0.66004,0.65928,0.65951,1570
2024-08-13 05:00:00,0.659505,0.65954,0.6590849999999999,0.6593800000000001,1404
2024-08-13 06:00:00,0.65941,0.659985,0.658605,0.6596850000000001,2265
2024-08-13 07:00:00,0.65969,0.660855,0.659625,0.66074,2042
2024-08-13 08:00:00,0.66073,0.6609,0.66017,0.66031,1363
2024-08-13 09:00:00,0.6603049999999999,0.660455,0.6595150000000001,0.660355,1627
2024-08-13 10:00:00,0.66034,0.660505,0.659285,0.659455,1528
2024-08-13 11:00:00,0.6594450000000001,0.65995,0.6591750000000001,0.6593549999999999,1736
2024-08-13 12:00:00,0.65935,0.66113,0.659075,0.6607350000000001,4643
2024-08-13 13:00:00,0.66075,0.66185,0.65937,0.66127,4850
2024-08-13 14:00:00,0.66128,0.66135,0.66011,0.6609149999999999,3833
2024-08-13 15:00:00,0.66092,0.66123,0.66035,0.661105,2570
2024-08-13 16:00:00,0.661095,0.66265,0.660965,0.662445,1897
2024-08-13 17:00:00,0.66244,0.662625,0.6618550000000001,0.66222,3384
2024-08-13 18:00:00,0.66225,0.6636500000000001,0.66225,0.6636500000000001,1712
2024-08-13 19:00:00,0.663605,0.66379,0.6633549999999999,0.6636150000000001,1920
2024-08-13 20:00:00,0.66362,0.66364,0.66331,0.663395,1142
2024-08-13 21:00:00,0.663405,0.66343,0.662845,0.66309,628
2024-08-13 22:00:00,0.663095,0.663605,0.663065,0.663535,845
2024-08-13 23:00:00,0.663555,0.6639349999999999,0.6633450000000001,0.663755,776
2024-08-14 00:00:00,0.66378,0.66421,0.663375,0.6640900000000001,2418
2024-08-14 01:00:00,0.66408,0.6643,0.663435,0.663875,2781
2024-08-14 02:00:00,0.66386,0.66386,0.66197,0.6627449999999999,5688
2024-08-14 03:00:00,0.66274,0.662865,0.66184,0.66238,3476
2024-08-14 04:00:00,0.6623600000000001,0.662875,0.66229,0.662455,1997
2024-08-14 05:00:00,0.66246,0.663845,0.6622950000000001,0.663285,1618
2024-08-14 06:00:00,0.66329,0.66356,0.662695,0.6635150000000001,2706
2024-08-14 07:00:00,0.66351,0.664245,0.663295,0.66333,1889
2024-08-14 08:00:00,0.6633199999999999,0.66356,0.6623749999999999,0.6630750000000001,2945
2024-08-14 09:00:00,0.663095,0.66385,0.6629750000000001,0.663545,1171
2024-08-14 10:00:00,0.66354,0.663555,0.6623749999999999,0.66337,1103
2024-08-14 11:00:00,0.66338,0.66338,0.66239,0.66259,1740
2024-08-14 12:00:00,0.662595,0.6643,0.6613249999999999,0.6623,6214
2024-08-14 13:00:00,0.66229,0.663505,0.66155,0.66161,5613
2024-08-14 14:00:00,0.6616,0.662245,0.66091,0.662085,5316
2024-08-14 15:00:00,0.66208,0.662285,0.6610849999999999,0.6614949999999999,2849
2024-08-14 16:00:00,0.661485,0.6615,0.6601349999999999,0.66065,2268
2024-08-14 17:00:00,0.66064,0.66075,0.65994,0.660135,1818
2024-08-14 18:00:00,0.66012,0.660455,0.659555,0.6603650000000001,2367
2024-08-14 19:00:00,0.660345,0.660355,0.659565,0.65978,1361
2024-08-14 20:00:00,0.6597550000000001,0.66004,0.659575,0.659645,653
2024-08-14 21:00:00,0.65972,0.6604650000000001,0.659285,0.65934,979
2024-08-14 22:00:00,0.6593800000000001,0.6600999999999999,0.659335,0.66008,586
2024-08-14 23:00:00,0.6600900000000001,0.6600900000000001,0.6591899999999999,0.65976,826
2024-08-15 00:00:00,0.6597649999999999,0.659895,0.65889,0.65893,1733
2024-08-15 01:00:00,0.65896,0.6613249999999999,0.6564749999999999,0.66101,6028
2024-08-15 02:00:00,0.661,0.6620250000000001,0.66047,0.66187,3145
2024-08-15 03:00:00,0.6618649999999999,0.6623300000000001,0.661625,0.6618999999999999,2026
2024-08-15 04:00:00,0.661895,0.66273,0.66186,0.6624650000000001,1897
2024-08-15 05:00:00,0.66246,0.66246,0.661745,0.661915,1175
2024-08-15 06:00:00,0.661925,0.6624950000000001,0.66169,0.662,1777
2024-08-15 07:00:00,0.661975,0.6624300000000001,0.661735,0.6624,1245
2024-08-15 08:00:00,0.6624049999999999,0.66252,0.6616599999999999,0.66166,1199
2024-08-15 09:00:00,0.6616299999999999,0.662515,0.6615599999999999,0.6625099999999999,834
2024-08-15 10:00:00,0.662515,0.6630849999999999,0.662415,0.66252,864
2024-08-15 11:00:00,0.66254,0.66336,0.66252,0.66308,1018
2024-08-15 12:00:00,0.663085,0.6631750000000001,0.66047,0.66076,6074
2024-08-15 13:00:00,0.660755,0.6620600000000001,0.6595949999999999,0.661905,6337
2024-08-15 14:00:00,0.661895,0.6629050000000001,0.661165,0.6629,4862
2024-08-15 15:00:00,0.6629,0.663455,0.662685,0.662885,2562
2024-08-15 16:00:00,0.66289,0.66337,0.6622950000000001,0.66238,1196
2024-08-15 17:00:00,0.6623749999999999,0.6624,0.6614450000000001,0.661555,1119
2024-08-15 18:00:00,0.6615500000000001,0.6617649999999999,0.661265,0.6615,1008
2024-08-15 19:00:00,0.6614949999999999,0.6615850000000001,0.6609149999999999,0.661115,785
2024-08-15 20:00:00,0.6611100000000001,0.661265,0.66096,0.66121,1051
2024-08-15 21:00:00,0.66133,0.6614599999999999,0.661125,0.661225,371
2024-08-15 22:00:00,0.66118,0.66118,0.66077,0.66089,648
2024-08-15 23:00:00,0.6609,0.6613450000000001,0.66086,0.6612100000000001,770
2024-08-16 00:00:00,0.661215,0.66155,0.6610149999999999,0.661455,1991
2024-08-16 01:00:00,0.6614599999999999,0.66273,0.66121,0.6626350000000001,2195
2024-08-16 02:00:00,0.66264,0.66279,0.662255,0.662595,1491
2024-08-16 03:00:00,0.662585,0.662585,0.6621250000000001,0.6623300000000001,1215
2024-08-16 04:00:00,0.662325,0.66264,0.6622,0.662605,622
2024-08-16 05:00:00,0.6626099999999999,0.66337,0.66245,0.6630050000000001,1452
2024-08-16 06:00:00,0.663,0.6637,0.66274,0.6634,1577
2024-08-16 07:00:00,0.66341,0.663555,0.662805,0.66324,1501
2024-08-16 08:00:00,0.6632450000000001,0.6633899999999999,0.66272,0.66323,1677
2024-08-16 09:00:00,0.663225,0.6640900000000001,0.66319,0.663675,1175
2024-08-16 10:00:00,0.663675,0.6639550000000001,0.6629700000000001,0.66344,1432
2024-08-16 11:00:00,0.663435,0.663455,0.662615,0.66328,1847
2024-08-16 12:00:00,0.663285,0.66343,0.6623,0.6626700000000001,2506
2024-08-16 13:00:00,0.66266,0.66368,0.6623600000000001,0.6633899999999999,3079
2024-08-16 14:00:00,0.663335,0.66381,0.662525,0.6636500000000001,4362
2024-08-16 15:00:00,0.663655,0.664875,0.663555,0.66487,2256
2024-08-16 16:00:00,0.664875,0.6657150000000001,0.664755,0.66559,1701
2024-08-16 17:00:00,0.6655800000000001,0.666355,0.665475,0.6662699999999999,1375
2024-08-16 18:00:00,0.666265,0.667045,0.66603,0.667,1152
2024-08-16 19:00:00,0.6670050000000001,0.6671400000000001,0.6665449999999999,0.666945,1042
2024-08-16 20:00:00,0.66692,0.667065,0.66676,0.666895,800
2024-08-18 22:00:00,0.66675,0.6676599999999999,0.666745,0.667115,1272
2024-08-18 23:00:00,0.66713,0.6674800000000001,0.667065,0.667265,535
2024-08-19 00:00:00,0.6672750000000001,0.668685,0.667205,0.6680299999999999,2168
2024-08-19 01:00:00,0.6680349999999999,0.66866,0.667725,0.668335,2312
2024-08-19 02:00:00,0.66834,0.6686799999999999,0.667835,0.668445,1084
2024-08-19 03:00:00,0.6684399999999999,0.6694800000000001,0.6683950000000001,0.66902,1847
2024-08-19 04:00:00,0.66901,0.6692899999999999,0.6683049999999999,0.668725,2243
2024-08-19 05:00:00,0.668715,0.6691,0.667735,0.6683749999999999,1840
2024-08-19 06:00:00,0.668385,0.6691050000000001,0.667935,0.6688099999999999,2253
2024-08-19 07:00:00,0.668805,0.6690050000000001,0.6684049999999999,0.6689350000000001,1837
2024-08-19 08:00:00,0.66894,0.66935,0.66854,0.66882,2170
2024-08-19 09:00:00,0.66882,0.66883,0.668355,0.6686449999999999,1404
2024-08-19 10:00:00,0.66864,0.669195,0.668625,0.66899,863
2024-08-19 11:00:00,0.668995,0.6698999999999999,0.6689849999999999,0.66986,1068
2024-08-19 12:00:00,0.6698649999999999,0.6698999999999999,0.669315,0.66968,1391
2024-08-19 13:00:00,0.669675,0.67018,0.6692849999999999,0.670085,2305
2024-08-19 14:00:00,0.670105,0.6721550000000001,0.670095,0.6716150000000001,4259
2024-08-19 15:00:00,0.67161,0.672265,0.67136,0.671435,3084
2024-08-19 16:00:00,0.6714450000000001,0.67219,0.6714199999999999,0.672005,1533
2024-08-19 17:00:00,0.672,0.672775,0.67176,0.6727650000000001,1165
2024-08-19 18:00:00,0.672755,0.6733750000000001,0.6726449999999999,0.673025,1495
2024-08-19 19:00:00,0.67303,0.673235,0.67286,0.67318,1306
2024-08-19 20:00:00,0.67319,0.67332,0.673005,0.6730400000000001,980
2024-08-19 21:00:00,0.67309,0.673255,0.67276,0.673155,601
2024-08-19 22:00:00,0.6731499999999999,0.67337,0.6731,0.673325,354
2024-08-19 23:00:00,0.67332,0.673825,0.67319,0.6733800000000001,665
2024-08-20 00:00:00,0.673395,0.6736249999999999,0.6724,0.67261,1765
2024-08-20 01:00:00,0.67262,0.6735450000000001,0.672445,0.67272,2864
2024-08-20 02:00:00,0.67273,0.67293,0.671575,0.6720649999999999,2507
2024-08-20 03:00:00,0.672075,0.672285,0.671325,0.67179,1317
2024-08-20 04:00:00,0.671775,0.6718850000000001,0.6714,0.671825,1265
2024-08-20 05:00:00,0.6718200000000001,0.6720900000000001,0.67136,0.671765,981
2024-08-20 06:00:00,0.671775,0.6732450000000001,0.67176,0.6729350000000001,1654
2024-08-20 07:00:00,0.6729149999999999,0.673195,0.6720349999999999,0.67262,1980
2024-08-20 08:00:00,0.67263,0.67318,0.67248,0.67283,2351
2024-08-20 09:00:00,0.67282,0.6733450000000001,0.672785,0.672965,1341
2024-08-20 10:00:00,0.67299,0.673365,0.6729,0.673215,962
2024-08-20 11:00:00,0.673235,0.673435,0.672775,0.673385,1032
2024-08-20 12:00:00,0.6733899999999999,0.6741900000000001,0.673165,0.6741600000000001,1972
2024-08-20 13:00:00,0.6741550000000001,0.6741600000000001,0.67344,0.6740349999999999,3112
2024-08-20 14:00:00,0.67404,0.67476,0.673605,0.674435,3994
2024-08-20 15:00:00,0.67443,0.674535,0.673505,0.67398,2411
2024-08-20 16:00:00,0.6739900000000001,0.674255,0.673585,0.673635,1484
2024-08-20 17:00:00,0.6736249999999999,0.67381,0.67335,0.673785,1046
2024-08-20 18:00:00,0.67379,0.674755,0.67379,0.674615,908
2024-08-20 19:00:00,0.67462,0.6749,0.67449,0.67467,1132
2024-08-20 20:00:00,0.6747000000000001,0.674925,0.6745099999999999,0.67453,795
2024-08-20 21:00:00,0.674515,0.67468,0.6743250000000001,0.674385,912
2024-08-20 22:00:00,0.67441,0.674655,0.674365,0.67453,556
2024-08-20 23:00:00,0.67455,0.6748449999999999,0.6744,0.674625,609
2024-08-21 00:00:00,0.674635,0.675245,0.6745399999999999,0.67502,1360
2024-08-21 01:00:00,0.67501,0.6751050000000001,0.673945,0.67439,2038
2024-08-21 02:00:00,0.67438,0.67463,0.674105,0.6742349999999999,1800
2024-08-21 03:00:00,0.67424,0.674855,0.6742349999999999,0.6744950000000001,844
2024-08-21 04:00:00,0.674485,0.67459,0.67398,0.6744399999999999,835
2024-08-21 05:00:00,0.674445,0.674955,0.6741550000000001,0.67418,1049
2024-08-21 06:00:00,0.674185,0.67469,0.67386,0.67425,2378
2024-08-21 07:00:00,0.674245,0.67456,0.67319,0.6734800000000001,2288
2024-08-21 08:00:00,0.673465,0.6738999999999999,0.673415,0.6735800000000001,1361
2024-08-21 09:00:00,0.67359,0.6741550000000001,0.6735450000000001,0.67379,964
2024-08-21 10:00:00,0.6737850000000001,0.6743049999999999,0.673535,0.6742250000000001,986
2024-08-21 11:00:00,0.674235,0.674245,0.673515,0.6738649999999999,1280
2024-08-21 12:00:00,0.67386,0.67449,0.6737850000000001,0.6743,1311
2024-08-21 13:00:00,0.674315,0.6744,0.673565,0.674145,2298
2024-08-21 14:00:00,0.67415,0.674675,0.67309,0.673835,9736
2024-08-21 15:00:00,0.6738200000000001,0.675665,0.6737500000000001,0.67496,3573
2024-08-21 16:00:00,0.674955,0.674955,0.6737299999999999,0.674145,1808
2024-08-21 17:00:00,0.6741550000000001,0.6748,0.67394,0.674555,1092
2024-08-21 18:00:00,0.674535,0.67611,0.67448,0.67519,2405
2024-08-21 19:00:00,0.6751849999999999,0.6751849999999999,0.673935,0.6742349999999999,1426
2024-08-21 20:00:00,0.67424,0.674415,0.67379,0.674385,654
2024-08-21 21:00:00,0.67472,0.67472,0.674195,0.674255,490
2024-08-21 22:00:00,0.6742950000000001,0.67506,0.6742950000000001,0.6750499999999999,431
2024-08-21 23:00:00,0.6750400000000001,0.6752400000000001,0.67492,0.674945,507
2024-08-22 00:00:00,0.674945,0.675155,0.67431,0.6743399999999999,1763
2024-08-22 01:00:00,0.67435,0.6744650000000001,0.6735599999999999,0.673815,2068
2024-08-22 02:00:00,0.6738200000000001,0.673945,0.67274,0.67306,2483
2024-08-22 03:00:00,0.6730849999999999,0.67343,0.673,0.67326,955
2024-08-22 04:00:00,0.67325,0.673585,0.67292,0.673535,923
2024-08-22 05:00:00,0.67354,0.674045,0.6733549999999999,0.67389,908
2024-08-22 06:00:00,0.673875,0.67457,0.67372,0.67408,1476
2024-08-22 07:00:00,0.674085,0.67501,0.674085,0.674855,2133
2024-08-22 08:00:00,0.67485,0.67527,0.674545,0.6745950000000001,1969
2024-08-22 09:00:00,0.6746,0.67465,0.6739999999999999,0.6739999999999999,1456
2024-08-22 10:00:00,0.673995,0.67401,0.6735949999999999,0.673655,1129
2024-08-22 11:00:00,0.67365,0.673775,0.67253,0.673075,1572
2024-08-22 12:00:00,0.67308,0.6735249999999999,0.6723950000000001,0.673415,2883
2024-08-22 13:00:00,0.6734249999999999,0.67344,0.671385,0.67171,3661
2024-08-22 14:00:00,0.671705,0.671705,0.6699200000000001,0.67143,5179
2024-08-22 15:00:00,0.671435,0.67155,0.670275,0.67073,3378
2024-08-22 16:00:00,0.670725,0.671485,0.67037,0.67064,2137
2024-08-22 17:00:00,0.6706300000000001,0.67074,0.6697150000000001,0.66976,2118
2024-08-22 18:00:00,0.66976,0.6708350000000001,0.669735,0.670585,1443
2024-08-22 19:00:00,0.670585,0.6709700000000001,0.67016,0.67043,1694
2024-08-22 20:00:00,0.670425,0.67067,0.6703250000000001,0.67048,618
2024-08-22 21:00:00,0.67048,0.670525,0.6701699999999999,0.67031,457
2024-08-22 22:00:00,0.6703349999999999,0.6706,0.6703349999999999,0.67043,582
2024-08-22 23:00:00,0.670435,0.6709149999999999,0.6703399999999999,0.670685,586
2024-08-23 00:00:00,0.6707,0.6712400000000001,0.6704950000000001,0.6709400000000001,1531
2024-08-23 01:00:00,0.6709350000000001,0.671705,0.6708350000000001,0.67161,1769
2024-08-23 02:00:00,0.6716150000000001,0.6716949999999999,0.6709,0.671295,1765
2024-08-23 03:00:00,0.671305,0.67194,0.6712,0.671745,761
2024-08-23 04:00:00,0.671735,0.67242,0.67169,0.67239,898
2024-08-23 05:00:00,0.6723950000000001,0.6724,0.671845,0.6720200000000001,1153
2024-08-23 06:00:00,0.672025,0.67287,0.67175,0.672595,1615
2024-08-23 07:00:00,0.67262,0.67279,0.671755,0.6723049999999999,2294
2024-08-23 08:00:00,0.6723,0.67258,0.67201,0.6724650000000001,1564
2024-08-23 09:00:00,0.6724600000000001,0.673195,0.6724,0.6728,955
2024-08-23 10:00:00,0.67279,0.6731149999999999,0.67238,0.672895,1021
2024-08-23 11:00:00,0.6729149999999999,0.67344,0.67284,0.67316,855
2024-08-23 12:00:00,0.673155,0.673385,0.672755,0.67315,1953
2024-08-23 13:00:00,0.67314,0.6732,0.672315,0.6732,2311
2024-08-23 14:00:00,0.67313,0.67851,0.6730849999999999,0.6771149999999999,13149
2024-08-23 15:00:00,0.677125,0.67917,0.676995,0.677635,5604
2024-08-23 16:00:00,0.67764,0.678365,0.676975,0.678255,3677
2024-08-23 17:00:00,0.6782349999999999,0.679635,0.6781250000000001,0.679385,2499
2024-08-23 18:00:00,0.679395,0.6798150000000001,0.679055,0.679145,1863
2024-08-23 19:00:00,0.6791400000000001,0.67978,0.678825,0.67957,1651
2024-08-23 20:00:00,0.679555,0.679855,0.679465,0.6796800000000001,792
2024-08-25 22:00:00,0.67928,0.679765,0.67861,0.678715,1135
2024-08-25 23:00:00,0.67871,0.679065,0.6785399999999999,0.67874,1180
2024-08-26 00:00:00,0.6787449999999999,0.6794199999999999,0.678565,0.67903,2508
2024-08-26 01:00:00,0.679035,0.6796500000000001,0.678515,0.6787700000000001,2197
2024-08-26 02:00:00,0.67876,0.67918,0.6783699999999999,0.67838,1322
2024-08-26 03:00:00,0.67839,0.678555,0.6776850000000001,0.677905,1454
2024-08-26 04:00:00,0.6779200000000001,0.67818,0.677505,0.6775450000000001,1008
2024-08-26 05:00:00,0.6775549999999999,0.6776599999999999,0.6773450000000001,0.6774249999999999,970
2024-08-26 06:00:00,0.677435,0.6780200000000001,0.677235,0.67747,1934
2024-08-26 07:00:00,0.67746,0.6776949999999999,0.677035,0.6774199999999999,2349
2024-08-26 08:00:00,0.67743,0.67808,0.677295,0.67745,2063
2024-08-26 09:00:00,0.6774450000000001,0.6776599999999999,0.677235,0.677325,1210
2024-08-26 10:00:00,0.67734,0.67772,0.677165,0.677675,1263
2024-08-26 11:00:00,0.6776800000000001,0.67775,0.67666,0.67691,1806
2024-08-26 12:00:00,0.6769000000000001,0.6777150000000001,0.67669,0.67753,3705
2024-08-26 13:00:00,0.67752,0.67807,0.67701,0.67776,4229
2024-08-26 14:00:00,0.677735,0.67874,0.6773,0.67818,4577
2024-08-26 15:00:00,0.678175,0.678255,0.677035,0.67715,2487
2024-08-26 16:00:00,0.67713,0.6782699999999999,0.677035,0.678205,1535
2024-08-26 17:00:00,0.6781900000000001,0.67855,0.677515,0.677775,1423
2024-08-26 18:00:00,0.677755,0.677945,0.67737,0.677735,1271
2024-08-26 19:00:00,0.67774,0.677915,0.677125,0.677315,1191
2024-08-26 20:00:00,0.677335,0.677335,0.6770050000000001,0.677165,433
2024-08-26 21:00:00,0.677165,0.67746,0.67693,0.67711,634
2024-08-26 22:00:00,0.6771050000000001,0.6772549999999999,0.677025,0.67713,479
2024-08-26 23:00:00,0.677135,0.67755,0.67713,0.67729,569
2024-08-27 00:00:00,0.677305,0.67744,0.676165,0.676285,1939
2024-08-27 01:00:00,0.6763,0.6779999999999999,0.6763,0.677835,2359
2024-08-27 02:00:00,0.677825,0.678015,0.67735,0.677875,1432
2024-08-27 03:00:00,0.67787,0.678485,0.67777,0.67839,1169
2024-08-27 04:00:00,0.6784049999999999,0.6785749999999999,0.67803,0.6784,1002
2024-08-27 05:00:00,0.678415,0.67897,0.67838,0.67872,1887
2024-08-27 06:00:00,0.678725,0.679115,0.67791,0.67791,2896
2024-08-27 07:00:00,0.67791,0.67842,0.677215,0.677245,3265
2024-08-27 08:00:00,0.6772400000000001,0.67814,0.6772100000000001,0.6776800000000001,1902
2024-08-27 09:00:00,0.6776850000000001,0.6785049999999999,0.677555,0.67822,2216
2024-08-27 10:00:00,0.678215,0.67844,0.677905,0.678115,1326
2024-08-27 11:00:00,0.678105,0.67873,0.678085,0.678205,2108
2024-08-27 12:00:00,0.6781900000000001,0.678285,0.677145,0.677305,2422
2024-08-27 13:00:00,0.677335,0.677835,0.677055,0.67748,3683
2024-08-27 14:00:00,0.67744,0.67835,0.676975,0.67802,4720
2024-08-27 15:00:00,0.67803,0.67841,0.67737,0.6778150000000001,2790
2024-08-27 16:00:00,0.6778200000000001,0.67808,0.677605,0.6777,1357
2024-08-27 17:00:00,0.677705,0.67893,0.67767,0.67883,1349
2024-08-27 18:00:00,0.67882,0.6795549999999999,0.678785,0.679235,1639
2024-08-27 19:00:00,0.679225,0.679315,0.6788350000000001,0.67929,873
2024-08-27 20:00:00,0.6792849999999999,0.67935,0.67913,0.67928,514
2024-08-27 21:00:00,0.67931,0.6793549999999999,0.67909,0.67933,787
2024-08-27 22:00:00,0.679335,0.6794450000000001,0.67886,0.67886,664
2024-08-27 23:00:00,0.678875,0.67917,0.6787,0.678725,760
2024-08-28 00:00:00,0.678735,0.6795899999999999,0.678705,0.678925,1692
2024-08-28 01:00:00,0.67893,0.6813,0.67836,0.679935,4492
2024-08-28 02:00:00,0.679925,0.680545,0.679745,0.6799,2280
2024-08-28 03:00:00,0.679895,0.680165,0.6795100000000001,0.6800649999999999,1587
2024-08-28 04:00:00,0.680075,0.680185,0.67933,0.679465,1436
2024-08-28 05:00:00,0.679465,0.679595,0.678315,0.678805,1915
2024-08-28 06:00:00,0.6787700000000001,0.67983,0.67819,0.6793800000000001,2441
2024-08-28 07:00:00,0.679385,0.67972,0.679045,0.6795,2019
2024-08-28 08:00:00,0.6795150000000001,0.6799299999999999,0.67916,0.6796949999999999,2098
2024-08-28 09:00:00,0.67969,0.6798150000000001,0.679035,0.679285,1923
2024-08-28 10:00:00,0.6792750000000001,0.6794100000000001,0.6785749999999999,0.678715,1628
2024-08-28 11:00:00,0.678735,0.6791,0.6776850000000001,0.67787,1659
2024-08-28 12:00:00,0.677875,0.677925,0.677035,0.677525,2911
2024-08-28 13:00:00,0.67752,0.678145,0.677315,0.6777150000000001,3659
2024-08-28 14:00:00,0.6777249999999999,0.679555,0.6776599999999999,0.6790799999999999,4354
2024-08-28 15:00:00,0.67909,0.679145,0.6780349999999999,0.67808,3366
2024-08-28 16:00:00,0.67807,0.67807,0.67672,0.6775599999999999,2116
2024-08-28 17:00:00,0.677565,0.6778299999999999,0.67656,0.6765950000000001,2063
2024-08-28 18:00:00,0.6765950000000001,0.6777500000000001,0.67644,0.677735,1517
2024-08-28 19:00:00,0.6777249999999999,0.6782,0.677705,0.67798,1606
2024-08-28 20:00:00,0.677975,0.678535,0.677945,0.67851,1445
2024-08-28 21:00:00,0.67852,0.67852,0.67826,0.67842,374
2024-08-28 22:00:00,0.678445,0.6786749999999999,0.6782900000000001,0.678415,682
2024-08-28 23:00:00,0.678435,0.67869,0.6781200000000001,0.678295,646
2024-08-29 00:00:00,0.67832,0.680035,0.6783,0.67993,2143
2024-08-29 01:00:00,0.679945,0.68035,0.678965,0.67901,2836
2024-08-29 02:00:00,0.6790149999999999,0.6795100000000001,0.67885,0.6791400000000001,1573
2024-08-29 03:00:00,0.679145,0.679755,0.6787700000000001,0.6796899999999999,1595
2024-08-29 04:00:00,0.6797,0.68067,0.6797,0.6803699999999999,1408
2024-08-29 05:00:00,0.680365,0.68082,0.680105,0.68057,1538
2024-08-29 06:00:00,0.680525,0.681165,0.680265,0.6809350000000001,2201
2024-08-29 07:00:00,0.6809499999999999,0.68128,0.680315,0.681215,2621
2024-08-29 08:00:00,0.6812100000000001,0.681235,0.679755,0.6806650000000001,4242
2024-08-29 09:00:00,0.680685,0.682375,0.680685,0.682185,2498
2024-08-29 10:00:00,0.6821900000000001,0.68239,0.681735,0.6820999999999999,2014
2024-08-29 11:00:00,0.68209,0.68233,0.68153,0.681765,1696
2024-08-29 12:00:00,0.68175,0.68231,0.68001,0.68024,5153
2024-08-29 13:00:00,0.680255,0.680295,0.6784699999999999,0.678895,5014
2024-08-29 14:00:00,0.6789149999999999,0.6796249999999999,0.678485,0.67912,4293
2024-08-29 15:00:00,0.67911,0.6805399999999999,0.678975,0.6805,2245
2024-08-29 16:00:00,0.68051,0.681045,0.680225,0.68034,1767
2024-08-29 17:00:00,0.6803349999999999,0.681065,0.680215,0.6809149999999999,1608
2024-08-29 18:00:00,0.680945,0.680955,0.679315,0.6798200000000001,3219
2024-08-29 19:00:00,0.6798299999999999,0.6802900000000001,0.6795549999999999,0.6797500000000001,2437
2024-08-29 20:00:00,0.67974,0.679925,0.67974,0.6798249999999999,860
2024-08-29 21:00:00,0.679825,0.680175,0.6795,0.679775,573
2024-08-29 22:00:00,0.679765,0.6799599999999999,0.6796850000000001,0.67978,512
2024-08-29 23:00:00,0.67977,0.67994,0.679465,0.67957,633
2024-08-30 00:00:00,0.679575,0.67996,0.67933,0.679905,1573
2024-08-30 01:00:00,0.679875,0.680185,0.679165,0.679335,2391
2024-08-30 02:00:00,0.679325,0.67998,0.67896,0.67998,1282
2024-08-30 03:00:00,0.6799649999999999,0.68089,0.67984,0.68058,1250
2024-08-30 04:00:00,0.680585,0.680585,0.679915,0.680005,1214
2024-08-30 05:00:00,0.680015,0.680635,0.67987,0.680465,1259
2024-08-30 06:00:00,0.680485,0.680625,0.67994,0.68039,1658
2024-08-30 07:00:00,0.680395,0.68106,0.680015,0.680825,1699
2024-08-30 08:00:00,0.68083,0.68165,0.68071,0.6807300000000001,1554
2024-08-30 09:00:00,0.680725,0.68093,0.680535,0.680635,1106
2024-08-30 10:00:00,0.68064,0.68068,0.67977,0.679875,1127
2024-08-30 11:00:00,0.679905,0.68008,0.679565,0.6798200000000001,1323
2024-08-30 12:00:00,0.679835,0.68036,0.677765,0.678465,3456
2024-08-30 13:00:00,0.6784749999999999,0.678555,0.6774549999999999,0.67806,4740
2024-08-30 14:00:00,0.67805,0.679235,0.678005,0.678415,5987
2024-08-30 15:00:00,0.6784049999999999,0.678635,0.67584,0.676485,4445
2024-08-30 16:00:00,0.67648,0.676505,0.675155,0.675825,3164
2024-08-30 17:00:00,0.675815,0.67622,0.675645,0.67602,1957
2024-08-30 18:00:00,0.676015,0.67673,0.6759550000000001,0.6766700000000001,1316
2024-08-30 19:00:00,0.6766449999999999,0.67692,0.67637,0.67673,1839
2024-08-30 20:00:00,0.676725,0.6770750000000001,0.6764600000000001,0.67649,1111
2024-09-01 22:00:00,0.6766,0.677215,0.6762900000000001,0.6770499999999999,637
2024-09-01 23:00:00,0.67706,0.67729,0.67665,0.6768149999999999,844
2024-09-02 00:00:00,0.676805,0.67785,0.67663,0.67747,1842
2024-09-02 01:00:00,0.6774800000000001,0.6777599999999999,0.67686,0.676885,1692
2024-09-02 02:00:00,0.6768799999999999,0.6768799999999999,0.675745,0.6764600000000001,1926
2024-09-02 03:00:00,0.67646,0.676695,0.6759999999999999,0.6764300000000001,1282
2024-09-02 04:00:00,0.67642,0.67642,0.6756949999999999,0.67608,884
2024-09-02 05:00:00,0.67611,0.6772549999999999,0.67611,0.67651,962
2024-09-02 06:00:00,0.6765,0.6782900000000001,0.676415,0.6779200000000001,1740
2024-09-02 07:00:00,0.677915,0.6779850000000001,0.67733,0.6778500000000001,2194
2024-09-02 08:00:00,0.677845,0.67856,0.6777850000000001,0.67826,1967
2024-09-02 09:00:00,0.67825,0.67857,0.678005,0.67831,1032
2024-09-02 10:00:00,0.6783349999999999,0.6783399999999999,0.677705,0.677705,903
2024-09-02 11:00:00,0.6777150000000001,0.6779649999999999,0.677335,0.67763,1086
2024-09-02 12:00:00,0.6776249999999999,0.67827,0.6775100000000001,0.678,992
2024-09-02 13:00:00,0.67801,0.67824,0.677835,0.677925,1305
2024-09-02 14:00:00,0.677915,0.679485,0.6774249999999999,0.67899,2030
2024-09-02 15:00:00,0.67898,0.67909,0.67849,0.6789050000000001,885
2024-09-02 16:00:00,0.678895,0.6790849999999999,0.678655,0.67908,334
2024-09-02 17:00:00,0.6790849999999999,0.67931,0.6790849999999999,0.679295,187
2024-09-02 18:00:00,0.679295,0.67947,0.67929,0.67935,79
2024-09-02 19:00:00,0.67936,0.6794800000000001,0.67936,0.679405,137
2024-09-02 20:00:00,0.6794,0.6794,0.679065,0.6791,232
2024-09-02 21:00:00,0.679115,0.6792400000000001,0.6788000000000001,0.67897,515
2024-09-02 22:00:00,0.678965,0.679165,0.67866,0.678685,291
2024-09-02 23:00:00,0.678685,0.678805,0.678435,0.678715,726
2024-09-03 00:00:00,0.678725,0.679235,0.678025,0.6783950000000001,2220
2024-09-03 01:00:00,0.6784,0.67883,0.6774249999999999,0.677995,2411
2024-09-03 02:00:00,0.67801,0.678195,0.676375,0.676425,1703
2024-09-03 03:00:00,0.67641,0.67647,0.6742699999999999,0.67448,4061
2024-09-03 04:00:00,0.6744749999999999,0.674485,0.6732100000000001,0.67421,2805
2024-09-03 05:00:00,0.6742049999999999,0.67459,0.6737299999999999,0.674015,1763
2024-09-03 06:00:00,0.674025,0.674245,0.673025,0.674095,2765
2024-09-03 07:00:00,0.6741,0.675295,0.6741,0.67485,2882
2024-09-03 08:00:00,0.67484,0.67519,0.67456,0.67465,1728
2024-09-03 09:00:00,0.674655,0.6747700000000001,0.673465,0.673465,1702
2024-09-03 10:00:00,0.67347,0.673635,0.6729350000000001,0.6731199999999999,2000
2024-09-03 11:00:00,0.67311,0.673575,0.673,0.6731,1661
2024-09-03 12:00:00,0.67311,0.674315,0.67296,0.6738550000000001,2235
2024-09-03 13:00:00,0.6738649999999999,0.67472,0.67289,0.6734100000000001,4537
2024-09-03 14:00:00,0.6734249999999999,0.67432,0.67123,0.67146,7614
2024-09-03 15:00:00,0.6714549999999999,0.67213,0.671235,0.6719999999999999,3935
2024-09-03 16:00:00,0.671995,0.67249,0.671585,0.6717150000000001,2482
2024-09-03 17:00:00,0.67171,0.671975,0.6710499999999999,0.6711,1730
2024-09-03 18:00:00,0.67109,0.67158,0.670785,0.671435,2050
2024-09-03 19:00:00,0.67143,0.6717200000000001,0.670825,0.671265,2010
2024-09-03 20:00:00,0.671265,0.6714450000000001,0.67081,0.671145,902
2024-09-03 21:00:00,0.671145,0.6714450000000001,0.67098,0.67122,472
2024-09-03 22:00:00,0.671235,0.671535,0.67072,0.671205,1243
2024-09-03 23:00:00,0.671235,0.67156,0.670945,0.6713199999999999,1102
2024-09-04 00:00:00,0.671335,0.671535,0.66856,0.66877,3651
2024-09-04 01:00:00,0.66879,0.670635,0.66878,0.6702349999999999,4010
2024-09-04 02:00:00,0.670245,0.6706300000000001,0.6695599999999999,0.67014,2988
2024-09-04 03:00:00,0.67015,0.67049,0.66961,0.669975,1683
2024-09-04 04:00:00,0.66999,0.670685,0.66998,0.67039,1204
2024-09-04 05:00:00,0.6704,0.67056,0.669975,0.670365,1467
2024-09-04 06:00:00,0.6703699999999999,0.6712750000000001,0.669665,0.67105,2570
2024-09-04 07:00:00,0.67107,0.67157,0.6704950000000001,0.670775,2769
2024-09-04 08:00:00,0.6707799999999999,0.671675,0.67025,0.6703300000000001,2148
2024-09-04 09:00:00,0.670345,0.67164,0.67033,0.67143,1677
2024-09-04 10:00:00,0.67142,0.67162,0.67093,0.6715,1072
2024-09-04 11:00:00,0.6714899999999999,0.67207,0.6713199999999999,0.6718,1390
2024-09-04 12:00:00,0.6717949999999999,0.6724399999999999,0.6709700000000001,0.6723950000000001,1769
2024-09-04 13:00:00,0.672375,0.673505,0.6722699999999999,0.6732849999999999,3176
2024-09-04 14:00:00,0.6732899999999999,0.674945,0.67317,0.673515,8561
2024-09-04 15:00:00,0.67352,0.6737,0.671985,0.672195,3897
2024-09-04 16:00:00,0.6721900000000001,0.672735,0.671815,0.67248,2191
2024-09-04 17:00:00,0.672465,0.6727,0.671225,0.67127,1979
2024-09-04 18:00:00,0.67126,0.671805,0.67114,0.6715599999999999,1986
2024-09-04 19:00:00,0.671565,0.67235,0.67146,0.6720999999999999,1911
2024-09-04 20:00:00,0.67209,0.672605,0.671985,0.67248,940
2024-09-04 21:00:00,0.672465,0.67259,0.67186,0.67242,554
2024-09-04 22:00:00,0.672405,0.672515,0.6721550000000001,0.672285,467
2024-09-04 23:00:00,0.6722950000000001,0.6722950000000001,0.6713899999999999,0.6715899999999999,809
2024-09-05 00:00:00,0.671575,0.672445,0.671365,0.67224,2229
2024-09-05 01:00:00,0.672245,0.673205,0.67204,0.67261,2469
2024-09-05 02:00:00,0.672615,0.67302,0.672365,0.67273,1538
2024-09-05 03:00:00,0.672725,0.67308,0.67216,0.67231,1297
2024-09-05 04:00:00,0.67228,0.6723950000000001,0.6718500000000001,0.67235,891
2024-09-05 05:00:00,0.67236,0.67262,0.67208,0.67233,1102
2024-09-05 06:00:00,0.672345,0.6727350000000001,0.6720900000000001,0.67215,2075
2024-09-05 07:00:00,0.67214,0.67217,0.67137,0.671875,2193
2024-09-05 08:00:00,0.67188,0.673315,0.6717949999999999,0.673125,1952
2024-09-05 09:00:00,0.673135,0.673205,0.67189,0.67205,1761
2024-09-05 10:00:00,0.6720550000000001,0.672725,0.6718550000000001,0.6727099999999999,1246
2024-09-05 11:00:00,0.6727,0.673055,0.6722699999999999,0.672435,1745
2024-09-05 12:00:00,0.672445,0.67367,0.67238,0.673165,5141
2024-09-05 13:00:00,0.67317,0.6740550000000001,0.6730499999999999,0.67389,4005
2024-09-05 14:00:00,0.67387,0.67387,0.672085,0.672215,6432
2024-09-05 15:00:00,0.67222,0.672705,0.671905,0.672605,3503
2024-09-05 16:00:00,0.6726,0.6736,0.672585,0.67319,2032
2024-09-05 17:00:00,0.6731750000000001,0.673735,0.67291,0.67362,1906
2024-09-05 18:00:00,0.67361,0.67399,0.67346,0.67351,1374
2024-09-05 19:00:00,0.67351,0.67371,0.673215,0.67354,1643
2024-09-05 20:00:00,0.6735500000000001,0.67417,0.67352,0.6740649999999999,885
2024-09-05 21:00:00,0.67406,0.67421,0.67391,0.6741,588
2024-09-05 22:00:00,0.6740900000000001,0.6741,0.6738599999999999,0.673925,521
2024-09-05 23:00:00,0.673935,0.67415,0.67388,0.67407,526
2024-09-06 00:00:00,0.6740550000000001,0.674365,0.67371,0.67407,1995
2024-09-06 01:00:00,0.674055,0.674115,0.673155,0.67357,1736
2024-09-06 02:00:00,0.6735599999999999,0.67376,0.6729499999999999,0.67304,1251
2024-09-06 03:00:00,0.673035,0.67333,0.6728149999999999,0.6729350000000001,815
2024-09-06 04:00:00,0.67293,0.67342,0.6726650000000001,0.673235,1064
2024-09-06 05:00:00,0.6732199999999999,0.673565,0.671905,0.6724300000000001,1808
2024-09-06 06:00:00,0.67244,0.673775,0.672315,0.6737500000000001,1903
2024-09-06 07:00:00,0.6737299999999999,0.67378,0.67282,0.6734899999999999,2563
2024-09-06 08:00:00,0.673505,0.673705,0.67304,0.673495,1567
2024-09-06 09:00:00,0.673485,0.674005,0.67309,0.6739900000000001,1488
2024-09-06 10:00:00,0.673975,0.67413,0.673565,0.6736249999999999,1529
2024-09-06 11:00:00,0.673635,0.67387,0.6733100000000001,0.67351,1663
2024-09-06 12:00:00,0.673515,0.676735,0.672045,0.6749400000000001,9368
2024-09-06 13:00:00,0.67491,0.6752,0.6714500000000001,0.671815,9981
2024-09-06 14:00:00,0.671825,0.67198,0.66935,0.6698949999999999,9269
2024-09-06 15:00:00,0.6698999999999999,0.672375,0.6672800000000001,0.6675599999999999,12599
2024-09-06 16:00:00,0.667555,0.667555,0.665995,0.66671,5003
2024-09-06 17:00:00,0.6667000000000001,0.667945,0.666435,0.667185,3662
2024-09-06 18:00:00,0.667195,0.6673899999999999,0.666625,0.6670149999999999,2457
2024-09-06 19:00:00,0.667035,0.6676150000000001,0.6669149999999999,0.66745,2662
2024-09-06 20:00:00,0.667465,0.667485,0.66674,0.66698,1916
2024-09-08 22:00:00,0.66689,0.66735,0.6668350000000001,0.6668350000000001,812
2024-09-08 23:00:00,0.66686,0.667435,0.666765,0.66698,1077
2024-09-09 00:00:00,0.666975,0.667585,0.66673,0.66681,2381
2024-09-09 01:00:00,0.66682,0.668785,0.66682,0.668755,3543
2024-09-09 02:00:00,0.668755,0.668895,0.6681699999999999,0.66834,1995
2024-09-09 03:00:00,0.6683399999999999,0.6686000000000001,0.6679999999999999,0.668115,1055
2024-09-09 04:00:00,0.668105,0.66844,0.6675249999999999,0.6675800000000001,995
2024-09-09 05:00:00,0.667575,0.6675800000000001,0.666515,0.666785,1479
2024-09-09 06:00:00,0.666795,0.66734,0.666595,0.6668499999999999,2216
2024-09-09 07:00:00,0.66684,0.6669799999999999,0.666095,0.66693,2564
2024-09-09 08:00:00,0.66692,0.6669499999999999,0.6652750000000001,0.6654899999999999,2003
2024-09-09 09:00:00,0.6654800000000001,0.6663250000000001,0.665445,0.66599,1406
2024-09-09 10:00:00,0.66598,0.6659900000000001,0.66479,0.665145,1010
2024-09-09 11:00:00,0.6651549999999999,0.66598,0.6651549999999999,0.66581,1161
2024-09-09 12:00:00,0.66582,0.665915,0.665095,0.6651499999999999,1850
2024-09-09 13:00:00,0.66516,0.666155,0.6651100000000001,0.66611,2555
2024-09-09 14:00:00,0.66611,0.66676,0.6652,0.6652100000000001,3420
2024-09-09 15:00:00,0.665215,0.6662950000000001,0.6648350000000001,0.6661900000000001,2590
2024-09-09 16:00:00,0.6661950000000001,0.667055,0.66612,0.66698,1498
2024-09-09 17:00:00,0.667,0.667295,0.66606,0.66606,1389
2024-09-09 18:00:00,0.66605,0.6664300000000001,0.665835,0.6658900000000001,1276
2024-09-09 19:00:00,0.66588,0.66598,0.66569,0.665875,1067
2024-09-09 20:00:00,0.6658649999999999,0.6661999999999999,0.66577,0.66609,515
2024-09-09 21:00:00,0.66611,0.6663250000000001,0.665975,0.66618,429
2024-09-09 22:00:00,0.666175,0.66661,0.66609,0.666415,509
2024-09-09 23:00:00,0.66641,0.66641,0.66568,0.665755,526
2024-09-10 00:00:00,0.665755,0.6658550000000001,0.664435,0.665,1743
2024-09-10 01:00:00,0.6650050000000001,0.665725,0.66497,0.66567,2161
2024-09-10 02:00:00,0.66568,0.665775,0.6648149999999999,0.66538,2167
2024-09-10 03:00:00,0.665385,0.6661600000000001,0.6653800000000001,0.66585,1178
2024-09-10 04:00:00,0.66586,0.6666000000000001,0.6657,0.66646,877
2024-09-10 05:00:00,0.6664300000000001,0.6671,0.6663300000000001,0.6668499999999999,1216
2024-09-10 06:00:00,0.666855,0.6673199999999999,0.6665000000000001,0.66697,1813
2024-09-10 07:00:00,0.66695,0.666955,0.66589,0.665895,2175
2024-09-10 08:00:00,0.665895,0.666145,0.665485,0.66575,1623
2024-09-10 09:00:00,0.66574,0.66697,0.6653100000000001,0.6666300000000001,1690
2024-09-10 10:00:00,0.66664,0.667195,0.6663749999999999,0.66719,1213
2024-09-10 11:00:00,0.6672,0.667665,0.66625,0.66635,1461
2024-09-10 12:00:00,0.6663399999999999,0.66707,0.6662699999999999,0.666465,2183
2024-09-10 13:00:00,0.66645,0.66666,0.664825,0.66503,3591
2024-09-10 14:00:00,0.66502,0.66502,0.664115,0.66483,4277
2024-09-10 15:00:00,0.66484,0.6656599999999999,0.66472,0.66512,2408
2024-09-10 16:00:00,0.66513,0.66547,0.6644950000000001,0.6651849999999999,2642
2024-09-10 17:00:00,0.66518,0.665745,0.66503,0.665495,1854
2024-09-10 18:00:00,0.6655,0.6661950000000001,0.66545,0.6658850000000001,1455
2024-09-10 19:00:00,0.66588,0.666005,0.66564,0.6658550000000001,955
2024-09-10 20:00:00,0.6658550000000001,0.66586,0.665205,0.66527,877
2024-09-10 21:00:00,0.66528,0.6656,0.66511,0.6653249999999999,536
2024-09-10 22:00:00,0.6652899999999999,0.66544,0.6651549999999999,0.6653899999999999,386
2024-09-10 23:00:00,0.665375,0.665685,0.66516,0.665305,573
2024-09-11 00:00:00,0.6653100000000001,0.665505,0.6644749999999999,0.66481,1636
2024-09-11 01:00:00,0.664795,0.665905,0.66465,0.665545,3154
2024-09-11 02:00:00,0.665565,0.665995,0.66523,0.665485,1986
2024-09-11 03:00:00,0.665475,0.66554,0.6649700000000001,0.6651549999999999,1306
2024-09-11 04:00:00,0.66516,0.66544,0.664655,0.66534,1503
2024-09-11 05:00:00,0.66533,0.66595,0.665315,0.665925,1623
2024-09-11 06:00:00,0.66591,0.666455,0.665565,0.6663749999999999,2270
2024-09-11 07:00:00,0.666385,0.6669149999999999,0.66603,0.6662600000000001,2234
2024-09-11 08:00:00,0.666245,0.6668000000000001,0.66594,0.6659550000000001,1816
2024-09-11 09:00:00,0.6659649999999999,0.6663950000000001,0.66583,0.665905,1209
2024-09-11 10:00:00,0.665915,0.66709,0.665795,0.6670799999999999,1364
2024-09-11 11:00:00,0.66709,0.6674,0.666595,0.667055,2029
2024-09-11 12:00:00,0.6670400000000001,0.6671,0.663655,0.6654249999999999,9101
2024-09-11 13:00:00,0.6654,0.66614,0.663815,0.663815,6954
2024-09-11 14:00:00,0.663785,0.6640349999999999,0.6622300000000001,0.66351,6564
2024-09-11 15:00:00,0.6635150000000001,0.6652100000000001,0.66315,0.66498,4645
2024-09-11 16:00:00,0.66499,0.66597,0.664755,0.6657150000000001,2967
2024-09-11 17:00:00,0.66574,0.66684,0.6657150000000001,0.6664650000000001,2745
2024-09-11 18:00:00,0.6664749999999999,0.66738,0.6663749999999999,0.66677,1654
2024-09-11 19:00:00,0.66675,0.66749,0.66675,0.667335,2050
2024-09-11 20:00:00,0.66733,0.6675949999999999,0.667325,0.667405,889
2024-09-11 21:00:00,0.6674100000000001,0.667535,0.667215,0.66748,427
2024-09-11 22:00:00,0.667475,0.667895,0.6674100000000001,0.667605,604
2024-09-11 23:00:00,0.6676150000000001,0.6679299999999999,0.667385,0.6674450000000001,777
2024-09-12 00:00:00,0.667435,0.668245,0.667335,0.66735,1759
2024-09-12 01:00:00,0.667345,0.668195,0.667125,0.66782,1837
2024-09-12 02:00:00,0.66781,0.66797,0.667115,0.6675599999999999,1833
2024-09-12 03:00:00,0.66757,0.66879,0.6675,0.668775,1108
2024-09-12 04:00:00,0.66877,0.669265,0.6686449999999999,0.669045,938
2024-09-12 05:00:00,0.66905,0.6694599999999999,0.668945,0.66927,814
2024-09-12 06:00:00,0.66926,0.6694450000000001,0.6683749999999999,0.66848,1440
2024-09-12 07:00:00,0.66849,0.669005,0.666915,0.6669849999999999,3068
2024-09-12 08:00:00,0.666975,0.667605,0.6656599999999999,0.6671849999999999,3108
2024-09-12 09:00:00,0.667195,0.667905,0.6671400000000001,0.66742,1364
2024-09-12 10:00:00,0.6674100000000001,0.668335,0.66727,0.66831,1287
2024-09-12 11:00:00,0.6682950000000001,0.668605,0.667645,0.6676500000000001,1598
2024-09-12 12:00:00,0.6676599999999999,0.6689849999999999,0.66763,0.6678200000000001,4992
2024-09-12 13:00:00,0.66781,0.66856,0.6672,0.6677599999999999,4702
2024-09-12 14:00:00,0.6677500000000001,0.66918,0.6674549999999999,0.6690750000000001,4585
2024-09-12 15:00:00,0.66909,0.66987,0.668855,0.66954,2956
2024-09-12 16:00:00,0.669535,0.67074,0.66947,0.67056,2205
2024-09-12 17:00:00,0.67056,0.6718500000000001,0.670445,0.671745,2591
2024-09-12 18:00:00,0.67175,0.672215,0.671205,0.671785,2901
2024-09-12 19:00:00,0.67179,0.67248,0.671755,0.672345,2656
2024-09-12 20:00:00,0.6723399999999999,0.67253,0.672075,0.672215,1209
2024-09-12 21:00:00,0.67221,0.672375,0.67195,0.672185,429
2024-09-12 22:00:00,0.6721900000000001,0.6725,0.6721900000000001,0.6724749999999999,618
2024-09-12 23:00:00,0.67248,0.672835,0.6723049999999999,0.6726000000000001,746
2024-09-13 00:00:00,0.67259,0.6731,0.672445,0.6730400000000001,1987
2024-09-13 01:00:00,0.673045,0.67327,0.672115,0.672435,2600
2024-09-13 02:00:00,0.672425,0.672885,0.672065,0.6724650000000001,1948
2024-09-13 03:00:00,0.67245,0.673125,0.67231,0.672755,1626
2024-09-13 04:00:00,0.67276,0.672865,0.6724749999999999,0.6724950000000001,1077
2024-09-13 05:00:00,0.672485,0.672595,0.672025,0.67214,1556
2024-09-13 06:00:00,0.6721349999999999,0.672255,0.6713549999999999,0.67167,2188
2024-09-13 07:00:00,0.67169,0.6722,0.671375,0.6720200000000001,1980
2024-09-13 08:00:00,0.672025,0.67208,0.67108,0.67152,1895
2024-09-13 09:00:00,0.67153,0.6727350000000001,0.671135,0.6712450000000001,2294
2024-09-13 10:00:00,0.67123,0.67136,0.669945,0.67012,2449
2024-09-13 11:00:00,0.6701250000000001,0.670255,0.669235,0.66971,1842
2024-09-13 12:00:00,0.669685,0.67081,0.669585,0.67076,2561
2024-09-13 13:00:00,0.67077,0.672025,0.67073,0.67188,3686
2024-09-13 14:00:00,0.671915,0.6723300000000001,0.6709149999999999,0.671565,4500
2024-09-13 15:00:00,0.67157,0.671705,0.670895,0.67117,2469
2024-09-13 16:00:00,0.671165,0.67117,0.67035,0.67089,1876
2024-09-13 17:00:00,0.670895,0.6710849999999999,0.67064,0.6706449999999999,1475
2024-09-13 18:00:00,0.670655,0.670945,0.6700550000000001,0.670295,2078
2024-09-13 19:00:00,0.670255,0.6707650000000001,0.67001,0.6704,1350
2024-09-13 20:00:00,0.67038,0.670575,0.6703049999999999,0.67032,2334
2024-09-15 22:00:00,0.67039,0.67102,0.67039,0.670955,1419
2024-09-15 23:00:00,0.670945,0.671405,0.6707449999999999,0.67136,886
2024-09-16 00:00:00,0.671365,0.6715,0.67099,0.6712199999999999,1163
2024-09-16 01:00:00,0.671215,0.6713549999999999,0.67059,0.670655,1183
2024-09-16 02:00:00,0.6706799999999999,0.67134,0.6706000000000001,0.67134,884
2024-09-16 03:00:00,0.6713450000000001,0.67273,0.671145,0.6727099999999999,1057
2024-09-16 04:00:00,0.67269,0.6730050000000001,0.672595,0.67275,973
2024-09-16 05:00:00,0.6727449999999999,0.672795,0.672355,0.67272,1103
2024-09-16 06:00:00,0.67271,0.672795,0.67226,0.672605,1903
2024-09-16 07:00:00,0.672615,0.672945,0.672025,0.67276,2032
2024-09-16 08:00:00,0.672785,0.6745950000000001,0.67265,0.67382,2321
2024-09-16 09:00:00,0.67381,0.67425,0.673525,0.67363,1847
2024-09-16 10:00:00,0.67364,0.67438,0.673585,0.67417,1307
2024-09-16 11:00:00,0.67418,0.674795,0.6736899999999999,0.674775,1449
2024-09-16 12:00:00,0.6747799999999999,0.67489,0.6738,0.6740299999999999,2873
2024-09-16 13:00:00,0.67404,0.674705,0.6737850000000001,0.674345,2807
2024-09-16 14:00:00,0.67435,0.6743699999999999,0.673165,0.6735949999999999,3686
2024-09-16 15:00:00,0.6735899999999999,0.67398,0.67334,0.67387,2275
2024-09-16 16:00:00,0.673875,0.674385,0.673465,0.6743399999999999,1822
2024-09-16 17:00:00,0.67435,0.674535,0.673855,0.6745099999999999,1181
2024-09-16 18:00:00,0.674515,0.6746399999999999,0.674085,0.67432,978
2024-09-16 19:00:00,0.674295,0.6752,0.67408,0.675165,940
2024-09-16 20:00:00,0.6751750000000001,0.67536,0.6750849999999999,0.67513,409
2024-09-16 21:00:00,0.675125,0.675225,0.67493,0.67506,276
2024-09-16 22:00:00,0.6750700000000001,0.6753800000000001,0.674975,0.675025,684
2024-09-16 23:00:00,0.6750400000000001,0.675285,0.674775,0.6751750000000001,719
2024-09-17 00:00:00,0.67519,0.675305,0.67425,0.674325,1521
2024-09-17 01:00:00,0.6743399999999999,0.6752549999999999,0.6743399999999999,0.675195,1469
2024-09-17 02:00:00,0.675205,0.675395,0.6749799999999999,0.675145,1233
2024-09-17 03:00:00,0.67513,0.675295,0.674635,0.6747000000000001,939
2024-09-17 04:00:00,0.67469,0.6747099999999999,0.67415,0.674255,805
2024-09-17 05:00:00,0.674265,0.674775,0.674195,0.674755,715
2024-09-17 06:00:00,0.67474,0.676305,0.67474,0.675815,1652
2024-09-17 07:00:00,0.6758200000000001,0.6765399999999999,0.675235,0.6764600000000001,1879
2024-09-17 08:00:00,0.67645,0.67659,0.6757150000000001,0.6764300000000001,1547
2024-09-17 09:00:00,0.67642,0.676885,0.676195,0.6762900000000001,1531
2024-09-17 10:00:00,0.6762950000000001,0.676525,0.675605,0.675655,1288
2024-09-17 11:00:00,0.6756599999999999,0.6766000000000001,0.675415,0.676355,1212
2024-09-17 12:00:00,0.676355,0.6765049999999999,0.6746099999999999,0.674995,4832
2024-09-17 13:00:00,0.6750050000000001,0.675575,0.674555,0.675135,4390
2024-09-17 14:00:00,0.675125,0.67673,0.6750499999999999,0.676235,3528
2024-09-17 15:00:00,0.67625,0.67643,0.675195,0.6753450000000001,2398
2024-09-17 16:00:00,0.675335,0.675595,0.674895,0.675225,2580
2024-09-17 17:00:00,0.67523,0.67542,0.67442,0.67528,2821
2024-09-17 18:00:00,0.67527,0.6759649999999999,0.675125,0.67595,1755
2024-09-17 19:00:00,0.67592,0.6760900000000001,0.67546,0.675575,1262
2024-09-17 20:00:00,0.675585,0.675765,0.6754899999999999,0.6755599999999999,364
2024-09-17 21:00:00,0.675565,0.67587,0.67544,0.6756500000000001,546
2024-09-17 22:00:00,0.675645,0.675925,0.6756249999999999,0.6758,307
2024-09-17 23:00:00,0.675815,0.676245,0.6757,0.676045,406
2024-09-18 00:00:00,0.6760550000000001,0.67701,0.676015,0.676785,1226
2024-09-18 01:00:00,0.67679,0.67735,0.676365,0.67671,1671
2024-09-18 02:00:00,0.67672,0.67689,0.676075,0.67666,1237
2024-09-18 03:00:00,0.67667,0.676695,0.67621,0.67625,759
2024-09-18 04:00:00,0.676245,0.67625,0.67492,0.675095,924
2024-09-18 05:00:00,0.67509,0.675925,0.6750499999999999,0.675925,835
2024-09-18 06:00:00,0.675935,0.67684,0.675935,0.676725,1749
2024-09-18 07:00:00,0.6767350000000001,0.677805,0.67673,0.6777949999999999,2229
2024-09-18 08:00:00,0.6777850000000001,0.67807,0.67741,0.677875,1715
2024-09-18 09:00:00,0.67788,0.678545,0.677585,0.67851,1118
2024-09-18 10:00:00,0.67852,0.67891,0.67842,0.67862,999
2024-09-18 11:00:00,0.678625,0.67896,0.6784250000000001,0.6786099999999999,1010
2024-09-18 12:00:00,0.67865,0.67867,0.67743,0.6776949999999999,1695
2024-09-18 13:00:00,0.6777,0.67885,0.677645,0.6778599999999999,2347
2024-09-18 14:00:00,0.67787,0.677995,0.67626,0.676875,3386
2024-09-18 15:00:00,0.676885,0.6770750000000001,0.67564,0.67581,2321
2024-09-18 16:00:00,0.6757949999999999,0.676675,0.67565,0.676635,1249
2024-09-18 17:00:00,0.676625,0.6770849999999999,0.6762250000000001,0.6767799999999999,2340
2024-09-18 18:00:00,0.67671,0.682035,0.67671,0.678655,23525
2024-09-18 19:00:00,0.6786449999999999,0.6786449999999999,0.674245,0.67485,14683
2024-09-18 20:00:00,0.674855,0.6765300000000001,0.674725,0.676445,1898
2024-09-18 21:00:00,0.67642,0.67667,0.67596,0.676265,632
2024-09-18 22:00:00,0.6762699999999999,0.67725,0.67616,0.67696,863
2024-09-18 23:00:00,0.67696,0.677025,0.675455,0.6765950000000001,1512
2024-09-19 00:00:00,0.67662,0.67729,0.674215,0.6744749999999999,4474
2024-09-19 01:00:00,0.674485,0.676205,0.673775,0.676195,4606
2024-09-19 02:00:00,0.676205,0.67857,0.676205,0.678105,4196
2024-09-19 03:00:00,0.678085,0.67943,0.677845,0.67932,2843
2024-09-19 04:00:00,0.67933,0.67945,0.678705,0.679155,1606
2024-09-19 05:00:00,0.67918,0.68011,0.67917,0.6800200000000001,2106
2024-09-19 06:00:00,0.68001,0.682825,0.6798150000000001,0.6819299999999999,3248
2024-09-19 07:00:00,0.6819550000000001,0.683045,0.6816599999999999,0.68178,4285
2024-09-19 08:00:00,0.68177,0.68319,0.68173,0.68268,2702
2024-09-19 09:00:00,0.6827000000000001,0.68381,0.68262,0.6836599999999999,2506
2024-09-19 10:00:00,0.68367,0.683925,0.68307,0.6835100000000001,1799
2024-09-19 11:00:00,0.683505,0.68389,0.68173,0.6819999999999999,3172
2024-09-19 12:00:00,0.6819999999999999,0.6824300000000001,0.6806399999999999,0.68068,4700
2024-09-19 13:00:00,0.68066,0.6818299999999999,0.67918,0.6796850000000001,5885
2024-09-19 14:00:00,0.6796800000000001,0.6809499999999999,0.678625,0.68049,6016
2024-09-19 15:00:00,0.68051,0.6815450000000001,0.679785,0.681395,3933
2024-09-19 16:00:00,0.6814199999999999,0.6822900000000001,0.681395,0.681855,2309
2024-09-19 17:00:00,0.681875,0.6824049999999999,0.68155,0.682245,1989
2024-09-19 18:00:00,0.6822550000000001,0.6823600000000001,0.68155,0.6820200000000001,2010
2024-09-19 19:00:00,0.6819999999999999,0.6819999999999999,0.6810499999999999,0.681755,1868
2024-09-19 20:00:00,0.681755,0.681785,0.6811149999999999,0.6814899999999999,1429
2024-09-19 21:00:00,0.68151,0.6818,0.6808099999999999,0.681325,495
2024-09-19 22:00:00,0.68135,0.68143,0.68088,0.6810350000000001,456
2024-09-19 23:00:00,0.681045,0.6811050000000001,0.68079,0.68092,619
2024-09-20 00:00:00,0.6809350000000001,0.68128,0.68045,0.6805699999999999,1409
2024-09-20 01:00:00,0.68056,0.680785,0.6800550000000001,0.6805749999999999,1972
2024-09-20 02:00:00,0.68058,0.681735,0.6804250000000001,0.6816949999999999,1925
2024-09-20 03:00:00,0.681685,0.68275,0.6815599999999999,0.68215,2033
2024-09-20 04:00:00,0.68214,0.682645,0.681585,0.681635,1307
2024-09-20 05:00:00,0.681655,0.681685,0.68082,0.681535,1524
2024-09-20 06:00:00,0.6815450000000001,0.682875,0.6815450000000001,0.68162,2795
2024-09-20 07:00:00,0.68163,0.682315,0.68104,0.68135,2620
2024-09-20 08:00:00,0.6813400000000001,0.6816,0.68051,0.681,2031
2024-09-20 09:00:00,0.681,0.68147,0.6804600000000001,0.68068,1435
2024-09-20 10:00:00,0.68069,0.6812,0.68052,0.681065,1215
2024-09-20 11:00:00,0.681075,0.681135,0.68025,0.6810149999999999,1487
2024-09-20 12:00:00,0.68102,0.68232,0.68102,0.68215,2612
2024-09-20 13:00:00,0.68214,0.68214,0.6791050000000001,0.6792050000000001,4369
2024-09-20 14:00:00,0.6792,0.680015,0.6783250000000001,0.679325,5633
2024-09-20 15:00:00,0.6793100000000001,0.680705,0.6783,0.6805399999999999,5606
2024-09-20 16:00:00,0.680545,0.6819649999999999,0.68032,0.681735,3332
2024-09-20 17:00:00,0.6817249999999999,0.6817850000000001,0.68069,0.6809000000000001,2095
2024-09-20 18:00:00,0.68091,0.68126,0.68032,0.68121,1894
2024-09-20 19:00:00,0.68122,0.681465,0.6807749999999999,0.680785,1370
2024-09-20 20:00:00,0.680795,0.680875,0.680465,0.68068,1084
2024-09-22 22:00:00,0.680645,0.6810350000000001,0.68049,0.6809499999999999,721
2024-09-22 23:00:00,0.68096,0.6811,0.680505,0.68099,722
2024-09-23 00:00:00,0.681,0.681505,0.6807449999999999,0.68146,1094
2024-09-23 01:00:00,0.6814549999999999,0.6821900000000001,0.6812499999999999,0.681595,1793
2024-09-23 02:00:00,0.681575,0.68221,0.681105,0.6821550000000001,1491
2024-09-23 03:00:00,0.68216,0.683145,0.6820900000000001,0.6825300000000001,1091
2024-09-23 04:00:00,0.682535,0.683625,0.68249,0.68335,666
2024-09-23 05:00:00,0.68333,0.6835100000000001,0.68269,0.68277,942
2024-09-23 06:00:00,0.6827650000000001,0.6828449999999999,0.682085,0.6821250000000001,2052
2024-09-23 07:00:00,0.68213,0.68214,0.6800299999999999,0.68067,4168
2024-09-23 08:00:00,0.6806650000000001,0.68123,0.6801200000000001,0.6811400000000001,2837
2024-09-23 09:00:00,0.68117,0.68201,0.6811499999999999,0.68174,1261
2024-09-23 10:00:00,0.681745,0.6829000000000001,0.681735,0.682465,1333
2024-09-23 11:00:00,0.6824749999999999,0.68343,0.68241,0.68328,1561
2024-09-23 12:00:00,0.68327,0.683965,0.682435,0.68378,2712
2024-09-23 13:00:00,0.683775,0.6845,0.68318,0.68401,4762
2024-09-23 14:00:00,0.6839850000000001,0.68509,0.68367,0.685025,4679
2024-09-23 15:00:00,0.6850350000000001,0.685365,0.68444,0.68474,2747
2024-09-23 16:00:00,0.6847300000000001,0.6847350000000001,0.683515,0.6838949999999999,2493
2024-09-23 17:00:00,0.6838850000000001,0.68497,0.683505,0.684465,1550
2024-09-23 18:00:00,0.6844600000000001,0.684855,0.68423,0.68469,1271
2024-09-23 19:00:00,0.68468,0.68471,0.68431,0.684365,1073
2024-09-23 20:00:00,0.684345,0.684345,0.683555,0.68384,651
2024-09-23 21:00:00,0.6837500000000001,0.683855,0.683615,0.683665,786
2024-09-23 22:00:00,0.68367,0.683945,0.683445,0.683445,641
2024-09-23 23:00:00,0.68346,0.683585,0.682925,0.6833199999999999,553
2024-09-24 00:00:00,0.68333,0.6835,0.68257,0.6830350000000001,1407
2024-09-24 01:00:00,0.6830400000000001,0.68494,0.6830400000000001,0.684415,3070
2024-09-24 02:00:00,0.6844049999999999,0.6844399999999999,0.6835899999999999,0.68425,1637
2024-09-24 03:00:00,0.6842550000000001,0.6855100000000001,0.6842550000000001,0.684715,1455
2024-09-24 04:00:00,0.684705,0.686525,0.6844250000000001,0.68618,2448
2024-09-24 05:00:00,0.686185,0.68692,0.683745,0.6838500000000001,3645
2024-09-24 06:00:00,0.683865,0.683935,0.68142,0.6833899999999999,5219
2024-09-24 07:00:00,0.6834,0.68351,0.682015,0.68243,2799
2024-09-24 08:00:00,0.6824250000000001,0.68411,0.6823049999999999,0.6835899999999999,2311
2024-09-24 09:00:00,0.6835800000000001,0.6846399999999999,0.68338,0.68448,1447
2024-09-24 10:00:00,0.68449,0.68496,0.684445,0.68469,1365
2024-09-24 11:00:00,0.684685,0.68513,0.68402,0.68513,1828
2024-09-24 12:00:00,0.685135,0.68628,0.685135,0.685785,3060
2024-09-24 13:00:00,0.685805,0.687325,0.6857800000000001,0.6869350000000001,3836
2024-09-24 14:00:00,0.686955,0.68784,0.686415,0.686715,5764
2024-09-24 15:00:00,0.6867,0.68747,0.6865399999999999,0.6872199999999999,2619
2024-09-24 16:00:00,0.68723,0.6884049999999999,0.687215,0.688115,2056
2024-09-24 17:00:00,0.6881,0.68823,0.68761,0.688035,1143
2024-09-24 18:00:00,0.68804,0.688525,0.68798,0.68848,1169
2024-09-24 19:00:00,0.688475,0.689185,0.6883900000000001,0.689155,1567
2024-09-24 20:00:00,0.689185,0.68933,0.688905,0.6892,763
2024-09-24 21:00:00,0.6892100000000001,0.6895100000000001,0.68901,0.6893050000000001,630
2024-09-24 22:00:00,0.6893,0.690055,0.689135,0.68988,611
2024-09-24 23:00:00,0.6899,0.69072,0.6898150000000001,0.690585,1152
2024-09-25 00:00:00,0.6905749999999999,0.69082,0.68935,0.6897800000000001,2050
2024-09-25 01:00:00,0.689805,0.6900999999999999,0.688165,0.6889350000000001,3937
2024-09-25 02:00:00,0.68893,0.689905,0.68864,0.68875,2190
2024-09-25 03:00:00,0.688755,0.689555,0.6880900000000001,0.688965,1879
2024-09-25 04:00:00,0.688995,0.6891050000000001,0.68822,0.688815,1032
2024-09-25 05:00:00,0.688805,0.689635,0.687765,0.6878850000000001,1759
2024-09-25 06:00:00,0.68791,0.6883,0.68729,0.68784,2255
2024-09-25 07:00:00,0.687845,0.6882900000000001,0.687695,0.68804,2312
2024-09-25 08:00:00,0.688045,0.6886099999999999,0.6879,0.68851,2233
2024-09-25 09:00:00,0.6884950000000001,0.6884950000000001,0.6872,0.687585,1476
2024-09-25 10:00:00,0.6875800000000001,0.687745,0.6872,0.687745,1108
2024-09-25 11:00:00,0.68777,0.68806,0.6871,0.68772,1263
2024-09-25 12:00:00,0.68773,0.688055,0.68642,0.68709,2280
2024-09-25 13:00:00,0.6871,0.68835,0.68702,0.687105,4014
2024-09-25 14:00:00,0.68711,0.687535,0.6861299999999999,0.68638,4726
2024-09-25 15:00:00,0.686385,0.686685,0.68348,0.6836599999999999,3809
2024-09-25 16:00:00,0.683665,0.683745,0.682625,0.6827,2493
2024-09-25 17:00:00,0.682695,0.68313,0.6819500000000001,0.68306,2397
2024-09-25 18:00:00,0.683055,0.68328,0.682375,0.682555,2167
2024-09-25 19:00:00,0.682555,0.68289,0.681825,0.68193,1709
2024-09-25 20:00:00,0.6819299999999999,0.682535,0.68181,0.6823049999999999,1100
2024-09-25 21:00:00,0.68229,0.682565,0.682225,0.682565,575
2024-09-25 22:00:00,0.6825749999999999,0.6826399999999999,0.682175,0.682245,1098
2024-09-25 23:00:00,0.68226,0.682455,0.681905,0.681905,460
2024-09-26 00:00:00,0.681925,0.68347,0.681925,0.683265,1750
2024-09-26 01:00:00,0.6833,0.684625,0.682885,0.684125,2571
2024-09-26 02:00:00,0.6841349999999999,0.684675,0.683575,0.6840999999999999,1796
2024-09-26 03:00:00,0.6840900000000001,0.684645,0.683975,0.6846099999999999,973
2024-09-26 04:00:00,0.6846,0.68483,0.68411,0.6844250000000001,869
2024-09-26 05:00:00,0.68441,0.68633,0.6841900000000001,0.686245,2051
2024-09-26 06:00:00,0.68623,0.6866749999999999,0.685635,0.6862999999999999,2224
2024-09-26 07:00:00,0.68632,0.686785,0.685765,0.685915,2581
2024-09-26 08:00:00,0.68591,0.68708,0.68573,0.68615,2185
2024-09-26 09:00:00,0.68616,0.68733,0.68616,0.6868000000000001,1797
2024-09-26 10:00:00,0.68679,0.68864,0.68662,0.688625,2126
2024-09-26 11:00:00,0.68862,0.688755,0.6877599999999999,0.6880299999999999,2039
2024-09-26 12:00:00,0.6880299999999999,0.68889,0.68712,0.6885749999999999,5119
2024-09-26 13:00:00,0.68858,0.6889,0.686825,0.687365,6756
2024-09-26 14:00:00,0.6873849999999999,0.6888650000000001,0.686265,0.68869,7712
2024-09-26 15:00:00,0.68868,0.690485,0.688125,0.689975,4498
2024-09-26 16:00:00,0.6899649999999999,0.6899949999999999,0.68848,0.68865,3158
2024-09-26 17:00:00,0.6886300000000001,0.68965,0.68849,0.68953,3085
2024-09-26 18:00:00,0.68954,0.69008,0.6894750000000001,0.689945,1546
2024-09-26 19:00:00,0.6899599999999999,0.6902550000000001,0.6892149999999999,0.689535,1435
2024-09-26 20:00:00,0.68954,0.689685,0.6891849999999999,0.689595,806
2024-09-26 21:00:00,0.6895549999999999,0.6895549999999999,0.68834,0.689225,626
2024-09-26 22:00:00,0.689215,0.6898599999999999,0.68921,0.689805,586
2024-09-26 23:00:00,0.68981,0.68999,0.68911,0.689255,710
2024-09-27 00:00:00,0.68926,0.6894549999999999,0.6882600000000001,0.688735,2138
2024-09-27 01:00:00,0.688715,0.68913,0.6872050000000001,0.688025,2447
2024-09-27 02:00:00,0.68804,0.6881550000000001,0.687345,0.68773,2050
2024-09-27 03:00:00,0.6877500000000001,0.6882900000000001,0.6874899999999999,0.68797,1736
2024-09-27 04:00:00,0.6879599999999999,0.68806,0.6872149999999999,0.68781,1006
2024-09-27 05:00:00,0.68784,0.6882349999999999,0.686815,0.687695,2571
2024-09-27 06:00:00,0.687705,0.6887449999999999,0.6873,0.688445,5439
2024-09-27 07:00:00,0.6884399999999999,0.688615,0.68767,0.68817,3264
2024-09-27 08:00:00,0.68816,0.689085,0.6879500000000001,0.688625,2286
2024-09-27 09:00:00,0.68862,0.68913,0.688205,0.68876,1850
2024-09-27 10:00:00,0.68879,0.68943,0.68821,0.68821,1570
2024-09-27 11:00:00,0.6881999999999999,0.68977,0.6881999999999999,0.68943,1545
2024-09-27 12:00:00,0.689425,0.692975,0.6893400000000001,0.69248,4573
2024-09-27 13:00:00,0.69249,0.692925,0.691855,0.692375,5225
2024-09-27 14:00:00,0.6923600000000001,0.69373,0.6922,0.69312,4929
2024-09-27 15:00:00,0.693105,0.693105,0.69095,0.691095,3651
2024-09-27 16:00:00,0.69109,0.6914,0.69015,0.690975,2911
2024-09-27 17:00:00,0.690985,0.6910499999999999,0.69004,0.6907749999999999,1948
2024-09-27 18:00:00,0.690785,0.691315,0.68991,0.69129,1893
2024-09-27 19:00:00,0.691255,0.691255,0.690465,0.6905749999999999,1690
2024-09-27 20:00:00,0.6905699999999999,0.6905699999999999,0.6900599999999999,0.6902349999999999,924
2024-09-29 22:00:00,0.69051,0.69191,0.6904250000000001,0.691495,1298
2024-09-29 23:00:00,0.6915100000000001,0.69205,0.6913750000000001,0.691865,924
2024-09-30 00:00:00,0.69189,0.69243,0.6916599999999999,0.6922349999999999,1995
2024-09-30 01:00:00,0.69224,0.6936800000000001,0.6916899999999999,0.6922200000000001,3879
2024-09-30 02:00:00,0.6922299999999999,0.692345,0.69141,0.692245,2496
2024-09-30 03:00:00,0.69225,0.6930050000000001,0.6920200000000001,0.69292,1525
2024-09-30 04:00:00,0.69293,0.69354,0.69276,0.69319,704
2024-09-30 05:00:00,0.693215,0.694155,0.69298,0.693055,2068
2024-09-30 06:00:00,0.6930700000000001,0.69371,0.69248,0.69337,2478
2024-09-30 07:00:00,0.69339,0.6937500000000001,0.692995,0.69303,2663
2024-09-30 08:00:00,0.693025,0.69333,0.692025,0.69262,2616
2024-09-30 09:00:00,0.692615,0.6928300000000001,0.692225,0.69224,2134
2024-09-30 10:00:00,0.6922349999999999,0.692475,0.69155,0.69168,1632
2024-09-30 11:00:00,0.691695,0.69269,0.69149,0.692315,1390
2024-09-30 12:00:00,0.6923250000000001,0.6929,0.69187,0.692805,2003
2024-09-30 13:00:00,0.692815,0.69398,0.692515,0.69329,3731
2024-09-30 14:00:00,0.693265,0.694145,0.69205,0.69368,5134
2024-09-30 15:00:00,0.69367,0.6940299999999999,0.6926,0.69316,3396
2024-09-30 16:00:00,0.6931799999999999,0.6939299999999999,0.69303,0.69388,2136
2024-09-30 17:00:00,0.69389,0.69425,0.69343,0.693575,1678
2024-09-30 18:00:00,0.693565,0.69368,0.68989,0.69188,7118
2024-09-30 19:00:00,0.69187,0.69187,0.690535,0.691445,2816
2024-09-30 20:00:00,0.6914549999999999,0.691595,0.69106,0.6913199999999999,851
2024-09-30 21:00:00,0.6913199999999999,0.6917800000000001,0.69104,0.69138,577
2024-09-30 22:00:00,0.691445,0.6919900000000001,0.69143,0.6916800000000001,465
2024-09-30 23:00:00,0.691695,0.692015,0.691425,0.691525,598
2024-10-01 00:00:00,0.691515,0.6916150000000001,0.690785,0.69126,1994
2024-10-01 01:00:00,0.69127,0.69346,0.691135,0.693315,2138
2024-10-01 02:00:00,0.693325,0.69337,0.6919150000000001,0.692435,1881
2024-10-01 03:00:00,0.6924399999999999,0.6925300000000001,0.69136,0.69146,1559
2024-10-01 04:00:00,0.6914549999999999,0.692985,0.69139,0.69293,1281
2024-10-01 05:00:00,0.69294,0.6933400000000001,0.6925399999999999,0.69279,1334
2024-10-01 06:00:00,0.6928099999999999,0.69302,0.692175,0.69269,2068
2024-10-01 07:00:00,0.69271,0.6930499999999999,0.690165,0.6907300000000001,4069
2024-10-01 08:00:00,0.6907449999999999,0.69123,0.689875,0.69075,3012
2024-10-01 09:00:00,0.69078,0.691515,0.69028,0.690955,2385
2024-10-01 10:00:00,0.69096,0.69106,0.68946,0.6901200000000001,2116
2024-10-01 11:00:00,0.6901299999999999,0.690965,0.6898150000000001,0.69077,2178
2024-10-01 12:00:00,0.69078,0.691415,0.69045,0.690875,2865
2024-10-01 13:00:00,0.6908650000000001,0.691325,0.687415,0.6892199999999999,7904
2024-10-01 14:00:00,0.689225,0.69018,0.687755,0.6888650000000001,12492
2024-10-01 15:00:00,0.6888700000000001,0.68893,0.687105,0.6885650000000001,5219
2024-10-01 16:00:00,0.68855,0.688685,0.6865600000000001,0.687295,4759
2024-10-01 17:00:00,0.68728,0.68845,0.685655,0.68845,4912
2024-10-01 18:00:00,0.688455,0.689685,0.688455,0.689265,2724
2024-10-01 19:00:00,0.68926,0.6898949999999999,0.68859,0.688635,2151
2024-10-01 20:00:00,0.68864,0.68878,0.68818,0.68832,965
2024-10-01 21:00:00,0.68832,0.6895800000000001,0.68806,0.688225,324
2024-10-01 22:00:00,0.688215,0.6884250000000001,0.68787,0.6882349999999999,721
2024-10-01 23:00:00,0.6882550000000001,0.688485,0.68782,0.68794,782
2024-10-02 00:00:00,0.6879500000000001,0.68869,0.68787,0.68825,2122
2024-10-02 01:00:00,0.688265,0.690635,0.688265,0.690315,2907
2024-10-02 02:00:00,0.69032,0.690975,0.6901299999999999,0.69089,2351
2024-10-02 03:00:00,0.690905,0.69157,0.690545,0.690615,2349
2024-10-02 04:00:00,0.6906300000000001,0.6908799999999999,0.68864,0.689025,2033
2024-10-02 05:00:00,0.68902,0.68944,0.6875450000000001,0.687875,3960
2024-10-02 06:00:00,0.68791,0.689505,0.687595,0.6892499999999999,2853
2024-10-02 07:00:00,0.68928,0.690015,0.689225,0.689595,3211
2024-10-02 08:00:00,0.6896,0.690455,0.6891700000000001,0.68947,2559
2024-10-02 09:00:00,0.689465,0.6897500000000001,0.68895,0.68951,1854
2024-10-02 10:00:00,0.689515,0.690365,0.6892400000000001,0.69008,2239
2024-10-02 11:00:00,0.69009,0.6902699999999999,0.689565,0.68982,2073
2024-10-02 12:00:00,0.68984,0.6902649999999999,0.68923,0.68943,3559
2024-10-02 13:00:00,0.68944,0.69008,0.68784,0.6885049999999999,4094
2024-10-02 14:00:00,0.6884950000000001,0.689425,0.68782,0.6880550000000001,5536
2024-10-02 15:00:00,0.68807,0.68953,0.68792,0.68947,3494
2024-10-02 16:00:00,0.6894800000000001,0.6898500000000001,0.68837,0.6884049999999999,2529
2024-10-02 17:00:00,0.68841,0.688905,0.6879599999999999,0.6887449999999999,1948
2024-10-02 18:00:00,0.68875,0.68897,0.6879500000000001,0.6880850000000001,1570
2024-10-02 19:00:00,0.688045,0.688855,0.687915,0.68873,1139
2024-10-02 20:00:00,0.68872,0.688795,0.6884049999999999,0.68849,869
2024-10-02 21:00:00,0.68848,0.688545,0.688345,0.6884,680
2024-10-02 22:00:00,0.68841,0.6885950000000001,0.6882550000000001,0.688395,628
2024-10-02 23:00:00,0.6884300000000001,0.688855,0.68825,0.68842,633
2024-10-03 00:00:00,0.688415,0.68862,0.687345,0.688035,1840
2024-10-03 01:00:00,0.6880299999999999,0.68835,0.686265,0.68726,4156
2024-10-03 02:00:00,0.68727,0.68755,0.686295,0.686815,2161
2024-10-03 03:00:00,0.686805,0.6872199999999999,0.68606,0.68645,1640
2024-10-03 04:00:00,0.6864250000000001,0.686725,0.68596,0.6859850000000001,1106
2024-10-03 05:00:00,0.685975,0.68657,0.68552,0.686285,2742
2024-10-03 06:00:00,0.68629,0.68763,0.68619,0.68716,2492
2024-10-03 07:00:00,0.6872050000000001,0.687335,0.68599,0.6863950000000001,3173
2024-10-03 08:00:00,0.68641,0.6864300000000001,0.684895,0.68506,3012
2024-10-03 09:00:00,0.685065,0.685335,0.684565,0.6847300000000001,2105
2024-10-03 10:00:00,0.68474,0.6849700000000001,0.68406,0.6846099999999999,1636
2024-10-03 11:00:00,0.68462,0.6853800000000001,0.68408,0.685165,1786
2024-10-03 12:00:00,0.68516,0.68529,0.683505,0.683825,4111
2024-10-03 13:00:00,0.683835,0.68509,0.683665,0.68493,4825
2024-10-03 14:00:00,0.68493,0.685325,0.6830050000000001,0.68401,11090
2024-10-03 15:00:00,0.684025,0.68479,0.683935,0.6842250000000001,4411
2024-10-03 16:00:00,0.68424,0.685495,0.6841999999999999,0.684985,2411
2024-10-03 17:00:00,0.684995,0.6851149999999999,0.6844,0.6845650000000001,2102
2024-10-03 18:00:00,0.684585,0.68485,0.684015,0.68403,1717
2024-10-03 19:00:00,0.684025,0.684645,0.684015,0.6844250000000001,1156
2024-10-03 20:00:00,0.6844300000000001,0.6844300000000001,0.6839850000000001,0.684025,769
2024-10-03 21:00:00,0.684035,0.6842550000000001,0.6838500000000001,0.68407,629
2024-10-03 22:00:00,0.684075,0.68464,0.68397,0.68449,658
2024-10-03 23:00:00,0.6845049999999999,0.685095,0.6844950000000001,0.68502,466
2024-10-04 00:00:00,0.685025,0.685215,0.684465,0.68499,1824
2024-10-04 01:00:00,0.684995,0.68509,0.68423,0.68462,3101
2024-10-04 02:00:00,0.68459,0.6851750000000001,0.68445,0.684645,2391
2024-10-04 03:00:00,0.684655,0.6849799999999999,0.68423,0.6847350000000001,1661
2024-10-04 04:00:00,0.6847300000000001,0.6850149999999999,0.683935,0.68407,1093
2024-10-04 05:00:00,0.684075,0.68499,0.68405,0.68477,1758
2024-10-04 06:00:00,0.68479,0.68483,0.683935,0.6840200000000001,1591
2024-10-04 07:00:00,0.68401,0.68458,0.68379,0.68439,2177
2024-10-04 08:00:00,0.6844,0.6844,0.6836949999999999,0.68414,1585
2024-10-04 09:00:00,0.6841299999999999,0.6842,0.683585,0.68418,1409
2024-10-04 10:00:00,0.68419,0.684545,0.683955,0.68415,1261
2024-10-04 11:00:00,0.684155,0.68432,0.6838599999999999,0.6840999999999999,1093
2024-10-04 12:00:00,0.684095,0.684345,0.679235,0.679385,8568
2024-10-04 13:00:00,0.6793750000000001,0.680615,0.67906,0.679655,7390
2024-10-04 14:00:00,0.67967,0.68109,0.67936,0.680035,6658
2024-10-04 15:00:00,0.68004,0.680345,0.678715,0.67964,4757
2024-10-04 16:00:00,0.6796500000000001,0.679725,0.678565,0.6795800000000001,2492
2024-10-04 17:00:00,0.679585,0.68014,0.6793750000000001,0.679705,2014
2024-10-04 18:00:00,0.67971,0.6799999999999999,0.679225,0.679935,1722
2024-10-04 19:00:00,0.6799299999999999,0.68038,0.679845,0.680045,1150
2024-10-04 20:00:00,0.680045,0.680045,0.6793549999999999,0.6794100000000001,668
2024-10-06 22:00:00,0.67995,0.68079,0.6795599999999999,0.680295,1559
2024-10-06 23:00:00,0.6803049999999999,0.6804250000000001,0.6796599999999999,0.67978,1227
2024-10-07 00:00:00,0.67977,0.680355,0.679465,0.680005,2264
2024-10-07 01:00:00,0.6800299999999999,0.6808700000000001,0.679655,0.680205,4349
2024-10-07 02:00:00,0.6801999999999999,0.680795,0.6801649999999999,0.6805749999999999,3437
2024-10-07 03:00:00,0.6805650000000001,0.68088,0.68023,0.6807300000000001,1884
2024-10-07 04:00:00,0.68074,0.681045,0.680375,0.680555,746
2024-10-07 05:00:00,0.680545,0.6805950000000001,0.6797500000000001,0.67991,1035
2024-10-07 06:00:00,0.679905,0.680695,0.67959,0.68025,2297
2024-10-07 07:00:00,0.68024,0.68055,0.67893,0.67937,2878
2024-10-07 08:00:00,0.679385,0.679705,0.678515,0.678555,2494
2024-10-07 09:00:00,0.6785399999999999,0.67898,0.6777500000000001,0.67865,2046
2024-10-07 10:00:00,0.678655,0.679145,0.67833,0.6783349999999999,1992
2024-10-07 11:00:00,0.67833,0.679385,0.67801,0.6793549999999999,2199
2024-10-07 12:00:00,0.679365,0.6798599999999999,0.6784950000000001,0.6786650000000001,3121
2024-10-07 13:00:00,0.678655,0.67923,0.6780200000000001,0.67811,4419
2024-10-07 14:00:00,0.678095,0.6786300000000001,0.6758599999999999,0.67636,4833
2024-10-07 15:00:00,0.676355,0.67673,0.675845,0.675945,3369
2024-10-07 16:00:00,0.675935,0.676315,0.6756599999999999,0.67615,2097
2024-10-07 17:00:00,0.676145,0.676695,0.6759850000000001,0.676195,1937
2024-10-07 18:00:00,0.67621,0.67624,0.6744399999999999,0.6744749999999999,2576
2024-10-07 19:00:00,0.6745099999999999,0.675555,0.6743349999999999,0.675535,2204
2024-10-07 20:00:00,0.6755450000000001,0.6758850000000001,0.6755,0.675735,669
2024-10-07 21:00:00,0.67574,0.67605,0.67555,0.67598,1286
2024-10-07 22:00:00,0.676005,0.676115,0.675055,0.6751499999999999,1154
2024-10-07 23:00:00,0.6751199999999999,0.67584,0.6750050000000001,0.6755500000000001,1241
2024-10-08 00:00:00,0.6755450000000001,0.6769499999999999,0.675405,0.6768350000000001,2870
2024-10-08 01:00:00,0.67683,0.6769000000000001,0.67535,0.6759850000000001,4423
2024-10-08 02:00:00,0.6759850000000001,0.67615,0.6715199999999999,0.6732549999999999,10569
2024-10-08 03:00:00,0.6732899999999999,0.6744300000000001,0.673035,0.673285,5187
2024-10-08 04:00:00,0.673295,0.67381,0.672855,0.6737150000000001,1577
2024-10-08 05:00:00,0.67369,0.674245,0.6722049999999999,0.672515,4083
2024-10-08 06:00:00,0.672505,0.6733750000000001,0.672195,0.6728449999999999,3696
2024-10-08 07:00:00,0.67285,0.673775,0.6718850000000001,0.6736150000000001,4282
2024-10-08 08:00:00,0.67363,0.67372,0.6725,0.673045,2765
2024-10-08 09:00:00,0.6730400000000001,0.6731750000000001,0.672095,0.67265,2408
2024-10-08 10:00:00,0.67264,0.6735500000000001,0.672445,0.67335,1408
2024-10-08 11:00:00,0.67333,0.67425,0.67313,0.6740999999999999,1487
2024-10-08 12:00:00,0.674115,0.67447,0.6729050000000001,0.6733,2565
2024-10-08 13:00:00,0.6732899999999999,0.67403,0.67245,0.67305,4027
2024-10-08 14:00:00,0.6730700000000001,0.67374,0.67241,0.6728700000000001,4377
2024-10-08 15:00:00,0.672875,0.6740299999999999,0.67219,0.6737299999999999,3310
2024-10-08 16:00:00,0.673735,0.67426,0.673415,0.673855,2160
2024-10-08 17:00:00,0.6738500000000001,0.674265,0.6728700000000001,0.674085,2353
2024-10-08 18:00:00,0.674095,0.6743250000000001,0.67377,0.674195,3409
2024-10-08 19:00:00,0.67418,0.67502,0.67396,0.6748700000000001,1851
2024-10-08 20:00:00,0.674885,0.674885,0.674455,0.6745,844
2024-10-08 21:00:00,0.6746,0.674925,0.6744600000000001,0.67471,616
2024-10-08 22:00:00,0.67467,0.67476,0.6744600000000001,0.67465,602
2024-10-08 23:00:00,0.67466,0.67469,0.6738599999999999,0.6739299999999999,889
2024-10-09 00:00:00,0.673925,0.6742900000000001,0.6735500000000001,0.6740250000000001,2120
2024-10-09 01:00:00,0.6740550000000001,0.674825,0.6734549999999999,0.674215,7247
2024-10-09 02:00:00,0.674195,0.67425,0.6731,0.6734,5109
2024-10-09 03:00:00,0.673395,0.67364,0.6725650000000001,0.67296,4665
2024-10-09 04:00:00,0.6729700000000001,0.673495,0.6723,0.6730050000000001,1740
2024-10-09 05:00:00,0.67302,0.6761999999999999,0.672995,0.6744650000000001,10165
2024-10-09 06:00:00,0.6744399999999999,0.674955,0.6733100000000001,0.6733450000000001,3724
2024-10-09 07:00:00,0.673335,0.673385,0.67239,0.6731,3383
2024-10-09 08:00:00,0.67309,0.67335,0.6724650000000001,0.6729799999999999,1992
2024-10-09 09:00:00,0.6729849999999999,0.673995,0.6729799999999999,0.6737,2019
2024-10-09 10:00:00,0.67372,0.673895,0.67335,0.67343,1572
2024-10-09 11:00:00,0.67341,0.67352,0.67268,0.6728350000000001,1574
2024-10-09 12:00:00,0.6728149999999999,0.6731499999999999,0.6717599999999999,0.67214,2184
2024-10-09 13:00:00,0.6721349999999999,0.67236,0.6711,0.6722,3583
2024-10-09 14:00:00,0.67221,0.67241,0.670795,0.67121,3556
2024-10-09 15:00:00,0.67123,0.672775,0.67123,0.672425,2950
2024-10-09 16:00:00,0.672415,0.672425,0.6715599999999999,0.671645,1893
2024-10-09 17:00:00,0.67165,0.67194,0.671325,0.6716500000000001,1470
2024-10-09 18:00:00,0.67164,0.67187,0.671165,0.671205,1634
2024-10-09 19:00:00,0.6712450000000001,0.6717299999999999,0.67112,0.6713899999999999,1297
2024-10-09 20:00:00,0.671385,0.6719999999999999,0.67113,0.6718200000000001,805
2024-10-09 21:00:00,0.671845,0.6721,0.6712549999999999,0.6715,884
2024-10-09 22:00:00,0.671495,0.67174,0.671215,0.67133,825
2024-10-09 23:00:00,0.67132,0.6720550000000001,0.671305,0.671655,3443
2024-10-10 00:00:00,0.671605,0.6722300000000001,0.67134,0.671655,2008
2024-10-10 01:00:00,0.671645,0.6727449999999999,0.6715150000000001,0.672135,4414
2024-10-10 02:00:00,0.67213,0.6731050000000001,0.67152,0.672625,4388
2024-10-10 03:00:00,0.67262,0.673395,0.672515,0.673265,2349
2024-10-10 04:00:00,0.6732750000000001,0.6740299999999999,0.67299,0.673875,1658
2024-10-10 05:00:00,0.6738649999999999,0.674245,0.67316,0.673195,2728
2024-10-10 06:00:00,0.6731849999999999,0.673505,0.672545,0.6729700000000001,2343
2024-10-10 07:00:00,0.6729499999999999,0.67336,0.6727449999999999,0.67285,2644
2024-10-10 08:00:00,0.67286,0.6729499999999999,0.67222,0.67231,1685
2024-10-10 09:00:00,0.6723300000000001,0.67255,0.67206,0.672475,1182
2024-10-10 10:00:00,0.6724950000000001,0.672695,0.6722049999999999,0.67238,1032
2024-10-10 11:00:00,0.67239,0.6724049999999999,0.6713,0.67167,1382
2024-10-10 12:00:00,0.67164,0.6738550000000001,0.67015,0.67328,10208
2024-10-10 13:00:00,0.6732849999999999,0.67397,0.671325,0.67215,7548
2024-10-10 14:00:00,0.67217,0.672855,0.67151,0.6721349999999999,6225
2024-10-10 15:00:00,0.67213,0.6733750000000001,0.67198,0.6732199999999999,3465
2024-10-10 16:00:00,0.673215,0.67377,0.671665,0.671835,3274
2024-10-10 17:00:00,0.6718550000000001,0.6733549999999999,0.67116,0.673165,3462
2024-10-10 18:00:00,0.67318,0.6733,0.672755,0.672895,1905
2024-10-10 19:00:00,0.672885,0.67381,0.6725749999999999,0.673765,1233
2024-10-10 20:00:00,0.6737599999999999,0.674265,0.673745,0.67407,738
2024-10-10 21:00:00,0.674015,0.6742049999999999,0.67376,0.67397,587
2024-10-10 22:00:00,0.6739649999999999,0.67417,0.6738200000000001,0.673975,619
2024-10-10 23:00:00,0.67399,0.674385,0.6738850000000001,0.67407,582
2024-10-11 00:00:00,0.6740900000000001,0.67449,0.6737850000000001,0.674105,1892
2024-10-11 01:00:00,0.674145,0.67476,0.673655,0.674115,1576
2024-10-11 02:00:00,0.67412,0.67484,0.6738,0.67448,1628
2024-10-11 03:00:00,0.67449,0.6749499999999999,0.67425,0.674785,1285
2024-10-11 04:00:00,0.674805,0.6749350000000001,0.67423,0.674255,880
2024-10-11 05:00:00,0.6743049999999999,0.674445,0.673655,0.67371,667
2024-10-11 06:00:00,0.673695,0.6737,0.6726000000000001,0.673325,2135
2024-10-11 07:00:00,0.673315,0.674425,0.673055,0.6742699999999999,1883
2024-10-11 08:00:00,0.67428,0.6745,0.6737599999999999,0.67384,1866
2024-10-11 09:00:00,0.673825,0.67444,0.6733450000000001,0.67354,1517
2024-10-11 10:00:00,0.673505,0.6737,0.6732199999999999,0.67352,1329
2024-10-11 11:00:00,0.673505,0.67362,0.67249,0.67304,1392
2024-10-11 12:00:00,0.6730700000000001,0.675155,0.67273,0.6732899999999999,4814
2024-10-11 13:00:00,0.6733,0.6743049999999999,0.6727799999999999,0.674145,3488
2024-10-11 14:00:00,0.6741550000000001,0.67506,0.67401,0.67453,4337
2024-10-11 15:00:00,0.67452,0.675875,0.6744600000000001,0.67551,2061
2024-10-11 16:00:00,0.67552,0.675915,0.6754199999999999,0.67577,1036
2024-10-11 17:00:00,0.6757850000000001,0.6759200000000001,0.675455,0.6757599999999999,832
2024-10-11 18:00:00,0.67574,0.6759200000000001,0.67552,0.6756150000000001,658
2024-10-11 19:00:00,0.6756249999999999,0.675725,0.67534,0.67536,550
2024-10-11 20:00:00,0.6753549999999999,0.6755899999999999,0.67496,0.675035,800
2024-10-13 22:00:00,0.6741550000000001,0.674175,0.6730849999999999,0.673385,1343
2024-10-13 23:00:00,0.673415,0.673995,0.6723300000000001,0.673045,1686
2024-10-14 00:00:00,0.6730499999999999,0.674375,0.67272,0.6734100000000001,2247
2024-10-14 01:00:00,0.673385,0.67393,0.67231,0.673385,4784
2024-10-14 02:00:00,0.67337,0.67344,0.6722250000000001,0.67327,3989
2024-10-14 03:00:00,0.673265,0.6745,0.6729799999999999,0.67391,2284
2024-10-14 04:00:00,0.67394,0.67411,0.6737150000000001,0.6737150000000001,683
2024-10-14 05:00:00,0.67371,0.67417,0.6735150000000001,0.67387,1695
2024-10-14 06:00:00,0.67386,0.674385,0.67336,0.67345,1845
2024-10-14 07:00:00,0.67344,0.673805,0.672955,0.67314,2329
2024-10-14 08:00:00,0.67313,0.67347,0.67257,0.67276,1623
2024-10-14 09:00:00,0.6727700000000001,0.673365,0.67231,0.67232,1310
2024-10-14 10:00:00,0.67231,0.672425,0.6718299999999999,0.67186,992
2024-10-14 11:00:00,0.6718500000000001,0.67197,0.671395,0.6716500000000001,1467
2024-10-14 12:00:00,0.67164,0.6719299999999999,0.67045,0.670515,2360
2024-10-14 13:00:00,0.6705049999999999,0.673755,0.67022,0.6732199999999999,4414
2024-10-14 14:00:00,0.673205,0.67371,0.6719999999999999,0.67259,3849
2024-10-14 15:00:00,0.6726,0.67276,0.6719550000000001,0.6723049999999999,2162
2024-10-14 16:00:00,0.67232,0.672445,0.6719200000000001,0.672435,1285
2024-10-14 17:00:00,0.67244,0.67244,0.671765,0.67221,899
2024-10-14 18:00:00,0.6722049999999999,0.67252,0.6717200000000001,0.6718,886
2024-10-14 19:00:00,0.67183,0.6724950000000001,0.6712400000000001,0.672255,2237
2024-10-14 20:00:00,0.67225,0.67269,0.6721550000000001,0.672615,559
2024-10-14 21:00:00,0.672615,0.67266,0.671905,0.6725749999999999,327
2024-10-14 22:00:00,0.67256,0.67262,0.67207,0.6725300000000001,430
2024-10-14 23:00:00,0.67252,0.67276,0.67231,0.67249,598
2024-10-15 00:00:00,0.67252,0.672895,0.67199,0.67276,1882
2024-10-15 01:00:00,0.672755,0.67311,0.672315,0.67285,1814
2024-10-15 02:00:00,0.672825,0.67328,0.67244,0.672705,2678
2024-10-15 03:00:00,0.67269,0.673065,0.67161,0.671745,1920
2024-10-15 04:00:00,0.67172,0.67172,0.67117,0.67133,1359
2024-10-15 05:00:00,0.6713199999999999,0.6713199999999999,0.670255,0.67086,2197
2024-10-15 06:00:00,0.670825,0.67174,0.670555,0.67163,2543
2024-10-15 07:00:00,0.671635,0.6717,0.67021,0.6707700000000001,3274
2024-10-15 08:00:00,0.670775,0.6715599999999999,0.670385,0.67153,2235
2024-10-15 09:00:00,0.67152,0.671775,0.67102,0.6713100000000001,1991
2024-10-15 10:00:00,0.6713199999999999,0.6714100000000001,0.670735,0.6709,1333
2024-10-15 11:00:00,0.67091,0.67178,0.67085,0.671505,1797
2024-10-15 12:00:00,0.67151,0.672005,0.6711050000000001,0.67167,2892
2024-10-15 13:00:00,0.67167,0.67257,0.6716,0.67198,3272
2024-10-15 14:00:00,0.67196,0.6726099999999999,0.67022,0.67171,5253
2024-10-15 15:00:00,0.6717,0.671815,0.67056,0.67078,3197
2024-10-15 16:00:00,0.670775,0.6711750000000001,0.670515,0.67062,1728
2024-10-15 17:00:00,0.670615,0.670615,0.66995,0.67001,1557
2024-10-15 18:00:00,0.670015,0.67053,0.66997,0.6701550000000001,1331
2024-10-15 19:00:00,0.670185,0.67028,0.6699649999999999,0.67005,1701
2024-10-15 20:00:00,0.67004,0.670425,0.669825,0.67035,696
2024-10-15 21:00:00,0.6703250000000001,0.670625,0.670145,0.67015,883
2024-10-15 22:00:00,0.670115,0.670135,0.66957,0.6697649999999999,757
2024-10-15 23:00:00,0.669785,0.6698649999999999,0.66734,0.667745,1499
2024-10-16 00:00:00,0.66774,0.668355,0.6668149999999999,0.66798,3275
2024-10-16 01:00:00,0.667985,0.66925,0.6676599999999999,0.6691849999999999,3503
2024-10-16 02:00:00,0.6692,0.6695450000000001,0.668705,0.66909,2842
2024-10-16 03:00:00,0.6691100000000001,0.670095,0.669095,0.66927,2074
2024-10-16 04:00:00,0.669265,0.66961,0.66896,0.669065,965
2024-10-16 05:00:00,0.669055,0.6699200000000001,0.66873,0.669755,1570
2024-10-16 06:00:00,0.6697599999999999,0.6697599999999999,0.66835,0.66899,3661
2024-10-16 07:00:00,0.669,0.6693549999999999,0.668525,0.6691,2594
2024-10-16 08:00:00,0.669115,0.66913,0.66847,0.66895,2406
2024-10-16 09:00:00,0.668955,0.66934,0.66866,0.6688000000000001,1764
2024-10-16 10:00:00,0.6688149999999999,0.66891,0.668025,0.668085,1200
2024-10-16 11:00:00,0.668065,0.6687099999999999,0.66805,0.668535,1657
2024-10-16 12:00:00,0.668545,0.66902,0.66736,0.667425,2382
2024-10-16 13:00:00,0.667415,0.6677900000000001,0.667065,0.667445,2842
2024-10-16 14:00:00,0.66744,0.66751,0.666295,0.66682,3568
2024-10-16 15:00:00,0.666825,0.666925,0.66584,0.66618,2225
2024-10-16 16:00:00,0.6662,0.666725,0.6659999999999999,0.66672,1201
2024-10-16 17:00:00,0.666725,0.6667799999999999,0.66641,0.66667,879
2024-10-16 18:00:00,0.66666,0.66673,0.66634,0.666455,742
2024-10-16 19:00:00,0.66649,0.66655,0.66623,0.66655,932
2024-10-16 20:00:00,0.666525,0.666785,0.66647,0.666655,493
2024-10-16 21:00:00,0.66664,0.666775,0.6663749999999999,0.66665,405
2024-10-16 22:00:00,0.66665,0.6667799999999999,0.66599,0.6662399999999999,646
2024-10-16 23:00:00,0.66622,0.6665449999999999,0.665945,0.666455,650
2024-10-17 00:00:00,0.6664399999999999,0.669495,0.6663600000000001,0.66934,3432
2024-10-17 01:00:00,0.66935,0.670485,0.6692450000000001,0.67035,3544
2024-10-17 02:00:00,0.670365,0.67104,0.66873,0.669735,3931
2024-10-17 03:00:00,0.6697200000000001,0.6698,0.668175,0.66865,2262
2024-10-17 04:00:00,0.66869,0.66925,0.668435,0.66894,1226
2024-10-17 05:00:00,0.66895,0.6695249999999999,0.66872,0.668875,1616
2024-10-17 06:00:00,0.66886,0.66906,0.668095,0.668215,2214
2024-10-17 07:00:00,0.668215,0.668255,0.667215,0.6677649999999999,2516
2024-10-17 08:00:00,0.66775,0.6681600000000001,0.6675500000000001,0.66784,1600
2024-10-17 09:00:00,0.66785,0.6691199999999999,0.6678200000000001,0.66885,1236
2024-10-17 10:00:00,0.6688350000000001,0.669645,0.66883,0.66964,1204
2024-10-17 11:00:00,0.6696249999999999,0.67016,0.6695949999999999,0.6696249999999999,1394
2024-10-17 12:00:00,0.66963,0.6697649999999999,0.6679999999999999,0.6690499999999999,5502
2024-10-17 13:00:00,0.6690400000000001,0.66954,0.66826,0.669045,5777
2024-10-17 14:00:00,0.66906,0.67028,0.668255,0.6698649999999999,5443
2024-10-17 15:00:00,0.66987,0.6709350000000001,0.6695150000000001,0.67014,3846
2024-10-17 16:00:00,0.67015,0.670275,0.669265,0.66995,2107
2024-10-17 17:00:00,0.66998,0.67023,0.6693800000000001,0.66996,1076
2024-10-17 18:00:00,0.66997,0.67001,0.66942,0.6695,1645
2024-10-17 19:00:00,0.6695150000000001,0.6697200000000001,0.669285,0.66951,1245
2024-10-17 20:00:00,0.669505,0.6696949999999999,0.6693450000000001,0.669605,679
2024-10-17 21:00:00,0.669655,0.6697150000000001,0.669395,0.6696899999999999,327
2024-10-17 22:00:00,0.66968,0.66995,0.66962,0.66965,529
2024-10-17 23:00:00,0.66966,0.6701699999999999,0.66945,0.669935,724
2024-10-18 00:00:00,0.66994,0.67041,0.6694249999999999,0.669815,1926
2024-10-18 01:00:00,0.6697949999999999,0.67073,0.6697949999999999,0.6704399999999999,2619
2024-10-18 02:00:00,0.670445,0.671835,0.67016,0.671,3413
2024-10-18 03:00:00,0.670995,0.67116,0.67018,0.670485,1851
2024-10-18 04:00:00,0.67048,0.670685,0.67012,0.670255,1128
2024-10-18 05:00:00,0.670265,0.6708700000000001,0.66981,0.670795,2279
2024-10-18 06:00:00,0.6707650000000001,0.6715800000000001,0.670425,0.671205,3060
2024-10-18 07:00:00,0.6712,0.671795,0.671025,0.671395,1707
2024-10-18 08:00:00,0.671395,0.67171,0.67118,0.6712,1239
2024-10-18 09:00:00,0.6712199999999999,0.67152,0.67099,0.6711499999999999,1491
2024-10-18 10:00:00,0.67116,0.67137,0.670665,0.6712849999999999,1452
2024-10-18 11:00:00,0.6712750000000001,0.6713800000000001,0.670995,0.67118,1667
2024-10-18 12:00:00,0.671185,0.67161,0.67092,0.671295,2154
2024-10-18 13:00:00,0.671315,0.67194,0.6709400000000001,0.67103,2615
2024-10-18 14:00:00,0.671025,0.67119,0.670385,0.67061,2860
2024-10-18 15:00:00,0.670615,0.67069,0.669845,0.66991,1851
2024-10-18 16:00:00,0.66989,0.671055,0.6698,0.6709,1156
2024-10-18 17:00:00,0.670895,0.6709400000000001,0.669985,0.6703300000000001,1101
2024-10-18 18:00:00,0.67032,0.67066,0.6701,0.67038,1361
2024-10-18 19:00:00,0.6703699999999999,0.67041,0.6700999999999999,0.67031,1030
2024-10-18 20:00:00,0.6702950000000001,0.670695,0.6702349999999999,0.670625,950
2024-10-20 22:00:00,0.67055,0.6715150000000001,0.6704,0.671495,753
2024-10-20 23:00:00,0.6715,0.67156,0.6708149999999999,0.6713800000000001,757
2024-10-21 00:00:00,0.671395,0.671635,0.670525,0.6708000000000001,1676
2024-10-21 01:00:00,0.670795,0.67234,0.670755,0.671465,3725
2024-10-21 02:00:00,0.67145,0.672,0.6712899999999999,0.67144,2352
2024-10-21 03:00:00,0.67143,0.6718999999999999,0.671375,0.671665,1491
2024-10-21 04:00:00,0.67167,0.67179,0.6703,0.670425,1107
2024-10-21 05:00:00,0.670435,0.670595,0.6695450000000001,0.6699649999999999,1927
2024-10-21 06:00:00,0.66996,0.66996,0.66822,0.66858,2438
2024-10-21 07:00:00,0.6686000000000001,0.66937,0.66858,0.668895,1993
2024-10-21 08:00:00,0.66889,0.6693,0.66871,0.66913,1493
2024-10-21 09:00:00,0.6691199999999999,0.669305,0.66818,0.6682600000000001,1391
2024-10-21 10:00:00,0.66825,0.668465,0.6679999999999999,0.6681999999999999,1581
2024-10-21 11:00:00,0.668215,0.66891,0.6682049999999999,0.668775,1081
2024-10-21 12:00:00,0.66876,0.669915,0.6685000000000001,0.669215,2047
2024-10-21 13:00:00,0.669205,0.6694899999999999,0.668625,0.66905,2502
2024-10-21 14:00:00,0.66906,0.6691,0.66716,0.6672,2953
2024-10-21 15:00:00,0.6672199999999999,0.667225,0.66554,0.6658850000000001,2369
2024-10-21 16:00:00,0.665875,0.6660550000000001,0.66551,0.666,1246
2024-10-21 17:00:00,0.665995,0.6662950000000001,0.66588,0.66616,900
2024-10-21 18:00:00,0.666155,0.66625,0.6652899999999999,0.6654150000000001,1008
2024-10-21 19:00:00,0.6654199999999999,0.66605,0.665385,0.665805,1055
2024-10-21 20:00:00,0.66577,0.66597,0.665655,0.665915,1013
2024-10-21 21:00:00,0.6659200000000001,0.66614,0.66561,0.66577,386
2024-10-21 22:00:00,0.6657649999999999,0.665875,0.665235,0.6652549999999999,438
2024-10-21 23:00:00,0.665265,0.665645,0.665215,0.6654100000000001,608
2024-10-22 00:00:00,0.665395,0.665905,0.6650849999999999,0.66551,2078
2024-10-22 01:00:00,0.665505,0.66662,0.66547,0.6665,3216
2024-10-22 02:00:00,0.66649,0.66724,0.666465,0.666885,3099
2024-10-22 03:00:00,0.666875,0.668545,0.666825,0.6684300000000001,2696
2024-10-22 04:00:00,0.668425,0.6688700000000001,0.668145,0.66864,1699
2024-10-22 05:00:00,0.6686300000000001,0.66909,0.66806,0.66808,1300
2024-10-22 06:00:00,0.6680900000000001,0.66926,0.6680900000000001,0.668355,2244
2024-10-22 07:00:00,0.66835,0.668805,0.66798,0.66818,1740
2024-10-22 08:00:00,0.668155,0.6686,0.66785,0.6678850000000001,1414
2024-10-22 09:00:00,0.6678850000000001,0.6685,0.66778,0.66803,1380
2024-10-22 10:00:00,0.6680200000000001,0.66876,0.6679999999999999,0.668435,1351
2024-10-22 11:00:00,0.6684399999999999,0.6687700000000001,0.66825,0.668445,1216
2024-10-22 12:00:00,0.66841,0.66907,0.66827,0.668545,1899
2024-10-22 13:00:00,0.668535,0.66951,0.668155,0.668415,3410
2024-10-22 14:00:00,0.66841,0.6686099999999999,0.66796,0.668225,3414
2024-10-22 15:00:00,0.668215,0.66847,0.66772,0.66785,2041
2024-10-22 16:00:00,0.66784,0.668315,0.6676,0.6683,1273
2024-10-22 17:00:00,0.6683300000000001,0.66906,0.6681999999999999,0.66891,1210
2024-10-22 18:00:00,0.668915,0.66896,0.668105,0.668105,1011
2024-10-22 19:00:00,0.668105,0.66855,0.667935,0.66812,1258
2024-10-22 20:00:00,0.668115,0.668315,0.6678599999999999,0.668215,703
2024-10-22 21:00:00,0.66821,0.66866,0.668015,0.6684650000000001,677
2024-10-22 22:00:00,0.66847,0.668525,0.66815,0.66828,634
2024-10-22 23:00:00,0.668295,0.668355,0.66799,0.66817,512
2024-10-23 00:00:00,0.6681600000000001,0.6689799999999999,0.666925,0.667065,2643
2024-10-23 01:00:00,0.66706,0.66787,0.66627,0.667755,4442
2024-10-23 02:00:00,0.66776,0.6687799999999999,0.6677150000000001,0.6684650000000001,2869
2024-10-23 03:00:00,0.6684749999999999,0.6691549999999999,0.667995,0.6680349999999999,2034
2024-10-23 04:00:00,0.6680200000000001,0.668115,0.6674599999999999,0.667665,1283
2024-10-23 05:00:00,0.66768,0.6679550000000001,0.667365,0.66769,1990
2024-10-23 06:00:00,0.667705,0.667725,0.666195,0.66644,1805
2024-10-23 07:00:00,0.666445,0.666885,0.6661900000000001,0.66626,2056
2024-10-23 08:00:00,0.6662399999999999,0.66641,0.66585,0.66586,1771
2024-10-23 09:00:00,0.665855,0.66597,0.665505,0.6655599999999999,1763
2024-10-23 10:00:00,0.665555,0.66581,0.66492,0.665025,1046
2024-10-23 11:00:00,0.665035,0.665185,0.663535,0.66369,1599
2024-10-23 12:00:00,0.66368,0.66371,0.662925,0.6635,2566
2024-10-23 13:00:00,0.663495,0.6642950000000001,0.6634450000000001,0.663855,3522
2024-10-23 14:00:00,0.66388,0.6640550000000001,0.662965,0.66353,4503
2024-10-23 15:00:00,0.6635249999999999,0.66367,0.6628000000000001,0.6631100000000001,2597
2024-10-23 16:00:00,0.6631,0.6631199999999999,0.6625300000000001,0.6627149999999999,1675
2024-10-23 17:00:00,0.6627000000000001,0.6627000000000001,0.6620600000000001,0.6621600000000001,2864
2024-10-23 18:00:00,0.662155,0.66265,0.66141,0.662455,3512
2024-10-23 19:00:00,0.66245,0.6634150000000001,0.66242,0.66338,3437
2024-10-23 20:00:00,0.663385,0.6635850000000001,0.6632199999999999,0.6633899999999999,1156
2024-10-23 21:00:00,0.663375,0.663645,0.66316,0.663635,533
2024-10-23 22:00:00,0.66362,0.663725,0.663195,0.663235,785
2024-10-23 23:00:00,0.663245,0.66357,0.6631,0.6634500000000001,705
2024-10-24 00:00:00,0.663455,0.664115,0.66295,0.66411,2161
2024-10-24 01:00:00,0.6640900000000001,0.66421,0.6636599999999999,0.66387,2572
2024-10-24 02:00:00,0.6638550000000001,0.66479,0.663635,0.664405,2643
2024-10-24 03:00:00,0.66441,0.66507,0.6643049999999999,0.66456,1340
2024-10-24 04:00:00,0.6645300000000001,0.664875,0.66438,0.66472,1328
2024-10-24 05:00:00,0.664715,0.6647449999999999,0.66426,0.66438,1621
2024-10-24 06:00:00,0.664355,0.66517,0.66416,0.66508,1902
2024-10-24 07:00:00,0.665095,0.6660250000000001,0.66486,0.665675,3189
2024-10-24 08:00:00,0.66568,0.66588,0.6653450000000001,0.66551,1638
2024-10-24 09:00:00,0.665505,0.66583,0.665195,0.66545,1251
2024-10-24 10:00:00,0.665465,0.66614,0.665395,0.6656,1091
2024-10-24 11:00:00,0.665575,0.665925,0.665145,0.6654,1557
2024-10-24 12:00:00,0.66542,0.6658,0.66454,0.665055,3831
2024-10-24 13:00:00,0.6650499999999999,0.66532,0.66412,0.66449,3819
2024-10-24 14:00:00,0.6644950000000001,0.66484,0.662865,0.66331,4440
2024-10-24 15:00:00,0.6633,0.66347,0.66231,0.662865,2157
2024-10-24 16:00:00,0.66286,0.66336,0.6621049999999999,0.6632,2292
2024-10-24 17:00:00,0.66318,0.66441,0.66314,0.663625,1662
2024-10-24 18:00:00,0.66364,0.664165,0.66344,0.6638900000000001,1373
2024-10-24 19:00:00,0.66385,0.6642049999999999,0.6636599999999999,0.664085,1997
2024-10-24 20:00:00,0.66411,0.66413,0.66381,0.6639999999999999,1111
2024-10-24 21:00:00,0.664045,0.6643049999999999,0.663785,0.664065,773
2024-10-24 22:00:00,0.664055,0.664055,0.663265,0.6632750000000001,599
2024-10-24 23:00:00,0.663265,0.6634899999999999,0.6630149999999999,0.66347,728
2024-10-25 00:00:00,0.663475,0.663605,0.6628499999999999,0.66341,1996
2024-10-25 01:00:00,0.66343,0.66374,0.6630499999999999,0.663245,2516
2024-10-25 02:00:00,0.66324,0.663875,0.6630149999999999,0.663725,2075
2024-10-25 03:00:00,0.6636949999999999,0.6637200000000001,0.662165,0.66229,2018
2024-10-25 04:00:00,0.6623,0.6624300000000001,0.661745,0.662015,1629
2024-10-25 05:00:00,0.6619999999999999,0.6626700000000001,0.6619999999999999,0.662445,1893
2024-10-25 06:00:00,0.6624399999999999,0.6628149999999999,0.6622049999999999,0.6625399999999999,1867
2024-10-25 07:00:00,0.6625449999999999,0.66306,0.66238,0.6628700000000001,1927
2024-10-25 08:00:00,0.66284,0.66308,0.662505,0.662765,1857
2024-10-25 09:00:00,0.662785,0.66341,0.662705,0.66301,1051
2024-10-25 10:00:00,0.6630050000000001,0.663215,0.6628000000000001,0.66295,967
2024-10-25 11:00:00,0.66296,0.663715,0.66266,0.6634800000000001,1040
2024-10-25 12:00:00,0.6634899999999999,0.664675,0.66313,0.66452,2093
2024-10-25 13:00:00,0.664535,0.664635,0.663525,0.6636599999999999,2379
2024-10-25 14:00:00,0.663665,0.66426,0.6632899999999999,0.663975,3628
2024-10-25 15:00:00,0.663985,0.6641250000000001,0.6620349999999999,0.6620699999999999,2502
2024-10-25 16:00:00,0.662065,0.662065,0.66115,0.6612549999999999,2239
2024-10-25 17:00:00,0.66127,0.661285,0.66032,0.6605449999999999,1798
2024-10-25 18:00:00,0.660535,0.6609849999999999,0.66012,0.6607350000000001,2217
2024-10-25 19:00:00,0.66072,0.6608700000000001,0.660185,0.660335,1842
2024-10-25 20:00:00,0.6603300000000001,0.6605449999999999,0.6602300000000001,0.660405,1327
2024-10-27 22:00:00,0.661285,0.661285,0.6603600000000001,0.660585,1859
2024-10-27 23:00:00,0.660595,0.66109,0.6601250000000001,0.6602950000000001,1228
2024-10-28 00:00:00,0.660285,0.660825,0.65977,0.65983,2068
2024-10-28 01:00:00,0.65981,0.66035,0.6594800000000001,0.659835,2441
2024-10-28 02:00:00,0.65983,0.660135,0.6595500000000001,0.65974,2060
2024-10-28 03:00:00,0.6597299999999999,0.6598999999999999,0.65813,0.658265,1369
2024-10-28 04:00:00,0.658255,0.65908,0.65796,0.65903,1284
2024-10-28 05:00:00,0.65904,0.65918,0.65862,0.65893,1267
2024-10-28 06:00:00,0.658925,0.65978,0.65889,0.6596,1758
2024-10-28 07:00:00,0.659625,0.6602600000000001,0.65959,0.65984,1497
2024-10-28 08:00:00,0.659835,0.6606000000000001,0.65953,0.660515,1704
2024-10-28 09:00:00,0.66052,0.66066,0.6599299999999999,0.66013,1613
2024-10-28 10:00:00,0.6601250000000001,0.6606799999999999,0.66004,0.6605449999999999,1153
2024-10-28 11:00:00,0.6605399999999999,0.66103,0.660465,0.660705,1219
2024-10-28 12:00:00,0.6607000000000001,0.660925,0.66046,0.66075,1763
2024-10-28 13:00:00,0.66076,0.66096,0.66032,0.66055,2352
2024-10-28 14:00:00,0.6605650000000001,0.660725,0.659715,0.660375,2469
2024-10-28 15:00:00,0.6604,0.660415,0.658565,0.658635,2871
2024-10-28 16:00:00,0.658625,0.659165,0.6583399999999999,0.6584099999999999,1833
2024-10-28 17:00:00,0.65839,0.65878,0.6580999999999999,0.658285,1373
2024-10-28 18:00:00,0.6582749999999999,0.65848,0.65802,0.6581,1172
2024-10-28 19:00:00,0.658085,0.6586449999999999,0.658045,0.65832,1007
2024-10-28 20:00:00,0.658325,0.658455,0.65822,0.65831,669
2024-10-28 21:00:00,0.6583049999999999,0.65863,0.658265,0.658335,590
2024-10-28 22:00:00,0.658325,0.65839,0.65801,0.6580999999999999,647
2024-10-28 23:00:00,0.6581049999999999,0.65838,0.657835,0.6583300000000001,772
2024-10-29 00:00:00,0.658325,0.6583749999999999,0.6571849999999999,0.6575850000000001,2167
2024-10-29 01:00:00,0.65758,0.658485,0.65745,0.6579,2827
2024-10-29 02:00:00,0.65791,0.65842,0.6575599999999999,0.65785,2384
2024-10-29 03:00:00,0.65786,0.657975,0.65618,0.65636,2169
2024-10-29 04:00:00,0.6563300000000001,0.65663,0.65605,0.65647,1180
2024-10-29 05:00:00,0.65648,0.6567799999999999,0.65611,0.65643,1722
2024-10-29 06:00:00,0.6564399999999999,0.65708,0.656405,0.656965,1316
2024-10-29 07:00:00,0.65697,0.6571100000000001,0.656435,0.656505,1380
2024-10-29 08:00:00,0.65651,0.6580999999999999,0.65589,0.65757,3085
2024-10-29 09:00:00,0.6575599999999999,0.65803,0.65716,0.65741,1693
2024-10-29 10:00:00,0.657405,0.65754,0.6571750000000001,0.6573249999999999,1319
2024-10-29 11:00:00,0.657335,0.6573599999999999,0.65611,0.65625,1794
2024-10-29 12:00:00,0.65625,0.656255,0.655385,0.6557649999999999,2509
2024-10-29 13:00:00,0.65576,0.656155,0.65493,0.65589,2878
2024-10-29 14:00:00,0.6559,0.657355,0.655565,0.656055,7155
2024-10-29 15:00:00,0.656075,0.65614,0.654505,0.655635,3757
2024-10-29 16:00:00,0.655645,0.6560349999999999,0.6549499999999999,0.6553100000000001,2286
2024-10-29 17:00:00,0.6553,0.65619,0.6552199999999999,0.6555,2333
2024-10-29 18:00:00,0.65552,0.655735,0.6552549999999999,0.655605,1290
2024-10-29 19:00:00,0.65561,0.65585,0.6552899999999999,0.655605,1023
2024-10-29 20:00:00,0.6555949999999999,0.65611,0.6555500000000001,0.65608,634
2024-10-29 21:00:00,0.6561349999999999,0.656285,0.6557850000000001,0.65593,473
2024-10-29 22:00:00,0.65594,0.656145,0.655845,0.656075,650
2024-10-29 23:00:00,0.65608,0.6561600000000001,0.655755,0.6558299999999999,590
2024-10-30 00:00:00,0.6558299999999999,0.656925,0.655405,0.656135,2590
2024-10-30 01:00:00,0.65613,0.65708,0.6561049999999999,0.65651,3273
2024-10-30 02:00:00,0.656495,0.65656,0.6553549999999999,0.655575,2429
2024-10-30 03:00:00,0.65557,0.6555949999999999,0.6537,0.65406,2784
2024-10-30 04:00:00,0.654045,0.6545300000000001,0.65377,0.65428,1400
2024-10-30 05:00:00,0.6542749999999999,0.6545,0.6538200000000001,0.65421,1731
2024-10-30 06:00:00,0.654215,0.6558299999999999,0.65418,0.655585,2752
2024-10-30 07:00:00,0.65557,0.65614,0.655275,0.655975,1790
2024-10-30 08:00:00,0.65595,0.6584000000000001,0.65595,0.657995,2882
2024-10-30 09:00:00,0.65801,0.658375,0.65742,0.657725,2643
2024-10-30 10:00:00,0.65774,0.6585300000000001,0.657515,0.65779,1384
2024-10-30 11:00:00,0.6577999999999999,0.6579900000000001,0.657395,0.6576200000000001,1264
2024-10-30 12:00:00,0.65761,0.658045,0.656405,0.6573249999999999,5348
2024-10-30 13:00:00,0.65732,0.659135,0.656615,0.658855,4565
2024-10-30 14:00:00,0.65892,0.6596200000000001,0.65774,0.6578999999999999,4564
2024-10-30 15:00:00,0.657915,0.65847,0.657395,0.6582,3292
2024-10-30 16:00:00,0.6581950000000001,0.65834,0.65761,0.657875,2039
2024-10-30 17:00:00,0.657865,0.65798,0.65752,0.65785,1623
2024-10-30 18:00:00,0.65784,0.65846,0.65777,0.65808,1232
2024-10-30 19:00:00,0.65809,0.65809,0.65749,0.65759,1882
2024-10-30 20:00:00,0.65757,0.65778,0.6570849999999999,0.657225,1310
2024-10-30 21:00:00,0.657235,0.65762,0.657125,0.657305,403
2024-10-30 22:00:00,0.657295,0.6573100000000001,0.6569050000000001,0.65717,1060
2024-10-30 23:00:00,0.65718,0.65751,0.6571199999999999,0.65726,725
2024-10-31 00:00:00,0.657275,0.657485,0.65644,0.656495,2061
2024-10-31 01:00:00,0.6565,0.657525,0.65642,0.6566350000000001,2468
2024-10-31 02:00:00,0.65664,0.6576850000000001,0.656585,0.6574249999999999,2459
2024-10-31 03:00:00,0.657435,0.6574800000000001,0.656925,0.657125,1678
2024-10-31 04:00:00,0.657115,0.65726,0.6567350000000001,0.6568799999999999,797
2024-10-31 05:00:00,0.656865,0.657705,0.65673,0.6574949999999999,1114
2024-10-31 06:00:00,0.6574899999999999,0.657605,0.65718,0.65747,1946
2024-10-31 07:00:00,0.657465,0.65791,0.65718,0.6576150000000001,2005
2024-10-31 08:00:00,0.657625,0.65776,0.657035,0.657155,1853
2024-10-31 09:00:00,0.6571400000000001,0.657315,0.6566799999999999,0.656865,1357
2024-10-31 10:00:00,0.656855,0.65713,0.65637,0.656535,1358
2024-10-31 11:00:00,0.65652,0.65715,0.6561349999999999,0.6571400000000001,1361
2024-10-31 12:00:00,0.6571549999999999,0.6576850000000001,0.6564399999999999,0.6575500000000001,4150
2024-10-31 13:00:00,0.65756,0.65758,0.65464,0.65488,4320
2024-10-31 14:00:00,0.65486,0.65581,0.65426,0.6546700000000001,5594
2024-10-31 15:00:00,0.6546799999999999,0.655225,0.653965,0.654945,4981
2024-10-31 16:00:00,0.65494,0.65635,0.654905,0.656085,3149
2024-10-31 17:00:00,0.656095,0.656825,0.656045,0.6567149999999999,2165
2024-10-31 18:00:00,0.656725,0.6576200000000001,0.65659,0.6574899999999999,2480
2024-10-31 19:00:00,0.6575,0.6580600000000001,0.657345,0.658005,2552
2024-10-31 20:00:00,0.657995,0.658435,0.6579900000000001,0.6581999999999999,1870
2024-10-31 21:00:00,0.6581950000000001,0.65827,0.6578900000000001,0.657985,378
2024-10-31 22:00:00,0.6580349999999999,0.6584000000000001,0.6577999999999999,0.6577999999999999,763
2024-10-31 23:00:00,0.6578299999999999,0.6582600000000001,0.6576649999999999,0.65767,859
2024-11-01 00:00:00,0.6576500000000001,0.65784,0.657145,0.6572549999999999,1957
2024-11-01 01:00:00,0.65725,0.65835,0.657095,0.657645,2966
2024-11-01 02:00:00,0.657635,0.65786,0.65688,0.65786,2270
2024-11-01 03:00:00,0.65787,0.65821,0.6577649999999999,0.657775,1514
2024-11-01 04:00:00,0.6577649999999999,0.6579999999999999,0.6574949999999999,0.65762,950
2024-11-01 05:00:00,0.657625,0.657715,0.65625,0.65655,2745
2024-11-01 06:00:00,0.65656,0.65675,0.65575,0.6561250000000001,1972
2024-11-01 07:00:00,0.656115,0.65635,0.655775,0.65595,1805
2024-11-01 08:00:00,0.65594,0.65662,0.65561,0.6564650000000001,1673
2024-11-01 09:00:00,0.65647,0.65697,0.656445,0.6566000000000001,1238
2024-11-01 10:00:00,0.6566099999999999,0.6566099999999999,0.65614,0.65646,1065
2024-11-01 11:00:00,0.656465,0.6568400000000001,0.65599,0.6567000000000001,1534
2024-11-01 12:00:00,0.656705,0.6591400000000001,0.6560900000000001,0.65846,6453
2024-11-01 13:00:00,0.65845,0.6589050000000001,0.6574599999999999,0.658145,5083
2024-11-01 14:00:00,0.65819,0.6586650000000001,0.656895,0.6576649999999999,5767
2024-11-01 15:00:00,0.65768,0.65856,0.657095,0.6582600000000001,4167
2024-11-01 16:00:00,0.658255,0.6583650000000001,0.65726,0.657625,2787
2024-11-01 17:00:00,0.657635,0.657715,0.656145,0.6562,2132
2024-11-01 18:00:00,0.656195,0.6565650000000001,0.655845,0.65598,1930
2024-11-01 19:00:00,0.6559699999999999,0.6562600000000001,0.6553899999999999,0.655625,2041
2024-11-01 20:00:00,0.6556500000000001,0.656015,0.65553,0.6559600000000001,1066
2024-11-03 22:00:00,0.6612549999999999,0.66132,0.65877,0.659055,1129
2024-11-03 23:00:00,0.659045,0.659735,0.658485,0.6590849999999999,3186
2024-11-04 00:00:00,0.65909,0.660005,0.65851,0.65998,2892
2024-11-04 01:00:00,0.659985,0.660685,0.659665,0.660265,4710
2024-11-04 02:00:00,0.66026,0.660885,0.65981,0.660265,3960
2024-11-04 03:00:00,0.66027,0.661905,0.66018,0.66142,3085
2024-11-04 04:00:00,0.66141,0.661435,0.66077,0.66093,1765
2024-11-04 05:00:00,0.66092,0.66115,0.6601600000000001,0.661135,2029
2024-11-04 06:00:00,0.6611400000000001,0.661225,0.6597850000000001,0.659895,2353
2024-11-04 07:00:00,0.659905,0.65993,0.658555,0.6585650000000001,2191
2024-11-04 08:00:00,0.65857,0.6593800000000001,0.6584099999999999,0.6589149999999999,3039
2024-11-04 09:00:00,0.65891,0.6594450000000001,0.658625,0.6593800000000001,1713
2024-11-04 10:00:00,0.65937,0.65953,0.658705,0.65952,1610
2024-11-04 11:00:00,0.659505,0.66049,0.65933,0.660435,1623
2024-11-04 12:00:00,0.660405,0.660595,0.659725,0.6600550000000001,1790
2024-11-04 13:00:00,0.660065,0.66042,0.65896,0.659565,2675
2024-11-04 14:00:00,0.6595599999999999,0.660455,0.659395,0.6603,4021
2024-11-04 15:00:00,0.660315,0.6611100000000001,0.659915,0.65997,6363
2024-11-04 16:00:00,0.659975,0.660145,0.65805,0.6583600000000001,4713
2024-11-04 17:00:00,0.658355,0.659235,0.65796,0.659235,3014
2024-11-04 18:00:00,0.65925,0.659275,0.65828,0.65911,3269
2024-11-04 19:00:00,0.659115,0.65927,0.65861,0.65872,2728
2024-11-04 20:00:00,0.658725,0.6589499999999999,0.658345,0.65843,2091
2024-11-04 21:00:00,0.658435,0.658615,0.65833,0.658505,1247
2024-11-04 22:00:00,0.658515,0.658895,0.658195,0.658685,705
2024-11-04 23:00:00,0.6586399999999999,0.658945,0.65832,0.6583950000000001,1066
2024-11-05 00:00:00,0.6584000000000001,0.658495,0.65789,0.6583600000000001,1939
2024-11-05 01:00:00,0.658355,0.6592800000000001,0.657995,0.659115,4083
2024-11-05 02:00:00,0.6591100000000001,0.6594,0.658655,0.6588849999999999,3408
2024-11-05 03:00:00,0.658865,0.6598299999999999,0.65849,0.658505,3467
2024-11-05 04:00:00,0.6585000000000001,0.65971,0.6584099999999999,0.659375,2876
2024-11-05 05:00:00,0.65936,0.660095,0.659265,0.659735,3181
2024-11-05 06:00:00,0.659705,0.660415,0.65962,0.660345,2723
2024-11-05 07:00:00,0.66034,0.66132,0.66032,0.661,2661
2024-11-05 08:00:00,0.6610050000000001,0.662,0.66086,0.661835,2241
2024-11-05 09:00:00,0.661845,0.661975,0.661555,0.6616949999999999,1585
2024-11-05 10:00:00,0.66171,0.6619550000000001,0.66156,0.6619,1335
2024-11-05 11:00:00,0.6619,0.66263,0.661895,0.6624000000000001,1896
2024-11-05 12:00:00,0.6624049999999999,0.662585,0.662265,0.66239,1476
2024-11-05 13:00:00,0.6623950000000001,0.6630750000000001,0.6621950000000001,0.66264,2211
2024-11-05 14:00:00,0.66263,0.66378,0.662385,0.663485,4064
2024-11-05 15:00:00,0.6634599999999999,0.663805,0.6623600000000001,0.66339,5772
2024-11-05 16:00:00,0.663385,0.66415,0.66309,0.663095,2692
2024-11-05 17:00:00,0.6631,0.663705,0.6629050000000001,0.6634,1807
2024-11-05 18:00:00,0.663415,0.66396,0.66335,0.66345,1974
2024-11-05 19:00:00,0.66345,0.66389,0.663195,0.663505,1251
2024-11-05 20:00:00,0.663485,0.66374,0.663215,0.66362,1416
2024-11-05 21:00:00,0.66361,0.663895,0.66342,0.6637850000000001,1083
2024-11-05 22:00:00,0.66381,0.663875,0.66306,0.663125,710
2024-11-05 23:00:00,0.6631,0.664505,0.662555,0.6640550000000001,3507
2024-11-06 00:00:00,0.6640600000000001,0.6641900000000001,0.658795,0.65909,12207
2024-11-06 01:00:00,0.659095,0.659885,0.657965,0.659295,13769
2024-11-06 02:00:00,0.6592549999999999,0.65957,0.654965,0.655205,14782
2024-11-06 03:00:00,0.6552100000000001,0.65574,0.65125,0.65178,14979
2024-11-06 04:00:00,0.651775,0.654425,0.6515500000000001,0.65432,9790
2024-11-06 05:00:00,0.654325,0.656435,0.653995,0.65483,11816
2024-11-06 06:00:00,0.6548350000000001,0.655,0.65208,0.6537649999999999,9256
2024-11-06 07:00:00,0.65376,0.6556500000000001,0.653595,0.65489,11932
2024-11-06 08:00:00,0.654875,0.65949,0.65472,0.65876,9407
2024-11-06 09:00:00,0.658755,0.658925,0.657505,0.65862,7344
2024-11-06 10:00:00,0.658615,0.659635,0.65807,0.658145,4854
2024-11-06 11:00:00,0.65814,0.65821,0.65517,0.6556649999999999,5211
2024-11-06 12:00:00,0.655625,0.656875,0.65525,0.656695,6803
2024-11-06 13:00:00,0.6567,0.656915,0.6551400000000001,0.65568,7805
2024-11-06 14:00:00,0.65567,0.6563399999999999,0.6547700000000001,0.65527,8160
2024-11-06 15:00:00,0.655275,0.65803,0.655275,0.6574249999999999,10722
2024-11-06 16:00:00,0.657435,0.657895,0.65632,0.65727,6699
2024-11-06 17:00:00,0.657265,0.657745,0.656305,0.65692,4674
2024-11-06 18:00:00,0.6569050000000001,0.659335,0.656875,0.6589849999999999,5398
2024-11-06 19:00:00,0.65899,0.65908,0.65793,0.65829,3378
2024-11-06 20:00:00,0.658285,0.6586350000000001,0.65715,0.6572,2755
2024-11-06 21:00:00,0.657195,0.657235,0.6564,0.65703,1729
2024-11-06 22:00:00,0.6571199999999999,0.6571199999999999,0.656765,0.65688,449
2024-11-06 23:00:00,0.65688,0.657235,0.65669,0.65669,1771
2024-11-07 00:00:00,0.656685,0.65735,0.656425,0.6569400000000001,2619
2024-11-07 01:00:00,0.65693,0.6584,0.6568,0.65818,5774
2024-11-07 02:00:00,0.658175,0.6614899999999999,0.658175,0.66124,6482
2024-11-07 03:00:00,0.6612549999999999,0.6623,0.660765,0.662095,4429
2024-11-07 04:00:00,0.66209,0.6624749999999999,0.661665,0.66214,2422
2024-11-07 05:00:00,0.66213,0.662805,0.66178,0.66232,3398
2024-11-07 06:00:00,0.6623,0.66273,0.6617,0.66258,3785
2024-11-07 07:00:00,0.662575,0.6637500000000001,0.6622,0.6623,5778
2024-11-07 08:00:00,0.6622950000000001,0.66375,0.66211,0.66354,5468
2024-11-07 09:00:00,0.663535,0.66378,0.662895,0.66295,3657
2024-11-07 10:00:00,0.66296,0.663215,0.66249,0.66317,2595
2024-11-07 11:00:00,0.663165,0.66329,0.66251,0.6631,2451
2024-11-07 12:00:00,0.66309,0.66469,0.66296,0.66468,5564
2024-11-07 13:00:00,0.664675,0.66639,0.664675,0.6663,9499
2024-11-07 14:00:00,0.666315,0.6678850000000001,0.66577,0.66768,6920
2024-11-07 15:00:00,0.667665,0.668785,0.667415,0.6685749999999999,7090
2024-11-07 16:00:00,0.66858,0.668695,0.666515,0.6668050000000001,5763
2024-11-07 17:00:00,0.6668099999999999,0.66774,0.6664049999999999,0.66772,3301
2024-11-07 18:00:00,0.66773,0.667825,0.66669,0.667135,2685
2024-11-07 19:00:00,0.667135,0.66761,0.6653100000000001,0.666785,12894
2024-11-07 20:00:00,0.666795,0.668525,0.6666650000000001,0.66771,8237
2024-11-07 21:00:00,0.6677,0.668055,0.6675249999999999,0.6678550000000001,1494
2024-11-07 22:00:00,0.66784,0.66814,0.667465,0.66771,793
2024-11-07 23:00:00,0.66766,0.668015,0.66718,0.6675,1310
2024-11-08 00:00:00,0.667505,0.667565,0.6666000000000001,0.6667350000000001,3401
2024-11-08 01:00:00,0.66673,0.6668499999999999,0.665625,0.66608,5779
2024-11-08 02:00:00,0.666085,0.66641,0.66557,0.6656299999999999,5754
2024-11-08 03:00:00,0.6656150000000001,0.665945,0.6645650000000001,0.664795,3964
2024-11-08 04:00:00,0.664785,0.665555,0.664525,0.6654100000000001,2852
2024-11-08 05:00:00,0.6654150000000001,0.665735,0.66494,0.6654549999999999,3693
2024-11-08 06:00:00,0.66545,0.6656,0.66471,0.6655800000000001,2889
2024-11-08 07:00:00,0.665575,0.66572,0.6646650000000001,0.665205,3329
2024-11-08 08:00:00,0.6652,0.6654,0.662255,0.66445,9737
2024-11-08 09:00:00,0.664455,0.66517,0.6640699999999999,0.6643,4340
2024-11-08 10:00:00,0.6643049999999999,0.664335,0.66328,0.66385,2894
2024-11-08 11:00:00,0.6638599999999999,0.664285,0.663185,0.6633450000000001,2537
2024-11-08 12:00:00,0.6633500000000001,0.663385,0.6620699999999999,0.662525,3927
2024-11-08 13:00:00,0.66251,0.662615,0.6605099999999999,0.66078,5481
2024-11-08 14:00:00,0.6607799999999999,0.661505,0.660505,0.66082,5110
2024-11-08 15:00:00,0.6608,0.66106,0.659715,0.66002,7934
2024-11-08 16:00:00,0.66001,0.660025,0.657045,0.65707,5783
2024-11-08 17:00:00,0.6570750000000001,0.65768,0.65583,0.657645,5805
2024-11-08 18:00:00,0.657635,0.65846,0.656775,0.657245,3687
2024-11-08 19:00:00,0.65723,0.65803,0.657055,0.6579250000000001,2557
2024-11-08 20:00:00,0.65791,0.658305,0.6574599999999999,0.65815,2854
2024-11-08 21:00:00,0.658165,0.658655,0.65811,0.65835,1443
2024-11-10 22:00:00,0.65872,0.6587799999999999,0.65777,0.6580550000000001,992
2024-11-10 23:00:00,0.65803,0.6586650000000001,0.657875,0.6584,1833
2024-11-11 00:00:00,0.6583950000000001,0.659415,0.658235,0.6590199999999999,2557
2024-11-11 01:00:00,0.659035,0.659845,0.65884,0.659035,5436
2024-11-11 02:00:00,0.659045,0.65944,0.6584650000000001,0.65905,3818
2024-11-11 03:00:00,0.65906,0.6593899999999999,0.658845,0.659375,1932
2024-11-11 04:00:00,0.65937,0.659535,0.658625,0.659285,1891
2024-11-11 05:00:00,0.659295,0.659725,0.65901,0.65903,3092
2024-11-11 06:00:00,0.659025,0.65943,0.65876,0.6593,2769
2024-11-11 07:00:00,0.6592899999999999,0.65954,0.65748,0.65828,4468
2024-11-11 08:00:00,0.6582749999999999,0.6584,0.65744,0.6580900000000001,4702
2024-11-11 09:00:00,0.658095,0.6585,0.65754,0.65831,3933
2024-11-11 10:00:00,0.65829,0.6589849999999999,0.65812,0.65833,2442
2024-11-11 11:00:00,0.65832,0.6587350000000001,0.657885,0.6585449999999999,3058
2024-11-11 12:00:00,0.65857,0.658725,0.658065,0.65809,3013
2024-11-11 13:00:00,0.658095,0.6582049999999999,0.65656,0.6572199999999999,4183
2024-11-11 14:00:00,0.657225,0.658115,0.656555,0.6570199999999999,5537
2024-11-11 15:00:00,0.65703,0.65749,0.656555,0.656965,5444
2024-11-11 16:00:00,0.6569750000000001,0.657575,0.65677,0.6571100000000001,3511
2024-11-11 17:00:00,0.657105,0.657385,0.6565300000000001,0.65682,2139
2024-11-11 18:00:00,0.6568050000000001,0.657165,0.6562699999999999,0.65708,2385
2024-11-11 19:00:00,0.6570849999999999,0.657275,0.6568,0.65684,1786
2024-11-11 20:00:00,0.6568499999999999,0.65727,0.6568499999999999,0.657235,1836
2024-11-11 21:00:00,0.65722,0.65753,0.657145,0.65753,815
2024-11-11 22:00:00,0.65759,0.6577500000000001,0.657335,0.657525,787
2024-11-11 23:00:00,0.657535,0.65789,0.657165,0.65789,1226
2024-11-12 00:00:00,0.657875,0.657875,0.6568400000000001,0.65735,2297
2024-11-12 01:00:00,0.657365,0.6581950000000001,0.6560600000000001,0.656705,5547
2024-11-12 02:00:00,0.65671,0.65671,0.655145,0.6555,5478
2024-11-12 03:00:00,0.65549,0.65636,0.655045,0.655205,3423
2024-11-12 04:00:00,0.6552,0.65547,0.65496,0.655465,2504
2024-11-12 05:00:00,0.655485,0.6558649999999999,0.654945,0.6550549999999999,3331
2024-11-12 06:00:00,0.65505,0.655625,0.6546799999999999,0.65547,3526
2024-11-12 07:00:00,0.6554599999999999,0.6558,0.65452,0.65508,4338
2024-11-12 08:00:00,0.65507,0.6554500000000001,0.6538550000000001,0.655,4549
2024-11-12 09:00:00,0.654995,0.65501,0.65369,0.654315,3726
2024-11-12 10:00:00,0.654325,0.65445,0.65345,0.6539699999999999,3437
2024-11-12 11:00:00,0.65398,0.654585,0.6538649999999999,0.654315,3243
2024-11-12 12:00:00,0.65431,0.6553249999999999,0.65395,0.65518,4992
2024-11-12 13:00:00,0.6551899999999999,0.65571,0.6543749999999999,0.65509,5078
2024-11-12 14:00:00,0.65508,0.65508,0.6537999999999999,0.6540250000000001,6638
2024-11-12 15:00:00,0.65403,0.65456,0.6534249999999999,0.65419,6421
2024-11-12 16:00:00,0.65419,0.6544749999999999,0.65211,0.65215,5027
2024-11-12 17:00:00,0.652155,0.652335,0.6514150000000001,0.6516599999999999,5392
2024-11-12 18:00:00,0.65167,0.6531750000000001,0.65162,0.653125,3426
2024-11-12 19:00:00,0.65313,0.653505,0.6530050000000001,0.65314,1994
2024-11-12 20:00:00,0.653135,0.65394,0.65313,0.653565,2841
2024-11-12 21:00:00,0.65358,0.65398,0.653185,0.653295,1290
2024-11-12 22:00:00,0.6533450000000001,0.65366,0.65296,0.6531549999999999,847
2024-11-12 23:00:00,0.653135,0.653165,0.6526799999999999,0.65296,1191
2024-11-13 00:00:00,0.65295,0.65299,0.65161,0.65238,2718
2024-11-13 01:00:00,0.6523650000000001,0.653775,0.6523399999999999,0.6537,6787
2024-11-13 02:00:00,0.65371,0.6538900000000001,0.653135,0.653795,3263
2024-11-13 03:00:00,0.6538,0.6539550000000001,0.65316,0.6533500000000001,2451
2024-11-13 04:00:00,0.6533549999999999,0.65374,0.65327,0.6535949999999999,1838
2024-11-13 05:00:00,0.6536,0.653635,0.65289,0.653285,2329
2024-11-13 06:00:00,0.653275,0.65355,0.65229,0.6526000000000001,3001
2024-11-13 07:00:00,0.652595,0.652955,0.6520600000000001,0.6522,2835
2024-11-13 08:00:00,0.65219,0.6526099999999999,0.6518,0.652415,3469
2024-11-13 09:00:00,0.6524099999999999,0.65357,0.651885,0.653235,3542
2024-11-13 10:00:00,0.653225,0.653235,0.65234,0.6524650000000001,2235
2024-11-13 11:00:00,0.65246,0.652935,0.65203,0.6528,2107
2024-11-13 12:00:00,0.6528149999999999,0.653135,0.652305,0.652365,3495
2024-11-13 13:00:00,0.65236,0.65462,0.651815,0.653125,10081
2024-11-13 14:00:00,0.65313,0.65332,0.6497850000000001,0.64995,10359
2024-11-13 15:00:00,0.6499550000000001,0.6503049999999999,0.64804,0.6499349999999999,12220
2024-11-13 16:00:00,0.649945,0.65004,0.6482399999999999,0.648495,6644
2024-11-13 17:00:00,0.6485000000000001,0.64923,0.648245,0.64879,4973
2024-11-13 18:00:00,0.648805,0.649045,0.648335,0.6488,3870
2024-11-13 19:00:00,0.648795,0.64954,0.6484,0.648435,2942
2024-11-13 20:00:00,0.6484399999999999,0.6488750000000001,0.64807,0.6481600000000001,3360
2024-11-13 21:00:00,0.648155,0.64871,0.6481300000000001,0.648545,1444
2024-11-13 22:00:00,0.648555,0.64978,0.648515,0.6496999999999999,1013
2024-11-13 23:00:00,0.649675,0.649725,0.649025,0.649375,1708
2024-11-14 00:00:00,0.649385,0.64958,0.6482650000000001,0.649205,3034
2024-11-14 01:00:00,0.6492,0.64922,0.64815,0.648435,5819
2024-11-14 02:00:00,0.64843,0.64843,0.64708,0.64726,4843
2024-11-14 03:00:00,0.6472549999999999,0.64827,0.646605,0.64699,3881
2024-11-14 04:00:00,0.64698,0.64731,0.646395,0.647015,3422
2024-11-14 05:00:00,0.6470199999999999,0.647025,0.64596,0.646415,2785
2024-11-14 06:00:00,0.6464000000000001,0.6472450000000001,0.6463399999999999,0.64654,3425
2024-11-14 07:00:00,0.6465350000000001,0.64799,0.6462,0.64737,3553
2024-11-14 08:00:00,0.64738,0.6478349999999999,0.647005,0.6472100000000001,4341
2024-11-14 09:00:00,0.647215,0.6476200000000001,0.64629,0.646405,4310
2024-11-14 10:00:00,0.6464000000000001,0.646455,0.645365,0.645995,3499
2024-11-14 11:00:00,0.645985,0.646925,0.6452899999999999,0.64678,4419
2024-11-14 12:00:00,0.64677,0.64737,0.646345,0.646625,3940
2024-11-14 13:00:00,0.6466350000000001,0.6477649999999999,0.6454949999999999,0.64645,8727
2024-11-14 14:00:00,0.6464449999999999,0.64837,0.6463749999999999,0.64722,9114
2024-11-14 15:00:00,0.64723,0.64871,0.646835,0.64807,8997
2024-11-14 16:00:00,0.648065,0.64883,0.6471199999999999,0.64725,5071
2024-11-14 17:00:00,0.647255,0.647785,0.6469,0.64778,4045
2024-11-14 18:00:00,0.647795,0.64796,0.64677,0.6468149999999999,3147
2024-11-14 19:00:00,0.64681,0.64746,0.64681,0.64702,2854
2024-11-14 20:00:00,0.647025,0.6470899999999999,0.64406,0.644895,10307
2024-11-14 21:00:00,0.6449,0.6455500000000001,0.64476,0.6454,3785
2024-11-14 22:00:00,0.6453899999999999,0.64577,0.6452,0.6454,729
2024-11-14 23:00:00,0.6453800000000001,0.64557,0.644745,0.645535,1827
2024-11-15 00:00:00,0.645545,0.64558,0.64455,0.64496,3238
2024-11-15 01:00:00,0.644955,0.645745,0.6448149999999999,0.64541,4791
2024-11-15 02:00:00,0.645405,0.6465000000000001,0.645405,0.646345,4644
2024-11-15 03:00:00,0.64635,0.646765,0.646255,0.6463,2636
2024-11-15 04:00:00,0.6462950000000001,0.64686,0.64621,0.646555,1683
2024-11-15 05:00:00,0.64655,0.64682,0.646155,0.64629,2479
2024-11-15 06:00:00,0.64627,0.646775,0.645465,0.646555,3314
2024-11-15 07:00:00,0.64655,0.64703,0.6462600000000001,0.6464449999999999,3855
2024-11-15 08:00:00,0.64644,0.64702,0.64564,0.6468700000000001,4236
2024-11-15 09:00:00,0.646875,0.647565,0.646555,0.6466350000000001,3438
2024-11-15 10:00:00,0.64662,0.6474,0.64628,0.64714,3433
2024-11-15 11:00:00,0.64713,0.6478900000000001,0.6466700000000001,0.64748,2502
2024-11-15 12:00:00,0.64747,0.6476999999999999,0.6467,0.647505,2323
2024-11-15 13:00:00,0.64752,0.64815,0.6457900000000001,0.6463049999999999,8795
2024-11-15 14:00:00,0.64629,0.646665,0.6443099999999999,0.6447849999999999,8363
2024-11-15 15:00:00,0.644755,0.64604,0.64429,0.6459999999999999,9594
2024-11-15 16:00:00,0.6460049999999999,0.64654,0.64562,0.646075,7793
2024-11-15 17:00:00,0.64608,0.64681,0.6459999999999999,0.6463000000000001,5343
2024-11-15 18:00:00,0.646315,0.646585,0.645615,0.64635,4428
2024-11-15 19:00:00,0.646355,0.64647,0.645465,0.645575,3635
2024-11-15 20:00:00,0.645605,0.64568,0.6450400000000001,0.6456299999999999,3678
2024-11-15 21:00:00,0.645635,0.6464,0.645405,0.646075,2061
2024-11-17 22:00:00,0.646335,0.646425,0.645755,0.64578,875
2024-11-17 23:00:00,0.64581,0.646495,0.64577,0.646495,1787
2024-11-18 00:00:00,0.646495,0.64762,0.6460950000000001,0.647615,3039
2024-11-18 01:00:00,0.6476,0.647845,0.64683,0.64719,6199
2024-11-18 02:00:00,0.647185,0.6479,0.64684,0.6472450000000001,3546
2024-11-18 03:00:00,0.64726,0.6476850000000001,0.6462049999999999,0.646515,2658
2024-11-18 04:00:00,0.64653,0.64743,0.6463749999999999,0.6471899999999999,1631
2024-11-18 05:00:00,0.647185,0.647185,0.64621,0.6466149999999999,2716
2024-11-18 06:00:00,0.6466099999999999,0.64679,0.6461250000000001,0.6464300000000001,3346
2024-11-18 07:00:00,0.6464350000000001,0.6464350000000001,0.64539,0.64566,3205
2024-11-18 08:00:00,0.6456850000000001,0.646135,0.645275,0.645465,3894
2024-11-18 09:00:00,0.645455,0.64637,0.6450400000000001,0.6459550000000001,4225
2024-11-18 10:00:00,0.64595,0.6459550000000001,0.64542,0.645815,2503
2024-11-18 11:00:00,0.64581,0.6458349999999999,0.6448050000000001,0.645215,2525
2024-11-18 12:00:00,0.6452249999999999,0.64547,0.6448499999999999,0.645175,2972
2024-11-18 13:00:00,0.64518,0.64653,0.64489,0.64647,4052
2024-11-18 14:00:00,0.6464650000000001,0.6472899999999999,0.64628,0.6471549999999999,5133
2024-11-18 15:00:00,0.647165,0.64871,0.6470450000000001,0.648385,5236
2024-11-18 16:00:00,0.64838,0.64966,0.64833,0.6496,4172
2024-11-18 17:00:00,0.649605,0.6506,0.6491549999999999,0.65046,3523
2024-11-18 18:00:00,0.6504650000000001,0.650925,0.650265,0.650895,2684
2024-11-18 19:00:00,0.6509050000000001,0.65113,0.6503099999999999,0.6504749999999999,3097
2024-11-18 20:00:00,0.65047,0.65082,0.65024,0.650705,2990
2024-11-18 21:00:00,0.6507000000000001,0.650925,0.65059,0.65079,1267
2024-11-18 22:00:00,0.650785,0.650785,0.650345,0.650675,562
2024-11-18 23:00:00,0.650685,0.650785,0.650255,0.650575,968
2024-11-19 00:00:00,0.65058,0.65058,0.6496599999999999,0.64984,2378
2024-11-19 01:00:00,0.64985,0.6510549999999999,0.64961,0.650835,3977
2024-11-19 02:00:00,0.650825,0.651395,0.65054,0.6508400000000001,3001
2024-11-19 03:00:00,0.650835,0.65217,0.65078,0.65212,3447
2024-11-19 04:00:00,0.65213,0.6523950000000001,0.65069,0.6507700000000001,2386
2024-11-19 05:00:00,0.650775,0.650855,0.65028,0.650655,2216
2024-11-19 06:00:00,0.65065,0.6517900000000001,0.6506149999999999,0.65158,2613
2024-11-19 07:00:00,0.651555,0.65161,0.65059,0.6510549999999999,3522
2024-11-19 08:00:00,0.65106,0.651775,0.64981,0.6501950000000001,7184
2024-11-19 09:00:00,0.65018,0.6505099999999999,0.6482399999999999,0.64895,9595
2024-11-19 10:00:00,0.64897,0.650155,0.64886,0.64968,5248
2024-11-19 11:00:00,0.64969,0.649945,0.649095,0.64933,3634
2024-11-19 12:00:00,0.649335,0.6500950000000001,0.6492899999999999,0.6500950000000001,3579
2024-11-19 13:00:00,0.6501049999999999,0.651635,0.6499999999999999,0.65027,6734
2024-11-19 14:00:00,0.650265,0.651635,0.64975,0.65062,9091
2024-11-19 15:00:00,0.6506149999999999,0.6520900000000001,0.65023,0.652065,7557
2024-11-19 16:00:00,0.65207,0.65273,0.65173,0.652215,5089
2024-11-19 17:00:00,0.6522049999999999,0.652795,0.6520250000000001,0.652075,3207
2024-11-19 18:00:00,0.652065,0.653065,0.65145,0.65295,2523
2024-11-19 19:00:00,0.652955,0.653225,0.65256,0.653045,3348
2024-11-19 20:00:00,0.6530400000000001,0.6533100000000001,0.652785,0.653125,2565
2024-11-19 21:00:00,0.65312,0.6534,0.65306,0.65317,1659
2024-11-19 22:00:00,0.653195,0.65329,0.65275,0.653225,874
2024-11-19 23:00:00,0.653205,0.6541399999999999,0.65317,0.6541349999999999,1320
2024-11-20 00:00:00,0.6541399999999999,0.6544449999999999,0.653295,0.65349,2394
2024-11-20 01:00:00,0.6534949999999999,0.653695,0.65286,0.653565,4241
2024-11-20 02:00:00,0.653575,0.653815,0.65314,0.653145,2867
2024-11-20 03:00:00,0.653135,0.653395,0.652285,0.65259,2224
2024-11-20 04:00:00,0.6526000000000001,0.65286,0.652385,0.6527449999999999,1454
2024-11-20 05:00:00,0.6527499999999999,0.65296,0.6522049999999999,0.65228,1873
2024-11-20 06:00:00,0.65227,0.653195,0.6521349999999999,0.652605,2718
2024-11-20 07:00:00,0.65259,0.653105,0.6519550000000001,0.652055,4111
2024-11-20 08:00:00,0.652045,0.65227,0.651465,0.65154,3618
2024-11-20 09:00:00,0.651535,0.651905,0.65083,0.65116,3724
2024-11-20 10:00:00,0.65115,0.651435,0.6501250000000001,0.65039,2681
2024-11-20 11:00:00,0.6503749999999999,0.650455,0.64974,0.65021,2943
2024-11-20 12:00:00,0.650215,0.6509400000000001,0.6500600000000001,0.6507449999999999,2928
2024-11-20 13:00:00,0.6507400000000001,0.65117,0.6500950000000001,0.6502600000000001,3123
2024-11-20 14:00:00,0.65027,0.650355,0.648525,0.6486149999999999,4671
2024-11-20 15:00:00,0.648625,0.64954,0.648525,0.6490549999999999,5802
2024-11-20 16:00:00,0.64907,0.649555,0.648455,0.649255,4316
2024-11-20 17:00:00,0.64925,0.65027,0.649045,0.64984,2641
2024-11-20 18:00:00,0.64983,0.649965,0.64904,0.6496,3351
2024-11-20 19:00:00,0.64961,0.649975,0.64938,0.6496,2874
2024-11-20 20:00:00,0.64959,0.6502600000000001,0.649395,0.650245,2330
2024-11-20 21:00:00,0.6502399999999999,0.650665,0.65011,0.65055,1652
2024-11-20 22:00:00,0.65057,0.650765,0.650325,0.650675,568
2024-11-20 23:00:00,0.650685,0.65123,0.650605,0.65117,1054
2024-11-21 00:00:00,0.65118,0.65144,0.650655,0.6512800000000001,1813
2024-11-21 01:00:00,0.65128,0.6518900000000001,0.65108,0.65152,4158
2024-11-21 02:00:00,0.6515249999999999,0.6518,0.651205,0.651405,2686
2024-11-21 03:00:00,0.651395,0.65233,0.651065,0.6523,2399
2024-11-21 04:00:00,0.6522950000000001,0.65238,0.6514949999999999,0.65167,1827
2024-11-21 05:00:00,0.65166,0.651895,0.65111,0.65114,2088
2024-11-21 06:00:00,0.6511549999999999,0.65208,0.6511,0.651535,3478
2024-11-21 07:00:00,0.651525,0.65187,0.6509199999999999,0.65128,5086
2024-11-21 08:00:00,0.651295,0.652145,0.6511800000000001,0.651995,4382
2024-11-21 09:00:00,0.65198,0.652185,0.65063,0.650925,4777
2024-11-21 10:00:00,0.6509149999999999,0.651645,0.650825,0.65117,2808
2024-11-21 11:00:00,0.6511800000000001,0.65249,0.6510750000000001,0.65182,3176
2024-11-21 12:00:00,0.651825,0.653,0.65168,0.65248,3343
2024-11-21 13:00:00,0.6524700000000001,0.65294,0.65164,0.6526,5541
2024-11-21 14:00:00,0.652605,0.65284,0.65171,0.6527499999999999,6293
2024-11-21 15:00:00,0.65276,0.6532450000000001,0.651365,0.6515249999999999,7432
2024-11-21 16:00:00,0.651535,0.65168,0.65002,0.650155,8024
2024-11-21 17:00:00,0.6501600000000001,0.65174,0.64972,0.6516850000000001,5382
2024-11-21 18:00:00,0.6517,0.65204,0.651305,0.65177,3663
2024-11-21 19:00:00,0.65176,0.6517999999999999,0.650925,0.651585,2804
2024-11-21 20:00:00,0.65158,0.651725,0.65119,0.651435,2084
2024-11-21 21:00:00,0.6514249999999999,0.651455,0.65093,0.651135,1377
2024-11-21 22:00:00,0.65114,0.65135,0.6510400000000001,0.65116,725
2024-11-21 23:00:00,0.6511549999999999,0.65124,0.65081,0.650945,1457
2024-11-22 00:00:00,0.65095,0.65169,0.6509,0.651625,2871
2024-11-22 01:00:00,0.651615,0.65216,0.6515249999999999,0.6515949999999999,3055
2024-11-22 02:00:00,0.65159,0.651845,0.651135,0.65169,3284
2024-11-22 03:00:00,0.6516850000000001,0.652,0.651095,0.6512100000000001,3784
2024-11-22 04:00:00,0.651195,0.65134,0.6503950000000001,0.65057,2810
2024-11-22 05:00:00,0.650575,0.650575,0.6487149999999999,0.64896,4509
2024-11-22 06:00:00,0.648965,0.64944,0.64877,0.64926,3094
2024-11-22 07:00:00,0.649265,0.650575,0.64889,0.6504300000000001,3845
2024-11-22 08:00:00,0.65047,0.65187,0.65042,0.6505,6976
2024-11-22 09:00:00,0.6505099999999999,0.650515,0.64712,0.64883,11881
2024-11-22 10:00:00,0.648835,0.65054,0.648185,0.6502049999999999,6658
2024-11-22 11:00:00,0.65021,0.65034,0.649635,0.6502749999999999,4530
2024-11-22 12:00:00,0.6502950000000001,0.6505350000000001,0.649335,0.64976,4641
2024-11-22 13:00:00,0.64977,0.650845,0.6496949999999999,0.650335,5875
2024-11-22 14:00:00,0.6503399999999999,0.65083,0.64944,0.649805,7665
2024-11-22 15:00:00,0.64981,0.6505449999999999,0.649115,0.649405,10825
2024-11-22 16:00:00,0.6494150000000001,0.6494599999999999,0.648185,0.649335,5747
2024-11-22 17:00:00,0.64934,0.65021,0.64934,0.650145,4182
2024-11-22 18:00:00,0.6501399999999999,0.65058,0.64969,0.6498,3807
2024-11-22 19:00:00,0.649795,0.649975,0.649555,0.64975,3645
2024-11-22 20:00:00,0.64974,0.649975,0.649435,0.649865,3357
2024-11-22 21:00:00,0.64988,0.65029,0.64981,0.65008,2635
2024-11-24 22:00:00,0.654,0.654,0.652435,0.65345,1340
2024-11-24 23:00:00,0.6535,0.6548799999999999,0.653195,0.653945,3717
2024-11-25 00:00:00,0.6539349999999999,0.6549849999999999,0.653795,0.65448,3205
2024-11-25 01:00:00,0.6544749999999999,0.65484,0.65342,0.65359,4566
2024-11-25 02:00:00,0.6536,0.653945,0.653095,0.653135,3720
2024-11-25 03:00:00,0.653125,0.65362,0.6522049999999999,0.65235,2939
2024-11-25 04:00:00,0.652355,0.6529,0.6518349999999999,0.652455,2172
2024-11-25 05:00:00,0.65246,0.6525,0.651645,0.65202,3317
2024-11-25 06:00:00,0.652015,0.6523049999999999,0.6512899999999999,0.6522749999999999,3496
2024-11-25 07:00:00,0.65229,0.652335,0.650515,0.65065,3997
2024-11-25 08:00:00,0.6506700000000001,0.6509499999999999,0.64983,0.650285,4975
2024-11-25 09:00:00,0.65028,0.6518550000000001,0.65021,0.6515150000000001,4396
2024-11-25 10:00:00,0.651505,0.651745,0.65098,0.6510050000000001,2985
2024-11-25 11:00:00,0.650995,0.65129,0.6503950000000001,0.650495,2522
2024-11-25 12:00:00,0.6505,0.6510050000000001,0.64972,0.65091,3634
2024-11-25 13:00:00,0.6509050000000001,0.652755,0.6509050000000001,0.652505,6256
2024-11-25 14:00:00,0.6525099999999999,0.65262,0.65093,0.6511499999999999,7643
2024-11-25 15:00:00,0.6511450000000001,0.651645,0.650055,0.65017,5355
2024-11-25 16:00:00,0.650175,0.650415,0.64874,0.649065,5026
2024-11-25 17:00:00,0.64907,0.64934,0.64886,0.64914,2818
2024-11-25 18:00:00,0.64913,0.650335,0.649095,0.650245,3244
2024-11-25 19:00:00,0.650255,0.650495,0.6501349999999999,0.65035,2259
2024-11-25 20:00:00,0.650345,0.650605,0.6500049999999999,0.6501049999999999,1989
2024-11-25 21:00:00,0.6501,0.65053,0.65002,0.6504099999999999,1282
2024-11-25 22:00:00,0.6504099999999999,0.650525,0.650105,0.650255,371
2024-11-25 23:00:00,0.65025,0.6507099999999999,0.6455299999999999,0.64635,6143
2024-11-26 00:00:00,0.646345,0.64681,0.64411,0.6442000000000001,10755
2024-11-26 01:00:00,0.644205,0.6475200000000001,0.6434,0.6467700000000001,8622
2024-11-26 02:00:00,0.646765,0.64783,0.64646,0.647625,6265
2024-11-26 03:00:00,0.64763,0.6492450000000001,0.64755,0.6491450000000001,4244
2024-11-26 04:00:00,0.64914,0.650225,0.64866,0.649315,3090
2024-11-26 05:00:00,0.64931,0.649535,0.6487099999999999,0.6489100000000001,3710
2024-11-26 06:00:00,0.6489050000000001,0.6497200000000001,0.6483049999999999,0.6485350000000001,3528
2024-11-26 07:00:00,0.6485449999999999,0.648675,0.6475150000000001,0.64754,4977
2024-11-26 08:00:00,0.6475299999999999,0.64835,0.6474150000000001,0.6479600000000001,4231
2024-11-26 09:00:00,0.64797,0.64927,0.6479600000000001,0.648525,4607
2024-11-26 10:00:00,0.648515,0.64958,0.648515,0.6493599999999999,3413
2024-11-26 11:00:00,0.649355,0.64961,0.64837,0.649235,3033
2024-11-26 12:00:00,0.64923,0.65076,0.64879,0.64998,5344
2024-11-26 13:00:00,0.649985,0.650255,0.648165,0.6483099999999999,5951
2024-11-26 14:00:00,0.648325,0.6484099999999999,0.64652,0.646805,6099
2024-11-26 15:00:00,0.64681,0.647435,0.64603,0.6466149999999999,7274
2024-11-26 16:00:00,0.64662,0.64685,0.6453199999999999,0.64593,6119
2024-11-26 17:00:00,0.64594,0.64594,0.64508,0.64552,3725
2024-11-26 18:00:00,0.645505,0.64567,0.6447849999999999,0.6454,2909
2024-11-26 19:00:00,0.6454249999999999,0.6462749999999999,0.644835,0.645965,4243
2024-11-26 20:00:00,0.645965,0.646325,0.64581,0.64622,2868
2024-11-26 21:00:00,0.64621,0.647595,0.64611,0.64743,1349
2024-11-26 22:00:00,0.647455,0.64768,0.6470149999999999,0.647605,1289
2024-11-26 23:00:00,0.647605,0.6478349999999999,0.647355,0.647435,1270
2024-11-27 00:00:00,0.64744,0.6476900000000001,0.64602,0.64737,2947
2024-11-27 01:00:00,0.64735,0.6485,0.6470400000000001,0.6472500000000001,6408
2024-11-27 02:00:00,0.64724,0.647455,0.646485,0.6473450000000001,4909
2024-11-27 03:00:00,0.64735,0.648325,0.6470849999999999,0.64805,2616
2024-11-27 04:00:00,0.648045,0.648055,0.647535,0.6475500000000001,1755
2024-11-27 05:00:00,0.64754,0.64784,0.64714,0.647265,1829
2024-11-27 06:00:00,0.647275,0.648,0.647265,0.64778,2838
2024-11-27 07:00:00,0.6477999999999999,0.649185,0.6477999999999999,0.6486,4654
2024-11-27 08:00:00,0.64861,0.65008,0.6483099999999999,0.64868,7282
2024-11-27 09:00:00,0.64869,0.648935,0.64832,0.64872,4483
2024-11-27 10:00:00,0.64871,0.649085,0.648225,0.64865,2833
2024-11-27 11:00:00,0.648655,0.6486799999999999,0.6473199999999999,0.647975,2643
2024-11-27 12:00:00,0.64797,0.64829,0.64741,0.648185,3089
2024-11-27 13:00:00,0.64819,0.649665,0.64784,0.6496200000000001,5568
2024-11-27 14:00:00,0.649625,0.649975,0.648935,0.64941,6265
2024-11-27 15:00:00,0.64943,0.64954,0.647945,0.649295,8384
2024-11-27 16:00:00,0.649285,0.64993,0.64874,0.6491,6189
2024-11-27 17:00:00,0.649095,0.649895,0.6484300000000001,0.649395,4325
2024-11-27 18:00:00,0.649405,0.64998,0.6492,0.6496900000000001,2334
2024-11-27 19:00:00,0.64968,0.64993,0.64941,0.649625,2142
2024-11-27 20:00:00,0.6496200000000001,0.64993,0.6494249999999999,0.64981,2204
2024-11-27 21:00:00,0.649805,0.649965,0.6496500000000001,0.64968,913
2024-11-27 22:00:00,0.6496649999999999,0.650015,0.649135,0.649755,743
2024-11-27 23:00:00,0.649745,0.65037,0.64956,0.6496850000000001,759
2024-11-28 00:00:00,0.6496850000000001,0.6502,0.6493899999999999,0.649745,1728
2024-11-28 01:00:00,0.64974,0.650945,0.6495299999999999,0.65041,3770
2024-11-28 02:00:00,0.65042,0.6507000000000001,0.64951,0.6500600000000001,2865
2024-11-28 03:00:00,0.650065,0.6500950000000001,0.648605,0.648825,2364
2024-11-28 04:00:00,0.64882,0.64914,0.648405,0.6491199999999999,1821
2024-11-28 10:00:00,0.64972,0.6499550000000001,0.64938,0.6499550000000001,2090
2024-11-28 11:00:00,0.649945,0.650555,0.64947,0.64979,1900
2024-11-28 12:00:00,0.64981,0.64998,0.64943,0.64949,1870
2024-11-28 13:00:00,0.649475,0.650175,0.649285,0.65004,2838
2024-11-28 14:00:00,0.650045,0.650185,0.6496500000000001,0.6500600000000001,2195
2024-11-28 15:00:00,0.650065,0.65038,0.649045,0.64997,2630
2024-11-28 16:00:00,0.649965,0.650385,0.64976,0.650355,1624
2024-11-28 17:00:00,0.65036,0.650425,0.65004,0.6502399999999999,538
2024-11-28 18:00:00,0.650245,0.6503099999999999,0.65004,0.650205,270
2024-11-28 19:00:00,0.65019,0.6503000000000001,0.65005,0.650265,131
2024-11-28 20:00:00,0.650255,0.650305,0.6499900000000001,0.650095,300
2024-11-28 21:00:00,0.6500900000000001,0.650175,0.64985,0.6499,262
2024-11-28 22:00:00,0.6498999999999999,0.65025,0.6488750000000001,0.650135,946
2024-11-28 23:00:00,0.650155,0.650775,0.64992,0.6507050000000001,1126
2024-11-29 00:00:00,0.65071,0.651095,0.65022,0.65055,2603
2024-11-29 01:00:00,0.65054,0.651555,0.65037,0.65076,6133
2024-11-29 02:00:00,0.6507499999999999,0.6509849999999999,0.65027,0.65084,3597
2024-11-29 03:00:00,0.65085,0.6521049999999999,0.65063,0.6521,2909
2024-11-29 04:00:00,0.6521049999999999,0.652365,0.6516299999999999,0.6516599999999999,1909
2024-11-29 05:00:00,0.651655,0.6519600000000001,0.651265,0.6514949999999999,2674
2024-11-29 06:00:00,0.6514800000000001,0.652145,0.6510750000000001,0.6521,3183
2024-11-29 07:00:00,0.65211,0.6528050000000001,0.6514800000000001,0.6516900000000001,4586
2024-11-29 08:00:00,0.6516850000000001,0.65173,0.650835,0.650935,3957
2024-11-29 09:00:00,0.65093,0.6516900000000001,0.650215,0.6508149999999999,3817
2024-11-29 10:00:00,0.6508050000000001,0.650895,0.65017,0.6502749999999999,3090
2024-11-29 11:00:00,0.65027,0.65109,0.64999,0.65077,2840
2024-11-29 12:00:00,0.65078,0.6508400000000001,0.6496850000000001,0.6502749999999999,3581
2024-11-29 13:00:00,0.65028,0.65054,0.64984,0.65041,3926
2024-11-29 14:00:00,0.650415,0.65158,0.6495850000000001,0.65151,4519
2024-11-29 15:00:00,0.65149,0.651775,0.65057,0.651405,7404
2024-11-29 16:00:00,0.65142,0.651715,0.650775,0.65114,6688
2024-11-29 17:00:00,0.6511499999999999,0.6522,0.650875,0.65219,4601
2024-11-29 18:00:00,0.6522,0.6525650000000001,0.652005,0.652115,4260
2024-11-29 19:00:00,0.65212,0.65264,0.65206,0.65262,3747
2024-11-29 20:00:00,0.652615,0.6526350000000001,0.652365,0.6524300000000001,1980
2024-11-29 21:00:00,0.652425,0.6524300000000001,0.65127,0.65127,3493
2024-12-01 22:00:00,0.651255,0.6515,0.6510549999999999,0.6510549999999999,712
2024-12-01 23:00:00,0.6510450000000001,0.651165,0.6497850000000001,0.650185,2537
2024-12-02 00:00:00,0.650175,0.650355,0.6493,0.64959,3111
2024-12-02 01:00:00,0.64956,0.650705,0.64925,0.6502399999999999,5545
2024-12-02 02:00:00,0.650235,0.65029,0.64908,0.64974,4380
2024-12-02 03:00:00,0.64975,0.65015,0.64955,0.6497850000000001,3368
2024-12-02 04:00:00,0.64977,0.650075,0.64929,0.649535,2695
2024-12-02 05:00:00,0.6495299999999999,0.65033,0.64906,0.64984,3895
2024-12-02 06:00:00,0.6498349999999999,0.65107,0.64969,0.6508149999999999,4933
2024-12-02 07:00:00,0.65082,0.65109,0.649655,0.64967,5543
2024-12-02 08:00:00,0.64966,0.6498900000000001,0.648845,0.6496200000000001,5549
2024-12-02 09:00:00,0.6496,0.650325,0.649195,0.64944,3250
2024-12-02 10:00:00,0.649435,0.6499349999999999,0.6489149999999999,0.6493450000000001,3636
2024-12-02 11:00:00,0.64934,0.6496850000000001,0.649005,0.6490849999999999,2396
2024-12-02 12:00:00,0.6490800000000001,0.649505,0.6473899999999999,0.647795,4242
2024-12-02 13:00:00,0.647785,0.648175,0.6467400000000001,0.646995,4605
2024-12-02 14:00:00,0.6470100000000001,0.647305,0.6450450000000001,0.6452,5506
2024-12-02 15:00:00,0.64522,0.64563,0.6445,0.64471,7521
2024-12-02 16:00:00,0.6447149999999999,0.64612,0.6443099999999999,0.645675,5734
2024-12-02 17:00:00,0.64567,0.64639,0.64548,0.646115,3472
2024-12-02 18:00:00,0.6461250000000001,0.64676,0.6458900000000001,0.646665,2652
2024-12-02 19:00:00,0.646675,0.64724,0.646665,0.64714,2547
2024-12-02 20:00:00,0.647135,0.648405,0.64694,0.64754,4262
2024-12-02 21:00:00,0.647535,0.64779,0.64733,0.64749,1896
2024-12-02 22:00:00,0.6475150000000001,0.64786,0.64724,0.6474249999999999,683
2024-12-02 23:00:00,0.6474249999999999,0.6477900000000001,0.64735,0.64748,857
2024-12-03 00:00:00,0.64746,0.6477649999999999,0.64663,0.6474949999999999,1992
2024-12-03 01:00:00,0.6475,0.64813,0.64638,0.6466350000000001,4240
2024-12-03 02:00:00,0.646625,0.64674,0.645535,0.64614,3648
2024-12-03 03:00:00,0.64612,0.64725,0.6459999999999999,0.646895,3026
2024-12-03 04:00:00,0.64689,0.64707,0.646605,0.646995,1780
2024-12-03 05:00:00,0.64699,0.6473249999999999,0.646685,0.6469750000000001,2412
2024-12-03 06:00:00,0.646955,0.647605,0.64666,0.647015,3124
2024-12-03 07:00:00,0.64702,0.648665,0.646745,0.648425,3354
2024-12-03 08:00:00,0.64843,0.65037,0.64835,0.6502049999999999,5413
2024-12-03 09:00:00,0.65022,0.6504650000000001,0.6492,0.649555,2973
2024-12-03 10:00:00,0.649585,0.649735,0.6487,0.648765,2412
2024-12-03 11:00:00,0.648755,0.6491,0.648625,0.649035,2177
2024-12-03 12:00:00,0.649045,0.6490750000000001,0.647795,0.648015,2753
2024-12-03 13:00:00,0.648,0.649045,0.6478200000000001,0.648665,4282
2024-12-03 14:00:00,0.648675,0.649095,0.64806,0.648285,5753
2024-12-03 15:00:00,0.64827,0.6482749999999999,0.64609,0.6477550000000001,8829
2024-12-03 16:00:00,0.64776,0.64812,0.647005,0.64811,4425
2024-12-03 17:00:00,0.6481,0.649195,0.647995,0.649035,3558
2024-12-03 18:00:00,0.64903,0.6494,0.649,0.649205,2778
2024-12-03 19:00:00,0.6492100000000001,0.6492450000000001,0.647965,0.648,2023
2024-12-03 20:00:00,0.647995,0.6485,0.6478550000000001,0.64838,2010
2024-12-03 21:00:00,0.6483749999999999,0.648695,0.6482,0.648625,1040
2024-12-03 22:00:00,0.64857,0.648735,0.64822,0.648735,447
2024-12-03 23:00:00,0.6487449999999999,0.648755,0.648215,0.64852,1106
2024-12-04 00:00:00,0.648505,0.64884,0.646305,0.64646,2875
2024-12-04 01:00:00,0.64649,0.64711,0.6453199999999999,0.6454150000000001,4894
2024-12-04 02:00:00,0.64541,0.64572,0.642825,0.6429,5298
2024-12-04 03:00:00,0.642895,0.6429199999999999,0.6408050000000001,0.641485,4892
2024-12-04 04:00:00,0.6414949999999999,0.64374,0.64107,0.643735,3519
2024-12-04 05:00:00,0.64374,0.64471,0.6433,0.644235,3425
2024-12-04 06:00:00,0.64424,0.645115,0.643605,0.644315,3959
2024-12-04 07:00:00,0.64431,0.64435,0.64357,0.64393,4106
2024-12-04 08:00:00,0.6439349999999999,0.644015,0.6423650000000001,0.64245,5137
2024-12-04 09:00:00,0.6424449999999999,0.64259,0.64167,0.641895,3757
2024-12-04 10:00:00,0.641905,0.64209,0.6408849999999999,0.641205,2859
2024-12-04 11:00:00,0.641195,0.641905,0.640925,0.64132,2813
2024-12-04 12:00:00,0.64131,0.64134,0.640085,0.6402749999999999,2987
2024-12-04 13:00:00,0.64027,0.6412599999999999,0.6399250000000001,0.64077,5894
2024-12-04 14:00:00,0.64076,0.6416550000000001,0.64042,0.6412100000000001,5107
2024-12-04 15:00:00,0.641265,0.643785,0.641265,0.643375,11008
2024-12-04 16:00:00,0.643375,0.643895,0.64294,0.6434899999999999,4720
2024-12-04 17:00:00,0.643475,0.64409,0.64325,0.64395,3562
2024-12-04 18:00:00,0.6439349999999999,0.6441049999999999,0.643055,0.6430750000000001,2732
2024-12-04 19:00:00,0.6430750000000001,0.644345,0.64283,0.6435599999999999,5245
2024-12-04 20:00:00,0.6435850000000001,0.64415,0.6431549999999999,0.643965,2527
2024-12-04 21:00:00,0.6439600000000001,0.64405,0.6429400000000001,0.6430199999999999,1384
2024-12-04 22:00:00,0.643025,0.6431,0.642795,0.6429,444
2024-12-04 23:00:00,0.64291,0.64349,0.64267,0.64316,1181
2024-12-05 00:00:00,0.643175,0.64323,0.64215,0.6422650000000001,2572
2024-12-05 01:00:00,0.6422950000000001,0.64349,0.6422950000000001,0.64287,3219
2024-12-05 02:00:00,0.64286,0.643695,0.64269,0.64314,2769
2024-12-05 03:00:00,0.64315,0.6435500000000001,0.6430549999999999,0.6435,1801
2024-12-05 04:00:00,0.643505,0.64357,0.643105,0.643235,1372
2024-12-05 05:00:00,0.64324,0.6438349999999999,0.6432,0.6436850000000001,2049
2024-12-05 06:00:00,0.64368,0.64391,0.64338,0.6438699999999999,1967
2024-12-05 07:00:00,0.6438649999999999,0.64489,0.64385,0.64472,2814
2024-12-05 08:00:00,0.6447350000000001,0.645295,0.64435,0.6444300000000001,3259
2024-12-05 09:00:00,0.64444,0.64463,0.643725,0.64384,2553
2024-12-05 10:00:00,0.6438349999999999,0.6441950000000001,0.64364,0.643775,2236
2024-12-05 11:00:00,0.6437649999999999,0.6442749999999999,0.64348,0.643895,2215
2024-12-05 12:00:00,0.643885,0.643915,0.642815,0.64344,2918
2024-12-05 13:00:00,0.643445,0.644695,0.643275,0.6442950000000001,6262
2024-12-05 14:00:00,0.6443,0.6453,0.64378,0.64453,6014
2024-12-05 15:00:00,0.644525,0.6446,0.642335,0.643525,5699
2024-12-05 16:00:00,0.64352,0.6441699999999999,0.6433150000000001,0.643705,3900
2024-12-05 17:00:00,0.6437,0.644055,0.6432249999999999,0.643815,2688
2024-12-05 18:00:00,0.643805,0.6441950000000001,0.64266,0.6441399999999999,2419
2024-12-05 19:00:00,0.6441399999999999,0.645485,0.6441399999999999,0.645285,2817
2024-12-05 20:00:00,0.64528,0.6454249999999999,0.644945,0.6450549999999999,1701
2024-12-05 21:00:00,0.6450400000000001,0.645445,0.64493,0.6452549999999999,892
2024-12-05 22:00:00,0.6452100000000001,0.64554,0.6451,0.64534,810
2024-12-05 23:00:00,0.64533,0.645575,0.644855,0.64508,1037
2024-12-06 00:00:00,0.6450899999999999,0.64513,0.6439250000000001,0.64408,2100
2024-12-06 01:00:00,0.644085,0.64445,0.641965,0.64235,3741
2024-12-06 02:00:00,0.642335,0.6435850000000001,0.64221,0.64315,3327
2024-12-06 03:00:00,0.6431549999999999,0.64415,0.6431549999999999,0.643575,2463
2024-12-06 04:00:00,0.643555,0.64364,0.642685,0.64297,1674
2024-12-06 05:00:00,0.6429750000000001,0.6433450000000001,0.64249,0.6432249999999999,1747
2024-12-06 06:00:00,0.64323,0.64323,0.6426000000000001,0.6427700000000001,2168
2024-12-06 07:00:00,0.64278,0.6430750000000001,0.64225,0.64299,2539
2024-12-06 08:00:00,0.643,0.6432100000000001,0.64227,0.642585,2697
2024-12-06 09:00:00,0.642575,0.6429849999999999,0.642335,0.6426400000000001,2048
2024-12-06 10:00:00,0.6426499999999999,0.642675,0.64172,0.6421250000000001,1879
2024-12-06 11:00:00,0.642135,0.642455,0.6414150000000001,0.641615,1863
2024-12-06 12:00:00,0.64161,0.64229,0.64142,0.641465,2483
2024-12-06 13:00:00,0.6414599999999999,0.644495,0.6409050000000001,0.6434500000000001,11326
2024-12-06 14:00:00,0.643455,0.643595,0.6410750000000001,0.641325,10220
2024-12-06 15:00:00,0.641315,0.6413599999999999,0.6383749999999999,0.6389750000000001,8062
2024-12-06 16:00:00,0.6389800000000001,0.6392599999999999,0.63815,0.6381600000000001,5363
2024-12-06 17:00:00,0.638155,0.6381600000000001,0.637285,0.63788,3521
2024-12-06 18:00:00,0.637875,0.63871,0.6377649999999999,0.637945,2232
2024-12-06 19:00:00,0.63795,0.63856,0.637455,0.638505,1730
2024-12-06 20:00:00,0.63851,0.639005,0.63846,0.6389800000000001,1850
2024-12-06 21:00:00,0.6389750000000001,0.6392450000000001,0.638825,0.6390800000000001,864
2024-12-08 22:00:00,0.6392100000000001,0.63973,0.639105,0.6396,496
2024-12-08 23:00:00,0.6395649999999999,0.6402,0.63932,0.63996,1767
2024-12-09 00:00:00,0.63995,0.63995,0.63887,0.6394949999999999,2315
2024-12-09 01:00:00,0.6395,0.64012,0.6392100000000001,0.63964,2915
2024-12-09 02:00:00,0.639645,0.640355,0.6392450000000001,0.6397550000000001,2249
2024-12-09 03:00:00,0.63976,0.639805,0.63842,0.6384399999999999,2037
2024-12-09 04:00:00,0.638435,0.638865,0.63801,0.63817,1653
2024-12-09 05:00:00,0.6381650000000001,0.6385700000000001,0.6380349999999999,0.6385350000000001,1782
2024-12-09 06:00:00,0.63855,0.63898,0.63838,0.638855,1818
2024-12-09 07:00:00,0.63885,0.64236,0.6383000000000001,0.6423399999999999,5435
2024-12-09 08:00:00,0.6423449999999999,0.643675,0.6419900000000001,0.6436200000000001,4398
2024-12-09 09:00:00,0.643635,0.644645,0.64351,0.643975,3294
2024-12-09 10:00:00,0.643985,0.644945,0.64395,0.644555,2412
2024-12-09 11:00:00,0.64455,0.645005,0.64409,0.64419,2099
2024-12-09 12:00:00,0.644185,0.64493,0.64393,0.64465,2711
2024-12-09 13:00:00,0.644655,0.646675,0.64459,0.64644,4105
2024-12-09 14:00:00,0.6464350000000001,0.646585,0.64538,0.645985,4571
2024-12-09 15:00:00,0.64599,0.6471199999999999,0.645825,0.646675,5409
2024-12-09 16:00:00,0.646675,0.64715,0.64577,0.645985,4084
2024-12-09 17:00:00,0.64598,0.64649,0.645455,0.645485,2755
2024-12-09 18:00:00,0.64548,0.6455850000000001,0.644925,0.645135,2394
2024-12-09 19:00:00,0.64513,0.64513,0.64406,0.644405,2055
2024-12-09 20:00:00,0.64441,0.64454,0.6433949999999999,0.64373,1864
2024-12-09 21:00:00,0.64372,0.6441,0.6436,0.64395,815
2024-12-09 22:00:00,0.643955,0.64428,0.64354,0.64405,737
2024-12-09 23:00:00,0.6440600000000001,0.64417,0.64363,0.64375,1210
2024-12-10 00:00:00,0.6437649999999999,0.6437999999999999,0.642745,0.643005,2276
2024-12-10 01:00:00,0.6430199999999999,0.6430400000000001,0.64167,0.64242,3949
2024-12-10 02:00:00,0.642415,0.64325,0.6415949999999999,0.6416900000000001,4276
2024-12-10 03:00:00,0.6416850000000001,0.641825,0.6379699999999999,0.639315,5723
2024-12-10 04:00:00,0.63932,0.640485,0.638405,0.63845,4263
2024-12-10 05:00:00,0.6384449999999999,0.640085,0.6383099999999999,0.63963,3806
2024-12-10 06:00:00,0.639635,0.64033,0.63928,0.6400049999999999,2983
2024-12-10 07:00:00,0.6399900000000001,0.6402,0.63819,0.638275,3388
2024-12-10 08:00:00,0.63828,0.6395850000000001,0.63809,0.63929,3236
2024-12-10 09:00:00,0.639295,0.6398900000000001,0.6390549999999999,0.6394200000000001,3100
2024-12-10 10:00:00,0.63941,0.640255,0.6394,0.6397600000000001,2573
2024-12-10 11:00:00,0.6397550000000001,0.64002,0.639195,0.63983,2295
2024-12-10 12:00:00,0.639845,0.6400349999999999,0.638755,0.639905,3176
2024-12-10 13:00:00,0.639915,0.6401,0.639185,0.639405,3226
2024-12-10 14:00:00,0.63942,0.639965,0.638255,0.638415,4699
2024-12-10 15:00:00,0.63842,0.63856,0.6367149999999999,0.636935,5168
2024-12-10 16:00:00,0.63694,0.63761,0.6365400000000001,0.637555,3804
2024-12-10 17:00:00,0.63756,0.637815,0.637115,0.6373249999999999,2195
2024-12-10 18:00:00,0.63732,0.63824,0.637295,0.63806,2011
2024-12-10 19:00:00,0.638075,0.638415,0.6379049999999999,0.638155,1801
2024-12-10 20:00:00,0.6381600000000001,0.63836,0.637915,0.6379250000000001,1873
2024-12-10 21:00:00,0.63793,0.6380950000000001,0.6376850000000001,0.63775,971
2024-12-10 22:00:00,0.63774,0.638195,0.63765,0.6378349999999999,767
2024-12-10 23:00:00,0.6378699999999999,0.6381749999999999,0.637515,0.63756,1063
2024-12-11 00:00:00,0.63754,0.63822,0.636905,0.6374299999999999,1761
2024-12-11 01:00:00,0.63742,0.638215,0.6373949999999999,0.63807,3567
2024-12-11 02:00:00,0.638065,0.63859,0.6377649999999999,0.6382049999999999,3072
2024-12-11 03:00:00,0.6382,0.638925,0.638055,0.63829,2148
2024-12-11 04:00:00,0.638285,0.63837,0.6370199999999999,0.637365,1511
2024-12-11 05:00:00,0.63736,0.63755,0.6367700000000001,0.63717,2020
2024-12-11 06:00:00,0.637165,0.6374850000000001,0.6369,0.63731,2087
2024-12-11 07:00:00,0.637315,0.637445,0.6340749999999999,0.635,7969
2024-12-11 08:00:00,0.6349899999999999,0.63641,0.63471,0.63582,4014
2024-12-11 09:00:00,0.63581,0.6359600000000001,0.6340049999999999,0.6346849999999999,4511
2024-12-11 10:00:00,0.634675,0.6349450000000001,0.63367,0.6346400000000001,2968
2024-12-11 11:00:00,0.6346350000000001,0.635265,0.63428,0.635165,1953
2024-12-11 12:00:00,0.63517,0.63639,0.63507,0.635615,3205
2024-12-11 13:00:00,0.63563,0.6376850000000001,0.635625,0.6368199999999999,8397
2024-12-11 14:00:00,0.63681,0.637265,0.6357349999999999,0.636335,7632
2024-12-11 15:00:00,0.63634,0.6372150000000001,0.635515,0.6365149999999999,7296
2024-12-11 16:00:00,0.636525,0.63777,0.63625,0.6376,4337
2024-12-11 17:00:00,0.637605,0.63776,0.63638,0.636505,3043
2024-12-11 18:00:00,0.63651,0.63761,0.636305,0.63639,4204
2024-12-11 19:00:00,0.63638,0.637405,0.6363000000000001,0.6370549999999999,3151
2024-12-11 20:00:00,0.63706,0.63736,0.63681,0.637095,2478
2024-12-11 21:00:00,0.637105,0.63732,0.63679,0.6369,1353
2024-12-11 22:00:00,0.63688,0.637275,0.63662,0.6372549999999999,913
2024-12-11 23:00:00,0.63727,0.6384000000000001,0.63715,0.63836,1242
2024-12-12 00:00:00,0.638355,0.64142,0.6376900000000001,0.640395,4270
2024-12-12 01:00:00,0.64051,0.6412199999999999,0.6400699999999999,0.64111,4344
2024-12-12 02:00:00,0.641115,0.6412800000000001,0.64036,0.64062,3188
2024-12-12 03:00:00,0.6406350000000001,0.641775,0.64061,0.64167,2528
2024-12-12 04:00:00,0.64165,0.6419,0.6411549999999999,0.641615,1521
2024-12-12 05:00:00,0.64162,0.6420300000000001,0.641275,0.641705,2525
2024-12-12 06:00:00,0.64171,0.6421399999999999,0.641635,0.642115,2307
2024-12-12 07:00:00,0.64211,0.642945,0.641425,0.641535,4428
2024-12-12 08:00:00,0.641525,0.6418699999999999,0.640155,0.640435,4221
2024-12-12 09:00:00,0.64044,0.6415900000000001,0.640215,0.64147,2007
2024-12-12 10:00:00,0.6414599999999999,0.6418999999999999,0.64042,0.640515,2605
2024-12-12 11:00:00,0.640505,0.641705,0.63964,0.6402950000000001,4699
2024-12-12 12:00:00,0.6403,0.640395,0.639295,0.6394200000000001,3046
2024-12-12 13:00:00,0.6394249999999999,0.6404449999999999,0.63884,0.63979,7777
2024-12-12 14:00:00,0.63981,0.6403000000000001,0.63813,0.639795,8908
2024-12-12 15:00:00,0.6398,0.63994,0.6368149999999999,0.638075,9141
2024-12-12 16:00:00,0.638075,0.63879,0.63793,0.6386350000000001,5004
2024-12-12 17:00:00,0.63864,0.63924,0.63758,0.6380049999999999,4225
2024-12-12 18:00:00,0.638015,0.638165,0.637035,0.63714,3708
2024-12-12 19:00:00,0.63713,0.637475,0.636315,0.636375,3192
2024-12-12 20:00:00,0.63638,0.636835,0.636115,0.63633,2121
2024-12-12 21:00:00,0.63632,0.636925,0.63623,0.636865,1307
2024-12-12 22:00:00,0.6368849999999999,0.637415,0.63628,0.63663,771
2024-12-12 23:00:00,0.636675,0.63724,0.636365,0.6371199999999999,1247
2024-12-13 00:00:00,0.63713,0.637185,0.6365099999999999,0.63675,2057
2024-12-13 01:00:00,0.636745,0.637135,0.63591,0.63624,3196
2024-12-13 02:00:00,0.636255,0.63628,0.63544,0.635825,3121
2024-12-13 03:00:00,0.635815,0.63653,0.635815,0.6362000000000001,1991
2024-12-13 04:00:00,0.6362049999999999,0.63678,0.6361049999999999,0.63672,1388
2024-12-13 05:00:00,0.636725,0.636835,0.63595,0.636385,2019
2024-12-13 06:00:00,0.63638,0.63664,0.6354850000000001,0.636605,2406
2024-12-13 07:00:00,0.63656,0.6370549999999999,0.635955,0.6369,3669
2024-12-13 08:00:00,0.63689,0.637155,0.63578,0.636555,3857
2024-12-13 09:00:00,0.63656,0.63726,0.6361950000000001,0.63666,2953
2024-12-13 10:00:00,0.636665,0.637615,0.6365,0.63713,3244
2024-12-13 11:00:00,0.637115,0.63748,0.637,0.63708,2273
2024-12-13 12:00:00,0.6370750000000001,0.63824,0.636895,0.638125,3255
2024-12-13 13:00:00,0.63813,0.63837,0.6376850000000001,0.638075,3253
2024-12-13 14:00:00,0.63807,0.63807,0.6364650000000001,0.63656,4015
2024-12-13 15:00:00,0.63655,0.63655,0.6351899999999999,0.63593,4865
2024-12-13 16:00:00,0.6359349999999999,0.6362049999999999,0.63532,0.635675,3605
2024-12-13 17:00:00,0.63568,0.6360049999999999,0.635335,0.63573,3266
2024-12-13 18:00:00,0.63574,0.63611,0.6355,0.635775,2487
2024-12-13 19:00:00,0.63577,0.636075,0.63553,0.6356900000000001,1998
2024-12-13 20:00:00,0.6357,0.6357900000000001,0.63536,0.6357,1824
2024-12-13 21:00:00,0.635705,0.63634,0.6355850000000001,0.635955,1133
2024-12-15 22:00:00,0.6352949999999999,0.6360950000000001,0.635265,0.635985,735
2024-12-15 23:00:00,0.635965,0.636835,0.635625,0.6367,1347
2024-12-16 00:00:00,0.636695,0.637195,0.63645,0.63646,2042
2024-12-16 01:00:00,0.636455,0.6373249999999999,0.63645,0.6372,3194
2024-12-16 02:00:00,0.637195,0.63741,0.63619,0.63647,3112
2024-12-16 03:00:00,0.636475,0.6374150000000001,0.63637,0.63741,2391
2024-12-16 04:00:00,0.637405,0.6382749999999999,0.637335,0.637625,1838
2024-12-16 05:00:00,0.6376299999999999,0.637805,0.6372599999999999,0.6374949999999999,1849
2024-12-16 06:00:00,0.63748,0.6377900000000001,0.63661,0.6369,2105
2024-12-16 07:00:00,0.636895,0.6374500000000001,0.6366099999999999,0.637,1888
2024-12-16 08:00:00,0.637005,0.637625,0.63662,0.636745,3655
2024-12-16 09:00:00,0.63673,0.637455,0.6364,0.6365149999999999,2424
2024-12-16 10:00:00,0.63651,0.6366050000000001,0.635285,0.635285,1725
2024-12-16 11:00:00,0.635275,0.63551,0.635,0.635335,1525
2024-12-16 12:00:00,0.635345,0.6359,0.6351800000000001,0.635715,2031
2024-12-16 13:00:00,0.6357200000000001,0.63615,0.63557,0.63602,2605
2024-12-16 14:00:00,0.6360399999999999,0.63624,0.63455,0.635235,4244
2024-12-16 15:00:00,0.63524,0.63704,0.634855,0.63703,5102
2024-12-16 16:00:00,0.637035,0.6373949999999999,0.63645,0.6370450000000001,3828
2024-12-16 17:00:00,0.63704,0.637705,0.6368499999999999,0.63722,2764
2024-12-16 18:00:00,0.6372150000000001,0.6375,0.636765,0.637445,1659
2024-12-16 19:00:00,0.63744,0.63753,0.6364,0.6368499999999999,1454
2024-12-16 20:00:00,0.63683,0.63698,0.63669,0.63686,1225
2024-12-16 21:00:00,0.636855,0.6371249999999999,0.63672,0.637105,816
2024-12-16 22:00:00,0.6371,0.63733,0.63663,0.63703,1024
2024-12-16 23:00:00,0.63703,0.6376850000000001,0.6369849999999999,0.637655,1272
2024-12-17 00:00:00,0.63766,0.6378,0.636965,0.637095,1886
2024-12-17 01:00:00,0.637085,0.63747,0.63667,0.637335,3002
2024-12-17 02:00:00,0.637345,0.637535,0.636565,0.63662,2465
2024-12-17 03:00:00,0.636625,0.6369,0.6360049999999999,0.6361749999999999,1667
2024-12-17 04:00:00,0.63618,0.63657,0.6355649999999999,0.63557,1322
2024-12-17 05:00:00,0.6355949999999999,0.63567,0.635005,0.6350450000000001,1673
2024-12-17 06:00:00,0.63505,0.6354299999999999,0.63439,0.634815,2140
2024-12-17 07:00:00,0.6348,0.635715,0.63478,0.6350450000000001,2412
2024-12-17 08:00:00,0.63505,0.63509,0.6342,0.634395,2538
2024-12-17 09:00:00,0.63439,0.634795,0.63401,0.63419,2231
2024-12-17 10:00:00,0.63418,0.63436,0.633685,0.63408,1994
2024-12-17 11:00:00,0.6340749999999999,0.63453,0.6337649999999999,0.634335,1499
2024-12-17 12:00:00,0.6343300000000001,0.634695,0.634185,0.634595,2385
2024-12-17 13:00:00,0.63459,0.63521,0.63402,0.6351100000000001,3923
2024-12-17 14:00:00,0.635105,0.6355,0.633955,0.634335,4627
2024-12-17 15:00:00,0.63434,0.6345149999999999,0.63361,0.6341650000000001,5095
2024-12-17 16:00:00,0.6341650000000001,0.63425,0.63325,0.63373,3171
2024-12-17 17:00:00,0.6337349999999999,0.63436,0.6335,0.63412,2637
2024-12-17 18:00:00,0.63411,0.6343,0.63377,0.63395,1994
2024-12-17 19:00:00,0.633955,0.634135,0.63351,0.6335299999999999,1409
2024-12-17 20:00:00,0.633525,0.633635,0.63316,0.633465,1266
2024-12-17 21:00:00,0.63345,0.63382,0.633305,0.633745,898
2024-12-17 22:00:00,0.6337900000000001,0.634155,0.633655,0.6338349999999999,480
2024-12-17 23:00:00,0.63383,0.633945,0.63348,0.63393,1109
2024-12-18 00:00:00,0.6339250000000001,0.6339250000000001,0.63319,0.633265,1603
2024-12-18 01:00:00,0.6332800000000001,0.63348,0.6325,0.63292,2583
2024-12-18 02:00:00,0.632925,0.63313,0.63178,0.63261,2354
2024-12-18 03:00:00,0.632625,0.6326700000000001,0.6317200000000001,0.63176,2050
2024-12-18 04:00:00,0.6317550000000001,0.6318,0.63129,0.63131,1756
2024-12-18 05:00:00,0.631305,0.63157,0.6309899999999999,0.6313150000000001,1864
2024-12-18 06:00:00,0.631305,0.632285,0.631135,0.63219,1996
2024-12-18 07:00:00,0.632185,0.6323449999999999,0.63139,0.6314949999999999,2842
2024-12-18 08:00:00,0.63149,0.63158,0.63096,0.63125,2975
2024-12-18 09:00:00,0.631235,0.63165,0.630525,0.6307,2312
2024-12-18 10:00:00,0.630715,0.63145,0.63069,0.631445,1699
2024-12-18 11:00:00,0.63145,0.6316200000000001,0.6311549999999999,0.6314500000000001,1874
2024-12-18 12:00:00,0.6314299999999999,0.63215,0.631405,0.6320749999999999,2066
2024-12-18 13:00:00,0.63207,0.6326099999999999,0.631875,0.63229,2676
2024-12-18 14:00:00,0.6323,0.63272,0.631915,0.63252,3735
2024-12-18 15:00:00,0.632525,0.632575,0.6305449999999999,0.630595,4325
2024-12-18 16:00:00,0.63059,0.63069,0.629985,0.6300699999999999,3482
2024-12-18 17:00:00,0.6300749999999999,0.630585,0.629915,0.63028,2520
2024-12-18 18:00:00,0.63029,0.63077,0.6301650000000001,0.630495,2434
2024-12-18 19:00:00,0.6305050000000001,0.6306,0.62395,0.624105,17765
2024-12-18 20:00:00,0.624115,0.6244449999999999,0.622255,0.622565,16047
2024-12-18 21:00:00,0.622555,0.622915,0.6213949999999999,0.62176,5116
2024-12-18 22:00:00,0.621765,0.62225,0.6214500000000001,0.621455,1444
2024-12-18 23:00:00,0.6214649999999999,0.6220950000000001,0.62,0.620505,3893
2024-12-19 00:00:00,0.620495,0.62218,0.61991,0.62197,5242
2024-12-19 01:00:00,0.62198,0.622755,0.621935,0.62248,5614
2024-12-19 02:00:00,0.622475,0.623255,0.62213,0.62313,3706
2024-12-19 03:00:00,0.623135,0.62341,0.6224799999999999,0.62291,3242
2024-12-19 04:00:00,0.622925,0.62302,0.6221099999999999,0.62252,2414
2024-12-19 05:00:00,0.62251,0.62254,0.6214649999999999,0.6217,2869
2024-12-19 06:00:00,0.62169,0.6232800000000001,0.6214999999999999,0.62303,4461
2024-12-19 07:00:00,0.623045,0.623965,0.6230249999999999,0.6236649999999999,5616
2024-12-19 08:00:00,0.6236550000000001,0.62471,0.623255,0.6241749999999999,5996
2024-12-19 09:00:00,0.62417,0.624465,0.62362,0.6243350000000001,5134
2024-12-19 10:00:00,0.62433,0.62493,0.6239300000000001,0.624595,3356
2024-12-19 11:00:00,0.624605,0.6251500000000001,0.624595,0.62495,2739
2024-12-19 12:00:00,0.62494,0.6252500000000001,0.62464,0.6249499999999999,3822
2024-12-19 13:00:00,0.62494,0.62585,0.62461,0.625255,6402
2024-12-19 14:00:00,0.6252500000000001,0.62653,0.62522,0.626145,6274
2024-12-19 15:00:00,0.626155,0.6265149999999999,0.62527,0.62534,6486
2024-12-19 16:00:00,0.625335,0.62628,0.624925,0.625005,5943
2024-12-19 17:00:00,0.6250199999999999,0.62575,0.6247,0.62473,4393
2024-12-19 18:00:00,0.624725,0.6253,0.623985,0.62523,4443
2024-12-19 19:00:00,0.6252150000000001,0.6254900000000001,0.6242399999999999,0.6242449999999999,3914
2024-12-19 20:00:00,0.62425,0.62456,0.623985,0.624195,3497
2024-12-19 21:00:00,0.624185,0.6242,0.6236999999999999,0.62381,1407
2024-12-19 22:00:00,0.623855,0.6240699999999999,0.62341,0.623475,960
2024-12-19 23:00:00,0.623475,0.623675,0.62294,0.623105,1742
2024-12-20 00:00:00,0.62311,0.623505,0.62249,0.622545,3207
2024-12-20 01:00:00,0.62255,0.62336,0.62201,0.622965,4920
2024-12-20 02:00:00,0.62296,0.62311,0.622255,0.62275,3437
2024-12-20 03:00:00,0.622755,0.62303,0.621505,0.622135,2994
2024-12-20 04:00:00,0.622145,0.622625,0.622,0.62251,2234
2024-12-20 05:00:00,0.6225149999999999,0.622665,0.62219,0.62245,2425
2024-12-20 06:00:00,0.62244,0.624495,0.622195,0.624225,5062
2024-12-20 07:00:00,0.62422,0.624655,0.6233299999999999,0.6246149999999999,3757
2024-12-20 08:00:00,0.62463,0.62494,0.62365,0.62383,5258
2024-12-20 09:00:00,0.6238250000000001,0.6239,0.62298,0.6233150000000001,3593
2024-12-20 10:00:00,0.62332,0.6236349999999999,0.622775,0.62304,2578
2024-12-20 11:00:00,0.62303,0.62303,0.6224799999999999,0.622645,2190
2024-12-20 12:00:00,0.622655,0.6238699999999999,0.622625,0.623415,2583
2024-12-20 13:00:00,0.6234,0.62477,0.62307,0.6235850000000001,5889
2024-12-20 14:00:00,0.62358,0.62413,0.62295,0.623695,6552
2024-12-20 15:00:00,0.623675,0.62564,0.623665,0.624645,7528
2024-12-20 16:00:00,0.62464,0.626725,0.62441,0.626525,5436
2024-12-20 17:00:00,0.6265400000000001,0.627445,0.626465,0.6265149999999999,4790
2024-12-20 18:00:00,0.62651,0.6266700000000001,0.6259349999999999,0.62616,2639
2024-12-20 19:00:00,0.62615,0.6270800000000001,0.626085,0.6267,2802
2024-12-20 20:00:00,0.626695,0.626865,0.625375,0.6253850000000001,3024
2024-12-20 21:00:00,0.6253850000000001,0.625695,0.6250199999999999,0.6251,1410
2024-12-22 22:00:00,0.6258600000000001,0.625875,0.6248499999999999,0.6249899999999999,668
2024-12-22 23:00:00,0.625035,0.625845,0.62494,0.625455,2041
2024-12-23 00:00:00,0.62547,0.62568,0.624745,0.624745,2299
2024-12-23 01:00:00,0.624745,0.625805,0.62442,0.6255,2793
2024-12-23 02:00:00,0.62549,0.62598,0.62537,0.62581,1919
2024-12-23 03:00:00,0.625815,0.62597,0.6249899999999999,0.6250500000000001,1419
2024-12-23 04:00:00,0.6250549999999999,0.62592,0.6247750000000001,0.6258699999999999,1399
2024-12-23 05:00:00,0.6259049999999999,0.62615,0.62565,0.6260650000000001,1584
2024-12-23 06:00:00,0.62607,0.62641,0.625595,0.62583,1790
2024-12-23 07:00:00,0.6258349999999999,0.625865,0.6246750000000001,0.624935,2486
2024-12-23 08:00:00,0.62493,0.625745,0.624805,0.6256550000000001,2628
2024-12-23 09:00:00,0.625675,0.6265050000000001,0.6256200000000001,0.625855,2338
2024-12-23 10:00:00,0.62584,0.6258999999999999,0.62483,0.624845,2071
2024-12-23 11:00:00,0.62484,0.625455,0.62416,0.6244400000000001,1913
2024-12-23 12:00:00,0.624445,0.62451,0.62352,0.624035,2396
2024-12-23 13:00:00,0.62403,0.624125,0.6228499999999999,0.622915,3642
2024-12-23 14:00:00,0.62294,0.6234,0.622675,0.62291,4491
2024-12-23 15:00:00,0.6229100000000001,0.6233,0.62189,0.623105,6805
2024-12-23 16:00:00,0.62309,0.6243449999999999,0.622545,0.62424,4006
2024-12-23 17:00:00,0.6242449999999999,0.624865,0.6242449999999999,0.624465,4274
2024-12-23 18:00:00,0.624475,0.625105,0.6244350000000001,0.6248,3803
2024-12-23 19:00:00,0.6247849999999999,0.624945,0.624385,0.6248400000000001,2738
2024-12-23 20:00:00,0.624835,0.62524,0.6244400000000001,0.6249499999999999,3224
2024-12-23 21:00:00,0.62497,0.62515,0.624755,0.62483,1193
2024-12-23 22:00:00,0.6248199999999999,0.6251,0.62449,0.62449,543
2024-12-23 23:00:00,0.624485,0.62487,0.624325,0.62433,1014
2024-12-24 00:00:00,0.62433,0.62461,0.62385,0.62402,1518
2024-12-24 01:00:00,0.624025,0.6241099999999999,0.62325,0.62368,1750
2024-12-24 02:00:00,0.623685,0.62449,0.62305,0.623085,2462
2024-12-24 03:00:00,0.62309,0.6237699999999999,0.622465,0.62375,2817
2024-12-24 04:00:00,0.6237550000000001,0.624025,0.6233599999999999,0.62396,1375
2024-12-24 05:00:00,0.623965,0.62426,0.623605,0.6241749999999999,1270
2024-12-24 06:00:00,0.62417,0.62475,0.62375,0.62466,1607
2024-12-24 07:00:00,0.624655,0.6248549999999999,0.624035,0.62407,1398
2024-12-24 08:00:00,0.624065,0.624495,0.623725,0.62414,2149
2024-12-24 09:00:00,0.624145,0.6242449999999999,0.6235550000000001,0.6236,1284
2024-12-24 10:00:00,0.6235900000000001,0.6238250000000001,0.62327,0.62343,1352
2024-12-24 11:00:00,0.62341,0.623615,0.6231,0.623235,1647
2024-12-24 12:00:00,0.6232500000000001,0.623345,0.62269,0.6228400000000001,3223
2024-12-24 13:00:00,0.622845,0.623785,0.622815,0.623725,3505
2024-12-24 14:00:00,0.62372,0.624145,0.6233949999999999,0.623835,4072
2024-12-24 15:00:00,0.62384,0.62412,0.622715,0.622815,4687
2024-12-24 16:00:00,0.62281,0.623265,0.622625,0.62275,3389
2024-12-24 17:00:00,0.622745,0.623475,0.62265,0.622835,3303
2024-12-24 18:00:00,0.6228400000000001,0.623415,0.6228400000000001,0.6233249999999999,1005
2024-12-24 19:00:00,0.6233299999999999,0.624125,0.623185,0.6237699999999999,1120
2024-12-24 20:00:00,0.62383,0.6240650000000001,0.62315,0.623765,501
2024-12-24 21:00:00,0.623765,0.624585,0.623215,0.623885,369
2024-12-24 22:00:00,0.62323,0.623345,0.62323,0.623305,12
2024-12-24 23:00:00,0.6233150000000001,0.62401,0.6233150000000001,0.6237649999999999,45
2024-12-25 00:00:00,0.6238900000000001,0.6239349999999999,0.623415,0.6238349999999999,52
2024-12-25 01:00:00,0.62355,0.623615,0.623035,0.6232949999999999,32
2024-12-25 02:00:00,0.6232899999999999,0.6237999999999999,0.6232899999999999,0.623685,15
2024-12-25 03:00:00,0.6238,0.6239,0.623305,0.6233949999999999,16
2024-12-25 04:00:00,0.623315,0.6233200000000001,0.62331,0.62331,5
2024-12-25 06:00:00,0.6231949999999999,0.623915,0.6230450000000001,0.6237349999999999,101
2024-12-25 07:00:00,0.623785,0.6246149999999999,0.6237550000000001,0.624585,24
2024-12-25 22:00:00,0.623795,0.62463,0.6235999999999999,0.6241099999999999,670
2024-12-25 23:00:00,0.6241,0.624695,0.623255,0.6243449999999999,1341
2024-12-26 00:00:00,0.624335,0.624625,0.623885,0.6241749999999999,1471
2024-12-26 01:00:00,0.6241650000000001,0.624425,0.62385,0.624305,1846
2024-12-26 02:00:00,0.62428,0.625055,0.6242449999999999,0.62486,1036
2024-12-26 03:00:00,0.6248549999999999,0.6254299999999999,0.624695,0.62492,1069
2024-12-26 04:00:00,0.624905,0.624905,0.623855,0.6239049999999999,1036
2024-12-26 05:00:00,0.62392,0.62458,0.623715,0.623765,1129
2024-12-26 06:00:00,0.62376,0.623955,0.623415,0.62355,1302
2024-12-26 07:00:00,0.62354,0.62374,0.62304,0.6237,1337
2024-12-26 08:00:00,0.623715,0.6237550000000001,0.62254,0.6226750000000001,1224
2024-12-26 09:00:00,0.6226700000000001,0.62281,0.6223,0.62262,1311
2024-12-26 10:00:00,0.6226050000000001,0.62337,0.622525,0.6232,888
2024-12-26 11:00:00,0.623185,0.62354,0.62299,0.623455,743
2024-12-26 12:00:00,0.623445,0.6234500000000001,0.6222300000000001,0.62249,1571
2024-12-26 13:00:00,0.6225,0.623225,0.6224799999999999,0.6225149999999999,2899
2024-12-26 14:00:00,0.62251,0.622945,0.62193,0.62225,4494
2024-12-26 15:00:00,0.622255,0.622305,0.62159,0.621645,4083
2024-12-26 16:00:00,0.62165,0.62251,0.621585,0.622485,3156
2024-12-26 17:00:00,0.6224799999999999,0.622695,0.62172,0.6220049999999999,3271
2024-12-26 18:00:00,0.622,0.6229450000000001,0.622,0.6225,3388
2024-12-26 19:00:00,0.62249,0.62249,0.621955,0.62216,2725
2024-12-26 20:00:00,0.622165,0.622225,0.621945,0.622155,2184
2024-12-26 21:00:00,0.622165,0.622215,0.62201,0.62203,1243
2024-12-26 22:00:00,0.6220349999999999,0.6229899999999999,0.621525,0.6215649999999999,870
2024-12-26 23:00:00,0.621545,0.622355,0.62151,0.62232,1147
2024-12-27 00:00:00,0.622315,0.6225149999999999,0.62192,0.622275,1643
2024-12-27 01:00:00,0.622285,0.62229,0.621665,0.62202,2649
2024-12-27 02:00:00,0.622015,0.62215,0.62163,0.6218600000000001,2730
2024-12-27 03:00:00,0.621855,0.621895,0.621245,0.62167,2352
2024-12-27 04:00:00,0.621675,0.62183,0.62095,0.620965,1500
2024-12-27 05:00:00,0.62097,0.621185,0.620495,0.62053,2160
2024-12-27 06:00:00,0.6205350000000001,0.62188,0.62051,0.6218250000000001,1778
2024-12-27 07:00:00,0.62182,0.62225,0.621445,0.622185,2297
2024-12-27 08:00:00,0.622175,0.6226149999999999,0.621495,0.6217999999999999,2553
2024-12-27 09:00:00,0.6217900000000001,0.621815,0.62072,0.6209549999999999,1420
2024-12-27 10:00:00,0.62096,0.621155,0.62056,0.621085,1482
2024-12-27 11:00:00,0.62109,0.6219399999999999,0.621015,0.62184,1478
2024-12-27 12:00:00,0.6218300000000001,0.62259,0.62157,0.622065,1761
2024-12-27 13:00:00,0.6220699999999999,0.62222,0.6213949999999999,0.62196,2085
2024-12-27 14:00:00,0.6219699999999999,0.622125,0.62101,0.621065,3350
2024-12-27 15:00:00,0.621065,0.621795,0.6201099999999999,0.6212899999999999,5663
2024-12-27 16:00:00,0.621305,0.621785,0.620625,0.620695,2966
2024-12-27 17:00:00,0.6206849999999999,0.6208549999999999,0.620055,0.62069,2684
2024-12-27 18:00:00,0.62068,0.6214850000000001,0.620675,0.62143,2311
2024-12-27 19:00:00,0.62141,0.6220049999999999,0.621275,0.621875,2060
2024-12-27 20:00:00,0.621885,0.6219,0.621175,0.621595,2521
2024-12-27 21:00:00,0.6215999999999999,0.6218600000000001,0.62147,0.6218600000000001,1100
2024-12-29 22:00:00,0.62165,0.6228,0.62139,0.622765,685
2024-12-29 23:00:00,0.62279,0.6234500000000001,0.622425,0.622485,1662
2024-12-30 00:00:00,0.622495,0.622995,0.622025,0.6227,1519
2024-12-30 01:00:00,0.6227050000000001,0.6233500000000001,0.62226,0.623155,1406
2024-12-30 02:00:00,0.62316,0.6234649999999999,0.62293,0.623415,1417
2024-12-30 03:00:00,0.62341,0.6242700000000001,0.62327,0.62423,1680
2024-12-30 04:00:00,0.62422,0.624295,0.62381,0.62402,1346
2024-12-30 05:00:00,0.624015,0.62466,0.62395,0.6242650000000001,1979
2024-12-30 06:00:00,0.62426,0.6246849999999999,0.624055,0.624065,1603
2024-12-30 07:00:00,0.624055,0.62419,0.623515,0.6238049999999999,2272
2024-12-30 08:00:00,0.623785,0.623785,0.622125,0.6221650000000001,2415
2024-12-30 09:00:00,0.6221399999999999,0.622845,0.62208,0.62242,1999
2024-12-30 10:00:00,0.6224149999999999,0.62356,0.622255,0.62338,1722
2024-12-30 11:00:00,0.623355,0.62431,0.62332,0.624115,1593
2024-12-30 12:00:00,0.62409,0.6242650000000001,0.62355,0.62375,1934
2024-12-30 13:00:00,0.623745,0.6239,0.621585,0.62168,3056
2024-12-30 14:00:00,0.621665,0.622545,0.621245,0.622115,5719
2024-12-30 15:00:00,0.6221000000000001,0.6222650000000001,0.620195,0.62166,6731
2024-12-30 16:00:00,0.6216550000000001,0.62202,0.6212899999999999,0.62171,4185
2024-12-30 17:00:00,0.62172,0.62263,0.621575,0.622595,3150
2024-12-30 18:00:00,0.6225849999999999,0.623325,0.6224149999999999,0.62315,2964
2024-12-30 19:00:00,0.623155,0.62324,0.62237,0.6223700000000001,2760
2024-12-30 20:00:00,0.622355,0.62292,0.6220749999999999,0.6221000000000001,2569
2024-12-30 21:00:00,0.622105,0.62224,0.6219300000000001,0.622085,946
2024-12-30 22:00:00,0.622315,0.6230100000000001,0.621745,0.62176,871
2024-12-30 23:00:00,0.621765,0.62191,0.621305,0.621815,1088
2024-12-31 00:00:00,0.621835,0.62187,0.62115,0.6218,848
2024-12-31 01:00:00,0.621815,0.623165,0.621645,0.62287,2292
2024-12-31 02:00:00,0.622865,0.622905,0.621935,0.622105,1726
2024-12-31 03:00:00,0.6221000000000001,0.62215,0.621065,0.621335,1991
2024-12-31 04:00:00,0.62134,0.62172,0.621255,0.62162,945
2024-12-31 05:00:00,0.62161,0.62197,0.621455,0.6216349999999999,828
2024-12-31 06:00:00,0.62164,0.621705,0.6207750000000001,0.6212249999999999,1667
2024-12-31 07:00:00,0.6212200000000001,0.622525,0.62088,0.622145,1851
2024-12-31 08:00:00,0.62215,0.62216,0.621095,0.621515,3187
2024-12-31 09:00:00,0.62151,0.622065,0.6211899999999999,0.621855,2100
2024-12-31 10:00:00,0.6218600000000001,0.6218600000000001,0.620985,0.62137,2985
2024-12-31 11:00:00,0.621365,0.62163,0.620885,0.621075,1830
2024-12-31 12:00:00,0.6210899999999999,0.621165,0.62001,0.620025,2321
2024-12-31 13:00:00,0.6200049999999999,0.62022,0.6191450000000001,0.6200600000000001,3891
2024-12-31 14:00:00,0.6200749999999999,0.620255,0.6194500000000001,0.619885,3982
2024-12-31 15:00:00,0.619875,0.62065,0.6190100000000001,0.619185,7239
2024-12-31 16:00:00,0.619175,0.6194500000000001,0.618155,0.618315,5022
2024-12-31 17:00:00,0.618305,0.6186799999999999,0.617915,0.618515,3203
2024-12-31 18:00:00,0.618485,0.619035,0.618285,0.618845,3003
2024-12-31 19:00:00,0.61883,0.619255,0.6186050000000001,0.618895,1912
2024-12-31 20:00:00,0.6189,0.6194299999999999,0.618895,0.61894,2508
2024-12-31 21:00:00,0.6189450000000001,0.619055,0.61878,0.618865,997
2025-01-01 22:00:00,0.618565,0.6189549999999999,0.618525,0.618785,660
2025-01-01 23:00:00,0.6187750000000001,0.619455,0.61831,0.6193649999999999,1984
2025-01-02 00:00:00,0.6193649999999999,0.620315,0.6188400000000001,0.620055,2222
2025-01-02 01:00:00,0.620065,0.6215649999999999,0.619845,0.621165,4277
2025-01-02 02:00:00,0.62117,0.62226,0.620995,0.62226,4109
2025-01-02 03:00:00,0.6222749999999999,0.6222799999999999,0.62137,0.62155,2536
2025-01-02 04:00:00,0.6215550000000001,0.621955,0.621435,0.62171,1758
2025-01-02 05:00:00,0.6217299999999999,0.621845,0.6212150000000001,0.62165,1947
2025-01-02 06:00:00,0.621625,0.621675,0.62106,0.62139,1950
2025-01-02 07:00:00,0.6214200000000001,0.62169,0.62038,0.62047,2962
2025-01-02 08:00:00,0.620485,0.62136,0.6201,0.62131,4424
2025-01-02 09:00:00,0.62132,0.622,0.621035,0.621775,2882
2025-01-02 10:00:00,0.62178,0.6220399999999999,0.620825,0.620915,4163
2025-01-02 11:00:00,0.62091,0.62174,0.620815,0.6215550000000001,3432
2025-01-02 12:00:00,0.62156,0.621705,0.620675,0.6208899999999999,3110
2025-01-02 13:00:00,0.620895,0.621665,0.62044,0.62154,4878
2025-01-02 14:00:00,0.62155,0.6220950000000001,0.6211,0.62124,5513
2025-01-02 15:00:00,0.6212249999999999,0.62168,0.62053,0.62094,8015
2025-01-02 16:00:00,0.62095,0.621085,0.6196550000000001,0.62065,8386
2025-01-02 17:00:00,0.62064,0.62131,0.61982,0.62019,5897
2025-01-02 18:00:00,0.62019,0.620305,0.61922,0.6196600000000001,4901
2025-01-02 19:00:00,0.6196649999999999,0.62007,0.619265,0.619355,3647
2025-01-02 20:00:00,0.61935,0.6206050000000001,0.6193150000000001,0.6202799999999999,2621
2025-01-02 21:00:00,0.620285,0.620455,0.620175,0.6203,1074
2025-01-02 22:00:00,0.620335,0.6208750000000001,0.61985,0.62029,1190
2025-01-02 23:00:00,0.620325,0.62042,0.620015,0.620115,701
2025-01-03 00:00:00,0.62012,0.621715,0.62009,0.62167,1515
2025-01-03 01:00:00,0.62167,0.62171,0.62069,0.621185,2353
2025-01-03 02:00:00,0.621175,0.62175,0.62106,0.6212850000000001,2194
2025-01-03 03:00:00,0.62129,0.621505,0.62097,0.621205,1611
2025-01-03 04:00:00,0.6211949999999999,0.621585,0.6208750000000001,0.62155,1124
2025-01-03 05:00:00,0.6215550000000001,0.622105,0.62146,0.62163,1571
2025-01-03 06:00:00,0.62162,0.622115,0.62154,0.621795,1462
2025-01-03 07:00:00,0.6217999999999999,0.6220049999999999,0.620225,0.621175,4642
2025-01-03 08:00:00,0.6211800000000001,0.6215999999999999,0.6204449999999999,0.62079,3298
2025-01-03 09:00:00,0.62079,0.6221,0.6207849999999999,0.6213299999999999,2938
2025-01-03 10:00:00,0.6213150000000001,0.621675,0.6212,0.62156,2262
2025-01-03 11:00:00,0.62157,0.62253,0.62151,0.622185,2468
2025-01-03 12:00:00,0.62218,0.622255,0.62167,0.6220399999999999,2658
2025-01-03 13:00:00,0.622045,0.6223350000000001,0.62157,0.621685,3171
2025-01-03 14:00:00,0.62169,0.6220300000000001,0.62128,0.6218349999999999,4125
2025-01-03 15:00:00,0.6217900000000001,0.6217900000000001,0.6198,0.62051,8086
2025-01-03 16:00:00,0.620505,0.621015,0.6202350000000001,0.620805,3630
2025-01-03 17:00:00,0.6208100000000001,0.621855,0.620795,0.621095,3427
2025-01-03 18:00:00,0.62109,0.62178,0.620865,0.62135,2154
2025-01-03 19:00:00,0.621335,0.622085,0.6212,0.62164,2002
2025-01-03 20:00:00,0.6216349999999999,0.622115,0.6214999999999999,0.6217600000000001,1969
2025-01-03 21:00:00,0.62175,0.621955,0.621365,0.62178,827
2025-01-05 22:00:00,0.62146,0.62151,0.6207,0.62091,669
2025-01-05 23:00:00,0.620965,0.622485,0.620965,0.622085,1727
2025-01-06 00:00:00,0.6220950000000001,0.623305,0.62189,0.62314,2509
2025-01-06 01:00:00,0.62313,0.62399,0.62243,0.622725,3943
2025-01-06 02:00:00,0.62271,0.62336,0.62247,0.62304,3266
2025-01-06 03:00:00,0.6230249999999999,0.623165,0.6219049999999999,0.6223,2262
2025-01-06 04:00:00,0.62229,0.62252,0.621945,0.6222700000000001,1342
2025-01-06 05:00:00,0.6222650000000001,0.6231,0.62218,0.62293,1773
2025-01-06 06:00:00,0.622915,0.623335,0.62242,0.62307,1834
2025-01-06 07:00:00,0.6230899999999999,0.6236200000000001,0.622895,0.623075,2201
2025-01-06 08:00:00,0.62308,0.62512,0.62293,0.62507,3438
2025-01-06 09:00:00,0.625075,0.625265,0.624375,0.624545,3486
2025-01-06 10:00:00,0.62455,0.62459,0.623955,0.62399,2227
2025-01-06 11:00:00,0.623985,0.6288050000000001,0.623445,0.628555,10035
2025-01-06 12:00:00,0.62856,0.628965,0.6273949999999999,0.62883,5669
2025-01-06 13:00:00,0.628835,0.63023,0.62859,0.62901,6816
2025-01-06 14:00:00,0.629015,0.6295649999999999,0.624665,0.6264799999999999,11590
2025-01-06 15:00:00,0.626475,0.6268849999999999,0.6242449999999999,0.6246149999999999,9852
2025-01-06 16:00:00,0.62462,0.625275,0.62401,0.62493,4368
2025-01-06 17:00:00,0.624935,0.6249450000000001,0.62366,0.624155,2566
2025-01-06 18:00:00,0.6241650000000001,0.624405,0.62359,0.62364,2625
2025-01-06 19:00:00,0.623645,0.62432,0.6234550000000001,0.6241650000000001,2033
2025-01-06 20:00:00,0.62417,0.624385,0.624,0.62431,1516
2025-01-06 21:00:00,0.624325,0.624725,0.62419,0.62461,761
2025-01-06 22:00:00,0.624625,0.62479,0.6242,0.62426,352
2025-01-06 23:00:00,0.62422,0.62434,0.623765,0.62382,966
2025-01-07 00:00:00,0.623845,0.625095,0.6237550000000001,0.62503,1892
2025-01-07 01:00:00,0.625015,0.62541,0.6242099999999999,0.6250450000000001,2585
2025-01-07 02:00:00,0.62505,0.625435,0.62474,0.62504,2299
2025-01-07 03:00:00,0.62503,0.6261950000000001,0.62469,0.62609,1880
2025-01-07 04:00:00,0.626105,0.62628,0.62568,0.62581,1169
2025-01-07 05:00:00,0.6258,0.626915,0.62576,0.6268,1900
2025-01-07 06:00:00,0.626795,0.62697,0.6263650000000001,0.626455,2189
2025-01-07 07:00:00,0.626445,0.62753,0.626395,0.62752,3725
2025-01-07 08:00:00,0.62755,0.6283449999999999,0.627255,0.62829,3518
2025-01-07 09:00:00,0.628285,0.628735,0.62785,0.62841,3039
2025-01-07 10:00:00,0.628405,0.6288199999999999,0.628125,0.6285050000000001,2563
2025-01-07 11:00:00,0.6285000000000001,0.628555,0.627405,0.62767,2734
2025-01-07 12:00:00,0.627675,0.62801,0.627185,0.6274949999999999,3711
2025-01-07 13:00:00,0.627505,0.628455,0.62717,0.62718,3867
2025-01-07 14:00:00,0.62717,0.62717,0.6262449999999999,0.626715,5789
2025-01-07 15:00:00,0.62671,0.62671,0.6239699999999999,0.62476,11370
2025-01-07 16:00:00,0.624765,0.624985,0.62374,0.62434,7608
2025-01-07 17:00:00,0.6243350000000001,0.6252,0.6240600000000001,0.6245,5931
2025-01-07 18:00:00,0.624495,0.62474,0.623405,0.62383,3925
2025-01-07 19:00:00,0.6238250000000001,0.6242300000000001,0.62365,0.623945,3673
2025-01-07 20:00:00,0.6239399999999999,0.6239950000000001,0.6228,0.6231450000000001,2922
2025-01-07 21:00:00,0.623155,0.62329,0.623055,0.623065,828
2025-01-07 22:00:00,0.62304,0.623275,0.62296,0.623245,459
2025-01-07 23:00:00,0.6232249999999999,0.6234900000000001,0.62294,0.62341,1041
2025-01-08 00:00:00,0.6234200000000001,0.62422,0.622125,0.6223350000000001,3081
2025-01-08 01:00:00,0.62234,0.62245,0.62121,0.622285,3537
2025-01-08 02:00:00,0.6223,0.623035,0.622125,0.622885,2015
2025-01-08 03:00:00,0.62288,0.6234649999999999,0.6227750000000001,0.62323,1506
2025-01-08 04:00:00,0.62322,0.62354,0.62269,0.6228849999999999,1334
2025-01-08 05:00:00,0.6228899999999999,0.623345,0.62257,0.6232800000000001,1684
2025-01-08 06:00:00,0.623275,0.62361,0.6229899999999999,0.623275,1847
2025-01-08 07:00:00,0.6232800000000001,0.6232800000000001,0.6222749999999999,0.622675,2846
2025-01-08 08:00:00,0.6226700000000001,0.6232,0.621625,0.621715,3799
2025-01-08 09:00:00,0.62172,0.622545,0.62167,0.6220950000000001,2825
2025-01-08 10:00:00,0.62209,0.6221749999999999,0.62102,0.6213850000000001,2359
2025-01-08 11:00:00,0.621375,0.621545,0.618985,0.6200699999999999,6061
2025-01-08 12:00:00,0.6200600000000001,0.62044,0.61876,0.61918,4381
2025-01-08 13:00:00,0.619175,0.620425,0.619175,0.620425,8501
2025-01-08 14:00:00,0.6204350000000001,0.62095,0.619715,0.619885,7463
2025-01-08 15:00:00,0.619875,0.6213850000000001,0.619875,0.62086,7984
2025-01-08 16:00:00,0.620865,0.621685,0.62037,0.62157,4689
2025-01-08 17:00:00,0.62158,0.62169,0.62009,0.620655,3081
2025-01-08 18:00:00,0.620665,0.62166,0.6205849999999999,0.6208,3815
2025-01-08 19:00:00,0.6208100000000001,0.621935,0.620665,0.62102,4312
2025-01-08 20:00:00,0.6210249999999999,0.6218349999999999,0.620865,0.621645,2243
2025-01-08 21:00:00,0.6216349999999999,0.62188,0.6213949999999999,0.621525,909
2025-01-08 22:00:00,0.621505,0.621695,0.6211500000000001,0.621285,413
2025-01-08 23:00:00,0.621245,0.62147,0.621065,0.621095,789
2025-01-09 00:00:00,0.62111,0.621305,0.6197999999999999,0.6202799999999999,2122
2025-01-09 01:00:00,0.620285,0.62058,0.6199250000000001,0.62014,2658
2025-01-09 02:00:00,0.6201300000000001,0.62078,0.6200600000000001,0.62022,1962
2025-01-09 03:00:00,0.62021,0.620805,0.6199049999999999,0.61991,1446
2025-01-09 04:00:00,0.6199049999999999,0.620145,0.6194200000000001,0.6198600000000001,1907
2025-01-09 05:00:00,0.619855,0.62022,0.6195900000000001,0.6199950000000001,1862
2025-01-09 06:00:00,0.619985,0.620135,0.61931,0.619605,2371
2025-01-09 07:00:00,0.6196200000000001,0.61998,0.6180049999999999,0.6181650000000001,3575
2025-01-09 08:00:00,0.61818,0.61946,0.61721,0.61939,4277
2025-01-09 09:00:00,0.6194,0.61984,0.6190100000000001,0.61919,3231
2025-01-09 10:00:00,0.619175,0.61989,0.619015,0.619715,2683
2025-01-09 11:00:00,0.61971,0.62032,0.61954,0.62,2265
2025-01-09 12:00:00,0.6199950000000001,0.62033,0.619505,0.619585,2298
2025-01-09 13:00:00,0.6195900000000001,0.62044,0.61932,0.6197550000000001,3255
2025-01-09 14:00:00,0.619745,0.62018,0.619665,0.61992,2851
2025-01-09 15:00:00,0.61994,0.61997,0.619155,0.619205,2588
2025-01-09 16:00:00,0.6191899999999999,0.61955,0.6189549999999999,0.619435,1957
2025-01-09 17:00:00,0.61944,0.619685,0.619405,0.61953,1740
2025-01-09 18:00:00,0.619525,0.61976,0.6193,0.6197349999999999,991
2025-01-09 19:00:00,0.61974,0.61992,0.619605,0.61972,701
2025-01-09 20:00:00,0.61975,0.61997,0.619675,0.6198250000000001,513
2025-01-09 21:00:00,0.61982,0.6198250000000001,0.619475,0.61957,474
2025-01-09 22:00:00,0.6195999999999999,0.6199,0.61944,0.61981,591
2025-01-09 23:00:00,0.6198250000000001,0.61993,0.6188750000000001,0.61898,1077
2025-01-10 00:00:00,0.6189899999999999,0.61944,0.618835,0.61913,1626
2025-01-10 01:00:00,0.6191249999999999,0.6206,0.619005,0.62,2910
2025-01-10 02:00:00,0.6199950000000001,0.62009,0.619595,0.619815,1523
2025-01-10 03:00:00,0.61981,0.620035,0.61938,0.619625,1109
2025-01-10 04:00:00,0.6196299999999999,0.61982,0.6188849999999999,0.61933,1229
2025-01-10 05:00:00,0.619325,0.6199600000000001,0.6190899999999999,0.6192,1811
2025-01-10 06:00:00,0.61919,0.61924,0.61867,0.61871,1799
2025-01-10 07:00:00,0.6187050000000001,0.61973,0.618675,0.61932,2229
2025-01-10 08:00:00,0.619305,0.61964,0.618555,0.6187750000000001,3042
2025-01-10 09:00:00,0.61878,0.6187849999999999,0.61822,0.618305,2546
2025-01-10 10:00:00,0.61833,0.61874,0.61812,0.618655,1901
2025-01-10 11:00:00,0.61867,0.6191450000000001,0.618665,0.618825,1823
2025-01-10 12:00:00,0.6188199999999999,0.619105,0.61854,0.6189100000000001,2132
2025-01-10 13:00:00,0.618915,0.6191450000000001,0.613945,0.6153599999999999,11462
2025-01-10 14:00:00,0.615355,0.617165,0.614715,0.616465,12181
2025-01-10 15:00:00,0.61646,0.617185,0.61529,0.61558,11195
2025-01-10 16:00:00,0.6155649999999999,0.61559,0.61408,0.6145,7083
2025-01-10 17:00:00,0.61451,0.6155999999999999,0.614105,0.6154850000000001,4258
2025-01-10 18:00:00,0.61548,0.61565,0.614965,0.615595,3187
2025-01-10 19:00:00,0.61561,0.61561,0.614595,0.614765,3176
2025-01-10 20:00:00,0.61476,0.61478,0.61422,0.61463,2494
2025-01-10 21:00:00,0.6146199999999999,0.61479,0.614225,0.6146,917
2025-01-12 22:00:00,0.614795,0.6150599999999999,0.61449,0.6145700000000001,426
2025-01-12 23:00:00,0.61459,0.615875,0.61422,0.615375,2056
2025-01-13 00:00:00,0.6153649999999999,0.61573,0.61509,0.61553,1836
2025-01-13 01:00:00,0.61552,0.61626,0.61527,0.615865,3424
2025-01-13 02:00:00,0.6158699999999999,0.61629,0.61563,0.615965,2350
2025-01-13 03:00:00,0.61596,0.6161,0.614135,0.61425,2626
2025-01-13 04:00:00,0.61426,0.614615,0.61311,0.61329,1943
2025-01-13 05:00:00,0.6132850000000001,0.614205,0.6131500000000001,0.61393,1656
2025-01-13 06:00:00,0.613925,0.61435,0.61382,0.614295,1985
2025-01-13 07:00:00,0.6143000000000001,0.61489,0.61364,0.61459,3218
2025-01-13 08:00:00,0.6145849999999999,0.6157,0.61449,0.614795,4038
2025-01-13 09:00:00,0.614805,0.61513,0.613665,0.613775,4791
2025-01-13 10:00:00,0.6137699999999999,0.6147100000000001,0.6137349999999999,0.614555,3318
2025-01-13 11:00:00,0.614545,0.6150100000000001,0.6142700000000001,0.61454,2695
2025-01-13 12:00:00,0.614545,0.61538,0.614,0.615265,3413
2025-01-13 13:00:00,0.615275,0.6158399999999999,0.614735,0.614995,3951
2025-01-13 14:00:00,0.6149899999999999,0.61575,0.61447,0.61569,5997
2025-01-13 15:00:00,0.615675,0.615695,0.614645,0.6149899999999999,5565
2025-01-13 16:00:00,0.614995,0.61601,0.614545,0.615425,3843
2025-01-13 17:00:00,0.6154299999999999,0.61607,0.61533,0.6160300000000001,3098
2025-01-13 18:00:00,0.616035,0.61622,0.61551,0.6159600000000001,2538
2025-01-13 19:00:00,0.615955,0.6160049999999999,0.6154850000000001,0.6154850000000001,1851
2025-01-13 20:00:00,0.61548,0.616225,0.615425,0.616195,2138
2025-01-13 21:00:00,0.6162,0.617775,0.616125,0.61772,1915
2025-01-13 22:00:00,0.61772,0.61983,0.6171800000000001,0.6188549999999999,851
2025-01-13 23:00:00,0.618945,0.620305,0.61833,0.6191,2906
2025-01-14 00:00:00,0.6191,0.619155,0.61819,0.61849,2627
2025-01-14 01:00:00,0.6185,0.61909,0.61798,0.61894,3500
2025-01-14 02:00:00,0.6189450000000001,0.6189450000000001,0.617935,0.6186100000000001,2826
2025-01-14 03:00:00,0.61861,0.61928,0.618395,0.61866,2446
2025-01-14 04:00:00,0.618655,0.6192,0.618395,0.6188199999999999,1275
2025-01-14 05:00:00,0.618805,0.6188549999999999,0.61812,0.61835,1896
2025-01-14 06:00:00,0.618355,0.61921,0.6182700000000001,0.6192,2609
2025-01-14 07:00:00,0.619175,0.619745,0.6188750000000001,0.619705,4330
2025-01-14 08:00:00,0.61971,0.620735,0.6196250000000001,0.61983,4578
2025-01-14 09:00:00,0.619825,0.6199049999999999,0.6188400000000001,0.619,3276
2025-01-14 10:00:00,0.618995,0.619275,0.618445,0.6187100000000001,2586
2025-01-14 11:00:00,0.6187,0.618745,0.618045,0.61805,1882
2025-01-14 12:00:00,0.618045,0.618135,0.61661,0.6173200000000001,2699
2025-01-14 13:00:00,0.6173150000000001,0.61957,0.61671,0.61744,7616
2025-01-14 14:00:00,0.61745,0.6187549999999999,0.6168549999999999,0.6178950000000001,7104
2025-01-14 15:00:00,0.61789,0.619745,0.61788,0.619575,6750
2025-01-14 16:00:00,0.61956,0.619885,0.61802,0.61819,6048
2025-01-14 17:00:00,0.618185,0.61859,0.61773,0.61831,3865
2025-01-14 18:00:00,0.6183,0.6189899999999999,0.61818,0.61896,1973
2025-01-14 19:00:00,0.618975,0.619375,0.618525,0.61865,2094
2025-01-14 20:00:00,0.618645,0.61913,0.61842,0.6188899999999999,2312
2025-01-14 21:00:00,0.618895,0.619495,0.6188899999999999,0.6194649999999999,804
2025-01-14 22:00:00,0.61948,0.6196649999999999,0.61932,0.619405,569
2025-01-14 23:00:00,0.6194299999999999,0.6196,0.61885,0.6191,831
2025-01-15 00:00:00,0.619075,0.6191800000000001,0.618185,0.618185,1631
2025-01-15 01:00:00,0.61818,0.61899,0.61812,0.61872,2131
2025-01-15 02:00:00,0.618715,0.6188899999999999,0.61826,0.618835,1750
2025-01-15 03:00:00,0.6188400000000001,0.61947,0.6187,0.6193949999999999,1337
2025-01-15 04:00:00,0.619375,0.61956,0.6191800000000001,0.61949,1106
2025-01-15 05:00:00,0.6194850000000001,0.619545,0.618695,0.61874,1578
2025-01-15 06:00:00,0.618725,0.619355,0.6186,0.61907,1294
2025-01-15 07:00:00,0.61908,0.620545,0.61897,0.62032,3571
2025-01-15 08:00:00,0.62033,0.6211800000000001,0.61954,0.6196,3744
2025-01-15 09:00:00,0.61959,0.620795,0.619585,0.62064,2455
2025-01-15 10:00:00,0.620635,0.620795,0.620035,0.62039,1859
2025-01-15 11:00:00,0.620385,0.620745,0.6201399999999999,0.62027,1533
2025-01-15 12:00:00,0.6202749999999999,0.620495,0.61943,0.61975,2109
2025-01-15 13:00:00,0.619745,0.62466,0.61955,0.62431,8204
2025-01-15 14:00:00,0.624325,0.6245700000000001,0.623265,0.623665,7948
2025-01-15 15:00:00,0.62367,0.6238600000000001,0.6218250000000001,0.62262,7851
2025-01-15 16:00:00,0.62261,0.6228899999999999,0.620905,0.621615,6662
2025-01-15 17:00:00,0.62161,0.6224449999999999,0.62158,0.62204,3807
2025-01-15 18:00:00,0.622045,0.6224350000000001,0.6219049999999999,0.62243,2608
2025-01-15 19:00:00,0.6224350000000001,0.6228899999999999,0.62227,0.622825,2156
2025-01-15 20:00:00,0.62283,0.623085,0.6225849999999999,0.62293,1904
2025-01-15 21:00:00,0.622925,0.623015,0.62245,0.622675,1039
2025-01-15 22:00:00,0.6227499999999999,0.622835,0.62192,0.6226700000000001,780
2025-01-15 23:00:00,0.62268,0.62364,0.6226700000000001,0.623545,1518
2025-01-16 00:00:00,0.62355,0.62466,0.622495,0.623855,3977
2025-01-16 01:00:00,0.62386,0.623885,0.6220749999999999,0.62235,3912
2025-01-16 02:00:00,0.62236,0.622595,0.62142,0.62156,3057
2025-01-16 03:00:00,0.6215550000000001,0.6216200000000001,0.62087,0.62107,1966
2025-01-16 04:00:00,0.621085,0.62149,0.6204,0.620575,1513
2025-01-16 05:00:00,0.62058,0.62059,0.619545,0.6199049999999999,2386
2025-01-16 06:00:00,0.6198999999999999,0.620965,0.6198999999999999,0.6208899999999999,2811
2025-01-16 07:00:00,0.620885,0.62195,0.62061,0.62175,3222
2025-01-16 08:00:00,0.6217550000000001,0.6219950000000001,0.620975,0.62185,2709
2025-01-16 09:00:00,0.621845,0.62196,0.621255,0.62135,2774
2025-01-16 10:00:00,0.621345,0.62158,0.620925,0.621245,1969
2025-01-16 11:00:00,0.62124,0.621415,0.620935,0.6212500000000001,2030
2025-01-16 12:00:00,0.621255,0.621255,0.619505,0.619965,2950
2025-01-16 13:00:00,0.6199600000000001,0.6208400000000001,0.6192150000000001,0.62069,6346
2025-01-16 14:00:00,0.6207050000000001,0.62083,0.620055,0.620635,4733
2025-01-16 15:00:00,0.62064,0.622455,0.62032,0.621975,8575
2025-01-16 16:00:00,0.62198,0.622885,0.62133,0.6219699999999999,6485
2025-01-16 17:00:00,0.621975,0.622895,0.6215999999999999,0.62172,4153
2025-01-16 18:00:00,0.62171,0.62201,0.621085,0.62132,2319
2025-01-16 19:00:00,0.6213,0.62171,0.62114,0.62123,2009
2025-01-16 20:00:00,0.62122,0.621375,0.62087,0.6209450000000001,1591
2025-01-16 21:00:00,0.62094,0.6213299999999999,0.620795,0.62127,673
2025-01-16 22:00:00,0.62127,0.62137,0.621,0.621155,501
2025-01-16 23:00:00,0.6212,0.6212,0.6206,0.62098,941
2025-01-17 00:00:00,0.620975,0.62135,0.62069,0.62105,1211
2025-01-17 01:00:00,0.6210549999999999,0.621455,0.6206799999999999,0.6212,1712
2025-01-17 02:00:00,0.621205,0.621945,0.6210500000000001,0.6211899999999999,2567
2025-01-17 03:00:00,0.621185,0.621545,0.62085,0.6213150000000001,1405
2025-01-17 04:00:00,0.62133,0.62134,0.61953,0.619885,1530
2025-01-17 05:00:00,0.619875,0.6203000000000001,0.61983,0.62025,1671
2025-01-17 06:00:00,0.6202449999999999,0.62046,0.619615,0.620405,1396
2025-01-17 07:00:00,0.62042,0.620995,0.619965,0.620795,2766
2025-01-17 08:00:00,0.6208,0.62129,0.62076,0.62095,2675
2025-01-17 09:00:00,0.62094,0.62139,0.62014,0.6202799999999999,2927
2025-01-17 10:00:00,0.6203,0.620625,0.620185,0.62021,2022
2025-01-17 11:00:00,0.620215,0.620545,0.61958,0.61978,2023
2025-01-17 12:00:00,0.619775,0.61998,0.6183449999999999,0.61858,2626
2025-01-17 13:00:00,0.61859,0.618825,0.617445,0.61776,4048
2025-01-17 14:00:00,0.61774,0.6208800000000001,0.616425,0.62061,8278
2025-01-17 15:00:00,0.6206149999999999,0.622735,0.6204350000000001,0.621865,9406
2025-01-17 16:00:00,0.621855,0.62199,0.62048,0.62078,4066
2025-01-17 17:00:00,0.62077,0.62106,0.6203449999999999,0.620465,2885
2025-01-17 18:00:00,0.62046,0.62065,0.61988,0.620305,2263
2025-01-17 19:00:00,0.6203,0.62053,0.619555,0.6199049999999999,1665
2025-01-17 20:00:00,0.619895,0.62005,0.61933,0.61965,1779
2025-01-17 21:00:00,0.6196699999999999,0.619675,0.619055,0.61927,1239
2025-01-19 22:00:00,0.6199600000000001,0.62005,0.619585,0.619645,534
2025-01-19 23:00:00,0.6196550000000001,0.61997,0.6189899999999999,0.61974,1460
2025-01-20 00:00:00,0.61974,0.620385,0.619685,0.62027,1947
2025-01-20 01:00:00,0.620255,0.62096,0.6198,0.620845,2866
2025-01-20 02:00:00,0.62085,0.6209899999999999,0.6204400000000001,0.62095,2589
2025-01-20 03:00:00,0.6209549999999999,0.621745,0.620755,0.6217349999999999,2520
2025-01-20 04:00:00,0.62174,0.6218250000000001,0.62121,0.621335,1377
2025-01-20 05:00:00,0.621325,0.6215649999999999,0.620655,0.6207100000000001,1634
2025-01-20 06:00:00,0.62072,0.62165,0.6202300000000001,0.62125,2195
2025-01-20 07:00:00,0.621225,0.6222650000000001,0.621105,0.62218,2186
2025-01-20 08:00:00,0.62219,0.6222300000000001,0.6209,0.621005,2602
2025-01-20 09:00:00,0.6210100000000001,0.621065,0.6196999999999999,0.61994,2466
2025-01-20 10:00:00,0.619955,0.62058,0.61988,0.62,1917
2025-01-20 11:00:00,0.6199749999999999,0.62073,0.619895,0.620455,1593
2025-01-20 12:00:00,0.62046,0.62088,0.619985,0.620835,2124
2025-01-20 13:00:00,0.62083,0.626895,0.62029,0.6265400000000001,12192
2025-01-20 14:00:00,0.626525,0.628665,0.6252949999999999,0.627615,11745
2025-01-20 15:00:00,0.62761,0.628415,0.624945,0.62575,7398
2025-01-20 16:00:00,0.625745,0.626595,0.62541,0.6258900000000001,4052
2025-01-20 17:00:00,0.625885,0.6266149999999999,0.6232,0.62547,5369
2025-01-20 18:00:00,0.6254649999999999,0.626235,0.62511,0.626235,919
2025-01-20 19:00:00,0.626255,0.62778,0.625825,0.62738,1192
2025-01-20 20:00:00,0.627375,0.628465,0.6270100000000001,0.627325,2017
2025-01-20 21:00:00,0.6273200000000001,0.627555,0.62696,0.6274500000000001,1546
2025-01-20 22:00:00,0.627445,0.62756,0.626635,0.6267400000000001,634
2025-01-20 23:00:00,0.6267400000000001,0.6282650000000001,0.6267199999999999,0.6280399999999999,3171
2025-01-21 00:00:00,0.628045,0.6289,0.620825,0.622125,8768
2025-01-21 01:00:00,0.622115,0.6255999999999999,0.621255,0.6231,11518
2025-01-21 02:00:00,0.623105,0.6251800000000001,0.623105,0.62453,6805
2025-01-21 03:00:00,0.624525,0.626025,0.624525,0.6248549999999999,3842
2025-01-21 04:00:00,0.62486,0.6255649999999999,0.6246,0.62477,1576
2025-01-21 05:00:00,0.62478,0.62506,0.6230800000000001,0.62324,1584
2025-01-21 06:00:00,0.623245,0.6239950000000001,0.62305,0.6233,2626
2025-01-21 07:00:00,0.62331,0.624305,0.62296,0.623615,3552
2025-01-21 08:00:00,0.62361,0.62381,0.622755,0.6233599999999999,3426
2025-01-21 09:00:00,0.623355,0.62392,0.62245,0.62319,4239
2025-01-21 10:00:00,0.6232,0.62334,0.6221099999999999,0.62237,3325
2025-01-21 11:00:00,0.6223650000000001,0.62243,0.621445,0.62192,2869
2025-01-21 12:00:00,0.6219049999999999,0.6226750000000001,0.62157,0.62245,3839
2025-01-21 13:00:00,0.622455,0.6240600000000001,0.62215,0.623865,4813
2025-01-21 14:00:00,0.623875,0.62532,0.6234649999999999,0.624605,6314
2025-01-21 15:00:00,0.624585,0.6261950000000001,0.6243,0.62585,8582
2025-01-21 16:00:00,0.625855,0.627075,0.62568,0.6270450000000001,5257
2025-01-21 17:00:00,0.62705,0.627475,0.626715,0.62675,4127
2025-01-21 18:00:00,0.626765,0.6275550000000001,0.626565,0.62714,3080
2025-01-21 19:00:00,0.62715,0.627305,0.626305,0.6265350000000001,2082
2025-01-21 20:00:00,0.6265149999999999,0.62706,0.62639,0.6270249999999999,1819
2025-01-21 21:00:00,0.627015,0.6275999999999999,0.6269,0.6274150000000001,1234
2025-01-21 22:00:00,0.627445,0.6276550000000001,0.62697,0.6271100000000001,1003
2025-01-21 23:00:00,0.627135,0.627405,0.625505,0.62619,3944
2025-01-22 00:00:00,0.6262000000000001,0.6277349999999999,0.6262,0.627515,2520
2025-01-22 01:00:00,0.62751,0.62751,0.6262,0.6263350000000001,2843
2025-01-22 02:00:00,0.6263399999999999,0.62695,0.6261049999999999,0.62679,2528
2025-01-22 03:00:00,0.626795,0.62695,0.62626,0.6264449999999999,1664
2025-01-22 04:00:00,0.62645,0.626915,0.6263,0.62646,1187
2025-01-22 05:00:00,0.626455,0.6266400000000001,0.62601,0.626495,1675
2025-01-22 06:00:00,0.62648,0.6265799999999999,0.6253,0.6255850000000001,2400
2025-01-22 07:00:00,0.625595,0.626255,0.6253850000000001,0.62586,3149
2025-01-22 08:00:00,0.6258699999999999,0.62736,0.625865,0.62732,4071
2025-01-22 09:00:00,0.6273299999999999,0.62846,0.62724,0.6284449999999999,4413
2025-01-22 10:00:00,0.628455,0.62932,0.628305,0.628715,3340
2025-01-22 11:00:00,0.62871,0.62956,0.6280399999999999,0.62832,2592
2025-01-22 12:00:00,0.628325,0.628645,0.62755,0.6285449999999999,3362
2025-01-22 13:00:00,0.6285499999999999,0.6291100000000001,0.62771,0.628295,5015
2025-01-22 14:00:00,0.62829,0.628405,0.62703,0.6275,5780
2025-01-22 15:00:00,0.6274850000000001,0.6274850000000001,0.62663,0.6272249999999999,5372
2025-01-22 16:00:00,0.62721,0.62759,0.626405,0.6275,3203
2025-01-22 17:00:00,0.6274949999999999,0.627745,0.627265,0.627715,2565
2025-01-22 18:00:00,0.62771,0.62817,0.62739,0.6278,2359
2025-01-22 19:00:00,0.627785,0.6281,0.6276299999999999,0.62782,1575
2025-01-22 20:00:00,0.62783,0.6280749999999999,0.627245,0.62738,2011
2025-01-22 21:00:00,0.62737,0.62742,0.62709,0.627305,1019
2025-01-22 22:00:00,0.6273599999999999,0.62737,0.626915,0.62703,643
2025-01-22 23:00:00,0.62703,0.627405,0.626675,0.62729,1314
2025-01-23 00:00:00,0.627285,0.62758,0.62712,0.627335,1855
2025-01-23 01:00:00,0.627345,0.6282,0.62725,0.62735,3297
2025-01-23 02:00:00,0.62734,0.627795,0.62677,0.627205,2820
2025-01-23 03:00:00,0.627205,0.62751,0.62705,0.627355,1764
2025-01-23 04:00:00,0.627355,0.627675,0.62731,0.62749,1118
2025-01-23 05:00:00,0.6274949999999999,0.62763,0.62699,0.62715,1965
2025-01-23 06:00:00,0.6271249999999999,0.6274150000000001,0.62654,0.62658,1535
2025-01-23 07:00:00,0.62656,0.626935,0.62612,0.626725,3153
2025-01-23 08:00:00,0.626735,0.62679,0.625545,0.62558,2788
2025-01-23 09:00:00,0.62559,0.626465,0.62559,0.6264149999999999,2626
2025-01-23 10:00:00,0.62642,0.627035,0.6264149999999999,0.62661,2195
2025-01-23 11:00:00,0.6266050000000001,0.6272,0.62625,0.626495,2090
2025-01-23 12:00:00,0.6265000000000001,0.627105,0.625975,0.6269450000000001,2510
2025-01-23 13:00:00,0.62694,0.62746,0.6264799999999999,0.627265,4428
2025-01-23 14:00:00,0.6272850000000001,0.627885,0.627075,0.6276299999999999,4176
2025-01-23 15:00:00,0.62766,0.62776,0.626665,0.627255,4449
2025-01-23 16:00:00,0.62726,0.62949,0.625525,0.628665,10392
2025-01-23 17:00:00,0.6286449999999999,0.629975,0.62836,0.62975,4280
2025-01-23 18:00:00,0.6297550000000001,0.629855,0.62872,0.628755,3383
2025-01-23 19:00:00,0.62875,0.62909,0.628525,0.6288549999999999,2212
2025-01-23 20:00:00,0.62883,0.62928,0.6284099999999999,0.6285000000000001,2235
2025-01-23 21:00:00,0.6285000000000001,0.6287149999999999,0.628305,0.6285350000000001,833
2025-01-23 22:00:00,0.628525,0.628765,0.6283799999999999,0.628405,565
2025-01-23 23:00:00,0.62844,0.62858,0.6281950000000001,0.62828,807
2025-01-24 00:00:00,0.628285,0.62864,0.62801,0.62833,1845
2025-01-24 01:00:00,0.628315,0.62841,0.627855,0.62829,2300
2025-01-24 02:00:00,0.62829,0.63188,0.62829,0.63181,6985
2025-01-24 03:00:00,0.631805,0.6321,0.630625,0.6318999999999999,4581
2025-01-24 04:00:00,0.63189,0.632405,0.63121,0.63144,2775
2025-01-24 05:00:00,0.6314599999999999,0.632405,0.6314599999999999,0.632405,2332
2025-01-24 06:00:00,0.632395,0.6330450000000001,0.631855,0.632065,4089
2025-01-24 07:00:00,0.63209,0.63224,0.631205,0.631425,4573
2025-01-24 08:00:00,0.63143,0.632765,0.6312249999999999,0.6321749999999999,5940
2025-01-24 09:00:00,0.63217,0.63307,0.6319049999999999,0.632295,4718
2025-01-24 10:00:00,0.6323,0.6324449999999999,0.631805,0.631985,2672
2025-01-24 11:00:00,0.63199,0.632225,0.63123,0.6313949999999999,2274
2025-01-24 12:00:00,0.63139,0.6317900000000001,0.630745,0.63095,2922
2025-01-24 13:00:00,0.630935,0.63126,0.6303300000000001,0.6305350000000001,3984
2025-01-24 14:00:00,0.63053,0.6320699999999999,0.630185,0.631055,6066
2025-01-24 15:00:00,0.6310450000000001,0.63245,0.6308499999999999,0.6323449999999999,8514
2025-01-24 16:00:00,0.632335,0.632465,0.63171,0.632115,5310
2025-01-24 17:00:00,0.6321000000000001,0.63266,0.631895,0.63191,3557
2025-01-24 18:00:00,0.6319049999999999,0.6320049999999999,0.631345,0.6313899999999999,2870
2025-01-24 19:00:00,0.6313949999999999,0.63154,0.6311599999999999,0.63141,2385
2025-01-24 20:00:00,0.6314,0.6315200000000001,0.6310450000000001,0.63133,2366
2025-01-24 21:00:00,0.6313249999999999,0.631595,0.631215,0.63124,1547
2025-01-26 22:00:00,0.630355,0.6306149999999999,0.62998,0.630015,660
2025-01-26 23:00:00,0.6300600000000001,0.6304050000000001,0.629115,0.629355,1919
2025-01-27 00:00:00,0.62937,0.6298,0.629035,0.62944,1735
2025-01-27 01:00:00,0.629425,0.6302099999999999,0.62859,0.628795,4095
2025-01-27 02:00:00,0.62878,0.629025,0.62828,0.62873,3101
2025-01-27 03:00:00,0.62872,0.63022,0.628645,0.62961,3577
2025-01-27 04:00:00,0.62963,0.62976,0.628795,0.6291599999999999,1376
2025-01-27 05:00:00,0.6291450000000001,0.62918,0.62857,0.6290899999999999,1874
2025-01-27 06:00:00,0.6291,0.629255,0.6281300000000001,0.62851,2354
2025-01-27 07:00:00,0.628485,0.628745,0.6278250000000001,0.627845,3691
2025-01-27 08:00:00,0.62784,0.62946,0.6277200000000001,0.629405,4763
2025-01-27 09:00:00,0.6294150000000001,0.629745,0.6288050000000001,0.629275,5992
2025-01-27 10:00:00,0.62927,0.630305,0.629265,0.62978,5389
2025-01-27 11:00:00,0.6297699999999999,0.630255,0.629555,0.629955,4563
2025-01-27 12:00:00,0.629965,0.63079,0.629875,0.630385,4019
2025-01-27 13:00:00,0.630355,0.63069,0.62894,0.629275,6054
2025-01-27 14:00:00,0.62926,0.629435,0.6283099999999999,0.62863,6083
2025-01-27 15:00:00,0.628625,0.62866,0.62755,0.62846,6860
2025-01-27 16:00:00,0.628465,0.62848,0.6277550000000001,0.627775,4639
2025-01-27 17:00:00,0.627785,0.628125,0.6275,0.62769,3501
2025-01-27 18:00:00,0.627685,0.6282,0.62749,0.62784,2661
2025-01-27 19:00:00,0.62786,0.62849,0.6276299999999999,0.62843,2463
2025-01-27 20:00:00,0.628425,0.62912,0.6282,0.6291199999999999,2336
2025-01-27 21:00:00,0.6291100000000001,0.629595,0.62908,0.62924,1623
2025-01-27 22:00:00,0.62925,0.6294649999999999,0.629075,0.629355,598
2025-01-27 23:00:00,0.6293500000000001,0.629355,0.62568,0.62596,7262
2025-01-28 00:00:00,0.625955,0.626925,0.62538,0.626575,4318
2025-01-28 01:00:00,0.626545,0.6274150000000001,0.6252800000000001,0.6257699999999999,3483
2025-01-28 02:00:00,0.625765,0.626465,0.62517,0.62584,3710
2025-01-28 03:00:00,0.62582,0.6260699999999999,0.625175,0.625175,2087
2025-01-28 04:00:00,0.625175,0.62532,0.624595,0.6252,1685
2025-01-28 05:00:00,0.62522,0.6254949999999999,0.625085,0.6252949999999999,1220
2025-01-28 06:00:00,0.6252850000000001,0.62568,0.624825,0.62505,1708
2025-01-28 07:00:00,0.6250450000000001,0.62583,0.62482,0.625185,2698
2025-01-28 08:00:00,0.6251899999999999,0.62526,0.62432,0.6249549999999999,3807
2025-01-28 09:00:00,0.62497,0.625695,0.624805,0.6253500000000001,3284
2025-01-28 10:00:00,0.625345,0.62574,0.624655,0.62473,2113
2025-01-28 11:00:00,0.62468,0.62505,0.62459,0.62471,1769
2025-01-28 12:00:00,0.6247199999999999,0.62478,0.62392,0.6241300000000001,2817
2025-01-28 13:00:00,0.624135,0.6245799999999999,0.6236900000000001,0.62393,3381
2025-01-28 14:00:00,0.6239250000000001,0.62538,0.6239250000000001,0.6245149999999999,3917
2025-01-28 15:00:00,0.6245,0.6254850000000001,0.6243,0.624405,5016
2025-01-28 16:00:00,0.6244,0.62507,0.624215,0.6245,3627
2025-01-28 17:00:00,0.62449,0.624965,0.62432,0.6247750000000001,2083
2025-01-28 18:00:00,0.624795,0.6254949999999999,0.624525,0.624825,2702
2025-01-28 19:00:00,0.624815,0.6255900000000001,0.6244449999999999,0.62544,1695
2025-01-28 20:00:00,0.625445,0.62563,0.62523,0.62544,1620
2025-01-28 21:00:00,0.62543,0.62548,0.62514,0.625305,710
2025-01-28 22:00:00,0.6253150000000001,0.625455,0.6249450000000001,0.6253299999999999,480
2025-01-28 23:00:00,0.6253249999999999,0.62544,0.625035,0.6251500000000001,1101
2025-01-29 00:00:00,0.6251450000000001,0.62558,0.6226700000000001,0.623305,2799
2025-01-29 01:00:00,0.62332,0.623595,0.622725,0.6231949999999999,1938
2025-01-29 02:00:00,0.62318,0.6240399999999999,0.623165,0.623565,1575
2025-01-29 03:00:00,0.6235550000000001,0.62367,0.6231150000000001,0.6234,1404
2025-01-29 04:00:00,0.6234,0.62396,0.623365,0.62371,1322
2025-01-29 05:00:00,0.623715,0.62461,0.623615,0.62461,1061
2025-01-29 06:00:00,0.62462,0.6249750000000001,0.62436,0.62448,1925
2025-01-29 07:00:00,0.62449,0.6245149999999999,0.62352,0.623665,2257
2025-01-29 08:00:00,0.623685,0.624085,0.62349,0.6236550000000001,2896
2025-01-29 09:00:00,0.6236649999999999,0.62379,0.6225350000000001,0.6226050000000001,2333
2025-01-29 10:00:00,0.6226149999999999,0.622935,0.62233,0.62273,2277
2025-01-29 11:00:00,0.622755,0.623035,0.62229,0.6226400000000001,2076
2025-01-29 12:00:00,0.62263,0.62269,0.621895,0.62234,2526
2025-01-29 13:00:00,0.6223449999999999,0.622525,0.62102,0.621345,4059
2025-01-29 14:00:00,0.621355,0.622145,0.621335,0.62201,4004
2025-01-29 15:00:00,0.62202,0.622905,0.62174,0.6227050000000001,4992
2025-01-29 16:00:00,0.6227199999999999,0.6231450000000001,0.622315,0.62261,4676
2025-01-29 17:00:00,0.62262,0.62358,0.6225849999999999,0.62307,4084
2025-01-29 18:00:00,0.623065,0.62339,0.6225799999999999,0.62321,2689
2025-01-29 19:00:00,0.6231949999999999,0.62383,0.621365,0.6231599999999999,12655
2025-01-29 20:00:00,0.6231500000000001,0.623915,0.622405,0.62282,7860
2025-01-29 21:00:00,0.6228400000000001,0.623235,0.6225499999999999,0.623065,1520
2025-01-29 22:00:00,0.6228750000000001,0.62348,0.622405,0.62336,442
2025-01-29 23:00:00,0.62338,0.6240749999999999,0.623305,0.623935,1436
2025-01-30 00:00:00,0.623935,0.6243449999999999,0.6236999999999999,0.62386,1307
2025-01-30 01:00:00,0.623855,0.6240049999999999,0.623455,0.623815,1205
2025-01-30 02:00:00,0.623825,0.6242650000000001,0.62337,0.623495,1530
2025-01-30 03:00:00,0.623505,0.6239250000000001,0.62308,0.623185,1193
2025-01-30 04:00:00,0.62317,0.623345,0.62222,0.62244,1075
2025-01-30 05:00:00,0.62242,0.62251,0.62192,0.62201,1238
2025-01-30 06:00:00,0.622015,0.622055,0.62158,0.62195,1537
2025-01-30 07:00:00,0.621955,0.62239,0.621525,0.6222799999999999,2021
2025-01-30 08:00:00,0.62229,0.623395,0.6222300000000001,0.62338,3307
2025-01-30 09:00:00,0.6233949999999999,0.623475,0.622495,0.6227,3443
2025-01-30 10:00:00,0.6227050000000001,0.622985,0.62245,0.6226149999999999,2383
2025-01-30 11:00:00,0.62261,0.62275,0.6222650000000001,0.622665,2028
2025-01-30 12:00:00,0.622675,0.6229750000000001,0.6221399999999999,0.62275,3123
2025-01-30 13:00:00,0.622765,0.62367,0.62216,0.62347,5789
2025-01-30 14:00:00,0.62346,0.6237900000000001,0.62275,0.622865,6896
2025-01-30 15:00:00,0.6228750000000001,0.62393,0.62279,0.6233249999999999,4929
2025-01-30 16:00:00,0.62332,0.6236550000000001,0.623115,0.62312,3348
2025-01-30 17:00:00,0.62313,0.62313,0.62246,0.622995,2680
2025-01-30 18:00:00,0.623015,0.62362,0.62295,0.62357,1474
2025-01-30 19:00:00,0.6235649999999999,0.62392,0.62339,0.62377,1503
2025-01-30 20:00:00,0.623765,0.6240049999999999,0.6198999999999999,0.6217550000000001,7456
2025-01-30 21:00:00,0.62176,0.622275,0.6205149999999999,0.6209100000000001,3877
2025-01-30 22:00:00,0.62094,0.621105,0.6202650000000001,0.620625,835
2025-01-30 23:00:00,0.620625,0.62154,0.62053,0.62141,1557
2025-01-31 00:00:00,0.6214,0.62173,0.620525,0.62061,1855
2025-01-31 01:00:00,0.6206,0.621605,0.620395,0.621415,2638
2025-01-31 02:00:00,0.62142,0.6224449999999999,0.6212599999999999,0.622135,1852
2025-01-31 03:00:00,0.62213,0.6224149999999999,0.621785,0.622,1664
2025-01-31 04:00:00,0.6220049999999999,0.622525,0.621745,0.62243,1270
2025-01-31 05:00:00,0.62244,0.6230450000000001,0.62185,0.622325,1476
2025-01-31 06:00:00,0.6223350000000001,0.62302,0.622285,0.62275,1519
2025-01-31 07:00:00,0.622745,0.62355,0.622635,0.6234500000000001,2643
2025-01-31 08:00:00,0.62344,0.62371,0.6220600000000001,0.622155,3239
2025-01-31 09:00:00,0.62212,0.622625,0.62195,0.62236,3869
2025-01-31 10:00:00,0.62235,0.622475,0.6215299999999999,0.62157,2678
2025-01-31 11:00:00,0.6215649999999999,0.6216299999999999,0.621,0.62127,2006
2025-01-31 12:00:00,0.621255,0.621765,0.621245,0.621675,1927
2025-01-31 13:00:00,0.62168,0.62249,0.62163,0.62204,4863
2025-01-31 14:00:00,0.62205,0.6221049999999999,0.6210549999999999,0.62177,4910
2025-01-31 15:00:00,0.621775,0.623945,0.62146,0.62375,5735
2025-01-31 16:00:00,0.6237550000000001,0.624375,0.623085,0.62403,4309
2025-01-31 17:00:00,0.624025,0.6262650000000001,0.623045,0.6255649999999999,8706
2025-01-31 18:00:00,0.62556,0.62571,0.62119,0.62188,10600
2025-01-31 19:00:00,0.62187,0.62204,0.620765,0.62147,5937
2025-01-31 20:00:00,0.621475,0.622185,0.62088,0.621375,6424
2025-01-31 21:00:00,0.62137,0.622205,0.620725,0.621035,5465
2025-02-02 22:00:00,0.6161300000000001,0.6168750000000001,0.61521,0.61531,888
2025-02-02 23:00:00,0.61537,0.61639,0.613745,0.61418,8820
2025-02-03 00:00:00,0.61418,0.6153299999999999,0.611345,0.61186,10312
2025-02-03 01:00:00,0.611855,0.613605,0.6114299999999999,0.61158,6857
2025-02-03 02:00:00,0.61159,0.6116349999999999,0.60878,0.6095900000000001,7170
2025-02-03 03:00:00,0.6095900000000001,0.6099950000000001,0.608825,0.60981,4185
2025-02-03 04:00:00,0.6098,0.612675,0.60975,0.611605,5764
2025-02-03 05:00:00,0.61161,0.612325,0.6113999999999999,0.6120749999999999,3458
2025-02-03 06:00:00,0.6120749999999999,0.6139950000000001,0.6119699999999999,0.61375,3878
2025-02-03 07:00:00,0.613765,0.61432,0.613255,0.61351,5277
2025-02-03 08:00:00,0.613515,0.614765,0.613335,0.61395,6045
2025-02-03 09:00:00,0.6139950000000001,0.614975,0.6138,0.6141650000000001,3569
2025-02-03 10:00:00,0.614185,0.61496,0.614155,0.614525,2983
2025-02-03 11:00:00,0.61452,0.6148450000000001,0.613645,0.6148,2946
2025-02-03 12:00:00,0.61481,0.61571,0.6147199999999999,0.61545,3752
2025-02-03 13:00:00,0.6154649999999999,0.617435,0.61544,0.61604,6421
2025-02-03 14:00:00,0.616045,0.6166050000000001,0.614765,0.615075,7645
2025-02-03 15:00:00,0.61507,0.61965,0.614035,0.6194999999999999,18384
2025-02-03 16:00:00,0.61949,0.619775,0.617245,0.61754,12829
2025-02-03 17:00:00,0.6175550000000001,0.619345,0.61659,0.617875,7810
2025-02-03 18:00:00,0.61786,0.618405,0.61717,0.6177900000000001,5871
2025-02-03 19:00:00,0.617775,0.61885,0.617765,0.61833,2459
2025-02-03 20:00:00,0.61827,0.6190249999999999,0.6181749999999999,0.61846,2643
2025-02-03 21:00:00,0.618445,0.62375,0.618295,0.622645,7164
2025-02-03 22:00:00,0.62256,0.622755,0.621,0.6224149999999999,1646
2025-02-03 23:00:00,0.62238,0.623365,0.6216550000000001,0.6217550000000001,2842
2025-02-04 00:00:00,0.62174,0.6222000000000001,0.620965,0.62109,2273
2025-02-04 01:00:00,0.621085,0.6210899999999999,0.6199250000000001,0.62086,2665
2025-02-04 02:00:00,0.6208549999999999,0.6213150000000001,0.620595,0.621165,2492
2025-02-04 03:00:00,0.6211599999999999,0.62134,0.62007,0.62025,1758
2025-02-04 04:00:00,0.620255,0.6202650000000001,0.6193949999999999,0.6194299999999999,1591
2025-02-04 05:00:00,0.61942,0.61943,0.617085,0.6185050000000001,7226
2025-02-04 06:00:00,0.6185350000000001,0.6199950000000001,0.61846,0.61994,2610
2025-02-04 07:00:00,0.619885,0.62082,0.61953,0.6206799999999999,3131
2025-02-04 08:00:00,0.62069,0.62094,0.6198049999999999,0.620285,5411
2025-02-04 09:00:00,0.6203,0.621105,0.6203,0.620725,3512
2025-02-04 10:00:00,0.6207199999999999,0.62154,0.620455,0.621505,2393
2025-02-04 11:00:00,0.6214999999999999,0.621575,0.620635,0.62065,1916
2025-02-04 12:00:00,0.62066,0.62129,0.620465,0.621155,2738
2025-02-04 13:00:00,0.621155,0.62175,0.6209450000000001,0.62165,3196
2025-02-04 14:00:00,0.62166,0.623155,0.62166,0.623005,4158
2025-02-04 15:00:00,0.623025,0.625355,0.62299,0.624845,8002
2025-02-04 16:00:00,0.6248549999999999,0.625975,0.6248,0.6254649999999999,4133
2025-02-04 17:00:00,0.625455,0.62562,0.62435,0.6252,3869
2025-02-04 18:00:00,0.62521,0.625855,0.62501,0.62563,1902
2025-02-04 19:00:00,0.62564,0.6261300000000001,0.6255,0.62599,2105
2025-02-04 20:00:00,0.62601,0.62609,0.62567,0.626065,1937
2025-02-04 21:00:00,0.62608,0.626205,0.6254649999999999,0.6254850000000001,1178
2025-02-04 22:00:00,0.6254850000000001,0.625505,0.625235,0.625275,429
2025-02-04 23:00:00,0.62527,0.6256,0.62491,0.62495,1187
2025-02-05 00:00:00,0.62498,0.6257900000000001,0.62473,0.6253,1708
2025-02-05 01:00:00,0.6253150000000001,0.626055,0.62427,0.62429,3526
2025-02-05 02:00:00,0.624285,0.62555,0.62402,0.62525,2970
2025-02-05 03:00:00,0.625255,0.625605,0.62504,0.62504,1660
2025-02-05 04:00:00,0.6250549999999999,0.6251199999999999,0.62459,0.6248499999999999,1185
2025-02-05 05:00:00,0.624845,0.62527,0.624665,0.62527,1130
2025-02-05 06:00:00,0.625255,0.62625,0.62489,0.625505,1885
2025-02-05 07:00:00,0.6255,0.6273150000000001,0.62525,0.626985,3964
2025-02-05 08:00:00,0.62697,0.62825,0.626845,0.627985,4762
2025-02-05 09:00:00,0.62798,0.62845,0.627765,0.6279,3226
2025-02-05 10:00:00,0.6278950000000001,0.62902,0.62783,0.6286499999999999,2585
2025-02-05 11:00:00,0.628645,0.628745,0.6280399999999999,0.62818,2013
2025-02-05 12:00:00,0.62819,0.62839,0.6279600000000001,0.628285,1853
2025-02-05 13:00:00,0.628295,0.62866,0.62758,0.62778,4731
2025-02-05 14:00:00,0.627785,0.628595,0.6274850000000001,0.628115,3962
2025-02-05 15:00:00,0.628135,0.629625,0.6281049999999999,0.6293949999999999,7539
2025-02-05 16:00:00,0.6293899999999999,0.629595,0.62863,0.629355,3362
2025-02-05 17:00:00,0.629365,0.6296900000000001,0.628655,0.629205,2021
2025-02-05 18:00:00,0.6292,0.629305,0.6288100000000001,0.628865,1456
2025-02-05 19:00:00,0.628885,0.62892,0.62844,0.62856,1434
2025-02-05 20:00:00,0.628555,0.62875,0.6282650000000001,0.628695,1531
2025-02-05 21:00:00,0.6287,0.62879,0.6284000000000001,0.62848,1285
2025-02-05 22:00:00,0.6284799999999999,0.628545,0.628175,0.628175,445
2025-02-05 23:00:00,0.6282,0.6286799999999999,0.628195,0.628385,812
2025-02-06 00:00:00,0.62839,0.628815,0.627965,0.62809,1563
2025-02-06 01:00:00,0.6280950000000001,0.6285700000000001,0.6279,0.6284350000000001,2156
2025-02-06 02:00:00,0.62843,0.62843,0.6269899999999999,0.6273299999999999,2544
2025-02-06 03:00:00,0.62732,0.62748,0.626155,0.62642,1647
2025-02-06 04:00:00,0.62643,0.626895,0.62617,0.6262300000000001,984
2025-02-06 05:00:00,0.626235,0.62683,0.62615,0.62625,1168
2025-02-06 06:00:00,0.626255,0.62722,0.62623,0.62678,1336
2025-02-06 07:00:00,0.626765,0.626945,0.62617,0.62629,2123
2025-02-06 08:00:00,0.62629,0.62658,0.62552,0.625945,3182
2025-02-06 09:00:00,0.625955,0.6262449999999999,0.62554,0.626125,1972
2025-02-06 10:00:00,0.62614,0.62679,0.62614,0.62641,1925
2025-02-06 11:00:00,0.62644,0.6268400000000001,0.62616,0.6265050000000001,1904
2025-02-06 12:00:00,0.6265000000000001,0.626965,0.62618,0.62656,3908
2025-02-06 13:00:00,0.6265700000000001,0.626655,0.62575,0.6263650000000001,3840
2025-02-06 14:00:00,0.62637,0.627155,0.626125,0.6262099999999999,3187
2025-02-06 15:00:00,0.626205,0.628105,0.6260600000000001,0.6279699999999999,4197
2025-02-06 16:00:00,0.627965,0.628635,0.62767,0.627675,2503
2025-02-06 17:00:00,0.62767,0.628585,0.627525,0.62853,1624
2025-02-06 18:00:00,0.6285449999999999,0.6288,0.628055,0.62849,2353
2025-02-06 19:00:00,0.628485,0.62854,0.6279250000000001,0.628035,1491
2025-02-06 20:00:00,0.6280300000000001,0.62859,0.6279950000000001,0.6285700000000001,1237
2025-02-06 21:00:00,0.6285499999999999,0.6285799999999999,0.628235,0.628235,969
2025-02-06 22:00:00,0.6281950000000001,0.628285,0.627155,0.628035,480
2025-02-06 23:00:00,0.628025,0.628355,0.627905,0.62813,736
2025-02-07 00:00:00,0.62812,0.6286400000000001,0.62806,0.62834,1109
2025-02-07 01:00:00,0.62835,0.6291599999999999,0.62829,0.628965,1988
2025-02-07 02:00:00,0.62897,0.62957,0.62897,0.629215,1749
2025-02-07 03:00:00,0.62923,0.62934,0.628595,0.62873,1459
2025-02-07 04:00:00,0.628735,0.628795,0.6281049999999999,0.62836,1195
2025-02-07 05:00:00,0.62834,0.6285499999999999,0.62788,0.627975,1433
2025-02-07 06:00:00,0.627965,0.62834,0.6278250000000001,0.62833,1473
2025-02-07 07:00:00,0.6283350000000001,0.6289800000000001,0.628285,0.628695,1711
2025-02-07 08:00:00,0.628665,0.6297,0.628645,0.629615,1758
2025-02-07 09:00:00,0.6296200000000001,0.629775,0.62933,0.6293899999999999,1706
2025-02-07 10:00:00,0.629405,0.629445,0.628465,0.62849,1827
2025-02-07 11:00:00,0.628475,0.628585,0.62811,0.628225,1382
2025-02-07 12:00:00,0.62822,0.62822,0.627705,0.6279950000000001,1507
2025-02-07 13:00:00,0.627985,0.630115,0.62657,0.627695,8763
2025-02-07 14:00:00,0.6277,0.62981,0.627245,0.629375,5831
2025-02-07 15:00:00,0.629365,0.6294850000000001,0.625855,0.62753,9809
2025-02-07 16:00:00,0.627525,0.627745,0.62576,0.62616,11672
2025-02-07 17:00:00,0.62615,0.62761,0.62531,0.626845,9635
2025-02-07 18:00:00,0.62684,0.627875,0.62675,0.6269499999999999,3206
2025-02-07 19:00:00,0.62694,0.6275550000000001,0.6268750000000001,0.627285,2391
2025-02-07 20:00:00,0.62729,0.62744,0.6266700000000001,0.62707,1999
2025-02-07 21:00:00,0.627075,0.627475,0.6268,0.6272899999999999,1918
2025-02-09 22:00:00,0.62351,0.62517,0.6234999999999999,0.624745,1838
2025-02-09 23:00:00,0.6247499999999999,0.6261,0.62454,0.625795,2519
2025-02-10 00:00:00,0.625785,0.62654,0.62578,0.6264350000000001,2085
2025-02-10 01:00:00,0.62644,0.62688,0.625245,0.62548,3446
2025-02-10 02:00:00,0.6254850000000001,0.62586,0.6254,0.625725,1958
2025-02-10 03:00:00,0.625745,0.62683,0.625735,0.626825,1191
2025-02-10 04:00:00,0.626825,0.62724,0.6268100000000001,0.6271150000000001,1050
2025-02-10 05:00:00,0.6271249999999999,0.6277250000000001,0.6270450000000001,0.627185,1422
2025-02-10 06:00:00,0.6272150000000001,0.6278,0.6269499999999999,0.62776,1476
2025-02-10 07:00:00,0.6277649999999999,0.62798,0.62704,0.6273,2344
2025-02-10 08:00:00,0.6272949999999999,0.62753,0.626715,0.62729,3165
2025-02-10 09:00:00,0.627285,0.62825,0.627155,0.62786,2433
2025-02-10 10:00:00,0.62785,0.628305,0.627695,0.62798,1694
2025-02-10 11:00:00,0.627955,0.62841,0.627335,0.62737,1907
2025-02-10 12:00:00,0.62736,0.62748,0.62683,0.627185,1908
2025-02-10 13:00:00,0.6272,0.62839,0.62713,0.6282449999999999,2162
2025-02-10 14:00:00,0.62825,0.628315,0.627775,0.6280950000000001,2923
2025-02-10 15:00:00,0.62812,0.62874,0.6280699999999999,0.62842,3028
2025-02-10 16:00:00,0.628415,0.628595,0.62741,0.62779,2625
2025-02-10 17:00:00,0.627795,0.627965,0.627345,0.6276550000000001,1958
2025-02-10 18:00:00,0.62765,0.6280950000000001,0.6274850000000001,0.62771,1843
2025-02-10 19:00:00,0.627705,0.628135,0.62755,0.62796,1252
2025-02-10 20:00:00,0.6279399999999999,0.62802,0.627715,0.627845,1794
2025-02-10 21:00:00,0.6278349999999999,0.62792,0.6277200000000001,0.62775,1014
2025-02-10 22:00:00,0.627715,0.62839,0.62717,0.628055,1454
2025-02-10 23:00:00,0.62804,0.62811,0.62644,0.626995,2246
2025-02-11 00:00:00,0.62702,0.6273850000000001,0.626585,0.6273299999999999,982
2025-02-11 01:00:00,0.6273,0.6275,0.6271,0.62725,1574
2025-02-11 02:00:00,0.627245,0.6274850000000001,0.626145,0.6263000000000001,2184
2025-02-11 03:00:00,0.626295,0.626925,0.626055,0.62691,1504
2025-02-11 04:00:00,0.62692,0.62743,0.62692,0.627375,1413
2025-02-11 05:00:00,0.62738,0.62768,0.627335,0.6275900000000001,1385
2025-02-11 06:00:00,0.627555,0.62829,0.62747,0.62796,1455
2025-02-11 07:00:00,0.6279399999999999,0.628355,0.627355,0.627965,2825
2025-02-11 08:00:00,0.6279699999999999,0.6287,0.62788,0.62818,3030
2025-02-11 09:00:00,0.628185,0.6285449999999999,0.62765,0.62767,2355
2025-02-11 10:00:00,0.627675,0.6282449999999999,0.62694,0.627015,2244
2025-02-11 11:00:00,0.6270100000000001,0.62749,0.627,0.62739,1302
2025-02-11 12:00:00,0.627405,0.62839,0.62709,0.6281749999999999,2587
2025-02-11 13:00:00,0.62818,0.62819,0.627345,0.627875,2602
2025-02-11 14:00:00,0.627865,0.628865,0.6278349999999999,0.6285000000000001,2999
2025-02-11 15:00:00,0.628495,0.62896,0.62815,0.628795,3342
2025-02-11 16:00:00,0.6287849999999999,0.6296900000000001,0.628765,0.629305,2718
2025-02-11 17:00:00,0.62931,0.6295,0.62907,0.6291249999999999,1478
2025-02-11 18:00:00,0.629135,0.62928,0.62881,0.6288499999999999,1273
2025-02-11 19:00:00,0.62884,0.6302,0.628645,0.629345,2470
2025-02-11 20:00:00,0.62936,0.6299399999999999,0.6293150000000001,0.6297200000000001,1470
2025-02-11 21:00:00,0.62973,0.6297699999999999,0.629265,0.62949,1000
2025-02-11 22:00:00,0.629445,0.62962,0.629035,0.62937,904
2025-02-11 23:00:00,0.6293500000000001,0.62979,0.62927,0.62967,903
2025-02-12 00:00:00,0.62968,0.62968,0.6291,0.629435,1291
2025-02-12 01:00:00,0.62941,0.63012,0.628825,0.630105,1809
2025-02-12 02:00:00,0.630125,0.630945,0.6301049999999999,0.63052,2355
2025-02-12 03:00:00,0.6305099999999999,0.6306350000000001,0.629495,0.6299399999999999,2207
2025-02-12 04:00:00,0.62993,0.63007,0.6289750000000001,0.6290100000000001,1534
2025-02-12 05:00:00,0.629015,0.6292949999999999,0.62883,0.629195,1633
2025-02-12 06:00:00,0.62919,0.629375,0.628775,0.628985,1642
2025-02-12 07:00:00,0.628965,0.629335,0.628695,0.628815,2269
2025-02-12 08:00:00,0.628835,0.62917,0.627975,0.628115,3152
2025-02-12 09:00:00,0.62811,0.628285,0.62764,0.627795,2247
2025-02-12 10:00:00,0.6277999999999999,0.62783,0.627235,0.62775,1650
2025-02-12 11:00:00,0.6277349999999999,0.6282300000000001,0.627685,0.627865,1803
2025-02-12 12:00:00,0.6278699999999999,0.628025,0.627545,0.62787,1723
2025-02-12 13:00:00,0.627865,0.62792,0.62382,0.624375,8166
2025-02-12 14:00:00,0.6243650000000001,0.625795,0.623525,0.62578,6306
2025-02-12 15:00:00,0.625795,0.62785,0.6252,0.62747,7579
2025-02-12 16:00:00,0.62748,0.628545,0.626105,0.628405,5081
2025-02-12 17:00:00,0.628395,0.63056,0.6283449999999999,0.6303,6249
2025-02-12 18:00:00,0.630305,0.630585,0.62851,0.628585,3572
2025-02-12 19:00:00,0.62858,0.628795,0.628405,0.62859,1671
2025-02-12 20:00:00,0.6286149999999999,0.628925,0.628375,0.6284350000000001,1525
2025-02-12 21:00:00,0.628445,0.62859,0.62773,0.627985,1579
2025-02-12 22:00:00,0.62799,0.62836,0.6276299999999999,0.62783,469
2025-02-12 23:00:00,0.62782,0.6281950000000001,0.62782,0.6281749999999999,809
2025-02-13 00:00:00,0.6282,0.628645,0.62782,0.627945,1201
2025-02-13 01:00:00,0.6279300000000001,0.62832,0.62741,0.6282399999999999,2359
2025-02-13 02:00:00,0.62825,0.628285,0.627675,0.6276999999999999,2646
2025-02-13 03:00:00,0.627695,0.6291,0.627605,0.62896,2197
2025-02-13 04:00:00,0.62894,0.629915,0.6289100000000001,0.62941,2060
2025-02-13 05:00:00,0.6294150000000001,0.6299,0.629265,0.6296550000000001,2078
2025-02-13 06:00:00,0.62965,0.629695,0.628725,0.628755,2201
2025-02-13 07:00:00,0.62876,0.629135,0.62808,0.6283650000000001,2813
2025-02-13 08:00:00,0.62838,0.6284,0.6267750000000001,0.62692,3269
2025-02-13 09:00:00,0.62691,0.62705,0.6264099999999999,0.62674,2082
2025-02-13 10:00:00,0.62673,0.627195,0.62662,0.62677,1603
2025-02-13 11:00:00,0.62677,0.6271599999999999,0.625845,0.62633,3096
2025-02-13 12:00:00,0.626335,0.626355,0.625745,0.62602,2711
2025-02-13 13:00:00,0.626025,0.62707,0.625505,0.626295,5341
2025-02-13 14:00:00,0.6263,0.6270549999999999,0.62549,0.62703,4165
2025-02-13 15:00:00,0.6270450000000001,0.629805,0.62703,0.6297550000000001,7777
2025-02-13 16:00:00,0.629765,0.63034,0.62894,0.629115,3356
2025-02-13 17:00:00,0.629105,0.6296,0.62875,0.628865,2180
2025-02-13 18:00:00,0.62886,0.629205,0.627,0.6288050000000001,8115
2025-02-13 19:00:00,0.6288,0.630895,0.628775,0.63023,4527
2025-02-13 20:00:00,0.63022,0.63229,0.63011,0.63195,2204
2025-02-13 21:00:00,0.631945,0.6320749999999999,0.631555,0.63175,1149
2025-02-13 22:00:00,0.631775,0.63192,0.63142,0.63161,843
2025-02-13 23:00:00,0.63159,0.631845,0.6311199999999999,0.63165,1594
2025-02-14 00:00:00,0.63165,0.63184,0.63105,0.6314,1658
2025-02-14 01:00:00,0.631405,0.632545,0.6313500000000001,0.6322000000000001,2820
2025-02-14 02:00:00,0.6321950000000001,0.63278,0.631985,0.6325350000000001,2494
2025-02-14 03:00:00,0.63252,0.63256,0.63202,0.63228,1464
2025-02-14 04:00:00,0.6322749999999999,0.6325000000000001,0.63182,0.632045,1183
2025-02-14 05:00:00,0.63205,0.632185,0.63159,0.631915,1992
2025-02-14 06:00:00,0.63191,0.6324700000000001,0.631815,0.632135,1986
2025-02-14 07:00:00,0.632125,0.633165,0.632065,0.6328499999999999,3268
2025-02-14 08:00:00,0.632845,0.63392,0.63282,0.633355,4112
2025-02-14 09:00:00,0.633345,0.63454,0.633285,0.63411,2641
2025-02-14 10:00:00,0.6341049999999999,0.63426,0.6332949999999999,0.63333,1962
2025-02-14 11:00:00,0.633345,0.63398,0.63322,0.633955,1900
2025-02-14 12:00:00,0.63397,0.634545,0.6334599999999999,0.6343650000000001,2248
2025-02-14 13:00:00,0.6343650000000001,0.6358349999999999,0.6343099999999999,0.635375,5180
2025-02-14 14:00:00,0.635375,0.6367700000000001,0.635265,0.63656,4539
2025-02-14 15:00:00,0.636565,0.63659,0.6352599999999999,0.63624,4576
2025-02-14 16:00:00,0.63623,0.63651,0.6355599999999999,0.6357649999999999,2787
2025-02-14 17:00:00,0.6357649999999999,0.63606,0.63534,0.635915,1486
2025-02-14 18:00:00,0.635915,0.635985,0.6354949999999999,0.63567,965
2025-02-14 19:00:00,0.63568,0.63595,0.63553,0.63586,1149
2025-02-14 20:00:00,0.63585,0.63585,0.63545,0.63561,1269
2025-02-14 21:00:00,0.635615,0.63577,0.6351150000000001,0.6351150000000001,1087
2025-02-16 22:00:00,0.634715,0.63532,0.63466,0.6349400000000001,1182
2025-02-16 23:00:00,0.634925,0.63568,0.6348849999999999,0.63565,1472
2025-02-17 00:00:00,0.63564,0.63609,0.635515,0.635625,1734
2025-02-17 01:00:00,0.63564,0.63722,0.63536,0.636835,3104
2025-02-17 02:00:00,0.636845,0.636845,0.63587,0.63636,2555
2025-02-17 03:00:00,0.63635,0.63673,0.63601,0.63652,1694
2025-02-17 04:00:00,0.636495,0.6369,0.6362,0.6367050000000001,1424
2025-02-17 05:00:00,0.63671,0.6373899999999999,0.6364799999999999,0.6367700000000001,2123
2025-02-17 06:00:00,0.6367700000000001,0.637265,0.6365099999999999,0.63689,1766
2025-02-17 07:00:00,0.63687,0.6371100000000001,0.636105,0.63624,2081
2025-02-17 08:00:00,0.6362300000000001,0.63639,0.635725,0.6359300000000001,2334
2025-02-17 09:00:00,0.635935,0.63673,0.63593,0.636685,1652
2025-02-17 10:00:00,0.63668,0.6367050000000001,0.63629,0.63654,1605
2025-02-17 11:00:00,0.6365149999999999,0.63678,0.635995,0.6366,1207
2025-02-17 12:00:00,0.63661,0.63666,0.636095,0.6362749999999999,1226
2025-02-17 13:00:00,0.63628,0.636675,0.63628,0.6365350000000001,1020
2025-02-17 14:00:00,0.63654,0.6368,0.636415,0.63669,1104
2025-02-17 15:00:00,0.636685,0.6369400000000001,0.63639,0.63652,1026
2025-02-17 16:00:00,0.63651,0.636905,0.636305,0.636455,765
2025-02-17 17:00:00,0.636455,0.6366,0.6363,0.636485,685
2025-02-17 18:00:00,0.63648,0.6365400000000001,0.6359950000000001,0.636,493
2025-02-17 19:00:00,0.636,0.636,0.635445,0.6359049999999999,1225
2025-02-17 20:00:00,0.6359,0.636155,0.63585,0.6361,434
2025-02-17 21:00:00,0.6360950000000001,0.6360950000000001,0.6355,0.6355,652
2025-02-17 22:00:00,0.63541,0.635885,0.6352,0.6352,725
2025-02-17 23:00:00,0.6351800000000001,0.6355649999999999,0.63511,0.635525,730
2025-02-18 00:00:00,0.6355200000000001,0.635645,0.634695,0.63479,1284
2025-02-18 01:00:00,0.6347849999999999,0.6347849999999999,0.633545,0.6340600000000001,2833
2025-02-18 02:00:00,0.63406,0.6350549999999999,0.63406,0.63461,2423
2025-02-18 03:00:00,0.63462,0.6367849999999999,0.6334550000000001,0.635025,3850
2025-02-18 04:00:00,0.635015,0.6360049999999999,0.63405,0.635355,2524
2025-02-18 05:00:00,0.63535,0.6359300000000001,0.6350450000000001,0.63567,1930
2025-02-18 06:00:00,0.63564,0.63599,0.63493,0.6357349999999999,1839
2025-02-18 07:00:00,0.6356649999999999,0.636495,0.6351899999999999,0.6354949999999999,2066
2025-02-18 08:00:00,0.6354949999999999,0.63627,0.635375,0.63554,2121
2025-02-18 09:00:00,0.63554,0.636135,0.63546,0.636085,1323
2025-02-18 10:00:00,0.63609,0.6362650000000001,0.63541,0.63554,1114
2025-02-18 11:00:00,0.6355500000000001,0.636,0.63541,0.63575,995
2025-02-18 12:00:00,0.63575,0.63594,0.634545,0.6346099999999999,1564
2025-02-18 13:00:00,0.63462,0.63475,0.63413,0.63432,2532
2025-02-18 14:00:00,0.634325,0.63493,0.63426,0.6348,2464
2025-02-18 15:00:00,0.634835,0.63562,0.6348,0.6352,2760
2025-02-18 16:00:00,0.635195,0.6354299999999999,0.63479,0.6351800000000001,1737
2025-02-18 17:00:00,0.63518,0.63518,0.63444,0.63461,1388
2025-02-18 18:00:00,0.63462,0.63478,0.6344,0.63475,1148
2025-02-18 19:00:00,0.634745,0.6350800000000001,0.6345449999999999,0.6349,777
2025-02-18 20:00:00,0.6349,0.63521,0.634755,0.63521,872
2025-02-18 21:00:00,0.6351800000000001,0.635505,0.634965,0.635285,819
2025-02-18 22:00:00,0.63524,0.63564,0.6350100000000001,0.6353500000000001,1060
2025-02-18 23:00:00,0.6353500000000001,0.635485,0.63511,0.63523,728
2025-02-19 00:00:00,0.6352249999999999,0.63537,0.63466,0.634725,1329
2025-02-19 01:00:00,0.63473,0.635235,0.634215,0.635095,3140
2025-02-19 02:00:00,0.635085,0.636455,0.6345400000000001,0.63627,2801
2025-02-19 03:00:00,0.6362650000000001,0.63661,0.63587,0.636235,1285
2025-02-19 04:00:00,0.636235,0.6363749999999999,0.635785,0.6363399999999999,776
2025-02-19 05:00:00,0.6363399999999999,0.6368,0.636185,0.6367149999999999,1110
2025-02-19 06:00:00,0.6367050000000001,0.637005,0.6365149999999999,0.63658,1842
2025-02-19 07:00:00,0.636585,0.63685,0.636075,0.63633,1967
2025-02-19 08:00:00,0.63632,0.636495,0.63592,0.635985,1886
2025-02-19 09:00:00,0.635985,0.63632,0.63563,0.63573,1286
2025-02-19 10:00:00,0.635725,0.63575,0.63512,0.635265,1362
2025-02-19 11:00:00,0.63527,0.63546,0.6344650000000001,0.6348050000000001,1696
2025-02-19 12:00:00,0.63479,0.63524,0.63463,0.635095,1581
2025-02-19 13:00:00,0.6351,0.635615,0.634795,0.635035,2278
2025-02-19 14:00:00,0.6350100000000001,0.6351,0.6344650000000001,0.6348400000000001,2826
2025-02-19 15:00:00,0.63483,0.636595,0.634645,0.6349400000000001,4446
2025-02-19 16:00:00,0.6349549999999999,0.6349899999999999,0.633875,0.63394,2812
2025-02-19 17:00:00,0.633955,0.6343449999999999,0.633675,0.634135,1726
2025-02-19 18:00:00,0.63413,0.63456,0.63374,0.634385,1313
2025-02-19 19:00:00,0.63435,0.6352249999999999,0.634155,0.634825,2174
2025-02-19 20:00:00,0.63483,0.634895,0.63458,0.6348199999999999,1298
2025-02-19 21:00:00,0.63483,0.6349549999999999,0.63443,0.63443,412
2025-02-19 22:00:00,0.634425,0.63506,0.63436,0.6345000000000001,560
2025-02-19 23:00:00,0.634495,0.63458,0.63382,0.6340699999999999,948
2025-02-20 00:00:00,0.63408,0.635375,0.63336,0.63518,2481
2025-02-20 01:00:00,0.635175,0.635525,0.6327849999999999,0.633345,3108
2025-02-20 02:00:00,0.633355,0.6353949999999999,0.633115,0.63531,4209
2025-02-20 03:00:00,0.635315,0.63614,0.634495,0.6359,2560
2025-02-20 04:00:00,0.635895,0.63656,0.635755,0.6362,1412
2025-02-20 05:00:00,0.63619,0.63666,0.63619,0.6362650000000001,1552
2025-02-20 06:00:00,0.6362749999999999,0.637105,0.63615,0.63642,2324
2025-02-20 07:00:00,0.636415,0.6367849999999999,0.63618,0.63651,2477
2025-02-20 08:00:00,0.63651,0.63796,0.6364650000000001,0.637405,2880
2025-02-20 09:00:00,0.6374,0.6378250000000001,0.63724,0.6376,1803
2025-02-20 10:00:00,0.6375949999999999,0.63808,0.637405,0.6378349999999999,1564
2025-02-20 11:00:00,0.63784,0.638115,0.63681,0.6370549999999999,1651
2025-02-20 12:00:00,0.63705,0.63771,0.6369400000000001,0.6370750000000001,3022
2025-02-20 13:00:00,0.63707,0.638415,0.637015,0.63755,4148
2025-02-20 14:00:00,0.637545,0.6390100000000001,0.637175,0.63827,4244
2025-02-20 15:00:00,0.63828,0.6395599999999999,0.63767,0.639475,5188
2025-02-20 16:00:00,0.639465,0.63962,0.639085,0.6392450000000001,2718
2025-02-20 17:00:00,0.63924,0.6402399999999999,0.639135,0.63966,2605
2025-02-20 18:00:00,0.63965,0.64035,0.639455,0.640305,1697
2025-02-20 19:00:00,0.640285,0.640395,0.6395599999999999,0.640285,1552
2025-02-20 20:00:00,0.64028,0.64039,0.6399900000000001,0.64034,1170
2025-02-20 21:00:00,0.6403099999999999,0.640425,0.6398900000000001,0.6398900000000001,621
2025-02-20 22:00:00,0.639895,0.6399699999999999,0.63939,0.63992,537
2025-02-20 23:00:00,0.6399349999999999,0.640855,0.63985,0.640255,1193
2025-02-21 00:00:00,0.64025,0.64043,0.639575,0.63984,1311
2025-02-21 01:00:00,0.63982,0.64002,0.6391450000000001,0.6392249999999999,2839
2025-02-21 02:00:00,0.639215,0.640795,0.6392100000000001,0.64046,3480
2025-02-21 03:00:00,0.64048,0.64055,0.639945,0.64012,1760
2025-02-21 04:00:00,0.640145,0.64029,0.63959,0.63961,1249
2025-02-21 05:00:00,0.639605,0.63975,0.6387149999999999,0.63887,2090
2025-02-21 06:00:00,0.63886,0.6392,0.638495,0.63854,2285
2025-02-21 07:00:00,0.63855,0.639305,0.63855,0.63901,2753
2025-02-21 08:00:00,0.63902,0.639305,0.638385,0.638435,4139
2025-02-21 09:00:00,0.63846,0.6387700000000001,0.63814,0.63861,2292
2025-02-21 10:00:00,0.6386149999999999,0.6389050000000001,0.6385799999999999,0.63861,1287
2025-02-21 11:00:00,0.6386050000000001,0.639085,0.638475,0.63875,1190
2025-02-21 12:00:00,0.638755,0.6389750000000001,0.6382950000000001,0.638355,1674
2025-02-21 13:00:00,0.6383449999999999,0.6386050000000001,0.637985,0.63841,2201
2025-02-21 14:00:00,0.63841,0.6392249999999999,0.638145,0.638645,4252
2025-02-21 15:00:00,0.63864,0.6389,0.63704,0.637465,5615
2025-02-21 16:00:00,0.6374599999999999,0.637745,0.63714,0.637455,2267
2025-02-21 17:00:00,0.6374599999999999,0.63771,0.637025,0.63716,2502
2025-02-21 18:00:00,0.6371450000000001,0.63716,0.63574,0.6359699999999999,3404
2025-02-21 19:00:00,0.63598,0.63614,0.6351899999999999,0.6354,2503
2025-02-21 20:00:00,0.6353800000000001,0.63582,0.63534,0.6358,2171
2025-02-21 21:00:00,0.63578,0.6359250000000001,0.635405,0.63574,1258
2025-02-23 22:00:00,0.636525,0.637255,0.63609,0.636665,1591
2025-02-23 23:00:00,0.63666,0.6374150000000001,0.63647,0.63689,1934
2025-02-24 00:00:00,0.6369100000000001,0.63767,0.6367700000000001,0.637135,2479
2025-02-24 01:00:00,0.63713,0.63731,0.63613,0.63699,4428
2025-02-24 02:00:00,0.63698,0.63914,0.6368199999999999,0.63871,3972
2025-02-24 03:00:00,0.6387050000000001,0.639215,0.638145,0.63835,2862
2025-02-24 04:00:00,0.63835,0.63843,0.63783,0.6381300000000001,1164
2025-02-24 05:00:00,0.638115,0.63818,0.6376649999999999,0.6376649999999999,1820
2025-02-24 06:00:00,0.63765,0.63798,0.6372450000000001,0.63792,2038
2025-02-24 07:00:00,0.6379250000000001,0.6381950000000001,0.636645,0.63713,3047
2025-02-24 08:00:00,0.637135,0.63725,0.63609,0.63697,4281
2025-02-24 09:00:00,0.636965,0.6373850000000001,0.6364449999999999,0.636555,2695
2025-02-24 10:00:00,0.63655,0.63667,0.636055,0.636555,1992
2025-02-24 11:00:00,0.63656,0.636985,0.6364000000000001,0.636665,1966
2025-02-24 12:00:00,0.636655,0.63689,0.6362650000000001,0.636845,2106
2025-02-24 13:00:00,0.63686,0.637185,0.63679,0.636845,2396
2025-02-24 14:00:00,0.6368400000000001,0.6371199999999999,0.634425,0.63472,4284
2025-02-24 15:00:00,0.634725,0.6355200000000001,0.63453,0.63542,6244
2025-02-24 16:00:00,0.63539,0.63613,0.63517,0.6359,3308
2025-02-24 17:00:00,0.6359049999999999,0.6364000000000001,0.635465,0.63583,2637
2025-02-24 18:00:00,0.635825,0.63652,0.63576,0.63614,1713
2025-02-24 19:00:00,0.636145,0.63634,0.6355550000000001,0.635695,1731
2025-02-24 20:00:00,0.635705,0.6358550000000001,0.63456,0.6346700000000001,3255
2025-02-24 21:00:00,0.634665,0.6349750000000001,0.6345,0.6349750000000001,776
2025-02-24 22:00:00,0.634985,0.63531,0.63457,0.6346499999999999,339
2025-02-24 23:00:00,0.6346350000000001,0.634675,0.6336550000000001,0.63387,1236
2025-02-25 00:00:00,0.633865,0.63455,0.6337550000000001,0.6341300000000001,1657
2025-02-25 01:00:00,0.634135,0.6344449999999999,0.6339300000000001,0.63443,2446
2025-02-25 02:00:00,0.63441,0.63544,0.6341699999999999,0.6353800000000001,2703
2025-02-25 03:00:00,0.635375,0.63565,0.6351899999999999,0.6352,1827
2025-02-25 04:00:00,0.635195,0.635635,0.63493,0.63496,1186
2025-02-25 05:00:00,0.634965,0.6355999999999999,0.634965,0.635475,1291
2025-02-25 06:00:00,0.635465,0.63564,0.63483,0.63503,1450
2025-02-25 07:00:00,0.63501,0.63506,0.63371,0.63374,3230
2025-02-25 08:00:00,0.6337349999999999,0.63442,0.6334150000000001,0.6338550000000001,3820
2025-02-25 09:00:00,0.633845,0.6341,0.633215,0.6332249999999999,2785
2025-02-25 10:00:00,0.63324,0.633285,0.6326050000000001,0.6326149999999999,2271
2025-02-25 11:00:00,0.632655,0.634545,0.632605,0.6345000000000001,1938
2025-02-25 12:00:00,0.634485,0.634745,0.63388,0.6343300000000001,2758
2025-02-25 13:00:00,0.634325,0.635165,0.63413,0.634575,3635
2025-02-25 14:00:00,0.6345799999999999,0.63462,0.63372,0.63378,3721
2025-02-25 15:00:00,0.633795,0.633875,0.6325700000000001,0.63334,8156
2025-02-25 16:00:00,0.633345,0.6335649999999999,0.63267,0.63322,4849
2025-02-25 17:00:00,0.6332249999999999,0.633475,0.632215,0.63347,3000
2025-02-25 18:00:00,0.633475,0.63459,0.633475,0.63408,3451
2025-02-25 19:00:00,0.6340699999999999,0.63437,0.6338699999999999,0.634215,3440
2025-02-25 20:00:00,0.634225,0.634815,0.634155,0.634285,3143
2025-02-25 21:00:00,0.63427,0.63467,0.6342399999999999,0.634355,1568
2025-02-25 22:00:00,0.63407,0.634925,0.6340300000000001,0.63479,602
2025-02-25 23:00:00,0.6348050000000001,0.63537,0.634725,0.63514,954
2025-02-26 00:00:00,0.63513,0.6353150000000001,0.63426,0.6343099999999999,1823
2025-02-26 01:00:00,0.634295,0.634355,0.6329549999999999,0.6338,3041
2025-02-26 02:00:00,0.633805,0.63411,0.6323799999999999,0.633095,3170
2025-02-26 03:00:00,0.63309,0.633455,0.63253,0.632665,1994
2025-02-26 04:00:00,0.63266,0.633135,0.63248,0.6326799999999999,1219
2025-02-26 05:00:00,0.632675,0.6328499999999999,0.632015,0.63235,1611
2025-02-26 06:00:00,0.6323449999999999,0.633235,0.632185,0.633005,1523
2025-02-26 07:00:00,0.6330100000000001,0.633945,0.6326149999999999,0.6327,3320
2025-02-26 08:00:00,0.6326799999999999,0.633465,0.6326050000000001,0.6330450000000001,3478
2025-02-26 09:00:00,0.6330549999999999,0.633075,0.63231,0.6323799999999999,2188
2025-02-26 10:00:00,0.6323700000000001,0.6326,0.6317550000000001,0.631775,1928
2025-02-26 11:00:00,0.6317550000000001,0.6318,0.631205,0.6313850000000001,2105
2025-02-26 12:00:00,0.631375,0.63163,0.630565,0.630655,2729
2025-02-26 13:00:00,0.63067,0.631455,0.6305000000000001,0.6305449999999999,2982
2025-02-26 14:00:00,0.630525,0.630895,0.62996,0.63062,3986
2025-02-26 15:00:00,0.6306350000000001,0.631975,0.630235,0.631605,5635
2025-02-26 16:00:00,0.6316200000000001,0.6324799999999999,0.6316200000000001,0.6321749999999999,3676
2025-02-26 17:00:00,0.632155,0.633535,0.63141,0.6315999999999999,7496
2025-02-26 18:00:00,0.63159,0.632115,0.630525,0.63072,4028
2025-02-26 19:00:00,0.6307149999999999,0.6312249999999999,0.63022,0.63084,3068
2025-02-26 20:00:00,0.630835,0.630845,0.6298349999999999,0.630065,2453
2025-02-26 21:00:00,0.63006,0.630545,0.629595,0.6305449999999999,1570
2025-02-26 22:00:00,0.6305000000000001,0.631175,0.63028,0.6307499999999999,785
2025-02-26 23:00:00,0.630755,0.6314649999999999,0.6306700000000001,0.6309199999999999,1266
2025-02-27 00:00:00,0.63093,0.630935,0.63001,0.630085,2018
2025-02-27 01:00:00,0.6301,0.631015,0.62969,0.63068,3134
2025-02-27 02:00:00,0.63066,0.631,0.6299950000000001,0.63018,2982
2025-02-27 03:00:00,0.63021,0.6305499999999999,0.62912,0.62929,1915
2025-02-27 04:00:00,0.629305,0.6294850000000001,0.6285499999999999,0.62881,1840
2025-02-27 05:00:00,0.628815,0.62929,0.628595,0.6291899999999999,1986
2025-02-27 06:00:00,0.629195,0.629705,0.62915,0.629645,1890
2025-02-27 07:00:00,0.629625,0.6303799999999999,0.6292249999999999,0.6297550000000001,2506
2025-02-27 08:00:00,0.6297699999999999,0.63034,0.62951,0.62999,3577
2025-02-27 09:00:00,0.6299950000000001,0.6303000000000001,0.629615,0.630235,2283
2025-02-27 10:00:00,0.630225,0.6303000000000001,0.62954,0.629945,1896
2025-02-27 11:00:00,0.62995,0.63045,0.629865,0.62993,1516
2025-02-27 12:00:00,0.6299250000000001,0.63039,0.62948,0.629495,2878
2025-02-27 13:00:00,0.62948,0.6299049999999999,0.6265499999999999,0.6267,7947
2025-02-27 14:00:00,0.626695,0.62748,0.62502,0.62538,8386
2025-02-27 15:00:00,0.625375,0.6259250000000001,0.625,0.62557,8142
2025-02-27 16:00:00,0.6255649999999999,0.625785,0.624995,0.62541,4572
2025-02-27 17:00:00,0.62542,0.62568,0.62442,0.6246700000000001,3595
2025-02-27 18:00:00,0.62468,0.62544,0.624675,0.62541,2751
2025-02-27 19:00:00,0.62543,0.6254850000000001,0.62403,0.624285,2999
2025-02-27 20:00:00,0.624295,0.62437,0.6234999999999999,0.623705,3155
2025-02-27 21:00:00,0.62372,0.6237349999999999,0.623205,0.623595,1166
2025-02-27 22:00:00,0.62363,0.623675,0.6231249999999999,0.6231800000000001,712
2025-02-27 23:00:00,0.62324,0.62384,0.6230450000000001,0.6231500000000001,1005
2025-02-28 00:00:00,0.623165,0.6235200000000001,0.6228549999999999,0.62321,1987
2025-02-28 01:00:00,0.6232150000000001,0.62379,0.62209,0.622135,4223
2025-02-28 02:00:00,0.6221300000000001,0.622575,0.6213150000000001,0.62139,3634
2025-02-28 03:00:00,0.6213949999999999,0.621605,0.62101,0.62117,2493
2025-02-28 04:00:00,0.62119,0.621475,0.621015,0.6212850000000001,1676
2025-02-28 05:00:00,0.6212599999999999,0.62171,0.621205,0.621405,1939
2025-02-28 06:00:00,0.6214,0.62175,0.62098,0.62117,2508
2025-02-28 07:00:00,0.621175,0.62148,0.62088,0.6213,3173
2025-02-28 08:00:00,0.62129,0.621775,0.621135,0.62165,3360
2025-02-28 09:00:00,0.621675,0.622025,0.621345,0.6214500000000001,2485
2025-02-28 10:00:00,0.621445,0.6217250000000001,0.62112,0.62138,1493
2025-02-28 11:00:00,0.621365,0.62185,0.621225,0.62185,1524
2025-02-28 12:00:00,0.6218349999999999,0.6222000000000001,0.621535,0.621645,2055
2025-02-28 13:00:00,0.62165,0.622015,0.621225,0.6213,3969
2025-02-28 14:00:00,0.6213150000000001,0.6214649999999999,0.62062,0.620995,4518
2025-02-28 15:00:00,0.62095,0.622035,0.62085,0.621855,5322
2025-02-28 16:00:00,0.621845,0.621885,0.620625,0.620995,4912
2025-02-28 17:00:00,0.621,0.62151,0.62052,0.6205849999999999,4120
2025-02-28 18:00:00,0.62059,0.6207050000000001,0.6193649999999999,0.619535,6390
2025-02-28 19:00:00,0.61952,0.6200749999999999,0.619265,0.619795,3249
2025-02-28 20:00:00,0.6197900000000001,0.620665,0.619675,0.62062,3849
2025-02-28 21:00:00,0.6206050000000001,0.62093,0.6202650000000001,0.62062,2038
2025-03-02 22:00:00,0.621625,0.62178,0.6209,0.620935,981
2025-03-02 23:00:00,0.6209199999999999,0.622395,0.6209199999999999,0.62201,2346
2025-03-03 00:00:00,0.622005,0.622475,0.62144,0.62189,2375
2025-03-03 01:00:00,0.621895,0.62304,0.621855,0.62271,3543
2025-03-03 02:00:00,0.62269,0.62307,0.62193,0.6220300000000001,2382
2025-03-03 03:00:00,0.622045,0.622045,0.621065,0.62179,2601
2025-03-03 04:00:00,0.621785,0.62233,0.62175,0.621975,1145
2025-03-03 05:00:00,0.621955,0.62218,0.6214999999999999,0.62173,1702
2025-03-03 06:00:00,0.6217250000000001,0.6217550000000001,0.62087,0.6215649999999999,2157
2025-03-03 07:00:00,0.62158,0.62203,0.621415,0.62173,2936
2025-03-03 08:00:00,0.6217250000000001,0.62192,0.621065,0.6218,4012
2025-03-03 09:00:00,0.6218250000000001,0.6225400000000001,0.6216999999999999,0.6224000000000001,2620
2025-03-03 10:00:00,0.622395,0.62269,0.6220349999999999,0.62226,2361
2025-03-03 11:00:00,0.6222650000000001,0.62265,0.622045,0.622255,2076
2025-03-03 12:00:00,0.62225,0.62302,0.62225,0.6227100000000001,3245
2025-03-03 13:00:00,0.622725,0.623365,0.62246,0.62331,3178
2025-03-03 14:00:00,0.6233150000000001,0.6249,0.623255,0.62434,4078
2025-03-03 15:00:00,0.6243650000000001,0.625455,0.62374,0.62409,7323
2025-03-03 16:00:00,0.62408,0.6248750000000001,0.623945,0.624745,3700
2025-03-03 17:00:00,0.624725,0.625,0.62446,0.62479,2312
2025-03-03 18:00:00,0.6247849999999999,0.62514,0.6234299999999999,0.62359,4123
2025-03-03 19:00:00,0.623575,0.623855,0.622055,0.62222,4982
2025-03-03 20:00:00,0.622215,0.62262,0.62039,0.622045,8246
2025-03-03 21:00:00,0.622035,0.622725,0.62201,0.622475,2596
2025-03-03 22:00:00,0.62249,0.6227400000000001,0.62202,0.622045,1162
2025-03-03 23:00:00,0.622015,0.62247,0.621305,0.62158,1528
2025-03-04 00:00:00,0.62157,0.62189,0.62052,0.6215999999999999,3349
2025-03-04 01:00:00,0.62161,0.6219600000000001,0.620825,0.62101,5152
2025-03-04 02:00:00,0.621005,0.621255,0.62001,0.620115,4401
2025-03-04 03:00:00,0.620105,0.620915,0.619745,0.61999,3542
2025-03-04 04:00:00,0.619985,0.620055,0.6190150000000001,0.619515,3577
2025-03-04 05:00:00,0.6194999999999999,0.6202300000000001,0.61872,0.62016,4730
2025-03-04 06:00:00,0.620155,0.621105,0.62005,0.6210549999999999,2742
2025-03-04 07:00:00,0.62104,0.621325,0.6203700000000001,0.620595,4805
2025-03-04 08:00:00,0.62059,0.621185,0.61983,0.6210100000000001,6214
2025-03-04 09:00:00,0.621,0.62299,0.62098,0.62218,4795
2025-03-04 10:00:00,0.6221749999999999,0.62259,0.621695,0.62235,3784
2025-03-04 11:00:00,0.6223449999999999,0.623765,0.622155,0.62367,3498
2025-03-04 12:00:00,0.623675,0.624425,0.62331,0.6237999999999999,4356
2025-03-04 13:00:00,0.6238049999999999,0.6241049999999999,0.621965,0.62255,6107
2025-03-04 14:00:00,0.6225350000000001,0.62304,0.62052,0.62055,8339
2025-03-04 15:00:00,0.6205400000000001,0.6211899999999999,0.619645,0.62067,9539
2025-03-04 16:00:00,0.620665,0.62136,0.61987,0.620995,8353
2025-03-04 17:00:00,0.621,0.622045,0.621,0.62155,6619
2025-03-04 18:00:00,0.621535,0.62301,0.62144,0.622965,7167
2025-03-04 19:00:00,0.62296,0.62469,0.62296,0.62461,5156
2025-03-04 20:00:00,0.6246149999999999,0.62628,0.6246149999999999,0.62498,6538
2025-03-04 21:00:00,0.62501,0.627275,0.624835,0.6271899999999999,5793
2025-03-04 22:00:00,0.627175,0.627175,0.6265700000000001,0.626915,831
2025-03-04 23:00:00,0.626905,0.627965,0.6267149999999999,0.6268,2166
2025-03-05 00:00:00,0.62679,0.626795,0.6254649999999999,0.62566,3017
2025-03-05 01:00:00,0.6256550000000001,0.6266149999999999,0.6250249999999999,0.62503,5526
2025-03-05 02:00:00,0.62504,0.6252800000000001,0.62384,0.62384,4144
2025-03-05 03:00:00,0.62383,0.625085,0.623405,0.62506,4321
2025-03-05 04:00:00,0.6250549999999999,0.625645,0.62484,0.62486,2297
2025-03-05 05:00:00,0.624865,0.62561,0.6247050000000001,0.625445,2451
2025-03-05 06:00:00,0.6254500000000001,0.62649,0.625255,0.626325,2837
2025-03-05 07:00:00,0.626355,0.627955,0.626355,0.62727,5279
2025-03-05 08:00:00,0.6272599999999999,0.6284099999999999,0.62678,0.6284099999999999,5593
2025-03-05 09:00:00,0.628415,0.629095,0.6282449999999999,0.62841,4329
2025-03-05 10:00:00,0.628415,0.6285050000000001,0.627595,0.62835,3854
2025-03-05 11:00:00,0.628355,0.628595,0.62768,0.62793,3302
2025-03-05 12:00:00,0.627935,0.6290800000000001,0.6276550000000001,0.627795,4088
2025-03-05 13:00:00,0.627805,0.6294850000000001,0.627015,0.6294649999999999,8666
2025-03-05 14:00:00,0.629475,0.631875,0.629245,0.63175,8554
2025-03-05 15:00:00,0.6317,0.6321049999999999,0.63007,0.6305799999999999,12526
2025-03-05 16:00:00,0.630575,0.6320250000000001,0.630115,0.63097,8595
2025-03-05 17:00:00,0.63096,0.632455,0.630795,0.63235,7526
2025-03-05 18:00:00,0.63236,0.6327400000000001,0.631315,0.63241,7567
2025-03-05 19:00:00,0.6324,0.634145,0.632395,0.63391,4076
2025-03-05 20:00:00,0.6339,0.63423,0.633645,0.6340049999999999,2213
2025-03-05 21:00:00,0.634,0.63401,0.63347,0.63356,1704
2025-03-05 22:00:00,0.633525,0.633845,0.63287,0.6332249999999999,530
2025-03-05 23:00:00,0.633265,0.63395,0.63322,0.633675,1343
2025-03-06 00:00:00,0.633675,0.63388,0.632925,0.633005,2063
2025-03-06 01:00:00,0.633035,0.63532,0.63301,0.6351549999999999,3916
2025-03-06 02:00:00,0.63516,0.635675,0.6339049999999999,0.6343799999999999,4374
2025-03-06 03:00:00,0.634385,0.634405,0.633675,0.63392,2821
2025-03-06 04:00:00,0.6339250000000001,0.63479,0.63375,0.6347149999999999,1684
2025-03-06 05:00:00,0.6347050000000001,0.63473,0.63337,0.633775,1995
2025-03-06 06:00:00,0.633785,0.6345350000000001,0.63368,0.634065,2973
2025-03-06 07:00:00,0.6340699999999999,0.634905,0.63318,0.63323,4860
2025-03-06 08:00:00,0.63321,0.63447,0.6328849999999999,0.63357,6482
2025-03-06 09:00:00,0.633565,0.633915,0.63244,0.6333,5118
2025-03-06 10:00:00,0.633285,0.633465,0.632655,0.632815,4204
2025-03-06 11:00:00,0.6328100000000001,0.63368,0.632255,0.63349,3168
2025-03-06 12:00:00,0.6335,0.6339250000000001,0.6331249999999999,0.63333,3866
2025-03-06 13:00:00,0.633355,0.6345149999999999,0.6329400000000001,0.6332500000000001,7687
2025-03-06 14:00:00,0.63324,0.6341049999999999,0.632925,0.6338550000000001,7582
2025-03-06 15:00:00,0.63384,0.6356200000000001,0.633795,0.6350750000000001,8892
2025-03-06 16:00:00,0.6350800000000001,0.636395,0.634665,0.6346849999999999,8094
2025-03-06 17:00:00,0.63467,0.635065,0.633515,0.633915,5669
2025-03-06 18:00:00,0.6339049999999999,0.6346,0.6335,0.6337200000000001,4515
2025-03-06 19:00:00,0.633725,0.6343650000000001,0.632945,0.633555,4693
2025-03-06 20:00:00,0.63356,0.633985,0.63305,0.63306,4896
2025-03-06 21:00:00,0.63308,0.633345,0.6329549999999999,0.633265,1056
2025-03-06 22:00:00,0.633285,0.633515,0.6326700000000001,0.633275,457
2025-03-06 23:00:00,0.633265,0.63378,0.63312,0.633165,1118
2025-03-07 00:00:00,0.63316,0.6337299999999999,0.6324350000000001,0.63265,1980
2025-03-07 01:00:00,0.632655,0.6329100000000001,0.631405,0.631965,2665
2025-03-07 02:00:00,0.63197,0.632145,0.63132,0.63144,2442
2025-03-07 03:00:00,0.631435,0.631455,0.63004,0.63027,2515
2025-03-07 04:00:00,0.63026,0.6307,0.630235,0.63059,1484
2025-03-07 05:00:00,0.630595,0.630755,0.6300399999999999,0.6301399999999999,1780
2025-03-07 06:00:00,0.63013,0.63046,0.6296900000000001,0.63034,2405
2025-03-07 07:00:00,0.63032,0.631265,0.63016,0.630925,2925
2025-03-07 08:00:00,0.6309400000000001,0.6320049999999999,0.6307400000000001,0.63169,4493
2025-03-07 09:00:00,0.631685,0.6321650000000001,0.63132,0.63135,2918
2025-03-07 10:00:00,0.631345,0.6314,0.6304449999999999,0.63086,3127
2025-03-07 11:00:00,0.63085,0.630905,0.6294,0.62955,2697
2025-03-07 12:00:00,0.629595,0.629985,0.628795,0.6291800000000001,3749
2025-03-07 13:00:00,0.62917,0.6311599999999999,0.6285149999999999,0.628565,10404
2025-03-07 14:00:00,0.62856,0.6307849999999999,0.628215,0.63057,8847
2025-03-07 15:00:00,0.630565,0.63169,0.62999,0.631285,8522
2025-03-07 16:00:00,0.63129,0.6313249999999999,0.629375,0.62988,6517
2025-03-07 17:00:00,0.6298950000000001,0.6302650000000001,0.62841,0.6292949999999999,6457
2025-03-07 18:00:00,0.629305,0.630085,0.629025,0.62999,5178
2025-03-07 19:00:00,0.62999,0.6309899999999999,0.62996,0.63087,3865
2025-03-07 20:00:00,0.6308549999999999,0.63118,0.6307849999999999,0.630995,2797
2025-03-07 21:00:00,0.6309899999999999,0.63129,0.6305149999999999,0.6305350000000001,1262
2025-03-09 22:00:00,0.6306499999999999,0.630985,0.629955,0.630125,2777
2025-03-09 23:00:00,0.6301399999999999,0.630765,0.62957,0.6303,2516
2025-03-10 00:00:00,0.63032,0.63144,0.62999,0.6311,2788
2025-03-10 01:00:00,0.631095,0.6319049999999999,0.63104,0.631695,3087
2025-03-10 02:00:00,0.6316649999999999,0.63201,0.63071,0.6308,2835
2025-03-10 03:00:00,0.630795,0.63105,0.630135,0.63053,1984
2025-03-10 04:00:00,0.6305000000000001,0.6309899999999999,0.63049,0.63065,1395
2025-03-10 05:00:00,0.63064,0.63166,0.63044,0.63166,2148
2025-03-10 06:00:00,0.63167,0.6323799999999999,0.631505,0.63185,2349
2025-03-10 07:00:00,0.631845,0.63232,0.63154,0.63225,3395
2025-03-10 08:00:00,0.63226,0.6323300000000001,0.631035,0.631275,5823
2025-03-10 09:00:00,0.6312800000000001,0.6329400000000001,0.631165,0.63263,4632
2025-03-10 10:00:00,0.63264,0.6329549999999999,0.63218,0.632255,3956
2025-03-10 11:00:00,0.63226,0.63281,0.63159,0.632455,4759
2025-03-10 12:00:00,0.63246,0.633115,0.632285,0.63255,4353
2025-03-10 13:00:00,0.632555,0.6329,0.631715,0.631715,6237
2025-03-10 14:00:00,0.631685,0.6317250000000001,0.630355,0.630845,6801
2025-03-10 15:00:00,0.6308499999999999,0.631435,0.6303099999999999,0.630645,4958
2025-03-10 16:00:00,0.63064,0.6307849999999999,0.629855,0.629985,3662
2025-03-10 17:00:00,0.62998,0.630015,0.62864,0.62866,3353
2025-03-10 18:00:00,0.628645,0.628745,0.6267849999999999,0.6269549999999999,4128
2025-03-10 19:00:00,0.62695,0.62834,0.626455,0.628225,3923
2025-03-10 20:00:00,0.62824,0.62849,0.6273,0.627835,1401
2025-03-10 21:00:00,0.62785,0.62801,0.62751,0.627935,184
2025-03-10 22:00:00,0.627955,0.62802,0.62721,0.627215,1306
2025-03-10 23:00:00,0.62721,0.62805,0.6271100000000001,0.628015,2075
2025-03-11 00:00:00,0.628025,0.6285000000000001,0.62731,0.6277200000000001,3223
2025-03-11 01:00:00,0.627715,0.627785,0.6259049999999999,0.6273150000000001,4238
2025-03-11 02:00:00,0.62731,0.62883,0.62722,0.627855,4756
2025-03-11 03:00:00,0.627865,0.628385,0.626965,0.6274150000000001,3414
2025-03-11 04:00:00,0.62739,0.6280950000000001,0.62714,0.627745,1828
2025-03-11 05:00:00,0.62774,0.627745,0.62627,0.626765,2785
2025-03-11 06:00:00,0.62679,0.62774,0.626315,0.6268849999999999,4090
2025-03-11 07:00:00,0.626865,0.628885,0.6266849999999999,0.6285000000000001,4009
2025-03-11 08:00:00,0.628505,0.62921,0.6281049999999999,0.6290800000000001,4863
2025-03-11 09:00:00,0.629085,0.629725,0.6287050000000001,0.6291100000000001,3265
2025-03-11 10:00:00,0.629105,0.6291199999999999,0.62809,0.62843,2922
2025-03-11 11:00:00,0.628425,0.629,0.627945,0.628995,2698
2025-03-11 12:00:00,0.629,0.629775,0.62886,0.6291,3503
2025-03-11 13:00:00,0.6291249999999999,0.62982,0.628655,0.629445,5191
2025-03-11 14:00:00,0.62945,0.62965,0.62659,0.62694,11285
2025-03-11 15:00:00,0.626945,0.6290899999999999,0.626825,0.6284449999999999,7555
2025-03-11 16:00:00,0.62844,0.628865,0.628015,0.628375,4185
2025-03-11 17:00:00,0.6283650000000001,0.62885,0.62771,0.62864,3594
2025-03-11 18:00:00,0.628645,0.631185,0.628645,0.6307,6829
2025-03-11 19:00:00,0.63069,0.631025,0.62983,0.62983,5426
2025-03-11 20:00:00,0.6298349999999999,0.6299049999999999,0.62926,0.629795,1421
2025-03-11 21:00:00,0.6298250000000001,0.62985,0.6288,0.629425,439
2025-03-11 22:00:00,0.629425,0.629965,0.629425,0.629895,1187
2025-03-11 23:00:00,0.6298900000000001,0.6299600000000001,0.629445,0.629535,1733
2025-03-12 00:00:00,0.62955,0.6297900000000001,0.6287849999999999,0.62935,1944
2025-03-12 01:00:00,0.629345,0.62957,0.62898,0.629165,2789
2025-03-12 02:00:00,0.62913,0.62975,0.6287499999999999,0.628865,2454
2025-03-12 03:00:00,0.628865,0.629255,0.62832,0.628375,1777
2025-03-12 04:00:00,0.6283799999999999,0.62914,0.628215,0.628895,1296
2025-03-12 05:00:00,0.6289100000000001,0.6293,0.628655,0.6292599999999999,1607
2025-03-12 06:00:00,0.629255,0.62944,0.6277999999999999,0.6279300000000001,2056
2025-03-12 07:00:00,0.6279250000000001,0.6290450000000001,0.62765,0.62879,3626
2025-03-12 08:00:00,0.628795,0.6299,0.6286050000000001,0.62985,5197
2025-03-12 09:00:00,0.629855,0.63011,0.6287849999999999,0.628845,2966
2025-03-12 10:00:00,0.6288400000000001,0.62904,0.62859,0.62884,1851
2025-03-12 11:00:00,0.628835,0.62939,0.62856,0.628655,2633
2025-03-12 12:00:00,0.628665,0.63216,0.627795,0.628495,9603
2025-03-12 13:00:00,0.6285000000000001,0.630015,0.628455,0.62888,7535
2025-03-12 14:00:00,0.6288750000000001,0.6296,0.62808,0.629435,5947
2025-03-12 15:00:00,0.629425,0.630655,0.62919,0.63054,4436
2025-03-12 16:00:00,0.63053,0.63147,0.6304700000000001,0.63087,3584
2025-03-12 17:00:00,0.63089,0.63185,0.6307149999999999,0.6308549999999999,2991
2025-03-12 18:00:00,0.630865,0.6317550000000001,0.63081,0.631525,2378
2025-03-12 19:00:00,0.63151,0.63195,0.631195,0.63166,2655
2025-03-12 20:00:00,0.63168,0.632295,0.63164,0.6321049999999999,1039
2025-03-12 21:00:00,0.6320699999999999,0.63214,0.63176,0.631985,205
2025-03-12 22:00:00,0.63201,0.63249,0.6319250000000001,0.6324099999999999,616
2025-03-12 23:00:00,0.632415,0.632865,0.632255,0.63286,1063
2025-03-13 00:00:00,0.63286,0.633385,0.63252,0.63272,1388
2025-03-13 01:00:00,0.632715,0.63304,0.6320049999999999,0.63227,2015
2025-03-13 02:00:00,0.6322650000000001,0.63277,0.632065,0.63234,1838
2025-03-13 03:00:00,0.6323300000000001,0.63237,0.631445,0.631445,1475
2025-03-13 04:00:00,0.63142,0.63173,0.63078,0.63102,1154
2025-03-13 05:00:00,0.63102,0.631025,0.6300049999999999,0.63059,2018
2025-03-13 06:00:00,0.630575,0.6306050000000001,0.62931,0.629775,3044
2025-03-13 07:00:00,0.62978,0.630065,0.6288100000000001,0.629515,3112
2025-03-13 08:00:00,0.62951,0.630055,0.62903,0.6291100000000001,4323
2025-03-13 09:00:00,0.62912,0.62928,0.628485,0.6290450000000001,2276
2025-03-13 10:00:00,0.62905,0.62912,0.628655,0.62892,2269
2025-03-13 11:00:00,0.62892,0.62907,0.6283650000000001,0.6286849999999999,2919
2025-03-13 12:00:00,0.6286700000000001,0.6306400000000001,0.6271899999999999,0.62761,5789
2025-03-13 13:00:00,0.62762,0.6280749999999999,0.626925,0.627835,5320
2025-03-13 14:00:00,0.62782,0.629595,0.627715,0.629475,5159
2025-03-13 15:00:00,0.62948,0.62974,0.628625,0.62874,5321
2025-03-13 16:00:00,0.628745,0.629575,0.62857,0.629,3575
2025-03-13 17:00:00,0.62902,0.62907,0.6275850000000001,0.62767,2719
2025-03-13 18:00:00,0.62766,0.6287750000000001,0.6276349999999999,0.628625,2403
2025-03-13 19:00:00,0.628595,0.628845,0.628335,0.6283650000000001,2301
2025-03-13 20:00:00,0.62836,0.62862,0.62799,0.62849,1026
2025-03-13 21:00:00,0.628475,0.628915,0.628,0.628225,365
2025-03-13 22:00:00,0.6282300000000001,0.6288750000000001,0.6282300000000001,0.62856,656
2025-03-13 23:00:00,0.6286,0.628935,0.62841,0.6286149999999999,1225
2025-03-14 00:00:00,0.62862,0.62895,0.627795,0.628465,2187
2025-03-14 01:00:00,0.628465,0.62931,0.628335,0.628795,2714
2025-03-14 02:00:00,0.6288050000000001,0.62895,0.62803,0.62845,3225
2025-03-14 03:00:00,0.62847,0.6293,0.62844,0.629195,3178
2025-03-14 04:00:00,0.62918,0.629505,0.628765,0.629375,1991
2025-03-14 05:00:00,0.62938,0.629625,0.62899,0.62952,2934
2025-03-14 06:00:00,0.629515,0.63008,0.62936,0.62961,2789
2025-03-14 07:00:00,0.6295999999999999,0.630595,0.6294,0.6303749999999999,3225
2025-03-14 08:00:00,0.63037,0.631075,0.62998,0.63102,2680
2025-03-14 09:00:00,0.631025,0.631035,0.630125,0.63018,2166
2025-03-14 10:00:00,0.63017,0.630915,0.629815,0.630395,4037
2025-03-14 11:00:00,0.630405,0.631,0.63015,0.630575,3444
2025-03-14 12:00:00,0.63058,0.6325350000000001,0.630565,0.632095,3325
2025-03-14 13:00:00,0.632085,0.632255,0.631515,0.632015,3695
2025-03-14 14:00:00,0.63201,0.63225,0.63127,0.63217,5679
2025-03-14 15:00:00,0.6321749999999999,0.63257,0.631695,0.6317,3609
2025-03-14 16:00:00,0.63171,0.6324799999999999,0.6315200000000001,0.63242,2314
2025-03-14 17:00:00,0.632415,0.6326400000000001,0.632045,0.632215,1528
2025-03-14 18:00:00,0.632215,0.63261,0.6322,0.63236,1413
2025-03-14 19:00:00,0.63235,0.632765,0.6321950000000001,0.63264,1172
2025-03-14 20:00:00,0.632595,0.6331450000000001,0.6323350000000001,0.6323350000000001,1150
2025-03-16 22:00:00,0.6325799999999999,0.6333949999999999,0.632575,0.632655,1666
2025-03-16 23:00:00,0.63266,0.63308,0.63251,0.63254,1198
2025-03-17 00:00:00,0.6325350000000001,0.63313,0.63218,0.63295,1656
2025-03-17 01:00:00,0.632945,0.633795,0.63267,0.6333,2547
2025-03-17 02:00:00,0.6332899999999999,0.633525,0.633025,0.633095,1836
2025-03-17 03:00:00,0.633085,0.6330899999999999,0.63255,0.632845,1234
2025-03-17 04:00:00,0.63283,0.63328,0.6323700000000001,0.632575,1693
2025-03-17 05:00:00,0.632565,0.63297,0.632125,0.63283,1832
2025-03-17 06:00:00,0.63284,0.63316,0.6325449999999999,0.63314,1630
2025-03-17 07:00:00,0.633135,0.633885,0.63306,0.633795,2806
2025-03-17 08:00:00,0.6337999999999999,0.63424,0.633605,0.63404,2766
2025-03-17 09:00:00,0.63405,0.63472,0.6338550000000001,0.63469,2616
2025-03-17 10:00:00,0.6346849999999999,0.6353800000000001,0.63466,0.63487,2107
2025-03-17 11:00:00,0.6348750000000001,0.6351899999999999,0.63476,0.63505,1734
2025-03-17 12:00:00,0.6350549999999999,0.6352800000000001,0.6342,0.63467,4109
2025-03-17 13:00:00,0.63468,0.63595,0.6346799999999999,0.635625,3928
2025-03-17 14:00:00,0.635635,0.636375,0.6355500000000001,0.63619,3969
2025-03-17 15:00:00,0.6362,0.637465,0.63619,0.63733,2839
2025-03-17 16:00:00,0.637335,0.63812,0.63715,0.637975,2046
2025-03-17 17:00:00,0.637965,0.63879,0.63786,0.6385149999999999,1448
2025-03-17 18:00:00,0.63851,0.63909,0.6384449999999999,0.639085,1615
2025-03-17 19:00:00,0.6390800000000001,0.6391,0.6385,0.63862,1425
2025-03-17 20:00:00,0.638625,0.638795,0.63831,0.63842,1336
2025-03-17 21:00:00,0.63843,0.63862,0.638305,0.6383449999999999,303
2025-03-17 22:00:00,0.63835,0.63874,0.638315,0.638545,982
2025-03-17 23:00:00,0.63854,0.63864,0.6380699999999999,0.638075,994
2025-03-18 00:00:00,0.63807,0.63845,0.63794,0.63811,1819
2025-03-18 01:00:00,0.638115,0.6388400000000001,0.638035,0.63823,2344
2025-03-18 02:00:00,0.638235,0.63839,0.63766,0.63767,1663
2025-03-18 03:00:00,0.63768,0.63771,0.63672,0.63694,1676
2025-03-18 04:00:00,0.636945,0.63744,0.6368750000000001,0.637425,1562
2025-03-18 05:00:00,0.6374299999999999,0.63765,0.636985,0.637275,1336
2025-03-18 06:00:00,0.637265,0.63774,0.636675,0.63768,1793
2025-03-18 07:00:00,0.637675,0.638585,0.63758,0.638045,2248
2025-03-18 08:00:00,0.63803,0.639095,0.638025,0.6387750000000001,2730
2025-03-18 09:00:00,0.63878,0.638855,0.63801,0.638045,1706
2025-03-18 10:00:00,0.63803,0.63815,0.63707,0.63707,2090
2025-03-18 11:00:00,0.6370800000000001,0.637375,0.636505,0.6368199999999999,1764
2025-03-18 12:00:00,0.63683,0.63728,0.636225,0.63648,2583
2025-03-18 13:00:00,0.636475,0.63696,0.635535,0.636065,3229
2025-03-18 14:00:00,0.6360699999999999,0.6360699999999999,0.6348499999999999,0.6349800000000001,3820
2025-03-18 15:00:00,0.6349899999999999,0.63583,0.634405,0.635455,3556
2025-03-18 16:00:00,0.63545,0.6362300000000001,0.635305,0.635865,2217
2025-03-18 17:00:00,0.63586,0.63636,0.6355500000000001,0.6362,2602
2025-03-18 18:00:00,0.6361950000000001,0.63626,0.6355949999999999,0.6361,1443
2025-03-18 19:00:00,0.6360950000000001,0.63642,0.63591,0.636225,1266
2025-03-18 20:00:00,0.63624,0.63631,0.636065,0.6361699999999999,631
2025-03-18 21:00:00,0.6361600000000001,0.636385,0.63587,0.63603,756
2025-03-18 22:00:00,0.636015,0.636315,0.6358299999999999,0.636145,766
2025-03-18 23:00:00,0.63614,0.63635,0.63591,0.636145,727
2025-03-19 00:00:00,0.63615,0.6365000000000001,0.6358900000000001,0.6361600000000001,1419
2025-03-19 01:00:00,0.63615,0.63624,0.635895,0.6361,1486
2025-03-19 02:00:00,0.636115,0.63666,0.636,0.6364,1545
2025-03-19 03:00:00,0.636405,0.636565,0.63575,0.6359600000000001,1156
2025-03-19 04:00:00,0.635965,0.6360600000000001,0.63554,0.635615,961
2025-03-19 05:00:00,0.63561,0.63609,0.6355999999999999,0.635795,1049
2025-03-19 06:00:00,0.63578,0.6360399999999999,0.6347700000000001,0.6349,1613
2025-03-19 07:00:00,0.634905,0.6349400000000001,0.6327050000000001,0.6331,4837
2025-03-19 08:00:00,0.6330899999999999,0.63407,0.63245,0.63273,3883
2025-03-19 09:00:00,0.63272,0.63334,0.63215,0.63318,2485
2025-03-19 10:00:00,0.633175,0.6332450000000001,0.632505,0.63304,1861
2025-03-19 11:00:00,0.633035,0.6338600000000001,0.63284,0.6335850000000001,2070
2025-03-19 12:00:00,0.63357,0.63394,0.6332450000000001,0.6333599999999999,2358
2025-03-19 13:00:00,0.6333500000000001,0.63345,0.63228,0.632605,3091
2025-03-19 14:00:00,0.6326,0.63354,0.63251,0.633005,2497
2025-03-19 15:00:00,0.633,0.6333249999999999,0.63283,0.633005,1974
2025-03-19 16:00:00,0.633,0.63358,0.633,0.6332,1477
2025-03-19 17:00:00,0.633195,0.63322,0.632145,0.6324449999999999,1794
2025-03-19 18:00:00,0.632465,0.6358550000000001,0.632055,0.63585,8888
2025-03-19 19:00:00,0.635815,0.636325,0.63427,0.635,5007
2025-03-19 20:00:00,0.63498,0.635845,0.6349549999999999,0.635715,940
2025-03-19 21:00:00,0.6357,0.63592,0.635585,0.63576,324
2025-03-19 22:00:00,0.635775,0.636385,0.63574,0.63578,865
2025-03-19 23:00:00,0.635795,0.636395,0.63558,0.63633,1035
2025-03-20 00:00:00,0.636325,0.63636,0.63288,0.63435,3211
2025-03-20 01:00:00,0.6343300000000001,0.63448,0.632865,0.6334949999999999,3094
2025-03-20 02:00:00,0.6335,0.6345,0.63341,0.63373,2845
2025-03-20 03:00:00,0.63374,0.6348400000000001,0.633505,0.634495,2026
2025-03-20 04:00:00,0.63448,0.6347750000000001,0.63406,0.6343749999999999,1683
2025-03-20 05:00:00,0.63437,0.6343749999999999,0.6334150000000001,0.6338550000000001,1916
2025-03-20 06:00:00,0.63386,0.63418,0.633005,0.633115,1730
2025-03-20 07:00:00,0.633105,0.633105,0.63132,0.63209,3411
2025-03-20 08:00:00,0.6321,0.632395,0.630825,0.63109,3194
2025-03-20 09:00:00,0.6311100000000001,0.63136,0.6290450000000001,0.6294,3422
2025-03-20 10:00:00,0.629405,0.62964,0.628285,0.629,3479
2025-03-20 11:00:00,0.629005,0.6291599999999999,0.62861,0.62874,2174
2025-03-20 12:00:00,0.628735,0.62905,0.6283650000000001,0.628595,3104
2025-03-20 13:00:00,0.62859,0.628745,0.6271150000000001,0.6281,3886
2025-03-20 14:00:00,0.628065,0.62915,0.6280049999999999,0.62903,4181
2025-03-20 15:00:00,0.629035,0.6299699999999999,0.6288,0.6299600000000001,2828
2025-03-20 16:00:00,0.629955,0.630205,0.62925,0.62933,2604
2025-03-20 17:00:00,0.62932,0.629645,0.6290100000000001,0.6294850000000001,1460
2025-03-20 18:00:00,0.62948,0.630315,0.62939,0.6301,1406
2025-03-20 19:00:00,0.6301,0.63061,0.6300749999999999,0.6305000000000001,1193
2025-03-20 20:00:00,0.630495,0.630565,0.63012,0.6302650000000001,942
2025-03-20 21:00:00,0.63029,0.63032,0.6298600000000001,0.6299399999999999,346
2025-03-20 22:00:00,0.6298900000000001,0.63044,0.62988,0.6301399999999999,1163
2025-03-20 23:00:00,0.630135,0.63043,0.629975,0.6302300000000001,800
2025-03-21 00:00:00,0.63022,0.63062,0.62992,0.63023,1490
2025-03-21 01:00:00,0.6302399999999999,0.630385,0.62948,0.62993,1812
2025-03-21 02:00:00,0.62992,0.630165,0.6292150000000001,0.6292150000000001,2027
2025-03-21 03:00:00,0.629235,0.62956,0.62862,0.629195,1741
2025-03-21 04:00:00,0.62921,0.629445,0.62872,0.62891,1019
2025-03-21 05:00:00,0.6289,0.62915,0.62844,0.62892,1428
2025-03-21 06:00:00,0.62893,0.62969,0.62883,0.6295200000000001,1527
2025-03-21 07:00:00,0.629525,0.63006,0.62908,0.62954,2293
2025-03-21 08:00:00,0.629535,0.629875,0.62871,0.629235,3139
2025-03-21 09:00:00,0.6292249999999999,0.629425,0.628395,0.6285000000000001,1841
2025-03-21 10:00:00,0.6285099999999999,0.629085,0.6285099999999999,0.6289499999999999,1674
2025-03-21 11:00:00,0.628945,0.62935,0.62879,0.6292500000000001,1808
2025-03-21 12:00:00,0.629255,0.6298600000000001,0.628495,0.6285000000000001,2949
2025-03-21 13:00:00,0.62851,0.62851,0.6271150000000001,0.62751,3759
2025-03-21 14:00:00,0.627535,0.62781,0.6271,0.627685,3487
2025-03-21 15:00:00,0.62768,0.627885,0.625795,0.626355,3303
2025-03-21 16:00:00,0.62636,0.62749,0.62603,0.6274649999999999,3550
2025-03-21 17:00:00,0.62747,0.627935,0.62704,0.62749,1584
2025-03-21 18:00:00,0.6275,0.62784,0.62727,0.62754,1219
2025-03-21 19:00:00,0.627545,0.627575,0.62714,0.6275,1077
2025-03-21 20:00:00,0.62751,0.62751,0.62704,0.62715,1054
2025-03-23 22:00:00,0.627325,0.628715,0.6273150000000001,0.62785,1825
2025-03-23 23:00:00,0.627875,0.6288849999999999,0.6277299999999999,0.6288849999999999,1045
2025-03-24 00:00:00,0.628895,0.629515,0.6285400000000001,0.629275,1590
2025-03-24 01:00:00,0.629285,0.62934,0.6281950000000001,0.6284,2582
2025-03-24 02:00:00,0.628395,0.628895,0.6278950000000001,0.627945,1879
2025-03-24 03:00:00,0.6279399999999999,0.6286,0.627535,0.6276900000000001,1491
2025-03-24 04:00:00,0.6276999999999999,0.62799,0.62727,0.6278900000000001,939
2025-03-24 05:00:00,0.62787,0.62816,0.6274850000000001,0.6280699999999999,1519
2025-03-24 06:00:00,0.628065,0.62903,0.62806,0.628765,1902
2025-03-24 07:00:00,0.62875,0.62949,0.62873,0.6291549999999999,1826
2025-03-24 08:00:00,0.6291599999999999,0.6299250000000001,0.6291599999999999,0.629495,2600
2025-03-24 09:00:00,0.6295,0.6299250000000001,0.62928,0.629715,1784
2025-03-24 10:00:00,0.6297250000000001,0.63053,0.629605,0.63006,1756
2025-03-24 11:00:00,0.6300749999999999,0.63016,0.6292599999999999,0.6292599999999999,1375
2025-03-24 12:00:00,0.62925,0.6294500000000001,0.6281950000000001,0.628505,1986
2025-03-24 13:00:00,0.62851,0.62922,0.62799,0.628025,3272
2025-03-24 14:00:00,0.628035,0.62978,0.62791,0.62879,3705
2025-03-24 15:00:00,0.6288,0.62891,0.62785,0.627865,2745
2025-03-24 16:00:00,0.627855,0.628375,0.62677,0.62717,2635
2025-03-24 17:00:00,0.627165,0.62747,0.62687,0.6272949999999999,1640
2025-03-24 18:00:00,0.62729,0.6288549999999999,0.626985,0.62834,2766
2025-03-24 19:00:00,0.62836,0.628655,0.628035,0.62828,1495
2025-03-24 20:00:00,0.62826,0.6287849999999999,0.628235,0.628585,750
2025-03-24 21:00:00,0.62856,0.62873,0.62832,0.62844,322
2025-03-24 22:00:00,0.6284000000000001,0.6286700000000001,0.6280950000000001,0.628335,668
2025-03-24 23:00:00,0.62833,0.62875,0.628305,0.62867,440
2025-03-25 00:00:00,0.62866,0.628735,0.628015,0.62844,1308
2025-03-25 01:00:00,0.6284350000000001,0.62949,0.6284,0.62894,2007
2025-03-25 02:00:00,0.628925,0.62906,0.62833,0.62862,1695
2025-03-25 03:00:00,0.628625,0.6289100000000001,0.62833,0.62888,1602
2025-03-25 04:00:00,0.62889,0.62904,0.62854,0.628655,1438
2025-03-25 05:00:00,0.62864,0.6293150000000001,0.62859,0.62913,878
2025-03-25 06:00:00,0.6291150000000001,0.6291150000000001,0.628475,0.628665,1193
2025-03-25 07:00:00,0.62868,0.629015,0.62793,0.628315,1789
2025-03-25 08:00:00,0.628325,0.62875,0.62785,0.628405,2715
2025-03-25 09:00:00,0.628395,0.629975,0.62833,0.629815,2278
2025-03-25 10:00:00,0.62981,0.63169,0.6297349999999999,0.63166,2326
2025-03-25 11:00:00,0.63166,0.63228,0.63134,0.6317699999999999,2509
2025-03-25 12:00:00,0.63178,0.63239,0.6316550000000001,0.63199,2202
2025-03-25 13:00:00,0.631985,0.63255,0.63171,0.6317900000000001,3129
2025-03-25 14:00:00,0.6317900000000001,0.6320749999999999,0.630405,0.63135,3925
2025-03-25 15:00:00,0.631355,0.631425,0.6305050000000001,0.630735,2754
2025-03-25 16:00:00,0.63074,0.630915,0.63044,0.63049,1823
2025-03-25 17:00:00,0.630495,0.63104,0.630305,0.630595,1116
2025-03-25 18:00:00,0.6305700000000001,0.630595,0.629795,0.629875,1160
2025-03-25 19:00:00,0.62988,0.6302099999999999,0.629615,0.63009,1331
2025-03-25 20:00:00,0.630085,0.63045,0.6299399999999999,0.6303700000000001,979
2025-03-25 21:00:00,0.630375,0.6306350000000001,0.62998,0.63043,516
2025-03-25 22:00:00,0.630405,0.630565,0.630105,0.630295,975
2025-03-25 23:00:00,0.630315,0.63069,0.63017,0.63069,645
2025-03-26 00:00:00,0.6306849999999999,0.630915,0.628905,0.62894,2100
2025-03-26 01:00:00,0.6289450000000001,0.6303799999999999,0.62784,0.630205,3267
2025-03-26 02:00:00,0.63021,0.630915,0.62975,0.63081,2154
2025-03-26 03:00:00,0.63082,0.6311100000000001,0.63059,0.630865,1779
2025-03-26 04:00:00,0.63087,0.631105,0.630495,0.631065,1243
2025-03-26 05:00:00,0.6310549999999999,0.63151,0.63057,0.6312,1835
2025-03-26 06:00:00,0.631205,0.631935,0.631205,0.63182,1854
2025-03-26 07:00:00,0.63181,0.63235,0.63162,0.63186,2900
2025-03-26 08:00:00,0.631855,0.63226,0.631405,0.63221,2877
2025-03-26 09:00:00,0.63221,0.6329100000000001,0.6320300000000001,0.6323799999999999,2128
2025-03-26 10:00:00,0.632355,0.6330549999999999,0.632245,0.6327149999999999,1586
2025-03-26 11:00:00,0.6327149999999999,0.6329400000000001,0.632065,0.63209,1706
2025-03-26 12:00:00,0.63209,0.6321300000000001,0.6313150000000001,0.6315,2934
2025-03-26 13:00:00,0.631505,0.63188,0.6306350000000001,0.63064,3622
2025-03-26 14:00:00,0.6306149999999999,0.6314,0.630545,0.631195,3556
2025-03-26 15:00:00,0.63119,0.6317,0.629855,0.6305000000000001,3372
2025-03-26 16:00:00,0.6305050000000001,0.6308050000000001,0.629955,0.630355,2585
2025-03-26 17:00:00,0.63035,0.63044,0.6288400000000001,0.62914,3623
2025-03-26 18:00:00,0.6291450000000001,0.62955,0.6287,0.6287,1920
2025-03-26 19:00:00,0.62868,0.629195,0.628375,0.62905,1787
2025-03-26 20:00:00,0.6290450000000001,0.62991,0.62896,0.62986,980
2025-03-26 21:00:00,0.62988,0.6300600000000001,0.6288499999999999,0.6292949999999999,758
2025-03-26 22:00:00,0.629305,0.62978,0.6281950000000001,0.62822,2570
2025-03-26 23:00:00,0.628215,0.62887,0.6279250000000001,0.628635,1490
2025-03-27 00:00:00,0.62863,0.62958,0.628575,0.6291800000000001,2030
2025-03-27 01:00:00,0.629185,0.6298950000000001,0.629,0.62948,2652
2025-03-27 02:00:00,0.629475,0.63136,0.62942,0.63061,2619
2025-03-27 03:00:00,0.6306050000000001,0.6311450000000001,0.630385,0.63088,1511
2025-03-27 04:00:00,0.6308849999999999,0.631795,0.630765,0.6313150000000001,1554
2025-03-27 05:00:00,0.63131,0.63165,0.629885,0.630285,2368
2025-03-27 06:00:00,0.6302749999999999,0.63184,0.63011,0.6315,2303
2025-03-27 07:00:00,0.631505,0.631505,0.63049,0.6305050000000001,2873
2025-03-27 08:00:00,0.63052,0.6314,0.630225,0.631355,3260
2025-03-27 09:00:00,0.63137,0.631795,0.6304700000000001,0.63073,2008
2025-03-27 10:00:00,0.63072,0.63092,0.63035,0.63086,1834
2025-03-27 11:00:00,0.630865,0.63161,0.630765,0.6314150000000001,1951
2025-03-27 12:00:00,0.63142,0.631615,0.63077,0.63096,2735
2025-03-27 13:00:00,0.630965,0.63106,0.629545,0.6301399999999999,3719
2025-03-27 14:00:00,0.63015,0.6307050000000001,0.629455,0.630485,3354
2025-03-27 15:00:00,0.63049,0.63153,0.6301650000000001,0.63069,3958
2025-03-27 16:00:00,0.6306849999999999,0.6312949999999999,0.630205,0.63029,2569
2025-03-27 17:00:00,0.6303,0.6309400000000001,0.629985,0.630015,1870
2025-03-27 18:00:00,0.62999,0.6305400000000001,0.62998,0.630015,1425
2025-03-27 19:00:00,0.630045,0.63054,0.629855,0.630125,1253
2025-03-27 20:00:00,0.63012,0.630525,0.6300699999999999,0.630415,430
2025-03-27 21:00:00,0.63041,0.6308750000000001,0.6300300000000001,0.63011,253
2025-03-27 22:00:00,0.63001,0.63028,0.62985,0.62986,839
2025-03-27 23:00:00,0.629865,0.630225,0.62964,0.6301,1017
2025-03-28 00:00:00,0.6300950000000001,0.6301,0.629015,0.62958,1983
2025-03-28 01:00:00,0.62957,0.629685,0.62922,0.629235,2078
2025-03-28 02:00:00,0.62923,0.629685,0.628935,0.62915,1890
2025-03-28 03:00:00,0.6291549999999999,0.62938,0.628115,0.62832,1706
2025-03-28 04:00:00,0.628325,0.628585,0.62809,0.62827,1381
2025-03-28 05:00:00,0.62828,0.62878,0.628215,0.628665,1283
2025-03-28 06:00:00,0.62865,0.629,0.62847,0.628525,1440
2025-03-28 07:00:00,0.6285350000000001,0.62976,0.62847,0.62932,2153
2025-03-28 08:00:00,0.629325,0.629975,0.629265,0.629715,2636
2025-03-28 09:00:00,0.62974,0.6300300000000001,0.62907,0.629525,1876
2025-03-28 10:00:00,0.6295299999999999,0.62991,0.629175,0.62933,1624
2025-03-28 11:00:00,0.62934,0.62951,0.629005,0.6293,1384
2025-03-28 12:00:00,0.62929,0.63047,0.628985,0.63026,2786
2025-03-28 13:00:00,0.6302650000000001,0.63121,0.63005,0.630865,4631
2025-03-28 14:00:00,0.63085,0.63122,0.62901,0.62934,5139
2025-03-28 15:00:00,0.62934,0.63057,0.62927,0.62982,4121
2025-03-28 16:00:00,0.6298250000000001,0.63008,0.62901,0.6291599999999999,2280
2025-03-28 17:00:00,0.629165,0.62918,0.628395,0.62884,2070
2025-03-28 18:00:00,0.628845,0.6290899999999999,0.6285149999999999,0.62868,1581
2025-03-28 19:00:00,0.62865,0.62897,0.6284799999999999,0.628735,1468
2025-03-28 20:00:00,0.62874,0.62907,0.62859,0.6286400000000001,1122
2025-03-30 22:00:00,0.628085,0.628105,0.627255,0.62763,2283
2025-03-30 23:00:00,0.627645,0.628405,0.626915,0.62825,2593
2025-03-31 00:00:00,0.628255,0.628815,0.62781,0.6286799999999999,3164
2025-03-31 01:00:00,0.62869,0.630045,0.6286050000000001,0.62894,4300
2025-03-31 02:00:00,0.628935,0.62945,0.62862,0.628645,2700
2025-03-31 03:00:00,0.6286400000000001,0.628665,0.627985,0.628065,2311
2025-03-31 04:00:00,0.62805,0.6280950000000001,0.627535,0.6278950000000001,1551
2025-03-31 05:00:00,0.627885,0.6285700000000001,0.62781,0.6282000000000001,2143
2025-03-31 06:00:00,0.6281950000000001,0.628935,0.6277999999999999,0.6284099999999999,3265
2025-03-31 07:00:00,0.628405,0.62903,0.6267,0.626925,4057
2025-03-31 08:00:00,0.626915,0.6269750000000001,0.62545,0.625765,3740
2025-03-31 09:00:00,0.62576,0.625975,0.624925,0.62507,2223
2025-03-31 10:00:00,0.62507,0.625195,0.6243000000000001,0.62511,1974
2025-03-31 11:00:00,0.625135,0.6255,0.624945,0.62502,1755
2025-03-31 12:00:00,0.625015,0.62502,0.62361,0.6236200000000001,2270
2025-03-31 13:00:00,0.623625,0.624115,0.6226149999999999,0.6229750000000001,3544
2025-03-31 14:00:00,0.62298,0.62316,0.62189,0.62303,5118
2025-03-31 15:00:00,0.623035,0.623855,0.62295,0.623445,4393
2025-03-31 16:00:00,0.62344,0.62476,0.62339,0.624105,2716
2025-03-31 17:00:00,0.6241099999999999,0.62476,0.6241,0.624125,2098
2025-03-31 18:00:00,0.62412,0.625305,0.624105,0.62493,1856
2025-03-31 19:00:00,0.624935,0.625365,0.6248400000000001,0.62494,1675
2025-03-31 20:00:00,0.624935,0.62495,0.624625,0.624745,740
2025-03-31 21:00:00,0.6247400000000001,0.6248199999999999,0.6244000000000001,0.62464,363
2025-03-31 22:00:00,0.6247,0.62478,0.624155,0.6241749999999999,776
2025-03-31 23:00:00,0.62419,0.62441,0.623815,0.6239950000000001,1343
2025-04-01 00:00:00,0.6239699999999999,0.62447,0.6237250000000001,0.62415,2628
2025-04-01 01:00:00,0.62415,0.62432,0.62319,0.6242,2791
2025-04-01 02:00:00,0.624195,0.62556,0.62419,0.625355,2482
2025-04-01 03:00:00,0.6253150000000001,0.626475,0.624635,0.6248499999999999,2941
2025-04-01 04:00:00,0.6248400000000001,0.62689,0.62469,0.62686,2527
2025-04-01 05:00:00,0.62687,0.6268750000000001,0.625395,0.62542,2451
2025-04-01 06:00:00,0.625435,0.62614,0.62496,0.62567,3238
2025-04-01 07:00:00,0.625675,0.625675,0.624285,0.62476,3607
2025-04-01 08:00:00,0.624765,0.625795,0.62454,0.62567,2291
2025-04-01 09:00:00,0.62566,0.62623,0.62553,0.625915,2024
2025-04-01 10:00:00,0.62592,0.6260650000000001,0.624655,0.62496,3983
2025-04-01 11:00:00,0.624965,0.6252599999999999,0.6245,0.624935,3051
2025-04-01 12:00:00,0.624925,0.625775,0.62487,0.62531,2604
2025-04-01 13:00:00,0.62531,0.6257349999999999,0.62506,0.62525,3192
2025-04-01 14:00:00,0.625335,0.627575,0.625015,0.6273949999999999,6608
2025-04-01 15:00:00,0.6273850000000001,0.628325,0.62736,0.62778,4601
2025-04-01 16:00:00,0.6277699999999999,0.628045,0.626595,0.62718,2806
2025-04-01 17:00:00,0.6271899999999999,0.62751,0.6268849999999999,0.626925,1679
2025-04-01 18:00:00,0.62693,0.62693,0.62631,0.62644,1975
2025-04-01 19:00:00,0.62646,0.627805,0.62644,0.62779,1677
2025-04-01 20:00:00,0.627785,0.62816,0.6275,0.627865,827
2025-04-01 21:00:00,0.627605,0.62778,0.62754,0.6276600000000001,355
2025-04-01 22:00:00,0.627645,0.628745,0.6275649999999999,0.6285700000000001,1580
2025-04-01 23:00:00,0.62859,0.62907,0.6280950000000001,0.6288100000000001,1147
2025-04-02 00:00:00,0.628815,0.62887,0.62745,0.62767,2302
2025-04-02 01:00:00,0.62768,0.6290450000000001,0.62734,0.62904,2345
2025-04-02 02:00:00,0.6290450000000001,0.63015,0.6289499999999999,0.629625,2409
2025-04-02 03:00:00,0.629635,0.6302,0.62957,0.62986,1505
2025-04-02 04:00:00,0.62985,0.63009,0.629685,0.6298900000000001,906
2025-04-02 05:00:00,0.6299049999999999,0.6299049999999999,0.62935,0.62941,1504
2025-04-02 06:00:00,0.629425,0.63068,0.62935,0.62949,2356
2025-04-02 07:00:00,0.62947,0.630395,0.629195,0.63034,2549
2025-04-02 08:00:00,0.6303449999999999,0.63074,0.63019,0.630695,1810
2025-04-02 09:00:00,0.63071,0.631405,0.6306849999999999,0.6313249999999999,1725
2025-04-02 10:00:00,0.63132,0.63132,0.629945,0.630255,2937
2025-04-02 11:00:00,0.6302449999999999,0.63073,0.630035,0.63061,1601
2025-04-02 12:00:00,0.6306149999999999,0.63073,0.629785,0.63063,2863
2025-04-02 13:00:00,0.630625,0.6306400000000001,0.6296299999999999,0.63016,3165
2025-04-02 14:00:00,0.630155,0.63079,0.62928,0.63024,4490
2025-04-02 15:00:00,0.6302449999999999,0.63035,0.629705,0.62998,3404
2025-04-02 16:00:00,0.62997,0.6300699999999999,0.62921,0.62969,2151
2025-04-02 17:00:00,0.629685,0.63044,0.6294,0.62957,2107
2025-04-02 18:00:00,0.629575,0.629845,0.62896,0.62934,1938
2025-04-02 19:00:00,0.629345,0.629975,0.62933,0.62969,1542
2025-04-02 20:00:00,0.62968,0.6341,0.62575,0.629955,14486
2025-04-02 21:00:00,0.629145,0.6293150000000001,0.6251150000000001,0.626135,1055
2025-04-02 22:00:00,0.6261399999999999,0.62627,0.622615,0.625475,8203
2025-04-02 23:00:00,0.625505,0.62745,0.624735,0.62639,7941
2025-04-03 00:00:00,0.626375,0.6277550000000001,0.6255999999999999,0.62682,9551
2025-04-03 01:00:00,0.62683,0.62875,0.6265000000000001,0.627495,8315
2025-04-03 02:00:00,0.6274900000000001,0.62816,0.626815,0.6280749999999999,5403
2025-04-03 03:00:00,0.62808,0.628215,0.6271249999999999,0.6272850000000001,3722
2025-04-03 04:00:00,0.6272800000000001,0.6274,0.626485,0.6265499999999999,3213
2025-04-03 05:00:00,0.6265449999999999,0.63017,0.6265449999999999,0.62888,5312
2025-04-03 06:00:00,0.6289,0.6310549999999999,0.62801,0.63087,7028
2025-04-03 07:00:00,0.63086,0.631335,0.629815,0.6306400000000001,6393
2025-04-03 08:00:00,0.6306350000000001,0.63411,0.6306,0.6335999999999999,5076
2025-04-03 09:00:00,0.6336200000000001,0.634485,0.633115,0.634245,5385
2025-04-03 10:00:00,0.6342399999999999,0.635945,0.63342,0.633705,8780
2025-04-03 11:00:00,0.63371,0.63651,0.63351,0.63596,6251
2025-04-03 12:00:00,0.63598,0.63664,0.6347149999999999,0.63618,7533
2025-04-03 13:00:00,0.6361749999999999,0.638915,0.63559,0.63702,9720
2025-04-03 14:00:00,0.637,0.63842,0.6364650000000001,0.63723,8512
2025-04-03 15:00:00,0.63724,0.63727,0.63443,0.635,7141
2025-04-03 16:00:00,0.6349800000000001,0.63587,0.634835,0.6349750000000001,4698
2025-04-03 17:00:00,0.63497,0.634995,0.63408,0.6342,2956
2025-04-03 18:00:00,0.63418,0.63424,0.633345,0.633815,2944
2025-04-03 19:00:00,0.63381,0.6338250000000001,0.6316999999999999,0.63178,2742
2025-04-03 20:00:00,0.63178,0.632915,0.6315649999999999,0.632855,1021
2025-04-03 21:00:00,0.633385,0.633385,0.63259,0.63269,140
2025-04-03 22:00:00,0.632695,0.6331549999999999,0.63191,0.63259,1778
2025-04-03 23:00:00,0.632595,0.632825,0.631645,0.632585,3046
2025-04-04 00:00:00,0.6325799999999999,0.633195,0.6320049999999999,0.632475,4305
2025-04-04 01:00:00,0.632475,0.63259,0.63103,0.6311150000000001,3873
2025-04-04 02:00:00,0.63113,0.631175,0.62698,0.6272,5285
2025-04-04 03:00:00,0.62722,0.6273200000000001,0.6247050000000001,0.62543,5332
2025-04-04 04:00:00,0.625425,0.625555,0.6229750000000001,0.623325,5235
2025-04-04 05:00:00,0.62334,0.62502,0.62314,0.624895,3859
2025-04-04 06:00:00,0.62489,0.6253150000000001,0.6234850000000001,0.6237699999999999,5615
2025-04-04 07:00:00,0.623775,0.62444,0.621015,0.62123,7097
2025-04-04 08:00:00,0.62124,0.6217250000000001,0.620135,0.62061,7918
2025-04-04 09:00:00,0.62063,0.620765,0.619745,0.6200399999999999,6487
2025-04-04 10:00:00,0.620045,0.62044,0.6136349999999999,0.6140399999999999,15119
2025-04-04 11:00:00,0.61403,0.61556,0.60498,0.6112949999999999,20532
2025-04-04 12:00:00,0.611315,0.61324,0.609985,0.611595,20093
2025-04-04 13:00:00,0.6115999999999999,0.6139,0.607935,0.60846,15295
2025-04-04 14:00:00,0.608425,0.609845,0.60247,0.60581,15369
2025-04-04 15:00:00,0.6057699999999999,0.609205,0.601125,0.60486,20845
2025-04-04 16:00:00,0.60424,0.605035,0.6004,0.600795,13518
2025-04-04 17:00:00,0.600815,0.603585,0.59867,0.6031850000000001,13635
2025-04-04 18:00:00,0.603225,0.604245,0.60104,0.601965,10558
2025-04-04 19:00:00,0.601955,0.606345,0.6016,0.603775,9653
2025-04-04 20:00:00,0.60379,0.604545,0.602805,0.60408,3991
2025-04-06 22:00:00,0.60048,0.60051,0.59327,0.598765,17461
2025-04-06 23:00:00,0.598795,0.60103,0.5974600000000001,0.59867,11748
2025-04-07 00:00:00,0.598685,0.600985,0.59562,0.600055,15773
2025-04-07 01:00:00,0.60004,0.60213,0.5986100000000001,0.60127,17454
2025-04-07 02:00:00,0.6012850000000001,0.60283,0.600455,0.601045,12154
2025-04-07 03:00:00,0.601055,0.602765,0.60058,0.60234,8943
2025-04-07 04:00:00,0.6023449999999999,0.602955,0.60104,0.6014600000000001,6117
2025-04-07 05:00:00,0.601465,0.60612,0.60075,0.601775,10756
2025-04-07 06:00:00,0.60178,0.602235,0.59961,0.60126,14276
2025-04-07 07:00:00,0.601245,0.60293,0.600325,0.6008549999999999,15170
2025-04-07 08:00:00,0.60087,0.60295,0.599585,0.60015,11723
2025-04-07 09:00:00,0.600155,0.6019000000000001,0.598875,0.60124,10734
2025-04-07 10:00:00,0.601235,0.60609,0.60122,0.60394,12653
2025-04-07 11:00:00,0.60396,0.6053999999999999,0.6030850000000001,0.603835,11519
2025-04-07 12:00:00,0.603835,0.6089249999999999,0.6026750000000001,0.608035,17114
2025-04-07 13:00:00,0.608055,0.608055,0.603965,0.605745,15025
2025-04-07 14:00:00,0.60575,0.6127800000000001,0.60057,0.600815,29771
2025-04-07 15:00:00,0.6008249999999999,0.6027450000000001,0.59589,0.59795,24158
2025-04-07 16:00:00,0.5979300000000001,0.59796,0.594455,0.59498,17300
2025-04-07 17:00:00,0.594975,0.60025,0.5949599999999999,0.6000099999999999,16287
2025-04-07 18:00:00,0.6000399999999999,0.600635,0.59709,0.5972850000000001,10947
2025-04-07 19:00:00,0.597275,0.59928,0.596635,0.59768,8769
2025-04-07 20:00:00,0.59769,0.5991249999999999,0.59754,0.5986199999999999,3615
2025-04-07 21:00:00,0.5986,0.59941,0.59787,0.59893,274
2025-04-07 22:00:00,0.5989150000000001,0.599575,0.59867,0.5992999999999999,1942
2025-04-07 23:00:00,0.599275,0.60057,0.59927,0.599685,2947
2025-04-08 00:00:00,0.59971,0.60181,0.599055,0.59938,7868
2025-04-08 01:00:00,0.599375,0.601915,0.597765,0.60152,11451
2025-04-08 02:00:00,0.601505,0.6033850000000001,0.601485,0.602325,5494
2025-04-08 03:00:00,0.60234,0.60317,0.60202,0.6029450000000001,4510
2025-04-08 04:00:00,0.6028800000000001,0.6061799999999999,0.6028100000000001,0.60597,5245
2025-04-08 05:00:00,0.60596,0.606975,0.60444,0.60682,6332
2025-04-08 06:00:00,0.6067849999999999,0.60685,0.604255,0.60606,9125
2025-04-08 07:00:00,0.6060650000000001,0.607505,0.605065,0.605075,9752
2025-04-08 08:00:00,0.605035,0.6067750000000001,0.60446,0.60641,6828
2025-04-08 09:00:00,0.606385,0.606385,0.60364,0.60411,7357
2025-04-08 10:00:00,0.604105,0.60525,0.60383,0.6038600000000001,5602
2025-04-08 11:00:00,0.603865,0.6055349999999999,0.60324,0.60544,8795
2025-04-08 12:00:00,0.60547,0.607205,0.604955,0.605865,7944
2025-04-08 13:00:00,0.6058600000000001,0.6085400000000001,0.60563,0.6071150000000001,12421
2025-04-08 14:00:00,0.6071,0.608,0.60225,0.6024700000000001,13339
2025-04-08 15:00:00,0.60249,0.603105,0.6005750000000001,0.601425,10204
2025-04-08 16:00:00,0.601415,0.6017349999999999,0.5982,0.598295,12455
2025-04-08 17:00:00,0.59829,0.599275,0.5969249999999999,0.59824,13798
2025-04-08 18:00:00,0.598245,0.59887,0.596395,0.5965499999999999,13212
2025-04-08 19:00:00,0.596545,0.597545,0.595125,0.596175,8900
2025-04-08 20:00:00,0.5961650000000001,0.596905,0.594685,0.59594,3471
2025-04-08 21:00:00,0.595805,0.5964700000000001,0.5949500000000001,0.5949949999999999,323
2025-04-08 22:00:00,0.594975,0.595955,0.594115,0.59518,3804
2025-04-08 23:00:00,0.595195,0.59563,0.59399,0.5952999999999999,4239
2025-04-09 00:00:00,0.595305,0.5964149999999999,0.591395,0.5960449999999999,11152
2025-04-09 01:00:00,0.5960449999999999,0.599525,0.595945,0.598965,11973
2025-04-09 02:00:00,0.598955,0.600325,0.597695,0.5984,9437
2025-04-09 03:00:00,0.598405,0.5996900000000001,0.59612,0.59645,8066
2025-04-09 04:00:00,0.59644,0.598295,0.5951599999999999,0.5976049999999999,11281
2025-04-09 05:00:00,0.597585,0.59763,0.59522,0.59734,10929
2025-04-09 06:00:00,0.597345,0.600865,0.59733,0.599595,15267
2025-04-09 07:00:00,0.599585,0.60277,0.5985400000000001,0.60269,16174
2025-04-09 08:00:00,0.60269,0.60284,0.5996600000000001,0.600955,9513
2025-04-09 09:00:00,0.60094,0.602285,0.59999,0.601405,7547
2025-04-09 10:00:00,0.601415,0.60469,0.6009450000000001,0.603525,7414
2025-04-09 11:00:00,0.60354,0.603775,0.598635,0.60012,17279
2025-04-09 12:00:00,0.60013,0.6029800000000001,0.5996950000000001,0.602705,13271
2025-04-09 13:00:00,0.6027,0.6057250000000001,0.601565,0.60546,14677
2025-04-09 14:00:00,0.60545,0.60584,0.599755,0.59978,12548
2025-04-09 15:00:00,0.59979,0.601645,0.599215,0.60024,8261
2025-04-09 16:00:00,0.600255,0.602735,0.5999099999999999,0.6025,5409
2025-04-09 17:00:00,0.602495,0.61504,0.60207,0.613845,21271
2025-04-09 18:00:00,0.6138,0.61721,0.612255,0.6141650000000001,17554
2025-04-09 19:00:00,0.614155,0.6175900000000001,0.613645,0.6144700000000001,10464
2025-04-09 20:00:00,0.61449,0.61608,0.6133,0.6154999999999999,6140
2025-04-09 21:00:00,0.61545,0.61575,0.6147750000000001,0.615395,529
2025-04-09 22:00:00,0.61566,0.617175,0.61471,0.614965,4988
2025-04-09 23:00:00,0.615015,0.6151800000000001,0.6132,0.613325,3972
2025-04-10 00:00:00,0.6132850000000001,0.615145,0.61195,0.6127450000000001,9126
2025-04-10 01:00:00,0.612735,0.614055,0.611575,0.6127750000000001,10375
2025-04-10 02:00:00,0.61278,0.615585,0.612665,0.61546,7147
2025-04-10 03:00:00,0.615455,0.6178049999999999,0.61499,0.61752,7345
2025-04-10 04:00:00,0.617555,0.618745,0.6166,0.61853,5708
2025-04-10 05:00:00,0.618555,0.62031,0.6184149999999999,0.61983,4996
2025-04-10 06:00:00,0.61984,0.62038,0.61761,0.61938,7566
2025-04-10 07:00:00,0.619375,0.6196349999999999,0.614325,0.61633,12911
2025-04-10 08:00:00,0.61633,0.6165,0.613585,0.6153500000000001,9884
2025-04-10 09:00:00,0.615345,0.617085,0.61453,0.615675,8035
2025-04-10 10:00:00,0.61569,0.6193500000000001,0.615665,0.61803,8656
2025-04-10 11:00:00,0.61804,0.618925,0.61734,0.618495,6388
2025-04-10 12:00:00,0.618485,0.621065,0.617955,0.6181650000000001,13105
2025-04-10 13:00:00,0.61817,0.62048,0.617575,0.618655,13698
2025-04-10 14:00:00,0.618645,0.62456,0.617415,0.624525,13307
2025-04-10 15:00:00,0.6245,0.6248750000000001,0.618745,0.619155,13880
2025-04-10 16:00:00,0.619165,0.62061,0.6170100000000001,0.619795,16509
2025-04-10 17:00:00,0.619765,0.6224350000000001,0.6185,0.62229,14397
2025-04-10 18:00:00,0.6222799999999999,0.62495,0.622,0.6232800000000001,12591
2025-04-10 19:00:00,0.6232800000000001,0.623935,0.61978,0.621975,13193
2025-04-10 20:00:00,0.6219250000000001,0.623305,0.62156,0.62242,3829
2025-04-10 21:00:00,0.6224400000000001,0.62354,0.62237,0.62256,278
2025-04-10 22:00:00,0.622525,0.62381,0.621855,0.622655,4710
2025-04-10 23:00:00,0.6227,0.622785,0.62127,0.6223099999999999,6068
2025-04-11 00:00:00,0.6223,0.624355,0.62039,0.621455,17113
2025-04-11 01:00:00,0.6214599999999999,0.624595,0.62104,0.62388,16669
2025-04-11 02:00:00,0.6238699999999999,0.625885,0.622825,0.624845,12350
2025-04-11 03:00:00,0.62486,0.62497,0.62374,0.624285,10002
2025-04-11 04:00:00,0.6242700000000001,0.624425,0.6194500000000001,0.61956,8979
2025-04-11 05:00:00,0.6195649999999999,0.620575,0.618115,0.619845,9846
2025-04-11 06:00:00,0.61984,0.62124,0.6188400000000001,0.6200699999999999,10864
2025-04-11 07:00:00,0.6200749999999999,0.622915,0.6199399999999999,0.62245,12214
2025-04-11 08:00:00,0.62243,0.62243,0.62008,0.62182,15355
2025-04-11 09:00:00,0.6218049999999999,0.623245,0.621275,0.62321,10250
2025-04-11 10:00:00,0.623205,0.623515,0.621015,0.6228899999999999,10515
2025-04-11 11:00:00,0.6228800000000001,0.624575,0.62259,0.6239699999999999,7867
2025-04-11 12:00:00,0.6239699999999999,0.62697,0.62324,0.62605,12491
2025-04-11 13:00:00,0.62605,0.6288050000000001,0.6234299999999999,0.62381,15675
2025-04-11 14:00:00,0.62384,0.6255,0.6223650000000001,0.6235900000000001,17490
2025-04-11 15:00:00,0.6235850000000001,0.62479,0.62226,0.6243449999999999,14436
2025-04-11 16:00:00,0.624325,0.625785,0.62268,0.625435,8865
2025-04-11 17:00:00,0.62544,0.6277349999999999,0.624725,0.627,9379
2025-04-11 18:00:00,0.626985,0.6288,0.6268050000000001,0.62829,8426
2025-04-11 19:00:00,0.6283,0.63009,0.62818,0.62925,5565
2025-04-11 20:00:00,0.62924,0.62958,0.6283000000000001,0.629035,3343
2025-04-13 22:00:00,0.6301749999999999,0.6306750000000001,0.628085,0.628095,6076
2025-04-13 23:00:00,0.62809,0.63027,0.62784,0.63008,4722
2025-04-14 00:00:00,0.630085,0.631425,0.6286149999999999,0.62915,8137
2025-04-14 01:00:00,0.62918,0.6309,0.6287,0.62938,9248
2025-04-14 02:00:00,0.62939,0.6303700000000001,0.628795,0.63015,6311
2025-04-14 03:00:00,0.630145,0.6301950000000001,0.628575,0.628905,4801
2025-04-14 04:00:00,0.628915,0.629795,0.62869,0.6296649999999999,2544
2025-04-14 05:00:00,0.62967,0.63051,0.62953,0.6302300000000001,3363
2025-04-14 06:00:00,0.630215,0.63318,0.6297699999999999,0.633,5865
2025-04-14 07:00:00,0.6329899999999999,0.633175,0.63178,0.6324799999999999,5675
2025-04-14 08:00:00,0.632485,0.63424,0.632225,0.633695,4915
2025-04-14 09:00:00,0.633685,0.63428,0.63227,0.632295,3892
2025-04-14 10:00:00,0.6323,0.632965,0.63142,0.6317349999999999,3973
2025-04-14 11:00:00,0.631745,0.63262,0.6307,0.631175,2899
2025-04-14 12:00:00,0.631185,0.63132,0.62949,0.6296200000000001,5306
2025-04-14 13:00:00,0.6296299999999999,0.6299049999999999,0.6275299999999999,0.62923,10276
2025-04-14 14:00:00,0.629245,0.633425,0.629245,0.63266,8503
2025-04-14 15:00:00,0.632655,0.63297,0.631015,0.63103,7617
2025-04-14 16:00:00,0.631015,0.632255,0.630815,0.630845,6973
2025-04-14 17:00:00,0.6308499999999999,0.632725,0.630795,0.6323000000000001,6682
2025-04-14 18:00:00,0.632305,0.63395,0.632305,0.6338900000000001,2986
2025-04-14 19:00:00,0.633875,0.63411,0.633025,0.6333949999999999,3118
2025-04-14 20:00:00,0.6334,0.633445,0.632055,0.6326499999999999,2330
2025-04-14 21:00:00,0.632275,0.63275,0.631945,0.63226,285
2025-04-14 22:00:00,0.63224,0.6326149999999999,0.631865,0.632225,1615
2025-04-14 23:00:00,0.632215,0.63249,0.6315999999999999,0.63189,1910
2025-04-15 00:00:00,0.631885,0.633345,0.631885,0.63277,3630
2025-04-15 01:00:00,0.63276,0.63446,0.63267,0.63325,3817
2025-04-15 02:00:00,0.6332450000000001,0.6351199999999999,0.6332450000000001,0.63453,3812
2025-04-15 03:00:00,0.6345350000000001,0.63553,0.634295,0.635345,2524
2025-04-15 04:00:00,0.63534,0.63778,0.63526,0.6369549999999999,2666
2025-04-15 05:00:00,0.6369199999999999,0.6374150000000001,0.635,0.6351249999999999,3661
2025-04-15 06:00:00,0.6351249999999999,0.63638,0.63469,0.636015,5296
2025-04-15 07:00:00,0.63603,0.637285,0.63588,0.63662,4731
2025-04-15 08:00:00,0.6366350000000001,0.6367,0.63462,0.635025,5315
2025-04-15 09:00:00,0.6349849999999999,0.6360300000000001,0.6344449999999999,0.6347149999999999,3678
2025-04-15 10:00:00,0.6347149999999999,0.6361600000000001,0.63458,0.63599,2802
2025-04-15 11:00:00,0.635975,0.636395,0.6352249999999999,0.63597,3569
2025-04-15 12:00:00,0.63598,0.637495,0.63569,0.63713,5434
2025-04-15 13:00:00,0.63714,0.638315,0.6371,0.637615,5756
2025-04-15 14:00:00,0.63761,0.638015,0.636,0.637265,8767
2025-04-15 15:00:00,0.63727,0.63759,0.635335,0.63564,5590
2025-04-15 16:00:00,0.6356550000000001,0.63636,0.6349750000000001,0.635285,4123
2025-04-15 17:00:00,0.635275,0.63578,0.634495,0.63527,3500
2025-04-15 18:00:00,0.63528,0.63528,0.63412,0.63467,2715
2025-04-15 19:00:00,0.634675,0.63525,0.63437,0.63448,2272
2025-04-15 20:00:00,0.63449,0.6349800000000001,0.6343000000000001,0.63455,1194
2025-04-15 21:00:00,0.634565,0.635125,0.6335999999999999,0.63371,633
2025-04-15 22:00:00,0.63368,0.634235,0.63323,0.6342049999999999,1931
2025-04-15 23:00:00,0.6342049999999999,0.634225,0.6322399999999999,0.633785,3045
2025-04-16 00:00:00,0.63375,0.6347799999999999,0.63309,0.633475,5181
2025-04-16 01:00:00,0.633465,0.634775,0.633465,0.6347,3986
2025-04-16 02:00:00,0.63471,0.6357900000000001,0.633545,0.633745,4770
2025-04-16 03:00:00,0.63374,0.6346849999999999,0.63374,0.634675,2674
2025-04-16 04:00:00,0.63469,0.6353949999999999,0.6341749999999999,0.63527,2770
2025-04-16 05:00:00,0.635275,0.635645,0.6342099999999999,0.635345,4836
2025-04-16 06:00:00,0.63533,0.635405,0.634085,0.6350450000000001,4870
2025-04-16 07:00:00,0.63505,0.635635,0.634245,0.634995,4269
2025-04-16 08:00:00,0.635,0.6377349999999999,0.63427,0.63676,7687
2025-04-16 09:00:00,0.636765,0.637775,0.63644,0.637,4479
2025-04-16 10:00:00,0.637,0.63787,0.63659,0.63714,3506
2025-04-16 11:00:00,0.63712,0.63782,0.63684,0.63733,2343
2025-04-16 12:00:00,0.63734,0.6377200000000001,0.63597,0.636215,4279
2025-04-16 13:00:00,0.6362099999999999,0.6375649999999999,0.635885,0.63744,6005
2025-04-16 14:00:00,0.637445,0.6384350000000001,0.636325,0.638245,6050
2025-04-16 15:00:00,0.638255,0.63916,0.6377550000000001,0.63871,4521
2025-04-16 16:00:00,0.6387,0.6389750000000001,0.63818,0.63838,2816
2025-04-16 17:00:00,0.638395,0.638625,0.63575,0.63585,5239
2025-04-16 18:00:00,0.6358550000000001,0.63707,0.63577,0.6368050000000001,5124
2025-04-16 19:00:00,0.63679,0.63726,0.63602,0.63694,3943
2025-04-16 20:00:00,0.636945,0.637355,0.6367700000000001,0.6372,1870
2025-04-16 21:00:00,0.63713,0.6372800000000001,0.63678,0.63713,626
2025-04-16 22:00:00,0.6371100000000001,0.6375,0.636915,0.6375,1531
2025-04-16 23:00:00,0.637515,0.63768,0.6368849999999999,0.6369,1507
2025-04-17 00:00:00,0.636905,0.63729,0.63599,0.636135,4806
2025-04-17 01:00:00,0.6361399999999999,0.636485,0.6352249999999999,0.6358,4230
2025-04-17 02:00:00,0.635815,0.63653,0.63521,0.636255,3305
2025-04-17 03:00:00,0.6362749999999999,0.636505,0.635195,0.6352,2320
2025-04-17 04:00:00,0.63521,0.635615,0.633725,0.6338699999999999,2181
2025-04-17 05:00:00,0.633875,0.6344650000000001,0.633545,0.6340950000000001,2822
2025-04-17 06:00:00,0.6340749999999999,0.634475,0.633325,0.633775,3465
2025-04-17 07:00:00,0.63376,0.63532,0.6336299999999999,0.63506,4005
2025-04-17 08:00:00,0.63507,0.63583,0.634835,0.63547,2475
2025-04-17 09:00:00,0.6354500000000001,0.63592,0.6352,0.63542,1995
2025-04-17 10:00:00,0.63541,0.63578,0.63503,0.6353850000000001,2849
2025-04-17 11:00:00,0.63539,0.636315,0.63532,0.635955,2539
2025-04-17 12:00:00,0.63595,0.63822,0.63591,0.6381600000000001,6293
2025-04-17 13:00:00,0.6381650000000001,0.638945,0.6376,0.63881,5848
2025-04-17 14:00:00,0.6388,0.63911,0.636555,0.63667,5553
2025-04-17 15:00:00,0.636665,0.63827,0.636625,0.6381,3934
2025-04-17 16:00:00,0.638115,0.639005,0.637625,0.63848,4886
2025-04-17 17:00:00,0.6384650000000001,0.638735,0.637975,0.6385700000000001,2298
2025-04-17 18:00:00,0.638575,0.639365,0.638215,0.639085,2718
2025-04-17 19:00:00,0.6390800000000001,0.639285,0.63873,0.638945,2154
2025-04-17 20:00:00,0.6389499999999999,0.6394,0.63886,0.63886,1119
2025-04-17 21:00:00,0.6377349999999999,0.639025,0.637475,0.63885,434
2025-04-17 22:00:00,0.6388499999999999,0.6390199999999999,0.638225,0.6387799999999999,2113
2025-04-17 23:00:00,0.63879,0.63913,0.63852,0.6389400000000001,897
2025-04-18 00:00:00,0.63897,0.639385,0.6386499999999999,0.638775,9694
2025-04-18 01:00:00,0.6387499999999999,0.638825,0.63793,0.63796,17643
2025-04-18 02:00:00,0.63795,0.63856,0.6367750000000001,0.6369149999999999,21166
2025-04-18 03:00:00,0.636865,0.63818,0.6367400000000001,0.637595,31156
2025-04-18 04:00:00,0.6376,0.6384449999999999,0.6375299999999999,0.63818,30345
2025-04-18 05:00:00,0.638185,0.63828,0.63733,0.637745,19941
2025-04-18 06:00:00,0.63774,0.63818,0.637635,0.638045,17206
2025-04-18 07:00:00,0.638065,0.63808,0.6369149999999999,0.6370100000000001,21665
2025-04-18 08:00:00,0.637015,0.637175,0.63683,0.636935,18886
2025-04-18 09:00:00,0.6369400000000001,0.637665,0.63688,0.637285,28450
2025-04-18 10:00:00,0.6372850000000001,0.63777,0.63697,0.637455,32851
2025-04-18 11:00:00,0.63745,0.637715,0.637175,0.637495,22237
2025-04-18 12:00:00,0.637515,0.63777,0.6373,0.63739,21841
2025-04-18 13:00:00,0.637405,0.6375500000000001,0.63702,0.637355,17497
2025-04-18 14:00:00,0.637365,0.637445,0.63716,0.6372,16174
2025-04-18 15:00:00,0.637195,0.63747,0.63714,0.63745,10588
2025-04-18 16:00:00,0.63745,0.63747,0.637355,0.63744,10093
2025-04-18 17:00:00,0.637435,0.63767,0.637435,0.63764,7457
2025-04-18 18:00:00,0.637635,0.637665,0.637625,0.637645,8141
2025-04-18 19:00:00,0.63764,0.63767,0.637425,0.637455,11199
2025-04-18 20:00:00,0.6374500000000001,0.637635,0.637435,0.6376200000000001,7754
2025-04-20 22:00:00,0.63773,0.638395,0.636975,0.63825,4946
2025-04-20 23:00:00,0.638265,0.63933,0.6381600000000001,0.63898,2937
2025-04-21 00:00:00,0.638965,0.64001,0.63855,0.6386000000000001,3842
2025-04-21 01:00:00,0.638605,0.63945,0.6383449999999999,0.63925,3473
2025-04-21 02:00:00,0.639255,0.64009,0.6389750000000001,0.6399600000000001,3095
2025-04-21 03:00:00,0.639955,0.6427,0.63993,0.64246,2470
2025-04-21 04:00:00,0.642475,0.642475,0.64111,0.64174,1830
2025-04-21 05:00:00,0.6417299999999999,0.643035,0.641655,0.64286,1898
2025-04-21 06:00:00,0.64285,0.643,0.64154,0.6421049999999999,2542
2025-04-21 07:00:00,0.64212,0.64361,0.641625,0.64336,3226
2025-04-21 08:00:00,0.64335,0.64341,0.642415,0.642975,3133
2025-04-21 09:00:00,0.64296,0.6437900000000001,0.64238,0.6424650000000001,2620
2025-04-21 10:00:00,0.64246,0.642845,0.64178,0.642455,1882
2025-04-21 11:00:00,0.64245,0.6429400000000001,0.64188,0.642415,2647
2025-04-21 12:00:00,0.64241,0.6432599999999999,0.64145,0.6430100000000001,3217
2025-04-21 13:00:00,0.643005,0.643405,0.6419250000000001,0.64235,4511
2025-04-21 14:00:00,0.6423449999999999,0.6428,0.641525,0.641865,4536
2025-04-21 15:00:00,0.64186,0.64188,0.64075,0.641015,3370
2025-04-21 16:00:00,0.6410100000000001,0.641455,0.64079,0.64129,1988
2025-04-21 17:00:00,0.641295,0.641305,0.64022,0.64062,1685
2025-04-21 18:00:00,0.64061,0.64141,0.64034,0.641335,1596
2025-04-21 19:00:00,0.641305,0.6423300000000001,0.64115,0.641805,2322
2025-04-21 20:00:00,0.64181,0.641925,0.641485,0.6415200000000001,1075
2025-04-21 21:00:00,0.64156,0.641645,0.640925,0.64129,412
2025-04-21 22:00:00,0.641275,0.641915,0.6411899999999999,0.641535,1162
2025-04-21 23:00:00,0.641545,0.64225,0.641265,0.642155,1602
2025-04-22 00:00:00,0.64216,0.642165,0.640145,0.640855,4091
2025-04-22 01:00:00,0.64086,0.642565,0.64086,0.641605,4197
2025-04-22 02:00:00,0.641615,0.6427350000000001,0.64127,0.6425449999999999,2836
2025-04-22 03:00:00,0.64253,0.64392,0.64226,0.64334,3500
2025-04-22 04:00:00,0.643355,0.6438699999999999,0.64291,0.643185,1845
2025-04-22 05:00:00,0.6431899999999999,0.6439349999999999,0.6419,0.64364,3714
2025-04-22 06:00:00,0.643645,0.643845,0.642115,0.6422000000000001,4507
2025-04-22 07:00:00,0.64222,0.642755,0.64131,0.64169,4918
2025-04-22 08:00:00,0.641695,0.642235,0.6407,0.64087,3378
2025-04-22 09:00:00,0.640845,0.6410750000000001,0.639905,0.6401749999999999,2812
2025-04-22 10:00:00,0.64017,0.6405449999999999,0.639835,0.6399,2657
2025-04-22 11:00:00,0.639915,0.64015,0.63917,0.6395,2478
2025-04-22 12:00:00,0.639525,0.63991,0.63862,0.6391,3703
2025-04-22 13:00:00,0.6391,0.6391450000000001,0.637695,0.63866,5152
2025-04-22 14:00:00,0.63867,0.639725,0.6385,0.6389400000000001,4799
2025-04-22 15:00:00,0.638945,0.63949,0.63833,0.63891,3986
2025-04-22 16:00:00,0.63891,0.64055,0.63891,0.6396850000000001,6266
2025-04-22 17:00:00,0.63969,0.640115,0.637675,0.63819,5696
2025-04-22 18:00:00,0.63818,0.6386400000000001,0.63723,0.637525,2252
2025-04-22 19:00:00,0.637505,0.63787,0.63613,0.6363449999999999,3128
2025-04-22 20:00:00,0.63635,0.637005,0.6363449999999999,0.6367,1752
2025-04-22 21:00:00,0.636725,0.638915,0.6365449999999999,0.6370499999999999,988
2025-04-22 22:00:00,0.637015,0.637015,0.6349199999999999,0.63613,8650
2025-04-22 23:00:00,0.636145,0.63809,0.63607,0.637595,4919
2025-04-23 00:00:00,0.63759,0.639595,0.637525,0.639575,6195
2025-04-23 01:00:00,0.639575,0.64054,0.639235,0.63966,5198
2025-04-23 02:00:00,0.6396850000000001,0.6397900000000001,0.63862,0.6390499999999999,3630
2025-04-23 03:00:00,0.639045,0.6394299999999999,0.63792,0.639175,2935
2025-04-23 04:00:00,0.639165,0.63961,0.63869,0.639525,1986
2025-04-23 05:00:00,0.639535,0.64011,0.639085,0.639725,3103
2025-04-23 06:00:00,0.63972,0.642515,0.63957,0.642045,4185
2025-04-23 07:00:00,0.642065,0.6423,0.640795,0.64116,3820
2025-04-23 08:00:00,0.6411800000000001,0.6417,0.6402950000000001,0.641235,3149
2025-04-23 09:00:00,0.6412450000000001,0.64205,0.64124,0.641615,2516
2025-04-23 10:00:00,0.64161,0.64166,0.64027,0.64089,2396
2025-04-23 11:00:00,0.64089,0.6417299999999999,0.64018,0.6411,2534
2025-04-23 12:00:00,0.641095,0.641745,0.640485,0.641715,3937
2025-04-23 13:00:00,0.6417200000000001,0.6435850000000001,0.640255,0.641305,9563
2025-04-23 14:00:00,0.64131,0.64256,0.64031,0.64097,10612
2025-04-23 15:00:00,0.6409750000000001,0.641325,0.637275,0.637475,8768
2025-04-23 16:00:00,0.63748,0.6375,0.636015,0.6369549999999999,5057
2025-04-23 17:00:00,0.63696,0.637545,0.6365350000000001,0.6369800000000001,3809
2025-04-23 18:00:00,0.6369750000000001,0.63731,0.635985,0.6365149999999999,3313
2025-04-23 19:00:00,0.63652,0.6366400000000001,0.63521,0.635875,3245
2025-04-23 20:00:00,0.63585,0.636235,0.635655,0.6359999999999999,2044
2025-04-23 21:00:00,0.635985,0.63687,0.635985,0.63635,339
2025-04-23 22:00:00,0.636325,0.63721,0.635845,0.6364650000000001,2184
2025-04-23 23:00:00,0.63643,0.637025,0.636295,0.63639,1731
2025-04-24 00:00:00,0.63639,0.636895,0.63569,0.63648,3110
2025-04-24 01:00:00,0.63646,0.6367700000000001,0.63559,0.63562,4080
2025-04-24 02:00:00,0.635605,0.6369100000000001,0.63517,0.63688,2631
2025-04-24 03:00:00,0.63689,0.63695,0.6355500000000001,0.635955,1886
2025-04-24 04:00:00,0.63595,0.636525,0.635615,0.6359250000000001,2045
2025-04-24 05:00:00,0.6359349999999999,0.63622,0.6343799999999999,0.6347499999999999,3693
2025-04-24 06:00:00,0.6347499999999999,0.637255,0.63472,0.63707,3656
2025-04-24 07:00:00,0.637065,0.63848,0.637015,0.6384350000000001,4416
2025-04-24 08:00:00,0.63844,0.6389,0.637635,0.63768,3760
2025-04-24 09:00:00,0.6376850000000001,0.638755,0.637535,0.63851,2898
2025-04-24 10:00:00,0.6385149999999999,0.63898,0.638385,0.6385149999999999,2433
2025-04-24 11:00:00,0.6385000000000001,0.63875,0.6374850000000001,0.637515,2725
2025-04-24 12:00:00,0.63751,0.63868,0.63751,0.6381600000000001,3819
2025-04-24 13:00:00,0.63817,0.6388,0.637915,0.638635,3510
2025-04-24 14:00:00,0.63863,0.64046,0.63854,0.640035,6587
2025-04-24 15:00:00,0.6400250000000001,0.64048,0.638685,0.6394299999999999,4782
2025-04-24 16:00:00,0.639465,0.6407849999999999,0.63916,0.64073,3416
2025-04-24 17:00:00,0.640725,0.64088,0.63977,0.64002,2196
2025-04-24 18:00:00,0.64002,0.64046,0.63983,0.64031,1686
2025-04-24 19:00:00,0.6403,0.64099,0.64005,0.6406000000000001,1501
2025-04-24 20:00:00,0.6406000000000001,0.64134,0.64046,0.64099,1175
2025-04-24 21:00:00,0.6401399999999999,0.64129,0.6401399999999999,0.64073,275
2025-04-24 22:00:00,0.641125,0.64146,0.640725,0.64095,1059
2025-04-24 23:00:00,0.640965,0.6410199999999999,0.64,0.64002,1027
2025-04-25 00:00:00,0.640015,0.6406350000000001,0.63993,0.640285,2039
2025-04-25 01:00:00,0.6403,0.640865,0.63935,0.639525,2461
2025-04-25 02:00:00,0.63953,0.64009,0.6392899999999999,0.63996,1949
2025-04-25 03:00:00,0.639955,0.6421049999999999,0.639955,0.64143,3803
2025-04-25 04:00:00,0.64145,0.64152,0.6405799999999999,0.640605,2316
2025-04-25 05:00:00,0.640605,0.640985,0.639385,0.6395,2607
2025-04-25 06:00:00,0.63951,0.64055,0.6386400000000001,0.64052,3589
2025-04-25 07:00:00,0.640525,0.64149,0.6392,0.639945,5279
2025-04-25 08:00:00,0.63995,0.640325,0.6386499999999999,0.63902,3212
2025-04-25 09:00:00,0.63903,0.6391549999999999,0.637465,0.63753,2617
2025-04-25 10:00:00,0.637525,0.638385,0.63747,0.63777,3597
2025-04-25 11:00:00,0.637775,0.638565,0.637545,0.63798,2157
2025-04-25 12:00:00,0.6379900000000001,0.6385350000000001,0.637705,0.6381,2630
2025-04-25 13:00:00,0.6381049999999999,0.638685,0.63759,0.63863,4033
2025-04-25 14:00:00,0.6386449999999999,0.6400399999999999,0.638505,0.63903,4590
2025-04-25 15:00:00,0.639025,0.63963,0.6386000000000001,0.6394949999999999,2385
2025-04-25 16:00:00,0.6395,0.63994,0.639295,0.6395649999999999,1594
2025-04-25 17:00:00,0.6395599999999999,0.6404350000000001,0.6389050000000001,0.639265,3259
2025-04-25 18:00:00,0.63927,0.640385,0.63914,0.64025,1962
2025-04-25 19:00:00,0.64025,0.640355,0.6399349999999999,0.64002,1453
2025-04-25 20:00:00,0.6400250000000001,0.640125,0.63959,0.639895,778
2025-04-27 22:00:00,0.640185,0.6402399999999999,0.6387149999999999,0.639345,2094
2025-04-27 23:00:00,0.63935,0.639445,0.6380399999999999,0.63823,1514
2025-04-28 00:00:00,0.638245,0.6389199999999999,0.637825,0.6387149999999999,2615
2025-04-28 01:00:00,0.63872,0.639175,0.638055,0.63809,2924
2025-04-28 02:00:00,0.638085,0.638395,0.63779,0.6378299999999999,2209
2025-04-28 03:00:00,0.637845,0.6389750000000001,0.6372899999999999,0.6386000000000001,1586
2025-04-28 04:00:00,0.638595,0.640305,0.63853,0.6402699999999999,1830
2025-04-28 05:00:00,0.64028,0.6405350000000001,0.63982,0.64049,2211
2025-04-28 06:00:00,0.640495,0.64061,0.63805,0.63844,2908
2025-04-28 07:00:00,0.6384449999999999,0.638495,0.6370450000000001,0.63714,3228
2025-04-28 08:00:00,0.63713,0.638065,0.63679,0.63801,3005
2025-04-28 09:00:00,0.638,0.6403000000000001,0.637895,0.639625,2493
2025-04-28 10:00:00,0.63963,0.64027,0.63937,0.639535,1845
2025-04-28 11:00:00,0.63953,0.6400300000000001,0.63924,0.6395,1934
2025-04-28 12:00:00,0.6395150000000001,0.640565,0.63932,0.63952,3193
2025-04-28 13:00:00,0.63951,0.641535,0.63931,0.64083,4559
2025-04-28 14:00:00,0.640835,0.64299,0.64049,0.642315,5720
2025-04-28 15:00:00,0.64232,0.6424350000000001,0.64084,0.641175,4336
2025-04-28 16:00:00,0.64118,0.641995,0.641095,0.64183,3110
2025-04-28 17:00:00,0.641825,0.6418299999999999,0.64144,0.64171,2463
2025-04-28 18:00:00,0.6417,0.64268,0.6416999999999999,0.64254,1952
2025-04-28 19:00:00,0.642555,0.6435150000000001,0.64249,0.643405,1523
2025-04-28 20:00:00,0.643425,0.6434949999999999,0.6430400000000001,0.643125,976
2025-04-28 21:00:00,0.6430899999999999,0.643265,0.642825,0.643005,353
2025-04-28 22:00:00,0.643,0.643305,0.6427849999999999,0.64295,1033
2025-04-28 23:00:00,0.6429549999999999,0.643385,0.64262,0.6428050000000001,1543
2025-04-29 00:00:00,0.6428,0.6429050000000001,0.642165,0.642795,2251
2025-04-29 01:00:00,0.6427849999999999,0.643285,0.6424350000000001,0.6428499999999999,2682
2025-04-29 02:00:00,0.64286,0.644985,0.64231,0.642385,4161
2025-04-29 03:00:00,0.642395,0.642435,0.641235,0.64161,2872
2025-04-29 04:00:00,0.64161,0.64168,0.64098,0.6412599999999999,1601
2025-04-29 05:00:00,0.6412500000000001,0.641505,0.641035,0.641285,2025
2025-04-29 06:00:00,0.64128,0.64293,0.6412450000000001,0.6420349999999999,2687
2025-04-29 07:00:00,0.64205,0.643115,0.6415200000000001,0.643,3540
2025-04-29 08:00:00,0.643005,0.6432249999999999,0.641615,0.641875,3032
2025-04-29 09:00:00,0.6418649999999999,0.6420699999999999,0.64094,0.641065,2082
2025-04-29 10:00:00,0.6410750000000001,0.641285,0.63989,0.639895,1938
2025-04-29 11:00:00,0.6398999999999999,0.640495,0.63979,0.64026,1919
2025-04-29 12:00:00,0.64027,0.64157,0.640165,0.6411199999999999,3078
2025-04-29 13:00:00,0.64113,0.6411800000000001,0.63923,0.63927,5300
2025-04-29 14:00:00,0.6392599999999999,0.63964,0.637605,0.638015,5405
2025-04-29 15:00:00,0.6380049999999999,0.63913,0.6380049999999999,0.63838,3140
2025-04-29 16:00:00,0.638375,0.639435,0.6383449999999999,0.638595,2319
2025-04-29 17:00:00,0.6386149999999999,0.63923,0.63824,0.638845,1805
2025-04-29 18:00:00,0.638825,0.639025,0.6380049999999999,0.638585,1647
2025-04-29 19:00:00,0.638575,0.63886,0.6378999999999999,0.638315,1491
2025-04-29 20:00:00,0.6383099999999999,0.63872,0.638115,0.63838,1283
2025-04-29 21:00:00,0.63839,0.638825,0.638265,0.63869,712
2025-04-29 22:00:00,0.63866,0.6386700000000001,0.638155,0.638315,892
2025-04-29 23:00:00,0.63832,0.6387400000000001,0.6382049999999999,0.6387400000000001,934
2025-04-30 00:00:00,0.63873,0.639185,0.63785,0.63832,1980
2025-04-30 01:00:00,0.638315,0.640755,0.63819,0.63973,4180
2025-04-30 02:00:00,0.639725,0.64034,0.6392549999999999,0.639695,2404
2025-04-30 03:00:00,0.639705,0.64027,0.639505,0.63983,1877
2025-04-30 04:00:00,0.639845,0.641405,0.639845,0.641405,1790
2025-04-30 05:00:00,0.64141,0.64178,0.64122,0.64161,1490
2025-04-30 06:00:00,0.64162,0.64177,0.64061,0.64105,2492
2025-04-30 07:00:00,0.641045,0.6411,0.6390549999999999,0.639355,2734
2025-04-30 08:00:00,0.639345,0.639645,0.6386000000000001,0.638995,2643
2025-04-30 09:00:00,0.63901,0.63984,0.639005,0.639555,2058
2025-04-30 10:00:00,0.63957,0.639775,0.63899,0.63936,2047
2025-04-30 11:00:00,0.63934,0.63958,0.63894,0.639115,1794
2025-04-30 12:00:00,0.63913,0.6394949999999999,0.63662,0.63724,5759
2025-04-30 13:00:00,0.6372450000000001,0.63788,0.635695,0.6358950000000001,5401
2025-04-30 14:00:00,0.6358900000000001,0.64007,0.635605,0.6396999999999999,7290
2025-04-30 15:00:00,0.6396850000000001,0.6402749999999999,0.6389050000000001,0.6397649999999999,5801
2025-04-30 16:00:00,0.63977,0.639845,0.63913,0.63949,2605
2025-04-30 17:00:00,0.63947,0.640435,0.6394150000000001,0.6396,2026
2025-04-30 18:00:00,0.639615,0.641345,0.63949,0.640325,4047
2025-04-30 19:00:00,0.64031,0.64129,0.640285,0.640455,2425
2025-04-30 20:00:00,0.640505,0.6408,0.640045,0.64022,2201
2025-04-30 21:00:00,0.640215,0.64049,0.64,0.6401600000000001,134
2025-04-30 22:00:00,0.64018,0.640995,0.6401600000000001,0.6408849999999999,1545
2025-04-30 23:00:00,0.6409149999999999,0.641375,0.6405,0.64105,1219
2025-05-01 00:00:00,0.64107,0.6415299999999999,0.640895,0.64134,2203
2025-05-01 01:00:00,0.64133,0.64145,0.64055,0.64091,2001
2025-05-01 02:00:00,0.6409199999999999,0.6427350000000001,0.64083,0.64192,1934
2025-05-01 03:00:00,0.64193,0.64195,0.640425,0.64071,2432
2025-05-01 04:00:00,0.64071,0.640895,0.6397299999999999,0.640085,1626
2025-05-01 05:00:00,0.6400950000000001,0.64034,0.6389100000000001,0.63934,2151
2025-05-01 06:00:00,0.639335,0.640305,0.63915,0.6398550000000001,2717
2025-05-01 07:00:00,0.63983,0.639865,0.638385,0.63852,3048
2025-05-01 08:00:00,0.6385149999999999,0.63932,0.638335,0.63871,2365
2025-05-01 09:00:00,0.6387,0.63925,0.63747,0.63761,1965
2025-05-01 10:00:00,0.63762,0.6394500000000001,0.637445,0.63941,2029
2025-05-01 11:00:00,0.6394150000000001,0.639925,0.63883,0.639065,2236
2025-05-01 12:00:00,0.639045,0.6394850000000001,0.6383000000000001,0.638625,3850
2025-05-01 13:00:00,0.63861,0.6392549999999999,0.638235,0.63856,4324
2025-05-01 14:00:00,0.6386000000000001,0.63911,0.6372599999999999,0.63842,6900
2025-05-01 15:00:00,0.638415,0.63915,0.636755,0.6371500000000001,3774
2025-05-01 16:00:00,0.6371500000000001,0.63731,0.63656,0.6372450000000001,2234
2025-05-01 17:00:00,0.6372450000000001,0.637975,0.63708,0.6374150000000001,1769
2025-05-01 18:00:00,0.63741,0.6392,0.63711,0.638555,2102
2025-05-01 19:00:00,0.638565,0.6389549999999999,0.638225,0.638315,1554
2025-05-01 20:00:00,0.63832,0.6384799999999999,0.637985,0.6383650000000001,1340
2025-05-01 21:00:00,0.63835,0.63853,0.63752,0.6383449999999999,740
2025-05-01 22:00:00,0.6383650000000001,0.63866,0.638075,0.63834,862
2025-05-01 23:00:00,0.638345,0.63893,0.638125,0.63854,830
2025-05-02 00:00:00,0.6385449999999999,0.640965,0.6382,0.64059,4420
2025-05-02 01:00:00,0.640625,0.640945,0.639965,0.64087,3646
2025-05-02 02:00:00,0.6408750000000001,0.64147,0.640655,0.640825,2749
2025-05-02 03:00:00,0.64082,0.642015,0.63996,0.641825,2927
2025-05-02 04:00:00,0.641825,0.641825,0.640355,0.641295,3537
2025-05-02 05:00:00,0.641305,0.641535,0.64083,0.6409050000000001,2256
2025-05-02 06:00:00,0.6409,0.642325,0.640475,0.64127,3673
2025-05-02 07:00:00,0.64128,0.64214,0.641115,0.64149,2729
2025-05-02 08:00:00,0.6414949999999999,0.64217,0.6409750000000001,0.6419900000000001,2388
2025-05-02 09:00:00,0.641995,0.644515,0.6416599999999999,0.64411,3446
2025-05-02 10:00:00,0.64413,0.6442950000000001,0.64275,0.64295,2591
2025-05-02 11:00:00,0.642945,0.6438699999999999,0.64286,0.6433249999999999,2302
2025-05-02 12:00:00,0.643335,0.644955,0.641605,0.64455,7249
2025-05-02 13:00:00,0.644555,0.646995,0.64445,0.645675,6855
2025-05-02 14:00:00,0.64569,0.6469400000000001,0.64517,0.646585,5594
2025-05-02 15:00:00,0.64657,0.64668,0.64411,0.6445000000000001,4133
2025-05-02 16:00:00,0.64451,0.645795,0.64436,0.644895,4472
2025-05-02 17:00:00,0.6448849999999999,0.6451,0.64419,0.6446449999999999,2453
2025-05-02 18:00:00,0.644655,0.6450549999999999,0.6438550000000001,0.644345,1996
2025-05-02 19:00:00,0.64432,0.64503,0.644255,0.6447499999999999,1714
2025-05-02 20:00:00,0.644765,0.645105,0.6443300000000001,0.644405,1001
2025-05-04 22:00:00,0.6444700000000001,0.6457900000000001,0.644195,0.6454150000000001,2278
2025-05-04 23:00:00,0.64542,0.645465,0.644345,0.644385,1653
2025-05-05 00:00:00,0.6444,0.64459,0.64344,0.64455,1809
2025-05-05 01:00:00,0.64456,0.648095,0.6445350000000001,0.646705,5039
2025-05-05 02:00:00,0.64671,0.6475150000000001,0.6460999999999999,0.64691,3129
2025-05-05 03:00:00,0.6469199999999999,0.646935,0.645995,0.6463300000000001,1729
2025-05-05 04:00:00,0.646325,0.64701,0.64603,0.646855,1653
2025-05-05 05:00:00,0.64686,0.6488750000000001,0.6467400000000001,0.6477550000000001,3363
2025-05-05 06:00:00,0.64776,0.64794,0.646455,0.6470199999999999,3369
2025-05-05 07:00:00,0.647005,0.6476850000000001,0.64642,0.64654,2672
2025-05-05 08:00:00,0.64653,0.648835,0.64642,0.6478,2927
2025-05-05 09:00:00,0.647815,0.6492100000000001,0.647815,0.6491549999999999,2834
2025-05-05 10:00:00,0.6491750000000001,0.64937,0.64828,0.648315,1722
2025-05-05 11:00:00,0.6483099999999999,0.64939,0.6482699999999999,0.648405,2131
2025-05-05 12:00:00,0.64841,0.6493500000000001,0.64825,0.64873,3207
2025-05-05 13:00:00,0.64872,0.64924,0.6479999999999999,0.64803,3356
2025-05-05 14:00:00,0.6474249999999999,0.64835,0.647165,0.64808,5270
2025-05-05 15:00:00,0.648075,0.6481300000000001,0.64671,0.647065,2948
2025-05-05 16:00:00,0.64706,0.64728,0.646335,0.646435,1936
2025-05-05 17:00:00,0.64645,0.646675,0.646235,0.6464300000000001,1232
2025-05-05 18:00:00,0.6464399999999999,0.646865,0.646185,0.64674,1218
2025-05-05 19:00:00,0.6467350000000001,0.647305,0.64658,0.64691,1344
2025-05-05 20:00:00,0.64691,0.647165,0.64654,0.646825,691
2025-05-05 21:00:00,0.64685,0.64697,0.6463650000000001,0.6465449999999999,463
2025-05-05 22:00:00,0.6466350000000001,0.6468799999999999,0.64645,0.6465650000000001,636
2025-05-05 23:00:00,0.64656,0.6466700000000001,0.64601,0.64608,647
2025-05-06 00:00:00,0.646095,0.646285,0.6444,0.644865,2255
2025-05-06 01:00:00,0.64487,0.64577,0.6442950000000001,0.644755,3765
2025-05-06 02:00:00,0.64476,0.645985,0.644705,0.6455,2910
2025-05-06 03:00:00,0.645505,0.64611,0.6449750000000001,0.64604,2129
2025-05-06 04:00:00,0.6460349999999999,0.647115,0.6460049999999999,0.646935,1702
2025-05-06 05:00:00,0.64693,0.646935,0.64501,0.64534,2170
2025-05-06 06:00:00,0.6453450000000001,0.645895,0.64438,0.64589,3212
2025-05-06 07:00:00,0.6458649999999999,0.64655,0.645605,0.6458250000000001,3532
2025-05-06 08:00:00,0.64583,0.64615,0.645175,0.64521,3531
2025-05-06 09:00:00,0.645205,0.6452100000000001,0.64379,0.644575,2764
2025-05-06 10:00:00,0.64457,0.645675,0.64445,0.6456500000000001,2225
2025-05-06 11:00:00,0.64564,0.646305,0.645435,0.6463000000000001,2227
2025-05-06 12:00:00,0.6463099999999999,0.64706,0.64581,0.646895,2333
2025-05-06 13:00:00,0.6469050000000001,0.647525,0.6463099999999999,0.64748,3100
2025-05-06 14:00:00,0.64749,0.64859,0.647235,0.64786,4078
2025-05-06 15:00:00,0.6478550000000001,0.6489,0.647645,0.648755,2334
2025-05-06 16:00:00,0.64876,0.649755,0.648075,0.648725,3692
2025-05-06 17:00:00,0.64874,0.6498,0.64852,0.64891,2480
2025-05-06 18:00:00,0.6489,0.6497649999999999,0.64873,0.64971,1575
2025-05-06 19:00:00,0.649705,0.6501250000000001,0.64933,0.6497900000000001,1433
2025-05-06 20:00:00,0.649775,0.65015,0.6487700000000001,0.649465,1151
2025-05-06 21:00:00,0.649435,0.64967,0.64906,0.6491,275
2025-05-06 22:00:00,0.649095,0.6514800000000001,0.6490549999999999,0.650835,5980
2025-05-06 23:00:00,0.65086,0.65113,0.650245,0.650335,2601
2025-05-07 00:00:00,0.6503300000000001,0.650845,0.6489849999999999,0.650025,4283
2025-05-07 01:00:00,0.65002,0.6512,0.6483300000000001,0.64957,5912
2025-05-07 02:00:00,0.649565,0.649565,0.647745,0.648485,4099
2025-05-07 03:00:00,0.64849,0.648955,0.64792,0.64848,2398
2025-05-07 04:00:00,0.6484749999999999,0.64902,0.6476999999999999,0.64798,2127
2025-05-07 05:00:00,0.647995,0.64889,0.647735,0.64821,2842
2025-05-07 06:00:00,0.64822,0.64917,0.6480699999999999,0.64857,2952
2025-05-07 07:00:00,0.64855,0.64855,0.647355,0.64832,3183
2025-05-07 08:00:00,0.6483099999999999,0.64836,0.6472249999999999,0.6472249999999999,3177
2025-05-07 09:00:00,0.64722,0.6475150000000001,0.6464000000000001,0.64683,1846
2025-05-07 10:00:00,0.646835,0.647805,0.64666,0.647775,1671
2025-05-07 11:00:00,0.64778,0.6480699999999999,0.6468849999999999,0.647315,1714
2025-05-07 12:00:00,0.64731,0.6475150000000001,0.646725,0.6469199999999999,2200
2025-05-07 13:00:00,0.64691,0.647555,0.6462,0.64743,2993
2025-05-07 14:00:00,0.647435,0.64747,0.64594,0.646835,3305
2025-05-07 15:00:00,0.64684,0.64688,0.6456550000000001,0.64604,2965
2025-05-07 16:00:00,0.64605,0.6465,0.645065,0.64623,2029
2025-05-07 17:00:00,0.646245,0.6463,0.645005,0.64518,1829
2025-05-07 18:00:00,0.645185,0.646665,0.644315,0.64519,8322
2025-05-07 19:00:00,0.645215,0.64523,0.642135,0.64308,7845
2025-05-07 20:00:00,0.643065,0.643275,0.64222,0.642445,1264
2025-05-07 21:00:00,0.6424449999999999,0.643545,0.642355,0.642725,282
2025-05-07 22:00:00,0.6427449999999999,0.6429549999999999,0.642465,0.642655,1699
2025-05-07 23:00:00,0.642635,0.643265,0.642555,0.6430750000000001,986
2025-05-08 00:00:00,0.6431,0.64483,0.643065,0.64418,2352
2025-05-08 01:00:00,0.6441749999999999,0.6462749999999999,0.64402,0.64572,4410
2025-05-08 02:00:00,0.645715,0.646455,0.645275,0.64535,2938
2025-05-08 03:00:00,0.645365,0.64628,0.645365,0.645705,1805
2025-05-08 04:00:00,0.645695,0.64584,0.64515,0.64518,1541
2025-05-08 05:00:00,0.645185,0.64525,0.6434150000000001,0.64429,3507
2025-05-08 06:00:00,0.64427,0.64431,0.640745,0.6410199999999999,5607
2025-05-08 07:00:00,0.641025,0.64228,0.640245,0.64202,3886
2025-05-08 08:00:00,0.6420250000000001,0.64252,0.641215,0.6413899999999999,3231
2025-05-08 09:00:00,0.6413949999999999,0.641905,0.64071,0.6412150000000001,2669
2025-05-08 10:00:00,0.64122,0.64272,0.6409050000000001,0.64175,2554
2025-05-08 11:00:00,0.6417349999999999,0.64212,0.64106,0.641635,3137
2025-05-08 12:00:00,0.641645,0.64238,0.64134,0.641785,4081
2025-05-08 13:00:00,0.64178,0.643025,0.64178,0.6426149999999999,3961
2025-05-08 14:00:00,0.64262,0.643335,0.64103,0.64114,4360
2025-05-08 15:00:00,0.641135,0.6426000000000001,0.6408,0.641465,5953
2025-05-08 16:00:00,0.6414599999999999,0.64152,0.640315,0.641105,3680
2025-05-08 17:00:00,0.6410800000000001,0.64114,0.639965,0.640375,2231
2025-05-08 18:00:00,0.64037,0.64059,0.639545,0.63963,1550
2025-05-08 19:00:00,0.639625,0.6403399999999999,0.63953,0.6400950000000001,1991
2025-05-08 20:00:00,0.640105,0.640225,0.6399250000000001,0.640015,775
2025-05-08 21:00:00,0.6400250000000001,0.6412450000000001,0.63984,0.64008,301
2025-05-08 22:00:00,0.640075,0.640185,0.639765,0.640045,983
2025-05-08 23:00:00,0.6400600000000001,0.6400600000000001,0.639175,0.63936,938
2025-05-09 00:00:00,0.639345,0.63985,0.638725,0.6390450000000001,2331
2025-05-09 01:00:00,0.63904,0.63957,0.638115,0.63878,2493
2025-05-09 02:00:00,0.638765,0.6397,0.6370899999999999,0.63961,3569
2025-05-09 03:00:00,0.639605,0.640585,0.639575,0.640585,2915
2025-05-09 04:00:00,0.640595,0.641035,0.64022,0.6409549999999999,1415
2025-05-09 05:00:00,0.6409050000000001,0.6409050000000001,0.6400049999999999,0.64055,1666
2025-05-09 06:00:00,0.640555,0.640755,0.6398699999999999,0.63995,2291
2025-05-09 07:00:00,0.63993,0.6415,0.63969,0.6410199999999999,2527
2025-05-09 08:00:00,0.641025,0.641115,0.64,0.6408,1786
2025-05-09 09:00:00,0.640795,0.64091,0.63978,0.63995,1816
2025-05-09 10:00:00,0.63997,0.640155,0.6393800000000001,0.63994,1627
2025-05-09 11:00:00,0.63992,0.640825,0.639815,0.64048,2549
2025-05-09 12:00:00,0.64049,0.640985,0.6401950000000001,0.6408799999999999,2009
2025-05-09 13:00:00,0.64088,0.64254,0.64088,0.64237,3137
2025-05-09 14:00:00,0.64236,0.6432450000000001,0.641525,0.64207,3822
2025-05-09 15:00:00,0.64207,0.64236,0.6414150000000001,0.64235,2532
2025-05-09 16:00:00,0.6423449999999999,0.64242,0.64137,0.6414249999999999,1676
2025-05-09 17:00:00,0.64142,0.6420049999999999,0.6413249999999999,0.641715,1381
2025-05-09 18:00:00,0.6417,0.64192,0.64117,0.641285,1145
2025-05-09 19:00:00,0.64128,0.6414850000000001,0.640775,0.64116,1130
2025-05-09 20:00:00,0.641145,0.6412249999999999,0.64079,0.6411,1046
2025-05-11 22:00:00,0.6422399999999999,0.64316,0.641725,0.6419600000000001,3603
2025-05-11 23:00:00,0.6419699999999999,0.64289,0.6417349999999999,0.64193,2374
2025-05-12 00:00:00,0.64194,0.642455,0.64115,0.6421600000000001,3516
2025-05-12 01:00:00,0.64214,0.6432500000000001,0.6419250000000001,0.64231,4520
2025-05-12 02:00:00,0.6422950000000001,0.6427149999999999,0.6415200000000001,0.6423449999999999,2854
2025-05-12 03:00:00,0.6423399999999999,0.6432100000000001,0.6422300000000001,0.64307,2029
2025-05-12 04:00:00,0.64306,0.6435,0.64257,0.643025,1329
2025-05-12 05:00:00,0.64307,0.643875,0.64273,0.6435949999999999,2148
2025-05-12 06:00:00,0.6435949999999999,0.6442,0.642925,0.642935,2930
2025-05-12 07:00:00,0.6429199999999999,0.646095,0.6392249999999999,0.640495,13862
2025-05-12 08:00:00,0.6405,0.6415,0.6395900000000001,0.64098,7114
2025-05-12 09:00:00,0.64097,0.6414949999999999,0.640215,0.64075,3611
2025-05-12 10:00:00,0.640745,0.64075,0.638245,0.63848,4526
2025-05-12 11:00:00,0.6384700000000001,0.639645,0.63836,0.63949,4360
2025-05-12 12:00:00,0.6395,0.6395299999999999,0.63858,0.638735,3548
2025-05-12 13:00:00,0.63874,0.6400950000000001,0.63847,0.63878,4377
2025-05-12 14:00:00,0.6387849999999999,0.639135,0.6372150000000001,0.637475,5494
2025-05-12 15:00:00,0.637465,0.637805,0.63636,0.63673,3765
2025-05-12 16:00:00,0.63672,0.6370199999999999,0.63586,0.636425,2424
2025-05-12 17:00:00,0.63643,0.636575,0.635865,0.636135,1934
2025-05-12 18:00:00,0.636145,0.63684,0.63567,0.636795,2124
2025-05-12 19:00:00,0.63678,0.63723,0.6364700000000001,0.636985,1808
2025-05-12 20:00:00,0.63698,0.63762,0.636875,0.6372800000000001,818
2025-05-12 21:00:00,0.6372549999999999,0.63733,0.6365,0.6370450000000001,268
2025-05-12 22:00:00,0.6370750000000001,0.6374,0.6368400000000001,0.6372150000000001,733
2025-05-12 23:00:00,0.6372249999999999,0.6376999999999999,0.63696,0.637265,990
2025-05-13 00:00:00,0.63727,0.637805,0.63645,0.63647,2411
2025-05-13 01:00:00,0.636475,0.6374850000000001,0.63613,0.63716,4706
2025-05-13 02:00:00,0.6371450000000001,0.6383650000000001,0.63704,0.6381600000000001,3180
2025-05-13 03:00:00,0.638155,0.64005,0.6381,0.6398550000000001,2590
2025-05-13 04:00:00,0.63985,0.641375,0.639745,0.64122,2347
2025-05-13 05:00:00,0.64123,0.64164,0.64039,0.64088,2480
2025-05-13 06:00:00,0.6408750000000001,0.641945,0.64022,0.6414200000000001,3714
2025-05-13 07:00:00,0.64141,0.6418200000000001,0.64053,0.64084,3811
2025-05-13 08:00:00,0.640855,0.64095,0.640085,0.640595,2418
2025-05-13 09:00:00,0.640605,0.64154,0.6403449999999999,0.641205,2374
2025-05-13 10:00:00,0.6412100000000001,0.6417550000000001,0.640495,0.6413949999999999,2173
2025-05-13 11:00:00,0.64139,0.64159,0.6407499999999999,0.6407700000000001,1562
2025-05-13 12:00:00,0.640755,0.64302,0.640505,0.643005,5051
2025-05-13 13:00:00,0.643,0.64339,0.6418900000000001,0.642255,5708
2025-05-13 14:00:00,0.64225,0.64619,0.6421300000000001,0.645965,5792
2025-05-13 15:00:00,0.645935,0.6473,0.64544,0.647125,4618
2025-05-13 16:00:00,0.647125,0.64764,0.646675,0.64734,3014
2025-05-13 17:00:00,0.647355,0.6477200000000001,0.647035,0.64747,2054
2025-05-13 18:00:00,0.6474500000000001,0.64783,0.647195,0.647725,1533
2025-05-13 19:00:00,0.647735,0.647875,0.64734,0.6473949999999999,1855
2025-05-13 20:00:00,0.6474,0.64748,0.64697,0.647105,945
2025-05-13 21:00:00,0.647105,0.647335,0.646405,0.646845,430
2025-05-13 22:00:00,0.64686,0.6476900000000001,0.64686,0.647535,847
2025-05-13 23:00:00,0.647535,0.647785,0.6470750000000001,0.6472249999999999,1014
2025-05-14 00:00:00,0.64723,0.6474850000000001,0.646925,0.6472450000000001,2497
2025-05-14 01:00:00,0.64724,0.64872,0.646845,0.6485449999999999,4074
2025-05-14 02:00:00,0.64852,0.6486000000000001,0.6473899999999999,0.648055,2801
2025-05-14 03:00:00,0.648065,0.64823,0.647445,0.647635,1869
2025-05-14 04:00:00,0.647645,0.64795,0.6469499999999999,0.647095,1576
2025-05-14 05:00:00,0.6471,0.6479999999999999,0.647005,0.647065,2227
2025-05-14 06:00:00,0.6470549999999999,0.64786,0.646505,0.6474,3195
2025-05-14 07:00:00,0.6474150000000001,0.64889,0.64723,0.6488050000000001,3306
2025-05-14 08:00:00,0.64882,0.650115,0.648685,0.6490750000000001,5893
2025-05-14 09:00:00,0.649085,0.64981,0.648065,0.6481250000000001,5054
2025-05-14 10:00:00,0.6480950000000001,0.64821,0.6472549999999999,0.647545,2472
2025-05-14 11:00:00,0.6475299999999999,0.647605,0.64644,0.64725,2802
2025-05-14 12:00:00,0.64726,0.647565,0.6461749999999999,0.64669,3579
2025-05-14 13:00:00,0.6467,0.646705,0.645605,0.645965,4701
2025-05-14 14:00:00,0.6459600000000001,0.6461300000000001,0.644705,0.645675,5053
2025-05-14 15:00:00,0.64568,0.64568,0.643825,0.644595,4562
2025-05-14 16:00:00,0.64459,0.644945,0.642325,0.643435,4276
2025-05-14 17:00:00,0.643425,0.643915,0.6432450000000001,0.643725,2347
2025-05-14 18:00:00,0.643735,0.6438299999999999,0.6424799999999999,0.642745,2163
2025-05-14 19:00:00,0.642725,0.642895,0.64225,0.64273,1982
2025-05-14 20:00:00,0.6427400000000001,0.6430400000000001,0.64255,0.6428100000000001,919
2025-05-14 21:00:00,0.642795,0.643735,0.64244,0.64297,827
2025-05-14 22:00:00,0.6429549999999999,0.6430800000000001,0.64262,0.6427350000000001,731
2025-05-14 23:00:00,0.642745,0.642835,0.6421600000000001,0.64272,894
2025-05-15 00:00:00,0.6427400000000001,0.643605,0.642685,0.64328,2296
2025-05-15 01:00:00,0.643275,0.6457999999999999,0.64327,0.644675,4467
2025-05-15 02:00:00,0.6446700000000001,0.644875,0.6433949999999999,0.6442399999999999,3298
2025-05-15 03:00:00,0.644225,0.64479,0.643965,0.644115,2361
2025-05-15 04:00:00,0.64413,0.64439,0.64308,0.64315,1611
2025-05-15 05:00:00,0.6431549999999999,0.643555,0.6415850000000001,0.64264,2562
2025-05-15 06:00:00,0.6426350000000001,0.644205,0.642585,0.64412,3623
2025-05-15 07:00:00,0.64412,0.6443,0.64147,0.6419349999999999,3454
2025-05-15 08:00:00,0.64193,0.64244,0.64165,0.64211,2343
2025-05-15 09:00:00,0.642115,0.642255,0.641675,0.6417649999999999,1854
2025-05-15 10:00:00,0.64176,0.641815,0.640455,0.64063,1972
2025-05-15 11:00:00,0.64063,0.64104,0.640165,0.6408750000000001,2358
2025-05-15 12:00:00,0.6408849999999999,0.642,0.64033,0.64159,4043
2025-05-15 13:00:00,0.6416,0.64225,0.640185,0.64054,4841
2025-05-15 14:00:00,0.640565,0.6412150000000001,0.639165,0.6402,5308
2025-05-15 15:00:00,0.640215,0.640405,0.63906,0.6401749999999999,3502
2025-05-15 16:00:00,0.64017,0.640495,0.63967,0.640325,1838
2025-05-15 17:00:00,0.640335,0.64082,0.6400300000000001,0.6400699999999999,1685
2025-05-15 18:00:00,0.64009,0.640645,0.639885,0.64054,1326
2025-05-15 19:00:00,0.64056,0.640625,0.6400950000000001,0.64055,1207
2025-05-15 20:00:00,0.64054,0.64093,0.640415,0.640625,884
2025-05-15 21:00:00,0.6406099999999999,0.64063,0.6398699999999999,0.640485,337
2025-05-15 22:00:00,0.64046,0.64082,0.640265,0.6404799999999999,848
2025-05-15 23:00:00,0.640495,0.640625,0.640185,0.64041,835
2025-05-16 00:00:00,0.640425,0.6410750000000001,0.63946,0.6398299999999999,2655
2025-05-16 01:00:00,0.6398349999999999,0.640995,0.63975,0.6408050000000001,2664
2025-05-16 02:00:00,0.64082,0.6419349999999999,0.6402399999999999,0.6418349999999999,2329
2025-05-16 03:00:00,0.641845,0.64263,0.641345,0.6421699999999999,2251
2025-05-16 04:00:00,0.642155,0.64297,0.64205,0.642545,1756
2025-05-16 05:00:00,0.64254,0.643615,0.642435,0.6434,1945
2025-05-16 06:00:00,0.643405,0.64341,0.6423650000000001,0.64259,2511
2025-05-16 07:00:00,0.642585,0.643185,0.642265,0.64281,2458
2025-05-16 08:00:00,0.6428100000000001,0.6431,0.641985,0.642775,2271
2025-05-16 09:00:00,0.642755,0.642865,0.64194,0.641955,1917
2025-05-16 10:00:00,0.64195,0.64219,0.6417349999999999,0.6420399999999999,1450
2025-05-16 11:00:00,0.642045,0.64229,0.641545,0.6417349999999999,1734
2025-05-16 12:00:00,0.641725,0.6417349999999999,0.64082,0.64142,2150
2025-05-16 13:00:00,0.641425,0.6418,0.640845,0.64174,2706
2025-05-16 14:00:00,0.64175,0.64176,0.6394,0.639695,4933
2025-05-16 15:00:00,0.63969,0.63978,0.63878,0.639335,3069
2025-05-16 16:00:00,0.63933,0.6400250000000001,0.63899,0.63992,2024
2025-05-16 17:00:00,0.63993,0.640225,0.6398,0.63995,1407
2025-05-16 18:00:00,0.63996,0.640595,0.63974,0.6405350000000001,1394
2025-05-16 19:00:00,0.640525,0.640725,0.64033,0.640575,1423
2025-05-16 20:00:00,0.64057,0.6407499999999999,0.6402699999999999,0.6404099999999999,1723
2025-05-18 22:00:00,0.640525,0.641185,0.64028,0.640735,2337
2025-05-18 23:00:00,0.64074,0.641285,0.6407149999999999,0.640915,1255
2025-05-19 00:00:00,0.640925,0.64147,0.6403099999999999,0.64141,2445
2025-05-19 01:00:00,0.6414150000000001,0.6414850000000001,0.64029,0.64047,2347
2025-05-19 02:00:00,0.6404650000000001,0.6421600000000001,0.6403399999999999,0.641525,2307
2025-05-19 03:00:00,0.6415200000000001,0.6418,0.641125,0.6412,1584
2025-05-19 04:00:00,0.641195,0.641265,0.64046,0.64064,1094
2025-05-19 05:00:00,0.6406350000000001,0.64104,0.6398250000000001,0.64014,1650
2025-05-19 06:00:00,0.640145,0.641355,0.639925,0.641195,2515
2025-05-19 07:00:00,0.6412,0.64297,0.64099,0.64258,3768
2025-05-19 08:00:00,0.64259,0.643475,0.6419250000000001,0.64339,2424
2025-05-19 09:00:00,0.6433949999999999,0.64465,0.643115,0.644605,3337
2025-05-19 10:00:00,0.64461,0.644925,0.644145,0.6444799999999999,2571
2025-05-19 11:00:00,0.64447,0.645205,0.644245,0.644925,2211
2025-05-19 12:00:00,0.644935,0.64502,0.643905,0.643955,2456
2025-05-19 13:00:00,0.643945,0.6451450000000001,0.6435949999999999,0.64454,3725
2025-05-19 14:00:00,0.64455,0.64591,0.644235,0.64569,3414
2025-05-19 15:00:00,0.6456949999999999,0.646495,0.645445,0.645705,2547
2025-05-19 16:00:00,0.64571,0.64591,0.645355,0.64557,2226
2025-05-19 17:00:00,0.6455850000000001,0.64591,0.6449849999999999,0.64506,1557
2025-05-19 18:00:00,0.64507,0.6453,0.6448,0.64521,1193
2025-05-19 19:00:00,0.645205,0.645805,0.645065,0.64569,1110
2025-05-19 20:00:00,0.64568,0.645875,0.6456,0.64568,763
2025-05-19 21:00:00,0.645735,0.64578,0.645615,0.64577,310
2025-05-19 22:00:00,0.645765,0.6458999999999999,0.645455,0.6455,640
2025-05-19 23:00:00,0.645525,0.645655,0.645305,0.64542,689
2025-05-20 00:00:00,0.645435,0.645505,0.644605,0.644675,1507
2025-05-20 01:00:00,0.64469,0.645135,0.644095,0.6441950000000001,2913
2025-05-20 02:00:00,0.6442,0.64469,0.64396,0.644595,2035
2025-05-20 03:00:00,0.6445799999999999,0.64496,0.644495,0.644765,1531
2025-05-20 04:00:00,0.6447700000000001,0.6448,0.642305,0.642525,3286
2025-05-20 05:00:00,0.642505,0.643805,0.64081,0.6415150000000001,4870
2025-05-20 06:00:00,0.64152,0.64274,0.641185,0.64147,3861
2025-05-20 07:00:00,0.6414850000000001,0.6426449999999999,0.6414249999999999,0.64242,3153
2025-05-20 08:00:00,0.64241,0.64244,0.64168,0.641845,2273
2025-05-20 09:00:00,0.6418550000000001,0.64206,0.641485,0.641775,1826
2025-05-20 10:00:00,0.64176,0.6418699999999999,0.64106,0.64132,1404
2025-05-20 11:00:00,0.6413150000000001,0.6415500000000001,0.641,0.6412150000000001,1374
2025-05-20 12:00:00,0.6412,0.641275,0.639175,0.63972,2714
2025-05-20 13:00:00,0.6397299999999999,0.6406000000000001,0.6395949999999999,0.64006,3563
2025-05-20 14:00:00,0.640055,0.640485,0.639465,0.64034,4203
2025-05-20 15:00:00,0.64033,0.64049,0.639555,0.6404000000000001,3116
2025-05-20 16:00:00,0.640395,0.64178,0.640185,0.64174,2410
2025-05-20 17:00:00,0.641725,0.642185,0.641705,0.6421,1499
2025-05-20 18:00:00,0.6421049999999999,0.642255,0.6412,0.641455,2024
2025-05-20 19:00:00,0.64145,0.6419950000000001,0.6412100000000001,0.64191,1391
2025-05-20 20:00:00,0.641915,0.6424799999999999,0.641825,0.64236,1021
2025-05-20 21:00:00,0.64238,0.642575,0.6419999999999999,0.642115,461
2025-05-20 22:00:00,0.642085,0.6424700000000001,0.64181,0.642065,1476
2025-05-20 23:00:00,0.642075,0.64267,0.64193,0.64255,950
2025-05-21 00:00:00,0.6425449999999999,0.64402,0.6423000000000001,0.6439,2591
2025-05-21 01:00:00,0.64391,0.64422,0.643005,0.64345,2647
2025-05-21 02:00:00,0.64343,0.6447,0.643355,0.6441250000000001,3470
2025-05-21 03:00:00,0.6441300000000001,0.645235,0.643985,0.64487,2443
2025-05-21 04:00:00,0.6448799999999999,0.64537,0.6441250000000001,0.64514,1870
2025-05-21 05:00:00,0.645135,0.645905,0.645015,0.6451100000000001,2802
2025-05-21 06:00:00,0.6450899999999999,0.645775,0.6444799999999999,0.6452249999999999,4739
2025-05-21 07:00:00,0.645235,0.64533,0.64395,0.644875,3677
2025-05-21 08:00:00,0.6448750000000001,0.64495,0.643545,0.64398,2308
2025-05-21 09:00:00,0.64399,0.6444650000000001,0.64356,0.64383,1818
2025-05-21 10:00:00,0.643845,0.645355,0.64362,0.6445000000000001,3125
2025-05-21 11:00:00,0.644485,0.64498,0.64417,0.64444,2238
2025-05-21 12:00:00,0.644435,0.645455,0.643935,0.64452,3551
2025-05-21 13:00:00,0.64454,0.644815,0.6437,0.644665,3974
2025-05-21 14:00:00,0.6446700000000001,0.646015,0.64463,0.6458250000000001,4751
2025-05-21 15:00:00,0.645815,0.6466400000000001,0.645465,0.6466350000000001,3431
2025-05-21 16:00:00,0.646625,0.6469400000000001,0.64612,0.64639,1877
2025-05-21 17:00:00,0.646405,0.6467149999999999,0.64429,0.6446799999999999,4505
2025-05-21 18:00:00,0.64467,0.644925,0.6439349999999999,0.64411,2809
2025-05-21 19:00:00,0.64409,0.6444300000000001,0.643205,0.6432150000000001,2555
2025-05-21 20:00:00,0.6432100000000001,0.64376,0.643095,0.6435500000000001,878
2025-05-21 21:00:00,0.643575,0.644095,0.643165,0.643615,387
2025-05-21 22:00:00,0.643575,0.6435949999999999,0.642965,0.64306,1391
2025-05-21 23:00:00,0.6430750000000001,0.64354,0.643025,0.643255,1116
2025-05-22 00:00:00,0.643295,0.64439,0.64324,0.643985,2503
2025-05-22 01:00:00,0.64398,0.6445,0.6427499999999999,0.6429400000000001,3235
2025-05-22 02:00:00,0.642925,0.644705,0.64269,0.64412,2364
2025-05-22 03:00:00,0.64413,0.6444300000000001,0.6437900000000001,0.64429,1927
2025-05-22 04:00:00,0.64428,0.64534,0.64409,0.64516,1679
2025-05-22 05:00:00,0.64515,0.64519,0.64439,0.6447050000000001,2033
2025-05-22 06:00:00,0.64469,0.645015,0.6436599999999999,0.64396,2919
2025-05-22 07:00:00,0.643955,0.644915,0.6435299999999999,0.6449050000000001,4201
2025-05-22 08:00:00,0.6449,0.6458699999999999,0.64365,0.643725,3560
2025-05-22 09:00:00,0.643715,0.64374,0.642315,0.64236,2946
2025-05-22 10:00:00,0.6423449999999999,0.6423449999999999,0.641475,0.6416200000000001,1947
2025-05-22 11:00:00,0.64163,0.64279,0.641555,0.6421699999999999,2544
2025-05-22 12:00:00,0.6421699999999999,0.642455,0.64158,0.64217,3501
2025-05-22 13:00:00,0.64217,0.6427400000000001,0.64104,0.6412500000000001,4380
2025-05-22 14:00:00,0.6412599999999999,0.64202,0.641235,0.64149,4523
2025-05-22 15:00:00,0.6414850000000001,0.641785,0.64076,0.641605,3303
2025-05-22 16:00:00,0.641615,0.64192,0.64095,0.64101,2138
2025-05-22 17:00:00,0.641,0.64141,0.640725,0.641335,2159
2025-05-22 18:00:00,0.64132,0.641645,0.6412450000000001,0.641335,1240
2025-05-22 19:00:00,0.6413249999999999,0.6416649999999999,0.6407499999999999,0.640895,1245
2025-05-22 20:00:00,0.640895,0.641105,0.6408050000000001,0.641055,816
2025-05-22 21:00:00,0.641065,0.641675,0.64101,0.6411,370
2025-05-22 22:00:00,0.6411,0.6412899999999999,0.640985,0.641185,724
2025-05-22 23:00:00,0.6412,0.64124,0.64084,0.64089,659
2025-05-23 00:00:00,0.640895,0.641815,0.64084,0.641815,1838
2025-05-23 01:00:00,0.641805,0.643125,0.64156,0.64283,2209
2025-05-23 02:00:00,0.6428400000000001,0.64345,0.64276,0.6432549999999999,1703
2025-05-23 03:00:00,0.6432599999999999,0.6438200000000001,0.6432599999999999,0.6434,1383
2025-05-23 04:00:00,0.6433800000000001,0.6438649999999999,0.643275,0.643465,1115
2025-05-23 05:00:00,0.64346,0.643875,0.643095,0.64367,1588
2025-05-23 06:00:00,0.6436299999999999,0.643735,0.64279,0.643125,2297
2025-05-23 07:00:00,0.643135,0.6456649999999999,0.642985,0.6453,3226
2025-05-23 08:00:00,0.645305,0.64553,0.64484,0.64537,1893
2025-05-23 09:00:00,0.645365,0.646365,0.64525,0.6463049999999999,1945
2025-05-23 10:00:00,0.6463,0.64654,0.646075,0.64621,1812
2025-05-23 11:00:00,0.646215,0.64703,0.64393,0.6443099999999999,6654
2025-05-23 12:00:00,0.64432,0.6462,0.643,0.6458699999999999,7615
2025-05-23 13:00:00,0.64588,0.646115,0.64453,0.645095,6280
2025-05-23 14:00:00,0.6450800000000001,0.647705,0.64491,0.64732,5778
2025-05-23 15:00:00,0.6473249999999999,0.64795,0.64708,0.64759,3075
2025-05-23 16:00:00,0.6475850000000001,0.6489499999999999,0.6473800000000001,0.64879,2182
2025-05-23 17:00:00,0.648795,0.6499550000000001,0.64873,0.64957,1426
2025-05-23 18:00:00,0.649565,0.64992,0.6493,0.64957,1414
2025-05-23 19:00:00,0.64958,0.64987,0.64932,0.6495500000000001,1115
2025-05-23 20:00:00,0.649545,0.64981,0.6495,0.649605,1348
2025-05-25 22:00:00,0.6492450000000001,0.6504700000000001,0.64916,0.650085,3363
2025-05-25 23:00:00,0.6501,0.65069,0.64992,0.6502,1711
2025-05-26 00:00:00,0.650195,0.650775,0.649845,0.650525,3214
2025-05-26 01:00:00,0.65052,0.6532450000000001,0.65033,0.65315,4063
2025-05-26 02:00:00,0.65314,0.653755,0.65245,0.652485,3289
2025-05-26 03:00:00,0.65247,0.6525700000000001,0.65177,0.652155,1984
2025-05-26 04:00:00,0.6521399999999999,0.65254,0.651735,0.65215,1440
2025-05-26 05:00:00,0.6521399999999999,0.6528400000000001,0.651755,0.65257,1825
2025-05-26 06:00:00,0.6525650000000001,0.6530750000000001,0.65196,0.6523049999999999,2466
2025-05-26 07:00:00,0.6523,0.652435,0.6510050000000001,0.65109,2444
2025-05-26 08:00:00,0.6511,0.651675,0.65086,0.65122,1740
2025-05-26 09:00:00,0.6512249999999999,0.65129,0.6501399999999999,0.650325,1420
2025-05-26 10:00:00,0.650345,0.6510800000000001,0.65024,0.6509050000000001,1411
2025-05-26 11:00:00,0.650895,0.651045,0.65042,0.6509750000000001,962
2025-05-26 12:00:00,0.65098,0.65114,0.65015,0.65027,1252
2025-05-26 13:00:00,0.65028,0.650855,0.649945,0.650385,1100
2025-05-26 14:00:00,0.650405,0.65042,0.6498299999999999,0.65005,1407
2025-05-26 15:00:00,0.650065,0.6501250000000001,0.6494150000000001,0.64945,1123
2025-05-26 16:00:00,0.64946,0.64949,0.64889,0.648955,507
2025-05-26 17:00:00,0.64896,0.649045,0.6484650000000001,0.648495,435
2025-05-26 18:00:00,0.64849,0.64863,0.64829,0.6483,289
2025-05-26 19:00:00,0.64829,0.64854,0.648245,0.64849,274
2025-05-26 20:00:00,0.6485,0.64893,0.6484749999999999,0.6486000000000001,453
2025-05-26 21:00:00,0.6485799999999999,0.649495,0.6485799999999999,0.64881,517
2025-05-26 22:00:00,0.648835,0.6488499999999999,0.6482,0.64835,1377
2025-05-26 23:00:00,0.648335,0.64847,0.648,0.64801,811
2025-05-27 00:00:00,0.648,0.6493899999999999,0.647995,0.64925,2138
2025-05-27 01:00:00,0.6492500000000001,0.64956,0.64841,0.6485,2372
2025-05-27 02:00:00,0.648495,0.648585,0.64751,0.6481049999999999,1596
2025-05-27 03:00:00,0.648115,0.64854,0.647635,0.647825,1272
2025-05-27 04:00:00,0.64782,0.648585,0.64703,0.64715,1685
2025-05-27 05:00:00,0.647165,0.6478600000000001,0.6461,0.6478600000000001,3129
2025-05-27 06:00:00,0.6478550000000001,0.6488149999999999,0.64689,0.64694,2999
2025-05-27 07:00:00,0.64693,0.647335,0.6445350000000001,0.644695,4095
2025-05-27 08:00:00,0.64471,0.64551,0.6446350000000001,0.64491,2987
2025-05-27 09:00:00,0.644915,0.645675,0.644655,0.64503,2554
2025-05-27 10:00:00,0.645025,0.645065,0.6442,0.64435,2111
2025-05-27 11:00:00,0.644345,0.645105,0.644305,0.6445350000000001,1571
2025-05-27 12:00:00,0.64454,0.64553,0.644255,0.64553,2502
2025-05-27 13:00:00,0.645525,0.6460950000000001,0.644565,0.644605,3537
2025-05-27 14:00:00,0.6446,0.64513,0.64367,0.64417,4456
2025-05-27 15:00:00,0.6441749999999999,0.64431,0.643505,0.6435850000000001,2637
2025-05-27 16:00:00,0.6435949999999999,0.64446,0.6434899999999999,0.64429,2384
2025-05-27 17:00:00,0.644285,0.644515,0.643915,0.6444,1559
2025-05-27 18:00:00,0.644405,0.64472,0.64417,0.644625,1283
2025-05-27 19:00:00,0.6446149999999999,0.6447400000000001,0.6440999999999999,0.644255,1789
2025-05-27 20:00:00,0.6442749999999999,0.6445799999999999,0.644015,0.644355,1005
2025-05-27 21:00:00,0.6443300000000001,0.644625,0.64425,0.64455,574
2025-05-27 22:00:00,0.6445000000000001,0.64483,0.64438,0.644725,928
2025-05-27 23:00:00,0.6447149999999999,0.644795,0.64446,0.6447700000000001,544
2025-05-28 00:00:00,0.644775,0.64534,0.644775,0.644875,1751
2025-05-28 01:00:00,0.644865,0.64537,0.64276,0.6429199999999999,3874
2025-05-28 02:00:00,0.642895,0.6446,0.642565,0.64372,4098
2025-05-28 03:00:00,0.64374,0.64476,0.643455,0.64441,2716
2025-05-28 04:00:00,0.644415,0.64455,0.642625,0.6426499999999999,1683
2025-05-28 05:00:00,0.64264,0.643635,0.642555,0.64348,2476
2025-05-28 06:00:00,0.643485,0.6439349999999999,0.642765,0.642925,2826
2025-05-28 07:00:00,0.6429199999999999,0.6445,0.64291,0.64401,2621
2025-05-28 08:00:00,0.6440250000000001,0.64493,0.644015,0.644685,2017
2025-05-28 09:00:00,0.6447,0.644775,0.644305,0.644315,1917
2025-05-28 10:00:00,0.644325,0.644855,0.6439349999999999,0.6441250000000001,1534
2025-05-28 11:00:00,0.64413,0.6442000000000001,0.643505,0.6437,1547
2025-05-28 12:00:00,0.643715,0.64392,0.642115,0.6421600000000001,2520
2025-05-28 13:00:00,0.642155,0.642385,0.64099,0.641335,4080
2025-05-28 14:00:00,0.6413599999999999,0.6428400000000001,0.641355,0.642385,5059
2025-05-28 15:00:00,0.642395,0.642565,0.6413800000000001,0.64162,3276
2025-05-28 16:00:00,0.641625,0.642265,0.64162,0.64221,1656
2025-05-28 17:00:00,0.64222,0.6429,0.64216,0.64263,1326
2025-05-28 18:00:00,0.6426350000000001,0.64298,0.642255,0.64255,1462
2025-05-28 19:00:00,0.64254,0.642695,0.64229,0.6424799999999999,1458
2025-05-28 20:00:00,0.642485,0.6429199999999999,0.642405,0.6426149999999999,1289
2025-05-28 21:00:00,0.6426149999999999,0.64275,0.64212,0.6423099999999999,558
2025-05-28 22:00:00,0.6423650000000001,0.6433850000000001,0.642305,0.643175,1299
2025-05-28 23:00:00,0.64318,0.6436,0.641015,0.642245,5816
2025-05-29 00:00:00,0.6422399999999999,0.6428499999999999,0.64151,0.642045,6565
2025-05-29 01:00:00,0.642035,0.642425,0.640725,0.64209,5869
2025-05-29 02:00:00,0.642085,0.6423650000000001,0.640775,0.64178,3809
2025-05-29 03:00:00,0.64178,0.64254,0.64128,0.64246,2643
2025-05-29 04:00:00,0.6424300000000001,0.6431450000000001,0.6419250000000001,0.64303,1730
2025-05-29 05:00:00,0.64302,0.6430400000000001,0.6416900000000001,0.6422650000000001,2079
2025-05-29 06:00:00,0.642265,0.64425,0.64186,0.6432150000000001,3546
2025-05-29 07:00:00,0.643205,0.6449400000000001,0.64313,0.6448849999999999,3227
2025-05-29 08:00:00,0.6449,0.6449750000000001,0.64348,0.64367,2497
2025-05-29 09:00:00,0.6436550000000001,0.644755,0.64359,0.64421,1718
2025-05-29 10:00:00,0.6442,0.64471,0.64388,0.644255,2100
2025-05-29 11:00:00,0.64425,0.644385,0.6432150000000001,0.6433800000000001,1719
2025-05-29 12:00:00,0.6433949999999999,0.64569,0.6433450000000001,0.64558,5011
2025-05-29 13:00:00,0.645575,0.646015,0.6434,0.643615,4862
2025-05-29 14:00:00,0.6436200000000001,0.6445350000000001,0.64303,0.6443000000000001,5125
2025-05-29 15:00:00,0.6442950000000001,0.644945,0.64393,0.644185,3422
2025-05-29 16:00:00,0.64418,0.64513,0.64391,0.644845,2321
2025-05-29 17:00:00,0.64485,0.64523,0.6442,0.6447499999999999,1630
2025-05-29 18:00:00,0.644745,0.645285,0.644695,0.645035,1293
2025-05-29 19:00:00,0.64503,0.6450849999999999,0.6446149999999999,0.64477,1271
2025-05-29 20:00:00,0.64479,0.644825,0.64418,0.64418,683
2025-05-29 21:00:00,0.64418,0.64499,0.64418,0.644345,574
2025-05-29 22:00:00,0.64438,0.6447099999999999,0.644255,0.644325,1053
2025-05-29 23:00:00,0.6443300000000001,0.6448050000000001,0.64426,0.644395,1006
2025-05-30 00:00:00,0.644395,0.6452450000000001,0.643535,0.6446350000000001,2815
2025-05-30 01:00:00,0.64465,0.6450750000000001,0.64262,0.642775,5225
2025-05-30 02:00:00,0.642765,0.64295,0.642165,0.642595,2635
2025-05-30 03:00:00,0.6426000000000001,0.643185,0.642305,0.64264,1843
2025-05-30 04:00:00,0.642665,0.64318,0.64257,0.64301,1275
2025-05-30 05:00:00,0.64302,0.6440250000000001,0.642915,0.64357,1569
2025-05-30 06:00:00,0.6435599999999999,0.6435599999999999,0.6422699999999999,0.642305,2200
2025-05-30 07:00:00,0.642315,0.642335,0.64076,0.6418,3327
2025-05-30 08:00:00,0.64181,0.642225,0.641375,0.64151,2455
2025-05-30 09:00:00,0.64151,0.6419349999999999,0.641195,0.641745,1887
2025-05-30 10:00:00,0.64172,0.6425449999999999,0.641645,0.641985,1560
2025-05-30 11:00:00,0.6419699999999999,0.6422650000000001,0.64183,0.642145,1504
2025-05-30 12:00:00,0.6421399999999999,0.64296,0.64123,0.64225,5854
2025-05-30 13:00:00,0.642255,0.64232,0.64088,0.641005,4077
2025-05-30 14:00:00,0.641005,0.64377,0.640835,0.643475,6398
2025-05-30 15:00:00,0.6434850000000001,0.643805,0.64307,0.64329,4274
2025-05-30 16:00:00,0.64328,0.64401,0.64209,0.6424799999999999,3694
2025-05-30 17:00:00,0.642485,0.6439600000000001,0.6424650000000001,0.643645,2172
2025-05-30 18:00:00,0.64366,0.64437,0.64366,0.644135,1933
2025-05-30 19:00:00,0.6441250000000001,0.64456,0.64396,0.644385,1400
2025-05-30 20:00:00,0.64439,0.64479,0.64323,0.64323,1436
2025-06-01 22:00:00,0.64342,0.644645,0.64335,0.64462,1906
2025-06-01 23:00:00,0.64463,0.6450400000000001,0.644255,0.6443000000000001,841
2025-06-02 00:00:00,0.6443099999999999,0.645895,0.64426,0.64562,2757
2025-06-02 01:00:00,0.64562,0.64729,0.64551,0.64571,3158
2025-06-02 02:00:00,0.645725,0.646655,0.645535,0.64571,2106
2025-06-02 03:00:00,0.6456999999999999,0.645885,0.6444650000000001,0.64514,1894
2025-06-02 04:00:00,0.64516,0.6456500000000001,0.64486,0.64554,1312
2025-06-02 05:00:00,0.6455500000000001,0.646285,0.645305,0.64588,1756
2025-06-02 06:00:00,0.645905,0.6473150000000001,0.6455,0.64671,2392
2025-06-02 07:00:00,0.64672,0.648935,0.6467,0.648175,3948
2025-06-02 08:00:00,0.64815,0.6485449999999999,0.6476999999999999,0.64779,2791
2025-06-02 09:00:00,0.647795,0.6485,0.647745,0.64828,2138
2025-06-02 10:00:00,0.648285,0.648655,0.64788,0.648245,1889
2025-06-02 11:00:00,0.648255,0.6487050000000001,0.64772,0.64795,1975
2025-06-02 12:00:00,0.6479550000000001,0.648935,0.64794,0.64883,2051
2025-06-02 13:00:00,0.648825,0.64883,0.64716,0.647795,3865
2025-06-02 14:00:00,0.64779,0.65002,0.6476999999999999,0.6497299999999999,5325
2025-06-02 15:00:00,0.64974,0.65004,0.6489750000000001,0.649265,3109
2025-06-02 16:00:00,0.64926,0.649305,0.6482049999999999,0.648625,1823
2025-06-02 17:00:00,0.6486000000000001,0.64876,0.6481,0.648395,1496
2025-06-02 18:00:00,0.64839,0.64929,0.648115,0.64926,1592
2025-06-02 19:00:00,0.6492249999999999,0.6496850000000001,0.649035,0.64968,1003
2025-06-02 20:00:00,0.64967,0.649935,0.649545,0.6495599999999999,859
2025-06-02 21:00:00,0.6494949999999999,0.64958,0.64894,0.6490199999999999,301
2025-06-02 22:00:00,0.64903,0.64945,0.649,0.6493800000000001,1022
2025-06-02 23:00:00,0.6493800000000001,0.65,0.64928,0.6498649999999999,817
2025-06-03 00:00:00,0.64987,0.64992,0.64872,0.64932,2049
2025-06-03 01:00:00,0.64931,0.6495299999999999,0.6479299999999999,0.6480250000000001,3411
2025-06-03 02:00:00,0.64802,0.6481049999999999,0.64657,0.646695,2302
2025-06-03 03:00:00,0.64669,0.647155,0.6464,0.6465650000000001,2034
2025-06-03 04:00:00,0.646555,0.6469,0.64634,0.646655,1198
2025-06-03 05:00:00,0.64666,0.646845,0.645185,0.64632,2356
2025-06-03 06:00:00,0.646325,0.6463749999999999,0.6450549999999999,0.64636,2527
2025-06-03 07:00:00,0.646345,0.64644,0.6454500000000001,0.6458699999999999,2819
2025-06-03 08:00:00,0.645885,0.64602,0.645295,0.645535,2486
2025-06-03 09:00:00,0.64551,0.646285,0.6451800000000001,0.6459,2339
2025-06-03 10:00:00,0.645895,0.6464749999999999,0.645535,0.6456949999999999,2140
2025-06-03 11:00:00,0.64569,0.64601,0.6453949999999999,0.64571,1621
2025-06-03 12:00:00,0.645725,0.64601,0.6448499999999999,0.6452199999999999,2223
2025-06-03 13:00:00,0.64522,0.646145,0.6451549999999999,0.6453949999999999,3488
2025-06-03 14:00:00,0.645405,0.647205,0.6447099999999999,0.6467799999999999,5333
2025-06-03 15:00:00,0.64677,0.64699,0.645895,0.6461049999999999,2708
2025-06-03 16:00:00,0.64611,0.6464650000000001,0.645555,0.6459600000000001,1860
2025-06-03 17:00:00,0.645975,0.6470400000000001,0.6459550000000001,0.646845,1240
2025-06-03 18:00:00,0.64683,0.6468849999999999,0.6462950000000001,0.6468149999999999,1332
2025-06-03 19:00:00,0.6468050000000001,0.6469149999999999,0.6462600000000001,0.64639,722
2025-06-03 20:00:00,0.64638,0.646755,0.64619,0.646235,534
2025-06-03 21:00:00,0.64621,0.646765,0.6459,0.64653,304
2025-06-03 22:00:00,0.646485,0.646695,0.646285,0.646325,798
2025-06-03 23:00:00,0.64633,0.646675,0.64612,0.646435,651
2025-06-04 00:00:00,0.6464300000000001,0.64668,0.64575,0.6460699999999999,1933
2025-06-04 01:00:00,0.646065,0.64747,0.645365,0.6473199999999999,3947
2025-06-04 02:00:00,0.647335,0.64802,0.6462049999999999,0.64635,2389
2025-06-04 03:00:00,0.64632,0.64669,0.645895,0.64636,1671
2025-06-04 04:00:00,0.646355,0.646765,0.64554,0.64563,1605
2025-06-04 05:00:00,0.64562,0.64602,0.64507,0.64562,1644
2025-06-04 06:00:00,0.6456,0.646385,0.645295,0.6462650000000001,3059
2025-06-04 07:00:00,0.6462600000000001,0.647465,0.646115,0.6461950000000001,2501
2025-06-04 08:00:00,0.64618,0.647635,0.645915,0.64747,2172
2025-06-04 09:00:00,0.647465,0.648015,0.6471549999999999,0.6474850000000001,1507
2025-06-04 10:00:00,0.6474949999999999,0.6481250000000001,0.647315,0.647635,1690
2025-06-04 11:00:00,0.64764,0.64866,0.647465,0.64832,1574
2025-06-04 12:00:00,0.6483399999999999,0.6494,0.648335,0.6492549999999999,3290
2025-06-04 13:00:00,0.6492450000000001,0.649435,0.64877,0.64891,2840
2025-06-04 14:00:00,0.64891,0.65015,0.64886,0.650065,4196
2025-06-04 15:00:00,0.6500600000000001,0.65007,0.648835,0.649745,2985
2025-06-04 16:00:00,0.6497550000000001,0.650415,0.649545,0.650345,1836
2025-06-04 17:00:00,0.6503300000000001,0.650485,0.65007,0.650195,1175
2025-06-04 18:00:00,0.6502049999999999,0.650325,0.64983,0.64985,1104
2025-06-04 19:00:00,0.6498349999999999,0.6500049999999999,0.649215,0.6492199999999999,1079
2025-06-04 20:00:00,0.649215,0.6495299999999999,0.6491100000000001,0.649235,766
2025-06-04 21:00:00,0.649205,0.649435,0.64884,0.6489400000000001,408
2025-06-04 22:00:00,0.648935,0.649505,0.6489199999999999,0.6492150000000001,737
2025-06-04 23:00:00,0.649235,0.64954,0.648945,0.6489499999999999,703
2025-06-05 00:00:00,0.64896,0.65036,0.648935,0.65016,1908
2025-06-05 01:00:00,0.650175,0.650935,0.64975,0.64987,2933
2025-06-05 02:00:00,0.64986,0.64998,0.6490499999999999,0.64964,1920
2025-06-05 03:00:00,0.649645,0.6498600000000001,0.648605,0.64879,2196
2025-06-05 04:00:00,0.648775,0.6493150000000001,0.64867,0.6493,1481
2025-06-05 05:00:00,0.649305,0.649435,0.648895,0.6489849999999999,1792
2025-06-05 06:00:00,0.64898,0.649925,0.648765,0.6494150000000001,2015
2025-06-05 07:00:00,0.649405,0.6508700000000001,0.6492450000000001,0.650065,2310
2025-06-05 08:00:00,0.650085,0.6505650000000001,0.64977,0.65052,1835
2025-06-05 09:00:00,0.650525,0.6513800000000001,0.650455,0.65102,2010
2025-06-05 10:00:00,0.6510050000000001,0.6515,0.650955,0.6510750000000001,1509
2025-06-05 11:00:00,0.6511,0.651405,0.6506,0.650905,1944
2025-06-05 12:00:00,0.6509,0.65259,0.650455,0.65177,5169
2025-06-05 13:00:00,0.6517649999999999,0.6538,0.65137,0.65264,6579
2025-06-05 14:00:00,0.65265,0.6531,0.6516649999999999,0.652405,6989
2025-06-05 15:00:00,0.652415,0.652615,0.65109,0.65158,5447
2025-06-05 16:00:00,0.6515850000000001,0.65175,0.651065,0.6514,3079
2025-06-05 17:00:00,0.6514,0.651805,0.65116,0.6516599999999999,1681
2025-06-05 18:00:00,0.6516500000000001,0.651655,0.6507449999999999,0.651065,2102
2025-06-05 19:00:00,0.65106,0.65123,0.650315,0.6507449999999999,3133
2025-06-05 20:00:00,0.65074,0.6510750000000001,0.65048,0.6505449999999999,1432
2025-06-05 21:00:00,0.650595,0.65098,0.65029,0.6504449999999999,648
2025-06-05 22:00:00,0.65045,0.650915,0.650325,0.6509100000000001,726
2025-06-05 23:00:00,0.65093,0.65119,0.6507000000000001,0.651015,730
2025-06-06 00:00:00,0.65101,0.651715,0.6509,0.65099,1741
2025-06-06 01:00:00,0.6509849999999999,0.65137,0.65023,0.650335,2221
2025-06-06 02:00:00,0.65035,0.65039,0.64927,0.649585,2000
2025-06-06 03:00:00,0.64958,0.65023,0.64954,0.6501,1343
2025-06-06 04:00:00,0.65008,0.6505000000000001,0.65001,0.65039,882
2025-06-06 05:00:00,0.65038,0.65039,0.649645,0.65002,1241
2025-06-06 06:00:00,0.65001,0.650065,0.6493249999999999,0.6496200000000001,1817
2025-06-06 07:00:00,0.649615,0.65043,0.649465,0.64995,2358
2025-06-06 08:00:00,0.649945,0.649945,0.6487149999999999,0.64897,2192
2025-06-06 09:00:00,0.648965,0.649255,0.6486149999999999,0.648945,1942
2025-06-06 10:00:00,0.648955,0.6495150000000001,0.6488799999999999,0.6493450000000001,1752
2025-06-06 11:00:00,0.64935,0.649775,0.64916,0.649165,1567
2025-06-06 12:00:00,0.64915,0.65068,0.6482600000000001,0.6492549999999999,7529
2025-06-06 13:00:00,0.6492450000000001,0.64984,0.6479550000000001,0.64909,6962
2025-06-06 14:00:00,0.649095,0.65034,0.64835,0.64865,6122
2025-06-06 15:00:00,0.648655,0.64977,0.648245,0.649555,4222
2025-06-06 16:00:00,0.6495500000000001,0.649745,0.6487,0.6488700000000001,2234
2025-06-06 17:00:00,0.6489,0.6496999999999999,0.64886,0.64941,1770
2025-06-06 18:00:00,0.64942,0.6499299999999999,0.649385,0.649705,1626
2025-06-06 19:00:00,0.64971,0.649915,0.64951,0.649635,1678
2025-06-06 20:00:00,0.64964,0.64997,0.648995,0.649035,1318
2025-06-08 22:00:00,0.6497850000000001,0.64994,0.6495299999999999,0.649885,1067
2025-06-08 23:00:00,0.64991,0.650165,0.64966,0.649875,879
2025-06-09 00:00:00,0.64989,0.6504,0.6494,0.64988,1494
2025-06-09 01:00:00,0.64989,0.65142,0.64985,0.65128,2070
2025-06-09 02:00:00,0.65127,0.65183,0.6508849999999999,0.65094,1639
2025-06-09 03:00:00,0.650935,0.65147,0.65086,0.651185,1135
2025-06-09 04:00:00,0.651195,0.6515,0.651015,0.65145,775
2025-06-09 05:00:00,0.651455,0.651825,0.650935,0.65134,1167
2025-06-09 06:00:00,0.6513450000000001,0.651915,0.651,0.651745,1711
2025-06-09 07:00:00,0.651735,0.6519900000000001,0.65157,0.651885,1717
2025-06-09 08:00:00,0.65189,0.653385,0.651795,0.65271,1840
2025-06-09 09:00:00,0.6527000000000001,0.653185,0.65266,0.652755,1286
2025-06-09 10:00:00,0.6527499999999999,0.653105,0.6523,0.65236,1255
2025-06-09 11:00:00,0.6523650000000001,0.652675,0.6516599999999999,0.65191,2087
2025-06-09 12:00:00,0.651915,0.6519349999999999,0.65096,0.65126,2021
2025-06-09 13:00:00,0.6512549999999999,0.65137,0.650595,0.650925,2848
2025-06-09 14:00:00,0.6509199999999999,0.652185,0.65091,0.65188,2930
2025-06-09 15:00:00,0.651885,0.652655,0.65179,0.652495,1879
2025-06-09 16:00:00,0.65249,0.65254,0.652145,0.65224,1193
2025-06-09 17:00:00,0.65225,0.652455,0.65193,0.652175,1149
2025-06-09 18:00:00,0.652165,0.6527149999999999,0.6521,0.652505,1276
2025-06-09 19:00:00,0.65249,0.652545,0.65191,0.65191,1244
2025-06-09 20:00:00,0.65192,0.65193,0.65154,0.6516299999999999,655
2025-06-09 21:00:00,0.651645,0.651985,0.651295,0.651645,674
2025-06-09 22:00:00,0.65166,0.65181,0.651505,0.651745,723
2025-06-09 23:00:00,0.65175,0.65192,0.65144,0.651655,787
2025-06-10 00:00:00,0.651675,0.6522049999999999,0.651505,0.651775,1657
2025-06-10 01:00:00,0.6518,0.65248,0.65083,0.6511549999999999,2638
2025-06-10 02:00:00,0.6511499999999999,0.65197,0.65015,0.65188,2816
2025-06-10 03:00:00,0.651875,0.652925,0.651605,0.65282,2203
2025-06-10 04:00:00,0.65283,0.653,0.652055,0.6521250000000001,1876
2025-06-10 05:00:00,0.6521349999999999,0.65247,0.6504000000000001,0.6508799999999999,3703
2025-06-10 06:00:00,0.6508849999999999,0.651535,0.649895,0.649895,4046
2025-06-10 07:00:00,0.649885,0.65039,0.64899,0.65007,4482
2025-06-10 08:00:00,0.65005,0.6515,0.6500349999999999,0.65145,2388
2025-06-10 09:00:00,0.65146,0.65177,0.6509,0.651655,2294
2025-06-10 10:00:00,0.65166,0.652105,0.6513249999999999,0.651385,1720
2025-06-10 11:00:00,0.65138,0.652175,0.6513,0.65199,1837
2025-06-10 12:00:00,0.652,0.65231,0.6516599999999999,0.6516599999999999,2489
2025-06-10 13:00:00,0.6516649999999999,0.653225,0.6515599999999999,0.65316,2733
2025-06-10 14:00:00,0.6531549999999999,0.653315,0.6524000000000001,0.652605,3277
2025-06-10 15:00:00,0.6526,0.652605,0.6515599999999999,0.6520600000000001,2424
2025-06-10 16:00:00,0.652085,0.6522600000000001,0.651615,0.652115,1353
2025-06-10 17:00:00,0.6521349999999999,0.652175,0.6516500000000001,0.65188,1358
2025-06-10 18:00:00,0.651885,0.65198,0.6515150000000001,0.651945,1280
2025-06-10 19:00:00,0.65194,0.652515,0.65189,0.65239,1181
2025-06-10 20:00:00,0.652385,0.65253,0.6519900000000001,0.652215,720
2025-06-10 21:00:00,0.65222,0.65257,0.65222,0.6524,167
2025-06-10 22:00:00,0.652385,0.652685,0.65222,0.652615,751
2025-06-10 23:00:00,0.652625,0.653165,0.652455,0.65289,1729
2025-06-11 00:00:00,0.6529,0.65292,0.651265,0.651405,2655
2025-06-11 01:00:00,0.651395,0.652065,0.65008,0.650265,2121
2025-06-11 02:00:00,0.6502600000000001,0.650865,0.65017,0.650385,1657
2025-06-11 03:00:00,0.6503749999999999,0.65149,0.64972,0.651475,1135
2025-06-11 04:00:00,0.6514850000000001,0.6516599999999999,0.650995,0.65112,1059
2025-06-11 05:00:00,0.651135,0.6518349999999999,0.651095,0.6516649999999999,1203
2025-06-11 06:00:00,0.651655,0.651775,0.65082,0.65133,1861
2025-06-11 07:00:00,0.651335,0.6517550000000001,0.650775,0.65117,2312
2025-06-11 08:00:00,0.65116,0.65154,0.6508,0.651,1958
2025-06-11 09:00:00,0.65101,0.6519349999999999,0.650895,0.6513599999999999,2076
2025-06-11 10:00:00,0.65137,0.651505,0.650925,0.6509750000000001,1702
2025-06-11 11:00:00,0.65098,0.6510549999999999,0.6503049999999999,0.65059,1670
2025-06-11 12:00:00,0.6505700000000001,0.654595,0.6500699999999999,0.65288,6662
2025-06-11 13:00:00,0.6528849999999999,0.6530199999999999,0.65093,0.65185,5216
2025-06-11 14:00:00,0.6518550000000001,0.6525799999999999,0.651705,0.6518349999999999,3113
2025-06-11 15:00:00,0.65181,0.652185,0.6516,0.65201,2518
2025-06-11 16:00:00,0.652,0.6524,0.65152,0.6522,1819
2025-06-11 17:00:00,0.65218,0.65297,0.65186,0.651905,1510
2025-06-11 18:00:00,0.6518999999999999,0.652045,0.650285,0.650795,3086
2025-06-11 19:00:00,0.6507799999999999,0.650815,0.6496,0.64998,1592
2025-06-11 20:00:00,0.649985,0.650305,0.64974,0.65007,911
2025-06-11 21:00:00,0.650075,0.65042,0.650055,0.650245,461
2025-06-11 22:00:00,0.6502399999999999,0.650855,0.65007,0.650775,996
2025-06-11 23:00:00,0.650785,0.65112,0.650425,0.65088,1397
2025-06-12 00:00:00,0.6508849999999999,0.6511,0.65027,0.65033,2406
2025-06-12 01:00:00,0.650325,0.65089,0.648395,0.64925,3625
2025-06-12 02:00:00,0.6492450000000001,0.649365,0.6484650000000001,0.64924,2211
2025-06-12 03:00:00,0.6492450000000001,0.650755,0.6490750000000001,0.65024,1769
2025-06-12 04:00:00,0.65025,0.6504099999999999,0.64944,0.64946,1550
2025-06-12 05:00:00,0.64945,0.650475,0.649195,0.6503300000000001,1963
2025-06-12 06:00:00,0.650325,0.650515,0.649515,0.6498349999999999,2906
2025-06-12 07:00:00,0.649825,0.6498900000000001,0.647725,0.6482,3688
2025-06-12 08:00:00,0.648215,0.650235,0.6481,0.65015,2807
2025-06-12 09:00:00,0.6501399999999999,0.650605,0.6494800000000001,0.6498900000000001,2972
2025-06-12 10:00:00,0.649895,0.65188,0.6496500000000001,0.651655,4084
2025-06-12 11:00:00,0.6516500000000001,0.65201,0.65121,0.6514800000000001,2796
2025-06-12 12:00:00,0.6515,0.653365,0.6513500000000001,0.6526700000000001,4733
2025-06-12 13:00:00,0.65265,0.6529,0.651625,0.6518550000000001,4177
2025-06-12 14:00:00,0.65185,0.6528400000000001,0.65175,0.6527499999999999,3791
2025-06-12 15:00:00,0.6527449999999999,0.65306,0.651905,0.652325,3355
2025-06-12 16:00:00,0.652335,0.6529149999999999,0.65223,0.652775,2240
2025-06-12 17:00:00,0.65277,0.65298,0.65221,0.652795,1726
2025-06-12 18:00:00,0.65278,0.6529499999999999,0.65265,0.652945,1173
2025-06-12 19:00:00,0.652925,0.652925,0.652615,0.65282,1289
2025-06-12 20:00:00,0.6528149999999999,0.6533100000000001,0.65276,0.653275,1068
2025-06-12 21:00:00,0.653365,0.6534249999999999,0.652835,0.6530050000000001,322
2025-06-12 22:00:00,0.653,0.6533450000000001,0.65296,0.6531,625
2025-06-12 23:00:00,0.653085,0.65327,0.652705,0.652705,1189
2025-06-13 00:00:00,0.65271,0.65273,0.646825,0.64772,11541
2025-06-13 01:00:00,0.6476850000000001,0.64883,0.64564,0.6483,7589
2025-06-13 02:00:00,0.648285,0.649745,0.647375,0.64793,4820
2025-06-13 03:00:00,0.647925,0.64871,0.6472,0.6481049999999999,4162
2025-06-13 04:00:00,0.648115,0.64827,0.64674,0.64699,2338
2025-06-13 05:00:00,0.647,0.6483300000000001,0.646625,0.64734,3275
2025-06-13 06:00:00,0.64731,0.6485350000000001,0.64666,0.6475,4798
2025-06-13 07:00:00,0.64752,0.64898,0.6471450000000001,0.6482,6540
2025-06-13 08:00:00,0.6482049999999999,0.6496200000000001,0.648055,0.648935,3669
2025-06-13 09:00:00,0.6489400000000001,0.6492,0.64787,0.64822,3464
2025-06-13 10:00:00,0.648225,0.6483749999999999,0.64624,0.64672,3953
2025-06-13 11:00:00,0.64673,0.6482300000000001,0.64654,0.6475299999999999,3056
2025-06-13 12:00:00,0.64754,0.6480950000000001,0.6472899999999999,0.6478900000000001,3162
2025-06-13 13:00:00,0.647875,0.64854,0.64683,0.6483399999999999,4216
2025-06-13 14:00:00,0.64835,0.65025,0.648345,0.64992,5024
2025-06-13 15:00:00,0.649925,0.651535,0.64968,0.651105,3732
2025-06-13 16:00:00,0.65109,0.6519550000000001,0.651065,0.6513100000000001,2201
2025-06-13 17:00:00,0.651305,0.651335,0.6497850000000001,0.65019,2251
2025-06-13 18:00:00,0.6502,0.6504700000000001,0.64828,0.64906,3099
2025-06-13 19:00:00,0.649045,0.6493899999999999,0.648665,0.649365,2370
2025-06-13 20:00:00,0.64937,0.649475,0.64852,0.64874,2212
2025-06-15 22:00:00,0.648445,0.649455,0.647965,0.648755,3396
2025-06-15 23:00:00,0.6487700000000001,0.6492549999999999,0.64821,0.6492,2515
2025-06-16 00:00:00,0.64921,0.64964,0.648855,0.649065,2687
2025-06-16 01:00:00,0.6490499999999999,0.6490549999999999,0.6475850000000001,0.6481600000000001,2991
2025-06-16 02:00:00,0.648185,0.64871,0.6476999999999999,0.647785,3835
2025-06-16 03:00:00,0.64778,0.6481699999999999,0.646655,0.647365,2886
2025-06-16 04:00:00,0.64737,0.6483749999999999,0.64737,0.648105,1773
2025-06-16 05:00:00,0.64811,0.64999,0.64811,0.649825,2584
2025-06-16 06:00:00,0.64982,0.6508050000000001,0.6490549999999999,0.650355,3551
2025-06-16 07:00:00,0.65035,0.651355,0.65011,0.65073,3015
2025-06-16 08:00:00,0.6507449999999999,0.65159,0.6504399999999999,0.651255,1820
2025-06-16 09:00:00,0.6512800000000001,0.65163,0.6510549999999999,0.6515850000000001,1777
2025-06-16 10:00:00,0.65158,0.65215,0.651365,0.651645,1781
2025-06-16 11:00:00,0.651635,0.6525700000000001,0.651455,0.652435,1546
2025-06-16 12:00:00,0.6524399999999999,0.652895,0.652,0.65273,2920
2025-06-16 13:00:00,0.6527350000000001,0.6544449999999999,0.6525449999999999,0.65428,4320
2025-06-16 14:00:00,0.654285,0.65521,0.65349,0.65402,4869
2025-06-16 15:00:00,0.654015,0.654245,0.653215,0.653505,3283
2025-06-16 16:00:00,0.6535249999999999,0.654815,0.6535249999999999,0.654565,1938
2025-06-16 17:00:00,0.6545749999999999,0.65465,0.653885,0.6539250000000001,1736
2025-06-16 18:00:00,0.653915,0.654045,0.65354,0.653645,1401
2025-06-16 19:00:00,0.653655,0.65366,0.6521699999999999,0.6522600000000001,1365
2025-06-16 20:00:00,0.652265,0.652795,0.652215,0.65238,741
2025-06-16 21:00:00,0.6524,0.6528149999999999,0.652025,0.652625,469
2025-06-16 22:00:00,0.652675,0.652675,0.651605,0.65179,1738
2025-06-16 23:00:00,0.65178,0.6525650000000001,0.65071,0.6512450000000001,1799
2025-06-17 00:00:00,0.65125,0.65143,0.65028,0.651365,4096
2025-06-17 01:00:00,0.651365,0.65255,0.650955,0.652385,3091
2025-06-17 02:00:00,0.65239,0.652995,0.65164,0.652935,2878
2025-06-17 03:00:00,0.652945,0.6532549999999999,0.65238,0.65317,2682
2025-06-17 04:00:00,0.6531800000000001,0.65374,0.65294,0.6535,1667
2025-06-17 05:00:00,0.6535249999999999,0.65381,0.6528849999999999,0.65309,2158
2025-06-17 06:00:00,0.653095,0.654385,0.65269,0.65371,2931
2025-06-17 07:00:00,0.65372,0.6542399999999999,0.6530849999999999,0.653815,3357
2025-06-17 08:00:00,0.65384,0.65418,0.6531899999999999,0.653385,2446
2025-06-17 09:00:00,0.653385,0.65415,0.6527000000000001,0.6528050000000001,2709
2025-06-17 10:00:00,0.6528149999999999,0.6536949999999999,0.6528,0.653605,1554
2025-06-17 11:00:00,0.65357,0.6542399999999999,0.6533199999999999,0.65369,2227
2025-06-17 12:00:00,0.6537,0.6541,0.651985,0.6522,3587
2025-06-17 13:00:00,0.65221,0.65381,0.65216,0.653455,3690
2025-06-17 14:00:00,0.6534800000000001,0.653555,0.65051,0.65083,5341
2025-06-17 15:00:00,0.650825,0.65134,0.65025,0.65132,3084
2025-06-17 16:00:00,0.6513249999999999,0.65195,0.64921,0.6493450000000001,2848
2025-06-17 17:00:00,0.6493500000000001,0.649745,0.647205,0.6476,4116
2025-06-17 18:00:00,0.6475949999999999,0.647895,0.64661,0.647145,3278
2025-06-17 19:00:00,0.64715,0.647645,0.646935,0.647435,2526
2025-06-17 20:00:00,0.64744,0.647785,0.6471,0.647475,1841
2025-06-17 21:00:00,0.647475,0.648175,0.647475,0.64771,272
2025-06-17 22:00:00,0.647695,0.64774,0.646855,0.6469,1028
2025-06-17 23:00:00,0.646905,0.648115,0.6468700000000001,0.64806,1194
2025-06-18 00:00:00,0.6480600000000001,0.648835,0.64771,0.6482650000000001,3883
2025-06-18 01:00:00,0.648275,0.649375,0.648275,0.6486099999999999,3371
2025-06-18 02:00:00,0.6486000000000001,0.64916,0.648075,0.648825,2520
2025-06-18 03:00:00,0.648795,0.6493199999999999,0.648795,0.649155,1477
2025-06-18 04:00:00,0.64916,0.6505799999999999,0.649015,0.65039,1562
2025-06-18 05:00:00,0.6504099999999999,0.65064,0.64994,0.65022,1874
2025-06-18 06:00:00,0.6501950000000001,0.651365,0.649975,0.650675,3055
2025-06-18 07:00:00,0.6506799999999999,0.65116,0.64963,0.6497850000000001,2334
2025-06-18 08:00:00,0.64978,0.650315,0.6493249999999999,0.64979,2133
2025-06-18 09:00:00,0.64977,0.65025,0.6495,0.6499999999999999,1852
2025-06-18 10:00:00,0.649985,0.650175,0.648705,0.6488050000000001,2300
2025-06-18 11:00:00,0.64882,0.65017,0.648785,0.650085,1638
2025-06-18 12:00:00,0.6500999999999999,0.65062,0.6496850000000001,0.6499550000000001,2538
2025-06-18 13:00:00,0.64995,0.65063,0.6494150000000001,0.64993,3476
2025-06-18 14:00:00,0.649915,0.65205,0.64975,0.65156,6652
2025-06-18 15:00:00,0.65157,0.65236,0.651475,0.651825,2938
2025-06-18 16:00:00,0.6518349999999999,0.65241,0.65144,0.651485,1841
2025-06-18 17:00:00,0.6514800000000001,0.65182,0.6508050000000001,0.6513249999999999,1769
2025-06-18 18:00:00,0.6512899999999999,0.65378,0.649975,0.650035,11891
2025-06-18 19:00:00,0.65005,0.6511549999999999,0.6494249999999999,0.6504399999999999,7688
2025-06-18 20:00:00,0.65043,0.651045,0.6503650000000001,0.6508400000000001,984
2025-06-18 21:00:00,0.65085,0.65127,0.65021,0.6507400000000001,552
2025-06-18 22:00:00,0.650745,0.65111,0.650485,0.650785,911
2025-06-18 23:00:00,0.6508,0.65105,0.65052,0.6506350000000001,1185
2025-06-19 00:00:00,0.650625,0.65095,0.6495949999999999,0.6497900000000001,2663
2025-06-19 01:00:00,0.64978,0.64985,0.6480049999999999,0.6483049999999999,4985
2025-06-19 02:00:00,0.648285,0.648825,0.647535,0.6482049999999999,3227
2025-06-19 03:00:00,0.64822,0.6494,0.648145,0.649215,2162
2025-06-19 04:00:00,0.6492199999999999,0.64935,0.64849,0.648895,1697
2025-06-19 05:00:00,0.648885,0.648925,0.646285,0.64672,2499
2025-06-19 06:00:00,0.64671,0.6472249999999999,0.6460250000000001,0.647135,4526
2025-06-19 07:00:00,0.6471199999999999,0.6476850000000001,0.646155,0.646415,4074
2025-06-19 08:00:00,0.646425,0.64786,0.64627,0.6475150000000001,3148
2025-06-19 09:00:00,0.64751,0.647905,0.646555,0.646555,2368
2025-06-19 10:00:00,0.6465449999999999,0.647305,0.6462600000000001,0.64635,1774
2025-06-19 11:00:00,0.646345,0.64733,0.6457550000000001,0.64682,2497
2025-06-19 12:00:00,0.6468149999999999,0.647095,0.6458200000000001,0.646235,2554
2025-06-19 13:00:00,0.646225,0.647015,0.6457550000000001,0.6458550000000001,2958
2025-06-19 14:00:00,0.645845,0.6463650000000001,0.644575,0.64535,3959
2025-06-19 15:00:00,0.64535,0.645825,0.6452800000000001,0.645425,1688
2025-06-19 16:00:00,0.6454150000000001,0.64555,0.6451450000000001,0.64527,1069
2025-06-19 17:00:00,0.645265,0.64731,0.645265,0.647185,771
2025-06-19 18:00:00,0.6471899999999999,0.6473949999999999,0.647,0.6473,726
2025-06-19 19:00:00,0.647295,0.647885,0.64723,0.64775,776
2025-06-19 20:00:00,0.647735,0.64818,0.6474,0.64818,688
2025-06-19 21:00:00,0.6482,0.6482,0.647045,0.647655,429
2025-06-19 22:00:00,0.64764,0.6484099999999999,0.64761,0.648185,1496
2025-06-19 23:00:00,0.648205,0.64866,0.648185,0.648555,965
2025-06-20 00:00:00,0.64855,0.6494249999999999,0.64845,0.6487149999999999,2797
2025-06-20 01:00:00,0.6487050000000001,0.64896,0.647545,0.647605,3157
2025-06-20 02:00:00,0.6476,0.6485799999999999,0.64744,0.648475,1973
2025-06-20 03:00:00,0.64847,0.649315,0.64838,0.649195,2142
2025-06-20 04:00:00,0.6492,0.64952,0.6490100000000001,0.6492100000000001,1196
2025-06-20 05:00:00,0.649205,0.64945,0.64871,0.64925,1624
2025-06-20 06:00:00,0.6492800000000001,0.64932,0.64744,0.64761,3035
2025-06-20 07:00:00,0.647605,0.64858,0.64726,0.64855,2433
2025-06-20 08:00:00,0.64854,0.648995,0.648065,0.648765,2612
2025-06-20 09:00:00,0.648755,0.649525,0.6487050000000001,0.649295,1472
2025-06-20 10:00:00,0.6492899999999999,0.649425,0.64849,0.648845,1395
2025-06-20 11:00:00,0.64884,0.6494249999999999,0.64817,0.648845,2087
2025-06-20 12:00:00,0.648835,0.64956,0.648515,0.64897,3790
2025-06-20 13:00:00,0.6489750000000001,0.649105,0.6471750000000001,0.6473450000000001,3124
2025-06-20 14:00:00,0.647335,0.647635,0.6458699999999999,0.6466099999999999,4444
2025-06-20 15:00:00,0.64662,0.6469149999999999,0.64521,0.645375,3169
2025-06-20 16:00:00,0.64537,0.6461749999999999,0.64537,0.6458649999999999,2085
2025-06-20 17:00:00,0.6458699999999999,0.64605,0.645165,0.6456500000000001,1999
2025-06-20 18:00:00,0.6456550000000001,0.64595,0.6453949999999999,0.645445,1618
2025-06-20 19:00:00,0.64543,0.645605,0.644795,0.6449,1204
2025-06-20 20:00:00,0.644885,0.645265,0.64484,0.64484,1965
2025-06-22 22:00:00,0.6425700000000001,0.64425,0.64156,0.644005,3450
2025-06-22 23:00:00,0.64402,0.64487,0.6439349999999999,0.64459,2211
2025-06-23 00:00:00,0.64459,0.644685,0.64277,0.643655,3437
2025-06-23 01:00:00,0.643675,0.64426,0.64194,0.64266,3695
2025-06-23 02:00:00,0.64267,0.6432,0.6410800000000001,0.64124,3160
2025-06-23 03:00:00,0.641235,0.641495,0.63979,0.640325,3590
2025-06-23 04:00:00,0.6403300000000001,0.640975,0.64,0.640495,1887
2025-06-23 05:00:00,0.64045,0.641235,0.6401699999999999,0.641235,2800
2025-06-23 06:00:00,0.6412249999999999,0.642215,0.641005,0.6421250000000001,3652
2025-06-23 07:00:00,0.642145,0.6427700000000001,0.64175,0.6420699999999999,3568
2025-06-23 08:00:00,0.642055,0.6421699999999999,0.640115,0.640235,2703
2025-06-23 09:00:00,0.6402300000000001,0.6403099999999999,0.637955,0.6380049999999999,3545
2025-06-23 10:00:00,0.637995,0.6385149999999999,0.637595,0.63795,2953
2025-06-23 11:00:00,0.637945,0.638775,0.6372599999999999,0.638755,2728
2025-06-23 12:00:00,0.6387700000000001,0.639185,0.6380399999999999,0.63911,3414
2025-06-23 13:00:00,0.639115,0.6407,0.638525,0.6403749999999999,4500
2025-06-23 14:00:00,0.6403700000000001,0.64336,0.6403650000000001,0.6430400000000001,6768
2025-06-23 15:00:00,0.64305,0.64394,0.6420399999999999,0.642115,3685
2025-06-23 16:00:00,0.6421049999999999,0.64343,0.640775,0.64214,5417
2025-06-23 17:00:00,0.64215,0.645355,0.641865,0.64508,5328
2025-06-23 18:00:00,0.6450899999999999,0.6457550000000001,0.644755,0.645525,3069
2025-06-23 19:00:00,0.645535,0.6458200000000001,0.64524,0.64567,1596
2025-06-23 20:00:00,0.645675,0.646335,0.645435,0.6459600000000001,1120
2025-06-23 21:00:00,0.6459550000000001,0.646015,0.64569,0.6458550000000001,151
2025-06-23 22:00:00,0.64583,0.64775,0.645665,0.647315,2741
2025-06-23 23:00:00,0.647355,0.648695,0.6468400000000001,0.647705,2570
2025-06-24 00:00:00,0.647725,0.64839,0.6471199999999999,0.64803,4228
2025-06-24 01:00:00,0.64802,0.6486350000000001,0.6475200000000001,0.64805,3547
2025-06-24 02:00:00,0.648055,0.6492899999999999,0.647575,0.649235,3105
2025-06-24 03:00:00,0.64924,0.64968,0.648725,0.649085,2146
2025-06-24 04:00:00,0.649095,0.649815,0.648555,0.6495949999999999,2246
2025-06-24 05:00:00,0.649575,0.6497850000000001,0.6491100000000001,0.649625,2072
2025-06-24 06:00:00,0.64967,0.6513450000000001,0.649385,0.65101,4376
2025-06-24 07:00:00,0.651015,0.6513,0.64881,0.6493450000000001,5768
2025-06-24 08:00:00,0.64934,0.650555,0.649305,0.6503099999999999,3560
2025-06-24 09:00:00,0.6503,0.65156,0.650275,0.65098,2361
2025-06-24 10:00:00,0.65096,0.65109,0.65064,0.65083,1600
2025-06-24 11:00:00,0.65082,0.65158,0.650675,0.65088,1831
2025-06-24 12:00:00,0.65086,0.6511800000000001,0.6500699999999999,0.6503650000000001,2758
2025-06-24 13:00:00,0.65037,0.65064,0.64869,0.64906,4617
2025-06-24 14:00:00,0.649085,0.651945,0.6490499999999999,0.650685,7390
2025-06-24 15:00:00,0.6506799999999999,0.6517599999999999,0.6497299999999999,0.64976,4085
2025-06-24 16:00:00,0.64977,0.6505650000000001,0.64938,0.65055,2183
2025-06-24 17:00:00,0.65056,0.65098,0.65037,0.65074,1798
2025-06-24 18:00:00,0.6507449999999999,0.6508499999999999,0.65035,0.650485,1767
2025-06-24 19:00:00,0.65048,0.65063,0.649715,0.64977,1646
2025-06-24 20:00:00,0.6497649999999999,0.6500349999999999,0.648825,0.648925,1111
2025-06-24 21:00:00,0.648945,0.649235,0.6489199999999999,0.6489849999999999,413
2025-06-24 22:00:00,0.6489750000000001,0.649085,0.648795,0.6488849999999999,759
2025-06-24 23:00:00,0.6488849999999999,0.6495500000000001,0.6488849999999999,0.649535,938
2025-06-25 00:00:00,0.649545,0.650075,0.649115,0.64981,2091
2025-06-25 01:00:00,0.649815,0.650785,0.6489499999999999,0.6504399999999999,3774
2025-06-25 02:00:00,0.65043,0.65054,0.64978,0.65051,2551
2025-06-25 03:00:00,0.65052,0.650795,0.649775,0.649815,1940
2025-06-25 04:00:00,0.649805,0.65001,0.649405,0.6499349999999999,1229
2025-06-25 05:00:00,0.6499250000000001,0.65006,0.649255,0.649885,1848
2025-06-25 06:00:00,0.649895,0.65025,0.649455,0.64967,2464
2025-06-25 07:00:00,0.64966,0.6506799999999999,0.6492899999999999,0.64968,2551
2025-06-25 08:00:00,0.64969,0.6499349999999999,0.64929,0.6497299999999999,1938
2025-06-25 09:00:00,0.649725,0.649725,0.6488750000000001,0.6495249999999999,1654
2025-06-25 10:00:00,0.64952,0.6496550000000001,0.64913,0.6495500000000001,1145
2025-06-25 11:00:00,0.649545,0.649945,0.6493450000000001,0.649705,1822
2025-06-25 12:00:00,0.649695,0.649735,0.64891,0.64917,2558
2025-06-25 13:00:00,0.649165,0.64949,0.6484449999999999,0.64861,2969
2025-06-25 14:00:00,0.64862,0.64978,0.64859,0.64933,4414
2025-06-25 15:00:00,0.649325,0.649545,0.6488849999999999,0.649085,2254
2025-06-25 16:00:00,0.64909,0.65039,0.64909,0.650255,1844
2025-06-25 17:00:00,0.6502600000000001,0.650595,0.649775,0.6503099999999999,2259
2025-06-25 18:00:00,0.650315,0.651075,0.6502,0.6509750000000001,2572
2025-06-25 19:00:00,0.65098,0.65151,0.65097,0.65108,2083
2025-06-25 20:00:00,0.651085,0.6513599999999999,0.65078,0.651305,1240
2025-06-25 21:00:00,0.65132,0.651395,0.6505799999999999,0.650775,596
2025-06-25 22:00:00,0.650795,0.65135,0.650765,0.6513249999999999,989
2025-06-25 23:00:00,0.651335,0.65232,0.651285,0.65211,1938
2025-06-26 00:00:00,0.652135,0.6524449999999999,0.6519600000000001,0.6519999999999999,1966
2025-06-26 01:00:00,0.6519900000000001,0.652225,0.6510199999999999,0.6520900000000001,2697
2025-06-26 02:00:00,0.6520950000000001,0.6533100000000001,0.651795,0.65295,2845
2025-06-26 03:00:00,0.652955,0.65364,0.652755,0.653275,2598
2025-06-26 04:00:00,0.65327,0.6532800000000001,0.6521250000000001,0.6522699999999999,1962
2025-06-26 05:00:00,0.6522749999999999,0.652825,0.6518349999999999,0.6527350000000001,2089
2025-06-26 06:00:00,0.6527000000000001,0.6532100000000001,0.652165,0.65318,4606
2025-06-26 07:00:00,0.653185,0.65384,0.652665,0.6533549999999999,3516
2025-06-26 08:00:00,0.6533450000000001,0.6550050000000001,0.653185,0.654455,3557
2025-06-26 09:00:00,0.6544399999999999,0.65455,0.65291,0.6538550000000001,3493
2025-06-26 10:00:00,0.653845,0.6543650000000001,0.6533450000000001,0.6537900000000001,2220
2025-06-26 11:00:00,0.6537999999999999,0.65387,0.652895,0.6532199999999999,2501
2025-06-26 12:00:00,0.65323,0.65448,0.653045,0.6540900000000001,5160
2025-06-26 13:00:00,0.65412,0.655195,0.65357,0.6550400000000001,5366
2025-06-26 14:00:00,0.655045,0.65589,0.6544749999999999,0.6547700000000001,6166
2025-06-26 15:00:00,0.654765,0.6553800000000001,0.654485,0.655355,4007
2025-06-26 16:00:00,0.65535,0.65628,0.65491,0.655535,2393
2025-06-26 17:00:00,0.65553,0.656405,0.65546,0.6561250000000001,2322
2025-06-26 18:00:00,0.656115,0.65624,0.65562,0.65587,1913
2025-06-26 19:00:00,0.65584,0.6559,0.6548,0.65506,2023
2025-06-26 20:00:00,0.65505,0.65512,0.6544749999999999,0.65462,1308
2025-06-26 21:00:00,0.65462,0.65523,0.6543650000000001,0.6545449999999999,431
2025-06-26 22:00:00,0.65456,0.65481,0.65429,0.654515,886
2025-06-26 23:00:00,0.6545300000000001,0.6549499999999999,0.6545,0.654685,1040
2025-06-27 00:00:00,0.6547000000000001,0.65551,0.65466,0.655445,2583
2025-06-27 01:00:00,0.655445,0.655875,0.654505,0.6557200000000001,2825
2025-06-27 02:00:00,0.655725,0.655915,0.6551849999999999,0.6554800000000001,2355
2025-06-27 03:00:00,0.6554899999999999,0.65612,0.6547449999999999,0.65482,2177
2025-06-27 04:00:00,0.65482,0.654855,0.6542049999999999,0.65421,1275
2025-06-27 05:00:00,0.654245,0.65463,0.65395,0.65425,1710
2025-06-27 06:00:00,0.65426,0.6554,0.653995,0.65539,2816
2025-06-27 07:00:00,0.6554,0.65609,0.65476,0.654925,3123
2025-06-27 08:00:00,0.6549400000000001,0.6557,0.65467,0.655095,2942
2025-06-27 09:00:00,0.655115,0.65515,0.653995,0.65418,2338
2025-06-27 10:00:00,0.654185,0.65428,0.6529050000000001,0.653375,2233
2025-06-27 11:00:00,0.653385,0.65388,0.65325,0.6538200000000001,2366
2025-06-27 12:00:00,0.653815,0.65496,0.653295,0.654515,4080
2025-06-27 13:00:00,0.654505,0.65479,0.65267,0.65271,4586
2025-06-27 14:00:00,0.6527149999999999,0.653705,0.6523,0.652725,5289
2025-06-27 15:00:00,0.65273,0.6538649999999999,0.652345,0.653335,2878
2025-06-27 16:00:00,0.65333,0.65387,0.653095,0.65346,1961
2025-06-27 17:00:00,0.6534599999999999,0.6535599999999999,0.651095,0.651935,3495
2025-06-27 18:00:00,0.6519550000000001,0.65222,0.650825,0.6517649999999999,4499
2025-06-27 19:00:00,0.65173,0.6525399999999999,0.65173,0.652505,2197
2025-06-27 20:00:00,0.65249,0.6533599999999999,0.65246,0.65309,1430
2025-06-29 22:00:00,0.653745,0.653865,0.65316,0.65349,1903
2025-06-29 23:00:00,0.6534800000000001,0.653815,0.6531450000000001,0.65321,1152
2025-06-30 00:00:00,0.6532,0.653815,0.65272,0.6530050000000001,2278
2025-06-30 01:00:00,0.653,0.654365,0.652755,0.6533599999999999,3020
2025-06-30 02:00:00,0.65335,0.65402,0.65306,0.653275,3277
2025-06-30 03:00:00,0.653265,0.6536,0.65303,0.65325,1620
2025-06-30 04:00:00,0.65324,0.6544650000000001,0.65318,0.654335,1660
2025-06-30 05:00:00,0.65432,0.6552800000000001,0.65425,0.655025,2138
2025-06-30 06:00:00,0.655035,0.6550400000000001,0.65415,0.6546449999999999,3729
2025-06-30 07:00:00,0.654655,0.654655,0.6532100000000001,0.6533899999999999,3220
2025-06-30 08:00:00,0.65335,0.65388,0.65327,0.6538,2163
2025-06-30 09:00:00,0.653795,0.653995,0.65245,0.652485,2091
2025-06-30 10:00:00,0.65247,0.6531199999999999,0.6522950000000001,0.6530750000000001,1981
2025-06-30 11:00:00,0.65307,0.65357,0.653015,0.65317,2382
2025-06-30 12:00:00,0.6531750000000001,0.6533,0.6527149999999999,0.65316,2714
2025-06-30 13:00:00,0.6531549999999999,0.6544399999999999,0.65306,0.6544399999999999,3296
2025-06-30 14:00:00,0.6544449999999999,0.65576,0.653925,0.65532,4870
2025-06-30 15:00:00,0.6553100000000001,0.65726,0.65482,0.65725,4807
2025-06-30 16:00:00,0.657255,0.65727,0.6564099999999999,0.65726,2906
2025-06-30 17:00:00,0.657265,0.6576599999999999,0.65679,0.6569849999999999,2025
2025-06-30 18:00:00,0.65698,0.657975,0.656935,0.65785,1898
2025-06-30 19:00:00,0.657845,0.65823,0.6577,0.65807,1432
2025-06-30 20:00:00,0.658085,0.65832,0.657985,0.658035,884
2025-06-30 21:00:00,0.6579900000000001,0.65811,0.6572450000000001,0.6579699999999999,672
2025-06-30 22:00:00,0.65794,0.658405,0.657895,0.6582250000000001,1054
2025-06-30 23:00:00,0.6582049999999999,0.6583049999999999,0.65759,0.657625,926
2025-07-01 00:00:00,0.65766,0.65795,0.657435,0.65758,1558
2025-07-01 01:00:00,0.657575,0.657575,0.6556649999999999,0.6558999999999999,2550
2025-07-01 02:00:00,0.655895,0.6568149999999999,0.655395,0.65676,2099
2025-07-01 03:00:00,0.6567700000000001,0.65724,0.656505,0.656795,1633
2025-07-01 04:00:00,0.6568,0.657635,0.65651,0.65727,2069
2025-07-01 05:00:00,0.65728,0.6580699999999999,0.65717,0.65786,2308
2025-07-01 06:00:00,0.6578550000000001,0.657915,0.6570849999999999,0.65773,2417
2025-07-01 07:00:00,0.6577200000000001,0.6587449999999999,0.65756,0.6587449999999999,2962
2025-07-01 08:00:00,0.65872,0.65903,0.657875,0.6587,2792
2025-07-01 09:00:00,0.6587149999999999,0.658995,0.6580349999999999,0.6584,2607
2025-07-01 10:00:00,0.65839,0.65896,0.658345,0.658505,1723
2025-07-01 11:00:00,0.6585,0.65867,0.658025,0.65855,1887
2025-07-01 12:00:00,0.6585449999999999,0.658775,0.657265,0.6573450000000001,3009
2025-07-01 13:00:00,0.657375,0.65787,0.6567099999999999,0.657305,3926
2025-07-01 14:00:00,0.65729,0.658065,0.65639,0.65724,7178
2025-07-01 15:00:00,0.65724,0.6573249999999999,0.6561699999999999,0.657065,4067
2025-07-01 16:00:00,0.65707,0.6571750000000001,0.656515,0.65673,2285
2025-07-01 17:00:00,0.656725,0.6575949999999999,0.656585,0.657575,1688
2025-07-01 18:00:00,0.65758,0.65763,0.657125,0.65738,1232
2025-07-01 19:00:00,0.6573800000000001,0.6577,0.6568350000000001,0.657655,1730
2025-07-01 20:00:00,0.65765,0.65837,0.657625,0.65828,906
2025-07-01 21:00:00,0.6582600000000001,0.6582600000000001,0.657225,0.657845,375
2025-07-01 22:00:00,0.65785,0.6582950000000001,0.65783,0.6581,587
2025-07-01 23:00:00,0.658095,0.65819,0.65786,0.65796,746
2025-07-02 00:00:00,0.6579699999999999,0.6582250000000001,0.657755,0.6581699999999999,1790
2025-07-02 01:00:00,0.6581600000000001,0.65831,0.65666,0.6569499999999999,2469
2025-07-02 02:00:00,0.65696,0.657455,0.6565000000000001,0.6573599999999999,1925
2025-07-02 03:00:00,0.65738,0.658045,0.65721,0.658005,1471
2025-07-02 04:00:00,0.65801,0.658345,0.6577850000000001,0.65805,1164
2025-07-02 05:00:00,0.658035,0.65809,0.657455,0.6576150000000001,1504
2025-07-02 06:00:00,0.65762,0.65786,0.656845,0.65707,2062
2025-07-02 07:00:00,0.65706,0.65722,0.656215,0.656215,2862
2025-07-02 08:00:00,0.6562,0.656585,0.6559550000000001,0.656385,2443
2025-07-02 09:00:00,0.65638,0.6565799999999999,0.65613,0.65639,1720
2025-07-02 10:00:00,0.656415,0.657065,0.6562950000000001,0.656465,1583
2025-07-02 11:00:00,0.65646,0.656925,0.655265,0.655355,2271
2025-07-02 12:00:00,0.6553450000000001,0.657135,0.654345,0.6551,7009
2025-07-02 13:00:00,0.655095,0.65649,0.6545650000000001,0.65497,5422
2025-07-02 14:00:00,0.6549750000000001,0.65637,0.65464,0.656315,5010
2025-07-02 15:00:00,0.6563,0.6572450000000001,0.65613,0.65707,3166
2025-07-02 16:00:00,0.657065,0.6575150000000001,0.6568149999999999,0.6574150000000001,2055
2025-07-02 17:00:00,0.65741,0.6581,0.65738,0.657635,1935
2025-07-02 18:00:00,0.6576150000000001,0.658285,0.657555,0.6582699999999999,2042
2025-07-02 19:00:00,0.65828,0.6588700000000001,0.6582,0.6588099999999999,1456
2025-07-02 20:00:00,0.65882,0.658825,0.6583650000000001,0.6584099999999999,1012
2025-07-02 21:00:00,0.658385,0.6584000000000001,0.65804,0.658355,377
2025-07-02 22:00:00,0.658345,0.6587799999999999,0.658345,0.658685,499
2025-07-02 23:00:00,0.658695,0.658695,0.65821,0.65822,839
2025-07-03 00:00:00,0.658215,0.658655,0.657545,0.657975,2228
2025-07-03 01:00:00,0.657985,0.658085,0.65735,0.65763,2211
2025-07-03 02:00:00,0.657625,0.65763,0.6565350000000001,0.65705,1784
2025-07-03 03:00:00,0.657045,0.65738,0.6565300000000001,0.656695,1412
2025-07-03 04:00:00,0.656685,0.657065,0.656515,0.657,1063
2025-07-03 05:00:00,0.657,0.65713,0.656245,0.65708,1421
2025-07-03 06:00:00,0.657095,0.657875,0.657045,0.657825,1776
2025-07-03 07:00:00,0.657815,0.65818,0.657335,0.65778,2409
2025-07-03 08:00:00,0.6577999999999999,0.6584099999999999,0.657725,0.65777,2102
2025-07-03 09:00:00,0.6577500000000001,0.657945,0.65725,0.6575150000000001,2018
2025-07-03 10:00:00,0.65752,0.657915,0.6573100000000001,0.65738,1366
2025-07-03 11:00:00,0.657385,0.657905,0.657205,0.65733,1545
2025-07-03 12:00:00,0.657335,0.657545,0.653715,0.6546099999999999,7577
2025-07-03 13:00:00,0.6546350000000001,0.657815,0.6540900000000001,0.65701,7680
2025-07-03 14:00:00,0.65693,0.658005,0.65605,0.656255,6579
2025-07-03 15:00:00,0.65625,0.65753,0.656115,0.657305,3660
2025-07-03 16:00:00,0.6573100000000001,0.6574450000000001,0.656525,0.65713,1992
2025-07-03 17:00:00,0.6571100000000001,0.657365,0.656975,0.6570499999999999,681
2025-07-03 18:00:00,0.65704,0.657125,0.65691,0.65691,317
2025-07-03 19:00:00,0.6569,0.657045,0.656625,0.656895,304
2025-07-03 20:00:00,0.6568849999999999,0.65723,0.656745,0.6571499999999999,572
2025-07-03 21:00:00,0.65717,0.6573150000000001,0.656665,0.657135,614
2025-07-03 22:00:00,0.65713,0.65726,0.656945,0.6572,553
2025-07-03 23:00:00,0.657195,0.65777,0.657195,0.657645,606
2025-07-04 00:00:00,0.65763,0.657845,0.6571400000000001,0.6575949999999999,1838
2025-07-04 01:00:00,0.6576,0.657895,0.65656,0.6565799999999999,2587
2025-07-04 02:00:00,0.656575,0.6572800000000001,0.65645,0.65686,1940
2025-07-04 03:00:00,0.656855,0.6570750000000001,0.6563000000000001,0.65697,1538
2025-07-04 04:00:00,0.65696,0.657295,0.656305,0.657125,1569
2025-07-04 05:00:00,0.65713,0.6578550000000001,0.6570199999999999,0.6570750000000001,1458
2025-07-04 06:00:00,0.65708,0.657585,0.65636,0.65713,2321
2025-07-04 07:00:00,0.657125,0.657435,0.654895,0.6554899999999999,3460
2025-07-04 08:00:00,0.6554800000000001,0.6560250000000001,0.655465,0.65584,2619
2025-07-04 09:00:00,0.655825,0.656085,0.65546,0.65579,2055
2025-07-04 10:00:00,0.6557850000000001,0.65618,0.6554800000000001,0.6556649999999999,2069
2025-07-04 11:00:00,0.65567,0.656,0.6556299999999999,0.6558649999999999,1868
2025-07-04 12:00:00,0.65587,0.65601,0.655025,0.655095,2396
2025-07-04 13:00:00,0.6550849999999999,0.65553,0.6548499999999999,0.6552,2376
2025-07-04 14:00:00,0.6551899999999999,0.655465,0.6546099999999999,0.6549750000000001,3249
2025-07-04 15:00:00,0.65498,0.6552,0.65473,0.65503,1665
2025-07-04 16:00:00,0.655025,0.6552100000000001,0.6548799999999999,0.655035,1045
2025-07-04 17:00:00,0.65504,0.655105,0.6547149999999999,0.655045,4859
2025-07-04 18:00:00,0.65503,0.655295,0.654955,0.65509,5621
2025-07-04 19:00:00,0.6551,0.655255,0.65493,0.6550549999999999,9170
2025-07-04 20:00:00,0.65506,0.65542,0.6547700000000001,0.6553249999999999,9276
2025-07-06 22:00:00,0.655715,0.6557200000000001,0.654955,0.65509,1212
2025-07-06 23:00:00,0.6551,0.6554,0.654705,0.65502,860
2025-07-07 00:00:00,0.655025,0.655305,0.65359,0.653975,2294
2025-07-07 01:00:00,0.6539699999999999,0.653975,0.652615,0.652805,2617
2025-07-07 02:00:00,0.65281,0.653195,0.65186,0.6520999999999999,2437
2025-07-07 03:00:00,0.6520950000000001,0.652345,0.651235,0.65157,2835
2025-07-07 04:00:00,0.651565,0.6518299999999999,0.650325,0.6504300000000001,2129
2025-07-07 05:00:00,0.6504399999999999,0.65109,0.6500349999999999,0.6510100000000001,2592
2025-07-07 06:00:00,0.65099,0.651165,0.6499999999999999,0.65086,3070
2025-07-07 07:00:00,0.650855,0.651525,0.650455,0.650455,3435
2025-07-07 08:00:00,0.65046,0.650655,0.64908,0.6491100000000001,3191
2025-07-07 09:00:00,0.64913,0.649715,0.64862,0.64971,2393
2025-07-07 10:00:00,0.649715,0.64989,0.64944,0.649695,2309
2025-07-07 11:00:00,0.64969,0.6504449999999999,0.649505,0.649995,2307
2025-07-07 12:00:00,0.64999,0.65044,0.649545,0.650215,2179
2025-07-07 13:00:00,0.65022,0.6514949999999999,0.6500950000000001,0.65137,2910
2025-07-07 14:00:00,0.651365,0.65189,0.6511199999999999,0.65143,3340
2025-07-07 15:00:00,0.6514500000000001,0.651555,0.6508700000000001,0.651125,2347
2025-07-07 16:00:00,0.65114,0.6515,0.64893,0.649085,4556
2025-07-07 17:00:00,0.649095,0.65019,0.6489050000000001,0.649445,3664
2025-07-07 18:00:00,0.64942,0.65013,0.6485449999999999,0.649995,2529
2025-07-07 19:00:00,0.650015,0.650285,0.649715,0.64991,1722
2025-07-07 20:00:00,0.6499,0.649915,0.64885,0.64907,916
2025-07-07 21:00:00,0.649065,0.64958,0.649015,0.64909,572
2025-07-07 22:00:00,0.649085,0.650035,0.649085,0.64995,754
2025-07-07 23:00:00,0.64994,0.6507149999999999,0.649745,0.65065,1402
2025-07-08 00:00:00,0.6506449999999999,0.65159,0.6506449999999999,0.65127,2739
2025-07-08 01:00:00,0.65127,0.651675,0.6507000000000001,0.6508149999999999,3689
2025-07-08 02:00:00,0.65081,0.65199,0.65064,0.65138,2266
2025-07-08 03:00:00,0.6513599999999999,0.65195,0.65121,0.651335,1432
2025-07-08 04:00:00,0.65133,0.65585,0.6511,0.65402,4554
2025-07-08 05:00:00,0.65403,0.65439,0.65265,0.6538550000000001,3805
2025-07-08 06:00:00,0.65385,0.65468,0.6530549999999999,0.6531100000000001,3868
2025-07-08 07:00:00,0.653105,0.6545350000000001,0.653105,0.65435,3748
2025-07-08 08:00:00,0.6543399999999999,0.6543699999999999,0.653645,0.65416,2430
2025-07-08 09:00:00,0.65415,0.654615,0.6538,0.6538999999999999,2024
2025-07-08 10:00:00,0.653895,0.654355,0.6536599999999999,0.6539550000000001,1871
2025-07-08 11:00:00,0.6539600000000001,0.6547700000000001,0.6539550000000001,0.6540349999999999,1811
2025-07-08 12:00:00,0.65402,0.65451,0.6532549999999999,0.654235,2888
2025-07-08 13:00:00,0.65422,0.6543,0.651625,0.652495,3998
2025-07-08 14:00:00,0.652485,0.652485,0.650805,0.65161,5416
2025-07-08 15:00:00,0.65161,0.652845,0.6514949999999999,0.6523049999999999,3717
2025-07-08 16:00:00,0.65231,0.65292,0.651435,0.65253,4279
2025-07-08 17:00:00,0.65252,0.653395,0.65237,0.653095,5308
2025-07-08 18:00:00,0.653115,0.6532450000000001,0.652495,0.65294,2455
2025-07-08 19:00:00,0.65297,0.6531750000000001,0.652505,0.6526099999999999,1643
2025-07-08 20:00:00,0.6526000000000001,0.653145,0.65258,0.6530549999999999,722
2025-07-08 21:00:00,0.6530549999999999,0.653135,0.6525099999999999,0.65257,664
2025-07-08 22:00:00,0.65257,0.653135,0.65257,0.65301,571
2025-07-08 23:00:00,0.653,0.653115,0.652335,0.652415,946
2025-07-09 00:00:00,0.652425,0.653125,0.651945,0.65267,2273
2025-07-09 01:00:00,0.652675,0.653595,0.652175,0.653105,2942
2025-07-09 02:00:00,0.653115,0.653745,0.6513599999999999,0.6519550000000001,3477
2025-07-09 03:00:00,0.6519600000000001,0.6523300000000001,0.65098,0.65225,2447
2025-07-09 04:00:00,0.6522699999999999,0.6539699999999999,0.65216,0.6535850000000001,2219
2025-07-09 05:00:00,0.65359,0.65443,0.653335,0.653405,2309
2025-07-09 06:00:00,0.65342,0.6543749999999999,0.6524399999999999,0.65426,2840
2025-07-09 07:00:00,0.654255,0.654495,0.65218,0.65256,3783
2025-07-09 08:00:00,0.6525449999999999,0.653545,0.6520250000000001,0.65303,3105
2025-07-09 09:00:00,0.653025,0.6534500000000001,0.65276,0.653295,1676
2025-07-09 10:00:00,0.65328,0.653535,0.652215,0.65226,1761
2025-07-09 11:00:00,0.65225,0.652605,0.651605,0.651625,2053
2025-07-09 12:00:00,0.65162,0.6536,0.6514500000000001,0.653365,3384
2025-07-09 13:00:00,0.653375,0.65437,0.6530549999999999,0.6539349999999999,4131
2025-07-09 14:00:00,0.6539550000000001,0.65481,0.6531,0.653215,4547
2025-07-09 15:00:00,0.6532100000000001,0.65333,0.652685,0.65302,2536
2025-07-09 16:00:00,0.653025,0.65358,0.652945,0.653305,1500
2025-07-09 17:00:00,0.65329,0.65405,0.6532,0.6536,1818
2025-07-09 18:00:00,0.6536249999999999,0.654215,0.653335,0.65374,1620
2025-07-09 19:00:00,0.653745,0.65425,0.65369,0.65407,1114
2025-07-09 20:00:00,0.654065,0.654095,0.653215,0.65354,930
2025-07-09 21:00:00,0.65354,0.65375,0.65309,0.6536550000000001,511
2025-07-09 22:00:00,0.653655,0.65387,0.65364,0.65375,517
2025-07-09 23:00:00,0.65373,0.6538200000000001,0.6535299999999999,0.6536,658
2025-07-10 00:00:00,0.65359,0.6548849999999999,0.653375,0.65438,2689
2025-07-10 01:00:00,0.6543749999999999,0.65464,0.653885,0.65432,2083
2025-07-10 02:00:00,0.654335,0.6550849999999999,0.654335,0.6550499999999999,1570
2025-07-10 03:00:00,0.6550400000000001,0.655155,0.6544099999999999,0.6544099999999999,1301
2025-07-10 04:00:00,0.65441,0.6545749999999999,0.653825,0.65449,1133
2025-07-10 05:00:00,0.65448,0.65497,0.6543,0.65486,1700
2025-07-10 06:00:00,0.654855,0.655705,0.65484,0.65566,2146
2025-07-10 07:00:00,0.655675,0.65629,0.6553,0.65553,2370
2025-07-10 08:00:00,0.655535,0.655715,0.6553599999999999,0.6557,1403
2025-07-10 09:00:00,0.655705,0.6564099999999999,0.65568,0.655995,1254
2025-07-10 10:00:00,0.655985,0.6565799999999999,0.65583,0.656505,1286
2025-07-10 11:00:00,0.65649,0.656575,0.65496,0.65515,1532
2025-07-10 12:00:00,0.6551549999999999,0.6555150000000001,0.654455,0.65511,2914
2025-07-10 13:00:00,0.655125,0.65557,0.6541950000000001,0.6545350000000001,3626
2025-07-10 14:00:00,0.65454,0.6558200000000001,0.65424,0.6558200000000001,4839
2025-07-10 15:00:00,0.655835,0.65717,0.65575,0.657065,3092
2025-07-10 16:00:00,0.65706,0.6576649999999999,0.65692,0.657335,2903
2025-07-10 17:00:00,0.65733,0.657825,0.65725,0.657575,2220
2025-07-10 18:00:00,0.657565,0.658455,0.6575500000000001,0.6583650000000001,1485
2025-07-10 19:00:00,0.658355,0.658995,0.6583,0.65893,1900
2025-07-10 20:00:00,0.658915,0.65913,0.658695,0.658765,1089
2025-07-10 21:00:00,0.658725,0.65877,0.65708,0.658515,779
2025-07-10 22:00:00,0.658485,0.6594450000000001,0.658485,0.65934,510
2025-07-10 23:00:00,0.65933,0.6595150000000001,0.65915,0.6593450000000001,631
2025-07-11 00:00:00,0.6593450000000001,0.65937,0.655645,0.65675,6562
2025-07-11 01:00:00,0.6567449999999999,0.65947,0.655995,0.65845,5176
2025-07-11 02:00:00,0.6584650000000001,0.65886,0.6577200000000001,0.657735,3319
2025-07-11 03:00:00,0.65774,0.6588350000000001,0.6575850000000001,0.658575,2291
2025-07-11 04:00:00,0.6585700000000001,0.6586000000000001,0.65725,0.657645,1628
2025-07-11 05:00:00,0.65765,0.65849,0.65765,0.6579250000000001,2023
2025-07-11 06:00:00,0.6579349999999999,0.6588050000000001,0.6575200000000001,0.65842,3025
2025-07-11 07:00:00,0.6584300000000001,0.6591,0.65807,0.658495,2697
2025-07-11 08:00:00,0.6585099999999999,0.65854,0.657065,0.6572450000000001,2475
2025-07-11 09:00:00,0.6572549999999999,0.65802,0.6571499999999999,0.6576850000000001,1923
2025-07-11 10:00:00,0.6576850000000001,0.658935,0.6576150000000001,0.65869,1729
2025-07-11 11:00:00,0.658695,0.659035,0.657915,0.65796,1806
2025-07-11 12:00:00,0.65795,0.65874,0.657,0.657945,3726
2025-07-11 13:00:00,0.65794,0.6590400000000001,0.6574150000000001,0.6574599999999999,4695
2025-07-11 14:00:00,0.657455,0.658335,0.657135,0.657385,4737
2025-07-11 15:00:00,0.65738,0.6580550000000001,0.6572800000000001,0.657715,2677
2025-07-11 16:00:00,0.6577200000000001,0.658115,0.6570050000000001,0.657925,2570
2025-07-11 17:00:00,0.657915,0.6581699999999999,0.65774,0.65804,1556
2025-07-11 18:00:00,0.6580349999999999,0.6584300000000001,0.65796,0.65803,1555
2025-07-11 19:00:00,0.65803,0.658135,0.65757,0.65771,1802
2025-07-11 20:00:00,0.657705,0.65781,0.657195,0.657725,2182
2025-07-13 22:00:00,0.65637,0.65741,0.65635,0.6567099999999999,1876
2025-07-13 23:00:00,0.656725,0.6577550000000001,0.65663,0.657535,1266
2025-07-14 00:00:00,0.657525,0.658755,0.65749,0.6581300000000001,2483
2025-07-14 01:00:00,0.65814,0.6584,0.65601,0.65659,3456
2025-07-14 02:00:00,0.656585,0.656755,0.655815,0.65629,2037
2025-07-14 03:00:00,0.6562950000000001,0.657115,0.6561600000000001,0.6568400000000001,1550
2025-07-14 04:00:00,0.65682,0.656825,0.656165,0.65618,1439
2025-07-14 05:00:00,0.656155,0.65678,0.655835,0.6560699999999999,1880
2025-07-14 06:00:00,0.656065,0.6564749999999999,0.65567,0.656005,2298
2025-07-14 07:00:00,0.656015,0.6575500000000001,0.655535,0.6572450000000001,2549
2025-07-14 08:00:00,0.657235,0.657475,0.65656,0.65661,1631
2025-07-14 09:00:00,0.656595,0.6569149999999999,0.6562399999999999,0.656855,1513
2025-07-14 10:00:00,0.6568400000000001,0.6573599999999999,0.6565449999999999,0.656825,1214
2025-07-14 11:00:00,0.656855,0.6571400000000001,0.656465,0.656595,1483
2025-07-14 12:00:00,0.656575,0.6570100000000001,0.6554249999999999,0.655805,1835
2025-07-14 13:00:00,0.655795,0.65637,0.6554,0.6562049999999999,2380
2025-07-14 14:00:00,0.6562049999999999,0.6562250000000001,0.655405,0.6554949999999999,2793
2025-07-14 15:00:00,0.6555,0.656645,0.6548400000000001,0.65486,2948
2025-07-14 16:00:00,0.654855,0.6551400000000001,0.65452,0.654745,3336
2025-07-14 17:00:00,0.6547499999999999,0.6550549999999999,0.65445,0.65456,2293
2025-07-14 18:00:00,0.65457,0.654975,0.65457,0.654815,1571
2025-07-14 19:00:00,0.65482,0.65506,0.65444,0.6547350000000001,1077
2025-07-14 20:00:00,0.65474,0.6548050000000001,0.654285,0.654515,1079
2025-07-14 21:00:00,0.65452,0.65511,0.65452,0.6548449999999999,967
2025-07-14 22:00:00,0.6548400000000001,0.654845,0.65447,0.65448,914
2025-07-14 23:00:00,0.65449,0.6545449999999999,0.6539550000000001,0.654385,675
2025-07-15 00:00:00,0.6543749999999999,0.65535,0.65434,0.65489,1838
2025-07-15 01:00:00,0.65489,0.6554949999999999,0.653925,0.655045,2954
2025-07-15 02:00:00,0.6550549999999999,0.655145,0.65432,0.65442,2541
2025-07-15 03:00:00,0.65441,0.6548149999999999,0.65418,0.65467,1530
2025-07-15 04:00:00,0.654665,0.654795,0.65407,0.6543950000000001,1246
2025-07-15 05:00:00,0.6543950000000001,0.655635,0.654235,0.655455,1733
2025-07-15 06:00:00,0.6554249999999999,0.6556850000000001,0.654925,0.655105,2380
2025-07-15 07:00:00,0.6551,0.656785,0.65476,0.6567099999999999,2116
2025-07-15 08:00:00,0.6567000000000001,0.6571849999999999,0.65622,0.65657,1763
2025-07-15 09:00:00,0.6565799999999999,0.657095,0.656355,0.656525,1774
2025-07-15 10:00:00,0.65652,0.65697,0.65649,0.6568799999999999,1333
2025-07-15 11:00:00,0.6568799999999999,0.65707,0.6560250000000001,0.6561,1550
2025-07-15 12:00:00,0.656085,0.657575,0.655875,0.657135,5077
2025-07-15 13:00:00,0.6571400000000001,0.6573249999999999,0.65413,0.6542950000000001,6478
2025-07-15 14:00:00,0.65429,0.654315,0.65163,0.65194,7021
2025-07-15 15:00:00,0.651965,0.6520699999999999,0.6508700000000001,0.651975,4311
2025-07-15 16:00:00,0.65198,0.652185,0.650785,0.6509400000000001,4061
2025-07-15 17:00:00,0.6509750000000001,0.6514800000000001,0.65085,0.651435,2791
2025-07-15 18:00:00,0.651435,0.65205,0.651285,0.6517,2544
2025-07-15 19:00:00,0.651685,0.6518200000000001,0.651405,0.651455,2376
2025-07-15 20:00:00,0.65144,0.651455,0.6512199999999999,0.651405,1127
2025-07-15 21:00:00,0.65141,0.6518900000000001,0.651265,0.651355,540
2025-07-15 22:00:00,0.6513599999999999,0.65147,0.651185,0.65137,528
2025-07-15 23:00:00,0.651335,0.65222,0.6513,0.6518550000000001,672
2025-07-16 00:00:00,0.6518649999999999,0.65344,0.6515949999999999,0.652685,2456
2025-07-16 01:00:00,0.65269,0.65326,0.6525399999999999,0.6528799999999999,2431
2025-07-16 02:00:00,0.652875,0.652875,0.65177,0.6521699999999999,1863
2025-07-16 03:00:00,0.65217,0.6528400000000001,0.65211,0.65229,1232
2025-07-16 04:00:00,0.6523000000000001,0.65268,0.65208,0.65263,1219
2025-07-16 05:00:00,0.65264,0.65286,0.652385,0.6526000000000001,1438
2025-07-16 06:00:00,0.6525700000000001,0.65296,0.652085,0.652715,3022
2025-07-16 07:00:00,0.652725,0.6529499999999999,0.652075,0.65254,2154
2025-07-16 08:00:00,0.6525449999999999,0.652865,0.65198,0.6521600000000001,1844
2025-07-16 09:00:00,0.652175,0.652255,0.65159,0.652255,1886
2025-07-16 10:00:00,0.6522600000000001,0.652455,0.65194,0.65221,1120
2025-07-16 11:00:00,0.65222,0.652495,0.651775,0.652005,1275
2025-07-16 12:00:00,0.652015,0.65286,0.651505,0.651815,3412
2025-07-16 13:00:00,0.651805,0.652135,0.649635,0.65006,3898
2025-07-16 14:00:00,0.6500699999999999,0.651455,0.649535,0.650685,4786
2025-07-16 15:00:00,0.65069,0.655445,0.65064,0.652095,15930
2025-07-16 16:00:00,0.652085,0.65326,0.651335,0.65254,7421
2025-07-16 17:00:00,0.652555,0.65368,0.6523950000000001,0.652605,3332
2025-07-16 18:00:00,0.652625,0.6527400000000001,0.65191,0.652005,2296
2025-07-16 19:00:00,0.6519999999999999,0.65283,0.651885,0.6527000000000001,1709
2025-07-16 20:00:00,0.652695,0.653015,0.652605,0.652805,880
2025-07-16 21:00:00,0.652855,0.653245,0.652595,0.652745,471
2025-07-16 22:00:00,0.652765,0.65291,0.6523749999999999,0.6524099999999999,637
2025-07-16 23:00:00,0.65242,0.65264,0.652155,0.65228,629
2025-07-17 00:00:00,0.652255,0.6523650000000001,0.650905,0.65139,2036
2025-07-17 01:00:00,0.651425,0.6521049999999999,0.649015,0.649725,3722
2025-07-17 02:00:00,0.649705,0.649715,0.647525,0.647795,3188
2025-07-17 03:00:00,0.647805,0.648775,0.6472899999999999,0.648745,2009
2025-07-17 04:00:00,0.64876,0.6492,0.648175,0.6490750000000001,1278
2025-07-17 05:00:00,0.649065,0.649555,0.648865,0.64889,2347
2025-07-17 06:00:00,0.6488849999999999,0.6489149999999999,0.64666,0.647195,4273
2025-07-17 07:00:00,0.647205,0.647205,0.64618,0.64647,3944
2025-07-17 08:00:00,0.6464749999999999,0.647475,0.646315,0.64727,3144
2025-07-17 09:00:00,0.647275,0.64742,0.64654,0.646655,2457
2025-07-17 10:00:00,0.64665,0.64699,0.646365,0.64651,1719
2025-07-17 11:00:00,0.646505,0.6465350000000001,0.6455,0.645795,1479
2025-07-17 12:00:00,0.6457900000000001,0.6472,0.645445,0.64691,4019
2025-07-17 13:00:00,0.6469149999999999,0.647675,0.6462399999999999,0.647365,3688
2025-07-17 14:00:00,0.647375,0.647815,0.6470499999999999,0.647785,3006
2025-07-17 15:00:00,0.64779,0.6488,0.647705,0.64834,2645
2025-07-17 16:00:00,0.648345,0.648855,0.64792,0.6482399999999999,1861
2025-07-17 17:00:00,0.648235,0.648665,0.64821,0.648415,1484
2025-07-17 18:00:00,0.6484,0.64879,0.64833,0.648705,1017
2025-07-17 19:00:00,0.6487,0.64916,0.6487,0.6490849999999999,995
2025-07-17 20:00:00,0.64909,0.6492249999999999,0.648705,0.64883,575
2025-07-17 21:00:00,0.648835,0.648835,0.64842,0.64865,678
2025-07-17 22:00:00,0.64865,0.6497200000000001,0.64864,0.649625,838
2025-07-17 23:00:00,0.649635,0.64995,0.64959,0.649775,721
2025-07-18 00:00:00,0.649775,0.6508799999999999,0.64967,0.6506099999999999,1871
2025-07-18 01:00:00,0.650625,0.650995,0.6502950000000001,0.650335,1889
2025-07-18 02:00:00,0.650325,0.651065,0.6500699999999999,0.65096,1451
2025-07-18 03:00:00,0.650965,0.65106,0.650175,0.6502699999999999,1354
2025-07-18 04:00:00,0.6502650000000001,0.65028,0.6498,0.649905,939
2025-07-18 05:00:00,0.649875,0.65032,0.64979,0.65021,1226
2025-07-18 06:00:00,0.650195,0.65091,0.64979,0.650765,1787
2025-07-18 07:00:00,0.6507700000000001,0.65124,0.65043,0.65121,2879
2025-07-18 08:00:00,0.6512249999999999,0.652015,0.651205,0.651825,2897
2025-07-18 09:00:00,0.6518299999999999,0.652175,0.65171,0.651945,1982
2025-07-18 10:00:00,0.65194,0.652345,0.6516599999999999,0.65227,2044
2025-07-18 11:00:00,0.652265,0.652585,0.6520699999999999,0.6522600000000001,1768
2025-07-18 12:00:00,0.6522749999999999,0.653235,0.65221,0.653195,3025
2025-07-18 13:00:00,0.653205,0.65403,0.65292,0.65367,3975
2025-07-18 14:00:00,0.653685,0.654075,0.65238,0.652415,3809
2025-07-18 15:00:00,0.65241,0.652815,0.65231,0.65258,2009
2025-07-18 16:00:00,0.652595,0.65273,0.65118,0.6512450000000001,2084
2025-07-18 17:00:00,0.65124,0.65133,0.650515,0.65097,1671
2025-07-18 18:00:00,0.65098,0.651065,0.650495,0.65062,1294
2025-07-18 19:00:00,0.65063,0.65076,0.6502749999999999,0.6507499999999999,1160
2025-07-18 20:00:00,0.65074,0.650995,0.650475,0.650865,1378
2025-07-20 22:00:00,0.65152,0.6515850000000001,0.65034,0.65077,1517
2025-07-20 23:00:00,0.650755,0.651235,0.6506149999999999,0.651235,1130
2025-07-21 00:00:00,0.65123,0.6514949999999999,0.65021,0.65055,1678
2025-07-21 01:00:00,0.65052,0.65125,0.650155,0.6504449999999999,1840
2025-07-21 02:00:00,0.65044,0.65058,0.6498,0.650415,1783
2025-07-21 03:00:00,0.650415,0.65085,0.65041,0.65079,1346
2025-07-21 04:00:00,0.6508,0.650995,0.65066,0.6508700000000001,899
2025-07-21 05:00:00,0.650865,0.65144,0.650745,0.65133,1456
2025-07-21 06:00:00,0.651315,0.651895,0.6511,0.651615,2401
2025-07-21 07:00:00,0.651635,0.651845,0.65062,0.6508849999999999,1964
2025-07-21 08:00:00,0.65089,0.651945,0.6508,0.65168,1689
2025-07-21 09:00:00,0.6516900000000001,0.65173,0.6510849999999999,0.651155,1017
2025-07-21 10:00:00,0.65117,0.65135,0.6508700000000001,0.651305,1109
2025-07-21 11:00:00,0.65133,0.65242,0.65124,0.65235,1645
2025-07-21 12:00:00,0.65234,0.652795,0.6521250000000001,0.652245,1782
2025-07-21 13:00:00,0.65224,0.6523,0.65154,0.6517,1927
2025-07-21 14:00:00,0.651705,0.65313,0.651705,0.65256,2807
2025-07-21 15:00:00,0.65255,0.653745,0.6525,0.652985,1699
2025-07-21 16:00:00,0.6529750000000001,0.65329,0.652845,0.653155,1208
2025-07-21 17:00:00,0.65317,0.653235,0.6525350000000001,0.652605,918
2025-07-21 18:00:00,0.6526,0.6529,0.65241,0.65271,1006
2025-07-21 19:00:00,0.6527149999999999,0.652795,0.652255,0.6523049999999999,920
2025-07-21 20:00:00,0.65231,0.65256,0.65231,0.652475,525
2025-07-21 21:00:00,0.652485,0.652705,0.6520900000000001,0.652215,664
2025-07-21 22:00:00,0.6522300000000001,0.652405,0.6521349999999999,0.6523749999999999,421
2025-07-21 23:00:00,0.652345,0.6530549999999999,0.65234,0.6527350000000001,584
2025-07-22 00:00:00,0.65274,0.65284,0.651645,0.6517999999999999,1841
2025-07-22 01:00:00,0.651795,0.652235,0.65135,0.65164,1727
2025-07-22 02:00:00,0.651655,0.6526350000000001,0.6516500000000001,0.65243,1374
2025-07-22 03:00:00,0.65242,0.65245,0.6517299999999999,0.65198,1222
2025-07-22 04:00:00,0.65197,0.6523000000000001,0.651605,0.651725,1100
2025-07-22 05:00:00,0.651715,0.65193,0.651205,0.65141,1279
2025-07-22 06:00:00,0.651385,0.65172,0.6508849999999999,0.651085,1811
2025-07-22 07:00:00,0.6510750000000001,0.651545,0.6504000000000001,0.6505650000000001,1591
2025-07-22 08:00:00,0.65053,0.651545,0.6504399999999999,0.65107,2131
2025-07-22 09:00:00,0.65109,0.65185,0.65109,0.651795,1407
2025-07-22 10:00:00,0.651805,0.652065,0.651025,0.65108,1474
2025-07-22 11:00:00,0.6510750000000001,0.65206,0.651025,0.65191,1712
2025-07-22 12:00:00,0.651905,0.6529050000000001,0.6518999999999999,0.652625,2029
2025-07-22 13:00:00,0.65262,0.653795,0.65262,0.653015,3770
2025-07-22 14:00:00,0.65302,0.65476,0.65229,0.654575,4716
2025-07-22 15:00:00,0.6545650000000001,0.655585,0.654325,0.6555,3369
2025-07-22 16:00:00,0.655525,0.655805,0.6551899999999999,0.65527,1918
2025-07-22 17:00:00,0.6552800000000001,0.655365,0.654845,0.65491,1663
2025-07-22 18:00:00,0.6549100000000001,0.6551750000000001,0.654705,0.6550499999999999,1103
2025-07-22 19:00:00,0.655025,0.655425,0.6549050000000001,0.6553150000000001,962
2025-07-22 20:00:00,0.655305,0.655565,0.655135,0.655535,502
2025-07-22 21:00:00,0.655565,0.655625,0.65467,0.6551899999999999,714
2025-07-22 22:00:00,0.6551899999999999,0.655525,0.655045,0.65512,567
2025-07-22 23:00:00,0.655125,0.65596,0.655125,0.6553,1296
2025-07-23 00:00:00,0.655305,0.6557999999999999,0.65502,0.65572,2273
2025-07-23 01:00:00,0.655715,0.656405,0.655455,0.656125,2606
2025-07-23 02:00:00,0.65615,0.65646,0.655405,0.65562,2146
2025-07-23 03:00:00,0.65561,0.656865,0.655555,0.65621,1992
2025-07-23 04:00:00,0.65622,0.65685,0.656185,0.6567099999999999,1181
2025-07-23 05:00:00,0.656705,0.65699,0.65645,0.65663,1313
2025-07-23 06:00:00,0.656625,0.65696,0.656155,0.6569400000000001,2379
2025-07-23 07:00:00,0.6569400000000001,0.6580250000000001,0.65691,0.6578550000000001,2436
2025-07-23 08:00:00,0.6578550000000001,0.658425,0.6577299999999999,0.65832,1828
2025-07-23 09:00:00,0.65831,0.658745,0.65801,0.658695,1600
2025-07-23 10:00:00,0.6587,0.659465,0.65855,0.659015,1302
2025-07-23 11:00:00,0.6590199999999999,0.66007,0.658825,0.65984,1768
2025-07-23 12:00:00,0.659855,0.66008,0.6587350000000001,0.658825,2360
2025-07-23 13:00:00,0.65882,0.6593199999999999,0.658175,0.65862,3221
2025-07-23 14:00:00,0.65863,0.6593,0.6581999999999999,0.658725,3005
2025-07-23 15:00:00,0.658725,0.6595599999999999,0.657945,0.658995,3761
2025-07-23 16:00:00,0.658975,0.659505,0.6579999999999999,0.6582950000000001,5035
2025-07-23 17:00:00,0.658315,0.65893,0.6581250000000001,0.65885,2806
2025-07-23 18:00:00,0.65886,0.659845,0.65884,0.659795,1457
2025-07-23 19:00:00,0.659775,0.66018,0.659775,0.66011,1172
2025-07-23 20:00:00,0.66012,0.660315,0.66003,0.6601699999999999,791
2025-07-23 21:00:00,0.66018,0.66018,0.65983,0.65983,295
2025-07-23 22:00:00,0.65982,0.660285,0.659815,0.6601,579
2025-07-23 23:00:00,0.66011,0.66048,0.66,0.6601600000000001,891
2025-07-24 00:00:00,0.66016,0.66022,0.659645,0.6601,1921
2025-07-24 01:00:00,0.6601049999999999,0.661355,0.660085,0.6608149999999999,3383
2025-07-24 02:00:00,0.6608050000000001,0.661165,0.660355,0.6610499999999999,1931
2025-07-24 03:00:00,0.661055,0.66196,0.660865,0.661505,2010
2025-07-24 04:00:00,0.6614899999999999,0.6619299999999999,0.661095,0.661905,1384
2025-07-24 05:00:00,0.6619200000000001,0.662505,0.6617200000000001,0.66209,1543
2025-07-24 06:00:00,0.66208,0.66225,0.6610149999999999,0.6611400000000001,2502
2025-07-24 07:00:00,0.661145,0.661655,0.6608799999999999,0.66113,2853
2025-07-24 08:00:00,0.661135,0.66222,0.660785,0.66203,2337
2025-07-24 09:00:00,0.6620250000000001,0.662035,0.6613450000000001,0.661725,2352
2025-07-24 10:00:00,0.66172,0.661815,0.660555,0.660795,1456
2025-07-24 11:00:00,0.6608,0.661575,0.660705,0.661565,1995
2025-07-24 12:00:00,0.661555,0.6619649999999999,0.66044,0.66057,3252
2025-07-24 13:00:00,0.66056,0.6612199999999999,0.66022,0.6606799999999999,4605
2025-07-24 14:00:00,0.66069,0.661615,0.6603950000000001,0.66076,3472
2025-07-24 15:00:00,0.660755,0.6608,0.659835,0.65996,3073
2025-07-24 16:00:00,0.6599550000000001,0.6601049999999999,0.65926,0.65965,2099
2025-07-24 17:00:00,0.6596599999999999,0.660215,0.6596,0.660045,1496
2025-07-24 18:00:00,0.66004,0.660165,0.659805,0.66004,1029
2025-07-24 19:00:00,0.66003,0.6601600000000001,0.659315,0.65935,882
2025-07-24 20:00:00,0.65934,0.659395,0.65862,0.659,1081
2025-07-24 21:00:00,0.6591,0.660255,0.658705,0.6589750000000001,875
2025-07-24 22:00:00,0.6589750000000001,0.6593249999999999,0.658705,0.6592450000000001,511
2025-07-24 23:00:00,0.659265,0.659575,0.65925,0.6594599999999999,655
2025-07-25 00:00:00,0.659465,0.659875,0.659105,0.6594599999999999,1720
2025-07-25 01:00:00,0.65947,0.65964,0.65825,0.65864,2521
2025-07-25 02:00:00,0.65865,0.65872,0.6579,0.658245,1635
2025-07-25 03:00:00,0.65825,0.65855,0.657995,0.658455,1242
2025-07-25 04:00:00,0.65846,0.658815,0.656675,0.657135,1770
2025-07-25 05:00:00,0.657145,0.65822,0.657095,0.6578550000000001,1752
2025-07-25 06:00:00,0.65785,0.65835,0.65758,0.6579649999999999,2491
2025-07-25 07:00:00,0.65798,0.6581349999999999,0.65701,0.657215,2797
2025-07-25 08:00:00,0.6572199999999999,0.6574249999999999,0.656405,0.656825,2403
2025-07-25 09:00:00,0.6568149999999999,0.656875,0.655885,0.656285,1573
2025-07-25 10:00:00,0.6562749999999999,0.65655,0.6559550000000001,0.6564650000000001,1583
2025-07-25 11:00:00,0.65646,0.65689,0.65582,0.65673,1858
2025-07-25 12:00:00,0.656725,0.6568499999999999,0.6556200000000001,0.6559349999999999,2346
2025-07-25 13:00:00,0.655945,0.65663,0.65521,0.6558550000000001,6521
2025-07-25 14:00:00,0.655875,0.656665,0.655655,0.65594,4521
2025-07-25 15:00:00,0.65594,0.65604,0.65524,0.65545,2713
2025-07-25 16:00:00,0.65545,0.6561049999999999,0.65509,0.65604,1892
2025-07-25 17:00:00,0.6560349999999999,0.656445,0.655945,0.65618,1041
2025-07-25 18:00:00,0.656195,0.6565300000000001,0.65613,0.65643,1131
2025-07-25 19:00:00,0.656425,0.656615,0.65623,0.65643,971
2025-07-25 20:00:00,0.65642,0.65666,0.656185,0.656605,1648
2025-07-27 22:00:00,0.657275,0.657705,0.656915,0.657225,1440
2025-07-27 23:00:00,0.65724,0.65749,0.65702,0.657095,839
2025-07-28 00:00:00,0.65711,0.65812,0.65711,0.65811,2662
2025-07-28 01:00:00,0.6581250000000001,0.658595,0.656765,0.65694,2113
2025-07-28 02:00:00,0.65693,0.65769,0.65673,0.65742,1644
2025-07-28 03:00:00,0.6573899999999999,0.657535,0.656605,0.6568,1239
2025-07-28 04:00:00,0.6568,0.6569400000000001,0.656255,0.65666,1345
2025-07-28 05:00:00,0.65665,0.65676,0.656075,0.65639,1074
2025-07-28 06:00:00,0.6563749999999999,0.6564749999999999,0.65464,0.6549849999999999,3136
2025-07-28 07:00:00,0.6549750000000001,0.65528,0.65231,0.652405,3916
2025-07-28 08:00:00,0.6524,0.65283,0.65159,0.652265,3145
2025-07-28 09:00:00,0.652255,0.652875,0.65204,0.652515,2193
2025-07-28 10:00:00,0.65252,0.6533599999999999,0.65242,0.652655,2062
2025-07-28 11:00:00,0.65264,0.653135,0.65221,0.65295,4300
2025-07-28 12:00:00,0.652955,0.6534,0.6525449999999999,0.653385,5403
2025-07-28 13:00:00,0.653395,0.6536949999999999,0.651565,0.651735,4423
2025-07-28 14:00:00,0.651725,0.65319,0.6516649999999999,0.6528,4411
2025-07-28 15:00:00,0.65279,0.652855,0.651625,0.651745,2910
2025-07-28 16:00:00,0.65174,0.65186,0.6513249999999999,0.651675,1995
2025-07-28 17:00:00,0.65168,0.651895,0.651335,0.65144,1739
2025-07-28 18:00:00,0.651435,0.651795,0.6513100000000001,0.651645,1567
2025-07-28 19:00:00,0.65164,0.65216,0.6514800000000001,0.652135,1195
2025-07-28 20:00:00,0.652115,0.652255,0.65189,0.652115,775
2025-07-28 21:00:00,0.6520900000000001,0.652485,0.651705,0.65242,531
2025-07-28 22:00:00,0.6524,0.65251,0.6521250000000001,0.652485,706
2025-07-28 23:00:00,0.6524650000000001,0.652575,0.6520999999999999,0.6521950000000001,541
2025-07-29 00:00:00,0.652185,0.65219,0.6511549999999999,0.65135,1435
2025-07-29 01:00:00,0.651355,0.65254,0.651315,0.652185,2196
2025-07-29 02:00:00,0.65219,0.6530100000000001,0.652085,0.65283,1772
2025-07-29 03:00:00,0.65282,0.652895,0.6517299999999999,0.652,1553
2025-07-29 04:00:00,0.652005,0.652455,0.65171,0.65236,1453
2025-07-29 05:00:00,0.65235,0.65268,0.652165,0.6525,1200
2025-07-29 06:00:00,0.652525,0.652875,0.650385,0.65047,2963
2025-07-29 07:00:00,0.6504650000000001,0.65083,0.64988,0.650415,3240
2025-07-29 08:00:00,0.650405,0.651565,0.64999,0.65145,2337
2025-07-29 09:00:00,0.651455,0.6519699999999999,0.651265,0.651365,1740
2025-07-29 10:00:00,0.651385,0.651795,0.6509499999999999,0.6510050000000001,1440
2025-07-29 11:00:00,0.650995,0.651,0.6496649999999999,0.649895,2431
2025-07-29 12:00:00,0.64988,0.65028,0.649615,0.6498349999999999,2595
2025-07-29 13:00:00,0.64984,0.651,0.649695,0.650875,2743
2025-07-29 14:00:00,0.6508700000000001,0.6510750000000001,0.64969,0.650755,4966
2025-07-29 15:00:00,0.650735,0.651165,0.650355,0.65074,3156
2025-07-29 16:00:00,0.6507350000000001,0.65134,0.650595,0.651,2001
2025-07-29 17:00:00,0.6510050000000001,0.65188,0.65091,0.65122,2133
2025-07-29 18:00:00,0.6512249999999999,0.65164,0.6510499999999999,0.65161,1309
2025-07-29 19:00:00,0.651605,0.651715,0.6512,0.65132,1233
2025-07-29 20:00:00,0.6513150000000001,0.651505,0.650945,0.650965,789
2025-07-29 21:00:00,0.65099,0.65144,0.65096,0.651275,626
2025-07-29 22:00:00,0.6512800000000001,0.651435,0.6511450000000001,0.65123,383
2025-07-29 23:00:00,0.65124,0.65133,0.65093,0.6513249999999999,650
2025-07-30 00:00:00,0.65134,0.65261,0.65132,0.65255,2367
2025-07-30 01:00:00,0.652555,0.6529,0.6502600000000001,0.651655,4563
2025-07-30 02:00:00,0.65162,0.65211,0.6513599999999999,0.651905,1776
2025-07-30 03:00:00,0.651915,0.6523000000000001,0.6515150000000001,0.651875,1944
2025-07-30 04:00:00,0.651895,0.65197,0.65103,0.6511199999999999,1587
2025-07-30 05:00:00,0.651125,0.651715,0.65071,0.65123,1943
2025-07-30 06:00:00,0.65122,0.65147,0.6506799999999999,0.65107,2498
2025-07-30 07:00:00,0.6510549999999999,0.6513599999999999,0.65018,0.65021,2453
2025-07-30 08:00:00,0.650245,0.6504650000000001,0.649665,0.6501399999999999,2306
2025-07-30 09:00:00,0.650135,0.650355,0.6495850000000001,0.649995,1798
2025-07-30 10:00:00,0.649985,0.650065,0.649065,0.649115,1983
2025-07-30 11:00:00,0.6491,0.6491800000000001,0.64848,0.648795,2244
2025-07-30 12:00:00,0.6488,0.64888,0.64656,0.646685,5099
2025-07-30 13:00:00,0.646695,0.64671,0.644925,0.6454949999999999,5873
2025-07-30 14:00:00,0.64549,0.6462,0.645445,0.646045,4024
2025-07-30 15:00:00,0.646035,0.6461250000000001,0.644875,0.645065,2612
2025-07-30 16:00:00,0.645085,0.6456850000000001,0.6449849999999999,0.645625,2428
2025-07-30 17:00:00,0.645635,0.646505,0.64562,0.6462749999999999,2262
2025-07-30 18:00:00,0.6462950000000001,0.64716,0.6430899999999999,0.643125,12578
2025-07-30 19:00:00,0.64313,0.643605,0.64261,0.6431549999999999,8060
2025-07-30 20:00:00,0.64315,0.64393,0.64312,0.6433800000000001,2249
2025-07-30 21:00:00,0.64337,0.643815,0.643325,0.643715,621
2025-07-30 22:00:00,0.64368,0.644695,0.64368,0.6446149999999999,1110
2025-07-30 23:00:00,0.6446050000000001,0.64503,0.6442,0.644545,907
2025-07-31 00:00:00,0.64455,0.6447149999999999,0.64411,0.64428,3129
2025-07-31 01:00:00,0.64429,0.6452450000000001,0.6433450000000001,0.64519,3958
2025-07-31 02:00:00,0.645175,0.645555,0.644745,0.6453599999999999,2229
2025-07-31 03:00:00,0.64538,0.64568,0.644875,0.645675,2130
2025-07-31 04:00:00,0.64568,0.646845,0.64516,0.6468050000000001,2503
2025-07-31 05:00:00,0.6467849999999999,0.647035,0.646325,0.6468,1892
2025-07-31 06:00:00,0.646795,0.6476299999999999,0.646695,0.6472450000000001,2668
2025-07-31 07:00:00,0.64725,0.64725,0.6460049999999999,0.646505,3792
2025-07-31 08:00:00,0.64651,0.64651,0.6454,0.64576,2712
2025-07-31 09:00:00,0.645775,0.645815,0.644825,0.6448499999999999,1701
2025-07-31 10:00:00,0.644835,0.645,0.64365,0.643915,1798
2025-07-31 11:00:00,0.64391,0.644755,0.64378,0.6446000000000001,1895
2025-07-31 12:00:00,0.64459,0.64488,0.6435599999999999,0.643965,3705
2025-07-31 13:00:00,0.6439699999999999,0.644345,0.64307,0.643455,3498
2025-07-31 14:00:00,0.643455,0.64429,0.6432,0.643775,5757
2025-07-31 15:00:00,0.643795,0.643975,0.642765,0.6429,4638
2025-07-31 16:00:00,0.64289,0.6435150000000001,0.64269,0.6432100000000001,3918
2025-07-31 17:00:00,0.643205,0.643355,0.6424300000000001,0.6426149999999999,3438
2025-07-31 18:00:00,0.64262,0.64339,0.6424300000000001,0.643185,2862
2025-07-31 19:00:00,0.64318,0.64347,0.64257,0.64258,2092
2025-07-31 20:00:00,0.64259,0.64295,0.642405,0.642585,1795
2025-07-31 21:00:00,0.64255,0.643255,0.642325,0.64266,677
2025-07-31 22:00:00,0.642655,0.6430100000000001,0.6421699999999999,0.64266,1210
2025-07-31 23:00:00,0.6426400000000001,0.64332,0.64253,0.6427700000000001,1335
2025-08-01 00:00:00,0.64276,0.64347,0.64218,0.64314,2566
2025-08-01 01:00:00,0.643135,0.6439250000000001,0.64251,0.64289,3190
2025-08-01 02:00:00,0.642895,0.6432249999999999,0.642695,0.64298,2008
2025-08-01 03:00:00,0.6429849999999999,0.644015,0.6429849999999999,0.643595,2016
2025-08-01 04:00:00,0.643605,0.64388,0.6434599999999999,0.643605,1215
2025-08-01 05:00:00,0.643605,0.643945,0.64339,0.6434949999999999,1812
2025-08-01 06:00:00,0.6435,0.6438550000000001,0.64282,0.643335,2420
2025-08-01 07:00:00,0.64334,0.643475,0.6427,0.64299,2728
2025-08-01 08:00:00,0.643005,0.6432599999999999,0.642255,0.64229,2160
2025-08-01 09:00:00,0.64231,0.642575,0.641905,0.642135,1540
2025-08-01 10:00:00,0.64214,0.64288,0.642085,0.642525,1460
2025-08-01 11:00:00,0.64253,0.64331,0.64237,0.64238,1617
2025-08-01 12:00:00,0.642385,0.648675,0.641915,0.64812,10983
2025-08-01 13:00:00,0.648115,0.649335,0.646115,0.646705,14441
2025-08-01 14:00:00,0.64671,0.6478550000000001,0.645785,0.646225,13278
2025-08-01 15:00:00,0.64622,0.64703,0.6452100000000001,0.6466700000000001,4652
2025-08-01 16:00:00,0.646665,0.64685,0.6453599999999999,0.6454249999999999,3560
2025-08-01 17:00:00,0.645435,0.645485,0.64374,0.6446350000000001,4901
2025-08-01 18:00:00,0.64464,0.645625,0.644015,0.64402,3636
2025-08-01 19:00:00,0.6440250000000001,0.6463650000000001,0.64395,0.645725,5050
2025-08-01 20:00:00,0.645735,0.647645,0.645735,0.647205,2553
2025-08-03 22:00:00,0.64628,0.6473150000000001,0.646265,0.6466149999999999,1948
2025-08-03 23:00:00,0.64662,0.64726,0.6463049999999999,0.64691,1040
2025-08-04 00:00:00,0.64688,0.647575,0.6462600000000001,0.64738,2704
2025-08-04 01:00:00,0.647375,0.64842,0.6468149999999999,0.64827,3240
2025-08-04 02:00:00,0.6482950000000001,0.6484,0.647565,0.64767,1996
2025-08-04 03:00:00,0.64768,0.64837,0.64768,0.64819,1644
2025-08-04 04:00:00,0.648175,0.6486350000000001,0.6481399999999999,0.6482049999999999,1066
2025-08-04 05:00:00,0.6482,0.6484650000000001,0.6478299999999999,0.64813,1612
2025-08-04 06:00:00,0.64815,0.64856,0.6473450000000001,0.64811,2968
2025-08-04 07:00:00,0.648115,0.64852,0.6471,0.6473949999999999,2724
2025-08-04 08:00:00,0.6474,0.6478349999999999,0.646945,0.6478,2001
2025-08-04 09:00:00,0.647815,0.6486449999999999,0.64755,0.64766,1742
2025-08-04 10:00:00,0.6476550000000001,0.648025,0.647005,0.647895,1512
2025-08-04 11:00:00,0.647905,0.6483300000000001,0.6476200000000001,0.64821,1934
2025-08-04 12:00:00,0.6482049999999999,0.648785,0.6478999999999999,0.6481049999999999,2240
2025-08-04 13:00:00,0.64808,0.648965,0.647965,0.648215,2933
2025-08-04 14:00:00,0.648225,0.648795,0.647065,0.64713,4415
2025-08-04 15:00:00,0.647135,0.64735,0.646245,0.646495,3562
2025-08-04 16:00:00,0.646525,0.6467400000000001,0.64612,0.64644,2239
2025-08-04 17:00:00,0.646415,0.6465350000000001,0.646015,0.64622,1530
2025-08-04 18:00:00,0.646235,0.6465700000000001,0.64594,0.64603,1639
2025-08-04 19:00:00,0.6460349999999999,0.6465650000000001,0.6459550000000001,0.64647,1104
2025-08-04 20:00:00,0.646495,0.64702,0.6463650000000001,0.64667,900
2025-08-04 21:00:00,0.6466449999999999,0.647235,0.6466449999999999,0.64693,730
2025-08-04 22:00:00,0.647005,0.6472100000000001,0.646755,0.6471,782
2025-08-04 23:00:00,0.6471199999999999,0.6475599999999999,0.6469499999999999,0.647405,641
2025-08-05 00:00:00,0.64741,0.647945,0.646825,0.647235,1847
2025-08-05 01:00:00,0.6472249999999999,0.64737,0.64636,0.6465000000000001,2261
2025-08-05 02:00:00,0.646495,0.6465,0.645775,0.6461049999999999,1846
2025-08-05 03:00:00,0.646095,0.646225,0.645435,0.6454949999999999,1277
2025-08-05 04:00:00,0.6454949999999999,0.6466149999999999,0.64537,0.6464350000000001,1191
2025-08-05 05:00:00,0.646425,0.646435,0.64574,0.6459550000000001,1614
2025-08-05 06:00:00,0.64593,0.64717,0.6457649999999999,0.646085,2129
2025-08-05 07:00:00,0.6460950000000001,0.6471800000000001,0.645435,0.6459600000000001,2699
2025-08-05 08:00:00,0.645945,0.64601,0.644975,0.6453,3093
2025-08-05 09:00:00,0.645295,0.64611,0.645165,0.6458,1579
2025-08-05 10:00:00,0.6457900000000001,0.6461600000000001,0.64554,0.64576,1736
2025-08-05 11:00:00,0.6457550000000001,0.646055,0.645285,0.645975,1732
2025-08-05 12:00:00,0.645985,0.64681,0.645795,0.6465449999999999,3358
2025-08-05 13:00:00,0.646555,0.647425,0.64611,0.64653,3093
2025-08-05 14:00:00,0.646575,0.647455,0.64549,0.6461749999999999,7241
2025-08-05 15:00:00,0.64617,0.6470450000000001,0.6461049999999999,0.64703,3759
2025-08-05 16:00:00,0.6470199999999999,0.647825,0.64686,0.647525,2096
2025-08-05 17:00:00,0.6475150000000001,0.64786,0.6473949999999999,0.64751,1157
2025-08-05 18:00:00,0.647495,0.647545,0.64665,0.64685,1443
2025-08-05 19:00:00,0.646835,0.64707,0.64656,0.6468750000000001,1439
2025-08-05 20:00:00,0.646885,0.647355,0.646865,0.64727,875
2025-08-05 21:00:00,0.6471450000000001,0.64729,0.64655,0.646955,637
2025-08-05 22:00:00,0.64697,0.647165,0.64683,0.64703,763
2025-08-05 23:00:00,0.6470199999999999,0.6475599999999999,0.64693,0.6471899999999999,767
2025-08-06 00:00:00,0.647185,0.6481950000000001,0.647115,0.6476850000000001,1781
2025-08-06 01:00:00,0.64768,0.647945,0.647185,0.64785,1533
2025-08-06 02:00:00,0.647845,0.64849,0.64767,0.64829,1412
2025-08-06 03:00:00,0.6482950000000001,0.649095,0.6482950000000001,0.6488700000000001,1086
2025-08-06 04:00:00,0.64886,0.64949,0.64886,0.649335,819
2025-08-06 05:00:00,0.64933,0.649385,0.6484399999999999,0.6486350000000001,979
2025-08-06 06:00:00,0.64864,0.6493249999999999,0.64859,0.649015,1652
2025-08-06 07:00:00,0.649025,0.64956,0.64871,0.64946,2006
2025-08-06 08:00:00,0.649475,0.64949,0.64873,0.649125,1595
2025-08-06 09:00:00,0.649115,0.6495,0.6490750000000001,0.64925,1183
2025-08-06 10:00:00,0.649235,0.65065,0.649125,0.650455,1433
2025-08-06 11:00:00,0.6504399999999999,0.650795,0.64999,0.65048,1551
2025-08-06 12:00:00,0.65047,0.650585,0.6495850000000001,0.65036,2010
2025-08-06 13:00:00,0.650345,0.6508050000000001,0.649945,0.65011,2849
2025-08-06 14:00:00,0.650095,0.650175,0.6488750000000001,0.6493500000000001,2844
2025-08-06 15:00:00,0.64934,0.650435,0.6488849999999999,0.6502749999999999,3435
2025-08-06 16:00:00,0.65028,0.65046,0.649655,0.64985,2472
2025-08-06 17:00:00,0.6498550000000001,0.65068,0.649715,0.6503749999999999,2008
2025-08-06 18:00:00,0.65039,0.6508849999999999,0.65029,0.6504449999999999,1277
2025-08-06 19:00:00,0.65045,0.65061,0.6502,0.650365,1051
2025-08-06 20:00:00,0.65037,0.650495,0.649945,0.650285,967
2025-08-06 21:00:00,0.65028,0.65057,0.64985,0.6501250000000001,873
2025-08-06 22:00:00,0.6501049999999999,0.6505799999999999,0.6501049999999999,0.650425,689
2025-08-06 23:00:00,0.65042,0.650625,0.64988,0.64997,640
2025-08-07 00:00:00,0.649975,0.65019,0.6496500000000001,0.6496649999999999,1667
2025-08-07 01:00:00,0.649655,0.65144,0.64959,0.6510400000000001,1844
2025-08-07 02:00:00,0.6510400000000001,0.651365,0.650475,0.650575,1591
2025-08-07 03:00:00,0.6505799999999999,0.651165,0.650305,0.651135,1209
2025-08-07 04:00:00,0.6511199999999999,0.65176,0.65106,0.651675,1157
2025-08-07 05:00:00,0.651675,0.6517550000000001,0.65114,0.65173,1382
2025-08-07 06:00:00,0.651735,0.6527050000000001,0.651625,0.65234,1967
2025-08-07 07:00:00,0.652355,0.65377,0.652165,0.65374,2023
2025-08-07 08:00:00,0.65371,0.6541349999999999,0.65271,0.653095,2692
2025-08-07 09:00:00,0.6531,0.65319,0.65241,0.6524399999999999,1639
2025-08-07 10:00:00,0.652455,0.652795,0.652225,0.6527499999999999,1406
2025-08-07 11:00:00,0.652745,0.6532450000000001,0.65173,0.65215,3223
2025-08-08 13:00:00,0.6516850000000001,0.65292,0.6516599999999999,0.65253,2272
2025-08-08 14:00:00,0.652525,0.65295,0.652145,0.6524449999999999,2702
2025-08-08 15:00:00,0.652435,0.65309,0.652345,0.65266,1906
2025-08-08 16:00:00,0.65266,0.65295,0.652345,0.652515,1151
2025-08-08 17:00:00,0.65251,0.653245,0.6523049999999999,0.65269,894
2025-08-08 18:00:00,0.652695,0.6531,0.6525,0.65289,1308
2025-08-08 19:00:00,0.6528799999999999,0.6528849999999999,0.652015,0.652255,1060
2025-08-08 20:00:00,0.6522600000000001,0.652555,0.651905,0.652405,1591
2025-08-10 22:00:00,0.652175,0.652315,0.65189,0.652145,488
2025-08-10 23:00:00,0.652155,0.65218,0.65164,0.651645,558
2025-08-11 00:00:00,0.65166,0.652005,0.651365,0.651635,1463
2025-08-11 01:00:00,0.65163,0.652335,0.651375,0.65216,2150
2025-08-11 02:00:00,0.65217,0.6525,0.652055,0.652345,1654
2025-08-11 03:00:00,0.65234,0.65271,0.651895,0.652605,1548
2025-08-11 04:00:00,0.652585,0.65286,0.652305,0.6524449999999999,756
2025-08-11 05:00:00,0.6524399999999999,0.6525449999999999,0.652145,0.652505,1076
2025-08-11 06:00:00,0.6525,0.652875,0.65231,0.65241,1394
2025-08-11 07:00:00,0.6524,0.652405,0.651365,0.6515299999999999,2063
2025-08-11 08:00:00,0.6515150000000001,0.65233,0.651465,0.6521,2073
2025-08-11 09:00:00,0.6520900000000001,0.6522049999999999,0.6515599999999999,0.651865,1264
2025-08-11 10:00:00,0.65186,0.65231,0.651795,0.6521049999999999,889
2025-08-11 11:00:00,0.6520950000000001,0.65215,0.6507499999999999,0.65115,1572
2025-08-11 12:00:00,0.6511549999999999,0.6513,0.65015,0.650665,2781
2025-08-11 13:00:00,0.650675,0.651335,0.650405,0.651135,3929
2025-08-11 14:00:00,0.65114,0.651215,0.650125,0.650515,3563
2025-08-11 15:00:00,0.65052,0.6513249999999999,0.650255,0.6512450000000001,2506
2025-08-11 16:00:00,0.65124,0.651655,0.6510199999999999,0.6512100000000001,1489
2025-08-11 17:00:00,0.65123,0.65142,0.65071,0.65137,1291
2025-08-11 18:00:00,0.65137,0.651615,0.6512100000000001,0.6515200000000001,1062
2025-08-11 19:00:00,0.65151,0.65151,0.650775,0.6511100000000001,1051
2025-08-11 20:00:00,0.651105,0.65147,0.65105,0.651295,621
2025-08-11 21:00:00,0.651265,0.651505,0.65101,0.651355,418
2025-08-11 22:00:00,0.6513599999999999,0.6515150000000001,0.6511549999999999,0.6513249999999999,520
2025-08-11 23:00:00,0.65137,0.651555,0.6513249999999999,0.65134,268
2025-08-12 00:00:00,0.65133,0.652165,0.6512549999999999,0.6517649999999999,1535
2025-08-12 01:00:00,0.6517649999999999,0.651975,0.65103,0.651605,2113
2025-08-12 02:00:00,0.65161,0.6522950000000001,0.65161,0.65228,1126
2025-08-12 03:00:00,0.65227,0.65257,0.651855,0.651855,1324
2025-08-12 04:00:00,0.65185,0.65193,0.649995,0.65151,3399
2025-08-12 05:00:00,0.6515150000000001,0.6517,0.6494,0.649735,3109
2025-08-12 06:00:00,0.64971,0.650425,0.649545,0.649805,3126
2025-08-12 07:00:00,0.649815,0.650495,0.6497299999999999,0.6502049999999999,2373
2025-08-12 08:00:00,0.650215,0.650285,0.64899,0.649285,2718
2025-08-12 09:00:00,0.6493,0.649555,0.6488700000000001,0.6490499999999999,2463
2025-08-12 10:00:00,0.6490400000000001,0.6495299999999999,0.64888,0.648895,1844
2025-08-12 11:00:00,0.64889,0.648895,0.64819,0.648625,1568
2025-08-12 12:00:00,0.6486350000000001,0.65123,0.648475,0.65053,7848
2025-08-12 13:00:00,0.650525,0.651445,0.649065,0.6503300000000001,9128
2025-08-12 14:00:00,0.65032,0.6516949999999999,0.6502,0.651605,5617
2025-08-12 15:00:00,0.651625,0.65405,0.6515850000000001,0.653115,4402
2025-08-12 16:00:00,0.653125,0.653535,0.652715,0.653125,3941
2025-08-12 17:00:00,0.653115,0.65316,0.652615,0.653075,2923
2025-08-12 18:00:00,0.653085,0.65343,0.652795,0.6529750000000001,1839
2025-08-12 19:00:00,0.652985,0.653165,0.652725,0.65293,1781
2025-08-12 20:00:00,0.652925,0.653135,0.65287,0.65293,1166
2025-08-12 21:00:00,0.65295,0.653095,0.65239,0.65284,865
2025-08-12 22:00:00,0.6528449999999999,0.6531549999999999,0.6527499999999999,0.65285,494
2025-08-12 23:00:00,0.65286,0.65314,0.65284,0.652965,515
2025-08-13 00:00:00,0.65297,0.6531100000000001,0.652425,0.65255,1741
2025-08-13 01:00:00,0.6525449999999999,0.652825,0.65164,0.652015,2183
2025-08-13 02:00:00,0.6519999999999999,0.65317,0.6518999999999999,0.6529100000000001,1731
2025-08-13 03:00:00,0.6529050000000001,0.653115,0.65271,0.652865,1468
2025-08-13 04:00:00,0.652855,0.65342,0.65276,0.65315,1216
2025-08-13 05:00:00,0.653165,0.65322,0.65276,0.653145,1291
2025-08-13 06:00:00,0.65317,0.65472,0.65286,0.65438,2313
2025-08-13 07:00:00,0.65437,0.65549,0.65436,0.655045,2133
2025-08-13 08:00:00,0.655,0.6555,0.654825,0.655065,1971
2025-08-13 09:00:00,0.6550750000000001,0.6562699999999999,0.655015,0.656235,1550
2025-08-13 10:00:00,0.6562399999999999,0.6562600000000001,0.655445,0.65551,1231
2025-08-13 11:00:00,0.655505,0.65563,0.654925,0.65551,2295
2025-08-13 12:00:00,0.655515,0.6556500000000001,0.654215,0.6545000000000001,2061
2025-08-13 13:00:00,0.654495,0.65502,0.6542049999999999,0.65491,2139
2025-08-13 14:00:00,0.6549100000000001,0.65581,0.6545449999999999,0.65529,2754
2025-08-13 15:00:00,0.6552800000000001,0.655285,0.6542,0.654415,2474
2025-08-13 16:00:00,0.6544099999999999,0.65485,0.65431,0.65435,2123
2025-08-13 17:00:00,0.654345,0.65448,0.65402,0.654045,1498
2025-08-13 18:00:00,0.65405,0.654145,0.653875,0.654075,1906
2025-08-13 19:00:00,0.65408,0.65445,0.653995,0.65434,811
2025-08-13 20:00:00,0.65435,0.6546449999999999,0.65433,0.65459,580
2025-08-13 21:00:00,0.65461,0.654675,0.6542250000000001,0.65438,1097
2025-08-13 22:00:00,0.65437,0.654675,0.65427,0.654655,428
2025-08-13 23:00:00,0.654655,0.655225,0.654615,0.65508,433
2025-08-14 00:00:00,0.6550849999999999,0.6555150000000001,0.6549750000000001,0.655315,2159
2025-08-14 01:00:00,0.655335,0.6568849999999999,0.65528,0.6565449999999999,2992
2025-08-14 02:00:00,0.6565399999999999,0.6565799999999999,0.65529,0.6557900000000001,2267
2025-08-14 03:00:00,0.655775,0.655775,0.654685,0.65478,1239
2025-08-14 04:00:00,0.65479,0.65534,0.654615,0.6551,1143
2025-08-14 05:00:00,0.655095,0.655325,0.65457,0.65492,1221
2025-08-14 06:00:00,0.654915,0.6551899999999999,0.65362,0.6536850000000001,3176
2025-08-14 07:00:00,0.65368,0.654325,0.65292,0.653285,3414
2025-08-14 08:00:00,0.653295,0.65384,0.652515,0.652555,2084
2025-08-14 09:00:00,0.65256,0.65333,0.6524749999999999,0.65281,1358
2025-08-14 10:00:00,0.652795,0.65324,0.6525449999999999,0.6527350000000001,1314
2025-08-14 11:00:00,0.65273,0.652995,0.65222,0.65248,1601
2025-08-14 12:00:00,0.652485,0.65259,0.6502749999999999,0.650575,6790
2025-08-14 13:00:00,0.65057,0.650585,0.64915,0.64916,6242
2025-08-14 14:00:00,0.649165,0.650695,0.648915,0.650225,5388
2025-08-14 15:00:00,0.6502300000000001,0.65027,0.648505,0.64884,3267
2025-08-14 16:00:00,0.648845,0.649015,0.64827,0.6488050000000001,2852
2025-08-14 17:00:00,0.6488149999999999,0.6495249999999999,0.64879,0.649275,2696
2025-08-14 18:00:00,0.6492899999999999,0.64959,0.64899,0.6495,2849
2025-08-14 19:00:00,0.6494949999999999,0.64993,0.64945,0.6497900000000001,1740
2025-08-14 20:00:00,0.649795,0.649795,0.649455,0.649475,764
2025-08-14 21:00:00,0.649445,0.6502600000000001,0.64914,0.649905,777
2025-08-14 22:00:00,0.649845,0.650075,0.64964,0.649815,466
2025-08-14 23:00:00,0.649825,0.6499699999999999,0.64963,0.649745,343
2025-08-15 00:00:00,0.64974,0.649945,0.64925,0.6497999999999999,1294
2025-08-15 01:00:00,0.6497999999999999,0.65024,0.6492,0.6496850000000001,1915
2025-08-15 02:00:00,0.64968,0.6498200000000001,0.648805,0.64971,1450
2025-08-15 03:00:00,0.649715,0.65049,0.649715,0.65025,1333
2025-08-15 04:00:00,0.65025,0.65041,0.649825,0.6500950000000001,838
2025-08-15 05:00:00,0.650095,0.650415,0.6499550000000001,0.650375,947
2025-08-15 06:00:00,0.650365,0.65091,0.649965,0.65076,1986
2025-08-15 07:00:00,0.650765,0.651385,0.6507000000000001,0.651355,1602
2025-08-15 08:00:00,0.651345,0.6514850000000001,0.65089,0.6509499999999999,1506
2025-08-15 09:00:00,0.6509400000000001,0.65112,0.650435,0.65065,1477
2025-08-15 10:00:00,0.6506449999999999,0.651365,0.650585,0.65128,1233
2025-08-15 11:00:00,0.65128,0.65164,0.65106,0.651335,1264
2025-08-15 12:00:00,0.65133,0.651905,0.650505,0.65159,3725
2025-08-15 13:00:00,0.651625,0.6522049999999999,0.6511450000000001,0.651995,3670
2025-08-15 14:00:00,0.6519900000000001,0.6522600000000001,0.6515,0.65206,3653
2025-08-15 15:00:00,0.65205,0.65228,0.6512450000000001,0.651335,3146
2025-08-15 16:00:00,0.65134,0.6514500000000001,0.650945,0.65115,2758
2025-08-15 17:00:00,0.65114,0.65114,0.65051,0.650765,2126
2025-08-15 18:00:00,0.650755,0.65079,0.65029,0.650545,1029
2025-08-15 19:00:00,0.65053,0.650935,0.65042,0.650785,724
2025-08-15 20:00:00,0.650785,0.6510499999999999,0.65056,0.6507499999999999,1323
2025-08-17 22:00:00,0.650835,0.651315,0.65081,0.65123,578
2025-08-17 23:00:00,0.651235,0.651275,0.65086,0.6512450000000001,514
2025-08-18 00:00:00,0.651235,0.65177,0.651045,0.651335,1431
2025-08-18 01:00:00,0.651335,0.6520950000000001,0.6513150000000001,0.652045,1368
2025-08-18 02:00:00,0.65205,0.65207,0.651195,0.651455,823
2025-08-18 03:00:00,0.651465,0.65205,0.651415,0.6520250000000001,885
2025-08-18 04:00:00,0.65202,0.652215,0.651815,0.652065,895
2025-08-18 05:00:00,0.652055,0.652425,0.651845,0.65186,1100
2025-08-18 06:00:00,0.6518550000000001,0.652075,0.65102,0.651185,2362
2025-08-18 07:00:00,0.6511800000000001,0.65175,0.65103,0.651195,3418
2025-08-18 08:00:00,0.6511899999999999,0.651845,0.650605,0.6515500000000001,3061
2025-08-18 09:00:00,0.651545,0.65176,0.6511549999999999,0.6512549999999999,1828
2025-08-18 10:00:00,0.6512450000000001,0.65147,0.6510400000000001,0.6510499999999999,1173
2025-08-18 11:00:00,0.651065,0.65133,0.650745,0.6509,967
2025-08-18 12:00:00,0.65091,0.6512,0.65057,0.650765,1583
2025-08-18 13:00:00,0.650755,0.650795,0.65005,0.6500900000000001,1753
2025-08-18 14:00:00,0.650095,0.6503,0.648375,0.64871,2722
2025-08-18 15:00:00,0.6487,0.6493800000000001,0.64816,0.64931,2843
2025-08-18 16:00:00,0.649315,0.64949,0.648855,0.6489149999999999,1530
2025-08-18 17:00:00,0.648925,0.649405,0.648865,0.64898,1046
2025-08-18 18:00:00,0.6489750000000001,0.649195,0.64885,0.6490549999999999,936
2025-08-18 19:00:00,0.649065,0.64956,0.64906,0.64949,1026
2025-08-18 20:00:00,0.6494850000000001,0.649565,0.64913,0.6491499999999999,476
2025-08-18 21:00:00,0.64913,0.64979,0.64913,0.6492899999999999,1047
2025-08-18 22:00:00,0.64927,0.649775,0.6491899999999999,0.649405,969
2025-08-18 23:00:00,0.649395,0.649605,0.64896,0.6494500000000001,629
2025-08-19 00:00:00,0.64946,0.64971,0.6491199999999999,0.64942,1112
2025-08-19 01:00:00,0.64943,0.64958,0.6484650000000001,0.64886,2396
2025-08-19 02:00:00,0.648855,0.6491800000000001,0.64854,0.64913,1636
2025-08-19 03:00:00,0.6491450000000001,0.64939,0.6487,0.6487,1791
2025-08-19 04:00:00,0.648695,0.6490199999999999,0.6485650000000001,0.6489050000000001,1206
2025-08-19 05:00:00,0.64891,0.6492100000000001,0.64792,0.6479550000000001,1923
2025-08-19 06:00:00,0.64796,0.64909,0.647735,0.6490750000000001,2361
2025-08-19 07:00:00,0.64909,0.6496299999999999,0.6483049999999999,0.648585,2411
2025-08-19 08:00:00,0.648595,0.648695,0.64804,0.6484449999999999,2962
2025-08-19 09:00:00,0.64845,0.64904,0.64845,0.648955,2312
2025-08-19 10:00:00,0.64896,0.6495599999999999,0.64878,0.64899,1484
2025-08-19 11:00:00,0.6489849999999999,0.649455,0.648785,0.64931,1322
2025-08-19 12:00:00,0.6493150000000001,0.64947,0.648395,0.6484650000000001,2425
2025-08-19 13:00:00,0.648455,0.648515,0.647465,0.64785,2790
2025-08-19 14:00:00,0.6478299999999999,0.648035,0.6464,0.6465350000000001,3198
2025-08-19 15:00:00,0.646525,0.6465650000000001,0.645805,0.6458299999999999,2630
2025-08-19 16:00:00,0.6458349999999999,0.646305,0.645575,0.64567,2516
2025-08-19 17:00:00,0.645675,0.64602,0.645525,0.645835,2813
2025-08-19 18:00:00,0.645825,0.64583,0.645,0.64519,2599
2025-08-19 19:00:00,0.645185,0.64543,0.64497,0.64531,1427
2025-08-19 20:00:00,0.645305,0.6454500000000001,0.6452100000000001,0.6453800000000001,877
2025-08-19 21:00:00,0.6453949999999999,0.6467149999999999,0.6453949999999999,0.64549,810
2025-08-19 22:00:00,0.645505,0.64557,0.64532,0.64545,400
2025-08-19 23:00:00,0.64544,0.6454949999999999,0.64505,0.64536,569
2025-08-20 00:00:00,0.645355,0.645525,0.644565,0.645105,1676
2025-08-20 01:00:00,0.645095,0.6454500000000001,0.64435,0.644825,2036
2025-08-20 02:00:00,0.64483,0.64486,0.6429100000000001,0.64354,3976
2025-08-20 03:00:00,0.6435200000000001,0.644185,0.643215,0.64327,2192
2025-08-20 04:00:00,0.6432599999999999,0.64451,0.64325,0.6443749999999999,1226
2025-08-20 05:00:00,0.644385,0.64487,0.644075,0.644845,1385
2025-08-20 06:00:00,0.64484,0.64493,0.64374,0.64431,2712
2025-08-20 07:00:00,0.644335,0.64466,0.643555,0.644145,1708
2025-08-20 08:00:00,0.64415,0.64421,0.64255,0.6433949999999999,2144
2025-08-20 09:00:00,0.6434,0.64371,0.64316,0.64367,1818
2025-08-20 10:00:00,0.643675,0.6437550000000001,0.64323,0.64343,1073
2025-08-20 11:00:00,0.643425,0.64367,0.64307,0.643095,1603
2025-08-20 12:00:00,0.6431,0.644855,0.6431,0.64437,3382
2025-08-20 13:00:00,0.64436,0.64444,0.64271,0.642835,3528
2025-08-20 14:00:00,0.64283,0.64331,0.64236,0.64303,3838
2025-08-20 15:00:00,0.6430199999999999,0.64393,0.6426449999999999,0.642705,2866
2025-08-20 16:00:00,0.642715,0.6436200000000001,0.64271,0.64349,1669
2025-08-20 17:00:00,0.64348,0.64391,0.64344,0.643765,1339
2025-08-20 18:00:00,0.6437649999999999,0.6437649999999999,0.642945,0.64306,1935
2025-08-20 19:00:00,0.643065,0.6436850000000001,0.6430549999999999,0.6433150000000001,1158
2025-08-20 20:00:00,0.6433249999999999,0.6434949999999999,0.6429499999999999,0.643395,660
2025-08-20 21:00:00,0.6434200000000001,0.6435299999999999,0.64305,0.64327,425
2025-08-20 22:00:00,0.6432599999999999,0.643565,0.64322,0.6433899999999999,492
2025-08-20 23:00:00,0.6433949999999999,0.6436550000000001,0.6431800000000001,0.64353,696
2025-08-21 00:00:00,0.643525,0.643695,0.64247,0.64277,2004
2025-08-21 01:00:00,0.6427700000000001,0.6435150000000001,0.64226,0.643115,2225
2025-08-21 02:00:00,0.643105,0.6431899999999999,0.6419250000000001,0.641975,1607
2025-08-21 03:00:00,0.641955,0.64242,0.641885,0.642185,1140
2025-08-21 04:00:00,0.642185,0.64247,0.641955,0.6420049999999999,898
2025-08-21 05:00:00,0.642015,0.6426149999999999,0.641465,0.64257,1314
2025-08-21 06:00:00,0.64256,0.64277,0.641955,0.6421749999999999,1792
2025-08-21 07:00:00,0.6421699999999999,0.642435,0.6416999999999999,0.642285,2098
2025-08-21 08:00:00,0.64226,0.642515,0.64188,0.642425,1555
2025-08-21 09:00:00,0.6424300000000001,0.64292,0.642315,0.642435,1190
2025-08-21 10:00:00,0.642425,0.642925,0.6423650000000001,0.642915,1084
2025-08-21 11:00:00,0.6429050000000001,0.64322,0.6422950000000001,0.642315,1655
2025-08-21 12:00:00,0.64233,0.6430899999999999,0.641885,0.6420300000000001,2636
2025-08-21 13:00:00,0.6420349999999999,0.64284,0.641535,0.642015,3617
2025-08-21 14:00:00,0.64201,0.6431800000000001,0.64189,0.642575,3693
2025-08-21 15:00:00,0.642565,0.642855,0.64166,0.641975,3472
2025-08-21 16:00:00,0.641955,0.642285,0.64154,0.64221,1596
2025-08-21 17:00:00,0.642225,0.642935,0.6422,0.64264,1546
2025-08-21 18:00:00,0.6426350000000001,0.64294,0.64245,0.6424799999999999,1547
2025-08-21 19:00:00,0.642485,0.642545,0.64198,0.642165,916
2025-08-21 20:00:00,0.64217,0.64228,0.641945,0.64202,494
2025-08-21 21:00:00,0.64193,0.6425350000000001,0.64193,0.64201,756
2025-08-21 22:00:00,0.642,0.64259,0.641985,0.6423650000000001,528
2025-08-21 23:00:00,0.6423749999999999,0.642625,0.64219,0.642555,415
2025-08-22 00:00:00,0.642535,0.64298,0.6422049999999999,0.6424799999999999,1598
2025-08-22 01:00:00,0.642495,0.64266,0.641955,0.64218,1434
2025-08-22 02:00:00,0.6421699999999999,0.64302,0.642085,0.64261,1631
2025-08-22 03:00:00,0.642605,0.642895,0.642235,0.64226,1260
2025-08-22 04:00:00,0.64227,0.642425,0.641785,0.641895,1041
2025-08-22 05:00:00,0.6418999999999999,0.64191,0.6415949999999999,0.64164,1050
2025-08-22 06:00:00,0.6416299999999999,0.642225,0.64151,0.641845,1360
2025-08-22 07:00:00,0.6418349999999999,0.64261,0.641775,0.64235,1399
2025-08-22 08:00:00,0.6423449999999999,0.6431800000000001,0.6422650000000001,0.6430400000000001,1448
2025-08-22 09:00:00,0.643035,0.6431450000000001,0.6418699999999999,0.6419600000000001,1260
2025-08-22 10:00:00,0.641955,0.64205,0.64157,0.6418200000000001,901
2025-08-22 11:00:00,0.641815,0.64225,0.64167,0.64218,1082
2025-08-22 12:00:00,0.642185,0.6426050000000001,0.64216,0.642165,1671
2025-08-22 13:00:00,0.6421600000000001,0.6432249999999999,0.64212,0.64269,1998
2025-08-22 14:00:00,0.642775,0.6495,0.642775,0.649305,15412
2025-08-22 15:00:00,0.64931,0.6501,0.648315,0.648335,5526
2025-08-22 16:00:00,0.64834,0.649205,0.648335,0.64883,3830
2025-08-22 17:00:00,0.6488400000000001,0.6498200000000001,0.6488400000000001,0.6494899999999999,3140
2025-08-22 18:00:00,0.649465,0.649705,0.6488849999999999,0.6489,1460
2025-08-22 19:00:00,0.6489050000000001,0.648965,0.648495,0.64881,1252
2025-08-22 20:00:00,0.6488,0.6495299999999999,0.6487700000000001,0.64913,1110
2025-08-24 22:00:00,0.649235,0.64954,0.648405,0.648795,1004
2025-08-24 23:00:00,0.6488050000000001,0.64897,0.6484,0.6484650000000001,757
2025-08-25 00:00:00,0.64848,0.648595,0.648,0.64837,1312
2025-08-25 01:00:00,0.648355,0.6485099999999999,0.647165,0.64727,1885
2025-08-25 02:00:00,0.647275,0.648155,0.6472249999999999,0.6481049999999999,1371
2025-08-25 03:00:00,0.64811,0.6488700000000001,0.64811,0.648705,1036
2025-08-25 04:00:00,0.6487149999999999,0.64921,0.648705,0.648965,711
2025-08-25 05:00:00,0.64897,0.649565,0.6489,0.64926,1028
2025-08-25 06:00:00,0.64926,0.65051,0.64926,0.65005,2099
2025-08-25 07:00:00,0.650045,0.650085,0.648595,0.648655,2126
2025-08-25 08:00:00,0.64865,0.6498900000000001,0.64865,0.64958,1445
2025-08-25 09:00:00,0.649575,0.649595,0.6486449999999999,0.6489199999999999,1107
2025-08-25 10:00:00,0.648925,0.6491800000000001,0.648665,0.649005,854
2025-08-25 11:00:00,0.649015,0.6499550000000001,0.648985,0.6499,1132
2025-08-25 12:00:00,0.64991,0.6499699999999999,0.64914,0.649205,1549
2025-08-25 13:00:00,0.6492249999999999,0.6501250000000001,0.64889,0.649795,2744
2025-08-25 14:00:00,0.6498,0.65045,0.6495599999999999,0.649995,4484
2025-08-25 15:00:00,0.6500049999999999,0.6504,0.64959,0.6498349999999999,3081
2025-08-25 16:00:00,0.64984,0.64999,0.649455,0.649645,1647
2025-08-25 17:00:00,0.6496500000000001,0.64969,0.649025,0.64914,1713
2025-08-25 18:00:00,0.6491450000000001,0.649205,0.6482600000000001,0.648315,2257
2025-08-25 19:00:00,0.648335,0.648405,0.6477900000000001,0.647915,2046
2025-08-25 20:00:00,0.64792,0.64848,0.647915,0.6482000000000001,654
2025-08-25 21:00:00,0.6482,0.648315,0.64791,0.64815,635
2025-08-25 22:00:00,0.64818,0.648415,0.64813,0.6483000000000001,460
2025-08-25 23:00:00,0.6483,0.6484,0.64798,0.6481600000000001,407
2025-08-26 00:00:00,0.6481699999999999,0.6493599999999999,0.647905,0.649025,5720
2025-08-26 01:00:00,0.649015,0.64931,0.647465,0.64754,2490
2025-08-26 02:00:00,0.64754,0.648515,0.6475200000000001,0.6480600000000001,1977
2025-08-26 03:00:00,0.648055,0.648055,0.647105,0.6473,1619
2025-08-26 04:00:00,0.647285,0.647985,0.64718,0.647975,1340
2025-08-26 05:00:00,0.647965,0.6482049999999999,0.647815,0.6481,1377
2025-08-26 06:00:00,0.648085,0.648495,0.647005,0.648015,2277
2025-08-26 07:00:00,0.6480049999999999,0.64818,0.64703,0.6473800000000001,2732
2025-08-26 08:00:00,0.64737,0.648,0.64732,0.6476649999999999,2191
2025-08-26 09:00:00,0.64768,0.6487,0.64767,0.64856,1456
2025-08-26 10:00:00,0.6485700000000001,0.648795,0.648175,0.64846,1082
2025-08-26 11:00:00,0.6484650000000001,0.6492500000000001,0.64838,0.649025,1304
2025-08-26 12:00:00,0.649015,0.649365,0.6485099999999999,0.648625,2150
2025-08-26 13:00:00,0.64862,0.648865,0.6480600000000001,0.6487099999999999,2266
2025-08-26 14:00:00,0.6487350000000001,0.64961,0.64841,0.649425,3187
2025-08-26 15:00:00,0.6494249999999999,0.6498649999999999,0.649315,0.649735,2636
2025-08-26 16:00:00,0.6497550000000001,0.6500699999999999,0.6495299999999999,0.64961,1955
2025-08-26 17:00:00,0.649605,0.6497850000000001,0.6493800000000001,0.649455,1376
2025-08-26 18:00:00,0.6494500000000001,0.64961,0.649215,0.64941,1412
2025-08-26 19:00:00,0.6494150000000001,0.6496999999999999,0.649285,0.649335,1141
2025-08-26 20:00:00,0.64932,0.649545,0.649195,0.64943,624
2025-08-26 21:00:00,0.649425,0.649425,0.6487149999999999,0.6492249999999999,719
2025-08-26 22:00:00,0.64924,0.6497299999999999,0.64924,0.649675,447
2025-08-26 23:00:00,0.6496949999999999,0.64974,0.649455,0.64954,367
2025-08-27 00:00:00,0.649535,0.649645,0.64917,0.649305,1048
2025-08-27 01:00:00,0.64932,0.6504449999999999,0.64895,0.6497550000000001,2648
2025-08-27 02:00:00,0.64975,0.64981,0.64873,0.649135,1712
2025-08-27 03:00:00,0.64914,0.649385,0.6487700000000001,0.648825,1062
2025-08-27 04:00:00,0.64883,0.648905,0.648385,0.6484749999999999,975
2025-08-27 05:00:00,0.648505,0.648745,0.648315,0.648595,1061
2025-08-27 06:00:00,0.648585,0.6490499999999999,0.64848,0.648815,1615
2025-08-27 07:00:00,0.648835,0.64894,0.64748,0.64785,2223
2025-08-27 08:00:00,0.6478349999999999,0.647845,0.6464749999999999,0.647095,2283
2025-08-27 09:00:00,0.6470849999999999,0.6473800000000001,0.6466149999999999,0.64714,1943
2025-08-27 10:00:00,0.647125,0.6471450000000001,0.6464099999999999,0.6466099999999999,2574
2025-08-27 11:00:00,0.6466149999999999,0.6469400000000001,0.64625,0.6466350000000001,1992
2025-08-27 12:00:00,0.64664,0.647435,0.6466149999999999,0.647165,1889
2025-08-27 13:00:00,0.64717,0.64792,0.6469400000000001,0.647555,2835
2025-08-27 14:00:00,0.64755,0.648585,0.64725,0.648575,3504
2025-08-27 15:00:00,0.6485700000000001,0.649525,0.64857,0.649495,3680
2025-08-27 16:00:00,0.649505,0.6510100000000001,0.649455,0.6509,2225
2025-08-27 17:00:00,0.6509050000000001,0.6513,0.6507700000000001,0.6512199999999999,1952
2025-08-27 18:00:00,0.651215,0.65123,0.65066,0.650955,1892
2025-08-27 19:00:00,0.65096,0.6510050000000001,0.650575,0.6509050000000001,1753
2025-08-27 20:00:00,0.650895,0.650995,0.650465,0.6505449999999999,960
2025-08-27 21:00:00,0.65052,0.650525,0.65028,0.650325,511
2025-08-27 22:00:00,0.65029,0.65093,0.65029,0.65085,633
2025-08-27 23:00:00,0.65085,0.6512800000000001,0.6508050000000001,0.6512800000000001,627
2025-08-28 00:00:00,0.65127,0.65154,0.6510199999999999,0.65126,1307
2025-08-28 01:00:00,0.65125,0.651755,0.651015,0.65124,1343
2025-08-28 02:00:00,0.65123,0.6519699999999999,0.651205,0.6519699999999999,1212
2025-08-28 03:00:00,0.651985,0.6522049999999999,0.6513,0.65146,1222
2025-08-28 04:00:00,0.651455,0.651465,0.6509849999999999,0.6511,972
2025-08-28 05:00:00,0.651095,0.651095,0.650575,0.650885,1603
2025-08-28 06:00:00,0.65088,0.6515249999999999,0.650815,0.651215,1860
2025-08-28 07:00:00,0.651185,0.651555,0.650865,0.651495,2143
2025-08-28 08:00:00,0.6515,0.65204,0.650835,0.651935,1706
2025-08-28 09:00:00,0.6519550000000001,0.652345,0.6517850000000001,0.652035,1178
2025-08-28 10:00:00,0.65203,0.6529849999999999,0.65184,0.6528050000000001,1589
2025-08-28 11:00:00,0.6528149999999999,0.6530549999999999,0.65247,0.6527449999999999,1790
2025-08-28 12:00:00,0.65274,0.653445,0.6522699999999999,0.65286,3310
2025-08-28 13:00:00,0.652855,0.652945,0.651945,0.652325,3644
2025-08-28 14:00:00,0.6523399999999999,0.65337,0.652125,0.652515,5969
2025-08-28 15:00:00,0.65251,0.653135,0.652405,0.653035,4408
2025-08-28 16:00:00,0.653045,0.6536649999999999,0.652945,0.653465,2302
2025-08-28 17:00:00,0.653475,0.6537649999999999,0.653325,0.65346,1032
2025-08-28 18:00:00,0.653465,0.6535949999999999,0.6533,0.653465,973
2025-08-28 19:00:00,0.653455,0.6535150000000001,0.6531,0.653125,705
2025-08-28 20:00:00,0.653115,0.65328,0.652965,0.6532,519
2025-08-28 21:00:00,0.65322,0.653225,0.652615,0.6529499999999999,984
2025-08-28 22:00:00,0.653,0.65318,0.652775,0.652865,1152
2025-08-28 23:00:00,0.65288,0.65323,0.6528799999999999,0.6530750000000001,463
2025-08-29 00:00:00,0.653085,0.65359,0.6530400000000001,0.65357,1345
2025-08-29 01:00:00,0.653575,0.65405,0.6528149999999999,0.6540349999999999,2351
2025-08-29 02:00:00,0.654055,0.654215,0.6537200000000001,0.65375,1428
2025-08-29 03:00:00,0.653745,0.6539250000000001,0.653315,0.6536500000000001,1338
2025-08-29 04:00:00,0.65365,0.653965,0.65356,0.653945,885
2025-08-29 05:00:00,0.6539600000000001,0.653985,0.6535,0.65378,831
2025-08-29 06:00:00,0.653795,0.65406,0.6529849999999999,0.653115,2115
2025-08-29 07:00:00,0.6530849999999999,0.6539250000000001,0.6528,0.65387,2607
2025-08-29 08:00:00,0.6538649999999999,0.6539349999999999,0.6532100000000001,0.65359,2057
2025-08-29 09:00:00,0.6535949999999999,0.6536500000000001,0.652685,0.652805,2148
2025-08-29 10:00:00,0.65281,0.6530549999999999,0.6526350000000001,0.652755,1357
2025-08-29 11:00:00,0.6527449999999999,0.652895,0.65256,0.652655,1283
2025-08-29 12:00:00,0.65265,0.653025,0.652285,0.65291,2645
2025-08-29 13:00:00,0.6529,0.65374,0.6524749999999999,0.6535500000000001,2766
2025-08-29 14:00:00,0.65356,0.65487,0.65337,0.6544300000000001,4416
2025-08-29 15:00:00,0.654425,0.65456,0.65376,0.6544000000000001,2591
2025-08-29 16:00:00,0.65439,0.6547099999999999,0.6543,0.654615,1552
2025-08-29 17:00:00,0.654605,0.65461,0.654285,0.65439,1299
2025-08-29 18:00:00,0.654385,0.654535,0.6541349999999999,0.654485,1746
2025-08-29 19:00:00,0.654485,0.654685,0.65432,0.65448,1585
2025-08-29 20:00:00,0.6545099999999999,0.65463,0.65357,0.65406,1264
2025-08-31 22:00:00,0.65405,0.654305,0.65394,0.65419,475
2025-08-31 23:00:00,0.6542250000000001,0.65442,0.6541600000000001,0.65432,520
2025-09-01 00:00:00,0.654315,0.65488,0.654315,0.6547499999999999,1107
2025-09-01 01:00:00,0.6547400000000001,0.654745,0.65351,0.654015,1940
2025-09-01 02:00:00,0.654,0.6549100000000001,0.653945,0.654745,2144
2025-09-01 03:00:00,0.6547499999999999,0.65491,0.654315,0.654725,1321
2025-09-01 04:00:00,0.65473,0.654795,0.65418,0.654315,1143
2025-09-01 05:00:00,0.6543049999999999,0.654695,0.654185,0.6543,1239
2025-09-01 06:00:00,0.654295,0.654825,0.653985,0.65428,2196
2025-09-01 07:00:00,0.654285,0.6547350000000001,0.6535,0.654725,2118
2025-09-01 08:00:00,0.65471,0.655745,0.654555,0.65571,1782
2025-09-01 09:00:00,0.655715,0.6558550000000001,0.655375,0.65574,1373
2025-09-01 10:00:00,0.65573,0.656005,0.65548,0.6557,860
2025-09-01 11:00:00,0.65571,0.655845,0.65526,0.6554,1223
2025-09-01 12:00:00,0.6553899999999999,0.655465,0.654865,0.655235,1905
2025-09-01 13:00:00,0.65524,0.6554599999999999,0.654955,0.65532,1200
2025-09-01 14:00:00,0.655315,0.655845,0.6551549999999999,0.65574,1605
2025-09-01 15:00:00,0.65571,0.65578,0.655225,0.6552800000000001,1205
2025-09-01 16:00:00,0.655285,0.655465,0.65493,0.6553800000000001,890
2025-09-01 17:00:00,0.65537,0.65537,0.65517,0.6552450000000001,257
2025-09-01 18:00:00,0.65525,0.655305,0.65518,0.655305,178
2025-09-01 19:00:00,0.655315,0.655535,0.655275,0.6555150000000001,392
2025-09-01 20:00:00,0.655505,0.65554,0.655165,0.655165,290
2025-09-01 21:00:00,0.655185,0.65555,0.654795,0.655305,746
2025-09-01 22:00:00,0.655335,0.65554,0.6553100000000001,0.655445,325
2025-09-01 23:00:00,0.65546,0.65575,0.65532,0.65569,546
2025-09-02 00:00:00,0.655705,0.65585,0.6548499999999999,0.655285,1769
2025-09-02 01:00:00,0.65527,0.6553450000000001,0.6545799999999999,0.65466,2257
2025-09-02 02:00:00,0.6546449999999999,0.654705,0.653885,0.65452,1991
2025-09-02 03:00:00,0.654525,0.654665,0.653815,0.654045,1161
2025-09-02 04:00:00,0.6540699999999999,0.654085,0.6535949999999999,0.653745,838
2025-09-02 05:00:00,0.6537550000000001,0.65394,0.653445,0.653635,1072
2025-09-02 06:00:00,0.65364,0.65428,0.65364,0.6542699999999999,1536
2025-09-02 07:00:00,0.654265,0.654355,0.65002,0.650415,5792
2025-09-02 08:00:00,0.650435,0.65191,0.6501,0.651375,5592
2025-09-02 09:00:00,0.651365,0.651505,0.6504449999999999,0.651105,3506
2025-09-02 10:00:00,0.6511,0.6513549999999999,0.65063,0.651135,3584
2025-09-02 11:00:00,0.651145,0.65141,0.65037,0.650865,2668
2025-09-02 12:00:00,0.650855,0.65137,0.648325,0.64872,4879
2025-09-02 13:00:00,0.6487149999999999,0.65116,0.648405,0.65096,4900
2025-09-02 14:00:00,0.650965,0.6525000000000001,0.650965,0.65228,4960
2025-09-02 15:00:00,0.6522749999999999,0.652385,0.651215,0.6514949999999999,3479
2025-09-02 16:00:00,0.6514850000000001,0.6522,0.65138,0.6520600000000001,3656
2025-09-02 17:00:00,0.65208,0.65224,0.65185,0.6518550000000001,2372
2025-09-02 18:00:00,0.65185,0.65197,0.6512249999999999,0.651505,2767
2025-09-02 19:00:00,0.6514949999999999,0.652045,0.6514500000000001,0.652015,1213
2025-09-02 20:00:00,0.6520349999999999,0.6522950000000001,0.651985,0.652005,937
2025-09-02 21:00:00,0.652045,0.652135,0.6508149999999999,0.651805,524
2025-09-02 22:00:00,0.6517999999999999,0.6521300000000001,0.65177,0.65177,549
2025-09-02 23:00:00,0.65178,0.65195,0.6517599999999999,0.651875,448
2025-09-03 00:00:00,0.65187,0.6519250000000001,0.65125,0.6514949999999999,1346
2025-09-03 01:00:00,0.6514850000000001,0.65255,0.65124,0.65245,2101
2025-09-03 02:00:00,0.6524650000000001,0.65249,0.651695,0.652085,1603
2025-09-03 03:00:00,0.652075,0.652415,0.65169,0.651805,1440
2025-09-03 04:00:00,0.65181,0.6521699999999999,0.6517299999999999,0.652105,867
2025-09-03 05:00:00,0.6521,0.6522049999999999,0.650695,0.651265,1157
2025-09-03 06:00:00,0.651275,0.6516200000000001,0.650935,0.651125,1874
2025-09-03 07:00:00,0.6511100000000001,0.6523749999999999,0.65023,0.652235,4300
2025-09-03 08:00:00,0.65223,0.652925,0.6521349999999999,0.652515,2351
2025-09-03 09:00:00,0.65251,0.65337,0.652325,0.65313,2359
2025-09-03 10:00:00,0.653115,0.653495,0.652495,0.6529750000000001,1530
2025-09-03 11:00:00,0.652965,0.65374,0.65287,0.653575,1595
2025-09-03 12:00:00,0.653565,0.6540600000000001,0.6530400000000001,0.65406,2524
2025-09-03 13:00:00,0.6540699999999999,0.654425,0.65338,0.6536,3802
2025-09-03 14:00:00,0.6536150000000001,0.65495,0.6536150000000001,0.6544,6684
2025-09-03 15:00:00,0.654405,0.65508,0.65429,0.6548700000000001,3100
2025-09-03 16:00:00,0.6548799999999999,0.65518,0.6547000000000001,0.6551100000000001,1629
2025-09-03 17:00:00,0.655115,0.6554500000000001,0.6543,0.65446,1595
2025-09-03 18:00:00,0.65445,0.654865,0.65426,0.65451,2012
2025-09-03 19:00:00,0.6545000000000001,0.6545000000000001,0.653955,0.6540250000000001,1303
2025-09-03 20:00:00,0.65402,0.654615,0.65401,0.654325,899
2025-09-03 21:00:00,0.65435,0.65448,0.6537,0.65418,922
2025-09-03 22:00:00,0.654185,0.6543650000000001,0.654085,0.6541250000000001,459
2025-09-03 23:00:00,0.654115,0.65449,0.6541049999999999,0.65449,500
2025-09-04 00:00:00,0.6545,0.65498,0.65441,0.654695,1919
2025-09-04 01:00:00,0.65468,0.6548700000000001,0.65372,0.653825,2576
2025-09-04 02:00:00,0.653805,0.65396,0.653515,0.65369,1551
2025-09-04 03:00:00,0.6537,0.65381,0.653145,0.6533249999999999,1178
2025-09-04 04:00:00,0.65332,0.653505,0.65282,0.6528499999999999,905
2025-09-04 05:00:00,0.65284,0.65284,0.6522749999999999,0.65247,1452
2025-09-04 06:00:00,0.65248,0.652755,0.652315,0.65245,1989
2025-09-04 07:00:00,0.6524449999999999,0.652695,0.65208,0.652555,2836
2025-09-04 08:00:00,0.65256,0.65278,0.652305,0.65274,2362
2025-09-04 09:00:00,0.652765,0.6528,0.6517299999999999,0.6518550000000001,1335
2025-09-04 10:00:00,0.65185,0.65225,0.651805,0.6519349999999999,1321
2025-09-04 11:00:00,0.65192,0.65192,0.651495,0.6516500000000001,1074
2025-09-04 12:00:00,0.6516599999999999,0.652495,0.6509149999999999,0.652075,3604
2025-09-04 13:00:00,0.6520900000000001,0.652695,0.65143,0.652165,5781
2025-09-04 14:00:00,0.652175,0.652175,0.650145,0.65078,5403
2025-09-04 15:00:00,0.650775,0.651235,0.65036,0.6511450000000001,2327
2025-09-04 16:00:00,0.65114,0.65125,0.65069,0.6510400000000001,1642
2025-09-04 17:00:00,0.651035,0.651365,0.65094,0.65098,1394
2025-09-04 18:00:00,0.6509849999999999,0.6515299999999999,0.65097,0.6513450000000001,990
2025-09-04 19:00:00,0.65134,0.6518200000000001,0.65134,0.6517900000000001,735
2025-09-04 20:00:00,0.651795,0.6519,0.65161,0.6517850000000001,602
2025-09-04 21:00:00,0.6517999999999999,0.6517999999999999,0.650845,0.6516,498
2025-09-04 22:00:00,0.651585,0.651975,0.651585,0.6517649999999999,676
2025-09-04 23:00:00,0.6517550000000001,0.652245,0.6517200000000001,0.652225,595
2025-09-05 00:00:00,0.6522300000000001,0.652665,0.651995,0.65266,1649
2025-09-05 01:00:00,0.6526700000000001,0.6531,0.65255,0.65291,1191
2025-09-05 02:00:00,0.65292,0.653105,0.65269,0.652925,695
2025-09-05 03:00:00,0.652945,0.6531,0.65269,0.65309,782
2025-09-05 04:00:00,0.6531,0.653135,0.652665,0.6527700000000001,760
2025-09-05 05:00:00,0.652765,0.65369,0.652705,0.6536,1243
2025-09-05 06:00:00,0.65361,0.653895,0.6530050000000001,0.653275,1836
2025-09-05 07:00:00,0.653285,0.6544449999999999,0.65326,0.654345,1801
2025-09-05 08:00:00,0.654325,0.654755,0.65421,0.654435,1481
2025-09-05 09:00:00,0.6544399999999999,0.65465,0.65418,0.654435,989
2025-09-05 10:00:00,0.6544399999999999,0.654755,0.654315,0.654315,893
2025-09-05 11:00:00,0.6542950000000001,0.65451,0.65404,0.6540900000000001,1258
2025-09-05 12:00:00,0.6541049999999999,0.657305,0.654065,0.6572,9317
2025-09-05 13:00:00,0.65718,0.6588799999999999,0.65695,0.658845,7913
2025-09-05 14:00:00,0.6588350000000001,0.658845,0.655165,0.65573,8122
2025-09-05 15:00:00,0.65573,0.65691,0.655445,0.6568,3364
2025-09-05 16:00:00,0.65681,0.65703,0.6561049999999999,0.65636,3429
2025-09-05 17:00:00,0.65635,0.65636,0.6554249999999999,0.655565,2635
2025-09-05 18:00:00,0.65557,0.655645,0.6550100000000001,0.65524,1361
2025-09-05 19:00:00,0.6552450000000001,0.6555150000000001,0.655,0.655235,1527
2025-09-05 20:00:00,0.65524,0.655735,0.65518,0.65559,2065
2025-09-07 22:00:00,0.65532,0.655625,0.65462,0.654675,965
2025-09-07 23:00:00,0.65467,0.655505,0.65467,0.6554949999999999,1292
2025-09-08 00:00:00,0.6554899999999999,0.6557,0.654825,0.6556,1901
2025-09-08 01:00:00,0.6556299999999999,0.6567149999999999,0.65522,0.65663,2528
2025-09-08 02:00:00,0.656645,0.656765,0.655475,0.65638,2263
2025-09-08 03:00:00,0.6563749999999999,0.65639,0.65572,0.65596,1715
2025-09-08 04:00:00,0.6559550000000001,0.65629,0.65547,0.656265,1130
2025-09-08 05:00:00,0.6562749999999999,0.6567449999999999,0.656145,0.656405,1131
2025-09-08 06:00:00,0.6564000000000001,0.6576649999999999,0.6564000000000001,0.6576150000000001,2114
2025-09-08 07:00:00,0.65761,0.658675,0.6575249999999999,0.658535,2268
2025-09-08 08:00:00,0.658525,0.65881,0.6581049999999999,0.65845,1829
2025-09-08 09:00:00,0.658445,0.65854,0.65801,0.65822,1569
2025-09-08 10:00:00,0.65823,0.65881,0.65812,0.658685,1329
2025-09-08 11:00:00,0.658675,0.659385,0.65866,0.65908,1366
2025-09-08 12:00:00,0.6590750000000001,0.6596599999999999,0.65856,0.65958,1897
2025-09-08 13:00:00,0.6595850000000001,0.6598649999999999,0.658825,0.659025,3734
2025-09-08 14:00:00,0.6590149999999999,0.659125,0.6582699999999999,0.65842,4528
2025-09-08 15:00:00,0.658425,0.659055,0.65832,0.6590050000000001,2849
2025-09-08 16:00:00,0.659,0.6590750000000001,0.65811,0.6585300000000001,1706
2025-09-08 17:00:00,0.65852,0.65852,0.65809,0.658235,1473
2025-09-08 18:00:00,0.6582399999999999,0.659355,0.6582399999999999,0.65932,1272
2025-09-08 19:00:00,0.659305,0.65957,0.65921,0.659475,1209
2025-09-08 20:00:00,0.65947,0.6595150000000001,0.65909,0.65916,733
2025-09-08 21:00:00,0.65915,0.65915,0.6585,0.659055,544
2025-09-08 22:00:00,0.6590400000000001,0.6595249999999999,0.6590400000000001,0.659475,612
2025-09-08 23:00:00,0.6595,0.659885,0.65947,0.65979,578
2025-09-09 00:00:00,0.6597850000000001,0.659995,0.65952,0.65959,1023
2025-09-09 01:00:00,0.65958,0.659845,0.6591450000000001,0.659815,1485
2025-09-09 02:00:00,0.659815,0.6604399999999999,0.659805,0.660195,1487
2025-09-09 03:00:00,0.66021,0.66022,0.65955,0.65994,1069
2025-09-09 04:00:00,0.65995,0.6606700000000001,0.659845,0.6606650000000001,675
2025-09-09 05:00:00,0.660645,0.661485,0.660595,0.66139,1276
2025-09-09 06:00:00,0.661405,0.661475,0.66022,0.660565,3299
2025-09-09 07:00:00,0.66056,0.661095,0.65988,0.6606350000000001,3104
2025-09-09 08:00:00,0.660625,0.6612899999999999,0.660385,0.6612549999999999,3550
2025-09-09 09:00:00,0.66126,0.66194,0.66126,0.661805,1890
2025-09-09 10:00:00,0.661815,0.661975,0.661365,0.66146,1853
2025-09-09 11:00:00,0.661465,0.6615,0.6608700000000001,0.660935,1299
2025-09-09 12:00:00,0.66093,0.661085,0.65961,0.65979,2214
2025-09-09 13:00:00,0.6597900000000001,0.660535,0.6595249999999999,0.66019,2929
2025-09-09 14:00:00,0.66021,0.6612800000000001,0.658985,0.65934,7505
2025-09-09 15:00:00,0.65936,0.6594450000000001,0.6585099999999999,0.659045,3121
2025-09-09 16:00:00,0.659055,0.65964,0.6588,0.659055,1810
2025-09-09 17:00:00,0.65907,0.659195,0.6585000000000001,0.65855,1648
2025-09-09 18:00:00,0.65854,0.658685,0.658265,0.658365,1127
2025-09-09 19:00:00,0.658375,0.65855,0.65829,0.65833,883
2025-09-09 20:00:00,0.65833,0.658595,0.6582250000000001,0.65852,795
2025-09-09 21:00:00,0.65849,0.65971,0.6582749999999999,0.6584749999999999,818
2025-09-09 22:00:00,0.6584650000000001,0.65874,0.65829,0.65865,416
2025-09-09 23:00:00,0.6586350000000001,0.65866,0.658175,0.65856,692
2025-09-10 00:00:00,0.658545,0.658855,0.65838,0.6588050000000001,1517
2025-09-10 01:00:00,0.65881,0.65924,0.65802,0.65901,2521
2025-09-10 02:00:00,0.6590199999999999,0.65991,0.658915,0.659905,1710
2025-09-10 03:00:00,0.65991,0.660645,0.65985,0.66042,1110
2025-09-10 04:00:00,0.660435,0.66129,0.66035,0.6612750000000001,1034
2025-09-10 05:00:00,0.66127,0.661305,0.660585,0.66087,1284
2025-09-10 06:00:00,0.660875,0.661555,0.659985,0.66018,3154
2025-09-10 07:00:00,0.660175,0.660815,0.6594800000000001,0.660245,3100
2025-09-10 08:00:00,0.66025,0.660435,0.659565,0.66005,2471
2025-09-10 09:00:00,0.660045,0.66112,0.66003,0.66083,1282
2025-09-10 10:00:00,0.660825,0.660855,0.660125,0.660265,1258
2025-09-10 11:00:00,0.6602600000000001,0.66079,0.66013,0.660645,1613
2025-09-10 12:00:00,0.660655,0.6624950000000001,0.6601250000000001,0.6611849999999999,5892
2025-09-10 13:00:00,0.661195,0.66292,0.6605749999999999,0.6627,4956
2025-09-10 14:00:00,0.662705,0.663565,0.66257,0.662865,3599
2025-09-10 15:00:00,0.662855,0.663105,0.662085,0.662535,2148
2025-09-10 16:00:00,0.66253,0.662555,0.661875,0.66196,1445
2025-09-10 17:00:00,0.66197,0.66249,0.66191,0.6622600000000001,1499
2025-09-10 18:00:00,0.66225,0.66249,0.661845,0.661985,993
2025-09-10 19:00:00,0.6619649999999999,0.662005,0.66117,0.661735,1290
2025-09-10 20:00:00,0.661725,0.661815,0.661195,0.661355,843
2025-09-10 21:00:00,0.661315,0.66189,0.6611199999999999,0.6611549999999999,554
2025-09-10 22:00:00,0.661165,0.66187,0.6611549999999999,0.661845,419
2025-09-10 23:00:00,0.661835,0.66214,0.6616299999999999,0.661905,487
2025-09-11 00:00:00,0.6619,0.66191,0.661025,0.66107,1236
2025-09-11 01:00:00,0.66107,0.662005,0.66081,0.6617,1540
2025-09-11 02:00:00,0.6616949999999999,0.661755,0.6610050000000001,0.6610750000000001,1131
2025-09-11 03:00:00,0.66107,0.66143,0.661025,0.6613100000000001,1062
2025-09-11 04:00:00,0.6613,0.66132,0.6607799999999999,0.6610050000000001,874
2025-09-11 05:00:00,0.661,0.66101,0.660335,0.6604399999999999,938
2025-09-11 06:00:00,0.66042,0.661215,0.660145,0.661215,2443
2025-09-11 07:00:00,0.6612,0.66141,0.660675,0.661215,2232
2025-09-11 08:00:00,0.6612199999999999,0.6614150000000001,0.660795,0.660865,1794
2025-09-11 09:00:00,0.66086,0.660935,0.65988,0.660485,1871
2025-09-11 10:00:00,0.66047,0.6607000000000001,0.660385,0.660585,1571
2025-09-11 11:00:00,0.66058,0.66104,0.660245,0.660335,1519
2025-09-11 12:00:00,0.66031,0.662445,0.6590050000000001,0.66228,7892
2025-09-11 13:00:00,0.66229,0.663665,0.66198,0.66349,6517
2025-09-11 14:00:00,0.663495,0.6651199999999999,0.6633549999999999,0.6649050000000001,4249
2025-09-11 15:00:00,0.664915,0.66585,0.664565,0.665675,3037
2025-09-11 16:00:00,0.665675,0.666445,0.6656249999999999,0.665945,1779
2025-09-11 17:00:00,0.66596,0.6661,0.665705,0.6658999999999999,2051
2025-09-11 18:00:00,0.66591,0.666285,0.665835,0.6661900000000001,1162
2025-09-11 19:00:00,0.666185,0.66642,0.6660349999999999,0.66627,1102
2025-09-11 20:00:00,0.66626,0.666515,0.665855,0.6658550000000001,1029
2025-09-11 21:00:00,0.665835,0.66609,0.665585,0.665915,603
2025-09-11 22:00:00,0.6659200000000001,0.666365,0.6658999999999999,0.666365,649
2025-09-11 23:00:00,0.666345,0.66665,0.666215,0.66655,585
2025-09-12 00:00:00,0.6665300000000001,0.666815,0.665835,0.666765,1708
2025-09-12 01:00:00,0.666785,0.666885,0.66553,0.665655,2038
2025-09-12 02:00:00,0.66567,0.666285,0.66559,0.66617,1710
2025-09-12 03:00:00,0.666175,0.666445,0.665875,0.66621,1168
2025-09-12 04:00:00,0.6662,0.66632,0.6657150000000001,0.6657850000000001,1076
2025-09-12 05:00:00,0.66578,0.666055,0.665635,0.665835,905
2025-09-12 06:00:00,0.66584,0.66592,0.665125,0.665895,1735
2025-09-12 07:00:00,0.66591,0.666585,0.66576,0.666085,2361
2025-09-12 08:00:00,0.666075,0.666125,0.66435,0.66456,2705
2025-09-12 09:00:00,0.66457,0.665265,0.6644950000000001,0.665065,2095
2025-09-12 10:00:00,0.665075,0.665395,0.664575,0.664945,2310
2025-09-12 11:00:00,0.664925,0.66512,0.664255,0.664485,1960
2025-09-12 12:00:00,0.66449,0.664595,0.66308,0.663895,3053
2025-09-12 13:00:00,0.6638850000000001,0.664235,0.6636150000000001,0.66397,2543
2025-09-12 14:00:00,0.66393,0.6648350000000001,0.66373,0.664365,3465
2025-09-12 15:00:00,0.66435,0.664365,0.663395,0.663495,2032
2025-09-12 16:00:00,0.6635,0.6645650000000001,0.66323,0.66429,1511
2025-09-12 17:00:00,0.66428,0.664885,0.664265,0.66464,1242
2025-09-12 18:00:00,0.664645,0.665285,0.66456,0.6652800000000001,1165
2025-09-12 19:00:00,0.66528,0.6653249999999999,0.6648000000000001,0.66509,1106
2025-09-12 20:00:00,0.6650750000000001,0.6650750000000001,0.664635,0.665055,3465
2025-09-14 22:00:00,0.66475,0.664995,0.66464,0.66484,593
2025-09-14 23:00:00,0.664855,0.664895,0.664615,0.66489,504
2025-09-15 00:00:00,0.6649,0.66515,0.664505,0.66514,1117
2025-09-15 01:00:00,0.66514,0.665905,0.664965,0.665815,1687
2025-09-15 02:00:00,0.665795,0.66585,0.66538,0.6654249999999999,1207
2025-09-15 03:00:00,0.665435,0.66652,0.6654100000000001,0.6660999999999999,1419
2025-09-15 04:00:00,0.666105,0.666605,0.6660349999999999,0.666415,1137
2025-09-15 05:00:00,0.6664399999999999,0.6664650000000001,0.665835,0.66595,989
2025-09-15 06:00:00,0.6659550000000001,0.66631,0.66519,0.665705,2071
2025-09-15 07:00:00,0.6657,0.666685,0.6655800000000001,0.666355,2063
2025-09-15 08:00:00,0.666345,0.6665650000000001,0.665835,0.665955,1609
2025-09-15 09:00:00,0.6659550000000001,0.6659649999999999,0.665395,0.66544,1608
2025-09-15 10:00:00,0.665435,0.66629,0.66543,0.665635,1914
2025-09-15 11:00:00,0.665645,0.66614,0.665625,0.66601,1095
2025-09-15 12:00:00,0.66601,0.6668799999999999,0.66601,0.6666099999999999,2462
2025-09-15 13:00:00,0.666615,0.666685,0.66568,0.66569,3016
2025-09-15 14:00:00,0.6656949999999999,0.666075,0.665335,0.6659349999999999,3849
2025-09-15 15:00:00,0.66594,0.6671499999999999,0.665895,0.66702,2110
2025-09-15 16:00:00,0.667025,0.667195,0.66647,0.66655,1779
2025-09-15 17:00:00,0.66656,0.667405,0.66647,0.66737,1519
2025-09-15 18:00:00,0.66738,0.66749,0.66711,0.66719,1799
2025-09-15 19:00:00,0.6672100000000001,0.66731,0.666995,0.66719,1499
2025-09-15 20:00:00,0.6671849999999999,0.6672750000000001,0.6669149999999999,0.6669149999999999,879
2025-09-15 21:00:00,0.6669400000000001,0.6669400000000001,0.6666000000000001,0.66683,934
2025-09-15 22:00:00,0.6668700000000001,0.667235,0.6668700000000001,0.66704,571
2025-09-15 23:00:00,0.667055,0.667305,0.667055,0.66726,511
2025-09-16 00:00:00,0.66725,0.667655,0.66659,0.666795,1382
2025-09-16 01:00:00,0.6668000000000001,0.667225,0.6665449999999999,0.667,1486
2025-09-16 02:00:00,0.66699,0.6670849999999999,0.66626,0.666405,1590
2025-09-16 03:00:00,0.666415,0.66737,0.666315,0.66689,1210
2025-09-16 04:00:00,0.6668799999999999,0.66692,0.66604,0.666175,1032
2025-09-16 05:00:00,0.6661900000000001,0.666695,0.666085,0.6665650000000001,1117
2025-09-16 06:00:00,0.6665749999999999,0.667135,0.66642,0.6668149999999999,1890
2025-09-16 07:00:00,0.666825,0.6672549999999999,0.66618,0.666285,2343
2025-09-16 08:00:00,0.666275,0.6668449999999999,0.6659999999999999,0.66626,2048
2025-09-16 09:00:00,0.666275,0.66724,0.666245,0.66679,2069
2025-09-16 10:00:00,0.66679,0.667035,0.66639,0.6666300000000001,1810
2025-09-16 11:00:00,0.66664,0.667665,0.66652,0.6674100000000001,2007
2025-09-16 12:00:00,0.667405,0.6675949999999999,0.6661699999999999,0.6668000000000001,3925
2025-09-16 13:00:00,0.6668149999999999,0.667675,0.66672,0.66678,5097
2025-09-16 14:00:00,0.66678,0.6678550000000001,0.666465,0.6677150000000001,5276
2025-09-16 15:00:00,0.667705,0.667725,0.6665449999999999,0.66758,3110
2025-09-16 16:00:00,0.667585,0.668555,0.66749,0.66831,2182
2025-09-16 17:00:00,0.6683,0.66883,0.66819,0.66846,1637
2025-09-16 18:00:00,0.668455,0.66874,0.668255,0.66835,1405
2025-09-16 19:00:00,0.668345,0.66848,0.667985,0.6680550000000001,1724
2025-09-16 20:00:00,0.668065,0.668755,0.66804,0.6685399999999999,1056
2025-09-16 21:00:00,0.66854,0.66854,0.66778,0.66828,1285
2025-09-16 22:00:00,0.6683,0.66846,0.66816,0.668385,587
2025-09-16 23:00:00,0.66839,0.6688799999999999,0.66839,0.66886,518
2025-09-17 00:00:00,0.6688700000000001,0.66899,0.668105,0.668275,1328
2025-09-17 01:00:00,0.668285,0.668475,0.6673899999999999,0.668005,1693
2025-09-17 02:00:00,0.667995,0.668045,0.66724,0.6677500000000001,1237
2025-09-17 03:00:00,0.6677599999999999,0.667985,0.667585,0.66764,832
2025-09-17 04:00:00,0.6676200000000001,0.66776,0.667445,0.66756,693
2025-09-17 05:00:00,0.667565,0.66778,0.6674450000000001,0.6677649999999999,882
2025-09-17 06:00:00,0.6677649999999999,0.66778,0.667005,0.6673450000000001,1504
2025-09-17 07:00:00,0.66734,0.6673899999999999,0.666895,0.667005,1869
2025-09-17 08:00:00,0.667015,0.66734,0.666615,0.667115,1617
2025-09-17 09:00:00,0.6671199999999999,0.6674549999999999,0.66682,0.667265,1032
2025-09-17 10:00:00,0.66726,0.667465,0.666715,0.666955,1292
2025-09-17 11:00:00,0.666995,0.6678850000000001,0.66697,0.667575,1342
2025-09-17 12:00:00,0.667565,0.6681349999999999,0.667505,0.6680250000000001,1928
2025-09-17 13:00:00,0.6680299999999999,0.668145,0.6675,0.668015,2159
2025-09-17 14:00:00,0.668015,0.6682999999999999,0.667075,0.6670849999999999,2479
2025-09-17 15:00:00,0.6670750000000001,0.6671050000000001,0.666405,0.666675,1920
2025-09-17 16:00:00,0.666665,0.666845,0.6661900000000001,0.6663749999999999,1538
2025-09-17 17:00:00,0.666385,0.666925,0.666175,0.666865,1213
2025-09-17 18:00:00,0.666885,0.6707099999999999,0.66413,0.6656,19744
2025-09-17 19:00:00,0.665615,0.6675899999999999,0.66535,0.665895,11235
2025-09-17 20:00:00,0.66591,0.66604,0.665095,0.665315,1449
2025-09-17 21:00:00,0.6652899999999999,0.665625,0.6649849999999999,0.665335,957
2025-09-17 22:00:00,0.665345,0.6658649999999999,0.665145,0.665665,1242
2025-09-17 23:00:00,0.665665,0.66576,0.6651199999999999,0.665205,1166
2025-09-18 00:00:00,0.665215,0.66534,0.66439,0.66506,2361
2025-09-18 01:00:00,0.66507,0.66538,0.66334,0.664015,4029
2025-09-18 02:00:00,0.66401,0.6651549999999999,0.66401,0.66489,1780
2025-09-18 03:00:00,0.66489,0.66509,0.6642399999999999,0.664255,1281
2025-09-18 04:00:00,0.664265,0.66431,0.662885,0.6630849999999999,1281
2025-09-18 05:00:00,0.6630750000000001,0.663105,0.662155,0.6623950000000001,1671
2025-09-18 06:00:00,0.662425,0.66256,0.6615800000000001,0.662095,3179
2025-09-18 07:00:00,0.6621,0.664705,0.66196,0.664245,3631
2025-09-18 08:00:00,0.6642250000000001,0.664275,0.663575,0.663845,3065
2025-09-18 09:00:00,0.66384,0.66537,0.663675,0.66535,3612
2025-09-18 10:00:00,0.665345,0.66599,0.6652,0.6655,2020
2025-09-18 11:00:00,0.665495,0.665815,0.664845,0.665205,2249
2025-09-18 12:00:00,0.66518,0.665235,0.663105,0.663115,3970
2025-09-18 13:00:00,0.6631100000000001,0.663235,0.660705,0.6621,6254
2025-09-18 14:00:00,0.66209,0.66271,0.6611750000000001,0.6613249999999999,7237
2025-09-18 15:00:00,0.66133,0.6619600000000001,0.660915,0.6613,4449
2025-09-18 16:00:00,0.6612899999999999,0.6619,0.66125,0.66185,2054
2025-09-18 17:00:00,0.66184,0.662285,0.661545,0.66168,1577
2025-09-18 18:00:00,0.66169,0.66181,0.661295,0.661605,1264
2025-09-18 19:00:00,0.6615949999999999,0.66174,0.6611450000000001,0.6611849999999999,1387
2025-09-18 20:00:00,0.6611899999999999,0.66133,0.6610149999999999,0.6611849999999999,629
2025-09-18 21:00:00,0.661245,0.66168,0.66117,0.661285,943
2025-09-18 22:00:00,0.66126,0.661485,0.661165,0.661375,613
2025-09-18 23:00:00,0.661365,0.66178,0.6613100000000001,0.66169,594
2025-09-19 00:00:00,0.66168,0.66197,0.6606650000000001,0.661205,1761
2025-09-19 01:00:00,0.661195,0.6612750000000001,0.65997,0.66019,2636
2025-09-19 02:00:00,0.660185,0.660965,0.6599900000000001,0.6607149999999999,1656
2025-09-19 03:00:00,0.66071,0.661645,0.66071,0.6611899999999999,2836
2025-09-19 04:00:00,0.661205,0.66149,0.66013,0.6604,2590
2025-09-19 05:00:00,0.6604099999999999,0.66071,0.65962,0.6598550000000001,1990
2025-09-19 06:00:00,0.65985,0.65985,0.658785,0.6595949999999999,4282
2025-09-19 07:00:00,0.6596,0.6612549999999999,0.659305,0.660185,4561
2025-09-19 08:00:00,0.660175,0.660785,0.65957,0.6607149999999999,2492
2025-09-19 09:00:00,0.660725,0.661115,0.66022,0.6603650000000001,1766
2025-09-19 10:00:00,0.6603749999999999,0.660845,0.660265,0.660385,1395
2025-09-19 11:00:00,0.66039,0.66045,0.659235,0.65926,2175
2025-09-19 12:00:00,0.659275,0.65951,0.65859,0.6588149999999999,2836
2025-09-19 13:00:00,0.658805,0.66003,0.658795,0.659385,3916
2025-09-19 14:00:00,0.659375,0.659885,0.6590499999999999,0.6598649999999999,4592
2025-09-19 15:00:00,0.65987,0.6599299999999999,0.658995,0.659485,3091
2025-09-19 16:00:00,0.659475,0.6596150000000001,0.65924,0.659555,1231
2025-09-19 17:00:00,0.6595599999999999,0.65973,0.65941,0.6594949999999999,937
2025-09-19 18:00:00,0.65948,0.6595,0.6592899999999999,0.6595,1064
2025-09-19 19:00:00,0.6595,0.659775,0.65945,0.65951,827
2025-09-19 20:00:00,0.659505,0.6595150000000001,0.658995,0.6593199999999999,1261
2025-09-21 22:00:00,0.659055,0.659565,0.659045,0.65939,649
2025-09-21 23:00:00,0.659375,0.65943,0.658855,0.658855,541
2025-09-22 00:00:00,0.658825,0.65972,0.6582049999999999,0.658485,1689
2025-09-22 01:00:00,0.6584749999999999,0.65905,0.65808,0.6587350000000001,3035
2025-09-22 02:00:00,0.6587449999999999,0.65924,0.65843,0.659065,1498
2025-09-22 03:00:00,0.659045,0.659655,0.659045,0.6594,791
2025-09-22 04:00:00,0.6594,0.65954,0.6591,0.659485,780
2025-09-22 05:00:00,0.659465,0.65969,0.659165,0.6592800000000001,1050
2025-09-22 06:00:00,0.659275,0.65935,0.658685,0.65879,2020
2025-09-22 07:00:00,0.658795,0.6589,0.6574949999999999,0.658,3128
2025-09-22 08:00:00,0.6579900000000001,0.6594949999999999,0.6579200000000001,0.659435,2662
2025-09-22 09:00:00,0.659435,0.65971,0.6592549999999999,0.659655,1829
2025-09-22 10:00:00,0.659645,0.65996,0.6594599999999999,0.65954,1282
2025-09-22 11:00:00,0.659535,0.65966,0.659225,0.659655,1426
2025-09-22 12:00:00,0.65966,0.659975,0.659245,0.659795,1988
2025-09-22 13:00:00,0.65979,0.659965,0.65815,0.65882,3618
2025-09-22 14:00:00,0.6588149999999999,0.6590199999999999,0.65778,0.658955,2757
2025-09-22 15:00:00,0.6589499999999999,0.659095,0.65845,0.658955,1887
2025-09-22 16:00:00,0.65896,0.659605,0.65884,0.6593,1591
2025-09-22 17:00:00,0.6593100000000001,0.65985,0.6593100000000001,0.65978,938
2025-09-22 18:00:00,0.6597649999999999,0.66001,0.65969,0.65997,802
2025-09-22 19:00:00,0.659975,0.6602600000000001,0.65986,0.65999,814
2025-09-22 20:00:00,0.65998,0.66008,0.6597299999999999,0.659945,767
2025-09-22 21:00:00,0.65988,0.65988,0.65955,0.6597500000000001,691
2025-09-22 22:00:00,0.659715,0.660045,0.659695,0.659905,342
2025-09-22 23:00:00,0.659915,0.66011,0.65981,0.6600999999999999,359
2025-09-23 00:00:00,0.6600999999999999,0.660165,0.6593,0.659665,1084
2025-09-23 01:00:00,0.659675,0.659735,0.658965,0.659395,1614
2025-09-23 02:00:00,0.659405,0.65951,0.65814,0.658515,1742
2025-09-23 03:00:00,0.658505,0.658945,0.65829,0.6587700000000001,1286
2025-09-23 04:00:00,0.658775,0.658965,0.6583,0.6583,1013
2025-09-23 05:00:00,0.6582950000000001,0.659135,0.65813,0.65879,1494
2025-09-23 06:00:00,0.658785,0.65969,0.65831,0.6592549999999999,2375
2025-09-23 07:00:00,0.6592450000000001,0.6593199999999999,0.658425,0.65879,3657
2025-09-23 08:00:00,0.65878,0.6600900000000001,0.6587,0.65991,2308
2025-09-23 09:00:00,0.659905,0.66083,0.6598649999999999,0.660495,1739
2025-09-23 10:00:00,0.660505,0.6611549999999999,0.660355,0.660765,1678
2025-09-23 11:00:00,0.66075,0.6610750000000001,0.660445,0.66054,1480
2025-09-23 12:00:00,0.660535,0.6609700000000001,0.660395,0.6608050000000001,1994
2025-09-23 13:00:00,0.660815,0.661555,0.65986,0.660505,3807
2025-09-23 14:00:00,0.6605,0.6608350000000001,0.65991,0.660535,4333
2025-09-23 15:00:00,0.66053,0.6605700000000001,0.65968,0.65993,2177
2025-09-23 16:00:00,0.65994,0.66074,0.65939,0.6602399999999999,2634
2025-09-23 17:00:00,0.6602300000000001,0.6606,0.6595249999999999,0.6595949999999999,2561
2025-09-23 18:00:00,0.6596200000000001,0.65992,0.65934,0.65946,1715
2025-09-23 19:00:00,0.659455,0.66005,0.659365,0.659915,1525
2025-09-23 20:00:00,0.65993,0.66002,0.65947,0.6598599999999999,768
2025-09-23 21:00:00,0.6598550000000001,0.6598550000000001,0.659535,0.6597500000000001,646
2025-09-23 22:00:00,0.659735,0.660285,0.659715,0.660005,637
2025-09-23 23:00:00,0.66,0.6600600000000001,0.6596949999999999,0.6598900000000001,769
2025-09-24 00:00:00,0.65991,0.65997,0.6591800000000001,0.65946,1519
2025-09-24 01:00:00,0.659465,0.66127,0.65888,0.6611400000000001,3510
2025-09-24 02:00:00,0.661155,0.66231,0.661065,0.6621999999999999,2588
2025-09-24 03:00:00,0.6622,0.6623,0.661455,0.66155,1215
2025-09-24 04:00:00,0.661555,0.6621049999999999,0.661435,0.661995,958
2025-09-24 05:00:00,0.6619900000000001,0.662235,0.6617299999999999,0.6622049999999999,1044
2025-09-24 06:00:00,0.662235,0.66281,0.661575,0.6615949999999999,2442
2025-09-24 07:00:00,0.6615800000000001,0.662305,0.66145,0.662045,2491
2025-09-24 08:00:00,0.66203,0.662185,0.66076,0.6612899999999999,2839
2025-09-24 09:00:00,0.66129,0.6615850000000001,0.660855,0.66118,2941
2025-09-24 10:00:00,0.6611849999999999,0.6612100000000001,0.6604399999999999,0.660575,1831
2025-09-24 11:00:00,0.6605749999999999,0.6607,0.6601349999999999,0.660215,1485
2025-09-24 12:00:00,0.660205,0.661235,0.659105,0.659395,3073
2025-09-24 13:00:00,0.6593899999999999,0.65959,0.65866,0.659265,3612
2025-09-24 14:00:00,0.65927,0.65968,0.658335,0.659125,6542
2025-09-24 15:00:00,0.659125,0.65923,0.6584749999999999,0.658595,3227
2025-09-24 16:00:00,0.6586000000000001,0.658615,0.6574800000000001,0.65764,2746
2025-09-24 17:00:00,0.65765,0.658485,0.6576150000000001,0.65814,1583
2025-09-24 18:00:00,0.6581349999999999,0.658195,0.6576949999999999,0.658005,1504
2025-09-24 19:00:00,0.65801,0.658345,0.657905,0.658285,1400
2025-09-24 20:00:00,0.65829,0.6584,0.658115,0.658265,1253
2025-09-24 21:00:00,0.65825,0.658585,0.65808,0.6581049999999999,1297
2025-09-24 22:00:00,0.6581300000000001,0.65861,0.65812,0.6585749999999999,561
2025-09-24 23:00:00,0.658585,0.65866,0.65838,0.65861,686
2025-09-25 00:00:00,0.65861,0.65939,0.658435,0.6593100000000001,1984
2025-09-25 01:00:00,0.659315,0.6594450000000001,0.658445,0.65874,1937
2025-09-25 02:00:00,0.6587449999999999,0.65986,0.6587449999999999,0.659845,1539
2025-09-25 03:00:00,0.65985,0.660015,0.659645,0.6599349999999999,1466
2025-09-25 04:00:00,0.659955,0.660075,0.65969,0.6597649999999999,1052
2025-09-25 05:00:00,0.65977,0.659835,0.65905,0.65947,1329
2025-09-25 06:00:00,0.659485,0.66005,0.659135,0.659475,2495
2025-09-25 07:00:00,0.659455,0.6594800000000001,0.6585399999999999,0.658565,3174
2025-09-25 08:00:00,0.65857,0.660085,0.658515,0.65984,2655
2025-09-25 09:00:00,0.659865,0.6604,0.6595850000000001,0.6598649999999999,2021
2025-09-25 10:00:00,0.659875,0.660035,0.65903,0.65903,1725
2025-09-25 11:00:00,0.659025,0.6591199999999999,0.65824,0.6582600000000001,2887
2025-09-25 12:00:00,0.65825,0.65847,0.65554,0.65607,6510
2025-09-25 13:00:00,0.656065,0.656345,0.65439,0.6546350000000001,6075
2025-09-25 14:00:00,0.6546350000000001,0.65523,0.6544,0.654765,6049
2025-09-25 15:00:00,0.65476,0.655165,0.65434,0.6549750000000001,4729
2025-09-25 16:00:00,0.654965,0.6551450000000001,0.6541600000000001,0.6543,2504
2025-09-25 17:00:00,0.65429,0.654345,0.65323,0.6533,2894
2025-09-25 18:00:00,0.6533100000000001,0.65364,0.652605,0.65337,2211
2025-09-25 19:00:00,0.6533599999999999,0.65375,0.65332,0.6536900000000001,1546
2025-09-25 20:00:00,0.65368,0.6541399999999999,0.653565,0.654045,878
2025-09-25 21:00:00,0.65402,0.6545099999999999,0.6534150000000001,0.6539699999999999,2306
2025-09-25 22:00:00,0.653965,0.654185,0.653775,0.653875,573
2025-09-25 23:00:00,0.653865,0.65388,0.6533549999999999,0.653815,917
2025-09-26 00:00:00,0.6538200000000001,0.6538349999999999,0.6530849999999999,0.65377,2015
2025-09-26 01:00:00,0.65377,0.65399,0.6532899999999999,0.6533450000000001,2415
2025-09-26 02:00:00,0.65334,0.65446,0.653295,0.654055,1408
2025-09-26 03:00:00,0.6540699999999999,0.654355,0.65401,0.654235,747
2025-09-26 04:00:00,0.6542300000000001,0.65432,0.653875,0.654175,1067
2025-09-26 05:00:00,0.65418,0.65436,0.6538999999999999,0.65404,1096
2025-09-26 06:00:00,0.654055,0.654405,0.653445,0.65376,2359
2025-09-26 07:00:00,0.65375,0.654065,0.65263,0.653115,2536
2025-09-26 08:00:00,0.653125,0.653605,0.65296,0.653185,1801
2025-09-26 09:00:00,0.65316,0.65341,0.6526700000000001,0.652745,1611
2025-09-26 10:00:00,0.65273,0.652795,0.652065,0.65227,1631
2025-09-26 11:00:00,0.65227,0.65308,0.652235,0.652695,1538
2025-09-26 12:00:00,0.652685,0.6539999999999999,0.65259,0.653815,4261
2025-09-26 13:00:00,0.653815,0.654425,0.65329,0.65415,4759
2025-09-26 14:00:00,0.654145,0.6547149999999999,0.65364,0.654285,5586
2025-09-26 15:00:00,0.6542749999999999,0.654845,0.6539699999999999,0.6544300000000001,3157
2025-09-26 16:00:00,0.654435,0.654935,0.65419,0.6548799999999999,1769
2025-09-26 17:00:00,0.65489,0.65508,0.6547449999999999,0.654925,1382
2025-09-26 18:00:00,0.654915,0.65513,0.65465,0.655045,1254
2025-09-26 19:00:00,0.6550400000000001,0.6551499999999999,0.654705,0.655135,1105
2025-09-26 20:00:00,0.655125,0.65516,0.6545099999999999,0.6545650000000001,1522
2025-09-28 22:00:00,0.654955,0.655035,0.654685,0.654925,497
2025-09-28 23:00:00,0.654915,0.65524,0.6548700000000001,0.6551899999999999,500
2025-09-29 00:00:00,0.65517,0.6557900000000001,0.6550400000000001,0.65566,1432
2025-09-29 01:00:00,0.655655,0.65585,0.654775,0.6554150000000001,1949
2025-09-29 02:00:00,0.655405,0.656325,0.6552199999999999,0.6562049999999999,1484
2025-09-29 03:00:00,0.656215,0.65672,0.6559900000000001,0.656665,1001
2025-09-29 04:00:00,0.656655,0.65734,0.65645,0.6571,843
2025-09-29 05:00:00,0.65709,0.65726,0.6568,0.6570499999999999,1225
2025-09-29 06:00:00,0.6570400000000001,0.6571899999999999,0.65643,0.656455,2370
2025-09-29 07:00:00,0.656465,0.65733,0.6562950000000001,0.656905,2344
2025-09-29 08:00:00,0.656915,0.657265,0.65638,0.656945,1755
2025-09-29 09:00:00,0.65695,0.657135,0.656405,0.656645,1504
2025-09-29 10:00:00,0.656665,0.6568149999999999,0.6562399999999999,0.6563,1488
2025-09-29 11:00:00,0.656295,0.6567449999999999,0.65596,0.65674,1414
2025-09-29 12:00:00,0.65675,0.657225,0.65603,0.6568050000000001,3037
2025-09-29 13:00:00,0.656815,0.6571899999999999,0.65626,0.656635,4105
2025-09-29 14:00:00,0.65664,0.65778,0.656265,0.6576,3770
2025-09-29 15:00:00,0.6576,0.65801,0.657335,0.6576299999999999,2853
2025-09-29 16:00:00,0.6576299999999999,0.65789,0.65743,0.657575,1329
2025-09-29 17:00:00,0.65757,0.6576850000000001,0.65743,0.657475,979
2025-09-29 18:00:00,0.65749,0.65812,0.65741,0.6581049999999999,885
2025-09-29 19:00:00,0.6581049999999999,0.65811,0.65774,0.65782,969
2025-09-29 20:00:00,0.657815,0.657835,0.6575,0.6577,814
2025-09-29 21:00:00,0.6577,0.6577900000000001,0.65744,0.65751,1652
2025-09-29 22:00:00,0.6574949999999999,0.657835,0.6574850000000001,0.657755,434
2025-09-29 23:00:00,0.65776,0.6580900000000001,0.65774,0.6577999999999999,348
2025-09-30 00:00:00,0.657785,0.658045,0.657115,0.6578649999999999,1828
2025-09-30 01:00:00,0.65786,0.65886,0.65779,0.6577999999999999,3026
2025-09-30 02:00:00,0.6577999999999999,0.6593,0.657505,0.6593,2386
2025-09-30 03:00:00,0.6593,0.659605,0.6586449999999999,0.658855,1403
2025-09-30 04:00:00,0.65886,0.6608700000000001,0.658415,0.660655,2703
2025-09-30 05:00:00,0.66064,0.660895,0.65993,0.6600299999999999,2194
2025-09-30 06:00:00,0.6600349999999999,0.660475,0.659475,0.659875,3396
2025-09-30 07:00:00,0.65985,0.660695,0.65754,0.66022,5210
2025-09-30 08:00:00,0.660215,0.661385,0.660115,0.660975,4619
2025-09-30 09:00:00,0.66098,0.661225,0.660335,0.66122,2652
2025-09-30 10:00:00,0.661205,0.6613450000000001,0.6606650000000001,0.66092,1828
2025-09-30 11:00:00,0.66093,0.66113,0.660435,0.6609849999999999,2262
2025-09-30 12:00:00,0.66098,0.66161,0.66083,0.66125,3410
2025-09-30 13:00:00,0.661245,0.662265,0.6608,0.66197,3570
2025-09-30 14:00:00,0.661945,0.662855,0.66177,0.662755,4375
2025-09-30 15:00:00,0.66275,0.66275,0.660935,0.661295,4489
2025-09-30 16:00:00,0.661285,0.66215,0.6611400000000001,0.66196,2117
2025-09-30 17:00:00,0.66195,0.662155,0.661735,0.6617500000000001,1270
2025-09-30 18:00:00,0.6617500000000001,0.661895,0.661365,0.66159,1427
2025-09-30 19:00:00,0.6615800000000001,0.66168,0.661315,0.6616249999999999,1682
2025-09-30 20:00:00,0.6616299999999999,0.661655,0.66117,0.6613249999999999,971
2025-09-30 21:00:00,0.66135,0.6614249999999999,0.660795,0.66113,1854
2025-09-30 22:00:00,0.66113,0.661565,0.661125,0.661375,834
2025-09-30 23:00:00,0.66136,0.66185,0.6609700000000001,0.66107,730
2025-10-01 00:00:00,0.66108,0.66108,0.660245,0.66045,2039
2025-10-01 01:00:00,0.66045,0.660525,0.6595899999999999,0.660145,2172
2025-10-01 02:00:00,0.66015,0.660195,0.65934,0.659645,1451
2025-10-01 03:00:00,0.65966,0.6596949999999999,0.6589400000000001,0.6594800000000001,1415
2025-10-01 04:00:00,0.65949,0.6603600000000001,0.659165,0.66034,1666
2025-10-01 05:00:00,0.660345,0.6609,0.659865,0.65997,2183
2025-10-01 06:00:00,0.6599649999999999,0.66124,0.65992,0.660905,2855
2025-10-01 07:00:00,0.66092,0.66177,0.6604650000000001,0.6611,4166
2025-10-01 08:00:00,0.661105,0.661995,0.661105,0.6614500000000001,3603
2025-10-01 09:00:00,0.66144,0.6616949999999999,0.66098,0.661235,3305
2025-10-01 10:00:00,0.6612450000000001,0.66143,0.660575,0.66099,2893
2025-10-01 11:00:00,0.6610050000000001,0.662,0.660995,0.661505,2166
2025-10-01 12:00:00,0.6615150000000001,0.6629,0.66058,0.661975,9421
2025-10-01 13:00:00,0.66198,0.662295,0.661365,0.661645,5682
2025-10-01 14:00:00,0.66164,0.6622600000000001,0.66054,0.661015,8045
2025-10-01 15:00:00,0.66101,0.66124,0.6599200000000001,0.6602950000000001,4439
2025-10-01 16:00:00,0.660285,0.660895,0.6601349999999999,0.660865,2815
2025-10-01 17:00:00,0.660875,0.66122,0.66083,0.66089,1972
2025-10-01 18:00:00,0.6609,0.66205,0.6608050000000001,0.66172,2150
2025-10-01 19:00:00,0.6617299999999999,0.6617999999999999,0.6612750000000001,0.66133,1012
2025-10-01 20:00:00,0.661335,0.661355,0.6609750000000001,0.6612800000000001,891
2025-10-01 21:00:00,0.661295,0.661725,0.661065,0.66136,648
2025-10-01 22:00:00,0.661365,0.6615500000000001,0.661215,0.66122,447
2025-10-01 23:00:00,0.661235,0.661575,0.6611400000000001,0.66156,561
2025-10-02 00:00:00,0.66157,0.66157,0.6606449999999999,0.66071,1844
2025-10-02 01:00:00,0.66073,0.662115,0.66025,0.661975,1999
2025-10-02 02:00:00,0.661975,0.66214,0.6614949999999999,0.661725,1307
2025-10-02 03:00:00,0.66171,0.661745,0.66113,0.661575,983
2025-10-02 04:00:00,0.66157,0.66184,0.66133,0.66174,711
2025-10-02 05:00:00,0.6617299999999999,0.66214,0.6614199999999999,0.661735,1366
2025-10-02 06:00:00,0.66176,0.6620550000000001,0.661165,0.661915,2491
2025-10-02 07:00:00,0.66192,0.662455,0.6618550000000001,0.66227,2549
2025-10-02 08:00:00,0.662275,0.662445,0.661565,0.6621049999999999,2655
2025-10-02 09:00:00,0.6621,0.66222,0.66141,0.66159,1963
2025-10-02 10:00:00,0.6615800000000001,0.6615800000000001,0.661095,0.661385,1881
2025-10-02 11:00:00,0.66137,0.66143,0.6603049999999999,0.660615,2198
2025-10-02 12:00:00,0.66063,0.66091,0.659925,0.660215,2349
2025-10-02 13:00:00,0.660215,0.660695,0.658945,0.65936,4582
2025-10-02 14:00:00,0.65933,0.65933,0.65837,0.658635,4568
2025-10-02 15:00:00,0.658625,0.65896,0.6576949999999999,0.6585799999999999,4045
2025-10-02 16:00:00,0.6585749999999999,0.65939,0.6584650000000001,0.6593800000000001,2789
2025-10-02 17:00:00,0.65937,0.65959,0.65915,0.65923,1666
2025-10-02 18:00:00,0.65922,0.659815,0.6592,0.659755,1346
2025-10-02 19:00:00,0.65976,0.65998,0.65957,0.65964,880
2025-10-02 20:00:00,0.6596200000000001,0.659975,0.6594450000000001,0.6595949999999999,689
2025-10-02 21:00:00,0.6595949999999999,0.659705,0.6593549999999999,0.6594450000000001,998
2025-10-02 22:00:00,0.65944,0.6597949999999999,0.65941,0.659575,510
2025-10-02 23:00:00,0.659585,0.659905,0.6595599999999999,0.659905,393
2025-10-03 00:00:00,0.6599200000000001,0.660285,0.65963,0.660095,1362
2025-10-03 01:00:00,0.660085,0.660415,0.6595949999999999,0.6602600000000001,2242
2025-10-03 02:00:00,0.6602699999999999,0.66029,0.659365,0.65953,1647
2025-10-03 03:00:00,0.6595,0.6598900000000001,0.659315,0.659805,953
2025-10-03 04:00:00,0.6597999999999999,0.6599999999999999,0.65909,0.659095,950
2025-10-03 05:00:00,0.65909,0.65947,0.658955,0.65899,2267
2025-10-03 06:00:00,0.659,0.6602950000000001,0.658895,0.659715,2854
2025-10-03 07:00:00,0.65971,0.66089,0.65971,0.660555,2389
2025-10-03 08:00:00,0.66055,0.6609149999999999,0.66039,0.6606650000000001,2688
2025-10-03 09:00:00,0.66067,0.66073,0.660065,0.660615,1758
2025-10-03 10:00:00,0.66062,0.660685,0.660265,0.6604,1529
2025-10-03 11:00:00,0.6603950000000001,0.6606650000000001,0.6600699999999999,0.66052,1882
2025-10-03 12:00:00,0.660515,0.6607700000000001,0.65996,0.6606449999999999,2372
2025-10-03 13:00:00,0.660655,0.660745,0.6600250000000001,0.660195,3316
2025-10-03 14:00:00,0.660205,0.660965,0.659945,0.6603600000000001,6336
2025-10-03 15:00:00,0.6603600000000001,0.6614150000000001,0.660045,0.66131,2486
2025-10-03 16:00:00,0.661295,0.66135,0.66089,0.66092,1420
2025-10-03 17:00:00,0.66091,0.6609499999999999,0.6597200000000001,0.660015,1547
2025-10-03 18:00:00,0.66003,0.66032,0.6595,0.66025,1374
2025-10-03 19:00:00,0.660235,0.6605300000000001,0.66022,0.66042,1125
2025-10-03 20:00:00,0.6604099999999999,0.660525,0.65999,0.660285,1394
2025-10-05 22:00:00,0.659185,0.6593500000000001,0.6585650000000001,0.65886,2336
2025-10-05 23:00:00,0.65887,0.65945,0.6587350000000001,0.659385,1867
2025-10-06 00:00:00,0.65942,0.659845,0.6592199999999999,0.659815,1772
2025-10-06 01:00:00,0.659835,0.660775,0.65928,0.6607,1603
2025-10-06 02:00:00,0.660705,0.6611750000000001,0.66054,0.66089,1287
2025-10-06 03:00:00,0.660885,0.661355,0.66065,0.6608400000000001,1243
2025-10-06 04:00:00,0.660845,0.6610050000000001,0.660255,0.66029,1613
2025-10-06 05:00:00,0.6603,0.6605,0.6600349999999999,0.660485,1140
2025-10-06 06:00:00,0.66049,0.661015,0.65999,0.6609400000000001,2579
2025-10-06 07:00:00,0.660935,0.661795,0.660275,0.66044,5163
2025-10-06 08:00:00,0.66045,0.660615,0.65924,0.659945,4684
2025-10-06 09:00:00,0.65991,0.6599550000000001,0.659035,0.659745,2096
2025-10-06 10:00:00,0.6597299999999999,0.6597299999999999,0.659065,0.65947,1714
2025-10-06 11:00:00,0.6594800000000001,0.659995,0.65922,0.6597999999999999,1908
2025-10-06 12:00:00,0.65979,0.661045,0.6595599999999999,0.660995,3848
2025-10-06 13:00:00,0.661,0.661905,0.6607,0.661645,3869
2025-10-06 14:00:00,0.66162,0.66205,0.66152,0.661725,3482
2025-10-06 15:00:00,0.661725,0.66202,0.6615249999999999,0.66179,4310
2025-10-06 16:00:00,0.66179,0.6618550000000001,0.66131,0.66172,2445
2025-10-06 17:00:00,0.66173,0.661895,0.661665,0.661775,2092
2025-10-06 18:00:00,0.66178,0.661925,0.66161,0.6617649999999999,1465
2025-10-06 19:00:00,0.66177,0.66204,0.6615,0.6615500000000001,1240
2025-10-06 20:00:00,0.661555,0.6619,0.661475,0.6615599999999999,805
2025-10-06 21:00:00,0.661545,0.66174,0.6612800000000001,0.6612899999999999,343
2025-10-06 22:00:00,0.66137,0.6619900000000001,0.66137,0.661855,1199
2025-10-06 23:00:00,0.66186,0.661905,0.661555,0.66164,699
2025-10-07 00:00:00,0.66165,0.662065,0.660795,0.66091,1743
2025-10-07 01:00:00,0.6609149999999999,0.661535,0.660425,0.661385,1581
2025-10-07 02:00:00,0.66139,0.66214,0.66135,0.6618550000000001,1198
2025-10-07 03:00:00,0.66185,0.662435,0.661805,0.6619,1174
2025-10-07 04:00:00,0.661895,0.66198,0.660995,0.6611499999999999,766
2025-10-07 05:00:00,0.66113,0.66125,0.66013,0.66024,1266
2025-10-07 06:00:00,0.6602399999999999,0.660245,0.659305,0.6597999999999999,2270
2025-10-07 07:00:00,0.659785,0.6597850000000001,0.658565,0.65906,2364
2025-10-07 08:00:00,0.65906,0.659245,0.658655,0.659065,2122
2025-10-07 09:00:00,0.65906,0.659545,0.658845,0.6595249999999999,3243
2025-10-07 10:00:00,0.659525,0.659705,0.65924,0.65931,1408
2025-10-07 11:00:00,0.6593,0.659335,0.6583950000000001,0.65865,1704
2025-10-07 12:00:00,0.65863,0.658855,0.6580999999999999,0.65872,2744
2025-10-07 13:00:00,0.6587149999999999,0.65971,0.65852,0.6592549999999999,4533
2025-10-07 14:00:00,0.6592450000000001,0.65949,0.6587449999999999,0.6588099999999999,4126
2025-10-07 15:00:00,0.65881,0.6594800000000001,0.65849,0.65855,3502
2025-10-07 16:00:00,0.658545,0.6591899999999999,0.6584,0.65857,2060
2025-10-07 17:00:00,0.658565,0.6592,0.658565,0.6587,2686
2025-10-07 18:00:00,0.658705,0.65874,0.658345,0.6584749999999999,3628
2025-10-07 19:00:00,0.65847,0.658505,0.6578649999999999,0.65795,1644
2025-10-07 20:00:00,0.65795,0.658265,0.657895,0.658065,753
2025-10-07 21:00:00,0.6581600000000001,0.65838,0.6578999999999999,0.658075,389
2025-10-07 22:00:00,0.65806,0.65857,0.65806,0.65856,542
2025-10-07 23:00:00,0.65857,0.65862,0.658,0.65801,848
2025-10-08 00:00:00,0.658005,0.65806,0.6574450000000001,0.6576,1891
2025-10-08 01:00:00,0.6575949999999999,0.65799,0.6560999999999999,0.65642,4978
2025-10-08 02:00:00,0.6564300000000001,0.6565799999999999,0.655805,0.656315,1716
2025-10-08 03:00:00,0.656335,0.6567149999999999,0.655925,0.6566799999999999,1334
2025-10-08 04:00:00,0.65669,0.65675,0.656195,0.65638,1039
2025-10-08 05:00:00,0.6563749999999999,0.6564650000000001,0.65591,0.65631,1357
2025-10-08 06:00:00,0.656315,0.656675,0.65565,0.65615,2164
2025-10-08 07:00:00,0.6561600000000001,0.65698,0.65603,0.656665,3952
2025-10-08 08:00:00,0.65666,0.65698,0.65586,0.65607,2258
2025-10-08 09:00:00,0.656085,0.656675,0.655935,0.6561049999999999,2165
2025-10-08 10:00:00,0.656095,0.65779,0.65602,0.65758,1724
2025-10-08 11:00:00,0.657605,0.65766,0.6570849999999999,0.65715,1614
2025-10-08 12:00:00,0.6571549999999999,0.6581049999999999,0.65713,0.6579550000000001,2793
2025-10-08 13:00:00,0.6579699999999999,0.658855,0.65795,0.658155,2667
2025-10-08 14:00:00,0.65813,0.65855,0.65788,0.658285,2532
2025-10-08 15:00:00,0.65829,0.6587099999999999,0.65805,0.65809,2260
2025-10-08 16:00:00,0.658095,0.65811,0.657535,0.65795,1954
2025-10-08 17:00:00,0.65795,0.658115,0.657755,0.658005,1335
2025-10-08 18:00:00,0.658,0.65859,0.6576850000000001,0.65842,2469
2025-10-08 19:00:00,0.658415,0.658765,0.658415,0.658655,1369
2025-10-08 20:00:00,0.6586449999999999,0.6589149999999999,0.6585449999999999,0.65862,1030
2025-10-08 21:00:00,0.658625,0.658625,0.658185,0.658525,618
2025-10-08 22:00:00,0.6585000000000001,0.659185,0.65848,0.659055,876
2025-10-08 23:00:00,0.659045,0.659045,0.65828,0.6584399999999999,940
2025-10-09 00:00:00,0.65845,0.659545,0.65839,0.6593899999999999,1261
2025-10-09 01:00:00,0.6593800000000001,0.66007,0.659165,0.65926,2429
2025-10-09 02:00:00,0.65926,0.6601049999999999,0.6589849999999999,0.65985,1353
2025-10-09 03:00:00,0.659845,0.660165,0.659585,0.66011,1140
2025-10-09 04:00:00,0.66012,0.66093,0.659975,0.660655,713
2025-10-09 05:00:00,0.660645,0.6610199999999999,0.6603049999999999,0.6603049999999999,1147
2025-10-09 06:00:00,0.66032,0.66039,0.657045,0.6575,3417
2025-10-09 07:00:00,0.6574949999999999,0.658485,0.657395,0.658325,3471
2025-10-09 08:00:00,0.65835,0.65835,0.65697,0.658115,2974
2025-10-09 09:00:00,0.65812,0.65963,0.658115,0.6595249999999999,2760
2025-10-09 10:00:00,0.659535,0.659795,0.659285,0.65959,1842
2025-10-09 11:00:00,0.6595949999999999,0.6601049999999999,0.6590849999999999,0.659745,1735
2025-10-09 12:00:00,0.6597500000000001,0.661,0.659535,0.660605,2764
2025-10-09 13:00:00,0.660615,0.661235,0.65821,0.6585099999999999,5666
2025-10-09 14:00:00,0.65848,0.65848,0.65575,0.656315,6198
2025-10-09 15:00:00,0.65631,0.65648,0.65462,0.65542,4639
2025-10-09 16:00:00,0.655435,0.65585,0.6547000000000001,0.65485,3745
2025-10-09 17:00:00,0.6548350000000001,0.6553150000000001,0.6545350000000001,0.6551400000000001,3302
2025-10-09 18:00:00,0.65515,0.6553,0.654005,0.654355,1960
2025-10-09 19:00:00,0.65437,0.65526,0.654355,0.655115,1667
2025-10-09 20:00:00,0.6551,0.65568,0.6551,0.6556649999999999,1099
2025-10-09 21:00:00,0.65565,0.655655,0.65523,0.655545,351
2025-10-09 22:00:00,0.655575,0.65576,0.65538,0.655735,555
2025-10-09 23:00:00,0.655725,0.6561049999999999,0.6553549999999999,0.65605,665
2025-10-10 00:00:00,0.65604,0.656725,0.65564,0.656625,1957
2025-10-10 01:00:00,0.656625,0.6570100000000001,0.656485,0.6566,1985
2025-10-10 02:00:00,0.656595,0.6573,0.65643,0.6570199999999999,1426
2025-10-10 03:00:00,0.6570100000000001,0.6572,0.6567449999999999,0.656855,1200
2025-10-10 04:00:00,0.6568499999999999,0.65693,0.65637,0.656675,909
2025-10-10 05:00:00,0.65667,0.65688,0.656335,0.65664,1316
2025-10-10 06:00:00,0.6566350000000001,0.656695,0.65481,0.6554,3199
2025-10-10 07:00:00,0.65541,0.655695,0.65454,0.6556,3839
2025-10-10 08:00:00,0.6555850000000001,0.656285,0.6553899999999999,0.65574,1976
2025-10-10 09:00:00,0.65575,0.6557850000000001,0.65499,0.655205,1840
2025-10-10 10:00:00,0.6552100000000001,0.655775,0.65499,0.655095,1701
2025-10-10 11:00:00,0.655095,0.6555,0.6550750000000001,0.6552,1543
2025-10-10 12:00:00,0.655235,0.655945,0.65517,0.655505,2402
2025-10-10 13:00:00,0.6555,0.655545,0.65468,0.654705,3142
2025-10-10 14:00:00,0.65471,0.65505,0.65379,0.6538299999999999,4617
2025-10-10 15:00:00,0.653825,0.653825,0.648305,0.649305,14938
2025-10-10 16:00:00,0.649295,0.64959,0.64808,0.64839,7556
2025-10-10 17:00:00,0.648385,0.6492100000000001,0.64786,0.64881,3758
2025-10-10 18:00:00,0.64883,0.649215,0.648345,0.6483749999999999,4814
2025-10-10 19:00:00,0.64837,0.64896,0.64821,0.64845,2765
2025-10-10 20:00:00,0.64844,0.648625,0.6471750000000001,0.6472450000000001,4348
2025-10-12 22:00:00,0.64977,0.651405,0.64946,0.6497900000000001,3872
2025-10-12 23:00:00,0.649815,0.65015,0.649125,0.6497999999999999,2581
2025-10-13 00:00:00,0.64978,0.6514800000000001,0.649715,0.651465,3123
2025-10-13 01:00:00,0.651475,0.653095,0.65135,0.65268,4251
2025-10-13 02:00:00,0.652675,0.653285,0.6523,0.652515,1416
2025-10-13 03:00:00,0.652505,0.65293,0.65137,0.651705,1337
2025-10-13 04:00:00,0.6517,0.65244,0.65165,0.652255,911
2025-10-13 05:00:00,0.6522699999999999,0.6527000000000001,0.65216,0.65223,1515
2025-10-13 06:00:00,0.65222,0.65283,0.651735,0.651755,2936
2025-10-13 07:00:00,0.651745,0.65242,0.651205,0.6522049999999999,3557
2025-10-13 08:00:00,0.65219,0.65254,0.6514949999999999,0.6521,2390
2025-10-13 09:00:00,0.6521049999999999,0.6524749999999999,0.65188,0.65232,1526
2025-10-13 10:00:00,0.652315,0.652355,0.65186,0.65205,1450
2025-10-13 11:00:00,0.65204,0.6524449999999999,0.650605,0.6507449999999999,2782
2025-10-13 12:00:00,0.650775,0.65141,0.650625,0.65088,2451
2025-10-13 13:00:00,0.650865,0.65191,0.6508149999999999,0.6518550000000001,3193
2025-10-13 14:00:00,0.65185,0.6520250000000001,0.65049,0.651195,4348
2025-10-13 15:00:00,0.651205,0.65235,0.651065,0.651795,2282
2025-10-13 16:00:00,0.6518,0.65246,0.651675,0.65239,1735
2025-10-13 17:00:00,0.65239,0.652485,0.65178,0.65198,1225
2025-10-13 18:00:00,0.6519699999999999,0.65245,0.651435,0.65157,1023
2025-10-13 19:00:00,0.651565,0.6518999999999999,0.651545,0.65161,1012
2025-10-13 20:00:00,0.6516,0.65165,0.65135,0.6514500000000001,408
2025-10-13 21:00:00,0.65151,0.6519550000000001,0.6512249999999999,0.6515949999999999,622
2025-10-13 22:00:00,0.651615,0.6518550000000001,0.65144,0.6517900000000001,1099
2025-10-13 23:00:00,0.651805,0.6518600000000001,0.6510549999999999,0.651185,1117
2025-10-14 00:00:00,0.6511750000000001,0.65213,0.65106,0.65186,2266
2025-10-14 01:00:00,0.651875,0.651965,0.6509100000000001,0.651075,2556
2025-10-14 02:00:00,0.65108,0.65154,0.650765,0.65094,1054
2025-10-14 03:00:00,0.65094,0.6510849999999999,0.649235,0.649805,2378
2025-10-14 04:00:00,0.649825,0.64992,0.6475949999999999,0.648045,4291
2025-10-14 05:00:00,0.64802,0.64804,0.6462950000000001,0.6468799999999999,2896
2025-10-14 06:00:00,0.646855,0.647555,0.646135,0.646775,4337
2025-10-14 07:00:00,0.6467849999999999,0.64698,0.644915,0.645485,5063
2025-10-14 08:00:00,0.645465,0.64662,0.645385,0.64581,2429
2025-10-14 09:00:00,0.6457999999999999,0.6460600000000001,0.644725,0.644845,2125
2025-10-14 10:00:00,0.644835,0.644895,0.64404,0.644515,2566
2025-10-14 11:00:00,0.64455,0.64573,0.64435,0.645455,2820
2025-10-14 12:00:00,0.64546,0.6454850000000001,0.644245,0.644695,4646
2025-10-14 13:00:00,0.64469,0.646255,0.644655,0.64601,7473
2025-10-14 14:00:00,0.6459900000000001,0.648555,0.6459900000000001,0.64847,4633
2025-10-14 15:00:00,0.64847,0.649275,0.648015,0.64906,4126
2025-10-14 16:00:00,0.649065,0.64971,0.6485799999999999,0.6491750000000001,3993
2025-10-14 17:00:00,0.6491800000000001,0.64935,0.64873,0.64916,2987
2025-10-14 18:00:00,0.64914,0.649365,0.64879,0.649105,1814
2025-10-14 19:00:00,0.64911,0.6495,0.64785,0.648355,3652
2025-10-14 20:00:00,0.64836,0.64865,0.64802,0.648625,1240
2025-10-14 21:00:00,0.6486350000000001,0.648715,0.6482749999999999,0.648635,486
2025-10-14 22:00:00,0.64864,0.64926,0.64862,0.649185,1077
2025-10-14 23:00:00,0.6492,0.649505,0.649035,0.64911,1088
2025-10-15 00:00:00,0.649105,0.649605,0.64862,0.649605,2005
2025-10-15 01:00:00,0.649605,0.650495,0.649265,0.65022,3311
2025-10-15 02:00:00,0.65024,0.651365,0.650155,0.6508,2437
2025-10-15 03:00:00,0.65082,0.65165,0.650655,0.651275,1352
2025-10-15 04:00:00,0.6512800000000001,0.6518349999999999,0.65121,0.651435,1060
2025-10-15 05:00:00,0.651455,0.65181,0.65116,0.65129,1146
2025-10-15 06:00:00,0.651295,0.652345,0.65108,0.652015,2374
2025-10-15 07:00:00,0.65203,0.652215,0.6513,0.651655,3165
2025-10-15 08:00:00,0.6516649999999999,0.6520900000000001,0.651625,0.6517649999999999,1938
2025-10-15 09:00:00,0.651755,0.652115,0.651435,0.652105,1773
2025-10-15 10:00:00,0.652115,0.6523,0.6516,0.6521399999999999,2296
2025-10-15 11:00:00,0.6521399999999999,0.652315,0.651375,0.65144,1583
2025-10-15 12:00:00,0.65145,0.651805,0.65074,0.65085,2497
2025-10-15 13:00:00,0.65086,0.65155,0.65038,0.65099,5355
2025-10-15 14:00:00,0.650995,0.651675,0.650995,0.6516649999999999,3238
2025-10-15 15:00:00,0.651655,0.65229,0.65085,0.65125,4330
2025-10-15 16:00:00,0.65124,0.65146,0.6509750000000001,0.65134,2994
2025-10-15 17:00:00,0.65135,0.65135,0.648865,0.650155,5228
2025-10-15 18:00:00,0.65016,0.650775,0.650045,0.65071,1777
2025-10-15 19:00:00,0.6507149999999999,0.651015,0.65058,0.6510050000000001,1322
2025-10-15 20:00:00,0.651015,0.65129,0.65097,0.65125,1052
2025-10-15 21:00:00,0.651275,0.65134,0.65038,0.651105,478
2025-10-15 22:00:00,0.65114,0.65144,0.65111,0.651285,1024
2025-10-15 23:00:00,0.651285,0.65134,0.65032,0.65078,1223
2025-10-16 00:00:00,0.650775,0.651585,0.6479600000000001,0.648885,4584
2025-10-16 01:00:00,0.648895,0.650535,0.64888,0.649455,4597
2025-10-16 02:00:00,0.64945,0.65037,0.64856,0.649295,3259
2025-10-16 03:00:00,0.6492899999999999,0.649305,0.6482,0.64871,2378
2025-10-16 04:00:00,0.6487149999999999,0.6492,0.64859,0.649065,938
2025-10-16 05:00:00,0.64905,0.6496500000000001,0.6489,0.64934,1609
2025-10-16 06:00:00,0.649335,0.6503950000000001,0.64925,0.6501699999999999,3122
2025-10-16 07:00:00,0.65017,0.65091,0.650095,0.6507050000000001,3627
2025-10-16 08:00:00,0.65071,0.651315,0.650535,0.650655,2275
2025-10-16 09:00:00,0.650665,0.650985,0.6500900000000001,0.650695,1898
2025-10-16 10:00:00,0.650705,0.65108,0.650555,0.65076,1798
2025-10-16 11:00:00,0.65078,0.6509849999999999,0.6504300000000001,0.65066,2557
2025-10-16 12:00:00,0.650685,0.65071,0.6495949999999999,0.650045,3786
2025-10-16 13:00:00,0.65004,0.6502600000000001,0.6486149999999999,0.6486149999999999,3907
2025-10-16 14:00:00,0.648645,0.650755,0.64858,0.6503049999999999,4559
2025-10-16 15:00:00,0.6503099999999999,0.6504749999999999,0.64897,0.64906,3822
2025-10-16 16:00:00,0.649065,0.6496949999999999,0.647355,0.64905,5817
2025-10-16 17:00:00,0.64904,0.64964,0.64811,0.64845,4449
2025-10-16 18:00:00,0.64845,0.648605,0.647115,0.6484300000000001,4399
2025-10-16 19:00:00,0.648475,0.648595,0.64774,0.6484449999999999,2468
2025-10-16 20:00:00,0.648425,0.64876,0.648285,0.648435,762
2025-10-16 21:00:00,0.648435,0.64869,0.648345,0.6486000000000001,310
2025-10-16 22:00:00,0.64858,0.649015,0.64849,0.64855,1012
2025-10-16 23:00:00,0.6485399999999999,0.648785,0.647525,0.64819,1421
2025-10-17 00:00:00,0.6481950000000001,0.64869,0.647705,0.64839,2017
2025-10-17 01:00:00,0.64838,0.649205,0.6470549999999999,0.647205,3922
2025-10-17 02:00:00,0.6472100000000001,0.647295,0.6465650000000001,0.64691,2179
2025-10-17 03:00:00,0.6469199999999999,0.647445,0.6462399999999999,0.64669,1691
2025-10-17 04:00:00,0.646695,0.6474899999999999,0.646695,0.647425,1244
2025-10-17 05:00:00,0.64742,0.6477550000000001,0.64691,0.647655,1671
2025-10-17 06:00:00,0.64764,0.6479349999999999,0.646725,0.64682,3807
2025-10-17 07:00:00,0.64682,0.64682,0.644355,0.646245,7089
2025-10-17 08:00:00,0.64625,0.64653,0.64516,0.6459550000000001,4513
2025-10-17 09:00:00,0.64595,0.6469,0.6458200000000001,0.64676,2697
2025-10-17 10:00:00,0.6467700000000001,0.6479999999999999,0.64611,0.6477999999999999,2659
2025-10-17 11:00:00,0.64783,0.6502600000000001,0.64743,0.64867,5887
2025-10-17 12:00:00,0.64868,0.649255,0.646995,0.647505,5281
2025-10-17 13:00:00,0.6474949999999999,0.6484099999999999,0.64713,0.6477200000000001,5070
2025-10-17 14:00:00,0.647725,0.64864,0.64715,0.648455,5857
2025-10-17 15:00:00,0.648455,0.648815,0.6473450000000001,0.64854,3612
2025-10-17 16:00:00,0.648525,0.64909,0.648385,0.6484650000000001,2573
2025-10-17 17:00:00,0.64847,0.649285,0.648235,0.64899,2460
2025-10-17 18:00:00,0.64897,0.6500900000000001,0.64896,0.649745,2114
2025-10-17 19:00:00,0.6497649999999999,0.650155,0.6497649999999999,0.6499999999999999,1485
2025-10-17 20:00:00,0.65001,0.65003,0.6493,0.64954,2364
2025-10-19 22:00:00,0.649975,0.6506,0.6499649999999999,0.6506,944
2025-10-19 23:00:00,0.6506149999999999,0.6506149999999999,0.649815,0.65012,747
2025-10-20 00:00:00,0.65011,0.65059,0.6495850000000001,0.650555,2291
2025-10-20 01:00:00,0.65056,0.6515,0.650415,0.650505,2224
2025-10-20 02:00:00,0.6505099999999999,0.65128,0.6505099999999999,0.650725,1477
2025-10-20 03:00:00,0.65073,0.6508050000000001,0.649985,0.6503650000000001,985
2025-10-20 04:00:00,0.65038,0.650575,0.6500250000000001,0.650265,1012
2025-10-20 05:00:00,0.6502600000000001,0.650855,0.6501399999999999,0.6506799999999999,1019
2025-10-20 06:00:00,0.650685,0.650685,0.64959,0.64975,2449
2025-10-20 07:00:00,0.6497649999999999,0.65027,0.64916,0.6496,2468
2025-10-20 08:00:00,0.6495949999999999,0.650065,0.649405,0.64971,1917
2025-10-20 09:00:00,0.649705,0.650145,0.64915,0.64927,1998
2025-10-20 10:00:00,0.649255,0.6494599999999999,0.6489450000000001,0.6490199999999999,1537
2025-10-20 11:00:00,0.649025,0.6493150000000001,0.64845,0.6490400000000001,1952
2025-10-20 12:00:00,0.64906,0.64942,0.64872,0.6492549999999999,1897
2025-10-20 13:00:00,0.64925,0.65021,0.6490499999999999,0.649975,2868
2025-10-20 14:00:00,0.64998,0.65115,0.6498349999999999,0.651105,2714
2025-10-20 15:00:00,0.6511100000000001,0.65212,0.650895,0.6515500000000001,2735
2025-10-20 16:00:00,0.651545,0.651895,0.6513100000000001,0.6514150000000001,1980
2025-10-20 17:00:00,0.651405,0.65176,0.651305,0.651305,1236
2025-10-20 18:00:00,0.6512899999999999,0.651575,0.651245,0.651475,976
2025-10-20 19:00:00,0.6515,0.651645,0.651305,0.651385,1197
2025-10-20 20:00:00,0.651385,0.65144,0.651205,0.651275,915
2025-10-20 21:00:00,0.6512800000000001,0.651675,0.6512100000000001,0.65156,317
2025-10-20 22:00:00,0.651565,0.6517,0.651435,0.651655,576
2025-10-20 23:00:00,0.6516599999999999,0.65175,0.651405,0.65161,753
2025-10-21 00:00:00,0.6516,0.652515,0.65142,0.6524099999999999,1108
2025-10-21 01:00:00,0.6523950000000001,0.6523950000000001,0.651135,0.651335,2304
2025-10-21 02:00:00,0.65134,0.6515150000000001,0.65067,0.650765,2691
2025-10-21 03:00:00,0.650765,0.651025,0.65039,0.650515,1097
2025-10-21 04:00:00,0.650495,0.65053,0.65002,0.6503650000000001,1396
2025-10-21 05:00:00,0.6503749999999999,0.650415,0.6490549999999999,0.649145,2315
2025-10-21 06:00:00,0.64915,0.64974,0.648575,0.6495299999999999,3642
2025-10-21 07:00:00,0.6495200000000001,0.64971,0.6485650000000001,0.648785,2895
2025-10-21 08:00:00,0.64878,0.64878,0.647635,0.64853,3615
2025-10-21 09:00:00,0.64852,0.64896,0.64804,0.648675,2064
2025-10-21 10:00:00,0.648685,0.648895,0.6481399999999999,0.648835,1973
2025-10-21 11:00:00,0.64884,0.6498,0.64879,0.64926,2216
2025-10-21 12:00:00,0.649275,0.649575,0.6488149999999999,0.6495249999999999,3477
2025-10-21 13:00:00,0.64952,0.64957,0.647285,0.64766,3867
2025-10-21 14:00:00,0.64767,0.649195,0.6473,0.6490750000000001,4423
2025-10-21 15:00:00,0.64907,0.650015,0.649065,0.6497999999999999,2542
2025-10-21 16:00:00,0.649805,0.6503650000000001,0.648975,0.64915,2819
2025-10-21 17:00:00,0.6491450000000001,0.6491450000000001,0.6485700000000001,0.64896,2167
2025-10-21 18:00:00,0.64897,0.6492199999999999,0.648935,0.649035,1157
2025-10-21 19:00:00,0.649025,0.6492199999999999,0.6488,0.64896,736
2025-10-21 20:00:00,0.648955,0.648965,0.648695,0.6488,801
2025-10-21 21:00:00,0.6488,0.6492450000000001,0.6488,0.64898,670
2025-10-21 22:00:00,0.6489849999999999,0.649185,0.6488700000000001,0.649135,705
2025-10-21 23:00:00,0.6491499999999999,0.64925,0.64894,0.649095,938
2025-10-22 00:00:00,0.6491,0.64949,0.648535,0.64855,2438
2025-10-22 01:00:00,0.64855,0.64907,0.64832,0.64894,2095
2025-10-22 02:00:00,0.6489400000000001,0.649715,0.64886,0.64941,1378
2025-10-22 03:00:00,0.64942,0.64964,0.649005,0.649505,1023
2025-10-22 04:00:00,0.6495,0.6502,0.6495,0.64998,1115
2025-10-22 05:00:00,0.649985,0.65068,0.649985,0.6504449999999999,1294
2025-10-22 06:00:00,0.6504650000000001,0.65122,0.6500950000000001,0.65065,2785
2025-10-22 07:00:00,0.65065,0.650855,0.64998,0.6503,2600
2025-10-22 08:00:00,0.6502950000000001,0.6503099999999999,0.649295,0.649495,2453
2025-10-22 09:00:00,0.6494800000000001,0.6496850000000001,0.6489,0.649565,1556
2025-10-22 10:00:00,0.649555,0.6496550000000001,0.6487,0.6487050000000001,1618
2025-10-22 11:00:00,0.64869,0.64894,0.64818,0.64845,2192
2025-10-22 12:00:00,0.6484449999999999,0.649065,0.648405,0.64886,3000
2025-10-22 13:00:00,0.648865,0.649635,0.64856,0.64928,3025
2025-10-22 14:00:00,0.649285,0.650015,0.648345,0.649305,4542
2025-10-22 15:00:00,0.649295,0.650245,0.64923,0.65013,2856
2025-10-22 16:00:00,0.6501349999999999,0.6501399999999999,0.64791,0.649505,5225
2025-10-22 17:00:00,0.64952,0.6496200000000001,0.64784,0.6482049999999999,4016
2025-10-22 18:00:00,0.64821,0.648685,0.64786,0.64859,2873
2025-10-22 19:00:00,0.648585,0.64909,0.64836,0.64902,2312
2025-10-22 20:00:00,0.64901,0.6490849999999999,0.6487499999999999,0.648785,910
2025-10-22 21:00:00,0.64879,0.649135,0.64872,0.6491,358
2025-10-22 22:00:00,0.649095,0.64923,0.6488050000000001,0.649015,614
2025-10-22 23:00:00,0.649015,0.649035,0.648675,0.6488050000000001,658
2025-10-23 00:00:00,0.64879,0.649215,0.6483399999999999,0.649215,1350
2025-10-23 01:00:00,0.6492199999999999,0.6495500000000001,0.64859,0.6486000000000001,1923
2025-10-23 02:00:00,0.648605,0.648665,0.648065,0.64839,1489
2025-10-23 03:00:00,0.648385,0.648855,0.647885,0.64796,1173
2025-10-23 04:00:00,0.6479550000000001,0.64855,0.6479550000000001,0.648525,970
2025-10-23 05:00:00,0.648505,0.64924,0.648455,0.64903,1034
2025-10-23 06:00:00,0.6490400000000001,0.6502600000000001,0.64898,0.650055,2748
2025-10-23 07:00:00,0.650065,0.65086,0.650045,0.650515,1854
2025-10-23 08:00:00,0.650525,0.651205,0.650525,0.65085,1768
2025-10-23 09:00:00,0.65086,0.6512549999999999,0.650655,0.651215,1717
2025-10-23 10:00:00,0.6512,0.65124,0.65034,0.650505,1305
2025-10-23 11:00:00,0.6505000000000001,0.650595,0.65016,0.650165,1371
2025-10-23 12:00:00,0.650175,0.6508700000000001,0.64983,0.650495,2059
2025-10-23 13:00:00,0.650485,0.651295,0.6504000000000001,0.6508849999999999,2963
2025-10-23 14:00:00,0.650895,0.6517649999999999,0.65064,0.6516500000000001,3285
2025-10-23 15:00:00,0.65165,0.651715,0.65084,0.651475,3226
2025-10-23 16:00:00,0.6514800000000001,0.651745,0.651135,0.65116,1857
2025-10-23 17:00:00,0.65115,0.6517850000000001,0.65066,0.65165,1838
2025-10-23 18:00:00,0.65166,0.65175,0.6514850000000001,0.65169,1088
2025-10-23 19:00:00,0.651705,0.65179,0.651185,0.651185,676
2025-10-23 20:00:00,0.6511750000000001,0.6514,0.6510400000000001,0.651235,727
2025-10-23 21:00:00,0.65123,0.6513249999999999,0.650925,0.6510050000000001,678
2025-10-23 22:00:00,0.651025,0.651645,0.651025,0.65147,732
2025-10-23 23:00:00,0.6514949999999999,0.65158,0.65129,0.651465,584
2025-10-24 00:00:00,0.65146,0.651725,0.6512899999999999,0.651365,1337
2025-10-24 01:00:00,0.65135,0.651495,0.6507799999999999,0.65086,1494
2025-10-24 02:00:00,0.650865,0.65121,0.649645,0.6496550000000001,1779
2025-10-24 03:00:00,0.6496649999999999,0.6507000000000001,0.6496649999999999,0.650585,1203
2025-10-24 04:00:00,0.65059,0.65059,0.649965,0.650175,652
2025-10-24 05:00:00,0.650165,0.650235,0.649405,0.649815,1234
2025-10-24 06:00:00,0.649825,0.65077,0.6496599999999999,0.65077,1893
2025-10-24 07:00:00,0.65076,0.6508849999999999,0.6500900000000001,0.65028,2315
2025-10-24 08:00:00,0.65029,0.65042,0.6493450000000001,0.64959,2179
2025-10-24 09:00:00,0.649565,0.64972,0.64929,0.649555,1317
2025-10-24 10:00:00,0.649545,0.649875,0.6495150000000001,0.649675,920
2025-10-24 11:00:00,0.64967,0.650065,0.6495,0.65003,1139
2025-10-24 12:00:00,0.6500349999999999,0.6529,0.649805,0.6517900000000001,6616
2025-10-24 13:00:00,0.6517850000000001,0.65219,0.650555,0.6513100000000001,5639
2025-10-24 14:00:00,0.6513249999999999,0.651385,0.64937,0.64991,4941
2025-10-24 15:00:00,0.64991,0.6509849999999999,0.64991,0.650935,2425
2025-10-24 16:00:00,0.6509400000000001,0.651095,0.65055,0.65094,1202
2025-10-24 17:00:00,0.650945,0.65137,0.650945,0.650955,1030
2025-10-24 18:00:00,0.6509400000000001,0.65115,0.65084,0.65101,886
2025-10-24 19:00:00,0.651015,0.651205,0.65093,0.65112,835
2025-10-24 20:00:00,0.65113,0.651385,0.65093,0.651285,1292
2025-10-26 22:00:00,0.65394,0.65439,0.653435,0.653475,2412
2025-10-26 23:00:00,0.653465,0.65382,0.653245,0.65337,1344
2025-10-27 00:00:00,0.653365,0.6537999999999999,0.6530050000000001,0.653095,2096
2025-10-27 01:00:00,0.6530849999999999,0.654145,0.652835,0.6534500000000001,2544
2025-10-27 02:00:00,0.65343,0.6537200000000001,0.653105,0.653685,1172
2025-10-27 03:00:00,0.65368,0.653885,0.6530549999999999,0.6531,1560
2025-10-27 04:00:00,0.653095,0.65325,0.6528849999999999,0.653195,1327
2025-10-27 05:00:00,0.653215,0.6537999999999999,0.653095,0.65376,813
2025-10-27 06:00:00,0.653775,0.65483,0.653775,0.654045,1831
2025-10-27 07:00:00,0.65406,0.65412,0.6533899999999999,0.653455,2617
2025-10-27 08:00:00,0.653445,0.65547,0.65332,0.6552899999999999,2337
2025-10-27 09:00:00,0.655305,0.655925,0.65481,0.655725,2248
2025-10-27 10:00:00,0.6557299999999999,0.655925,0.655385,0.65553,2486
2025-10-27 11:00:00,0.65552,0.655915,0.65525,0.65571,3045
2025-10-27 12:00:00,0.65569,0.655875,0.6550849999999999,0.6555599999999999,2679
2025-10-27 13:00:00,0.65557,0.65595,0.65448,0.654955,3037
2025-10-27 14:00:00,0.654975,0.65521,0.65459,0.654925,2639
2025-10-27 15:00:00,0.65492,0.655455,0.654355,0.6553,2187
2025-10-27 16:00:00,0.655305,0.6556850000000001,0.655095,0.65561,1588
2025-10-27 17:00:00,0.6556200000000001,0.65568,0.6553249999999999,0.6555599999999999,1179
2025-10-27 18:00:00,0.6555599999999999,0.6557649999999999,0.65526,0.655645,1535
2025-10-27 19:00:00,0.655635,0.6556649999999999,0.6553,0.655475,1381
2025-10-27 20:00:00,0.65548,0.65584,0.655445,0.6555949999999999,771
2025-10-27 21:00:00,0.655605,0.6556299999999999,0.6552,0.6556,602
2025-10-27 22:00:00,0.655565,0.656015,0.655565,0.655965,658
2025-10-27 23:00:00,0.655975,0.65608,0.655635,0.655835,946
2025-10-28 00:00:00,0.6558299999999999,0.6562749999999999,0.65541,0.6557900000000001,1727
2025-10-28 01:00:00,0.655765,0.6562300000000001,0.65537,0.65574,2448
2025-10-28 02:00:00,0.655735,0.6563950000000001,0.6556150000000001,0.65571,1933
2025-10-28 03:00:00,0.6557,0.656115,0.65547,0.65601,1189
2025-10-28 04:00:00,0.656025,0.65643,0.6559349999999999,0.656365,1695
2025-10-28 05:00:00,0.65636,0.656415,0.65537,0.65567,1667
2025-10-28 06:00:00,0.65568,0.65569,0.6548849999999999,0.6549400000000001,1790
2025-10-28 07:00:00,0.654945,0.6553549999999999,0.6547499999999999,0.655035,2713
2025-10-28 08:00:00,0.655035,0.655225,0.65445,0.65464,3230
2025-10-28 09:00:00,0.6546350000000001,0.65566,0.6545799999999999,0.6556299999999999,1671
2025-10-28 10:00:00,0.655645,0.656035,0.6555599999999999,0.6559900000000001,1127
2025-10-28 11:00:00,0.655995,0.656015,0.65547,0.6554949999999999,1336
2025-10-28 12:00:00,0.6555,0.6557649999999999,0.655315,0.655415,2101
2025-10-28 13:00:00,0.655415,0.655985,0.6551100000000001,0.6559649999999999,2327
2025-10-28 14:00:00,0.6559550000000001,0.65791,0.655905,0.65768,3264
2025-10-28 15:00:00,0.6576949999999999,0.658435,0.6574949999999999,0.6584,2461
2025-10-28 16:00:00,0.6583950000000001,0.6589750000000001,0.6582,0.6588499999999999,3256
2025-10-28 17:00:00,0.65886,0.6589050000000001,0.658595,0.65886,1095
2025-10-28 18:00:00,0.658875,0.659065,0.6586099999999999,0.658935,871
2025-10-28 19:00:00,0.65892,0.65894,0.65849,0.6585099999999999,957
2025-10-28 20:00:00,0.65852,0.658605,0.6583600000000001,0.6585099999999999,701
2025-10-28 21:00:00,0.658495,0.658495,0.65816,0.658335,608
2025-10-28 22:00:00,0.65839,0.65851,0.65821,0.65822,714
2025-10-28 23:00:00,0.65822,0.658495,0.65785,0.658485,793
2025-10-29 00:00:00,0.65848,0.6607700000000001,0.65785,0.6597550000000001,3925
2025-10-29 01:00:00,0.6597500000000001,0.660075,0.65907,0.6594899999999999,3333
2025-10-29 02:00:00,0.659485,0.65994,0.6589,0.6599200000000001,1994
2025-10-29 03:00:00,0.6599299999999999,0.6601,0.659735,0.66004,1466
2025-10-29 04:00:00,0.66003,0.660065,0.659415,0.65961,1283
2025-10-29 05:00:00,0.6596,0.660445,0.659415,0.660095,1861
2025-10-29 06:00:00,0.6600999999999999,0.661105,0.6599999999999999,0.66086,1653
2025-10-29 07:00:00,0.660865,0.6617649999999999,0.660755,0.66122,2702
2025-10-29 08:00:00,0.661215,0.66123,0.6594899999999999,0.659505,2761
2025-10-29 09:00:00,0.6594899999999999,0.66027,0.659145,0.659945,2123
2025-10-29 10:00:00,0.6599550000000001,0.6603,0.659715,0.660115,1974
2025-10-29 11:00:00,0.66014,0.660155,0.65918,0.659565,2139
2025-10-29 12:00:00,0.65957,0.659745,0.65865,0.659715,3409
2025-10-29 13:00:00,0.659735,0.66084,0.659655,0.660345,3592
2025-10-29 14:00:00,0.66034,0.660495,0.6595949999999999,0.660495,3276
2025-10-29 15:00:00,0.660505,0.66143,0.660505,0.661165,3338
2025-10-29 16:00:00,0.6611549999999999,0.661485,0.6609050000000001,0.66125,2376
2025-10-29 17:00:00,0.6612450000000001,0.6616,0.660625,0.661185,1762
2025-10-29 18:00:00,0.6611899999999999,0.6614,0.655975,0.6578200000000001,15284
2025-10-29 19:00:00,0.657825,0.65812,0.655715,0.657315,13084
2025-10-29 20:00:00,0.6573450000000001,0.65793,0.6565650000000001,0.657415,2561
2025-10-29 21:00:00,0.65743,0.657675,0.656785,0.657285,657
2025-10-29 22:00:00,0.65727,0.65753,0.656795,0.65682,1112
2025-10-29 23:00:00,0.6568149999999999,0.65769,0.656805,0.6576599999999999,888
2025-10-30 00:00:00,0.657655,0.65876,0.657625,0.6586350000000001,2345
2025-10-30 01:00:00,0.65863,0.658935,0.657895,0.65852,2665
2025-10-30 02:00:00,0.65851,0.659285,0.65812,0.65899,2444
2025-10-30 03:00:00,0.658995,0.65934,0.65856,0.65905,2335
2025-10-30 04:00:00,0.6590400000000001,0.65976,0.657395,0.65942,7126
2025-10-30 05:00:00,0.6594249999999999,0.6596,0.6583049999999999,0.65916,3340
2025-10-30 06:00:00,0.659165,0.659505,0.65798,0.658145,3127
2025-10-30 07:00:00,0.658155,0.658895,0.65751,0.6580550000000001,4226
2025-10-30 08:00:00,0.658075,0.658155,0.6573249999999999,0.657725,3124
2025-10-30 09:00:00,0.657715,0.657995,0.6568350000000001,0.656865,2364
2025-10-30 10:00:00,0.656875,0.65723,0.656425,0.6565350000000001,1884
2025-10-30 11:00:00,0.6565399999999999,0.6567799999999999,0.655445,0.6555599999999999,2568
2025-10-30 12:00:00,0.65554,0.655635,0.6538200000000001,0.65388,3820
2025-10-30 13:00:00,0.653855,0.655025,0.653265,0.654745,5701
2025-10-30 14:00:00,0.65476,0.655845,0.65436,0.6548499999999999,6511
2025-10-30 15:00:00,0.65486,0.65571,0.654765,0.655405,4617
2025-10-30 16:00:00,0.65541,0.655655,0.655085,0.655445,3474
2025-10-30 17:00:00,0.655435,0.655845,0.654955,0.655535,2205
2025-10-30 18:00:00,0.655545,0.655545,0.654995,0.655305,2026
2025-10-30 19:00:00,0.655295,0.655365,0.65466,0.654845,2134
2025-10-30 20:00:00,0.65484,0.655605,0.65476,0.65549,1653
2025-10-30 21:00:00,0.65551,0.655545,0.6551549999999999,0.6553549999999999,529
2025-10-30 22:00:00,0.65535,0.6554599999999999,0.655195,0.65532,737
2025-10-30 23:00:00,0.6553450000000001,0.656015,0.655165,0.65591,869
2025-10-31 00:00:00,0.65591,0.65602,0.655405,0.6557,1352
2025-10-31 01:00:00,0.655695,0.6559550000000001,0.6550549999999999,0.6553249999999999,2291
2025-10-31 02:00:00,0.65532,0.65578,0.65471,0.65516,1817
2025-10-31 03:00:00,0.6551750000000001,0.655295,0.6545799999999999,0.655,1567
2025-10-31 04:00:00,0.654995,0.6553,0.65473,0.6550100000000001,762
2025-10-31 05:00:00,0.6549750000000001,0.6549750000000001,0.65403,0.65411,1239
2025-10-31 06:00:00,0.654115,0.65444,0.6536949999999999,0.653695,1606
2025-10-31 07:00:00,0.65371,0.654065,0.65334,0.65395,2282
2025-10-31 08:00:00,0.653945,0.654435,0.65371,0.654345,1986
2025-10-31 09:00:00,0.65436,0.65442,0.653605,0.654125,1719
2025-10-31 10:00:00,0.654135,0.654515,0.654045,0.654155,1028
2025-10-31 11:00:00,0.654175,0.65452,0.653715,0.65429,1543
2025-10-31 12:00:00,0.65428,0.65428,0.653565,0.653675,2687
2025-10-31 13:00:00,0.6536649999999999,0.65476,0.6533249999999999,0.6546799999999999,3500
2025-10-31 14:00:00,0.654695,0.65522,0.653985,0.655215,3843
2025-10-31 15:00:00,0.65522,0.655305,0.65419,0.654555,4238
2025-10-31 16:00:00,0.6545449999999999,0.654685,0.653555,0.654015,3440
2025-10-31 17:00:00,0.65402,0.6540349999999999,0.6533599999999999,0.65382,2275
2025-10-31 18:00:00,0.65381,0.6542749999999999,0.65376,0.6542749999999999,1524
2025-10-31 19:00:00,0.6542699999999999,0.65452,0.65418,0.654255,1076
2025-10-31 20:00:00,0.654245,0.65469,0.65419,0.654325,1297
2025-11-02 22:00:00,0.654495,0.65459,0.65384,0.6538900000000001,331
2025-11-02 23:00:00,0.6539349999999999,0.6548350000000001,0.6539349999999999,0.6545399999999999,1280
2025-11-03 04:00:00,0.655315,0.65559,0.655175,0.655395,724
2025-11-03 05:00:00,0.6553800000000001,0.656255,0.6553100000000001,0.65586,900
2025-11-03 06:00:00,0.65585,0.656015,0.65541,0.655685,1165
2025-11-03 07:00:00,0.655695,0.655845,0.654935,0.6553450000000001,1731
2025-11-03 08:00:00,0.655335,0.65552,0.6547700000000001,0.655465,2463
2025-11-03 09:00:00,0.655485,0.655555,0.65468,0.654685,2001
2025-11-03 10:00:00,0.654695,0.654955,0.654385,0.654485,1190
2025-11-03 11:00:00,0.6545000000000001,0.655,0.654465,0.65485,1088
2025-11-03 12:00:00,0.65486,0.6551899999999999,0.65472,0.65472,1312
2025-11-03 13:00:00,0.654725,0.6547350000000001,0.65375,0.653915,2062
2025-11-03 14:00:00,0.653905,0.65413,0.652495,0.653035,2813
2025-11-03 15:00:00,0.653125,0.653475,0.651775,0.6527149999999999,4627
2025-11-03 16:00:00,0.6527149999999999,0.6536150000000001,0.6527149999999999,0.653545,2848
2025-11-03 17:00:00,0.65354,0.65431,0.65333,0.65376,2464
2025-11-03 18:00:00,0.6537649999999999,0.6541,0.6536649999999999,0.65396,1186
2025-11-03 19:00:00,0.6539699999999999,0.6541,0.65369,0.65394,1313
2025-11-03 20:00:00,0.65393,0.65403,0.65365,0.65385,936
2025-11-03 21:00:00,0.6538550000000001,0.653885,0.65349,0.6537299999999999,511
2025-11-03 22:00:00,0.6537299999999999,0.654065,0.653455,0.65369,943
2025-11-03 23:00:00,0.65369,0.65398,0.6536,0.6538349999999999,958
2025-11-04 00:00:00,0.65383,0.65383,0.652955,0.65369,1881
2025-11-04 01:00:00,0.653715,0.6537900000000001,0.65291,0.65342,2159
2025-11-04 02:00:00,0.653435,0.65344,0.652095,0.652365,1490
2025-11-04 03:00:00,0.65236,0.65344,0.651755,0.653195,3090
2025-11-04 04:00:00,0.65321,0.653655,0.6526449999999999,0.65314,1962
2025-11-04 05:00:00,0.653135,0.6532100000000001,0.65111,0.651195,1956
2025-11-04 06:00:00,0.651205,0.6515500000000001,0.6505399999999999,0.65123,3081
2025-11-04 07:00:00,0.65124,0.651795,0.65081,0.6515249999999999,3214
2025-11-04 08:00:00,0.65152,0.651995,0.65071,0.650955,2876
2025-11-04 09:00:00,0.65097,0.6512,0.6494150000000001,0.649505,3123
2025-11-04 10:00:00,0.6495,0.6504449999999999,0.6492,0.650155,2895
2025-11-04 11:00:00,0.65015,0.65049,0.64974,0.6497550000000001,2441
2025-11-04 12:00:00,0.64975,0.64975,0.6491100000000001,0.649505,3049
2025-11-04 13:00:00,0.64949,0.649795,0.6491199999999999,0.64925,2344
2025-11-04 14:00:00,0.64924,0.649615,0.6481049999999999,0.64932,3679
2025-11-04 15:00:00,0.6493150000000001,0.650415,0.6492199999999999,0.650235,4268
2025-11-04 16:00:00,0.65024,0.650355,0.649775,0.650045,3181
2025-11-04 17:00:00,0.650055,0.650055,0.6490499999999999,0.6492,2498
2025-11-04 18:00:00,0.6491899999999999,0.64926,0.64861,0.64879,1710
2025-11-04 19:00:00,0.6487799999999999,0.649015,0.6483099999999999,0.64842,2008
2025-11-04 20:00:00,0.648425,0.6488849999999999,0.648235,0.64863,1437
2025-11-04 21:00:00,0.6486350000000001,0.64913,0.6484300000000001,0.648965,1153
2025-11-04 22:00:00,0.64897,0.649465,0.648775,0.649195,761
2025-11-04 23:00:00,0.6491800000000001,0.6493450000000001,0.64846,0.64849,630
2025-11-05 00:00:00,0.64846,0.648645,0.647,0.647465,1733
2025-11-05 01:00:00,0.647455,0.64746,0.6458699999999999,0.6467350000000001,3492
2025-11-05 02:00:00,0.646725,0.648085,0.6467,0.648085,2307
2025-11-05 03:00:00,0.6481,0.6494800000000001,0.64803,0.6492800000000001,2025
2025-11-05 04:00:00,0.649265,0.6495,0.648585,0.649195,1323
2025-11-05 05:00:00,0.6492100000000001,0.64993,0.6489750000000001,0.64903,1547
2025-11-05 06:00:00,0.64903,0.649575,0.6488849999999999,0.649125,1178
2025-11-05 07:00:00,0.6491199999999999,0.6491199999999999,0.64845,0.648755,1350
2025-11-05 08:00:00,0.64877,0.6496,0.64858,0.64899,2690
2025-11-05 09:00:00,0.6489849999999999,0.6492899999999999,0.6481,0.64817,2258
2025-11-05 10:00:00,0.648165,0.6483049999999999,0.647735,0.647915,1736
2025-11-05 11:00:00,0.64791,0.64796,0.647385,0.647905,1301
2025-11-05 12:00:00,0.6479,0.64825,0.6476949999999999,0.648235,1460
2025-11-05 13:00:00,0.648215,0.648745,0.64795,0.648555,2567
2025-11-05 14:00:00,0.64855,0.6497900000000001,0.6482650000000001,0.64957,2972
2025-11-05 15:00:00,0.6495599999999999,0.65015,0.6486,0.649975,5450
2025-11-05 16:00:00,0.6499900000000001,0.6512800000000001,0.6495299999999999,0.6510400000000001,2757
2025-11-05 17:00:00,0.651045,0.65129,0.6504399999999999,0.650635,2018
2025-11-05 18:00:00,0.65063,0.650905,0.65049,0.650765,849
2025-11-05 19:00:00,0.650755,0.6508400000000001,0.650575,0.650585,639
2025-11-05 20:00:00,0.650595,0.65109,0.6504650000000001,0.65047,803
2025-11-05 21:00:00,0.6504650000000001,0.65076,0.650215,0.650515,666
2025-11-05 22:00:00,0.650525,0.650785,0.65036,0.65055,528
2025-11-05 23:00:00,0.650505,0.65112,0.6505,0.6509499999999999,1018
2025-11-06 00:00:00,0.65097,0.65097,0.65019,0.650515,1323
2025-11-06 01:00:00,0.65051,0.651145,0.649715,0.651045,1780
2025-11-06 02:00:00,0.65106,0.651305,0.65063,0.650745,1314
2025-11-06 03:00:00,0.6507350000000001,0.6513,0.650515,0.651195,1075
2025-11-06 04:00:00,0.65119,0.6518,0.651015,0.6513450000000001,899
2025-11-06 05:00:00,0.65133,0.65155,0.6506700000000001,0.650785,751
2025-11-06 06:00:00,0.65074,0.651295,0.65056,0.6506449999999999,878
2025-11-06 07:00:00,0.65064,0.6513599999999999,0.6506350000000001,0.651125,1626
2025-11-06 08:00:00,0.651135,0.651675,0.65042,0.651605,2231
2025-11-06 09:00:00,0.6516,0.6517550000000001,0.651245,0.6513450000000001,1778
2025-11-06 10:00:00,0.6513599999999999,0.651485,0.65066,0.650745,1215
2025-11-06 11:00:00,0.65073,0.651035,0.6506099999999999,0.6508,2195
2025-11-06 12:00:00,0.6508050000000001,0.651495,0.65073,0.651395,1980
2025-11-06 13:00:00,0.651385,0.65186,0.6508700000000001,0.65089,2300
2025-11-06 14:00:00,0.65088,0.650955,0.6481250000000001,0.6481250000000001,3921
2025-11-06 15:00:00,0.648085,0.6486099999999999,0.6466350000000001,0.6469199999999999,6694
2025-11-06 16:00:00,0.646915,0.647155,0.64632,0.6467499999999999,4910
2025-11-06 17:00:00,0.64676,0.6479999999999999,0.6464799999999999,0.64779,4148
2025-11-06 18:00:00,0.647765,0.648555,0.6471549999999999,0.64811,2421
2025-11-06 19:00:00,0.6481049999999999,0.64893,0.64802,0.64835,1991
2025-11-06 20:00:00,0.64839,0.64854,0.64775,0.647915,1756
2025-11-06 21:00:00,0.64792,0.648055,0.647775,0.6479250000000001,568
2025-11-06 22:00:00,0.64795,0.648355,0.647655,0.64809,1008
2025-11-06 23:00:00,0.6481,0.64869,0.647965,0.6483749999999999,692
2025-11-07 00:00:00,0.64838,0.6485099999999999,0.647895,0.648065,1339
2025-11-07 01:00:00,0.64807,0.648235,0.647025,0.647785,2458
2025-11-07 02:00:00,0.647795,0.647905,0.64728,0.64753,1494
2025-11-07 03:00:00,0.647535,0.64766,0.64682,0.64722,1385
2025-11-07 04:00:00,0.647215,0.6476299999999999,0.64676,0.6475200000000001,1338
2025-11-07 05:00:00,0.647525,0.648335,0.647525,0.6479550000000001,1255
2025-11-07 06:00:00,0.647965,0.648455,0.647885,0.64833,1132
2025-11-07 07:00:00,0.64832,0.649085,0.64827,0.64845,1857
2025-11-07 08:00:00,0.648455,0.648725,0.647805,0.64854,2114
2025-11-07 09:00:00,0.64853,0.64861,0.64781,0.648265,1636
2025-11-07 10:00:00,0.6482600000000001,0.6488,0.648085,0.648525,1530
2025-11-07 11:00:00,0.64854,0.648685,0.647615,0.64856,2034
2025-11-07 12:00:00,0.648545,0.648795,0.647605,0.6479699999999999,1964
2025-11-07 13:00:00,0.64798,0.649335,0.647825,0.64872,3668
2025-11-07 14:00:00,0.64873,0.649,0.6473,0.64838,5439
2025-11-07 15:00:00,0.648385,0.64876,0.646835,0.647215,7190
2025-11-07 16:00:00,0.647235,0.64809,0.64711,0.647505,3256
2025-11-07 17:00:00,0.6475,0.64847,0.647095,0.648395,3186
2025-11-07 18:00:00,0.6484000000000001,0.648805,0.64825,0.6485099999999999,1998
2025-11-07 19:00:00,0.648495,0.64981,0.6484,0.649485,2474
2025-11-07 20:00:00,0.649465,0.64981,0.649,0.649795,2630
2025-11-07 21:00:00,0.64979,0.64991,0.6493549999999999,0.64941,2075
2025-11-09 22:00:00,0.6497550000000001,0.6497949999999999,0.649095,0.6491100000000001,522
2025-11-09 23:00:00,0.64914,0.65029,0.648995,0.65022,2288
2025-11-10 00:00:00,0.65021,0.65099,0.649585,0.650715,2452
2025-11-10 01:00:00,0.6507050000000001,0.652215,0.65064,0.651735,2555
2025-11-10 02:00:00,0.6517200000000001,0.6521399999999999,0.651245,0.6519,1063
2025-11-10 03:00:00,0.651905,0.652005,0.65127,0.6513599999999999,912
2025-11-10 04:00:00,0.65135,0.652505,0.65135,0.65246,1114
2025-11-10 05:00:00,0.6524650000000001,0.65296,0.6524,0.65271,1184
2025-11-10 06:00:00,0.652705,0.65299,0.65235,0.6525000000000001,995
2025-11-10 07:00:00,0.652485,0.65334,0.65247,0.652865,1565
2025-11-10 08:00:00,0.65288,0.6534949999999999,0.65283,0.6530499999999999,1566
2025-11-10 09:00:00,0.653035,0.65394,0.652915,0.6537,1505
2025-11-10 10:00:00,0.653695,0.653805,0.65314,0.653235,1134
2025-11-10 11:00:00,0.653245,0.65357,0.6528499999999999,0.653385,1055
2025-11-10 12:00:00,0.653375,0.653745,0.65298,0.653225,1230
2025-11-10 13:00:00,0.653225,0.653815,0.6526449999999999,0.652915,1493
2025-11-10 14:00:00,0.65289,0.6529,0.65219,0.65271,2635
2025-11-10 15:00:00,0.6527149999999999,0.652955,0.651505,0.651655,2207
2025-11-10 16:00:00,0.65165,0.6522049999999999,0.6514599999999999,0.65219,2120
2025-11-10 17:00:00,0.6522,0.653975,0.652155,0.6537999999999999,2064
2025-11-10 18:00:00,0.6538,0.654015,0.65369,0.65374,943
2025-11-10 19:00:00,0.65374,0.653975,0.6537,0.65375,638
2025-11-10 20:00:00,0.6537550000000001,0.653995,0.65374,0.6538,808
2025-11-10 21:00:00,0.65379,0.65391,0.65359,0.65361,514
2025-11-10 22:00:00,0.6535949999999999,0.6536500000000001,0.6533450000000001,0.65355,485
2025-11-10 23:00:00,0.653565,0.6537200000000001,0.6533599999999999,0.653455,573
2025-11-11 00:00:00,0.65347,0.653595,0.6532100000000001,0.653305,1052
2025-11-11 01:00:00,0.65332,0.653405,0.65284,0.6531,1599
2025-11-11 02:00:00,0.653095,0.6533,0.65262,0.652775,900
2025-11-11 03:00:00,0.6527700000000001,0.6530199999999999,0.652645,0.65291,837
2025-11-11 04:00:00,0.652895,0.6532549999999999,0.652295,0.652345,763
2025-11-11 05:00:00,0.652355,0.652435,0.65179,0.6517900000000001,1366
2025-11-11 06:00:00,0.6517850000000001,0.6524000000000001,0.6515299999999999,0.65181,1262
2025-11-11 07:00:00,0.651805,0.6520600000000001,0.65149,0.6519550000000001,1991
2025-11-11 08:00:00,0.65195,0.65254,0.651775,0.6517850000000001,1690
2025-11-11 09:00:00,0.651775,0.652205,0.651715,0.65188,1209
2025-11-11 10:00:00,0.65187,0.652315,0.651795,0.652315,963
2025-11-11 11:00:00,0.65231,0.6526350000000001,0.65212,0.65259,1057
2025-11-11 12:00:00,0.6525799999999999,0.6528400000000001,0.6521950000000001,0.652225,939
2025-11-11 13:00:00,0.652225,0.653815,0.6522,0.653525,2640
2025-11-11 14:00:00,0.65354,0.6537850000000001,0.652995,0.653625,3028
2025-11-11 15:00:00,0.6536200000000001,0.65366,0.652065,0.652155,3794
2025-11-11 16:00:00,0.652145,0.653025,0.652105,0.65256,2421
2025-11-11 17:00:00,0.652555,0.653165,0.652485,0.653115,1384
2025-11-11 18:00:00,0.65312,0.65339,0.653,0.653075,1093
2025-11-11 19:00:00,0.65306,0.653195,0.65291,0.65298,949
2025-11-11 20:00:00,0.6529849999999999,0.65314,0.6528400000000001,0.653,681
2025-11-11 21:00:00,0.652995,0.65301,0.6527000000000001,0.6527400000000001,534
2025-11-11 22:00:00,0.6527499999999999,0.6527499999999999,0.65205,0.6526050000000001,492
2025-11-11 23:00:00,0.6526050000000001,0.6531800000000001,0.6526050000000001,0.65292,669
2025-11-12 00:00:00,0.65288,0.6531800000000001,0.65204,0.65211,1157
2025-11-12 01:00:00,0.65212,0.65255,0.65198,0.65234,1586
2025-11-12 02:00:00,0.652325,0.652815,0.652035,0.652175,984
2025-11-12 03:00:00,0.65218,0.652635,0.65203,0.65235,1012
2025-11-12 04:00:00,0.652355,0.652465,0.65161,0.652075,1074
2025-11-12 05:00:00,0.652065,0.653115,0.65181,0.652915,1045
2025-11-12 06:00:00,0.65292,0.65367,0.652865,0.6534800000000001,1064
2025-11-12 07:00:00,0.65349,0.6541,0.65349,0.653735,1575
2025-11-12 08:00:00,0.653755,0.65445,0.6533150000000001,0.6541250000000001,2440
2025-11-12 09:00:00,0.654095,0.65429,0.6532100000000001,0.6533,1576
2025-11-12 10:00:00,0.653295,0.653465,0.65304,0.653205,1278
2025-11-12 11:00:00,0.6532100000000001,0.6535850000000001,0.6530750000000001,0.653555,1635
2025-11-12 12:00:00,0.653565,0.6544399999999999,0.65355,0.6543300000000001,1825
2025-11-12 13:00:00,0.654335,0.654455,0.653475,0.653725,1931
2025-11-12 14:00:00,0.653715,0.6537550000000001,0.6531199999999999,0.6533100000000001,2952
2025-11-12 15:00:00,0.6533,0.654015,0.65316,0.6539649999999999,3524
2025-11-12 16:00:00,0.65395,0.654455,0.653825,0.653995,2447
2025-11-12 17:00:00,0.654005,0.65448,0.6539699999999999,0.6542600000000001,2175
2025-11-12 18:00:00,0.6542699999999999,0.655035,0.6541950000000001,0.6548050000000001,1276
2025-11-12 19:00:00,0.6548,0.6548350000000001,0.65415,0.654415,1413
2025-11-12 20:00:00,0.654405,0.6544449999999999,0.654085,0.6541250000000001,1259
2025-11-12 21:00:00,0.654155,0.65421,0.6538900000000001,0.654095,772
2025-11-12 22:00:00,0.654105,0.654345,0.65378,0.6538200000000001,694
2025-11-12 23:00:00,0.653845,0.6539900000000001,0.65342,0.6536150000000001,752
2025-11-13 00:00:00,0.6536500000000001,0.65635,0.6533,0.655265,3845
2025-11-13 01:00:00,0.65525,0.65631,0.65496,0.655775,3658
2025-11-13 02:00:00,0.6557900000000001,0.656535,0.6556949999999999,0.656265,1800
2025-11-13 03:00:00,0.65627,0.65646,0.655585,0.655765,1480
2025-11-13 04:00:00,0.655775,0.65581,0.6552450000000001,0.6556850000000001,1106
2025-11-13 05:00:00,0.65568,0.656145,0.655645,0.655735,1065
2025-11-13 06:00:00,0.65573,0.65607,0.65555,0.655845,1441
2025-11-13 07:00:00,0.65584,0.65765,0.655705,0.657505,2408
2025-11-13 08:00:00,0.6575,0.65802,0.6574150000000001,0.657905,2236
2025-11-13 09:00:00,0.6578999999999999,0.65791,0.65691,0.657305,1861
2025-11-13 10:00:00,0.6572899999999999,0.6573100000000001,0.656815,0.656855,1256
2025-11-13 11:00:00,0.656845,0.656925,0.656065,0.656235,2001
2025-11-13 12:00:00,0.656245,0.65665,0.656015,0.6565099999999999,2215
2025-11-13 13:00:00,0.656495,0.6565749999999999,0.654845,0.65533,3227
2025-11-13 14:00:00,0.65534,0.6555949999999999,0.6538999999999999,0.65476,5047
2025-11-13 15:00:00,0.654755,0.6555,0.654385,0.655275,5259
2025-11-13 16:00:00,0.65528,0.6558299999999999,0.654945,0.6552899999999999,4323
2025-11-13 17:00:00,0.655285,0.65541,0.6547700000000001,0.65491,4240
2025-11-13 18:00:00,0.654915,0.6550549999999999,0.65239,0.65297,4120
2025-11-13 19:00:00,0.6529849999999999,0.6535299999999999,0.652665,0.6528149999999999,3432
2025-11-13 20:00:00,0.65281,0.6531100000000001,0.6525449999999999,0.6529,2942
2025-11-13 21:00:00,0.6529050000000001,0.653165,0.652845,0.6529799999999999,975
2025-11-13 22:00:00,0.652875,0.653595,0.652825,0.6534249999999999,845
2025-11-13 23:00:00,0.6534249999999999,0.65343,0.6525700000000001,0.6526700000000001,1399
2025-11-14 00:00:00,0.652665,0.6532450000000001,0.6524,0.6532199999999999,1817
2025-11-14 01:00:00,0.6532199999999999,0.65434,0.65307,0.65404,2318
2025-11-14 02:00:00,0.654075,0.654965,0.653995,0.6543950000000001,2023
2025-11-14 03:00:00,0.65439,0.654955,0.654055,0.654185,1428
2025-11-14 04:00:00,0.6542300000000001,0.6542300000000001,0.653215,0.653275,1650
2025-11-14 05:00:00,0.65327,0.6539550000000001,0.65303,0.65387,1869
2025-11-14 06:00:00,0.65386,0.653995,0.6528849999999999,0.653275,1833
2025-11-14 07:00:00,0.65327,0.6532899999999999,0.6522300000000001,0.65285,2669
2025-11-14 08:00:00,0.6528400000000001,0.6530549999999999,0.651795,0.652965,5039
2025-11-14 09:00:00,0.65297,0.6531750000000001,0.6521049999999999,0.65212,2910
2025-11-14 10:00:00,0.652105,0.652655,0.651455,0.651485,1716
2025-11-14 11:00:00,0.65147,0.6516900000000001,0.6503749999999999,0.6509849999999999,2753
2025-11-14 12:00:00,0.65099,0.65274,0.6507499999999999,0.652655,3110
2025-11-14 13:00:00,0.6526700000000001,0.653,0.6518349999999999,0.65239,4221
2025-11-14 14:00:00,0.652385,0.6536150000000001,0.65198,0.6534850000000001,6622
2025-11-14 15:00:00,0.6534800000000001,0.65466,0.652755,0.654635,7428
2025-11-14 16:00:00,0.654645,0.6551400000000001,0.65429,0.6547149999999999,4402
2025-11-14 17:00:00,0.65471,0.654765,0.653885,0.6542,3249
2025-11-14 18:00:00,0.65422,0.6542399999999999,0.653335,0.653605,3601
2025-11-14 19:00:00,0.65361,0.65393,0.6533599999999999,0.65381,2725
2025-11-14 20:00:00,0.6538200000000001,0.653895,0.653435,0.6536150000000001,2000
2025-11-14 21:00:00,0.6536200000000001,0.653885,0.653445,0.653805,927
2025-11-16 22:00:00,0.6534,0.6536900000000001,0.6530499999999999,0.653405,663
2025-11-16 23:00:00,0.65341,0.653555,0.653035,0.65327,1021
2025-11-17 00:00:00,0.6532800000000001,0.653365,0.6525000000000001,0.65265,1676
2025-11-17 01:00:00,0.65264,0.652835,0.65185,0.651895,2258
2025-11-17 02:00:00,0.6519,0.6523000000000001,0.6516,0.6519900000000001,1598
2025-11-17 03:00:00,0.65198,0.652145,0.6511899999999999,0.65171,1627
2025-11-17 04:00:00,0.6517200000000001,0.65234,0.65167,0.6522399999999999,753
2025-11-17 05:00:00,0.652255,0.65248,0.6521699999999999,0.652265,945
2025-11-17 06:00:00,0.65228,0.652605,0.6518299999999999,0.6525650000000001,1129
2025-11-17 07:00:00,0.652555,0.6537,0.6525099999999999,0.6536200000000001,1433
2025-11-17 08:00:00,0.65361,0.65375,0.6520950000000001,0.6523300000000001,2108
2025-11-17 09:00:00,0.652315,0.6524099999999999,0.651945,0.65201,1809
2025-11-17 10:00:00,0.6519999999999999,0.652245,0.6511100000000001,0.65116,1734
2025-11-17 11:00:00,0.65115,0.6519900000000001,0.6509199999999999,0.6517550000000001,1510
2025-11-17 12:00:00,0.65174,0.652505,0.65163,0.651875,1872
2025-11-17 13:00:00,0.6518900000000001,0.65203,0.6507149999999999,0.651035,2593
2025-11-17 14:00:00,0.65101,0.65149,0.650685,0.65121,3690
2025-11-17 15:00:00,0.65122,0.651265,0.6505,0.650875,4554
2025-11-17 16:00:00,0.6508700000000001,0.651515,0.6500699999999999,0.65151,3455
2025-11-17 17:00:00,0.65152,0.6517649999999999,0.65074,0.650945,2465
2025-11-17 18:00:00,0.650955,0.65098,0.64977,0.6497850000000001,2283
2025-11-17 19:00:00,0.649775,0.649865,0.64829,0.64836,2840
2025-11-17 20:00:00,0.648355,0.64927,0.64821,0.6492,2407
2025-11-17 21:00:00,0.649205,0.649405,0.64909,0.6493599999999999,640
2025-11-17 22:00:00,0.649335,0.64975,0.649135,0.64959,771
2025-11-17 23:00:00,0.64959,0.64988,0.6492199999999999,0.649235,675
2025-11-18 00:00:00,0.64924,0.64926,0.6483,0.64839,1319
2025-11-18 01:00:00,0.648385,0.6492249999999999,0.648315,0.649075,2309
2025-11-18 02:00:00,0.649065,0.649765,0.648865,0.6489199999999999,1689
2025-11-18 03:00:00,0.64893,0.6489499999999999,0.647695,0.647895,1736
2025-11-18 04:00:00,0.647895,0.648085,0.646495,0.648065,2952
2025-11-18 05:00:00,0.64806,0.64866,0.64759,0.6481600000000001,1868
2025-11-18 06:00:00,0.648155,0.64827,0.6475,0.64758,1664
2025-11-18 07:00:00,0.6475850000000001,0.648755,0.647445,0.64852,2273
2025-11-18 08:00:00,0.648525,0.649945,0.648515,0.649205,2695
2025-11-18 09:00:00,0.649195,0.6498349999999999,0.649135,0.6496,2119
2025-11-18 10:00:00,0.6495949999999999,0.65003,0.6491899999999999,0.6500049999999999,1666
2025-11-18 11:00:00,0.6499999999999999,0.65048,0.6498649999999999,0.6503049999999999,1470
2025-11-18 12:00:00,0.6503,0.65049,0.649795,0.650215,2157
2025-11-18 13:00:00,0.65021,0.6512199999999999,0.64983,0.6506,2884
2025-11-18 14:00:00,0.650595,0.65093,0.649605,0.649795,5335
2025-11-18 15:00:00,0.6497900000000001,0.6500349999999999,0.648695,0.6487,9181
2025-11-18 16:00:00,0.648685,0.65096,0.64827,0.650355,5658
2025-11-18 17:00:00,0.65035,0.651135,0.649435,0.650965,4301
2025-11-18 18:00:00,0.6509750000000001,0.651745,0.650935,0.65134,3389
2025-11-18 19:00:00,0.6513450000000001,0.65184,0.651285,0.65171,2385
2025-11-18 20:00:00,0.651715,0.65181,0.6510050000000001,0.65103,2287
2025-11-18 21:00:00,0.651025,0.6511,0.65065,0.6507400000000001,677
2025-11-18 22:00:00,0.650675,0.650995,0.6503399999999999,0.65091,663
2025-11-18 23:00:00,0.650915,0.6511800000000001,0.6508,0.6508499999999999,523
2025-11-19 00:00:00,0.6508400000000001,0.65091,0.650015,0.6501600000000001,1798
2025-11-19 01:00:00,0.65016,0.65022,0.649065,0.649245,2639
2025-11-19 02:00:00,0.64924,0.64984,0.64909,0.64909,1955
2025-11-19 03:00:00,0.64909,0.649265,0.6480699999999999,0.6482600000000001,1739
2025-11-19 04:00:00,0.64827,0.64852,0.647655,0.64828,1782
2025-11-19 05:00:00,0.64829,0.64896,0.6479999999999999,0.64895,1573
2025-11-19 06:00:00,0.648955,0.64959,0.6488499999999999,0.64907,1274
2025-11-19 07:00:00,0.64906,0.64975,0.64889,0.649275,2110
2025-11-19 08:00:00,0.649285,0.649405,0.647815,0.647825,2667
2025-11-19 09:00:00,0.6478,0.6489,0.647705,0.648685,1898
2025-11-19 10:00:00,0.648695,0.648835,0.648155,0.64856,1504
2025-11-19 11:00:00,0.648575,0.649205,0.64828,0.6489499999999999,1828
2025-11-19 12:00:00,0.648945,0.64927,0.648845,0.648955,1779
2025-11-19 13:00:00,0.64895,0.649025,0.648265,0.648425,2094
2025-11-19 14:00:00,0.64842,0.64929,0.647905,0.64916,4587
2025-11-19 15:00:00,0.649165,0.649205,0.646345,0.646515,4625
2025-11-19 16:00:00,0.646505,0.6467400000000001,0.64592,0.6467350000000001,4704
2025-11-19 17:00:00,0.646725,0.64691,0.645115,0.64602,5039
2025-11-19 18:00:00,0.646015,0.646855,0.6459900000000001,0.646535,3105
2025-11-19 19:00:00,0.64655,0.6465700000000001,0.645785,0.646415,3416
2025-11-19 20:00:00,0.64639,0.647205,0.6463,0.646795,2235
2025-11-19 21:00:00,0.6468,0.6480999999999999,0.64654,0.6478349999999999,1537
2025-11-19 22:00:00,0.6478349999999999,0.64804,0.6474850000000001,0.647845,574
2025-11-19 23:00:00,0.647845,0.6491450000000001,0.6478200000000001,0.64903,1089
2025-11-20 00:00:00,0.649035,0.649035,0.648115,0.64839,1581
2025-11-20 01:00:00,0.648395,0.6485650000000001,0.647875,0.64798,1965
2025-11-20 02:00:00,0.64797,0.6480950000000001,0.647415,0.6478349999999999,1701
2025-11-20 03:00:00,0.647845,0.6489050000000001,0.647845,0.648175,2238
2025-11-20 04:00:00,0.64818,0.648775,0.64811,0.64861,891
2025-11-20 05:00:00,0.648595,0.64883,0.6478900000000001,0.6478999999999999,870
2025-11-20 06:00:00,0.6479,0.648335,0.64772,0.648155,1077
2025-11-20 07:00:00,0.648145,0.64825,0.647545,0.6475599999999999,1630
2025-11-20 08:00:00,0.6475500000000001,0.648045,0.647095,0.64768,2465
2025-11-20 09:00:00,0.647675,0.648305,0.64754,0.64828,2184
2025-11-20 10:00:00,0.64829,0.648625,0.6481250000000001,0.648345,2224
2025-11-20 11:00:00,0.64834,0.648435,0.647265,0.647565,1629
2025-11-20 12:00:00,0.64758,0.64785,0.6473949999999999,0.647745,1437
2025-11-20 13:00:00,0.6477550000000001,0.650155,0.646875,0.649095,7251
2025-11-20 14:00:00,0.649085,0.650265,0.64844,0.649665,5969
2025-11-20 15:00:00,0.649675,0.6497299999999999,0.647215,0.647675,4958
2025-11-20 16:00:00,0.647685,0.64776,0.644575,0.64473,7359
2025-11-20 17:00:00,0.64472,0.6454949999999999,0.643625,0.64454,9905
2025-11-20 18:00:00,0.644515,0.6460999999999999,0.6441600000000001,0.644375,5558
2025-11-20 19:00:00,0.64436,0.6456500000000001,0.6441049999999999,0.645635,4125
2025-11-20 20:00:00,0.645635,0.64574,0.6443399999999999,0.64438,3610
2025-11-20 21:00:00,0.644385,0.64445,0.64393,0.644045,807
2025-11-20 22:00:00,0.644095,0.644845,0.644035,0.6448400000000001,1410
2025-11-20 23:00:00,0.64484,0.64507,0.64375,0.644915,1466
2025-11-21 00:00:00,0.6449050000000001,0.645635,0.644535,0.64555,1446
2025-11-21 01:00:00,0.64556,0.645745,0.645165,0.645385,2349
2025-11-21 02:00:00,0.6453949999999999,0.64576,0.64464,0.644695,1428
2025-11-21 03:00:00,0.644705,0.6451549999999999,0.644605,0.644725,1672
2025-11-21 04:00:00,0.644715,0.644885,0.64414,0.64454,1239
2025-11-21 05:00:00,0.6445350000000001,0.645175,0.6445350000000001,0.644665,1735
2025-11-21 06:00:00,0.6446700000000001,0.6454,0.64466,0.64511,1439
2025-11-21 07:00:00,0.645105,0.64531,0.643525,0.643625,2557
2025-11-21 08:00:00,0.6436299999999999,0.645375,0.643375,0.645115,4237
2025-11-21 09:00:00,0.645125,0.645215,0.643635,0.643645,2779
2025-11-21 10:00:00,0.643635,0.643635,0.6423099999999999,0.64351,3349
2025-11-21 11:00:00,0.6435150000000001,0.6440600000000001,0.6429050000000001,0.6430899999999999,2293
2025-11-21 12:00:00,0.64308,0.6448,0.6421399999999999,0.64452,5775
2025-11-21 13:00:00,0.644515,0.6453249999999999,0.644165,0.644955,3040
2025-11-21 14:00:00,0.644945,0.6450400000000001,0.643045,0.6435649999999999,6685
2025-11-21 15:00:00,0.643575,0.64429,0.6423099999999999,0.64331,10598
2025-11-21 16:00:00,0.6433,0.645535,0.6428,0.645535,6388
2025-11-21 17:00:00,0.645535,0.64608,0.645175,0.6454599999999999,4642
2025-11-21 18:00:00,0.64547,0.646015,0.6446,0.64532,4225
2025-11-21 19:00:00,0.64533,0.645975,0.64524,0.64555,2460
2025-11-21 20:00:00,0.645555,0.64592,0.64535,0.6457550000000001,2674
2025-11-21 21:00:00,0.64575,0.6459550000000001,0.645355,0.645785,3075
2025-11-23 22:00:00,0.6459699999999999,0.64616,0.6456500000000001,0.64588,771
2025-11-23 23:00:00,0.645865,0.646605,0.645865,0.6461600000000001,1072
2025-11-24 00:00:00,0.64615,0.64625,0.64513,0.64536,1006
2025-11-24 01:00:00,0.64537,0.645715,0.644915,0.645365,1781
2025-11-24 02:00:00,0.64537,0.646445,0.645195,0.6460349999999999,1560
2025-11-24 03:00:00,0.64604,0.64645,0.645715,0.6460950000000001,1115
2025-11-24 04:00:00,0.646085,0.6464449999999999,0.645835,0.646015,911
2025-11-24 05:00:00,0.646025,0.6465,0.6459,0.6462950000000001,1135
2025-11-24 06:00:00,0.6462950000000001,0.64675,0.645855,0.6459600000000001,1138
2025-11-24 07:00:00,0.6459550000000001,0.6465700000000001,0.645685,0.646085,1527
2025-11-24 08:00:00,0.64609,0.64666,0.6456550000000001,0.64569,2188
2025-11-24 09:00:00,0.645665,0.6457550000000001,0.64422,0.644665,2278
2025-11-24 10:00:00,0.6446449999999999,0.645165,0.6444099999999999,0.645015,1968
2025-11-24 11:00:00,0.64503,0.6453899999999999,0.644625,0.6450549999999999,1547
2025-11-24 12:00:00,0.64505,0.645635,0.644405,0.645525,1891
2025-11-24 13:00:00,0.6455299999999999,0.64596,0.6450849999999999,0.64541,1903
2025-11-24 14:00:00,0.6454,0.645905,0.644505,0.6453450000000001,5167
2025-11-24 15:00:00,0.64539,0.6459999999999999,0.644745,0.6457900000000001,4828
2025-11-24 16:00:00,0.645795,0.646105,0.64548,0.64549,1845
2025-11-24 17:00:00,0.6455150000000001,0.6461399999999999,0.645185,0.6459349999999999,1950
2025-11-24 18:00:00,0.64594,0.64664,0.645915,0.646495,1049
2025-11-24 19:00:00,0.646495,0.6466000000000001,0.6460049999999999,0.646195,1019
2025-11-24 20:00:00,0.6462049999999999,0.64684,0.64615,0.64654,933
2025-11-24 21:00:00,0.64653,0.646665,0.6462650000000001,0.64628,493
2025-11-24 22:00:00,0.64628,0.6466449999999999,0.6461950000000001,0.64663,531
2025-11-24 23:00:00,0.646645,0.64688,0.64646,0.64653,582
2025-11-25 00:00:00,0.64652,0.64652,0.6457649999999999,0.64621,902
2025-11-25 01:00:00,0.64621,0.6469050000000001,0.646165,0.64632,1692
2025-11-25 02:00:00,0.646325,0.6466,0.64595,0.6466,1656
2025-11-25 03:00:00,0.6466099999999999,0.6467050000000001,0.64516,0.645335,1658
2025-11-25 04:00:00,0.6453450000000001,0.6456850000000001,0.64528,0.6454,925
2025-11-25 05:00:00,0.64541,0.646065,0.645265,0.6457900000000001,1061
2025-11-25 06:00:00,0.64578,0.64591,0.64486,0.645095,1177
2025-11-25 07:00:00,0.645095,0.64568,0.645045,0.64544,1789
2025-11-25 08:00:00,0.645445,0.6458349999999999,0.644995,0.64513,2015
2025-11-25 09:00:00,0.64514,0.646155,0.6451199999999999,0.64586,2032
2025-11-25 10:00:00,0.64585,0.646285,0.64551,0.645555,1607
2025-11-25 11:00:00,0.645545,0.645555,0.644505,0.64489,1458
2025-11-25 12:00:00,0.644895,0.64571,0.64481,0.64551,3529
2025-11-25 13:00:00,0.6455150000000001,0.64697,0.64549,0.646135,4396
2025-11-25 14:00:00,0.64612,0.646345,0.6436200000000001,0.64537,5794
2025-11-25 15:00:00,0.6453599999999999,0.6456649999999999,0.64455,0.64472,6716
2025-11-25 16:00:00,0.644715,0.6456850000000001,0.64466,0.64515,3313
2025-11-25 17:00:00,0.64515,0.6475850000000001,0.64514,0.6472,4336
2025-11-25 18:00:00,0.6472100000000001,0.64754,0.647065,0.6471800000000001,2095
2025-11-25 19:00:00,0.64716,0.64751,0.64671,0.6474,1293
2025-11-25 20:00:00,0.64739,0.64754,0.6466350000000001,0.646695,1610
2025-11-25 21:00:00,0.646675,0.64723,0.646655,0.6469400000000001,928
2025-11-25 22:00:00,0.646955,0.6470750000000001,0.646625,0.6470750000000001,555
2025-11-25 23:00:00,0.64705,0.6472450000000001,0.646725,0.647025,964
2025-11-26 00:00:00,0.647035,0.64906,0.64691,0.64795,2341
2025-11-26 01:00:00,0.64794,0.649555,0.64771,0.64905,5143
2025-11-26 02:00:00,0.649045,0.649565,0.6489199999999999,0.649255,2549
2025-11-26 03:00:00,0.64925,0.65052,0.64919,0.650145,1816
2025-11-26 04:00:00,0.6501399999999999,0.650485,0.649975,0.6502300000000001,1137
2025-11-26 05:00:00,0.65022,0.65081,0.65016,0.65059,1356
2025-11-26 06:00:00,0.650575,0.65122,0.650345,0.6504,1505
2025-11-26 07:00:00,0.6504099999999999,0.650925,0.649555,0.650145,2035
2025-11-26 08:00:00,0.6501349999999999,0.650515,0.649115,0.64969,2644
2025-11-26 09:00:00,0.6496999999999999,0.650495,0.6495,0.64995,2162
2025-11-26 10:00:00,0.6499550000000001,0.65019,0.649095,0.649135,1780
2025-11-26 11:00:00,0.649125,0.649375,0.648715,0.64912,2453
2025-11-26 12:00:00,0.649125,0.64933,0.64839,0.649245,3226
2025-11-26 13:00:00,0.64926,0.65047,0.6486,0.6490549999999999,5037
2025-11-26 14:00:00,0.649065,0.65011,0.648795,0.6496200000000001,3323
2025-11-26 15:00:00,0.6496,0.650965,0.649245,0.6509149999999999,4960
2025-11-26 16:00:00,0.650935,0.6516949999999999,0.650925,0.65151,2447
2025-11-26 17:00:00,0.65152,0.6516649999999999,0.651125,0.65146,1694
2025-11-26 18:00:00,0.651475,0.6519600000000001,0.6512199999999999,0.651905,1615
2025-11-26 19:00:00,0.651915,0.65212,0.651635,0.651875,997
2025-11-26 20:00:00,0.65187,0.6520950000000001,0.65169,0.65178,840
2025-11-26 21:00:00,0.651775,0.65192,0.6517,0.65176,605
2025-11-26 22:00:00,0.65177,0.65204,0.651705,0.651715,631
2025-11-26 23:00:00,0.65172,0.65278,0.65169,0.652345,972
2025-11-27 00:00:00,0.6523399999999999,0.6527000000000001,0.6523049999999999,0.6526099999999999,950
2025-11-27 01:00:00,0.65263,0.65315,0.652505,0.653135,2180
2025-11-27 02:00:00,0.65314,0.6535850000000001,0.6528,0.652895,1821
2025-11-27 03:00:00,0.6528849999999999,0.65325,0.65267,0.6532,981
2025-11-27 04:00:00,0.6531899999999999,0.653635,0.6529499999999999,0.653525,935
2025-11-27 05:00:00,0.6535299999999999,0.6539900000000001,0.65332,0.6533249999999999,1126
2025-11-27 06:00:00,0.65333,0.6534150000000001,0.65244,0.652685,1657
2025-11-27 07:00:00,0.652705,0.653245,0.65242,0.653225,1232
2025-11-27 08:00:00,0.653235,0.653305,0.65222,0.65248,1811
2025-11-27 09:00:00,0.652455,0.652755,0.652155,0.65238,1514
2025-11-27 10:00:00,0.65239,0.652895,0.6522399999999999,0.65238,1186
2025-11-27 11:00:00,0.65238,0.6528499999999999,0.652245,0.6527449999999999,1084
2025-11-27 12:00:00,0.652745,0.65293,0.6525449999999999,0.65258,1859
2025-11-27 13:00:00,0.652575,0.65285,0.65247,0.652685,1461
2025-11-27 14:00:00,0.652695,0.65282,0.652335,0.65273,1367
2025-11-27 15:00:00,0.65272,0.6534,0.652665,0.65335,1095
2025-11-27 16:00:00,0.6533599999999999,0.653365,0.653035,0.65316,617
2025-11-27 17:00:00,0.65317,0.653285,0.65289,0.653165,403
2025-11-27 18:00:00,0.6531800000000001,0.653235,0.652965,0.652965,206
2025-11-27 19:00:00,0.65297,0.65308,0.65296,0.653015,147
2025-11-27 20:00:00,0.6530100000000001,0.6531899999999999,0.65301,0.653095,308
2025-11-27 21:00:00,0.6531199999999999,0.653445,0.6531199999999999,0.653405,469
2025-11-27 22:00:00,0.653275,0.6534800000000001,0.652985,0.653435,368
2025-11-27 23:00:00,0.65344,0.6536649999999999,0.6531800000000001,0.65358,593
2025-11-28 00:00:00,0.6535599999999999,0.65388,0.65333,0.65361,1205
2025-11-28 01:00:00,0.6536150000000001,0.6541,0.653395,0.6534850000000001,1076
2025-11-28 02:00:00,0.65349,0.65387,0.653295,0.653635,3814
2025-11-28 03:00:00,0.6536299999999999,0.6540900000000001,0.6533450000000001,0.65339,12362
2025-11-28 04:00:00,0.6533800000000001,0.653725,0.653065,0.653215,10964
2025-11-28 05:00:00,0.6532100000000001,0.653455,0.6525099999999999,0.65296,12026
2025-11-28 06:00:00,0.65297,0.652995,0.65243,0.65269,8422
2025-11-28 07:00:00,0.652695,0.652975,0.652215,0.652235,13837
2025-11-28 08:00:00,0.652245,0.65255,0.6520349999999999,0.652105,12630
2025-11-28 09:00:00,0.652135,0.652875,0.6521049999999999,0.6524749999999999,13190
2025-11-28 10:00:00,0.652475,0.65265,0.65208,0.652305,9199
2025-11-28 11:00:00,0.652325,0.65264,0.6520900000000001,0.65236,13679
2025-11-28 12:00:00,0.652355,0.65297,0.652165,0.65258,13978
2025-11-28 13:00:00,0.65259,0.653685,0.652505,0.65356,10772
2025-11-28 14:00:00,0.653565,0.6539699999999999,0.6531750000000001,0.6537,3400
2025-11-28 15:00:00,0.65369,0.6559250000000001,0.65365,0.655795,3882
2025-11-28 16:00:00,0.655795,0.6558200000000001,0.6545799999999999,0.655035,3087
2025-11-28 17:00:00,0.655025,0.65526,0.65447,0.655135,1791
2025-11-28 18:00:00,0.6551400000000001,0.6551750000000001,0.65463,0.65496,1328
2025-11-28 19:00:00,0.65497,0.655185,0.65491,0.655025,3136
2025-11-28 20:00:00,0.655015,0.655205,0.6548799999999999,0.65503,6578
2025-11-28 21:00:00,0.6550400000000001,0.655355,0.654685,0.6552450000000001,9468
2025-11-30 22:00:00,0.654055,0.654695,0.65371,0.65411,968
2025-11-30 23:00:00,0.654115,0.655345,0.654115,0.6551450000000001,1177
2025-12-01 00:00:00,0.65513,0.65526,0.653985,0.65419,2396
2025-12-01 01:00:00,0.6542,0.6557,0.6538999999999999,0.655235,3535
2025-12-01 02:00:00,0.65524,0.6553,0.65403,0.6542950000000001,2734
2025-12-01 03:00:00,0.65429,0.65474,0.653905,0.6547350000000001,1082
2025-12-01 04:00:00,0.65473,0.6550100000000001,0.65428,0.6544000000000001,1257
2025-12-01 05:00:00,0.654405,0.654455,0.65375,0.654155,1363
2025-12-01 06:00:00,0.654145,0.654355,0.653885,0.654325,1207
2025-12-01 07:00:00,0.654335,0.6554599999999999,0.653985,0.6550549999999999,2181
2025-12-01 08:00:00,0.65506,0.65534,0.654355,0.6549,3736
2025-12-01 09:00:00,0.654905,0.6553150000000001,0.65452,0.65498,2897
2025-12-01 10:00:00,0.654985,0.655275,0.65446,0.65494,1783
2025-12-01 11:00:00,0.65493,0.655455,0.65466,0.6554150000000001,1384
2025-12-01 12:00:00,0.65542,0.656335,0.655,0.656335,2431
2025-12-01 13:00:00,0.656345,0.65665,0.65591,0.656005,3366
2025-12-01 14:00:00,0.65601,0.656095,0.6552899999999999,0.65603,5606
2025-12-01 15:00:00,0.6560349999999999,0.65644,0.65465,0.65539,5014
2025-12-01 16:00:00,0.6554,0.655765,0.654995,0.6553100000000001,3142
2025-12-01 17:00:00,0.655305,0.655705,0.655035,0.655265,2122
2025-12-01 18:00:00,0.65527,0.655375,0.654615,0.65483,1378
2025-12-01 19:00:00,0.654825,0.654825,0.654045,0.654285,1443
2025-12-01 20:00:00,0.654285,0.654435,0.654135,0.654285,1138
2025-12-01 21:00:00,0.65429,0.65448,0.6541,0.65438,660
2025-12-01 22:00:00,0.6543950000000001,0.65457,0.65369,0.654035,803
2025-12-01 23:00:00,0.65402,0.6545300000000001,0.65401,0.6541699999999999,546
2025-12-02 00:00:00,0.65419,0.65428,0.653875,0.65427,875
2025-12-02 01:00:00,0.6542600000000001,0.654605,0.653795,0.6545300000000001,1914
2025-12-02 02:00:00,0.654515,0.655145,0.654335,0.6550199999999999,1119
2025-12-02 03:00:00,0.655,0.655195,0.654615,0.6551,1251
2025-12-02 04:00:00,0.655105,0.655335,0.65487,0.654915,821
2025-12-02 05:00:00,0.654905,0.6555,0.654845,0.65532,689
2025-12-02 06:00:00,0.6553100000000001,0.655455,0.6550750000000001,0.6553599999999999,1066
2025-12-02 07:00:00,0.655365,0.65578,0.65535,0.655545,1512
2025-12-02 08:00:00,0.6555500000000001,0.65585,0.65509,0.65545,1837
2025-12-02 09:00:00,0.655445,0.65551,0.65455,0.654825,1185
2025-12-02 10:00:00,0.65483,0.65493,0.654355,0.6545799999999999,1632
2025-12-02 11:00:00,0.65459,0.65507,0.654535,0.654855,1536
2025-12-02 12:00:00,0.65486,0.655505,0.65479,0.655455,1456
2025-12-02 13:00:00,0.65547,0.65629,0.6551899999999999,0.65628,1782
2025-12-02 14:00:00,0.6562950000000001,0.65683,0.65567,0.656265,3767
2025-12-02 15:00:00,0.6562699999999999,0.65708,0.655335,0.6569750000000001,4402
2025-12-02 16:00:00,0.65698,0.65698,0.6554,0.655485,4231
2025-12-02 17:00:00,0.6554800000000001,0.65621,0.65537,0.6555,2117
2025-12-02 18:00:00,0.6555,0.65594,0.65534,0.6556900000000001,1562
2025-12-02 19:00:00,0.6556949999999999,0.656595,0.655605,0.65648,1439
2025-12-02 20:00:00,0.656465,0.6567000000000001,0.65638,0.65651,1248
2025-12-02 21:00:00,0.656505,0.656605,0.65631,0.65639,575
2025-12-02 22:00:00,0.65613,0.65675,0.65613,0.6567050000000001,447
2025-12-02 23:00:00,0.65671,0.65738,0.6567,0.65735,680
2025-12-03 00:00:00,0.65737,0.6576200000000001,0.65525,0.6567,2792
2025-12-03 01:00:00,0.656685,0.6575850000000001,0.6565300000000001,0.6574500000000001,1724
2025-12-03 02:00:00,0.657455,0.65781,0.65709,0.657565,1577
2025-12-03 03:00:00,0.65757,0.658015,0.657505,0.65791,1156
2025-12-03 04:00:00,0.657905,0.65803,0.65769,0.65803,653
2025-12-03 05:00:00,0.65801,0.658415,0.657855,0.65831,1016
2025-12-03 06:00:00,0.658295,0.658495,0.6580600000000001,0.658245,1324
2025-12-03 07:00:00,0.65825,0.6586449999999999,0.6576299999999999,0.657735,1726
2025-12-03 08:00:00,0.65773,0.65831,0.6574,0.65821,1983
2025-12-03 09:00:00,0.65822,0.6585650000000001,0.657975,0.658155,1932
2025-12-03 10:00:00,0.658175,0.658945,0.6581349999999999,0.658815,1242
2025-12-03 11:00:00,0.658825,0.65913,0.6586,0.658925,871
2025-12-03 12:00:00,0.65892,0.659265,0.65873,0.658875,1227
2025-12-03 13:00:00,0.65887,0.6595899999999999,0.658685,0.659065,2943
2025-12-03 14:00:00,0.659075,0.659115,0.6574949999999999,0.6583950000000001,5808
2025-12-03 15:00:00,0.658445,0.659845,0.65824,0.659745,6175
2025-12-03 16:00:00,0.65974,0.65998,0.6589849999999999,0.6591,2786
2025-12-03 17:00:00,0.659095,0.65976,0.6588849999999999,0.659625,2893
2025-12-03 18:00:00,0.659635,0.6600699999999999,0.659385,0.659915,2207
2025-12-03 19:00:00,0.659905,0.6600999999999999,0.659805,0.660095,1075
2025-12-03 20:00:00,0.66009,0.6602,0.659995,0.66014,1245
2025-12-03 21:00:00,0.66015,0.66021,0.66005,0.66008,821
2025-12-03 22:00:00,0.6600550000000001,0.66006,0.6597599999999999,0.6599900000000001,659
2025-12-03 23:00:00,0.660005,0.660435,0.6599649999999999,0.6604,956
2025-12-04 00:00:00,0.6604399999999999,0.661055,0.6603950000000001,0.66093,1655
2025-12-04 01:00:00,0.660935,0.66106,0.6603049999999999,0.66066,2098
2025-12-04 02:00:00,0.6606650000000001,0.661045,0.660435,0.6607149999999999,1901
2025-12-04 03:00:00,0.660695,0.66101,0.660215,0.66092,1391
2025-12-04 04:00:00,0.66091,0.661475,0.660895,0.6613549999999999,1088
2025-12-04 05:00:00,0.66137,0.6615,0.66082,0.6611400000000001,1651
2025-12-04 06:00:00,0.6611400000000001,0.661285,0.660535,0.661105,1382
2025-12-04 07:00:00,0.661115,0.6615800000000001,0.66091,0.6615800000000001,1457
2025-12-04 08:00:00,0.661575,0.6619349999999999,0.661035,0.661055,2879
2025-12-04 09:00:00,0.661065,0.661745,0.660865,0.6615850000000001,2181
2025-12-04 10:00:00,0.6615949999999999,0.6617550000000001,0.66096,0.66106,1677
2025-12-04 11:00:00,0.661065,0.6612450000000001,0.6606099999999999,0.661155,1790
2025-12-04 12:00:00,0.661145,0.6614150000000001,0.66058,0.660825,1504
2025-12-04 13:00:00,0.66083,0.661005,0.66032,0.6608,3392
2025-12-04 14:00:00,0.66081,0.6618200000000001,0.660635,0.6611549999999999,3378
2025-12-04 15:00:00,0.6611450000000001,0.662415,0.66099,0.66196,4346
2025-12-04 16:00:00,0.66197,0.6620999999999999,0.66144,0.661785,3823
2025-12-04 17:00:00,0.66177,0.66183,0.6614,0.661595,1774
2025-12-04 18:00:00,0.66161,0.66181,0.661295,0.66154,1300
2025-12-04 19:00:00,0.661525,0.66159,0.66096,0.66137,1766
2025-12-04 20:00:00,0.6613549999999999,0.661355,0.6610499999999999,0.66131,1134
2025-12-04 21:00:00,0.661315,0.661415,0.66078,0.66096,786
2025-12-04 22:00:00,0.6609849999999999,0.6612100000000001,0.66062,0.66079,690
2025-12-04 23:00:00,0.660805,0.660995,0.6605449999999999,0.66064,554
2025-12-05 00:00:00,0.66065,0.66107,0.660645,0.66106,771
2025-12-05 01:00:00,0.66108,0.66154,0.66108,0.66137,989
2025-12-05 02:00:00,0.6613800000000001,0.66177,0.66123,0.6615800000000001,1050
2025-12-05 03:00:00,0.66159,0.6615949999999999,0.661065,0.6614450000000001,675
2025-12-05 04:00:00,0.6614500000000001,0.66194,0.661355,0.661915,822
2025-12-05 05:00:00,0.66192,0.6623,0.661855,0.6622049999999999,914
2025-12-05 06:00:00,0.662215,0.662685,0.66203,0.662585,1007
2025-12-05 07:00:00,0.66256,0.663,0.662405,0.6624950000000001,1281
2025-12-05 08:00:00,0.6625099999999999,0.6634500000000001,0.662195,0.66263,2036
2025-12-05 09:00:00,0.66262,0.663145,0.66246,0.66309,1203
2025-12-05 10:00:00,0.66309,0.663645,0.66282,0.66354,1039
2025-12-05 11:00:00,0.6635500000000001,0.6636,0.662565,0.662955,1045
2025-12-05 12:00:00,0.6629700000000001,0.663855,0.6629499999999999,0.66385,1584
2025-12-05 13:00:00,0.66386,0.66441,0.66365,0.66414,2689
2025-12-05 14:00:00,0.664135,0.6645449999999999,0.663805,0.664415,4032
2025-12-05 15:00:00,0.664385,0.66489,0.66389,0.664245,4098
2025-12-05 16:00:00,0.6642399999999999,0.66428,0.662675,0.663385,4787
2025-12-05 17:00:00,0.6633800000000001,0.664025,0.66313,0.66398,3324
2025-12-05 18:00:00,0.663995,0.66418,0.6635500000000001,0.66384,1779
2025-12-05 19:00:00,0.663845,0.663915,0.663595,0.663905,1723
2025-12-05 20:00:00,0.66391,0.6639999999999999,0.663625,0.663945,1422
2025-12-05 21:00:00,0.66394,0.664235,0.66378,0.66409,1196
2025-12-07 22:00:00,0.6636,0.66377,0.663065,0.6632,1047
2025-12-07 23:00:00,0.66324,0.664005,0.6632,0.663485,2472
2025-12-08 00:00:00,0.66351,0.6640600000000001,0.663305,0.66404,1250
2025-12-08 01:00:00,0.66405,0.6646000000000001,0.663925,0.6643,1724
2025-12-08 02:00:00,0.6643049999999999,0.664825,0.6642699999999999,0.66481,880
2025-12-08 03:00:00,0.66481,0.664845,0.6640900000000001,0.664255,951
2025-12-08 04:00:00,0.664265,0.66456,0.664265,0.66445,736
2025-12-08 05:00:00,0.664455,0.66464,0.663985,0.66454,808
2025-12-08 06:00:00,0.6645449999999999,0.664915,0.66412,0.6644,1568
2025-12-08 07:00:00,0.664415,0.66456,0.66344,0.663745,1584
2025-12-08 08:00:00,0.66373,0.66407,0.6634,0.66397,1970
2025-12-08 09:00:00,0.663965,0.66404,0.663395,0.663605,1534
2025-12-08 10:00:00,0.6636,0.663905,0.663475,0.663605,1178
2025-12-08 11:00:00,0.6636,0.66367,0.66326,0.66337,1106
2025-12-08 12:00:00,0.66334,0.66398,0.663285,0.663905,1585
2025-12-08 13:00:00,0.6638999999999999,0.664385,0.6635,0.663695,2590
2025-12-08 14:00:00,0.663705,0.66411,0.66299,0.66305,2403
2025-12-08 15:00:00,0.66303,0.663045,0.66144,0.661755,3623
2025-12-08 16:00:00,0.66177,0.66235,0.6615,0.6621349999999999,1986
2025-12-08 17:00:00,0.66213,0.662865,0.6617999999999999,0.66283,2144
2025-12-08 18:00:00,0.66284,0.6629499999999999,0.6619550000000001,0.662095,1787
2025-12-08 19:00:00,0.66208,0.6624950000000001,0.6618850000000001,0.6623300000000001,1464
2025-12-08 20:00:00,0.6623399999999999,0.6625000000000001,0.6621600000000001,0.66249,963
2025-12-08 21:00:00,0.662505,0.66256,0.66225,0.662415,711
2025-12-08 22:00:00,0.66237,0.66244,0.66196,0.66226,425
2025-12-08 23:00:00,0.6622600000000001,0.662755,0.66218,0.6627,500
2025-12-09 00:00:00,0.66269,0.6628000000000001,0.662085,0.66216,894
2025-12-09 01:00:00,0.662145,0.6626350000000001,0.66178,0.66259,1736
2025-12-09 02:00:00,0.662605,0.662785,0.662365,0.66275,1060
2025-12-09 03:00:00,0.662735,0.66306,0.66083,0.66258,2709
2025-12-09 04:00:00,0.662585,0.664865,0.66229,0.66452,2685
2025-12-09 05:00:00,0.6645300000000001,0.6648000000000001,0.6640349999999999,0.66432,1748
2025-12-09 06:00:00,0.66432,0.66435,0.6636850000000001,0.664195,2120
2025-12-09 07:00:00,0.664185,0.664325,0.663495,0.66376,1378
2025-12-09 08:00:00,0.663755,0.66396,0.663375,0.663665,1791
2025-12-09 09:00:00,0.663655,0.6648499999999999,0.663605,0.66451,2760
2025-12-09 10:00:00,0.66451,0.664535,0.663675,0.663875,2478
2025-12-09 11:00:00,0.66388,0.664025,0.663545,0.663825,1889
2025-12-09 12:00:00,0.66383,0.66402,0.6634899999999999,0.663725,2107
2025-12-09 13:00:00,0.663715,0.664185,0.6631199999999999,0.663845,2440
2025-12-09 14:00:00,0.663835,0.66475,0.663545,0.66467,4730
2025-12-09 15:00:00,0.66466,0.665445,0.663475,0.66438,6708
2025-12-09 16:00:00,0.66439,0.665375,0.66435,0.66518,3723
2025-12-09 17:00:00,0.6651849999999999,0.66536,0.663745,0.66384,3107
2025-12-09 18:00:00,0.66385,0.6639299999999999,0.66338,0.6638649999999999,2019
2025-12-09 19:00:00,0.6638900000000001,0.66413,0.66366,0.663905,2225
2025-12-09 20:00:00,0.6638999999999999,0.664095,0.663855,0.663945,1741
2025-12-09 21:00:00,0.66394,0.664305,0.66385,0.66418,924
2025-12-09 22:00:00,0.66421,0.664325,0.6636,0.6643049999999999,916
2025-12-09 23:00:00,0.664315,0.664345,0.6638649999999999,0.6639550000000001,506
2025-12-10 00:00:00,0.663995,0.6647000000000001,0.6638999999999999,0.66429,1331
2025-12-10 01:00:00,0.66428,0.6643699999999999,0.6632549999999999,0.6632899999999999,1651
2025-12-10 02:00:00,0.663295,0.663755,0.662895,0.663665,1344
2025-12-10 03:00:00,0.66367,0.6639550000000001,0.66348,0.66373,1454
2025-12-10 04:00:00,0.66374,0.664075,0.663675,0.66402,807
2025-12-10 05:00:00,0.664015,0.664285,0.663585,0.664225,837
2025-12-10 06:00:00,0.6642049999999999,0.6648050000000001,0.6641900000000001,0.6648050000000001,1139
2025-12-10 07:00:00,0.66482,0.665135,0.664535,0.66474,1656
2025-12-10 08:00:00,0.664735,0.665385,0.6645300000000001,0.66525,1926
2025-12-10 09:00:00,0.66525,0.665385,0.6645650000000001,0.664915,1957
2025-12-10 10:00:00,0.664905,0.66525,0.664425,0.66469,2046
2025-12-10 11:00:00,0.66469,0.66489,0.664325,0.6647449999999999,1536
2025-12-10 12:00:00,0.66475,0.66503,0.66449,0.664655,1094
2025-12-10 13:00:00,0.66466,0.664725,0.663655,0.664215,2492
2025-12-10 14:00:00,0.6642049999999999,0.66435,0.66341,0.66385,3565
2025-12-10 15:00:00,0.663845,0.66421,0.6629499999999999,0.663665,3097
2025-12-10 16:00:00,0.6636500000000001,0.6641900000000001,0.6632450000000001,0.66413,2671
2025-12-10 17:00:00,0.664135,0.66451,0.6638999999999999,0.664335,1711
2025-12-10 18:00:00,0.664345,0.6646700000000001,0.664005,0.6642399999999999,2409
2025-12-10 19:00:00,0.664235,0.6669,0.664025,0.666695,13479
2025-12-10 20:00:00,0.66669,0.66859,0.666345,0.66796,7043
2025-12-10 21:00:00,0.667955,0.6680349999999999,0.6675150000000001,0.6676150000000001,1404
2025-12-10 22:00:00,0.66763,0.66772,0.66692,0.66704,962
2025-12-10 23:00:00,0.66701,0.66761,0.666825,0.6673549999999999,1035
2025-12-11 00:00:00,0.66736,0.6678999999999999,0.66595,0.66626,2979
2025-12-11 01:00:00,0.66627,0.6673,0.666145,0.6669700000000001,2722
2025-12-11 02:00:00,0.6669350000000001,0.667325,0.66506,0.66521,1990
2025-12-11 03:00:00,0.665235,0.6653800000000001,0.66364,0.6636850000000001,3042
2025-12-11 04:00:00,0.663695,0.6639299999999999,0.662935,0.6638200000000001,1834
2025-12-11 05:00:00,0.66382,0.664,0.66326,0.66349,1891
2025-12-11 06:00:00,0.6634800000000001,0.6636150000000001,0.66266,0.663505,1874
2025-12-11 07:00:00,0.663515,0.664625,0.66327,0.6642600000000001,2021
2025-12-11 08:00:00,0.664275,0.66482,0.664005,0.664555,2688
2025-12-11 09:00:00,0.6645449999999999,0.66519,0.664005,0.66517,2586
2025-12-11 10:00:00,0.665165,0.665485,0.66481,0.665475,2021
2025-12-11 11:00:00,0.665465,0.6660999999999999,0.6654150000000001,0.6657850000000001,1871
2025-12-11 12:00:00,0.6658,0.666085,0.6653899999999999,0.66579,1904
2025-12-11 13:00:00,0.6658,0.66675,0.665405,0.666445,3322
2025-12-11 14:00:00,0.6664399999999999,0.66759,0.665785,0.665945,3903
2025-12-11 15:00:00,0.6659349999999999,0.66728,0.6656150000000001,0.66724,6516
2025-12-11 16:00:00,0.667235,0.66749,0.66595,0.666995,4244
2025-12-11 17:00:00,0.6669849999999999,0.66749,0.66674,0.666975,2475
2025-12-11 18:00:00,0.666965,0.667315,0.66683,0.66701,1915
2025-12-11 19:00:00,0.667005,0.667135,0.66649,0.66659,1446
2025-12-11 20:00:00,0.666565,0.666565,0.66613,0.666355,1299
2025-12-11 21:00:00,0.66635,0.6667350000000001,0.66628,0.66645,984
2025-12-11 22:00:00,0.66645,0.6667000000000001,0.665965,0.666355,1097
2025-12-11 23:00:00,0.666355,0.666615,0.66618,0.666235,613
2025-12-12 00:00:00,0.66623,0.6671549999999999,0.66618,0.666925,1324
2025-12-12 01:00:00,0.66693,0.6674450000000001,0.666565,0.6667,1996
2025-12-12 02:00:00,0.66669,0.6669499999999999,0.66638,0.66654,1333
2025-12-12 03:00:00,0.666535,0.666705,0.6663950000000001,0.66645,822
2025-12-12 04:00:00,0.6664399999999999,0.666535,0.665985,0.6660349999999999,731
2025-12-12 05:00:00,0.66601,0.66679,0.665995,0.666735,722
2025-12-12 06:00:00,0.666775,0.667065,0.666335,0.666605,900
2025-12-12 07:00:00,0.6666,0.6670499999999999,0.666085,0.66689,1991
2025-12-12 08:00:00,0.666895,0.667705,0.666755,0.667405,2522
2025-12-12 09:00:00,0.6674,0.6675,0.666695,0.666945,2336
2025-12-12 10:00:00,0.6669400000000001,0.666965,0.666115,0.66683,1544
2025-12-12 11:00:00,0.666845,0.666865,0.66622,0.66666,1484
2025-12-12 12:00:00,0.66665,0.66679,0.666105,0.6663250000000001,1640
2025-12-12 13:00:00,0.666315,0.66686,0.666085,0.6663399999999999,2562
2025-12-12 14:00:00,0.666345,0.6670400000000001,0.66612,0.666625,3884
2025-12-12 15:00:00,0.66661,0.66661,0.664015,0.664325,7004
2025-12-12 16:00:00,0.664315,0.664535,0.6632549999999999,0.6639550000000001,7552
2025-12-12 17:00:00,0.66395,0.6655150000000001,0.6638850000000001,0.665295,4123
2025-12-12 18:00:00,0.6653,0.665875,0.665235,0.66534,3044
2025-12-12 19:00:00,0.6653450000000001,0.6653450000000001,0.664755,0.66523,2597
2025-12-12 20:00:00,0.6652199999999999,0.665605,0.664755,0.6651400000000001,2131
2025-12-12 21:00:00,0.665135,0.6654599999999999,0.664965,0.66536,1118
2025-12-14 22:00:00,0.66418,0.66513,0.663845,0.664235,1979
2025-12-14 23:00:00,0.664175,0.6651,0.664175,0.66474,1395
2025-12-15 00:00:00,0.66475,0.66479,0.6644,0.664725,992
2025-12-15 01:00:00,0.664715,0.66538,0.664405,0.66537,1994
2025-12-15 02:00:00,0.66536,0.665505,0.664235,0.66463,2647
2025-12-15 03:00:00,0.66462,0.6651549999999999,0.66435,0.66445,1778
2025-12-15 04:00:00,0.66445,0.664595,0.664075,0.6644749999999999,901
2025-12-15 05:00:00,0.664465,0.664755,0.6644049999999999,0.66455,945
2025-12-15 06:00:00,0.664525,0.66484,0.66418,0.66483,1109
2025-12-15 07:00:00,0.66482,0.6651,0.664455,0.664705,1499
2025-12-15 08:00:00,0.664715,0.66534,0.66435,0.664915,2429
2025-12-15 09:00:00,0.6649050000000001,0.6653100000000001,0.66465,0.664855,1496
2025-12-15 10:00:00,0.6648499999999999,0.66499,0.664165,0.66465,1276
2025-12-15 11:00:00,0.664645,0.665255,0.66447,0.66501,949
2025-12-15 12:00:00,0.6650050000000001,0.665495,0.664975,0.665375,1158
2025-12-15 13:00:00,0.6653800000000001,0.665655,0.665005,0.6650149999999999,2288
2025-12-15 14:00:00,0.665005,0.6655150000000001,0.6646099999999999,0.664795,3885
2025-12-15 15:00:00,0.664795,0.6652750000000001,0.664015,0.66514,6727
2025-12-15 16:00:00,0.6651549999999999,0.665215,0.6638,0.66421,4003
2025-12-15 17:00:00,0.6641950000000001,0.664335,0.66353,0.66379,3104
2025-12-15 18:00:00,0.663785,0.663975,0.663215,0.663695,2226
2025-12-15 19:00:00,0.663685,0.6643,0.6634450000000001,0.664235,1558
2025-12-15 20:00:00,0.66422,0.66422,0.6637649999999999,0.66391,1409
2025-12-15 21:00:00,0.663905,0.66414,0.66379,0.66414,596
2025-12-15 22:00:00,0.66416,0.66421,0.6635800000000001,0.664025,932
2025-12-15 23:00:00,0.66404,0.66483,0.6640349999999999,0.6641349999999999,663
2025-12-16 00:00:00,0.66416,0.6643,0.663095,0.66324,1846
2025-12-16 01:00:00,0.66323,0.66339,0.6618200000000001,0.66223,3453
2025-12-16 02:00:00,0.662215,0.663485,0.661965,0.662945,2556
2025-12-16 03:00:00,0.662935,0.663725,0.662925,0.6635,1935
2025-12-16 04:00:00,0.66351,0.664005,0.663435,0.66367,1360
2025-12-16 05:00:00,0.663665,0.664045,0.66319,0.6632499999999999,1630
2025-12-16 06:00:00,0.663245,0.6640900000000001,0.66286,0.6639999999999999,1461
2025-12-16 07:00:00,0.664005,0.66423,0.663665,0.6637850000000001,1426
2025-12-16 08:00:00,0.66379,0.6643950000000001,0.66379,0.6640550000000001,2501
2025-12-16 09:00:00,0.6640349999999999,0.66405,0.6634,0.663435,1925
2025-12-16 10:00:00,0.6634450000000001,0.6638200000000001,0.663365,0.6635850000000001,1480
2025-12-16 11:00:00,0.6635800000000001,0.6638200000000001,0.663335,0.66374,1057
2025-12-16 12:00:00,0.66375,0.6638200000000001,0.663195,0.663805,2077
2025-12-16 13:00:00,0.663795,0.66614,0.663405,0.66461,8146
2025-12-16 14:00:00,0.664615,0.66596,0.66422,0.665555,7657
2025-12-16 15:00:00,0.6655599999999999,0.665625,0.6629,0.66396,8078
2025-12-16 16:00:00,0.663945,0.663995,0.663045,0.6635949999999999,6044
2025-12-16 17:00:00,0.6636,0.664365,0.6632750000000001,0.6634500000000001,4378
2025-12-16 18:00:00,0.6634450000000001,0.6638999999999999,0.6625449999999999,0.6636500000000001,4886
2025-12-16 19:00:00,0.66364,0.6639349999999999,0.66212,0.6636949999999999,4987
2025-12-16 20:00:00,0.66369,0.66401,0.6632750000000001,0.6633100000000001,2411
2025-12-16 21:00:00,0.66333,0.66337,0.6628099999999999,0.66317,781
2025-12-16 22:00:00,0.66313,0.663375,0.662945,0.6633100000000001,1620
2025-12-16 23:00:00,0.66334,0.66351,0.6630199999999999,0.663265,573
2025-12-17 00:00:00,0.66324,0.66324,0.661925,0.662215,1631
2025-12-17 01:00:00,0.66222,0.663345,0.66221,0.663305,2549
2025-12-17 02:00:00,0.663315,0.66333,0.6620900000000001,0.662525,2235
2025-12-17 03:00:00,0.662515,0.662815,0.66211,0.6626449999999999,1419
2025-12-17 04:00:00,0.66266,0.662705,0.66156,0.661605,1372
2025-12-17 05:00:00,0.66162,0.661925,0.6613500000000001,0.661925,1490
2025-12-17 06:00:00,0.66193,0.662165,0.6613899999999999,0.66152,1988
2025-12-17 07:00:00,0.66154,0.66196,0.661235,0.6616949999999999,3125
2025-12-17 08:00:00,0.6616850000000001,0.66211,0.66124,0.662075,2557
2025-12-17 09:00:00,0.66208,0.662335,0.6614450000000001,0.6614500000000001,1887
2025-12-17 10:00:00,0.66144,0.6620250000000001,0.661305,0.661915,1637
2025-12-17 11:00:00,0.661925,0.662045,0.6612549999999999,0.66168,1261
2025-12-17 12:00:00,0.6616949999999999,0.6624099999999999,0.66162,0.6624,1633
2025-12-17 13:00:00,0.6624049999999999,0.66245,0.66166,0.66231,2786
2025-12-17 14:00:00,0.66232,0.6627000000000001,0.6616,0.6625650000000001,4118
2025-12-17 15:00:00,0.66255,0.66288,0.66072,0.661115,5149
2025-12-17 16:00:00,0.66112,0.661805,0.66035,0.6607149999999999,6119
2025-12-17 17:00:00,0.6607099999999999,0.66109,0.6603749999999999,0.660745,4239
2025-12-17 18:00:00,0.66074,0.661265,0.659915,0.66003,3056
2025-12-17 19:00:00,0.660035,0.6606,0.660035,0.66047,2051
2025-12-17 20:00:00,0.660465,0.660955,0.660325,0.6604,1377
2025-12-17 21:00:00,0.660405,0.66069,0.660355,0.660415,697
2025-12-17 22:00:00,0.660435,0.660785,0.6602250000000001,0.6606449999999999,968
2025-12-17 23:00:00,0.6606000000000001,0.660635,0.66002,0.660045,727
2025-12-18 00:00:00,0.6600550000000001,0.6603399999999999,0.65972,0.660265,1460
2025-12-18 01:00:00,0.6602699999999999,0.6604300000000001,0.659405,0.6599349999999999,2568
2025-12-18 02:00:00,0.65995,0.66032,0.659545,0.65986,2300
2025-12-18 03:00:00,0.65985,0.660135,0.65926,0.659395,1582
2025-12-18 04:00:00,0.65939,0.6601699999999999,0.65933,0.6601600000000001,1040
2025-12-18 05:00:00,0.660185,0.66057,0.660015,0.6605,1224
2025-12-18 06:00:00,0.6605,0.660895,0.660295,0.660725,1595
2025-12-18 07:00:00,0.66072,0.661245,0.660675,0.6608350000000001,1647
2025-12-18 08:00:00,0.66083,0.660935,0.66045,0.660685,2218
2025-12-18 09:00:00,0.66068,0.66098,0.6603600000000001,0.6605,1772
2025-12-18 10:00:00,0.660485,0.660845,0.660335,0.660725,1293
2025-12-18 11:00:00,0.6607350000000001,0.66089,0.6606099999999999,0.6608400000000001,1077
2025-12-18 12:00:00,0.6608350000000001,0.661145,0.6604,0.66054,2020
2025-12-18 13:00:00,0.660535,0.663085,0.6604300000000001,0.66227,6656
2025-12-18 14:00:00,0.662265,0.663085,0.661685,0.6623,6627
2025-12-18 15:00:00,0.66231,0.662705,0.66113,0.66159,5481
2025-12-18 16:00:00,0.6615949999999999,0.66257,0.6615150000000001,0.66176,3534
2025-12-18 17:00:00,0.66178,0.6618550000000001,0.66031,0.661365,4670
2025-12-18 18:00:00,0.66137,0.662035,0.661025,0.661535,2241
2025-12-18 19:00:00,0.661525,0.66184,0.66131,0.661435,2721
2025-12-18 20:00:00,0.66143,0.66154,0.66107,0.66108,2192
2025-12-18 21:00:00,0.661075,0.66132,0.6610149999999999,0.6613100000000001,601
2025-12-18 22:00:00,0.661295,0.661295,0.660935,0.6611750000000001,1471
2025-12-18 23:00:00,0.6611750000000001,0.661475,0.66117,0.661365,517
2025-12-19 00:00:00,0.66136,0.6622349999999999,0.661195,0.662085,2124
2025-12-19 01:00:00,0.6620900000000001,0.662155,0.6611549999999999,0.661235,1708
2025-12-19 02:00:00,0.661225,0.661605,0.66081,0.6610849999999999,1372
2025-12-19 03:00:00,0.66109,0.66136,0.6608499999999999,0.6610400000000001,2097
2025-12-19 04:00:00,0.661055,0.661135,0.660635,0.660865,808
2025-12-19 05:00:00,0.660875,0.6609400000000001,0.66039,0.6604,969
2025-12-19 06:00:00,0.6603950000000001,0.66089,0.6602600000000001,0.6604650000000001,1464
2025-12-19 07:00:00,0.660455,0.66077,0.66002,0.660295,1786
2025-12-19 08:00:00,0.6603049999999999,0.66099,0.6602,0.660625,2214
2025-12-19 09:00:00,0.66062,0.661,0.66039,0.660845,1955
2025-12-19 10:00:00,0.6608499999999999,0.66096,0.660585,0.660845,1625
2025-12-19 11:00:00,0.6608350000000001,0.6608350000000001,0.660325,0.660585,1305
2025-12-19 12:00:00,0.6605749999999999,0.66089,0.660235,0.660355,1748
2025-12-19 13:00:00,0.66037,0.6610750000000001,0.66012,0.661055,2324
2025-12-19 14:00:00,0.661065,0.66238,0.66101,0.6622250000000001,3830
2025-12-19 15:00:00,0.6621900000000001,0.662515,0.66066,0.660825,4065
2025-12-19 16:00:00,0.6608400000000001,0.661895,0.660785,0.66153,2674
2025-12-19 17:00:00,0.661535,0.6616500000000001,0.6612,0.661505,1316
2025-12-19 18:00:00,0.66151,0.662035,0.66143,0.661545,1137
2025-12-19 19:00:00,0.661535,0.661965,0.66151,0.661905,1185
2025-12-19 20:00:00,0.6619,0.66203,0.660785,0.661065,1348
2025-12-19 21:00:00,0.661055,0.6611899999999999,0.66077,0.661055,959
2025-12-21 22:00:00,0.6615150000000001,0.66169,0.6606449999999999,0.66075,765
2025-12-21 23:00:00,0.6607449999999999,0.66126,0.6607099999999999,0.661235,1189
2025-12-22 00:00:00,0.661235,0.66178,0.661065,0.6617649999999999,2038
2025-12-22 01:00:00,0.66177,0.662295,0.661745,0.662085,1997
2025-12-22 02:00:00,0.662095,0.662515,0.662045,0.66221,804
2025-12-22 03:00:00,0.6621950000000001,0.662555,0.662075,0.662085,894
2025-12-22 04:00:00,0.66207,0.662825,0.66207,0.662755,708
2025-12-22 05:00:00,0.662745,0.66289,0.6624049999999999,0.662555,897
2025-12-22 06:00:00,0.6625399999999999,0.662905,0.6625399999999999,0.662825,1308
2025-12-22 07:00:00,0.66283,0.664005,0.66283,0.663915,1504
2025-12-22 08:00:00,0.663905,0.66404,0.66357,0.663975,1632
2025-12-22 09:00:00,0.66397,0.664165,0.663595,0.663945,1574
2025-12-22 10:00:00,0.6639299999999999,0.66431,0.663855,0.664065,1350
2025-12-22 11:00:00,0.664075,0.664315,0.663955,0.66431,1090
2025-12-22 12:00:00,0.6643,0.66466,0.664115,0.664635,1452
2025-12-22 13:00:00,0.664645,0.664995,0.66442,0.66462,2709
2025-12-22 14:00:00,0.664625,0.66554,0.664385,0.665145,4524
2025-12-22 15:00:00,0.665135,0.665735,0.66503,0.66572,3490
2025-12-22 16:00:00,0.665725,0.66584,0.665375,0.66561,2146
2025-12-22 17:00:00,0.66562,0.666045,0.66548,0.665675,1416
2025-12-22 18:00:00,0.6656599999999999,0.6656850000000001,0.6653249999999999,0.665385,1108
2025-12-22 19:00:00,0.66538,0.665495,0.66516,0.66543,1177
2025-12-22 20:00:00,0.6654199999999999,0.665795,0.66531,0.665545,959
2025-12-22 21:00:00,0.6655500000000001,0.6658550000000001,0.665545,0.665735,555
2025-12-22 22:00:00,0.66574,0.66595,0.665475,0.6658999999999999,1478
2025-12-22 23:00:00,0.665905,0.666145,0.66571,0.665745,634
2025-12-23 00:00:00,0.6657599999999999,0.6666350000000001,0.6657599999999999,0.665995,1234
2025-12-23 01:00:00,0.6659999999999999,0.66666,0.6655800000000001,0.666335,1811
2025-12-23 02:00:00,0.6663250000000001,0.666995,0.6663250000000001,0.6669149999999999,1581
2025-12-23 03:00:00,0.6669350000000001,0.667035,0.66636,0.66693,1639
2025-12-23 04:00:00,0.6669400000000001,0.667075,0.666705,0.66686,1454
2025-12-23 05:00:00,0.66684,0.6669350000000001,0.666435,0.666585,1546
2025-12-23 06:00:00,0.66658,0.66693,0.666485,0.666665,2508
2025-12-23 07:00:00,0.666685,0.66783,0.66661,0.66753,2271
2025-12-23 08:00:00,0.66752,0.668845,0.667405,0.668775,1775
2025-12-23 09:00:00,0.6687700000000001,0.669355,0.6687099999999999,0.6692899999999999,3040
2025-12-23 10:00:00,0.66928,0.6697599999999999,0.6692450000000001,0.669565,2248
2025-12-23 11:00:00,0.66956,0.6695949999999999,0.66911,0.6692,1194
2025-12-23 12:00:00,0.66919,0.6696500000000001,0.6691549999999999,0.669365,1396
2025-12-23 13:00:00,0.669355,0.670045,0.66856,0.668605,3930
2025-12-23 14:00:00,0.66861,0.66896,0.6677150000000001,0.66791,4898
2025-12-23 15:00:00,0.667895,0.66916,0.6675800000000001,0.669145,4019
2025-12-23 16:00:00,0.66916,0.669535,0.669,0.669285,1830
2025-12-23 17:00:00,0.66927,0.66942,0.668805,0.6689,1211
2025-12-23 18:00:00,0.668895,0.669575,0.668795,0.6695450000000001,1722
2025-12-23 19:00:00,0.6695500000000001,0.6699200000000001,0.669535,0.669825,2848
2025-12-23 20:00:00,0.6698299999999999,0.67005,0.6696150000000001,0.669935,970
2025-12-23 21:00:00,0.66995,0.670265,0.669915,0.670185,802
2025-12-23 22:00:00,0.6701699999999999,0.6701699999999999,0.6698550000000001,0.66991,618
2025-12-23 23:00:00,0.6698999999999999,0.670275,0.6698550000000001,0.6702250000000001,1008
2025-12-24 00:00:00,0.67024,0.670365,0.66991,0.67016,1441
2025-12-24 01:00:00,0.670175,0.67117,0.6697949999999999,0.6711100000000001,2044
2025-12-24 02:00:00,0.67112,0.67136,0.670705,0.670825,1371
2025-12-24 03:00:00,0.6708149999999999,0.670965,0.67032,0.670415,1489
2025-12-24 04:00:00,0.67042,0.6709400000000001,0.67025,0.67082,984
2025-12-24 05:00:00,0.670805,0.671235,0.6708,0.671205,765
2025-12-24 06:00:00,0.67118,0.67176,0.6711499999999999,0.67155,1518
2025-12-24 07:00:00,0.671565,0.67168,0.67106,0.67116,1450
2025-12-24 08:00:00,0.67116,0.6714199999999999,0.67054,0.67126,2171
2025-12-24 09:00:00,0.671265,0.67143,0.67084,0.671265,1477
2025-12-24 10:00:00,0.67126,0.67137,0.6709499999999999,0.671285,1275
2025-12-24 11:00:00,0.67128,0.6714,0.670945,0.671055,945
2025-12-24 12:00:00,0.671045,0.671395,0.670105,0.6703399999999999,1436
2025-12-24 13:00:00,0.67035,0.670715,0.67001,0.670595,2705
2025-12-24 14:00:00,0.67059,0.67096,0.67025,0.670595,2737
2025-12-24 15:00:00,0.670585,0.671265,0.670315,0.671205,2534
2025-12-24 16:00:00,0.67119,0.67151,0.670485,0.67069,2259
2025-12-24 17:00:00,0.670695,0.671115,0.670405,0.670705,1375
2025-12-24 18:00:00,0.670715,0.670715,0.670295,0.6704399999999999,1687
2025-12-24 19:00:00,0.670435,0.6706000000000001,0.67042,0.67059,2252
2025-12-24 20:00:00,0.67058,0.670625,0.67045,0.6705099999999999,2729
2025-12-24 21:00:00,0.670515,0.6709400000000001,0.670465,0.6709400000000001,3111
2025-12-24 22:00:00,0.670875,0.670925,0.67076,0.67091,29
2025-12-24 23:00:00,0.670795,0.6711499999999999,0.670075,0.670865,169
2025-12-25 00:00:00,0.6707,0.6711149999999999,0.6698850000000001,0.67039,183
2025-12-25 01:00:00,0.67035,0.6708,0.6702950000000001,0.67077,56
2025-12-25 02:00:00,0.6707350000000001,0.6715,0.67057,0.671155,40
2025-12-25 03:00:00,0.6711199999999999,0.6711199999999999,0.67075,0.67106,25
2025-12-25 04:00:00,0.671065,0.6712199999999999,0.6707650000000001,0.671215,35
2025-12-25 05:00:00,0.6712199999999999,0.671415,0.6704300000000001,0.670785,146
2025-12-25 06:00:00,0.6708799999999999,0.6712149999999999,0.670175,0.670785,545
2025-12-25 07:00:00,0.6707700000000001,0.67118,0.66969,0.67074,83
2025-12-25 22:00:00,0.670115,0.6706350000000001,0.670045,0.6705099999999999,2814
2025-12-25 23:00:00,0.670555,0.670665,0.67005,0.6705099999999999,3012
2025-12-26 00:00:00,0.670515,0.6714100000000001,0.670485,0.6709350000000001,1118
2025-12-26 01:00:00,0.67096,0.67153,0.670885,0.6710149999999999,1577
2025-12-26 02:00:00,0.671,0.67178,0.67096,0.671725,1314
2025-12-26 03:00:00,0.67175,0.67176,0.67067,0.67069,1635
2025-12-26 04:00:00,0.67067,0.67105,0.67058,0.670735,963
2025-12-26 05:00:00,0.67073,0.671135,0.6703699999999999,0.670955,1235
2025-12-26 06:00:00,0.67094,0.67116,0.670545,0.6706799999999999,1538
2025-12-26 07:00:00,0.670695,0.6707650000000001,0.67001,0.67025,2759
2025-12-26 08:00:00,0.6702349999999999,0.670425,0.66982,0.6704,2024
2025-12-26 09:00:00,0.6703950000000001,0.67044,0.66972,0.66979,1617
2025-12-26 10:00:00,0.6697850000000001,0.6704,0.6697299999999999,0.670245,1693
2025-12-26 11:00:00,0.670245,0.6706449999999999,0.670245,0.6704600000000001,1602
2025-12-26 12:00:00,0.67047,0.67073,0.67026,0.67069,1027
2025-12-26 13:00:00,0.6707000000000001,0.6717850000000001,0.670605,0.67164,2683
2025-12-26 14:00:00,0.6716500000000001,0.672115,0.67154,0.67178,3701
2025-12-26 15:00:00,0.6717850000000001,0.6724749999999999,0.671365,0.67154,5719
2025-12-26 16:00:00,0.671535,0.671555,0.67056,0.6708000000000001,5502
2025-12-26 17:00:00,0.670805,0.67106,0.670555,0.6709,2323
2025-12-26 18:00:00,0.670925,0.671265,0.6708350000000001,0.6710499999999999,2641
2025-12-26 19:00:00,0.6710400000000001,0.671135,0.670825,0.6711050000000001,2110
2025-12-26 20:00:00,0.67111,0.67143,0.6711050000000001,0.6714100000000001,1732
2025-12-26 21:00:00,0.671415,0.6717500000000001,0.6711,0.6717500000000001,2495
2025-12-28 22:00:00,0.670415,0.6710050000000001,0.67011,0.67095,731
2025-12-28 23:00:00,0.67093,0.671605,0.670875,0.671455,1845
2025-12-29 00:00:00,0.67144,0.67187,0.6713899999999999,0.6715899999999999,1997
2025-12-29 01:00:00,0.6716,0.672245,0.67151,0.671915,2762
2025-12-29 02:00:00,0.67191,0.672395,0.671505,0.672225,1974
2025-12-29 03:00:00,0.67221,0.67275,0.672065,0.6725,1315
2025-12-29 04:00:00,0.672495,0.6726000000000001,0.67211,0.6721550000000001,944
2025-12-29 05:00:00,0.672145,0.67238,0.67153,0.671555,1453
2025-12-29 06:00:00,0.67154,0.671815,0.6711,0.6715,2605
2025-12-29 07:00:00,0.67151,0.672175,0.6712,0.6712,2580
2025-12-29 08:00:00,0.67119,0.6712,0.67009,0.670345,3504
2025-12-29 09:00:00,0.6703600000000001,0.6704950000000001,0.669315,0.6699550000000001,2864
2025-12-29 10:00:00,0.66996,0.67058,0.6699550000000001,0.66998,1830
2025-12-29 11:00:00,0.669975,0.670075,0.669475,0.66951,1658
2025-12-29 12:00:00,0.6695,0.6696150000000001,0.6683,0.668965,2466
2025-12-29 13:00:00,0.668975,0.66958,0.6688350000000001,0.669365,2977
2025-12-29 14:00:00,0.66935,0.67033,0.668665,0.669385,4411
2025-12-29 15:00:00,0.6693800000000001,0.669995,0.668525,0.6695800000000001,7106
2025-12-29 16:00:00,0.669575,0.66988,0.66879,0.6690050000000001,4847
2025-12-29 17:00:00,0.669,0.6691100000000001,0.6686650000000001,0.668865,3268
2025-12-29 18:00:00,0.668875,0.669315,0.66874,0.668825,2451
2025-12-29 19:00:00,0.66882,0.6697500000000001,0.6687000000000001,0.66961,1595
2025-12-29 20:00:00,0.66963,0.6696850000000001,0.66907,0.6692,1383
2025-12-29 21:00:00,0.669195,0.669495,0.6691,0.66937,906
2025-12-29 22:00:00,0.66937,0.6694100000000001,0.669045,0.669315,995
2025-12-29 23:00:00,0.669335,0.669555,0.66923,0.6695150000000001,677
2025-12-30 00:00:00,0.66951,0.6696500000000001,0.669365,0.66958,875
2025-12-30 01:00:00,0.66957,0.670445,0.6692,0.67042,1594
2025-12-30 02:00:00,0.670425,0.6706300000000001,0.669705,0.6704300000000001,1569
2025-12-30 03:00:00,0.6704399999999999,0.670885,0.6701999999999999,0.670595,1175
2025-12-30 04:00:00,0.670605,0.6711199999999999,0.67058,0.671025,803
2025-12-30 05:00:00,0.671035,0.671505,0.670885,0.671375,1119
2025-12-30 06:00:00,0.671365,0.6717949999999999,0.671305,0.671645,1238
2025-12-30 07:00:00,0.671655,0.671655,0.6706099999999999,0.67067,1453
2025-12-30 08:00:00,0.67066,0.67094,0.67025,0.670555,1715
2025-12-30 09:00:00,0.67058,0.6710400000000001,0.670445,0.670455,1456
2025-12-30 10:00:00,0.67044,0.67122,0.67044,0.6708000000000001,1337
2025-12-30 11:00:00,0.67082,0.670905,0.66989,0.6700699999999999,1294
2025-12-30 12:00:00,0.670075,0.67034,0.66984,0.67018,1652
2025-12-30 13:00:00,0.670185,0.6705399999999999,0.6692450000000001,0.66942,2947
2025-12-30 14:00:00,0.66943,0.67011,0.66935,0.67,3373
2025-12-30 15:00:00,0.67001,0.67018,0.668795,0.6700699999999999,3502
2025-12-30 16:00:00,0.670065,0.670245,0.6696,0.6701349999999999,3238
2025-12-30 17:00:00,0.67014,0.670365,0.6699200000000001,0.6703049999999999,2564
2025-12-30 18:00:00,0.67031,0.67039,0.66974,0.669845,2424
2025-12-30 19:00:00,0.66983,0.66994,0.6693199999999999,0.669585,1820
2025-12-30 20:00:00,0.6695949999999999,0.66979,0.669295,0.669305,1325
2025-12-30 21:00:00,0.66931,0.66965,0.66931,0.6695450000000001,545
2025-12-30 22:00:00,0.66953,0.6696599999999999,0.66928,0.6694599999999999,527
2025-12-30 23:00:00,0.66949,0.66989,0.66936,0.6695949999999999,470
2025-12-31 00:00:00,0.6696,0.66996,0.66947,0.6698949999999999,667
2025-12-31 01:00:00,0.669905,0.6701349999999999,0.6693899999999999,0.66943,2009
2025-12-31 02:00:00,0.6694249999999999,0.6698550000000001,0.6691100000000001,0.66961,1773
2025-12-31 03:00:00,0.6695949999999999,0.66988,0.6694,0.66961,1221
2025-12-31 04:00:00,0.6695800000000001,0.66973,0.669135,0.66918,653
2025-12-31 05:00:00,0.66917,0.669465,0.66882,0.669,1573
2025-12-31 06:00:00,0.668995,0.6690050000000001,0.668505,0.66886,1497
2025-12-31 07:00:00,0.668845,0.66906,0.66824,0.66882,2520
2025-12-31 08:00:00,0.668825,0.668965,0.6680699999999999,0.6681699999999999,2231
2025-12-31 09:00:00,0.6681600000000001,0.66867,0.66804,0.6683399999999999,2253
2025-12-31 10:00:00,0.668335,0.6685300000000001,0.6675800000000001,0.667905,3259
2025-12-31 11:00:00,0.66791,0.66879,0.66787,0.66857,1598
2025-12-31 12:00:00,0.6685650000000001,0.669,0.66846,0.6687449999999999,1797
2025-12-31 13:00:00,0.6687449999999999,0.668785,0.667985,0.6683399999999999,2879
2025-12-31 14:00:00,0.6683250000000001,0.6683699999999999,0.6672800000000001,0.66735,3833
2025-12-31 15:00:00,0.6673450000000001,0.66735,0.66598,0.66684,5099
2025-12-31 16:00:00,0.66684,0.6673450000000001,0.6664,0.666805,3081
2025-12-31 17:00:00,0.66682,0.66726,0.66665,0.66719,2552
2025-12-31 18:00:00,0.667195,0.6674,0.66684,0.66715,1739
2025-12-31 19:00:00,0.66716,0.667475,0.6670849999999999,0.667265,1395
2025-12-31 20:00:00,0.6672750000000001,0.6675,0.6671,0.6673,1462
2025-12-31 21:00:00,0.6673100000000001,0.667485,0.667145,0.66734,1616
2026-01-01 22:00:00,0.6670100000000001,0.667565,0.66674,0.666825,803
2026-01-01 23:00:00,0.66681,0.66801,0.66681,0.667855,981
2026-01-02 00:00:00,0.66787,0.66873,0.667655,0.668595,869
2026-01-02 01:00:00,0.66859,0.669485,0.668585,0.6692899999999999,1807
2026-01-02 02:00:00,0.6693,0.669555,0.6691050000000001,0.6695,1082
2026-01-02 03:00:00,0.6694899999999999,0.670215,0.6694899999999999,0.669845,1049
2026-01-02 04:00:00,0.669845,0.670095,0.66943,0.6698,1044
2026-01-02 05:00:00,0.6697850000000001,0.66994,0.6694800000000001,0.669555,893
2026-01-02 06:00:00,0.66955,0.6697150000000001,0.66926,0.66943,1063
2026-01-02 07:00:00,0.66942,0.669725,0.66891,0.669605,1817
2026-01-02 08:00:00,0.6696,0.67071,0.66956,0.67024,2894
2026-01-02 09:00:00,0.670225,0.670715,0.6697949999999999,0.66988,2506
2026-01-02 10:00:00,0.6698850000000001,0.67001,0.669295,0.66979,2056
2026-01-02 11:00:00,0.669775,0.6698500000000001,0.668835,0.66909,1855
2026-01-02 12:00:00,0.6690849999999999,0.669525,0.6688449999999999,0.66917,1952
2026-01-02 13:00:00,0.669185,0.66956,0.668695,0.668805,2367
2026-01-02 14:00:00,0.6688149999999999,0.66949,0.66874,0.669295,3586
2026-01-02 15:00:00,0.6692899999999999,0.669705,0.66866,0.668765,5783
2026-01-02 16:00:00,0.66876,0.668965,0.66796,0.66829,4868
2026-01-02 17:00:00,0.66828,0.66901,0.66812,0.6685,2968
2026-01-02 18:00:00,0.66848,0.66859,0.667745,0.66799,2233
2026-01-02 19:00:00,0.667995,0.6689849999999999,0.667945,0.66888,2288
2026-01-02 20:00:00,0.66888,0.66952,0.668695,0.669495,1669
2026-01-02 21:00:00,0.66949,0.66981,0.66918,0.6695,1317
2026-01-04 22:00:00,0.66815,0.66934,0.667975,0.66858,1719
2026-01-04 23:00:00,0.668585,0.66933,0.668015,0.668365,1825
2026-01-05 00:00:00,0.66838,0.668705,0.667755,0.667825,2079
2026-01-05 01:00:00,0.667815,0.668895,0.66753,0.66815,3057
2026-01-05 02:00:00,0.668155,0.668765,0.667465,0.668355,1985
2026-01-05 03:00:00,0.668345,0.668385,0.6671050000000001,0.667115,1742
2026-01-05 04:00:00,0.66709,0.6673899999999999,0.6665099999999999,0.6671499999999999,1357
2026-01-05 05:00:00,0.667145,0.66762,0.6668400000000001,0.667555,1305
2026-01-05 06:00:00,0.66755,0.6681250000000001,0.6671499999999999,0.668085,1430
2026-01-05 07:00:00,0.6680999999999999,0.66824,0.667215,0.66768,1816
2026-01-05 08:00:00,0.66767,0.66822,0.667095,0.6676500000000001,2634
2026-01-05 09:00:00,0.667655,0.668005,0.667305,0.66757,2268
2026-01-05 10:00:00,0.667575,0.6686300000000001,0.667535,0.668485,2099
2026-01-05 11:00:00,0.668475,0.66886,0.668285,0.6684049999999999,2582
2026-01-05 12:00:00,0.6684,0.668695,0.667825,0.667825,1735
2026-01-05 13:00:00,0.66783,0.667865,0.66631,0.667745,3629
2026-01-05 14:00:00,0.6677599999999999,0.6691750000000001,0.6677150000000001,0.6689050000000001,5277
2026-01-05 15:00:00,0.66896,0.671145,0.66896,0.670795,5281
2026-01-05 16:00:00,0.6708149999999999,0.671905,0.670795,0.671705,2936
2026-01-05 17:00:00,0.67172,0.67181,0.67114,0.671215,2151
2026-01-05 18:00:00,0.671215,0.6714100000000001,0.6711050000000001,0.671365,1414
2026-01-05 19:00:00,0.67137,0.67168,0.671295,0.67163,2134
2026-01-05 20:00:00,0.67163,0.6717299999999999,0.6714549999999999,0.67158,1741
2026-01-05 21:00:00,0.671585,0.67177,0.6714,0.67142,555
2026-01-05 22:00:00,0.67137,0.67162,0.67117,0.67157,555
2026-01-05 23:00:00,0.671575,0.671585,0.67117,0.671315,513
2026-01-06 00:00:00,0.67133,0.6714100000000001,0.67085,0.671015,1167
2026-01-06 01:00:00,0.671025,0.671645,0.6703300000000001,0.671565,2320
2026-01-06 02:00:00,0.671575,0.672395,0.671355,0.67231,2000
2026-01-06 03:00:00,0.672345,0.672495,0.67186,0.672225,1222
2026-01-06 04:00:00,0.672215,0.672575,0.6721600000000001,0.672495,923
2026-01-06 05:00:00,0.672485,0.673185,0.672435,0.6727000000000001,1513
2026-01-06 06:00:00,0.672705,0.6739200000000001,0.67255,0.6736800000000001,2586
2026-01-06 07:00:00,0.67367,0.673925,0.672845,0.673095,1607
2026-01-06 08:00:00,0.6730849999999999,0.6735949999999999,0.67216,0.672355,2707
2026-01-06 09:00:00,0.67235,0.6725,0.67164,0.6716949999999999,2654
2026-01-06 10:00:00,0.6716850000000001,0.67231,0.6715899999999999,0.671695,1792
2026-01-06 11:00:00,0.67167,0.67195,0.671195,0.6717949999999999,1336
2026-01-06 12:00:00,0.67179,0.672275,0.671565,0.6717150000000001,1710
2026-01-06 13:00:00,0.671725,0.6727650000000001,0.671585,0.672685,3023
2026-01-06 14:00:00,0.67266,0.673585,0.67235,0.673165,3920
2026-01-06 15:00:00,0.673155,0.673195,0.6719999999999999,0.672995,5106
2026-01-06 16:00:00,0.67299,0.67328,0.67231,0.6730849999999999,3742
2026-01-06 17:00:00,0.67308,0.67366,0.673055,0.673575,2811
2026-01-06 18:00:00,0.67357,0.673745,0.673385,0.6735450000000001,2191
2026-01-06 19:00:00,0.67354,0.6735800000000001,0.67311,0.673235,1707
2026-01-06 20:00:00,0.6732400000000001,0.674185,0.6732400000000001,0.673875,1627
2026-01-06 21:00:00,0.6738649999999999,0.6740349999999999,0.673745,0.673745,769
2026-01-06 22:00:00,0.6736599999999999,0.674005,0.673545,0.6739999999999999,821
2026-01-06 23:00:00,0.674005,0.6741550000000001,0.67344,0.673475,797
2026-01-07 00:00:00,0.673495,0.6741349999999999,0.671705,0.67344,3376
2026-01-07 01:00:00,0.673455,0.6751750000000001,0.67273,0.674755,4121
2026-01-07 02:00:00,0.6747449999999999,0.6752499999999999,0.67441,0.6747650000000001,2045
2026-01-07 03:00:00,0.6747799999999999,0.67591,0.674745,0.675705,1370
2026-01-07 04:00:00,0.6756850000000001,0.67665,0.675665,0.6759850000000001,1419
2026-01-07 05:00:00,0.6759900000000001,0.676135,0.6749,0.6752549999999999,1337
2026-01-07 06:00:00,0.67527,0.675635,0.6748799999999999,0.67513,1749
2026-01-07 07:00:00,0.675115,0.6751199999999999,0.6737299999999999,0.67401,2446
2026-01-07 08:00:00,0.674,0.674045,0.673585,0.673865,1939
2026-01-07 09:00:00,0.673875,0.67398,0.6734899999999999,0.673815,1479
2026-01-07 10:00:00,0.67381,0.674125,0.6734899999999999,0.67378,1549
2026-01-07 11:00:00,0.6738,0.67414,0.6737150000000001,0.67387,1274
2026-01-07 12:00:00,0.673895,0.674105,0.6729799999999999,0.673285,1828
2026-01-07 13:00:00,0.673275,0.673965,0.6727650000000001,0.67394,3824
2026-01-07 14:00:00,0.6739299999999999,0.6746300000000001,0.67361,0.6741900000000001,5543
2026-01-07 15:00:00,0.674185,0.674275,0.67231,0.67275,6756
2026-01-07 16:00:00,0.6727449999999999,0.672925,0.672215,0.672695,2883
2026-01-07 17:00:00,0.672705,0.673185,0.672635,0.672895,2763
2026-01-07 18:00:00,0.672885,0.6733800000000001,0.672775,0.673165,2519
2026-01-07 19:00:00,0.67316,0.6732400000000001,0.672665,0.672795,3607
2026-01-07 20:00:00,0.672805,0.67289,0.672115,0.672115,2380
2026-01-07 21:00:00,0.6720900000000001,0.672135,0.67184,0.67213,639
2026-01-07 22:00:00,0.6721250000000001,0.67242,0.67204,0.6723650000000001,675
2026-01-07 23:00:00,0.6723650000000001,0.67244,0.67212,0.67221,360
2026-01-08 00:00:00,0.6722049999999999,0.672355,0.671685,0.67201,703
2026-01-08 01:00:00,0.672005,0.672535,0.671905,0.6724300000000001,1818
2026-01-08 02:00:00,0.6724399999999999,0.67245,0.6711199999999999,0.671195,2705
2026-01-08 03:00:00,0.6712,0.67143,0.670955,0.6713199999999999,1588
2026-01-08 04:00:00,0.671315,0.67145,0.670585,0.670645,1020
2026-01-08 05:00:00,0.670635,0.67064,0.67008,0.67036,1806
2026-01-08 06:00:00,0.67038,0.67038,0.66907,0.67011,3051
2026-01-08 07:00:00,0.6701,0.6703749999999999,0.6695599999999999,0.669645,2498
2026-01-08 08:00:00,0.66964,0.67042,0.6694249999999999,0.66965,2597
2026-01-08 09:00:00,0.66964,0.669995,0.668945,0.669305,2014
2026-01-08 10:00:00,0.669295,0.66991,0.6690750000000001,0.669865,1783
2026-01-08 11:00:00,0.66986,0.670055,0.66954,0.66972,1196
2026-01-08 12:00:00,0.66971,0.669975,0.6693,0.669735,1218
2026-01-08 13:00:00,0.669735,0.669925,0.668925,0.669265,2223
2026-01-08 14:00:00,0.669255,0.669325,0.668175,0.669045,4653
2026-01-08 15:00:00,0.66903,0.670105,0.668805,0.669825,4514
2026-01-08 16:00:00,0.669835,0.669875,0.66885,0.66933,3147
2026-01-08 17:00:00,0.669335,0.669565,0.66886,0.669505,1792
2026-01-08 18:00:00,0.6694899999999999,0.66954,0.66894,0.668965,1539
2026-01-08 19:00:00,0.668955,0.6694100000000001,0.668855,0.6693450000000001,1359
2026-01-08 20:00:00,0.66934,0.66984,0.669325,0.66974,1073
2026-01-08 21:00:00,0.669745,0.67015,0.6695899999999999,0.66994,1096
2026-01-08 22:00:00,0.669935,0.67038,0.6697299999999999,0.670345,805
2026-01-08 23:00:00,0.67035,0.670435,0.6697649999999999,0.66989,631
2026-01-09 00:00:00,0.66986,0.66996,0.669495,0.66961,851
2026-01-09 01:00:00,0.66961,0.66979,0.6688449999999999,0.66928,1919
2026-01-09 02:00:00,0.6692899999999999,0.6697299999999999,0.66928,0.669495,1505
2026-01-09 03:00:00,0.66951,0.66958,0.669135,0.6694450000000001,1007
2026-01-09 04:00:00,0.66944,0.669825,0.6692899999999999,0.6697200000000001,684
2026-01-09 05:00:00,0.66973,0.6698500000000001,0.66934,0.6694899999999999,1047
2026-01-09 06:00:00,0.6694800000000001,0.6696599999999999,0.66899,0.669005,1091
2026-01-09 07:00:00,0.668995,0.6690149999999999,0.66797,0.668195,1528
2026-01-09 08:00:00,0.66821,0.6683250000000001,0.667625,0.66818,2274
2026-01-09 09:00:00,0.668175,0.66858,0.66797,0.668085,1326
2026-01-09 10:00:00,0.668095,0.66831,0.6677850000000001,0.667975,1207
2026-01-09 11:00:00,0.66797,0.6685650000000001,0.667935,0.668285,1049
2026-01-09 12:00:00,0.66829,0.6683749999999999,0.6673899999999999,0.6675599999999999,1639
2026-01-09 13:00:00,0.66757,0.670345,0.666915,0.6689849999999999,7156
2026-01-09 14:00:00,0.668995,0.66945,0.6676249999999999,0.668115,7785
2026-01-09 15:00:00,0.66809,0.66879,0.666355,0.6680550000000001,7798
2026-01-09 16:00:00,0.66806,0.668545,0.66753,0.6681999999999999,3304
2026-01-09 17:00:00,0.668195,0.6684300000000001,0.667975,0.668165,2116
2026-01-09 18:00:00,0.66815,0.6689,0.66809,0.66854,1689
2026-01-09 19:00:00,0.6685399999999999,0.668745,0.6684,0.66865,1164
2026-01-09 20:00:00,0.66866,0.6690050000000001,0.66866,0.6689849999999999,762
2026-01-09 21:00:00,0.6689799999999999,0.669115,0.6685650000000001,0.6688350000000001,1282
2026-01-11 22:00:00,0.66805,0.6687099999999999,0.667815,0.668705,498
2026-01-11 23:00:00,0.668725,0.668845,0.668435,0.6686000000000001,1330
2026-01-12 00:00:00,0.668575,0.6703300000000001,0.6683399999999999,0.670295,2507
2026-01-12 01:00:00,0.67028,0.67066,0.669605,0.66984,3654
2026-01-12 02:00:00,0.669845,0.6701550000000001,0.6694599999999999,0.66952,2006
2026-01-12 03:00:00,0.66952,0.669835,0.66952,0.669805,1071
2026-01-12 04:00:00,0.669815,0.669875,0.6692549999999999,0.66952,748
2026-01-12 05:00:00,0.66953,0.66994,0.66952,0.669885,1064
2026-01-12 06:00:00,0.669875,0.6700250000000001,0.669575,0.66995,1269
2026-01-12 07:00:00,0.669945,0.6707799999999999,0.6697949999999999,0.670515,1914
2026-01-12 08:00:00,0.670495,0.67118,0.670255,0.670455,2673
2026-01-12 09:00:00,0.670445,0.671215,0.67024,0.670665,1962
2026-01-12 10:00:00,0.67067,0.671185,0.670355,0.671165,1483
2026-01-12 11:00:00,0.671175,0.67123,0.67055,0.6706099999999999,1398
2026-01-12 12:00:00,0.6706000000000001,0.67113,0.6704049999999999,0.670965,1477
2026-01-12 13:00:00,0.670975,0.6718,0.670905,0.671555,3200
2026-01-12 14:00:00,0.67155,0.6715949999999999,0.6703250000000001,0.6709849999999999,4991
2026-01-12 15:00:00,0.6709799999999999,0.672045,0.67066,0.6719900000000001,3310
2026-01-12 16:00:00,0.671985,0.672235,0.6714800000000001,0.671505,3157
2026-01-12 17:00:00,0.671495,0.6717949999999999,0.67116,0.671395,2978
2026-01-12 18:00:00,0.6713800000000001,0.6714800000000001,0.6711,0.67117,2529
2026-01-12 19:00:00,0.6711750000000001,0.671495,0.6710849999999999,0.6714199999999999,1390
2026-01-12 20:00:00,0.6714249999999999,0.671475,0.67125,0.67133,988
2026-01-12 21:00:00,0.671335,0.6715500000000001,0.670865,0.67103,921
2026-01-12 22:00:00,0.67101,0.67145,0.6708350000000001,0.6709,624
2026-01-12 23:00:00,0.670895,0.671155,0.670685,0.670805,782
2026-01-13 00:00:00,0.670795,0.6710750000000001,0.6706749999999999,0.6710750000000001,845
2026-01-13 01:00:00,0.671085,0.671465,0.67083,0.6711,2100
2026-01-13 02:00:00,0.67109,0.67167,0.671025,0.671115,1682
2026-01-13 03:00:00,0.6711100000000001,0.671315,0.670875,0.671,1105
2026-01-13 04:00:00,0.671,0.671245,0.67085,0.671075,759
2026-01-13 05:00:00,0.671095,0.671115,0.670715,0.670965,1208
2026-01-13 06:00:00,0.67096,0.671015,0.67038,0.670785,1794
2026-01-13 07:00:00,0.6707700000000001,0.670835,0.670185,0.6704600000000001,1848
2026-01-13 08:00:00,0.67045,0.6707350000000001,0.66989,0.67023,1969
2026-01-13 09:00:00,0.6702349999999999,0.67079,0.6702049999999999,0.6706000000000001,1575
2026-01-13 10:00:00,0.670605,0.6706449999999999,0.6698,0.6698649999999999,1438
2026-01-13 11:00:00,0.66987,0.67048,0.6697500000000001,0.6704300000000001,1208
2026-01-13 12:00:00,0.670425,0.670485,0.669925,0.669975,1055
2026-01-13 13:00:00,0.66996,0.6727399999999999,0.669735,0.6709149999999999,7086
2026-01-13 14:00:00,0.67091,0.671455,0.6695599999999999,0.6698550000000001,6171
2026-01-13 15:00:00,0.6698649999999999,0.6698999999999999,0.6678200000000001,0.6687,5608
2026-01-13 16:00:00,0.668715,0.668785,0.6673,0.6683,3163
2026-01-13 17:00:00,0.668315,0.66849,0.66777,0.66811,3619
2026-01-13 18:00:00,0.668105,0.668525,0.66777,0.668295,4159
2026-01-13 19:00:00,0.66831,0.668335,0.667865,0.66815,3032
2026-01-13 20:00:00,0.668155,0.668355,0.667875,0.668245,1492
2026-01-13 21:00:00,0.66825,0.66834,0.66805,0.668245,554
2026-01-13 22:00:00,0.66824,0.66891,0.668145,0.668895,646
2026-01-13 23:00:00,0.66889,0.6689,0.668265,0.668265,534
2026-01-14 00:00:00,0.6682600000000001,0.668485,0.6680200000000001,0.6681,847
2026-01-14 01:00:00,0.668105,0.6684,0.6677200000000001,0.668225,2017
2026-01-14 02:00:00,0.6682349999999999,0.669415,0.668215,0.669285,1740
2026-01-14 03:00:00,0.6692899999999999,0.670015,0.66921,0.669915,1505
2026-01-14 04:00:00,0.669925,0.670045,0.669535,0.66967,811
2026-01-14 05:00:00,0.669665,0.6698500000000001,0.669435,0.6694599999999999,1387
2026-01-14 06:00:00,0.669475,0.67012,0.669275,0.67006,1899
2026-01-14 07:00:00,0.6700699999999999,0.670235,0.6694249999999999,0.669485,1483
2026-01-14 08:00:00,0.6694800000000001,0.66961,0.66866,0.669415,3070
2026-01-14 09:00:00,0.6694249999999999,0.669785,0.669165,0.669605,2113
2026-01-14 10:00:00,0.66961,0.669655,0.66831,0.668505,2122
2026-01-14 11:00:00,0.66849,0.668505,0.66796,0.668185,1810
2026-01-14 12:00:00,0.66818,0.66848,0.667735,0.66845,2562
2026-01-14 13:00:00,0.668425,0.66847,0.6675599999999999,0.667935,3360
2026-01-14 14:00:00,0.66795,0.66873,0.667875,0.6683749999999999,5196
2026-01-14 15:00:00,0.6683950000000001,0.6689750000000001,0.66763,0.668315,6624
2026-01-14 16:00:00,0.66832,0.668855,0.667585,0.6677850000000001,3464
2026-01-14 17:00:00,0.667795,0.66801,0.667335,0.6674,2672
2026-01-14 18:00:00,0.66739,0.667935,0.667315,0.66785,2252
2026-01-14 19:00:00,0.66784,0.66811,0.667695,0.66796,1880
2026-01-14 20:00:00,0.66797,0.66859,0.66781,0.66846,2784
2026-01-14 21:00:00,0.668465,0.668625,0.6679999999999999,0.66824,1171
2026-01-14 22:00:00,0.668255,0.668485,0.66794,0.6681900000000001,819
2026-01-14 23:00:00,0.6682049999999999,0.66857,0.66767,0.6682049999999999,1644
2026-01-15 00:00:00,0.66823,0.66861,0.6680699999999999,0.668515,961
2026-01-15 01:00:00,0.668505,0.668535,0.667545,0.6680699999999999,2415
2026-01-15 02:00:00,0.66808,0.668145,0.66764,0.66768,1792
2026-01-15 03:00:00,0.667685,0.667745,0.66672,0.66723,1532
2026-01-15 04:00:00,0.66724,0.66764,0.66709,0.66742,821
2026-01-15 05:00:00,0.6674100000000001,0.66795,0.6672450000000001,0.667675,1045
2026-01-15 06:00:00,0.6676599999999999,0.66847,0.667605,0.668095,1798
2026-01-15 07:00:00,0.668085,0.668585,0.66804,0.6683,1712
2026-01-15 08:00:00,0.66829,0.6691849999999999,0.6679649999999999,0.6691549999999999,1863
2026-01-15 09:00:00,0.66915,0.6699299999999999,0.6691400000000001,0.6695500000000001,1896
2026-01-15 10:00:00,0.6695500000000001,0.6700900000000001,0.6694599999999999,0.66986,1175
2026-01-15 11:00:00,0.669875,0.6699900000000001,0.669635,0.6697,1226
2026-01-15 12:00:00,0.6696949999999999,0.669835,0.668765,0.66896,1199
2026-01-15 13:00:00,0.668955,0.668955,0.667605,0.6677850000000001,3006
2026-01-15 14:00:00,0.667795,0.668825,0.667455,0.668455,4083
2026-01-15 15:00:00,0.66845,0.670005,0.668435,0.669995,4720
2026-01-15 16:00:00,0.669985,0.670975,0.669905,0.670445,2929
2026-01-15 17:00:00,0.6704399999999999,0.67086,0.67027,0.670475,2247
2026-01-15 18:00:00,0.6704650000000001,0.67086,0.6704600000000001,0.670605,2008
2026-01-15 19:00:00,0.6706000000000001,0.670695,0.67011,0.670215,2836
2026-01-15 20:00:00,0.6702049999999999,0.670225,0.669585,0.6697200000000001,1709
2026-01-15 21:00:00,0.66973,0.670075,0.6697,0.669875,714
2026-01-15 22:00:00,0.6697,0.670165,0.669665,0.669935,366
2026-01-15 23:00:00,0.669935,0.670255,0.6698299999999999,0.6700900000000001,527
2026-01-16 00:00:00,0.670095,0.6702600000000001,0.669725,0.669755,756
2026-01-16 01:00:00,0.66974,0.67043,0.66971,0.669755,1947
2026-01-16 02:00:00,0.669745,0.67028,0.66952,0.669925,1582
2026-01-16 03:00:00,0.669935,0.67054,0.66991,0.67041,855
2026-01-16 04:00:00,0.6704049999999999,0.670715,0.67032,0.670605,549
2026-01-16 05:00:00,0.670595,0.670605,0.67003,0.670145,883
2026-01-16 06:00:00,0.670145,0.67025,0.669585,0.669995,943
2026-01-16 07:00:00,0.670005,0.6703399999999999,0.66984,0.67003,1441
2026-01-16 08:00:00,0.6700349999999999,0.670555,0.67003,0.670165,2232
2026-01-16 09:00:00,0.67015,0.67048,0.670105,0.67018,1985
2026-01-16 10:00:00,0.6701900000000001,0.67096,0.6701,0.6706099999999999,1255
2026-01-16 11:00:00,0.6706000000000001,0.670885,0.670335,0.6703749999999999,999
2026-01-16 12:00:00,0.6703699999999999,0.670655,0.6698649999999999,0.669985,1630
2026-01-16 13:00:00,0.669975,0.670125,0.6691050000000001,0.669425,2036
2026-01-16 14:00:00,0.66943,0.66945,0.668525,0.668635,3468
2026-01-16 15:00:00,0.66865,0.669535,0.66711,0.6679550000000001,7453
2026-01-16 16:00:00,0.66796,0.66862,0.66796,0.6681250000000001,3462
2026-01-16 17:00:00,0.668115,0.6683250000000001,0.667905,0.668115,1838
2026-01-16 18:00:00,0.668095,0.668515,0.6679999999999999,0.668265,1124
2026-01-16 19:00:00,0.66825,0.6686300000000001,0.667985,0.668395,1215
2026-01-16 20:00:00,0.6683749999999999,0.66859,0.66828,0.6684950000000001,874
2026-01-16 21:00:00,0.6685000000000001,0.66854,0.66813,0.66828,762
2026-01-18 22:00:00,0.66734,0.66756,0.666975,0.667135,704
2026-01-18 23:00:00,0.66715,0.6690849999999999,0.6668350000000001,0.66879,3151
2026-01-19 00:00:00,0.6687700000000001,0.66945,0.66767,0.66919,3190
2026-01-19 01:00:00,0.669175,0.6695,0.6682049999999999,0.6683250000000001,2842
2026-01-19 02:00:00,0.6683300000000001,0.66861,0.6678200000000001,0.6684,1446
2026-01-19 03:00:00,0.668415,0.668995,0.66831,0.6687350000000001,1186
2026-01-19 04:00:00,0.66876,0.6692849999999999,0.6687099999999999,0.669165,854
2026-01-19 05:00:00,0.66918,0.670095,0.66902,0.6695800000000001,1396
2026-01-19 06:00:00,0.669575,0.669745,0.66935,0.6694450000000001,1356
2026-01-19 07:00:00,0.66945,0.669895,0.66885,0.6689700000000001,2123
2026-01-19 08:00:00,0.66898,0.669825,0.66898,0.66955,2376
2026-01-19 09:00:00,0.669535,0.66978,0.66896,0.669705,2111
2026-01-19 10:00:00,0.6697,0.670585,0.66968,0.6700250000000001,1411
2026-01-19 11:00:00,0.6700349999999999,0.67038,0.669895,0.670285,1110
2026-01-19 12:00:00,0.670265,0.6705749999999999,0.670085,0.6703600000000001,1186
2026-01-19 13:00:00,0.67037,0.670805,0.6703399999999999,0.67056,1163
2026-01-19 14:00:00,0.670555,0.67108,0.670215,0.670925,1850
2026-01-19 15:00:00,0.67092,0.671415,0.670855,0.67113,2476
2026-01-19 16:00:00,0.671125,0.671585,0.67099,0.67147,1085
2026-01-19 17:00:00,0.671465,0.671675,0.67138,0.671645,631
2026-01-19 18:00:00,0.67163,0.67174,0.671315,0.67133,273
2026-01-19 19:00:00,0.671335,0.67154,0.67133,0.6714,179
2026-01-19 20:00:00,0.671415,0.671515,0.67125,0.6715,225
2026-01-19 21:00:00,0.671505,0.6715500000000001,0.671225,0.6714,523
2026-01-19 22:00:00,0.671385,0.6715949999999999,0.671015,0.6713549999999999,576
2026-01-19 23:00:00,0.67136,0.6714500000000001,0.670875,0.6709400000000001,622
2026-01-20 00:00:00,0.670945,0.671235,0.670675,0.67099,1181
2026-01-20 01:00:00,0.6709849999999999,0.67125,0.670715,0.671145,2134
2026-01-20 02:00:00,0.671135,0.671745,0.670855,0.6716,1407
2026-01-20 03:00:00,0.67159,0.67284,0.67159,0.6727099999999999,1415
2026-01-20 04:00:00,0.67272,0.67393,0.67272,0.67378,1149
2026-01-20 05:00:00,0.67379,0.674105,0.6735949999999999,0.6736,1775
2026-01-20 06:00:00,0.6735800000000001,0.673935,0.67286,0.67317,1966
2026-01-20 07:00:00,0.67316,0.67443,0.672975,0.674355,2884
2026-01-20 08:00:00,0.674345,0.674725,0.6732,0.6735500000000001,4150
2026-01-20 09:00:00,0.67357,0.67387,0.67238,0.67282,3938
2026-01-20 10:00:00,0.672825,0.67344,0.67265,0.6732,3279
2026-01-20 11:00:00,0.6732,0.67389,0.67288,0.673535,2127
2026-01-20 12:00:00,0.673525,0.67381,0.672855,0.673085,1775
2026-01-20 13:00:00,0.673105,0.67381,0.67253,0.67302,4804
2026-01-20 14:00:00,0.67303,0.6736850000000001,0.67267,0.67338,7828
2026-01-20 15:00:00,0.673365,0.674515,0.67278,0.674165,7245
2026-01-20 16:00:00,0.6741600000000001,0.67457,0.673925,0.67423,5748
2026-01-20 17:00:00,0.674215,0.6745099999999999,0.673815,0.67393,4098
2026-01-20 18:00:00,0.673915,0.674265,0.673295,0.673465,3991
2026-01-20 19:00:00,0.67347,0.673575,0.673195,0.67326,3086
2026-01-20 20:00:00,0.673265,0.6735899999999999,0.673095,0.67353,1897
2026-01-20 21:00:00,0.6735249999999999,0.673775,0.673495,0.673665,613
2026-01-20 22:00:00,0.6736599999999999,0.67367,0.67317,0.673355,1019
2026-01-20 23:00:00,0.67335,0.6735249999999999,0.6730849999999999,0.6731100000000001,826
2026-01-21 00:00:00,0.6731149999999999,0.6733450000000001,0.6729799999999999,0.67323,1023
2026-01-21 01:00:00,0.673235,0.67438,0.67308,0.67428,2521
2026-01-21 02:00:00,0.674295,0.6743,0.673495,0.673575,1756
2026-01-21 03:00:00,0.67359,0.673785,0.6731,0.67323,1865
2026-01-21 04:00:00,0.67322,0.673325,0.67276,0.6732199999999999,1071
2026-01-21 05:00:00,0.67323,0.6738299999999999,0.67313,0.67362,1217
2026-01-21 06:00:00,0.67363,0.675305,0.67352,0.675055,2090
2026-01-21 07:00:00,0.675045,0.675565,0.67466,0.67524,2406
2026-01-21 08:00:00,0.675235,0.675825,0.674705,0.6752199999999999,3196
2026-01-21 09:00:00,0.675215,0.675705,0.674695,0.67474,3105
2026-01-21 10:00:00,0.6747449999999999,0.6748350000000001,0.674345,0.6746300000000001,2481
2026-01-21 11:00:00,0.6746099999999999,0.675195,0.674515,0.6749799999999999,1744
2026-01-21 12:00:00,0.674995,0.676855,0.6749499999999999,0.6767700000000001,2757
2026-01-21 13:00:00,0.676775,0.6773450000000001,0.676365,0.6771050000000001,2993
2026-01-21 14:00:00,0.67711,0.67736,0.6761600000000001,0.677295,7858
2026-01-21 15:00:00,0.67728,0.6777949999999999,0.67639,0.67706,7241
2026-01-21 16:00:00,0.677055,0.677465,0.67601,0.676315,5248
2026-01-21 17:00:00,0.67633,0.6765,0.675315,0.675945,5114
2026-01-21 18:00:00,0.67594,0.676165,0.67543,0.676015,3239
2026-01-21 19:00:00,0.676005,0.676435,0.67565,0.676345,5863
2026-01-21 20:00:00,0.6763399999999999,0.67635,0.675565,0.67618,3231
2026-01-21 21:00:00,0.676185,0.67649,0.676075,0.67614,919
2026-01-21 22:00:00,0.67613,0.676255,0.6757249999999999,0.675805,1839
2026-01-21 23:00:00,0.6758,0.67598,0.6753800000000001,0.675435,760
2026-01-22 00:00:00,0.67544,0.6791149999999999,0.6753899999999999,0.678865,2948
2026-01-22 01:00:00,0.67884,0.67992,0.678635,0.6797249999999999,3219
2026-01-22 02:00:00,0.679735,0.6799900000000001,0.67913,0.679685,1566
2026-01-22 03:00:00,0.679705,0.680605,0.67967,0.680545,1095
2026-01-22 04:00:00,0.680535,0.68106,0.680375,0.680515,976
2026-01-22 05:00:00,0.680485,0.680725,0.680075,0.6805049999999999,1398
2026-01-22 06:00:00,0.680515,0.68065,0.679845,0.6806399999999999,1518
2026-01-22 07:00:00,0.6806399999999999,0.68113,0.6802600000000001,0.68038,1890
2026-01-22 08:00:00,0.68039,0.68048,0.6797150000000001,0.68015,2495
2026-01-22 09:00:00,0.680175,0.6810050000000001,0.6799900000000001,0.680205,1620
2026-01-22 10:00:00,0.68022,0.6805049999999999,0.679585,0.680285,1806
2026-01-22 11:00:00,0.680275,0.680485,0.679845,0.68025,2125
2026-01-22 12:00:00,0.68024,0.680965,0.68024,0.68067,1482
2026-01-22 13:00:00,0.68066,0.681535,0.68062,0.681485,2510
2026-01-22 14:00:00,0.681475,0.6820550000000001,0.6812100000000001,0.681325,4667
2026-01-22 15:00:00,0.681335,0.68258,0.68105,0.68255,4044
2026-01-22 16:00:00,0.682545,0.6836800000000001,0.6824699999999999,0.683405,2959
2026-01-22 17:00:00,0.683395,0.68407,0.68295,0.684025,2910
2026-01-22 18:00:00,0.6840200000000001,0.684445,0.68381,0.68429,1855
2026-01-22 19:00:00,0.684275,0.684415,0.683975,0.6839999999999999,2487
2026-01-22 20:00:00,0.684005,0.68407,0.683745,0.6837949999999999,978
2026-01-22 21:00:00,0.6838,0.684315,0.6837949999999999,0.68396,997
2026-01-22 22:00:00,0.6839,0.68417,0.68384,0.684015,437
2026-01-22 23:00:00,0.6840200000000001,0.6841900000000001,0.68384,0.683945,506
2026-01-23 00:00:00,0.68393,0.6844950000000001,0.6838949999999999,0.6842600000000001,1149
2026-01-23 01:00:00,0.684275,0.685325,0.684205,0.684495,2340
2026-01-23 02:00:00,0.684485,0.6845950000000001,0.68385,0.68409,1494
2026-01-23 03:00:00,0.684075,0.68441,0.6836450000000001,0.684295,1090
2026-01-23 04:00:00,0.684265,0.68499,0.68394,0.68494,1053
2026-01-23 05:00:00,0.684935,0.68506,0.68459,0.6849000000000001,1104
2026-01-23 06:00:00,0.684885,0.685405,0.684635,0.68503,1474
2026-01-23 07:00:00,0.68501,0.68514,0.68414,0.68429,2825
2026-01-23 08:00:00,0.684285,0.68492,0.68378,0.68484,2972
2026-01-23 09:00:00,0.684845,0.6851700000000001,0.68396,0.6839850000000001,2529
2026-01-23 10:00:00,0.68399,0.6846049999999999,0.683435,0.6846049999999999,1765
2026-01-23 11:00:00,0.6846,0.685425,0.68445,0.685195,1783
2026-01-23 12:00:00,0.68521,0.68654,0.685105,0.686465,1637
2026-01-23 13:00:00,0.686455,0.68672,0.68494,0.685,2201
2026-01-23 14:00:00,0.685005,0.6863900000000001,0.68486,0.68635,2901
2026-01-23 15:00:00,0.686365,0.687385,0.68632,0.687245,3814
2026-01-23 16:00:00,0.68726,0.6880900000000001,0.68648,0.6876599999999999,3343
2026-01-23 17:00:00,0.687655,0.68912,0.6875100000000001,0.68826,4992
2026-01-23 18:00:00,0.6882550000000001,0.688525,0.6873849999999999,0.688165,3993
2026-01-23 19:00:00,0.68817,0.6888350000000001,0.68815,0.68868,2277
2026-01-23 20:00:00,0.688665,0.68955,0.6885600000000001,0.689425,2279
2026-01-23 21:00:00,0.689415,0.6898949999999999,0.689415,0.68956,1528
2026-01-25 22:00:00,0.692455,0.6932849999999999,0.691195,0.693245,2693
2026-01-25 23:00:00,0.693275,0.693275,0.690995,0.6914199999999999,3546
2026-01-26 00:00:00,0.69144,0.691975,0.69061,0.69188,3494
2026-01-26 01:00:00,0.6918850000000001,0.692595,0.691505,0.6919599999999999,4308
2026-01-26 02:00:00,0.6919649999999999,0.6928650000000001,0.6915549999999999,0.69188,2989
2026-01-26 03:00:00,0.69189,0.69212,0.691075,0.69126,2037
2026-01-26 04:00:00,0.691255,0.69171,0.69094,0.69136,1545
2026-01-26 05:00:00,0.6913549999999999,0.691845,0.69109,0.69145,1693
2026-01-26 06:00:00,0.6914549999999999,0.69213,0.69085,0.691315,2368
2026-01-26 07:00:00,0.6913100000000001,0.6919299999999999,0.690905,0.691085,3111
2026-01-26 08:00:00,0.6911,0.692455,0.6910350000000001,0.692175,3765
2026-01-26 09:00:00,0.69218,0.692715,0.691755,0.6921999999999999,2543
2026-01-26 10:00:00,0.692215,0.69275,0.692145,0.692145,2089
2026-01-26 11:00:00,0.692105,0.692165,0.6915100000000001,0.69214,1572
2026-01-26 12:00:00,0.692145,0.692635,0.691435,0.691505,1926
2026-01-26 13:00:00,0.691495,0.69179,0.690725,0.69174,2761
2026-01-26 14:00:00,0.6917500000000001,0.693975,0.691485,0.693945,3957
2026-01-26 15:00:00,0.69394,0.694005,0.692845,0.6939150000000001,4154
2026-01-26 16:00:00,0.693895,0.6939150000000001,0.692555,0.69321,3482
2026-01-26 17:00:00,0.69322,0.6940949999999999,0.6928350000000001,0.693445,2798
2026-01-26 18:00:00,0.693435,0.69381,0.693075,0.6931050000000001,2261
2026-01-26 19:00:00,0.693095,0.693095,0.69169,0.691875,2666
2026-01-26 20:00:00,0.691865,0.6919949999999999,0.691695,0.691845,1883
2026-01-26 21:00:00,0.6918500000000001,0.6919850000000001,0.691595,0.691715,1065
2026-01-26 22:00:00,0.69171,0.69171,0.6909099999999999,0.690925,1300
2026-01-26 23:00:00,0.69093,0.691605,0.69093,0.69136,793
2026-01-27 00:00:00,0.6913499999999999,0.6916450000000001,0.690725,0.69082,1460
2026-01-27 01:00:00,0.690815,0.69198,0.690725,0.6917500000000001,2121
2026-01-27 02:00:00,0.69174,0.692855,0.691585,0.692275,1999
2026-01-27 03:00:00,0.69228,0.69231,0.69129,0.691555,1812
2026-01-27 04:00:00,0.69157,0.69177,0.6907399999999999,0.69118,1461
2026-01-27 05:00:00,0.691155,0.6914750000000001,0.690655,0.69131,1210
2026-01-27 06:00:00,0.691295,0.691975,0.69129,0.691695,1485
2026-01-27 07:00:00,0.6917,0.69224,0.691405,0.6915549999999999,2239
2026-01-27 08:00:00,0.691565,0.691655,0.690155,0.69091,2924
2026-01-27 09:00:00,0.690895,0.6928650000000001,0.690805,0.69275,2498
2026-01-27 10:00:00,0.6927449999999999,0.6931799999999999,0.69204,0.6927650000000001,3016
2026-01-27 11:00:00,0.69276,0.6932499999999999,0.6926950000000001,0.69316,2170
2026-01-27 12:00:00,0.693155,0.694715,0.69311,0.69461,4010
2026-01-27 13:00:00,0.69462,0.695265,0.6939949999999999,0.69449,4473
2026-01-27 14:00:00,0.6945049999999999,0.69649,0.69436,0.695955,5727
2026-01-27 15:00:00,0.695975,0.697395,0.695975,0.696515,5853
2026-01-27 16:00:00,0.69651,0.69821,0.6965,0.6977,4037
2026-01-27 17:00:00,0.697705,0.6980200000000001,0.6970449999999999,0.69785,3718
2026-01-27 18:00:00,0.697845,0.69816,0.69726,0.697665,4134
2026-01-27 19:00:00,0.69767,0.69817,0.6976249999999999,0.69797,3379
2026-01-27 20:00:00,0.69796,0.701615,0.697615,0.70061,7979
2026-01-27 21:00:00,0.7006049999999999,0.701525,0.7001850000000001,0.70112,4435
2026-01-27 22:00:00,0.7010700000000001,0.7012499999999999,0.700835,0.7009650000000001,456
2026-01-27 23:00:00,0.700955,0.7010099999999999,0.699465,0.69966,1622
2026-01-28 00:00:00,0.699675,0.70226,0.6990000000000001,0.6998800000000001,6134
2026-01-28 01:00:00,0.69989,0.70004,0.69835,0.6986,4970
2026-01-28 02:00:00,0.69861,0.6995,0.698015,0.699325,3187
2026-01-28 03:00:00,0.6993400000000001,0.6998,0.6989099999999999,0.699025,2128
2026-01-28 04:00:00,0.69904,0.6994199999999999,0.69851,0.6994100000000001,1755
2026-01-28 05:00:00,0.6994199999999999,0.7003349999999999,0.6986749999999999,0.700305,3060
2026-01-28 06:00:00,0.700325,0.70114,0.6999,0.7,2931
2026-01-28 07:00:00,0.70001,0.7019850000000001,0.699735,0.6998949999999999,4889
2026-01-28 08:00:00,0.69989,0.7011350000000001,0.698995,0.69947,4909
2026-01-28 09:00:00,0.69948,0.700445,0.698995,0.70023,3472
2026-01-28 10:00:00,0.70024,0.7014400000000001,0.6998850000000001,0.700895,3040
2026-01-28 11:00:00,0.70089,0.70089,0.699565,0.700195,2733
2026-01-28 12:00:00,0.7001999999999999,0.700835,0.6997249999999999,0.7001850000000001,3469
2026-01-28 13:00:00,0.700195,0.7002900000000001,0.6992,0.69963,3689
2026-01-28 14:00:00,0.6996249999999999,0.700805,0.699355,0.69989,4601
2026-01-28 15:00:00,0.6998850000000001,0.70059,0.6976899999999999,0.699865,11363
2026-01-28 16:00:00,0.699845,0.700215,0.6983349999999999,0.69915,5515
2026-01-28 17:00:00,0.69916,0.700255,0.69874,0.7000500000000001,3036
2026-01-28 18:00:00,0.700045,0.70013,0.69857,0.69908,3425
2026-01-28 19:00:00,0.699125,0.7013050000000001,0.6978850000000001,0.700975,10107
2026-01-28 20:00:00,0.7009700000000001,0.703165,0.700925,0.7027749999999999,4455
2026-01-28 21:00:00,0.70279,0.7043349999999999,0.7026300000000001,0.70409,2104
2026-01-28 22:00:00,0.704095,0.704095,0.703435,0.7038150000000001,996
2026-01-28 23:00:00,0.70381,0.7049799999999999,0.7031799999999999,0.7039500000000001,2465
2026-01-29 00:00:00,0.703935,0.704855,0.703105,0.703595,3693
2026-01-29 01:00:00,0.7035750000000001,0.7035750000000001,0.70215,0.702805,4026
2026-01-29 02:00:00,0.702815,0.704985,0.7021,0.70471,3010
2026-01-29 03:00:00,0.7047,0.707885,0.704635,0.707865,3439
2026-01-29 04:00:00,0.70787,0.709165,0.70743,0.70904,3196
2026-01-29 05:00:00,0.709015,0.7094199999999999,0.70826,0.708805,2665
2026-01-29 06:00:00,0.70879,0.70886,0.707785,0.708245,2785
2026-01-29 07:00:00,0.70822,0.708685,0.706315,0.706905,3593
2026-01-29 08:00:00,0.706895,0.707705,0.7052499999999999,0.706045,4775
2026-01-29 09:00:00,0.706075,0.706895,0.7052849999999999,0.705605,3403
2026-01-29 10:00:00,0.705595,0.705705,0.7031350000000001,0.703265,3701
2026-01-29 11:00:00,0.703275,0.704055,0.70271,0.70383,3419
2026-01-29 12:00:00,0.703835,0.70606,0.7036450000000001,0.706005,2968
2026-01-29 13:00:00,0.7060200000000001,0.707095,0.705795,0.70654,5157
2026-01-29 14:00:00,0.7065699999999999,0.708245,0.70588,0.7060200000000001,7790
2026-01-29 15:00:00,0.70601,0.70615,0.696895,0.697775,23540
2026-01-29 16:00:00,0.69777,0.7018800000000001,0.6977150000000001,0.7009099999999999,14021
2026-01-29 17:00:00,0.70092,0.703795,0.7009099999999999,0.7018599999999999,8026
2026-01-29 18:00:00,0.701845,0.703765,0.70146,0.7031799999999999,6055
2026-01-29 19:00:00,0.70319,0.70366,0.702625,0.702635,4763
2026-01-29 20:00:00,0.702625,0.70479,0.7023699999999999,0.704565,3189
2026-01-29 21:00:00,0.70456,0.70543,0.7043649999999999,0.704925,2059
2026-01-29 22:00:00,0.704915,0.70526,0.7046250000000001,0.70499,706
2026-01-29 23:00:00,0.70502,0.7055400000000001,0.70418,0.7047399999999999,2113
2026-01-30 00:00:00,0.70475,0.70529,0.702545,0.702545,4860
2026-01-30 01:00:00,0.702535,0.7028300000000001,0.7005049999999999,0.700585,7740
2026-01-30 02:00:00,0.70061,0.700695,0.69774,0.7004600000000001,9510
2026-01-30 03:00:00,0.7005049999999999,0.700765,0.699055,0.69975,3889
2026-01-30 04:00:00,0.699735,0.700895,0.699665,0.70035,2282
2026-01-30 05:00:00,0.700345,0.7008000000000001,0.699335,0.699945,2625
2026-01-30 06:00:00,0.699955,0.7005600000000001,0.6981999999999999,0.698345,4705
2026-01-30 07:00:00,0.69834,0.7003699999999999,0.69834,0.699825,5151
2026-01-30 08:00:00,0.6998500000000001,0.700995,0.6988,0.700455,5325
2026-01-30 09:00:00,0.7004600000000001,0.701165,0.6968300000000001,0.69762,6508
2026-01-30 10:00:00,0.69759,0.700025,0.697565,0.6996249999999999,7413
2026-01-30 11:00:00,0.699645,0.70242,0.6996199999999999,0.70234,4918
2026-01-30 12:00:00,0.702305,0.7032,0.70024,0.700485,4713
2026-01-30 13:00:00,0.7004900000000001,0.701975,0.698605,0.699115,8727
2026-01-30 14:00:00,0.6991050000000001,0.7026399999999999,0.699085,0.70126,10264
2026-01-30 15:00:00,0.70125,0.7026049999999999,0.70004,0.7005,12343
2026-01-30 16:00:00,0.7004900000000001,0.70052,0.6986950000000001,0.699405,8731
2026-01-30 17:00:00,0.69939,0.69946,0.6967300000000001,0.69722,12418
2026-01-30 18:00:00,0.697195,0.69804,0.69401,0.69783,11800
2026-01-30 19:00:00,0.6978,0.6986600000000001,0.69691,0.697295,8190
2026-01-30 20:00:00,0.6973,0.69733,0.69624,0.6962999999999999,5335
2026-01-30 21:00:00,0.696305,0.696745,0.6960949999999999,0.6963600000000001,3007
2026-02-01 22:00:00,0.69505,0.695395,0.694015,0.6940550000000001,1440
2026-02-01 23:00:00,0.6940900000000001,0.6952750000000001,0.6920649999999999,0.69438,7678
2026-02-02 00:00:00,0.69441,0.697075,0.69441,0.696565,9023
2026-02-02 01:00:00,0.69656,0.696615,0.69414,0.696435,10513
2026-02-02 02:00:00,0.696445,0.6969000000000001,0.694415,0.694445,7714
2026-02-02 03:00:00,0.69444,0.695485,0.6938,0.694085,6395
2026-02-02 04:00:00,0.6940949999999999,0.69458,0.692995,0.6940949999999999,5115
2026-02-02 05:00:00,0.69408,0.69419,0.691405,0.69252,5576
2026-02-02 06:00:00,0.692535,0.6930050000000001,0.69086,0.692345,6885
2026-02-02 07:00:00,0.6923600000000001,0.694595,0.692285,0.6941999999999999,6254
2026-02-02 08:00:00,0.694215,0.6959599999999999,0.6938,0.69479,6245
2026-02-02 09:00:00,0.69477,0.69659,0.694005,0.696445,5996
2026-02-02 10:00:00,0.696425,0.69684,0.694815,0.695685,4908
2026-02-02 11:00:00,0.69572,0.69705,0.695525,0.6957599999999999,3517
2026-02-02 12:00:00,0.6957500000000001,0.6965950000000001,0.69524,0.695965,5327
2026-02-02 13:00:00,0.695975,0.6959949999999999,0.694055,0.6947749999999999,8378
2026-02-02 14:00:00,0.6947650000000001,0.6968000000000001,0.694005,0.696035,9756
2026-02-02 15:00:00,0.696035,0.6966650000000001,0.694275,0.6944349999999999,11943
2026-02-02 16:00:00,0.69443,0.69664,0.69411,0.6958850000000001,7770
2026-02-02 17:00:00,0.695905,0.6964049999999999,0.695095,0.69528,5330
2026-02-02 18:00:00,0.695275,0.695295,0.693675,0.6939649999999999,4146
2026-02-02 19:00:00,0.693955,0.694725,0.69356,0.6945300000000001,2800
2026-02-02 20:00:00,0.69452,0.695195,0.6941299999999999,0.69509,3267
2026-02-02 21:00:00,0.695085,0.695385,0.6947,0.694755,1102
2026-02-02 22:00:00,0.694765,0.69546,0.694515,0.694915,969
2026-02-02 23:00:00,0.694925,0.69576,0.694645,0.695755,1399
2026-02-03 00:00:00,0.6957500000000001,0.697005,0.69564,0.6968300000000001,2368
2026-02-03 01:00:00,0.696825,0.69783,0.69638,0.6977500000000001,3707
2026-02-03 02:00:00,0.69773,0.69783,0.69571,0.69616,3236
2026-02-03 03:00:00,0.6961550000000001,0.70261,0.69598,0.702245,7444
2026-02-03 04:00:00,0.7022349999999999,0.703335,0.70018,0.700825,4751
2026-02-03 05:00:00,0.7008,0.70156,0.70031,0.70061,4046
2026-02-03 06:00:00,0.70062,0.702105,0.700275,0.7018150000000001,4590
2026-02-03 07:00:00,0.70181,0.70504,0.70145,0.70428,5495
2026-02-03 08:00:00,0.704255,0.70443,0.702895,0.702995,4829
2026-02-03 09:00:00,0.703005,0.7032400000000001,0.700465,0.70059,5239
2026-02-03 10:00:00,0.70061,0.70138,0.70021,0.700215,3081
2026-02-03 11:00:00,0.70021,0.700995,0.69974,0.699925,3082
2026-02-03 12:00:00,0.699945,0.7014,0.6999,0.70121,3151
2026-02-03 13:00:00,0.701205,0.70157,0.700525,0.7008300000000001,4557
2026-02-03 14:00:00,0.7008399999999999,0.700855,0.69906,0.6991400000000001,6982
2026-02-03 15:00:00,0.699125,0.701525,0.69809,0.701395,9646
2026-02-03 16:00:00,0.70139,0.70244,0.701065,0.7018800000000001,6289
2026-02-03 17:00:00,0.70187,0.702045,0.70072,0.701065,7120
2026-02-03 18:00:00,0.70106,0.701935,0.699945,0.69996,5794
2026-02-03 19:00:00,0.69994,0.7011000000000001,0.699335,0.700685,7169
2026-02-03 20:00:00,0.7006749999999999,0.70233,0.700295,0.702105,3841
2026-02-03 21:00:00,0.70211,0.702665,0.7020200000000001,0.702105,1576
2026-02-03 22:00:00,0.70211,0.702205,0.701595,0.701715,934
2026-02-03 23:00:00,0.701735,0.7023,0.7014849999999999,0.7022900000000001,1382
2026-02-04 00:00:00,0.702285,0.70257,0.701615,0.7018800000000001,2200
2026-02-04 01:00:00,0.701885,0.703665,0.7016899999999999,0.70279,4493
2026-02-04 02:00:00,0.7028,0.70355,0.70137,0.7017549999999999,3485
2026-02-04 03:00:00,0.701775,0.702245,0.701425,0.70208,2207
2026-02-04 04:00:00,0.70207,0.70243,0.701855,0.70235,1319
2026-02-04 05:00:00,0.702365,0.70332,0.70227,0.7029,1697
2026-02-04 06:00:00,0.702905,0.703385,0.7026749999999999,0.7032799999999999,2181
2026-02-04 07:00:00,0.70329,0.703635,0.7024349999999999,0.7034100000000001,2621
2026-02-04 08:00:00,0.7034,0.704305,0.703015,0.703705,3460
2026-02-04 09:00:00,0.70372,0.704,0.701465,0.7020649999999999,3537
2026-02-04 10:00:00,0.7020150000000001,0.702475,0.7015750000000001,0.70191,2382
2026-02-04 11:00:00,0.701905,0.702285,0.701055,0.702115,2612
2026-02-04 12:00:00,0.70209,0.703395,0.702005,0.702955,2207
2026-02-04 13:00:00,0.7029650000000001,0.70359,0.702305,0.703295,4598
2026-02-04 14:00:00,0.703275,0.703345,0.701055,0.70136,9324
2026-02-04 15:00:00,0.701355,0.7020850000000001,0.69966,0.69984,13315
2026-02-04 16:00:00,0.699815,0.6998800000000001,0.698095,0.699505,8149
2026-02-04 17:00:00,0.699515,0.700365,0.697225,0.69791,9681
2026-02-04 18:00:00,0.697905,0.69862,0.69716,0.69796,7311
2026-02-04 19:00:00,0.697985,0.7000649999999999,0.69736,0.699845,6169
2026-02-04 20:00:00,0.6998150000000001,0.699945,0.699255,0.69965,3007
2026-02-04 21:00:00,0.6996450000000001,0.70003,0.699405,0.6997899999999999,1432
2026-02-04 22:00:00,0.69974,0.700005,0.69944,0.6998150000000001,445
2026-02-04 23:00:00,0.69983,0.6999500000000001,0.6993,0.6994750000000001,1293
2026-02-05 00:00:00,0.6994499999999999,0.700685,0.6993400000000001,0.7003349999999999,1751
2026-02-05 01:00:00,0.70034,0.700735,0.699525,0.699705,3913
2026-02-05 02:00:00,0.69972,0.699805,0.6958249999999999,0.696115,8167
2026-02-05 03:00:00,0.69611,0.697665,0.69589,0.69642,6027
2026-02-05 04:00:00,0.69643,0.6975,0.69633,0.69702,1982
2026-02-05 05:00:00,0.6970099999999999,0.69733,0.696295,0.6971799999999999,2357
2026-02-05 06:00:00,0.69719,0.69789,0.696895,0.697755,2816
2026-02-05 07:00:00,0.69777,0.698545,0.697505,0.6976,3381
2026-02-05 08:00:00,0.6975899999999999,0.699085,0.69747,0.697805,4204
2026-02-05 09:00:00,0.69783,0.6978599999999999,0.696495,0.696685,4207
2026-02-05 10:00:00,0.696675,0.697635,0.6965,0.6975100000000001,2696
2026-02-05 11:00:00,0.6975199999999999,0.698515,0.6973499999999999,0.698075,2796
2026-02-05 12:00:00,0.69808,0.698555,0.69628,0.697,7862
2026-02-05 13:00:00,0.6970099999999999,0.698105,0.69661,0.69695,8484
2026-02-05 14:00:00,0.696925,0.6982349999999999,0.6959150000000001,0.6969650000000001,11568
2026-02-05 15:00:00,0.6969799999999999,0.697685,0.694035,0.69528,13703
2026-02-05 16:00:00,0.69529,0.69767,0.694675,0.69729,9285
2026-02-05 17:00:00,0.6972700000000001,0.69799,0.6962349999999999,0.6970799999999999,7296
2026-02-05 18:00:00,0.697075,0.6974899999999999,0.6956800000000001,0.69603,5042
2026-02-05 19:00:00,0.69601,0.697065,0.6958949999999999,0.695965,3865
2026-02-05 20:00:00,0.69598,0.69669,0.694275,0.694395,3888
2026-02-05 21:00:00,0.694385,0.694615,0.692635,0.6927399999999999,2025
2026-02-05 22:00:00,0.692755,0.6933800000000001,0.692755,0.6929000000000001,996
2026-02-05 23:00:00,0.692885,0.69295,0.6913,0.6915899999999999,2700
2026-02-06 00:00:00,0.6916100000000001,0.6922699999999999,0.689715,0.69217,5395
2026-02-06 01:00:00,0.692185,0.693755,0.691065,0.6934549999999999,6630
2026-02-06 02:00:00,0.69346,0.69469,0.69346,0.693775,4797
2026-02-06 03:00:00,0.693765,0.6941550000000001,0.69334,0.694065,2944
2026-02-06 04:00:00,0.694075,0.694495,0.69371,0.69428,2262
2026-02-06 05:00:00,0.694335,0.695575,0.694085,0.69555,2657
2026-02-06 06:00:00,0.6955450000000001,0.69639,0.6954199999999999,0.695905,2827
2026-02-06 07:00:00,0.6958949999999999,0.696075,0.6952100000000001,0.6959500000000001,2577
2026-02-06 08:00:00,0.695935,0.6966049999999999,0.695315,0.69634,4019
2026-02-06 09:00:00,0.6963349999999999,0.69784,0.69597,0.6975750000000001,3455
2026-02-06 10:00:00,0.69757,0.6977800000000001,0.696695,0.697415,2223
2026-02-06 11:00:00,0.69741,0.69874,0.69721,0.6985699999999999,2325
2026-02-06 12:00:00,0.698555,0.698735,0.697965,0.69835,2429
2026-02-06 13:00:00,0.698365,0.699415,0.698265,0.699405,4312
2026-02-06 14:00:00,0.6993849999999999,0.7012750000000001,0.6990449999999999,0.7009399999999999,7164
2026-02-06 15:00:00,0.70096,0.70131,0.699945,0.7005950000000001,8806
2026-02-06 16:00:00,0.700615,0.70201,0.700575,0.7013,4313
2026-02-06 17:00:00,0.7013050000000001,0.702485,0.701165,0.7020850000000001,2914
2026-02-06 18:00:00,0.702075,0.70247,0.701765,0.701775,1619
2026-02-06 19:00:00,0.7017899999999999,0.701965,0.701385,0.7016899999999999,1576
2026-02-06 20:00:00,0.701695,0.702055,0.70155,0.701845,1294
2026-02-06 21:00:00,0.70185,0.70231,0.7013199999999999,0.701345,1731
2026-02-08 22:00:00,0.701005,0.70233,0.7009000000000001,0.70173,764
2026-02-08 23:00:00,0.7017249999999999,0.703775,0.701685,0.7035800000000001,3131
2026-02-09 00:00:00,0.703585,0.703585,0.70226,0.7024,3125
2026-02-09 01:00:00,0.702395,0.7026600000000001,0.70159,0.70187,3060
2026-02-09 02:00:00,0.701855,0.703355,0.701695,0.7027049999999999,2163
2026-02-09 03:00:00,0.70271,0.70316,0.7021200000000001,0.7021850000000001,1543
2026-02-09 04:00:00,0.702175,0.702565,0.702055,0.702405,919
2026-02-09 05:00:00,0.70241,0.70305,0.702315,0.702915,1187
2026-02-09 06:00:00,0.702925,0.703985,0.702365,0.70388,3270
2026-02-09 07:00:00,0.70387,0.7042900000000001,0.70288,0.7032700000000001,3656
2026-02-09 08:00:00,0.70326,0.7039,0.70264,0.7038500000000001,3575
2026-02-09 09:00:00,0.703835,0.7045349999999999,0.703155,0.703355,2292
2026-02-09 10:00:00,0.703345,0.70347,0.70139,0.70207,3667
2026-02-09 11:00:00,0.70207,0.7039,0.7017599999999999,0.703605,2759
2026-02-09 12:00:00,0.7036100000000001,0.70492,0.7036100000000001,0.704915,3183
2026-02-09 13:00:00,0.7049300000000001,0.706195,0.70492,0.7056450000000001,4973
2026-02-09 14:00:00,0.7056549999999999,0.708105,0.705605,0.708055,6957
2026-02-09 15:00:00,0.708035,0.709245,0.70763,0.708855,5927
2026-02-09 16:00:00,0.70886,0.7091350000000001,0.708185,0.708655,3148
2026-02-09 17:00:00,0.708665,0.70899,0.708415,0.7088,1872
2026-02-09 18:00:00,0.7087950000000001,0.709495,0.7082649999999999,0.70938,3197
2026-02-09 19:00:00,0.709385,0.709875,0.70906,0.709635,1616
2026-02-09 20:00:00,0.709625,0.7097199999999999,0.709195,0.7093149999999999,1467
2026-02-09 21:00:00,0.709345,0.709435,0.708995,0.709325,888
2026-02-09 22:00:00,0.709235,0.70946,0.7087,0.708875,626
2026-02-09 23:00:00,0.70895,0.7092499999999999,0.708305,0.70835,1081
2026-02-10 00:00:00,0.70835,0.708575,0.7076549999999999,0.7079949999999999,1694
2026-02-10 01:00:00,0.708005,0.7089399999999999,0.707605,0.708775,2946
2026-02-10 02:00:00,0.7087749999999999,0.70903,0.708095,0.7086049999999999,2169
2026-02-10 03:00:00,0.70861,0.70868,0.707415,0.7076,1860
2026-02-10 04:00:00,0.707615,0.70791,0.7072149999999999,0.707335,1103
2026-02-10 05:00:00,0.707345,0.70756,0.70694,0.707265,1234
2026-02-10 06:00:00,0.707255,0.707275,0.70645,0.706835,1690
2026-02-10 07:00:00,0.706845,0.707365,0.706455,0.70715,1963
2026-02-10 08:00:00,0.70712,0.707625,0.7067749999999999,0.70712,2495
2026-02-10 09:00:00,0.70713,0.708105,0.70705,0.707415,1845
2026-02-10 10:00:00,0.7074100000000001,0.707635,0.706915,0.70738,1581
2026-02-10 11:00:00,0.7073750000000001,0.70756,0.7071350000000001,0.70739,1323
2026-02-10 12:00:00,0.7074050000000001,0.707755,0.706475,0.707025,2306
2026-02-10 13:00:00,0.70703,0.7079500000000001,0.70665,0.70749,4148
2026-02-10 14:00:00,0.707495,0.7090700000000001,0.7068650000000001,0.708395,6392
2026-02-10 15:00:00,0.708365,0.70885,0.707245,0.7085049999999999,6830
2026-02-10 16:00:00,0.7084900000000001,0.708645,0.706905,0.7071000000000001,5222
2026-02-10 17:00:00,0.7070799999999999,0.70777,0.70683,0.707415,2469
2026-02-10 18:00:00,0.7074,0.70747,0.706645,0.7071,3087
2026-02-10 19:00:00,0.707095,0.707975,0.706905,0.707925,1847
2026-02-10 20:00:00,0.7079150000000001,0.7080150000000001,0.70729,0.707325,1687
2026-02-10 21:00:00,0.7073149999999999,0.707585,0.70723,0.70755,768
2026-02-10 22:00:00,0.7075750000000001,0.707765,0.70688,0.7070350000000001,414
2026-02-10 23:00:00,0.70702,0.7074400000000001,0.70702,0.707365,635
2026-02-11 00:00:00,0.70737,0.7085349999999999,0.7073,0.70818,1783
2026-02-11 01:00:00,0.7081850000000001,0.70983,0.708115,0.7095100000000001,2480
2026-02-11 02:00:00,0.709525,0.712495,0.709395,0.71186,3328
2026-02-11 03:00:00,0.711875,0.7127600000000001,0.71141,0.71263,2096
2026-02-11 04:00:00,0.712595,0.7128099999999999,0.711155,0.71121,1354
2026-02-11 05:00:00,0.7112,0.711665,0.710825,0.711565,1700
2026-02-11 06:00:00,0.71157,0.712075,0.710315,0.71068,2302
2026-02-11 07:00:00,0.7106699999999999,0.711005,0.71028,0.710805,2068
2026-02-11 08:00:00,0.7107950000000001,0.71128,0.7098500000000001,0.711155,2144
2026-02-11 09:00:00,0.711185,0.711665,0.710785,0.7114,2294
2026-02-11 10:00:00,0.711385,0.712395,0.7109099999999999,0.7120299999999999,2402
2026-02-11 11:00:00,0.712045,0.71227,0.71112,0.7111799999999999,2979
2026-02-11 12:00:00,0.711185,0.7113499999999999,0.7107049999999999,0.711145,2923
2026-02-11 13:00:00,0.711135,0.711965,0.707185,0.711495,12669
2026-02-11 14:00:00,0.71148,0.71363,0.711165,0.7126250000000001,12549
2026-02-11 15:00:00,0.7125950000000001,0.71297,0.70924,0.710805,13595
2026-02-11 16:00:00,0.7108,0.712825,0.710035,0.7128,7140
2026-02-11 17:00:00,0.7127950000000001,0.71421,0.7121500000000001,0.713955,5425
2026-02-11 18:00:00,0.71397,0.7143200000000001,0.712645,0.713345,5030
2026-02-11 19:00:00,0.713335,0.71385,0.712925,0.71298,4584
2026-02-11 20:00:00,0.712955,0.71304,0.712395,0.71244,2636
2026-02-11 21:00:00,0.712445,0.7127950000000001,0.712225,0.712745,1030
2026-02-11 22:00:00,0.71275,0.7132350000000001,0.712275,0.71269,485
2026-02-11 23:00:00,0.712665,0.71302,0.712155,0.71245,1268
2026-02-12 00:00:00,0.712425,0.7136750000000001,0.711945,0.7136199999999999,2079
2026-02-12 01:00:00,0.713595,0.7147049999999999,0.7132449999999999,0.714365,2927
2026-02-12 02:00:00,0.7143550000000001,0.71472,0.713195,0.7136,2210
2026-02-12 03:00:00,0.713595,0.714055,0.712705,0.712995,1814
2026-02-12 04:00:00,0.7130000000000001,0.71376,0.7111799999999999,0.7114849999999999,2297
2026-02-12 05:00:00,0.71151,0.7124900000000001,0.711225,0.7124900000000001,1908
2026-02-12 06:00:00,0.7125049999999999,0.712565,0.7105,0.71109,3602
2026-02-12 07:00:00,0.711075,0.71233,0.710995,0.711935,2419
2026-02-12 08:00:00,0.71195,0.7123900000000001,0.71086,0.7117249999999999,2972
2026-02-12 09:00:00,0.7117249999999999,0.71237,0.711545,0.71236,2386
2026-02-12 10:00:00,0.7123649999999999,0.7128300000000001,0.7117800000000001,0.71231,1814
2026-02-12 11:00:00,0.7123200000000001,0.7130000000000001,0.711955,0.7128950000000001,1292
2026-02-12 12:00:00,0.712885,0.7131449999999999,0.71178,0.71222,2155
2026-02-12 13:00:00,0.712215,0.7141299999999999,0.711955,0.7140949999999999,3703
2026-02-12 14:00:00,0.714105,0.71447,0.7119249999999999,0.7122999999999999,6638
2026-02-12 15:00:00,0.712305,0.713355,0.7116,0.7133499999999999,7588
2026-02-12 16:00:00,0.713345,0.7133499999999999,0.70844,0.7097100000000001,15420
2026-02-12 17:00:00,0.7097,0.7097,0.70844,0.70861,9505
2026-02-12 18:00:00,0.70862,0.70934,0.707565,0.7090449999999999,6892
2026-02-12 19:00:00,0.7090449999999999,0.70991,0.70885,0.7096,3921
2026-02-12 20:00:00,0.7096100000000001,0.709815,0.70842,0.70871,3290
2026-02-12 21:00:00,0.7087049999999999,0.709125,0.7086049999999999,0.709035,875
2026-02-12 22:00:00,0.70899,0.7094,0.7085349999999999,0.708645,655
2026-02-12 23:00:00,0.708685,0.70922,0.708395,0.7087950000000001,1307
2026-02-13 00:00:00,0.70877,0.7093400000000001,0.70807,0.70835,1973
2026-02-13 01:00:00,0.708355,0.70974,0.70826,0.7087,3007
2026-02-13 02:00:00,0.70871,0.709315,0.70858,0.7090000000000001,2213
2026-02-13 03:00:00,0.7090099999999999,0.709195,0.708135,0.7083699999999999,1510
2026-02-13 04:00:00,0.708375,0.7091799999999999,0.7078450000000001,0.7082999999999999,1312
2026-02-13 05:00:00,0.708295,0.70888,0.7066950000000001,0.706985,2647
2026-02-13 06:00:00,0.7069749999999999,0.70712,0.705125,0.70574,2952
2026-02-13 07:00:00,0.70573,0.706175,0.7043550000000001,0.706025,3078
2026-02-13 08:00:00,0.706035,0.707685,0.7060150000000001,0.70762,3757
2026-02-13 09:00:00,0.707625,0.707945,0.706915,0.7071799999999999,2711
2026-02-13 10:00:00,0.707185,0.7073,0.70608,0.706225,2137
2026-02-13 11:00:00,0.70624,0.7063649999999999,0.704555,0.70504,3350
2026-02-13 12:00:00,0.705025,0.7055899999999999,0.7044900000000001,0.70532,3477
2026-02-13 13:00:00,0.70533,0.70757,0.704655,0.707045,9606
2026-02-13 14:00:00,0.707025,0.708125,0.70472,0.70509,13262
2026-02-13 15:00:00,0.705095,0.707935,0.70505,0.7060649999999999,13679
2026-02-13 16:00:00,0.7060599999999999,0.70723,0.705765,0.70668,6896
2026-02-13 17:00:00,0.70669,0.70821,0.7065950000000001,0.7076549999999999,4306
2026-02-13 18:00:00,0.707665,0.7086,0.70733,0.7080150000000001,3752
2026-02-13 19:00:00,0.7080299999999999,0.70844,0.707065,0.707155,3048
2026-02-13 20:00:00,0.70716,0.70755,0.70655,0.707465,3393
2026-02-13 21:00:00,0.7074750000000001,0.70776,0.70697,0.7073050000000001,973
2026-02-15 22:00:00,0.70653,0.706925,0.705865,0.70671,889
2026-02-15 23:00:00,0.706735,0.70725,0.70644,0.707155,1190
2026-02-16 00:00:00,0.707145,0.707835,0.706815,0.70774,1907
2026-02-16 01:00:00,0.70775,0.70864,0.7073400000000001,0.70845,1635
2026-02-16 02:00:00,0.708475,0.708635,0.7079500000000001,0.708305,1631
2026-02-16 03:00:00,0.708315,0.7086950000000001,0.70795,0.708415,1423
2026-02-16 04:00:00,0.70841,0.708775,0.70811,0.70865,1209
2026-02-16 05:00:00,0.708645,0.70897,0.7083699999999999,0.7087399999999999,982
2026-02-16 06:00:00,0.708735,0.70952,0.70864,0.708795,1107
2026-02-16 07:00:00,0.708785,0.7091350000000001,0.7083550000000001,0.7087749999999999,1349
2026-02-16 08:00:00,0.70877,0.70967,0.708275,0.709385,2967
2026-02-16 09:00:00,0.709365,0.709605,0.7081500000000001,0.7083649999999999,1891
2026-02-16 10:00:00,0.70836,0.70887,0.708105,0.70861,1624
2026-02-16 11:00:00,0.708615,0.708615,0.70772,0.708335,1464
2026-02-16 12:00:00,0.708345,0.708545,0.70811,0.708535,1272
2026-02-16 13:00:00,0.708545,0.70882,0.70801,0.708345,1691
2026-02-16 14:00:00,0.7083349999999999,0.70874,0.707175,0.70779,2500
2026-02-16 15:00:00,0.7078,0.707905,0.7068099999999999,0.7068650000000001,2210
2026-02-16 16:00:00,0.7068650000000001,0.707515,0.7067300000000001,0.707275,1595
2026-02-16 17:00:00,0.7072700000000001,0.7075450000000001,0.70722,0.7072499999999999,761
2026-02-16 18:00:00,0.707265,0.70755,0.707265,0.7073050000000001,235
2026-02-16 19:00:00,0.7073149999999999,0.7075549999999999,0.7073050000000001,0.70755,166
2026-02-16 20:00:00,0.7075549999999999,0.70766,0.7074100000000001,0.7075450000000001,139
2026-02-16 21:00:00,0.7075400000000001,0.7075450000000001,0.707105,0.7072,393
2026-02-16 22:00:00,0.707195,0.70765,0.707015,0.707305,415
2026-02-16 23:00:00,0.7072499999999999,0.7074100000000001,0.70709,0.707255,629
2026-02-17 00:00:00,0.70726,0.7075899999999999,0.706485,0.70654,1715
2026-02-17 01:00:00,0.706555,0.707345,0.705605,0.705875,2787
2026-02-17 02:00:00,0.70586,0.7062900000000001,0.705155,0.705855,1863
2026-02-17 03:00:00,0.7058450000000001,0.7058800000000001,0.7046250000000001,0.70552,1985
2026-02-17 04:00:00,0.7055199999999999,0.70682,0.70545,0.7068000000000001,1109
2026-02-17 05:00:00,0.706815,0.7069300000000001,0.705595,0.706135,2185
2026-02-17 06:00:00,0.706145,0.706855,0.706145,0.706735,1173
2026-02-17 07:00:00,0.70672,0.706785,0.705445,0.706425,2402
2026-02-17 08:00:00,0.70642,0.7069749999999999,0.7063550000000001,0.706745,3035
2026-02-17 09:00:00,0.706745,0.707335,0.706635,0.70727,2055
2026-02-17 10:00:00,0.70726,0.7076899999999999,0.70643,0.706495,2186
2026-02-17 11:00:00,0.7065049999999999,0.70694,0.7058949999999999,0.70618,2618
2026-02-17 12:00:00,0.706175,0.706655,0.70531,0.705435,2734
2026-02-17 13:00:00,0.70541,0.70598,0.704245,0.7045,5383
2026-02-17 14:00:00,0.7044900000000001,0.70596,0.70373,0.7038249999999999,10634
2026-02-17 15:00:00,0.70382,0.7048300000000001,0.702825,0.704345,10912
2026-02-17 16:00:00,0.70434,0.706775,0.70434,0.7063250000000001,6764
2026-02-17 17:00:00,0.7063200000000001,0.706975,0.7056,0.706605,5385
2026-02-17 18:00:00,0.70662,0.708955,0.706415,0.70875,4119
2026-02-17 19:00:00,0.7087399999999999,0.709015,0.7080649999999999,0.7081949999999999,2770
2026-02-17 20:00:00,0.708215,0.7084550000000001,0.7080500000000001,0.708245,1941
2026-02-17 21:00:00,0.70825,0.70865,0.70818,0.70861,838
2026-02-17 22:00:00,0.708615,0.70865,0.708075,0.708615,404
2026-02-17 23:00:00,0.7086049999999999,0.708805,0.7081299999999999,0.70819,920
2026-02-18 00:00:00,0.70818,0.7084699999999999,0.7076450000000001,0.70773,1617
2026-02-18 01:00:00,0.707735,0.70785,0.707275,0.70758,2268
2026-02-18 02:00:00,0.7075849999999999,0.7077450000000001,0.70671,0.70677,1421
2026-02-18 03:00:00,0.70676,0.70715,0.706515,0.706885,1135
2026-02-18 04:00:00,0.7069099999999999,0.70724,0.70667,0.70692,1024
2026-02-18 05:00:00,0.706925,0.707105,0.706645,0.7068650000000001,610
2026-02-18 06:00:00,0.70686,0.707315,0.706545,0.7071,879
2026-02-18 07:00:00,0.7071,0.707395,0.70635,0.7069650000000001,1686
2026-02-18 08:00:00,0.7069799999999999,0.7075899999999999,0.70683,0.7070350000000001,2882
2026-02-18 09:00:00,0.707045,0.708,0.706995,0.707795,1904
2026-02-18 10:00:00,0.70779,0.70811,0.70721,0.7073149999999999,1328
2026-02-18 11:00:00,0.70732,0.707475,0.706905,0.7071000000000001,1229
2026-02-18 12:00:00,0.707125,0.70781,0.70689,0.707025,2271
2026-02-18 13:00:00,0.70703,0.70756,0.70562,0.70563,3196
2026-02-18 14:00:00,0.70564,0.7065250000000001,0.7051050000000001,0.70624,6646
2026-02-18 15:00:00,0.706215,0.707395,0.706205,0.707205,4833
2026-02-18 16:00:00,0.7072,0.7077450000000001,0.706405,0.706405,3082
2026-02-18 17:00:00,0.706415,0.70672,0.705875,0.7064349999999999,2582
2026-02-18 18:00:00,0.706445,0.70662,0.70474,0.70505,3200
2026-02-18 19:00:00,0.7050350000000001,0.70536,0.703495,0.7038,4625
2026-02-18 20:00:00,0.703805,0.7043550000000001,0.703525,0.704195,2214
2026-02-18 21:00:00,0.704205,0.7043900000000001,0.7041,0.70423,627
2026-02-18 22:00:00,0.70425,0.70467,0.704025,0.704575,459
2026-02-18 23:00:00,0.7045399999999999,0.70468,0.70428,0.704285,730
2026-02-19 00:00:00,0.704295,0.70543,0.7039249999999999,0.70475,2461
2026-02-19 01:00:00,0.704735,0.706745,0.7047300000000001,0.7066950000000001,2272
2026-02-19 02:00:00,0.70669,0.7070350000000001,0.7060949999999999,0.706825,1611
2026-02-19 03:00:00,0.7068399999999999,0.7071350000000001,0.706305,0.706385,1130
2026-02-19 04:00:00,0.7063999999999999,0.7064999999999999,0.70495,0.705085,1233
2026-02-19 05:00:00,0.7051000000000001,0.70546,0.7045399999999999,0.70538,1337
2026-02-19 06:00:00,0.705365,0.70675,0.7051449999999999,0.70672,1356
2026-02-19 07:00:00,0.706715,0.7075400000000001,0.706485,0.70743,1741
2026-02-19 08:00:00,0.7074050000000001,0.7080150000000001,0.7065600000000001,0.7069749999999999,2823
2026-02-19 09:00:00,0.706985,0.707515,0.70572,0.7060150000000001,3268
2026-02-19 10:00:00,0.706005,0.706315,0.704995,0.70538,3115
2026-02-19 11:00:00,0.705365,0.706055,0.704225,0.70461,2687
2026-02-19 12:00:00,0.7045950000000001,0.7055400000000001,0.70431,0.70472,2484
2026-02-19 13:00:00,0.7047300000000001,0.705445,0.70369,0.705275,4346
2026-02-19 14:00:00,0.705265,0.705365,0.702415,0.703535,8313
2026-02-19 15:00:00,0.70353,0.706765,0.703135,0.70574,9946
2026-02-19 16:00:00,0.7057450000000001,0.70604,0.70476,0.70486,6093
2026-02-19 17:00:00,0.704875,0.70564,0.70436,0.704955,4747
2026-02-19 18:00:00,0.70497,0.705765,0.70467,0.7055400000000001,3610
2026-02-19 19:00:00,0.70553,0.7057450000000001,0.70426,0.704785,2648
2026-02-19 20:00:00,0.7048000000000001,0.705605,0.7047950000000001,0.705595,1946
2026-02-19 21:00:00,0.7055899999999999,0.70609,0.7055549999999999,0.705605,1043
2026-02-19 22:00:00,0.70563,0.70587,0.70529,0.7058599999999999,549
2026-02-19 23:00:00,0.705865,0.70621,0.705445,0.70557,922
2026-02-20 00:00:00,0.705585,0.7058150000000001,0.70512,0.7055549999999999,1496
2026-02-20 01:00:00,0.705535,0.70566,0.70229,0.70316,3628
2026-02-20 02:00:00,0.70317,0.70347,0.70154,0.702175,3425
2026-02-20 03:00:00,0.70217,0.703275,0.70217,0.702975,1689
2026-02-20 04:00:00,0.70297,0.703635,0.7027950000000001,0.7032,1263
2026-02-20 05:00:00,0.70321,0.7043900000000001,0.70321,0.70436,1550
2026-02-20 06:00:00,0.704345,0.704745,0.7041,0.70464,1588
2026-02-20 07:00:00,0.704655,0.7054400000000001,0.70407,0.70418,2629
2026-02-20 08:00:00,0.704175,0.705615,0.7039,0.7054849999999999,3227
2026-02-20 09:00:00,0.70548,0.70669,0.705465,0.705835,2476
2026-02-20 10:00:00,0.70584,0.706115,0.7053050000000001,0.70545,2083
2026-02-20 11:00:00,0.70543,0.705545,0.7047,0.704745,2071
2026-02-20 12:00:00,0.704735,0.70513,0.704195,0.704345,2735
2026-02-20 13:00:00,0.70433,0.705605,0.704035,0.7052050000000001,5546
2026-02-20 14:00:00,0.705195,0.70608,0.70401,0.705985,7435
2026-02-20 15:00:00,0.706,0.70884,0.7045600000000001,0.70858,22003
2026-02-20 16:00:00,0.70858,0.709085,0.7068749999999999,0.70804,10340
2026-02-20 17:00:00,0.708045,0.708215,0.70605,0.707645,8895
2026-02-20 18:00:00,0.707635,0.709465,0.70679,0.7087300000000001,9925
2026-02-20 19:00:00,0.708745,0.7089000000000001,0.707675,0.70791,4510
2026-02-20 20:00:00,0.7079150000000001,0.7084600000000001,0.70776,0.7083349999999999,2436
2026-02-20 21:00:00,0.708315,0.708735,0.708145,0.708495,1902
2026-02-22 22:00:00,0.7079249999999999,0.70877,0.70756,0.7081,919
2026-02-22 23:00:00,0.70811,0.7112050000000001,0.708045,0.711195,3806
2026-02-23 00:00:00,0.71118,0.71119,0.70864,0.70914,4381
2026-02-23 01:00:00,0.709155,0.709205,0.707625,0.708055,5137
2026-02-23 02:00:00,0.708045,0.70817,0.706975,0.707375,3644
2026-02-23 03:00:00,0.70738,0.7076,0.70675,0.707025,1670
2026-02-23 04:00:00,0.7070350000000001,0.70719,0.70672,0.70704,1497
2026-02-23 05:00:00,0.70703,0.7074400000000001,0.70663,0.7073499999999999,1350
2026-02-23 06:00:00,0.707335,0.7082550000000001,0.70706,0.708045,1163
2026-02-23 07:00:00,0.708035,0.7083649999999999,0.7074499999999999,0.70808,2204
2026-02-23 08:00:00,0.708085,0.70883,0.7073849999999999,0.708305,4044
2026-02-23 09:00:00,0.708295,0.709075,0.7082649999999999,0.708415,2539
2026-02-23 10:00:00,0.70841,0.70842,0.707445,0.70774,1764
2026-02-23 11:00:00,0.707715,0.70793,0.706925,0.70705,1964
2026-02-23 12:00:00,0.70703,0.707075,0.7055849999999999,0.706475,2790
2026-02-23 13:00:00,0.706485,0.70704,0.706225,0.706825,3306
2026-02-23 14:00:00,0.706835,0.708245,0.706815,0.7077500000000001,6661
2026-02-23 15:00:00,0.707755,0.708135,0.706,0.7060150000000001,7575
2026-02-23 16:00:00,0.706005,0.706725,0.7049650000000001,0.706045,6601
2026-02-23 17:00:00,0.7060599999999999,0.70638,0.704855,0.7058899999999999,3933
2026-02-23 18:00:00,0.7059,0.7067,0.70579,0.7059850000000001,2386
2026-02-23 19:00:00,0.705975,0.706145,0.7052849999999999,0.70553,1899
2026-02-23 20:00:00,0.705525,0.70579,0.70523,0.705665,1598
2026-02-23 21:00:00,0.705675,0.70601,0.705535,0.70555,697
2026-02-23 22:00:00,0.705555,0.7058500000000001,0.70512,0.705665,708
2026-02-23 23:00:00,0.70563,0.7062900000000001,0.705465,0.70599,924
2026-02-24 00:00:00,0.70598,0.70658,0.7057599999999999,0.706325,1783
2026-02-24 01:00:00,0.706315,0.7063349999999999,0.70483,0.70582,4438
2026-02-24 02:00:00,0.70581,0.7071000000000001,0.7056899999999999,0.7070350000000001,2419
2026-02-24 03:00:00,0.707065,0.707345,0.706305,0.706555,1611
2026-02-24 04:00:00,0.7065349999999999,0.706655,0.7058,0.70595,1051
2026-02-24 05:00:00,0.705945,0.7065699999999999,0.705685,0.70654,1356
2026-02-24 06:00:00,0.706545,0.70686,0.706325,0.70655,1364
2026-02-24 07:00:00,0.706545,0.70736,0.706035,0.706815,3617
2026-02-24 08:00:00,0.706835,0.70696,0.70599,0.706395,3596
2026-02-24 09:00:00,0.70639,0.707055,0.7062900000000001,0.70634,2457
2026-02-24 10:00:00,0.70633,0.70655,0.7054050000000001,0.7054549999999999,1344
2026-02-24 11:00:00,0.705465,0.705535,0.7044349999999999,0.704685,1625
2026-02-24 12:00:00,0.7046749999999999,0.70491,0.70373,0.7042349999999999,2711
2026-02-24 13:00:00,0.704245,0.704575,0.703225,0.70347,3466
2026-02-24 14:00:00,0.703485,0.704475,0.7026699999999999,0.70381,6237
2026-02-24 15:00:00,0.703805,0.705955,0.703465,0.705255,6835
2026-02-24 16:00:00,0.705265,0.70686,0.70521,0.706635,3566
2026-02-24 17:00:00,0.7066399999999999,0.707025,0.7062649999999999,0.706495,2015
2026-02-24 18:00:00,0.706485,0.706585,0.7060949999999999,0.706135,1672
2026-02-24 19:00:00,0.7061200000000001,0.706335,0.705775,0.7060200000000001,1517
2026-02-24 20:00:00,0.7060150000000001,0.70654,0.705755,0.7059850000000001,1333
2026-02-24 21:00:00,0.7059949999999999,0.7060150000000001,0.70572,0.705805,580
2026-02-24 22:00:00,0.7057899999999999,0.7062550000000001,0.70577,0.7061200000000001,460
2026-02-24 23:00:00,0.706105,0.70619,0.7058450000000001,0.7058500000000001,589
2026-02-25 00:00:00,0.7058599999999999,0.70826,0.705715,0.70768,2650
2026-02-25 01:00:00,0.70767,0.70852,0.707365,0.707835,3375
2026-02-25 02:00:00,0.70782,0.70953,0.70781,0.709495,3315
2026-02-25 03:00:00,0.709495,0.710565,0.708735,0.71008,3936
2026-02-25 04:00:00,0.7100599999999999,0.710955,0.70981,0.710665,1722
2026-02-25 05:00:00,0.710655,0.71113,0.710495,0.7110650000000001,1796
2026-02-25 06:00:00,0.711055,0.71153,0.710685,0.711355,2183
2026-02-25 07:00:00,0.7113400000000001,0.7116750000000001,0.71038,0.7103900000000001,2210
2026-02-25 08:00:00,0.710405,0.71082,0.7095400000000001,0.70963,3051
2026-02-25 09:00:00,0.709625,0.71024,0.7084550000000001,0.7086250000000001,3216
2026-02-25 10:00:00,0.7086300000000001,0.70907,0.708155,0.70828,2171
2026-02-25 11:00:00,0.708275,0.708285,0.707305,0.70804,1593
2026-02-25 12:00:00,0.7080150000000001,0.7092350000000001,0.70797,0.70921,2083
2026-02-25 13:00:00,0.7092050000000001,0.7097,0.708765,0.70897,2858
2026-02-25 14:00:00,0.70896,0.70994,0.708835,0.70929,4456
2026-02-25 15:00:00,0.70931,0.7109000000000001,0.70922,0.71089,5309
2026-02-25 16:00:00,0.7109000000000001,0.711635,0.7107749999999999,0.71147,2909
2026-02-25 17:00:00,0.711465,0.712445,0.71144,0.7118899999999999,2142
2026-02-25 18:00:00,0.7119249999999999,0.712045,0.71166,0.71193,1231
2026-02-25 19:00:00,0.71193,0.7124349999999999,0.7119,0.712215,973
2026-02-25 20:00:00,0.7122200000000001,0.712375,0.71182,0.71199,1365
2026-02-25 21:00:00,0.7119949999999999,0.71261,0.711965,0.71233,1066
2026-02-25 22:00:00,0.7123,0.7123,0.711775,0.71208,412
2026-02-25 23:00:00,0.712105,0.7123349999999999,0.711735,0.712005,1042
2026-02-26 00:00:00,0.7119949999999999,0.71287,0.71184,0.71285,1460
2026-02-26 01:00:00,0.7128399999999999,0.71366,0.71255,0.713145,3491
2026-02-26 02:00:00,0.71313,0.713295,0.7114149999999999,0.7123,2643
2026-02-26 03:00:00,0.712305,0.712845,0.712035,0.712325,1382
2026-02-26 04:00:00,0.7122999999999999,0.7128399999999999,0.71208,0.712575,1159
2026-02-26 05:00:00,0.71257,0.713525,0.712425,0.713375,1782
2026-02-26 06:00:00,0.71338,0.71357,0.7128099999999999,0.7129700000000001,2560
2026-02-26 07:00:00,0.7129749999999999,0.7131099999999999,0.712085,0.712275,2843
2026-02-26 08:00:00,0.71227,0.71234,0.710985,0.711265,3552
2026-02-26 09:00:00,0.711275,0.712255,0.71126,0.711855,1883
2026-02-26 10:00:00,0.7118500000000001,0.71193,0.7111350000000001,0.71138,1576
2026-02-26 11:00:00,0.7113750000000001,0.71196,0.7110650000000001,0.7110650000000001,1457
2026-02-26 12:00:00,0.7110799999999999,0.712135,0.71091,0.711965,1808
2026-02-26 13:00:00,0.711945,0.7124250000000001,0.711075,0.711105,3595
2026-02-26 14:00:00,0.711085,0.7111449999999999,0.71018,0.710445,7761
2026-02-26 15:00:00,0.71044,0.71068,0.7067049999999999,0.7099150000000001,13043
2026-02-26 16:00:00,0.7099249999999999,0.71004,0.70852,0.7091099999999999,6668
2026-02-26 17:00:00,0.70912,0.70923,0.707345,0.70774,4068
2026-02-26 18:00:00,0.707735,0.70998,0.707495,0.709715,4400
2026-02-26 19:00:00,0.70974,0.71104,0.709595,0.710855,2425
2026-02-26 20:00:00,0.71086,0.7112350000000001,0.7106950000000001,0.71112,1700
2026-02-26 21:00:00,0.711125,0.7112350000000001,0.7104900000000001,0.7104900000000001,817
2026-02-26 22:00:00,0.71047,0.71092,0.7100850000000001,0.71021,1515
2026-02-26 23:00:00,0.710205,0.710285,0.709715,0.7102550000000001,1123
2026-02-27 00:00:00,0.71025,0.71077,0.709615,0.70986,2613
2026-02-27 01:00:00,0.70985,0.7107600000000001,0.7097800000000001,0.71042,3980
2026-02-27 02:00:00,0.710445,0.71184,0.710315,0.7118,2670
2026-02-27 03:00:00,0.71178,0.71218,0.71159,0.7118450000000001,1655
2026-02-27 04:00:00,0.71183,0.71255,0.711705,0.71249,1450
2026-02-27 05:00:00,0.71248,0.71322,0.71231,0.7126049999999999,1988
2026-02-27 06:00:00,0.7126,0.71285,0.711955,0.7125349999999999,2633
2026-02-27 07:00:00,0.71254,0.712715,0.711985,0.712345,2514
2026-02-27 08:00:00,0.712345,0.712835,0.71132,0.711355,3298
2026-02-27 09:00:00,0.71135,0.71191,0.7112350000000001,0.711395,2704
2026-02-27 10:00:00,0.7113849999999999,0.71149,0.710215,0.710955,2534
2026-02-27 11:00:00,0.71095,0.711185,0.7103550000000001,0.71075,2242
2026-02-27 12:00:00,0.71077,0.711465,0.710305,0.710475,2957
2026-02-27 13:00:00,0.710465,0.7108049999999999,0.70865,0.709795,7434
2026-02-27 14:00:00,0.709805,0.7115849999999999,0.7095549999999999,0.7105349999999999,8682
2026-02-27 15:00:00,0.71054,0.71321,0.71047,0.712615,9731
2026-02-27 16:00:00,0.712625,0.7130799999999999,0.711785,0.7120500000000001,6007
2026-02-27 17:00:00,0.712055,0.712755,0.711255,0.711565,4383
2026-02-27 18:00:00,0.71157,0.711805,0.71119,0.7117549999999999,3267
2026-02-27 19:00:00,0.71173,0.7120500000000001,0.711105,0.711425,2314
2026-02-27 20:00:00,0.711445,0.71221,0.71144,0.7117199999999999,2350
2026-02-27 21:00:00,0.7117249999999999,0.711775,0.711225,0.711695,2622
2026-03-01 22:00:00,0.7038949999999999,0.70642,0.7036549999999999,0.70526,1204
2026-03-01 23:00:00,0.705295,0.70863,0.704945,0.7056100000000001,7582
2026-03-02 00:00:00,0.7056,0.7085,0.70522,0.70844,6838
2026-03-02 01:00:00,0.7084250000000001,0.71092,0.708385,0.71066,10285
2026-03-02 02:00:00,0.710665,0.710845,0.70939,0.71065,5620
2026-03-02 03:00:00,0.710655,0.711685,0.71045,0.7109749999999999,3959
2026-03-02 04:00:00,0.71097,0.71126,0.70933,0.709465,3764
2026-03-02 05:00:00,0.70946,0.7095,0.707705,0.7077549999999999,3562
2026-03-02 06:00:00,0.707765,0.7081649999999999,0.706315,0.706685,6160
2026-03-02 07:00:00,0.70668,0.707015,0.70485,0.70581,7006
2026-03-02 08:00:00,0.705805,0.706995,0.7044950000000001,0.706715,8940
2026-03-02 09:00:00,0.7067,0.7091700000000001,0.70648,0.707865,5696
2026-03-02 10:00:00,0.707865,0.709775,0.707855,0.708905,5183
2026-03-02 11:00:00,0.708925,0.709125,0.707855,0.70838,4632
2026-03-02 12:00:00,0.7083999999999999,0.70848,0.705635,0.7058800000000001,5816
2026-03-02 13:00:00,0.705875,0.707375,0.705525,0.705765,7757
2026-03-02 14:00:00,0.7057450000000001,0.7083649999999999,0.7051799999999999,0.7076899999999999,12112
2026-03-02 15:00:00,0.7077,0.708755,0.7057249999999999,0.7058500000000001,13247
2026-03-02 16:00:00,0.70584,0.707105,0.705325,0.70662,8482
2026-03-02 17:00:00,0.70661,0.708375,0.7063349999999999,0.7083250000000001,4478
2026-03-02 18:00:00,0.7083349999999999,0.7083999999999999,0.707635,0.708205,2853
2026-03-02 19:00:00,0.7081949999999999,0.7106,0.7081649999999999,0.7103900000000001,2868
2026-03-02 20:00:00,0.710375,0.710395,0.7072,0.70865,9410
2026-03-02 21:00:00,0.7086250000000001,0.709525,0.70862,0.709275,1850
2026-03-02 22:00:00,0.70928,0.7103649999999999,0.709055,0.7099850000000001,1178
2026-03-02 23:00:00,0.709985,0.710845,0.7098549999999999,0.71025,1646
2026-03-03 00:00:00,0.71027,0.710415,0.7095400000000001,0.7100599999999999,2981
2026-03-03 01:00:00,0.710055,0.7122850000000001,0.709905,0.710055,6797
2026-03-03 02:00:00,0.7100299999999999,0.7109650000000001,0.70873,0.71043,8129
2026-03-03 03:00:00,0.7104699999999999,0.711445,0.70981,0.710895,4643
2026-03-03 04:00:00,0.7109000000000001,0.711425,0.7102550000000001,0.710405,3509
2026-03-03 05:00:00,0.71042,0.71098,0.7084999999999999,0.708825,6598
2026-03-03 06:00:00,0.708835,0.7092400000000001,0.707965,0.7091449999999999,6304
2026-03-03 07:00:00,0.70916,0.7097450000000001,0.707625,0.70779,6779
2026-03-03 08:00:00,0.707785,0.70817,0.7051099999999999,0.70535,10072
2026-03-03 09:00:00,0.705355,0.706635,0.7039150000000001,0.7040150000000001,9808
2026-03-03 10:00:00,0.704035,0.704655,0.701515,0.7023550000000001,9573
2026-03-03 11:00:00,0.702345,0.702875,0.7008099999999999,0.7026300000000001,12115
2026-03-03 12:00:00,0.702625,0.704585,0.702075,0.703105,10727
2026-03-03 13:00:00,0.703115,0.70322,0.70009,0.70116,10160
2026-03-03 14:00:00,0.701155,0.701615,0.697345,0.69756,15463
2026-03-03 15:00:00,0.69755,0.6997,0.694435,0.69953,24298
2026-03-03 16:00:00,0.699535,0.70289,0.699155,0.70248,19374
2026-03-03 17:00:00,0.7024900000000001,0.702905,0.7011050000000001,0.70212,13081
2026-03-03 18:00:00,0.702145,0.7050000000000001,0.702055,0.70438,8792
2026-03-03 19:00:00,0.7043649999999999,0.70575,0.7029650000000001,0.7042649999999999,12909
2026-03-03 20:00:00,0.70428,0.705295,0.7037150000000001,0.70435,8148
2026-03-03 21:00:00,0.704345,0.70448,0.70339,0.70356,1983
2026-03-03 22:00:00,0.703565,0.7040500000000001,0.702885,0.7038249999999999,623
2026-03-03 23:00:00,0.7038249999999999,0.70457,0.70339,0.703885,2537
2026-03-04 00:00:00,0.703905,0.7039599999999999,0.700365,0.701165,7396
2026-03-04 01:00:00,0.70121,0.70181,0.69861,0.700565,13047
2026-03-04 02:00:00,0.700575,0.702225,0.70033,0.701025,9165
2026-03-04 03:00:00,0.70103,0.701255,0.69918,0.700755,7421
2026-03-04 04:00:00,0.7007650000000001,0.70144,0.698475,0.699325,6791
2026-03-04 05:00:00,0.69934,0.7006950000000001,0.69924,0.700045,7920
2026-03-04 06:00:00,0.700035,0.702445,0.69919,0.702045,6039
2026-03-04 07:00:00,0.7020500000000001,0.704395,0.701955,0.70303,6611
2026-03-04 08:00:00,0.70303,0.7034400000000001,0.701565,0.702035,9923
2026-03-04 09:00:00,0.70201,0.704485,0.701225,0.703865,7847
2026-03-04 10:00:00,0.70386,0.707345,0.703845,0.70463,11695
2026-03-04 11:00:00,0.704615,0.7059599999999999,0.7044699999999999,0.704995,6840
2026-03-04 12:00:00,0.704985,0.706485,0.7037599999999999,0.7042550000000001,8453
2026-03-04 13:00:00,0.7042649999999999,0.70612,0.70424,0.70546,11431
2026-03-04 14:00:00,0.705435,0.70586,0.70332,0.704635,13933
2026-03-04 15:00:00,0.70471,0.707225,0.704255,0.70712,13678
2026-03-04 16:00:00,0.707145,0.7075750000000001,0.706135,0.707075,7843
2026-03-04 17:00:00,0.7070700000000001,0.707715,0.70616,0.70709,5665
2026-03-04 18:00:00,0.707095,0.7074,0.7061,0.70701,3867
2026-03-04 19:00:00,0.707015,0.708315,0.707015,0.7082649999999999,2831
2026-03-04 20:00:00,0.70826,0.70834,0.70749,0.707785,3061
2026-03-04 21:00:00,0.70779,0.7081200000000001,0.70747,0.707525,1511
2026-03-04 22:00:00,0.70751,0.707945,0.7073849999999999,0.7074,578
2026-03-04 23:00:00,0.707415,0.707935,0.707415,0.70757,1370
2026-03-05 00:00:00,0.70756,0.70861,0.70729,0.70844,2536
2026-03-05 01:00:00,0.708445,0.7089399999999999,0.706305,0.706495,8134
2026-03-05 02:00:00,0.7064999999999999,0.707345,0.7059949999999999,0.707085,6222
2026-03-05 03:00:00,0.707095,0.70746,0.70495,0.705255,5292
2026-03-05 04:00:00,0.70524,0.7056549999999999,0.704755,0.705325,3352
2026-03-05 05:00:00,0.70532,0.705605,0.703905,0.703945,4367
2026-03-05 06:00:00,0.7039500000000001,0.705145,0.702815,0.70471,7573
2026-03-05 07:00:00,0.70472,0.70516,0.703075,0.703495,6006
2026-03-05 08:00:00,0.7035,0.703565,0.701125,0.703075,8323
2026-03-05 09:00:00,0.703075,0.707095,0.70287,0.704485,13863
2026-03-05 10:00:00,0.70448,0.70499,0.70401,0.70464,6201
2026-03-05 11:00:00,0.70465,0.705835,0.704315,0.7049350000000001,4701
2026-03-05 12:00:00,0.7049449999999999,0.705765,0.704225,0.70506,5497
2026-03-05 13:00:00,0.7050449999999999,0.705195,0.702405,0.702955,8964
2026-03-05 14:00:00,0.70295,0.7038899999999999,0.701635,0.703705,12197
2026-03-05 15:00:00,0.703715,0.7044900000000001,0.70031,0.7013100000000001,14415
2026-03-05 16:00:00,0.7013149999999999,0.7013400000000001,0.6984049999999999,0.700365,12991
2026-03-05 17:00:00,0.7004,0.70107,0.69782,0.698415,11894
2026-03-05 18:00:00,0.6983999999999999,0.6993,0.697605,0.698805,10503
2026-03-05 19:00:00,0.69879,0.699095,0.69737,0.6981850000000001,7536
2026-03-05 20:00:00,0.698195,0.70148,0.69778,0.7011000000000001,10530
2026-03-05 21:00:00,0.70111,0.70123,0.7006600000000001,0.7008099999999999,1754
2026-03-05 22:00:00,0.7008749999999999,0.701175,0.70056,0.7006749999999999,292
2026-03-05 23:00:00,0.70068,0.70136,0.700655,0.700925,1752
2026-03-06 00:00:00,0.7009350000000001,0.702365,0.7008650000000001,0.702105,2435
2026-03-06 01:00:00,0.70208,0.703425,0.70189,0.7031449999999999,6141
2026-03-06 02:00:00,0.703165,0.70394,0.7031499999999999,0.703585,3728
2026-03-06 03:00:00,0.7035750000000001,0.70409,0.703535,0.703935,2796
2026-03-06 04:00:00,0.70393,0.704025,0.70282,0.7029,2023
2026-03-06 05:00:00,0.70291,0.703765,0.70274,0.70288,3308
2026-03-06 06:00:00,0.702885,0.70415,0.702855,0.703865,3512
2026-03-06 07:00:00,0.703875,0.704755,0.70354,0.704385,3077
2026-03-06 08:00:00,0.70439,0.70462,0.703075,0.703875,5379
2026-03-06 09:00:00,0.70388,0.7038949999999999,0.69973,0.69995,7906
2026-03-06 10:00:00,0.699945,0.701265,0.699855,0.701005,5649
2026-03-06 11:00:00,0.70101,0.70165,0.6990350000000001,0.699335,6812
2026-03-06 12:00:00,0.6993499999999999,0.701005,0.69879,0.7000599999999999,7063
2026-03-06 13:00:00,0.7000500000000001,0.7028000000000001,0.698145,0.698385,16384
2026-03-06 14:00:00,0.69841,0.69963,0.6976899999999999,0.69902,20350
2026-03-06 15:00:00,0.6990149999999999,0.7021649999999999,0.69901,0.7004250000000001,20582
2026-03-06 16:00:00,0.70045,0.70296,0.700345,0.7022,14077
2026-03-06 17:00:00,0.70217,0.70265,0.700925,0.70102,10241
2026-03-06 18:00:00,0.7010099999999999,0.7031000000000001,0.7009449999999999,0.701955,9714
2026-03-06 19:00:00,0.70197,0.702855,0.701605,0.7025399999999999,6122
2026-03-06 20:00:00,0.70255,0.70299,0.701365,0.702215,7274
2026-03-06 21:00:00,0.70222,0.70309,0.70206,0.7030350000000001,4020
2026-03-08 22:00:00,0.698655,0.699215,0.697685,0.698045,10333
2026-03-08 23:00:00,0.698055,0.6985349999999999,0.696365,0.69689,5359
2026-03-09 00:00:00,0.6968799999999999,0.69761,0.6956450000000001,0.6963699999999999,7516
2026-03-09 01:00:00,0.6963600000000001,0.697665,0.695635,0.6966749999999999,11240
2026-03-09 02:00:00,0.6967099999999999,0.69971,0.6967099999999999,0.6996,10536
2026-03-09 03:00:00,0.699595,0.6999949999999999,0.6982550000000001,0.6991400000000001,7113
2026-03-09 04:00:00,0.699145,0.69997,0.69888,0.699245,4303
2026-03-09 05:00:00,0.6992499999999999,0.702225,0.698715,0.7013149999999999,10961
2026-03-09 06:00:00,0.701325,0.7015750000000001,0.699775,0.69983,8087
2026-03-09 07:00:00,0.6998150000000001,0.70131,0.6993849999999999,0.700975,8969
2026-03-09 08:00:00,0.700995,0.701245,0.6981649999999999,0.6992799999999999,12821
2026-03-09 09:00:00,0.6992750000000001,0.703365,0.698825,0.7015549999999999,13186
2026-03-09 10:00:00,0.7015450000000001,0.702205,0.70073,0.70159,11651
2026-03-09 11:00:00,0.701595,0.702575,0.701155,0.70138,8370
2026-03-09 12:00:00,0.70139,0.70221,0.7006950000000001,0.7011000000000001,7906
2026-03-09 13:00:00,0.7011149999999999,0.703495,0.7011149999999999,0.70265,15287
2026-03-09 14:00:00,0.702625,0.704375,0.7012849999999999,0.70345,20690
2026-03-09 15:00:00,0.70347,0.7049449999999999,0.703415,0.704445,10294
2026-03-09 16:00:00,0.70445,0.7057450000000001,0.704205,0.705085,7018
2026-03-09 17:00:00,0.705095,0.7051149999999999,0.703365,0.703425,5829
2026-03-09 18:00:00,0.70341,0.7045399999999999,0.703355,0.704205,4909
2026-03-09 19:00:00,0.704215,0.70786,0.7040599999999999,0.70694,15061
2026-03-09 20:00:00,0.706935,0.7078949999999999,0.70634,0.7075849999999999,3934
2026-03-09 21:00:00,0.70759,0.70794,0.70721,0.707875,348
2026-03-09 22:00:00,0.7079,0.708245,0.706895,0.70735,3079
2026-03-09 23:00:00,0.707375,0.7080599999999999,0.706515,0.7067950000000001,2911
2026-03-10 00:00:00,0.706785,0.707685,0.706125,0.706985,6543
2026-03-10 01:00:00,0.7069449999999999,0.70765,0.70593,0.7071400000000001,8220
2026-03-10 02:00:00,0.707145,0.707605,0.7055750000000001,0.70581,5259
2026-03-10 03:00:00,0.7058249999999999,0.706415,0.705345,0.705905,5827
2026-03-10 04:00:00,0.7059,0.706315,0.70558,0.70614,3689
2026-03-10 05:00:00,0.706135,0.70766,0.7059200000000001,0.7076450000000001,4154
2026-03-10 06:00:00,0.707665,0.70986,0.70748,0.70933,4420
2026-03-10 07:00:00,0.709325,0.711955,0.70904,0.711325,6556
2026-03-10 08:00:00,0.7113050000000001,0.711625,0.7093700000000001,0.709565,7250
2026-03-10 09:00:00,0.70956,0.7118150000000001,0.709455,0.7112499999999999,5352
2026-03-10 10:00:00,0.711255,0.7119850000000001,0.7098899999999999,0.7110700000000001,6834
2026-03-10 11:00:00,0.71106,0.7125,0.71074,0.712025,7587
2026-03-10 12:00:00,0.7120299999999999,0.71211,0.710465,0.711515,9628
2026-03-10 13:00:00,0.711515,0.712655,0.7109,0.71143,12523
2026-03-10 14:00:00,0.7114400000000001,0.714735,0.71082,0.71461,11877
2026-03-10 15:00:00,0.7146049999999999,0.71542,0.714085,0.7149449999999999,8864
2026-03-10 16:00:00,0.71492,0.71526,0.71376,0.714995,6248
2026-03-10 17:00:00,0.7149749999999999,0.716845,0.71479,0.715595,8469
2026-03-10 18:00:00,0.7156199999999999,0.715685,0.7123200000000001,0.713285,16268
2026-03-10 19:00:00,0.713295,0.713585,0.711535,0.71195,10496
2026-03-10 20:00:00,0.711965,0.712305,0.7115,0.7119800000000001,1973
2026-03-10 21:00:00,0.711975,0.71237,0.71174,0.71178,413
2026-03-10 22:00:00,0.711745,0.711875,0.7112700000000001,0.711585,1114
2026-03-10 23:00:00,0.711595,0.712125,0.71148,0.71194,1327
2026-03-11 00:00:00,0.71193,0.713695,0.71166,0.713005,4495
2026-03-11 01:00:00,0.7130099999999999,0.7150449999999999,0.712725,0.7149749999999999,4806
2026-03-11 02:00:00,0.71498,0.71747,0.714345,0.7163999999999999,3431
2026-03-11 03:00:00,0.716395,0.7175,0.7160850000000001,0.717395,2767
2026-03-11 04:00:00,0.7173849999999999,0.71856,0.717095,0.71819,2368
2026-03-11 05:00:00,0.7182,0.718325,0.71663,0.7173849999999999,3337
2026-03-11 06:00:00,0.7173799999999999,0.718045,0.716885,0.71732,3960
2026-03-11 07:00:00,0.717305,0.71812,0.715545,0.716385,6560
2026-03-11 08:00:00,0.7163649999999999,0.717445,0.7152499999999999,0.71614,7970
2026-03-11 09:00:00,0.716135,0.716305,0.714385,0.714675,6849
2026-03-11 10:00:00,0.7146600000000001,0.7164699999999999,0.714655,0.716245,4853
2026-03-11 11:00:00,0.716235,0.71719,0.71575,0.715805,5080
2026-03-11 12:00:00,0.715785,0.716835,0.714315,0.71465,8781
2026-03-11 13:00:00,0.714645,0.7168749999999999,0.71458,0.7167749999999999,10069
2026-03-11 14:00:00,0.716755,0.718745,0.7164349999999999,0.71789,16162
2026-03-11 15:00:00,0.717885,0.7181850000000001,0.7149300000000001,0.7149449999999999,9513
2026-03-11 16:00:00,0.7149399999999999,0.715945,0.71452,0.71531,6208
2026-03-11 17:00:00,0.7153149999999999,0.71567,0.713785,0.7144999999999999,6601
2026-03-11 18:00:00,0.7144900000000001,0.7153700000000001,0.7136800000000001,0.71495,4987
2026-03-11 19:00:00,0.7149650000000001,0.7156450000000001,0.7144250000000001,0.71563,2439
2026-03-11 20:00:00,0.715625,0.7156750000000001,0.71503,0.715195,1088
2026-03-11 21:00:00,0.715195,0.7156,0.71481,0.715355,697
2026-03-11 22:00:00,0.715345,0.7154050000000001,0.713355,0.713525,3026
2026-03-11 23:00:00,0.71353,0.71364,0.712535,0.712915,3588
2026-03-12 00:00:00,0.71292,0.7146399999999999,0.712375,0.714545,4886
2026-03-12 01:00:00,0.71454,0.71609,0.7139949999999999,0.71506,4435
2026-03-12 02:00:00,0.715075,0.715605,0.712985,0.71349,3915
2026-03-12 03:00:00,0.7134849999999999,0.7137549999999999,0.712825,0.7136750000000001,2883
2026-03-12 04:00:00,0.713665,0.71374,0.7123200000000001,0.71238,1867
2026-03-12 05:00:00,0.71239,0.713445,0.71201,0.712295,4524
2026-03-12 06:00:00,0.7122900000000001,0.71296,0.7111350000000001,0.7125049999999999,4037
2026-03-12 07:00:00,0.71251,0.71365,0.71207,0.713465,3273
2026-03-12 08:00:00,0.7134849999999999,0.71454,0.71305,0.71346,4764
2026-03-12 09:00:00,0.71348,0.713955,0.712345,0.71373,3863
2026-03-12 10:00:00,0.71372,0.713855,0.7128049999999999,0.713425,3382
2026-03-12 11:00:00,0.713415,0.714825,0.7132350000000001,0.71367,3285
2026-03-12 12:00:00,0.713695,0.7137450000000001,0.712405,0.7130799999999999,5066
2026-03-12 13:00:00,0.713085,0.713535,0.7094849999999999,0.709685,12136
2026-03-12 14:00:00,0.7096899999999999,0.710685,0.7081599999999999,0.7090350000000001,12895
2026-03-12 15:00:00,0.70903,0.70969,0.70723,0.70885,14459
2026-03-12 16:00:00,0.708845,0.710045,0.7075849999999999,0.7087650000000001,11287
2026-03-12 17:00:00,0.7087600000000001,0.709695,0.708145,0.70844,7468
2026-03-12 18:00:00,0.7084550000000001,0.70886,0.707685,0.7080500000000001,4976
2026-03-12 19:00:00,0.70805,0.708445,0.7077450000000001,0.707765,4280
2026-03-12 20:00:00,0.7077800000000001,0.70801,0.70757,0.7076899999999999,1399
2026-03-12 21:00:00,0.70775,0.7078800000000001,0.707295,0.707315,465
2026-03-12 22:00:00,0.70731,0.707985,0.7071700000000001,0.7079150000000001,1455
2026-03-12 23:00:00,0.707925,0.70809,0.70735,0.707615,1689
2026-03-13 00:00:00,0.7075899999999999,0.70869,0.707155,0.708445,3641
2026-03-13 01:00:00,0.7084349999999999,0.7092350000000001,0.70791,0.7081850000000001,3509
2026-03-13 02:00:00,0.70819,0.708915,0.707195,0.707735,3229
2026-03-13 03:00:00,0.70773,0.70794,0.7060850000000001,0.707105,2947
2026-03-13 04:00:00,0.7070700000000001,0.70715,0.70592,0.706275,2289
2026-03-13 05:00:00,0.7062900000000001,0.706715,0.7058949999999999,0.706275,2902
2026-03-13 06:00:00,0.706285,0.706475,0.7037249999999999,0.703805,4237
2026-03-13 07:00:00,0.703785,0.7040200000000001,0.70212,0.702635,5680
2026-03-13 08:00:00,0.70262,0.7038800000000001,0.7015899999999999,0.7037450000000001,7310
2026-03-13 09:00:00,0.70375,0.7048449999999999,0.703465,0.7035750000000001,6194
2026-03-13 10:00:00,0.703565,0.704855,0.703505,0.7039,5476
2026-03-13 11:00:00,0.7038899999999999,0.70499,0.7032,0.70495,6388
2026-03-13 12:00:00,0.70497,0.70628,0.70436,0.705625,8920
2026-03-13 13:00:00,0.7056199999999999,0.705795,0.7038249999999999,0.7049300000000001,10974
2026-03-13 14:00:00,0.70494,0.7053050000000001,0.7020649999999999,0.7024250000000001,13409
2026-03-13 15:00:00,0.70241,0.7029,0.70023,0.70023,11647
2026-03-13 16:00:00,0.7002200000000001,0.7012849999999999,0.69995,0.700585,11361
2026-03-13 17:00:00,0.700595,0.7013849999999999,0.700175,0.700345,6841
2026-03-13 18:00:00,0.7003550000000001,0.700885,0.699785,0.7004,4446
2026-03-13 19:00:00,0.7004049999999999,0.700445,0.6990350000000001,0.699085,3267
2026-03-13 20:00:00,0.69909,0.699165,0.6979949999999999,0.698095,2049
2026-03-15 22:00:00,0.69967,0.699845,0.6986,0.69958,3421
2026-03-15 23:00:00,0.6995899999999999,0.70067,0.699265,0.700495,3809
2026-03-16 00:00:00,0.7004900000000001,0.70187,0.700455,0.70157,4420
2026-03-16 01:00:00,0.7015750000000001,0.701905,0.6996800000000001,0.7012700000000001,5254
2026-03-16 02:00:00,0.701265,0.70138,0.700715,0.70073,3556
2026-03-16 03:00:00,0.700735,0.70145,0.7005,0.701065,2326
2026-03-16 04:00:00,0.70106,0.701245,0.700395,0.70042,1386
2026-03-16 05:00:00,0.70043,0.701845,0.70043,0.7014549999999999,2539
2026-03-16 06:00:00,0.701445,0.70213,0.70114,0.7018,2876
2026-03-16 07:00:00,0.701795,0.702205,0.700585,0.70129,3812
2026-03-16 08:00:00,0.7013050000000001,0.70225,0.7007099999999999,0.7021999999999999,5791
2026-03-16 09:00:00,0.702175,0.7027749999999999,0.7016249999999999,0.702465,4087
2026-03-16 10:00:00,0.702475,0.705065,0.70228,0.7050099999999999,4025
2026-03-16 11:00:00,0.704995,0.70543,0.7047049999999999,0.705025,3600
2026-03-16 12:00:00,0.7050449999999999,0.70586,0.70499,0.7050449999999999,4654
2026-03-16 13:00:00,0.705055,0.70732,0.7050449999999999,0.70722,6212
2026-03-16 14:00:00,0.707205,0.707595,0.705365,0.706285,7046
2026-03-16 15:00:00,0.7062900000000001,0.70651,0.7050000000000001,0.705505,5792
2026-03-16 16:00:00,0.70548,0.7060500000000001,0.704475,0.705375,5834
2026-03-16 17:00:00,0.7054,0.706365,0.70524,0.7055199999999999,4695
2026-03-16 18:00:00,0.705515,0.707905,0.705515,0.707515,3671
2026-03-16 19:00:00,0.7075199999999999,0.7082649999999999,0.706885,0.707325,3869
2026-03-16 20:00:00,0.707335,0.7074499999999999,0.70688,0.70715,985
2026-03-16 21:00:00,0.70715,0.707495,0.70671,0.70713,332
2026-03-16 22:00:00,0.707165,0.70723,0.70646,0.70652,990
2026-03-16 23:00:00,0.706515,0.7069300000000001,0.7062550000000001,0.7067049999999999,801
2026-03-17 00:00:00,0.706715,0.706745,0.70595,0.706215,2315
2026-03-17 01:00:00,0.706205,0.7081299999999999,0.7061,0.708125,3574
2026-03-17 02:00:00,0.708115,0.7086,0.7075750000000001,0.70758,2007
2026-03-17 03:00:00,0.7075750000000001,0.70948,0.704925,0.70663,5241
2026-03-17 04:00:00,0.706615,0.708,0.706025,0.70729,2728
2026-03-17 05:00:00,0.7072849999999999,0.70896,0.7066950000000001,0.70672,3498
2026-03-17 06:00:00,0.706715,0.707205,0.7055549999999999,0.707155,5274
2026-03-17 07:00:00,0.707125,0.70739,0.70635,0.706715,3549
2026-03-17 08:00:00,0.7067,0.708375,0.706075,0.7083200000000001,5660
2026-03-17 09:00:00,0.70831,0.709075,0.707935,0.70894,3959
2026-03-17 10:00:00,0.7089350000000001,0.7090650000000001,0.707965,0.70851,3766
2026-03-17 11:00:00,0.708495,0.70903,0.70793,0.70796,3233
2026-03-17 12:00:00,0.70793,0.7097800000000001,0.707705,0.70976,4123
2026-03-17 13:00:00,0.709765,0.71184,0.7096899999999999,0.71111,7397
2026-03-17 14:00:00,0.71109,0.7115750000000001,0.709945,0.710245,6724
2026-03-17 15:00:00,0.710235,0.71044,0.7084999999999999,0.709965,7481
2026-03-17 16:00:00,0.709955,0.71068,0.70934,0.71025,6688
2026-03-17 17:00:00,0.71024,0.711315,0.7101900000000001,0.7112050000000001,3450
2026-03-17 18:00:00,0.7112149999999999,0.711545,0.7103550000000001,0.7104699999999999,2555
2026-03-17 19:00:00,0.710475,0.7106,0.710145,0.710445,1658
2026-03-17 20:00:00,0.71046,0.710755,0.71039,0.7104999999999999,775
2026-03-17 21:00:00,0.71049,0.71071,0.70996,0.7101649999999999,591
2026-03-17 22:00:00,0.7101850000000001,0.710905,0.7101850000000001,0.710755,1404
2026-03-17 23:00:00,0.710765,0.7109650000000001,0.71048,0.71087,1305
2026-03-18 00:00:00,0.7108749999999999,0.711415,0.71037,0.710685,3484
2026-03-18 01:00:00,0.71071,0.7118450000000001,0.71071,0.711295,2745
2026-03-18 02:00:00,0.7113,0.7114050000000001,0.710005,0.71016,1984
2026-03-18 03:00:00,0.710155,0.71122,0.709975,0.711175,1471
2026-03-18 04:00:00,0.7111799999999999,0.711795,0.71082,0.711465,1543
2026-03-18 05:00:00,0.71147,0.711945,0.71122,0.71181,1852
2026-03-18 06:00:00,0.711835,0.71234,0.71151,0.711865,2258
2026-03-18 07:00:00,0.711875,0.712105,0.7109650000000001,0.711265,1987
2026-03-18 08:00:00,0.711255,0.711325,0.710065,0.710825,3155
2026-03-18 09:00:00,0.710815,0.71135,0.710285,0.7112499999999999,2690
2026-03-18 10:00:00,0.7112700000000001,0.71129,0.710315,0.71037,1863
2026-03-18 11:00:00,0.71036,0.711015,0.7091350000000001,0.71,4825
2026-03-18 12:00:00,0.710005,0.71007,0.70577,0.7057800000000001,10512
2026-03-18 13:00:00,0.7057899999999999,0.70669,0.70456,0.706635,12501
2026-03-18 14:00:00,0.706645,0.7077450000000001,0.70584,0.707695,9897
2026-03-18 15:00:00,0.707715,0.70889,0.707435,0.70766,7155
2026-03-18 16:00:00,0.707675,0.708495,0.707455,0.70807,4907
2026-03-18 17:00:00,0.708045,0.7083250000000001,0.70733,0.708165,3602
2026-03-18 18:00:00,0.70817,0.70909,0.70506,0.70516,10572
2026-03-18 19:00:00,0.705155,0.70558,0.7034199999999999,0.7035899999999999,6435
2026-03-18 20:00:00,0.70358,0.703775,0.70182,0.702455,2287
2026-03-18 21:00:00,0.702385,0.70383,0.702325,0.70358,542
2026-03-18 22:00:00,0.703505,0.70357,0.702125,0.7024,1889
2026-03-18 23:00:00,0.702395,0.70303,0.7022,0.70295,2190
2026-03-19 00:00:00,0.7029350000000001,0.70446,0.7027,0.70446,5409
2026-03-19 01:00:00,0.70447,0.70475,0.7037500000000001,0.704245,4778
2026-03-19 02:00:00,0.70425,0.70557,0.70339,0.704545,5100
2026-03-19 03:00:00,0.704555,0.7053499999999999,0.704445,0.70465,1959
2026-03-19 04:00:00,0.704645,0.7046699999999999,0.7036800000000001,0.70377,1961
2026-03-19 05:00:00,0.7037800000000001,0.7042999999999999,0.70313,0.70334,2563
2026-03-19 06:00:00,0.70336,0.7043550000000001,0.7031050000000001,0.70385,4224
2026-03-19 07:00:00,0.703835,0.70451,0.70233,0.702635,6335
2026-03-19 08:00:00,0.70263,0.704135,0.70233,0.7037,8618
2026-03-19 09:00:00,0.703705,0.706345,0.703705,0.70581,12710
2026-03-19 10:00:00,0.7057800000000001,0.7057800000000001,0.704825,0.70509,6806
2026-03-19 11:00:00,0.705095,0.7054199999999999,0.7034,0.70428,5034
2026-03-19 12:00:00,0.7042649999999999,0.704295,0.70108,0.7019,11608
2026-03-19 13:00:00,0.701895,0.70428,0.69997,0.703955,20241
2026-03-19 14:00:00,0.703945,0.70567,0.702995,0.704565,19747
2026-03-19 15:00:00,0.7045399999999999,0.70607,0.7027,0.703545,14573
2026-03-19 16:00:00,0.703525,0.7054750000000001,0.7033750000000001,0.70471,13226
2026-03-19 17:00:00,0.704725,0.706045,0.703785,0.7055750000000001,7140
2026-03-19 18:00:00,0.705565,0.707505,0.70507,0.707505,5313
2026-03-19 19:00:00,0.7075400000000001,0.710895,0.7075400000000001,0.70848,17340
2026-03-19 20:00:00,0.708485,0.708865,0.708215,0.70871,1988
2026-03-19 21:00:00,0.70872,0.70915,0.708405,0.7088749999999999,427
2026-03-19 22:00:00,0.7088399999999999,0.709245,0.708195,0.708255,1762
2026-03-19 23:00:00,0.708255,0.70894,0.7078249999999999,0.7080200000000001,1903
2026-03-20 00:00:00,0.7080150000000001,0.70839,0.707335,0.70825,3108
2026-03-20 01:00:00,0.708245,0.7092350000000001,0.708045,0.70842,5068
2026-03-20 02:00:00,0.70843,0.70899,0.7081,0.7088399999999999,2706
2026-03-20 03:00:00,0.708835,0.7088749999999999,0.70792,0.70823,2273
2026-03-20 04:00:00,0.708235,0.7089799999999999,0.7079,0.7087749999999999,1442
2026-03-20 05:00:00,0.70878,0.7095549999999999,0.708385,0.708395,2575
2026-03-20 06:00:00,0.7083999999999999,0.7091700000000001,0.7077899999999999,0.70797,2583
2026-03-20 07:00:00,0.707965,0.709715,0.70749,0.7091000000000001,4125
2026-03-20 08:00:00,0.70911,0.709465,0.70836,0.708645,4919
2026-03-20 09:00:00,0.7086600000000001,0.708735,0.7063,0.7065,6239
2026-03-20 10:00:00,0.7065049999999999,0.7066950000000001,0.705255,0.706545,6965
2026-03-20 11:00:00,0.7065349999999999,0.7083649999999999,0.7063649999999999,0.707955,5323
2026-03-20 12:00:00,0.70797,0.708715,0.707175,0.7074400000000001,7521
2026-03-20 13:00:00,0.707445,0.707565,0.70422,0.704295,11396
2026-03-20 14:00:00,0.7042900000000001,0.704815,0.702625,0.70349,13440
2026-03-20 15:00:00,0.703495,0.70532,0.703055,0.70322,11672
2026-03-20 16:00:00,0.70321,0.7048650000000001,0.70312,0.70387,8154
2026-03-20 17:00:00,0.703885,0.7043900000000001,0.703025,0.703435,8461
2026-03-20 18:00:00,0.703445,0.703635,0.7009099999999999,0.7010350000000001,9012
2026-03-20 19:00:00,0.701025,0.702175,0.7005250000000001,0.7017100000000001,7056
2026-03-20 20:00:00,0.701715,0.70253,0.70147,0.7021850000000001,3635
2026-03-22 22:00:00,0.69967,0.701255,0.69959,0.7007049999999999,3419
2026-03-22 23:00:00,0.7007049999999999,0.70136,0.70061,0.7010149999999999,3512
2026-03-23 00:00:00,0.701025,0.7015450000000001,0.6988000000000001,0.69946,8418
2026-03-23 01:00:00,0.699445,0.70093,0.69876,0.69947,11096
2026-03-23 02:00:00,0.69948,0.70007,0.697605,0.698135,6604
2026-03-23 03:00:00,0.69815,0.6986749999999999,0.6977150000000001,0.6981299999999999,4646
2026-03-23 04:00:00,0.698135,0.6985399999999999,0.69772,0.69794,2895
2026-03-23 05:00:00,0.697935,0.6981999999999999,0.6959949999999999,0.69621,4377
2026-03-23 06:00:00,0.696185,0.6963,0.69522,0.6956249999999999,6834
2026-03-23 07:00:00,0.695615,0.69652,0.694985,0.6953499999999999,7526
2026-03-23 08:00:00,0.69539,0.69764,0.695335,0.696685,10295
2026-03-23 09:00:00,0.696715,0.6968749999999999,0.693925,0.6942699999999999,8085
2026-03-23 10:00:00,0.6942699999999999,0.6944699999999999,0.691075,0.69228,8997
2026-03-23 11:00:00,0.6922900000000001,0.70436,0.6922900000000001,0.698555,33722
2026-03-23 12:00:00,0.698535,0.703375,0.69731,0.703025,24364
2026-03-23 13:00:00,0.703065,0.7033149999999999,0.69982,0.7029650000000001,23307
2026-03-23 14:00:00,0.702955,0.7062550000000001,0.70242,0.704655,20397
2026-03-23 15:00:00,0.704645,0.70591,0.6991400000000001,0.6993,19116
2026-03-23 16:00:00,0.6993,0.701005,0.69829,0.700385,17325
2026-03-23 17:00:00,0.70041,0.70267,0.700035,0.701365,12335
2026-03-23 18:00:00,0.70137,0.70293,0.700315,0.702665,10622
2026-03-23 19:00:00,0.70264,0.70275,0.7008749999999999,0.701125,5333
2026-03-23 20:00:00,0.7011149999999999,0.7013400000000001,0.700745,0.7011000000000001,1721
2026-03-23 21:00:00,0.70113,0.702065,0.70058,0.70058,591
2026-03-23 22:00:00,0.7006,0.7025049999999999,0.70011,0.70182,1673
2026-03-23 23:00:00,0.7018249999999999,0.70184,0.700475,0.7008449999999999,2624
2026-03-24 00:00:00,0.700825,0.70089,0.696855,0.698725,9266
2026-03-24 01:00:00,0.6987399999999999,0.699405,0.696685,0.69699,10462
2026-03-24 02:00:00,0.6969650000000001,0.69808,0.696465,0.6968350000000001,8584
2026-03-24 03:00:00,0.6968300000000001,0.697495,0.6965049999999999,0.696805,4592
2026-03-24 04:00:00,0.696815,0.69693,0.695975,0.69662,3260
2026-03-24 05:00:00,0.696615,0.697075,0.6955450000000001,0.696655,6643
2026-03-24 06:00:00,0.696645,0.69872,0.696445,0.698685,6300
2026-03-24 07:00:00,0.6986749999999999,0.7015,0.69809,0.69894,9949
2026-03-24 08:00:00,0.69893,0.6990149999999999,0.695955,0.696315,10759
2026-03-24 09:00:00,0.69632,0.6974450000000001,0.695355,0.6973,7891
2026-03-24 10:00:00,0.6973199999999999,0.697865,0.69648,0.697615,6475
2026-03-24 11:00:00,0.6976199999999999,0.698035,0.69567,0.696925,7264
2026-03-24 12:00:00,0.696925,0.697105,0.69516,0.69564,8308
2026-03-24 13:00:00,0.6956249999999999,0.6963600000000001,0.6945,0.696305,15568
2026-03-24 14:00:00,0.696295,0.69889,0.695835,0.69659,16693
2026-03-24 15:00:00,0.696585,0.6974450000000001,0.69597,0.69643,14237
2026-03-24 16:00:00,0.696435,0.697435,0.695955,0.69653,9090
2026-03-24 17:00:00,0.696535,0.696615,0.69384,0.6952499999999999,13674
2026-03-24 18:00:00,0.695255,0.697515,0.694755,0.69662,10212
2026-03-24 19:00:00,0.69663,0.69776,0.69663,0.69684,4837
2026-03-24 20:00:00,0.69685,0.70138,0.6966650000000001,0.69967,10278
2026-03-24 21:00:00,0.6997150000000001,0.69989,0.69859,0.699675,588
2026-03-24 22:00:00,0.69964,0.6999299999999999,0.699175,0.6998949999999999,2576
2026-03-24 23:00:00,0.6998949999999999,0.7001200000000001,0.6990400000000001,0.6994750000000001,2374
2026-03-25 00:00:00,0.6994849999999999,0.70039,0.698225,0.699515,5718
2026-03-25 01:00:00,0.69949,0.6999150000000001,0.69814,0.698175,6322
2026-03-25 02:00:00,0.6981850000000001,0.698335,0.697145,0.69726,3842
2026-03-25 03:00:00,0.697265,0.697785,0.6969650000000001,0.69774,2800
2026-03-25 04:00:00,0.69773,0.698035,0.69734,0.697425,2060
2026-03-25 05:00:00,0.69745,0.69773,0.69697,0.6971400000000001,3136
2026-03-25 06:00:00,0.6971350000000001,0.69756,0.696725,0.6972050000000001,3005
2026-03-25 07:00:00,0.6972,0.697775,0.6961200000000001,0.6967099999999999,4588
2026-03-25 08:00:00,0.696705,0.698955,0.6963550000000001,0.6980599999999999,8103
2026-03-25 09:00:00,0.6980500000000001,0.698535,0.696125,0.696885,5323
2026-03-25 10:00:00,0.69689,0.6973849999999999,0.695945,0.696705,4205
2026-03-25 11:00:00,0.6967099999999999,0.697345,0.69585,0.6966650000000001,4676
2026-03-25 12:00:00,0.696695,0.697295,0.695075,0.69591,9108
2026-03-25 13:00:00,0.6959150000000001,0.6968799999999999,0.69469,0.694785,9719
2026-03-25 14:00:00,0.694805,0.69696,0.694295,0.696645,11122
2026-03-25 15:00:00,0.6966600000000001,0.6971350000000001,0.694715,0.696115,10693
2026-03-25 16:00:00,0.6960949999999999,0.6966749999999999,0.69536,0.695965,8367
2026-03-25 17:00:00,0.695955,0.6970799999999999,0.6956249999999999,0.69621,5954
2026-03-25 18:00:00,0.696205,0.696565,0.69459,0.69517,5070
2026-03-25 19:00:00,0.695165,0.6952,0.694565,0.69489,4183
2026-03-25 20:00:00,0.694895,0.69496,0.694565,0.69476,1049
2026-03-25 21:00:00,0.694755,0.695495,0.69475,0.69482,482
2026-03-25 22:00:00,0.694815,0.695195,0.694035,0.6946749999999999,1416
2026-03-25 23:00:00,0.69466,0.694755,0.6939299999999999,0.694285,1545
2026-03-26 00:00:00,0.69428,0.69486,0.693665,0.6938249999999999,3166
2026-03-26 01:00:00,0.69383,0.69454,0.69381,0.694285,3916
2026-03-26 02:00:00,0.6942900000000001,0.694475,0.6932149999999999,0.6936249999999999,3122
2026-03-26 03:00:00,0.69362,0.695255,0.69362,0.69506,2500
2026-03-26 04:00:00,0.69505,0.6956899999999999,0.694855,0.6954199999999999,1677
2026-03-26 05:00:00,0.695405,0.695615,0.694725,0.69475,3181
2026-03-26 06:00:00,0.6947300000000001,0.69531,0.69426,0.695235,3874
2026-03-26 07:00:00,0.69526,0.69526,0.69387,0.693905,3817
2026-03-26 08:00:00,0.6939150000000001,0.694345,0.6932050000000001,0.694275,5218
2026-03-26 09:00:00,0.6942550000000001,0.6944250000000001,0.692975,0.6936549999999999,4801
2026-03-26 10:00:00,0.69367,0.6941200000000001,0.6931849999999999,0.6933549999999999,3855
2026-03-26 11:00:00,0.6933549999999999,0.6935199999999999,0.690955,0.6910149999999999,3250
2026-03-26 12:00:00,0.69102,0.69197,0.69015,0.6904399999999999,5035
2026-03-26 13:00:00,0.690445,0.692905,0.69042,0.69245,10145
2026-03-26 14:00:00,0.692485,0.692885,0.690715,0.691575,13619
2026-03-26 15:00:00,0.6915800000000001,0.6922550000000001,0.690455,0.69111,9602
2026-03-26 16:00:00,0.6911149999999999,0.691315,0.6896249999999999,0.68991,6005
2026-03-26 17:00:00,0.6899,0.690295,0.68852,0.68852,4527
2026-03-26 18:00:00,0.688515,0.689465,0.688515,0.68945,3825
2026-03-26 19:00:00,0.689455,0.689495,0.6876500000000001,0.68771,3574
2026-03-26 20:00:00,0.687705,0.691875,0.687565,0.68865,7851
2026-03-26 21:00:00,0.6887000000000001,0.689675,0.688245,0.689055,1006
2026-03-26 22:00:00,0.68902,0.689395,0.688635,0.6893199999999999,1676
2026-03-26 23:00:00,0.6893199999999999,0.689565,0.68858,0.688645,1547
2026-03-27 00:00:00,0.688605,0.689175,0.68727,0.68749,4271
2026-03-27 01:00:00,0.6875,0.688895,0.6872,0.688855,3733
2026-03-27 02:00:00,0.68886,0.6896100000000001,0.6887749999999999,0.6892849999999999,2713
2026-03-27 03:00:00,0.68929,0.6905950000000001,0.6891149999999999,0.69053,2322
2026-03-27 04:00:00,0.69052,0.6912,0.690315,0.6910350000000001,1732
2026-03-27 05:00:00,0.69102,0.69122,0.6897150000000001,0.689805,2854
2026-03-27 06:00:00,0.6897949999999999,0.6905049999999999,0.6894,0.68998,3122
2026-03-27 07:00:00,0.68999,0.6901200000000001,0.688275,0.688965,3600
2026-03-27 08:00:00,0.68895,0.68996,0.688345,0.689635,5560
2026-03-27 09:00:00,0.68963,0.690095,0.6886650000000001,0.689365,5092
2026-03-27 10:00:00,0.68936,0.690175,0.68885,0.68933,4293
2026-03-27 11:00:00,0.689345,0.689745,0.688765,0.688815,4132
2026-03-27 12:00:00,0.688805,0.688975,0.68811,0.68868,4638
2026-03-27 13:00:00,0.68869,0.689755,0.687675,0.688585,8826
2026-03-27 14:00:00,0.688555,0.689735,0.688375,0.688955,10558
2026-03-27 15:00:00,0.688965,0.6902,0.6884399999999999,0.6888449999999999,10508
2026-03-27 16:00:00,0.68883,0.6892050000000001,0.687915,0.6884049999999999,6690
2026-03-27 17:00:00,0.6883900000000001,0.689495,0.686435,0.6868650000000001,5984
2026-03-27 18:00:00,0.68685,0.687675,0.686535,0.687245,4039
2026-03-27 19:00:00,0.687235,0.687505,0.6867650000000001,0.687345,3534
2026-03-27 20:00:00,0.68735,0.688025,0.68655,0.68746,3983
2026-03-29 22:00:00,0.686545,0.68686,0.68466,0.6850149999999999,3134
2026-03-29 23:00:00,0.684985,0.685505,0.68463,0.685045,3683
2026-03-30 00:00:00,0.68506,0.685975,0.68429,0.6853100000000001,8107
2026-03-30 01:00:00,0.6853100000000001,0.686245,0.684885,0.685255,6020
2026-03-30 02:00:00,0.685255,0.6862349999999999,0.685065,0.685705,3910
2026-03-30 03:00:00,0.6856949999999999,0.687235,0.685595,0.6869350000000001,2806
2026-03-30 04:00:00,0.68694,0.6873849999999999,0.68657,0.686685,1683
2026-03-30 05:00:00,0.68669,0.687235,0.68638,0.686885,3064
2026-03-30 06:00:00,0.686895,0.687425,0.68618,0.6861999999999999,3188
2026-03-30 07:00:00,0.686195,0.6864349999999999,0.68479,0.6851050000000001,4114
2026-03-30 08:00:00,0.685095,0.686105,0.68485,0.6853750000000001,3680
2026-03-30 09:00:00,0.6853849999999999,0.68581,0.6847449999999999,0.685705,3175
2026-03-30 10:00:00,0.685715,0.6862600000000001,0.6855,0.6856450000000001,2644
2026-03-30 11:00:00,0.68565,0.6869149999999999,0.6854,0.6859599999999999,5798
2026-03-30 12:00:00,0.6859649999999999,0.686575,0.6855249999999999,0.686215,4341
2026-03-30 13:00:00,0.68625,0.6865600000000001,0.6841900000000001,0.6842999999999999,7160
2026-03-30 14:00:00,0.684295,0.685515,0.6833400000000001,0.685515,10758
2026-03-30 15:00:00,0.685535,0.68603,0.68441,0.6857,7651
2026-03-30 16:00:00,0.6856949999999999,0.6857800000000001,0.685,0.6856,4915
2026-03-30 17:00:00,0.68562,0.68614,0.6851499999999999,0.6854450000000001,4597
2026-03-30 18:00:00,0.685425,0.68584,0.685065,0.685225,3519
2026-03-30 19:00:00,0.68523,0.6853,0.684185,0.684975,3968
2026-03-30 20:00:00,0.684955,0.6853499999999999,0.6847350000000001,0.685245,1028
2026-03-30 21:00:00,0.6852400000000001,0.685385,0.68448,0.6851400000000001,423
2026-03-30 22:00:00,0.6852,0.6854899999999999,0.6850499999999999,0.685335,1165
2026-03-30 23:00:00,0.68533,0.68533,0.68428,0.68454,1848
2026-03-31 00:00:00,0.684545,0.6864349999999999,0.6834199999999999,0.6857,8498
2026-03-31 01:00:00,0.685705,0.687495,0.68537,0.686685,8962
2026-03-31 02:00:00,0.686685,0.686945,0.685805,0.685805,4973
2026-03-31 03:00:00,0.685785,0.68601,0.68458,0.684885,3228
2026-03-31 04:00:00,0.684905,0.6853849999999999,0.6844,0.68441,2289
2026-03-31 05:00:00,0.6844049999999999,0.6856450000000001,0.68388,0.685065,3694
2026-03-31 06:00:00,0.6850799999999999,0.6854450000000001,0.684435,0.68536,4471
2026-03-31 07:00:00,0.6853549999999999,0.6867449999999999,0.6843950000000001,0.686645,5132
2026-03-31 08:00:00,0.68662,0.68692,0.685565,0.686125,4578
2026-03-31 09:00:00,0.6861299999999999,0.6867,0.6854549999999999,0.68555,3645
2026-03-31 10:00:00,0.685535,0.6857150000000001,0.68502,0.68511,2787
2026-03-31 11:00:00,0.6851050000000001,0.688635,0.684985,0.6882900000000001,8329
2026-03-31 12:00:00,0.688305,0.6890350000000001,0.68731,0.6876199999999999,8828
2026-03-31 13:00:00,0.68763,0.6886950000000001,0.6871050000000001,0.688385,7629
2026-03-31 14:00:00,0.6883699999999999,0.688655,0.6835249999999999,0.6849000000000001,11444
2026-03-31 15:00:00,0.684895,0.68672,0.68489,0.6853849999999999,11071
2026-03-31 16:00:00,0.68537,0.689865,0.6852400000000001,0.688535,14108
2026-03-31 17:00:00,0.688555,0.6899850000000001,0.6882,0.6883600000000001,14917
2026-03-31 18:00:00,0.688355,0.6896450000000001,0.68827,0.68902,6566
2026-03-31 19:00:00,0.6890149999999999,0.6900900000000001,0.6885749999999999,0.68997,4298
2026-03-31 20:00:00,0.68996,0.690385,0.68975,0.69001,1746
2026-03-31 21:00:00,0.690005,0.69036,0.68948,0.690205,480
2026-03-31 22:00:00,0.690215,0.69047,0.68972,0.690295,1312
2026-03-31 23:00:00,0.6902900000000001,0.692145,0.69018,0.69204,1502
2026-04-01 00:00:00,0.692025,0.6930350000000001,0.6915549999999999,0.6927399999999999,3841
2026-04-01 01:00:00,0.6927449999999999,0.6928000000000001,0.691055,0.691445,5232
2026-04-01 02:00:00,0.69146,0.69199,0.69111,0.69116,3017
2026-04-01 03:00:00,0.6911499999999999,0.69126,0.6900850000000001,0.6904399999999999,2398
2026-04-01 04:00:00,0.690445,0.69066,0.689975,0.690275,1562
2026-04-01 05:00:00,0.690315,0.6915450000000001,0.69014,0.69054,3296
2026-04-01 06:00:00,0.690545,0.6945600000000001,0.6903349999999999,0.6945250000000001,6673
2026-04-01 07:00:00,0.69453,0.694715,0.6926049999999999,0.69286,7303
2026-04-01 08:00:00,0.692855,0.695295,0.692535,0.6940999999999999,6779
2026-04-01 09:00:00,0.6941200000000001,0.694585,0.6934400000000001,0.694195,4921
2026-04-01 10:00:00,0.694205,0.69479,0.693875,0.694445,3973
2026-04-01 11:00:00,0.694455,0.69594,0.694285,0.69545,3334
2026-04-01 12:00:00,0.6954450000000001,0.6963550000000001,0.6936599999999999,0.6940850000000001,8371
2026-04-01 13:00:00,0.69409,0.695565,0.69334,0.694375,12198
2026-04-01 14:00:00,0.694345,0.69506,0.69333,0.6943349999999999,12473
2026-04-01 15:00:00,0.69435,0.694895,0.69339,0.694375,6784
2026-04-01 16:00:00,0.6943600000000001,0.694705,0.6934849999999999,0.694635,4415
2026-04-01 17:00:00,0.694645,0.6951,0.693155,0.69316,3835
2026-04-01 18:00:00,0.693175,0.6932050000000001,0.69128,0.6916450000000001,6684
2026-04-01 19:00:00,0.69165,0.692805,0.69145,0.692295,4163
2026-04-01 20:00:00,0.69231,0.692955,0.692265,0.692825,1015
2026-04-01 21:00:00,0.6927449999999999,0.69299,0.692145,0.69293,1229
2026-04-01 22:00:00,0.692965,0.69297,0.6922349999999999,0.692485,1211
2026-04-01 23:00:00,0.692495,0.6928449999999999,0.69213,0.6923250000000001,1191
2026-04-02 00:00:00,0.69232,0.69348,0.6919649999999999,0.693085,4465
2026-04-02 01:00:00,0.69308,0.694105,0.68791,0.688515,19176
2026-04-02 02:00:00,0.688485,0.68954,0.6880999999999999,0.6887449999999999,7955
2026-04-02 03:00:00,0.688735,0.68908,0.68819,0.6883250000000001,3963
2026-04-02 04:00:00,0.68833,0.688375,0.687395,0.687875,3029
2026-04-02 05:00:00,0.68789,0.688175,0.6866300000000001,0.6867099999999999,3558
2026-04-02 06:00:00,0.686735,0.687565,0.6866049999999999,0.687505,4485
2026-04-02 07:00:00,0.6875199999999999,0.688475,0.68718,0.68847,3966
2026-04-02 08:00:00,0.68848,0.68858,0.6873400000000001,0.6874750000000001,3491
2026-04-02 09:00:00,0.6874800000000001,0.687885,0.6867000000000001,0.68762,2886
2026-04-02 10:00:00,0.68763,0.687695,0.686345,0.686345,2923
2026-04-02 11:00:00,0.686365,0.68671,0.68598,0.6866,2869
2026-04-02 12:00:00,0.6866099999999999,0.6886950000000001,0.68652,0.68815,5328
2026-04-02 13:00:00,0.6881649999999999,0.68956,0.687585,0.6895,9084
2026-04-02 14:00:00,0.689505,0.69155,0.6889799999999999,0.6912050000000001,15080
2026-04-02 15:00:00,0.6912149999999999,0.69183,0.69041,0.6910000000000001,11711
2026-04-02 16:00:00,0.691005,0.691755,0.690485,0.690915,7511
2026-04-02 17:00:00,0.690895,0.69153,0.690415,0.690615,4669
2026-04-02 18:00:00,0.690625,0.691065,0.690285,0.6905749999999999,3628
2026-04-02 19:00:00,0.69058,0.691155,0.6903900000000001,0.69067,2659
2026-04-02 20:00:00,0.6906749999999999,0.6912849999999999,0.69051,0.69101,932
2026-04-02 21:00:00,0.6910350000000001,0.6910350000000001,0.6900550000000001,0.69059,973
2026-04-02 22:00:00,0.690645,0.691125,0.690645,0.691085,436
2026-04-02 23:00:00,0.69109,0.691325,0.69107,0.691095,249
2026-04-03 00:00:00,0.6911,0.691595,0.6911,0.691295,712
2026-04-03 01:00:00,0.6912799999999999,0.6913499999999999,0.690855,0.690895,507
2026-04-03 02:00:00,0.6909000000000001,0.691135,0.69052,0.69078,579
2026-04-03 03:00:00,0.690785,0.69092,0.69054,0.69069,399
2026-04-03 04:00:00,0.6907000000000001,0.6907650000000001,0.690465,0.69065,357
2026-04-03 05:00:00,0.690655,0.6908449999999999,0.69035,0.6908449999999999,506
2026-04-03 06:00:00,0.6908399999999999,0.6910499999999999,0.690585,0.690995,549
2026-04-03 07:00:00,0.6910000000000001,0.6915100000000001,0.69084,0.69088,891
2026-04-03 08:00:00,0.6908650000000001,0.69098,0.69051,0.6909,822
2026-04-03 09:00:00,0.690895,0.69099,0.690535,0.690645,997
2026-04-03 10:00:00,0.69064,0.69089,0.690375,0.69067,886
2026-04-03 11:00:00,0.6906650000000001,0.69097,0.690535,0.690785,1014
2026-04-03 12:00:00,0.690795,0.69116,0.68964,0.68998,4187
2026-04-03 13:00:00,0.690005,0.690635,0.68991,0.690325,1739
2026-04-03 14:00:00,0.69034,0.69036,0.6892499999999999,0.68933,1141
2026-04-03 15:00:00,0.689335,0.68953,0.6891050000000001,0.6892400000000001,2203
2026-04-03 16:00:00,0.6892499999999999,0.68955,0.6890350000000001,0.68913,3263
2026-04-03 17:00:00,0.689125,0.6894549999999999,0.688835,0.689265,2648
2026-04-03 18:00:00,0.68927,0.689295,0.6888650000000001,0.68899,2021
2026-04-03 19:00:00,0.68896,0.68926,0.6884250000000001,0.68855,2417
2026-04-03 20:00:00,0.688555,0.6899649999999999,0.688355,0.6894549999999999,1603
2026-04-05 22:00:00,0.68869,0.6890350000000001,0.6876450000000001,0.6888700000000001,3640
2026-04-05 23:00:00,0.688895,0.6891,0.6884250000000001,0.6884950000000001,1411
2026-04-06 00:00:00,0.688465,0.6896100000000001,0.68845,0.68954,2379
2026-04-06 01:00:00,0.689545,0.6898,0.689195,0.6894750000000001,1627
2026-04-06 02:00:00,0.6894800000000001,0.691665,0.6894800000000001,0.69046,3762
2026-04-06 03:00:00,0.69045,0.690615,0.690105,0.69031,2403
2026-04-06 04:00:00,0.69033,0.690995,0.69024,0.690935,1305
2026-04-06 05:00:00,0.690925,0.6912750000000001,0.6907399999999999,0.6907650000000001,1413
2026-04-06 06:00:00,0.69077,0.6918,0.690545,0.6913400000000001,2712
2026-04-06 07:00:00,0.6913549999999999,0.6933100000000001,0.69082,0.6929,3353
2026-04-06 08:00:00,0.692905,0.693495,0.6925749999999999,0.693075,3782
2026-04-06 09:00:00,0.69309,0.69363,0.692445,0.692535,3358
2026-04-06 10:00:00,0.6925300000000001,0.6932,0.69187,0.6927399999999999,3283
2026-04-06 11:00:00,0.69275,0.6931849999999999,0.6922600000000001,0.692855,2788
2026-04-06 12:00:00,0.69287,0.693075,0.692285,0.692825,2660
2026-04-06 13:00:00,0.69282,0.693365,0.6924699999999999,0.693115,5427
2026-04-06 14:00:00,0.6931849999999999,0.6938150000000001,0.691775,0.692175,9877
2026-04-06 15:00:00,0.69218,0.69218,0.691155,0.6918,5736
2026-04-06 16:00:00,0.6917949999999999,0.6919900000000001,0.6913549999999999,0.691595,3413
2026-04-06 17:00:00,0.6916,0.691905,0.69058,0.69143,4986
2026-04-06 18:00:00,0.6914499999999999,0.692485,0.691325,0.6919649999999999,4316
2026-04-06 19:00:00,0.69197,0.692185,0.6917249999999999,0.691925,2015
2026-04-06 20:00:00,0.69194,0.692015,0.691755,0.69179,953
2026-04-06 21:00:00,0.691785,0.692185,0.69156,0.69183,348
2026-04-06 22:00:00,0.69184,0.692315,0.691435,0.6915450000000001,1299
2026-04-06 23:00:00,0.691545,0.691755,0.691385,0.6916450000000001,764
2026-04-07 00:00:00,0.6916249999999999,0.6922550000000001,0.69113,0.691145,3118
2026-04-07 01:00:00,0.691155,0.69181,0.6898850000000001,0.690245,4997
2026-04-07 02:00:00,0.6902550000000001,0.69094,0.689855,0.6908000000000001,2698
2026-04-07 03:00:00,0.69079,0.69138,0.69065,0.691145,1685
2026-04-07 04:00:00,0.69116,0.692,0.6908799999999999,0.69174,1975
2026-04-07 05:00:00,0.691755,0.6918200000000001,0.6909000000000001,0.691595,2650
2026-04-07 06:00:00,0.6916150000000001,0.692215,0.691495,0.6919,3107
2026-04-07 07:00:00,0.69192,0.69199,0.6910000000000001,0.691575,3836
2026-04-07 08:00:00,0.69156,0.6948799999999999,0.691505,0.6945749999999999,8618
2026-04-07 09:00:00,0.694565,0.69468,0.6939,0.6940500000000001,4446
2026-04-07 10:00:00,0.694055,0.694345,0.69245,0.6929350000000001,8544
2026-04-07 11:00:00,0.6929449999999999,0.69374,0.69255,0.693625,4288
2026-04-07 12:00:00,0.69363,0.6946950000000001,0.69298,0.6937599999999999,6546
2026-04-07 13:00:00,0.6937800000000001,0.694045,0.692815,0.6928749999999999,8240
2026-04-07 14:00:00,0.6928799999999999,0.6952050000000001,0.692455,0.693775,9905
2026-04-07 15:00:00,0.693765,0.694735,0.6927749999999999,0.69431,7947
2026-04-07 16:00:00,0.694315,0.695235,0.694045,0.6945950000000001,6802
2026-04-07 17:00:00,0.69458,0.695835,0.694415,0.6953849999999999,5374
2026-04-07 18:00:00,0.69539,0.6957500000000001,0.694465,0.69469,3707
2026-04-07 19:00:00,0.6946950000000001,0.69735,0.69446,0.697055,9596
2026-04-07 20:00:00,0.697075,0.6978800000000001,0.696925,0.6974,3600
2026-04-07 21:00:00,0.696875,0.698245,0.696745,0.69733,967
2026-04-07 22:00:00,0.69832,0.7051700000000001,0.69659,0.704865,11181
2026-04-07 23:00:00,0.704915,0.707755,0.7042649999999999,0.7076450000000001,10441
2026-04-08 00:00:00,0.70768,0.70847,0.70487,0.705345,10563
2026-04-08 01:00:00,0.705335,0.707275,0.70525,0.706415,7069
2026-04-08 02:00:00,0.706405,0.707065,0.704985,0.705265,4674
2026-04-08 03:00:00,0.7052799999999999,0.70548,0.7042900000000001,0.7052799999999999,3721
2026-04-08 04:00:00,0.7052700000000001,0.7068749999999999,0.7052350000000001,0.7067399999999999,3609
2026-04-08 05:00:00,0.706735,0.7083349999999999,0.70618,0.707125,4600
2026-04-08 06:00:00,0.7071350000000001,0.70798,0.70621,0.70716,6461
2026-04-08 07:00:00,0.707155,0.707185,0.70557,0.7060649999999999,6508
2026-04-08 08:00:00,0.706055,0.706285,0.703265,0.704455,5596
2026-04-08 09:00:00,0.704465,0.704975,0.703365,0.703515,4647
2026-04-08 10:00:00,0.70352,0.7044250000000001,0.703365,0.7038599999999999,3384
2026-04-08 11:00:00,0.7038500000000001,0.705685,0.70331,0.70541,4887
2026-04-08 12:00:00,0.70543,0.70738,0.70446,0.70709,8215
2026-04-08 13:00:00,0.707085,0.7078249999999999,0.704885,0.7055400000000001,10677
2026-04-08 14:00:00,0.705515,0.70614,0.70435,0.705885,12823
2026-04-08 15:00:00,0.7058899999999999,0.70638,0.70499,0.706075,9101
2026-04-08 16:00:00,0.70607,0.706245,0.70519,0.706055,4829
2026-04-08 17:00:00,0.7060500000000001,0.7062550000000001,0.7045349999999999,0.7053,4459
2026-04-08 18:00:00,0.7053400000000001,0.7058,0.703175,0.7032149999999999,7306
2026-04-08 19:00:00,0.70321,0.705425,0.70287,0.705275,5065
2026-04-08 20:00:00,0.70526,0.705435,0.704305,0.7043950000000001,1669
2026-04-08 21:00:00,0.704445,0.70497,0.703915,0.7046749999999999,818
2026-04-08 22:00:00,0.7046600000000001,0.70479,0.7042900000000001,0.704645,999
2026-04-08 23:00:00,0.7046399999999999,0.70479,0.70388,0.70389,1122
2026-04-09 00:00:00,0.7038949999999999,0.703945,0.703005,0.703525,3492
2026-04-09 01:00:00,0.703525,0.70375,0.7025049999999999,0.7034,3754
2026-04-09 02:00:00,0.70342,0.704115,0.702975,0.70382,2573
2026-04-09 03:00:00,0.7037899999999999,0.7041649999999999,0.70353,0.704005,1863
2026-04-09 04:00:00,0.7039949999999999,0.704635,0.7039500000000001,0.704035,1458
2026-04-09 05:00:00,0.7040150000000001,0.7045,0.703355,0.70348,2248
2026-04-09 06:00:00,0.703495,0.70406,0.703185,0.70404,3756
2026-04-09 07:00:00,0.7040599999999999,0.704145,0.70267,0.702895,3758
2026-04-09 08:00:00,0.702885,0.703155,0.702275,0.70268,2918
2026-04-09 09:00:00,0.702665,0.703355,0.70222,0.703265,2511
2026-04-09 10:00:00,0.70326,0.703535,0.70297,0.702985,2282
2026-04-09 11:00:00,0.70297,0.70458,0.702915,0.704565,2947
2026-04-09 12:00:00,0.704565,0.7046049999999999,0.7033849999999999,0.70414,4083
2026-04-09 13:00:00,0.70415,0.7058150000000001,0.703965,0.705095,5564
2026-04-09 14:00:00,0.7050799999999999,0.7061,0.7046250000000001,0.7060200000000001,7166
2026-04-09 15:00:00,0.706,0.708615,0.705365,0.708545,9621
2026-04-09 16:00:00,0.70854,0.709245,0.7082550000000001,0.70858,5425
2026-04-09 17:00:00,0.708585,0.7094849999999999,0.70841,0.709005,3619
2026-04-09 18:00:00,0.70901,0.70901,0.707295,0.7078249999999999,5030
2026-04-09 19:00:00,0.70782,0.708645,0.7077549999999999,0.7084999999999999,2474
2026-04-09 20:00:00,0.7085049999999999,0.7086250000000001,0.708185,0.708185,1137
2026-04-09 21:00:00,0.7081500000000001,0.70871,0.7077100000000001,0.7081,703
2026-04-09 22:00:00,0.7081299999999999,0.7086399999999999,0.70787,0.70797,1271
2026-04-09 23:00:00,0.707975,0.70801,0.70745,0.707505,910
2026-04-10 00:00:00,0.70751,0.7075849999999999,0.707025,0.707565,2320
2026-04-10 01:00:00,0.70757,0.70831,0.707245,0.70761,2304
2026-04-10 02:00:00,0.707615,0.70787,0.706845,0.706895,1970
2026-04-10 03:00:00,0.7069000000000001,0.707185,0.7066950000000001,0.70696,1307
2026-04-10 04:00:00,0.70695,0.7071350000000001,0.70652,0.7067,1248
2026-04-10 05:00:00,0.706705,0.70711,0.70645,0.70707,1326
2026-04-10 06:00:00,0.707065,0.7073,0.70613,0.7063,2344
2026-04-10 07:00:00,0.70625,0.70661,0.705355,0.7055,2851
2026-04-10 08:00:00,0.705495,0.706485,0.70539,0.705805,2474
2026-04-10 09:00:00,0.70582,0.70709,0.705695,0.70677,4248
2026-04-10 10:00:00,0.706775,0.706955,0.7063349999999999,0.706805,2521
2026-04-10 11:00:00,0.7067950000000001,0.70724,0.7067049999999999,0.707175,1962
2026-04-10 12:00:00,0.707185,0.70836,0.7071149999999999,0.70764,4858
2026-04-10 13:00:00,0.707635,0.7087950000000001,0.707365,0.70782,5514
2026-04-10 14:00:00,0.7078,0.70938,0.7076450000000001,0.70835,6762
2026-04-10 15:00:00,0.708345,0.708905,0.707525,0.707665,5490
2026-04-10 16:00:00,0.70767,0.707685,0.7065049999999999,0.7071350000000001,4199
2026-04-10 17:00:00,0.70714,0.707705,0.706785,0.7074100000000001,2804
2026-04-10 18:00:00,0.7074,0.708215,0.70697,0.7079,2746
2026-04-10 19:00:00,0.707905,0.70802,0.707665,0.70768,1554
2026-04-10 20:00:00,0.707695,0.70783,0.7056100000000001,0.706565,2506
2026-04-12 22:00:00,0.70116,0.70221,0.7002550000000001,0.7020649999999999,5121
2026-04-12 23:00:00,0.7020649999999999,0.7021850000000001,0.701255,0.701955,1827
2026-04-13 00:00:00,0.70196,0.7033849999999999,0.70167,0.7033849999999999,3743
2026-04-13 01:00:00,0.70339,0.7042550000000001,0.70277,0.7033750000000001,3544
2026-04-13 02:00:00,0.70338,0.7038949999999999,0.70313,0.7036800000000001,1911
2026-04-13 03:00:00,0.703685,0.70392,0.70322,0.70383,1700
2026-04-13 04:00:00,0.703825,0.704105,0.7036199999999999,0.70367,1498
2026-04-13 05:00:00,0.70368,0.704305,0.7034549999999999,0.703945,1964
2026-04-13 06:00:00,0.703955,0.704465,0.7039150000000001,0.704465,2890
2026-04-13 07:00:00,0.7044699999999999,0.705885,0.7044699999999999,0.7056450000000001,3179
2026-04-13 08:00:00,0.70564,0.705865,0.705075,0.705225,2989
2026-04-13 09:00:00,0.705245,0.7055400000000001,0.704515,0.704665,2187
2026-04-13 10:00:00,0.7046699999999999,0.705125,0.704515,0.705015,1906
2026-04-13 11:00:00,0.70503,0.70556,0.7034499999999999,0.703515,3580
2026-04-13 12:00:00,0.7035199999999999,0.704535,0.702925,0.704375,4496
2026-04-13 13:00:00,0.70438,0.70626,0.70421,0.705735,7076
2026-04-13 14:00:00,0.70574,0.707015,0.705625,0.706515,7243
2026-04-13 15:00:00,0.70651,0.70668,0.70557,0.7061900000000001,5167
2026-04-13 16:00:00,0.70621,0.708415,0.7057450000000001,0.708135,7440
2026-04-13 17:00:00,0.708145,0.7091149999999999,0.708125,0.7088749999999999,2813
2026-04-13 18:00:00,0.70888,0.710025,0.708755,0.709935,2456
2026-04-13 19:00:00,0.70993,0.710055,0.709415,0.7096750000000001,1968
2026-04-13 20:00:00,0.70967,0.7099,0.709445,0.709445,973
2026-04-13 21:00:00,0.7093849999999999,0.70985,0.70915,0.70949,508
2026-04-13 22:00:00,0.709435,0.71017,0.709425,0.710045,1149
2026-04-13 23:00:00,0.7100299999999999,0.710245,0.709715,0.7099,888
2026-04-14 00:00:00,0.7099150000000001,0.70992,0.7086749999999999,0.7090350000000001,2636
2026-04-14 01:00:00,0.70903,0.7091400000000001,0.707875,0.707945,2332
2026-04-14 02:00:00,0.707935,0.708595,0.70788,0.7082200000000001,1609
2026-04-14 03:00:00,0.708215,0.708755,0.7081500000000001,0.70847,1204
2026-04-14 04:00:00,0.70846,0.7091149999999999,0.7084,0.70882,985
2026-04-14 05:00:00,0.708835,0.7089350000000001,0.707865,0.7081299999999999,1868
2026-04-14 06:00:00,0.708135,0.709355,0.7077249999999999,0.7092700000000001,2733
2026-04-14 07:00:00,0.709245,0.7104250000000001,0.709245,0.70965,4964
2026-04-14 08:00:00,0.709635,0.710755,0.70936,0.71043,3073
2026-04-14 09:00:00,0.710445,0.71146,0.710385,0.711345,2468
2026-04-14 10:00:00,0.7113400000000001,0.71226,0.711335,0.71192,2776
2026-04-14 11:00:00,0.7119249999999999,0.7130350000000001,0.711835,0.712645,2694
2026-04-14 12:00:00,0.71266,0.71367,0.712055,0.713625,4817
2026-04-14 13:00:00,0.71363,0.71397,0.712985,0.71377,5938
2026-04-14 14:00:00,0.713775,0.7147950000000001,0.713665,0.714245,5715
2026-04-14 15:00:00,0.71424,0.714245,0.71305,0.713055,5494
2026-04-14 16:00:00,0.713045,0.713225,0.7128049999999999,0.712925,2757
2026-04-14 17:00:00,0.712915,0.713535,0.7127049999999999,0.71326,2074
2026-04-14 18:00:00,0.713255,0.7134,0.71244,0.71269,2569
2026-04-14 19:00:00,0.712685,0.7129000000000001,0.71254,0.7126250000000001,1528
2026-04-14 20:00:00,0.71263,0.7127749999999999,0.7125699999999999,0.7125900000000001,871
2026-04-14 21:00:00,0.71254,0.712665,0.711515,0.7125900000000001,1402
2026-04-14 22:00:00,0.7126049999999999,0.71287,0.7124999999999999,0.71283,1212
2026-04-14 23:00:00,0.7128399999999999,0.7133050000000001,0.71275,0.71289,1168
2026-04-15 00:00:00,0.712885,0.712985,0.71228,0.712555,2278
2026-04-15 01:00:00,0.71257,0.712915,0.712235,0.712725,2456
2026-04-15 02:00:00,0.71273,0.71309,0.712305,0.71296,1731
2026-04-15 03:00:00,0.712955,0.713265,0.712685,0.713055,1259
2026-04-15 04:00:00,0.7130449999999999,0.71341,0.713015,0.7133,895
2026-04-15 05:00:00,0.71329,0.71441,0.71329,0.71376,2812
2026-04-15 06:00:00,0.713775,0.7142900000000001,0.7136549999999999,0.713685,2717
2026-04-15 07:00:00,0.71369,0.71481,0.713625,0.714295,3470
2026-04-15 08:00:00,0.71431,0.7147699999999999,0.714045,0.714385,2635
2026-04-15 09:00:00,0.7143900000000001,0.714575,0.713255,0.71435,3785
2026-04-15 10:00:00,0.71436,0.7148,0.71297,0.713765,4856
2026-04-15 11:00:00,0.7137549999999999,0.71451,0.71341,0.7140599999999999,3595
2026-04-15 12:00:00,0.71405,0.714145,0.7133849999999999,0.7138800000000001,3631
2026-04-15 13:00:00,0.713895,0.714915,0.713895,0.71455,5312
2026-04-15 14:00:00,0.714565,0.716275,0.714445,0.715595,5554
2026-04-15 15:00:00,0.71559,0.7166950000000001,0.71544,0.71599,5065
2026-04-15 16:00:00,0.7159850000000001,0.716845,0.71592,0.7166349999999999,3600
2026-04-15 17:00:00,0.7166250000000001,0.7168,0.7160949999999999,0.71651,2165
2026-04-15 18:00:00,0.71652,0.717535,0.71638,0.71747,2911
2026-04-15 19:00:00,0.717465,0.7177800000000001,0.7171799999999999,0.7174,1484
2026-04-15 20:00:00,0.717395,0.71742,0.716925,0.716975,780
2026-04-15 21:00:00,0.71695,0.717395,0.716365,0.717225,454
2026-04-15 22:00:00,0.717005,0.7173700000000001,0.717005,0.717295,766
2026-04-15 23:00:00,0.71729,0.717605,0.717035,0.71755,734
2026-04-16 00:00:00,0.7175549999999999,0.717785,0.716995,0.717625,2019
2026-04-16 01:00:00,0.717615,0.717875,0.71629,0.71767,3296
2026-04-16 02:00:00,0.7176750000000001,0.71931,0.7175549999999999,0.7189650000000001,3135
2026-04-16 03:00:00,0.718955,0.7197549999999999,0.7188650000000001,0.7192149999999999,2542
2026-04-16 04:00:00,0.7192099999999999,0.71956,0.718805,0.71888,1483
2026-04-16 05:00:00,0.7188749999999999,0.71911,0.718345,0.7187950000000001,2095
2026-04-16 06:00:00,0.71879,0.7190749999999999,0.717765,0.718835,3686
2026-04-16 07:00:00,0.71885,0.71913,0.71826,0.71832,4246
2026-04-16 08:00:00,0.718325,0.7184349999999999,0.71688,0.717435,3719
2026-04-16 09:00:00,0.717405,0.717565,0.7166250000000001,0.7169099999999999,2504
2026-04-16 10:00:00,0.716915,0.7170350000000001,0.716425,0.716715,2063
2026-04-16 11:00:00,0.7167049999999999,0.717495,0.716685,0.717365,2533
2026-04-16 12:00:00,0.71737,0.7175050000000001,0.71663,0.7172149999999999,3341
2026-04-16 13:00:00,0.71721,0.717765,0.7166349999999999,0.71722,5777
2026-04-16 14:00:00,0.7172149999999999,0.71782,0.71611,0.7162649999999999,7934
2026-04-16 15:00:00,0.71627,0.71721,0.716105,0.716925,5930
2026-04-16 16:00:00,0.716935,0.717495,0.715335,0.71588,4952
2026-04-16 17:00:00,0.715885,0.71591,0.715225,0.7156450000000001,4018
2026-04-16 18:00:00,0.71565,0.7161500000000001,0.71549,0.71577,4288
2026-04-16 19:00:00,0.71576,0.716345,0.71574,0.716125,1675
2026-04-16 20:00:00,0.71612,0.7163349999999999,0.715945,0.71611,839
2026-04-16 21:00:00,0.716105,0.7165600000000001,0.715695,0.71596,960
2026-04-16 22:00:00,0.715945,0.71632,0.715945,0.7162599999999999,999
2026-04-16 23:00:00,0.7162649999999999,0.716495,0.71583,0.7158599999999999,678
2026-04-17 00:00:00,0.7158450000000001,0.716515,0.7154100000000001,0.7161,2386
2026-04-17 01:00:00,0.7160949999999999,0.716505,0.715875,0.7162,2228
2026-04-17 02:00:00,0.7162,0.7163900000000001,0.716055,0.71621,1321
2026-04-17 03:00:00,0.716205,0.71666,0.715945,0.716505,1007
2026-04-17 04:00:00,0.716495,0.71696,0.716475,0.716855,803
2026-04-17 05:00:00,0.71685,0.7171099999999999,0.7166,0.71686,1593
2026-04-17 06:00:00,0.7168650000000001,0.7170099999999999,0.7161299999999999,0.716145,2948
2026-04-17 07:00:00,0.7161649999999999,0.71726,0.7161,0.7172149999999999,2628
2026-04-17 08:00:00,0.717225,0.718105,0.71692,0.717965,2544
2026-04-17 09:00:00,0.7179599999999999,0.7182550000000001,0.71707,0.7172499999999999,2614
2026-04-17 10:00:00,0.71724,0.717465,0.7170350000000001,0.717085,1972
2026-04-17 11:00:00,0.7170799999999999,0.7176199999999999,0.716715,0.71726,1792
2026-04-17 12:00:00,0.717265,0.721175,0.71716,0.72113,9058
2026-04-17 13:00:00,0.72114,0.7221949999999999,0.72041,0.721095,17722
2026-04-17 14:00:00,0.721105,0.7214,0.72005,0.72017,9474
2026-04-17 15:00:00,0.7201500000000001,0.7202200000000001,0.718555,0.71905,7849
2026-04-17 16:00:00,0.719055,0.71932,0.718475,0.718835,3340
2026-04-17 17:00:00,0.718825,0.7188300000000001,0.7176499999999999,0.718595,3996
2026-04-17 18:00:00,0.71862,0.718645,0.717005,0.717325,3278
2026-04-17 19:00:00,0.717345,0.71777,0.71694,0.717055,2340
2026-04-17 20:00:00,0.71706,0.7172799999999999,0.7166049999999999,0.71701,1704
2026-04-19 22:00:00,0.711875,0.71427,0.7116549999999999,0.714145,3159
2026-04-19 23:00:00,0.714175,0.71447,0.713085,0.7134750000000001,2044
2026-04-20 00:00:00,0.7134849999999999,0.7150449999999999,0.7132149999999999,0.714975,3830
2026-04-20 01:00:00,0.71498,0.71549,0.7146250000000001,0.7148699999999999,3112
2026-04-20 02:00:00,0.7148650000000001,0.715775,0.714665,0.7154499999999999,1846
2026-04-20 03:00:00,0.715425,0.715865,0.7152799999999999,0.7154050000000001,1427
2026-04-20 04:00:00,0.715425,0.715715,0.715165,0.715595,1280
2026-04-20 05:00:00,0.715575,0.71564,0.7142649999999999,0.714755,2615
2026-04-20 06:00:00,0.71475,0.7156100000000001,0.7142200000000001,0.7156100000000001,4567
2026-04-20 07:00:00,0.7156199999999999,0.716545,0.71427,0.7148,5678
2026-04-20 08:00:00,0.7147950000000001,0.715245,0.7146349999999999,0.714955,4349
2026-04-20 09:00:00,0.71495,0.715785,0.71495,0.715785,3177
2026-04-20 10:00:00,0.7158,0.716135,0.7153400000000001,0.7156549999999999,2400
2026-04-20 11:00:00,0.7156750000000001,0.716445,0.7152799999999999,0.71614,3145
2026-04-20 12:00:00,0.7161299999999999,0.716305,0.71539,0.7158450000000001,3632
2026-04-20 13:00:00,0.71585,0.717055,0.715515,0.716905,6693
2026-04-20 14:00:00,0.7169000000000001,0.716995,0.7154,0.71631,7690
2026-04-20 15:00:00,0.716315,0.717765,0.71584,0.717395,6358
2026-04-20 16:00:00,0.7174,0.717665,0.71695,0.717275,2906
2026-04-20 17:00:00,0.7172799999999999,0.7176450000000001,0.7170350000000001,0.717435,2274
2026-04-20 18:00:00,0.71744,0.717935,0.717345,0.717515,2210
2026-04-20 19:00:00,0.7175199999999999,0.717985,0.7174849999999999,0.717945,1000
2026-04-20 20:00:00,0.71794,0.7180150000000001,0.717685,0.717805,759
2026-04-20 21:00:00,0.7178,0.717805,0.717485,0.717605,377
2026-04-20 22:00:00,0.717625,0.718245,0.717625,0.718235,1086
2026-04-20 23:00:00,0.718245,0.71828,0.717355,0.7173849999999999,850
2026-04-21 00:00:00,0.7174050000000001,0.7177450000000001,0.71692,0.717395,2616
2026-04-21 01:00:00,0.7174,0.718225,0.7172400000000001,0.7175100000000001,2014
2026-04-21 02:00:00,0.7175199999999999,0.71767,0.716995,0.7173499999999999,1385
2026-04-21 03:00:00,0.717365,0.717395,0.716505,0.716675,1240
2026-04-21 04:00:00,0.7166699999999999,0.716785,0.716545,0.71665,702
2026-04-21 05:00:00,0.716665,0.717295,0.7166250000000001,0.7166250000000001,1459
2026-04-21 06:00:00,0.7166,0.7167399999999999,0.7159249999999999,0.716315,2495
2026-04-21 07:00:00,0.71629,0.716575,0.715295,0.715295,3473
2026-04-21 08:00:00,0.715275,0.71577,0.7143550000000001,0.7155549999999999,4125
2026-04-21 09:00:00,0.7155499999999999,0.71555,0.714885,0.7152050000000001,2442
2026-04-21 10:00:00,0.7152099999999999,0.7158800000000001,0.715085,0.71583,1717
2026-04-21 11:00:00,0.71583,0.7165950000000001,0.7152000000000001,0.7165250000000001,2428
2026-04-21 12:00:00,0.71653,0.716615,0.715185,0.7160150000000001,4426
2026-04-21 13:00:00,0.71602,0.717625,0.7159800000000001,0.717495,5144
2026-04-21 14:00:00,0.7175050000000001,0.718595,0.716555,0.7166399999999999,6492
2026-04-21 15:00:00,0.7166349999999999,0.717265,0.71538,0.716275,7474
2026-04-21 16:00:00,0.7162850000000001,0.7167950000000001,0.71505,0.7150650000000001,4167
2026-04-21 17:00:00,0.715055,0.71637,0.71309,0.71524,8628
2026-04-21 18:00:00,0.7152449999999999,0.7156450000000001,0.71424,0.715285,5642
2026-04-21 19:00:00,0.7153050000000001,0.7161850000000001,0.713015,0.7135549999999999,9229
2026-04-21 20:00:00,0.713565,0.7163349999999999,0.713425,0.71514,4668
2026-04-21 21:00:00,0.715115,0.7154450000000001,0.7147749999999999,0.715175,743
2026-04-21 22:00:00,0.715165,0.7155100000000001,0.7151,0.7151350000000001,801
2026-04-21 23:00:00,0.7151350000000001,0.715735,0.7150799999999999,0.715595,730
2026-04-22 00:00:00,0.7156100000000001,0.71638,0.7156100000000001,0.71609,2781
2026-04-22 01:00:00,0.7160850000000001,0.7163349999999999,0.715615,0.715875,2295
2026-04-22 02:00:00,0.71588,0.71637,0.715515,0.7155549999999999,1677
2026-04-22 03:00:00,0.7155499999999999,0.7161150000000001,0.71531,0.71547,1341
2026-04-22 04:00:00,0.71546,0.71607,0.7154499999999999,0.7156899999999999,1000
2026-04-22 05:00:00,0.715685,0.71763,0.7156549999999999,0.716985,3389
2026-04-22 06:00:00,0.71699,0.7173350000000001,0.71654,0.71682,2991
2026-04-22 07:00:00,0.71681,0.717095,0.71604,0.7168749999999999,3316
2026-04-22 08:00:00,0.71688,0.7173050000000001,0.71626,0.716505,3611
2026-04-22 09:00:00,0.716485,0.7168399999999999,0.715945,0.71619,2797
2026-04-22 10:00:00,0.7161949999999999,0.716485,0.71566,0.716205,2635
2026-04-22 11:00:00,0.7162,0.71626,0.714985,0.7152799999999999,2829
2026-04-22 12:00:00,0.71529,0.7157450000000001,0.7146349999999999,0.71482,3713
2026-04-22 13:00:00,0.714825,0.71655,0.7146699999999999,0.7165250000000001,6349
2026-04-22 14:00:00,0.716545,0.716985,0.7158100000000001,0.716,5738
2026-04-22 15:00:00,0.716005,0.716395,0.7156199999999999,0.7160850000000001,4867
2026-04-22 16:00:00,0.71611,0.7162850000000001,0.7155849999999999,0.7158,3206
2026-04-22 17:00:00,0.7157899999999999,0.716515,0.715705,0.7160949999999999,2947
2026-04-22 18:00:00,0.71608,0.71623,0.71567,0.71593,1627
2026-04-22 19:00:00,0.715905,0.71614,0.71557,0.71589,1921
2026-04-22 20:00:00,0.715885,0.716145,0.715715,0.716035,1015
2026-04-22 21:00:00,0.71595,0.716125,0.71555,0.71607,691
2026-04-22 22:00:00,0.716085,0.716085,0.7157100000000001,0.7158249999999999,497
2026-04-22 23:00:00,0.715835,0.715965,0.71569,0.715775,496
2026-04-23 00:00:00,0.71576,0.71668,0.71368,0.716235,8464
2026-04-23 01:00:00,0.71624,0.716305,0.7152149999999999,0.71566,3907
2026-04-23 02:00:00,0.71567,0.715725,0.714305,0.7145600000000001,3924
2026-04-23 03:00:00,0.714575,0.7149099999999999,0.7136750000000001,0.714045,3916
2026-04-23 04:00:00,0.714035,0.71488,0.71385,0.7148300000000001,1906
2026-04-23 05:00:00,0.714835,0.7155549999999999,0.7147,0.715445,2313
2026-04-23 06:00:00,0.71545,0.715635,0.715005,0.71521,2685
2026-04-23 07:00:00,0.7152149999999999,0.7158,0.7147600000000001,0.71575,4363
2026-04-23 08:00:00,0.715755,0.71583,0.715025,0.715375,3946
2026-04-23 09:00:00,0.715355,0.7154,0.7145699999999999,0.71474,4497
2026-04-23 10:00:00,0.714735,0.7148950000000001,0.713285,0.713585,4221
2026-04-23 11:00:00,0.71359,0.71546,0.71339,0.7150449999999999,4781
2026-04-23 12:00:00,0.7150350000000001,0.71547,0.713865,0.7146049999999999,7506
2026-04-23 13:00:00,0.71461,0.7153050000000001,0.713715,0.71469,6362
2026-04-23 14:00:00,0.7146950000000001,0.7163349999999999,0.714145,0.71609,7304
2026-04-23 15:00:00,0.71608,0.716305,0.715165,0.71554,7199
2026-04-23 16:00:00,0.715535,0.715715,0.7152000000000001,0.7155050000000001,3853
2026-04-23 17:00:00,0.715515,0.71565,0.711105,0.71418,16042
2026-04-23 18:00:00,0.71419,0.71501,0.7134750000000001,0.713605,9633
2026-04-23 19:00:00,0.7136,0.7136750000000001,0.712665,0.713325,5163
2026-04-23 20:00:00,0.713335,0.713335,0.7124349999999999,0.71285,1937
2026-04-23 21:00:00,0.7126600000000001,0.713545,0.71258,0.7132400000000001,548
2026-04-23 22:00:00,0.71323,0.7133499999999999,0.712915,0.713335,565
2026-04-23 23:00:00,0.7133400000000001,0.71339,0.71288,0.71293,541
2026-04-24 00:00:00,0.71295,0.71355,0.71274,0.71323,2657
2026-04-24 01:00:00,0.7132350000000001,0.713605,0.7127300000000001,0.7133149999999999,2969
2026-04-24 02:00:00,0.71331,0.713345,0.71207,0.7121850000000001,2467
2026-04-24 03:00:00,0.71219,0.71234,0.7114750000000001,0.7119249999999999,2383
2026-04-24 04:00:00,0.7119150000000001,0.712715,0.7116899999999999,0.712485,1777
2026-04-24 05:00:00,0.712495,0.712925,0.71207,0.712665,1999
2026-04-24 06:00:00,0.7126600000000001,0.713015,0.71202,0.71242,2775
2026-04-24 07:00:00,0.7123999999999999,0.7134400000000001,0.712005,0.713365,2288
2026-04-24 08:00:00,0.7133499999999999,0.713785,0.71278,0.7132350000000001,4337
2026-04-24 09:00:00,0.7132350000000001,0.7134,0.712655,0.713015,2760
2026-04-24 10:00:00,0.7130099999999999,0.7136549999999999,0.71285,0.713445,2090
2026-04-24 11:00:00,0.71344,0.71519,0.71332,0.714405,6693
2026-04-24 12:00:00,0.71442,0.714735,0.71306,0.7135549999999999,4510
2026-04-24 13:00:00,0.7135499999999999,0.7140500000000001,0.7125900000000001,0.713535,6080
2026-04-24 14:00:00,0.7135050000000001,0.71467,0.7128099999999999,0.7139599999999999,8393
2026-04-24 15:00:00,0.713955,0.715545,0.71363,0.7152799999999999,6552
2026-04-24 16:00:00,0.715275,0.715355,0.7146,0.71515,3766
2026-04-24 17:00:00,0.71516,0.71549,0.71486,0.71489,3014
2026-04-24 18:00:00,0.71488,0.7152700000000001,0.71461,0.71512,1988
2026-04-24 19:00:00,0.7151350000000001,0.7154050000000001,0.7150099999999999,0.71514,1279
2026-04-24 20:00:00,0.7151350000000001,0.715335,0.71485,0.71516,1989
2026-04-26 22:00:00,0.7142850000000001,0.7147600000000001,0.7139,0.714495,957
2026-04-26 23:00:00,0.7144900000000001,0.71469,0.714235,0.714245,722
2026-04-27 00:00:00,0.714255,0.71576,0.714255,0.7157450000000001,2179
2026-04-27 01:00:00,0.715785,0.71699,0.715785,0.716815,4531
2026-04-27 02:00:00,0.716825,0.7175100000000001,0.71641,0.7172050000000001,1905
2026-04-27 03:00:00,0.7172000000000001,0.71775,0.7171799999999999,0.71739,1268
2026-04-27 04:00:00,0.7173849999999999,0.71749,0.71666,0.71682,1209
2026-04-27 05:00:00,0.716825,0.71689,0.716405,0.71645,1350
2026-04-27 06:00:00,0.716445,0.71663,0.7157450000000001,0.716495,3116
2026-04-27 07:00:00,0.71648,0.71783,0.71648,0.7177,4301
2026-04-27 08:00:00,0.717695,0.71899,0.717395,0.7188,4008
2026-04-27 09:00:00,0.718805,0.71904,0.7182850000000001,0.7184999999999999,1734
2026-04-27 10:00:00,0.718495,0.718845,0.71835,0.71872,1703
2026-04-27 11:00:00,0.7187250000000001,0.7187600000000001,0.7182649999999999,0.7184999999999999,1723
2026-04-27 12:00:00,0.71852,0.71958,0.71852,0.7187950000000001,3416
2026-04-27 13:00:00,0.7188049999999999,0.71946,0.71828,0.718855,5661
2026-04-27 14:00:00,0.71885,0.720005,0.71861,0.719295,5463
2026-04-27 15:00:00,0.71931,0.719395,0.718685,0.7192350000000001,3887
2026-04-27 16:00:00,0.719225,0.719375,0.718835,0.71897,1752
2026-04-27 17:00:00,0.718965,0.71938,0.7184550000000001,0.71892,2049
2026-04-27 18:00:00,0.718915,0.71904,0.718515,0.7186250000000001,1369
2026-04-27 19:00:00,0.71862,0.7189300000000001,0.718515,0.7186250000000001,937
2026-04-27 20:00:00,0.71864,0.718755,0.71854,0.71864,686
2026-04-27 21:00:00,0.718715,0.718715,0.71826,0.71861,259
2026-04-27 22:00:00,0.718595,0.71887,0.718445,0.7187049999999999,628
2026-04-27 23:00:00,0.71871,0.719085,0.71866,0.7190650000000001,496
2026-04-28 00:00:00,0.7190749999999999,0.7194849999999999,0.71877,0.719125,2464
2026-04-28 01:00:00,0.7191099999999999,0.7191700000000001,0.7177549999999999,0.717895,2783
2026-04-28 02:00:00,0.717885,0.7180949999999999,0.71741,0.717735,2133
2026-04-28 03:00:00,0.71773,0.718515,0.717635,0.71848,2060
2026-04-28 04:00:00,0.7184699999999999,0.7186300000000001,0.7181949999999999,0.7182649999999999,1178
2026-04-28 05:00:00,0.718275,0.718385,0.7173,0.717665,2487
2026-04-28 06:00:00,0.7176549999999999,0.717795,0.7162299999999999,0.71639,5597
2026-04-28 07:00:00,0.71636,0.717985,0.7163349999999999,0.7178100000000001,6129
2026-04-28 08:00:00,0.71782,0.7181,0.71712,0.7178150000000001,5761
2026-04-28 09:00:00,0.717805,0.717805,0.716785,0.717495,3986
2026-04-28 10:00:00,0.71749,0.7176450000000001,0.716345,0.7164550000000001,4300
2026-04-28 11:00:00,0.71645,0.71671,0.71519,0.7153799999999999,5319
2026-04-28 12:00:00,0.715375,0.716585,0.715095,0.71652,6518
2026-04-28 13:00:00,0.716515,0.71757,0.7160299999999999,0.71709,6625
2026-04-28 14:00:00,0.717055,0.71762,0.716155,0.716755,8104
2026-04-28 15:00:00,0.71675,0.7180599999999999,0.716665,0.7180150000000001,5911
2026-04-28 16:00:00,0.71802,0.71825,0.7175400000000001,0.7180949999999999,3656
2026-04-28 17:00:00,0.718105,0.718595,0.717735,0.718495,1991
2026-04-28 18:00:00,0.7184999999999999,0.7187,0.718255,0.71835,1809
2026-04-28 19:00:00,0.71836,0.7185699999999999,0.71791,0.71803,1277
2026-04-28 20:00:00,0.7180249999999999,0.718315,0.71799,0.7181299999999999,616
2026-04-28 21:00:00,0.718005,0.71837,0.717535,0.7181299999999999,611
2026-04-28 22:00:00,0.718135,0.7184699999999999,0.7180899999999999,0.718225,408
2026-04-28 23:00:00,0.7182200000000001,0.718685,0.718175,0.718685,475
2026-04-29 00:00:00,0.718695,0.7189749999999999,0.71851,0.718615,2165
2026-04-29 01:00:00,0.7186250000000001,0.71863,0.71672,0.71699,5730
2026-04-29 02:00:00,0.7170099999999999,0.71765,0.715975,0.71601,3667
2026-04-29 03:00:00,0.7160249999999999,0.716615,0.71602,0.7161500000000001,2217
2026-04-29 04:00:00,0.7161850000000001,0.71648,0.71604,0.7163349999999999,1320
2026-04-29 05:00:00,0.71632,0.7164250000000001,0.7160150000000001,0.71607,2107
2026-04-29 06:00:00,0.7160599999999999,0.7163200000000001,0.715445,0.7160150000000001,3578
2026-04-29 07:00:00,0.7160249999999999,0.71668,0.7156750000000001,0.71635,5236
2026-04-29 08:00:00,0.71634,0.71656,0.71549,0.71556,5121
2026-04-29 09:00:00,0.7155750000000001,0.715885,0.7149099999999999,0.715025,3419
2026-04-29 10:00:00,0.7150099999999999,0.7161,0.714905,0.71594,2660
2026-04-29 11:00:00,0.715945,0.7160150000000001,0.715545,0.7158800000000001,2279
2026-04-29 12:00:00,0.715865,0.71663,0.71548,0.71553,4740
2026-04-29 13:00:00,0.715535,0.71599,0.7126250000000001,0.712855,8710
2026-04-29 14:00:00,0.71286,0.714595,0.7123349999999999,0.714145,8696
2026-04-29 15:00:00,0.7141500000000001,0.7142999999999999,0.711855,0.7128950000000001,8674
2026-04-29 16:00:00,0.7129000000000001,0.713705,0.7125900000000001,0.7127049999999999,7278
2026-04-29 17:00:00,0.7126950000000001,0.7133499999999999,0.7123,0.713175,3143
2026-04-29 18:00:00,0.7132000000000001,0.713245,0.7101649999999999,0.711395,10772
2026-04-29 19:00:00,0.7114050000000001,0.71201,0.7106600000000001,0.7117100000000001,4912
2026-04-29 20:00:00,0.711715,0.712005,0.711195,0.7116199999999999,4018
2026-04-29 21:00:00,0.711655,0.711695,0.71123,0.7114400000000001,342
2026-04-29 22:00:00,0.71148,0.71217,0.7114,0.7118899999999999,1426
2026-04-29 23:00:00,0.7118899999999999,0.7128749999999999,0.711865,0.7127950000000001,896
2026-04-30 00:00:00,0.7128099999999999,0.713285,0.7121550000000001,0.71216,3813
2026-04-30 01:00:00,0.7121500000000001,0.71279,0.7118249999999999,0.712575,3840
2026-04-30 02:00:00,0.71258,0.71289,0.7117450000000001,0.7126250000000001,4731
2026-04-30 03:00:00,0.71262,0.7130650000000001,0.71251,0.712555,2630
2026-04-30 04:00:00,0.712565,0.7126300000000001,0.7115400000000001,0.7115800000000001,3589
2026-04-30 05:00:00,0.7115849999999999,0.712325,0.711105,0.711285,3458
2026-04-30 06:00:00,0.7112799999999999,0.712265,0.7110099999999999,0.71187,5799
2026-04-30 07:00:00,0.7118599999999999,0.713095,0.71183,0.71282,5880
2026-04-30 08:00:00,0.712825,0.71397,0.71275,0.712995,6719
2026-04-30 09:00:00,0.712995,0.714755,0.7127399999999999,0.7144999999999999,7850
2026-04-30 10:00:00,0.714495,0.71578,0.714035,0.71575,9046
2026-04-30 11:00:00,0.71576,0.716715,0.715285,0.71536,9127
2026-04-30 12:00:00,0.715355,0.71564,0.714475,0.71499,8077
2026-04-30 13:00:00,0.714995,0.716855,0.7149650000000001,0.7162200000000001,9771
2026-04-30 14:00:00,0.7162299999999999,0.719165,0.7160949999999999,0.71884,12853
2026-04-30 15:00:00,0.718825,0.71913,0.718215,0.71828,8536
2026-04-30 16:00:00,0.718295,0.7190650000000001,0.7178,0.718235,5669
2026-04-30 17:00:00,0.7182299999999999,0.718825,0.718065,0.71841,3594
2026-04-30 18:00:00,0.71843,0.7200599999999999,0.71843,0.71984,2525
2026-04-30 19:00:00,0.7198450000000001,0.7202999999999999,0.71972,0.71972,2335
2026-04-30 20:00:00,0.71971,0.72034,0.71963,0.720125,1634
2026-04-30 21:00:00,0.72012,0.72012,0.7194499999999999,0.720045,323
2026-04-30 22:00:00,0.72004,0.720215,0.71976,0.7199899999999999,872
2026-04-30 23:00:00,0.71998,0.720485,0.71997,0.720055,1011
2026-05-01 00:00:00,0.720075,0.720305,0.71956,0.72009,2966
2026-05-01 01:00:00,0.720085,0.7202999999999999,0.71963,0.7201949999999999,2039
2026-05-01 02:00:00,0.72019,0.72051,0.719555,0.719965,1685
2026-05-01 03:00:00,0.71997,0.7203200000000001,0.71946,0.7195750000000001,1358
2026-05-01 04:00:00,0.7195849999999999,0.719615,0.71899,0.719105,1538
2026-05-01 05:00:00,0.71909,0.719375,0.7188749999999999,0.718945,1240
2026-05-01 06:00:00,0.718945,0.7199800000000001,0.71864,0.71957,4839
2026-05-01 07:00:00,0.71958,0.7202999999999999,0.7193050000000001,0.719555,4920
2026-05-01 08:00:00,0.719565,0.719875,0.71912,0.7195050000000001,3832
2026-05-01 09:00:00,0.71951,0.71958,0.71835,0.7185250000000001,3086
2026-05-01 10:00:00,0.71853,0.71923,0.7184349999999999,0.7190300000000001,2170
2026-05-01 11:00:00,0.7190300000000001,0.720005,0.71899,0.7196750000000001,2892
2026-05-01 12:00:00,0.719665,0.7208600000000001,0.719445,0.7202500000000001,6048
2026-05-01 13:00:00,0.720225,0.721485,0.72002,0.721315,7555
2026-05-01 14:00:00,0.721325,0.72279,0.721255,0.721665,8551
2026-05-01 15:00:00,0.7216750000000001,0.7223550000000001,0.721345,0.72175,6998
2026-05-01 16:00:00,0.7217450000000001,0.722125,0.7210799999999999,0.721155,5256
2026-05-01 17:00:00,0.72115,0.7215750000000001,0.720755,0.7210350000000001,2711
2026-05-01 18:00:00,0.7210449999999999,0.72112,0.720205,0.720945,2848
2026-05-01 19:00:00,0.720965,0.721055,0.72046,0.7204999999999999,1667
2026-05-01 20:00:00,0.720505,0.720615,0.71973,0.720065,1761
2026-05-03 22:00:00,0.721875,0.7220500000000001,0.72106,0.7214750000000001,1576
2026-05-03 23:00:00,0.721475,0.721475,0.7209049999999999,0.72095,1214
2026-05-04 00:00:00,0.7209399999999999,0.72131,0.720595,0.72094,3355
2026-05-04 01:00:00,0.720935,0.72097,0.720075,0.720915,3176
2026-05-04 02:00:00,0.72094,0.72099,0.7201649999999999,0.72085,2295
2026-05-04 03:00:00,0.720825,0.7217450000000001,0.720515,0.7214,3533
2026-05-04 04:00:00,0.7214050000000001,0.721445,0.720665,0.720785,1697
2026-05-04 05:00:00,0.7207600000000001,0.7210000000000001,0.72029,0.72078,2442
2026-05-04 06:00:00,0.7207749999999999,0.72095,0.7193700000000001,0.71983,4348
2026-05-04 07:00:00,0.7198150000000001,0.7198249999999999,0.7188749999999999,0.71913,5194
2026-05-04 08:00:00,0.71912,0.7198450000000001,0.71879,0.71948,3670
2026-05-04 09:00:00,0.719495,0.719975,0.71944,0.7196899999999999,2770
2026-05-04 10:00:00,0.719685,0.7197,0.7168049999999999,0.7184900000000001,11479
2026-05-04 11:00:00,0.718485,0.71885,0.71758,0.7178549999999999,6020
2026-05-04 12:00:00,0.717865,0.719175,0.71783,0.718765,5435
2026-05-04 13:00:00,0.71877,0.719575,0.717765,0.718595,7032
2026-05-04 14:00:00,0.718585,0.71913,0.718195,0.71845,6176
2026-05-04 15:00:00,0.71846,0.7188950000000001,0.7162299999999999,0.7165699999999999,11011
2026-05-04 16:00:00,0.716565,0.71687,0.7153400000000001,0.71576,8141
2026-05-04 17:00:00,0.715765,0.71726,0.71573,0.716915,4546
2026-05-04 18:00:00,0.716905,0.71732,0.71651,0.717265,2768
2026-05-04 19:00:00,0.717255,0.7174849999999999,0.7167950000000001,0.71716,2640
2026-05-04 20:00:00,0.7171350000000001,0.7171449999999999,0.716465,0.716705,1218
2026-05-04 21:00:00,0.7167300000000001,0.7172350000000001,0.7166699999999999,0.71679,157
2026-05-04 22:00:00,0.716815,0.7168950000000001,0.716585,0.716745,634
2026-05-04 23:00:00,0.7167699999999999,0.716885,0.7166950000000001,0.71672,431
2026-05-05 00:00:00,0.71673,0.71715,0.7158,0.7159949999999999,2796
2026-05-05 01:00:00,0.716,0.7160299999999999,0.7153,0.715705,2475
2026-05-05 02:00:00,0.71571,0.716485,0.7156549999999999,0.71601,1672
2026-05-05 03:00:00,0.716005,0.7161299999999999,0.715285,0.71532,1220
2026-05-05 04:00:00,0.7153149999999999,0.717085,0.715155,0.715155,3213
2026-05-05 05:00:00,0.715125,0.715415,0.71358,0.713945,4533
2026-05-05 06:00:00,0.71394,0.71485,0.71387,0.71438,3861
2026-05-05 07:00:00,0.71441,0.715835,0.7142900000000001,0.7152050000000001,3968
2026-05-05 08:00:00,0.7152000000000001,0.716375,0.715185,0.715755,3374
2026-05-05 09:00:00,0.7157450000000001,0.7164649999999999,0.715355,0.716385,3316
2026-05-05 10:00:00,0.716375,0.7174050000000001,0.7161150000000001,0.7168049999999999,2293
2026-05-05 11:00:00,0.7167950000000001,0.717445,0.71631,0.717225,2894
2026-05-05 12:00:00,0.7172149999999999,0.718275,0.7167250000000001,0.717535,4148
2026-05-05 13:00:00,0.717545,0.718555,0.717535,0.71803,4559
2026-05-05 14:00:00,0.718065,0.7188749999999999,0.717515,0.718845,6881
2026-05-05 15:00:00,0.71885,0.7197800000000001,0.718675,0.719445,3978
2026-05-05 16:00:00,0.7194400000000001,0.7195499999999999,0.71865,0.718715,2496
2026-05-05 17:00:00,0.71872,0.719125,0.71848,0.7187600000000001,1896
2026-05-05 18:00:00,0.7187699999999999,0.719025,0.7186950000000001,0.71879,1212
2026-05-05 19:00:00,0.7187950000000001,0.71885,0.71814,0.718305,1300
2026-05-05 20:00:00,0.718315,0.7184550000000001,0.718175,0.71826,785
2026-05-05 21:00:00,0.718275,0.7184349999999999,0.717885,0.71836,610
2026-05-05 22:00:00,0.71836,0.72009,0.7181900000000001,0.719665,1914
2026-05-05 23:00:00,0.7196549999999999,0.720835,0.719475,0.720325,2567
2026-05-06 00:00:00,0.72034,0.722405,0.720225,0.72237,5560
2026-05-06 01:00:00,0.722375,0.72341,0.7220949999999999,0.7229,4966
2026-05-06 02:00:00,0.72289,0.7234400000000001,0.7228049999999999,0.7234050000000001,3317
2026-05-06 03:00:00,0.7234,0.724245,0.723205,0.72323,3395
2026-05-06 04:00:00,0.7232350000000001,0.725095,0.723115,0.72444,5468
2026-05-06 05:00:00,0.724425,0.72496,0.7242649999999999,0.7247950000000001,3556
2026-05-06 06:00:00,0.7248,0.724955,0.72409,0.72489,3808
2026-05-06 07:00:00,0.72488,0.7250449999999999,0.723345,0.72422,4606
2026-05-06 08:00:00,0.724205,0.726765,0.723275,0.726055,5921
2026-05-06 09:00:00,0.7260500000000001,0.7263999999999999,0.72509,0.72618,6869
2026-05-06 10:00:00,0.726205,0.727765,0.72517,0.726865,6575
2026-05-06 11:00:00,0.72685,0.726855,0.7248650000000001,0.725055,7074
2026-05-06 12:00:00,0.7250449999999999,0.725055,0.72317,0.72379,7238
2026-05-06 13:00:00,0.723765,0.72412,0.7228950000000001,0.723455,7621
2026-05-06 14:00:00,0.72345,0.724775,0.722955,0.7239949999999999,7241
2026-05-06 15:00:00,0.7239899999999999,0.724055,0.723295,0.7234,4718
2026-05-06 16:00:00,0.72339,0.72339,0.7224200000000001,0.722685,3475
2026-05-06 17:00:00,0.72267,0.723475,0.722575,0.7232149999999999,2048
2026-05-06 18:00:00,0.723225,0.7239150000000001,0.7232149999999999,0.723715,1960
2026-05-06 19:00:00,0.7237100000000001,0.724145,0.72363,0.723785,1621
2026-05-06 20:00:00,0.7237750000000001,0.7238450000000001,0.72351,0.72371,1056
2026-05-06 21:00:00,0.72383,0.724155,0.72327,0.72403,983
2026-05-06 22:00:00,0.723975,0.723975,0.72363,0.7238,581
2026-05-06 23:00:00,0.7238,0.72392,0.723455,0.7235149999999999,498
2026-05-07 00:00:00,0.72351,0.7240150000000001,0.723205,0.72356,3782
2026-05-07 01:00:00,0.723565,0.72488,0.72319,0.72452,3762
2026-05-07 02:00:00,0.724505,0.7246900000000001,0.7239949999999999,0.724315,2560
2026-05-07 03:00:00,0.724305,0.724495,0.7239949999999999,0.72421,1810
2026-05-07 04:00:00,0.7241949999999999,0.72506,0.724155,0.72475,2021
2026-05-07 05:00:00,0.724755,0.72508,0.724615,0.724675,1754
2026-05-07 06:00:00,0.724665,0.725695,0.724045,0.7250749999999999,3593
2026-05-07 07:00:00,0.72507,0.7263649999999999,0.72502,0.7261850000000001,5220
2026-05-07 08:00:00,0.7262,0.726425,0.72571,0.725885,3705
2026-05-07 09:00:00,0.72589,0.72622,0.725385,0.7260249999999999,2746
2026-05-07 10:00:00,0.72602,0.7263850000000001,0.72557,0.7255849999999999,2509
2026-05-07 11:00:00,0.725615,0.7259,0.725185,0.7258549999999999,2653
2026-05-07 12:00:00,0.72586,0.725995,0.72505,0.725265,3732
2026-05-07 13:00:00,0.72526,0.725465,0.724515,0.72485,5689
2026-05-07 14:00:00,0.724845,0.7258249999999999,0.72426,0.725805,5471
2026-05-07 15:00:00,0.7258,0.725835,0.7239,0.72396,5075
2026-05-07 16:00:00,0.723975,0.72428,0.723285,0.72386,5220
2026-05-07 17:00:00,0.72387,0.7241599999999999,0.7224999999999999,0.72344,6356
2026-05-07 18:00:00,0.723445,0.723605,0.722075,0.723005,4806
2026-05-07 19:00:00,0.723015,0.7231799999999999,0.721455,0.72148,5080
2026-05-07 20:00:00,0.7214849999999999,0.722775,0.7204999999999999,0.720915,3401
2026-05-07 21:00:00,0.72092,0.7211650000000001,0.72037,0.72064,409
2026-05-07 22:00:00,0.72061,0.720865,0.72009,0.7203200000000001,1786
2026-05-07 23:00:00,0.7203200000000001,0.720935,0.720305,0.720845,911
2026-05-08 00:00:00,0.72085,0.7212099999999999,0.7200150000000001,0.720755,3824
2026-05-08 01:00:00,0.7207749999999999,0.721495,0.720745,0.7210449999999999,3627
2026-05-08 02:00:00,0.72105,0.7214,0.720395,0.7210449999999999,4053
2026-05-08 03:00:00,0.721055,0.7221,0.72097,0.7215199999999999,2696
2026-05-08 04:00:00,0.721535,0.722225,0.7213849999999999,0.722055,2163
2026-05-08 05:00:00,0.7220599999999999,0.722645,0.721775,0.722345,2459
2026-05-08 06:00:00,0.72236,0.72307,0.722215,0.722645,3533
2026-05-08 07:00:00,0.72264,0.722735,0.7221500000000001,0.722395,3714
2026-05-08 08:00:00,0.722415,0.723635,0.72223,0.72345,3432
2026-05-08 09:00:00,0.72346,0.7241150000000001,0.72307,0.72339,2798
2026-05-08 10:00:00,0.723385,0.72415,0.7232799999999999,0.72365,2161
2026-05-08 11:00:00,0.7236450000000001,0.72399,0.7231700000000001,0.72358,2327
2026-05-08 12:00:00,0.7236,0.7249,0.72281,0.723835,6647
2026-05-08 13:00:00,0.72382,0.724835,0.722895,0.72434,6511
2026-05-08 14:00:00,0.72433,0.7245900000000001,0.723605,0.72438,5848
2026-05-08 15:00:00,0.72437,0.7246349999999999,0.7236899999999999,0.72416,5009
2026-05-08 16:00:00,0.724155,0.72466,0.72402,0.7240599999999999,2417
2026-05-08 17:00:00,0.72405,0.72451,0.7240150000000001,0.72427,1531
2026-05-08 18:00:00,0.7242649999999999,0.724785,0.7240500000000001,0.724225,2061
2026-05-08 19:00:00,0.724235,0.72482,0.7241949999999999,0.7246349999999999,1460
2026-05-08 20:00:00,0.72464,0.72493,0.72447,0.724665,1669
2026-05-10 22:00:00,0.72195,0.7235,0.7219450000000001,0.723395,1490
2026-05-10 23:00:00,0.723385,0.72384,0.7233,0.723425,1136
2026-05-11 00:00:00,0.72343,0.72403,0.723255,0.723795,3889
2026-05-11 01:00:00,0.723805,0.723955,0.7227950000000001,0.723355,4141
2026-05-11 02:00:00,0.7233799999999999,0.72377,0.72299,0.7230000000000001,2193
2026-05-11 03:00:00,0.722985,0.72325,0.7228600000000001,0.722915,1501
2026-05-11 04:00:00,0.722905,0.722925,0.7225349999999999,0.722735,1151
2026-05-11 05:00:00,0.7227250000000001,0.723205,0.722655,0.72295,1988
2026-05-11 06:00:00,0.722955,0.72427,0.722865,0.7241299999999999,2922
2026-05-11 07:00:00,0.724145,0.7242200000000001,0.723625,0.724045,2799
2026-05-11 08:00:00,0.7240599999999999,0.72478,0.72384,0.72384,2473
2026-05-11 09:00:00,0.723835,0.724135,0.723635,0.72367,1529
2026-05-11 10:00:00,0.7236549999999999,0.7244200000000001,0.723565,0.72426,2319
2026-05-11 11:00:00,0.72427,0.724855,0.72397,0.72432,2152
2026-05-11 12:00:00,0.72434,0.7245550000000001,0.72377,0.724345,3233
2026-05-11 13:00:00,0.724355,0.725715,0.7242999999999999,0.7254400000000001,4003
2026-05-11 14:00:00,0.72545,0.7259450000000001,0.724985,0.725595,4746
2026-05-11 15:00:00,0.72559,0.7259500000000001,0.72536,0.725765,3032
2026-05-11 16:00:00,0.7257549999999999,0.725795,0.7246900000000001,0.72506,2601
2026-05-11 17:00:00,0.7250650000000001,0.7254499999999999,0.72477,0.72525,1745
2026-05-11 18:00:00,0.72525,0.725545,0.724885,0.72489,1515
2026-05-11 19:00:00,0.724855,0.72505,0.724725,0.7249099999999999,1381
2026-05-11 20:00:00,0.72492,0.725035,0.72445,0.724925,955
2026-05-11 21:00:00,0.724915,0.725175,0.7246049999999999,0.72506,411
2026-05-11 22:00:00,0.725055,0.7252099999999999,0.72499,0.7249950000000001,568
2026-05-11 23:00:00,0.725015,0.725115,0.724515,0.724585,623
2026-05-12 00:00:00,0.72458,0.72458,0.72332,0.7234849999999999,2580
2026-05-12 01:00:00,0.72349,0.723805,0.72224,0.7231700000000001,4420
2026-05-12 02:00:00,0.723175,0.723695,0.7229399999999999,0.7235149999999999,2709
2026-05-12 03:00:00,0.7235050000000001,0.7235849999999999,0.722865,0.722915,1890
2026-05-12 04:00:00,0.722925,0.723545,0.722925,0.7232099999999999,1451
2026-05-12 05:00:00,0.723205,0.72351,0.72265,0.723015,2730
2026-05-12 06:00:00,0.72302,0.72315,0.721105,0.7212350000000001,4465
2026-05-12 07:00:00,0.72125,0.7221949999999999,0.72089,0.72173,4774
2026-05-12 08:00:00,0.72174,0.722275,0.7212799999999999,0.721765,4178
2026-05-12 09:00:00,0.7217549999999999,0.7225600000000001,0.72146,0.72236,3632
2026-05-12 10:00:00,0.7223550000000001,0.7227,0.72219,0.7224550000000001,2243
2026-05-12 11:00:00,0.722465,0.72315,0.7220500000000001,0.7228749999999999,3334
2026-05-12 12:00:00,0.722885,0.723305,0.721715,0.72309,5150
2026-05-12 13:00:00,0.723085,0.7232149999999999,0.72146,0.7217549999999999,6474
2026-05-12 14:00:00,0.72176,0.723105,0.72173,0.72302,7390
2026-05-12 15:00:00,0.723035,0.723205,0.7214499999999999,0.7222500000000001,5779
2026-05-12 16:00:00,0.722245,0.7225900000000001,0.7214400000000001,0.7215750000000001,3488
2026-05-12 17:00:00,0.72158,0.722565,0.721555,0.722545,2445
2026-05-12 18:00:00,0.7225349999999999,0.723665,0.722315,0.72349,2597
2026-05-12 19:00:00,0.7235,0.724195,0.7234,0.723885,1800
2026-05-12 20:00:00,0.7238800000000001,0.7240599999999999,0.723695,0.724025,830
2026-05-12 21:00:00,0.7240249999999999,0.724315,0.723735,0.72395,271
2026-05-12 22:00:00,0.7239549999999999,0.72421,0.72395,0.7240249999999999,432
2026-05-12 23:00:00,0.724015,0.7241500000000001,0.723695,0.723735,699
2026-05-13 00:00:00,0.7237450000000001,0.724045,0.723275,0.72367,3144
2026-05-13 01:00:00,0.723665,0.724765,0.72307,0.724395,3648
2026-05-13 02:00:00,0.7243850000000001,0.7246049999999999,0.723865,0.723885,1898
2026-05-13 03:00:00,0.723895,0.7239,0.723175,0.72354,2397
2026-05-13 04:00:00,0.72354,0.7236450000000001,0.7231650000000001,0.7234849999999999,1501
2026-05-13 05:00:00,0.723475,0.72399,0.723435,0.72398,2285
2026-05-13 06:00:00,0.723975,0.72428,0.723275,0.7236100000000001,3054
2026-05-13 07:00:00,0.7236,0.7239800000000001,0.72332,0.7234,2975
2026-05-13 08:00:00,0.723385,0.724245,0.723295,0.72412,2664
2026-05-13 09:00:00,0.724125,0.7245,0.7235149999999999,0.724485,2561
2026-05-13 10:00:00,0.724495,0.724915,0.72409,0.7248,3004
2026-05-13 11:00:00,0.7248049999999999,0.7253499999999999,0.72458,0.7250099999999999,2214
2026-05-13 12:00:00,0.7249950000000001,0.725255,0.7236199999999999,0.72418,4950
2026-05-13 13:00:00,0.7241949999999999,0.724845,0.723985,0.724665,5486
2026-05-13 14:00:00,0.72468,0.725785,0.724485,0.72573,5418
2026-05-13 15:00:00,0.7257199999999999,0.727175,0.7255149999999999,0.72621,4236
2026-05-13 16:00:00,0.7261949999999999,0.72694,0.726005,0.72604,3642
2026-05-13 17:00:00,0.72603,0.726425,0.725635,0.72566,1777
2026-05-13 18:00:00,0.7256549999999999,0.7261949999999999,0.72519,0.72573,2635
2026-05-13 19:00:00,0.725725,0.7259500000000001,0.7253149999999999,0.725325,1617
2026-05-13 20:00:00,0.72532,0.72594,0.725075,0.725815,980
2026-05-13 21:00:00,0.725805,0.72623,0.7255050000000001,0.72574,463
2026-05-13 22:00:00,0.7257450000000001,0.7260899999999999,0.72569,0.725985,496
2026-05-13 23:00:00,0.725985,0.726085,0.7252149999999999,0.72542,1028
2026-05-14 00:00:00,0.72541,0.725735,0.724855,0.7251449999999999,3194
2026-05-14 01:00:00,0.7251449999999999,0.725205,0.72452,0.7245999999999999,2948
2026-05-14 02:00:00,0.724595,0.72529,0.7243850000000001,0.72522,2094
2026-05-14 03:00:00,0.7252149999999999,0.72542,0.7247950000000001,0.7251350000000001,1686
2026-05-14 04:00:00,0.7251449999999999,0.725995,0.725095,0.725645,1629
2026-05-14 05:00:00,0.72567,0.726285,0.72526,0.72558,2884
2026-05-14 06:00:00,0.7255849999999999,0.7264349999999999,0.725565,0.726105,3089
2026-05-14 07:00:00,0.72609,0.7261599999999999,0.724075,0.7242299999999999,3810
2026-05-14 08:00:00,0.7242,0.7254,0.7241500000000001,0.72524,3359
2026-05-14 09:00:00,0.72525,0.7254,0.7242200000000001,0.72462,2464
2026-05-14 10:00:00,0.72461,0.72499,0.72386,0.724275,2938
2026-05-14 11:00:00,0.72428,0.7244900000000001,0.72384,0.7239150000000001,2293
2026-05-14 12:00:00,0.723905,0.724325,0.7234750000000001,0.7234849999999999,2905
2026-05-14 13:00:00,0.72348,0.723635,0.721985,0.722065,5601
2026-05-14 14:00:00,0.722045,0.72318,0.721965,0.72282,5816
2026-05-14 15:00:00,0.722815,0.722815,0.722225,0.722415,3695
2026-05-14 16:00:00,0.72241,0.722465,0.721595,0.722125,3952
2026-05-14 17:00:00,0.722135,0.7226950000000001,0.722055,0.7223550000000001,2751
2026-05-14 18:00:00,0.72235,0.72255,0.721865,0.72247,2289
2026-05-14 19:00:00,0.72248,0.7226049999999999,0.72177,0.72199,1512
2026-05-14 20:00:00,0.722005,0.722145,0.721865,0.7221,983
2026-05-14 21:00:00,0.7220599999999999,0.72233,0.721785,0.722115,2143
2026-05-14 22:00:00,0.7221,0.722295,0.721985,0.722245,607
2026-05-14 23:00:00,0.72224,0.722255,0.7213350000000001,0.7214,1060
2026-05-15 00:00:00,0.7214149999999999,0.7218450000000001,0.720135,0.720595,2989
2026-05-15 01:00:00,0.7205900000000001,0.72073,0.7187250000000001,0.71875,4885
2026-05-15 02:00:00,0.718755,0.7199949999999999,0.718505,0.7193050000000001,3706
2026-05-15 03:00:00,0.71928,0.71958,0.718955,0.71936,2231
2026-05-15 04:00:00,0.719355,0.7193849999999999,0.7181150000000001,0.718145,1586
2026-05-15 05:00:00,0.718155,0.718155,0.71559,0.715875,5324
2026-05-15 06:00:00,0.7158549999999999,0.71691,0.715715,0.716005,5525
2026-05-15 07:00:00,0.716025,0.717665,0.715745,0.7167049999999999,4439
2026-05-15 08:00:00,0.71672,0.71685,0.7154849999999999,0.715685,4588
2026-05-15 09:00:00,0.715715,0.715715,0.7139850000000001,0.714755,4984
2026-05-15 10:00:00,0.71475,0.71802,0.7146950000000001,0.71724,5677
2026-05-15 11:00:00,0.7172350000000001,0.7173700000000001,0.71505,0.7152149999999999,3386
2026-05-15 12:00:00,0.715205,0.71548,0.71436,0.71531,4457
2026-05-15 13:00:00,0.7153149999999999,0.715765,0.7143649999999999,0.714735,6745
2026-05-15 14:00:00,0.71472,0.71663,0.71448,0.715435,8291
2026-05-15 15:00:00,0.7154400000000001,0.715695,0.7146349999999999,0.7150350000000001,5696
2026-05-15 16:00:00,0.715055,0.715905,0.714825,0.715665,3537
2026-05-15 17:00:00,0.71567,0.716345,0.7155400000000001,0.715875,2351
2026-05-15 18:00:00,0.7158800000000001,0.7159949999999999,0.714795,0.71532,3230
2026-05-15 19:00:00,0.71534,0.7153700000000001,0.71481,0.7149749999999999,2079
2026-05-15 20:00:00,0.71498,0.715005,0.714485,0.714955,1616
2026-05-17 22:00:00,0.71495,0.715425,0.714765,0.715005,1906
2026-05-17 23:00:00,0.7150099999999999,0.7151350000000001,0.712785,0.71297,2431
2026-05-18 00:00:00,0.712965,0.71322,0.71186,0.71248,6274
2026-05-18 01:00:00,0.71247,0.713195,0.7120299999999999,0.712855,6305
2026-05-18 02:00:00,0.71285,0.713225,0.7122649999999999,0.7124999999999999,3084
2026-05-18 03:00:00,0.71252,0.713495,0.712445,0.7134400000000001,2641
2026-05-18 04:00:00,0.713435,0.7137899999999999,0.7130700000000001,0.713155,2076
2026-05-18 05:00:00,0.713165,0.71356,0.712665,0.71318,3555
2026-05-18 06:00:00,0.713165,0.714915,0.71306,0.71489,3572
2026-05-18 07:00:00,0.7149000000000001,0.7158150000000001,0.71433,0.715195,4293
2026-05-18 08:00:00,0.7152050000000001,0.71648,0.71481,0.715835,3834
2026-05-18 09:00:00,0.7158249999999999,0.716155,0.71548,0.7155750000000001,2457
2026-05-18 10:00:00,0.715565,0.7156750000000001,0.714815,0.7148749999999999,2482
2026-05-18 11:00:00,0.71488,0.716825,0.7146250000000001,0.7160150000000001,5678
2026-05-18 12:00:00,0.7160249999999999,0.718445,0.715875,0.7178549999999999,5601
2026-05-18 13:00:00,0.7178450000000001,0.7180949999999999,0.71668,0.7173400000000001,6960
2026-05-18 14:00:00,0.71733,0.717375,0.7156750000000001,0.715885,7733
2026-05-18 15:00:00,0.715905,0.7161200000000001,0.71486,0.715895,6742
2026-05-18 16:00:00,0.715885,0.71661,0.715375,0.7162,4726
2026-05-18 17:00:00,0.716185,0.716565,0.7159500000000001,0.716305,2955
2026-05-18 18:00:00,0.716325,0.7163649999999999,0.714855,0.714875,3913
2026-05-18 19:00:00,0.714885,0.71749,0.71478,0.716825,6974
2026-05-18 20:00:00,0.7168300000000001,0.7172000000000001,0.71668,0.71685,1138
2026-05-18 21:00:00,0.716845,0.717125,0.71609,0.71692,368
2026-05-18 22:00:00,0.716915,0.71732,0.716915,0.71726,759
2026-05-18 23:00:00,0.71726,0.7176849999999999,0.717035,0.7170449999999999,1008
2026-05-19 00:00:00,0.71705,0.717275,0.7150449999999999,0.715115,4004
2026-05-19 01:00:00,0.7151000000000001,0.715295,0.71395,0.714545,4666
2026-05-19 02:00:00,0.7145349999999999,0.714535,0.7136199999999999,0.7141649999999999,3513
2026-05-19 03:00:00,0.714145,0.7144900000000001,0.71365,0.7137199999999999,2300
2026-05-19 04:00:00,0.7137249999999999,0.713875,0.7127650000000001,0.712935,2195
2026-05-19 05:00:00,0.712935,0.713425,0.712495,0.7132350000000001,3425
2026-05-19 06:00:00,0.713265,0.71367,0.712955,0.7134149999999999,3764
2026-05-19 07:00:00,0.71341,0.713655,0.7125349999999999,0.7125349999999999,3562
2026-05-19 08:00:00,0.712545,0.7126049999999999,0.71146,0.7117549999999999,3603
2026-05-19 09:00:00,0.7117549999999999,0.71176,0.7108749999999999,0.711535,3428
2026-05-19 10:00:00,0.71153,0.7121649999999999,0.71087,0.7116549999999999,3809
2026-05-19 11:00:00,0.71167,0.712135,0.711455,0.711705,2855
2026-05-19 12:00:00,0.711685,0.712305,0.71141,0.711465,3794
2026-05-19 13:00:00,0.7114499999999999,0.711515,0.7100599999999999,0.710935,8012
2026-05-19 14:00:00,0.710925,0.71122,0.707945,0.708485,9453
2026-05-19 15:00:00,0.7084900000000001,0.710125,0.708235,0.7099850000000001,5688
2026-05-19 16:00:00,0.71001,0.711265,0.709565,0.7111099999999999,4161
2026-05-19 17:00:00,0.711105,0.71164,0.71106,0.711255,2665
2026-05-19 18:00:00,0.71126,0.7115,0.71059,0.71064,3042
2026-05-19 19:00:00,0.710635,0.711105,0.7105250000000001,0.71089,2447
2026-05-19 20:00:00,0.710895,0.710925,0.710555,0.710735,737
2026-05-19 21:00:00,0.710715,0.710985,0.710675,0.71088,380
2026-05-19 22:00:00,0.710885,0.71089,0.71053,0.71075,787
2026-05-19 23:00:00,0.71078,0.71129,0.710415,0.710415,780
2026-05-20 00:00:00,0.710385,0.710465,0.70923,0.70925,4889
2026-05-20 01:00:00,0.709245,0.7102550000000001,0.7086950000000001,0.7101500000000001,5848
2026-05-20 02:00:00,0.71016,0.7107049999999999,0.70919,0.7095800000000001,4171
2026-05-20 03:00:00,0.7095849999999999,0.710615,0.709365,0.710305,2761
2026-05-20 04:00:00,0.710315,0.710955,0.70981,0.70998,2076
2026-05-20 05:00:00,0.709965,0.710585,0.7097450000000001,0.71024,2966
2026-05-20 06:00:00,0.710225,0.7112400000000001,0.710045,0.7104900000000001,3735
2026-05-20 07:00:00,0.7104999999999999,0.711345,0.710315,0.710725,3069
2026-05-20 08:00:00,0.710715,0.711625,0.710485,0.711165,3556
2026-05-20 09:00:00,0.711155,0.711545,0.71088,0.711255,1902
2026-05-20 10:00:00,0.711245,0.712615,0.71122,0.7125049999999999,2008
2026-05-20 11:00:00,0.712515,0.713495,0.712215,0.71279,2194
2026-05-20 12:00:00,0.7128,0.713275,0.71231,0.712445,2447
2026-05-20 13:00:00,0.7124349999999999,0.712925,0.711885,0.71213,4784
2026-05-20 14:00:00,0.712145,0.71556,0.711515,0.71533,11278
2026-05-20 15:00:00,0.715335,0.71743,0.71467,0.715075,9685
2026-05-20 16:00:00,0.71507,0.716135,0.714905,0.71546,5444
2026-05-20 17:00:00,0.715465,0.715805,0.715165,0.715225,4004
2026-05-20 18:00:00,0.7152149999999999,0.7161949999999999,0.714955,0.7158,2675
2026-05-20 19:00:00,0.71578,0.7162200000000001,0.7156800000000001,0.715905,1953
2026-05-20 20:00:00,0.7159,0.7159,0.71511,0.71511,1484
2026-05-20 21:00:00,0.715095,0.7157,0.71492,0.71548,470
2026-05-20 22:00:00,0.71548,0.71549,0.714985,0.715245,908
2026-05-20 23:00:00,0.7152449999999999,0.7152799999999999,0.714905,0.7149399999999999,671
2026-05-21 00:00:00,0.7149449999999999,0.715035,0.71444,0.7148000000000001,2702
2026-05-21 01:00:00,0.7148049999999999,0.7156750000000001,0.711095,0.71194,5418
2026-05-21 02:00:00,0.711965,0.7124600000000001,0.7099850000000001,0.710745,5094
2026-05-21 03:00:00,0.7107399999999999,0.7119850000000001,0.710715,0.711895,2099
2026-05-21 04:00:00,0.71187,0.7130000000000001,0.711855,0.712715,1585
2026-05-21 05:00:00,0.712725,0.71292,0.71159,0.7124349999999999,3186
2026-05-21 06:00:00,0.71243,0.7127950000000001,0.71085,0.711335,4252
2026-05-21 07:00:00,0.711335,0.71218,0.710825,0.711855,6362
2026-05-21 08:00:00,0.7118500000000001,0.713965,0.711605,0.713185,6066
2026-05-21 09:00:00,0.713175,0.71424,0.7131000000000001,0.71359,3134
2026-05-21 10:00:00,0.71357,0.713955,0.71175,0.712465,7227
2026-05-21 11:00:00,0.7124550000000001,0.71379,0.71238,0.71256,4079
2026-05-21 12:00:00,0.712565,0.713345,0.71224,0.7125250000000001,5530
2026-05-21 13:00:00,0.7125,0.713455,0.71164,0.713085,7257
2026-05-21 14:00:00,0.71309,0.7137899999999999,0.7122200000000001,0.7136199999999999,6863
2026-05-21 15:00:00,0.713625,0.7136549999999999,0.712305,0.713265,6067
2026-05-21 16:00:00,0.713285,0.71392,0.713265,0.7136899999999999,4034
2026-05-21 17:00:00,0.7137,0.716865,0.7135,0.716295,8747
2026-05-21 18:00:00,0.7162850000000001,0.71669,0.7143349999999999,0.7147300000000001,6452
2026-05-21 19:00:00,0.714715,0.715805,0.71458,0.715445,3855
2026-05-21 20:00:00,0.71546,0.71556,0.714865,0.71498,972
2026-05-21 21:00:00,0.71503,0.715735,0.71469,0.714905,821
2026-05-21 22:00:00,0.7148749999999999,0.7153,0.7148399999999999,0.71514,520
2026-05-21 23:00:00,0.71514,0.7152000000000001,0.71462,0.7147950000000001,661
2026-05-22 00:00:00,0.714805,0.714805,0.714045,0.714135,2365
2026-05-22 01:00:00,0.714135,0.714435,0.7135750000000001,0.7137,2316
2026-05-22 02:00:00,0.7136899999999999,0.7143550000000001,0.713685,0.713975,1403
2026-05-22 03:00:00,0.7139599999999999,0.71406,0.713455,0.7139850000000001,1150
2026-05-22 04:00:00,0.713975,0.7142200000000001,0.7138450000000001,0.71407,892
2026-05-22 05:00:00,0.714065,0.71463,0.71368,0.713785,1690
2026-05-22 06:00:00,0.71379,0.7140599999999999,0.713185,0.71361,3018
2026-05-22 07:00:00,0.713615,0.713615,0.71273,0.713445,2580
2026-05-22 08:00:00,0.71344,0.714425,0.713035,0.713355,3603
2026-05-22 09:00:00,0.713345,0.7134,0.7124600000000001,0.71292,2618
2026-05-22 10:00:00,0.712905,0.713255,0.712275,0.71252,2204
2026-05-22 11:00:00,0.71253,0.7125950000000001,0.7119850000000001,0.7121649999999999,2214
2026-05-22 12:00:00,0.712155,0.713385,0.711975,0.713185,4378
2026-05-22 13:00:00,0.713175,0.7142850000000001,0.712315,0.71296,5987
2026-05-22 14:00:00,0.712915,0.71295,0.7116549999999999,0.7127,6106
2026-05-22 15:00:00,0.7126950000000001,0.71335,0.71248,0.71309,3662
2026-05-22 16:00:00,0.7130799999999999,0.713685,0.7128650000000001,0.71353,2427
2026-05-22 17:00:00,0.713535,0.71424,0.713335,0.7137899999999999,3717
2026-05-22 18:00:00,0.7138,0.714055,0.7134199999999999,0.713815,2063
2026-05-22 19:00:00,0.71382,0.713885,0.7131149999999999,0.713195,1751
2026-05-22 20:00:00,0.7132000000000001,0.7132400000000001,0.71261,0.7127950000000001,2555
2026-05-24 22:00:00,0.715435,0.71612,0.715395,0.7158249999999999,1965
2026-05-24 23:00:00,0.7158450000000001,0.71618,0.715645,0.715685,1256
2026-05-25 00:00:00,0.7156750000000001,0.7165349999999999,0.7154,0.71587,2276
2026-05-25 01:00:00,0.7158800000000001,0.717285,0.71584,0.71662,2474
2026-05-25 02:00:00,0.716635,0.717175,0.716325,0.71643,1233
2026-05-25 03:00:00,0.716425,0.716635,0.716035,0.7161299999999999,1218
2026-05-25 04:00:00,0.716125,0.7171000000000001,0.71609,0.716915,951
2026-05-25 05:00:00,0.716885,0.7171700000000001,0.7164349999999999,0.71653,1252
2026-05-25 06:00:00,0.716495,0.716835,0.71643,0.7166049999999999,1836
2026-05-25 07:00:00,0.71662,0.71665,0.715225,0.716055,2806
2026-05-25 08:00:00,0.716065,0.716745,0.7158249999999999,0.716685,1470
2026-05-25 09:00:00,0.71669,0.7169749999999999,0.71658,0.7166950000000001,837
2026-05-25 10:00:00,0.7167,0.7169449999999999,0.716565,0.716645,740
2026-05-25 11:00:00,0.716665,0.71751,0.7164349999999999,0.716965,1290
2026-05-25 12:00:00,0.716955,0.71744,0.716825,0.7169749999999999,2186
2026-05-25 13:00:00,0.71697,0.7172799999999999,0.71671,0.716885,1649
2026-05-25 14:00:00,0.7168950000000001,0.717895,0.7168950000000001,0.717835,1564
2026-05-25 15:00:00,0.717825,0.71821,0.7172700000000001,0.71731,2120
2026-05-25 16:00:00,0.7173149999999999,0.717395,0.717025,0.71735,896
2026-05-25 17:00:00,0.717345,0.71768,0.7173,0.7175549999999999,406
2026-05-25 18:00:00,0.717565,0.7175849999999999,0.71741,0.71753,141
2026-05-25 19:00:00,0.717535,0.717635,0.717495,0.71757,180
2026-05-25 20:00:00,0.7175849999999999,0.71767,0.71733,0.71739,312
2026-05-25 21:00:00,0.717395,0.717405,0.71697,0.717105,654
2026-05-25 22:00:00,0.7171,0.717475,0.7170650000000001,0.717365,664
2026-05-25 23:00:00,0.71738,0.71757,0.7167749999999999,0.7168049999999999,761
2026-05-26 00:00:00,0.716815,0.7170799999999999,0.71641,0.717035,2075
2026-05-26 01:00:00,0.71704,0.717125,0.7161649999999999,0.716515,2620
2026-05-26 02:00:00,0.716505,0.71671,0.71624,0.7166,1319
2026-05-26 03:00:00,0.71661,0.717255,0.716565,0.7171000000000001,987
2026-05-26 04:00:00,0.717105,0.71717,0.7161,0.7161,998
2026-05-26 05:00:00,0.71609,0.7161649999999999,0.7156549999999999,0.7159599999999999,1243
2026-05-26 06:00:00,0.715955,0.716925,0.71585,0.71652,2081
2026-05-26 07:00:00,0.716545,0.7165600000000001,0.71553,0.7163649999999999,3627
2026-05-26 08:00:00,0.716375,0.716715,0.71601,0.716375,2381
2026-05-26 09:00:00,0.716385,0.7165250000000001,0.7159150000000001,0.7164,2101
2026-05-26 10:00:00,0.71641,0.71682,0.7160150000000001,0.716565,2123
2026-05-26 11:00:00,0.7165699999999999,0.716885,0.7161150000000001,0.71643,2057
2026-05-26 12:00:00,0.716425,0.71689,0.7162200000000001,0.71681,2129
2026-05-26 13:00:00,0.716795,0.7176450000000001,0.7162900000000001,0.7168749999999999,3993
2026-05-26 14:00:00,0.716905,0.71739,0.71653,0.71681,3844
2026-05-26 15:00:00,0.7168,0.716825,0.71584,0.7160599999999999,3339
2026-05-26 16:00:00,0.716085,0.71668,0.7160249999999999,0.7162850000000001,1886
2026-05-26 17:00:00,0.716265,0.716475,0.7161,0.7162299999999999,1388
2026-05-26 18:00:00,0.71624,0.7169000000000001,0.716175,0.71681,1291
2026-05-26 19:00:00,0.7168049999999999,0.717025,0.7166250000000001,0.71688,1102
2026-05-26 20:00:00,0.7168749999999999,0.71699,0.71661,0.71689,507
2026-05-26 21:00:00,0.716825,0.717205,0.716595,0.716775,772
2026-05-26 22:00:00,0.71677,0.7168950000000001,0.7166399999999999,0.716755,667
2026-05-26 23:00:00,0.716745,0.717455,0.716745,0.71706,558
2026-05-27 00:00:00,0.7170749999999999,0.717955,0.71687,0.71756,2085
2026-05-27 01:00:00,0.7175549999999999,0.717855,0.715275,0.7156450000000001,3403
2026-05-27 02:00:00,0.715695,0.71655,0.71553,0.7161949999999999,3377
2026-05-27 03:00:00,0.71619,0.71674,0.71573,0.71599,1897
2026-05-27 04:00:00,0.7159800000000001,0.716405,0.71577,0.7160949999999999,1616
2026-05-27 05:00:00,0.71609,0.71626,0.71547,0.7154849999999999,1994
2026-05-27 06:00:00,0.7154750000000001,0.715615,0.7146,0.714635,3083
2026-05-27 07:00:00,0.71465,0.715005,0.713765,0.71384,2544
2026-05-27 08:00:00,0.7138150000000001,0.71423,0.71356,0.7141599999999999,2490
2026-05-27 09:00:00,0.7141500000000001,0.71462,0.7139800000000001,0.71423,1650
2026-05-27 10:00:00,0.714225,0.71449,0.7132149999999999,0.7134050000000001,1978
2026-05-27 11:00:00,0.71341,0.71364,0.712885,0.7132499999999999,2067
2026-05-27 12:00:00,0.713255,0.714965,0.71239,0.713395,7024
2026-05-27 13:00:00,0.7133700000000001,0.713895,0.7130650000000001,0.71376,6138
2026-05-27 14:00:00,0.7137800000000001,0.71424,0.712475,0.71272,7489
2026-05-27 15:00:00,0.7127049999999999,0.71395,0.7126,0.713545,4977
2026-05-27 16:00:00,0.7135549999999999,0.71408,0.71315,0.71392,2486
2026-05-27 17:00:00,0.71393,0.71397,0.713215,0.7135549999999999,2272
2026-05-27 18:00:00,0.713535,0.71397,0.71333,0.7139150000000001,1436
2026-05-27 19:00:00,0.7139249999999999,0.71424,0.7138249999999999,0.71417,1080
2026-05-27 20:00:00,0.7141649999999999,0.71427,0.7140299999999999,0.7140299999999999,650
2026-05-27 21:00:00,0.714095,0.714305,0.7136549999999999,0.71392,1352
2026-05-27 22:00:00,0.7139,0.71432,0.7139,0.7141850000000001,637
2026-05-27 23:00:00,0.71418,0.714465,0.7132499999999999,0.713295,1149
2026-05-28 00:00:00,0.713285,0.71356,0.71282,0.71316,2860
2026-05-28 01:00:00,0.713155,0.7133149999999999,0.7117899999999999,0.71191,3138
2026-05-28 02:00:00,0.7119249999999999,0.712575,0.711835,0.71244,2127
2026-05-28 03:00:00,0.7124349999999999,0.7128049999999999,0.70994,0.710195,4046
2026-05-28 04:00:00,0.71019,0.71051,0.709775,0.71044,3005
2026-05-28 05:00:00,0.7104349999999999,0.71205,0.71018,0.7116549999999999,2834
2026-05-28 06:00:00,0.71167,0.712615,0.7115849999999999,0.7120249999999999,2339
2026-05-28 07:00:00,0.712035,0.712715,0.711785,0.7121999999999999,3914
2026-05-28 08:00:00,0.7121949999999999,0.712395,0.71139,0.7117450000000001,2424
2026-05-28 09:00:00,0.71178,0.7124550000000001,0.7116750000000001,0.712045,1879
2026-05-28 10:00:00,0.712035,0.71234,0.710845,0.71121,2704
2026-05-28 11:00:00,0.7112,0.7119150000000001,0.711185,0.711805,2486
2026-05-28 12:00:00,0.711795,0.71331,0.711765,0.71319,3508
2026-05-28 13:00:00,0.713195,0.71364,0.71256,0.7127600000000001,4136
2026-05-28 14:00:00,0.712735,0.7155849999999999,0.7125250000000001,0.714835,9845
2026-05-28 15:00:00,0.71485,0.716195,0.714845,0.7158,4021
2026-05-28 16:00:00,0.715795,0.71699,0.71564,0.71682,2739
2026-05-28 17:00:00,0.716835,0.71688,0.716405,0.71654,1470
2026-05-28 18:00:00,0.71653,0.7167749999999999,0.716045,0.7163,1980
2026-05-28 19:00:00,0.716275,0.71665,0.71615,0.71618,1248
2026-05-28 20:00:00,0.71617,0.71635,0.7161150000000001,0.71631,797
2026-05-28 21:00:00,0.71628,0.71652,0.7160249999999999,0.71652,1918
2026-05-28 22:00:00,0.71651,0.71657,0.716235,0.7162649999999999,696
2026-05-28 23:00:00,0.716275,0.716515,0.716135,0.716325,1089
2026-05-29 00:00:00,0.7163299999999999,0.7167250000000001,0.715855,0.7160299999999999,1824
2026-05-29 01:00:00,0.71604,0.7165600000000001,0.71565,0.71608,2391
2026-05-29 02:00:00,0.71609,0.71634,0.715635,0.71575,1760
2026-05-29 03:00:00,0.71577,0.7157899999999999,0.71534,0.7154400000000001,1463
2026-05-29 04:00:00,0.71546,0.71637,0.71544,0.71634,1271
2026-05-29 05:00:00,0.71635,0.716735,0.716245,0.7163349999999999,1178
2026-05-29 06:00:00,0.71633,0.7167300000000001,0.7157,0.7160949999999999,2554
2026-05-29 07:00:00,0.716075,0.7164550000000001,0.7152350000000001,0.7160850000000001,3021
2026-05-29 08:00:00,0.71607,0.71607,0.714915,0.7152799999999999,2240
2026-05-29 09:00:00,0.71529,0.715735,0.715095,0.7155549999999999,2288
2026-05-29 10:00:00,0.7155549999999999,0.71583,0.7152499999999999,0.7157800000000001,1786
2026-05-29 11:00:00,0.71577,0.7170000000000001,0.71574,0.716995,2238
2026-05-29 12:00:00,0.71698,0.7179150000000001,0.7167600000000001,0.71791,2889
2026-05-29 13:00:00,0.71792,0.7190300000000001,0.7178100000000001,0.71878,3859
2026-05-29 14:00:00,0.71879,0.719795,0.71758,0.7194050000000001,8119
2026-05-29 15:00:00,0.7194149999999999,0.72006,0.7188950000000001,0.71899,8023
2026-05-29 16:00:00,0.71898,0.719195,0.718595,0.7188699999999999,4445
2026-05-29 17:00:00,0.7188699999999999,0.718955,0.718205,0.71821,2632
2026-05-29 18:00:00,0.7182,0.718715,0.7181249999999999,0.7182550000000001,2636
2026-05-29 19:00:00,0.71824,0.718905,0.7182,0.7187049999999999,1900
2026-05-29 20:00:00,0.718715,0.718745,0.71826,0.71844,2879
2026-05-31 22:00:00,0.717715,0.71821,0.717225,0.717885,1590
2026-05-31 23:00:00,0.717895,0.718385,0.7178249999999999,0.71802,1948
2026-06-01 00:00:00,0.7180150000000001,0.7185250000000001,0.717805,0.718395,2978
2026-06-01 01:00:00,0.718405,0.71865,0.718245,0.71853,1899
2026-06-01 02:00:00,0.71851,0.718755,0.71826,0.71844,1424
2026-06-01 03:00:00,0.718445,0.718615,0.7175849999999999,0.71801,1630
2026-06-01 04:00:00,0.718025,0.7185999999999999,0.718025,0.71855,764
2026-06-01 05:00:00,0.718555,0.71895,0.71844,0.718675,1367
2026-06-01 06:00:00,0.71869,0.71904,0.717765,0.71821,2320
2026-06-01 07:00:00,0.71819,0.718475,0.7176750000000001,0.717975,2612
2026-06-01 08:00:00,0.717985,0.7184250000000001,0.71791,0.7184250000000001,1810
2026-06-01 09:00:00,0.7184299999999999,0.718585,0.71768,0.7178899999999999,2262
2026-06-01 10:00:00,0.717905,0.7179249999999999,0.71743,0.7176199999999999,1547
2026-06-01 11:00:00,0.717625,0.7177100000000001,0.717195,0.717295,1817
2026-06-01 12:00:00,0.71731,0.7174400000000001,0.71678,0.71697,2689
2026-06-01 13:00:00,0.7169749999999999,0.7170300000000001,0.71364,0.71379,10701
2026-06-01 14:00:00,0.71376,0.714485,0.71347,0.71414,7049
2026-06-01 15:00:00,0.714135,0.716045,0.714125,0.7152149999999999,5221
2026-06-01 16:00:00,0.715225,0.7162299999999999,0.714745,0.7160299999999999,3447
2026-06-01 17:00:00,0.716055,0.71721,0.71575,0.71669,3322
2026-06-01 18:00:00,0.71668,0.7167049999999999,0.7162,0.71621,1120
2026-06-01 19:00:00,0.716205,0.716385,0.715965,0.71618,1294
2026-06-01 20:00:00,0.716175,0.716325,0.71595,0.7159500000000001,729
2026-06-01 21:00:00,0.7158549999999999,0.71713,0.7158549999999999,0.7164950000000001,722
2026-06-01 22:00:00,0.716485,0.71652,0.7159899999999999,0.716155,665
2026-06-01 23:00:00,0.716135,0.71652,0.716055,0.71645,585
2026-06-02 00:00:00,0.7164550000000001,0.716565,0.7157450000000001,0.71592,2502
2026-06-02 01:00:00,0.715935,0.7167749999999999,0.715295,0.7154499999999999,2948
2026-06-02 02:00:00,0.715455,0.7161500000000001,0.71534,0.71585,1500
2026-06-02 03:00:00,0.7158450000000001,0.7160150000000001,0.715465,0.716,1566
2026-06-02 04:00:00,0.71599,0.71626,0.71582,0.716225,1046
2026-06-02 05:00:00,0.71624,0.716625,0.716125,0.71614,1367
2026-06-02 06:00:00,0.7161649999999999,0.717895,0.7161649999999999,0.71775,2791
2026-06-02 07:00:00,0.717765,0.7183550000000001,0.7176549999999999,0.7181500000000001,2550
2026-06-02 08:00:00,0.7181649999999999,0.718665,0.7178100000000001,0.717975,2147
2026-06-02 09:00:00,0.71797,0.718305,0.7176,0.718295,1761
2026-06-02 10:00:00,0.71831,0.7184999999999999,0.717925,0.718305,1591
2026-06-02 11:00:00,0.71831,0.71844,0.718045,0.71808,1546
2026-06-02 12:00:00,0.71809,0.718235,0.717605,0.7177199999999999,2341
2026-06-02 13:00:00,0.71773,0.717965,0.7172799999999999,0.717515,4304
2026-06-02 14:00:00,0.7175100000000001,0.718505,0.716995,0.7184900000000001,4425
2026-06-02 15:00:00,0.718485,0.7188049999999999,0.7181150000000001,0.718495,2729
2026-06-02 16:00:00,0.7185,0.7187049999999999,0.7176549999999999,0.71791,1732
2026-06-02 17:00:00,0.717895,0.7180500000000001,0.717215,0.717265,1545
2026-06-02 18:00:00,0.717275,0.717935,0.71712,0.717895,1411
2026-06-02 19:00:00,0.71789,0.718205,0.71789,0.7182,787
2026-06-02 20:00:00,0.71819,0.7182900000000001,0.71795,0.718055,687
2026-06-02 21:00:00,0.7179850000000001,0.718155,0.71767,0.71803,235
2026-06-02 22:00:00,0.718035,0.71808,0.71771,0.7177450000000001,597
2026-06-02 23:00:00,0.7177450000000001,0.717835,0.71715,0.717325,1361
2026-06-03 00:00:00,0.717325,0.71818,0.7172449999999999,0.718105,1824
2026-06-03 01:00:00,0.71811,0.71816,0.717035,0.717725,2802
2026-06-03 02:00:00,0.717715,0.718,0.7169650000000001,0.717395,1737
2026-06-03 03:00:00,0.7174,0.71759,0.71696,0.71716,1449
2026-06-03 04:00:00,0.717175,0.7173350000000001,0.716735,0.7169000000000001,1024
2026-06-03 05:00:00,0.716915,0.7171449999999999,0.7162200000000001,0.716325,1813
2026-06-03 06:00:00,0.71631,0.7165699999999999,0.715255,0.7159949999999999,3850
2026-06-03 07:00:00,0.716005,0.71688,0.715695,0.716565,3272
2026-06-03 08:00:00,0.71658,0.71668,0.7158100000000001,0.71609,3074
2026-06-03 09:00:00,0.7161,0.71685,0.71608,0.7163550000000001,2158
2026-06-03 10:00:00,0.716345,0.717705,0.71626,0.71682,3408
2026-06-03 11:00:00,0.71681,0.71705,0.7165349999999999,0.71658,1772
2026-06-03 12:00:00,0.7165699999999999,0.71663,0.715005,0.71529,3212
2026-06-03 13:00:00,0.7152799999999999,0.71549,0.7137199999999999,0.714065,5146
2026-06-03 14:00:00,0.71407,0.71497,0.7139800000000001,0.714715,5891
2026-06-03 15:00:00,0.71471,0.71473,0.713615,0.7138249999999999,4280
2026-06-03 16:00:00,0.71383,0.71383,0.71303,0.713545,3433
2026-06-03 17:00:00,0.7135499999999999,0.713895,0.71297,0.713255,1723
2026-06-03 18:00:00,0.71326,0.7133700000000001,0.712935,0.713075,1390
2026-06-03 19:00:00,0.7130650000000001,0.713235,0.712925,0.71301,1345
2026-06-03 20:00:00,0.71301,0.7130650000000001,0.71269,0.712905,1181
2026-06-03 21:00:00,0.7129,0.71339,0.71278,0.712925,561
2026-06-03 22:00:00,0.7129449999999999,0.71397,0.71268,0.713605,1671
2026-06-03 23:00:00,0.7136100000000001,0.7137249999999999,0.7127600000000001,0.71341,1655
2026-06-04 00:00:00,0.71339,0.71373,0.712975,0.7130799999999999,3520
2026-06-04 01:00:00,0.71307,0.7136549999999999,0.71254,0.7131149999999999,3208
2026-06-04 02:00:00,0.71313,0.713155,0.71227,0.71277,2589
2026-06-04 03:00:00,0.7127650000000001,0.71283,0.71226,0.712805,1423
2026-06-04 04:00:00,0.7128099999999999,0.7133400000000001,0.712635,0.7129449999999999,1262
2026-06-04 05:00:00,0.712935,0.71306,0.71235,0.713005,1925
2026-06-04 06:00:00,0.7130099999999999,0.713825,0.7128950000000001,0.7135400000000001,3307
2026-06-04 07:00:00,0.71355,0.713775,0.7126600000000001,0.713055,2983
2026-06-04 08:00:00,0.71306,0.713365,0.71272,0.713095,2898
2026-06-04 09:00:00,0.7131000000000001,0.71372,0.71296,0.7134199999999999,2661
2026-06-04 10:00:00,0.7134149999999999,0.71389,0.713265,0.7134499999999999,2472
2026-06-04 11:00:00,0.71346,0.71481,0.713455,0.7147,3216
2026-06-04 12:00:00,0.714705,0.714905,0.7139,0.714115,3993
2026-06-04 13:00:00,0.7141,0.7145900000000001,0.714,0.7142850000000001,5127
2026-06-04 14:00:00,0.7142850000000001,0.71451,0.7134849999999999,0.714005,4260
2026-06-04 15:00:00,0.714,0.71427,0.713645,0.7141649999999999,3123
2026-06-04 16:00:00,0.71417,0.71435,0.7139800000000001,0.714,2006
2026-06-04 17:00:00,0.7139949999999999,0.7141200000000001,0.7138100000000001,0.713905,1328
2026-06-04 18:00:00,0.713915,0.7140850000000001,0.71353,0.7136199999999999,1349
2026-06-04 19:00:00,0.713625,0.713735,0.7133849999999999,0.713595,1145
2026-06-04 20:00:00,0.7136,0.713615,0.71327,0.7133750000000001,724
2026-06-04 21:00:00,0.713495,0.714265,0.71323,0.71333,650
2026-06-04 22:00:00,0.713345,0.713495,0.71319,0.71336,596
2026-06-04 23:00:00,0.713355,0.7136100000000001,0.71292,0.713075,680
2026-06-05 00:00:00,0.71307,0.71307,0.7122649999999999,0.71234,2818
2026-06-05 01:00:00,0.7123349999999999,0.712405,0.71056,0.711935,4225
2026-06-05 02:00:00,0.71193,0.712845,0.7117199999999999,0.712565,2229
2026-06-05 03:00:00,0.7125699999999999,0.712845,0.712105,0.7122299999999999,2101
2026-06-05 04:00:00,0.712235,0.71303,0.71221,0.7127749999999999,1853
2026-06-05 05:00:00,0.71278,0.71286,0.71184,0.711955,1848
2026-06-05 06:00:00,0.7119500000000001,0.712645,0.71155,0.712515,2802
2026-06-05 07:00:00,0.71251,0.71357,0.71245,0.713045,2883
2026-06-05 08:00:00,0.71303,0.713765,0.712985,0.713085,2164
2026-06-05 09:00:00,0.7130799999999999,0.714055,0.71299,0.71382,2787
2026-06-05 10:00:00,0.713815,0.71439,0.713775,0.71414,1443
2026-06-05 11:00:00,0.71412,0.71438,0.713785,0.714225,2152
2026-06-05 12:00:00,0.7142299999999999,0.71432,0.7102649999999999,0.710295,6981
2026-06-05 13:00:00,0.7102999999999999,0.71111,0.708185,0.70819,9956
2026-06-05 14:00:00,0.708175,0.708725,0.706645,0.7081,8644
2026-06-05 15:00:00,0.708095,0.70821,0.70582,0.70584,5581
2026-06-05 16:00:00,0.70583,0.70606,0.7049799999999999,0.706055,5119
2026-06-05 17:00:00,0.7060599999999999,0.706105,0.7050799999999999,0.70549,4165
2026-06-05 18:00:00,0.7055,0.705535,0.70426,0.70435,4428
2026-06-05 19:00:00,0.70434,0.70475,0.7039150000000001,0.704515,4076
2026-06-05 20:00:00,0.70451,0.704805,0.7037549999999999,0.704775,3232
2026-06-07 22:00:00,0.7028,0.703945,0.7027399999999999,0.703165,3165
2026-06-07 23:00:00,0.703175,0.70436,0.703175,0.70428,2384
2026-06-08 00:00:00,0.70427,0.705905,0.704135,0.70585,3557
2026-06-08 01:00:00,0.70586,0.706225,0.703515,0.7050350000000001,9444
2026-06-08 02:00:00,0.70504,0.705345,0.70422,0.7051000000000001,4690
2026-06-08 03:00:00,0.70511,0.70527,0.70448,0.705,2614
2026-06-08 04:00:00,0.7050099999999999,0.7054549999999999,0.70438,0.7044900000000001,2861
2026-06-08 05:00:00,0.704525,0.705335,0.70346,0.7037249999999999,6026
2026-06-08 06:00:00,0.7037249999999999,0.7046300000000001,0.703675,0.70428,5900
2026-06-08 07:00:00,0.704315,0.70596,0.7041900000000001,0.70482,6278
2026-06-08 08:00:00,0.704805,0.70543,0.704405,0.7048000000000001,5416
2026-06-08 09:00:00,0.70478,0.705345,0.703835,0.70522,5218
2026-06-08 10:00:00,0.70523,0.7064600000000001,0.704855,0.70581,4545
2026-06-08 11:00:00,0.705825,0.707815,0.705675,0.70697,5711
2026-06-08 12:00:00,0.7069799999999999,0.707615,0.7066250000000001,0.70704,4792
2026-06-08 13:00:00,0.70705,0.70747,0.70564,0.70572,8503
2026-06-08 14:00:00,0.7057150000000001,0.70615,0.7045699999999999,0.70587,8828
2026-06-08 15:00:00,0.7058800000000001,0.7062550000000001,0.705015,0.70537,5871
2026-06-08 16:00:00,0.705365,0.7056199999999999,0.705105,0.705105,4155
2026-06-08 17:00:00,0.70511,0.70514,0.7045399999999999,0.704905,4489
2026-06-08 18:00:00,0.7049000000000001,0.70543,0.7043999999999999,0.70451,3137
2026-06-08 19:00:00,0.704505,0.704715,0.7042349999999999,0.704535,3255
2026-06-08 20:00:00,0.70452,0.7046749999999999,0.704395,0.704485,1306
2026-06-08 21:00:00,0.7044950000000001,0.7047749999999999,0.70435,0.70477,279
2026-06-08 22:00:00,0.70476,0.70477,0.7041649999999999,0.70451,1010
2026-06-08 23:00:00,0.70451,0.7045399999999999,0.7037450000000001,0.703905,1161
2026-06-09 00:00:00,0.7038800000000001,0.70436,0.703435,0.7043349999999999,4862
2026-06-09 01:00:00,0.704345,0.7058,0.7042550000000001,0.7057599999999999,4911
2026-06-09 02:00:00,0.7057800000000001,0.7059249999999999,0.704665,0.70486,3380
2026-06-09 03:00:00,0.7048449999999999,0.70497,0.70409,0.7045399999999999,3411
2026-06-09 04:00:00,0.70455,0.705785,0.7042999999999999,0.70556,2026
2026-06-09 05:00:00,0.705565,0.7060150000000001,0.7051499999999999,0.705715,4150
2026-06-09 06:00:00,0.705705,0.707065,0.70561,0.7059500000000001,4753
2026-06-09 07:00:00,0.705935,0.706125,0.70504,0.705125,5053
2026-06-09 08:00:00,0.70513,0.7056100000000001,0.7046600000000001,0.70522,4659
2026-06-09 09:00:00,0.70522,0.70567,0.704985,0.705015,2743
2026-06-09 10:00:00,0.704995,0.7059,0.704645,0.705665,2877
2026-06-09 11:00:00,0.70565,0.7061550000000001,0.7055750000000001,0.70605,2385
2026-06-09 12:00:00,0.706055,0.706265,0.7057899999999999,0.7060200000000001,2537
2026-06-09 13:00:00,0.706045,0.706275,0.704555,0.70499,6209
2026-06-09 14:00:00,0.7050000000000001,0.705765,0.70322,0.7041299999999999,12092
2026-06-09 15:00:00,0.704135,0.70461,0.702195,0.702715,12596
2026-06-09 16:00:00,0.70272,0.7031050000000001,0.700515,0.7016249999999999,15061
2026-06-09 17:00:00,0.7016199999999999,0.70324,0.7015750000000001,0.702895,10125
2026-06-09 18:00:00,0.7029000000000001,0.703585,0.702725,0.70329,6489
2026-06-09 19:00:00,0.7032799999999999,0.70333,0.702285,0.7027399999999999,6137
2026-06-09 20:00:00,0.702745,0.7029700000000001,0.7026049999999999,0.702925,1926
2026-06-09 21:00:00,0.70284,0.703255,0.7018899999999999,0.702485,695
2026-06-09 22:00:00,0.7025300000000001,0.70258,0.70179,0.70191,1549
2026-06-09 23:00:00,0.7019,0.7024600000000001,0.70157,0.702415,1763
2026-06-10 00:00:00,0.7024,0.703235,0.7017,0.70289,6654
2026-06-10 01:00:00,0.702885,0.70312,0.702375,0.702635,7331
2026-06-10 02:00:00,0.7026300000000001,0.7029350000000001,0.7020299999999999,0.70214,4680
2026-06-10 03:00:00,0.702145,0.7028099999999999,0.702105,0.70268,3387
2026-06-10 04:00:00,0.70269,0.7027300000000001,0.7015549999999999,0.70178,3384
2026-06-10 05:00:00,0.7017599999999999,0.7020500000000001,0.70089,0.701935,5170
2026-06-10 06:00:00,0.70192,0.702545,0.701695,0.7017,4283
2026-06-10 07:00:00,0.701685,0.70224,0.7015450000000001,0.7018,4262
2026-06-10 08:00:00,0.701795,0.7018150000000001,0.700955,0.700995,5375
2026-06-10 09:00:00,0.701,0.7011700000000001,0.700445,0.70105,4491
2026-06-10 10:00:00,0.701055,0.70126,0.7007,0.7011449999999999,3351
2026-06-10 11:00:00,0.70116,0.7011799999999999,0.699805,0.70005,8481
2026-06-10 12:00:00,0.700045,0.7026749999999999,0.69998,0.701185,9998
2026-06-10 13:00:00,0.701175,0.703735,0.701175,0.7029650000000001,11055
2026-06-10 14:00:00,0.7029700000000001,0.70337,0.70187,0.70214,11580
2026-06-10 15:00:00,0.70215,0.70267,0.700625,0.702075,12412
2026-06-10 16:00:00,0.7021,0.70269,0.7016549999999999,0.7017800000000001,8408
2026-06-10 17:00:00,0.701795,0.70228,0.70089,0.701725,6126
2026-06-10 18:00:00,0.701735,0.70227,0.700745,0.7010099999999999,5544
2026-06-10 19:00:00,0.7010099999999999,0.70111,0.6999500000000001,0.69996,5261
2026-06-10 20:00:00,0.6999500000000001,0.70005,0.69948,0.699935,2876
2026-06-10 21:00:00,0.699925,0.700195,0.699585,0.699645,347
2026-06-10 22:00:00,0.69964,0.69971,0.69902,0.699125,2814
2026-06-10 23:00:00,0.69913,0.6999850000000001,0.6987650000000001,0.69939,4432
2026-06-11 00:00:00,0.69939,0.7002349999999999,0.69911,0.6997800000000001,7795
2026-06-11 01:00:00,0.699795,0.701025,0.699785,0.700735,5702
2026-06-11 02:00:00,0.7007300000000001,0.700745,0.7,0.70031,3651
2026-06-11 03:00:00,0.700305,0.70042,0.699795,0.700195,3488
2026-06-11 04:00:00,0.700205,0.70102,0.700015,0.7008650000000001,2494
2026-06-11 05:00:00,0.70087,0.7012050000000001,0.7006049999999999,0.7007099999999999,3435
2026-06-11 06:00:00,0.700715,0.7007950000000001,0.7001649999999999,0.700225,3411
2026-06-11 07:00:00,0.70021,0.70088,0.699905,0.700115,3461
2026-06-11 08:00:00,0.70009,0.7002299999999999,0.69908,0.69931,3347
2026-06-11 09:00:00,0.6993050000000001,0.700055,0.6992,0.699635,2473
2026-06-11 10:00:00,0.69963,0.69984,0.6992400000000001,0.699535,2068
2026-06-11 11:00:00,0.69953,0.69992,0.699295,0.69971,3320
2026-06-11 12:00:00,0.69972,0.6998850000000001,0.6978949999999999,0.6988449999999999,9929
2026-06-11 13:00:00,0.6988399999999999,0.69955,0.6979599999999999,0.69901,10139
2026-06-11 14:00:00,0.6990149999999999,0.699155,0.697975,0.6985600000000001,10074
2026-06-11 15:00:00,0.69855,0.6998850000000001,0.69844,0.69938,8760
2026-06-11 16:00:00,0.69939,0.69966,0.6988300000000001,0.69884,6356
2026-06-11 17:00:00,0.6988399999999999,0.703325,0.69848,0.702635,14816
2026-06-11 18:00:00,0.702655,0.703735,0.701595,0.7029000000000001,12221
2026-06-11 19:00:00,0.702905,0.705525,0.702905,0.704785,9675
2026-06-11 20:00:00,0.7048000000000001,0.7053100000000001,0.7044999999999999,0.7049099999999999,4084
2026-06-11 21:00:00,0.70488,0.70516,0.704365,0.7048449999999999,996
2026-06-11 22:00:00,0.70484,0.7053799999999999,0.704555,0.7051700000000001,1901
2026-06-11 23:00:00,0.705185,0.70529,0.70438,0.70476,1702
2026-06-12 00:00:00,0.70475,0.704835,0.704055,0.7044699999999999,4636
2026-06-12 01:00:00,0.704465,0.70448,0.702955,0.703495,4669
2026-06-12 02:00:00,0.7034849999999999,0.70403,0.702865,0.70357,3165
2026-06-12 03:00:00,0.7035750000000001,0.7043200000000001,0.703325,0.70394,3368
2026-06-12 04:00:00,0.7039500000000001,0.7045399999999999,0.7036800000000001,0.704105,2113
2026-06-12 05:00:00,0.7041,0.70421,0.7025600000000001,0.7027749999999999,4894
2026-06-12 06:00:00,0.7027650000000001,0.7039949999999999,0.702755,0.70328,4438
2026-06-12 07:00:00,0.70329,0.70336,0.702125,0.7031799999999999,5235
2026-06-12 08:00:00,0.70319,0.7049099999999999,0.70299,0.7040850000000001,7721
2026-06-12 09:00:00,0.7040949999999999,0.7053400000000001,0.703885,0.7045399999999999,5290
2026-06-12 10:00:00,0.70453,0.70505,0.70343,0.704295,4844
2026-06-12 11:00:00,0.704315,0.7044349999999999,0.70372,0.70392,3477
2026-06-12 12:00:00,0.70393,0.70393,0.703225,0.703515,4736
2026-06-12 13:00:00,0.703525,0.704775,0.70316,0.7036800000000001,9307
2026-06-12 14:00:00,0.703715,0.7051700000000001,0.703625,0.70516,10744
2026-06-12 15:00:00,0.705165,0.7059949999999999,0.70458,0.7046049999999999,9326
2026-06-12 16:00:00,0.7045950000000001,0.705355,0.70433,0.704905,7513
2026-06-12 17:00:00,0.704915,0.705415,0.704725,0.7048449999999999,3641
2026-06-12 18:00:00,0.704855,0.7052149999999999,0.704555,0.7048099999999999,2690
2026-06-12 19:00:00,0.7047950000000001,0.7051050000000001,0.70453,0.70503,2708
2026-06-12 20:00:00,0.70502,0.7051350000000001,0.70433,0.7046699999999999,2234
2026-06-14 22:00:00,0.70836,0.708835,0.7074199999999999,0.707665,4152
2026-06-14 23:00:00,0.70766,0.7079949999999999,0.7071000000000001,0.707495,2093
2026-06-15 00:00:00,0.70749,0.70867,0.70672,0.70677,3763
2026-06-15 01:00:00,0.7067749999999999,0.7076,0.706535,0.70732,2863
2026-06-15 02:00:00,0.707325,0.707935,0.707105,0.7076450000000001,1679
2026-06-15 03:00:00,0.7076199999999999,0.7084550000000001,0.7075899999999999,0.708155,1476
2026-06-15 04:00:00,0.7081649999999999,0.708205,0.707795,0.70816,1129
2026-06-15 05:00:00,0.708165,0.7087300000000001,0.70802,0.7080850000000001,2214
2026-06-15 06:00:00,0.7080949999999999,0.70826,0.70702,0.7075,3179
2026-06-15 07:00:00,0.7075100000000001,0.707565,0.706565,0.7071799999999999,3996
2026-06-15 08:00:00,0.7072,0.7076450000000001,0.70676,0.707105,2778
2026-06-15 09:00:00,0.7071099999999999,0.707685,0.706985,0.7070700000000001,2020
2026-06-15 10:00:00,0.7070799999999999,0.707595,0.706825,0.70723,1613
2026-06-15 11:00:00,0.707225,0.70748,0.7069449999999999,0.707095,1887
2026-06-15 12:00:00,0.707095,0.7073750000000001,0.70643,0.70722,2815
2026-06-15 13:00:00,0.70721,0.707625,0.7069449999999999,0.7073849999999999,3419
2026-06-15 14:00:00,0.707375,0.708845,0.7070449999999999,0.7086250000000001,4501
2026-06-15 15:00:00,0.70861,0.708815,0.70789,0.70802,3091
2026-06-15 16:00:00,0.7080299999999999,0.708345,0.70782,0.7080649999999999,1592
2026-06-15 17:00:00,0.7080599999999999,0.70808,0.70756,0.70776,1477
2026-06-15 18:00:00,0.707755,0.7078,0.707295,0.7074499999999999,1642
2026-06-15 19:00:00,0.7074499999999999,0.70757,0.707005,0.707065,1732
2026-06-15 20:00:00,0.707055,0.707275,0.706915,0.707275,802
2026-06-15 21:00:00,0.707255,0.707605,0.7071149999999999,0.7071700000000001,143
2026-06-15 22:00:00,0.707175,0.7072499999999999,0.70672,0.706955,608
2026-06-15 23:00:00,0.70695,0.707495,0.70695,0.707165,737
2026-06-16 00:00:00,0.70716,0.7072499999999999,0.7066699999999999,0.7071350000000001,1859
2026-06-16 01:00:00,0.70713,0.7073400000000001,0.706145,0.70623,2588
2026-06-16 02:00:00,0.7062299999999999,0.706315,0.70557,0.70627,1772
2026-06-16 03:00:00,0.70626,0.70647,0.7059150000000001,0.706175,1418
2026-06-16 04:00:00,0.70618,0.706205,0.7045699999999999,0.705075,2491
2026-06-16 05:00:00,0.7050799999999999,0.705525,0.704215,0.70483,2512
2026-06-16 06:00:00,0.7048399999999999,0.7055849999999999,0.704745,0.7055100000000001,3175
2026-06-16 07:00:00,0.705515,0.706135,0.70531,0.706125,2734
2026-06-16 08:00:00,0.706145,0.706935,0.705785,0.706785,2214
2026-06-16 09:00:00,0.70679,0.706905,0.7065349999999999,0.706755,1608
2026-06-16 10:00:00,0.70675,0.70787,0.706745,0.707785,1556
2026-06-16 11:00:00,0.70777,0.70777,0.70673,0.7068650000000001,1832
2026-06-16 12:00:00,0.706855,0.70706,0.70633,0.706925,2537
2026-06-16 13:00:00,0.7069350000000001,0.7076800000000001,0.706665,0.707275,3871
2026-06-16 14:00:00,0.70727,0.70781,0.70655,0.707795,4609
2026-06-16 15:00:00,0.7078,0.707945,0.70685,0.707625,4051
2026-06-16 16:00:00,0.7076199999999999,0.707975,0.70731,0.70736,2727
2026-06-16 17:00:00,0.70738,0.707415,0.7069000000000001,0.707185,1727
2026-06-16 18:00:00,0.70719,0.7074,0.70705,0.70723,1128
2026-06-16 19:00:00,0.7072350000000001,0.70741,0.7065699999999999,0.706645,1782
2026-06-16 20:00:00,0.706635,0.70673,0.7065049999999999,0.7066950000000001,850
2026-06-16 21:00:00,0.706715,0.70699,0.7065049999999999,0.70673,467
2026-06-16 22:00:00,0.706745,0.707055,0.70666,0.706885,737
2026-06-16 23:00:00,0.70689,0.70704,0.7065250000000001,0.7065349999999999,499
2026-06-17 00:00:00,0.70652,0.70702,0.70641,0.706895,2915
2026-06-17 01:00:00,0.7069000000000001,0.707225,0.70654,0.706775,1533
2026-06-17 02:00:00,0.70678,0.70699,0.70621,0.706265,948
2026-06-17 03:00:00,0.70626,0.7063699999999999,0.7059949999999999,0.706115,869
2026-06-17 04:00:00,0.7061200000000001,0.706465,0.7060649999999999,0.7061,958
2026-06-17 05:00:00,0.7061299999999999,0.7063250000000001,0.70572,0.705905,1252
2026-06-17 06:00:00,0.7058800000000001,0.70601,0.705415,0.7058,1812
2026-06-17 07:00:00,0.705795,0.70648,0.7056800000000001,0.706465,2236
2026-06-17 08:00:00,0.7064600000000001,0.706475,0.705675,0.7061299999999999,2550
2026-06-17 09:00:00,0.706125,0.706465,0.7060200000000001,0.7061900000000001,1254
2026-06-17 10:00:00,0.7062,0.706205,0.705685,0.70596,1622
2026-06-17 11:00:00,0.705965,0.7061,0.705675,0.705975,1830
2026-06-17 12:00:00,0.70598,0.70653,0.70592,0.7064900000000001,1943
2026-06-17 13:00:00,0.706475,0.707325,0.70646,0.70687,3151
2026-06-17 14:00:00,0.7068749999999999,0.707345,0.70611,0.706685,4868
2026-06-17 15:00:00,0.70668,0.707325,0.7064600000000001,0.7070799999999999,3654
2026-06-17 16:00:00,0.70709,0.7073050000000001,0.7067300000000001,0.7072,1720
2026-06-17 17:00:00,0.70721,0.707535,0.7069300000000001,0.7074,2099
2026-06-17 18:00:00,0.7074,0.7074199999999999,0.703185,0.70416,20765
2026-06-17 19:00:00,0.7041550000000001,0.7045250000000001,0.699505,0.70075,17939
2026-06-17 20:00:00,0.7007399999999999,0.70155,0.70063,0.7014,3413
2026-06-17 21:00:00,0.701425,0.7017450000000001,0.701145,0.701505,443
2026-06-17 22:00:00,0.701495,0.701795,0.7013199999999999,0.701445,1067
2026-06-17 23:00:00,0.7014750000000001,0.70198,0.7014750000000001,0.70183,997
2026-06-18 00:00:00,0.70184,0.7032050000000001,0.70183,0.70227,3712
2026-06-18 01:00:00,0.702265,0.7035100000000001,0.7022550000000001,0.70319,2897
2026-06-18 02:00:00,0.703195,0.70402,0.70306,0.703595,1893
2026-06-18 03:00:00,0.7036,0.7040949999999999,0.70358,0.704005,1533
2026-06-18 04:00:00,0.704,0.70416,0.70331,0.70341,1520
2026-06-18 05:00:00,0.70343,0.7037599999999999,0.7028650000000001,0.7029650000000001,1871
2026-06-18 06:00:00,0.702975,0.704045,0.70282,0.70381,3323
2026-06-18 07:00:00,0.703795,0.703885,0.7026950000000001,0.7033499999999999,3124
2026-06-18 08:00:00,0.703355,0.703385,0.70105,0.701185,3380
2026-06-18 09:00:00,0.70119,0.7019150000000001,0.70075,0.7015549999999999,3654
2026-06-18 10:00:00,0.7015450000000001,0.70155,0.70048,0.7005399999999999,3325
2026-06-18 11:00:00,0.700545,0.70082,0.7001,0.700275,3852
2026-06-18 12:00:00,0.700275,0.702025,0.70014,0.7018,4983
2026-06-18 13:00:00,0.701795,0.703045,0.7013,0.702565,7414
2026-06-18 14:00:00,0.70256,0.7037599999999999,0.70181,0.7035549999999999,6797
2026-06-18 15:00:00,0.703565,0.703605,0.70184,0.70184,5583
2026-06-18 16:00:00,0.701855,0.702095,0.70154,0.70191,3886
2026-06-18 17:00:00,0.70192,0.702515,0.7017549999999999,0.7017800000000001,2101
2026-06-18 18:00:00,0.70179,0.7019599999999999,0.7014050000000001,0.7014050000000001,2172
2026-06-18 19:00:00,0.7014100000000001,0.701855,0.70076,0.7013149999999999,3154
2026-06-18 20:00:00,0.7013,0.7019,0.701235,0.701355,1287
2026-06-18 21:00:00,0.701365,0.70221,0.7012050000000001,0.701525,742
2026-06-18 22:00:00,0.701525,0.70174,0.7014400000000001,0.701715,750
2026-06-18 23:00:00,0.701715,0.701785,0.70123,0.701265,704
2026-06-19 00:00:00,0.7012700000000001,0.7016800000000001,0.701065,0.7012,2195
2026-06-19 01:00:00,0.70121,0.701325,0.70041,0.700475,1935
2026-06-19 02:00:00,0.700485,0.7012750000000001,0.700455,0.70109,1501
2026-06-19 03:00:00,0.7011000000000001,0.701235,0.69964,0.699755,2394
2026-06-19 04:00:00,0.6997599999999999,0.6999299999999999,0.69909,0.699265,2341
2026-06-19 05:00:00,0.6992750000000001,0.700685,0.6989350000000001,0.7004250000000001,3040
2026-06-19 06:00:00,0.70042,0.70133,0.700395,0.7011350000000001,3166
2026-06-19 07:00:00,0.70113,0.70159,0.70061,0.7009,3105
2026-06-19 08:00:00,0.700905,0.70198,0.7009000000000001,0.7019,2871
2026-06-19 09:00:00,0.70191,0.70203,0.701555,0.701605,1958
2026-06-19 10:00:00,0.7016,0.70174,0.7011000000000001,0.7013400000000001,1887
2026-06-19 11:00:00,0.701345,0.70155,0.7010149999999999,0.701145,1806
2026-06-19 12:00:00,0.701155,0.70243,0.700995,0.7021550000000001,3303
2026-06-19 13:00:00,0.702175,0.7022200000000001,0.7008749999999999,0.7009650000000001,3084
2026-06-19 14:00:00,0.700955,0.7013050000000001,0.700755,0.7013050000000001,2378
2026-06-19 15:00:00,0.7013,0.701415,0.700805,0.7008749999999999,1727
2026-06-19 16:00:00,0.70088,0.7011050000000001,0.70078,0.70086,822
2026-06-19 17:00:00,0.70085,0.7012849999999999,0.7008449999999999,0.701185,1713
2026-06-19 18:00:00,0.7012050000000001,0.7014,0.7011050000000001,0.70128,1622
2026-06-19 19:00:00,0.7012750000000001,0.70164,0.701085,0.7011099999999999,8155
2026-06-19 20:00:00,0.7011149999999999,0.70139,0.70085,0.701165,9776
2026-06-21 22:00:00,0.7010149999999999,0.701065,0.7004049999999999,0.70051,1512
2026-06-21 23:00:00,0.70053,0.700705,0.699925,0.700245,1079
2026-06-22 00:00:00,0.7002550000000001,0.7012400000000001,0.700205,0.70123,2494
2026-06-22 01:00:00,0.7012400000000001,0.7019249999999999,0.7009799999999999,0.7009799999999999,3356
2026-06-22 02:00:00,0.70099,0.701055,0.70026,0.700885,2137
2026-06-22 03:00:00,0.70089,0.70124,0.70024,0.700455,1728
2026-06-22 04:00:00,0.700465,0.7005699999999999,0.70001,0.70045,1629
2026-06-22 05:00:00,0.700495,0.701095,0.700115,0.700205,2204
2026-06-22 06:00:00,0.700215,0.700715,0.699785,0.7004250000000001,3534
2026-06-22 07:00:00,0.7004349999999999,0.700545,0.6997599999999999,0.69986,2326
2026-06-22 08:00:00,0.69985,0.6999850000000001,0.69939,0.69956,3104
2026-06-22 09:00:00,0.6995750000000001,0.70031,0.6995549999999999,0.69982,2396
2026-06-22 10:00:00,0.6998150000000001,0.7005699999999999,0.6997899999999999,0.7000850000000001,2150
2026-06-22 11:00:00,0.70008,0.7007950000000001,0.699965,0.70018,2730
2026-06-22 12:00:00,0.7001850000000001,0.7012050000000001,0.70015,0.7007049999999999,3160
2026-06-22 13:00:00,0.70072,0.7012700000000001,0.7002349999999999,0.70031,5768
2026-06-22 14:00:00,0.700305,0.701085,0.700025,0.70095,7395
2026-06-22 15:00:00,0.7009449999999999,0.7013849999999999,0.699855,0.699935,4893
2026-06-22 16:00:00,0.6999500000000001,0.70038,0.69966,0.700245,2947
2026-06-22 17:00:00,0.70025,0.70038,0.699975,0.7001999999999999,1604
2026-06-22 18:00:00,0.7001900000000001,0.7002900000000001,0.70002,0.7001,1514
2026-06-22 19:00:00,0.7001200000000001,0.70018,0.699515,0.699965,1626
2026-06-22 20:00:00,0.6999850000000001,0.700205,0.699905,0.7001550000000001,756
2026-06-22 21:00:00,0.70017,0.700715,0.70017,0.700245,354
2026-06-22 22:00:00,0.7002349999999999,0.7002349999999999,0.69975,0.699855,535
2026-06-22 23:00:00,0.699845,0.699975,0.69938,0.699435,631
2026-06-23 00:00:00,0.6994199999999999,0.6994199999999999,0.6982900000000001,0.6988650000000001,3174
2026-06-23 01:00:00,0.6988650000000001,0.6990149999999999,0.69792,0.69829,2916
2026-06-23 02:00:00,0.698295,0.6986749999999999,0.697395,0.6974750000000001,2653
2026-06-23 03:00:00,0.6974899999999999,0.697705,0.696795,0.697695,2344
2026-06-23 04:00:00,0.6977,0.697845,0.6965399999999999,0.696715,1879
2026-06-23 05:00:00,0.69672,0.696855,0.696215,0.6963550000000001,3235
2026-06-23 06:00:00,0.696365,0.696585,0.69497,0.695395,4148
2026-06-23 07:00:00,0.695415,0.696265,0.6944250000000001,0.694755,4681
2026-06-23 08:00:00,0.69477,0.6951499999999999,0.69423,0.694645,4312
2026-06-23 09:00:00,0.69465,0.69572,0.694585,0.695695,2490
2026-06-23 10:00:00,0.69571,0.696,0.69442,0.69447,2222
2026-06-23 11:00:00,0.694475,0.69496,0.69319,0.693225,2623
2026-06-23 12:00:00,0.69322,0.69381,0.693155,0.6936599999999999,3383
2026-06-23 13:00:00,0.69367,0.69418,0.69306,0.69374,5779
2026-06-23 14:00:00,0.69373,0.693825,0.69277,0.693055,5007
2026-06-23 15:00:00,0.6930499999999999,0.693195,0.69211,0.6924399999999999,4010
2026-06-23 16:00:00,0.6924600000000001,0.69258,0.69167,0.691755,2585
2026-06-23 17:00:00,0.691755,0.69189,0.691255,0.69133,1765
2026-06-23 18:00:00,0.691335,0.6914750000000001,0.690705,0.6910700000000001,1609
2026-06-23 19:00:00,0.69109,0.691735,0.6910050000000001,0.69129,2817
2026-06-23 20:00:00,0.6913,0.69171,0.691165,0.691685,1063
2026-06-23 21:00:00,0.69171,0.69191,0.691565,0.691825,427
2026-06-23 22:00:00,0.6918150000000001,0.6918150000000001,0.691435,0.691465,873
2026-06-23 23:00:00,0.691465,0.691615,0.691055,0.69153,1118
2026-06-24 00:00:00,0.69154,0.692205,0.6914,0.6918949999999999,3834
2026-06-24 01:00:00,0.691905,0.69235,0.6910700000000001,0.69171,4177
2026-06-24 02:00:00,0.691705,0.691945,0.69031,0.6903349999999999,2488
2026-06-24 03:00:00,0.69034,0.6909700000000001,0.690155,0.690645,3023
2026-06-24 04:00:00,0.69067,0.69116,0.6902649999999999,0.6909799999999999,1565
2026-06-24 05:00:00,0.690995,0.6916450000000001,0.6909449999999999,0.691165,2147
2026-06-24 06:00:00,0.691145,0.691855,0.69046,0.690655,3195
2026-06-24 07:00:00,0.690645,0.69077,0.68991,0.6899500000000001,3279
2026-06-24 08:00:00,0.6899599999999999,0.690105,0.689225,0.689745,3116
2026-06-24 09:00:00,0.689735,0.68979,0.6888449999999999,0.688895,2821
2026-06-24 10:00:00,0.688895,0.689145,0.6884250000000001,0.688975,2255
2026-06-24 11:00:00,0.6889799999999999,0.690045,0.688715,0.68962,3000
2026-06-24 12:00:00,0.689615,0.69013,0.68872,0.6890499999999999,4312
2026-06-24 13:00:00,0.6890499999999999,0.6900649999999999,0.6888449999999999,0.689925,7219
2026-06-24 14:00:00,0.689935,0.690095,0.6886099999999999,0.6893199999999999,6639
2026-06-24 15:00:00,0.68933,0.6900850000000001,0.6891400000000001,0.68943,4941
2026-06-24 16:00:00,0.689435,0.69063,0.6893199999999999,0.690175,3454
2026-06-24 17:00:00,0.69018,0.690245,0.6884349999999999,0.688445,3665
2026-06-24 18:00:00,0.6884600000000001,0.6893,0.68826,0.6886,3638
2026-06-24 19:00:00,0.6886099999999999,0.68935,0.688355,0.689255,2986
2026-06-24 20:00:00,0.68926,0.69013,0.6891,0.690055,2098
2026-06-24 21:00:00,0.690035,0.69025,0.6893199999999999,0.6900949999999999,547
2026-06-24 22:00:00,0.69009,0.690105,0.689575,0.6896249999999999,1023
2026-06-24 23:00:00,0.68963,0.690045,0.689535,0.689845,708
2026-06-25 00:00:00,0.689865,0.689935,0.688975,0.6894,2510
2026-06-25 01:00:00,0.689405,0.6908,0.68906,0.689295,4900
2026-06-25 02:00:00,0.6892849999999999,0.689685,0.688785,0.6894199999999999,2765
2026-06-25 03:00:00,0.689425,0.68982,0.689205,0.68972,1920
2026-06-25 04:00:00,0.68974,0.6902550000000001,0.689665,0.6901900000000001,1422
2026-06-25 05:00:00,0.690185,0.6903699999999999,0.689135,0.689135,2092
2026-06-25 06:00:00,0.68913,0.68962,0.68869,0.689005,2984
2026-06-25 07:00:00,0.6890149999999999,0.689975,0.68876,0.689975,2982
2026-06-25 08:00:00,0.68997,0.6907099999999999,0.689905,0.6901649999999999,2793
2026-06-25 09:00:00,0.69016,0.690545,0.6898150000000001,0.690005,1912
2026-06-25 10:00:00,0.69001,0.690045,0.6891,0.68927,1516
2026-06-25 11:00:00,0.68927,0.68939,0.688805,0.689035,1874
2026-06-25 12:00:00,0.6890499999999999,0.6914549999999999,0.6888449999999999,0.69054,6010
2026-06-25 13:00:00,0.690545,0.6911149999999999,0.689125,0.68928,8272
2026-06-25 14:00:00,0.689285,0.691095,0.68928,0.690615,10437
2026-06-25 15:00:00,0.690625,0.6921,0.69062,0.6920850000000001,7397
2026-06-25 16:00:00,0.6920900000000001,0.6927399999999999,0.691515,0.691655,4353
2026-06-25 17:00:00,0.69167,0.6919949999999999,0.691495,0.691805,2964
2026-06-25 18:00:00,0.69182,0.692035,0.69119,0.691495,3831
2026-06-25 19:00:00,0.691505,0.69163,0.690735,0.691175,3013
2026-06-25 20:00:00,0.6911799999999999,0.69144,0.690935,0.690935,1363
2026-06-25 21:00:00,0.690925,0.69172,0.6906950000000001,0.69083,563
2026-06-25 22:00:00,0.690835,0.6910000000000001,0.69064,0.690805,892
2026-06-25 23:00:00,0.6908099999999999,0.690875,0.68989,0.69002,1009
2026-06-26 00:00:00,0.690035,0.690225,0.689605,0.689845,3008
2026-06-26 01:00:00,0.689845,0.6902349999999999,0.68873,0.6890350000000001,3526
2026-06-26 02:00:00,0.6890449999999999,0.6892199999999999,0.6875450000000001,0.68805,3539
2026-06-26 03:00:00,0.688055,0.68921,0.687705,0.689195,2714
2026-06-26 04:00:00,0.6892149999999999,0.689425,0.6884950000000001,0.6886049999999999,2475
2026-06-26 05:00:00,0.6886099999999999,0.6896549999999999,0.68849,0.68936,2456
2026-06-26 06:00:00,0.68936,0.6899850000000001,0.6887300000000001,0.6897249999999999,2948
2026-06-26 07:00:00,0.68973,0.689755,0.68893,0.689145,2758
2026-06-26 08:00:00,0.6891499999999999,0.69002,0.688635,0.6895450000000001,3751
2026-06-26 09:00:00,0.68954,0.6906749999999999,0.68927,0.690115,2776
2026-06-26 10:00:00,0.6901200000000001,0.6903950000000001,0.68981,0.6903250000000001,2241
2026-06-26 11:00:00,0.69033,0.69055,0.689735,0.6899949999999999,2510
2026-06-26 12:00:00,0.6899949999999999,0.6905600000000001,0.689585,0.69031,3268
2026-06-26 13:00:00,0.69032,0.69121,0.689585,0.6910499999999999,7491
2026-06-26 14:00:00,0.691055,0.6917150000000001,0.68997,0.689975,6619
2026-06-26 15:00:00,0.68998,0.690985,0.6898599999999999,0.690555,4508
2026-06-26 16:00:00,0.690555,0.690665,0.6896800000000001,0.69007,2849
2026-06-26 17:00:00,0.6900900000000001,0.690245,0.68972,0.689765,2209
2026-06-26 18:00:00,0.689775,0.690075,0.689395,0.6894100000000001,2234
2026-06-26 19:00:00,0.68939,0.690015,0.68937,0.689705,1786
2026-06-26 20:00:00,0.68973,0.689945,0.68913,0.6896249999999999,2906
2026-06-28 22:00:00,0.68899,0.689765,0.68899,0.6894499999999999,1009
2026-06-28 23:00:00,0.68944,0.68977,0.689345,0.6895899999999999,1038
2026-06-29 00:00:00,0.689585,0.6896450000000001,0.68831,0.68855,4152
2026-06-29 01:00:00,0.6885399999999999,0.6891700000000001,0.6880999999999999,0.688475,4113
2026-06-29 02:00:00,0.688475,0.68956,0.68838,0.689055,2914
2026-06-29 03:00:00,0.68906,0.68954,0.688855,0.688855,1805
2026-06-29 04:00:00,0.68885,0.6891149999999999,0.688765,0.6889,1454
2026-06-29 05:00:00,0.6888799999999999,0.689685,0.6887650000000001,0.689565,2229
2026-06-29 06:00:00,0.68957,0.6904349999999999,0.689335,0.6902550000000001,2566
2026-06-29 07:00:00,0.69025,0.6904399999999999,0.689495,0.68951,2591
2026-06-29 08:00:00,0.689515,0.6896899999999999,0.688935,0.6891499999999999,2493
2026-06-29 09:00:00,0.68915,0.6899200000000001,0.6891,0.68989,2171
2026-06-29 10:00:00,0.6898949999999999,0.69014,0.689685,0.690005,1910
2026-06-29 11:00:00,0.69,0.6902349999999999,0.6896899999999999,0.690095,2357
2026-06-29 12:00:00,0.6900999999999999,0.69018,0.689375,0.6896800000000001,2502
2026-06-29 13:00:00,0.689685,0.689765,0.688785,0.688855,3872
2026-06-29 14:00:00,0.6888700000000001,0.689055,0.68775,0.68804,6741
2026-06-29 15:00:00,0.68805,0.68849,0.687865,0.68841,3909
2026-06-29 16:00:00,0.688415,0.68906,0.688365,0.688655,2300
2026-06-29 17:00:00,0.68866,0.6889350000000001,0.6885600000000001,0.688815,1480
2026-06-29 18:00:00,0.688825,0.68923,0.6888000000000001,0.6890350000000001,1498
2026-06-29 19:00:00,0.689025,0.689125,0.6888000000000001,0.68901,1282
2026-06-29 20:00:00,0.689025,0.6891,0.68862,0.68867,762
2026-06-29 21:00:00,0.68872,0.68908,0.688545,0.688975,724
2026-06-29 22:00:00,0.68907,0.68907,0.68873,0.68876,554
2026-06-29 23:00:00,0.688755,0.688935,0.6881550000000001,0.68822,559
2026-06-30 00:00:00,0.688205,0.688205,0.686725,0.68731,2881
2026-06-30 01:00:00,0.687315,0.688365,0.6866,0.687025,4072
2026-06-30 02:00:00,0.68702,0.68732,0.686535,0.6868350000000001,2339
2026-06-30 03:00:00,0.6868449999999999,0.68726,0.6867449999999999,0.68689,1759
2026-06-30 04:00:00,0.6868799999999999,0.6873849999999999,0.6868650000000001,0.686875,1308
2026-06-30 05:00:00,0.68687,0.687585,0.686795,0.6868650000000001,2025
2026-06-30 06:00:00,0.6868700000000001,0.6878949999999999,0.686855,0.687845,3305
2026-06-30 07:00:00,0.687855,0.688245,0.687605,0.687735,2490
2026-06-30 08:00:00,0.68772,0.6882550000000001,0.68756,0.6881200000000001,3296
2026-06-30 09:00:00,0.6881299999999999,0.6886,0.68804,0.6884,1952
2026-06-30 10:00:00,0.68841,0.6890350000000001,0.688265,0.688995,1642
2026-06-30 11:00:00,0.689015,0.689015,0.6884399999999999,0.68878,2015
2026-06-30 12:00:00,0.6887749999999999,0.68889,0.688205,0.6884699999999999,2686
2026-06-30 13:00:00,0.68849,0.689455,0.68849,0.6892750000000001,3598
2026-06-30 14:00:00,0.689265,0.692955,0.6890350000000001,0.692515,7172
2026-06-30 15:00:00,0.692515,0.69299,0.691325,0.691415,4862
2026-06-30 16:00:00,0.69141,0.691495,0.69092,0.6912,2104
2026-06-30 17:00:00,0.6912050000000001,0.6919,0.69116,0.691835,1324
2026-06-30 18:00:00,0.691845,0.69228,0.691805,0.69204,1475
2026-06-30 19:00:00,0.692025,0.6924,0.6918599999999999,0.69232,1779
2026-06-30 20:00:00,0.6923349999999999,0.6923900000000001,0.69188,0.6918949999999999,1234
2026-06-30 21:00:00,0.69196,0.6919649999999999,0.691505,0.691905,949
2026-06-30 22:00:00,0.6919,0.69202,0.691605,0.691755,583
2026-06-30 23:00:00,0.691745,0.69181,0.691145,0.6912050000000001,648
2026-07-01 00:00:00,0.6912149999999999,0.691365,0.690095,0.690115,2099
2026-07-01 01:00:00,0.690125,0.6902649999999999,0.688855,0.6891849999999999,2850
2026-07-01 02:00:00,0.689195,0.689315,0.68829,0.68892,2431
2026-07-01 03:00:00,0.68893,0.6892149999999999,0.6887449999999999,0.689145,1296
2026-07-01 04:00:00,0.68916,0.689405,0.688555,0.6892199999999999,1376
2026-07-01 05:00:00,0.6892149999999999,0.6896450000000001,0.689065,0.689425,1784
2026-07-01 06:00:00,0.6894,0.6894800000000001,0.6887449999999999,0.689135,2115
2026-07-01 07:00:00,0.68915,0.6894899999999999,0.688575,0.6893050000000001,2298
2026-07-01 08:00:00,0.6893,0.689485,0.6888700000000001,0.6891700000000001,1955
2026-07-01 09:00:00,0.689155,0.689435,0.6889350000000001,0.6889449999999999,1875
2026-07-01 10:00:00,0.688955,0.6899599999999999,0.688855,0.689845,1398
2026-07-01 11:00:00,0.68984,0.689925,0.689265,0.689345,1660
2026-07-01 12:00:00,0.68935,0.689785,0.6889449999999999,0.689205,3149
2026-07-01 13:00:00,0.68921,0.6916,0.688485,0.6903950000000001,8276
2026-07-01 14:00:00,0.69047,0.691085,0.68968,0.690365,6673
2026-07-01 15:00:00,0.69036,0.690415,0.689665,0.6902349999999999,4161
2026-07-01 16:00:00,0.690245,0.69083,0.6899649999999999,0.690115,2754
2026-07-01 17:00:00,0.690115,0.690315,0.6898150000000001,0.68988,1670
2026-07-01 18:00:00,0.68989,0.690005,0.689295,0.68954,1759
2026-07-01 19:00:00,0.68953,0.689805,0.68928,0.6893400000000001,1316
2026-07-01 20:00:00,0.6893499999999999,0.689385,0.689025,0.68933,747
2026-07-01 21:00:00,0.68933,0.689695,0.68906,0.6895450000000001,930
2026-07-01 22:00:00,0.68954,0.68954,0.6892199999999999,0.68928,586
2026-07-01 23:00:00,0.689295,0.689315,0.68891,0.688985,473
2026-07-02 00:00:00,0.6889799999999999,0.68906,0.6884250000000001,0.6889000000000001,3038
2026-07-02 01:00:00,0.688905,0.689755,0.688885,0.6894450000000001,2661
2026-07-02 02:00:00,0.6894450000000001,0.69017,0.689345,0.689385,1873
2026-07-02 03:00:00,0.6894,0.689595,0.688485,0.689285,1728
2026-07-02 04:00:00,0.68929,0.6896100000000001,0.6890149999999999,0.689465,1551
2026-07-02 05:00:00,0.68947,0.68964,0.689045,0.6893549999999999,1368
2026-07-02 06:00:00,0.68937,0.6902550000000001,0.6893199999999999,0.6896,3437
2026-07-02 07:00:00,0.6896,0.689765,0.688985,0.6890350000000001,3794
2026-07-02 08:00:00,0.689025,0.691145,0.6889700000000001,0.6909,4681
2026-07-02 09:00:00,0.6909,0.69093,0.6899649999999999,0.6904049999999999,2839
2026-07-02 10:00:00,0.690415,0.690415,0.6896199999999999,0.689765,2087
2026-07-02 11:00:00,0.68977,0.6897949999999999,0.6887749999999999,0.6887749999999999,1965
2026-07-02 12:00:00,0.68877,0.694195,0.68867,0.692465,11750
2026-07-02 13:00:00,0.6924600000000001,0.69434,0.69183,0.693935,11973
2026-07-02 14:00:00,0.6939500000000001,0.694335,0.692215,0.693515,9219
2026-07-02 15:00:00,0.693535,0.69399,0.692835,0.693045,7176
2026-07-02 16:00:00,0.6930499999999999,0.693085,0.6920200000000001,0.69233,5394
2026-07-02 17:00:00,0.6923250000000001,0.6923600000000001,0.6915,0.691595,4370
2026-07-02 18:00:00,0.6915899999999999,0.692285,0.691505,0.692,3511
2026-07-02 19:00:00,0.69199,0.6921900000000001,0.691435,0.692145,2504
2026-07-02 20:00:00,0.69214,0.6923250000000001,0.691955,0.69221,744
2026-07-02 21:00:00,0.692175,0.69262,0.6915,0.692045,2281
2026-07-02 22:00:00,0.69207,0.6921999999999999,0.691865,0.691905,651
2026-07-02 23:00:00,0.6919200000000001,0.692075,0.6914199999999999,0.69158,790
2026-07-03 00:00:00,0.691565,0.691905,0.6910799999999999,0.69189,3359
2026-07-03 01:00:00,0.69191,0.6935450000000001,0.691785,0.6930149999999999,3862
2026-07-03 02:00:00,0.693025,0.6939150000000001,0.692785,0.693685,2227
2026-07-03 03:00:00,0.6936599999999999,0.693755,0.6933,0.693535,1616
2026-07-03 04:00:00,0.69354,0.694095,0.693405,0.6938599999999999,1128
2026-07-03 05:00:00,0.693845,0.694395,0.693765,0.693925,2274
2026-07-03 06:00:00,0.69392,0.6949700000000001,0.69392,0.6943250000000001,3489
2026-07-03 07:00:00,0.69432,0.694815,0.69418,0.6945049999999999,2156
2026-07-03 08:00:00,0.6945049999999999,0.694625,0.6940200000000001,0.69411,1976
2026-07-03 09:00:00,0.69409,0.69433,0.6936899999999999,0.693695,1503
2026-07-03 10:00:00,0.693675,0.6940500000000001,0.69367,0.69387,1319
2026-07-03 11:00:00,0.69386,0.69434,0.6937599999999999,0.6939500000000001,1303
2026-07-03 12:00:00,0.6939649999999999,0.694025,0.69367,0.6937,1677
2026-07-03 13:00:00,0.69372,0.693805,0.69343,0.693585,1911
2026-07-03 14:00:00,0.693595,0.69393,0.6934400000000001,0.693505,1689
2026-07-03 15:00:00,0.6935100000000001,0.69372,0.6934549999999999,0.693655,1110
2026-07-03 16:00:00,0.69365,0.6937949999999999,0.693505,0.6937899999999999,666
2026-07-03 17:00:00,0.693805,0.693865,0.693735,0.693805,1409
2026-07-03 18:00:00,0.6938150000000001,0.69386,0.69379,0.693835,1752
2026-07-03 19:00:00,0.693845,0.6939599999999999,0.6936100000000001,0.6936500000000001,7483
2026-07-03 20:00:00,0.6936500000000001,0.69433,0.6933750000000001,0.6940550000000001,2728
