datetime,open,high,low,close,volume
2026-04-08 13:30:00,100.13999938964844,100.37999725341797,97.44000244140625,98.51000213623047,6156306
2026-04-08 13:45:00,98.51499938964844,98.93000030517578,98.30999755859375,98.75,1622484
2026-04-08 14:00:00,98.76000213623047,99.36990356445312,98.66500091552734,98.98999786376953,1285351
2026-04-08 14:15:00,98.9801025390625,99.17829895019531,98.83000183105469,99.0999984741211,905016
2026-04-08 14:30:00,99.0999984741211,99.41000366210938,99.04000091552734,99.30829620361328,971692
2026-04-08 14:45:00,99.30500030517578,99.55999755859375,99.21499633789062,99.42500305175781,781424
2026-04-08 15:00:00,99.42500305175781,99.8301010131836,99.42500305175781,99.52999877929688,768099
2026-04-08 15:15:00,99.53500366210938,99.63500213623047,99.19999694824219,99.29499816894531,797662
2026-04-08 15:30:00,99.30000305175781,99.55500030517578,99.09500122070312,99.13999938964844,608136
2026-04-08 15:45:00,99.1449966430664,99.2699966430664,98.98999786376953,99.00090026855469,501770
2026-04-08 16:00:00,99.00499725341797,99.31990051269531,99.00499725341797,99.22000122070312,538512
2026-04-08 16:15:00,99.22000122070312,99.44000244140625,99.19499969482422,99.44000244140625,375379
2026-04-08 16:30:00,99.43499755859375,99.4749984741211,99.2699966430664,99.36499786376953,460279
2026-04-08 16:45:00,99.36499786376953,99.55999755859375,99.3499984741211,99.4749984741211,493159
2026-04-08 17:00:00,99.4749984741211,99.55999755859375,99.31999969482422,99.39019775390625,392910
2026-04-08 17:15:00,99.3949966430664,99.44999694824219,99.0250015258789,99.03140258789062,578159
2026-04-08 17:30:00,99.03500366210938,99.23500061035156,99.0,99.20999908447266,562394
2026-04-08 17:45:00,99.21499633789062,99.23829650878906,98.91999816894531,99.07499694824219,426064
2026-04-08 18:00:00,99.07499694824219,99.30000305175781,99.01000213623047,99.28500366210938,447929
2026-04-08 18:15:00,99.29000091552734,99.3550033569336,99.06999969482422,99.11499786376953,501238
2026-04-08 18:30:00,99.11499786376953,99.23999786376953,99.1050033569336,99.15499877929688,410114
2026-04-08 18:45:00,99.15499877929688,99.16000366210938,98.8499984741211,98.86499786376953,507127
2026-04-08 19:00:00,98.86499786376953,99.16999816894531,98.73999786376953,99.11499786376953,752977
2026-04-08 19:15:00,99.11499786376953,99.13500213623047,98.87000274658203,98.88500213623047,717888
2026-04-08 19:30:00,98.88500213623047,99.30000305175781,98.88500213623047,99.18499755859375,998485
2026-04-08 19:45:00,99.18499755859375,99.47000122070312,99.12999725341797,99.47000122070312,2341828
2026-04-09 13:30:00,99.62000274658203,100.3499984741211,99.33999633789062,99.86280059814453,2499520
2026-04-09 13:45:00,99.87999725341797,100.19000244140625,99.43009948730469,99.55000305175781,1242015
2026-04-09 14:00:00,99.55000305175781,99.62000274658203,99.08000183105469,99.41500091552734,943177
2026-04-09 14:15:00,99.41000366210938,99.54499816894531,99.30000305175781,99.41500091552734,662644
2026-04-09 14:30:00,99.41500091552734,99.7750015258789,99.38999938964844,99.63500213623047,667999
2026-04-09 14:45:00,99.63500213623047,99.87999725341797,99.61000061035156,99.80999755859375,536802
2026-04-09 15:00:00,99.80500030517578,100.18000030517578,99.80000305175781,100.16500091552734,614682
2026-04-09 15:15:00,100.16500091552734,100.73999786376953,100.16000366210938,100.7300033569336,964492
2026-04-09 15:30:00,100.7300033569336,101.1050033569336,100.62000274658203,100.83499908447266,1458383
2026-04-09 15:45:00,100.83000183105469,101.15499877929688,100.69999694824219,100.96749877929688,1000383
2026-04-09 16:00:00,100.96499633789062,101.4000015258789,100.93000030517578,101.11499786376953,1031287
2026-04-09 16:15:00,101.11499786376953,101.33999633789062,101.05500030517578,101.18499755859375,896600
2026-04-09 16:30:00,101.19100189208984,101.7699966430664,101.12999725341797,101.23500061035156,1878735
2026-04-09 16:45:00,101.2300033569336,101.55999755859375,101.16000366210938,101.55500030517578,751446
2026-04-09 17:00:00,101.55500030517578,101.88999938964844,101.55500030517578,101.80509948730469,992740
2026-04-09 17:15:00,101.80999755859375,102.16000366210938,101.80999755859375,101.83499908447266,1466797
2026-04-09 17:30:00,101.83000183105469,102.06999969482422,101.55030059814453,101.98500061035156,1144468
2026-04-09 17:45:00,101.98989868164062,102.08000183105469,101.80000305175781,101.81999969482422,1104209
2026-04-09 18:00:00,101.81999969482422,101.91000366210938,101.61000061035156,101.90499877929688,940263
2026-04-09 18:15:00,101.90499877929688,101.97000122070312,101.72000122070312,101.94999694824219,962939
2026-04-09 18:30:00,101.94499969482422,102.27999877929688,101.88999938964844,102.16500091552734,944918
2026-04-09 18:45:00,102.16680145263672,102.25,102.04499816894531,102.23500061035156,815619
2026-04-09 19:00:00,102.23500061035156,102.33000183105469,102.0199966430664,102.0999984741211,1078025
2026-04-09 19:15:00,102.09500122070312,102.2750015258789,102.01000213623047,102.0250015258789,975482
2026-04-09 19:30:00,102.0199966430664,102.33799743652344,101.97000122070312,102.16500091552734,1361375
2026-04-09 19:45:00,102.16500091552734,102.23999786376953,101.91999816894531,102.09500122070312,3137658
2026-04-10 13:30:00,102.46499633789062,103.08000183105469,101.7699966430664,102.31009674072266,2628186
2026-04-10 13:45:00,102.31500244140625,102.33000183105469,101.45999908447266,101.61499786376953,1847751
2026-04-10 14:00:00,101.62000274658203,102.0,101.52999877929688,101.92500305175781,916139
2026-04-10 14:15:00,101.93000030517578,102.06999969482422,101.76329803466797,101.970703125,631224
2026-04-10 14:30:00,101.9740982055664,102.06999969482422,101.80999755859375,101.94499969482422,821709
2026-04-10 14:45:00,101.94499969482422,101.98989868164062,101.6449966430664,101.7688980102539,745765
2026-04-10 15:00:00,101.76000213623047,101.81999969482422,101.5250015258789,101.7699966430664,748911
2026-04-10 15:15:00,101.7750015258789,102.02999877929688,101.73999786376953,101.91999816894531,648029
2026-04-10 15:30:00,101.91500091552734,102.0250015258789,101.7300033569336,101.83499908447266,536472
2026-04-10 15:45:00,101.83499908447266,101.94499969482422,101.79000091552734,101.87999725341797,487208
2026-04-10 16:00:00,101.87999725341797,102.12999725341797,101.79000091552734,102.12000274658203,659632
2026-04-10 16:15:00,102.12010192871094,102.15499877929688,102.01499938964844,102.09500122070312,523261
2026-04-10 16:30:00,102.09500122070312,102.12000274658203,101.83999633789062,101.8949966430664,435823
2026-04-10 16:45:00,101.9000015258789,102.36499786376953,101.8499984741211,102.23500061035156,679071
2026-04-10 17:00:00,102.23999786376953,102.27999877929688,102.11000061035156,102.18499755859375,422707
2026-04-10 17:15:00,102.18499755859375,102.41000366210938,102.1500015258789,102.20999908447266,574838
2026-04-10 17:30:00,102.19999694824219,102.20999908447266,102.01000213623047,102.125,387712
2026-04-10 17:45:00,102.12999725341797,102.33000183105469,102.12010192871094,102.2699966430664,356569
2026-04-10 18:00:00,102.26000213623047,102.45500183105469,102.24500274658203,102.43000030517578,475807
2026-04-10 18:15:00,102.42410278320312,102.63500213623047,102.37010192871094,102.625,515909
2026-04-10 18:30:00,102.625,102.66000366210938,102.47000122070312,102.55500030517578,551125
2026-04-10 18:45:00,102.55500030517578,102.6500015258789,102.44999694824219,102.62999725341797,371656
2026-04-10 19:00:00,102.63500213623047,102.6500015258789,102.1500015258789,102.40499877929688,843942
2026-04-10 19:15:00,102.40499877929688,102.61000061035156,102.26000213623047,102.61000061035156,787814
2026-04-10 19:30:00,102.5999984741211,102.79669952392578,102.48999786376953,102.7249984741211,1021033
2026-04-10 19:45:00,102.7249984741211,103.05999755859375,102.69000244140625,103.02999877929688,2655867
2026-04-13 13:30:00,103.03199768066406,103.26000213623047,102.0999984741211,102.18499755859375,3258147
2026-04-13 13:45:00,102.18000030517578,102.95999908447266,102.05999755859375,102.91000366210938,1181840
2026-04-13 14:00:00,102.8949966430664,103.19999694824219,102.86009979248047,102.87809753417969,1053163
2026-04-13 14:15:00,102.875,102.87999725341797,102.55000305175781,102.73500061035156,731243
2026-04-13 14:30:00,102.73999786376953,103.0199966430664,102.66000366210938,102.96499633789062,709567
2026-04-13 14:45:00,102.97000122070312,102.9800033569336,102.56999969482422,102.95500183105469,739421
2026-04-13 15:00:00,102.94999694824219,103.0,102.63999938964844,102.84729766845703,872578
2026-04-13 15:15:00,102.84239959716797,102.88500213623047,102.68000030517578,102.80000305175781,432869
2026-04-13 15:30:00,102.80000305175781,103.06999969482422,102.80000305175781,103.03500366210938,536063
2026-04-13 15:45:00,103.03150177001953,103.08999633789062,102.97000122070312,103.02999877929688,386680
2026-04-13 16:00:00,103.0250015258789,103.20999908447266,102.94999694824219,103.19499969482422,553682
2026-04-13 16:15:00,103.19100189208984,103.55000305175781,103.17500305175781,103.50499725341797,589054
2026-04-13 16:30:00,103.5,103.55000305175781,103.38999938964844,103.46499633789062,484689
2026-04-13 16:45:00,103.45999908447266,103.5999984741211,103.36499786376953,103.44000244140625,405256
2026-04-13 17:00:00,103.43000030517578,103.51000213623047,103.37999725341797,103.49500274658203,407813
2026-04-13 17:15:00,103.49500274658203,103.61509704589844,103.47010040283203,103.6050033569336,494695
2026-04-13 17:30:00,103.61000061035156,103.66500091552734,103.44999694824219,103.49500274658203,475521
2026-04-13 17:45:00,103.48999786376953,103.55000305175781,103.37999725341797,103.43499755859375,421535
2026-04-13 18:00:00,103.43000030517578,103.48999786376953,103.27999877929688,103.31500244140625,399243
2026-04-13 18:15:00,103.31500244140625,103.33999633789062,103.2300033569336,103.30999755859375,304463
2026-04-13 18:30:00,103.30500030517578,103.45500183105469,103.29000091552734,103.41510009765625,333347
2026-04-13 18:45:00,103.41500091552734,103.46990203857422,103.38999938964844,103.43000030517578,343246
2026-04-13 19:00:00,103.43000030517578,103.45999908447266,103.3499984741211,103.375,436843
2026-04-13 19:15:00,103.37999725341797,103.41000366210938,103.2699966430664,103.37000274658203,518199
2026-04-13 19:30:00,103.37000274658203,103.53510284423828,103.06999969482422,103.08000183105469,1004422
2026-04-13 19:45:00,103.07499694824219,103.2300033569336,102.87999725341797,103.16500091552734,2630823
2026-04-14 13:30:00,103.16500091552734,104.81999969482422,103.04000091552734,103.8550033569336,3082878
2026-04-14 13:45:00,103.8499984741211,104.33999633789062,103.80000305175781,104.2750015258789,1355516
2026-04-14 14:00:00,104.2750015258789,104.76000213623047,104.2699966430664,104.7300033569336,1127926
2026-04-14 14:15:00,104.7249984741211,104.9000015258789,104.46499633789062,104.875,1112121
2026-04-14 14:30:00,104.875,105.18000030517578,104.61499786376953,104.73500061035156,2150467
2026-04-14 14:45:00,104.73500061035156,105.06500244140625,104.5999984741211,105.0250015258789,1187530
2026-04-14 15:00:00,105.0199966430664,105.2750015258789,105.0,105.06999969482422,1047974
2026-04-14 15:15:00,105.07649993896484,105.43000030517578,105.07499694824219,105.40370178222656,960256
2026-04-14 15:30:00,105.40499877929688,105.69000244140625,105.3949966430664,105.63500213623047,1534237
2026-04-14 15:45:00,105.63200378417969,105.83000183105469,105.55999755859375,105.58499908447266,1056033
2026-04-14 16:00:00,105.58000183105469,105.91999816894531,105.54000091552734,105.90499877929688,900449
2026-04-14 16:15:00,105.9000015258789,106.18499755859375,105.86000061035156,106.15499877929688,1072752
2026-04-14 16:30:00,106.15499877929688,106.18000030517578,105.98999786376953,106.08499908447266,721800
2026-04-14 16:45:00,106.08499908447266,106.23500061035156,106.05999755859375,106.23500061035156,913943
2026-04-14 17:00:00,106.23999786376953,106.3499984741211,106.15499877929688,106.29000091552734,905986
2026-04-14 17:15:00,106.29000091552734,106.55000305175781,106.23999786376953,106.41500091552734,1024589
2026-04-14 17:30:00,106.41500091552734,106.56999969482422,106.37000274658203,106.52999877929688,721438
2026-04-14 17:45:00,106.5250015258789,106.55999755859375,106.36000061035156,106.36499786376953,814544
2026-04-14 18:00:00,106.36499786376953,106.41000366210938,106.1500015258789,106.19499969482422,864346
2026-04-14 18:15:00,106.19499969482422,106.20500183105469,105.66999816894531,105.94000244140625,1323329
2026-04-14 18:30:00,105.93000030517578,106.18000030517578,105.87000274658203,105.89029693603516,968384
2026-04-14 18:45:00,105.8949966430664,106.1449966430664,105.70500183105469,106.06500244140625,1938064
2026-04-14 19:00:00,106.05999755859375,106.16999816894531,106.02010345458984,106.03500366210938,737474
2026-04-14 19:15:00,106.02999877929688,106.29000091552734,105.94999694824219,106.20500183105469,1048086
2026-04-14 19:30:00,106.20500183105469,106.23999786376953,106.05010223388672,106.21499633789062,1029852
2026-04-14 19:45:00,106.21499633789062,106.41500091552734,106.0999984741211,106.22000122070312,4479412
2026-04-15 13:30:00,106.00499725341797,106.41000366210938,105.04000091552734,106.0250015258789,3328246
2026-04-15 13:45:00,106.0250015258789,106.64990234375,106.0199966430664,106.23999786376953,1345034
2026-04-15 14:00:00,106.23999786376953,106.33000183105469,106.04000091552734,106.16999816894531,1178679
2026-04-15 14:15:00,106.17500305175781,106.25499725341797,105.56500244140625,105.99230194091797,1062032
2026-04-15 14:30:00,105.99500274658203,106.06500244140625,105.9000015258789,105.9000015258789,942567
2026-04-15 14:45:00,105.90499877929688,106.01499938964844,105.61499786376953,105.93499755859375,1237962
2026-04-15 15:00:00,105.93000030517578,106.01499938964844,105.7300033569336,105.87000274658203,927951
2026-04-15 15:15:00,105.875,106.0199966430664,105.81500244140625,105.81500244140625,905160
2026-04-15 15:30:00,105.80999755859375,106.0999984741211,105.67500305175781,106.00499725341797,1653960
2026-04-15 15:45:00,106.0,106.08999633789062,105.87000274658203,105.9749984741211,552695
2026-04-15 16:00:00,105.9749984741211,106.2300033569336,105.93499755859375,106.13009643554688,493321
2026-04-15 16:15:00,106.13500213623047,106.30000305175781,106.08999633789062,106.28500366210938,555186
2026-04-15 16:30:00,106.28500366210938,106.4800033569336,106.20500183105469,106.38500213623047,777837
2026-04-15 16:45:00,106.38500213623047,106.68499755859375,106.37999725341797,106.51499938964844,1089967
2026-04-15 17:00:00,106.5199966430664,106.7699966430664,106.47000122070312,106.49500274658203,1428053
2026-04-15 17:15:00,106.4906997680664,106.7699966430664,106.30000305175781,106.76580047607422,911993
2026-04-15 17:30:00,106.76499938964844,106.94989776611328,106.69999694824219,106.73500061035156,545308
2026-04-15 17:45:00,106.73509979248047,106.95999908447266,106.70999908447266,106.73999786376953,646886
2026-04-15 18:00:00,106.73500061035156,106.7750015258789,106.55999755859375,106.70500183105469,758521
2026-04-15 18:15:00,106.70999908447266,106.78500366210938,106.66000366210938,106.73500061035156,542949
2026-04-15 18:30:00,106.7300033569336,107.0999984741211,106.7300033569336,107.01000213623047,756432
2026-04-15 18:45:00,107.00499725341797,107.12999725341797,106.87999725341797,107.09500122070312,564743
2026-04-15 19:00:00,107.09500122070312,107.19999694824219,107.04000091552734,107.06500244140625,821142
2026-04-15 19:15:00,107.05999755859375,107.40499877929688,107.0,107.36499786376953,1306579
2026-04-15 19:30:00,107.36499786376953,107.55000305175781,107.2699966430664,107.36000061035156,1882479
2026-04-15 19:45:00,107.3550033569336,107.8499984741211,107.16500091552734,107.66000366210938,5319480
2026-04-16 13:30:00,107.41000366210938,108.45999908447266,106.62010192871094,107.19000244140625,5188032
2026-04-16 13:45:00,107.19000244140625,107.70999908447266,107.04000091552734,107.30500030517578,2074361
2026-04-16 14:00:00,107.30000305175781,107.63999938964844,106.83000183105469,107.54499816894531,1515956
2026-04-16 14:15:00,107.55000305175781,107.67539978027344,107.25499725341797,107.58000183105469,1436841
2026-04-16 14:30:00,107.58499908447266,108.05500030517578,107.57499694824219,108.03500366210938,1182173
2026-04-16 14:45:00,108.03500366210938,108.23999786376953,107.79000091552734,107.94989776611328,1056800
2026-04-16 15:00:00,107.94999694824219,108.4749984741211,107.94000244140625,108.40499877929688,1175624
2026-04-16 15:15:00,108.40499877929688,108.52729797363281,108.0999984741211,108.13680267333984,1256871
2026-04-16 15:30:00,108.12999725341797,108.48500061035156,108.08999633789062,108.33499908447266,1010775
2026-04-16 15:45:00,108.33000183105469,108.70999908447266,108.2750015258789,108.69999694824219,903818
2026-04-16 16:00:00,108.69039916992188,108.94000244140625,108.6500015258789,108.7686996459961,1197563
2026-04-16 16:15:00,108.76000213623047,108.80989837646484,108.29000091552734,108.30000305175781,1193668
2026-04-16 16:30:00,108.30500030517578,108.36000061035156,107.9800033569336,108.18160247802734,830879
2026-04-16 16:45:00,108.18499755859375,108.3499984741211,108.11000061035156,108.19000244140625,763510
2026-04-16 17:00:00,108.18499755859375,108.30999755859375,108.05000305175781,108.05899810791016,794530
2026-04-16 17:15:00,108.05500030517578,108.12000274658203,107.9000015258789,108.04499816894531,802536
2026-04-16 17:30:00,108.04499816894531,108.35990142822266,107.9749984741211,108.32009887695312,721567
2026-04-16 17:45:00,108.33000183105469,108.33000183105469,107.90190124511719,108.0999984741211,1034808
2026-04-16 18:00:00,108.09500122070312,108.2300033569336,108.03500366210938,108.04000091552734,916105
2026-04-16 18:15:00,108.05000305175781,108.12999725341797,107.80999755859375,107.97969818115234,993929
2026-04-16 18:30:00,107.9749984741211,108.32499694824219,107.9749984741211,108.0250015258789,1081832
2026-04-16 18:45:00,108.0250015258789,108.125,107.92500305175781,108.06999969482422,1067744
2026-04-16 19:00:00,108.07499694824219,108.31999969482422,108.06500244140625,108.25499725341797,1261022
2026-04-16 19:15:00,108.26000213623047,108.37000274658203,108.04000091552734,108.05249786376953,1798569
2026-04-16 19:30:00,108.05500030517578,108.23999786376953,107.11000061035156,107.45500183105469,3473605
2026-04-16 19:45:00,107.45999908447266,108.05999755859375,107.33000183105469,107.6500015258789,6411911
2026-04-17 13:30:00,96.37000274658203,98.37999725341797,95.0999984741211,96.47000122070312,30773644
2026-04-17 13:45:00,96.47000122070312,97.6500015258789,96.25,97.6449966430664,8426353
2026-04-17 14:00:00,97.63999938964844,98.04000091552734,97.3501968383789,97.66500091552734,6551554
2026-04-17 14:15:00,97.66999816894531,97.73999786376953,96.87000274658203,96.91670227050781,6475638
2026-04-17 14:30:00,96.91500091552734,98.23999786376953,96.91000366210938,98.2063980102539,4466826
2026-04-17 14:45:00,98.20659637451172,98.58000183105469,97.9800033569336,98.56990051269531,4205208
2026-04-17 15:00:00,98.56500244140625,98.73999786376953,97.54000091552734,97.5968017578125,4960727
2026-04-17 15:15:00,97.5999984741211,97.66000366210938,97.0999984741211,97.40499877929688,3418644
2026-04-17 15:30:00,97.4000015258789,97.47000122070312,97.11009979248047,97.125,2433008
2026-04-17 15:45:00,97.12000274658203,98.12000274658203,97.11000061035156,98.08000183105469,2520819
2026-04-17 16:00:00,98.08000183105469,98.22000122070312,97.91999816894531,97.93499755859375,2362013
2026-04-17 16:15:00,97.93499755859375,98.42500305175781,97.88999938964844,98.13999938964844,2172897
2026-04-17 16:30:00,98.13999938964844,98.16000366210938,97.36499786376953,97.42739868164062,3058668
2026-04-17 16:45:00,97.42669677734375,97.48999786376953,97.25,97.375,2084770
2026-04-17 17:00:00,97.37000274658203,97.44999694824219,96.87000274658203,96.92279815673828,2957358
2026-04-17 17:15:00,96.92500305175781,97.18000030517578,96.7300033569336,96.82499694824219,2151330
2026-04-17 17:30:00,96.82499694824219,96.91000366210938,96.69999694824219,96.83760070800781,1606786
2026-04-17 17:45:00,96.83499908447266,96.9800033569336,96.52999877929688,96.63009643554688,2083192
2026-04-17 18:00:00,96.63500213623047,96.97000122070312,96.63500213623047,96.875,1944273
2026-04-17 18:15:00,96.87989807128906,97.12999725341797,96.82499694824219,97.08499908447266,1900042
2026-04-17 18:30:00,97.08499908447266,97.38999938964844,97.0199966430664,97.32499694824219,1846280
2026-04-17 18:45:00,97.32499694824219,97.32499694824219,96.7699966430664,96.8740005493164,2050472
2026-04-17 19:00:00,96.87999725341797,96.95999908447266,96.5,96.81410217285156,2937609
2026-04-17 19:15:00,96.8156967163086,97.27999877929688,96.78009796142578,97.26010131835938,2721765
2026-04-17 19:30:00,97.2699966430664,97.51000213623047,97.19000244140625,97.21499633789062,3503638
2026-04-17 19:45:00,97.20999908447266,97.6500015258789,97.05999755859375,97.27999877929688,7812169
2026-04-20 13:30:00,97.1449966430664,97.5999984741211,96.30000305175781,96.30999755859375,5824408
2026-04-20 13:45:00,96.30999755859375,96.37000274658203,95.79000091552734,96.1050033569336,3198756
2026-04-20 14:00:00,96.1050033569336,96.2300033569336,95.80000305175781,96.00499725341797,2236661
2026-04-20 14:15:00,96.00499725341797,96.01000213623047,95.5,95.52200317382812,2284499
2026-04-20 14:30:00,95.5250015258789,95.71759796142578,95.41999816894531,95.61499786376953,2088482
2026-04-20 14:45:00,95.61000061035156,95.63999938964844,94.88999938964844,94.8949966430664,2941834
2026-04-20 15:00:00,94.90969848632812,94.9800033569336,94.0999984741211,94.33999633789062,3965967
2026-04-20 15:15:00,94.33000183105469,94.3499984741211,93.6500015258789,93.875,3617962
2026-04-20 15:30:00,93.87000274658203,94.29000091552734,93.84249877929688,94.16500091552734,2965546
2026-04-20 15:45:00,94.16500091552734,94.18000030517578,93.83999633789062,93.88009643554688,1891929
2026-04-20 16:00:00,93.88500213623047,93.92500305175781,93.66999816894531,93.91500091552734,2209404
2026-04-20 16:15:00,93.91999816894531,94.0,93.7699966430664,93.86000061035156,1565377
2026-04-20 16:30:00,93.86000061035156,93.9219970703125,93.54000091552734,93.70500183105469,1957751
2026-04-20 16:45:00,93.70500183105469,94.08000183105469,93.69000244140625,94.06500244140625,1604922
2026-04-20 17:00:00,94.06500244140625,94.5,93.88999938964844,94.41999816894531,2023063
2026-04-20 17:15:00,94.41500091552734,94.75,94.41000366210938,94.67990112304688,1393459
2026-04-20 17:30:00,94.67500305175781,94.68000030517578,94.44000244140625,94.48500061035156,1176281
2026-04-20 17:45:00,94.48500061035156,94.6500015258789,94.4801025390625,94.4979019165039,792813
2026-04-20 18:00:00,94.49500274658203,94.57990264892578,94.3499984741211,94.36499786376953,1058283
2026-04-20 18:15:00,94.36810302734375,94.37000274658203,94.19999694824219,94.26000213623047,1174998
2026-04-20 18:30:00,94.26499938964844,94.43000030517578,94.19999694824219,94.38500213623047,1049679
2026-04-20 18:45:00,94.38500213623047,94.6500015258789,94.31999969482422,94.56009674072266,1098460
2026-04-20 19:00:00,94.56590270996094,94.75,94.5,94.68499755859375,1191407
2026-04-20 19:15:00,94.68000030517578,94.87000274658203,94.62999725341797,94.80899810791016,1623251
2026-04-20 19:30:00,94.80000305175781,94.91999816894531,94.73999786376953,94.74500274658203,1857658
2026-04-20 19:45:00,94.74500274658203,95.0999984741211,94.66999816894531,94.80999755859375,4327313
2026-04-21 13:30:00,93.82499694824219,94.6500015258789,93.5199966430664,94.53500366210938,6072441
2026-04-21 13:45:00,94.54000091552734,94.54000091552734,93.6500015258789,94.01499938964844,3393735
2026-04-21 14:00:00,94.0199966430664,94.25,93.75,94.19499969482422,2118501
2026-04-21 14:15:00,94.19000244140625,94.23999786376953,93.45999908447266,93.56500244140625,2282853
2026-04-21 14:30:00,93.55999755859375,93.81999969482422,93.41000366210938,93.51499938964844,2287842
2026-04-21 14:45:00,93.52999877929688,93.7699966430664,93.4000015258789,93.4800033569336,2058002
2026-04-21 15:00:00,93.4800033569336,93.66000366210938,93.30000305175781,93.47000122070312,2109678
2026-04-21 15:15:00,93.45999908447266,93.58000183105469,93.1500015258789,93.22000122070312,1573811
2026-04-21 15:30:00,93.21499633789062,93.34989929199219,93.08999633789062,93.32499694824219,1513785
2026-04-21 15:45:00,93.32929992675781,93.37999725341797,93.18000030517578,93.24500274658203,1067421
2026-04-21 16:00:00,93.24500274658203,93.41000366210938,93.19999694824219,93.25499725341797,1323708
2026-04-21 16:15:00,93.25,93.36499786376953,93.12999725341797,93.20500183105469,1169517
2026-04-21 16:30:00,93.20659637451172,93.29000091552734,92.94999694824219,93.00990295410156,1637414
2026-04-21 16:45:00,93.00669860839844,93.06999969482422,92.83999633789062,92.875,1637036
2026-04-21 17:00:00,92.875,93.0999984741211,92.80999755859375,92.92500305175781,1275337
2026-04-21 17:15:00,92.91999816894531,92.96499633789062,92.68000030517578,92.88500213623047,2711087
2026-04-21 17:30:00,92.88500213623047,93.23999786376953,92.87999725341797,93.16000366210938,1042592
2026-04-21 17:45:00,93.15499877929688,93.20999908447266,93.01000213623047,93.06009674072266,661392
2026-04-21 18:00:00,93.06500244140625,93.20500183105469,93.03500366210938,93.1698989868164,713206
2026-04-21 18:15:00,93.16500091552734,93.19000244140625,92.93000030517578,93.05500030517578,1081341
2026-04-21 18:30:00,93.05500030517578,93.28500366210938,92.88999938964844,92.90499877929688,1128624
2026-04-21 18:45:00,92.90499877929688,92.93000030517578,92.66999816894531,92.75499725341797,1561704
2026-04-21 19:00:00,92.75499725341797,92.8499984741211,92.69000244140625,92.76499938964844,1333685
2026-04-21 19:15:00,92.7699966430664,92.94000244140625,92.7300033569336,92.80999755859375,1938975
2026-04-21 19:30:00,92.80500030517578,92.81999969482422,92.37000274658203,92.41000366210938,2144459
2026-04-21 19:45:00,92.41000366210938,92.69499969482422,92.40499877929688,92.58999633789062,4480955
2026-04-22 13:30:00,93.05999755859375,93.66999816894531,92.77999877929688,93.63990020751953,3808491
2026-04-22 13:45:00,93.6500015258789,93.79000091552734,93.27999877929688,93.66000366210938,1775684
2026-04-22 14:00:00,93.66000366210938,93.79000091552734,93.48999786376953,93.63500213623047,1245059
2026-04-22 14:15:00,93.63500213623047,93.8499984741211,93.58000183105469,93.7300033569336,1327232
2026-04-22 14:30:00,93.7300033569336,93.79000091552734,93.42500305175781,93.4749984741211,1084273
2026-04-22 14:45:00,93.4749984741211,93.4800033569336,93.12999725341797,93.25,1039439
2026-04-22 15:00:00,93.25499725341797,93.30000305175781,93.02999877929688,93.18000030517578,997439
2026-04-22 15:15:00,93.16999816894531,93.30000305175781,93.08000183105469,93.20999908447266,664986
2026-04-22 15:30:00,93.20500183105469,93.23999786376953,92.86000061035156,92.88500213623047,984456
2026-04-22 15:45:00,92.88500213623047,93.03500366210938,92.8499984741211,92.96990203857422,835883
2026-04-22 16:00:00,92.97000122070312,93.0,92.84500122070312,92.92500305175781,644545
2026-04-22 16:15:00,92.92500305175781,93.06999969482422,92.88500213623047,92.91000366210938,828919
2026-04-22 16:30:00,92.90499877929688,93.29000091552734,92.86000061035156,93.07499694824219,980848
2026-04-22 16:45:00,93.07499694824219,93.19499969482422,93.0,93.17500305175781,826437
2026-04-22 17:00:00,93.17500305175781,93.22000122070312,93.07499694824219,93.16000366210938,671299
2026-04-22 17:15:00,93.15499877929688,93.22000122070312,93.02999877929688,93.20500183105469,570362
2026-04-22 17:30:00,93.20999908447266,93.30999755859375,93.18000030517578,93.25,578504
2026-04-22 17:45:00,93.25499725341797,93.29499816894531,93.12999725341797,93.15499877929688,556877
2026-04-22 18:00:00,93.15499877929688,93.16000366210938,93.08499908447266,93.12999725341797,522490
2026-04-22 18:15:00,93.12000274658203,93.12999725341797,92.9800033569336,93.1050033569336,595910
2026-04-22 18:30:00,93.1050033569336,93.19000244140625,93.05999755859375,93.13500213623047,576420
2026-04-22 18:45:00,93.13500213623047,93.33999633789062,93.0999984741211,93.26499938964844,748596
2026-04-22 19:00:00,93.2699966430664,93.38999938964844,93.2300033569336,93.2750015258789,942636
2026-04-22 19:15:00,93.2750015258789,93.3499984741211,93.20999908447266,93.30999755859375,910977
2026-04-22 19:30:00,93.31500244140625,93.48500061035156,93.18000030517578,93.30989837646484,1124485
2026-04-22 19:45:00,93.30500030517578,93.39710235595703,93.13999938964844,93.20999908447266,2811139
2026-04-23 13:30:00,94.05999755859375,94.63999938964844,93.40499877929688,93.91999816894531,5723037
2026-04-23 13:45:00,93.91000366210938,94.08999633789062,93.33999633789062,93.375,1608618
2026-04-23 14:00:00,93.36499786376953,93.7750015258789,93.29000091552734,93.75160217285156,1456522
2026-04-23 14:15:00,93.75,93.83000183105469,93.47000122070312,93.63500213623047,973651
2026-04-23 14:30:00,93.63500213623047,93.6500015258789,93.37000274658203,93.49500274658203,807341
2026-04-23 14:45:00,93.49479675292969,93.66000366210938,93.38999938964844,93.6050033569336,801847
2026-04-23 15:00:00,93.5999984741211,93.7300033569336,93.12999725341797,93.13500213623047,997709
2026-04-23 15:15:00,93.13670349121094,93.47000122070312,93.12000274658203,93.33000183105469,807429
2026-04-23 15:30:00,93.33499908447266,93.36000061035156,93.12999725341797,93.16500091552734,859756
2026-04-23 15:45:00,93.16010284423828,93.19499969482422,93.0,93.04499816894531,706030
2026-04-23 16:00:00,93.04000091552734,93.11000061035156,92.6500015258789,92.67500305175781,885512
2026-04-23 16:15:00,92.68000030517578,92.86000061035156,92.55000305175781,92.76719665527344,836103
2026-04-23 16:30:00,92.7697982788086,92.78800201416016,92.5,92.59500122070312,816899
2026-04-23 16:45:00,92.59500122070312,92.68000030517578,92.5199966430664,92.5199966430664,712698
2026-04-23 17:00:00,92.5250015258789,92.54499816894531,92.19999694824219,92.26499938964844,1008453
2026-04-23 17:15:00,92.26499938964844,92.29000091552734,92.072998046875,92.26499938964844,1007077
2026-04-23 17:30:00,92.26499938964844,92.46499633789062,92.1500015258789,92.21499633789062,846689
2026-04-23 17:45:00,92.20999908447266,92.83000183105469,92.08000183105469,92.75499725341797,1383159
2026-04-23 18:00:00,92.75499725341797,93.03150177001953,92.70999908447266,92.91000366210938,657720
2026-04-23 18:15:00,92.91500091552734,93.05970001220703,92.91500091552734,93.02999877929688,615957
2026-04-23 18:30:00,93.03500366210938,93.1449966430664,93.0,93.07499694824219,826517
2026-04-23 18:45:00,93.07499694824219,93.1500015258789,93.0,93.07499694824219,679766
2026-04-23 19:00:00,93.07499694824219,93.30000305175781,93.04000091552734,93.16500091552734,850452
2026-04-23 19:15:00,93.16999816894531,93.25,93.1500015258789,93.20500183105469,565705
2026-04-23 19:30:00,93.20500183105469,93.23999786376953,92.93000030517578,92.94499969482422,910801
2026-04-23 19:45:00,92.94000244140625,92.95999908447266,92.70500183105469,92.83000183105469,4988806
2026-04-24 13:30:00,92.57499694824219,92.76000213623047,91.91000366210938,92.49500274658203,3547258
2026-04-24 13:45:00,92.5,93.26000213623047,92.37000274658203,93.19999694824219,1866117
2026-04-24 14:00:00,93.16999816894531,93.2750015258789,92.62000274658203,92.69999694824219,1402590
2026-04-24 14:15:00,92.69999694824219,92.79000091552734,92.38999938964844,92.40859985351562,991953
2026-04-24 14:30:00,92.40499877929688,92.46499633789062,92.26499938964844,92.45500183105469,740918
2026-04-24 14:45:00,92.45500183105469,92.48999786376953,91.97000122070312,91.9800033569336,939042
2026-04-24 15:00:00,91.98999786376953,92.0199966430664,91.8499984741211,91.92500305175781,1828094
2026-04-24 15:15:00,91.92500305175781,92.05000305175781,91.80000305175781,92.04499816894531,1177675
2026-04-24 15:30:00,92.04000091552734,92.32499694824219,91.98999786376953,92.31999969482422,1056614
2026-04-24 15:45:00,92.31999969482422,92.41000366210938,91.95999908447266,92.1449966430664,969726
2026-04-24 16:00:00,92.13999938964844,92.19999694824219,91.95999908447266,92.05500030517578,862502
2026-04-24 16:15:00,92.05999755859375,92.1050033569336,91.9000015258789,92.07499694824219,790309
2026-04-24 16:30:00,92.07499694824219,92.17500305175781,91.98999786376953,92.09500122070312,630239
2026-04-24 16:45:00,92.09500122070312,92.25,92.08000183105469,92.2249984741211,502809
2026-04-24 17:00:00,92.2249984741211,92.27999877929688,92.11000061035156,92.16510009765625,542369
2026-04-24 17:15:00,92.16999816894531,92.51200103759766,92.1500015258789,92.41500091552734,758947
2026-04-24 17:30:00,92.41010284423828,92.55999755859375,92.38999938964844,92.53500366210938,591696
2026-04-24 17:45:00,92.53500366210938,92.59500122070312,92.5,92.57499694824219,513469
2026-04-24 18:00:00,92.56999969482422,92.58799743652344,92.37000274658203,92.49500274658203,602716
2026-04-24 18:15:00,92.49440002441406,92.5199966430664,92.33000183105469,92.33499908447266,486523
2026-04-24 18:30:00,92.33499908447266,92.36000061035156,92.2300033569336,92.32499694824219,640408
2026-04-24 18:45:00,92.31999969482422,92.45999908447266,92.30999755859375,92.43000030517578,501374
2026-04-24 19:00:00,92.44000244140625,92.66000366210938,92.33999633789062,92.58000183105469,846819
2026-04-24 19:15:00,92.58499908447266,92.66999816894531,92.52999877929688,92.56999969482422,856070
2026-04-24 19:30:00,92.56999969482422,92.58000183105469,92.3499984741211,92.44499969482422,1098821
2026-04-24 19:45:00,92.44000244140625,92.59500122070312,92.29000091552734,92.37000274658203,3194033
2026-04-27 13:30:00,92.05000305175781,92.30999755859375,91.30000305175781,92.12999725341797,3027193
2026-04-27 13:45:00,92.12999725341797,92.56999969482422,91.8499984741211,91.98999786376953,1819114
2026-04-27 14:00:00,91.98999786376953,92.16000366210938,91.95999908447266,92.13500213623047,941265
2026-04-27 14:15:00,92.13899993896484,92.82890319824219,92.12000274658203,92.80999755859375,1183440
2026-04-27 14:30:00,92.80500030517578,92.80999755859375,92.41999816894531,92.66000366210938,953565
2026-04-27 14:45:00,92.6698989868164,92.80000305175781,92.58000183105469,92.72000122070312,892445
2026-04-27 15:00:00,92.7249984741211,92.83999633789062,92.48999786376953,92.58499908447266,767971
2026-04-27 15:15:00,92.58000183105469,92.77999877929688,92.58000183105469,92.68080139160156,789799
2026-04-27 15:30:00,92.6874008178711,92.7052001953125,92.37000274658203,92.38629913330078,909437
2026-04-27 15:45:00,92.37999725341797,92.52999877929688,92.32499694824219,92.5,616120
2026-04-27 16:00:00,92.50499725341797,92.61000061035156,92.29000091552734,92.30000305175781,637409
2026-04-27 16:15:00,92.29499816894531,92.33999633789062,92.22000122070312,92.30999755859375,396993
2026-04-27 16:30:00,92.30500030517578,92.31999969482422,92.05280303955078,92.19499969482422,508316
2026-04-27 16:45:00,92.19000244140625,92.20500183105469,92.09500122070312,92.18499755859375,421116
2026-04-27 17:00:00,92.18000030517578,92.22000122070312,92.0999984741211,92.20500183105469,415011
2026-04-27 17:15:00,92.20500183105469,92.26499938964844,92.0199966430664,92.06999969482422,529736
2026-04-27 17:30:00,92.06500244140625,92.15499877929688,92.05500030517578,92.1500015258789,448925
2026-04-27 17:45:00,92.14409637451172,92.1500015258789,92.0,92.06500244140625,485770
2026-04-27 18:00:00,92.06500244140625,92.13999938964844,91.98999786376953,92.125,485364
2026-04-27 18:15:00,92.12999725341797,92.13990020751953,91.88970184326172,91.95500183105469,533459
2026-04-27 18:30:00,91.94999694824219,91.96499633789062,91.80000305175781,91.82499694824219,662445
2026-04-27 18:45:00,91.82499694824219,91.83000183105469,91.61499786376953,91.63009643554688,730616
2026-04-27 19:00:00,91.62999725341797,91.63999938964844,91.34500122070312,91.44010162353516,1397038
2026-04-27 19:15:00,91.44499969482422,91.93499755859375,91.44499969482422,91.83499908447266,1645671
2026-04-27 19:30:00,91.83999633789062,91.83999633789062,91.54000091552734,91.61499786376953,1214576
2026-04-27 19:45:00,91.61499786376953,91.6500015258789,91.3499984741211,91.38999938964844,2916617
2026-04-28 13:30:00,91.4000015258789,91.62999725341797,90.0199966430664,90.32499694824219,4239167
2026-04-28 13:45:00,90.31999969482422,90.77999877929688,90.30999755859375,90.56500244140625,1723922
2026-04-28 14:00:00,90.55999755859375,90.91000366210938,90.52999877929688,90.79499816894531,1314021
2026-04-28 14:15:00,90.79499816894531,90.97000122070312,90.73500061035156,90.84500122070312,992747
2026-04-28 14:30:00,90.84500122070312,91.0,90.73999786376953,90.94999694824219,982254
2026-04-28 14:45:00,90.94989776611328,91.01000213623047,90.83000183105469,90.88500213623047,886505
2026-04-28 15:00:00,90.88999938964844,91.04000091552734,90.70999908447266,90.82499694824219,897725
2026-04-28 15:15:00,90.83000183105469,90.83760070800781,90.41000366210938,90.55000305175781,798934
2026-04-28 15:30:00,90.55000305175781,90.66999816894531,90.5,90.53500366210938,736349
2026-04-28 15:45:00,90.5364990234375,90.56999969482422,90.3905029296875,90.51000213623047,521657
2026-04-28 16:00:00,90.5167007446289,90.69999694824219,90.5,90.63359832763672,575188
2026-04-28 16:15:00,90.63500213623047,90.63999938964844,90.51000213623047,90.5250015258789,340910
2026-04-28 16:30:00,90.5250015258789,90.55000305175781,90.3499984741211,90.3550033569336,509411
2026-04-28 16:45:00,90.3550033569336,90.58999633789062,90.31999969482422,90.58999633789062,585194
2026-04-28 17:00:00,90.5999984741211,90.80999755859375,90.55999755859375,90.80500030517578,650824
2026-04-28 17:15:00,90.81009674072266,90.95999908447266,90.69000244140625,90.94750213623047,580509
2026-04-28 17:30:00,90.94419860839844,90.9800033569336,90.82499694824219,90.875,440358
2026-04-28 17:45:00,90.875,90.93000030517578,90.75,90.875,457294
2026-04-28 18:00:00,90.875,91.43000030517578,90.83000183105469,91.4000015258789,2724541
2026-04-28 18:15:00,91.3949966430664,91.55999755859375,91.31999969482422,91.55999755859375,648776
2026-04-28 18:30:00,91.55500030517578,91.79000091552734,91.52999877929688,91.73999786376953,713420
2026-04-28 18:45:00,91.73999786376953,92.05999755859375,91.69999694824219,91.9749984741211,779878
2026-04-28 19:00:00,91.9749984741211,92.25499725341797,91.875,92.2249984741211,807343
2026-04-28 19:15:00,92.2249984741211,92.2699966430664,92.08000183105469,92.20989990234375,902655
2026-04-28 19:30:00,92.20500183105469,92.33000183105469,92.0999984741211,92.125,929174
2026-04-28 19:45:00,92.12000274658203,92.33999633789062,91.95999908447266,92.30500030517578,3942099
2026-04-29 13:30:00,91.2249984741211,92.05000305175781,90.86000061035156,91.80500030517578,2126446
2026-04-29 13:45:00,91.80999755859375,92.16000366210938,91.66000366210938,91.83000183105469,1066899
2026-04-29 14:00:00,91.83000183105469,91.86000061035156,91.45999908447266,91.73500061035156,874426
2026-04-29 14:15:00,91.73500061035156,92.05999755859375,91.61000061035156,92.0199966430664,1998283
2026-04-29 14:30:00,92.01000213623047,92.3499984741211,91.93009948730469,92.32499694824219,767449
2026-04-29 14:45:00,92.32499694824219,92.8550033569336,92.27999877929688,92.70800018310547,850677
2026-04-29 15:00:00,92.70500183105469,92.7300033569336,92.44499969482422,92.45500183105469,912057
2026-04-29 15:15:00,92.45500183105469,92.59500122070312,92.3550033569336,92.52140045166016,806856
2026-04-29 15:30:00,92.5250015258789,92.57499694824219,92.11000061035156,92.16999816894531,524184
2026-04-29 15:45:00,92.16999816894531,92.26499938964844,91.81999969482422,92.12860107421875,722344
2026-04-29 16:00:00,92.125,92.3550033569336,92.0,92.29499816894531,605930
2026-04-29 16:15:00,92.29499816894531,92.33000183105469,92.11000061035156,92.14510345458984,381747
2026-04-29 16:30:00,92.1449966430664,92.19999694824219,91.97000122070312,92.16000366210938,415967
2026-04-29 16:45:00,92.15499877929688,92.20999908447266,91.95999908447266,92.16500091552734,400812
2026-04-29 17:00:00,92.16840362548828,92.33999633789062,92.08000183105469,92.29499816894531,371414
2026-04-29 17:15:00,92.29499816894531,92.30999755859375,92.10009765625,92.23999786376953,468582
2026-04-29 17:30:00,92.23999786376953,92.37999725341797,92.18499755859375,92.37000274658203,386015
2026-04-29 17:45:00,92.375,92.51000213623047,92.30500030517578,92.31500244140625,401685
2026-04-29 18:00:00,92.31500244140625,92.36000061035156,92.13999938964844,92.17500305175781,601948
2026-04-29 18:15:00,92.17500305175781,92.30500030517578,92.05999755859375,92.13500213623047,406962
2026-04-29 18:30:00,92.13999938964844,92.3499984741211,92.03500366210938,92.28500366210938,565062
2026-04-29 18:45:00,92.28500366210938,92.41000366210938,92.16000366210938,92.21499633789062,685962
2026-04-29 19:00:00,92.21499633789062,92.26969909667969,92.11000061035156,92.18499755859375,605591
2026-04-29 19:15:00,92.18499755859375,92.38500213623047,92.18499755859375,92.26499938964844,715622
2026-04-29 19:30:00,92.26499938964844,92.30000305175781,92.05999755859375,92.24500274658203,1739523
2026-04-29 19:45:00,92.24500274658203,92.41999816894531,92.03500366210938,92.16000366210938,2660044
2026-04-30 13:30:00,91.33999633789062,92.68000030517578,90.7699966430664,92.16999816894531,5125107
2026-04-30 13:45:00,92.16999816894531,92.4800033569336,91.98999786376953,92.2699966430664,1426727
2026-04-30 14:00:00,92.29000091552734,92.58999633789062,92.17500305175781,92.50530242919922,1314767
2026-04-30 14:15:00,92.50499725341797,92.7300033569336,92.06009674072266,92.69000244140625,1284533
2026-04-30 14:30:00,92.69499969482422,92.75,92.30999755859375,92.58999633789062,1737303
2026-04-30 14:45:00,92.59500122070312,93.1500015258789,92.54499816894531,93.05500030517578,1221625
2026-04-30 15:00:00,93.05999755859375,93.26000213623047,92.98280334472656,93.04499816894531,958787
2026-04-30 15:15:00,93.04499816894531,93.25,92.99500274658203,93.02999877929688,854336
2026-04-30 15:30:00,93.03500366210938,93.1500015258789,92.94999694824219,92.99500274658203,881637
2026-04-30 15:45:00,92.99500274658203,93.23999786376953,92.94000244140625,93.1449966430664,865869
2026-04-30 16:00:00,93.1449966430664,93.46499633789062,93.07499694824219,93.42500305175781,659394
2026-04-30 16:15:00,93.42500305175781,93.48999786376953,93.31999969482422,93.32499694824219,699621
2026-04-30 16:30:00,93.31999969482422,93.37999725341797,93.1050033569336,93.12000274658203,499063
2026-04-30 16:45:00,93.125,93.15499877929688,93.0,93.0999984741211,690770
2026-04-30 17:00:00,93.10220336914062,93.29499816894531,93.04000091552734,93.26000213623047,698133
2026-04-30 17:15:00,93.26000213623047,93.47000122070312,93.25749969482422,93.375,477119
2026-04-30 17:30:00,93.37989807128906,93.55000305175781,93.33000183105469,93.3949966430664,800406
2026-04-30 17:45:00,93.39510345458984,93.62999725341797,93.37999725341797,93.61990356445312,506737
2026-04-30 18:00:00,93.61499786376953,93.94999694824219,93.6050033569336,93.88500213623047,917819
2026-04-30 18:15:00,93.88500213623047,94.05000305175781,93.76000213623047,93.7750015258789,917267
2026-04-30 18:30:00,93.7750015258789,94.0,93.75,93.94499969482422,479936
2026-04-30 18:45:00,93.94499969482422,94.13500213623047,93.91999816894531,93.99500274658203,738078
2026-04-30 19:00:00,93.9999008178711,94.16000366210938,93.8499984741211,94.125,723576
2026-04-30 19:15:00,94.12000274658203,94.16000366210938,93.9000015258789,94.03250122070312,895447
2026-04-30 19:30:00,94.03500366210938,94.22000122070312,94.01000213623047,94.13999938964844,964121
2026-04-30 19:45:00,94.1449966430664,94.20500183105469,93.55000305175781,93.55000305175781,3244890
2026-05-01 13:30:00,94.47000122070312,94.69999694824219,93.88999938964844,94.0199966430664,2611116
2026-05-01 13:45:00,94.0199966430664,94.1500015258789,93.69999694824219,93.87000274658203,1158058
2026-05-01 14:00:00,93.87999725341797,93.9800033569336,93.61000061035156,93.69499969482422,906523
2026-05-01 14:15:00,93.69999694824219,93.93000030517578,93.6500015258789,93.87999725341797,844214
2026-05-01 14:30:00,93.88999938964844,94.18000030517578,93.79000091552734,94.12000274658203,684547
2026-05-01 14:45:00,94.125,94.30999755859375,94.05999755859375,94.21019744873047,598811
2026-05-01 15:00:00,94.20999908447266,94.31500244140625,93.98999786376953,94.2699966430664,780967
2026-05-01 15:15:00,94.28500366210938,94.31999969482422,94.16999816894531,94.30000305175781,510476
2026-05-01 15:30:00,94.30999755859375,94.38999938964844,94.06999969482422,94.12000274658203,510795
2026-05-01 15:45:00,94.12999725341797,94.16000366210938,93.7300033569336,93.83499908447266,821198
2026-05-01 16:00:00,93.83000183105469,93.95999908447266,93.56999969482422,93.57499694824219,705368
2026-05-01 16:15:00,93.5740966796875,93.57499694824219,93.25499725341797,93.29499816894531,603302
2026-05-01 16:30:00,93.29000091552734,93.37000274658203,93.15499877929688,93.20970153808594,602623
2026-05-01 16:45:00,93.20500183105469,93.2051010131836,93.0199966430664,93.05999755859375,593973
2026-05-01 17:00:00,93.05999755859375,93.08999633789062,92.83999633789062,92.91000366210938,715284
2026-05-01 17:15:00,92.91500091552734,92.94000244140625,92.62020111083984,92.81500244140625,801329
2026-05-01 17:30:00,92.81500244140625,92.83989715576172,92.59500122070312,92.6500015258789,800370
2026-05-01 17:45:00,92.64510345458984,92.68000030517578,92.56999969482422,92.58999633789062,562335
2026-05-01 18:00:00,92.58999633789062,92.63999938964844,92.4749984741211,92.58000183105469,711272
2026-05-01 18:15:00,92.57499694824219,92.58000183105469,92.27999877929688,92.33000183105469,875187
2026-05-01 18:30:00,92.3550033569336,92.36499786376953,92.07499694824219,92.18000030517578,1215034
2026-05-01 18:45:00,92.18000030517578,92.23999786376953,92.10009765625,92.17739868164062,911427
2026-05-01 19:00:00,92.17500305175781,92.21610260009766,92.06999969482422,92.20999908447266,775616
2026-05-01 19:15:00,92.20500183105469,92.32499694824219,92.08499908447266,92.25,1187095
2026-05-01 19:30:00,92.25499725341797,92.375,92.04000091552734,92.11000061035156,1189566
2026-05-01 19:45:00,92.11000061035156,92.12300109863281,91.9000015258789,92.0999984741211,3784827
2026-05-04 13:30:00,92.02999877929688,92.33000183105469,91.51000213623047,91.7699966430664,2092952
2026-05-04 13:45:00,91.7699966430664,91.8499984741211,91.31169891357422,91.33999633789062,1226380
2026-05-04 14:00:00,91.3499984741211,91.72000122070312,91.12200164794922,91.72000122070312,1250731
2026-05-04 14:15:00,91.70999908447266,92.20500183105469,91.63999938964844,92.11499786376953,1799133
2026-05-04 14:30:00,92.13999938964844,92.1500015258789,92.00499725341797,92.03500366210938,623357
2026-05-04 14:45:00,92.04000091552734,92.30000305175781,91.82350158691406,91.83000183105469,816549
2026-05-04 15:00:00,91.83499908447266,92.08999633789062,91.68000030517578,91.8479995727539,858246
2026-05-04 15:15:00,91.84500122070312,91.87999725341797,91.62010192871094,91.7249984741211,610481
2026-05-04 15:30:00,91.7300033569336,91.77999877929688,91.56510162353516,91.70999908447266,456941
2026-05-04 15:45:00,91.71499633789062,91.73500061035156,91.51000213623047,91.5999984741211,436544
2026-05-04 16:00:00,91.6050033569336,91.6072006225586,91.29989624023438,91.45999908447266,609123
2026-05-04 16:15:00,91.45999908447266,91.58499908447266,91.34500122070312,91.48500061035156,822132
2026-05-04 16:30:00,91.48500061035156,91.61000061035156,91.43499755859375,91.43499755859375,489395
2026-05-04 16:45:00,91.43000030517578,91.46499633789062,91.26010131835938,91.29000091552734,471973
2026-05-04 17:00:00,91.30000305175781,91.31999969482422,91.20999908447266,91.23159790039062,429281
2026-05-04 17:15:00,91.23500061035156,91.36990356445312,91.16999816894531,91.3550033569336,499917
2026-05-04 17:30:00,91.3499984741211,91.3499984741211,91.02999877929688,91.16500091552734,461849
2026-05-04 17:45:00,91.16500091552734,91.26499938964844,91.11000061035156,91.23999786376953,416160
2026-05-04 18:00:00,91.23999786376953,91.26000213623047,91.06999969482422,91.08999633789062,542983
2026-05-04 18:15:00,91.0999984741211,91.17500305175781,91.0,91.16709899902344,473097
2026-05-04 18:30:00,91.16999816894531,91.30000305175781,91.06999969482422,91.2699966430664,401641
2026-05-04 18:45:00,91.26000213623047,91.38999938964844,91.22000122070312,91.30650329589844,445783
2026-05-04 19:00:00,91.29499816894531,91.34739685058594,91.18000030517578,91.31500244140625,536936
2026-05-04 19:15:00,91.31500244140625,91.38500213623047,91.11000061035156,91.1500015258789,800155
2026-05-04 19:30:00,91.15499877929688,91.28500366210938,91.11000061035156,91.1500015258789,776860
2026-05-04 19:45:00,91.13999938964844,91.21499633789062,90.91500091552734,91.04000091552734,2832398
2026-05-05 13:30:00,91.20500183105469,91.2300033569336,89.73999786376953,90.0250015258789,4508408
2026-05-05 13:45:00,90.01499938964844,90.30999755859375,89.86000061035156,89.91999816894531,1803456
2026-05-05 14:00:00,89.94000244140625,89.97000122070312,89.5,89.69999694824219,1629853
2026-05-05 14:15:00,89.69000244140625,89.70999908447266,88.88200378417969,88.88999938964844,2325919
2026-05-05 14:30:00,88.88999938964844,89.16999816894531,88.7500991821289,89.10009765625,2060455
2026-05-05 14:45:00,89.10929870605469,89.22000122070312,88.82499694824219,88.91500091552734,1521195
2026-05-05 15:00:00,88.91100311279297,89.11000061035156,88.71199798583984,88.80999755859375,1686586
2026-05-05 15:15:00,88.80500030517578,88.80500030517578,88.1050033569336,88.1449966430664,2312949
2026-05-05 15:30:00,88.1500015258789,88.30999755859375,87.87999725341797,87.91000366210938,2305043
2026-05-05 15:45:00,87.91500091552734,87.95989990234375,87.56500244140625,87.66000366210938,1884744
2026-05-05 16:00:00,87.66000366210938,87.98999786376953,87.6449966430664,87.88999938964844,1988722
2026-05-05 16:15:00,87.8949966430664,88.06999969482422,87.65499877929688,88.0,1459660
2026-05-05 16:30:00,88.0,88.30999755859375,87.94999694824219,88.125,1424325
2026-05-05 16:45:00,88.125,88.4000015258789,88.05500030517578,88.32499694824219,1096274
2026-05-05 17:00:00,88.31999969482422,88.33999633789062,87.93000030517578,88.03269958496094,1180819
2026-05-05 17:15:00,88.03510284423828,88.11000061035156,87.87999725341797,87.94000244140625,859596
2026-05-05 17:30:00,87.93499755859375,88.08999633789062,87.81999969482422,88.08999633789062,914670
2026-05-05 17:45:00,88.09989929199219,88.27999877929688,87.93499755859375,87.95500183105469,931767
2026-05-05 18:00:00,87.95500183105469,88.1500015258789,87.94999694824219,88.06500244140625,859844
2026-05-05 18:15:00,88.06500244140625,88.12000274658203,87.90499877929688,87.93340301513672,936357
2026-05-05 18:30:00,87.92500305175781,88.0199966430664,87.88009643554688,87.98999786376953,770391
2026-05-05 18:45:00,87.98999786376953,88.0199966430664,87.80500030517578,87.80500030517578,824695
2026-05-05 19:00:00,87.80960083007812,87.8550033569336,87.62000274658203,87.69499969482422,1179824
2026-05-05 19:15:00,87.69499969482422,88.18499755859375,87.66999816894531,88.05500030517578,1279518
2026-05-05 19:30:00,88.05500030517578,88.11000061035156,87.93000030517578,88.05500030517578,1414653
2026-05-05 19:45:00,88.05000305175781,88.16000366210938,87.63999938964844,87.9000015258789,4276482
2026-05-06 13:30:00,87.0145034790039,87.7699966430664,86.72000122070312,87.70999908447266,4436493
2026-05-06 13:45:00,87.70999908447266,87.92990112304688,87.2699966430664,87.31999969482422,2017300
2026-05-06 14:00:00,87.33000183105469,87.80999755859375,87.30500030517578,87.62000274658203,1818553
2026-05-06 14:15:00,87.61499786376953,88.44999694824219,87.6050033569336,88.37999725341797,1758916
2026-05-06 14:30:00,88.41000366210938,88.55000305175781,88.11000061035156,88.2750015258789,1466373
2026-05-06 14:45:00,88.2699966430664,88.29000091552734,87.91500091552734,88.05000305175781,1009957
2026-05-06 15:00:00,88.05000305175781,88.20500183105469,87.80999755859375,87.93000030517578,1019673
2026-05-06 15:15:00,87.947998046875,88.01499938964844,87.70999908447266,87.75499725341797,798292
2026-05-06 15:30:00,87.75969696044922,87.9697036743164,87.69999694824219,87.70169830322266,749510
2026-05-06 15:45:00,87.69999694824219,88.01000213623047,87.63999938964844,87.99500274658203,1311599
2026-05-06 16:00:00,87.99349975585938,88.01000213623047,87.80000305175781,87.81999969482422,545815
2026-05-06 16:15:00,87.81069946289062,87.9000015258789,87.79000091552734,87.86499786376953,511668
2026-05-06 16:30:00,87.86499786376953,88.19000244140625,87.74500274658203,88.08000183105469,1919100
2026-05-06 16:45:00,88.08999633789062,88.16000366210938,87.9800033569336,87.9800033569336,673439
2026-05-06 17:00:00,87.98500061035156,88.04000091552734,87.91000366210938,87.95030212402344,1358710
2026-05-06 17:15:00,87.94999694824219,88.04000091552734,87.86000061035156,88.0199966430664,462005
2026-05-06 17:30:00,88.01000213623047,88.13999938964844,87.86900329589844,87.87999725341797,696002
2026-05-06 17:45:00,87.88880157470703,88.11000061035156,87.83000183105469,88.05269622802734,614876
2026-05-06 18:00:00,88.05500030517578,88.07499694824219,87.87000274658203,87.99500274658203,480098
2026-05-06 18:15:00,87.98999786376953,88.0999984741211,87.9000015258789,88.09500122070312,583261
2026-05-06 18:30:00,88.08999633789062,88.11000061035156,87.99500274658203,88.0,522181
2026-05-06 18:45:00,87.98999786376953,88.05999755859375,87.93000030517578,87.98500061035156,484710
2026-05-06 19:00:00,87.9800033569336,88.03589630126953,87.87000274658203,88.0250015258789,775550
2026-05-06 19:15:00,88.0199966430664,88.0999984741211,87.96499633789062,88.08499908447266,814004
2026-05-06 19:30:00,88.0863037109375,88.23999786376953,87.97000122070312,88.23989868164062,1068039
2026-05-06 19:45:00,88.23500061035156,88.3949966430664,88.13999938964844,88.22000122070312,2879700
2026-05-07 13:30:00,88.19999694824219,89.32990264892578,88.16999816894531,89.2750015258789,2657781
2026-05-07 13:45:00,89.25,89.39910125732422,88.68000030517578,89.08000183105469,1584618
2026-05-07 14:00:00,89.0999984741211,89.25,88.9000015258789,88.98500061035156,1108325
2026-05-07 14:15:00,88.9800033569336,88.98999786376953,88.56999969482422,88.61000061035156,919119
2026-05-07 14:30:00,88.5999984741211,88.63999938964844,88.43000030517578,88.63500213623047,910983
2026-05-07 14:45:00,88.62999725341797,89.08000183105469,88.55999755859375,88.9999008178711,764204
2026-05-07 15:00:00,88.99500274658203,89.1500015258789,88.91999816894531,89.04000091552734,787850
2026-05-07 15:15:00,89.05500030517578,89.05500030517578,88.55999755859375,88.58999633789062,743899
2026-05-07 15:30:00,88.5999984741211,88.80999755859375,88.55999755859375,88.66500091552734,591012
2026-05-07 15:45:00,88.66500091552734,88.95999908447266,88.62000274658203,88.79000091552734,699923
2026-05-07 16:00:00,88.80000305175781,88.80500030517578,88.55500030517578,88.70500183105469,797161
2026-05-07 16:15:00,88.70500183105469,88.75,88.56999969482422,88.73500061035156,924679
2026-05-07 16:30:00,88.73999786376953,88.88990020751953,88.58499908447266,88.6449966430664,802114
2026-05-07 16:45:00,88.6449966430664,88.66000366210938,88.4000015258789,88.45999908447266,550286
2026-05-07 17:00:00,88.46299743652344,88.61499786376953,88.43000030517578,88.57379913330078,499803
2026-05-07 17:15:00,88.56999969482422,88.58999633789062,88.3550033569336,88.3949966430664,695323
2026-05-07 17:30:00,88.40499877929688,88.42500305175781,88.19999694824219,88.23999786376953,534870
2026-05-07 17:45:00,88.23500061035156,88.4000015258789,88.19000244140625,88.36499786376953,806140
2026-05-07 18:00:00,88.37000274658203,88.47000122070312,88.24500274658203,88.46499633789062,498161
2026-05-07 18:15:00,88.45999908447266,88.5999984741211,88.36499786376953,88.5250015258789,472469
2026-05-07 18:30:00,88.5250015258789,88.79000091552734,88.43000030517578,88.4800033569336,594144
2026-05-07 18:45:00,88.48999786376953,88.55500030517578,88.31749725341797,88.54000091552734,542439
2026-05-07 19:00:00,88.54000091552734,88.6449966430664,88.44000244140625,88.54499816894531,511348
2026-05-07 19:15:00,88.54000091552734,88.54000091552734,88.31009674072266,88.40260314941406,770481
2026-05-07 19:30:00,88.4000015258789,88.68499755859375,88.3949966430664,88.65499877929688,987294
2026-05-07 19:45:00,88.6500015258789,88.6500015258789,88.12999725341797,88.26000213623047,3130325
2026-05-08 13:30:00,87.70999908447266,88.0199966430664,87.54000091552734,87.7750015258789,2874248
2026-05-08 13:45:00,87.76000213623047,87.79000091552734,87.29000091552734,87.3499984741211,1263030
2026-05-08 14:00:00,87.36000061035156,87.69999694824219,87.20999908447266,87.62999725341797,1254380
2026-05-08 14:15:00,87.63009643554688,87.87000274658203,87.4000015258789,87.55999755859375,1126064
2026-05-08 14:30:00,87.55000305175781,87.73999786376953,87.46499633789062,87.66999816894531,708960
2026-05-08 14:45:00,87.67990112304688,87.91000366210938,87.62999725341797,87.73500061035156,1018862
2026-05-08 15:00:00,87.7302017211914,88.04000091552734,87.62000274658203,87.83000183105469,1385852
2026-05-08 15:15:00,87.83499908447266,87.98999786376953,87.56999969482422,87.67500305175781,739687
2026-05-08 15:30:00,87.68000030517578,87.69000244140625,87.47000122070312,87.48999786376953,785138
2026-05-08 15:45:00,87.50879669189453,87.63500213623047,87.44000244140625,87.63500213623047,885507
2026-05-08 16:00:00,87.63980102539062,87.80000305175781,87.49500274658203,87.7249984741211,517177
2026-05-08 16:15:00,87.7300033569336,87.88999938964844,87.625,87.63009643554688,846029
2026-05-08 16:30:00,87.63020324707031,87.84989929199219,87.5999984741211,87.84989929199219,688578
2026-05-08 16:45:00,87.84500122070312,87.9800033569336,87.52999877929688,87.59989929199219,719616
2026-05-08 17:00:00,87.59500122070312,87.63980102539062,87.51000213623047,87.52999877929688,553596
2026-05-08 17:15:00,87.52030181884766,87.5999984741211,87.41500091552734,87.43499755859375,963818
2026-05-08 17:30:00,87.43000030517578,87.52999877929688,87.4000015258789,87.46499633789062,447911
2026-05-08 17:45:00,87.45999908447266,87.65840148925781,87.45999908447266,87.56500244140625,715963
2026-05-08 18:00:00,87.56500244140625,87.62999725341797,87.4749984741211,87.51499938964844,607183
2026-05-08 18:15:00,87.5250015258789,87.58999633789062,87.41999816894531,87.55500030517578,494337
2026-05-08 18:30:00,87.55500030517578,87.62000274658203,87.41000366210938,87.44999694824219,533910
2026-05-08 18:45:00,87.44499969482422,87.49500274658203,87.38500213623047,87.48979949951172,670867
2026-05-08 19:00:00,87.4749984741211,87.80999755859375,87.3949966430664,87.80500030517578,890415
2026-05-08 19:15:00,87.80999755859375,87.88999938964844,87.69000244140625,87.73500061035156,1122425
2026-05-08 19:30:00,87.73500061035156,87.79499816894531,87.3949966430664,87.4801025390625,1136419
2026-05-08 19:45:00,87.48500061035156,87.5896987915039,87.38999938964844,87.44999694824219,4674069
2026-05-11 13:30:00,86.5199966430664,87.16000366210938,86.27999877929688,86.66500091552734,3945911
2026-05-11 13:45:00,86.66500091552734,87.16999816894531,86.43000030517578,87.05999755859375,1530127
2026-05-11 14:00:00,87.05500030517578,87.30509948730469,86.87000274658203,87.04000091552734,1001581
2026-05-11 14:15:00,87.0199966430664,87.33999633789062,86.9800033569336,87.30500030517578,859603
2026-05-11 14:30:00,87.30999755859375,87.33999633789062,86.95999908447266,87.01499938964844,683801
2026-05-11 14:45:00,87.01499938964844,87.01499938964844,86.75499725341797,86.83989715576172,816086
2026-05-11 15:00:00,86.83499908447266,86.83499908447266,86.51210021972656,86.58000183105469,904365
2026-05-11 15:15:00,86.58499908447266,86.69000244140625,86.55069732666016,86.58499908447266,774776
2026-05-11 15:30:00,86.58999633789062,86.62000274658203,86.41999816894531,86.5999984741211,969992
2026-05-11 15:45:00,86.5999984741211,86.66000366210938,86.44000244140625,86.47029876708984,691707
2026-05-11 16:00:00,86.4749984741211,86.5,86.30000305175781,86.36990356445312,797526
2026-05-11 16:15:00,86.37000274658203,86.55780029296875,86.33999633789062,86.38500213623047,681439
2026-05-11 16:30:00,86.38999938964844,86.40499877929688,85.98999786376953,86.02999877929688,1494492
2026-05-11 16:45:00,86.0250015258789,86.08999633789062,85.76000213623047,85.7750015258789,1202735
2026-05-11 17:00:00,85.7750015258789,85.87000274658203,85.3499984741211,85.36499786376953,1365449
2026-05-11 17:15:00,85.37010192871094,85.55699920654297,85.27999877929688,85.30999755859375,922127
2026-05-11 17:30:00,85.30500030517578,85.50499725341797,85.27999877929688,85.5,1034605
2026-05-11 17:45:00,85.50499725341797,85.52999877929688,85.22000122070312,85.26499938964844,931648
2026-05-11 18:00:00,85.26499938964844,85.41999816894531,85.21499633789062,85.33499908447266,887223
2026-05-11 18:15:00,85.33989715576172,85.38999938964844,85.12000274658203,85.26499938964844,1268178
2026-05-11 18:30:00,85.26499938964844,85.44000244140625,85.19999694824219,85.3949966430664,1081636
2026-05-11 18:45:00,85.3949966430664,85.48500061035156,85.30999755859375,85.38999938964844,1005386
2026-05-11 19:00:00,85.3949966430664,85.4905014038086,85.30000305175781,85.43000030517578,997544
2026-05-11 19:15:00,85.42500305175781,85.5,85.30500030517578,85.43000030517578,1204850
2026-05-11 19:30:00,85.42500305175781,85.44000244140625,85.0999984741211,85.17500305175781,1407826
2026-05-11 19:45:00,85.18000030517578,85.46009826660156,85.11000061035156,85.44999694824219,4338853
2026-05-12 13:30:00,85.90499877929688,86.79000091552734,85.80999755859375,86.32499694824219,2787906
2026-05-12 13:45:00,86.31999969482422,86.93000030517578,86.16000366210938,86.82499694824219,1550195
2026-05-12 14:00:00,86.83999633789062,87.32499694824219,86.55000305175781,87.31839752197266,1869345
2026-05-12 14:15:00,87.31999969482422,88.2750015258789,87.30999755859375,88.2041015625,2186562
2026-05-12 14:30:00,88.20500183105469,88.38999938964844,87.91010284423828,88.37000274658203,1802664
2026-05-12 14:45:00,88.37000274658203,88.76000213623047,88.22000122070312,88.53800201416016,2265259
2026-05-12 15:00:00,88.53500366210938,89.0,88.31999969482422,88.91999816894531,2172476
2026-05-12 15:15:00,88.91999816894531,88.98500061035156,88.55259704589844,88.83499908447266,1705923
2026-05-12 15:30:00,88.83999633789062,88.84500122070312,88.38999938964844,88.78500366210938,1052348
2026-05-12 15:45:00,88.78500366210938,88.97000122070312,88.7300033569336,88.75,1012927
2026-05-12 16:00:00,88.76000213623047,88.87999725341797,88.52999877929688,88.80999755859375,923106
2026-05-12 16:15:00,88.80999755859375,88.97000122070312,88.75499725341797,88.82499694824219,730724
2026-05-12 16:30:00,88.82499694824219,89.16100311279297,88.77999877929688,88.92990112304688,926073
2026-05-12 16:45:00,88.92500305175781,88.96499633789062,88.62200164794922,88.80000305175781,1074800
2026-05-12 17:00:00,88.80000305175781,88.80000305175781,88.125,88.16500091552734,1117172
2026-05-12 17:15:00,88.1449966430664,88.30999755859375,88.0,88.22000122070312,942859
2026-05-12 17:30:00,88.20999908447266,88.20999908447266,88.09500122070312,88.16500091552734,647344
2026-05-12 17:45:00,88.16000366210938,88.17500305175781,87.77999877929688,87.81999969482422,1033841
2026-05-12 18:00:00,87.80500030517578,87.86000061035156,87.3280029296875,87.38890075683594,926110
2026-05-12 18:15:00,87.38999938964844,87.62999725341797,87.33999633789062,87.36000061035156,952640
2026-05-12 18:30:00,87.36499786376953,87.55500030517578,87.29000091552734,87.45500183105469,854775
2026-05-12 18:45:00,87.45500183105469,87.7699966430664,87.45500183105469,87.69999694824219,698866
2026-05-12 19:00:00,87.69499969482422,87.7300033569336,87.48999786376953,87.62000274658203,805567
2026-05-12 19:15:00,87.62010192871094,87.69000244140625,87.5199966430664,87.63500213623047,696493
2026-05-12 19:30:00,87.63990020751953,87.69999694824219,87.50499725341797,87.6050033569336,1018884
2026-05-12 19:45:00,87.5999984741211,87.79000091552734,87.56999969482422,87.68000030517578,2901956
2026-05-13 13:30:00,86.4800033569336,87.03500366210938,86.27999877929688,86.95999908447266,2852406
2026-05-13 13:45:00,86.9800033569336,87.26499938964844,86.77999877929688,86.83499908447266,1873383
2026-05-13 14:00:00,86.84500122070312,87.20999908447266,86.66500091552734,87.12999725341797,827312
2026-05-13 14:15:00,87.12000274658203,87.3550033569336,87.04000091552734,87.2699966430664,1085271
2026-05-13 14:30:00,87.2699966430664,87.29499816894531,87.125,87.23500061035156,691959
2026-05-13 14:45:00,87.23999786376953,87.23999786376953,87.0199966430664,87.08499908447266,747428
2026-05-13 15:00:00,87.08499908447266,87.16010284423828,86.87000274658203,86.92459869384766,776677
2026-05-13 15:15:00,86.92500305175781,87.05989837646484,86.80000305175781,87.0199966430664,636935
2026-05-13 15:30:00,87.0199966430664,87.08999633789062,86.84500122070312,87.02010345458984,786671
2026-05-13 15:45:00,87.02989959716797,87.25499725341797,86.95500183105469,87.03500366210938,720553
2026-05-13 16:00:00,87.04000091552734,87.25,87.0250015258789,87.19000244140625,557529
2026-05-13 16:15:00,87.19499969482422,87.55000305175781,87.15499877929688,87.55000305175781,688420
2026-05-13 16:30:00,87.55000305175781,87.79989624023438,87.55000305175781,87.65499877929688,673950
2026-05-13 16:45:00,87.65010070800781,87.91999816894531,87.59500122070312,87.8949966430664,615394
2026-05-13 17:00:00,87.8949966430664,87.94499969482422,87.72000122070312,87.7750015258789,614357
2026-05-13 17:15:00,87.7699966430664,87.90499877929688,87.62000274658203,87.83979797363281,499463
2026-05-13 17:30:00,87.83000183105469,87.86000061035156,87.66999816894531,87.83499908447266,580057
2026-05-13 17:45:00,87.83499908447266,87.95999908447266,87.7699966430664,87.91999816894531,569506
2026-05-13 18:00:00,87.92510223388672,87.98999786376953,87.8499984741211,87.97000122070312,898362
2026-05-13 18:15:00,87.9749984741211,88.05000305175781,87.88500213623047,87.94000244140625,588604
2026-05-13 18:30:00,87.94000244140625,88.43499755859375,87.8550033569336,88.1449966430664,1255581
2026-05-13 18:45:00,88.12000274658203,88.62000274658203,88.06999969482422,88.34500122070312,1878662
2026-05-13 19:00:00,88.3499984741211,88.3499984741211,88.02999877929688,88.06500244140625,925920
2026-05-13 19:15:00,88.06500244140625,88.13500213623047,87.98999786376953,88.08499908447266,756741
2026-05-13 19:30:00,88.08499908447266,88.23500061035156,87.8499984741211,87.8550033569336,956364
2026-05-13 19:45:00,87.8499984741211,87.9000015258789,87.5,87.56999969482422,2169855
2026-05-14 13:30:00,87.62000274658203,88.3949966430664,87.48999786376953,88.36000061035156,2952380
2026-05-14 13:45:00,88.37000274658203,88.5,88.01000213623047,88.08000183105469,1124890
2026-05-14 14:00:00,88.08999633789062,88.38999938964844,87.88999938964844,87.8949966430664,769767
2026-05-14 14:15:00,87.9000015258789,88.04000091552734,87.69000244140625,87.69000244140625,859442
2026-05-14 14:30:00,87.69999694824219,87.81999969482422,87.33999633789062,87.48500061035156,683551
2026-05-14 14:45:00,87.48999786376953,87.6281967163086,87.41000366210938,87.43499755859375,840512
2026-05-14 15:00:00,87.43499755859375,87.56990051269531,87.31999969482422,87.54499816894531,813027
2026-05-14 15:15:00,87.54499816894531,87.8499984741211,87.43009948730469,87.79019927978516,729535
2026-05-14 15:30:00,87.80000305175781,87.97000122070312,87.7300033569336,87.91999816894531,726558
2026-05-14 15:45:00,87.93000030517578,88.20999908447266,87.87999725341797,88.16010284423828,1171157
2026-05-14 16:00:00,88.16500091552734,88.21499633789062,87.95999908447266,87.97000122070312,585608
2026-05-14 16:15:00,87.97000122070312,88.13999938964844,87.91500091552734,87.98500061035156,627157
2026-05-14 16:30:00,87.98500061035156,88.00499725341797,87.80999755859375,87.93000030517578,491403
2026-05-14 16:45:00,87.93499755859375,87.9800033569336,87.58999633789062,87.7113037109375,399257
2026-05-14 17:00:00,87.71499633789062,87.87999725341797,87.69000244140625,87.87999725341797,397383
2026-05-14 17:15:00,87.88500213623047,87.88500213623047,87.68499755859375,87.84010314941406,444564
2026-05-14 17:30:00,87.83499908447266,87.91999816894531,87.62999725341797,87.6500015258789,600759
2026-05-14 17:45:00,87.6500015258789,87.6500015258789,87.30000305175781,87.30000305175781,536214
2026-05-14 18:00:00,87.30000305175781,87.30999755859375,86.69029998779297,86.73870086669922,1314401
2026-05-14 18:15:00,86.73500061035156,87.09500122070312,86.65499877929688,86.91500091552734,1279198
2026-05-14 18:30:00,86.91500091552734,87.02999877929688,86.9000015258789,86.97000122070312,553972
2026-05-14 18:45:00,86.9749984741211,86.9800033569336,86.7699966430664,86.93499755859375,583250
2026-05-14 19:00:00,86.94999694824219,87.20500183105469,86.94200134277344,87.13500213623047,1192039
2026-05-14 19:15:00,87.13970184326172,87.24500274658203,87.02999877929688,87.22000122070312,762222
2026-05-14 19:30:00,87.22989654541016,87.36000061035156,87.16000366210938,87.19499969482422,601117
2026-05-14 19:45:00,87.19499969482422,87.19499969482422,86.8550033569336,86.94000244140625,2104455
2026-05-15 13:30:00,87.7699966430664,89.48999786376953,87.67009735107422,88.30999755859375,5590572
2026-05-15 13:45:00,88.30999755859375,88.52999877929688,87.94999694824219,88.12999725341797,2117527
2026-05-15 14:00:00,88.0999984741211,88.32990264892578,87.69999694824219,87.80999755859375,971883
2026-05-15 14:15:00,87.80999755859375,87.84989929199219,87.38999938964844,87.64009857177734,1191985
2026-05-15 14:30:00,87.66000366210938,87.8949966430664,87.36000061035156,87.44499969482422,814646
2026-05-15 14:45:00,87.44000244140625,87.7300033569336,87.2750015258789,87.2760009765625,847309
2026-05-15 15:00:00,87.2750015258789,87.32499694824219,87.0199966430664,87.07499694824219,1008819
2026-05-15 15:15:00,87.06999969482422,87.22540283203125,87.01000213623047,87.06999969482422,651289
2026-05-15 15:30:00,87.06999969482422,87.1500015258789,86.83000183105469,86.84500122070312,644863
2026-05-15 15:45:00,86.83999633789062,86.94000244140625,86.71499633789062,86.93329620361328,676234
2026-05-15 16:00:00,86.94000244140625,87.16000366210938,86.93499755859375,87.11499786376953,575894
2026-05-15 16:15:00,87.11509704589844,87.18000030517578,87.05500030517578,87.06999969482422,377118
2026-05-15 16:30:00,87.07499694824219,87.47000122070312,86.95999908447266,87.30000305175781,915517
2026-05-15 16:45:00,87.30500030517578,87.4800033569336,87.30000305175781,87.3550033569336,596701
2026-05-15 17:00:00,87.35220336914062,87.36000061035156,87.16999816894531,87.18499755859375,364254
2026-05-15 17:15:00,87.19000244140625,87.26000213623047,87.02999877929688,87.19000244140625,511856
2026-05-15 17:30:00,87.16999816894531,87.30000305175781,87.01000213623047,87.10649871826172,535662
2026-05-15 17:45:00,87.10990142822266,87.20989990234375,87.08999633789062,87.125,376996
2026-05-15 18:00:00,87.12999725341797,87.25,87.06500244140625,87.18499755859375,403073
2026-05-15 18:15:00,87.18499755859375,87.19999694824219,87.00499725341797,87.03500366210938,459301
2026-05-15 18:30:00,87.02999877929688,87.15499877929688,86.8949966430664,87.15499877929688,563266
2026-05-15 18:45:00,87.15499877929688,87.15499877929688,86.80000305175781,86.80999755859375,455897
2026-05-15 19:00:00,86.80500030517578,86.94000244140625,86.75,86.75499725341797,601119
2026-05-15 19:15:00,86.75499725341797,86.91999816894531,86.73999786376953,86.79000091552734,722858
2026-05-15 19:30:00,86.77999877929688,86.875,86.70500183105469,86.71499633789062,732329
2026-05-15 19:45:00,86.70999908447266,87.12999725341797,86.69000244140625,87.04000091552734,2742471
2026-05-18 13:30:00,86.4020004272461,87.7426986694336,86.33000183105469,87.58999633789062,4256747
2026-05-18 13:45:00,87.5999984741211,88.50499725341797,87.5,88.41500091552734,2107877
2026-05-18 14:00:00,88.41999816894531,88.80660247802734,88.2301025390625,88.60990142822266,1540044
2026-05-18 14:15:00,88.6050033569336,89.56999969482422,88.6050033569336,89.48799896240234,1647882
2026-05-18 14:30:00,89.48999786376953,89.52999877929688,88.81999969482422,89.4749984741211,1741043
2026-05-18 14:45:00,89.46990203857422,89.81500244140625,89.45500183105469,89.54989624023438,1682120
2026-05-18 15:00:00,89.55999755859375,89.69000244140625,89.375,89.49500274658203,1231803
2026-05-18 15:15:00,89.49500274658203,89.69000244140625,89.41500091552734,89.48500061035156,1078183
2026-05-18 15:30:00,89.48500061035156,89.5,88.94000244140625,88.9800033569336,887396
2026-05-18 15:45:00,88.97000122070312,89.19000244140625,88.81009674072266,88.8949966430664,939018
2026-05-18 16:00:00,88.9000015258789,89.37989807128906,88.88999938964844,89.28510284423828,768087
2026-05-18 16:15:00,89.29000091552734,89.38990020751953,89.1500015258789,89.19499969482422,527195
2026-05-18 16:30:00,89.19860076904297,89.30999755859375,88.93000030517578,89.05010223388672,749970
2026-05-18 16:45:00,89.06500244140625,89.5198974609375,89.03500366210938,89.33499908447266,953849
2026-05-18 17:00:00,89.33000183105469,89.7699966430664,89.28500366210938,89.56500244140625,663254
2026-05-18 17:15:00,89.56500244140625,89.72000122070312,89.54000091552734,89.55999755859375,573688
2026-05-18 17:30:00,89.56500244140625,89.62999725341797,89.28500366210938,89.43499755859375,429368
2026-05-18 17:45:00,89.43499755859375,89.62999725341797,89.43000030517578,89.5250015258789,483955
2026-05-18 18:00:00,89.5250015258789,89.54000091552734,89.41000366210938,89.45500183105469,403128
2026-05-18 18:15:00,89.45500183105469,89.45500183105469,89.25,89.32499694824219,938759
2026-05-18 18:30:00,89.33000183105469,89.45999908447266,89.31999969482422,89.43499755859375,425492
2026-05-18 18:45:00,89.43499755859375,89.51000213623047,89.13200378417969,89.19499969482422,682464
2026-05-18 19:00:00,89.19499969482422,89.81500244140625,89.16010284423828,89.56500244140625,1175276
2026-05-18 19:15:00,89.56500244140625,89.59500122070312,89.32499694824219,89.4800033569336,674431
2026-05-18 19:30:00,89.4800033569336,89.69499969482422,89.44499969482422,89.5510025024414,994313
2026-05-18 19:45:00,89.54499816894531,89.7300033569336,89.30000305175781,89.68000030517578,2712350
2026-05-19 13:30:00,90.08000183105469,91.45999908447266,89.77999877929688,90.0999984741211,4546491
2026-05-19 13:45:00,90.11000061035156,91.37000274658203,90.0250015258789,91.05000305175781,2289880
2026-05-19 14:00:00,91.05000305175781,91.33999633789062,90.80999755859375,91.0999984741211,1758427
2026-05-19 14:15:00,91.0999984741211,91.33000183105469,90.80149841308594,90.81999969482422,1655940
2026-05-19 14:30:00,90.83999633789062,91.03500366210938,90.63999938964844,90.81999969482422,1106150
2026-05-19 14:45:00,90.83000183105469,90.98999786376953,90.51000213623047,90.69000244140625,1053502
2026-05-19 15:00:00,90.69000244140625,90.69999694824219,90.38999938964844,90.46499633789062,874599
2026-05-19 15:15:00,90.46499633789062,90.46739959716797,90.1001968383789,90.11000061035156,826633
2026-05-19 15:30:00,90.11990356445312,90.25,89.94000244140625,89.94499969482422,874578
2026-05-19 15:45:00,89.94499969482422,89.94499969482422,89.62000274658203,89.66999816894531,901860
2026-05-19 16:00:00,89.68000030517578,89.73999786376953,89.55500030517578,89.62999725341797,1440407
2026-05-19 16:15:00,89.625,89.72989654541016,89.22000122070312,89.23989868164062,879659
2026-05-19 16:30:00,89.23500061035156,89.30000305175781,89.05000305175781,89.18000030517578,730294
2026-05-19 16:45:00,89.18499755859375,89.3499984741211,89.12000274658203,89.19499969482422,647468
2026-05-19 17:00:00,89.19000244140625,89.25,89.0199966430664,89.05999755859375,515520
2026-05-19 17:15:00,89.06999969482422,89.06999969482422,88.70999908447266,88.83989715576172,688863
2026-05-19 17:30:00,88.83499908447266,89.0198974609375,88.80500030517578,88.91999816894531,583295
2026-05-19 17:45:00,88.92500305175781,89.10009765625,88.8499984741211,88.92500305175781,557627
2026-05-19 18:00:00,88.93099975585938,88.97000122070312,88.69000244140625,88.69999694824219,605756
2026-05-19 18:15:00,88.70500183105469,89.04000091552734,88.69499969482422,88.97000122070312,616521
2026-05-19 18:30:00,88.97000122070312,89.08999633789062,88.91010284423828,88.95500183105469,496601
2026-05-19 18:45:00,88.95249938964844,89.0999984741211,88.86000061035156,88.96009826660156,571219
2026-05-19 19:00:00,88.97000122070312,89.06999969482422,88.94000244140625,89.06500244140625,609899
2026-05-19 19:15:00,89.06500244140625,89.21499633789062,89.05999755859375,89.1449966430664,715577
2026-05-19 19:30:00,89.13999938964844,89.15979766845703,89.01499938964844,89.08499908447266,770484
2026-05-19 19:45:00,89.08000183105469,89.38999938964844,89.04499816894531,89.3499984741211,2975163
2026-05-20 13:30:00,88.51499938964844,88.51499938964844,87.5,87.69499969482422,2363809
2026-05-20 13:45:00,87.69010162353516,88.5199966430664,87.6500015258789,88.26000213623047,1046067
2026-05-20 14:00:00,88.26000213623047,88.38999938964844,87.6500015258789,87.83999633789062,828699
2026-05-20 14:15:00,87.86000061035156,88.33000183105469,87.8479995727539,88.33000183105469,780619
2026-05-20 14:30:00,88.33999633789062,88.46980285644531,88.25499725341797,88.29000091552734,628449
2026-05-20 14:45:00,88.27999877929688,88.44010162353516,88.18499755859375,88.41000366210938,621719
2026-05-20 15:00:00,88.4000015258789,88.55000305175781,88.21499633789062,88.2300033569336,642248
2026-05-20 15:15:00,88.22000122070312,88.36000061035156,88.12010192871094,88.22010040283203,807646
2026-05-20 15:30:00,88.22000122070312,88.30000305175781,88.14009857177734,88.21399688720703,507462
2026-05-20 15:45:00,88.20999908447266,88.2300033569336,87.91999816894531,87.94999694824219,507085
2026-05-20 16:00:00,87.94999694824219,88.11000061035156,87.91000366210938,88.1050033569336,580451
2026-05-20 16:15:00,88.10070037841797,88.16999816894531,87.95500183105469,87.95800018310547,451287
2026-05-20 16:30:00,87.95500183105469,88.0199966430664,87.7500991821289,88.0,538802
2026-05-20 16:45:00,88.0,88.06999969482422,87.87000274658203,88.05999755859375,490931
2026-05-20 17:00:00,88.06999969482422,88.0999984741211,87.8499984741211,88.04499816894531,488055
2026-05-20 17:15:00,88.05500030517578,88.21499633789062,87.96499633789062,88.16500091552734,419647
2026-05-20 17:30:00,88.16999816894531,88.33000183105469,88.09200286865234,88.29499816894531,407134
2026-05-20 17:45:00,88.29499816894531,88.3550033569336,88.08000183105469,88.13500213623047,354741
2026-05-20 18:00:00,88.12999725341797,88.23500061035156,88.05999755859375,88.17500305175781,430491
2026-05-20 18:15:00,88.17500305175781,88.36499786376953,88.16999816894531,88.2249984741211,334705
2026-05-20 18:30:00,88.23500061035156,88.43000030517578,88.18499755859375,88.36000061035156,334015
2026-05-20 18:45:00,88.36000061035156,88.43499755859375,88.26499938964844,88.31500244140625,336597
2026-05-20 19:00:00,88.30999755859375,88.44499969482422,88.16500091552734,88.34500122070312,626559
2026-05-20 19:15:00,88.34500122070312,88.41999816894531,88.26499938964844,88.30999755859375,587701
2026-05-20 19:30:00,88.31999969482422,88.42500305175781,88.19999694824219,88.40499877929688,695638
2026-05-20 19:45:00,88.40499877929688,88.40499877929688,88.0199966430664,88.0999984741211,1738900
2026-05-21 13:30:00,88.04000091552734,88.625,87.62000274658203,87.66999816894531,1771753
2026-05-21 13:45:00,87.63999938964844,87.97799682617188,87.52010345458984,87.97699737548828,686634
2026-05-21 14:00:00,87.9800033569336,88.11000061035156,87.73500061035156,87.88999938964844,759412
2026-05-21 14:15:00,87.88999938964844,88.95989990234375,87.88999938964844,88.87000274658203,1155984
2026-05-21 14:30:00,88.86499786376953,88.9000015258789,88.4000015258789,88.43000030517578,994437
2026-05-21 14:45:00,88.43499755859375,88.7300033569336,88.42500305175781,88.66999816894531,773254
2026-05-21 15:00:00,88.66500091552734,89.0999984741211,88.43499755859375,89.06999969482422,991937
2026-05-21 15:15:00,89.06500244140625,89.4000015258789,88.87999725341797,89.38500213623047,1201830
2026-05-21 15:30:00,89.38999938964844,89.4260025024414,89.18000030517578,89.35900115966797,805144
2026-05-21 15:45:00,89.3550033569336,89.42350006103516,89.2020034790039,89.40499877929688,633270
2026-05-21 16:00:00,89.40499877929688,89.58190155029297,89.29000091552734,89.37999725341797,822297
2026-05-21 16:15:00,89.38009643554688,89.44000244140625,89.20999908447266,89.41500091552734,642135
2026-05-21 16:30:00,89.41000366210938,89.5,89.12999725341797,89.4800033569336,473833
2026-05-21 16:45:00,89.4800033569336,89.68000030517578,89.38500213623047,89.64990234375,548313
2026-05-21 17:00:00,89.6500015258789,90.19499969482422,89.625,90.19499969482422,1481316
2026-05-21 17:15:00,90.19499969482422,90.36990356445312,90.11499786376953,90.18000030517578,993112
2026-05-21 17:30:00,90.16999816894531,90.26000213623047,90.03500366210938,90.19499969482422,797285
2026-05-21 17:45:00,90.19000244140625,90.28990173339844,90.0199966430664,90.02999877929688,619246
2026-05-21 18:00:00,90.0199966430664,90.16999816894531,89.80000305175781,89.81999969482422,809390
2026-05-21 18:15:00,89.81500244140625,89.81500244140625,89.56500244140625,89.5999984741211,702304
2026-05-21 18:30:00,89.6050033569336,89.99970245361328,89.58499908447266,89.93000030517578,759437
2026-05-21 18:45:00,89.93499755859375,90.05000305175781,89.63999938964844,89.75,897593
2026-05-21 19:00:00,89.75,89.83499908447266,89.63999938964844,89.66999816894531,557571
2026-05-21 19:15:00,89.68000030517578,89.83999633789062,89.5999984741211,89.78500366210938,655742
2026-05-21 19:30:00,89.78500366210938,89.80999755859375,89.4800033569336,89.6050033569336,648178
2026-05-21 19:45:00,89.6050033569336,89.6050033569336,89.05999755859375,89.31999969482422,2375180
2026-05-22 13:30:00,89.0199966430664,89.96990203857422,88.83000183105469,88.98999786376953,2135375
2026-05-22 13:45:00,89.01000213623047,89.19000244140625,88.6500015258789,88.69999694824219,1329564
2026-05-22 14:00:00,88.70999908447266,89.01000213623047,88.44000244140625,88.44999694824219,1161238
2026-05-22 14:15:00,88.44000244140625,88.72000122070312,88.37999725341797,88.68990325927734,884313
2026-05-22 14:30:00,88.68499755859375,88.74109649658203,88.46089935302734,88.4800033569336,835533
2026-05-22 14:45:00,88.47000122070312,88.59500122070312,88.30999755859375,88.46720123291016,789779
2026-05-22 15:00:00,88.47000122070312,88.80999755859375,88.45500183105469,88.69979858398438,665137
2026-05-22 15:15:00,88.69010162353516,88.93000030517578,88.68499755859375,88.79010009765625,428895
2026-05-22 15:30:00,88.80000305175781,88.82499694824219,88.6449966430664,88.79000091552734,398027
2026-05-22 15:45:00,88.79000091552734,88.91999816894531,88.7300033569336,88.85310363769531,637715
2026-05-22 16:00:00,88.86000061035156,88.86000061035156,88.42500305175781,88.44339752197266,424620
2026-05-22 16:15:00,88.44999694824219,88.65499877929688,88.41999816894531,88.61499786376953,360694
2026-05-22 16:30:00,88.61499786376953,88.81999969482422,88.61499786376953,88.72000122070312,317426
2026-05-22 16:45:00,88.7300033569336,88.7699966430664,88.52320098876953,88.63009643554688,379934
2026-05-22 17:00:00,88.62999725341797,88.6500015258789,88.5199966430664,88.53980255126953,339819
2026-05-22 17:15:00,88.53500366210938,88.55500030517578,88.31999969482422,88.46499633789062,881722
2026-05-22 17:30:00,88.49500274658203,88.61000061035156,88.41999816894531,88.51000213623047,657932
2026-05-22 17:45:00,88.50499725341797,88.5199966430664,88.29000091552734,88.34500122070312,766137
2026-05-22 18:00:00,88.33999633789062,88.44999694824219,88.2699966430664,88.31500244140625,429812
2026-05-22 18:15:00,88.31500244140625,88.44000244140625,88.20999908447266,88.29499816894531,581383
2026-05-22 18:30:00,88.29499816894531,88.30999755859375,88.16999816894531,88.19000244140625,480120
2026-05-22 18:45:00,88.20500183105469,88.31999969482422,88.18000030517578,88.27989959716797,474071
2026-05-22 19:00:00,88.27999877929688,88.48500061035156,88.2750015258789,88.42500305175781,471788
2026-05-22 19:15:00,88.42350006103516,88.54499816894531,88.40499877929688,88.49500274658203,557187
2026-05-22 19:30:00,88.48999786376953,88.58999633789062,88.37409973144531,88.3949966430664,689166
2026-05-22 19:45:00,88.38999938964844,88.66999816894531,88.24099731445312,88.5999984741211,2055352
2026-05-26 13:30:00,88.38400268554688,88.7249984741211,87.55500030517578,88.04000091552734,2436478
2026-05-26 13:45:00,88.04000091552734,88.18000030517578,87.75,87.97799682617188,898571
2026-05-26 14:00:00,88.0,88.46499633789062,87.94999694824219,88.08499908447266,987563
2026-05-26 14:15:00,88.08000183105469,88.1050033569336,87.57499694824219,87.67500305175781,1173148
2026-05-26 14:30:00,87.68000030517578,87.7300033569336,87.25,87.56999969482422,1153990
2026-05-26 14:45:00,87.55999755859375,87.67500305175781,87.33499908447266,87.44000244140625,700547
2026-05-26 15:00:00,87.44000244140625,87.62000274658203,87.4219970703125,87.48999786376953,639361
2026-05-26 15:15:00,87.47000122070312,87.79000091552734,87.43720245361328,87.72000122070312,673627
2026-05-26 15:30:00,87.72000122070312,87.91000366210938,87.61000061035156,87.80999755859375,527299
2026-05-26 15:45:00,87.80999755859375,87.91999816894531,87.72000122070312,87.86000061035156,493323
2026-05-26 16:00:00,87.86000061035156,87.91500091552734,87.7249984741211,87.83999633789062,464304
2026-05-26 16:15:00,87.8375015258789,88.04000091552734,87.83499908447266,87.98999786376953,422503
2026-05-26 16:30:00,87.98999786376953,88.08000183105469,87.91000366210938,88.03500366210938,332030
2026-05-26 16:45:00,88.03500366210938,88.11499786376953,87.91999816894531,88.09500122070312,1181887
2026-05-26 17:00:00,88.11000061035156,88.11000061035156,87.94999694824219,88.0250015258789,340972
2026-05-26 17:15:00,88.02459716796875,88.07990264892578,87.84500122070312,87.88500213623047,414410
2026-05-26 17:30:00,87.88999938964844,88.04499816894531,87.79499816894531,87.81999969482422,405233
2026-05-26 17:45:00,87.82499694824219,87.83999633789062,87.68000030517578,87.77960205078125,405744
2026-05-26 18:00:00,87.77999877929688,87.92510223388672,87.73999786376953,87.8550033569336,309254
2026-05-26 18:15:00,87.86499786376953,87.91999816894531,87.76000213623047,87.78500366210938,406819
2026-05-26 18:30:00,87.7886962890625,87.81999969482422,87.6449966430664,87.7500991821289,498138
2026-05-26 18:45:00,87.75299835205078,87.8499984741211,87.68000030517578,87.7699966430664,439200
2026-05-26 19:00:00,87.76000213623047,87.7698974609375,87.5999984741211,87.68499755859375,568731
2026-05-26 19:15:00,87.69000244140625,87.81999969482422,87.66500091552734,87.73999786376953,528664
2026-05-26 19:30:00,87.73999786376953,87.80000305175781,87.58499908447266,87.7699966430664,671707
2026-05-26 19:45:00,87.7699966430664,87.81999969482422,87.56999969482422,87.68000030517578,2112717
2026-05-27 13:30:00,87.0459976196289,88.16999816894531,86.81999969482422,88.0199966430664,2757609
2026-05-27 13:45:00,88.00499725341797,88.0999984741211,87.03500366210938,87.33999633789062,1083538
2026-05-27 14:00:00,87.3499984741211,87.85990142822266,87.30000305175781,87.8499984741211,959328
2026-05-27 14:15:00,87.8499984741211,88.47000122070312,87.83000183105469,88.29499816894531,1036892
2026-05-27 14:30:00,88.27999877929688,88.4198989868164,87.91500091552734,88.05000305175781,831289
2026-05-27 14:45:00,88.05999755859375,88.28949737548828,87.91999816894531,88.25,643046
2026-05-27 15:00:00,88.2699966430664,88.45999908447266,88.18000030517578,88.23500061035156,564543
2026-05-27 15:15:00,88.24500274658203,88.48999786376953,88.23999786376953,88.32499694824219,472589
2026-05-27 15:30:00,88.32499694824219,88.48570251464844,88.2300033569336,88.23999786376953,427533
2026-05-27 15:45:00,88.23999786376953,88.375,87.9800033569336,87.98999786376953,362824
2026-05-27 16:00:00,87.98999786376953,88.05500030517578,87.71499633789062,87.7249984741211,420351
2026-05-27 16:15:00,87.7249984741211,87.80999755859375,87.64009857177734,87.69499969482422,394465
2026-05-27 16:30:00,87.69499969482422,87.83000183105469,87.61000061035156,87.63999938964844,426853
2026-05-27 16:45:00,87.62999725341797,87.63999938964844,87.47000122070312,87.54499816894531,420960
2026-05-27 17:00:00,87.54000091552734,87.86000061035156,87.5250015258789,87.81999969482422,557866
2026-05-27 17:15:00,87.83000183105469,87.83000183105469,87.44000244140625,87.44999694824219,453375
2026-05-27 17:30:00,87.44999694824219,87.62999725341797,87.43499755859375,87.55879974365234,308390
2026-05-27 17:45:00,87.55000305175781,87.556396484375,87.36499786376953,87.4000015258789,366928
2026-05-27 18:00:00,87.3949966430664,87.61000061035156,87.37000274658203,87.61000061035156,435804
2026-05-27 18:15:00,87.62999725341797,87.70500183105469,87.51499938964844,87.51499938964844,463599
2026-05-27 18:30:00,87.51499938964844,87.5999984741211,87.43000030517578,87.55999755859375,395498
2026-05-27 18:45:00,87.56500244140625,87.62999725341797,87.50499725341797,87.54859924316406,406757
2026-05-27 19:00:00,87.54499816894531,87.69000244140625,87.51000213623047,87.66999816894531,498378
2026-05-27 19:15:00,87.66500091552734,87.77999877929688,87.58000183105469,87.77999877929688,527403
2026-05-27 19:30:00,87.7699966430664,87.77339935302734,87.65499877929688,87.7699966430664,602078
2026-05-27 19:45:00,87.78500366210938,87.80999755859375,87.30500030517578,87.33499908447266,2540224
2026-05-28 13:30:00,86.83999633789062,86.97000122070312,85.91000366210938,86.81700134277344,3120622
2026-05-28 13:45:00,86.80000305175781,86.94999694824219,86.5,86.6500015258789,970486
2026-05-28 14:00:00,86.66999816894531,87.04000091552734,86.53500366210938,86.8499984741211,1189999
2026-05-28 14:15:00,86.83999633789062,86.94709777832031,86.52999877929688,86.80000305175781,964833
2026-05-28 14:30:00,86.80000305175781,86.87999725341797,86.69999694824219,86.71499633789062,3978598
2026-05-28 14:45:00,86.70999908447266,86.72000122070312,85.93000030517578,86.05999755859375,1719184
2026-05-28 15:00:00,86.05500030517578,86.0999984741211,85.58499908447266,85.7750015258789,1677087
2026-05-28 15:15:00,85.7750015258789,85.80000305175781,85.67009735107422,85.70020294189453,1057096
2026-05-28 15:30:00,85.69999694824219,85.95999908447266,85.67990112304688,85.91000366210938,1130227
2026-05-28 15:45:00,85.9186019897461,86.16999816894531,85.91500091552734,86.08000183105469,1859433
2026-05-28 16:00:00,86.0602035522461,86.37000274658203,86.0602035522461,86.31500244140625,829529
2026-05-28 16:15:00,86.31210327148438,86.38990020751953,86.27999877929688,86.29029846191406,507881
2026-05-28 16:30:00,86.29499816894531,86.38999938964844,86.0999984741211,86.12999725341797,627180
2026-05-28 16:45:00,86.13500213623047,86.2699966430664,86.08000183105469,86.13999938964844,651276
2026-05-28 17:00:00,86.1500015258789,86.2300033569336,85.94000244140625,86.01499938964844,911066
2026-05-28 17:15:00,86.0198974609375,86.0999984741211,85.93000030517578,85.9749984741211,798061
2026-05-28 17:30:00,85.9749984741211,86.09500122070312,85.96499633789062,86.08499908447266,791149
2026-05-28 17:45:00,86.08000183105469,86.17500305175781,86.06500244140625,86.1449966430664,729782
2026-05-28 18:00:00,86.1500015258789,86.2750015258789,86.06999969482422,86.20500183105469,691258
2026-05-28 18:15:00,86.20989990234375,86.23999786376953,86.125,86.2300033569336,655131
2026-05-28 18:30:00,86.2249984741211,86.44000244140625,86.22000122070312,86.28500366210938,1035793
2026-05-28 18:45:00,86.28500366210938,86.40499877929688,86.19000244140625,86.23999786376953,743780
2026-05-28 19:00:00,86.24839782714844,86.25,86.05999755859375,86.20500183105469,821782
2026-05-28 19:15:00,86.2042007446289,86.47000122070312,86.0999984741211,86.43910217285156,1706109
2026-05-28 19:30:00,86.43499755859375,86.55999755859375,86.37000274658203,86.40499877929688,1270545
2026-05-28 19:45:00,86.41000366210938,86.43000030517578,86.25499725341797,86.33000183105469,3238224
2026-05-29 13:30:00,86.25,86.66999816894531,85.73889923095703,85.9749984741211,2695646
2026-05-29 13:45:00,85.98500061035156,86.06999969482422,85.66000366210938,85.91999816894531,1203947
2026-05-29 14:00:00,85.88999938964844,86.30999755859375,85.87000274658203,86.04499816894531,1469198
2026-05-29 14:15:00,86.04499816894531,86.20999908447266,85.92050170898438,86.04499816894531,874335
2026-05-29 14:30:00,86.05000305175781,86.05000305175781,85.70999908447266,85.98500061035156,1373385
2026-05-29 14:45:00,85.98200225830078,85.99500274658203,85.66000366210938,85.8949966430664,1138410
2026-05-29 15:00:00,85.8949966430664,86.44999694824219,85.86499786376953,86.36000061035156,1356344
2026-05-29 15:15:00,86.3550033569336,86.45999908447266,86.20089721679688,86.43000030517578,828252
2026-05-29 15:30:00,86.43000030517578,86.48999786376953,86.27999877929688,86.31999969482422,715625
2026-05-29 15:45:00,86.31510162353516,86.4000015258789,86.2300033569336,86.2300033569336,567514
2026-05-29 16:00:00,86.23500061035156,86.23500061035156,86.05999755859375,86.18000030517578,546251
2026-05-29 16:15:00,86.17500305175781,86.26000213623047,85.98999786376953,86.0199966430664,642088
2026-05-29 16:30:00,86.01010131835938,86.27799987792969,86.0,86.19999694824219,492312
2026-05-29 16:45:00,86.19999694824219,86.20999908447266,86.04499816894531,86.06839752197266,405548
2026-05-29 17:00:00,86.06990051269531,86.08499908447266,85.91999816894531,85.99500274658203,675106
2026-05-29 17:15:00,85.99500274658203,86.12000274658203,85.97000122070312,86.05999755859375,523134
2026-05-29 17:30:00,86.06500244140625,86.30000305175781,86.06500244140625,86.18000030517578,688631
2026-05-29 17:45:00,86.16999816894531,86.17500305175781,85.98999786376953,86.06500244140625,604945
2026-05-29 18:00:00,86.06500244140625,86.09100341796875,86.0,86.07499694824219,643280
2026-05-29 18:15:00,86.08499908447266,86.0999984741211,85.91999816894531,85.95999908447266,694487
2026-05-29 18:30:00,85.95500183105469,85.95999908447266,85.83999633789062,85.9000015258789,885771
2026-05-29 18:45:00,85.89990234375,85.99500274658203,85.81999969482422,85.93499755859375,767672
2026-05-29 19:00:00,85.93499755859375,86.0999984741211,85.91999816894531,86.07499694824219,830505
2026-05-29 19:15:00,86.07499694824219,86.2750015258789,86.03500366210938,86.2750015258789,688519
2026-05-29 19:30:00,86.2750015258789,86.40499877929688,86.19000244140625,86.30000305175781,1178174
2026-05-29 19:45:00,86.29000091552734,86.44999694824219,85.93000030517578,86.0199966430664,3009677
2026-06-01 13:30:00,85.79000091552734,86.9000015258789,85.7300033569336,86.40730285644531,3036074
2026-06-01 13:45:00,86.42919921875,87.2249984741211,86.28140258789062,87.12000274658203,1735023
2026-06-01 14:00:00,87.08000183105469,87.20999908447266,86.07499694824219,86.22000122070312,1541641
2026-06-01 14:15:00,86.21510314941406,86.24500274658203,85.38999938964844,85.44499969482422,1621708
2026-06-01 14:30:00,85.44000244140625,85.54850006103516,85.31999969482422,85.44999694824219,1148013
2026-06-01 14:45:00,85.44000244140625,85.76000213623047,85.37000274658203,85.54000091552734,1238027
2026-06-01 15:00:00,85.53500366210938,85.81999969482422,85.31500244140625,85.76499938964844,2009795
2026-06-01 15:15:00,85.76000213623047,85.87000274658203,85.51000213623047,85.7300033569336,1382898
2026-06-01 15:30:00,85.72000122070312,85.86000061035156,85.55999755859375,85.8550033569336,893213
2026-06-01 15:45:00,85.85810089111328,86.03500366210938,85.75,85.98500061035156,918147
2026-06-01 16:00:00,85.9800033569336,86.05999755859375,85.86000061035156,85.97000122070312,797615
2026-06-01 16:15:00,85.9749984741211,86.08000183105469,85.88999938964844,85.95249938964844,849336
2026-06-01 16:30:00,85.95500183105469,86.125,85.91999816894531,86.10990142822266,747182
2026-06-01 16:45:00,86.1050033569336,86.15499877929688,85.93000030517578,85.97000122070312,713401
2026-06-01 17:00:00,85.95999908447266,85.9801025390625,85.72000122070312,85.7249984741211,606488
2026-06-01 17:15:00,85.72010040283203,85.93499755859375,85.6050033569336,85.93499755859375,666758
2026-06-01 17:30:00,85.93499755859375,85.9800033569336,85.58499908447266,85.80000305175781,949567
2026-06-01 17:45:00,85.80500030517578,85.98999786376953,85.71499633789062,85.74500274658203,582478
2026-06-01 18:00:00,85.73999786376953,85.95999908447266,85.73500061035156,85.93180084228516,581735
2026-06-01 18:15:00,85.93499755859375,86.02999877929688,85.83000183105469,85.83499908447266,536258
2026-06-01 18:30:00,85.83000183105469,86.00499725341797,85.75499725341797,86.0,728776
2026-06-01 18:45:00,85.98999786376953,86.22000122070312,85.95999908447266,85.98829650878906,915775
2026-06-01 19:00:00,85.98999786376953,86.01000213623047,85.83999633789062,85.99500274658203,779819
2026-06-01 19:15:00,85.99500274658203,86.02999877929688,85.81999969482422,85.96150207519531,753174
2026-06-01 19:30:00,85.96499633789062,85.98999786376953,85.83999633789062,85.94499969482422,900271
2026-06-01 19:45:00,85.94000244140625,86.06999969482422,85.80000305175781,85.83499908447266,2176693
2026-06-02 13:30:00,85.6050033569336,85.97989654541016,83.87999725341797,84.38999938964844,4385065
2026-06-02 13:45:00,84.4000015258789,84.51000213623047,83.45999908447266,83.63500213623047,2324337
2026-06-02 14:00:00,83.63999938964844,84.16000366210938,83.58499908447266,84.07990264892578,1917151
2026-06-02 14:15:00,84.07990264892578,84.27999877929688,84.01000213623047,84.04000091552734,1276693
2026-06-02 14:30:00,84.05000305175781,84.18000030517578,83.88999938964844,84.04989624023438,1413886
2026-06-02 14:45:00,84.04989624023438,84.2699966430664,83.93000030517578,84.20500183105469,1030913
2026-06-02 15:00:00,84.20500183105469,84.24500274658203,83.97000122070312,83.9801025390625,1222538
2026-06-02 15:15:00,83.9800033569336,84.02999877929688,83.66999816894531,83.67500305175781,1267284
2026-06-02 15:30:00,83.67500305175781,83.83999633789062,83.58999633789062,83.79499816894531,1145916
2026-06-02 15:45:00,83.79000091552734,83.80999755859375,83.69000244140625,83.78500366210938,783788
2026-06-02 16:00:00,83.79000091552734,83.94999694824219,83.66500091552734,83.91500091552734,1382760
2026-06-02 16:15:00,83.91999816894531,84.2300033569336,83.91999816894531,84.1449966430664,1278331
2026-06-02 16:30:00,84.1449966430664,84.375,84.04499816894531,84.17510223388672,882518
2026-06-02 16:45:00,84.18499755859375,84.23999786376953,84.08999633789062,84.15499877929688,768565
2026-06-02 17:00:00,84.1593017578125,84.22000122070312,84.06500244140625,84.19999694824219,784702
2026-06-02 17:15:00,84.19499969482422,84.39749908447266,84.16500091552734,84.38500213623047,671918
2026-06-02 17:30:00,84.38500213623047,84.40499877929688,84.16999816894531,84.35009765625,584615
2026-06-02 17:45:00,84.36000061035156,84.41000366210938,83.8499984741211,83.8499984741211,913625
2026-06-02 18:00:00,83.84239959716797,83.91000366210938,83.7699966430664,83.85030364990234,678951
2026-06-02 18:15:00,83.86000061035156,83.87999725341797,83.6500015258789,83.68499755859375,767384
2026-06-02 18:30:00,83.68000030517578,83.79000091552734,83.4800033569336,83.78500366210938,2110684
2026-06-02 18:45:00,83.78500366210938,83.80999755859375,83.54010009765625,83.6500015258789,874104
2026-06-02 19:00:00,83.63999938964844,83.6498031616211,83.45500183105469,83.49500274658203,983413
2026-06-02 19:15:00,83.49500274658203,83.65299987792969,83.39009857177734,83.41999816894531,1366552
2026-06-02 19:30:00,83.41500091552734,83.61499786376953,83.37000274658203,83.43199920654297,1760147
2026-06-02 19:45:00,83.43000030517578,83.44999694824219,83.29000091552734,83.31999969482422,4342014
2026-06-03 13:30:00,82.88999938964844,83.30000305175781,82.18000030517578,82.47979736328125,3571711
2026-06-03 13:45:00,82.44000244140625,82.62000274658203,82.08000183105469,82.19000244140625,1772880
2026-06-03 14:00:00,82.18000030517578,82.31500244140625,81.87000274658203,81.9749984741211,1623471
2026-06-03 14:15:00,81.95999908447266,82.1500015258789,81.80000305175781,81.80999755859375,1746174
2026-06-03 14:30:00,81.81069946289062,81.97000122070312,81.70010375976562,81.75039672851562,1096653
2026-06-03 14:45:00,81.75,81.83000183105469,81.56999969482422,81.73760223388672,1043088
2026-06-03 15:00:00,81.7300033569336,81.76000213623047,81.58499908447266,81.68499755859375,824854
2026-06-03 15:15:00,81.68499755859375,81.7300033569336,81.53500366210938,81.55999755859375,1155088
2026-06-03 15:30:00,81.56500244140625,81.56500244140625,81.34140014648438,81.4749984741211,1345145
2026-06-03 15:45:00,81.4749984741211,81.625,81.37999725341797,81.4000015258789,1047165
2026-06-03 16:00:00,81.41000366210938,81.44999694824219,81.11499786376953,81.19499969482422,1045824
2026-06-03 16:15:00,81.19999694824219,81.2699966430664,81.10009765625,81.20500183105469,743865
2026-06-03 16:30:00,81.19000244140625,81.33999633789062,81.1720962524414,81.28500366210938,727430
2026-06-03 16:45:00,81.30500030517578,81.37999725341797,81.22000122070312,81.30500030517578,549953
2026-06-03 17:00:00,81.30500030517578,81.5250015258789,81.30000305175781,81.46499633789062,676269
2026-06-03 17:15:00,81.44999694824219,81.54499816894531,81.43499755859375,81.50509643554688,486817
2026-06-03 17:30:00,81.50509643554688,81.7300033569336,81.4800033569336,81.625,582306
2026-06-03 17:45:00,81.62999725341797,81.62999725341797,81.43499755859375,81.50499725341797,695003
2026-06-03 18:00:00,81.50499725341797,81.57610321044922,81.38999938964844,81.48500061035156,553447
2026-06-03 18:15:00,81.48500061035156,81.54000091552734,81.36499786376953,81.37999725341797,480523
2026-06-03 18:30:00,81.38500213623047,81.5999984741211,81.37999725341797,81.50499725341797,594485
2026-06-03 18:45:00,81.50990295410156,81.55989837646484,81.3550033569336,81.45999908447266,856095
2026-06-03 19:00:00,81.46089935302734,81.5,81.30000305175781,81.46009826660156,786326
2026-06-03 19:15:00,81.46499633789062,81.6500015258789,81.45500183105469,81.56500244140625,907220
2026-06-03 19:30:00,81.56500244140625,81.66999816894531,81.5,81.61000061035156,960475
2026-06-03 19:45:00,81.6050033569336,81.69499969482422,81.5199966430664,81.52999877929688,3998574
2026-06-04 13:30:00,83.23500061035156,83.69999694824219,82.86170196533203,83.27999877929688,5971841
2026-06-04 13:45:00,83.27999877929688,83.30999755859375,82.88999938964844,83.2300033569336,2049420
2026-06-04 14:00:00,83.2249984741211,83.36000061035156,82.87999725341797,82.97000122070312,2298703
2026-06-04 14:15:00,82.9749984741211,83.18000030517578,82.79000091552734,82.79000091552734,1304072
2026-06-04 14:30:00,82.79000091552734,82.88500213623047,82.66999816894531,82.875,976737
2026-06-04 14:45:00,82.87010192871094,82.87010192871094,82.27999877929688,82.30999755859375,1108610
2026-06-04 15:00:00,82.31500244140625,82.54000091552734,82.18000030517578,82.19000244140625,1126736
2026-06-04 15:15:00,82.19000244140625,82.44499969482422,82.12000274658203,82.38330078125,955742
2026-06-04 15:30:00,82.38999938964844,82.48999786376953,82.12139892578125,82.13500213623047,839443
2026-06-04 15:45:00,82.13500213623047,82.40499877929688,82.05999755859375,82.08499908447266,761676
2026-06-04 16:00:00,82.08889770507812,82.18990325927734,82.01000213623047,82.18499755859375,607775
2026-06-04 16:15:00,82.18499755859375,82.20500183105469,81.80000305175781,81.82499694824219,650767
2026-06-04 16:30:00,81.82499694824219,81.98999786376953,81.66999816894531,81.69499969482422,762285
2026-06-04 16:45:00,81.69499969482422,81.71499633789062,81.5,81.54499816894531,859886
2026-06-04 17:00:00,81.54499816894531,81.69999694824219,81.52999877929688,81.59500122070312,701632
2026-06-04 17:15:00,81.59500122070312,81.76000213623047,81.51499938964844,81.75499725341797,879257
2026-06-04 17:30:00,81.75,81.80999755859375,81.62999725341797,81.80500030517578,596618
2026-06-04 17:45:00,81.80500030517578,81.83999633789062,81.68000030517578,81.75499725341797,675313
2026-06-04 18:00:00,81.75,81.75,81.51000213623047,81.63500213623047,748728
2026-06-04 18:15:00,81.63500213623047,81.75499725341797,81.61000061035156,81.66790008544922,787739
2026-06-04 18:30:00,81.66500091552734,81.83499908447266,81.66000366210938,81.70999908447266,682357
2026-06-04 18:45:00,81.70020294189453,81.83000183105469,81.66000366210938,81.76499938964844,861994
2026-06-04 19:00:00,81.76000213623047,81.77999877929688,81.61000061035156,81.70999908447266,839992
2026-06-04 19:15:00,81.70500183105469,81.83499908447266,81.58000183105469,81.58000183105469,1090753
2026-06-04 19:30:00,81.58000183105469,81.58999633789062,81.41000366210938,81.56009674072266,1188564
2026-06-04 19:45:00,81.55999755859375,81.62000274658203,81.37000274658203,81.56999969482422,3957647
2026-06-05 13:30:00,82.38400268554688,82.75,81.94999694824219,82.12999725341797,3957236
2026-06-05 13:45:00,82.13999938964844,82.73999786376953,82.04000091552734,82.54000091552734,1781769
2026-06-05 14:00:00,82.52999877929688,82.56999969482422,81.6500015258789,81.71499633789062,1628822
2026-06-05 14:15:00,81.70999908447266,81.94000244140625,81.54010009765625,81.87999725341797,1206784
2026-06-05 14:30:00,81.88999938964844,81.91000366210938,81.4800033569336,81.66500091552734,1017248
2026-06-05 14:45:00,81.66500091552734,81.66500091552734,81.35009765625,81.54499816894531,863087
2026-06-05 15:00:00,81.5479965209961,81.83499908447266,81.36000061035156,81.6050033569336,1040997
2026-06-05 15:15:00,81.60489654541016,81.79000091552734,81.56999969482422,81.66500091552734,910642
2026-06-05 15:30:00,81.66000366210938,81.69000244140625,81.33999633789062,81.37999725341797,890658
2026-06-05 15:45:00,81.38500213623047,81.4000015258789,81.13999938964844,81.16500091552734,726915
2026-06-05 16:00:00,81.16500091552734,81.34500122070312,81.1449966430664,81.29499816894531,931900
2026-06-05 16:15:00,81.29000091552734,81.43000030517578,81.25,81.41000366210938,744388
2026-06-05 16:30:00,81.40499877929688,81.58000183105469,81.38999938964844,81.48500061035156,1149086
2026-06-05 16:45:00,81.4800033569336,81.67500305175781,81.36000061035156,81.46990203857422,1089088
2026-06-05 17:00:00,81.46499633789062,81.69000244140625,81.41500091552734,81.60970306396484,695068
2026-06-05 17:15:00,81.61000061035156,81.61000061035156,81.30000305175781,81.33000183105469,735579
2026-06-05 17:30:00,81.30069732666016,81.48999786376953,81.05999755859375,81.125,2047693
2026-06-05 17:45:00,81.12000274658203,81.16000366210938,81.04000091552734,81.05999755859375,808685
2026-06-05 18:00:00,81.06500244140625,81.37999725341797,81.0,81.293701171875,841472
2026-06-05 18:15:00,81.29000091552734,81.67500305175781,81.2249984741211,81.57499694824219,1062485
2026-06-05 18:30:00,81.56999969482422,81.86000061035156,81.52999877929688,81.76000213623047,1133446
2026-06-05 18:45:00,81.76100158691406,81.91999816894531,81.52999877929688,81.53500366210938,1461328
2026-06-05 19:00:00,81.54000091552734,81.92500305175781,81.54000091552734,81.91500091552734,1327545
2026-06-05 19:15:00,81.91000366210938,82.0510025024414,81.87000274658203,81.97989654541016,1524136
2026-06-05 19:30:00,81.9800033569336,82.11509704589844,81.84500122070312,81.88500213623047,1725105
2026-06-05 19:45:00,81.87999725341797,82.31500244140625,81.83000183105469,82.20500183105469,3860039
2026-06-08 13:30:00,81.54199981689453,82.19999694824219,81.33999633789062,82.01000213623047,2918817
2026-06-08 13:45:00,82.0,82.55999755859375,81.5999984741211,82.52970123291016,1331199
2026-06-08 14:00:00,82.57499694824219,82.83999633789062,82.50499725341797,82.79499816894531,1452614
2026-06-08 14:15:00,82.79499816894531,83.07980346679688,82.70999908447266,82.7249984741211,1369298
2026-06-08 14:30:00,82.7249984741211,82.75990295410156,82.37000274658203,82.59500122070312,1424744
2026-06-08 14:45:00,82.58499908447266,82.83000183105469,82.4800033569336,82.59500122070312,994642
2026-06-08 15:00:00,82.5999984741211,82.6050033569336,82.18000030517578,82.21499633789062,1077647
2026-06-08 15:15:00,82.19999694824219,82.38919830322266,82.05000305175781,82.2699966430664,802769
2026-06-08 15:30:00,82.26499938964844,82.33999633789062,82.19000244140625,82.31500244140625,601254
2026-06-08 15:45:00,82.31500244140625,82.49500274658203,82.2699966430664,82.2699966430664,611226
2026-06-08 16:00:00,82.30000305175781,82.30000305175781,82.12000274658203,82.18399810791016,837738
2026-06-08 16:15:00,82.18000030517578,82.22000122070312,82.11000061035156,82.11499786376953,398295
2026-06-08 16:30:00,82.12000274658203,82.18990325927734,82.08999633789062,82.0999984741211,478625
2026-06-08 16:45:00,82.0999984741211,82.1498031616211,81.97000122070312,82.11509704589844,486520
2026-06-08 17:00:00,82.12000274658203,82.18990325927734,82.05999755859375,82.16500091552734,551711
2026-06-08 17:15:00,82.16999816894531,82.2699966430664,82.05000305175781,82.1500015258789,697893
2026-06-08 17:30:00,82.1500015258789,82.1500015258789,81.9800033569336,82.11499786376953,514996
2026-06-08 17:45:00,82.11000061035156,82.25,82.05999755859375,82.22969818115234,474842
2026-06-08 18:00:00,82.21749877929688,82.625,82.20999908447266,82.625,973861
2026-06-08 18:15:00,82.62989807128906,82.76000213623047,82.55999755859375,82.63999938964844,631392
2026-06-08 18:30:00,82.63500213623047,82.84390258789062,82.62570190429688,82.7249984741211,935378
2026-06-08 18:45:00,82.7300033569336,82.87000274658203,82.63990020751953,82.66010284423828,1179378
2026-06-08 19:00:00,82.66999816894531,82.79000091552734,82.44999694824219,82.4749984741211,641977
2026-06-08 19:15:00,82.47000122070312,82.5999984741211,82.36000061035156,82.54499816894531,1220872
2026-06-08 19:30:00,82.55000305175781,82.83999633789062,82.5,82.81999969482422,1069209
2026-06-08 19:45:00,82.81500244140625,82.8949966430664,82.62000274658203,82.62999725341797,2788552
2026-06-09 13:30:00,82.03199768066406,82.29000091552734,81.62999725341797,82.21499633789062,2366985
2026-06-09 13:45:00,82.19999694824219,82.29000091552734,81.88500213623047,82.09500122070312,1474013
2026-06-09 14:00:00,82.0999984741211,82.32499694824219,81.8499984741211,82.01000213623047,1142744
2026-06-09 14:15:00,82.01499938964844,82.08999633789062,81.79000091552734,81.91000366210938,945464
2026-06-09 14:30:00,81.91999816894531,82.11000061035156,81.80000305175781,82.07499694824219,856002
2026-06-09 14:45:00,82.06999969482422,82.06999969482422,81.63999938964844,82.05999755859375,1074639
2026-06-09 15:00:00,82.05999755859375,82.33999633789062,82.0199966430664,82.23269653320312,887379
2026-06-09 15:15:00,82.22000122070312,82.22000122070312,82.0250015258789,82.06999969482422,822769
2026-06-09 15:30:00,82.08000183105469,82.16000366210938,81.77999877929688,81.81199645996094,1141644
2026-06-09 15:45:00,81.81510162353516,82.08499908447266,81.7699966430664,82.01000213623047,1013484
2026-06-09 16:00:00,82.0199966430664,82.2699966430664,81.95500183105469,82.13500213623047,1354991
2026-06-09 16:15:00,82.11000061035156,82.11499786376953,81.81500244140625,81.95999908447266,1229070
2026-06-09 16:30:00,81.95999908447266,82.27999877929688,81.56999969482422,81.66000366210938,1605870
2026-06-09 16:45:00,81.6500015258789,81.97000122070312,81.5,81.94000244140625,1502915
2026-06-09 17:00:00,81.94000244140625,82.04000091552734,81.53500366210938,81.5999984741211,887395
2026-06-09 17:15:00,81.6050033569336,81.6791000366211,81.3949966430664,81.43499755859375,936030
2026-06-09 17:30:00,81.44000244140625,81.67350006103516,81.40499877929688,81.65499877929688,686818
2026-06-09 17:45:00,81.64009857177734,81.73500061035156,81.48999786376953,81.49500274658203,483737
2026-06-09 18:00:00,81.49500274658203,81.6449966430664,81.4800033569336,81.57499694824219,468737
2026-06-09 18:15:00,81.57499694824219,81.59500122070312,81.45999908447266,81.56500244140625,534826
2026-06-09 18:30:00,81.56500244140625,81.62999725341797,81.43000030517578,81.58999633789062,642906
2026-06-09 18:45:00,81.58999633789062,81.78790283203125,81.581298828125,81.75640106201172,545421
2026-06-09 19:00:00,81.75499725341797,81.83999633789062,81.5999984741211,81.71499633789062,716218
2026-06-09 19:15:00,81.71499633789062,81.87999725341797,81.66000366210938,81.69000244140625,1079309
2026-06-09 19:30:00,81.69499969482422,81.69999694824219,81.5,81.52999877929688,1233740
2026-06-09 19:45:00,81.5250015258789,81.66999816894531,81.33999633789062,81.41500091552734,3135477
2026-06-10 13:30:00,81.72000122070312,82.57550048828125,80.97720336914062,82.4749984741211,3751291
2026-06-10 13:45:00,82.4800033569336,82.5250015258789,81.50499725341797,82.18000030517578,2143290
2026-06-10 14:00:00,82.18000030517578,82.28800201416016,81.43000030517578,81.63999938964844,1346483
2026-06-10 14:15:00,81.63999938964844,81.83999633789062,81.4749984741211,81.61000061035156,830164
2026-06-10 14:30:00,81.62000274658203,81.77999877929688,81.41999816894531,81.69999694824219,895455
2026-06-10 14:45:00,81.69999694824219,82.30000305175781,81.68000030517578,82.1500015258789,1605485
2026-06-10 15:00:00,82.1449966430664,82.74749755859375,82.13999938964844,82.49659729003906,1409761
2026-06-10 15:15:00,82.49500274658203,82.56500244140625,82.37000274658203,82.44999694824219,988907
2026-06-10 15:30:00,82.43000030517578,82.58999633789062,82.3550033569336,82.54000091552734,830627
2026-06-10 15:45:00,82.53500366210938,82.66999816894531,82.37999725341797,82.59500122070312,957919
2026-06-10 16:00:00,82.59500122070312,82.66000366210938,82.41999816894531,82.61499786376953,709913
2026-06-10 16:15:00,82.61499786376953,82.63990020751953,82.49500274658203,82.54499816894531,722124
2026-06-10 16:30:00,82.54499816894531,82.59400177001953,82.37010192871094,82.38500213623047,545050
2026-06-10 16:45:00,82.38500213623047,82.47000122070312,82.31999969482422,82.41500091552734,463064
2026-06-10 17:00:00,82.41999816894531,82.4800033569336,82.38500213623047,82.40499877929688,380141
2026-06-10 17:15:00,82.40499877929688,82.55999755859375,82.37999725341797,82.55500030517578,486547
2026-06-10 17:30:00,82.55500030517578,82.58999633789062,82.44000244140625,82.50990295410156,461601
2026-06-10 17:45:00,82.5199966430664,82.58499908447266,82.26499938964844,82.30999755859375,744120
2026-06-10 18:00:00,82.31999969482422,82.38999938964844,82.12000274658203,82.13999938964844,422562
2026-06-10 18:15:00,82.13999938964844,82.23930358886719,82.1050033569336,82.11499786376953,415264
2026-06-10 18:30:00,82.11289978027344,82.125,81.95890045166016,82.01499938964844,3455774
2026-06-10 18:45:00,82.0,82.0250015258789,81.8499984741211,81.88999938964844,661460
2026-06-10 19:00:00,81.8949966430664,81.97000122070312,81.83000183105469,81.91510009765625,715110
2026-06-10 19:15:00,81.91000366210938,81.9749984741211,81.81999969482422,81.87090301513672,718259
2026-06-10 19:30:00,81.875,82.13500213623047,81.8499984741211,82.13500213623047,798487
2026-06-10 19:45:00,82.12999725341797,82.19000244140625,81.94999694824219,81.94999694824219,2634993
2026-06-11 13:30:00,81.6500015258789,82.0999984741211,80.37999725341797,81.07499694824219,2402472
2026-06-11 13:45:00,81.06999969482422,81.37999725341797,81.0,81.11000061035156,1175160
2026-06-11 14:00:00,81.13999938964844,81.36000061035156,80.8499984741211,80.91000366210938,954030
2026-06-11 14:15:00,80.89510345458984,81.09500122070312,80.83000183105469,80.90499877929688,1207487
2026-06-11 14:30:00,80.91500091552734,81.0250015258789,80.75,80.81999969482422,1050357
2026-06-11 14:45:00,80.81999969482422,80.88500213623047,80.36100006103516,80.3936996459961,1237841
2026-06-11 15:00:00,80.4000015258789,80.4000015258789,80.08999633789062,80.13999938964844,1200705
2026-06-11 15:15:00,80.13500213623047,80.68000030517578,80.12999725341797,80.54000091552734,1028619
2026-06-11 15:30:00,80.54000091552734,80.75,80.36000061035156,80.73999786376953,700254
2026-06-11 15:45:00,80.74500274658203,80.88999938964844,80.68000030517578,80.84500122070312,577007
2026-06-11 16:00:00,80.83930206298828,80.93000030517578,80.75499725341797,80.8499984741211,590116
2026-06-11 16:15:00,80.8499984741211,80.92500305175781,80.70999908447266,80.79000091552734,586217
2026-06-11 16:30:00,80.77999877929688,81.04000091552734,80.7750015258789,81.0,574490
2026-06-11 16:45:00,81.0,81.06990051269531,80.95500183105469,81.05000305175781,395918
2026-06-11 17:00:00,81.04000091552734,81.13500213623047,80.88999938964844,81.08999633789062,468947
2026-06-11 17:15:00,81.09500122070312,81.4000015258789,80.94499969482422,81.38999938964844,765633
2026-06-11 17:30:00,81.38999938964844,81.56500244140625,81.28500366210938,81.3949966430664,1173450
2026-06-11 17:45:00,81.39510345458984,81.44000244140625,81.1843032836914,81.40499877929688,2424333
2026-06-11 18:00:00,81.40499877929688,81.45500183105469,81.04000091552734,81.08499908447266,792954
2026-06-11 18:15:00,81.08499908447266,81.41000366210938,81.05999755859375,81.12999725341797,810689
2026-06-11 18:30:00,81.13500213623047,81.23999786376953,81.06009674072266,81.20999908447266,631255
2026-06-11 18:45:00,81.20549774169922,81.31999969482422,81.18499755859375,81.26499938964844,594469
2026-06-11 19:00:00,81.26499938964844,81.45500183105469,81.21499633789062,81.42500305175781,852622
2026-06-11 19:15:00,81.41999816894531,81.57499694824219,81.40499877929688,81.55000305175781,735532
2026-06-11 19:30:00,81.55999755859375,81.66999816894531,81.4749984741211,81.51969909667969,1164984
2026-06-11 19:45:00,81.51000213623047,81.55000305175781,81.16999816894531,81.26000213623047,3689057
2026-06-12 13:30:00,81.68000030517578,82.0,80.33499908447266,80.37000274658203,2444479
2026-06-12 13:45:00,80.37000274658203,80.48999786376953,79.27999877929688,79.66000366210938,2718206
2026-06-12 14:00:00,79.66000366210938,79.88999938964844,79.31999969482422,79.4000015258789,2058051
2026-06-12 14:15:00,79.4000015258789,79.8499984741211,79.38999938964844,79.81999969482422,1557914
2026-06-12 14:30:00,79.81999969482422,80.0999984741211,79.76000213623047,79.8550033569336,1285249
2026-06-12 14:45:00,79.86000061035156,80.04000091552734,79.58000183105469,80.0199966430664,1192905
2026-06-12 15:00:00,80.0250015258789,80.43499755859375,80.0250015258789,80.40509796142578,971247
2026-06-12 15:15:00,80.41000366210938,80.69499969482422,80.30999755859375,80.5999984741211,821620
2026-06-12 15:30:00,80.60749816894531,80.63500213623047,80.2249984741211,80.40499877929688,901028
2026-06-12 15:45:00,80.40499877929688,80.44000244140625,80.27999877929688,80.36000061035156,700188
2026-06-12 16:00:00,80.3550033569336,80.69000244140625,80.19999694824219,80.62999725341797,1084475
2026-06-12 16:15:00,80.62010192871094,80.83000183105469,80.62010192871094,80.70999908447266,736644
2026-06-12 16:30:00,80.72000122070312,80.8499984741211,80.6500015258789,80.7750015258789,490039
2026-06-12 16:45:00,80.7750015258789,80.9000015258789,80.75,80.8949966430664,464676
2026-06-12 17:00:00,80.8949966430664,81.13999938964844,80.80999755859375,80.86000061035156,759639
2026-06-12 17:15:00,80.86000061035156,80.97000122070312,80.77999877929688,80.8550033569336,475689
2026-06-12 17:30:00,80.86000061035156,80.87000274658203,80.72000122070312,80.75499725341797,334242
2026-06-12 17:45:00,80.76000213623047,80.79499816894531,80.67500305175781,80.72000122070312,416552
2026-06-12 18:00:00,80.71499633789062,80.83999633789062,80.68990325927734,80.80840301513672,416535
2026-06-12 18:15:00,80.80500030517578,80.80999755859375,80.5999984741211,80.66500091552734,468877
2026-06-12 18:30:00,80.66999816894531,80.87000274658203,80.66999816894531,80.84500122070312,484489
2026-06-12 18:45:00,80.83999633789062,80.83999633789062,80.66999816894531,80.67990112304688,591464
2026-06-12 19:00:00,80.66000366210938,80.79989624023438,80.62000274658203,80.69499969482422,660157
2026-06-12 19:15:00,80.72000122070312,80.79750061035156,80.42500305175781,80.5250015258789,1365956
2026-06-12 19:30:00,80.52999877929688,80.55509948730469,80.30999755859375,80.43689727783203,1231975
2026-06-12 19:45:00,80.43499755859375,80.47989654541016,80.2699966430664,80.33499908447266,3276060
2026-06-15 13:30:00,80.61499786376953,81.68000030517578,80.47000122070312,81.31999969482422,4436039
2026-06-15 13:45:00,81.33999633789062,81.52999877929688,81.04000091552734,81.38999938964844,2285487
2026-06-15 14:00:00,81.38500213623047,81.43000030517578,80.67500305175781,80.75,1740641
2026-06-15 14:15:00,80.73999786376953,80.80999755859375,80.58679962158203,80.68499755859375,1245492
2026-06-15 14:30:00,80.68499755859375,81.16999816894531,80.63999938964844,80.9800033569336,1346276
2026-06-15 14:45:00,80.98500061035156,81.5199966430664,80.88500213623047,81.48999786376953,1009577
2026-06-15 15:00:00,81.4800033569336,81.48999786376953,81.20999908447266,81.25,877815
2026-06-15 15:15:00,81.2509994506836,81.3949966430664,81.17500305175781,81.36000061035156,668886
2026-06-15 15:30:00,81.3550033569336,81.36499786376953,81.09010314941406,81.33499908447266,874110
2026-06-15 15:45:00,81.33499908447266,81.62000274658203,81.31999969482422,81.49500274658203,722961
2026-06-15 16:00:00,81.48999786376953,81.48999786376953,81.26000213623047,81.42500305175781,731052
2026-06-15 16:15:00,81.41999816894531,81.62999725341797,81.41000366210938,81.41000366210938,842716
2026-06-15 16:30:00,81.40249633789062,81.44999694824219,81.1802978515625,81.2083969116211,661296
2026-06-15 16:45:00,81.20999908447266,81.45999908447266,81.19999694824219,81.43550109863281,527473
2026-06-15 17:00:00,81.43499755859375,81.63999938964844,81.36499786376953,81.4719009399414,709674
2026-06-15 17:15:00,81.4749984741211,81.51000213623047,81.27999877929688,81.29000091552734,642302
2026-06-15 17:30:00,81.27999877929688,81.4800033569336,81.26000213623047,81.47709655761719,699546
2026-06-15 17:45:00,81.47229766845703,81.4749984741211,81.12200164794922,81.19000244140625,724065
2026-06-15 18:00:00,81.19999694824219,81.41000366210938,81.19499969482422,81.4000015258789,520505
2026-06-15 18:15:00,81.40499877929688,81.58000183105469,81.31500244140625,81.55000305175781,657182
2026-06-15 18:30:00,81.55000305175781,81.56500244140625,81.41999816894531,81.44499969482422,665563
2026-06-15 18:45:00,81.44499969482422,81.4800033569336,81.25,81.30500030517578,562122
2026-06-15 19:00:00,81.30500030517578,81.49009704589844,81.24009704589844,81.4000015258789,803535
2026-06-15 19:15:00,81.41000366210938,81.49500274658203,81.33999633789062,81.43000030517578,720029
2026-06-15 19:30:00,81.43499755859375,81.625,81.40049743652344,81.61499786376953,998839
2026-06-15 19:45:00,81.61000061035156,81.70500183105469,81.43499755859375,81.66999816894531,2349009
2026-06-16 13:30:00,81.875,81.93000030517578,81.08000183105469,81.30000305175781,2630080
2026-06-16 13:45:00,81.3499984741211,81.54000091552734,80.14199829101562,80.16500091552734,2959382
2026-06-16 14:00:00,80.16999816894531,80.30599975585938,79.48999786376953,79.55000305175781,3138879
2026-06-16 14:15:00,79.55500030517578,79.55999755859375,78.68180084228516,78.88500213623047,4078961
2026-06-16 14:30:00,78.88500213623047,79.04000091552734,78.43000030517578,78.4749984741211,3839929
2026-06-16 14:45:00,78.4749984741211,78.83000183105469,78.45999908447266,78.69499969482422,1637777
2026-06-16 15:00:00,78.69000244140625,78.8550033569336,78.4800033569336,78.8550033569336,1781132
2026-06-16 15:15:00,78.85980224609375,79.19000244140625,78.7699966430664,79.11499786376953,1876772
2026-06-16 15:30:00,79.12000274658203,79.58000183105469,79.01000213623047,79.4749984741211,1603059
2026-06-16 15:45:00,79.4749984741211,79.5199966430664,79.0199966430664,79.0989990234375,1211363
2026-06-16 16:00:00,79.1050033569336,79.30999755859375,78.55000305175781,78.82499694824219,2474767
2026-06-16 16:15:00,78.8301010131836,78.97000122070312,78.62339782714844,78.78500366210938,1159140
2026-06-16 16:30:00,78.77999877929688,79.05000305175781,78.74099731445312,78.91500091552734,1149679
2026-06-16 16:45:00,78.91000366210938,79.08999633789062,78.8499984741211,78.88999938964844,1166856
2026-06-16 17:00:00,78.87999725341797,78.94000244140625,78.41000366210938,78.50499725341797,1621137
2026-06-16 17:15:00,78.50499725341797,78.51499938964844,78.2300033569336,78.2699966430664,1548269
2026-06-16 17:30:00,78.27010345458984,78.37999725341797,77.9000015258789,77.94499969482422,2139216
2026-06-16 17:45:00,77.94000244140625,77.99500274658203,77.70999908447266,77.8550033569336,2135853
2026-06-16 18:00:00,77.8499984741211,78.04000091552734,77.84010314941406,78.01399993896484,1227914
2026-06-16 18:15:00,78.01499938964844,78.2699966430664,77.87000274658203,78.26629638671875,1379199
2026-06-16 18:30:00,78.26499938964844,78.38999938964844,78.16000366210938,78.19000244140625,1895970
2026-06-16 18:45:00,78.19999694824219,78.5999984741211,78.19499969482422,78.4000015258789,1425641
2026-06-16 19:00:00,78.3949966430664,78.41000366210938,78.12999725341797,78.25499725341797,1415838
2026-06-16 19:15:00,78.26499938964844,78.67549896240234,78.25499725341797,78.50499725341797,1950451
2026-06-16 19:30:00,78.5,78.91999816894531,78.5,78.67500305175781,1872653
2026-06-16 19:45:00,78.68000030517578,78.79499816894531,78.5,78.73999786376953,5366868
2026-06-17 13:30:00,78.0999984741211,78.44000244140625,77.625,77.98999786376953,4591138
2026-06-17 13:45:00,78.0,78.37999725341797,77.75,77.76499938964844,2501388
2026-06-17 14:00:00,77.76000213623047,78.0250015258789,77.56999969482422,77.92990112304688,1928616
2026-06-17 14:15:00,77.93000030517578,77.95980072021484,77.66010284423828,77.7699966430664,1448459
2026-06-17 14:30:00,77.7750015258789,78.30000305175781,77.7699966430664,78.20500183105469,1267142
2026-06-17 14:45:00,78.20760345458984,78.33999633789062,78.0,78.20230102539062,1306249
2026-06-17 15:00:00,78.20500183105469,78.30999755859375,78.07499694824219,78.30999755859375,1085172
2026-06-17 15:15:00,78.31500244140625,78.44499969482422,77.98999786376953,78.01000213623047,1110691
2026-06-17 15:30:00,78.01499938964844,78.125,77.82499694824219,77.87999725341797,1077325
2026-06-17 15:45:00,77.88500213623047,77.94000244140625,77.77999877929688,77.85749816894531,994742
2026-06-17 16:00:00,77.8550033569336,77.87000274658203,77.71499633789062,77.7750015258789,852236
2026-06-17 16:15:00,77.7750015258789,77.92500305175781,77.76499938964844,77.88500213623047,831009
2026-06-17 16:30:00,77.88009643554688,77.88500213623047,77.70999908447266,77.73999786376953,872566
2026-06-17 16:45:00,77.74500274658203,77.79000091552734,77.70999908447266,77.75,977182
2026-06-17 17:00:00,77.73500061035156,77.7699966430664,77.54019927978516,77.55000305175781,1037007
2026-06-17 17:15:00,77.55500030517578,77.76000213623047,77.54000091552734,77.73999786376953,804455
2026-06-17 17:30:00,77.73500061035156,77.75,77.5250015258789,77.55500030517578,1075683
2026-06-17 17:45:00,77.55500030517578,77.68000030517578,77.4800033569336,77.66500091552734,1166127
2026-06-17 18:00:00,77.66000366210938,77.66000366210938,77.31999969482422,77.3949966430664,2314845
2026-06-17 18:15:00,77.4000015258789,77.69999694824219,77.3949966430664,77.6050033569336,1235694
2026-06-17 18:30:00,77.59500122070312,77.6500015258789,77.2300033569336,77.49500274658203,2383834
2026-06-17 18:45:00,77.4800033569336,77.5000991821289,77.16999816894531,77.17500305175781,1519399
2026-06-17 19:00:00,77.17500305175781,77.22000122070312,76.81999969482422,77.10030364990234,2217787
2026-06-17 19:15:00,77.11499786376953,77.12000274658203,76.9000015258789,76.93499755859375,1257488
2026-06-17 19:30:00,76.93000030517578,76.94000244140625,76.76000213623047,76.81500244140625,1824579
2026-06-17 19:45:00,76.81500244140625,77.07499694824219,76.76000213623047,76.94999694824219,4602341
2026-06-18 13:30:00,77.05000305175781,77.62999725341797,76.19499969482422,76.31999969482422,8186440
2026-06-18 13:45:00,76.33000183105469,76.98999786376953,76.12000274658203,76.91999816894531,1906031
2026-06-18 14:00:00,76.93000030517578,77.16000366210938,76.63999938964844,76.93000030517578,1689334
2026-06-18 14:15:00,76.94000244140625,77.18000030517578,76.91999816894531,77.11000061035156,1230584
2026-06-18 14:30:00,77.12000274658203,77.41000366210938,77.07389831542969,77.24870300292969,1194783
2026-06-18 14:45:00,77.2489013671875,77.33999633789062,77.125,77.2249984741211,846739
2026-06-18 15:00:00,77.2249984741211,77.25,77.0,77.01499938964844,972524
2026-06-18 15:15:00,77.01499938964844,77.18000030517578,76.91999816894531,76.94999694824219,842465
2026-06-18 15:30:00,76.94499969482422,77.19999694824219,76.8949966430664,77.19999694824219,1731969
2026-06-18 15:45:00,77.19499969482422,77.46980285644531,77.1500015258789,77.42500305175781,1152418
2026-06-18 16:00:00,77.42990112304688,77.51000213623047,77.22010040283203,77.25499725341797,976539
2026-06-18 16:15:00,77.2500991821289,77.37000274658203,77.21499633789062,77.23880004882812,684356
2026-06-18 16:30:00,77.23999786376953,77.3550033569336,77.0999984741211,77.15499877929688,940266
2026-06-18 16:45:00,77.15499877929688,77.43509674072266,77.1500015258789,77.34500122070312,952805
2026-06-18 17:00:00,77.34500122070312,77.61509704589844,77.30000305175781,77.44999694824219,1075930
2026-06-18 17:15:00,77.44000244140625,77.62000274658203,77.40499877929688,77.58000183105469,814238
2026-06-18 17:30:00,77.58499908447266,77.69000244140625,77.46019744873047,77.65499877929688,1320077
2026-06-18 17:45:00,77.6449966430664,77.73619842529297,77.55000305175781,77.61499786376953,718376
2026-06-18 18:00:00,77.5999984741211,77.68000030517578,77.55000305175781,77.59500122070312,796731
2026-06-18 18:15:00,77.59500122070312,77.62000274658203,77.19000244140625,77.25,844343
2026-06-18 18:30:00,77.24500274658203,77.375,77.16000366210938,77.16500091552734,1112288
2026-06-18 18:45:00,77.16500091552734,77.30000305175781,77.0999984741211,77.25,949322
2026-06-18 19:00:00,77.25,77.25,77.00499725341797,77.04000091552734,950028
2026-06-18 19:15:00,77.03500366210938,77.08999633789062,76.92500305175781,77.01499938964844,1243648
2026-06-18 19:30:00,77.0199966430664,77.16999816894531,76.9800033569336,77.1500015258789,1375169
2026-06-18 19:45:00,77.15499877929688,78.23500061035156,77.11000061035156,77.33000183105469,10422742
2026-06-22 13:30:00,76.13500213623047,76.80000305175781,75.62000274658203,76.74009704589844,5867471
2026-06-22 13:45:00,76.75,77.04499816894531,76.52999877929688,77.04499816894531,2195694
2026-06-22 14:00:00,77.04000091552734,77.08999633789062,75.55000305175781,75.57499694824219,2954246
2026-06-22 14:15:00,75.57499694824219,75.62989807128906,74.58000183105469,74.74220275878906,4460717
2026-06-22 14:30:00,74.75,74.91999816894531,74.44000244140625,74.44499969482422,2939258
2026-06-22 14:45:00,74.44010162353516,74.4999008178711,74.19499969482422,74.2300033569336,2560173
2026-06-22 15:00:00,74.2300033569336,74.41000366210938,73.87100219726562,73.91500091552734,2639977
2026-06-22 15:15:00,73.91500091552734,74.0,73.7699966430664,73.78500366210938,1988303
2026-06-22 15:30:00,73.78150177001953,73.91999816894531,73.63500213623047,73.76000213623047,2354207
2026-06-22 15:45:00,73.75499725341797,73.8499984741211,73.16000366210938,73.23500061035156,2581787
2026-06-22 16:00:00,73.23999786376953,73.30000305175781,72.55000305175781,72.69000244140625,3595784
2026-06-22 16:15:00,72.69499969482422,72.7300033569336,72.3499984741211,72.55500030517578,2816178
2026-06-22 16:30:00,72.55500030517578,72.55989837646484,72.08000183105469,72.125,2735383
2026-06-22 16:45:00,72.12989807128906,72.57990264892578,72.125,72.2249984741211,2577493
2026-06-22 17:00:00,72.22000122070312,72.6500015258789,72.0999984741211,72.61000061035156,2512803
2026-06-22 17:15:00,72.61000061035156,72.625,72.08000183105469,72.13999938964844,2301397
2026-06-22 17:30:00,72.13500213623047,72.62999725341797,71.80999755859375,72.61499786376953,3793632
2026-06-22 17:45:00,72.62000274658203,73.27999877929688,72.5801010131836,73.06220245361328,2078505
2026-06-22 18:00:00,73.06500244140625,73.26499938964844,72.91000366210938,73.26000213623047,1952716
2026-06-22 18:15:00,73.26499938964844,73.2699966430664,73.04000091552734,73.18499755859375,1435239
2026-06-22 18:30:00,73.18890380859375,73.3499984741211,73.18499755859375,73.30500030517578,1205001
2026-06-22 18:45:00,73.30500030517578,73.33999633789062,72.91999816894531,72.94000244140625,1971744
2026-06-22 19:00:00,72.94000244140625,73.06999969482422,72.83999633789062,72.91500091552734,1549898
2026-06-22 19:15:00,72.91000366210938,72.95999908447266,72.80500030517578,72.88020324707031,1745781
2026-06-22 19:30:00,72.88500213623047,72.98999786376953,72.68000030517578,72.96499633789062,2476248
2026-06-22 19:45:00,72.96499633789062,73.3499984741211,72.8550033569336,72.87999725341797,6115606
2026-06-23 13:30:00,73.37999725341797,73.91000366210938,73.2699966430664,73.69000244140625,6066929
2026-06-23 13:45:00,73.68000030517578,73.96070098876953,73.08000183105469,73.55000305175781,2492414
2026-06-23 14:00:00,73.55609893798828,73.61000061035156,72.97200012207031,73.0250015258789,2070316
2026-06-23 14:15:00,73.03500366210938,73.19999694824219,72.82499694824219,73.03500366210938,1334649
2026-06-23 14:30:00,73.0250015258789,73.375,72.91000366210938,73.23500061035156,1369799
2026-06-23 14:45:00,73.23500061035156,73.33999633789062,72.87999725341797,72.94999694824219,1695771
2026-06-23 15:00:00,72.95999908447266,73.05500030517578,72.62999725341797,73.02400207519531,1617300
2026-06-23 15:15:00,73.02999877929688,73.12999725341797,72.75499725341797,72.87999725341797,1310816
2026-06-23 15:30:00,72.87999725341797,73.00499725341797,72.80999755859375,72.97000122070312,939114
2026-06-23 15:45:00,72.9728012084961,73.18000030517578,72.91500091552734,73.08000183105469,1063142
2026-06-23 16:00:00,73.08499908447266,73.24500274658203,72.9000015258789,73.0250015258789,1256818
2026-06-23 16:15:00,73.02999877929688,73.16000366210938,72.9800033569336,73.06500244140625,864128
2026-06-23 16:30:00,73.06500244140625,73.10530090332031,72.81999969482422,72.83499908447266,1032691
2026-06-23 16:45:00,72.83499908447266,73.13999938964844,72.83499908447266,73.09500122070312,842303
2026-06-23 17:00:00,73.08999633789062,73.20500183105469,73.04000091552734,73.1050033569336,689645
2026-06-23 17:15:00,73.1050033569336,73.18009948730469,73.01499938964844,73.06500244140625,715485
2026-06-23 17:30:00,73.06500244140625,73.2750015258789,73.02999877929688,73.17500305175781,906413
2026-06-23 17:45:00,73.17500305175781,73.38999938964844,73.12000274658203,73.29499816894531,1607429
2026-06-23 18:00:00,73.29499816894531,73.44000244140625,73.18499755859375,73.29499816894531,1466942
2026-06-23 18:15:00,73.29499816894531,73.37999725341797,73.23500061035156,73.36000061035156,2353140
2026-06-23 18:30:00,73.37000274658203,73.48999786376953,73.12999725341797,73.17500305175781,1202266
2026-06-23 18:45:00,73.17500305175781,73.20500183105469,73.0199966430664,73.16500091552734,1024935
2026-06-23 19:00:00,73.16500091552734,73.19499969482422,73.00499725341797,73.0199966430664,1027419
2026-06-23 19:15:00,73.02999877929688,73.06999969482422,72.83999633789062,72.86499786376953,964333
2026-06-23 19:30:00,72.86329650878906,72.91850280761719,72.78500366210938,72.80989837646484,1089879
2026-06-23 19:45:00,72.80000305175781,72.94999694824219,72.68000030517578,72.76000213623047,3885187
2026-06-24 13:30:00,72.62000274658203,73.44999694824219,72.62000274658203,73.1500015258789,3362851
2026-06-24 13:45:00,73.13999938964844,73.1500015258789,72.3499984741211,72.79499816894531,1794601
2026-06-24 14:00:00,72.80000305175781,72.88999938964844,72.47000122070312,72.55999755859375,1273827
2026-06-24 14:15:00,72.55999755859375,72.9000015258789,72.33000183105469,72.47989654541016,1030515
2026-06-24 14:30:00,72.47000122070312,72.58999633789062,72.05000305175781,72.27619934082031,5855644
2026-06-24 14:45:00,72.2750015258789,72.44629669189453,72.19999694824219,72.42990112304688,2606994
2026-06-24 15:00:00,72.41999816894531,72.51000213623047,72.1520004272461,72.2300033569336,1056469
2026-06-24 15:15:00,72.22000122070312,72.5999984741211,72.22000122070312,72.41500091552734,979544
2026-06-24 15:30:00,72.41500091552734,72.44000244140625,72.0602035522461,72.11000061035156,957330
2026-06-24 15:45:00,72.10009765625,72.2249984741211,72.05999755859375,72.15499877929688,679331
2026-06-24 16:00:00,72.1500015258789,72.23500061035156,72.04499816894531,72.20989990234375,739089
2026-06-24 16:15:00,72.20500183105469,72.23500061035156,71.94999694824219,72.05999755859375,992766
2026-06-24 16:30:00,72.05500030517578,72.07499694824219,71.69000244140625,71.74810028076172,1143511
2026-06-24 16:45:00,71.73999786376953,71.83499908447266,71.625,71.79499816894531,855705
2026-06-24 17:00:00,71.80000305175781,72.0,71.73999786376953,71.9749984741211,1062006
2026-06-24 17:15:00,71.97000122070312,71.9800033569336,71.77999877929688,71.94999694824219,866305
2026-06-24 17:30:00,71.95500183105469,72.04989624023438,71.87999725341797,72.00499725341797,921748
2026-06-24 17:45:00,72.00499725341797,72.2249984741211,71.98500061035156,72.17500305175781,1855203
2026-06-24 18:00:00,72.18000030517578,72.69000244140625,72.17500305175781,72.65499877929688,1052621
2026-06-24 18:15:00,72.6500015258789,72.80999755859375,72.56999969482422,72.70500183105469,1418030
2026-06-24 18:30:00,72.70999908447266,72.81500244140625,72.43000030517578,72.49500274658203,1338274
2026-06-24 18:45:00,72.49500274658203,72.5199966430664,72.30999755859375,72.31420135498047,1007660
2026-06-24 19:00:00,72.31999969482422,72.66000366210938,72.20999908447266,72.54499816894531,1467048
2026-06-24 19:15:00,72.54499816894531,72.58999633789062,72.31999969482422,72.33499908447266,1117812
2026-06-24 19:30:00,72.33499908447266,72.33999633789062,72.0801010131836,72.12000274658203,1150390
2026-06-24 19:45:00,72.12000274658203,72.38999938964844,71.75,71.83000183105469,3970292
2026-06-25 13:30:00,71.36750030517578,72.18000030517578,71.08999633789062,71.87629699707031,4559156
2026-06-25 13:45:00,71.9000015258789,72.4800033569336,71.66999816894531,72.46499633789062,2283784
2026-06-25 14:00:00,72.45999908447266,72.94000244140625,72.31999969482422,72.63999938964844,2428884
2026-06-25 14:15:00,72.61509704589844,72.76000213623047,72.23999786376953,72.44499969482422,1777983
2026-06-25 14:30:00,72.44000244140625,72.44000244140625,71.8499984741211,72.30000305175781,1717586
2026-06-25 14:45:00,72.31500244140625,72.45539855957031,72.1050033569336,72.13990020751953,1229266
2026-06-25 15:00:00,72.13999938964844,72.25,71.7301025390625,71.94999694824219,1057219
2026-06-25 15:15:00,71.94000244140625,72.26000213623047,71.82499694824219,72.25,882346
2026-06-25 15:30:00,72.23999786376953,72.44499969482422,72.19499969482422,72.33499908447266,836166
2026-06-25 15:45:00,72.33499908447266,72.41999816894531,72.06999969482422,72.16000366210938,1022447
2026-06-25 16:00:00,72.18000030517578,72.20999908447266,72.02999877929688,72.1449966430664,1053604
2026-06-25 16:15:00,72.1500015258789,72.32499694824219,72.06999969482422,72.24500274658203,739556
2026-06-25 16:30:00,72.24500274658203,72.38999938964844,71.9800033569336,72.0,1267569
2026-06-25 16:45:00,71.99510192871094,72.05509948730469,71.7699966430664,71.84989929199219,954504
2026-06-25 17:00:00,71.84500122070312,71.91500091552734,71.62000274658203,71.79019927978516,844317
2026-06-25 17:15:00,71.79499816894531,71.86990356445312,71.66999816894531,71.70500183105469,787301
2026-06-25 17:30:00,71.70500183105469,71.79000091552734,71.55999755859375,71.56999969482422,793353
2026-06-25 17:45:00,71.56999969482422,71.71939849853516,71.4800033569336,71.70230102539062,881554
2026-06-25 18:00:00,71.70999908447266,71.73500061035156,71.55000305175781,71.61000061035156,661784
2026-06-25 18:15:00,71.61000061035156,72.16500091552734,71.61000061035156,72.15499877929688,767357
2026-06-25 18:30:00,72.15499877929688,72.2300033569336,72.0,72.03500366210938,728159
2026-06-25 18:45:00,72.03500366210938,72.12000274658203,71.9800033569336,72.08499908447266,752675
2026-06-25 19:00:00,72.08509826660156,72.22000122070312,71.94999694824219,72.21499633789062,882839
2026-06-25 19:15:00,72.21939849853516,72.3499984741211,72.01000213623047,72.05999755859375,1008973
2026-06-25 19:30:00,72.05500030517578,72.11000061035156,71.45999908447266,71.52999877929688,1929603
2026-06-25 19:45:00,71.52999877929688,71.57990264892578,70.86000061035156,70.91500091552734,4895279
2026-06-26 13:30:00,71.5999984741211,73.55999755859375,71.54000091552734,73.51000213623047,5155182
2026-06-26 13:45:00,73.52549743652344,73.86000061035156,73.20999908447266,73.48999786376953,2790334
2026-06-26 14:00:00,73.5,74.19000244140625,73.22000122070312,74.16500091552734,2292346
2026-06-26 14:15:00,74.16000366210938,74.625,74.08999633789062,74.375,2212971
2026-06-26 14:30:00,74.375,74.44999694824219,74.0199966430664,74.30999755859375,1839456
2026-06-26 14:45:00,74.31729888916016,74.55000305175781,73.9800033569336,74.43499755859375,1802309
2026-06-26 15:00:00,74.44499969482422,74.83999633789062,74.41999816894531,74.67500305175781,2872891
2026-06-26 15:15:00,74.67109680175781,74.81999969482422,74.61000061035156,74.70999908447266,1631551
2026-06-26 15:30:00,74.69999694824219,74.97000122070312,74.66999816894531,74.94000244140625,1206153
2026-06-26 15:45:00,74.9800033569336,75.19000244140625,74.85079956054688,74.98500061035156,1828545
2026-06-26 16:00:00,74.99500274658203,75.19999694824219,74.94999694824219,75.17500305175781,1241098
2026-06-26 16:15:00,75.17500305175781,75.17900085449219,74.62000274658203,74.63999938964844,1213106
2026-06-26 16:30:00,74.62999725341797,74.75,74.4000015258789,74.44999694824219,1445630
2026-06-26 16:45:00,74.44499969482422,74.5,74.24500274658203,74.3499984741211,1665869
2026-06-26 17:00:00,74.33999633789062,74.5199966430664,73.94000244140625,73.97000122070312,1591612
2026-06-26 17:15:00,73.97989654541016,74.08999633789062,73.83999633789062,74.05500030517578,1441549
2026-06-26 17:30:00,74.06659698486328,74.36000061035156,74.05999755859375,74.33000183105469,1282989
2026-06-26 17:45:00,74.32499694824219,74.32890319824219,73.66999816894531,73.69000244140625,1508939
2026-06-26 18:00:00,73.69000244140625,74.12000274658203,73.66000366210938,74.11979675292969,2954440
2026-06-26 18:15:00,74.11499786376953,74.26499938964844,74.0000991821289,74.01499938964844,1738418
2026-06-26 18:30:00,74.01490020751953,74.08000183105469,73.92500305175781,74.01499938964844,1165307
2026-06-26 18:45:00,74.01000213623047,74.01499938964844,73.81999969482422,73.90499877929688,1253438
2026-06-26 19:00:00,73.90399932861328,74.06500244140625,73.7300033569336,73.75499725341797,2025105
2026-06-26 19:15:00,73.75499725341797,73.98999786376953,73.70999908447266,73.7699966430664,1309216
2026-06-26 19:30:00,73.7750015258789,74.0199966430664,73.7750015258789,73.92500305175781,1562636
2026-06-26 19:45:00,73.90499877929688,74.05999755859375,73.06999969482422,73.62999725341797,7637597
2026-06-29 13:30:00,74.61499786376953,75.38500213623047,74.05000305175781,75.0999984741211,4487516
2026-06-29 13:45:00,75.13500213623047,75.86000061035156,75.11000061035156,75.73259735107422,2349253
2026-06-29 14:00:00,75.7300033569336,76.06890106201172,75.54000091552734,75.95999908447266,2515713
2026-06-29 14:15:00,75.96499633789062,76.0199966430664,75.33999633789062,75.66000366210938,2220411
2026-06-29 14:30:00,75.66999816894531,75.83999633789062,75.52999877929688,75.79000091552734,1763700
2026-06-29 14:45:00,75.79499816894531,75.87999725341797,75.4000015258789,75.4000015258789,1389114
2026-06-29 15:00:00,75.40499877929688,75.68499755859375,75.2750015258789,75.5250015258789,1369509
2026-06-29 15:15:00,75.53500366210938,75.73930358886719,75.4000015258789,75.6364974975586,1008330
2026-06-29 15:30:00,75.62999725341797,75.66000366210938,75.26000213623047,75.4749984741211,1343842
2026-06-29 15:45:00,75.4749984741211,75.47989654541016,74.8949966430664,74.93000030517578,1209740
2026-06-29 16:00:00,74.91999816894531,74.91999816894531,74.75,74.83999633789062,1127836
2026-06-29 16:15:00,74.83999633789062,74.93499755859375,74.75499725341797,74.8510971069336,688715
2026-06-29 16:30:00,74.8550033569336,74.9386978149414,74.52999877929688,74.54499816894531,906311
2026-06-29 16:45:00,74.54499816894531,74.62000274658203,74.30999755859375,74.50499725341797,1151829
2026-06-29 17:00:00,74.51000213623047,74.69000244140625,74.41000366210938,74.625,714744
2026-06-29 17:15:00,74.625,74.75969696044922,74.5199966430664,74.6500015258789,694685
2026-06-29 17:30:00,74.6449966430664,74.80999755859375,74.49500274658203,74.56500244140625,829524
2026-06-29 17:45:00,74.56500244140625,74.56500244140625,74.1500015258789,74.32499694824219,1244409
2026-06-29 18:00:00,74.3207015991211,74.3207015991211,73.99500274658203,74.16000366210938,805810
2026-06-29 18:15:00,74.15499877929688,74.20999908447266,73.98500061035156,74.18499755859375,709362
2026-06-29 18:30:00,74.18990325927734,74.22000122070312,73.98500061035156,74.04499816894531,722908
2026-06-29 18:45:00,74.04499816894531,74.05419921875,73.88999938964844,74.01499938964844,905299
2026-06-29 19:00:00,74.01499938964844,74.09500122070312,73.94999694824219,74.07990264892578,882379
2026-06-29 19:15:00,74.06999969482422,74.15499877929688,73.94999694824219,74.03700256347656,1272684
2026-06-29 19:30:00,74.02999877929688,74.07990264892578,73.77999877929688,73.80500030517578,1191462
2026-06-29 19:45:00,73.80999755859375,73.91500091552734,73.73500061035156,73.75,3553459
2026-06-30 13:30:00,73.58999633789062,73.74500274658203,72.92009735107422,73.25,2503118
2026-06-30 13:45:00,73.26000213623047,73.48999786376953,73.05010223388672,73.2249984741211,1138800
2026-06-30 14:00:00,73.2249984741211,73.31999969482422,72.5999984741211,72.81159973144531,1475955
2026-06-30 14:15:00,72.81999969482422,73.09500122070312,72.54000091552734,72.66000366210938,1449294
2026-06-30 14:30:00,72.6500015258789,72.73500061035156,72.13999938964844,72.2750015258789,1794120
2026-06-30 14:45:00,72.2750015258789,72.37000274658203,72.12000274658203,72.19499969482422,1300969
2026-06-30 15:00:00,72.19000244140625,72.46690368652344,72.12000274658203,72.2750015258789,1290118
2026-06-30 15:15:00,72.27279663085938,72.76000213623047,72.19999694824219,72.7249984741211,1312787
2026-06-30 15:30:00,72.7249984741211,72.7699966430664,72.60540008544922,72.67510223388672,824275
2026-06-30 15:45:00,72.66999816894531,72.80000305175781,72.6050033569336,72.75499725341797,683740
2026-06-30 16:00:00,72.76750183105469,72.79000091552734,72.58000183105469,72.74500274658203,660708
2026-06-30 16:15:00,72.73999786376953,73.08999633789062,72.61499786376953,72.91000366210938,1000840
2026-06-30 16:30:00,72.9000015258789,73.05999755859375,72.79000091552734,73.02999877929688,603843
2026-06-30 16:45:00,73.03990173339844,73.05000305175781,72.88999938964844,72.97000122070312,508184
2026-06-30 17:00:00,72.95500183105469,72.98999786376953,72.77999877929688,72.81500244140625,491120
2026-06-30 17:15:00,72.81500244140625,72.84989929199219,72.50499725341797,72.53500366210938,1177552
2026-06-30 17:30:00,72.53500366210938,72.58000183105469,72.47000122070312,72.49810028076172,643315
2026-06-30 17:45:00,72.49500274658203,72.55979919433594,72.38999938964844,72.44499969482422,915725
2026-06-30 18:00:00,72.44499969482422,72.45999908447266,72.31999969482422,72.40499877929688,824803
2026-06-30 18:15:00,72.4000015258789,72.4000015258789,72.25,72.30500030517578,761138
2026-06-30 18:30:00,72.31999969482422,72.41999816894531,72.2699966430664,72.33000183105469,808824
2026-06-30 18:45:00,72.33000183105469,72.37999725341797,72.23999786376953,72.28500366210938,693028
2026-06-30 19:00:00,72.28500366210938,72.33999633789062,72.08000183105469,72.23500061035156,1242001
2026-06-30 19:15:00,72.23999786376953,72.3499984741211,72.08000183105469,72.25499725341797,1156880
2026-06-30 19:30:00,72.25499725341797,72.2699966430664,71.87999725341797,71.88990020751953,2066205
2026-06-30 19:45:00,71.87999725341797,72.19999694824219,71.36499786376953,71.37999725341797,10482473
2026-07-01 13:30:00,72.55999755859375,73.55999755859375,72.33000183105469,73.37999725341797,5274204
2026-07-01 13:45:00,73.37999725341797,73.4000015258789,72.4800033569336,73.06500244140625,1880244
2026-07-01 14:00:00,73.06500244140625,73.33000183105469,72.91999816894531,73.04000091552734,1328921
2026-07-01 14:15:00,73.02999877929688,73.58999633789062,72.98999786376953,73.12000274658203,1828509
2026-07-01 14:30:00,73.11000061035156,73.44989776611328,72.9749984741211,73.44000244140625,1824555
2026-07-01 14:45:00,73.44000244140625,73.56999969482422,73.2300033569336,73.47000122070312,1491604
2026-07-01 15:00:00,73.47000122070312,73.78990173339844,73.08999633789062,73.47750091552734,1875787
2026-07-01 15:15:00,73.47000122070312,73.5,73.19000244140625,73.19499969482422,1253674
2026-07-01 15:30:00,73.19509887695312,73.4000015258789,72.96499633789062,73.33999633789062,1427918
2026-07-01 15:45:00,73.33000183105469,73.58000183105469,73.24500274658203,73.43499755859375,1130521
2026-07-01 16:00:00,73.43000030517578,73.55000305175781,73.29000091552734,73.45500183105469,1044518
2026-07-01 16:15:00,73.45500183105469,73.45500183105469,73.09500122070312,73.28500366210938,743578
2026-07-01 16:30:00,73.29000091552734,73.55989837646484,73.2699966430664,73.52950286865234,685570
2026-07-01 16:45:00,73.52899932861328,73.80000305175781,73.43000030517578,73.65499877929688,1071427
2026-07-01 17:00:00,73.6500015258789,74.08000183105469,73.62000274658203,73.83000183105469,1139371
2026-07-01 17:15:00,73.8290023803711,73.8949966430664,73.68000030517578,73.86000061035156,800854
2026-07-01 17:30:00,73.875,74.17500305175781,73.83999633789062,73.96499633789062,1057794
2026-07-01 17:45:00,73.95999908447266,74.13999938964844,73.91999816894531,74.13999938964844,649926
2026-07-01 18:00:00,74.13500213623047,74.1592025756836,74.00070190429688,74.05000305175781,626586
2026-07-01 18:15:00,74.04499816894531,74.33999633789062,74.03500366210938,74.16000366210938,1049880
2026-07-01 18:30:00,74.16280364990234,74.3550033569336,74.125,74.16000366210938,1105346
2026-07-01 18:45:00,74.16500091552734,74.32499694824219,74.11000061035156,74.2300033569336,1082238
2026-07-01 19:00:00,74.23999786376953,74.33000183105469,73.80999755859375,74.13500213623047,1425209
2026-07-01 19:15:00,74.13999938964844,74.26000213623047,73.98999786376953,74.0,859049
2026-07-01 19:30:00,74.0,74.16999816894531,73.95999908447266,74.1050033569336,1270011
2026-07-01 19:45:00,74.0999984741211,74.2300033569336,74.01000213623047,74.19000244140625,4205110
2026-07-02 13:30:00,75.15799713134766,76.20999908447266,74.91000366210938,75.61000061035156,5018903
2026-07-02 13:45:00,75.62000274658203,75.88500213623047,75.31999969482422,75.56999969482422,1708023
2026-07-02 14:00:00,75.55999755859375,76.08309936523438,75.36000061035156,75.91000366210938,2243276
2026-07-02 14:15:00,75.9000015258789,76.38990020751953,75.8499984741211,76.19999694824219,1322017
2026-07-02 14:30:00,76.19000244140625,76.6449966430664,76.12999725341797,76.64250183105469,1419805
2026-07-02 14:45:00,76.6500015258789,76.9000015258789,76.47000122070312,76.87000274658203,1420175
2026-07-02 15:00:00,76.86499786376953,77.1500015258789,76.7300033569336,77.04499816894531,2040331
2026-07-02 15:15:00,77.05000305175781,77.05999755859375,76.6500015258789,76.69000244140625,1244556
2026-07-02 15:30:00,76.69000244140625,76.875,76.5199966430664,76.83509826660156,1082437
2026-07-02 15:45:00,76.83999633789062,77.18000030517578,76.80000305175781,77.0250015258789,1360543
2026-07-02 16:00:00,77.0199966430664,77.26799774169922,76.86499786376953,76.87999725341797,1287524
2026-07-02 16:15:00,76.87999725341797,77.48500061035156,76.83999633789062,77.43499755859375,1100496
2026-07-02 16:30:00,77.43000030517578,77.55999755859375,77.33999633789062,77.41999816894531,1877077
2026-07-02 16:45:00,77.41999816894531,77.63999938964844,77.4198989868164,77.58499908447266,794669
2026-07-02 16:52:29,77.6449966430664,77.6449966430664,77.6449966430664,77.6449966430664,0
