datetime,open,high,low,close,volume
2026-04-08 13:30:00,69.72799682617188,69.93000030517578,69.05000305175781,69.05000305175781,6939003
2026-04-08 13:45:00,69.05999755859375,69.47979736328125,69.04499816894531,69.22000122070312,1703609
2026-04-08 14:00:00,69.22000122070312,69.38999938964844,68.97000122070312,69.1050033569336,1915057
2026-04-08 14:15:00,69.11000061035156,69.29000091552734,68.55500030517578,68.69000244140625,1878062
2026-04-08 14:30:00,68.69000244140625,68.76000213623047,68.1500015258789,68.3550033569336,1656130
2026-04-08 14:45:00,68.37000274658203,68.44999694824219,67.61000061035156,67.7699966430664,1633500
2026-04-08 15:00:00,67.7699966430664,68.05999755859375,67.70999908447266,67.94000244140625,946548
2026-04-08 15:15:00,67.91999816894531,68.29000091552734,67.87000274658203,68.12999725341797,537664
2026-04-08 15:30:00,68.12999725341797,68.4000015258789,68.12000274658203,68.2699966430664,519267
2026-04-08 15:45:00,68.29000091552734,68.5,68.29000091552734,68.3499984741211,524301
2026-04-08 16:00:00,68.3550033569336,68.58999633789062,68.3499984741211,68.37999725341797,560457
2026-04-08 16:15:00,68.37999725341797,68.37999725341797,68.05500030517578,68.19000244140625,460717
2026-04-08 16:30:00,68.19000244140625,68.48999786376953,68.125,68.45500183105469,615472
2026-04-08 16:45:00,68.44999694824219,68.53800201416016,68.3499984741211,68.37000274658203,448700
2026-04-08 17:00:00,68.36000061035156,68.37000274658203,68.20999908447266,68.31999969482422,389633
2026-04-08 17:15:00,68.31999969482422,68.37999725341797,68.11499786376953,68.30999755859375,1004989
2026-04-08 17:30:00,68.30000305175781,68.37999725341797,68.03299713134766,68.1500015258789,696193
2026-04-08 17:45:00,68.1449966430664,68.23999786376953,68.02999877929688,68.06999969482422,376508
2026-04-08 18:00:00,68.06999969482422,68.23999786376953,67.9800033569336,68.1449966430664,549830
2026-04-08 18:15:00,68.1500015258789,68.17500305175781,67.26000213623047,67.45010375976562,1392459
2026-04-08 18:30:00,67.45999908447266,67.56500244140625,66.76000213623047,66.83499908447266,987356
2026-04-08 18:45:00,66.83499908447266,66.99500274658203,66.62000274658203,66.6500015258789,834433
2026-04-08 19:00:00,66.63999938964844,67.19999694824219,66.5199966430664,67.19999694824219,874009
2026-04-08 19:15:00,67.19000244140625,67.2771987915039,66.98999786376953,67.01000213623047,970080
2026-04-08 19:30:00,67.0,67.42500305175781,67.0,67.34500122070312,812083
2026-04-08 19:45:00,67.3499984741211,67.51000213623047,67.33999633789062,67.4800033569336,1411379
2026-04-09 13:30:00,67.61499786376953,68.22000122070312,67.54000091552734,68.16000366210938,3036506
2026-04-09 13:45:00,68.16500091552734,68.20999908447266,67.79000091552734,67.91500091552734,1393372
2026-04-09 14:00:00,67.91500091552734,68.18990325927734,67.80999755859375,67.95010375976562,1025010
2026-04-09 14:15:00,67.94999694824219,67.99500274658203,67.58000183105469,67.68000030517578,791922
2026-04-09 14:30:00,67.68000030517578,67.70999908447266,67.16999816894531,67.36000061035156,1219042
2026-04-09 14:45:00,67.3499984741211,67.75,67.33999633789062,67.75,956899
2026-04-09 15:00:00,67.75,67.81999969482422,67.56500244140625,67.80999755859375,574199
2026-04-09 15:15:00,67.80999755859375,68.44000244140625,67.80999755859375,68.16000366210938,1178196
2026-04-09 15:30:00,68.15499877929688,68.68800354003906,68.13999938964844,68.51499938964844,1094494
2026-04-09 15:45:00,68.4800033569336,68.7699966430664,68.40499877929688,68.63500213623047,1076416
2026-04-09 16:00:00,68.63999938964844,68.9800033569336,68.62999725341797,68.76000213623047,1245808
2026-04-09 16:15:00,68.76000213623047,69.04000091552734,68.70010375976562,68.91999816894531,1169799
2026-04-09 16:30:00,68.91999816894531,69.0199966430664,68.79000091552734,68.83999633789062,838412
2026-04-09 16:45:00,68.8499984741211,68.88999938964844,68.68000030517578,68.76000213623047,505893
2026-04-09 17:00:00,68.76499938964844,69.05999755859375,68.76499938964844,69.0199966430664,609612
2026-04-09 17:15:00,69.0199966430664,69.13999938964844,68.95999908447266,69.08999633789062,786739
2026-04-09 17:30:00,69.08999633789062,69.30000305175781,68.97000122070312,69.15499877929688,1008458
2026-04-09 17:45:00,69.16719818115234,69.33999633789062,69.16500091552734,69.21499633789062,887007
2026-04-09 18:00:00,69.22000122070312,69.23999786376953,68.68499755859375,68.76000213623047,1367925
2026-04-09 18:15:00,68.74349975585938,68.94000244140625,68.66000366210938,68.86990356445312,539535
2026-04-09 18:30:00,68.8499984741211,68.86499786376953,68.44999694824219,68.48999786376953,791581
2026-04-09 18:45:00,68.48999786376953,68.65139770507812,68.45500183105469,68.58999633789062,332715
2026-04-09 19:00:00,68.58000183105469,68.83999633789062,68.51000213623047,68.78730010986328,708172
2026-04-09 19:15:00,68.79000091552734,68.81999969482422,68.56999969482422,68.59500122070312,415807
2026-04-09 19:30:00,68.5999984741211,68.72000122070312,68.55000305175781,68.62999725341797,1058476
2026-04-09 19:45:00,68.62000274658203,68.6500015258789,68.3499984741211,68.4000015258789,1653391
2026-04-10 13:30:00,69.0999984741211,69.16999816894531,68.80000305175781,68.88999938964844,3237803
2026-04-10 13:45:00,68.88999938964844,69.10990142822266,68.81500244140625,69.05500030517578,886027
2026-04-10 14:00:00,69.05000305175781,69.23999786376953,68.80000305175781,69.16999816894531,1304054
2026-04-10 14:15:00,69.18190002441406,69.53510284423828,69.16010284423828,69.45500183105469,1473374
2026-04-10 14:30:00,69.45999908447266,69.54989624023438,69.05000305175781,69.15019989013672,757867
2026-04-10 14:45:00,69.12989807128906,69.24009704589844,68.98999786376953,69.05999755859375,757514
2026-04-10 15:00:00,69.05000305175781,69.29070281982422,68.88999938964844,69.26000213623047,672443
2026-04-10 15:15:00,69.27574920654297,69.41000366210938,69.16999816894531,69.16999816894531,742393
2026-04-10 15:30:00,69.18000030517578,69.2699966430664,68.75,68.91000366210938,751381
2026-04-10 15:45:00,68.88999938964844,68.9800033569336,68.62999725341797,68.7699966430664,564309
2026-04-10 16:00:00,68.76000213623047,68.93000030517578,68.55999755859375,68.8949966430664,801854
2026-04-10 16:15:00,68.88999938964844,68.94010162353516,68.73989868164062,68.81999969482422,435315
2026-04-10 16:30:00,68.80000305175781,68.94000244140625,68.76000213623047,68.78500366210938,300577
2026-04-10 16:45:00,68.79000091552734,69.02999877929688,68.7699966430664,68.98500061035156,435159
2026-04-10 17:00:00,69.0,69.0199966430664,68.83999633789062,68.9800033569336,242591
2026-04-10 17:15:00,68.96499633789062,69.12999725341797,68.96499633789062,68.98999786376953,373690
2026-04-10 17:30:00,68.9800033569336,69.09929656982422,68.94000244140625,69.0,191190
2026-04-10 17:45:00,68.99199676513672,69.06999969482422,68.91500091552734,68.96499633789062,237741
2026-04-10 18:00:00,68.96990203857422,69.02999877929688,68.7699966430664,69.0250015258789,288419
2026-04-10 18:15:00,69.0250015258789,69.16000366210938,69.0199966430664,69.125,921630
2026-04-10 18:30:00,69.13999938964844,69.23999786376953,69.08999633789062,69.125,309764
2026-04-10 18:45:00,69.12999725341797,69.16999816894531,68.9800033569336,69.15010070800781,249890
2026-04-10 19:00:00,69.1500015258789,69.19999694824219,69.0999984741211,69.1449966430664,330418
2026-04-10 19:15:00,69.1500015258789,69.24500274658203,69.12000274658203,69.19999694824219,535028
2026-04-10 19:30:00,69.19000244140625,69.2300033569336,69.11000061035156,69.16000366210938,843257
2026-04-10 19:45:00,69.16000366210938,69.16999816894531,69.01000213623047,69.0999984741211,1924951
2026-04-13 13:30:00,67.16999816894531,67.23999786376953,66.91999816894531,67.0199966430664,3450999
2026-04-13 13:45:00,67.0199966430664,67.41960144042969,66.58000183105469,67.23999786376953,1873258
2026-04-13 14:00:00,67.23999786376953,67.27999877929688,67.04000091552734,67.2699966430664,848309
2026-04-13 14:15:00,67.2750015258789,67.27999877929688,66.86000061035156,67.02999877929688,1866857
2026-04-13 14:30:00,67.03500366210938,67.23999786376953,66.91500091552734,67.2249984741211,588421
2026-04-13 14:45:00,67.23999786376953,67.26000213623047,66.80349731445312,67.08999633789062,723554
2026-04-13 15:00:00,67.08999633789062,67.1050033569336,66.7300033569336,66.91000366210938,663351
2026-04-13 15:15:00,66.91999816894531,67.06500244140625,66.88500213623047,66.88999938964844,1216893
2026-04-13 15:30:00,66.87999725341797,67.19999694824219,66.84500122070312,67.08209991455078,511436
2026-04-13 15:45:00,67.06999969482422,67.16000366210938,67.04000091552734,67.1050033569336,175139
2026-04-13 16:00:00,67.0999984741211,67.3499984741211,67.0199966430664,67.23999786376953,522754
2026-04-13 16:15:00,67.23999786376953,68.05500030517578,67.23999786376953,67.9802017211914,961404
2026-04-13 16:30:00,67.9800033569336,68.68000030517578,67.94000244140625,68.50499725341797,2140877
2026-04-13 16:45:00,68.49500274658203,68.52999877929688,68.12000274658203,68.23500061035156,1051445
2026-04-13 17:00:00,68.23999786376953,68.34500122070312,68.06999969482422,68.23989868164062,483253
2026-04-13 17:15:00,68.23999786376953,68.45999908447266,68.2249984741211,68.29000091552734,722638
2026-04-13 17:30:00,68.2699966430664,68.3550033569336,68.19999694824219,68.30000305175781,331499
2026-04-13 17:45:00,68.29499816894531,68.31999969482422,68.08000183105469,68.08499908447266,393992
2026-04-13 18:00:00,68.08989715576172,68.20999908447266,67.9209976196289,67.93499755859375,311823
2026-04-13 18:15:00,67.94999694824219,68.01000213623047,67.83000183105469,67.95999908447266,311382
2026-04-13 18:30:00,67.95500183105469,68.19999694824219,67.94999694824219,68.16999816894531,309369
2026-04-13 18:45:00,68.16999816894531,68.43810272216797,68.16999816894531,68.33999633789062,1228657
2026-04-13 19:00:00,68.33999633789062,68.35009765625,68.18000030517578,68.2699966430664,522936
2026-04-13 19:15:00,68.26499938964844,68.41999816894531,68.26000213623047,68.38009643554688,378203
2026-04-13 19:30:00,68.38999938964844,68.46829986572266,68.26000213623047,68.30500030517578,550619
2026-04-13 19:45:00,68.30000305175781,68.44000244140625,68.2300033569336,68.30000305175781,2161189
2026-04-14 13:30:00,70.33200073242188,70.94999694824219,70.2699966430664,70.61000061035156,6646584
2026-04-14 13:45:00,70.5999984741211,70.94000244140625,70.55000305175781,70.87100219726562,1554187
2026-04-14 14:00:00,70.87999725341797,71.43499755859375,70.87999725341797,71.29000091552734,2346631
2026-04-14 14:15:00,71.29000091552734,71.59500122070312,71.2302017211914,71.57499694824219,1878825
2026-04-14 14:30:00,71.58000183105469,71.81999969482422,71.44999694824219,71.47000122070312,1655455
2026-04-14 14:45:00,71.46499633789062,71.69999694824219,71.4000015258789,71.58000183105469,1186912
2026-04-14 15:00:00,71.58000183105469,71.58000183105469,71.125,71.20999908447266,925050
2026-04-14 15:15:00,71.19999694824219,71.54000091552734,71.18000030517578,71.47000122070312,726152
2026-04-14 15:30:00,71.4800033569336,71.74500274658203,71.4800033569336,71.69499969482422,682808
2026-04-14 15:45:00,71.69999694824219,71.79000091552734,71.61000061035156,71.625,827338
2026-04-14 16:00:00,71.62999725341797,71.95999908447266,71.5624008178711,71.7249984741211,1255062
2026-04-14 16:15:00,71.7249984741211,71.9800033569336,71.69000244140625,71.93000030517578,749917
2026-04-14 16:30:00,71.93499755859375,71.9833984375,71.7699966430664,71.91000366210938,840895
2026-04-14 16:45:00,71.91000366210938,71.94999694824219,71.54000091552734,71.57499694824219,821327
2026-04-14 17:00:00,71.56999969482422,71.83999633789062,71.54989624023438,71.70999908447266,1380711
2026-04-14 17:15:00,71.70500183105469,71.94999694824219,71.66000366210938,71.84809875488281,725233
2026-04-14 17:30:00,71.86499786376953,72.05999755859375,71.86499786376953,71.9801025390625,758899
2026-04-14 17:45:00,71.98600006103516,72.01499938964844,71.77999877929688,71.81999969482422,379066
2026-04-14 18:00:00,71.82499694824219,71.82990264892578,71.6500015258789,71.69000244140625,466406
2026-04-14 18:15:00,71.69000244140625,71.70500183105469,71.43000030517578,71.65499877929688,725727
2026-04-14 18:30:00,71.65499877929688,71.80069732666016,71.58499908447266,71.6050033569336,601723
2026-04-14 18:45:00,71.5999984741211,71.75,71.55000305175781,71.7300033569336,388335
2026-04-14 19:00:00,71.7300033569336,71.91000366210938,71.71990203857422,71.7699966430664,565138
2026-04-14 19:15:00,71.76499938964844,71.86499786376953,71.69000244140625,71.83499908447266,485252
2026-04-14 19:30:00,71.83499908447266,71.98999786376953,71.80000305175781,71.9749984741211,989690
2026-04-14 19:45:00,71.97000122070312,72.06500244140625,71.88999938964844,72.03990173339844,2602018
2026-04-15 13:30:00,71.91999816894531,72.18499755859375,71.71739959716797,72.0199966430664,3269387
2026-04-15 13:45:00,72.03500366210938,72.44999694824219,71.99500274658203,72.44999694824219,1151325
2026-04-15 14:00:00,72.44499969482422,72.77989959716797,72.40499877929688,72.7699966430664,1606153
2026-04-15 14:15:00,72.77999877929688,72.9000015258789,72.58000183105469,72.68499755859375,1571086
2026-04-15 14:30:00,72.69000244140625,72.69999694824219,72.31999969482422,72.48999786376953,1125674
2026-04-15 14:45:00,72.49009704589844,72.5250015258789,72.37999725341797,72.44000244140625,579190
2026-04-15 15:00:00,72.44999694824219,72.45999908447266,71.91500091552734,72.25,1220564
2026-04-15 15:15:00,72.24500274658203,72.24500274658203,71.55000305175781,71.80000305175781,1019183
2026-04-15 15:30:00,71.7300033569336,71.97000122070312,71.3499984741211,71.88500213623047,1442775
2026-04-15 15:45:00,71.88999938964844,71.99500274658203,71.70999908447266,71.80999755859375,1272304
2026-04-15 16:00:00,71.80999755859375,72.13999938964844,71.76000213623047,72.08989715576172,423375
2026-04-15 16:15:00,72.08000183105469,72.12999725341797,71.92220306396484,72.01499938964844,298851
2026-04-15 16:30:00,72.02999877929688,72.04000091552734,71.66999816894531,71.72000122070312,696190
2026-04-15 16:45:00,71.70999908447266,71.81999969482422,71.5999984741211,71.77999877929688,606410
2026-04-15 17:00:00,71.77999877929688,71.79000091552734,71.55000305175781,71.55000305175781,315503
2026-04-15 17:15:00,71.55999755859375,71.97000122070312,71.55500030517578,71.87999725341797,363426
2026-04-15 17:30:00,71.87000274658203,71.98999786376953,71.63999938964844,71.69999694824219,355621
2026-04-15 17:45:00,71.70999908447266,71.79989624023438,71.55999755859375,71.58499908447266,500473
2026-04-15 18:00:00,71.58499908447266,71.79000091552734,71.5199966430664,71.74030303955078,420131
2026-04-15 18:15:00,71.7300033569336,71.80500030517578,71.66000366210938,71.69499969482422,214911
2026-04-15 18:30:00,71.69999694824219,71.76499938964844,71.625,71.66999816894531,229794
2026-04-15 18:45:00,71.67500305175781,71.86000061035156,71.67500305175781,71.7886962890625,308126
2026-04-15 19:00:00,71.77999877929688,71.91000366210938,71.7249984741211,71.73999786376953,557473
2026-04-15 19:15:00,71.73999786376953,71.94999694824219,71.70500183105469,71.94509887695312,360441
2026-04-15 19:30:00,71.93499755859375,71.95999908447266,71.76000213623047,71.86499786376953,594869
2026-04-15 19:45:00,71.86499786376953,72.01699829101562,71.80999755859375,71.83000183105469,1268391
2026-04-16 13:30:00,71.91999816894531,72.22000122070312,71.83999633789062,71.95999908447266,2675882
2026-04-16 13:45:00,71.96499633789062,72.05000305175781,70.83000183105469,71.22000122070312,2267709
2026-04-16 14:00:00,71.20999908447266,71.41999816894531,70.65499877929688,71.33999633789062,1448134
2026-04-16 14:15:00,71.3499984741211,71.40809631347656,70.97010040283203,71.2699966430664,626812
2026-04-16 14:30:00,71.29000091552734,71.30999755859375,70.69999694824219,71.06500244140625,845718
2026-04-16 14:45:00,71.06999969482422,71.19000244140625,70.97000122070312,71.07980346679688,541365
2026-04-16 15:00:00,71.11000061035156,71.6500015258789,71.08000183105469,71.4749984741211,757421
2026-04-16 15:15:00,71.4800033569336,71.58000183105469,71.19999694824219,71.20999908447266,632698
2026-04-16 15:30:00,71.22000122070312,71.44000244140625,71.08999633789062,71.30010223388672,553216
2026-04-16 15:45:00,71.30000305175781,71.48999786376953,71.23899841308594,71.44000244140625,426750
2026-04-16 16:00:00,71.47000122070312,71.54640197753906,71.37000274658203,71.41000366210938,354214
2026-04-16 16:15:00,71.41999816894531,71.46990203857422,71.22000122070312,71.25565338134766,232333
2026-04-16 16:30:00,71.26000213623047,71.29000091552734,70.87000274658203,71.11000061035156,614773
2026-04-16 16:45:00,71.08999633789062,71.21009826660156,71.03500366210938,71.13999938964844,443908
2026-04-16 17:00:00,71.1500015258789,71.26000213623047,71.05999755859375,71.06999969482422,456392
2026-04-16 17:15:00,71.08000183105469,71.22000122070312,70.94000244140625,70.94000244140625,380462
2026-04-16 17:30:00,70.94010162353516,70.9990005493164,70.76000213623047,70.88999938964844,638517
2026-04-16 17:45:00,70.88428497314453,70.92500305175781,70.7300033569336,70.86509704589844,480130
2026-04-16 18:00:00,70.86000061035156,71.08000183105469,70.83000183105469,70.94999694824219,424863
2026-04-16 18:15:00,70.93499755859375,71.04000091552734,70.88999938964844,70.94999694824219,1131170
2026-04-16 18:30:00,70.95999908447266,71.125,70.95999908447266,71.11499786376953,309370
2026-04-16 18:45:00,71.11000061035156,71.15499877929688,71.0199966430664,71.07499694824219,376581
2026-04-16 19:00:00,71.08000183105469,71.2699966430664,71.08000183105469,71.16500091552734,565060
2026-04-16 19:15:00,71.16999816894531,71.29000091552734,71.11499786376953,71.125,411177
2026-04-16 19:30:00,71.12999725341797,71.29000091552734,71.12989807128906,71.26000213623047,1284507
2026-04-16 19:45:00,71.26000213623047,71.30500030517578,71.1449966430664,71.23999786376953,1026590
2026-04-17 13:30:00,73.88999938964844,74.38999938964844,73.77999877929688,74.2249984741211,6998765
2026-04-17 13:45:00,74.2300033569336,74.62000274658203,73.81999969482422,74.55500030517578,2656122
2026-04-17 14:00:00,74.55999755859375,74.68000030517578,74.20999908447266,74.25,1221552
2026-04-17 14:15:00,74.25499725341797,74.86000061035156,74.25499725341797,74.68000030517578,2455559
2026-04-17 14:30:00,74.68000030517578,75.13999938964844,74.60009765625,75.06659698486328,1664113
2026-04-17 14:45:00,75.07499694824219,75.16000366210938,74.83000183105469,74.84529876708984,1108837
2026-04-17 15:00:00,74.8499984741211,75.0198974609375,74.56999969482422,74.76000213623047,1242052
2026-04-17 15:15:00,74.7699966430664,74.8770980834961,74.37000274658203,74.4000015258789,1058498
2026-04-17 15:30:00,74.41000366210938,74.62000274658203,74.2300033569336,74.33000183105469,904568
2026-04-17 15:45:00,74.33000183105469,74.61000061035156,74.27999877929688,74.45500183105469,575930
2026-04-17 16:00:00,74.45500183105469,74.69999694824219,74.32499694824219,74.5999984741211,1540119
2026-04-17 16:15:00,74.5999984741211,74.62999725341797,74.41000366210938,74.41500091552734,488444
2026-04-17 16:30:00,74.43000030517578,74.62999725341797,74.43000030517578,74.50499725341797,549826
2026-04-17 16:45:00,74.51000213623047,74.52999877929688,74.33499908447266,74.40499877929688,435336
2026-04-17 17:00:00,74.4000015258789,74.51000213623047,74.08000183105469,74.19000244140625,1406625
2026-04-17 17:15:00,74.19000244140625,74.25,73.6500015258789,73.75,1678514
2026-04-17 17:30:00,73.73999786376953,73.91999816894531,73.63999938964844,73.66999816894531,735923
2026-04-17 17:45:00,73.66999816894531,74.04010009765625,73.66999816894531,74.02999877929688,480682
2026-04-17 18:00:00,74.02999877929688,74.13999938964844,73.88990020751953,73.91999816894531,444853
2026-04-17 18:15:00,73.93000030517578,74.26499938964844,73.91110229492188,74.05999755859375,533510
2026-04-17 18:30:00,74.05000305175781,74.14990234375,73.9000015258789,74.00499725341797,293509
2026-04-17 18:45:00,74.00499725341797,74.0199966430664,73.69999694824219,73.7750015258789,497785
2026-04-17 19:00:00,73.7750015258789,73.79000091552734,73.55500030517578,73.68000030517578,610294
2026-04-17 19:15:00,73.67500305175781,73.76000213623047,73.41999816894531,73.54499816894531,598160
2026-04-17 19:30:00,73.54499816894531,73.79000091552734,73.52999877929688,73.74009704589844,1076808
2026-04-17 19:45:00,73.73999786376953,73.73999786376953,73.53500366210938,73.62999725341797,1577803
2026-04-20 13:30:00,72.6500015258789,72.81500244140625,72.41000366210938,72.68000030517578,3721002
2026-04-20 13:45:00,72.68000030517578,72.77999877929688,72.58000183105469,72.66500091552734,794041
2026-04-20 14:00:00,72.66999816894531,72.67990112304688,72.20999908447266,72.44999694824219,1030546
2026-04-20 14:15:00,72.44000244140625,72.69000244140625,72.27970123291016,72.5999984741211,841102
2026-04-20 14:30:00,72.61000061035156,72.7300033569336,72.25499725341797,72.44499969482422,732131
2026-04-20 14:45:00,72.44000244140625,72.46499633789062,71.80999755859375,72.12999725341797,1160018
2026-04-20 15:00:00,72.13999938964844,72.23989868164062,71.9000015258789,72.01000213623047,797093
2026-04-20 15:15:00,72.01499938964844,72.33999633789062,71.88999938964844,72.30999755859375,1727590
2026-04-20 15:30:00,72.30000305175781,72.33000183105469,72.09400177001953,72.13500213623047,514249
2026-04-20 15:45:00,72.12999725341797,72.2833023071289,72.05010223388672,72.23999786376953,279244
2026-04-20 16:00:00,72.23999786376953,72.27649688720703,72.08999633789062,72.26010131835938,228035
2026-04-20 16:15:00,72.26000213623047,72.3550033569336,72.1500015258789,72.30999755859375,774381
2026-04-20 16:30:00,72.30999755859375,72.33999633789062,72.13999938964844,72.25499725341797,590480
2026-04-20 16:45:00,72.23999786376953,72.37000274658203,72.2301025390625,72.30999755859375,163150
2026-04-20 17:00:00,72.31999969482422,72.44000244140625,72.27999877929688,72.4000015258789,227129
2026-04-20 17:15:00,72.38500213623047,72.5,72.17500305175781,72.20500183105469,435867
2026-04-20 17:30:00,72.19999694824219,72.27999877929688,72.08999633789062,72.19499969482422,402656
2026-04-20 17:45:00,72.19000244140625,72.20999908447266,72.05000305175781,72.08499908447266,218414
2026-04-20 18:00:00,72.0999984741211,72.30000305175781,72.0999984741211,72.29100036621094,551782
2026-04-20 18:15:00,72.29000091552734,72.3499984741211,72.20999908447266,72.24330139160156,253193
2026-04-20 18:30:00,72.2500991821289,72.3499984741211,72.19999694824219,72.33499908447266,292936
2026-04-20 18:45:00,72.33000183105469,72.41000366210938,72.26000213623047,72.27999877929688,227808
2026-04-20 19:00:00,72.29000091552734,72.45999908447266,72.27999877929688,72.43990325927734,324505
2026-04-20 19:15:00,72.44000244140625,72.44000244140625,72.26000213623047,72.26000213623047,465690
2026-04-20 19:30:00,72.26000213623047,72.2699966430664,72.04499816894531,72.11000061035156,988218
2026-04-20 19:45:00,72.11000061035156,72.2300033569336,72.11000061035156,72.16999816894531,1517115
2026-04-21 13:30:00,70.98999786376953,71.55999755859375,70.97000122070312,71.37000274658203,3864777
2026-04-21 13:45:00,71.37000274658203,71.49500274658203,71.23999786376953,71.27999877929688,738821
2026-04-21 14:00:00,71.27999877929688,71.4198989868164,71.16999816894531,71.27999877929688,643331
2026-04-21 14:15:00,71.29000091552734,71.30000305175781,70.93000030517578,71.05000305175781,727658
2026-04-21 14:30:00,71.05000305175781,71.08999633789062,70.25,70.30999755859375,2523187
2026-04-21 14:45:00,70.30010223388672,70.34500122070312,69.45999908447266,69.58000183105469,2781247
2026-04-21 15:00:00,69.58999633789062,69.92500305175781,69.4000015258789,69.86499786376953,1365488
2026-04-21 15:15:00,69.86990356445312,70.05000305175781,69.66000366210938,69.70999908447266,1331740
2026-04-21 15:30:00,69.69999694824219,69.75499725341797,69.4749984741211,69.69010162353516,1017731
2026-04-21 15:45:00,69.69999694824219,69.79000091552734,69.58000183105469,69.66999816894531,553756
2026-04-21 16:00:00,69.69000244140625,69.95999908447266,69.42500305175781,69.5250015258789,781468
2026-04-21 16:15:00,69.5250015258789,69.64569854736328,69.16999816894531,69.21099853515625,817805
2026-04-21 16:30:00,69.20989990234375,69.49500274658203,69.19999694824219,69.3499984741211,844259
2026-04-21 16:45:00,69.37000274658203,69.45999908447266,68.87999725341797,69.0999984741211,979998
2026-04-21 17:00:00,69.0999984741211,69.27999877929688,68.91999816894531,69.04000091552734,931090
2026-04-21 17:15:00,69.04499816894531,69.28500366210938,68.95999908447266,69.09500122070312,1109885
2026-04-21 17:30:00,69.08999633789062,69.66000366210938,69.08100128173828,69.59010314941406,978697
2026-04-21 17:45:00,69.59010314941406,69.5999984741211,69.33000183105469,69.45989990234375,428517
2026-04-21 18:00:00,69.45999908447266,69.54010009765625,69.28500366210938,69.37000274658203,389321
2026-04-21 18:15:00,69.36209869384766,69.4000015258789,69.14299774169922,69.26000213623047,442012
2026-04-21 18:30:00,69.26000213623047,69.37999725341797,69.26000213623047,69.31999969482422,398979
2026-04-21 18:45:00,69.31999969482422,69.62000274658203,69.18000030517578,69.51000213623047,719160
2026-04-21 19:00:00,69.5199966430664,69.6500015258789,69.38999938964844,69.4801025390625,830281
2026-04-21 19:15:00,69.4800033569336,69.7750015258789,69.43000030517578,69.7750015258789,829173
2026-04-21 19:30:00,69.7750015258789,69.80000305175781,68.3499984741211,68.44000244140625,1769219
2026-04-21 19:45:00,68.4520034790039,68.7699966430664,68.36000061035156,68.4800033569336,2332922
2026-04-22 13:30:00,70.55000305175781,70.66500091552734,70.33329772949219,70.63999938964844,2609642
2026-04-22 13:45:00,70.6500015258789,70.84989929199219,70.62000274658203,70.71499633789062,949193
2026-04-22 14:00:00,70.72000122070312,70.88999938964844,70.5999984741211,70.78500366210938,772045
2026-04-22 14:15:00,70.79499816894531,70.95999908447266,70.65499877929688,70.66000366210938,749144
2026-04-22 14:30:00,70.66999816894531,70.69999694824219,70.32029724121094,70.3499984741211,894038
2026-04-22 14:45:00,70.3499984741211,70.55000305175781,70.31009674072266,70.41290283203125,372902
2026-04-22 15:00:00,70.41999816894531,70.70500183105469,70.37999725341797,70.63999938964844,1006492
2026-04-22 15:15:00,70.63999938964844,70.63999938964844,70.43499755859375,70.58999633789062,281136
2026-04-22 15:30:00,70.58000183105469,70.61009979248047,70.33000183105469,70.34970092773438,410761
2026-04-22 15:45:00,70.33499908447266,70.5199966430664,70.31500244140625,70.44999694824219,271366
2026-04-22 16:00:00,70.45500183105469,70.57990264892578,70.40499877929688,70.51000213623047,286879
2026-04-22 16:15:00,70.5199966430664,70.5250015258789,70.36499786376953,70.4000015258789,292989
2026-04-22 16:30:00,70.40499877929688,70.45500183105469,70.24500274658203,70.36000061035156,435708
2026-04-22 16:45:00,70.33999633789062,70.36499786376953,70.2300033569336,70.26499938964844,364459
2026-04-22 17:00:00,70.26499938964844,70.62999725341797,70.25499725341797,70.5250015258789,701692
2026-04-22 17:15:00,70.52999877929688,70.62010192871094,70.41999816894531,70.43499755859375,254771
2026-04-22 17:30:00,70.44000244140625,70.47000122070312,70.37000274658203,70.43499755859375,244047
2026-04-22 17:45:00,70.44000244140625,70.52999877929688,70.37999725341797,70.47010040283203,333449
2026-04-22 18:00:00,70.46499633789062,70.54859924316406,70.44000244140625,70.4800033569336,209223
2026-04-22 18:15:00,70.47000122070312,70.49500274658203,70.30999755859375,70.36000061035156,219353
2026-04-22 18:30:00,70.37000274658203,70.48930358886719,70.33499908447266,70.45999908447266,212996
2026-04-22 18:45:00,70.45999908447266,70.5999984741211,70.4292984008789,70.4800033569336,305005
2026-04-22 19:00:00,70.4800033569336,70.48500061035156,70.31999969482422,70.34500122070312,187007
2026-04-22 19:15:00,70.33999633789062,70.41000366210938,70.29000091552734,70.37999725341797,269526
2026-04-22 19:30:00,70.38500213623047,70.4000015258789,70.27999877929688,70.33499908447266,503181
2026-04-22 19:45:00,70.33499908447266,70.45999908447266,70.29000091552734,70.37000274658203,751647
2026-04-23 13:30:00,68.7699966430664,69.16999816894531,68.552001953125,69.08989715576172,4039202
2026-04-23 13:45:00,69.06999969482422,69.18499755859375,68.68499755859375,68.6854019165039,837358
2026-04-23 14:00:00,68.68000030517578,68.69999694824219,68.31999969482422,68.6449966430664,1000543
2026-04-23 14:15:00,68.63999938964844,69.05500030517578,68.63550567626953,68.98999786376953,703762
2026-04-23 14:30:00,68.98999786376953,69.1449966430664,68.875,69.0199966430664,500315
2026-04-23 14:45:00,69.02999877929688,69.12000274658203,68.87999725341797,69.01010131835938,782398
2026-04-23 15:00:00,69.01000213623047,69.04010009765625,68.77999877929688,68.93000030517578,282597
2026-04-23 15:15:00,68.93000030517578,69.23999786376953,68.89990234375,68.9800033569336,441350
2026-04-23 15:30:00,68.97000122070312,69.05999755859375,68.83999633789062,68.84500122070312,336736
2026-04-23 15:45:00,68.8499984741211,68.87999725341797,68.61499786376953,68.83999633789062,511219
2026-04-23 16:00:00,68.83000183105469,68.94000244140625,68.7300033569336,68.86499786376953,226287
2026-04-23 16:15:00,68.87999725341797,69.0,68.86499786376953,68.94000244140625,267992
2026-04-23 16:30:00,68.93000030517578,69.1500015258789,68.90499877929688,69.11499786376953,476756
2026-04-23 16:45:00,69.12000274658203,69.2300033569336,69.05000305175781,69.08000183105469,329687
2026-04-23 17:00:00,69.08999633789062,69.13999938964844,68.37999725341797,68.58999633789062,862339
2026-04-23 17:15:00,68.56999969482422,68.61000061035156,68.20999908447266,68.30999755859375,1081523
2026-04-23 17:30:00,68.32499694824219,68.5199966430664,67.70010375976562,67.80000305175781,1033193
2026-04-23 17:45:00,67.80999755859375,68.50499725341797,67.51499938964844,68.44999694824219,1699673
2026-04-23 18:00:00,68.45999908447266,68.83000183105469,68.44000244140625,68.68000030517578,864310
2026-04-23 18:15:00,68.68000030517578,68.80999755859375,68.58999633789062,68.79000091552734,385904
2026-04-23 18:30:00,68.79000091552734,68.9000015258789,68.58999633789062,68.69139862060547,348771
2026-04-23 18:45:00,68.69000244140625,68.69999694824219,68.3499984741211,68.41000366210938,401884
2026-04-23 19:00:00,68.41000366210938,68.5250015258789,68.29000091552734,68.45999908447266,555165
2026-04-23 19:15:00,68.45500183105469,68.58979797363281,68.45010375976562,68.55500030517578,429022
2026-04-23 19:30:00,68.55000305175781,68.62989807128906,68.25499725341797,68.28500366210938,782910
2026-04-23 19:45:00,68.29000091552734,68.4749984741211,68.2300033569336,68.37000274658203,2273284
2026-04-24 13:30:00,68.29000091552734,68.49009704589844,68.0999984741211,68.41999816894531,2928512
2026-04-24 13:45:00,68.44000244140625,68.74500274658203,68.36000061035156,68.56999969482422,902315
2026-04-24 14:00:00,68.55500030517578,68.99500274658203,68.43000030517578,68.80970001220703,969923
2026-04-24 14:15:00,68.80000305175781,68.91999816894531,68.61000061035156,68.7300033569336,639515
2026-04-24 14:30:00,68.7300033569336,68.93000030517578,68.6500015258789,68.8550033569336,414891
2026-04-24 14:45:00,68.86000061035156,68.9000015258789,68.62999725341797,68.69000244140625,443778
2026-04-24 15:00:00,68.69999694824219,68.73999786376953,68.49500274658203,68.55500030517578,615263
2026-04-24 15:15:00,68.55500030517578,68.70500183105469,68.44999694824219,68.52999877929688,382505
2026-04-24 15:30:00,68.52999877929688,68.91999816894531,68.4800033569336,68.87999725341797,526281
2026-04-24 15:45:00,68.87000274658203,69.29000091552734,68.87000274658203,69.12000274658203,1254422
2026-04-24 16:00:00,69.11000061035156,69.15499877929688,68.86000061035156,68.87989807128906,453533
2026-04-24 16:15:00,68.88500213623047,69.00080108642578,68.8550033569336,68.95999908447266,230615
2026-04-24 16:30:00,68.97000122070312,69.12999725341797,68.91000366210938,68.98999786376953,484199
2026-04-24 16:45:00,69.0,69.16999816894531,68.93000030517578,69.13500213623047,239348
2026-04-24 17:00:00,69.13999938964844,69.29000091552734,69.13999938964844,69.23999786376953,391925
2026-04-24 17:15:00,69.25,69.3499984741211,69.03500366210938,69.19000244140625,402448
2026-04-24 17:30:00,69.19000244140625,69.30500030517578,69.0999984741211,69.23999786376953,373219
2026-04-24 17:45:00,69.23999786376953,69.41500091552734,69.18800354003906,69.25499725341797,465480
2026-04-24 18:00:00,69.25499725341797,69.30000305175781,69.13999938964844,69.27349853515625,277395
2026-04-24 18:15:00,69.2750015258789,69.27999877929688,69.12000274658203,69.12999725341797,267872
2026-04-24 18:30:00,69.12999725341797,69.21499633789062,69.12000274658203,69.18000030517578,221496
2026-04-24 18:45:00,69.18000030517578,69.2300033569336,69.09970092773438,69.22000122070312,277508
2026-04-24 19:00:00,69.22000122070312,69.30000305175781,69.1449966430664,69.19000244140625,316748
2026-04-24 19:15:00,69.19000244140625,69.20500183105469,68.95999908447266,68.98999786376953,439291
2026-04-24 19:30:00,68.9800033569336,69.0199966430664,68.80000305175781,68.80999755859375,749761
2026-04-24 19:45:00,68.80000305175781,68.86000061035156,68.73999786376953,68.77999877929688,1340690
2026-04-27 13:30:00,68.30000305175781,68.36499786376953,68.08999633789062,68.1500015258789,1802414
2026-04-27 13:45:00,68.1500015258789,68.36000061035156,67.87999725341797,68.33999633789062,807997
2026-04-27 14:00:00,68.33000183105469,68.4000015258789,68.08499908447266,68.15799713134766,567782
2026-04-27 14:15:00,68.16000366210938,68.21499633789062,67.9749984741211,68.00170135498047,445105
2026-04-27 14:30:00,67.98500061035156,68.3499984741211,67.87000274658203,68.12000274658203,828393
2026-04-27 14:45:00,68.12999725341797,68.13009643554688,67.75,67.86000061035156,563859
2026-04-27 15:00:00,67.86000061035156,67.90499877929688,67.55000305175781,67.84500122070312,859248
2026-04-27 15:15:00,67.8301010131836,68.04000091552734,67.79499816894531,68.04000091552734,511098
2026-04-27 15:30:00,68.04000091552734,68.11000061035156,67.9800033569336,68.04000091552734,333542
2026-04-27 15:45:00,68.02999877929688,68.03990173339844,67.7699966430664,67.83000183105469,369644
2026-04-27 16:00:00,67.81999969482422,67.91510009765625,67.68000030517578,67.83999633789062,427299
2026-04-27 16:15:00,67.8550033569336,68.0,67.8499984741211,67.95999908447266,319410
2026-04-27 16:30:00,67.95999908447266,68.11000061035156,67.95999908447266,67.98999786376953,493491
2026-04-27 16:45:00,67.98999786376953,68.08000183105469,67.98999786376953,68.01010131835938,274400
2026-04-27 17:00:00,68.0199966430664,68.11000061035156,67.94000244140625,68.01000213623047,402944
2026-04-27 17:15:00,68.01000213623047,68.04000091552734,67.79499816894531,67.91999816894531,551768
2026-04-27 17:30:00,67.91500091552734,68.08999633789062,67.88999938964844,68.06500244140625,262958
2026-04-27 17:45:00,68.06500244140625,68.22000122070312,68.05999755859375,68.18000030517578,219921
2026-04-27 18:00:00,68.16999816894531,68.33499908447266,68.06500244140625,68.30000305175781,223090
2026-04-27 18:15:00,68.30000305175781,68.38500213623047,68.2699966430664,68.3550033569336,186080
2026-04-27 18:30:00,68.3499984741211,68.48999786376953,68.33000183105469,68.42009735107422,245161
2026-04-27 18:45:00,68.41999816894531,68.55000305175781,68.38500213623047,68.4800033569336,349571
2026-04-27 19:00:00,68.4800033569336,68.48500061035156,68.28500366210938,68.36000061035156,423087
2026-04-27 19:15:00,68.3550033569336,68.44999694824219,68.33999633789062,68.3550033569336,234247
2026-04-27 19:30:00,68.3499984741211,68.36000061035156,68.25,68.33499908447266,377476
2026-04-27 19:45:00,68.33000183105469,68.4000015258789,68.29029846191406,68.33999633789062,902602
2026-04-28 13:30:00,65.79000091552734,66.16999816894531,65.51000213623047,66.0199966430664,5194298
2026-04-28 13:45:00,66.01000213623047,66.20500183105469,65.8499984741211,65.9800033569336,1506985
2026-04-28 14:00:00,65.9800033569336,65.9800033569336,65.6500015258789,65.66100311279297,1150474
2026-04-28 14:15:00,65.66000366210938,65.77999877929688,65.37000274658203,65.69499969482422,1110229
2026-04-28 14:30:00,65.70999908447266,65.8499984741211,65.44000244140625,65.69999694824219,949866
2026-04-28 14:45:00,65.73999786376953,66.01000213623047,65.61000061035156,66.01000213623047,913473
2026-04-28 15:00:00,66.01499938964844,66.13999938964844,65.72000122070312,65.78500366210938,865728
2026-04-28 15:15:00,65.79010009765625,65.9800033569336,65.68000030517578,65.9749984741211,592976
2026-04-28 15:30:00,65.97000122070312,66.12999725341797,65.83000183105469,66.0999984741211,690897
2026-04-28 15:45:00,66.08999633789062,66.25499725341797,66.02999877929688,66.25,502054
2026-04-28 16:00:00,66.25,66.25,66.06999969482422,66.1449966430664,496560
2026-04-28 16:15:00,66.1500015258789,66.1500015258789,66.01499938964844,66.01499938964844,245152
2026-04-28 16:30:00,66.01499938964844,66.1781997680664,65.98999786376953,66.16999816894531,324294
2026-04-28 16:45:00,66.16999816894531,66.37999725341797,66.12999725341797,66.25990295410156,466775
2026-04-28 17:00:00,66.25499725341797,66.31999969482422,66.13999938964844,66.19029998779297,392064
2026-04-28 17:15:00,66.19999694824219,66.52999877929688,66.04499816894531,66.41999816894531,745729
2026-04-28 17:30:00,66.41000366210938,66.54000091552734,66.38999938964844,66.47000122070312,839478
2026-04-28 17:45:00,66.45999908447266,66.48999786376953,66.30500030517578,66.30999755859375,226219
2026-04-28 18:00:00,66.31500244140625,66.41500091552734,66.2300033569336,66.29000091552734,259756
2026-04-28 18:15:00,66.29499816894531,66.44999694824219,66.26499938964844,66.375,312799
2026-04-28 18:30:00,66.38359832763672,66.4000015258789,66.24500274658203,66.34500122070312,520421
2026-04-28 18:45:00,66.34500122070312,66.38500213623047,66.21499633789062,66.21499633789062,314804
2026-04-28 19:00:00,66.21499633789062,66.33999633789062,66.19999694824219,66.2300033569336,337733
2026-04-28 19:15:00,66.2300033569336,66.23999786376953,66.1500015258789,66.20999908447266,324878
2026-04-28 19:30:00,66.21499633789062,66.35990142822266,66.20500183105469,66.33550262451172,545742
2026-04-28 19:45:00,66.33499908447266,66.3499984741211,66.1500015258789,66.20500183105469,1274960
2026-04-29 13:30:00,64.95500183105469,65.0,64.58999633789062,64.60060119628906,3136667
2026-04-29 13:45:00,64.5999984741211,64.98999786376953,64.5199966430664,64.80000305175781,1192870
2026-04-29 14:00:00,64.80999755859375,65.01000213623047,64.7300033569336,64.97139739990234,1036593
2026-04-29 14:15:00,64.9749984741211,65.1449966430664,64.91999816894531,65.04499816894531,859282
2026-04-29 14:30:00,65.04000091552734,65.26499938964844,64.93000030517578,65.07009887695312,824937
2026-04-29 14:45:00,65.08000183105469,65.08000183105469,64.83000183105469,65.00499725341797,572882
2026-04-29 15:00:00,65.00499725341797,65.18000030517578,64.68000030517578,64.76499938964844,877009
2026-04-29 15:15:00,64.76499938964844,64.875,64.70999908447266,64.83000183105469,418053
2026-04-29 15:30:00,64.83000183105469,65.05000305175781,64.73999786376953,64.91999816894531,449237
2026-04-29 15:45:00,64.93000030517578,65.04000091552734,64.63999938964844,64.73661041259766,755969
2026-04-29 16:00:00,64.70999908447266,65.00499725341797,64.69000244140625,64.83499908447266,415626
2026-04-29 16:15:00,64.83999633789062,65.02999877929688,64.81999969482422,64.96499633789062,336238
2026-04-29 16:30:00,64.95999908447266,64.95999908447266,64.73999786376953,64.85990142822266,310252
2026-04-29 16:45:00,64.86000061035156,64.88500213623047,64.69000244140625,64.70999908447266,250939
2026-04-29 17:00:00,64.70500183105469,64.75,64.5999984741211,64.69999694824219,227813
2026-04-29 17:15:00,64.70120239257812,64.86000061035156,64.63500213623047,64.7300033569336,292560
2026-04-29 17:30:00,64.73999786376953,64.80000305175781,64.69499969482422,64.7300033569336,249672
2026-04-29 17:45:00,64.73500061035156,64.73999786376953,64.54010009765625,64.66999816894531,454784
2026-04-29 18:00:00,64.66999816894531,64.80000305175781,64.23999786376953,64.25,799405
2026-04-29 18:15:00,64.23500061035156,64.55000305175781,64.2300033569336,64.47000122070312,354199
2026-04-29 18:30:00,64.47000122070312,64.70999908447266,64.18499755859375,64.19000244140625,791955
2026-04-29 18:45:00,64.18000030517578,64.69999694824219,64.12999725341797,64.69989776611328,462817
2026-04-29 19:00:00,64.69999694824219,65.0,64.65499877929688,64.98500061035156,708196
2026-04-29 19:15:00,64.98500061035156,65.02269744873047,64.83999633789062,64.87000274658203,732169
2026-04-29 19:30:00,64.8550033569336,64.89009857177734,64.69999694824219,64.78500366210938,446574
2026-04-29 19:45:00,64.79000091552734,64.9000015258789,64.75,64.8499984741211,1081633
2026-04-30 13:30:00,66.69999694824219,66.69999694824219,66.16999816894531,66.29989624023438,3135288
2026-04-30 13:45:00,66.29000091552734,66.29000091552734,65.91999816894531,66.00499725341797,673525
2026-04-30 14:00:00,66.01930236816406,66.34420013427734,65.98999786376953,66.20010375976562,733531
2026-04-30 14:15:00,66.19999694824219,66.4000015258789,66.07499694824219,66.37999725341797,501884
2026-04-30 14:30:00,66.37999725341797,66.38500213623047,65.875,66.07990264892578,653893
2026-04-30 14:45:00,66.06999969482422,66.33000183105469,66.05999755859375,66.18499755859375,1163953
2026-04-30 15:00:00,66.18000030517578,66.33999633789062,66.04499816894531,66.19999694824219,403769
2026-04-30 15:15:00,66.20999908447266,66.37999725341797,66.11499786376953,66.33000183105469,431261
2026-04-30 15:30:00,66.33000183105469,66.43000030517578,66.16000366210938,66.19999694824219,288131
2026-04-30 15:45:00,66.19000244140625,66.20500183105469,66.02999877929688,66.18990325927734,259887
2026-04-30 16:00:00,66.18499755859375,66.25,66.05999755859375,66.13999938964844,182461
2026-04-30 16:15:00,66.1449966430664,66.16000366210938,66.0250015258789,66.1500015258789,198883
2026-04-30 16:30:00,66.1500015258789,66.36000061035156,66.12000274658203,66.2699966430664,216259
2026-04-30 16:45:00,66.2750015258789,66.4000015258789,66.2300033569336,66.30999755859375,580089
2026-04-30 17:00:00,66.31999969482422,66.5999984741211,66.31999969482422,66.52999877929688,473105
2026-04-30 17:15:00,66.5199966430664,66.58499908447266,66.41000366210938,66.58000183105469,953369
2026-04-30 17:30:00,66.56999969482422,66.75,66.51499938964844,66.53500366210938,299666
2026-04-30 17:45:00,66.54000091552734,66.69000244140625,66.51499938964844,66.62969970703125,283283
2026-04-30 18:00:00,66.62999725341797,66.80999755859375,66.62999725341797,66.71499633789062,527658
2026-04-30 18:15:00,66.72000122070312,66.78900146484375,66.55999755859375,66.58499908447266,306401
2026-04-30 18:30:00,66.5999984741211,66.66999816894531,66.55000305175781,66.58000183105469,223171
2026-04-30 18:45:00,66.57530212402344,66.75,66.55999755859375,66.69999694824219,366957
2026-04-30 19:00:00,66.69000244140625,66.77999877929688,66.66000366210938,66.66000366210938,1066995
2026-04-30 19:15:00,66.66500091552734,66.68000030517578,66.51000213623047,66.56999969482422,266256
2026-04-30 19:30:00,66.57009887695312,66.70999908447266,66.51000213623047,66.69999694824219,619803
2026-04-30 19:45:00,66.70500183105469,66.72820281982422,66.6050033569336,66.6500015258789,701850
2026-05-01 13:30:00,67.58000183105469,68.4800033569336,67.51000213623047,68.4800033569336,3194155
2026-05-01 13:45:00,68.47000122070312,69.13999938964844,68.20500183105469,69.04000091552734,2167856
2026-05-01 14:00:00,69.02999877929688,69.54499816894531,68.9800033569336,69.5,1702114
2026-05-01 14:15:00,69.51000213623047,69.6500015258789,69.22000122070312,69.24500274658203,1439753
2026-05-01 14:30:00,69.24500274658203,69.24649810791016,68.6050033569336,68.625,1399108
2026-05-01 14:45:00,68.61000061035156,68.70500183105469,68.45999908447266,68.52999877929688,874674
2026-05-01 15:00:00,68.54000091552734,68.55000305175781,68.1050033569336,68.43499755859375,852173
2026-05-01 15:15:00,68.44000244140625,68.66999816894531,68.43000030517578,68.50499725341797,575754
2026-05-01 15:30:00,68.52999877929688,69.08529663085938,68.52010345458984,68.8740005493164,789675
2026-05-01 15:45:00,68.88009643554688,69.05069732666016,68.68000030517578,68.88009643554688,614905
2026-05-01 16:00:00,68.87999725341797,68.93499755859375,68.72000122070312,68.82499694824219,382256
2026-05-01 16:15:00,68.83000183105469,69.00499725341797,68.5999984741211,68.62000274658203,653578
2026-05-01 16:30:00,68.62000274658203,68.76000213623047,68.47657012939453,68.68000030517578,414952
2026-05-01 16:45:00,68.68000030517578,68.90499877929688,68.65499877929688,68.80500030517578,274119
2026-05-01 17:00:00,68.81999969482422,68.94999694824219,68.81500244140625,68.91000366210938,257439
2026-05-01 17:15:00,68.91570281982422,68.91570281982422,68.63500213623047,68.73989868164062,324709
2026-05-01 17:30:00,68.72000122070312,68.74400329589844,68.62999725341797,68.70010375976562,170107
2026-05-01 17:45:00,68.70500183105469,68.87000274658203,68.67500305175781,68.7699966430664,232014
2026-05-01 18:00:00,68.7699966430664,68.79000091552734,68.48139953613281,68.49500274658203,433755
2026-05-01 18:15:00,68.5,68.72000122070312,68.4800033569336,68.72000122070312,474388
2026-05-01 18:30:00,68.70999908447266,68.73500061035156,68.4979019165039,68.54840087890625,349508
2026-05-01 18:45:00,68.55000305175781,68.625,68.44000244140625,68.58499908447266,187534
2026-05-01 19:00:00,68.58999633789062,68.6500015258789,68.49500274658203,68.62999725341797,202066
2026-05-01 19:15:00,68.63999938964844,68.68990325927734,68.55999755859375,68.55999755859375,275070
2026-05-01 19:30:00,68.55000305175781,68.56999969482422,68.28500366210938,68.30999755859375,463651
2026-05-01 19:45:00,68.30999755859375,68.38999938964844,68.20500183105469,68.30000305175781,1117913
2026-05-04 13:30:00,66.39399719238281,67.04000091552734,66.27999877929688,66.86000061035156,3731803
2026-05-04 13:45:00,66.83999633789062,66.95999908447266,66.61000061035156,66.87999725341797,885890
2026-05-04 14:00:00,66.87000274658203,66.98999786376953,66.62000274658203,66.88999938964844,943658
2026-05-04 14:15:00,66.9000015258789,67.58000183105469,66.88069915771484,67.20010375976562,1032731
2026-05-04 14:30:00,67.19999694824219,67.52999877929688,67.18000030517578,67.31999969482422,713932
2026-05-04 14:45:00,67.31999969482422,67.38999938964844,66.8499984741211,66.87000274658203,556021
2026-05-04 15:00:00,66.8550033569336,66.98999786376953,66.68000030517578,66.72000122070312,765953
2026-05-04 15:15:00,66.69999694824219,67.01499938964844,65.71990203857422,66.38999938964844,2341996
2026-05-04 15:30:00,66.40499877929688,66.4800033569336,66.16999816894531,66.41999816894531,649459
2026-05-04 15:45:00,66.41999816894531,66.43000030517578,65.69999694824219,66.0,1126181
2026-05-04 16:00:00,65.98999786376953,66.18499755859375,65.69499969482422,65.8550033569336,1073949
2026-05-04 16:15:00,65.83000183105469,66.37000274658203,65.77999877929688,66.13999938964844,762209
2026-05-04 16:30:00,66.12000274658203,66.2300033569336,65.99009704589844,66.0,374552
2026-05-04 16:45:00,66.00499725341797,66.08999633789062,65.78669738769531,65.86000061035156,544676
2026-05-04 17:00:00,65.87000274658203,66.22000122070312,65.8550033569336,66.13500213623047,359785
2026-05-04 17:15:00,66.12999725341797,66.33999633789062,65.97000122070312,66.01000213623047,528705
2026-05-04 17:30:00,66.01000213623047,66.08999633789062,65.86990356445312,65.9800033569336,282407
2026-05-04 17:45:00,65.97650146484375,66.0199966430664,65.93009948730469,65.95010375976562,191201
2026-05-04 18:00:00,65.95999908447266,66.06999969482422,65.83999633789062,65.86000061035156,272356
2026-05-04 18:15:00,65.8499984741211,65.87000274658203,65.61000061035156,65.7699966430664,418153
2026-05-04 18:30:00,65.78500366210938,65.83999633789062,65.69999694824219,65.71499633789062,225663
2026-05-04 18:45:00,65.70500183105469,65.8499984741211,65.63999938964844,65.8499984741211,428915
2026-05-04 19:00:00,65.8499984741211,66.08499908447266,65.76000213623047,65.91999816894531,540134
2026-05-04 19:15:00,65.91999816894531,66.10970306396484,65.88500213623047,66.00499725341797,369367
2026-05-04 19:30:00,66.01000213623047,66.15499877929688,66.0,66.02999877929688,520251
2026-05-04 19:45:00,66.02999877929688,66.06999969482422,65.88999938964844,65.94999694824219,844865
2026-05-05 13:30:00,66.7699966430664,66.8499984741211,66.41500091552734,66.48930358886719,2637068
2026-05-05 13:45:00,66.48500061035156,66.72000122070312,66.44499969482422,66.66000366210938,620748
2026-05-05 14:00:00,66.66999816894531,66.91999816894531,66.45999908447266,66.5250015258789,1044047
2026-05-05 14:15:00,66.5199966430664,66.94999694824219,66.29000091552734,66.77999877929688,816175
2026-05-05 14:30:00,66.79000091552734,66.87000274658203,66.6050033569336,66.80500030517578,345357
2026-05-05 14:45:00,66.79000091552734,66.79000091552734,66.58000183105469,66.70999908447266,323655
2026-05-05 15:00:00,66.73500061035156,66.79000091552734,66.55999755859375,66.7300033569336,258058
2026-05-05 15:15:00,66.72000122070312,66.74500274658203,66.54499816894531,66.65989685058594,178439
2026-05-05 15:30:00,66.63999938964844,66.69999694824219,66.44000244140625,66.47000122070312,280404
2026-05-05 15:45:00,66.4800033569336,66.58999633789062,66.46009826660156,66.49859619140625,255690
2026-05-05 16:00:00,66.5,66.5199966430664,66.29000091552734,66.38999938964844,243289
2026-05-05 16:15:00,66.37999725341797,66.37999725341797,66.03500366210938,66.11000061035156,436778
2026-05-05 16:30:00,66.11000061035156,66.20999908447266,65.91999816894531,66.1613998413086,385736
2026-05-05 16:45:00,66.16999816894531,66.2699966430664,66.12548828125,66.16000366210938,230401
2026-05-05 17:00:00,66.16000366210938,66.19499969482422,66.05500030517578,66.16000366210938,253392
2026-05-05 17:15:00,66.16999816894531,66.3499984741211,66.13970184326172,66.18000030517578,203077
2026-05-05 17:30:00,66.18000030517578,66.26000213623047,66.13999938964844,66.19499969482422,164799
2026-05-05 17:45:00,66.19159698486328,66.26000213623047,66.12000274658203,66.1498031616211,151562
2026-05-05 18:00:00,66.13999938964844,66.2750015258789,66.12000274658203,66.2750015258789,300718
2026-05-05 18:15:00,66.2750015258789,66.30999755859375,66.2300033569336,66.30999755859375,155454
2026-05-05 18:30:00,66.31999969482422,66.31999969482422,66.18000030517578,66.21189880371094,173830
2026-05-05 18:45:00,66.20549774169922,66.26689910888672,66.0250015258789,66.04499816894531,425692
2026-05-05 19:00:00,66.04000091552734,66.06500244140625,65.87999725341797,65.9000015258789,318931
2026-05-05 19:15:00,65.9000015258789,65.97000122070312,65.86000061035156,65.91549682617188,431360
2026-05-05 19:30:00,65.92070007324219,65.98999786376953,65.91000366210938,65.91500091552734,245598
2026-05-05 19:45:00,65.91000366210938,66.0,65.8499984741211,65.91000366210938,769850
2026-05-06 13:30:00,69.55500030517578,69.95999908447266,69.44000244140625,69.83999633789062,6309746
2026-05-06 13:45:00,69.83999633789062,70.0999984741211,69.74199676513672,69.96499633789062,1689398
2026-05-06 14:00:00,69.95999908447266,70.2699966430664,69.69000244140625,70.19999694824219,1258345
2026-05-06 14:15:00,70.19999694824219,70.33999633789062,69.9800033569336,70.02010345458984,872924
2026-05-06 14:30:00,70.02999877929688,70.38999938964844,70.00499725341797,70.36000061035156,814864
2026-05-06 14:45:00,70.36100006103516,70.37999725341797,70.08000183105469,70.09500122070312,2011967
2026-05-06 15:00:00,70.08999633789062,70.18000030517578,69.7699966430664,69.91999816894531,669167
2026-05-06 15:15:00,69.90010070800781,70.08000183105469,69.8499984741211,69.96009826660156,548054
2026-05-06 15:30:00,69.95500183105469,70.05000305175781,69.81999969482422,69.97000122070312,837110
2026-05-06 15:45:00,69.94999694824219,70.01000213623047,69.68000030517578,69.69999694824219,394200
2026-05-06 16:00:00,69.69999694824219,69.79000091552734,69.6050033569336,69.73500061035156,419319
2026-05-06 16:15:00,69.72000122070312,69.87989807128906,69.70500183105469,69.81500244140625,440938
2026-05-06 16:30:00,69.83000183105469,69.9000015258789,69.79000091552734,69.81999969482422,258043
2026-05-06 16:45:00,69.81999969482422,69.83999633789062,69.46179962158203,69.55000305175781,357605
2026-05-06 17:00:00,69.53820037841797,69.69989776611328,69.44999694824219,69.61000061035156,222275
2026-05-06 17:15:00,69.62000274658203,69.63009643554688,69.45500183105469,69.575927734375,238777
2026-05-06 17:30:00,69.56999969482422,69.64990234375,69.5250015258789,69.64990234375,212529
2026-05-06 17:45:00,69.6500015258789,69.79144287109375,69.5999984741211,69.77999877929688,276796
2026-05-06 18:00:00,69.77999877929688,69.91999816894531,69.70500183105469,69.88999938964844,289397
2026-05-06 18:15:00,69.88999938964844,69.95999908447266,69.83499908447266,69.8499984741211,214872
2026-05-06 18:30:00,69.8499984741211,69.88999938964844,69.76499938964844,69.80999755859375,292156
2026-05-06 18:45:00,69.80500030517578,69.8550033569336,69.71009826660156,69.7249984741211,340753
2026-05-06 19:00:00,69.7300033569336,70.03579711914062,69.72000122070312,70.02999877929688,609555
2026-05-06 19:15:00,70.03500366210938,70.16999816894531,70.0250015258789,70.15499877929688,578356
2026-05-06 19:30:00,70.1500015258789,70.18000030517578,70.0199966430664,70.13999938964844,1557378
2026-05-06 19:45:00,70.12999725341797,70.19000244140625,70.05999755859375,70.12999725341797,1931946
2026-05-07 13:30:00,73.27999877929688,73.58540344238281,73.125,73.5199966430664,7554611
2026-05-07 13:45:00,73.52999877929688,73.63999938964844,73.20999908447266,73.56500244140625,1779173
2026-05-07 14:00:00,73.56009674072266,74.05000305175781,73.5,74.01499938964844,1548029
2026-05-07 14:15:00,74.01499938964844,74.05000305175781,73.58999633789062,73.97000122070312,1294259
2026-05-07 14:30:00,73.97000122070312,74.1449966430664,73.87000274658203,74.02449798583984,1594953
2026-05-07 14:45:00,74.0199966430664,74.32499694824219,74.01069641113281,74.20999908447266,1047320
2026-05-07 15:00:00,74.20999908447266,74.22000122070312,73.75990295410156,73.77999877929688,877225
2026-05-07 15:15:00,73.7699966430664,73.83999633789062,73.23999786376953,73.33999633789062,1579234
2026-05-07 15:30:00,73.3499984741211,73.58000183105469,73.2699966430664,73.28500366210938,769819
2026-05-07 15:45:00,73.27999877929688,73.30999755859375,72.70999908447266,72.77999877929688,986132
2026-05-07 16:00:00,72.7750015258789,72.83999633789062,72.18499755859375,72.25,1477400
2026-05-07 16:15:00,72.23999786376953,72.55999755859375,71.80999755859375,72.38999938964844,1567809
2026-05-07 16:30:00,72.38999938964844,72.44000244140625,72.11000061035156,72.21649932861328,583790
2026-05-07 16:45:00,72.20500183105469,72.38069915771484,72.13999938964844,72.27999877929688,583422
2026-05-07 17:00:00,72.2699966430664,72.41999816894531,72.05999755859375,72.125,395513
2026-05-07 17:15:00,72.11000061035156,72.19000244140625,71.31999969482422,71.58000183105469,1277681
2026-05-07 17:30:00,71.55999755859375,71.88999938964844,71.41999816894531,71.7699966430664,734779
2026-05-07 17:45:00,71.73999786376953,72.18000030517578,71.69999694824219,72.16999816894531,563025
2026-05-07 18:00:00,72.18000030517578,72.19999694824219,72.0199966430664,72.06999969482422,403262
2026-05-07 18:15:00,72.06999969482422,72.11499786376953,71.9000015258789,72.04000091552734,385285
2026-05-07 18:30:00,72.04010009765625,72.08999633789062,71.66999816894531,71.75,537962
2026-05-07 18:45:00,71.75,71.75,71.16000366210938,71.69999694824219,965011
2026-05-07 19:00:00,71.69499969482422,71.80000305175781,71.5,71.73771667480469,418973
2026-05-07 19:15:00,71.7300033569336,71.76010131835938,71.26000213623047,71.51000213623047,647148
2026-05-07 19:30:00,71.5199966430664,71.80999755859375,71.47000122070312,71.75,514712
2026-05-07 19:45:00,71.76000213623047,71.76000213623047,71.5,71.58000183105469,1474780
2026-05-08 13:30:00,73.29000091552734,73.83000183105469,73.25800323486328,73.5,4327712
2026-05-08 13:45:00,73.52999877929688,73.77999877929688,73.41999816894531,73.77989959716797,1326100
2026-05-08 14:00:00,73.76000213623047,73.80999755859375,72.83999633789062,73.25499725341797,1574264
2026-05-08 14:15:00,73.25,73.36920166015625,72.88999938964844,72.91999816894531,771377
2026-05-08 14:30:00,72.91999816894531,73.25,72.84500122070312,73.19999694824219,524692
2026-05-08 14:45:00,73.20999908447266,73.2300033569336,72.87999725341797,72.9489974975586,1606408
2026-05-08 15:00:00,72.94989776611328,73.12999725341797,72.47000122070312,72.56558227539062,671220
2026-05-08 15:15:00,72.55500030517578,72.69499969482422,72.37999725341797,72.69000244140625,593967
2026-05-08 15:30:00,72.69999694824219,72.76499938964844,72.30000305175781,72.38009643554688,465279
2026-05-08 15:45:00,72.3949966430664,72.5199966430664,72.28980255126953,72.30500030517578,374495
2026-05-08 16:00:00,72.30999755859375,72.5707015991211,72.27999877929688,72.54499816894531,337500
2026-05-08 16:15:00,72.55999755859375,72.83499908447266,72.55999755859375,72.83000183105469,341785
2026-05-08 16:30:00,72.82499694824219,72.87989807128906,72.66999816894531,72.68000030517578,306701
2026-05-08 16:45:00,72.69499969482422,72.73999786376953,72.44000244140625,72.48500061035156,240570
2026-05-08 17:00:00,72.47000122070312,72.56999969482422,72.44499969482422,72.47000122070312,212187
2026-05-08 17:15:00,72.46499633789062,72.78720092773438,72.46499633789062,72.75,440593
2026-05-08 17:30:00,72.75,72.8499984741211,72.70010375976562,72.75499725341797,203942
2026-05-08 17:45:00,72.7699966430664,72.83000183105469,72.72000122070312,72.7300033569336,328701
2026-05-08 18:00:00,72.73999786376953,73.20999908447266,72.71499633789062,73.1500015258789,734983
2026-05-08 18:15:00,73.16000366210938,73.18009948730469,72.88999938964844,72.98989868164062,396430
2026-05-08 18:30:00,72.97000122070312,72.99500274658203,72.87000274658203,72.87999725341797,170186
2026-05-08 18:45:00,72.87999725341797,72.92179870605469,72.77999877929688,72.83499908447266,262409
2026-05-08 19:00:00,72.83999633789062,72.97000122070312,72.79000091552734,72.81500244140625,269813
2026-05-08 19:15:00,72.81500244140625,72.95500183105469,72.80500030517578,72.9000015258789,419333
2026-05-08 19:30:00,72.9000015258789,73.08499908447266,72.83000183105469,73.08499908447266,538102
2026-05-08 19:45:00,73.08000183105469,73.13500213623047,72.95999908447266,73.02999877929688,1113435
2026-05-11 13:30:00,77.05000305175781,77.72000122070312,76.9000015258789,77.6500015258789,11059654
2026-05-11 13:45:00,77.65499877929688,77.68000030517578,77.2699966430664,77.41000366210938,2453356
2026-05-11 14:00:00,77.41000366210938,77.44000244140625,76.31999969482422,76.96499633789062,2349023
2026-05-11 14:15:00,76.97000122070312,77.0,76.5199966430664,76.54100036621094,1618988
2026-05-11 14:30:00,76.55000305175781,76.91000366210938,76.14099884033203,76.87000274658203,1189380
2026-05-11 14:45:00,76.86000061035156,76.91500091552734,76.65499877929688,76.81999969482422,705875
2026-05-11 15:00:00,76.80999755859375,77.30000305175781,76.76000213623047,77.11499786376953,1193868
2026-05-11 15:15:00,77.11000061035156,77.66000366210938,77.05500030517578,77.5,1049676
2026-05-11 15:30:00,77.50499725341797,77.76499938964844,77.41999816894531,77.56999969482422,958136
2026-05-11 15:45:00,77.52999877929688,77.83999633789062,77.43000030517578,77.80000305175781,956539
2026-05-11 16:00:00,77.80999755859375,77.84500122070312,77.47000122070312,77.51000213623047,535552
2026-05-11 16:15:00,77.51499938964844,77.52999877929688,77.30999755859375,77.37999725341797,504125
2026-05-11 16:30:00,77.37999725341797,77.48999786376953,76.91999816894531,77.0,703119
2026-05-11 16:45:00,76.99199676513672,77.16999816894531,76.91000366210938,77.09349822998047,831524
2026-05-11 17:00:00,77.09339904785156,77.16999816894531,76.91999816894531,76.94999694824219,622090
2026-05-11 17:15:00,76.94999694824219,77.31500244140625,76.92009735107422,77.2665023803711,673669
2026-05-11 17:30:00,77.26000213623047,77.47000122070312,77.26000213623047,77.42500305175781,931582
2026-05-11 17:45:00,77.41999816894531,77.5199966430664,77.3499984741211,77.51000213623047,378005
2026-05-11 18:00:00,77.50650024414062,77.70999908447266,77.43000030517578,77.50990295410156,730498
2026-05-11 18:15:00,77.5,77.70999908447266,77.37999725341797,77.69000244140625,489230
2026-05-11 18:30:00,77.68000030517578,77.79499816894531,77.66000366210938,77.70999908447266,381773
2026-05-11 18:45:00,77.70999908447266,77.8949966430664,77.62999725341797,77.62999725341797,711209
2026-05-11 19:00:00,77.62999725341797,77.93499755859375,77.61000061035156,77.79940032958984,911819
2026-05-11 19:15:00,77.80000305175781,77.86499786376953,77.7699966430664,77.83426666259766,630452
2026-05-11 19:30:00,77.83989715576172,77.90499877929688,77.6500015258789,77.875,1245502
2026-05-11 19:45:00,77.87750244140625,78.0,77.86499786376953,77.98989868164062,2814474
2026-05-12 13:30:00,76.5,77.2249984741211,76.41999816894531,77.16000366210938,5053939
2026-05-12 13:45:00,77.16000366210938,77.26499938964844,76.41999816894531,76.48999786376953,2048207
2026-05-12 14:00:00,76.48999786376953,77.33999633789062,76.31999969482422,77.25,1265244
2026-05-12 14:15:00,77.26010131835938,77.2699966430664,76.87000274658203,76.94499969482422,931282
2026-05-12 14:30:00,76.94999694824219,77.04000091552734,76.5,76.94000244140625,979138
2026-05-12 14:45:00,76.93499755859375,76.93499755859375,76.2300033569336,76.3499984741211,1880286
2026-05-12 15:00:00,76.3499984741211,76.44000244140625,76.05000305175781,76.05999755859375,857287
2026-05-12 15:15:00,76.05000305175781,76.08999633789062,75.1449966430664,75.69000244140625,2155944
2026-05-12 15:30:00,75.69000244140625,76.18000030517578,75.61000061035156,76.11000061035156,801679
2026-05-12 15:45:00,76.11000061035156,76.2300033569336,76.0199966430664,76.1500015258789,449631
2026-05-12 16:00:00,76.16500091552734,76.5250015258789,76.05999755859375,76.47000122070312,705924
2026-05-12 16:15:00,76.45999908447266,76.52999877929688,76.29499816894531,76.36000061035156,586458
2026-05-12 16:30:00,76.37000274658203,76.4800033569336,76.2657470703125,76.31999969482422,332740
2026-05-12 16:45:00,76.31999969482422,76.63999938964844,76.13999938964844,76.58999633789062,514449
2026-05-12 17:00:00,76.58999633789062,76.94000244140625,76.58999633789062,76.85990142822266,500237
2026-05-12 17:15:00,76.86000061035156,77.0199966430664,76.77999877929688,76.8499984741211,473611
2026-05-12 17:30:00,76.83999633789062,77.19999694824219,76.77220153808594,77.18990325927734,589383
2026-05-12 17:45:00,77.19000244140625,77.21499633789062,76.9749984741211,77.00423431396484,458916
2026-05-12 18:00:00,77.0,77.19999694824219,76.8499984741211,76.97010040283203,436874
2026-05-12 18:15:00,76.9800033569336,77.36000061035156,76.94499969482422,77.27999877929688,517237
2026-05-12 18:30:00,77.25499725341797,77.79000091552734,77.2522964477539,77.7300033569336,1127787
2026-05-12 18:45:00,77.73500061035156,78.03929901123047,77.58000183105469,77.93990325927734,791401
2026-05-12 19:00:00,77.94000244140625,78.30500030517578,77.94000244140625,78.17990112304688,1274806
2026-05-12 19:15:00,78.16999816894531,78.20899963378906,77.88500213623047,78.11499786376953,1097843
2026-05-12 19:30:00,78.12000274658203,78.41999816894531,78.12000274658203,78.38500213623047,1591692
2026-05-12 19:45:00,78.37999725341797,78.61499786376953,78.37000274658203,78.55000305175781,2139875
2026-05-13 13:30:00,78.66000366210938,79.05999755859375,78.28500366210938,78.80709838867188,5051811
2026-05-13 13:45:00,78.80000305175781,78.94000244140625,78.2699966430664,78.83999633789062,1540146
2026-05-13 14:00:00,78.83999633789062,79.30000305175781,78.62000274658203,79.20999908447266,1645823
2026-05-13 14:15:00,79.20970153808594,79.45999908447266,78.86000061035156,79.41500091552734,1169015
2026-05-13 14:30:00,79.4000015258789,79.86949920654297,79.36499786376953,79.58499908447266,1669570
2026-05-13 14:45:00,79.58999633789062,79.8499984741211,79.41000366210938,79.52999877929688,1058558
2026-05-13 15:00:00,79.52999877929688,80.21499633789062,79.47000122070312,79.95999908447266,1656827
2026-05-13 15:15:00,79.96499633789062,80.08999633789062,79.87000274658203,79.96009826660156,974608
2026-05-13 15:30:00,79.97000122070312,80.29000091552734,79.80999755859375,80.20500183105469,885974
2026-05-13 15:45:00,80.20500183105469,80.37989807128906,80.16000366210938,80.36499786376953,719472
2026-05-13 16:00:00,80.37000274658203,80.7301025390625,80.33000183105469,80.71589660644531,1546762
2026-05-13 16:15:00,80.71990203857422,80.86000061035156,80.48999786376953,80.81009674072266,1122093
2026-05-13 16:30:00,80.80999755859375,80.83999633789062,80.44999694824219,80.52999877929688,1273906
2026-05-13 16:45:00,80.53500366210938,80.66000366210938,80.19000244140625,80.21499633789062,792914
2026-05-13 17:00:00,80.21499633789062,80.66000366210938,80.20500183105469,80.62999725341797,550577
2026-05-13 17:15:00,80.60030364990234,80.66899871826172,80.06999969482422,80.11990356445312,783609
2026-05-13 17:30:00,80.11499786376953,80.12930297851562,79.58000183105469,79.58999633789062,1175123
2026-05-13 17:45:00,79.60990142822266,79.73999786376953,79.5,79.55999755859375,903784
2026-05-13 18:00:00,79.55500030517578,79.94989776611328,79.51000213623047,79.88999938964844,712478
2026-05-13 18:15:00,79.88999938964844,79.92990112304688,79.5999984741211,79.82990264892578,497711
2026-05-13 18:30:00,79.81999969482422,79.86000061035156,79.37999725341797,79.41000366210938,964789
2026-05-13 18:45:00,79.41500091552734,79.51499938964844,78.9800033569336,79.2699966430664,1099216
2026-05-13 19:00:00,79.2699966430664,79.61499786376953,79.25,79.61499786376953,523322
2026-05-13 19:15:00,79.61000061035156,79.63500213623047,79.42500305175781,79.4800033569336,493272
2026-05-13 19:30:00,79.4800033569336,79.49500274658203,79.32499694824219,79.43000030517578,437300
2026-05-13 19:45:00,79.41999816894531,79.47000122070312,79.27999877929688,79.33999633789062,1097195
2026-05-14 13:30:00,77.29000091552734,77.29000091552734,76.0999984741211,76.44499969482422,6221752
2026-05-14 13:45:00,76.42500305175781,76.76000213623047,75.81999969482422,75.91999816894531,2328949
2026-05-14 14:00:00,75.91999816894531,76.55000305175781,75.81500244140625,76.48999786376953,1797981
2026-05-14 14:15:00,76.5,76.94999694824219,76.42500305175781,76.5801010131836,1634153
2026-05-14 14:30:00,76.58999633789062,76.875,76.52999877929688,76.7249984741211,1036873
2026-05-14 14:45:00,76.70999908447266,76.8499984741211,76.4000015258789,76.41000366210938,727235
2026-05-14 15:00:00,76.41000366210938,76.73999786376953,76.3499984741211,76.68000030517578,627899
2026-05-14 15:15:00,76.68000030517578,77.0999984741211,76.58499908447266,77.0,1133503
2026-05-14 15:30:00,77.0,77.1500015258789,76.83999633789062,76.91999816894531,417707
2026-05-14 15:45:00,76.93990325927734,76.96499633789062,76.66999816894531,76.80999755859375,585495
2026-05-14 16:00:00,76.80999755859375,76.87999725341797,76.52999877929688,76.70999908447266,366931
2026-05-14 16:15:00,76.71099853515625,76.89309692382812,76.55999755859375,76.61000061035156,409281
2026-05-14 16:30:00,76.61000061035156,76.62999725341797,76.27010345458984,76.55000305175781,479068
2026-05-14 16:45:00,76.55000305175781,76.70500183105469,76.44989776611328,76.66999816894531,271154
2026-05-14 17:00:00,76.66999816894531,76.81999969482422,76.48999786376953,76.5250015258789,348063
2026-05-14 17:15:00,76.5250015258789,76.75,76.4749984741211,76.6500015258789,339816
2026-05-14 17:30:00,76.6500015258789,76.83000183105469,76.56500244140625,76.80999755859375,363247
2026-05-14 17:45:00,76.80500030517578,76.8113021850586,76.66999816894531,76.68000030517578,252693
2026-05-14 18:00:00,76.68000030517578,76.68000030517578,76.26000213623047,76.54000091552734,426388
2026-05-14 18:15:00,76.52999877929688,76.5999984741211,76.43000030517578,76.43000030517578,160113
2026-05-14 18:30:00,76.43000030517578,76.4854965209961,76.25499725341797,76.26499938964844,234589
2026-05-14 18:45:00,76.26010131835938,76.37999725341797,76.08999633789062,76.375,412735
2026-05-14 19:00:00,76.37999725341797,76.37999725341797,76.00499725341797,76.05999755859375,662035
2026-05-14 19:15:00,76.05999755859375,76.1500015258789,75.94999694824219,75.95999908447266,626372
2026-05-14 19:30:00,75.97000122070312,76.03500366210938,75.5199966430664,75.55999755859375,1333791
2026-05-14 19:45:00,75.55000305175781,75.68499755859375,75.38999938964844,75.48999786376953,2859811
2026-05-15 13:30:00,69.73999786376953,69.77999877929688,68.75,68.76000213623047,10384849
2026-05-15 13:45:00,68.76000213623047,69.47000122070312,68.54499816894531,69.1449966430664,3153750
2026-05-15 14:00:00,69.13999938964844,69.5166015625,68.77999877929688,69.39659881591797,2476877
2026-05-15 14:15:00,69.38999938964844,69.79000091552734,69.08999633789062,69.6050033569336,3067913
2026-05-15 14:30:00,69.5999984741211,69.70999908447266,69.16999816894531,69.27999877929688,2262041
2026-05-15 14:45:00,69.28585052490234,69.58999633789062,68.95999908447266,69.52989959716797,2979076
2026-05-15 15:00:00,69.55000305175781,69.6500015258789,69.1500015258789,69.26499938964844,1661193
2026-05-15 15:15:00,69.26000213623047,69.33180236816406,69.0199966430664,69.16999816894531,908759
2026-05-15 15:30:00,69.16999816894531,69.33999633789062,69.02999877929688,69.23999786376953,1001762
2026-05-15 15:45:00,69.23999786376953,69.26000213623047,68.80999755859375,68.98999786376953,1156339
2026-05-15 16:00:00,68.98999786376953,69.0999984741211,68.68000030517578,68.80999755859375,2492347
2026-05-15 16:15:00,68.80999755859375,69.19999694824219,68.76000213623047,69.06990051269531,912690
2026-05-15 16:30:00,69.07499694824219,69.20999908447266,69.05000305175781,69.13999938964844,563821
2026-05-15 16:45:00,69.13880157470703,69.19999694824219,68.93499755859375,69.06999969482422,329740
2026-05-15 17:00:00,69.07499694824219,69.46499633789062,68.99530029296875,69.4385986328125,747860
2026-05-15 17:15:00,69.45999908447266,70.0199966430664,69.38999938964844,69.81999969482422,838245
2026-05-15 17:30:00,69.83000183105469,70.05999755859375,69.70999908447266,69.91500091552734,791399
2026-05-15 17:45:00,69.91999816894531,69.9800033569336,69.66999816894531,69.78500366210938,1307658
2026-05-15 18:00:00,69.83000183105469,69.86859893798828,69.66999816894531,69.83989715576172,817377
2026-05-15 18:15:00,69.84500122070312,69.8949966430664,69.55999755859375,69.68499755859375,733851
2026-05-15 18:30:00,69.69000244140625,69.69999694824219,69.43000030517578,69.57499694824219,480245
2026-05-15 18:45:00,69.57499694824219,69.70500183105469,69.4800033569336,69.5999984741211,284619
2026-05-15 19:00:00,69.5999984741211,69.62999725341797,69.22000122070312,69.25499725341797,754836
2026-05-15 19:15:00,69.25499725341797,69.37000274658203,69.125,69.22000122070312,721670
2026-05-15 19:30:00,69.2300033569336,69.38999938964844,69.20999908447266,69.21499633789062,1573381
2026-05-15 19:45:00,69.21499633789062,69.25499725341797,69.01000213623047,69.0250015258789,2656631
2026-05-18 13:30:00,70.2300033569336,70.58000183105469,70.06999969482422,70.19499969482422,4732695
2026-05-18 13:45:00,70.18499755859375,70.7699966430664,70.11000061035156,70.44000244140625,1259431
2026-05-18 14:00:00,70.44000244140625,70.47000122070312,69.73999786376953,69.875,2144827
2026-05-18 14:15:00,69.87999725341797,70.06999969482422,69.4800033569336,69.76000213623047,1264835
2026-05-18 14:30:00,69.75,69.80970001220703,69.02999877929688,69.30000305175781,1186300
2026-05-18 14:45:00,69.30999755859375,69.47000122070312,68.94999694824219,69.38500213623047,835377
2026-05-18 15:00:00,69.37999725341797,69.4800033569336,68.87999725341797,69.27999877929688,925707
2026-05-18 15:15:00,69.26499938964844,69.37999725341797,69.02999877929688,69.04499816894531,460976
2026-05-18 15:30:00,69.04000091552734,69.51000213623047,69.0199966430664,69.33999633789062,433528
2026-05-18 15:45:00,69.34571838378906,69.5999984741211,69.3301010131836,69.54010009765625,620736
2026-05-18 16:00:00,69.54000091552734,69.62000274658203,69.30000305175781,69.6050033569336,269555
2026-05-18 16:15:00,69.5999984741211,69.70999908447266,69.0208969116211,69.12999725341797,388425
2026-05-18 16:30:00,69.14920043945312,69.60990142822266,69.04000091552734,69.37000274658203,559072
2026-05-18 16:45:00,69.37000274658203,69.7699966430664,69.3499984741211,69.61499786376953,321497
2026-05-18 17:00:00,69.61000061035156,69.86000061035156,69.54000091552734,69.7699966430664,361402
2026-05-18 17:15:00,69.76499938964844,69.88999938964844,69.66500091552734,69.72000122070312,283607
2026-05-18 17:30:00,69.72000122070312,69.7699966430664,69.62000274658203,69.7300033569336,270212
2026-05-18 17:45:00,69.7300033569336,69.75499725341797,69.59200286865234,69.6500015258789,139884
2026-05-18 18:00:00,69.6449966430664,69.66500091552734,69.4800033569336,69.51000213623047,209530
2026-05-18 18:15:00,69.5199966430664,69.52999877929688,69.31999969482422,69.5199966430664,242470
2026-05-18 18:30:00,69.5199966430664,69.56999969482422,69.41500091552734,69.48999786376953,187903
2026-05-18 18:45:00,69.5,69.55500030517578,69.13999938964844,69.2300033569336,286105
2026-05-18 19:00:00,69.23999786376953,70.2300033569336,69.19499969482422,69.92500305175781,1563291
2026-05-18 19:15:00,69.93000030517578,69.94999694824219,69.55500030517578,69.68000030517578,406855
2026-05-18 19:30:00,69.69000244140625,70.00499725341797,69.63999938964844,69.94499969482422,840741
2026-05-18 19:45:00,69.94000244140625,70.11000061035156,69.92500305175781,69.95999908447266,1048157
2026-05-19 13:30:00,66.68000030517578,66.76000213623047,66.11000061035156,66.45500183105469,6282050
2026-05-19 13:45:00,66.45999908447266,67.48999786376953,66.44999694824219,67.30010223388672,2144241
2026-05-19 14:00:00,67.30000305175781,67.75,67.12000274658203,67.17500305175781,1325873
2026-05-19 14:15:00,67.16999816894531,67.36000061035156,66.88999938964844,67.16999816894531,741261
2026-05-19 14:30:00,67.18000030517578,67.30000305175781,66.8550033569336,67.05500030517578,844621
2026-05-19 14:45:00,67.05500030517578,67.08499908447266,66.63999938964844,67.03009796142578,694380
2026-05-19 15:00:00,67.02999877929688,67.18000030517578,66.76000213623047,67.0541000366211,558184
2026-05-19 15:15:00,67.06500244140625,67.3550033569336,67.03500366210938,67.22000122070312,507684
2026-05-19 15:30:00,67.20999908447266,67.45999908447266,67.18000030517578,67.27999877929688,516558
2026-05-19 15:45:00,67.28500366210938,67.43000030517578,67.13990020751953,67.375,296425
2026-05-19 16:00:00,67.37999725341797,67.54000091552734,67.16889953613281,67.22989654541016,381525
2026-05-19 16:15:00,67.2300033569336,67.48999786376953,67.1500015258789,67.45999908447266,420161
2026-05-19 16:30:00,67.45500183105469,67.5999984741211,67.41999816894531,67.48999786376953,380542
2026-05-19 16:45:00,67.5,67.6050033569336,67.46009826660156,67.54499816894531,298724
2026-05-19 17:00:00,67.54000091552734,67.76499938964844,67.54000091552734,67.75499725341797,312703
2026-05-19 17:15:00,67.76000213623047,67.80000305175781,67.56500244140625,67.5801010131836,359955
2026-05-19 17:30:00,67.58000183105469,67.6500015258789,67.41999816894531,67.45999908447266,413608
2026-05-19 17:45:00,67.45010375976562,67.4800033569336,67.33000183105469,67.4000015258789,412952
2026-05-19 18:00:00,67.41000366210938,67.46499633789062,67.3740005493164,67.3949966430664,237747
2026-05-19 18:15:00,67.4000015258789,67.41239929199219,67.04000091552734,67.18000030517578,407112
2026-05-19 18:30:00,67.18000030517578,67.37000274658203,67.05999755859375,67.3499984741211,352631
2026-05-19 18:45:00,67.33999633789062,67.37000274658203,67.01000213623047,67.09500122070312,287990
2026-05-19 19:00:00,67.08999633789062,67.19999694824219,67.05999755859375,67.12421417236328,350354
2026-05-19 19:15:00,67.125,67.13500213623047,66.91500091552734,66.9800033569336,718991
2026-05-19 19:30:00,66.9749984741211,67.20999908447266,66.94999694824219,67.125,1392347
2026-05-19 19:45:00,67.12000274658203,67.13500213623047,66.81999969482422,66.90499877929688,1564139
2026-05-20 13:30:00,67.81999969482422,67.98999786376953,67.55000305175781,67.87000274658203,2594641
2026-05-20 13:45:00,67.87000274658203,68.0199966430664,67.58999633789062,67.7300033569336,849410
2026-05-20 14:00:00,67.73500061035156,67.8396987915039,67.33000183105469,67.68000030517578,818841
2026-05-20 14:15:00,67.69000244140625,68.70999908447266,67.68000030517578,68.6449966430664,1883091
2026-05-20 14:30:00,68.6500015258789,69.33000183105469,68.64929962158203,68.80500030517578,1658098
2026-05-20 14:45:00,68.80999755859375,69.16500091552734,68.69000244140625,68.8499984741211,861067
2026-05-20 15:00:00,68.83000183105469,69.04000091552734,68.41000366210938,68.45999908447266,1069840
2026-05-20 15:15:00,68.45999908447266,69.2699966430664,68.44999694824219,68.55000305175781,1742786
2026-05-20 15:30:00,68.55000305175781,68.80000305175781,68.55000305175781,68.76499938964844,607545
2026-05-20 15:45:00,68.76499938964844,68.87000274658203,68.41500091552734,68.52999877929688,465740
2026-05-20 16:00:00,68.52999877929688,68.75499725341797,68.50499725341797,68.68499755859375,348367
2026-05-20 16:15:00,68.68000030517578,68.68000030517578,68.36000061035156,68.44000244140625,496412
2026-05-20 16:30:00,68.44999694824219,68.66999816894531,68.39009857177734,68.625,770976
2026-05-20 16:45:00,68.66999816894531,68.70989990234375,68.5199966430664,68.68499755859375,255767
2026-05-20 17:00:00,68.69000244140625,68.92500305175781,68.5999984741211,68.81500244140625,381203
2026-05-20 17:15:00,68.82119750976562,68.91000366210938,68.55999755859375,68.69499969482422,365839
2026-05-20 17:30:00,68.69999694824219,68.83999633789062,68.5999984741211,68.71009826660156,374526
2026-05-20 17:45:00,68.70999908447266,68.78500366210938,68.625,68.64299774169922,161188
2026-05-20 18:00:00,68.63999938964844,68.88150024414062,68.55000305175781,68.83999633789062,302543
2026-05-20 18:15:00,68.83999633789062,68.94000244140625,68.72000122070312,68.88999938964844,285463
2026-05-20 18:30:00,68.88999938964844,69.12000274658203,68.87999725341797,68.87999725341797,661328
2026-05-20 18:45:00,68.87999725341797,69.05000305175781,68.87000274658203,68.95989990234375,364850
2026-05-20 19:00:00,68.95999908447266,69.06999969482422,68.94059753417969,69.0199966430664,248621
2026-05-20 19:15:00,69.0250015258789,69.02999877929688,68.7750015258789,68.80500030517578,967696
2026-05-20 19:30:00,68.80989837646484,69.0,68.75,68.87999725341797,663156
2026-05-20 19:45:00,68.88500213623047,68.88999938964844,68.69000244140625,68.7300033569336,950559
2026-05-21 13:30:00,67.68000030517578,67.68000030517578,67.30999755859375,67.55999755859375,2459452
2026-05-21 13:45:00,67.55999755859375,68.5,67.55000305175781,68.22000122070312,1171609
2026-05-21 14:00:00,68.23999786376953,68.25,67.8499984741211,68.02999877929688,829250
2026-05-21 14:15:00,68.04000091552734,68.08000183105469,67.73999786376953,67.98979949951172,477464
2026-05-21 14:30:00,68.0,68.0999984741211,67.76499938964844,67.83999633789062,395669
2026-05-21 14:45:00,67.83000183105469,68.0,67.70999908447266,67.93499755859375,448703
2026-05-21 15:00:00,67.94000244140625,68.3550033569336,67.76000213623047,68.16000366210938,499001
2026-05-21 15:15:00,68.19000244140625,68.31999969482422,68.02999877929688,68.08999633789062,333382
2026-05-21 15:30:00,68.08999633789062,68.19000244140625,68.05999755859375,68.11000061035156,711123
2026-05-21 15:45:00,68.0999984741211,68.375,68.0999984741211,68.33499908447266,336625
2026-05-21 16:00:00,68.33999633789062,68.75,68.33999633789062,68.53980255126953,677310
2026-05-21 16:15:00,68.52999877929688,68.63500213623047,68.44080352783203,68.55500030517578,290617
2026-05-21 16:30:00,68.55000305175781,68.76000213623047,68.54499816894531,68.70500183105469,253797
2026-05-21 16:45:00,68.70999908447266,68.77999877929688,68.61499786376953,68.75,169177
2026-05-21 17:00:00,68.76000213623047,69.19999694824219,68.66000366210938,68.95999908447266,951215
2026-05-21 17:15:00,68.95999908447266,69.58499908447266,68.94000244140625,69.26020050048828,1263147
2026-05-21 17:30:00,69.26000213623047,69.55999755859375,69.18000030517578,69.5,671532
2026-05-21 17:45:00,69.50499725341797,69.75,69.37999725341797,69.44499969482422,769772
2026-05-21 18:00:00,69.43000030517578,69.57499694824219,69.22000122070312,69.38999938964844,374407
2026-05-21 18:15:00,69.38999938964844,69.63919830322266,69.36000061035156,69.58000183105469,268310
2026-05-21 18:30:00,69.56999969482422,69.59500122070312,69.3550033569336,69.5250015258789,251577
2026-05-21 18:45:00,69.52999877929688,69.53500366210938,68.77999877929688,69.0,785339
2026-05-21 19:00:00,68.98999786376953,69.13999938964844,68.91000366210938,69.12000274658203,338193
2026-05-21 19:15:00,69.12000274658203,69.33000183105469,69.12000274658203,69.23500061035156,320421
2026-05-21 19:30:00,69.23999786376953,69.41999816894531,69.20999908447266,69.36499786376953,447861
2026-05-21 19:45:00,69.36000061035156,69.54499816894531,69.20999908447266,69.44000244140625,1105738
2026-05-22 13:30:00,68.86000061035156,69.02999877929688,68.44999694824219,68.73500061035156,2563774
2026-05-22 13:45:00,68.7300033569336,68.80999755859375,68.5199966430664,68.73999786376953,488057
2026-05-22 14:00:00,68.73999786376953,68.73999786376953,68.05999755859375,68.16000366210938,959185
2026-05-22 14:15:00,68.12999725341797,68.30999755859375,67.79499816894531,68.05000305175781,1181012
2026-05-22 14:30:00,68.05999755859375,68.2699966430664,67.98999786376953,68.25,549617
2026-05-22 14:45:00,68.25,68.33999633789062,68.06500244140625,68.08499908447266,485872
2026-05-22 15:00:00,68.08999633789062,68.45999908447266,68.07499694824219,68.33999633789062,664111
2026-05-22 15:15:00,68.3499984741211,68.64800262451172,68.32499694824219,68.625,519593
2026-05-22 15:30:00,68.62999725341797,68.68000030517578,68.4800033569336,68.51499938964844,293895
2026-05-22 15:45:00,68.51499938964844,68.73999786376953,68.45999908447266,68.71099853515625,372853
2026-05-22 16:00:00,68.72000122070312,68.7750015258789,68.58999633789062,68.7300033569336,462333
2026-05-22 16:15:00,68.72000122070312,68.95999908447266,68.5801010131836,68.91500091552734,353344
2026-05-22 16:30:00,68.91999816894531,69.01000213623047,68.56999969482422,68.59500122070312,263888
2026-05-22 16:45:00,68.5999984741211,68.69000244140625,68.49500274658203,68.64649963378906,227284
2026-05-22 17:00:00,68.6449966430664,68.86000061035156,68.6449966430664,68.80000305175781,307129
2026-05-22 17:15:00,68.79000091552734,68.98999786376953,68.53500366210938,68.98500061035156,665328
2026-05-22 17:30:00,68.9800033569336,69.05999755859375,68.66999816894531,68.7249984741211,547831
2026-05-22 17:45:00,68.7242431640625,68.76499938964844,68.65899658203125,68.70500183105469,163932
2026-05-22 18:00:00,68.71499633789062,68.73500061035156,68.54499816894531,68.69000244140625,264932
2026-05-22 18:15:00,68.69000244140625,68.77999877929688,68.63999938964844,68.70999908447266,203395
2026-05-22 18:30:00,68.69000244140625,68.83999633789062,68.6050033569336,68.68000030517578,244152
2026-05-22 18:45:00,68.69000244140625,68.70999908447266,68.5999984741211,68.66999816894531,158569
2026-05-22 19:00:00,68.68000030517578,68.69999694824219,68.34500122070312,68.36009979248047,428058
2026-05-22 19:15:00,68.37000274658203,68.42990112304688,68.29000091552734,68.31559753417969,216837
2026-05-22 19:30:00,68.31999969482422,68.44999694824219,68.20500183105469,68.41999816894531,577889
2026-05-22 19:45:00,68.41000366210938,68.44999694824219,68.33999633789062,68.36000061035156,868748
2026-05-26 13:30:00,69.0199966430664,69.33000183105469,68.95999908447266,69.18000030517578,2871496
2026-05-26 13:45:00,69.18000030517578,69.2699966430664,68.66500091552734,68.76000213623047,1080110
2026-05-26 14:00:00,68.7699966430664,68.98999786376953,68.58499908447266,68.84010314941406,686432
2026-05-26 14:15:00,68.83999633789062,69.06009674072266,68.82489776611328,69.05999755859375,517230
2026-05-26 14:30:00,69.04499816894531,69.27999877929688,69.01930236816406,69.11000061035156,567510
2026-05-26 14:45:00,69.11000061035156,69.19000244140625,68.88050079345703,69.04000091552734,372522
2026-05-26 15:00:00,69.05000305175781,69.05000305175781,68.80999755859375,68.91999816894531,361067
2026-05-26 15:15:00,68.91000366210938,68.96228790283203,68.73999786376953,68.79000091552734,321574
2026-05-26 15:30:00,68.80999755859375,68.91000366210938,68.69999694824219,68.8949966430664,271795
2026-05-26 15:45:00,68.9000015258789,68.91000366210938,68.61000061035156,68.7300033569336,307106
2026-05-26 16:00:00,68.75,68.81009674072266,68.68424987792969,68.7499008178711,205265
2026-05-26 16:15:00,68.73999786376953,68.94000244140625,68.70069885253906,68.92500305175781,223217
2026-05-26 16:30:00,68.93000030517578,69.08999633789062,68.87000274658203,68.875,371168
2026-05-26 16:45:00,68.87000274658203,68.91000366210938,68.7750015258789,68.88899993896484,202951
2026-05-26 17:00:00,68.8949966430664,68.95999908447266,68.81999969482422,68.91999816894531,194273
2026-05-26 17:15:00,68.91000366210938,69.07499694824219,68.90489959716797,68.92500305175781,417042
2026-05-26 17:30:00,68.92009735107422,68.92009735107422,68.76000213623047,68.80500030517578,466923
2026-05-26 17:45:00,68.80500030517578,68.86990356445312,68.70500183105469,68.7249984741211,221976
2026-05-26 18:00:00,68.7249984741211,68.7698974609375,68.61000061035156,68.72000122070312,388926
2026-05-26 18:15:00,68.7249984741211,68.87000274658203,68.70999908447266,68.81999969482422,226633
2026-05-26 18:30:00,68.80999755859375,68.98999786376953,68.80000305175781,68.9800033569336,195914
2026-05-26 18:45:00,68.9801025390625,69.22000122070312,68.9801025390625,69.18000030517578,1127170
2026-05-26 19:00:00,69.19000244140625,69.38999938964844,69.16000366210938,69.37010192871094,392312
2026-05-26 19:15:00,69.3718032836914,69.52989959716797,69.33999633789062,69.38999938964844,501854
2026-05-26 19:30:00,69.38999938964844,69.6500015258789,69.37999725341797,69.6500015258789,580767
2026-05-26 19:45:00,69.6500015258789,69.72404479980469,69.56999969482422,69.72000122070312,1239382
2026-05-27 13:30:00,66.88400268554688,67.54000091552734,66.87999725341797,67.16500091552734,4528963
2026-05-27 13:45:00,67.16000366210938,67.58999633789062,67.15499877929688,67.44000244140625,823007
2026-05-27 14:00:00,67.44999694824219,67.80999755859375,67.3550033569336,67.58000183105469,833566
2026-05-27 14:15:00,67.58000183105469,67.91500091552734,67.48999786376953,67.67009735107422,752602
2026-05-27 14:30:00,67.66000366210938,67.75499725341797,67.37999725341797,67.5199966430664,822706
2026-05-27 14:45:00,67.53500366210938,67.68000030517578,67.20999908447266,67.23979949951172,420704
2026-05-27 15:00:00,67.22257995605469,67.3488998413086,67.12000274658203,67.30500030517578,468036
2026-05-27 15:15:00,67.30000305175781,67.41999816894531,67.21499633789062,67.41999816894531,314113
2026-05-27 15:30:00,67.42500305175781,67.55000305175781,67.28600311279297,67.33499908447266,379006
2026-05-27 15:45:00,67.33499908447266,67.47010040283203,67.26000213623047,67.41500091552734,307872
2026-05-27 16:00:00,67.4000015258789,67.55999755859375,67.32099914550781,67.49099731445312,282343
2026-05-27 16:15:00,67.50499725341797,67.6500015258789,67.45459747314453,67.61000061035156,236917
2026-05-27 16:30:00,67.58999633789062,67.70999908447266,67.55470275878906,67.625,193269
2026-05-27 16:45:00,67.63999938964844,67.68000030517578,67.50499725341797,67.58999633789062,1147633
2026-05-27 17:00:00,67.5999984741211,67.5999984741211,67.3499984741211,67.43499755859375,356510
2026-05-27 17:15:00,67.44000244140625,67.5999984741211,67.41000366210938,67.45999908447266,238997
2026-05-27 17:30:00,67.4573974609375,67.5999984741211,67.44000244140625,67.48999786376953,154958
2026-05-27 17:45:00,67.48500061035156,67.54000091552734,67.37999725341797,67.38500213623047,178925
2026-05-27 18:00:00,67.37999725341797,67.44999694824219,67.33499908447266,67.44999694824219,148074
2026-05-27 18:15:00,67.45500183105469,67.8499984741211,67.44499969482422,67.6449966430664,325963
2026-05-27 18:30:00,67.6500015258789,67.72000122070312,67.55999755859375,67.62999725341797,115074
2026-05-27 18:45:00,67.62000274658203,67.66999816894531,67.55999755859375,67.65740203857422,184442
2026-05-27 19:00:00,67.66999816894531,67.68000030517578,67.54499816894531,67.5999984741211,209886
2026-05-27 19:15:00,67.59480285644531,67.65499877929688,67.48500061035156,67.49500274658203,347538
2026-05-27 19:30:00,67.49819946289062,67.62000274658203,67.44999694824219,67.55999755859375,421537
2026-05-27 19:45:00,67.55000305175781,67.57499694824219,67.44000244140625,67.50700378417969,1085222
2026-05-28 13:30:00,66.55000305175781,66.61000061035156,66.20500183105469,66.36000061035156,3238825
2026-05-28 13:45:00,66.3499984741211,66.5999984741211,66.25,66.36000061035156,727198
2026-05-28 14:00:00,66.36000061035156,67.43000030517578,66.15499877929688,67.36499786376953,1461658
2026-05-28 14:15:00,67.36499786376953,67.69000244140625,67.12000274658203,67.4800033569336,2323575
2026-05-28 14:30:00,67.46009826660156,67.62000274658203,67.08999633789062,67.41999816894531,713432
2026-05-28 14:45:00,67.41999816894531,67.69000244140625,67.32499694824219,67.4999008178711,858166
2026-05-28 15:00:00,67.5,67.69999694824219,67.44999694824219,67.52999877929688,409396
2026-05-28 15:15:00,67.54000091552734,67.66000366210938,67.36499786376953,67.56999969482422,324765
2026-05-28 15:30:00,67.58000183105469,67.85009765625,67.58000183105469,67.77999877929688,425678
2026-05-28 15:45:00,67.7750015258789,67.90499877929688,67.73999786376953,67.90499877929688,404253
2026-05-28 16:00:00,67.91000366210938,67.93000030517578,67.69000244140625,67.86000061035156,356735
2026-05-28 16:15:00,67.87999725341797,68.51000213623047,67.83999633789062,68.40499877929688,955606
2026-05-28 16:30:00,68.40499877929688,68.4800033569336,68.22000122070312,68.46499633789062,412061
2026-05-28 16:45:00,68.47000122070312,68.58999633789062,68.44999694824219,68.54499816894531,487550
2026-05-28 17:00:00,68.55000305175781,68.625,68.41500091552734,68.4800033569336,1382834
2026-05-28 17:15:00,68.47509765625,68.4859390258789,68.33999633789062,68.3499984741211,284828
2026-05-28 17:30:00,68.3499984741211,68.53500366210938,68.3499984741211,68.50499725341797,238523
2026-05-28 17:45:00,68.50499725341797,68.7249984741211,68.50499725341797,68.63500213623047,538106
2026-05-28 18:00:00,68.63500213623047,68.75,68.51000213623047,68.6050033569336,348839
2026-05-28 18:15:00,68.5999984741211,68.76000213623047,68.54000091552734,68.55000305175781,486514
2026-05-28 18:30:00,68.55999755859375,68.55999755859375,68.37020111083984,68.44989776611328,242789
2026-05-28 18:45:00,68.44999694824219,68.44999694824219,68.37000274658203,68.41000366210938,209669
2026-05-28 19:00:00,68.41000366210938,68.43000030517578,68.29000091552734,68.30000305175781,342636
2026-05-28 19:15:00,68.30500030517578,68.38999938964844,68.29499816894531,68.34500122070312,203588
2026-05-28 19:30:00,68.3499984741211,68.44999694824219,68.33499908447266,68.38999938964844,247160
2026-05-28 19:45:00,68.4000015258789,68.4000015258789,68.31999969482422,68.33999633789062,653042
2026-05-29 13:30:00,68.55999755859375,68.62000274658203,68.01010131835938,68.33499908447266,2069525
2026-05-29 13:45:00,68.33999633789062,68.37000274658203,68.13999938964844,68.2699966430664,616994
2026-05-29 14:00:00,68.27999877929688,68.50499725341797,68.12999725341797,68.13990020751953,574120
2026-05-29 14:15:00,68.13500213623047,68.15499877929688,67.61000061035156,67.66999816894531,960155
2026-05-29 14:30:00,67.66000366210938,68.0,67.4800033569336,67.81999969482422,863090
2026-05-29 14:45:00,67.81990051269531,68.62000274658203,67.70999908447266,68.38999938964844,1859406
2026-05-29 15:00:00,68.41999816894531,69.34500122070312,68.41000366210938,69.23500061035156,1600939
2026-05-29 15:15:00,69.23999786376953,69.30000305175781,68.63999938964844,68.66000366210938,885894
2026-05-29 15:30:00,68.67500305175781,68.80999755859375,68.30999755859375,68.44000244140625,682179
2026-05-29 15:45:00,68.44000244140625,68.55000305175781,68.30999755859375,68.51000213623047,392929
2026-05-29 16:00:00,68.5199966430664,68.5199966430664,68.20999908447266,68.33499908447266,342963
2026-05-29 16:15:00,68.33000183105469,68.44499969482422,68.30999755859375,68.3333969116211,242071
2026-05-29 16:30:00,68.33999633789062,68.70999908447266,68.30500030517578,68.66999816894531,536445
2026-05-29 16:45:00,68.68000030517578,68.68000030517578,68.44999694824219,68.58999633789062,317729
2026-05-29 17:00:00,68.58999633789062,68.66999816894531,68.38999938964844,68.43499755859375,599290
2026-05-29 17:15:00,68.44000244140625,68.47000122070312,68.25499725341797,68.37000274658203,348376
2026-05-29 17:30:00,68.36000061035156,68.4000015258789,68.2699966430664,68.31999969482422,214321
2026-05-29 17:45:00,68.31500244140625,68.41000366210938,68.12999725341797,68.19499969482422,261674
2026-05-29 18:00:00,68.1885986328125,68.4000015258789,68.16000366210938,68.38999938964844,256973
2026-05-29 18:15:00,68.4000015258789,68.5,68.36000061035156,68.43499755859375,260731
2026-05-29 18:30:00,68.44499969482422,68.52999877929688,68.43499755859375,68.44200134277344,163441
2026-05-29 18:45:00,68.44000244140625,68.44000244140625,68.19000244140625,68.26000213623047,366133
2026-05-29 19:00:00,68.26000213623047,68.58000183105469,68.26000213623047,68.51000213623047,346715
2026-05-29 19:15:00,68.51000213623047,68.5250015258789,68.3949966430664,68.41000366210938,261894
2026-05-29 19:30:00,68.41000366210938,68.44000244140625,68.3499984741211,68.375,288795
2026-05-29 19:45:00,68.37989807128906,68.4000015258789,68.26599884033203,68.33999633789062,838830
2026-06-01 13:30:00,67.48999786376953,67.69999694824219,67.29000091552734,67.41500091552734,2463873
2026-06-01 13:45:00,67.40499877929688,67.5250015258789,66.81500244140625,66.87999725341797,1804191
2026-06-01 14:00:00,66.87000274658203,67.31999969482422,66.80000305175781,67.29499816894531,884787
2026-06-01 14:15:00,67.29499816894531,67.40499877929688,67.0199966430664,67.24500274658203,788692
2026-06-01 14:30:00,67.23999786376953,67.41999816894531,67.19000244140625,67.37999725341797,395892
2026-06-01 14:45:00,67.38999938964844,67.42500305175781,67.06999969482422,67.2300033569336,407280
2026-06-01 15:00:00,67.2300033569336,67.52999877929688,67.06999969482422,67.4800033569336,506464
2026-06-01 15:15:00,67.47309875488281,67.59500122070312,67.3550033569336,67.52999877929688,444587
2026-06-01 15:30:00,67.5199966430664,68.05999755859375,67.5199966430664,67.79000091552734,996200
2026-06-01 15:45:00,67.81500244140625,67.8550033569336,67.68000030517578,67.7490005493164,321051
2026-06-01 16:00:00,67.73999786376953,67.91999816894531,67.51000213623047,67.5999984741211,528773
2026-06-01 16:15:00,67.59020233154297,67.62999725341797,67.47000122070312,67.59500122070312,350650
2026-06-01 16:30:00,67.61000061035156,67.68000030517578,67.49009704589844,67.4990005493164,293835
2026-06-01 16:45:00,67.5,67.88999938964844,67.48500061035156,67.81500244140625,339578
2026-06-01 17:00:00,67.81999969482422,67.87000274658203,67.72000122070312,67.81999969482422,371046
2026-06-01 17:15:00,67.82499694824219,68.0,67.71499633789062,68.0,338857
2026-06-01 17:30:00,68.0,68.18499755859375,67.8499984741211,68.08999633789062,678292
2026-06-01 17:45:00,68.08499908447266,68.23500061035156,68.07499694824219,68.13999938964844,488573
2026-06-01 18:00:00,68.1500015258789,68.19000244140625,68.01000213623047,68.0250015258789,520559
2026-06-01 18:15:00,68.0250015258789,68.0999984741211,67.98380279541016,67.99500274658203,271207
2026-06-01 18:30:00,68.0,68.05000305175781,67.91000366210938,68.05000305175781,195355
2026-06-01 18:45:00,68.04900360107422,68.10009765625,68.03009796142578,68.03500366210938,191195
2026-06-01 19:00:00,68.04000091552734,68.05000305175781,67.88500213623047,67.88999938964844,337250
2026-06-01 19:15:00,67.88999938964844,67.9000015258789,67.81999969482422,67.8290023803711,210815
2026-06-01 19:30:00,67.82499694824219,67.87000274658203,67.76000213623047,67.77999877929688,443240
2026-06-01 19:45:00,67.7750015258789,67.80000305175781,67.61000061035156,67.66999816894531,978825
2026-06-02 13:30:00,68.69000244140625,69.02999877929688,68.56500244140625,68.87999725341797,2184029
2026-06-02 13:45:00,68.87000274658203,68.98500061035156,68.59500122070312,68.6449966430664,755153
2026-06-02 14:00:00,68.6449966430664,68.7300033569336,68.44499969482422,68.56069946289062,557070
2026-06-02 14:15:00,68.56500244140625,68.58999633789062,68.05000305175781,68.23999786376953,740888
2026-06-02 14:30:00,68.25,68.63500213623047,68.25,68.59500122070312,464947
2026-06-02 14:45:00,68.6050033569336,68.66999816894531,68.41500091552734,68.48500061035156,370551
2026-06-02 15:00:00,68.49169921875,68.7300033569336,68.47000122070312,68.61000061035156,339979
2026-06-02 15:15:00,68.62000274658203,68.75499725341797,68.58000183105469,68.67500305175781,236266
2026-06-02 15:30:00,68.67500305175781,68.77999877929688,68.59500122070312,68.65010070800781,215211
2026-06-02 15:45:00,68.6500015258789,68.73619842529297,68.48999786376953,68.53204345703125,200672
2026-06-02 16:00:00,68.54000091552734,68.56999969482422,68.41500091552734,68.45999908447266,371108
2026-06-02 16:15:00,68.46499633789062,68.47000122070312,68.19000244140625,68.23999786376953,285541
2026-06-02 16:30:00,68.2300033569336,68.29000091552734,68.12999725341797,68.19499969482422,283917
2026-06-02 16:45:00,68.19000244140625,68.36000061035156,68.16999816894531,68.2249984741211,156382
2026-06-02 17:00:00,68.23999786376953,68.30999755859375,68.0999984741211,68.21499633789062,301177
2026-06-02 17:15:00,68.22000122070312,68.22000122070312,68.04000091552734,68.12999725341797,251467
2026-06-02 17:30:00,68.13999938964844,68.23999786376953,67.86000061035156,67.93000030517578,405722
2026-06-02 17:45:00,67.93499755859375,67.98500061035156,67.88999938964844,67.93499755859375,131214
2026-06-02 18:00:00,67.93499755859375,68.08000183105469,67.9000015258789,67.93499755859375,170389
2026-06-02 18:15:00,67.92500305175781,68.08499908447266,67.9000015258789,68.00990295410156,138862
2026-06-02 18:30:00,68.0000991821289,68.02999877929688,67.62999725341797,67.68499755859375,284956
2026-06-02 18:45:00,67.66999816894531,68.00990295410156,67.63999938964844,67.97640228271484,876553
2026-06-02 19:00:00,67.97000122070312,68.05999755859375,67.94999694824219,67.94999694824219,299793
2026-06-02 19:15:00,67.94000244140625,68.0,67.87000274658203,68.0,293036
2026-06-02 19:30:00,67.99099731445312,68.0199966430664,67.8499984741211,67.95500183105469,292934
2026-06-02 19:45:00,67.95500183105469,68.01000213623047,67.91999816894531,68.0,527186
2026-06-03 13:30:00,67.0,67.13999938964844,66.20500183105469,66.20999908447266,2860555
2026-06-03 13:45:00,66.20989990234375,66.76000213623047,66.18499755859375,66.7300033569336,980207
2026-06-03 14:00:00,66.73999786376953,66.91010284423828,66.6050033569336,66.70999908447266,490349
2026-06-03 14:15:00,66.70999908447266,66.88999938964844,66.49500274658203,66.70500183105469,735131
2026-06-03 14:30:00,66.69999694824219,66.73500061035156,66.52999877929688,66.62999725341797,324573
2026-06-03 14:45:00,66.62999725341797,66.94000244140625,66.58000183105469,66.86000061035156,361887
2026-06-03 15:00:00,66.87999725341797,66.93000030517578,66.44999694824219,66.4749984741211,337911
2026-06-03 15:15:00,66.48999786376953,66.72000122070312,66.2249984741211,66.43499755859375,915968
2026-06-03 15:30:00,66.41000366210938,66.52999877929688,66.29000091552734,66.45500183105469,494571
2026-06-03 15:45:00,66.44999694824219,66.4800033569336,66.31999969482422,66.3949966430664,319978
2026-06-03 16:00:00,66.4000015258789,66.51000213623047,66.27999877929688,66.3499984741211,202217
2026-06-03 16:15:00,66.36000061035156,66.42500305175781,66.16999816894531,66.34500122070312,304284
2026-06-03 16:30:00,66.33999633789062,66.46499633789062,66.26499938964844,66.33419799804688,351745
2026-06-03 16:45:00,66.33399963378906,66.44999694824219,66.1449966430664,66.43000030517578,495555
2026-06-03 17:00:00,66.44499969482422,66.66999816894531,66.375,66.40499877929688,354908
2026-06-03 17:15:00,66.4126968383789,66.51000213623047,66.33000183105469,66.36299896240234,232758
2026-06-03 17:30:00,66.36000061035156,66.47000122070312,66.28510284423828,66.41999816894531,225519
2026-06-03 17:45:00,66.43000030517578,66.43499755859375,66.1500015258789,66.28500366210938,383114
2026-06-03 18:00:00,66.28500366210938,66.37999725341797,66.21499633789062,66.26000213623047,222239
2026-06-03 18:15:00,66.25,66.30999755859375,66.0999984741211,66.23889923095703,404607
2026-06-03 18:30:00,66.23500061035156,66.30999755859375,66.13500213623047,66.19000244140625,292705
2026-06-03 18:45:00,66.18000030517578,66.30000305175781,66.17500305175781,66.23999786376953,176946
2026-06-03 19:00:00,66.23999786376953,66.37000274658203,66.19000244140625,66.31500244140625,231011
2026-06-03 19:15:00,66.30999755859375,66.47000122070312,66.27999877929688,66.33999633789062,311060
2026-06-03 19:30:00,66.3301010131836,66.43000030517578,66.33000183105469,66.36000061035156,220041
2026-06-03 19:45:00,66.3499984741211,66.3499984741211,66.19000244140625,66.21499633789062,823307
2026-06-04 13:30:00,67.5,67.69999694824219,67.41000366210938,67.69999694824219,2746163
2026-06-04 13:45:00,67.69999694824219,67.72000122070312,67.19999694824219,67.19999694824219,610168
2026-06-04 14:00:00,67.20999908447266,67.30999755859375,66.87049865722656,67.01399993896484,1349827
2026-06-04 14:15:00,67.0199966430664,67.12999725341797,66.81999969482422,66.94000244140625,434409
2026-06-04 14:30:00,66.94999694824219,66.97000122070312,66.72000122070312,66.79000091552734,526568
2026-06-04 14:45:00,66.80000305175781,66.8125991821289,66.19999694824219,66.46499633789062,786254
2026-06-04 15:00:00,66.45999908447266,66.71499633789062,66.41500091552734,66.69000244140625,373171
2026-06-04 15:15:00,66.68000030517578,66.70500183105469,66.53500366210938,66.59500122070312,184861
2026-06-04 15:30:00,66.5999984741211,66.80609893798828,66.58999633789062,66.72000122070312,305207
2026-06-04 15:45:00,66.72000122070312,66.80999755859375,66.66100311279297,66.79000091552734,228281
2026-06-04 16:00:00,66.79499816894531,66.9093017578125,66.75,66.79499816894531,196718
2026-06-04 16:15:00,66.79499816894531,66.87000274658203,66.74500274658203,66.80000305175781,265379
2026-06-04 16:30:00,66.80999755859375,66.83499908447266,66.72000122070312,66.79499816894531,171039
2026-06-04 16:45:00,66.80000305175781,66.83499908447266,66.75,66.78500366210938,253133
2026-06-04 17:00:00,66.76000213623047,66.86000061035156,66.68009948730469,66.69499969482422,218725
2026-06-04 17:15:00,66.69499969482422,66.79000091552734,66.58000183105469,66.7750015258789,423339
2026-06-04 17:30:00,66.79000091552734,66.98500061035156,66.7750015258789,66.875,320417
2026-06-04 17:45:00,66.87999725341797,66.93000030517578,66.83000183105469,66.85359954833984,227785
2026-06-04 18:00:00,66.86000061035156,66.98999786376953,66.77999877929688,66.94999694824219,274925
2026-06-04 18:15:00,66.94499969482422,67.0198974609375,66.88500213623047,66.91500091552734,165872
2026-06-04 18:30:00,66.91000366210938,66.91999816894531,66.76000213623047,66.80999755859375,169444
2026-06-04 18:45:00,66.81999969482422,66.94000244140625,66.80999755859375,66.88999938964844,170241
2026-06-04 19:00:00,66.9000015258789,67.01499938964844,66.83000183105469,66.875,195350
2026-06-04 19:15:00,66.875,66.9655990600586,66.86000061035156,66.95999908447266,133282
2026-06-04 19:30:00,66.96499633789062,67.04499816894531,66.91500091552734,67.0,287508
2026-06-04 19:45:00,67.00499725341797,67.01499938964844,66.91999816894531,66.9800033569336,439331
2026-06-05 13:30:00,64.05999755859375,64.24500274658203,63.595001220703125,63.75,6473018
2026-06-05 13:45:00,63.7400016784668,63.84000015258789,62.95000076293945,62.970001220703125,2584990
2026-06-05 14:00:00,62.96500015258789,63.27000045776367,62.65999984741211,62.73899841308594,2570516
2026-06-05 14:15:00,62.7400016784668,62.95000076293945,62.20000076293945,62.540000915527344,1853650
2026-06-05 14:30:00,62.540000915527344,62.79999923706055,62.25,62.375,1535941
2026-06-05 14:45:00,62.36000061035156,62.77989959716797,62.220001220703125,62.77069854736328,1235623
2026-06-05 15:00:00,62.775001525878906,62.83449935913086,62.2400016784668,62.2400016784668,1032384
2026-06-05 15:15:00,62.2400016784668,62.43000030517578,61.94889831542969,62.369998931884766,1485219
2026-06-05 15:30:00,62.369998931884766,62.48500061035156,61.97999954223633,62.290000915527344,986161
2026-06-05 15:45:00,62.27000045776367,62.38999938964844,62.13999938964844,62.15999984741211,1012918
2026-06-05 16:00:00,62.16999816894531,62.349998474121094,62.060001373291016,62.2400016784668,1777513
2026-06-05 16:15:00,62.2400016784668,62.45000076293945,62.03499984741211,62.33000183105469,827365
2026-06-05 16:30:00,62.310001373291016,62.32500076293945,62.0099983215332,62.060001373291016,665631
2026-06-05 16:45:00,62.06999969482422,62.6150016784668,61.915000915527344,62.59000015258789,973985
2026-06-05 17:00:00,62.599998474121094,62.689998626708984,62.29999923706055,62.435001373291016,701764
2026-06-05 17:15:00,62.439998626708984,62.60499954223633,62.27000045776367,62.42499923706055,980889
2026-06-05 17:30:00,62.41999816894531,62.51499938964844,62.2599983215332,62.279998779296875,524664
2026-06-05 17:45:00,62.279998779296875,62.380001068115234,62.18000030517578,62.31999969482422,384312
2026-06-05 18:00:00,62.31999969482422,62.349998474121094,61.71500015258789,61.72999954223633,906235
2026-06-05 18:15:00,61.71500015258789,61.9723014831543,61.57500076293945,61.63999938964844,1083888
2026-06-05 18:30:00,61.63999938964844,61.7400016784668,61.5,61.61000061035156,946004
2026-06-05 18:45:00,61.60499954223633,61.86000061035156,61.54499816894531,61.744998931884766,793647
2026-06-05 19:00:00,61.75,61.7599983215332,61.510101318359375,61.540000915527344,647137
2026-06-05 19:15:00,61.54499816894531,61.755001068115234,61.45000076293945,61.75,1067424
2026-06-05 19:30:00,61.75,61.79999923706055,61.35499954223633,61.529998779296875,969180
2026-06-05 19:45:00,61.529998779296875,61.72999954223633,61.5099983215332,61.560001373291016,2343466
2026-06-08 13:30:00,62.029998779296875,62.29499816894531,61.95000076293945,61.9900016784668,4132408
2026-06-08 13:45:00,62.0,62.005001068115234,61.435001373291016,61.45000076293945,1041132
2026-06-08 14:00:00,61.459999084472656,61.59000015258789,61.23500061035156,61.34000015258789,1034679
2026-06-08 14:15:00,61.339900970458984,61.56999969482422,61.29999923706055,61.5099983215332,1041566
2026-06-08 14:30:00,61.5099983215332,61.68000030517578,61.349998474121094,61.66889953613281,865165
2026-06-08 14:45:00,61.665000915527344,61.904998779296875,61.439998626708984,61.875,2212310
2026-06-08 15:00:00,61.880001068115234,61.97999954223633,61.73500061035156,61.76499938964844,510030
2026-06-08 15:15:00,61.760101318359375,62.095001220703125,61.720001220703125,61.974998474121094,933919
2026-06-08 15:30:00,61.97999954223633,62.25,61.904998779296875,62.25,682610
2026-06-08 15:45:00,62.2400016784668,62.290000915527344,62.099998474121094,62.11000061035156,590865
2026-06-08 16:00:00,62.1150016784668,62.16999816894531,62.029998779296875,62.125,750499
2026-06-08 16:15:00,62.13999938964844,62.2400016784668,62.064998626708984,62.07500076293945,442304
2026-06-08 16:30:00,62.09000015258789,62.20000076293945,62.040000915527344,62.099998474121094,375202
2026-06-08 16:45:00,62.10499954223633,62.22999954223633,62.0,62.05509948730469,351678
2026-06-08 17:00:00,62.04999923706055,62.099998474121094,61.90999984741211,62.02000045776367,336223
2026-06-08 17:15:00,62.040000915527344,62.084999084472656,61.84000015258789,61.939998626708984,478456
2026-06-08 17:30:00,61.93000030517578,61.95000076293945,61.685001373291016,61.72999954223633,644197
2026-06-08 17:45:00,61.72999954223633,61.88999938964844,61.724998474121094,61.87839889526367,610969
2026-06-08 18:00:00,61.880001068115234,62.02000045776367,61.86000061035156,61.92499923706055,530877
2026-06-08 18:15:00,61.93000030517578,62.08000183105469,61.93000030517578,62.005001068115234,476752
2026-06-08 18:30:00,62.0,62.04499816894531,61.79499816894531,61.83000183105469,375126
2026-06-08 18:45:00,61.83000183105469,61.839900970458984,61.7400016784668,61.77000045776367,254400
2026-06-08 19:00:00,61.775001525878906,61.875,61.6150016784668,61.619998931884766,510121
2026-06-08 19:15:00,61.630001068115234,61.70000076293945,61.54999923706055,61.70000076293945,323647
2026-06-08 19:30:00,61.70000076293945,61.744998931884766,61.584999084472656,61.599998474121094,496830
2026-06-08 19:45:00,61.60499954223633,61.72999954223633,61.52000045776367,61.59000015258789,1597601
2026-06-09 13:30:00,61.81999969482422,61.86000061035156,61.3650016784668,61.494998931884766,2057169
2026-06-09 13:45:00,61.4900016784668,62.42499923706055,61.439998626708984,61.5099983215332,1331940
2026-06-09 14:00:00,61.5099983215332,61.619998931884766,61.08000183105469,61.150001525878906,1459720
2026-06-09 14:15:00,61.1349983215332,61.209999084472656,60.529998779296875,60.56999969482422,1271779
2026-06-09 14:30:00,60.560001373291016,60.66999816894531,59.220001220703125,59.224998474121094,3286300
2026-06-09 14:45:00,59.220001220703125,59.76499938964844,59.0099983215332,59.7598991394043,2384065
2026-06-09 15:00:00,59.76499938964844,59.959999084472656,59.654998779296875,59.897499084472656,1058581
2026-06-09 15:15:00,59.88999938964844,59.93000030517578,59.31999969482422,59.3849983215332,1174897
2026-06-09 15:30:00,59.38999938964844,59.505001068115234,58.900001525878906,59.165000915527344,1595342
2026-06-09 15:45:00,59.189998626708984,59.380001068115234,58.97999954223633,59.040000915527344,972038
2026-06-09 16:00:00,59.0099983215332,59.31999969482422,58.869998931884766,58.929901123046875,1256301
2026-06-09 16:15:00,58.91999816894531,59.099998474121094,58.72999954223633,58.939998626708984,1240635
2026-06-09 16:30:00,58.939998626708984,59.189998626708984,58.220001220703125,58.540000915527344,2636068
2026-06-09 16:45:00,58.525001525878906,58.70000076293945,58.380001068115234,58.65999984741211,948694
2026-06-09 17:00:00,58.66999816894531,59.0099983215332,58.650001525878906,58.880001068115234,817458
2026-06-09 17:15:00,58.869998931884766,59.095001220703125,58.80009841918945,58.904998779296875,911710
2026-06-09 17:30:00,58.904998779296875,59.10499954223633,58.84000015258789,58.974998474121094,721116
2026-06-09 17:45:00,58.97999954223633,59.03499984741211,58.7400016784668,58.89500045776367,649875
2026-06-09 18:00:00,58.915000915527344,59.095001220703125,58.81999969482422,59.01499938964844,978175
2026-06-09 18:15:00,59.0099983215332,59.34989929199219,58.94499969482422,59.255001068115234,869985
2026-06-09 18:30:00,59.25,59.375,59.13999938964844,59.16999816894531,496437
2026-06-09 18:45:00,59.16999816894531,59.440101623535156,59.13999938964844,59.3849983215332,418597
2026-06-09 19:00:00,59.38999938964844,59.5,59.03499984741211,59.03499984741211,562707
2026-06-09 19:15:00,59.040000915527344,59.04999923706055,58.880001068115234,58.9723014831543,643700
2026-06-09 19:30:00,58.970001220703125,59.095699310302734,58.810001373291016,58.814998626708984,973048
2026-06-09 19:45:00,58.81999969482422,59.03499984741211,58.775001525878906,58.9900016784668,2208470
2026-06-10 13:30:00,58.189998626708984,59.310001373291016,58.15999984741211,59.310001373291016,5405319
2026-06-10 13:45:00,59.310001373291016,59.470001220703125,59.185001373291016,59.330101013183594,1371325
2026-06-10 14:00:00,59.349998474121094,59.400001525878906,59.02000045776367,59.17499923706055,1037536
2026-06-10 14:15:00,59.17499923706055,59.2599983215332,58.880001068115234,58.91999816894531,1117933
2026-06-10 14:30:00,58.90999984741211,59.11000061035156,58.77000045776367,58.81999969482422,892906
2026-06-10 14:45:00,58.81999969482422,58.86000061035156,58.220001220703125,58.369998931884766,1291217
2026-06-10 15:00:00,58.380001068115234,58.649898529052734,58.189998626708984,58.279998779296875,1017029
2026-06-10 15:15:00,58.2599983215332,58.654998779296875,58.099998474121094,58.494998931884766,1285571
2026-06-10 15:30:00,58.47999954223633,58.72999954223633,58.45500183105469,58.70000076293945,916679
2026-06-10 15:45:00,58.70000076293945,58.875,58.25,58.72010040283203,1244239
2026-06-10 16:00:00,58.720001220703125,58.81999969482422,58.599998474121094,58.7400016784668,633858
2026-06-10 16:15:00,58.744998931884766,58.959999084472656,58.720001220703125,58.76499938964844,418524
2026-06-10 16:30:00,58.77000045776367,58.84000015258789,58.619998931884766,58.654998779296875,350603
2026-06-10 16:45:00,58.650001525878906,58.755001068115234,58.529998779296875,58.755001068115234,395451
2026-06-10 17:00:00,58.7599983215332,58.970001220703125,58.525001525878906,58.584999084472656,764744
2026-06-10 17:15:00,58.58626937866211,58.64500045776367,58.400001525878906,58.470001220703125,422660
2026-06-10 17:30:00,58.459999084472656,58.540000915527344,58.30500030517578,58.31999969482422,427215
2026-06-10 17:45:00,58.314998626708984,58.71500015258789,58.279998779296875,58.664306640625,794696
2026-06-10 18:00:00,58.68000030517578,58.94499969482422,58.66999816894531,58.755001068115234,445263
2026-06-10 18:15:00,58.7599983215332,58.83000183105469,58.59000015258789,58.67499923706055,265364
2026-06-10 18:30:00,58.67499923706055,58.67499923706055,58.51499938964844,58.52000045776367,328283
2026-06-10 18:45:00,58.52000045776367,58.57500076293945,58.34000015258789,58.45600128173828,343208
2026-06-10 19:00:00,58.459999084472656,58.46500015258789,57.97999954223633,58.029998779296875,722875
2026-06-10 19:15:00,58.029998779296875,58.09000015258789,57.625,57.810001373291016,1196557
2026-06-10 19:30:00,57.810001373291016,57.92499923706055,57.70500183105469,57.90999984741211,1295147
2026-06-10 19:45:00,57.90999984741211,58.029998779296875,57.630001068115234,57.654998779296875,2561675
2026-06-11 13:30:00,57.45000076293945,57.72999954223633,57.29999923706055,57.630001068115234,3377857
2026-06-11 13:45:00,57.63999938964844,58.130001068115234,57.54999923706055,57.90890121459961,1225349
2026-06-11 14:00:00,57.91999816894531,58.095001220703125,57.400001525878906,57.540000915527344,730847
2026-06-11 14:15:00,57.540000915527344,58.07500076293945,57.45000076293945,57.88999938964844,715624
2026-06-11 14:30:00,57.90999984741211,58.064998626708984,57.810001373291016,57.869998931884766,819684
2026-06-11 14:45:00,57.880001068115234,58.01499938964844,57.7599983215332,57.80500030517578,512727
2026-06-11 15:00:00,57.790000915527344,58.1349983215332,57.6349983215332,57.880001068115234,1088876
2026-06-11 15:15:00,57.88999938964844,58.04999923706055,57.77000045776367,57.845001220703125,587260
2026-06-11 15:30:00,57.849998474121094,58.0099983215332,57.7599983215332,57.900001525878906,434854
2026-06-11 15:45:00,57.91999816894531,58.01499938964844,57.810001373291016,57.87900161743164,388323
2026-06-11 16:00:00,57.875,58.38999938964844,57.849998474121094,58.369998931884766,605670
2026-06-11 16:15:00,58.369998931884766,58.43000030517578,57.709999084472656,57.720001220703125,817560
2026-06-11 16:30:00,57.70000076293945,57.94499969482422,57.68000030517578,57.744998931884766,396692
2026-06-11 16:45:00,57.75,57.810001373291016,57.654998779296875,57.720001220703125,245102
2026-06-11 17:00:00,57.720001220703125,57.779701232910156,57.559898376464844,57.70000076293945,449776
2026-06-11 17:15:00,57.689998626708984,58.5,57.665000915527344,58.494998931884766,1040774
2026-06-11 17:30:00,58.5,60.20000076293945,58.5,60.09000015258789,4439365
2026-06-11 17:45:00,60.09000015258789,60.099998474121094,59.474998474121094,59.584999084472656,1203259
2026-06-11 18:00:00,59.59000015258789,59.744998931884766,59.064998626708984,59.42499923706055,924118
2026-06-11 18:15:00,59.404998779296875,59.7599983215332,59.39500045776367,59.630001068115234,1070589
2026-06-11 18:30:00,59.619998931884766,59.90999984741211,59.56010055541992,59.900001525878906,607756
2026-06-11 18:45:00,59.88999938964844,60.0,59.75,59.810001373291016,731627
2026-06-11 19:00:00,59.810001373291016,60.44499969482422,59.810001373291016,60.369998931884766,1188056
2026-06-11 19:15:00,60.369998931884766,60.58000183105469,60.275001525878906,60.52000045776367,1017411
2026-06-11 19:30:00,60.540000915527344,61.099998474121094,60.540000915527344,60.936500549316406,2330723
2026-06-11 19:45:00,60.94499969482422,61.06999969482422,60.790000915527344,60.810001373291016,2045090
2026-06-12 13:30:00,60.529998779296875,60.63600158691406,59.94499969482422,60.119998931884766,3538274
2026-06-12 13:45:00,60.130001068115234,60.209999084472656,59.8650016784668,59.93000030517578,1317189
2026-06-12 14:00:00,59.939998626708984,60.33000183105469,59.900001525878906,60.185001373291016,1148363
2026-06-12 14:15:00,60.165000915527344,60.380001068115234,60.04499816894531,60.16999816894531,526921
2026-06-12 14:30:00,60.18000030517578,60.41999816894531,60.040000915527344,60.135799407958984,689108
2026-06-12 14:45:00,60.130001068115234,60.709999084472656,59.875,60.625,1485221
2026-06-12 15:00:00,60.619998931884766,60.8650016784668,60.47999954223633,60.84000015258789,698532
2026-06-12 15:15:00,60.849998474121094,61.54999923706055,60.81999969482422,61.27870178222656,1066533
2026-06-12 15:30:00,61.275001525878906,61.34000015258789,61.04999923706055,61.10499954223633,753095
2026-06-12 15:45:00,61.11000061035156,61.19499969482422,60.93000030517578,61.02000045776367,463592
2026-06-12 16:00:00,61.02000045776367,61.30500030517578,60.880001068115234,61.220001220703125,658562
2026-06-12 16:15:00,61.224998474121094,61.560001373291016,61.179901123046875,61.279998779296875,605827
2026-06-12 16:30:00,61.279998779296875,61.5,61.165000915527344,61.30540084838867,353704
2026-06-12 16:45:00,61.310001373291016,61.380001068115234,61.20000076293945,61.25,1010996
2026-06-12 17:00:00,61.244998931884766,61.529998779296875,61.16999816894531,61.35499954223633,675073
2026-06-12 17:15:00,61.34000015258789,61.45500183105469,61.19499969482422,61.37929916381836,371910
2026-06-12 17:30:00,61.380001068115234,61.61000061035156,61.279998779296875,61.58000183105469,437822
2026-06-12 17:45:00,61.56999969482422,61.65999984741211,61.470001220703125,61.54499816894531,532900
2026-06-12 18:00:00,61.54999923706055,61.69599914550781,61.48649978637695,61.654998779296875,325915
2026-06-12 18:15:00,61.619998931884766,61.73500061035156,61.59000015258789,61.724998474121094,316006
2026-06-12 18:30:00,61.72999954223633,61.82500076293945,61.65999984741211,61.79890060424805,311307
2026-06-12 18:45:00,61.79990005493164,61.79990005493164,61.390201568603516,61.40999984741211,293113
2026-06-12 19:00:00,61.40999984741211,61.560001373291016,61.404998779296875,61.4900016784668,245830
2026-06-12 19:15:00,61.47999954223633,61.47999954223633,61.31999969482422,61.34000015258789,299186
2026-06-12 19:30:00,61.349998474121094,61.380001068115234,61.14500045776367,61.189998626708984,828544
2026-06-12 19:45:00,61.185001373291016,61.310001373291016,61.147300720214844,61.279998779296875,1448327
2026-06-15 13:30:00,64.27999877929688,64.5,64.125,64.24500274658203,4748278
2026-06-15 13:45:00,64.2300033569336,64.4000015258789,64.11000061035156,64.25,883829
2026-06-15 14:00:00,64.25499725341797,64.47000122070312,64.0199966430664,64.06500244140625,1697497
2026-06-15 14:15:00,64.06999969482422,64.3499984741211,64.05500030517578,64.32499694824219,613081
2026-06-15 14:30:00,64.33499908447266,64.36000061035156,64.0,64.01499938964844,569001
2026-06-15 14:45:00,64.01499938964844,64.16500091552734,63.93000030517578,63.970001220703125,649745
2026-06-15 15:00:00,63.959999084472656,64.0250015258789,63.66999816894531,63.76499938964844,591574
2026-06-15 15:15:00,63.76499938964844,63.974998474121094,63.72999954223633,63.900001525878906,357295
2026-06-15 15:30:00,63.89500045776367,64.08499908447266,63.7599983215332,64.01000213623047,921222
2026-06-15 15:45:00,64.01000213623047,64.08000183105469,63.915000915527344,63.91999816894531,1443436
2026-06-15 16:00:00,63.91999816894531,63.97999954223633,63.7400016784668,63.79999923706055,482157
2026-06-15 16:15:00,63.790000915527344,63.834999084472656,63.47999954223633,63.619998931884766,573115
2026-06-15 16:30:00,63.6150016784668,63.665000915527344,63.459999084472656,63.53499984741211,340543
2026-06-15 16:45:00,63.53499984741211,63.654998779296875,63.53300094604492,63.61000061035156,235332
2026-06-15 17:00:00,63.60499954223633,63.60499954223633,63.349998474121094,63.47990036010742,372732
2026-06-15 17:15:00,63.470001220703125,63.5099983215332,63.34000015258789,63.435001373291016,303992
2026-06-15 17:30:00,63.435001373291016,63.45000076293945,63.28499984741211,63.314998626708984,319873
2026-06-15 17:45:00,63.32500076293945,63.439998626708984,63.279998779296875,63.435001373291016,457736
2026-06-15 18:00:00,63.43000030517578,63.44499969482422,63.2400016784668,63.439998626708984,388080
2026-06-15 18:15:00,63.45000076293945,63.54999923706055,63.38999938964844,63.42499923706055,319338
2026-06-15 18:30:00,63.41999816894531,63.459999084472656,63.34000015258789,63.41749954223633,150994
2026-06-15 18:45:00,63.41999816894531,63.52000045776367,63.39500045776367,63.4900016784668,296957
2026-06-15 19:00:00,63.494998931884766,63.5099983215332,63.29029846191406,63.37009811401367,249184
2026-06-15 19:15:00,63.370201110839844,63.45500183105469,63.349998474121094,63.3650016784668,584314
2026-06-15 19:30:00,63.36000061035156,63.425498962402344,63.33000183105469,63.3849983215332,566374
2026-06-15 19:45:00,63.3849983215332,63.505001068115234,63.34000015258789,63.470001220703125,1094491
2026-06-16 13:30:00,63.70000076293945,63.845001220703125,63.68000030517578,63.744998931884766,1741171
2026-06-16 13:45:00,63.755001068115234,63.779998779296875,63.435001373291016,63.47999954223633,475675
2026-06-16 14:00:00,63.4900016784668,63.68000030517578,63.48500061035156,63.54499816894531,343731
2026-06-16 14:15:00,63.53499984741211,63.54999923706055,62.86000061035156,62.935001373291016,1098611
2026-06-16 14:30:00,62.935001373291016,63.290000915527344,62.7599983215332,63.17499923706055,759819
2026-06-16 14:45:00,63.17499923706055,63.21500015258789,63.02000045776367,63.097198486328125,411183
2026-06-16 15:00:00,63.099998474121094,63.15999984741211,62.9900016784668,63.1150016784668,355207
2026-06-16 15:15:00,63.119998931884766,63.22999954223633,63.07500076293945,63.18000030517578,532778
2026-06-16 15:30:00,63.185001373291016,63.31999969482422,63.040000915527344,63.209999084472656,545966
2026-06-16 15:45:00,63.20000076293945,63.58000183105469,62.96500015258789,63.369998931884766,565598
2026-06-16 16:00:00,63.36000061035156,63.59000015258789,63.36000061035156,63.57500076293945,318573
2026-06-16 16:15:00,63.56999969482422,63.61000061035156,63.459999084472656,63.5900993347168,359497
2026-06-16 16:30:00,63.599998474121094,63.599998474121094,63.41999816894531,63.540000915527344,569240
2026-06-16 16:45:00,63.540000915527344,63.59000015258789,63.3849983215332,63.39500045776367,233531
2026-06-16 17:00:00,63.400001525878906,63.459800720214844,63.290000915527344,63.30500030517578,248541
2026-06-16 17:15:00,63.29999923706055,63.31999969482422,63.08000183105469,63.30455780029297,640199
2026-06-16 17:30:00,63.29999923706055,63.46500015258789,63.279998779296875,63.43000030517578,338581
2026-06-16 17:45:00,63.43009948730469,63.51499938964844,63.310001373291016,63.5098991394043,658213
2026-06-16 18:00:00,63.5099983215332,63.65999984741211,63.474998474121094,63.64500045776367,1806412
2026-06-16 18:15:00,63.640098571777344,63.70000076293945,63.54999923706055,63.64500045776367,235403
2026-06-16 18:30:00,63.630001068115234,63.685001373291016,63.51425552368164,63.52009963989258,146697
2026-06-16 18:45:00,63.529998779296875,63.59000015258789,63.47999954223633,63.57500076293945,587887
2026-06-16 19:00:00,63.564998626708984,63.65999984741211,63.529998779296875,63.53499984741211,251129
2026-06-16 19:15:00,63.5359992980957,63.619998931884766,63.44990158081055,63.584999084472656,1436858
2026-06-16 19:30:00,63.58000183105469,63.59000015258789,63.459999084472656,63.510101318359375,346864
2026-06-16 19:45:00,63.5099983215332,63.540000915527344,63.33000183105469,63.400001525878906,787953
2026-06-17 13:30:00,63.54399871826172,63.65999984741211,63.40999984741211,63.649898529052734,1372745
2026-06-17 13:45:00,63.63999938964844,63.709999084472656,63.39500045776367,63.39500045776367,514705
2026-06-17 14:00:00,63.400001525878906,63.709999084472656,63.369998931884766,63.599998474121094,419637
2026-06-17 14:15:00,63.61000061035156,64.04000091552734,63.54999923706055,63.97569274902344,899949
2026-06-17 14:30:00,63.97999954223633,64.08989715576172,63.77000045776367,63.85499954223633,617402
2026-06-17 14:45:00,63.849998474121094,63.9099006652832,63.2599983215332,63.560001373291016,1206889
2026-06-17 15:00:00,63.56999969482422,63.69990158081055,63.4900016784668,63.68000030517578,504580
2026-06-17 15:15:00,63.68000030517578,63.920101165771484,63.63999938964844,63.88999938964844,345767
2026-06-17 15:30:00,63.89500045776367,63.95000076293945,63.78499984741211,63.849998474121094,217911
2026-06-17 15:45:00,63.86000061035156,63.9900016784668,63.849998474121094,63.959999084472656,955052
2026-06-17 16:00:00,63.959999084472656,64.0199966430664,63.875,63.94499969482422,332904
2026-06-17 16:15:00,63.94499969482422,64.00499725341797,63.86000061035156,63.96500015258789,193984
2026-06-17 16:30:00,63.96500015258789,63.974998474121094,63.709999084472656,63.84000015258789,169016
2026-06-17 16:45:00,63.83000183105469,63.84000015258789,63.755001068115234,63.83000183105469,202954
2026-06-17 17:00:00,63.83000183105469,63.93000030517578,63.709999084472656,63.88999938964844,392881
2026-06-17 17:15:00,63.8650016784668,64.04000091552734,63.750099182128906,63.994998931884766,293577
2026-06-17 17:30:00,64.0,64.66999816894531,63.980201721191406,64.56500244140625,1212502
2026-06-17 17:45:00,64.56500244140625,64.69000244140625,64.42500305175781,64.4800033569336,542157
2026-06-17 18:00:00,64.44999694824219,64.48999786376953,62.06999969482422,62.15999984741211,4134105
2026-06-17 18:15:00,62.1599006652832,62.834999084472656,62.119998931884766,62.52989959716797,1566630
2026-06-17 18:30:00,62.52000045776367,63.369998931884766,62.119998931884766,63.29999923706055,2675076
2026-06-17 18:45:00,63.27000045776367,63.540000915527344,62.27000045776367,62.52000045776367,1730554
2026-06-17 19:00:00,62.52000045776367,62.685001373291016,61.72999954223633,62.0,2515656
2026-06-17 19:15:00,61.9900016784668,62.02000045776367,61.09000015258789,61.099998474121094,1848830
2026-06-17 19:30:00,61.099998474121094,61.11000061035156,60.3849983215332,60.52000045776367,3838371
2026-06-17 19:45:00,60.529998779296875,60.935001373291016,60.5099983215332,60.619998931884766,3460938
2026-06-18 13:30:00,60.7400016784668,61.119998931884766,60.7400016784668,60.8650016784668,3579612
2026-06-18 13:45:00,60.869998931884766,60.939998626708984,60.36000061035156,60.54999923706055,1105586
2026-06-18 14:00:00,60.54999923706055,60.60580062866211,60.251399993896484,60.31990051269531,940635
2026-06-18 14:15:00,60.30500030517578,60.47999954223633,60.11000061035156,60.16999816894531,906685
2026-06-18 14:30:00,60.150001525878906,60.369998931884766,59.81999969482422,59.90999984741211,968699
2026-06-18 14:45:00,59.900001525878906,60.165000915527344,59.72999954223633,60.11000061035156,854829
2026-06-18 15:00:00,60.11000061035156,60.16999816894531,59.790000915527344,59.80500030517578,1171472
2026-06-18 15:15:00,59.810001373291016,59.95000076293945,59.63999938964844,59.67499923706055,1610441
2026-06-18 15:30:00,59.65999984741211,59.90999984741211,59.595001220703125,59.81990051269531,856078
2026-06-18 15:45:00,59.81999969482422,59.845001220703125,59.66999816894531,59.75,1178394
2026-06-18 16:00:00,59.75,59.93000030517578,59.72999954223633,59.72999954223633,596402
2026-06-18 16:15:00,59.73500061035156,59.814998626708984,59.63999938964844,59.77000045776367,556733
2026-06-18 16:30:00,59.775001525878906,59.915000915527344,59.57500076293945,59.77000045776367,739285
2026-06-18 16:45:00,59.77000045776367,59.790000915527344,59.62009811401367,59.790000915527344,714627
2026-06-18 17:00:00,59.79999923706055,59.91999816894531,59.73500061035156,59.88800048828125,768929
2026-06-18 17:15:00,59.880001068115234,60.025001525878906,59.689998626708984,59.70000076293945,1045093
2026-06-18 17:30:00,59.69499969482422,59.72999954223633,59.47999954223633,59.68000030517578,1196235
2026-06-18 17:45:00,59.67499923706055,59.849998474121094,59.665000915527344,59.80099868774414,554034
2026-06-18 18:00:00,59.810001373291016,59.86000061035156,59.720001220703125,59.7400016784668,387406
2026-06-18 18:15:00,59.74428939819336,59.81999969482422,59.665000915527344,59.73500061035156,284495
2026-06-18 18:30:00,59.7400016784668,59.7400016784668,59.525001525878906,59.66999816894531,623242
2026-06-18 18:45:00,59.665000915527344,59.68000030517578,59.52000045776367,59.53499984741211,630677
2026-06-18 19:00:00,59.540000915527344,59.54999923706055,58.97999954223633,59.1349983215332,1510916
2026-06-18 19:15:00,59.130001068115234,59.165000915527344,58.94219970703125,58.95500183105469,830625
2026-06-18 19:30:00,58.95500183105469,59.38999938964844,58.849998474121094,59.3849983215332,1718247
2026-06-18 19:45:00,59.380001068115234,59.59000015258789,59.31999969482422,59.5099983215332,2507867
2026-06-22 13:30:00,60.09000015258789,60.31999969482422,59.970001220703125,60.095001220703125,2361916
2026-06-22 13:45:00,60.11000061035156,60.314998626708984,60.02069854736328,60.150001525878906,831123
2026-06-22 14:00:00,60.150001525878906,60.33000183105469,59.849998474121094,60.05659866333008,660927
2026-06-22 14:15:00,60.060001373291016,60.06999969482422,59.63999938964844,59.654998779296875,566314
2026-06-22 14:30:00,59.650001525878906,59.70500183105469,59.52000045776367,59.58000183105469,618125
2026-06-22 14:45:00,59.595001220703125,59.849998474121094,59.56999969482422,59.71189880371094,438059
2026-06-22 15:00:00,59.71500015258789,59.79499816894531,59.66999816894531,59.709999084472656,293277
2026-06-22 15:15:00,59.709999084472656,59.72999954223633,59.439998626708984,59.47999954223633,621496
2026-06-22 15:30:00,59.47999954223633,59.540000915527344,59.209999084472656,59.29999923706055,616875
2026-06-22 15:45:00,59.29999923706055,59.29999923706055,58.89500045776367,59.17499923706055,600127
2026-06-22 16:00:00,59.18000030517578,59.220001220703125,58.97999954223633,59.04999923706055,470391
2026-06-22 16:15:00,59.04499816894531,59.23429870605469,59.02000045776367,59.185001373291016,254188
2026-06-22 16:30:00,59.18000030517578,59.27000045776367,59.095001220703125,59.13999938964844,250456
2026-06-22 16:45:00,59.13999938964844,59.439998626708984,59.084999084472656,59.315574645996094,247688
2026-06-22 17:00:00,59.31999969482422,59.33000183105469,59.18130111694336,59.209999084472656,208624
2026-06-22 17:15:00,59.209999084472656,59.29990005493164,59.060001373291016,59.08980178833008,393650
2026-06-22 17:30:00,59.08000183105469,59.10499954223633,58.75,58.92499923706055,363243
2026-06-22 17:45:00,58.91999816894531,59.04999923706055,58.86000061035156,59.0099983215332,234968
2026-06-22 18:00:00,59.02000045776367,59.18000030517578,59.0,59.060001373291016,344025
2026-06-22 18:15:00,59.06999969482422,59.18000030517578,59.04999923706055,59.11000061035156,328127
2026-06-22 18:30:00,59.119998931884766,59.150001525878906,59.029998779296875,59.13999938964844,461003
2026-06-22 18:45:00,59.13999938964844,59.209999084472656,59.130001068115234,59.165000915527344,301587
2026-06-22 19:00:00,59.16999816894531,59.209999084472656,59.099998474121094,59.125,552469
2026-06-22 19:15:00,59.12009811401367,59.150001525878906,58.939998626708984,58.95000076293945,765639
2026-06-22 19:30:00,58.952598571777344,59.001800537109375,58.76499938964844,58.77000045776367,1533239
2026-06-22 19:45:00,58.779998779296875,58.935001373291016,58.7599983215332,58.904998779296875,1160617
2026-06-23 13:30:00,56.15999984741211,56.470001220703125,55.954498291015625,56.32500076293945,4262606
2026-06-23 13:45:00,56.31999969482422,56.5099983215332,56.22999954223633,56.40999984741211,1166899
2026-06-23 14:00:00,56.40999984741211,56.5099983215332,56.2598991394043,56.41999816894531,1214917
2026-06-23 14:15:00,56.429901123046875,56.470001220703125,56.029998779296875,56.12009811401367,606791
2026-06-23 14:30:00,56.119998931884766,56.130001068115234,55.630001068115234,55.95000076293945,1586846
2026-06-23 14:45:00,55.959999084472656,56.16999816894531,55.939998626708984,56.11000061035156,626381
2026-06-23 15:00:00,56.1150016784668,56.2400016784668,55.915000915527344,56.04999923706055,681094
2026-06-23 15:15:00,56.05630111694336,56.08000183105469,55.90999984741211,55.97999954223633,498270
2026-06-23 15:30:00,55.97999954223633,56.28499984741211,55.959999084472656,56.16999816894531,549030
2026-06-23 15:45:00,56.17499923706055,56.34000015258789,56.095001220703125,56.310001373291016,629431
2026-06-23 16:00:00,56.31999969482422,56.3650016784668,56.209999084472656,56.290000915527344,356424
2026-06-23 16:15:00,56.290000915527344,56.32500076293945,56.1349983215332,56.165000915527344,235318
2026-06-23 16:30:00,56.15999984741211,56.2599983215332,56.11000061035156,56.22999954223633,390362
2026-06-23 16:45:00,56.2400016784668,56.24769973754883,56.060001373291016,56.1150016784668,187497
2026-06-23 17:00:00,56.11000061035156,56.23500061035156,56.02000045776367,56.20500183105469,368677
2026-06-23 17:15:00,56.20000076293945,56.255001068115234,56.025001525878906,56.040000915527344,366819
2026-06-23 17:30:00,56.049598693847656,56.11000061035156,55.9900016784668,56.064998626708984,407895
2026-06-23 17:45:00,56.06999969482422,56.1349983215332,55.880001068115234,55.89500045776367,344169
2026-06-23 18:00:00,55.900001525878906,55.96860122680664,55.709999084472656,55.779998779296875,451568
2026-06-23 18:15:00,55.78499984741211,55.880001068115234,55.775001525878906,55.78499984741211,263130
2026-06-23 18:30:00,55.77000045776367,55.814998626708984,55.6349983215332,55.63990020751953,468899
2026-06-23 18:45:00,55.63999938964844,55.650001525878906,55.46500015258789,55.584999084472656,634577
2026-06-23 19:00:00,55.584999084472656,55.80500030517578,55.56423568725586,55.76427459716797,524858
2026-06-23 19:15:00,55.75,55.80500030517578,55.650001525878906,55.779998779296875,394510
2026-06-23 19:30:00,55.779998779296875,55.875,55.73500061035156,55.79719924926758,586767
2026-06-23 19:45:00,55.79499816894531,55.81999969482422,55.65999984741211,55.720001220703125,1634657
2026-06-24 13:30:00,52.939998626708984,53.369998931884766,52.91339874267578,53.334999084472656,6788915
2026-06-24 13:45:00,53.33000183105469,53.89500045776367,53.25,53.82500076293945,2091722
2026-06-24 14:00:00,53.81999969482422,53.86000061035156,53.349998474121094,53.38999938964844,1327385
2026-06-24 14:15:00,53.38999938964844,53.68000030517578,53.22999954223633,53.54499816894531,1227599
2026-06-24 14:30:00,53.540000915527344,53.69070053100586,53.185001373291016,53.314701080322266,1114632
2026-06-24 14:45:00,53.310001373291016,53.46500015258789,53.154998779296875,53.275001525878906,951456
2026-06-24 15:00:00,53.27000045776367,53.30149841308594,53.040000915527344,53.06999969482422,949232
2026-06-24 15:15:00,53.0703010559082,53.459999084472656,53.04059982299805,53.44499969482422,807017
2026-06-24 15:30:00,53.45000076293945,53.459999084472656,53.17499923706055,53.290000915527344,607597
2026-06-24 15:45:00,53.279998779296875,53.47990036010742,53.05099868774414,53.09000015258789,545655
2026-06-24 16:00:00,53.09000015258789,53.13999938964844,52.90999984741211,53.03499984741211,815808
2026-06-24 16:15:00,53.040000915527344,53.14970016479492,52.970001220703125,53.14500045776367,763849
2026-06-24 16:30:00,53.13999938964844,53.27000045776367,53.01060104370117,53.04499816894531,603035
2026-06-24 16:45:00,53.03990173339844,53.04999923706055,52.939998626708984,52.974998474121094,547788
2026-06-24 17:00:00,52.970001220703125,53.029998779296875,52.810001373291016,52.862586975097656,1032073
2026-06-24 17:15:00,52.869998931884766,52.8849983215332,52.189998626708984,52.209999084472656,1876896
2026-06-24 17:30:00,52.209999084472656,52.310001373291016,51.9109992980957,52.0099983215332,1930029
2026-06-24 17:45:00,52.0,52.03499984741211,51.150001525878906,51.15999984741211,3456829
2026-06-24 18:00:00,51.16999816894531,51.40999984741211,50.310001373291016,51.314998626708984,8040311
2026-06-24 18:15:00,51.314998626708984,51.68000030517578,51.2400016784668,51.599998474121094,2416519
2026-06-24 18:30:00,51.619998931884766,51.72999954223633,51.34000015258789,51.40999984741211,1817598
2026-06-24 18:45:00,51.40999984741211,51.40999984741211,51.13999938964844,51.27000045776367,1373937
2026-06-24 19:00:00,51.279998779296875,51.42499923706055,51.09000015258789,51.189998626708984,1631708
2026-06-24 19:15:00,51.19499969482422,51.38999938964844,51.150001525878906,51.3849983215332,1143155
2026-06-24 19:30:00,51.3849983215332,51.48500061035156,51.189998626708984,51.28499984741211,1843114
2026-06-24 19:45:00,51.28499984741211,51.81999969482422,51.27000045776367,51.77000045776367,3738336
2026-06-25 13:30:00,52.709999084472656,52.81999969482422,52.0099983215332,52.02000045776367,5557220
2026-06-25 13:45:00,52.029998779296875,52.099998474121094,51.505001068115234,51.54499816894531,1603626
2026-06-25 14:00:00,51.53499984741211,52.21009826660156,51.529998779296875,52.13999938964844,1288468
2026-06-25 14:15:00,52.14500045776367,52.560001373291016,52.040000915527344,52.494998931884766,966517
2026-06-25 14:30:00,52.4900016784668,52.56999969482422,52.220001220703125,52.39500045776367,815760
2026-06-25 14:45:00,52.400001525878906,52.470001220703125,52.189998626708984,52.3650016784668,779422
2026-06-25 15:00:00,52.369998931884766,52.5099983215332,52.08000183105469,52.119998931884766,684615
2026-06-25 15:15:00,52.11000061035156,52.900001525878906,52.06999969482422,52.70000076293945,1131403
2026-06-25 15:30:00,52.709999084472656,52.869998931884766,52.63999938964844,52.84000015258789,731515
2026-06-25 15:45:00,52.834999084472656,53.16999816894531,52.76499938964844,53.150001525878906,1422917
2026-06-25 16:00:00,53.150001525878906,53.20000076293945,52.96009826660156,53.0099983215332,783092
2026-06-25 16:15:00,53.029998779296875,53.16999816894531,53.010101318359375,53.02000045776367,580407
2026-06-25 16:30:00,53.02000045776367,53.02000045776367,52.720001220703125,52.724998474121094,470862
2026-06-25 16:45:00,52.72999954223633,52.814998626708984,52.599998474121094,52.70000076293945,501443
2026-06-25 17:00:00,52.70000076293945,52.814998626708984,52.685001373291016,52.709999084472656,335336
2026-06-25 17:15:00,52.709800720214844,52.90999984741211,52.67499923706055,52.810001373291016,502956
2026-06-25 17:30:00,52.79999923706055,52.86000061035156,52.65999984741211,52.67499923706055,463930
2026-06-25 17:45:00,52.67499923706055,52.744998931884766,52.5099983215332,52.72999954223633,444035
2026-06-25 18:00:00,52.7400016784668,52.7599983215332,52.42499923706055,52.529998779296875,529752
2026-06-25 18:15:00,52.529998779296875,52.88639831542969,52.529998779296875,52.880001068115234,419798
2026-06-25 18:30:00,52.880001068115234,52.880001068115234,52.5099983215332,52.54999923706055,512694
2026-06-25 18:45:00,52.529998779296875,52.66999816894531,52.439998626708984,52.617801666259766,300360
2026-06-25 19:00:00,52.619998931884766,52.654998779296875,52.5,52.584999084472656,564384
2026-06-25 19:15:00,52.59000015258789,52.66593933105469,52.5099983215332,52.52000045776367,284985
2026-06-25 19:30:00,52.529998779296875,52.54999923706055,52.41999816894531,52.45000076293945,646801
2026-06-25 19:45:00,52.45000076293945,52.45000076293945,52.165000915527344,52.345001220703125,1732327
2026-06-26 13:30:00,52.869998931884766,52.915000915527344,52.45930099487305,52.915000915527344,2889829
2026-06-26 13:45:00,52.91999816894531,53.314998626708984,52.790000915527344,53.287498474121094,955980
2026-06-26 14:00:00,53.290000915527344,53.71500015258789,53.119998931884766,53.54999923706055,1360038
2026-06-26 14:15:00,53.56999969482422,53.76070022583008,53.494998931884766,53.494998931884766,842356
2026-06-26 14:30:00,53.5,53.71500015258789,53.36000061035156,53.59000015258789,745872
2026-06-26 14:45:00,53.580299377441406,53.834999084472656,53.52000045776367,53.52000045776367,729419
2026-06-26 15:00:00,53.51499938964844,53.5900993347168,53.31999969482422,53.35499954223633,623989
2026-06-26 15:15:00,53.3650016784668,53.61989974975586,53.33100128173828,53.60499954223633,459836
2026-06-26 15:30:00,53.61000061035156,53.869998931884766,53.470001220703125,53.845001220703125,443143
2026-06-26 15:45:00,53.849998474121094,53.869998931884766,53.51499938964844,53.70000076293945,612930
2026-06-26 16:00:00,53.709999084472656,53.755001068115234,53.59000015258789,53.654998779296875,285921
2026-06-26 16:15:00,53.65999984741211,53.71979904174805,53.52899932861328,53.58000183105469,321411
2026-06-26 16:30:00,53.58000183105469,53.75,53.4828987121582,53.589698791503906,185265
2026-06-26 16:45:00,53.61000061035156,53.665000915527344,53.540000915527344,53.630001068115234,206500
2026-06-26 17:00:00,53.63999938964844,53.65999984741211,53.4900016784668,53.5099983215332,163507
2026-06-26 17:15:00,53.52009963989258,53.65999984741211,53.38970184326172,53.564998626708984,565303
2026-06-26 17:30:00,53.58000183105469,53.599998474121094,53.37009811401367,53.46500015258789,215351
2026-06-26 17:45:00,53.45000076293945,53.4900016784668,53.3433837890625,53.349998474121094,248897
2026-06-26 18:00:00,53.36000061035156,53.47999954223633,53.32500076293945,53.47999954223633,184057
2026-06-26 18:15:00,53.474998474121094,53.474998474121094,53.3400993347168,53.45500183105469,172574
2026-06-26 18:30:00,53.459999084472656,53.494998931884766,53.32500076293945,53.38999938964844,146497
2026-06-26 18:45:00,53.380001068115234,53.380001068115234,53.21500015258789,53.244998931884766,245060
2026-06-26 19:00:00,53.25,53.3650016784668,53.20500183105469,53.36000061035156,252462
2026-06-26 19:15:00,53.36000061035156,53.375,53.21009826660156,53.244998931884766,258012
2026-06-26 19:30:00,53.25,53.369998931884766,53.220001220703125,53.369998931884766,469571
2026-06-26 19:45:00,53.36000061035156,53.404998779296875,53.27000045776367,53.27000045776367,1198029
2026-06-29 13:30:00,52.775001525878906,52.93000030517578,52.66999816894531,52.7400016784668,2658571
2026-06-29 13:45:00,52.73500061035156,52.779998779296875,52.5,52.59000015258789,833376
2026-06-29 14:00:00,52.61000061035156,52.63999938964844,52.099998474121094,52.10499954223633,940252
2026-06-29 14:15:00,52.099998474121094,52.64500045776367,51.93000030517578,52.54999923706055,1369981
2026-06-29 14:30:00,52.54999923706055,52.66999816894531,52.38999938964844,52.40999984741211,334305
2026-06-29 14:45:00,52.40999984741211,52.59989929199219,52.26499938964844,52.459999084472656,428773
2026-06-29 15:00:00,52.470001220703125,52.470001220703125,52.20009994506836,52.30500030517578,526088
2026-06-29 15:15:00,52.29999923706055,52.459999084472656,52.154998779296875,52.38999938964844,449010
2026-06-29 15:30:00,52.38999938964844,52.47999954223633,52.29999923706055,52.459999084472656,316808
2026-06-29 15:45:00,52.45500183105469,52.61000061035156,52.44499969482422,52.529998779296875,343491
2026-06-29 16:00:00,52.52000045776367,52.584999084472656,52.470001220703125,52.494998931884766,405058
2026-06-29 16:15:00,52.494998931884766,52.54499816894531,52.41999816894531,52.459999084472656,321094
2026-06-29 16:30:00,52.470001220703125,52.4900016784668,52.375,52.470001220703125,316504
2026-06-29 16:45:00,52.470001220703125,52.66999816894531,52.44990158081055,52.54999923706055,432240
2026-06-29 17:00:00,52.56999969482422,52.814998626708984,52.54999923706055,52.70500183105469,204819
2026-06-29 17:15:00,52.709999084472656,52.7400016784668,52.560001373291016,52.60499954223633,293364
2026-06-29 17:30:00,52.61000061035156,52.64500045776367,52.5,52.505001068115234,201777
2026-06-29 17:45:00,52.505001068115234,52.650001525878906,52.48509979248047,52.649898529052734,179390
2026-06-29 18:00:00,52.64889907836914,52.720001220703125,52.630001068115234,52.70000076293945,246917
2026-06-29 18:15:00,52.69499969482422,52.779998779296875,52.65999984741211,52.689998626708984,268973
2026-06-29 18:30:00,52.69499969482422,52.77000045776367,52.66999816894531,52.7599983215332,290767
2026-06-29 18:45:00,52.7599983215332,52.779998779296875,52.529998779296875,52.595001220703125,229413
2026-06-29 19:00:00,52.599998474121094,52.6150016784668,52.38999938964844,52.39500045776367,408490
2026-06-29 19:15:00,52.38999938964844,52.70000076293945,52.380001068115234,52.70000076293945,359740
2026-06-29 19:30:00,52.709999084472656,52.744998931884766,52.619998931884766,52.68299865722656,397382
2026-06-29 19:45:00,52.685001373291016,52.70500183105469,52.56999969482422,52.66999816894531,803383
2026-06-30 13:30:00,53.33000183105469,53.547000885009766,53.185001373291016,53.41999816894531,2683912
2026-06-30 13:45:00,53.41999816894531,53.65999984741211,53.31999969482422,53.59000015258789,670447
2026-06-30 14:00:00,53.59000015258789,54.25960159301758,53.39500045776367,54.095001220703125,1605067
2026-06-30 14:15:00,54.09000015258789,54.54999923706055,54.01969909667969,54.31999969482422,1339932
2026-06-30 14:30:00,54.32500076293945,54.64500045776367,54.310001373291016,54.470001220703125,943719
2026-06-30 14:45:00,54.470001220703125,54.47999954223633,54.06999969482422,54.119998931884766,657428
2026-06-30 15:00:00,54.130001068115234,54.240699768066406,53.97999954223633,54.130001068115234,336425
2026-06-30 15:15:00,54.119998931884766,54.1349983215332,53.8307991027832,54.02000045776367,359215
2026-06-30 15:30:00,54.029998779296875,54.08000183105469,53.839900970458984,53.932701110839844,297216
2026-06-30 15:45:00,53.939998626708984,54.04999923706055,53.845001220703125,53.8650016784668,331979
2026-06-30 16:00:00,53.8650016784668,53.970001220703125,53.81999969482422,53.95000076293945,299336
2026-06-30 16:15:00,53.95500183105469,54.09000015258789,53.95500183105469,54.005001068115234,353529
2026-06-30 16:30:00,54.0,54.04999923706055,53.935001373291016,54.01499938964844,226706
2026-06-30 16:45:00,54.015716552734375,54.09000015258789,53.72999954223633,53.7599983215332,278577
2026-06-30 17:00:00,53.755001068115234,53.834999084472656,53.661598205566406,53.790000915527344,272802
2026-06-30 17:15:00,53.79999923706055,53.88990020751953,53.70500183105469,53.810001373291016,188687
2026-06-30 17:30:00,53.810001373291016,53.85499954223633,53.72999954223633,53.81999969482422,123465
2026-06-30 17:45:00,53.81999969482422,53.970001220703125,53.80500030517578,53.91510009765625,112533
2026-06-30 18:00:00,53.915000915527344,54.005001068115234,53.89500045776367,53.95539855957031,138271
2026-06-30 18:15:00,53.95000076293945,53.9900016784668,53.88990020751953,53.935001373291016,166576
2026-06-30 18:30:00,53.93000030517578,54.02000045776367,53.849998474121094,54.01499938964844,271226
2026-06-30 18:45:00,54.02000045776367,54.14500045776367,54.005001068115234,54.040000915527344,260216
2026-06-30 19:00:00,54.029998779296875,54.04999923706055,53.903682708740234,53.92499923706055,377645
2026-06-30 19:15:00,53.93000030517578,53.959999084472656,53.75,53.775001525878906,596578
2026-06-30 19:30:00,53.775001525878906,53.810001373291016,53.65999984741211,53.68000030517578,974611
2026-06-30 19:45:00,53.685001373291016,53.70500183105469,53.45000076293945,53.47999954223633,1068653
2026-07-01 13:30:00,53.33000183105469,54.5900993347168,53.224998474121094,54.58000183105469,3813906
2026-07-01 13:45:00,54.59000015258789,54.880001068115234,54.34000015258789,54.5099983215332,1906511
2026-07-01 14:00:00,54.5099983215332,54.77000045776367,54.3650016784668,54.60499954223633,1170294
2026-07-01 14:15:00,54.599998474121094,55.15999984741211,54.51499938964844,54.84000015258789,1074973
2026-07-01 14:30:00,54.845001220703125,55.099998474121094,54.599998474121094,54.61000061035156,710012
2026-07-01 14:45:00,54.61009979248047,54.65999984741211,54.459999084472656,54.56990051269531,583157
2026-07-01 15:00:00,54.560001373291016,54.59000015258789,54.33000183105469,54.45000076293945,350255
2026-07-01 15:15:00,54.459999084472656,54.529300689697266,54.290000915527344,54.45500183105469,406245
2026-07-01 15:30:00,54.459999084472656,54.4900016784668,54.36000061035156,54.415000915527344,328571
2026-07-01 15:45:00,54.40999984741211,54.56999969482422,54.380001068115234,54.41999816894531,337845
2026-07-01 16:00:00,54.43000030517578,54.59000015258789,54.415000915527344,54.529998779296875,237121
2026-07-01 16:15:00,54.53499984741211,54.63010025024414,54.5099983215332,54.564998626708984,222760
2026-07-01 16:30:00,54.56999969482422,54.60499954223633,54.35499954223633,54.375,186668
2026-07-01 16:45:00,54.380001068115234,54.40999984741211,54.29999923706055,54.31999969482422,174524
2026-07-01 17:00:00,54.310001373291016,54.38999938964844,54.191200256347656,54.255001068115234,210090
2026-07-01 17:15:00,54.25,54.27000045776367,54.15999984741211,54.224998474121094,196050
2026-07-01 17:30:00,54.2400016784668,54.349998474121094,54.2400016784668,54.2599983215332,253405
2026-07-01 17:45:00,54.2599983215332,54.28499984741211,54.099998474121094,54.119998931884766,218103
2026-07-01 18:00:00,54.130001068115234,54.23720169067383,54.084999084472656,54.11000061035156,134638
2026-07-01 18:15:00,54.099998474121094,54.13999938964844,53.92499923706055,53.93000030517578,408345
2026-07-01 18:30:00,53.93000030517578,54.084999084472656,53.93000030517578,53.9900016784668,216005
2026-07-01 18:45:00,53.98500061035156,54.0099983215332,53.875,53.980201721191406,318036
2026-07-01 19:00:00,53.9900016784668,54.15999984741211,53.97999954223633,54.04999923706055,251717
2026-07-01 19:15:00,54.04499816894531,54.05509948730469,53.939998626708984,53.974998474121094,447014
2026-07-01 19:30:00,53.97999954223633,54.005001068115234,53.779998779296875,53.79499816894531,397032
2026-07-01 19:45:00,53.79999923706055,53.834999084472656,53.52000045776367,53.56999969482422,1047853
2026-07-02 13:30:00,55.11000061035156,56.06999969482422,55.02000045776367,55.875,3857780
2026-07-02 13:45:00,55.87009811401367,56.130001068115234,55.810001373291016,55.95000076293945,1238685
2026-07-02 14:00:00,55.959999084472656,55.959999084472656,55.58000183105469,55.75,1341272
2026-07-02 14:15:00,55.74020004272461,55.81999969482422,55.2400016784668,55.30500030517578,795682
2026-07-02 14:30:00,55.310001373291016,55.52799987792969,55.25,55.369998931884766,702569
2026-07-02 14:45:00,55.380001068115234,55.4900016784668,55.22999954223633,55.479698181152344,636121
2026-07-02 15:00:00,55.470001220703125,55.5099983215332,54.95000076293945,55.279998779296875,685239
2026-07-02 15:15:00,55.279998779296875,55.349998474121094,55.084999084472656,55.165000915527344,406902
2026-07-02 15:30:00,55.176998138427734,55.45000076293945,55.16999816894531,55.275001525878906,274290
2026-07-02 15:45:00,55.279998779296875,55.32500076293945,55.160099029541016,55.25040054321289,295790
2026-07-02 16:00:00,55.255001068115234,55.29499816894531,55.040000915527344,55.17499923706055,367805
2026-07-02 16:15:00,55.16999816894531,55.206600189208984,54.93000030517578,54.95500183105469,537127
2026-07-02 16:30:00,54.95000076293945,55.03499984741211,54.68000030517578,54.983699798583984,670445
2026-07-02 16:45:00,54.97999954223633,55.04999923706055,54.959999084472656,55.0,74294
2026-07-02 16:51:52,55.02000045776367,55.02000045776367,55.02000045776367,55.02000045776367,0
