datetime,open,high,low,close,volume
2026-06-26 00:00:00,67.63999938964844,67.70999908447266,67.54000091552734,67.62000274658203,0
2026-06-26 00:05:00,67.5999984741211,67.70999908447266,67.55000305175781,67.70999908447266,10510848
2026-06-26 00:10:00,67.7300033569336,67.79000091552734,67.58999633789062,67.77999877929688,2231808
2026-06-26 00:15:00,67.76000213623047,67.97000122070312,67.73999786376953,67.87999725341797,5674496
2026-06-26 00:20:00,67.8499984741211,68.0,67.81999969482422,67.83999633789062,8065024
2026-06-26 00:25:00,67.7699966430664,67.80999755859375,67.58999633789062,67.80999755859375,22272
2026-06-26 00:30:00,67.81999969482422,67.83000183105469,67.70999908447266,67.7699966430664,3484672
2026-06-26 00:35:00,67.7699966430664,67.81999969482422,67.66000366210938,67.80999755859375,0
2026-06-26 00:40:00,67.81999969482422,67.98999786376953,67.77999877929688,67.83999633789062,1871104
2026-06-26 00:45:00,67.8499984741211,67.87000274658203,67.75,67.75,703744
2026-06-26 00:50:00,67.73999786376953,67.83000183105469,67.55999755859375,67.55999755859375,0
2026-06-26 00:55:00,67.56999969482422,67.68000030517578,67.55000305175781,67.6500015258789,1171968
2026-06-26 01:00:00,67.6500015258789,67.80999755859375,67.4000015258789,67.4000015258789,0
2026-06-26 01:05:00,67.44000244140625,67.5,67.37999725341797,67.41000366210938,2203392
2026-06-26 01:10:00,67.45999908447266,67.5999984741211,67.44999694824219,67.5,1515008
2026-06-26 01:15:00,67.5,67.69999694824219,67.4800033569336,67.62000274658203,781312
2026-06-26 01:20:00,67.62999725341797,67.66999816894531,67.23999786376953,67.30000305175781,1885184
2026-06-26 01:25:00,67.30999755859375,67.33000183105469,67.11000061035156,67.11000061035156,1682432
2026-06-26 01:30:00,67.12000274658203,67.19000244140625,67.05999755859375,67.12999725341797,10930432
2026-06-26 01:35:00,67.11000061035156,67.20999908447266,67.05000305175781,67.18000030517578,4811264
2026-06-26 01:40:00,67.19000244140625,67.27999877929688,67.13999938964844,67.23999786376953,0
2026-06-26 01:45:00,67.2300033569336,67.30999755859375,67.16000366210938,67.30999755859375,2673920
2026-06-26 01:50:00,67.3499984741211,67.37000274658203,67.16999816894531,67.19000244140625,5257216
2026-06-26 01:55:00,67.19000244140625,67.23999786376953,67.0999984741211,67.20999908447266,0
2026-06-26 02:00:00,67.2300033569336,67.26000213623047,67.0999984741211,67.12000274658203,0
2026-06-26 02:05:00,67.13999938964844,67.16000366210938,66.86000061035156,66.91999816894531,669696
2026-06-26 02:10:00,66.93000030517578,66.95999908447266,65.9800033569336,66.05000305175781,2505472
2026-06-26 02:15:00,66.08000183105469,66.45999908447266,65.97000122070312,66.12000274658203,20479744
2026-06-26 02:20:00,66.12999725341797,66.19000244140625,65.8499984741211,66.0,29091072
2026-06-26 02:25:00,65.9800033569336,66.5999984741211,65.93000030517578,66.56999969482422,8930304
2026-06-26 02:30:00,66.51000213623047,66.70999908447266,66.2699966430664,66.58999633789062,21957376
2026-06-26 02:35:00,66.68000030517578,66.69999694824219,66.36000061035156,66.48999786376953,18840576
2026-06-26 02:40:00,66.48999786376953,66.62999725341797,66.44999694824219,66.5199966430664,5206528
2026-06-26 02:45:00,66.5,66.52999877929688,66.22000122070312,66.31999969482422,7163648
2026-06-26 02:50:00,66.36000061035156,66.43000030517578,65.9800033569336,66.05000305175781,4032000
2026-06-26 02:55:00,66.08000183105469,66.16000366210938,65.94999694824219,66.12000274658203,4187392
2026-06-26 03:00:00,66.12000274658203,66.37000274658203,65.86000061035156,66.37000274658203,7720192
2026-06-26 03:05:00,66.4000015258789,66.58000183105469,66.26000213623047,66.55999755859375,23910656
2026-06-26 03:10:00,66.56999969482422,67.0199966430664,66.56999969482422,66.87000274658203,25939712
2026-06-26 03:15:00,66.83000183105469,66.9000015258789,66.72000122070312,66.76000213623047,19564544
2026-06-26 03:20:00,66.79000091552734,66.80999755859375,66.41999816894531,66.43000030517578,8430336
2026-06-26 03:25:00,66.47000122070312,66.94000244140625,66.41999816894531,66.75,4028416
2026-06-26 03:30:00,66.72000122070312,66.91000366210938,66.54000091552734,66.81999969482422,18032640
2026-06-26 03:35:00,66.80999755859375,67.31999969482422,66.7300033569336,67.2699966430664,14069760
2026-06-26 03:40:00,67.2699966430664,67.47000122070312,67.11000061035156,67.45999908447266,21191168
2026-06-26 03:45:00,67.43000030517578,67.91999816894531,67.43000030517578,67.7699966430664,12733184
2026-06-26 03:50:00,67.7699966430664,68.11000061035156,67.72000122070312,68.02999877929688,35977728
2026-06-26 03:55:00,68.08999633789062,68.4000015258789,67.9800033569336,68.0999984741211,19863808
2026-06-26 04:00:00,68.08999633789062,68.12000274658203,67.91999816894531,68.01000213623047,12563712
2026-06-26 04:05:00,68.01000213623047,68.1500015258789,67.94000244140625,67.94999694824219,25293568
2026-06-26 04:10:00,67.91000366210938,68.08000183105469,67.88999938964844,67.9000015258789,8671488
2026-06-26 04:15:00,67.9000015258789,68.27999877929688,67.87999725341797,67.94999694824219,814848
2026-06-26 04:20:00,67.93000030517578,68.05999755859375,67.87999725341797,67.94999694824219,8704000
2026-06-26 04:25:00,67.91999816894531,68.06999969482422,67.9000015258789,68.01000213623047,3333888
2026-06-26 04:30:00,67.9800033569336,68.04000091552734,67.94000244140625,67.94000244140625,8026880
2026-06-26 04:35:00,67.97000122070312,67.97000122070312,67.88999938964844,67.95999908447266,2782976
2026-06-26 04:40:00,67.95999908447266,68.05999755859375,67.93000030517578,68.05000305175781,2989568
2026-06-26 04:45:00,68.04000091552734,68.05999755859375,67.91000366210938,67.91000366210938,5057792
2026-06-26 04:50:00,67.91000366210938,68.04000091552734,67.87000274658203,67.97000122070312,0
2026-06-26 04:55:00,67.94000244140625,67.9800033569336,67.91000366210938,67.97000122070312,0
2026-06-26 05:00:00,67.98999786376953,68.02999877929688,67.88999938964844,67.91999816894531,0
2026-06-26 05:05:00,67.91000366210938,68.01000213623047,67.88999938964844,67.95999908447266,0
2026-06-26 05:10:00,67.9800033569336,68.11000061035156,67.97000122070312,68.0999984741211,0
2026-06-26 05:15:00,68.12000274658203,68.29000091552734,68.11000061035156,68.23999786376953,0
2026-06-26 05:20:00,68.2300033569336,68.23999786376953,67.91999816894531,67.93000030517578,0
2026-06-26 05:25:00,67.94999694824219,68.22000122070312,67.94999694824219,68.19000244140625,0
2026-06-26 05:30:00,68.22000122070312,68.3499984741211,68.16999816894531,68.33000183105469,812288
2026-06-26 05:35:00,68.31999969482422,68.33000183105469,68.18000030517578,68.22000122070312,0
2026-06-26 05:40:00,68.19999694824219,68.29000091552734,68.1500015258789,68.16000366210938,0
2026-06-26 05:45:00,68.19000244140625,68.19999694824219,68.0,68.19999694824219,762880
2026-06-26 05:50:00,68.19000244140625,68.30999755859375,68.18000030517578,68.27999877929688,1504000
2026-06-26 05:55:00,68.30999755859375,68.33000183105469,68.22000122070312,68.2699966430664,0
2026-06-26 06:00:00,68.18000030517578,68.22000122070312,68.05000305175781,68.08000183105469,0
2026-06-26 06:05:00,68.08000183105469,68.08000183105469,67.91000366210938,67.94000244140625,0
2026-06-26 06:10:00,67.91999816894531,68.04000091552734,67.91999816894531,68.01000213623047,1935360
2026-06-26 06:15:00,68.0199966430664,68.51000213623047,68.0199966430664,68.48999786376953,0
2026-06-26 06:20:00,68.5,69.26000213623047,68.48999786376953,69.12999725341797,36252416
2026-06-26 06:25:00,69.12999725341797,69.18000030517578,68.91000366210938,69.08999633789062,32179968
2026-06-26 06:30:00,69.0999984741211,69.0999984741211,68.93000030517578,68.94999694824219,27592960
2026-06-26 06:35:00,68.95999908447266,69.43000030517578,68.95999908447266,69.33000183105469,13193984
2026-06-26 06:40:00,69.2699966430664,69.69999694824219,69.20999908447266,69.66999816894531,8184576
2026-06-26 06:45:00,69.63999938964844,69.75,69.52999877929688,69.54000091552734,31892480
2026-06-26 06:50:00,69.54000091552734,69.69999694824219,69.41000366210938,69.69999694824219,19465216
2026-06-26 06:55:00,69.68000030517578,69.9000015258789,69.58999633789062,69.9000015258789,9548800
2026-06-26 07:00:00,69.88999938964844,70.5,69.83000183105469,70.2300033569336,11240704
2026-06-26 07:05:00,70.25,70.63999938964844,70.16999816894531,70.2699966430664,60113152
2026-06-26 07:10:00,70.38999938964844,70.55000305175781,70.30000305175781,70.45999908447266,38503424
2026-06-26 07:15:00,70.4800033569336,70.6500015258789,70.4000015258789,70.56999969482422,27466240
2026-06-26 07:20:00,70.55000305175781,70.55999755859375,70.30000305175781,70.38999938964844,11388672
2026-06-26 07:25:00,70.44999694824219,70.5,70.25,70.41000366210938,12471296
2026-06-26 07:30:00,70.41000366210938,70.70999908447266,70.36000061035156,70.5,18535936
2026-06-26 07:35:00,70.5199966430664,70.86000061035156,70.44999694824219,70.86000061035156,11343360
2026-06-26 07:40:00,70.86000061035156,70.86000061035156,70.52999877929688,70.52999877929688,12206592
2026-06-26 07:45:00,70.55999755859375,70.68000030517578,70.4800033569336,70.52999877929688,8502528
2026-06-26 07:50:00,70.5199966430664,70.66999816894531,70.5199966430664,70.63999938964844,7506944
2026-06-26 07:55:00,70.6500015258789,70.70999908447266,70.58000183105469,70.66000366210938,9067264
2026-06-26 08:00:00,70.69999694824219,70.7699966430664,70.44000244140625,70.58000183105469,0
2026-06-26 08:05:00,70.58000183105469,70.58000183105469,70.19999694824219,70.19999694824219,25073664
2026-06-26 08:10:00,70.16999816894531,70.19999694824219,69.87999725341797,69.88999938964844,5649408
2026-06-26 08:15:00,69.91000366210938,70.05000305175781,69.7300033569336,69.7699966430664,24429824
2026-06-26 08:20:00,69.76000213623047,69.91000366210938,69.73999786376953,69.8499984741211,9275136
2026-06-26 08:25:00,69.87000274658203,69.94000244140625,69.73999786376953,69.80000305175781,10751488
2026-06-26 08:30:00,69.80000305175781,69.83999633789062,69.62999725341797,69.69000244140625,8756736
2026-06-26 08:35:00,69.69999694824219,69.77999877929688,69.66000366210938,69.69999694824219,2196992
2026-06-26 08:40:00,69.69999694824219,69.87000274658203,69.68000030517578,69.7699966430664,2457600
2026-06-26 08:45:00,69.77999877929688,69.81999969482422,69.68000030517578,69.68000030517578,1247744
2026-06-26 08:50:00,69.69999694824219,69.97000122070312,69.69999694824219,69.7699966430664,4630528
2026-06-26 08:55:00,69.73999786376953,69.87999725341797,69.62000274658203,69.83999633789062,7605760
2026-06-26 09:00:00,69.83000183105469,69.83000183105469,69.58999633789062,69.62000274658203,14412800
2026-06-26 09:05:00,69.63999938964844,69.66000366210938,69.44999694824219,69.5199966430664,9195520
2026-06-26 09:10:00,69.5199966430664,69.73999786376953,69.48999786376953,69.69000244140625,3856896
2026-06-26 09:15:00,69.69000244140625,69.75,69.5999984741211,69.66000366210938,7800832
2026-06-26 09:20:00,69.66000366210938,69.79000091552734,69.63999938964844,69.68000030517578,13586432
2026-06-26 09:25:00,69.68000030517578,69.73999786376953,69.63999938964844,69.72000122070312,0
2026-06-26 09:30:00,69.69000244140625,69.69000244140625,69.55999755859375,69.6500015258789,2304512
2026-06-26 09:35:00,69.62999725341797,69.77999877929688,69.56999969482422,69.56999969482422,6590464
2026-06-26 09:40:00,69.58000183105469,69.69999694824219,69.47000122070312,69.4800033569336,8830464
2026-06-26 09:45:00,69.4800033569336,69.54000091552734,69.05999755859375,69.08000183105469,4300800
2026-06-26 09:50:00,69.08999633789062,69.16000366210938,68.75,69.11000061035156,9536000
2026-06-26 09:55:00,69.12000274658203,69.16000366210938,68.88999938964844,68.88999938964844,8607232
2026-06-26 10:00:00,68.91000366210938,69.01000213623047,68.80999755859375,69.0,4714496
2026-06-26 10:05:00,69.02999877929688,69.0999984741211,68.91999816894531,69.0199966430664,13051904
2026-06-26 10:10:00,69.04000091552734,69.06999969482422,68.91999816894531,68.95999908447266,3899904
2026-06-26 10:15:00,68.98999786376953,69.05999755859375,68.94999694824219,68.94999694824219,2374656
2026-06-26 10:20:00,68.95999908447266,69.01000213623047,68.91000366210938,68.9800033569336,0
2026-06-26 10:25:00,68.94999694824219,69.12000274658203,68.94999694824219,69.05000305175781,1360384
2026-06-26 10:30:00,69.05000305175781,69.13999938964844,68.98999786376953,69.04000091552734,0
2026-06-26 10:35:00,69.0,69.05999755859375,68.62000274658203,68.66000366210938,967168
2026-06-26 10:40:00,68.69999694824219,68.87000274658203,68.61000061035156,68.86000061035156,0
2026-06-26 10:45:00,68.83000183105469,68.93000030517578,68.58999633789062,68.70999908447266,0
2026-06-26 10:50:00,68.7300033569336,68.75,68.55999755859375,68.63999938964844,0
2026-06-26 10:55:00,68.6500015258789,68.7699966430664,68.55999755859375,68.68000030517578,0
2026-06-26 11:00:00,68.68000030517578,68.9800033569336,68.63999938964844,68.87000274658203,0
2026-06-26 11:05:00,68.87000274658203,68.94000244140625,68.58999633789062,68.61000061035156,0
2026-06-26 11:10:00,68.62999725341797,68.75,68.58999633789062,68.66999816894531,0
2026-06-26 11:15:00,68.68000030517578,68.68000030517578,68.52999877929688,68.58999633789062,0
2026-06-26 11:20:00,68.56999969482422,68.66999816894531,68.52999877929688,68.62000274658203,0
2026-06-26 11:25:00,68.61000061035156,68.62999725341797,68.44000244140625,68.48999786376953,0
2026-06-26 11:30:00,68.48999786376953,68.58000183105469,68.47000122070312,68.58000183105469,390144
2026-06-26 11:35:00,68.56999969482422,68.66000366210938,68.55000305175781,68.56999969482422,1849856
2026-06-26 11:40:00,68.56999969482422,68.66000366210938,68.4800033569336,68.52999877929688,0
2026-06-26 11:45:00,68.48999786376953,68.58000183105469,68.47000122070312,68.55000305175781,0
2026-06-26 11:50:00,68.55999755859375,68.55999755859375,68.27999877929688,68.36000061035156,264704
2026-06-26 11:55:00,68.37000274658203,68.5199966430664,68.37000274658203,68.48999786376953,1748992
2026-06-26 12:00:00,68.51000213623047,68.66000366210938,68.5,68.58000183105469,0
2026-06-26 12:05:00,68.61000061035156,68.79000091552734,68.61000061035156,68.76000213623047,3425792
2026-06-26 12:10:00,68.76000213623047,68.81999969482422,68.66999816894531,68.76000213623047,1093120
2026-06-26 12:15:00,68.7699966430664,69.05999755859375,68.7300033569336,68.98999786376953,0
2026-06-26 12:20:00,68.98999786376953,69.0,68.75,68.95999908447266,7444480
2026-06-26 12:25:00,68.95999908447266,69.13999938964844,68.95999908447266,69.13999938964844,6294016
2026-06-26 12:30:00,69.16999816894531,69.55999755859375,69.04000091552734,69.37999725341797,0
2026-06-26 12:35:00,69.33999633789062,69.33999633789062,68.69000244140625,68.69000244140625,0
2026-06-26 12:40:00,68.6500015258789,68.66000366210938,68.29000091552734,68.48999786376953,0
2026-06-26 12:45:00,68.5,69.08000183105469,68.4000015258789,68.7699966430664,4472320
2026-06-26 12:50:00,68.87000274658203,68.97000122070312,68.7699966430664,68.87999725341797,14063104
2026-06-26 12:55:00,68.87999725341797,68.94000244140625,68.75,68.75,1810944
2026-06-26 13:00:00,68.80999755859375,68.8499984741211,68.69999694824219,68.75,0
2026-06-26 13:05:00,68.73999786376953,68.83000183105469,68.5999984741211,68.62000274658203,0
2026-06-26 13:10:00,68.5999984741211,69.18000030517578,68.54000091552734,68.83000183105469,4661760
2026-06-26 13:15:00,68.83999633789062,68.91999816894531,68.11000061035156,68.37000274658203,3342848
2026-06-26 13:20:00,68.44999694824219,68.69999694824219,68.41000366210938,68.52999877929688,14413824
2026-06-26 13:25:00,68.54000091552734,68.72000122070312,68.5199966430664,68.69000244140625,8266752
2026-06-26 13:30:00,68.69000244140625,69.0199966430664,68.58999633789062,68.83000183105469,2178048
2026-06-26 13:35:00,68.81999969482422,69.33999633789062,68.81999969482422,69.22000122070312,5963264
2026-06-26 13:40:00,69.05000305175781,69.56999969482422,69.05000305175781,69.55000305175781,0
2026-06-26 13:45:00,69.45999908447266,69.83000183105469,69.33999633789062,69.55999755859375,0
2026-06-26 13:50:00,69.58000183105469,70.25,69.44999694824219,70.25,0
2026-06-26 13:55:00,70.2699966430664,70.79000091552734,70.2699966430664,70.54000091552734,0
2026-06-26 14:00:00,70.5199966430664,70.69999694824219,70.16000366210938,70.5199966430664,0
2026-06-26 14:05:00,70.58000183105469,70.69000244140625,70.2699966430664,70.66999816894531,0
2026-06-26 14:10:00,70.6500015258789,71.16000366210938,70.54000091552734,70.93000030517578,0
2026-06-26 14:15:00,70.87999725341797,71.33999633789062,70.73999786376953,70.86000061035156,0
2026-06-26 14:20:00,70.9800033569336,71.51000213623047,70.9800033569336,71.41999816894531,0
2026-06-26 14:25:00,71.41000366210938,71.80999755859375,71.31999969482422,71.58000183105469,11709696
2026-06-26 14:30:00,71.5999984741211,71.76000213623047,71.12999725341797,71.12999725341797,14641664
2026-06-26 14:35:00,71.12999725341797,71.16000366210938,70.72000122070312,70.81999969482422,0
2026-06-26 14:40:00,70.81999969482422,70.93000030517578,70.5999984741211,70.62000274658203,68352
2026-06-26 14:45:00,70.6500015258789,70.97000122070312,70.43000030517578,70.81999969482422,0
2026-06-26 14:50:00,70.91000366210938,71.02999877929688,70.61000061035156,70.61000061035156,13261056
2026-06-26 14:55:00,70.62000274658203,70.66999816894531,70.27999877929688,70.33999633789062,0
2026-06-26 15:00:00,70.37000274658203,70.55000305175781,70.19999694824219,70.2699966430664,0
2026-06-26 15:05:00,70.27999877929688,71.20999908447266,70.2300033569336,71.20999908447266,0
2026-06-26 15:10:00,71.12999725341797,71.12999725341797,70.69000244140625,70.72000122070312,15121408
2026-06-26 15:15:00,70.69999694824219,71.0199966430664,70.66999816894531,71.0,0
2026-06-26 15:20:00,71.04000091552734,71.6500015258789,70.98999786376953,71.6500015258789,0
2026-06-26 15:25:00,71.69000244140625,71.70999908447266,71.26000213623047,71.33999633789062,10200832
2026-06-26 15:30:00,71.3499984741211,71.55999755859375,71.33000183105469,71.4800033569336,1089280
2026-06-26 15:35:00,71.55000305175781,72.01000213623047,71.5199966430664,71.98999786376953,7970048
2026-06-26 15:40:00,72.0,72.13999938964844,71.94999694824219,72.02999877929688,26998528
2026-06-26 15:45:00,72.05000305175781,72.05000305175781,71.66999816894531,71.83000183105469,7372288
2026-06-26 15:50:00,71.81999969482422,72.0,71.45999908447266,71.79000091552734,15751424
2026-06-26 15:55:00,71.83999633789062,72.01000213623047,71.77999877929688,71.95999908447266,13278464
2026-06-26 16:00:00,72.06999969482422,73.37999725341797,72.05000305175781,72.66999816894531,7607040
2026-06-26 16:05:00,72.61000061035156,72.68000030517578,72.33000183105469,72.43000030517578,67626752
2026-06-26 16:10:00,72.4000015258789,72.51000213623047,72.29000091552734,72.33000183105469,3940608
2026-06-26 16:15:00,72.3499984741211,72.5999984741211,72.12000274658203,72.19000244140625,1634816
2026-06-26 16:20:00,72.20999908447266,72.27999877929688,71.94999694824219,72.13999938964844,8570880
2026-06-26 16:25:00,72.19999694824219,72.26000213623047,72.05999755859375,72.12000274658203,8090624
2026-06-26 16:30:00,72.23999786376953,72.91999816894531,72.23999786376953,72.88999938964844,10074624
2026-06-26 16:35:00,72.9800033569336,73.08999633789062,72.63999938964844,72.7300033569336,34785280
2026-06-26 16:40:00,72.7300033569336,72.80999755859375,72.5,72.5,8442368
2026-06-26 16:45:00,72.4800033569336,72.72000122070312,72.4800033569336,72.68000030517578,0
2026-06-26 16:50:00,72.63999938964844,72.72000122070312,72.3499984741211,72.44999694824219,4778496
2026-06-26 16:55:00,72.44999694824219,72.48999786376953,72.36000061035156,72.4000015258789,3401216
2026-06-26 17:00:00,72.37000274658203,72.5199966430664,72.30000305175781,72.44999694824219,0
2026-06-26 17:05:00,72.44999694824219,72.55000305175781,72.4000015258789,72.55000305175781,15325696
2026-06-26 17:10:00,72.56999969482422,72.76000213623047,72.55999755859375,72.63999938964844,4195328
2026-06-26 17:15:00,72.66000366210938,72.66000366210938,72.08000183105469,72.2699966430664,2925056
2026-06-26 17:20:00,72.29000091552734,72.45999908447266,72.19000244140625,72.37000274658203,2142720
2026-06-26 17:25:00,72.33999633789062,72.55000305175781,72.2699966430664,72.5199966430664,0
2026-06-26 17:30:00,72.51000213623047,72.69999694824219,72.45999908447266,72.52999877929688,0
2026-06-26 17:35:00,72.47000122070312,72.47000122070312,72.13999938964844,72.26000213623047,0
2026-06-26 17:40:00,72.26000213623047,72.55999755859375,72.19999694824219,72.54000091552734,0
2026-06-26 17:45:00,72.52999877929688,72.70999908447266,72.5199966430664,72.5199966430664,2122752
2026-06-26 17:50:00,72.5,72.5999984741211,72.41000366210938,72.54000091552734,0
2026-06-26 17:55:00,72.48999786376953,72.5999984741211,72.41000366210938,72.47000122070312,0
2026-06-26 18:00:00,72.47000122070312,72.76000213623047,72.47000122070312,72.75,346624
2026-06-26 18:05:00,72.73999786376953,72.86000061035156,72.70999908447266,72.80000305175781,0
2026-06-26 18:10:00,72.77999877929688,72.9800033569336,72.76000213623047,72.83999633789062,0
2026-06-26 18:15:00,72.9000015258789,72.9000015258789,72.54000091552734,72.56999969482422,0
2026-06-26 18:20:00,72.58999633789062,72.80000305175781,72.55000305175781,72.58999633789062,0
2026-06-26 18:25:00,72.62000274658203,72.69999694824219,72.30000305175781,72.31999969482422,0
2026-06-26 18:30:00,72.30999755859375,72.58000183105469,72.29000091552734,72.58000183105469,0
2026-06-26 18:35:00,72.56999969482422,72.58999633789062,72.37999725341797,72.41000366210938,0
2026-06-26 18:40:00,72.41999816894531,72.62999725341797,72.41999816894531,72.58000183105469,0
2026-06-26 18:45:00,72.52999877929688,72.55000305175781,72.30000305175781,72.4000015258789,475392
2026-06-26 18:50:00,72.33000183105469,72.47000122070312,72.30999755859375,72.38999938964844,0
2026-06-26 18:55:00,72.41000366210938,72.5,72.30000305175781,72.48999786376953,0
2026-06-26 19:00:00,72.48999786376953,72.56999969482422,72.37999725341797,72.44999694824219,0
2026-06-26 19:05:00,72.45999908447266,73.19999694824219,72.44999694824219,73.19999694824219,0
2026-06-26 19:10:00,73.12999725341797,73.19999694824219,73.02999877929688,73.11000061035156,15301120
2026-06-26 19:15:00,73.0999984741211,73.13999938964844,72.98999786376953,73.13999938964844,18200832
2026-06-26 19:20:00,73.12000274658203,73.2699966430664,73.04000091552734,73.0999984741211,9993728
2026-06-26 19:25:00,73.12999725341797,73.22000122070312,73.12999725341797,73.16999816894531,639488
2026-06-26 19:30:00,73.22000122070312,73.7699966430664,73.22000122070312,73.68000030517578,3072512
2026-06-26 19:35:00,73.63999938964844,73.68000030517578,73.45999908447266,73.55000305175781,29530112
2026-06-26 19:40:00,73.54000091552734,73.79000091552734,73.54000091552734,73.58999633789062,5384704
2026-06-26 19:45:00,73.62000274658203,73.7300033569336,73.2300033569336,73.25,12107264
2026-06-26 19:50:00,73.29000091552734,73.30000305175781,73.0999984741211,73.1500015258789,10699264
2026-06-26 19:55:00,73.0999984741211,73.36000061035156,73.0999984741211,73.11000061035156,3116032
2026-06-26 20:00:00,72.95999908447266,73.44000244140625,72.95999908447266,73.18000030517578,19203584
2026-06-26 20:05:00,73.18000030517578,73.22000122070312,72.9000015258789,72.9000015258789,26324480
2026-06-26 20:10:00,72.94000244140625,72.94000244140625,72.58999633789062,72.63999938964844,4536320
2026-06-26 20:15:00,72.66999816894531,72.8499984741211,72.62999725341797,72.73999786376953,9500160
2026-06-26 20:20:00,72.76000213623047,72.80999755859375,72.63999938964844,72.68000030517578,5813248
2026-06-26 20:25:00,72.69999694824219,72.95999908447266,72.69000244140625,72.95999908447266,4210176
2026-06-26 20:30:00,72.95999908447266,72.95999908447266,72.1500015258789,72.19999694824219,7023616
2026-06-26 20:35:00,72.2300033569336,72.33000183105469,72.08000183105469,72.2699966430664,10651648
2026-06-26 20:40:00,72.25,72.30000305175781,72.11000061035156,72.13999938964844,21517824
2026-06-26 20:45:00,72.06999969482422,72.19000244140625,72.06999969482422,72.19000244140625,4532224
2026-06-26 20:50:00,72.22000122070312,72.31999969482422,72.08999633789062,72.12000274658203,10499584
2026-06-26 20:55:00,72.13999938964844,72.16999816894531,72.0,72.05999755859375,3450880
2026-06-26 21:00:00,72.05000305175781,72.11000061035156,71.70999908447266,71.7699966430664,0
2026-06-26 21:05:00,71.77999877929688,71.88999938964844,71.70999908447266,71.8499984741211,16790528
2026-06-26 21:10:00,71.86000061035156,71.94999694824219,71.76000213623047,71.86000061035156,3869184
2026-06-26 21:15:00,71.87999725341797,71.87999725341797,71.70999908447266,71.80000305175781,6087168
2026-06-26 21:20:00,71.80000305175781,72.0,71.80000305175781,71.94000244140625,3397632
2026-06-26 21:25:00,71.94000244140625,72.18000030517578,71.88999938964844,72.16000366210938,6654464
2026-06-26 21:30:00,72.13999938964844,72.26000213623047,72.13999938964844,72.18000030517578,6088704
2026-06-26 21:35:00,72.19000244140625,72.19999694824219,71.91999816894531,71.91999816894531,0
2026-06-26 21:40:00,71.93000030517578,72.18000030517578,71.93000030517578,72.0999984741211,0
2026-06-26 21:45:00,72.12999725341797,72.16999816894531,71.94000244140625,71.97000122070312,4714496
2026-06-26 21:50:00,71.97000122070312,72.08999633789062,71.95999908447266,72.05000305175781,354816
2026-06-26 21:55:00,72.04000091552734,72.04000091552734,71.81999969482422,71.88999938964844,0
2026-06-26 22:00:00,71.83999633789062,71.9800033569336,71.44000244140625,71.5,0
2026-06-26 22:05:00,71.47000122070312,71.5999984741211,71.45999908447266,71.54000091552734,3380224
2026-06-26 22:10:00,71.55000305175781,71.80000305175781,71.55000305175781,71.63999938964844,2253824
2026-06-26 22:15:00,71.62999725341797,71.77999877929688,71.61000061035156,71.69999694824219,418816
2026-06-26 22:20:00,71.73999786376953,71.73999786376953,71.62000274658203,71.6500015258789,1355776
2026-06-26 22:25:00,71.6500015258789,71.69000244140625,71.5199966430664,71.54000091552734,1308160
2026-06-26 22:30:00,71.54000091552734,71.5999984741211,71.43000030517578,71.5999984741211,0
2026-06-26 22:35:00,71.56999969482422,71.66999816894531,71.56999969482422,71.66999816894531,6815232
2026-06-26 22:40:00,71.66999816894531,71.77999877929688,71.66000366210938,71.75,1582592
2026-06-26 22:45:00,71.76000213623047,71.7699966430664,71.62999725341797,71.75,291840
2026-06-26 22:50:00,71.7300033569336,71.80999755859375,71.6500015258789,71.73999786376953,1474560
2026-06-26 22:55:00,71.73999786376953,71.80999755859375,71.69999694824219,71.7300033569336,0
2026-06-26 23:00:00,71.70999908447266,71.88999938964844,71.69000244140625,71.81999969482422,0
2026-06-26 23:05:00,71.83999633789062,71.8499984741211,71.69999694824219,71.7300033569336,4143104
2026-06-26 23:10:00,71.73999786376953,71.80999755859375,71.70999908447266,71.80999755859375,1425920
2026-06-26 23:15:00,71.80999755859375,71.80999755859375,71.63999938964844,71.63999938964844,0
2026-06-26 23:20:00,71.66000366210938,71.75,71.58999633789062,71.7300033569336,0
2026-06-26 23:25:00,71.7300033569336,71.75,71.58999633789062,71.58999633789062,0
2026-06-26 23:30:00,71.58999633789062,71.80999755859375,71.56999969482422,71.77999877929688,0
2026-06-26 23:35:00,71.77999877929688,71.80000305175781,71.7300033569336,71.79000091552734,0
2026-06-26 23:40:00,71.80000305175781,71.91999816894531,71.7699966430664,71.83999633789062,0
2026-06-26 23:45:00,71.86000061035156,71.9000015258789,71.83000183105469,71.86000061035156,11881472
2026-06-26 23:50:00,71.86000061035156,71.86000061035156,71.79000091552734,71.8499984741211,0
2026-06-26 23:55:00,71.83000183105469,71.8499984741211,71.79000091552734,71.79000091552734,0
2026-06-27 00:00:00,71.80000305175781,71.94000244140625,71.77999877929688,71.94000244140625,0
2026-06-27 00:05:00,71.9000015258789,72.33999633789062,71.83999633789062,72.29000091552734,0
2026-06-27 00:10:00,72.30999755859375,72.36000061035156,72.12999725341797,72.2699966430664,24367104
2026-06-27 00:15:00,72.2699966430664,72.30999755859375,72.12999725341797,72.19999694824219,6792704
2026-06-27 00:20:00,72.18000030517578,72.18000030517578,72.01000213623047,72.06999969482422,0
2026-06-27 00:25:00,72.05000305175781,72.0999984741211,71.94999694824219,71.94999694824219,0
2026-06-27 00:30:00,71.94999694824219,71.95999908447266,71.4800033569336,71.55999755859375,0
2026-06-27 00:35:00,71.55999755859375,71.69000244140625,71.52999877929688,71.69000244140625,5197824
2026-06-27 00:40:00,71.69000244140625,71.72000122070312,71.5199966430664,71.58000183105469,2341376
2026-06-27 00:45:00,71.56999969482422,71.7699966430664,71.52999877929688,71.7699966430664,0
2026-06-27 00:50:00,71.7300033569336,71.80000305175781,71.7300033569336,71.76000213623047,507904
2026-06-27 00:55:00,71.75,71.75,71.69999694824219,71.72000122070312,0
2026-06-27 01:00:00,71.72000122070312,71.72000122070312,71.5,71.5,0
2026-06-27 01:05:00,71.5,71.61000061035156,71.5,71.55000305175781,0
2026-06-27 01:10:00,71.54000091552734,71.61000061035156,71.52999877929688,71.54000091552734,0
2026-06-27 01:15:00,71.55999755859375,71.63999938964844,71.5199966430664,71.63999938964844,0
2026-06-27 01:20:00,71.63999938964844,71.66000366210938,71.52999877929688,71.62000274658203,0
2026-06-27 01:25:00,71.63999938964844,71.6500015258789,71.56999969482422,71.62999725341797,0
2026-06-27 01:30:00,71.5999984741211,71.5999984741211,71.37999725341797,71.48999786376953,0
2026-06-27 01:35:00,71.48999786376953,71.55999755859375,71.44999694824219,71.47000122070312,0
2026-06-27 01:40:00,71.44999694824219,71.52999877929688,71.43000030517578,71.47000122070312,0
2026-06-27 01:45:00,71.47000122070312,71.5199966430664,71.4000015258789,71.4800033569336,0
2026-06-27 01:50:00,71.48999786376953,71.55999755859375,71.37999725341797,71.41000366210938,0
2026-06-27 01:55:00,71.4000015258789,71.4000015258789,71.26000213623047,71.33000183105469,0
2026-06-27 02:00:00,71.33000183105469,71.44999694824219,71.29000091552734,71.44999694824219,0
2026-06-27 02:05:00,71.43000030517578,71.56999969482422,71.41000366210938,71.56999969482422,0
2026-06-27 02:10:00,71.58999633789062,71.73999786376953,71.5199966430664,71.70999908447266,0
2026-06-27 02:15:00,71.76000213623047,71.8499984741211,71.66000366210938,71.7300033569336,0
2026-06-27 02:20:00,71.76000213623047,72.05000305175781,71.73999786376953,72.05000305175781,0
2026-06-27 02:25:00,72.05999755859375,72.12000274658203,71.9800033569336,72.02999877929688,0
2026-06-27 02:30:00,71.98999786376953,72.0,71.80999755859375,71.98999786376953,0
2026-06-27 02:35:00,71.97000122070312,72.01000213623047,71.83999633789062,72.01000213623047,0
2026-06-27 02:40:00,72.02999877929688,72.08000183105469,71.94999694824219,71.98999786376953,0
2026-06-27 02:45:00,72.0,72.06999969482422,71.91000366210938,71.91999816894531,0
2026-06-27 02:50:00,71.94999694824219,72.13999938964844,71.88999938964844,72.11000061035156,0
2026-06-27 02:55:00,72.11000061035156,72.12999725341797,72.0,72.0,0
2026-06-27 03:00:00,71.97000122070312,72.0999984741211,71.87999725341797,71.9000015258789,0
2026-06-27 03:05:00,71.88999938964844,71.93000030517578,71.76000213623047,71.77999877929688,0
2026-06-27 03:10:00,71.77999877929688,71.83000183105469,71.7300033569336,71.76000213623047,0
2026-06-27 03:15:00,71.73999786376953,71.95999908447266,71.73999786376953,71.94999694824219,0
2026-06-27 03:20:00,71.97000122070312,72.2699966430664,71.94000244140625,72.16999816894531,0
2026-06-27 03:25:00,72.20999908447266,72.20999908447266,72.05000305175781,72.08000183105469,423168
2026-06-27 03:30:00,72.08999633789062,72.11000061035156,71.91999816894531,72.02999877929688,0
2026-06-27 03:35:00,72.0199966430664,72.1500015258789,71.97000122070312,72.11000061035156,0
2026-06-27 03:40:00,72.11000061035156,72.23999786376953,72.08000183105469,72.22000122070312,0
2026-06-27 03:45:00,72.18000030517578,72.27999877929688,72.16999816894531,72.25,0
2026-06-27 03:50:00,72.2300033569336,72.25,72.0999984741211,72.11000061035156,0
2026-06-27 03:55:00,72.11000061035156,72.25,72.11000061035156,72.1500015258789,0
2026-06-27 04:00:00,72.1500015258789,72.2300033569336,72.12999725341797,72.22000122070312,0
2026-06-27 04:05:00,72.22000122070312,72.37999725341797,72.22000122070312,72.26000213623047,0
2026-06-27 04:10:00,72.2699966430664,72.31999969482422,72.18000030517578,72.27999877929688,0
2026-06-27 04:15:00,72.23999786376953,72.27999877929688,72.1500015258789,72.23999786376953,2089728
2026-06-27 04:20:00,72.2300033569336,72.37000274658203,72.16000366210938,72.37000274658203,0
2026-06-27 04:25:00,72.3499984741211,72.4800033569336,72.2300033569336,72.2300033569336,226048
2026-06-27 04:30:00,72.23999786376953,72.30000305175781,72.16000366210938,72.29000091552734,0
2026-06-27 04:35:00,72.2699966430664,72.2699966430664,72.12000274658203,72.19000244140625,0
2026-06-27 04:40:00,72.16999816894531,72.19000244140625,72.06999969482422,72.12999725341797,0
2026-06-27 04:45:00,72.11000061035156,72.13999938964844,71.97000122070312,71.97000122070312,0
2026-06-27 04:50:00,71.94999694824219,71.98999786376953,71.87000274658203,71.87999725341797,0
2026-06-27 04:55:00,71.86000061035156,71.87999725341797,71.80000305175781,71.81999969482422,0
2026-06-27 05:00:00,71.81999969482422,71.87000274658203,71.7300033569336,71.7300033569336,0
2026-06-27 05:05:00,71.69999694824219,71.86000061035156,71.69999694824219,71.86000061035156,0
2026-06-27 05:10:00,71.86000061035156,71.91999816894531,71.83999633789062,71.9000015258789,0
2026-06-27 05:15:00,71.81999969482422,71.86000061035156,71.7300033569336,71.86000061035156,0
2026-06-27 05:20:00,71.86000061035156,71.88999938964844,71.81999969482422,71.88999938964844,0
2026-06-27 05:25:00,71.88999938964844,71.91000366210938,71.4000015258789,71.44999694824219,0
2026-06-27 05:30:00,71.48999786376953,71.63999938964844,71.47000122070312,71.63999938964844,30182656
2026-06-27 05:35:00,71.63999938964844,71.69000244140625,71.61000061035156,71.6500015258789,11098880
2026-06-27 05:40:00,71.63999938964844,71.63999938964844,71.58999633789062,71.62999725341797,3546112
2026-06-27 05:45:00,71.5999984741211,71.70999908447266,71.55999755859375,71.62000274658203,0
2026-06-27 05:50:00,71.63999938964844,71.7300033569336,71.62999725341797,71.6500015258789,0
2026-06-27 05:55:00,71.6500015258789,71.73999786376953,71.62999725341797,71.68000030517578,0
2026-06-27 06:00:00,71.69999694824219,71.72000122070312,71.5999984741211,71.6500015258789,0
2026-06-27 06:05:00,71.6500015258789,71.7300033569336,71.6500015258789,71.66999816894531,0
2026-06-27 06:10:00,71.66000366210938,71.66000366210938,71.5,71.5999984741211,0
2026-06-27 06:15:00,71.5999984741211,71.69000244140625,71.55000305175781,71.69000244140625,0
2026-06-27 06:20:00,71.69999694824219,71.77999877929688,71.69000244140625,71.7699966430664,0
2026-06-27 06:25:00,71.7699966430664,71.81999969482422,71.76000213623047,71.77999877929688,0
2026-06-27 06:30:00,71.79000091552734,72.05999755859375,71.79000091552734,71.9800033569336,0
2026-06-27 06:35:00,71.9800033569336,72.0199966430664,71.88999938964844,72.0199966430664,0
2026-06-27 06:40:00,72.04000091552734,72.19000244140625,72.04000091552734,72.0999984741211,0
2026-06-27 06:45:00,72.12999725341797,72.19999694824219,72.11000061035156,72.19000244140625,0
2026-06-27 06:50:00,72.16999816894531,72.16999816894531,71.9800033569336,72.02999877929688,0
2026-06-27 06:55:00,72.02999877929688,72.05999755859375,71.9800033569336,72.01000213623047,0
2026-06-27 07:00:00,72.0199966430664,72.04000091552734,71.93000030517578,71.9800033569336,0
2026-06-27 07:05:00,71.9800033569336,72.0,71.91999816894531,71.94000244140625,0
2026-06-27 07:10:00,71.88999938964844,71.95999908447266,71.88999938964844,71.94000244140625,0
2026-06-27 07:15:00,71.95999908447266,72.0,71.93000030517578,71.94999694824219,0
2026-06-27 07:20:00,71.93000030517578,72.13999938964844,71.93000030517578,72.06999969482422,0
2026-06-27 07:25:00,72.05999755859375,72.08999633789062,72.0199966430664,72.0199966430664,0
2026-06-27 07:30:00,72.02999877929688,72.02999877929688,71.93000030517578,71.97000122070312,0
2026-06-27 07:35:00,71.9800033569336,71.9800033569336,71.9000015258789,71.94999694824219,0
2026-06-27 07:40:00,71.94999694824219,72.02999877929688,71.93000030517578,71.9800033569336,0
2026-06-27 07:45:00,72.0199966430664,72.08999633789062,72.0199966430664,72.06999969482422,0
2026-06-27 07:50:00,72.06999969482422,72.12999725341797,72.05999755859375,72.12000274658203,0
2026-06-27 07:55:00,72.12999725341797,72.23999786376953,72.11000061035156,72.19999694824219,0
2026-06-27 08:00:00,72.19999694824219,72.19999694824219,72.06999969482422,72.12000274658203,0
2026-06-27 08:05:00,72.08999633789062,72.19999694824219,72.08999633789062,72.12999725341797,0
2026-06-27 08:10:00,72.13999938964844,72.13999938964844,72.08000183105469,72.08999633789062,0
2026-06-27 08:15:00,72.16000366210938,72.19999694824219,71.95999908447266,72.0199966430664,0
2026-06-27 08:20:00,72.0199966430664,72.08999633789062,72.0199966430664,72.08999633789062,0
2026-06-27 08:25:00,72.08000183105469,72.16999816894531,72.04000091552734,72.08000183105469,0
2026-06-27 08:30:00,72.06999969482422,72.08000183105469,72.04000091552734,72.05999755859375,0
2026-06-27 08:35:00,72.05999755859375,72.08000183105469,71.9000015258789,71.91000366210938,0
2026-06-27 08:40:00,71.91999816894531,71.91999816894531,71.77999877929688,71.80999755859375,0
2026-06-27 08:45:00,71.80999755859375,71.8499984741211,71.80000305175781,71.81999969482422,0
2026-06-27 08:50:00,71.80999755859375,72.04000091552734,71.80000305175781,71.9800033569336,0
2026-06-27 08:55:00,71.94000244140625,71.94000244140625,71.87999725341797,71.93000030517578,0
2026-06-27 09:00:00,71.9000015258789,71.94999694824219,71.81999969482422,71.91000366210938,0
2026-06-27 09:05:00,71.91999816894531,71.98999786376953,71.91000366210938,71.91000366210938,0
2026-06-27 09:10:00,71.88999938964844,71.88999938964844,71.68000030517578,71.69000244140625,0
2026-06-27 09:15:00,71.62999725341797,71.69000244140625,71.61000061035156,71.66000366210938,0
2026-06-27 09:20:00,71.66000366210938,71.69000244140625,71.62000274658203,71.6500015258789,0
2026-06-27 09:25:00,71.66000366210938,71.72000122070312,71.63999938964844,71.69000244140625,0
2026-06-27 09:30:00,71.68000030517578,71.80000305175781,71.68000030517578,71.7300033569336,0
2026-06-27 09:35:00,71.7300033569336,71.73999786376953,71.66999816894531,71.69000244140625,0
2026-06-27 09:40:00,71.66999816894531,71.70999908447266,71.61000061035156,71.63999938964844,0
2026-06-27 09:45:00,71.62999725341797,71.68000030517578,71.62999725341797,71.6500015258789,0
2026-06-27 09:50:00,71.6500015258789,71.68000030517578,71.63999938964844,71.66999816894531,0
2026-06-27 09:55:00,71.68000030517578,71.7699966430664,71.68000030517578,71.75,0
2026-06-27 10:00:00,71.73999786376953,71.80999755859375,71.72000122070312,71.7699966430664,0
2026-06-27 10:05:00,71.7699966430664,71.79000091552734,71.75,71.77999877929688,0
2026-06-27 10:10:00,71.76000213623047,71.83999633789062,71.76000213623047,71.77999877929688,0
2026-06-27 10:15:00,71.77999877929688,71.81999969482422,71.73999786376953,71.81999969482422,0
2026-06-27 10:20:00,71.80999755859375,71.94000244140625,71.80999755859375,71.93000030517578,0
2026-06-27 10:25:00,71.93000030517578,71.93000030517578,71.81999969482422,71.8499984741211,0
2026-06-27 10:30:00,71.83999633789062,71.83999633789062,71.75,71.83000183105469,0
2026-06-27 10:35:00,71.83000183105469,71.93000030517578,71.80999755859375,71.91999816894531,0
2026-06-27 10:40:00,71.91999816894531,71.94999694824219,71.79000091552734,71.83000183105469,0
2026-06-27 10:45:00,71.81999969482422,71.9000015258789,71.80999755859375,71.87000274658203,736512
2026-06-27 10:50:00,71.87000274658203,71.88999938964844,71.83000183105469,71.8499984741211,0
2026-06-27 10:55:00,71.86000061035156,71.93000030517578,71.86000061035156,71.91999816894531,0
2026-06-27 11:00:00,71.91999816894531,71.9800033569336,71.88999938964844,71.93000030517578,0
2026-06-27 11:05:00,71.93000030517578,71.93000030517578,71.76000213623047,71.80999755859375,0
2026-06-27 11:10:00,71.81999969482422,71.81999969482422,71.76000213623047,71.77999877929688,0
2026-06-27 11:15:00,71.7699966430664,71.77999877929688,71.5199966430664,71.56999969482422,0
2026-06-27 11:20:00,71.58000183105469,71.66999816894531,71.56999969482422,71.6500015258789,1182208
2026-06-27 11:25:00,71.6500015258789,71.69999694824219,71.41999816894531,71.51000213623047,0
2026-06-27 11:30:00,71.51000213623047,71.58999633789062,71.51000213623047,71.58999633789062,0
2026-06-27 11:35:00,71.5999984741211,71.5999984741211,71.44000244140625,71.5199966430664,0
2026-06-27 11:40:00,71.54000091552734,71.5999984741211,71.4800033569336,71.58999633789062,1255680
2026-06-27 11:45:00,71.58000183105469,71.79000091552734,71.56999969482422,71.73999786376953,0
2026-06-27 11:50:00,71.70999908447266,71.70999908447266,71.66999816894531,71.69000244140625,0
2026-06-27 11:55:00,71.69999694824219,71.7300033569336,71.66000366210938,71.69999694824219,0
2026-06-27 12:00:00,71.66999816894531,71.7699966430664,71.66000366210938,71.70999908447266,0
2026-06-27 12:05:00,71.70999908447266,71.70999908447266,71.58999633789062,71.63999938964844,0
2026-06-27 12:10:00,71.63999938964844,71.6500015258789,71.54000091552734,71.62000274658203,0
2026-06-27 12:15:00,71.61000061035156,71.7300033569336,71.61000061035156,71.70999908447266,0
2026-06-27 12:20:00,71.69999694824219,71.80000305175781,71.69000244140625,71.69999694824219,0
2026-06-27 12:25:00,71.69000244140625,71.72000122070312,71.66000366210938,71.70999908447266,0
2026-06-27 12:30:00,71.72000122070312,71.79000091552734,71.66999816894531,71.69999694824219,0
2026-06-27 12:35:00,71.72000122070312,71.80000305175781,71.6500015258789,71.6500015258789,0
2026-06-27 12:40:00,71.66000366210938,71.73999786376953,71.63999938964844,71.72000122070312,0
2026-06-27 12:45:00,71.7300033569336,71.80000305175781,71.68000030517578,71.79000091552734,0
2026-06-27 12:50:00,71.79000091552734,71.97000122070312,71.79000091552734,71.97000122070312,0
2026-06-27 12:55:00,71.98999786376953,72.06999969482422,71.98999786376953,72.05999755859375,0
2026-06-27 13:00:00,72.05000305175781,72.22000122070312,72.01000213623047,72.1500015258789,0
2026-06-27 13:05:00,72.16000366210938,72.16000366210938,72.05999755859375,72.12999725341797,0
2026-06-27 13:10:00,72.1500015258789,72.16000366210938,72.11000061035156,72.13999938964844,0
2026-06-27 13:15:00,72.12999725341797,72.16999816894531,72.05999755859375,72.11000061035156,0
2026-06-27 13:20:00,72.11000061035156,72.22000122070312,72.11000061035156,72.16999816894531,0
2026-06-27 13:25:00,72.16999816894531,72.36000061035156,72.16999816894531,72.29000091552734,0
2026-06-27 13:30:00,72.27999877929688,72.29000091552734,72.22000122070312,72.2300033569336,0
2026-06-27 13:35:00,72.2300033569336,72.44999694824219,72.19999694824219,72.4000015258789,0
2026-06-27 13:40:00,72.38999938964844,72.38999938964844,72.30000305175781,72.33999633789062,0
2026-06-27 13:45:00,72.31999969482422,72.41000366210938,72.19999694824219,72.23999786376953,0
2026-06-27 13:50:00,72.22000122070312,72.3499984741211,72.19999694824219,72.26000213623047,0
2026-06-27 13:55:00,72.2699966430664,72.2699966430664,72.19000244140625,72.23999786376953,0
2026-06-27 14:00:00,72.23999786376953,72.23999786376953,72.11000061035156,72.12999725341797,0
2026-06-27 14:05:00,72.13999938964844,72.30000305175781,72.13999938964844,72.2699966430664,0
2026-06-27 14:10:00,72.2699966430664,72.58999633789062,72.26000213623047,72.5199966430664,0
2026-06-27 14:15:00,72.47000122070312,72.4800033569336,72.41999816894531,72.4800033569336,0
2026-06-27 14:20:00,72.47000122070312,72.56999969482422,72.44000244140625,72.52999877929688,0
2026-06-27 14:25:00,72.55000305175781,72.69999694824219,72.52999877929688,72.58999633789062,0
2026-06-27 14:30:00,72.58999633789062,72.70999908447266,72.58999633789062,72.66000366210938,0
2026-06-27 14:35:00,72.6500015258789,72.68000030517578,72.4800033569336,72.66000366210938,0
2026-06-27 14:40:00,72.68000030517578,72.76000213623047,72.62999725341797,72.7300033569336,0
2026-06-27 14:45:00,72.69000244140625,72.77999877929688,72.68000030517578,72.68000030517578,0
2026-06-27 14:50:00,72.66999816894531,72.66999816894531,72.55999755859375,72.58000183105469,0
2026-06-27 14:55:00,72.56999969482422,72.61000061035156,72.55999755859375,72.5999984741211,0
2026-06-27 15:00:00,72.61000061035156,72.62000274658203,72.51000213623047,72.55999755859375,0
2026-06-27 15:05:00,72.56999969482422,72.77999877929688,72.56999969482422,72.77999877929688,0
2026-06-27 15:10:00,72.76000213623047,73.06999969482422,72.73999786376953,72.91999816894531,0
2026-06-27 15:15:00,72.91999816894531,72.93000030517578,72.7699966430664,72.80000305175781,568320
2026-06-27 15:20:00,72.80999755859375,72.80999755859375,72.70999908447266,72.80999755859375,0
2026-06-27 15:25:00,72.83000183105469,72.87000274658203,72.7699966430664,72.77999877929688,0
2026-06-27 15:30:00,72.80999755859375,72.80999755859375,72.68000030517578,72.76000213623047,0
2026-06-27 15:35:00,72.7699966430664,72.94999694824219,72.69999694824219,72.93000030517578,0
2026-06-27 15:40:00,72.88999938964844,72.94000244140625,72.83999633789062,72.88999938964844,0
2026-06-27 15:45:00,72.88999938964844,72.88999938964844,72.75,72.80999755859375,0
2026-06-27 15:50:00,72.81999969482422,72.81999969482422,72.6500015258789,72.70999908447266,0
2026-06-27 15:55:00,72.66999816894531,72.73999786376953,72.61000061035156,72.70999908447266,0
2026-06-27 16:00:00,72.72000122070312,72.72000122070312,72.5999984741211,72.68000030517578,0
2026-06-27 16:05:00,72.68000030517578,72.87999725341797,72.62000274658203,72.83000183105469,0
2026-06-27 16:10:00,72.83000183105469,72.83000183105469,72.62999725341797,72.62999725341797,0
2026-06-27 16:15:00,72.62999725341797,72.62999725341797,72.52999877929688,72.54000091552734,0
2026-06-27 16:20:00,72.58000183105469,72.66999816894531,72.55000305175781,72.55999755859375,0
2026-06-27 16:25:00,72.58999633789062,72.7300033569336,72.58999633789062,72.69999694824219,0
2026-06-27 16:30:00,72.69000244140625,72.70999908447266,72.56999969482422,72.66000366210938,0
2026-06-27 16:35:00,72.6500015258789,72.69000244140625,72.55000305175781,72.69000244140625,0
2026-06-27 16:40:00,72.6500015258789,72.70999908447266,72.62999725341797,72.62999725341797,0
2026-06-27 16:45:00,72.63999938964844,72.69999694824219,72.55000305175781,72.69000244140625,0
2026-06-27 16:50:00,72.68000030517578,72.69000244140625,72.5999984741211,72.5999984741211,0
2026-06-27 16:55:00,72.56999969482422,72.61000061035156,72.5199966430664,72.52999877929688,0
2026-06-27 17:00:00,72.5199966430664,72.5199966430664,71.80999755859375,71.80999755859375,0
2026-06-27 17:05:00,71.91000366210938,72.05999755859375,71.91000366210938,71.9800033569336,0
2026-06-27 17:10:00,71.9800033569336,72.12000274658203,71.9800033569336,72.0999984741211,5560832
2026-06-27 17:15:00,72.1500015258789,72.1500015258789,71.94000244140625,72.12000274658203,0
2026-06-27 17:20:00,72.12999725341797,72.19000244140625,72.08000183105469,72.18000030517578,0
2026-06-27 17:25:00,72.18000030517578,72.19000244140625,72.05999755859375,72.13999938964844,0
2026-06-27 17:30:00,72.13999938964844,72.19000244140625,72.01000213623047,72.05000305175781,0
2026-06-27 17:35:00,72.05000305175781,72.2300033569336,72.05000305175781,72.08999633789062,1819136
2026-06-27 17:40:00,72.11000061035156,72.1500015258789,72.08000183105469,72.13999938964844,0
2026-06-27 17:45:00,72.12000274658203,72.13999938964844,72.05999755859375,72.05999755859375,0
2026-06-27 17:50:00,72.11000061035156,72.16000366210938,72.05999755859375,72.12000274658203,0
2026-06-27 17:55:00,72.11000061035156,72.12999725341797,71.94000244140625,71.94000244140625,0
2026-06-27 18:00:00,71.93000030517578,71.94000244140625,71.81999969482422,71.9000015258789,0
2026-06-27 18:05:00,71.91999816894531,72.05000305175781,71.8499984741211,72.05000305175781,0
2026-06-27 18:10:00,72.05000305175781,72.05000305175781,71.93000030517578,71.93000030517578,0
2026-06-27 18:15:00,71.93000030517578,72.04000091552734,71.91999816894531,71.91999816894531,0
2026-06-27 18:20:00,71.97000122070312,71.9800033569336,71.69999694824219,71.7699966430664,0
2026-06-27 18:25:00,71.77999877929688,71.83999633789062,71.63999938964844,71.77999877929688,0
2026-06-27 18:30:00,71.77999877929688,71.86000061035156,71.75,71.81999969482422,0
2026-06-27 18:35:00,71.81999969482422,71.93000030517578,71.81999969482422,71.9000015258789,0
2026-06-27 18:40:00,71.88999938964844,71.9000015258789,71.80000305175781,71.83000183105469,0
2026-06-27 18:45:00,71.83999633789062,71.83999633789062,71.79000091552734,71.80999755859375,0
2026-06-27 18:50:00,71.80000305175781,71.83000183105469,71.76000213623047,71.83000183105469,0
2026-06-27 18:55:00,71.83999633789062,71.86000061035156,71.77999877929688,71.79000091552734,0
2026-06-27 19:00:00,71.79000091552734,71.88999938964844,71.76000213623047,71.86000061035156,0
2026-06-27 19:05:00,71.87000274658203,71.87000274658203,71.76000213623047,71.80999755859375,0
2026-06-27 19:10:00,71.80000305175781,71.8499984741211,71.79000091552734,71.79000091552734,0
2026-06-27 19:15:00,71.79000091552734,71.79000091552734,71.52999877929688,71.52999877929688,0
2026-06-27 19:20:00,71.52999877929688,71.61000061035156,71.44999694824219,71.44999694824219,0
2026-06-27 19:25:00,71.19000244140625,71.22000122070312,71.02999877929688,71.22000122070312,21561984
2026-06-27 19:30:00,71.19999694824219,71.19999694824219,70.88999938964844,71.0,0
2026-06-27 19:35:00,71.01000213623047,71.06999969482422,70.86000061035156,70.95999908447266,0
2026-06-27 19:40:00,70.97000122070312,71.05999755859375,70.94999694824219,71.02999877929688,0
2026-06-27 19:45:00,71.04000091552734,71.12999725341797,71.0,71.08999633789062,0
2026-06-27 19:50:00,71.0999984741211,71.11000061035156,70.95999908447266,71.0,0
2026-06-27 19:55:00,71.02999877929688,71.05000305175781,70.98999786376953,70.98999786376953,0
2026-06-27 20:00:00,70.98999786376953,71.11000061035156,70.9800033569336,71.11000061035156,0
2026-06-27 20:05:00,71.12999725341797,71.1500015258789,71.08000183105469,71.1500015258789,0
2026-06-27 20:10:00,71.13999938964844,71.16000366210938,71.08000183105469,71.12000274658203,0
2026-06-27 20:15:00,71.12000274658203,71.19000244140625,71.08000183105469,71.08000183105469,0
2026-06-27 20:20:00,71.08000183105469,71.1500015258789,71.06999969482422,71.12000274658203,0
2026-06-27 20:25:00,71.12000274658203,71.13999938964844,71.05000305175781,71.12000274658203,0
2026-06-27 20:30:00,71.12000274658203,71.16000366210938,71.11000061035156,71.16000366210938,0
2026-06-27 20:35:00,71.16000366210938,71.16999816894531,71.11000061035156,71.16000366210938,0
2026-06-27 20:40:00,71.13999938964844,71.1500015258789,71.05000305175781,71.06999969482422,0
2026-06-27 20:45:00,71.06999969482422,71.23999786376953,71.05999755859375,71.13999938964844,0
2026-06-27 20:50:00,71.13999938964844,71.18000030517578,71.11000061035156,71.12000274658203,0
2026-06-27 20:55:00,71.12999725341797,71.16999816894531,71.0999984741211,71.16999816894531,0
2026-06-27 21:00:00,71.19999694824219,71.30000305175781,71.19999694824219,71.2699966430664,0
2026-06-27 21:05:00,71.2699966430664,71.37999725341797,71.26000213623047,71.33999633789062,0
2026-06-27 21:10:00,71.33999633789062,71.4000015258789,71.27999877929688,71.38999938964844,0
2026-06-27 21:15:00,71.38999938964844,71.41000366210938,71.30000305175781,71.37000274658203,0
2026-06-27 21:20:00,71.36000061035156,71.45999908447266,71.36000061035156,71.36000061035156,0
2026-06-27 21:25:00,71.38999938964844,71.45999908447266,71.3499984741211,71.45999908447266,0
2026-06-27 21:30:00,71.4800033569336,71.52999877929688,71.41000366210938,71.44999694824219,0
2026-06-27 21:35:00,71.43000030517578,71.43000030517578,71.18000030517578,71.18000030517578,0
2026-06-27 21:40:00,71.12999725341797,71.16999816894531,70.93000030517578,70.95999908447266,0
2026-06-27 21:45:00,70.95999908447266,71.06999969482422,70.91999816894531,71.01000213623047,7599360
2026-06-27 21:50:00,70.98999786376953,70.98999786376953,70.68000030517578,70.86000061035156,4788224
2026-06-27 21:55:00,70.83000183105469,70.9000015258789,70.79000091552734,70.87000274658203,5709440
2026-06-27 22:00:00,70.79000091552734,70.81999969482422,70.55999755859375,70.66000366210938,0
2026-06-27 22:05:00,70.66000366210938,70.7300033569336,70.5999984741211,70.62000274658203,0
2026-06-27 22:10:00,70.62999725341797,70.76000213623047,70.62999725341797,70.66999816894531,0
2026-06-27 22:15:00,70.6500015258789,70.6500015258789,70.19000244140625,70.47000122070312,0
2026-06-27 22:20:00,70.45999908447266,70.52999877929688,70.4000015258789,70.48999786376953,13067904
2026-06-27 22:25:00,70.4800033569336,70.63999938964844,70.44999694824219,70.61000061035156,3463168
2026-06-27 22:30:00,70.58999633789062,70.87000274658203,70.58999633789062,70.87000274658203,1082752
2026-06-27 22:35:00,70.83000183105469,70.94000244140625,70.77999877929688,70.91000366210938,1087104
2026-06-27 22:40:00,70.9000015258789,70.9000015258789,70.79000091552734,70.79000091552734,1076224
2026-06-27 22:45:00,70.79000091552734,70.87000274658203,70.7300033569336,70.86000061035156,0
2026-06-27 22:50:00,70.83999633789062,70.91000366210938,70.83999633789062,70.87999725341797,0
2026-06-27 22:55:00,70.87999725341797,70.98999786376953,70.87999725341797,70.97000122070312,0
2026-06-27 23:00:00,70.97000122070312,71.01000213623047,70.91000366210938,70.91000366210938,0
2026-06-27 23:05:00,70.91999816894531,71.05000305175781,70.91999816894531,70.91999816894531,0
2026-06-27 23:10:00,70.91000366210938,70.95999908447266,70.5199966430664,70.5199966430664,0
2026-06-27 23:15:00,70.5,70.5999984741211,70.43000030517578,70.5199966430664,4043392
2026-06-27 23:20:00,70.52999877929688,70.54000091552734,70.33000183105469,70.43000030517578,3671040
2026-06-27 23:25:00,70.44000244140625,70.44999694824219,70.33000183105469,70.37999725341797,3709952
2026-06-27 23:30:00,70.38999938964844,70.51000213623047,70.33999633789062,70.51000213623047,1356544
2026-06-27 23:35:00,70.5,70.58000183105469,70.43000030517578,70.58000183105469,686336
2026-06-27 23:40:00,70.55000305175781,70.56999969482422,70.5,70.51000213623047,1283456
2026-06-27 23:45:00,70.5,70.5199966430664,70.43000030517578,70.4800033569336,0
2026-06-27 23:50:00,70.45999908447266,70.51000213623047,70.41999816894531,70.45999908447266,0
2026-06-27 23:55:00,70.44999694824219,70.4800033569336,70.37999725341797,70.38999938964844,873216
2026-06-28 00:00:00,70.38999938964844,70.4800033569336,70.36000061035156,70.37999725341797,0
2026-06-28 00:05:00,70.37000274658203,70.55000305175781,70.36000061035156,70.5,0
2026-06-28 00:10:00,70.45999908447266,70.54000091552734,70.44999694824219,70.54000091552734,0
2026-06-28 00:15:00,70.54000091552734,70.66000366210938,70.5199966430664,70.62000274658203,0
2026-06-28 00:20:00,70.62999725341797,70.62999725341797,70.5,70.58000183105469,0
2026-06-28 00:25:00,70.56999969482422,70.68000030517578,70.54000091552734,70.6500015258789,0
2026-06-28 00:30:00,70.68000030517578,70.68000030517578,70.52999877929688,70.58000183105469,0
2026-06-28 00:35:00,70.56999969482422,70.62999725341797,70.4800033569336,70.62000274658203,0
2026-06-28 00:40:00,70.62000274658203,70.6500015258789,70.55999755859375,70.63999938964844,0
2026-06-28 00:45:00,70.66000366210938,70.72000122070312,70.5999984741211,70.6500015258789,696448
2026-06-28 00:50:00,70.61000061035156,70.61000061035156,70.5199966430664,70.56999969482422,0
2026-06-28 00:55:00,70.61000061035156,70.66999816894531,70.55999755859375,70.5999984741211,1071616
2026-06-28 01:00:00,70.5999984741211,70.62999725341797,70.38999938964844,70.43000030517578,0
2026-06-28 01:05:00,70.44000244140625,70.47000122070312,70.33999633789062,70.38999938964844,0
2026-06-28 01:10:00,70.41000366210938,70.48999786376953,70.38999938964844,70.48999786376953,871040
2026-06-28 01:15:00,70.45999908447266,70.58000183105469,70.44999694824219,70.54000091552734,1094656
2026-06-28 01:20:00,70.55999755859375,70.66999816894531,70.55999755859375,70.63999938964844,694272
2026-06-28 01:25:00,70.62000274658203,70.72000122070312,70.62000274658203,70.68000030517578,1805568
2026-06-28 01:30:00,70.66999816894531,70.7300033569336,70.63999938964844,70.72000122070312,0
2026-06-28 01:35:00,70.72000122070312,70.76000213623047,70.69000244140625,70.72000122070312,0
2026-06-28 01:40:00,70.72000122070312,70.80000305175781,70.69999694824219,70.77999877929688,0
2026-06-28 01:45:00,70.77999877929688,70.77999877929688,70.70999908447266,70.73999786376953,0
2026-06-28 01:50:00,70.75,70.83000183105469,70.73999786376953,70.73999786376953,0
2026-06-28 01:55:00,70.7300033569336,70.7699966430664,70.72000122070312,70.7300033569336,0
2026-06-28 02:00:00,70.7300033569336,70.91000366210938,70.7300033569336,70.87000274658203,0
2026-06-28 02:05:00,70.86000061035156,70.86000061035156,70.79000091552734,70.83999633789062,0
2026-06-28 02:10:00,70.83999633789062,70.88999938964844,70.83999633789062,70.87000274658203,0
2026-06-28 02:15:00,70.87999725341797,70.9000015258789,70.7699966430664,70.80999755859375,0
2026-06-28 02:20:00,70.80999755859375,70.81999969482422,70.41999816894531,70.45999908447266,0
2026-06-28 02:25:00,70.47000122070312,70.68000030517578,70.38999938964844,70.5999984741211,0
2026-06-28 02:30:00,70.61000061035156,70.63999938964844,70.58999633789062,70.62999725341797,0
2026-06-28 02:35:00,70.62999725341797,70.72000122070312,70.62000274658203,70.66999816894531,0
2026-06-28 02:40:00,70.69999694824219,70.69999694824219,70.5999984741211,70.63999938964844,0
2026-06-28 02:45:00,70.62999725341797,70.68000030517578,70.58999633789062,70.61000061035156,0
2026-06-28 02:50:00,70.62000274658203,70.69000244140625,70.62000274658203,70.66000366210938,0
2026-06-28 02:55:00,70.66000366210938,70.69000244140625,70.62999725341797,70.62999725341797,0
2026-06-28 03:00:00,70.6500015258789,70.83000183105469,70.6500015258789,70.77999877929688,0
2026-06-28 03:05:00,70.77999877929688,70.77999877929688,70.69999694824219,70.75,0
2026-06-28 03:10:00,70.76000213623047,70.87999725341797,70.73999786376953,70.83999633789062,0
2026-06-28 03:15:00,70.79000091552734,70.80000305175781,70.7300033569336,70.79000091552734,0
2026-06-28 03:20:00,70.80000305175781,70.81999969482422,70.7300033569336,70.7300033569336,0
2026-06-28 03:25:00,70.7300033569336,70.75,70.70999908447266,70.75,0
2026-06-28 03:30:00,70.75,70.83000183105469,70.70999908447266,70.7300033569336,0
2026-06-28 03:35:00,70.72000122070312,70.7699966430664,70.70999908447266,70.7300033569336,0
2026-06-28 03:40:00,70.73999786376953,70.76000213623047,70.72000122070312,70.76000213623047,0
2026-06-28 03:45:00,70.75,70.83000183105469,70.75,70.81999969482422,0
2026-06-28 03:50:00,70.83999633789062,70.83999633789062,70.72000122070312,70.73999786376953,0
2026-06-28 03:55:00,70.72000122070312,70.80000305175781,70.66999816894531,70.77999877929688,0
2026-06-28 04:00:00,70.76000213623047,70.77999877929688,70.69000244140625,70.76000213623047,0
2026-06-28 04:05:00,70.76000213623047,70.77999877929688,70.69999694824219,70.70999908447266,0
2026-06-28 04:10:00,70.72000122070312,70.7300033569336,70.66000366210938,70.69000244140625,0
2026-06-28 04:15:00,70.69999694824219,70.72000122070312,70.62000274658203,70.63999938964844,0
2026-06-28 04:20:00,70.63999938964844,70.7300033569336,70.62999725341797,70.70999908447266,0
2026-06-28 04:25:00,70.70999908447266,70.75,70.62999725341797,70.6500015258789,0
2026-06-28 04:30:00,70.61000061035156,70.61000061035156,70.45999908447266,70.52999877929688,0
2026-06-28 04:35:00,70.52999877929688,70.69000244140625,70.51000213623047,70.68000030517578,0
2026-06-28 04:40:00,70.68000030517578,70.77999877929688,70.68000030517578,70.7699966430664,498944
2026-06-28 04:45:00,70.79000091552734,70.87999725341797,70.76000213623047,70.83999633789062,995712
2026-06-28 04:50:00,70.81999969482422,70.83000183105469,70.75,70.75,0
2026-06-28 04:55:00,70.73999786376953,70.73999786376953,70.6500015258789,70.66000366210938,0
2026-06-28 05:00:00,70.66999816894531,70.66999816894531,70.37999725341797,70.37999725341797,0
2026-06-28 05:05:00,70.41000366210938,70.5,70.37999725341797,70.47000122070312,1697792
2026-06-28 05:10:00,70.47000122070312,70.52999877929688,70.44000244140625,70.45999908447266,1439104
2026-06-28 05:15:00,70.45999908447266,70.52999877929688,70.4000015258789,70.52999877929688,1744256
2026-06-28 05:20:00,70.52999877929688,70.52999877929688,70.30999755859375,70.33000183105469,3364736
2026-06-28 05:25:00,70.33999633789062,70.33999633789062,70.12000274658203,70.13999938964844,4974720
2026-06-28 05:30:00,70.12999725341797,70.30999755859375,70.05999755859375,70.30999755859375,0
2026-06-28 05:35:00,70.30999755859375,70.37999725341797,70.30999755859375,70.33000183105469,0
2026-06-28 05:40:00,70.33000183105469,70.3499984741211,70.30999755859375,70.33000183105469,0
2026-06-28 05:45:00,70.3499984741211,70.3499984741211,70.29000091552734,70.29000091552734,369280
2026-06-28 05:50:00,70.30000305175781,70.3499984741211,70.27999877929688,70.33999633789062,0
2026-06-28 05:55:00,70.33999633789062,70.44999694824219,70.33000183105469,70.43000030517578,2764416
2026-06-28 06:00:00,70.43000030517578,70.47000122070312,70.3499984741211,70.37000274658203,0
2026-06-28 06:05:00,70.3499984741211,70.44000244140625,70.33000183105469,70.41999816894531,0
2026-06-28 06:10:00,70.4000015258789,70.4000015258789,70.0999984741211,70.11000061035156,0
2026-06-28 06:15:00,70.12999725341797,70.31999969482422,70.06999969482422,70.2699966430664,2156032
2026-06-28 06:20:00,70.25,70.36000061035156,70.25,70.30000305175781,3179136
2026-06-28 06:25:00,70.2699966430664,70.31999969482422,70.26000213623047,70.31999969482422,439296
2026-06-28 06:30:00,70.31999969482422,70.41000366210938,70.31999969482422,70.4000015258789,0
2026-06-28 06:35:00,70.4000015258789,70.4000015258789,70.3499984741211,70.36000061035156,0
2026-06-28 06:40:00,70.37000274658203,70.43000030517578,70.36000061035156,70.36000061035156,0
2026-06-28 06:45:00,70.3499984741211,70.37000274658203,70.29000091552734,70.37000274658203,0
2026-06-28 06:50:00,70.37000274658203,70.44000244140625,70.36000061035156,70.43000030517578,0
2026-06-28 06:55:00,70.41000366210938,70.41000366210938,70.33999633789062,70.3499984741211,0
2026-06-28 07:00:00,70.3499984741211,70.7699966430664,70.3499984741211,70.61000061035156,0
2026-06-28 07:05:00,70.58000183105469,70.6500015258789,70.55999755859375,70.55999755859375,7270912
2026-06-28 07:10:00,70.55999755859375,70.69000244140625,70.55999755859375,70.69000244140625,1263872
2026-06-28 07:15:00,70.68000030517578,70.69000244140625,70.6500015258789,70.66000366210938,0
2026-06-28 07:20:00,70.66000366210938,70.69000244140625,70.63999938964844,70.68000030517578,0
2026-06-28 07:25:00,70.68000030517578,70.68000030517578,70.56999969482422,70.58999633789062,0
2026-06-28 07:30:00,70.58000183105469,70.68000030517578,70.56999969482422,70.6500015258789,0
2026-06-28 07:35:00,70.66000366210938,70.83999633789062,70.63999938964844,70.80000305175781,0
2026-06-28 07:40:00,70.7699966430664,70.83999633789062,70.73999786376953,70.76000213623047,2460544
2026-06-28 07:45:00,70.7699966430664,70.88999938964844,70.75,70.8499984741211,0
2026-06-28 07:50:00,70.9000015258789,70.9800033569336,70.83000183105469,70.88999938964844,2675968
2026-06-28 07:55:00,70.88999938964844,70.9800033569336,70.83999633789062,70.97000122070312,0
2026-06-28 08:00:00,70.9800033569336,71.20999908447266,70.95999908447266,71.12000274658203,0
2026-06-28 08:05:00,71.12000274658203,71.12000274658203,70.98999786376953,70.98999786376953,7043072
2026-06-28 08:10:00,70.98999786376953,71.04000091552734,70.98999786376953,71.04000091552734,1057152
2026-06-28 08:15:00,71.0199966430664,71.16000366210938,71.01000213623047,71.05000305175781,0
2026-06-28 08:20:00,71.05999755859375,71.19999694824219,71.05999755859375,71.0999984741211,0
2026-06-28 08:25:00,71.08999633789062,71.13999938964844,71.08000183105469,71.12999725341797,17664
2026-06-28 08:30:00,71.12999725341797,71.2699966430664,71.12000274658203,71.2699966430664,0
2026-06-28 08:35:00,71.25,71.86000061035156,71.20999908447266,71.86000061035156,1391360
2026-06-28 08:40:00,71.86000061035156,72.05999755859375,71.80000305175781,71.97000122070312,36361728
2026-06-28 08:45:00,71.95999908447266,72.06999969482422,71.87000274658203,71.87999725341797,11950592
2026-06-28 08:50:00,71.86000061035156,71.91000366210938,71.76000213623047,71.77999877929688,8649600
2026-06-28 08:55:00,71.83000183105469,71.88999938964844,71.77999877929688,71.80999755859375,4265472
2026-06-28 09:00:00,71.83999633789062,71.83999633789062,71.55999755859375,71.62000274658203,1310592
2026-06-28 09:05:00,71.66000366210938,71.75,71.6500015258789,71.69000244140625,6151040
2026-06-28 09:10:00,71.66999816894531,71.81999969482422,71.62000274658203,71.63999938964844,263936
2026-06-28 09:15:00,71.66999816894531,71.70999908447266,71.63999938964844,71.66000366210938,0
2026-06-28 09:20:00,71.66000366210938,71.68000030517578,71.5999984741211,71.66000366210938,955520
2026-06-28 09:25:00,71.66000366210938,71.68000030517578,71.61000061035156,71.66999816894531,1198592
2026-06-28 09:30:00,71.66000366210938,71.73999786376953,71.61000061035156,71.73999786376953,1627392
2026-06-28 09:35:00,71.75,71.7699966430664,71.66999816894531,71.70999908447266,0
2026-06-28 09:40:00,71.72000122070312,71.9000015258789,71.70999908447266,71.87999725341797,223104
2026-06-28 09:45:00,71.87999725341797,71.9000015258789,71.6500015258789,71.66000366210938,1621760
2026-06-28 09:50:00,71.6500015258789,71.6500015258789,71.41999816894531,71.54000091552734,3185792
2026-06-28 09:55:00,71.55000305175781,71.55000305175781,71.38999938964844,71.43000030517578,8398848
2026-06-28 10:00:00,71.44000244140625,71.5,71.27999877929688,71.29000091552734,0
2026-06-28 10:05:00,71.30999755859375,71.31999969482422,71.19999694824219,71.23999786376953,6391808
2026-06-28 10:10:00,71.23999786376953,71.44999694824219,71.23999786376953,71.4000015258789,2924288
2026-06-28 10:15:00,71.37999725341797,71.48999786376953,71.27999877929688,71.30999755859375,1900160
2026-06-28 10:20:00,71.30000305175781,71.30000305175781,71.20999908447266,71.2300033569336,2326656
2026-06-28 10:25:00,71.16999816894531,71.16999816894531,71.02999877929688,71.0999984741211,736128
2026-06-28 10:30:00,71.12000274658203,71.2300033569336,71.12000274658203,71.22000122070312,6199424
2026-06-28 10:35:00,71.22000122070312,71.2300033569336,71.16000366210938,71.22000122070312,3443200
2026-06-28 10:40:00,71.23999786376953,71.33000183105469,71.23999786376953,71.30000305175781,1548416
2026-06-28 10:45:00,71.33000183105469,71.3499984741211,71.27999877929688,71.33000183105469,0
2026-06-28 10:50:00,71.31999969482422,71.37999725341797,71.30000305175781,71.3499984741211,413824
2026-06-28 10:55:00,71.3499984741211,71.37999725341797,71.33999633789062,71.37999725341797,0
2026-06-28 11:00:00,71.37000274658203,71.68000030517578,71.37000274658203,71.5999984741211,0
2026-06-28 11:05:00,71.58000183105469,71.58000183105469,71.38999938964844,71.38999938964844,6465536
2026-06-28 11:10:00,71.37999725341797,71.44000244140625,71.37999725341797,71.41999816894531,2438400
2026-06-28 11:15:00,71.43000030517578,71.45999908447266,71.33000183105469,71.44999694824219,0
2026-06-28 11:20:00,71.52999877929688,71.80000305175781,71.47000122070312,71.69999694824219,0
2026-06-28 11:25:00,71.72000122070312,71.80999755859375,71.70999908447266,71.76000213623047,4381568
2026-06-28 11:30:00,71.7699966430664,71.80000305175781,71.6500015258789,71.66000366210938,259328
2026-06-28 11:35:00,71.63999938964844,71.7300033569336,71.5199966430664,71.7300033569336,0
2026-06-28 11:40:00,71.75,71.83000183105469,71.72000122070312,71.80999755859375,580224
2026-06-28 11:45:00,71.83000183105469,71.87999725341797,71.72000122070312,71.76000213623047,2463360
2026-06-28 11:50:00,71.77999877929688,71.9000015258789,71.72000122070312,71.87000274658203,2100096
2026-06-28 11:55:00,71.8499984741211,71.91999816894531,71.7699966430664,71.81999969482422,7015296
2026-06-28 12:00:00,71.80999755859375,71.81999969482422,71.69999694824219,71.75,0
2026-06-28 12:05:00,71.73999786376953,71.88999938964844,71.73999786376953,71.75,0
2026-06-28 12:10:00,71.75,71.79000091552734,71.66000366210938,71.77999877929688,1725696
2026-06-28 12:15:00,71.7699966430664,71.77999877929688,71.55999755859375,71.56999969482422,1049088
2026-06-28 12:20:00,71.55000305175781,71.6500015258789,71.55000305175781,71.63999938964844,1878400
2026-06-28 12:25:00,71.63999938964844,71.98999786376953,71.61000061035156,71.98999786376953,0
2026-06-28 12:30:00,72.0,72.16999816894531,71.91000366210938,71.91999816894531,3356032
2026-06-28 12:35:00,71.86000061035156,71.9000015258789,71.72000122070312,71.76000213623047,4755456
2026-06-28 12:40:00,71.76000213623047,71.80999755859375,71.66000366210938,71.69000244140625,615552
2026-06-28 12:45:00,71.69000244140625,71.80999755859375,71.69000244140625,71.7699966430664,0
2026-06-28 12:50:00,71.75,71.83999633789062,71.75,71.80999755859375,688896
2026-06-28 12:55:00,71.80000305175781,71.83000183105469,71.76000213623047,71.80000305175781,0
2026-06-28 13:00:00,71.75,71.7699966430664,71.30000305175781,71.30999755859375,0
2026-06-28 13:05:00,71.25,71.44000244140625,71.25,71.31999969482422,476928
2026-06-28 13:10:00,71.31999969482422,71.55999755859375,71.30999755859375,71.5,3611136
2026-06-28 13:15:00,71.51000213623047,71.55000305175781,71.4000015258789,71.41999816894531,0
2026-06-28 13:20:00,71.41000366210938,71.58000183105469,71.41000366210938,71.58000183105469,0
2026-06-28 13:25:00,71.58999633789062,71.62000274658203,71.5,71.55999755859375,0
2026-06-28 13:30:00,71.54000091552734,71.76000213623047,71.5,71.68000030517578,0
2026-06-28 13:35:00,71.69999694824219,71.83000183105469,71.66999816894531,71.77999877929688,1462656
2026-06-28 13:40:00,71.80999755859375,71.9800033569336,71.66999816894531,71.95999908447266,0
2026-06-28 13:45:00,71.97000122070312,71.98999786376953,71.81999969482422,71.86000061035156,839168
2026-06-28 13:50:00,71.86000061035156,71.86000061035156,71.73999786376953,71.79000091552734,0
2026-06-28 13:55:00,71.79000091552734,71.79000091552734,71.58000183105469,71.63999938964844,5632
2026-06-28 14:00:00,71.66000366210938,71.77999877929688,71.66000366210938,71.69999694824219,0
2026-06-28 14:05:00,71.66000366210938,71.8499984741211,71.5999984741211,71.83999633789062,0
2026-06-28 14:10:00,71.87000274658203,71.88999938964844,71.79000091552734,71.83999633789062,0
2026-06-28 14:15:00,71.83999633789062,72.06999969482422,71.7300033569336,72.05000305175781,0
2026-06-28 14:20:00,72.05000305175781,72.06999969482422,71.73999786376953,71.76000213623047,0
2026-06-28 14:25:00,71.73999786376953,71.80000305175781,71.68000030517578,71.76000213623047,0
2026-06-28 14:30:00,71.75,71.87000274658203,71.72000122070312,71.76000213623047,0
2026-06-28 14:35:00,71.76000213623047,71.80999755859375,71.66000366210938,71.7300033569336,0
2026-06-28 14:40:00,71.73999786376953,71.7699966430664,71.68000030517578,71.76000213623047,0
2026-06-28 14:45:00,71.7699966430664,71.91999816894531,71.69000244140625,71.73999786376953,0
2026-06-28 14:50:00,71.75,71.77999877929688,71.62000274658203,71.62999725341797,1149696
2026-06-28 14:55:00,71.62999725341797,71.66000366210938,71.55000305175781,71.55000305175781,0
2026-06-28 15:00:00,71.55999755859375,71.7699966430664,71.52999877929688,71.75,0
2026-06-28 15:05:00,71.76000213623047,71.79000091552734,71.41999816894531,71.44999694824219,0
2026-06-28 15:10:00,71.44999694824219,71.72000122070312,71.36000061035156,71.72000122070312,0
2026-06-28 15:15:00,71.69000244140625,71.9000015258789,71.56999969482422,71.73999786376953,0
2026-06-28 15:20:00,71.70999908447266,71.77999877929688,71.69999694824219,71.7300033569336,0
2026-06-28 15:25:00,71.75,71.83000183105469,71.69000244140625,71.7300033569336,0
2026-06-28 15:30:00,71.72000122070312,71.98999786376953,71.66000366210938,71.93000030517578,0
2026-06-28 15:35:00,71.9000015258789,71.94000244140625,71.62000274658203,71.73999786376953,741504
2026-06-28 15:40:00,71.72000122070312,71.81999969482422,71.6500015258789,71.79000091552734,0
2026-06-28 15:45:00,71.76000213623047,71.7699966430664,71.62000274658203,71.62000274658203,372352
2026-06-28 15:50:00,71.62999725341797,71.9000015258789,71.62000274658203,71.73999786376953,633344
2026-06-28 15:55:00,71.75,71.97000122070312,71.69999694824219,71.97000122070312,5146368
2026-06-28 16:00:00,71.91999816894531,71.97000122070312,71.8499984741211,71.94000244140625,3694848
2026-06-28 16:05:00,71.93000030517578,72.0,71.76000213623047,71.76000213623047,0
2026-06-28 16:10:00,71.79000091552734,71.83000183105469,71.69999694824219,71.77999877929688,0
2026-06-28 16:15:00,71.7699966430664,71.91000366210938,71.72000122070312,71.83999633789062,2622848
2026-06-28 16:20:00,71.8499984741211,71.87000274658203,71.62999725341797,71.62999725341797,3957120
2026-06-28 16:25:00,71.61000061035156,71.6500015258789,71.30999755859375,71.44000244140625,2614656
2026-06-28 16:30:00,71.47000122070312,71.5,71.06999969482422,71.12000274658203,6174336
2026-06-28 16:35:00,71.18000030517578,71.27999877929688,71.0999984741211,71.16000366210938,4211456
2026-06-28 16:40:00,71.1500015258789,71.36000061035156,71.13999938964844,71.1500015258789,7296640
2026-06-28 16:45:00,71.1500015258789,71.38999938964844,71.08999633789062,71.30999755859375,4141952
2026-06-28 16:50:00,71.33000183105469,71.41999816894531,71.30999755859375,71.38999938964844,5518848
2026-06-28 16:55:00,71.38999938964844,71.48999786376953,71.37000274658203,71.47000122070312,2523648
2026-06-28 17:00:00,71.45999908447266,71.56999969482422,71.45999908447266,71.51000213623047,0
2026-06-28 17:05:00,71.4800033569336,71.8499984741211,71.47000122070312,71.66000366210938,0
2026-06-28 17:10:00,71.63999938964844,71.6500015258789,71.37999725341797,71.54000091552734,0
2026-06-28 17:15:00,71.52999877929688,71.58999633789062,71.37000274658203,71.38999938964844,0
2026-06-28 17:20:00,71.4000015258789,71.4800033569336,71.3499984741211,71.43000030517578,0
2026-06-28 17:25:00,71.4000015258789,71.4000015258789,71.2300033569336,71.23999786376953,0
2026-06-28 17:30:00,71.2300033569336,71.37000274658203,71.20999908447266,71.23999786376953,0
2026-06-28 17:35:00,71.2300033569336,71.2300033569336,70.86000061035156,70.9800033569336,0
2026-06-28 17:40:00,71.0,71.27999877929688,71.0,71.19999694824219,1491456
2026-06-28 17:45:00,71.22000122070312,71.3499984741211,71.19999694824219,71.30000305175781,3164800
2026-06-28 17:50:00,71.29000091552734,71.47000122070312,71.29000091552734,71.41999816894531,1653760
2026-06-28 17:55:00,71.44000244140625,71.52999877929688,71.43000030517578,71.44999694824219,459008
2026-06-28 18:00:00,71.44999694824219,71.62000274658203,71.41000366210938,71.4800033569336,0
2026-06-28 18:05:00,71.48999786376953,71.52999877929688,71.4000015258789,71.44999694824219,0
2026-06-28 18:10:00,71.41999816894531,71.41999816894531,71.2699966430664,71.27999877929688,0
2026-06-28 18:15:00,71.27999877929688,71.30000305175781,71.19000244140625,71.26000213623047,0
2026-06-28 18:20:00,71.2300033569336,71.2699966430664,71.16999816894531,71.22000122070312,958976
2026-06-28 18:25:00,71.22000122070312,71.26000213623047,71.02999877929688,71.0999984741211,0
2026-06-28 18:30:00,71.11000061035156,71.13999938964844,70.94999694824219,70.94999694824219,0
2026-06-28 18:35:00,70.94000244140625,71.02999877929688,70.91000366210938,70.95999908447266,0
2026-06-28 18:40:00,70.95999908447266,71.08999633789062,70.95999908447266,71.04000091552734,877184
2026-06-28 18:45:00,71.0199966430664,71.08999633789062,70.88999938964844,70.93000030517578,173568
2026-06-28 18:50:00,70.94999694824219,71.08000183105469,70.93000030517578,71.0199966430664,1064960
2026-06-28 18:55:00,71.0199966430664,71.16999816894531,70.97000122070312,71.06999969482422,3312384
2026-06-28 19:00:00,71.06999969482422,71.06999969482422,70.80000305175781,70.87000274658203,0
2026-06-28 19:05:00,70.87000274658203,70.95999908447266,70.83999633789062,70.94000244140625,1055104
2026-06-28 19:10:00,70.94999694824219,71.0,70.93000030517578,70.94999694824219,639488
2026-06-28 19:15:00,70.95999908447266,70.9800033569336,70.8499984741211,70.91000366210938,106880
2026-06-28 19:20:00,70.86000061035156,70.94999694824219,70.80000305175781,70.8499984741211,0
2026-06-28 19:25:00,70.86000061035156,70.94999694824219,70.8499984741211,70.94000244140625,0
2026-06-28 19:30:00,70.94999694824219,71.22000122070312,70.94000244140625,71.08999633789062,0
2026-06-28 19:35:00,71.05000305175781,71.05000305175781,70.80000305175781,70.8499984741211,0
2026-06-28 19:40:00,70.8499984741211,70.87000274658203,70.66999816894531,70.66999816894531,0
2026-06-28 19:45:00,70.69999694824219,70.70999908447266,70.18000030517578,70.43000030517578,238464
2026-06-28 19:50:00,70.41999816894531,70.5999984741211,70.33000183105469,70.5999984741211,13689088
2026-06-28 19:55:00,70.56999969482422,70.66000366210938,70.5199966430664,70.61000061035156,4274176
2026-06-28 20:00:00,70.61000061035156,70.70999908447266,70.56999969482422,70.69000244140625,0
2026-06-28 20:05:00,70.69000244140625,70.75,70.61000061035156,70.61000061035156,0
2026-06-28 20:10:00,70.63999938964844,71.04000091552734,70.62999725341797,70.9800033569336,580864
2026-06-28 20:15:00,70.94999694824219,71.13999938964844,70.94999694824219,71.04000091552734,5343488
2026-06-28 20:20:00,71.0199966430664,71.05000305175781,70.93000030517578,71.02999877929688,4194560
2026-06-28 20:25:00,71.04000091552734,71.11000061035156,70.88999938964844,70.93000030517578,728960
2026-06-28 20:30:00,70.91999816894531,70.93000030517578,70.81999969482422,70.87000274658203,745984
2026-06-28 20:35:00,70.87999725341797,70.91000366210938,70.6500015258789,70.66000366210938,12668288
2026-06-28 20:40:00,70.63999938964844,70.66999816894531,70.5999984741211,70.62999725341797,3906432
2026-06-28 20:45:00,70.61000061035156,70.77999877929688,70.55000305175781,70.75,6761216
2026-06-28 20:50:00,70.72000122070312,70.7699966430664,70.63999938964844,70.73999786376953,3143040
2026-06-28 20:55:00,70.73999786376953,70.83999633789062,70.73999786376953,70.79000091552734,1815168
2026-06-28 21:00:00,70.79000091552734,70.79000091552734,70.69999694824219,70.70999908447266,0
2026-06-28 21:05:00,70.70999908447266,70.83000183105469,70.69999694824219,70.80000305175781,126208
2026-06-28 21:10:00,70.80999755859375,70.83000183105469,70.52999877929688,70.69999694824219,0
2026-06-28 21:15:00,70.68000030517578,70.69000244140625,70.5999984741211,70.66999816894531,704000
2026-06-28 21:20:00,70.69999694824219,70.72000122070312,70.52999877929688,70.72000122070312,0
2026-06-28 21:25:00,70.66999816894531,70.7699966430664,70.66000366210938,70.7300033569336,0
2026-06-28 21:30:00,70.72000122070312,70.9000015258789,70.72000122070312,70.9000015258789,762880
2026-06-28 21:35:00,70.91000366210938,70.93000030517578,70.7300033569336,70.75,0
2026-06-28 21:40:00,70.72000122070312,70.7699966430664,70.63999938964844,70.66000366210938,0
2026-06-28 21:45:00,70.69000244140625,70.72000122070312,70.19999694824219,70.19999694824219,0
2026-06-28 21:50:00,70.19999694824219,70.37999725341797,70.19000244140625,70.26000213623047,0
2026-06-28 21:55:00,70.2699966430664,70.36000061035156,70.20999908447266,70.36000061035156,0
2026-06-28 22:00:00,70.41000366210938,71.33999633789062,70.41000366210938,71.20999908447266,0
2026-06-28 22:05:00,71.23999786376953,71.30000305175781,71.01000213623047,71.0199966430664,15034752
2026-06-28 22:10:00,71.0199966430664,71.04000091552734,70.8499984741211,70.94999694824219,3220480
2026-06-28 22:15:00,70.93000030517578,70.9800033569336,70.36000061035156,70.44999694824219,1557888
2026-06-28 22:20:00,70.5199966430664,70.94000244140625,70.36000061035156,70.87000274658203,0
2026-06-28 22:25:00,70.83000183105469,70.83000183105469,70.5999984741211,70.7699966430664,3050112
2026-06-28 22:30:00,70.75,70.86000061035156,70.45999908447266,70.51000213623047,2359808
2026-06-28 22:35:00,70.51000213623047,70.66000366210938,70.5,70.58999633789062,4236928
2026-06-28 22:40:00,70.58000183105469,70.58000183105469,70.37999725341797,70.41999816894531,519680
2026-06-28 22:45:00,70.4000015258789,70.55000305175781,70.29000091552734,70.43000030517578,4667136
2026-06-28 22:50:00,70.41000366210938,70.41000366210938,69.73999786376953,69.86000061035156,4921216
2026-06-28 22:55:00,69.88999938964844,70.16999816894531,69.88999938964844,70.1500015258789,24270592
2026-06-28 23:00:00,70.06999969482422,70.54000091552734,70.04000091552734,70.33000183105469,13244928
2026-06-28 23:05:00,70.38999938964844,70.52999877929688,70.27999877929688,70.51000213623047,14987904
2026-06-28 23:10:00,70.51000213623047,70.70999908447266,70.44000244140625,70.48999786376953,6638080
2026-06-28 23:15:00,70.48999786376953,70.77999877929688,70.43000030517578,70.69999694824219,1014144
2026-06-28 23:20:00,70.7300033569336,70.81999969482422,70.61000061035156,70.73999786376953,0
2026-06-28 23:25:00,70.72000122070312,71.02999877929688,70.72000122070312,70.93000030517578,186496
2026-06-28 23:30:00,70.87000274658203,71.26000213623047,70.87000274658203,71.26000213623047,3488000
2026-06-28 23:35:00,71.20999908447266,71.62999725341797,71.20999908447266,71.56999969482422,12210560
2026-06-28 23:40:00,71.55000305175781,71.5999984741211,71.37000274658203,71.41000366210938,12395136
2026-06-28 23:45:00,71.43000030517578,71.62000274658203,71.4000015258789,71.45999908447266,8568960
2026-06-28 23:50:00,71.48999786376953,71.5,71.29000091552734,71.31999969482422,5696640
2026-06-28 23:55:00,71.30000305175781,71.31999969482422,71.23999786376953,71.27999877929688,4244480
2026-06-29 00:00:00,71.2699966430664,71.2699966430664,70.95999908447266,71.06999969482422,0
2026-06-29 00:05:00,71.02999877929688,71.05000305175781,70.80999755859375,71.0199966430664,7752448
2026-06-29 00:10:00,71.05999755859375,71.44999694824219,71.01000213623047,71.30999755859375,2320128
2026-06-29 00:15:00,71.29000091552734,71.3499984741211,71.0199966430664,71.27999877929688,7637760
2026-06-29 00:20:00,71.29000091552734,71.29000091552734,70.79000091552734,70.95999908447266,8218240
2026-06-29 00:25:00,70.94000244140625,71.0,70.69000244140625,70.69000244140625,4535808
2026-06-29 00:30:00,70.63999938964844,70.77999877929688,70.26000213623047,70.77999877929688,5763968
2026-06-29 00:35:00,70.7699966430664,70.7699966430664,70.43000030517578,70.55000305175781,9668096
2026-06-29 00:40:00,70.52999877929688,71.05000305175781,70.52999877929688,71.01000213623047,13111680
2026-06-29 00:45:00,71.0,71.0,70.66999816894531,70.80999755859375,6587648
2026-06-29 00:50:00,70.86000061035156,71.12999725341797,70.86000061035156,71.12999725341797,7915520
2026-06-29 00:55:00,71.16999816894531,71.58000183105469,71.16999816894531,71.54000091552734,5604736
2026-06-29 01:00:00,71.55000305175781,71.58000183105469,71.19999694824219,71.2300033569336,11244288
2026-06-29 01:05:00,71.2300033569336,71.5199966430664,71.2300033569336,71.36000061035156,8013312
2026-06-29 01:10:00,71.30999755859375,71.38999938964844,71.16999816894531,71.26000213623047,3170944
2026-06-29 01:15:00,71.26000213623047,71.31999969482422,70.87999725341797,71.01000213623047,3263104
2026-06-29 01:20:00,71.0,71.20999908447266,70.93000030517578,71.08999633789062,8343424
2026-06-29 01:25:00,71.12000274658203,71.20999908447266,70.97000122070312,70.9800033569336,1604992
2026-06-29 01:30:00,70.94999694824219,71.1500015258789,70.86000061035156,70.94999694824219,3608320
2026-06-29 01:35:00,70.94000244140625,71.4000015258789,70.91999816894531,71.37000274658203,5038080
2026-06-29 01:40:00,71.4000015258789,71.55999755859375,71.4000015258789,71.5,5220096
2026-06-29 01:45:00,71.5199966430664,71.52999877929688,71.37999725341797,71.52999877929688,9477632
2026-06-29 01:50:00,71.55999755859375,71.55999755859375,71.36000061035156,71.44999694824219,2721280
2026-06-29 01:55:00,71.44999694824219,71.5,71.3499984741211,71.37000274658203,7376256
2026-06-29 02:00:00,71.3499984741211,71.52999877929688,71.23999786376953,71.30999755859375,1396864
2026-06-29 02:05:00,71.29000091552734,71.37000274658203,71.0,71.0199966430664,6208256
2026-06-29 02:10:00,71.05000305175781,71.08000183105469,70.44000244140625,70.58000183105469,2749440
2026-06-29 02:15:00,70.68000030517578,71.0,70.58999633789062,70.91000366210938,10238080
2026-06-29 02:20:00,70.91000366210938,71.41999816894531,70.91000366210938,71.23999786376953,10185856
2026-06-29 02:25:00,71.23999786376953,71.70999908447266,71.20999908447266,71.66000366210938,5590656
2026-06-29 02:30:00,71.6500015258789,71.6500015258789,71.4800033569336,71.55000305175781,13251712
2026-06-29 02:35:00,71.58000183105469,71.8499984741211,71.55999755859375,71.72000122070312,11494528
2026-06-29 02:40:00,71.69999694824219,72.02999877929688,71.66000366210938,71.97000122070312,6342912
2026-06-29 02:45:00,71.97000122070312,72.08999633789062,71.93000030517578,72.08999633789062,12527104
2026-06-29 02:50:00,72.05000305175781,72.05999755859375,71.86000061035156,71.87999725341797,8753792
2026-06-29 02:55:00,71.87999725341797,72.08000183105469,71.87000274658203,72.06999969482422,2857856
2026-06-29 03:00:00,72.06999969482422,72.45999908447266,72.06999969482422,72.44000244140625,11338112
2026-06-29 03:05:00,72.47000122070312,73.01000213623047,72.47000122070312,72.95999908447266,42006656
2026-06-29 03:10:00,72.9800033569336,73.18000030517578,72.77999877929688,72.80999755859375,19751552
2026-06-29 03:15:00,72.77999877929688,72.80999755859375,72.69000244140625,72.80000305175781,24237824
2026-06-29 03:20:00,72.80000305175781,73.0,72.75,73.0,11952384
2026-06-29 03:25:00,72.94999694824219,73.1500015258789,72.88999938964844,73.08000183105469,6455168
2026-06-29 03:30:00,73.08000183105469,73.12999725341797,72.88999938964844,73.02999877929688,13788928
2026-06-29 03:35:00,73.05000305175781,73.05000305175781,72.66000366210938,72.73999786376953,10189056
2026-06-29 03:40:00,72.69000244140625,72.73999786376953,72.58000183105469,72.62999725341797,3016704
2026-06-29 03:45:00,72.61000061035156,72.80000305175781,72.52999877929688,72.6500015258789,3704832
2026-06-29 03:50:00,72.6500015258789,72.73999786376953,72.56999969482422,72.62999725341797,7259392
2026-06-29 03:55:00,72.62000274658203,72.62000274658203,72.4800033569336,72.55999755859375,555776
2026-06-29 04:00:00,72.55000305175781,72.55999755859375,72.41000366210938,72.41000366210938,0
2026-06-29 04:05:00,72.41999816894531,72.55000305175781,72.36000061035156,72.44000244140625,8952576
2026-06-29 04:10:00,72.44999694824219,72.45999908447266,72.27999877929688,72.33000183105469,1681920
2026-06-29 04:15:00,72.31999969482422,72.37000274658203,72.20999908447266,72.20999908447266,2310656
2026-06-29 04:20:00,72.20999908447266,72.22000122070312,72.04000091552734,72.19999694824219,505344
2026-06-29 04:25:00,72.22000122070312,72.31999969482422,72.20999908447266,72.25,3162112
2026-06-29 04:30:00,72.29000091552734,72.29000091552734,72.11000061035156,72.12000274658203,6229504
2026-06-29 04:35:00,72.0999984741211,72.11000061035156,71.8499984741211,71.87000274658203,894464
2026-06-29 04:40:00,71.8499984741211,71.8499984741211,71.66999816894531,71.79000091552734,2112000
2026-06-29 04:45:00,71.79000091552734,71.79000091552734,71.52999877929688,71.62000274658203,3938560
2026-06-29 04:50:00,71.61000061035156,71.7699966430664,71.55000305175781,71.76000213623047,5711616
2026-06-29 04:55:00,71.7300033569336,71.7300033569336,71.52999877929688,71.58000183105469,6119680
2026-06-29 05:00:00,71.63999938964844,71.63999938964844,71.33999633789062,71.3499984741211,186368
2026-06-29 05:05:00,71.2300033569336,71.2300033569336,70.94000244140625,71.18000030517578,5151744
2026-06-29 05:10:00,71.16000366210938,71.19999694824219,70.91999816894531,71.16000366210938,5126656
2026-06-29 05:15:00,71.19000244140625,71.41000366210938,71.16000366210938,71.20999908447266,4462080
2026-06-29 05:20:00,71.26000213623047,71.41000366210938,71.25,71.37000274658203,7095808
2026-06-29 05:25:00,71.37000274658203,71.38999938964844,71.27999877929688,71.33000183105469,0
2026-06-29 05:30:00,71.33000183105469,71.48999786376953,71.19999694824219,71.4800033569336,0
2026-06-29 05:35:00,71.5,71.58999633789062,71.36000061035156,71.44999694824219,1852416
2026-06-29 05:40:00,71.44999694824219,71.72000122070312,71.30999755859375,71.69000244140625,0
2026-06-29 05:45:00,71.66000366210938,71.72000122070312,71.58999633789062,71.61000061035156,4139264
2026-06-29 05:50:00,71.62000274658203,71.9000015258789,71.5999984741211,71.9000015258789,2071040
2026-06-29 05:55:00,71.88999938964844,72.22000122070312,71.88999938964844,72.19000244140625,3413760
2026-06-29 06:00:00,72.22000122070312,72.44000244140625,72.0999984741211,72.20999908447266,3962112
2026-06-29 06:05:00,72.19000244140625,72.4000015258789,72.1500015258789,72.4000015258789,7518464
2026-06-29 06:10:00,72.41000366210938,72.41000366210938,72.27999877929688,72.37000274658203,8283136
2026-06-29 06:15:00,72.36000061035156,72.63999938964844,72.31999969482422,72.62999725341797,3557632
2026-06-29 06:20:00,72.58999633789062,72.86000061035156,72.55000305175781,72.86000061035156,10962688
2026-06-29 06:25:00,72.86000061035156,72.9800033569336,72.55000305175781,72.55000305175781,9268992
2026-06-29 06:30:00,72.55999755859375,72.6500015258789,72.43000030517578,72.44000244140625,9287680
2026-06-29 06:35:00,72.44999694824219,72.4800033569336,72.22000122070312,72.22000122070312,3785728
2026-06-29 06:40:00,72.23999786376953,72.41000366210938,72.2300033569336,72.2699966430664,5239040
2026-06-29 06:45:00,72.26000213623047,72.33000183105469,72.19000244140625,72.19000244140625,5581824
2026-06-29 06:50:00,72.19999694824219,72.33999633789062,72.19000244140625,72.2699966430664,4614144
2026-06-29 06:55:00,72.29000091552734,72.33999633789062,72.19000244140625,72.2699966430664,2712320
2026-06-29 07:00:00,72.2699966430664,72.2699966430664,71.95999908447266,72.19999694824219,748288
2026-06-29 07:05:00,72.19000244140625,72.22000122070312,72.12000274658203,72.12999725341797,0
2026-06-29 07:10:00,72.13999938964844,72.27999877929688,72.04000091552734,72.27999877929688,0
2026-06-29 07:15:00,72.33000183105469,72.4800033569336,72.29000091552734,72.31999969482422,1511424
2026-06-29 07:20:00,72.31999969482422,72.37000274658203,72.19000244140625,72.23999786376953,3517696
2026-06-29 07:25:00,72.26000213623047,72.41999816894531,72.16000366210938,72.38999938964844,1119488
2026-06-29 07:30:00,72.30999755859375,72.37000274658203,72.23999786376953,72.29000091552734,4789504
2026-06-29 07:35:00,72.27999877929688,72.48999786376953,72.27999877929688,72.41000366210938,3835136
2026-06-29 07:40:00,72.38999938964844,72.41000366210938,72.23999786376953,72.2699966430664,1314048
2026-06-29 07:45:00,72.26000213623047,72.45999908447266,72.19999694824219,72.45999908447266,473344
2026-06-29 07:50:00,72.5199966430664,72.80999755859375,72.5199966430664,72.62999725341797,5458176
2026-06-29 07:55:00,72.66000366210938,72.70999908447266,72.56999969482422,72.61000061035156,3439104
2026-06-29 08:00:00,72.62000274658203,72.8499984741211,72.58999633789062,72.79000091552734,0
2026-06-29 08:05:00,72.79000091552734,72.79000091552734,72.41000366210938,72.63999938964844,792832
2026-06-29 08:10:00,72.62000274658203,72.66999816894531,72.5,72.6500015258789,3387648
2026-06-29 08:15:00,72.66999816894531,72.8499984741211,72.63999938964844,72.63999938964844,9508608
2026-06-29 08:20:00,72.63999938964844,72.69999694824219,72.52999877929688,72.62000274658203,5757440
2026-06-29 08:25:00,72.5999984741211,72.61000061035156,72.30999755859375,72.38999938964844,3130880
2026-06-29 08:30:00,72.36000061035156,72.51000213623047,72.29000091552734,72.51000213623047,6734080
2026-06-29 08:35:00,72.5,72.68000030517578,72.45999908447266,72.62999725341797,4332032
2026-06-29 08:40:00,72.62999725341797,72.68000030517578,72.48999786376953,72.63999938964844,0
2026-06-29 08:45:00,72.63999938964844,72.80999755859375,72.61000061035156,72.75,0
2026-06-29 08:50:00,72.7300033569336,72.9000015258789,72.69000244140625,72.72000122070312,0
2026-06-29 08:55:00,72.66000366210938,72.72000122070312,72.55000305175781,72.62999725341797,4843264
2026-06-29 09:00:00,72.58999633789062,72.73999786376953,72.58999633789062,72.69000244140625,0
2026-06-29 09:05:00,72.66000366210938,72.69000244140625,72.61000061035156,72.66000366210938,0
2026-06-29 09:10:00,72.62999725341797,72.79000091552734,72.5,72.7699966430664,53760
2026-06-29 09:15:00,72.73999786376953,73.0199966430664,72.73999786376953,72.80999755859375,3298048
2026-06-29 09:20:00,72.80000305175781,72.9000015258789,72.66999816894531,72.69999694824219,8073728
2026-06-29 09:25:00,72.61000061035156,72.87999725341797,72.51000213623047,72.80000305175781,1096704
2026-06-29 09:30:00,72.80999755859375,72.88999938964844,72.79000091552734,72.83000183105469,7259136
2026-06-29 09:35:00,72.80999755859375,72.80999755859375,72.66000366210938,72.75,2359040
2026-06-29 09:40:00,72.72000122070312,72.76000213623047,72.62999725341797,72.68000030517578,2035200
2026-06-29 09:45:00,72.69999694824219,72.83999633789062,72.69999694824219,72.7300033569336,1802240
2026-06-29 09:50:00,72.7300033569336,72.80000305175781,72.58000183105469,72.72000122070312,900352
2026-06-29 09:55:00,72.7300033569336,72.8499984741211,72.7300033569336,72.81999969482422,0
2026-06-29 10:00:00,72.83999633789062,73.01000213623047,72.83999633789062,72.91999816894531,0
2026-06-29 10:05:00,72.94999694824219,73.3499984741211,72.93000030517578,73.3499984741211,975104
2026-06-29 10:10:00,73.38999938964844,73.4000015258789,73.16000366210938,73.3499984741211,6385664
2026-06-29 10:15:00,73.3499984741211,73.52999877929688,73.25,73.52999877929688,15752192
2026-06-29 10:20:00,73.5199966430664,73.55000305175781,73.3499984741211,73.36000061035156,9169664
2026-06-29 10:25:00,73.33999633789062,73.37999725341797,73.26000213623047,73.31999969482422,3691520
2026-06-29 10:30:00,73.33000183105469,73.33000183105469,73.08000183105469,73.16000366210938,2498048
2026-06-29 10:35:00,73.1500015258789,73.26000213623047,73.04000091552734,73.22000122070312,1843712
2026-06-29 10:40:00,73.2699966430664,73.31999969482422,73.06999969482422,73.13999938964844,3663616
2026-06-29 10:45:00,73.13999938964844,73.26000213623047,73.13999938964844,73.18000030517578,4148224
2026-06-29 10:50:00,73.16999816894531,73.19999694824219,73.0999984741211,73.11000061035156,9624064
2026-06-29 10:55:00,73.11000061035156,73.1500015258789,73.0999984741211,73.13999938964844,3206656
2026-06-29 11:00:00,73.1500015258789,73.16000366210938,72.86000061035156,72.88999938964844,426240
2026-06-29 11:05:00,72.9000015258789,72.91000366210938,72.75,72.7699966430664,9799680
2026-06-29 11:10:00,72.76000213623047,72.76000213623047,72.5199966430664,72.52999877929688,15789824
2026-06-29 11:15:00,72.5199966430664,72.55000305175781,72.36000061035156,72.44000244140625,4258304
2026-06-29 11:20:00,72.41999816894531,72.4800033569336,72.37000274658203,72.4800033569336,3788800
2026-06-29 11:25:00,72.5,72.63999938964844,72.48999786376953,72.62999725341797,2549760
2026-06-29 11:30:00,72.62000274658203,73.0,72.4800033569336,72.66999816894531,6300928
2026-06-29 11:35:00,72.63999938964844,72.63999938964844,72.30000305175781,72.33999633789062,22277888
2026-06-29 11:40:00,72.31999969482422,72.41999816894531,72.27999877929688,72.31999969482422,5768192
2026-06-29 11:45:00,72.33999633789062,72.4000015258789,72.26000213623047,72.26000213623047,1387264
2026-06-29 11:50:00,72.26000213623047,72.3499984741211,72.1500015258789,72.16000366210938,3585792
2026-06-29 11:55:00,72.13999938964844,72.44000244140625,72.13999938964844,72.38999938964844,0
2026-06-29 12:00:00,72.41999816894531,72.87000274658203,72.05000305175781,72.8499984741211,2958336
2026-06-29 12:05:00,72.88999938964844,73.37999725341797,72.87999725341797,73.20999908447266,45032192
2026-06-29 12:10:00,73.2300033569336,73.98999786376953,73.20999908447266,73.88999938964844,39673344
2026-06-29 12:15:00,73.88999938964844,74.02999877929688,73.69999694824219,73.88999938964844,28250112
2026-06-29 12:20:00,73.93000030517578,73.95999908447266,73.55999755859375,73.58999633789062,23216128
2026-06-29 12:25:00,73.61000061035156,73.95999908447266,73.61000061035156,73.9000015258789,21829120
2026-06-29 12:30:00,73.87999725341797,74.0,73.68000030517578,74.0,2672384
2026-06-29 12:35:00,74.2300033569336,74.4000015258789,73.23999786376953,73.27999877929688,60278272
2026-06-29 12:40:00,73.29000091552734,73.31999969482422,73.13999938964844,73.30999755859375,37698048
2026-06-29 12:45:00,73.29000091552734,73.5199966430664,73.18000030517578,73.23999786376953,8077568
2026-06-29 12:50:00,73.23999786376953,73.4000015258789,72.98999786376953,73.2300033569336,22093312
2026-06-29 12:55:00,73.20999908447266,73.41000366210938,73.20999908447266,73.4000015258789,14527232
2026-06-29 13:00:00,73.4000015258789,73.91999816894531,73.4000015258789,73.76000213623047,6154240
2026-06-29 13:05:00,73.7699966430664,73.88999938964844,73.62000274658203,73.66999816894531,38490624
2026-06-29 13:10:00,73.66999816894531,74.22000122070312,73.66999816894531,74.05000305175781,17204480
2026-06-29 13:15:00,74.05000305175781,74.23999786376953,74.02999877929688,74.16999816894531,11553280
2026-06-29 13:20:00,74.16999816894531,74.16999816894531,73.69999694824219,73.73999786376953,13967616
2026-06-29 13:25:00,73.7300033569336,73.7300033569336,73.48999786376953,73.51000213623047,13984512
2026-06-29 13:30:00,73.44999694824219,73.98999786376953,73.08000183105469,73.95999908447266,9788672
2026-06-29 13:35:00,73.94999694824219,73.95999908447266,73.18000030517578,73.26000213623047,40813824
2026-06-29 13:40:00,73.08999633789062,73.31999969482422,72.80999755859375,72.83999633789062,21903616
2026-06-29 13:45:00,72.83000183105469,73.0999984741211,72.75,72.77999877929688,9386752
2026-06-29 13:50:00,72.79000091552734,73.27999877929688,72.68000030517578,73.0,43550720
2026-06-29 13:55:00,73.05000305175781,73.5999984741211,72.91000366210938,73.58000183105469,46655488
2026-06-29 14:00:00,73.56999969482422,73.73999786376953,73.37000274658203,73.68000030517578,33467392
2026-06-29 14:05:00,73.56999969482422,73.56999969482422,72.91999816894531,72.91999816894531,65568768
2026-06-29 14:10:00,72.91000366210938,73.06999969482422,72.38999938964844,72.43000030517578,30531584
2026-06-29 14:15:00,72.41999816894531,72.68000030517578,72.22000122070312,72.66000366210938,23401216
2026-06-29 14:20:00,72.5,72.76000213623047,72.44999694824219,72.73999786376953,43725824
2026-06-29 14:25:00,72.7300033569336,73.16999816894531,72.7300033569336,73.05000305175781,17267200
2026-06-29 14:30:00,73.05999755859375,73.45999908447266,72.79000091552734,73.20999908447266,9252352
2026-06-29 14:35:00,73.16999816894531,73.3499984741211,73.13999938964844,73.31999969482422,16928512
2026-06-29 14:40:00,73.30999755859375,73.30999755859375,72.88999938964844,72.94999694824219,10450944
2026-06-29 14:45:00,72.87999725341797,73.08000183105469,72.79000091552734,72.88999938964844,2328320
2026-06-29 14:50:00,72.9800033569336,73.7300033569336,72.93000030517578,73.69999694824219,4562944
2026-06-29 14:55:00,73.66999816894531,73.68000030517578,73.30000305175781,73.58000183105469,28743936
2026-06-29 15:00:00,73.56999969482422,73.56999969482422,73.01000213623047,73.01000213623047,5672192
2026-06-29 15:05:00,73.0,73.0,72.68000030517578,72.9800033569336,21519616
2026-06-29 15:10:00,73.02999877929688,73.16999816894531,72.66000366210938,73.0999984741211,12188672
2026-06-29 15:15:00,73.08999633789062,73.37999725341797,73.02999877929688,73.3499984741211,13852416
2026-06-29 15:20:00,73.36000061035156,73.58999633789062,73.19999694824219,73.37000274658203,11646464
2026-06-29 15:25:00,73.4000015258789,73.79000091552734,73.30000305175781,73.79000091552734,14638848
2026-06-29 15:30:00,73.8499984741211,74.22000122070312,73.8499984741211,73.95999908447266,18807296
2026-06-29 15:35:00,73.87999725341797,74.25,73.87999725341797,74.11000061035156,33816832
2026-06-29 15:40:00,74.08999633789062,74.12999725341797,73.66999816894531,73.87000274658203,14828032
2026-06-29 15:45:00,73.87999725341797,73.87999725341797,73.70999908447266,73.86000061035156,7705600
2026-06-29 15:50:00,73.88999938964844,74.05000305175781,73.79000091552734,74.05000305175781,17906944
2026-06-29 15:55:00,74.01000213623047,74.01000213623047,73.68000030517578,73.77999877929688,9912832
2026-06-29 16:00:00,73.77999877929688,73.79000091552734,73.6500015258789,73.70999908447266,0
2026-06-29 16:05:00,73.68000030517578,73.91000366210938,73.51000213623047,73.5199966430664,12182528
2026-06-29 16:10:00,73.5,73.61000061035156,73.37999725341797,73.44000244140625,2878720
2026-06-29 16:15:00,73.4800033569336,73.58000183105469,73.41999816894531,73.45999908447266,2427648
2026-06-29 16:20:00,73.45999908447266,73.45999908447266,73.08000183105469,73.08000183105469,0
2026-06-29 16:25:00,73.08999633789062,73.0999984741211,72.77999877929688,72.81999969482422,0
2026-06-29 16:30:00,72.83000183105469,73.08000183105469,72.83000183105469,73.05000305175781,4472576
2026-06-29 16:35:00,73.01000213623047,73.44999694824219,73.0,73.41999816894531,955136
2026-06-29 16:40:00,73.41000366210938,73.66000366210938,73.37999725341797,73.62000274658203,10370816
2026-06-29 16:45:00,73.61000061035156,74.02999877929688,73.55000305175781,74.01000213623047,6503424
2026-06-29 16:50:00,74.01000213623047,74.01000213623047,73.62999725341797,73.76000213623047,21607680
2026-06-29 16:55:00,73.77999877929688,73.93000030517578,73.7300033569336,73.91999816894531,14936832
2026-06-29 17:00:00,73.91000366210938,74.27999877929688,73.9000015258789,74.27999877929688,0
2026-06-29 17:05:00,74.29000091552734,74.73999786376953,74.29000091552734,74.44999694824219,41889280
2026-06-29 17:10:00,74.45999908447266,75.37000274658203,74.45999908447266,75.12999725341797,24603904
2026-06-29 17:15:00,75.1500015258789,76.1500015258789,75.1500015258789,75.80000305175781,75578880
2026-06-29 17:20:00,75.80999755859375,75.88999938964844,75.18000030517578,75.25,103467520
2026-06-29 17:25:00,75.26000213623047,75.94000244140625,75.2300033569336,75.83999633789062,40796672
2026-06-29 17:30:00,75.76000213623047,75.97000122070312,75.51000213623047,75.58000183105469,25512960
2026-06-29 17:35:00,75.52999877929688,75.62000274658203,75.4000015258789,75.45999908447266,10693888
2026-06-29 17:40:00,75.4800033569336,75.69999694824219,75.44000244140625,75.68000030517578,11417344
2026-06-29 17:45:00,75.62000274658203,75.70999908447266,75.41000366210938,75.45999908447266,5646336
2026-06-29 17:50:00,75.44999694824219,75.44999694824219,75.16000366210938,75.18000030517578,9979136
2026-06-29 17:55:00,75.16000366210938,75.30000305175781,75.1500015258789,75.19999694824219,7725056
2026-06-29 18:00:00,75.16999816894531,75.2699966430664,75.05999755859375,75.2300033569336,0
2026-06-29 18:05:00,75.22000122070312,75.66000366210938,75.22000122070312,75.55000305175781,27966720
2026-06-29 18:10:00,75.56999969482422,75.62999725341797,75.5,75.52999877929688,22657024
2026-06-29 18:15:00,75.5,75.5,75.23999786376953,75.4000015258789,3122432
2026-06-29 18:20:00,75.37000274658203,75.58999633789062,75.33000183105469,75.33999633789062,7257088
2026-06-29 18:25:00,75.33999633789062,75.33999633789062,75.08999633789062,75.12000274658203,5224704
2026-06-29 18:30:00,75.05999755859375,75.31999969482422,75.05999755859375,75.2699966430664,1689344
2026-06-29 18:35:00,75.30000305175781,75.5,75.27999877929688,75.5,4823808
2026-06-29 18:40:00,75.55000305175781,75.62999725341797,75.5199966430664,75.62999725341797,10045184
2026-06-29 18:45:00,75.5999984741211,75.62000274658203,75.3499984741211,75.37999725341797,4471040
2026-06-29 18:50:00,75.33999633789062,75.43000030517578,75.27999877929688,75.4000015258789,683008
2026-06-29 18:55:00,75.4000015258789,75.4800033569336,75.4000015258789,75.4800033569336,3450624
2026-06-29 19:00:00,75.48999786376953,75.48999786376953,75.30000305175781,75.38999938964844,0
2026-06-29 19:05:00,75.44000244140625,75.55000305175781,75.37999725341797,75.52999877929688,3238912
2026-06-29 19:10:00,75.51000213623047,75.66999816894531,75.36000061035156,75.38999938964844,10196480
2026-06-29 19:15:00,75.36000061035156,75.75,75.36000061035156,75.70999908447266,2193408
2026-06-29 19:20:00,75.69999694824219,75.91000366210938,75.69999694824219,75.86000061035156,15932416
2026-06-29 19:25:00,75.86000061035156,76.06999969482422,75.7300033569336,75.94000244140625,8705280
2026-06-29 19:30:00,75.94000244140625,75.95999908447266,75.56999969482422,75.61000061035156,11450112
2026-06-29 19:35:00,75.63999938964844,75.81999969482422,75.61000061035156,75.79000091552734,6024448
2026-06-29 19:40:00,75.79000091552734,75.87000274658203,75.69000244140625,75.87000274658203,2095104
2026-06-29 19:45:00,75.9000015258789,75.9800033569336,75.7699966430664,75.95999908447266,3976960
2026-06-29 19:50:00,75.79000091552734,76.0999984741211,75.76000213623047,75.86000061035156,0
2026-06-29 19:55:00,75.9000015258789,75.93000030517578,75.80000305175781,75.86000061035156,2048768
2026-06-29 20:00:00,75.87999725341797,75.87999725341797,75.66999816894531,75.72000122070312,4342528
2026-06-29 20:05:00,75.70999908447266,75.80000305175781,75.68000030517578,75.69000244140625,9387264
2026-06-29 20:10:00,75.69999694824219,75.72000122070312,75.51000213623047,75.62999725341797,3522304
2026-06-29 20:15:00,75.63999938964844,75.63999938964844,75.54000091552734,75.55999755859375,0
2026-06-29 20:20:00,75.55999755859375,75.5999984741211,75.47000122070312,75.47000122070312,0
2026-06-29 20:25:00,75.47000122070312,75.55999755859375,75.38999938964844,75.41000366210938,2897664
2026-06-29 20:30:00,75.41000366210938,75.58000183105469,75.36000061035156,75.56999969482422,335616
2026-06-29 20:35:00,75.56999969482422,75.58000183105469,75.37000274658203,75.43000030517578,0
2026-06-29 20:40:00,75.43000030517578,75.43000030517578,75.29000091552734,75.30999755859375,0
2026-06-29 20:45:00,75.30000305175781,75.38999938964844,75.16999816894531,75.38999938964844,1474816
2026-06-29 20:50:00,75.38999938964844,75.41999816894531,75.27999877929688,75.27999877929688,593664
2026-06-29 20:55:00,75.27999877929688,75.30999755859375,75.20999908447266,75.26000213623047,0
2026-06-29 21:00:00,75.2699966430664,75.37000274658203,75.18000030517578,75.18000030517578,0
2026-06-29 21:05:00,75.18000030517578,75.33000183105469,75.12999725341797,75.26000213623047,5046016
2026-06-29 21:10:00,75.26000213623047,75.58000183105469,75.25,75.44999694824219,5585920
2026-06-29 21:15:00,75.41999816894531,75.45999908447266,75.37000274658203,75.41000366210938,1667584
2026-06-29 21:20:00,75.41999816894531,75.4800033569336,75.3499984741211,75.36000061035156,4757760
2026-06-29 21:25:00,75.37000274658203,75.38999938964844,75.33000183105469,75.33999633789062,3790592
2026-06-29 21:30:00,75.36000061035156,75.55000305175781,75.3499984741211,75.48999786376953,2441728
2026-06-29 21:35:00,75.47000122070312,75.6500015258789,75.47000122070312,75.6500015258789,9048576
2026-06-29 21:40:00,75.62000274658203,75.6500015258789,75.41000366210938,75.52999877929688,7647744
2026-06-29 21:45:00,75.51000213623047,75.62000274658203,75.48999786376953,75.52999877929688,1993728
2026-06-29 21:50:00,75.54000091552734,75.55000305175781,75.4800033569336,75.55000305175781,0
2026-06-29 21:55:00,75.54000091552734,75.54000091552734,75.3499984741211,75.4000015258789,0
2026-06-29 22:00:00,75.41000366210938,75.48999786376953,75.33999633789062,75.41999816894531,0
2026-06-29 22:05:00,75.43000030517578,75.52999877929688,75.36000061035156,75.52999877929688,0
2026-06-29 22:10:00,75.51000213623047,75.52999877929688,75.37999725341797,75.47000122070312,0
2026-06-29 22:15:00,75.4800033569336,75.54000091552734,75.16999816894531,75.2699966430664,0
2026-06-29 22:20:00,75.2699966430664,75.37999725341797,75.20999908447266,75.2300033569336,0
2026-06-29 22:25:00,75.22000122070312,75.33999633789062,75.16999816894531,75.27999877929688,0
2026-06-29 22:30:00,75.27999877929688,75.30000305175781,75.12000274658203,75.13999938964844,0
2026-06-29 22:35:00,75.12999725341797,75.18000030517578,75.08999633789062,75.12000274658203,0
2026-06-29 22:40:00,75.11000061035156,75.2300033569336,75.08999633789062,75.22000122070312,0
2026-06-29 22:45:00,75.20999908447266,75.22000122070312,75.12000274658203,75.1500015258789,0
2026-06-29 22:50:00,75.12999725341797,75.37999725341797,74.98999786376953,75.36000061035156,0
2026-06-29 22:55:00,75.3499984741211,75.3499984741211,75.11000061035156,75.16999816894531,0
2026-06-29 23:00:00,75.1500015258789,75.25,75.1500015258789,75.22000122070312,0
2026-06-29 23:05:00,75.20999908447266,75.31999969482422,75.16999816894531,75.30999755859375,0
2026-06-29 23:10:00,75.31999969482422,75.31999969482422,75.18000030517578,75.25,0
2026-06-29 23:15:00,75.26000213623047,75.27999877929688,75.18000030517578,75.18000030517578,0
2026-06-29 23:20:00,75.12999725341797,75.13999938964844,74.9800033569336,75.0999984741211,0
2026-06-29 23:25:00,75.08000183105469,75.16999816894531,75.08000183105469,75.08000183105469,0
2026-06-29 23:30:00,75.06999969482422,75.06999969482422,74.80000305175781,74.88999938964844,0
2026-06-29 23:35:00,74.86000061035156,74.9800033569336,74.86000061035156,74.91999816894531,0
2026-06-29 23:40:00,74.9000015258789,74.94000244140625,74.86000061035156,74.91000366210938,0
2026-06-29 23:45:00,74.91000366210938,75.12000274658203,74.91000366210938,75.05999755859375,0
2026-06-29 23:50:00,75.08000183105469,75.0999984741211,74.91999816894531,74.94999694824219,0
2026-06-29 23:55:00,74.93000030517578,75.05000305175781,74.91000366210938,75.05000305175781,67328
2026-06-30 00:00:00,75.0199966430664,75.12000274658203,74.9800033569336,75.08000183105469,0
2026-06-30 00:05:00,75.0199966430664,75.06999969482422,74.83999633789062,74.8499984741211,0
2026-06-30 00:10:00,74.8499984741211,75.0,74.80999755859375,74.87999725341797,176128
2026-06-30 00:15:00,74.88999938964844,74.97000122070312,74.76000213623047,74.76000213623047,0
2026-06-30 00:20:00,74.7699966430664,74.79000091552734,74.66999816894531,74.7300033569336,0
2026-06-30 00:25:00,74.7300033569336,74.75,74.47000122070312,74.48999786376953,0
2026-06-30 00:30:00,74.51000213623047,74.5199966430664,74.22000122070312,74.37999725341797,0
2026-06-30 00:35:00,74.41999816894531,74.41999816894531,74.1500015258789,74.18000030517578,3220736
2026-06-30 00:40:00,74.19999694824219,74.27999877929688,74.08000183105469,74.27999877929688,977920
2026-06-30 00:45:00,74.26000213623047,74.48999786376953,74.23999786376953,74.47000122070312,1555456
2026-06-30 00:50:00,74.4800033569336,74.5,74.19000244140625,74.36000061035156,1910272
2026-06-30 00:55:00,74.37000274658203,74.37999725341797,74.27999877929688,74.30000305175781,0
2026-06-30 01:00:00,74.33000183105469,74.36000061035156,74.11000061035156,74.2300033569336,0
2026-06-30 01:05:00,74.2300033569336,74.2300033569336,74.04000091552734,74.05999755859375,0
2026-06-30 01:10:00,74.05999755859375,74.12999725341797,73.95999908447266,74.11000061035156,0
2026-06-30 01:15:00,74.08999633789062,74.30999755859375,74.08999633789062,74.29000091552734,931840
2026-06-30 01:20:00,74.29000091552734,74.30000305175781,74.1500015258789,74.19999694824219,2281728
2026-06-30 01:25:00,74.16999816894531,74.55000305175781,74.16999816894531,74.55000305175781,11712512
2026-06-30 01:30:00,74.5199966430664,74.54000091552734,74.44000244140625,74.44999694824219,1730816
2026-06-30 01:35:00,74.44999694824219,74.44999694824219,74.2300033569336,74.26000213623047,0
2026-06-30 01:40:00,74.2699966430664,74.29000091552734,74.0999984741211,74.18000030517578,0
2026-06-30 01:45:00,74.18000030517578,74.30999755859375,74.16000366210938,74.30000305175781,0
2026-06-30 01:50:00,74.30000305175781,74.30000305175781,74.22000122070312,74.25,0
2026-06-30 01:55:00,74.2300033569336,74.33000183105469,74.2300033569336,74.30000305175781,0
2026-06-30 02:00:00,74.30999755859375,74.30999755859375,74.12000274658203,74.12000274658203,0
2026-06-30 02:05:00,74.13999938964844,74.16999816894531,74.12000274658203,74.1500015258789,0
2026-06-30 02:10:00,74.13999938964844,74.13999938964844,73.93000030517578,73.98999786376953,0
2026-06-30 02:15:00,73.98999786376953,74.02999877929688,73.95999908447266,74.02999877929688,0
2026-06-30 02:20:00,74.04000091552734,74.19000244140625,74.02999877929688,74.16999816894531,0
2026-06-30 02:25:00,74.1500015258789,74.2300033569336,74.1500015258789,74.2300033569336,0
2026-06-30 02:30:00,74.22000122070312,74.23999786376953,74.08999633789062,74.13999938964844,0
2026-06-30 02:35:00,74.13999938964844,74.37000274658203,74.12999725341797,74.37000274658203,0
2026-06-30 02:40:00,74.37999725341797,74.44000244140625,74.37000274658203,74.44000244140625,0
2026-06-30 02:45:00,74.47000122070312,74.6500015258789,74.44999694824219,74.63999938964844,0
2026-06-30 02:50:00,74.63999938964844,74.72000122070312,74.55999755859375,74.62000274658203,0
2026-06-30 02:55:00,74.62000274658203,74.62000274658203,74.47000122070312,74.47000122070312,0
2026-06-30 03:00:00,74.48999786376953,74.55000305175781,74.44999694824219,74.51000213623047,0
2026-06-30 03:05:00,74.51000213623047,74.62999725341797,74.47000122070312,74.58999633789062,0
2026-06-30 03:10:00,74.58999633789062,74.63999938964844,74.54000091552734,74.55999755859375,0
2026-06-30 03:15:00,74.54000091552734,74.76000213623047,74.54000091552734,74.7300033569336,0
2026-06-30 03:20:00,74.7300033569336,74.76000213623047,74.44999694824219,74.44999694824219,0
2026-06-30 03:25:00,74.41999816894531,74.5,74.41999816894531,74.5,0
2026-06-30 03:30:00,74.5199966430664,74.5199966430664,74.2300033569336,74.26000213623047,0
2026-06-30 03:35:00,74.26000213623047,74.4000015258789,74.23999786376953,74.37999725341797,0
2026-06-30 03:40:00,74.37000274658203,74.37999725341797,74.27999877929688,74.33000183105469,0
2026-06-30 03:45:00,74.31999969482422,74.3499984741211,74.20999908447266,74.2300033569336,0
2026-06-30 03:50:00,74.2300033569336,74.27999877929688,74.06999969482422,74.08999633789062,0
2026-06-30 03:55:00,74.08000183105469,74.11000061035156,74.01000213623047,74.06999969482422,0
2026-06-30 04:00:00,74.05000305175781,74.12999725341797,73.98999786376953,73.98999786376953,0
2026-06-30 04:05:00,73.95999908447266,73.98999786376953,73.80999755859375,73.80999755859375,0
2026-06-30 04:10:00,73.81999969482422,74.06999969482422,73.66000366210938,74.01000213623047,8937728
2026-06-30 04:15:00,74.0,74.06999969482422,73.58999633789062,73.62999725341797,5962496
2026-06-30 04:20:00,73.62000274658203,73.83000183105469,73.58000183105469,73.61000061035156,6791936
2026-06-30 04:25:00,73.63999938964844,73.86000061035156,73.63999938964844,73.83000183105469,9836800
2026-06-30 04:30:00,73.83000183105469,73.95999908447266,73.83000183105469,73.94000244140625,2093312
2026-06-30 04:35:00,73.94999694824219,74.04000091552734,73.94999694824219,73.97000122070312,1862400
2026-06-30 04:40:00,73.94999694824219,73.97000122070312,73.86000061035156,73.95999908447266,0
2026-06-30 04:45:00,73.94999694824219,73.97000122070312,73.87000274658203,73.93000030517578,0
2026-06-30 04:50:00,73.93000030517578,73.95999908447266,73.87999725341797,73.87999725341797,0
2026-06-30 04:55:00,73.87999725341797,73.94999694824219,73.83000183105469,73.91000366210938,0
2026-06-30 05:00:00,73.91999816894531,74.04000091552734,73.91000366210938,73.94999694824219,0
2026-06-30 05:05:00,73.94000244140625,73.98999786376953,73.91999816894531,73.98999786376953,0
2026-06-30 05:10:00,73.94000244140625,73.94999694824219,73.83000183105469,73.91000366210938,0
2026-06-30 05:15:00,73.93000030517578,73.93000030517578,73.75,73.75,0
2026-06-30 05:20:00,73.75,73.95999908447266,73.7300033569336,73.95999908447266,0
2026-06-30 05:25:00,73.95999908447266,73.97000122070312,73.7699966430664,73.8499984741211,0
2026-06-30 05:30:00,73.83999633789062,73.88999938964844,73.77999877929688,73.79000091552734,0
2026-06-30 05:35:00,73.79000091552734,73.94999694824219,73.7300033569336,73.94999694824219,0
2026-06-30 05:40:00,73.91999816894531,74.08000183105469,73.91999816894531,73.9800033569336,3246592
2026-06-30 05:45:00,73.98999786376953,74.05000305175781,73.98999786376953,74.04000091552734,0
2026-06-30 05:50:00,74.05000305175781,74.05999755859375,73.98999786376953,74.05999755859375,0
2026-06-30 05:55:00,74.02999877929688,74.11000061035156,74.02999877929688,74.11000061035156,0
2026-06-30 06:00:00,74.12000274658203,74.13999938964844,74.0,74.0199966430664,0
2026-06-30 06:05:00,74.0,74.01000213623047,73.91999816894531,73.91999816894531,0
2026-06-30 06:10:00,73.94000244140625,73.97000122070312,73.87999725341797,73.93000030517578,0
2026-06-30 06:15:00,73.94000244140625,73.94999694824219,73.80000305175781,73.86000061035156,0
2026-06-30 06:20:00,73.83999633789062,73.98999786376953,73.79000091552734,73.95999908447266,0
2026-06-30 06:25:00,73.94999694824219,74.12999725341797,73.9000015258789,74.11000061035156,0
2026-06-30 06:30:00,74.11000061035156,74.13999938964844,73.93000030517578,73.94000244140625,0
2026-06-30 06:35:00,73.94000244140625,74.08000183105469,73.91999816894531,74.0,0
2026-06-30 06:40:00,74.0,74.02999877929688,73.95999908447266,73.97000122070312,0
2026-06-30 06:45:00,73.9800033569336,74.08999633789062,73.94999694824219,74.08000183105469,0
2026-06-30 06:50:00,74.06999969482422,74.06999969482422,73.98999786376953,74.0,0
2026-06-30 06:55:00,74.0,74.05000305175781,73.98999786376953,74.05000305175781,0
2026-06-30 07:00:00,74.05000305175781,74.12999725341797,74.01000213623047,74.02999877929688,0
2026-06-30 07:05:00,74.0199966430664,74.02999877929688,73.80000305175781,73.83999633789062,0
2026-06-30 07:10:00,73.81999969482422,73.8499984741211,73.7300033569336,73.83999633789062,42240
2026-06-30 07:15:00,73.86000061035156,73.93000030517578,73.80999755859375,73.83000183105469,1270528
2026-06-30 07:20:00,73.81999969482422,73.86000061035156,73.7699966430664,73.83999633789062,0
2026-06-30 07:25:00,73.83999633789062,73.91000366210938,73.77999877929688,73.81999969482422,0
2026-06-30 07:30:00,73.81999969482422,73.9000015258789,73.81999969482422,73.9000015258789,0
2026-06-30 07:35:00,73.91000366210938,73.94999694824219,73.88999938964844,73.93000030517578,0
2026-06-30 07:40:00,73.93000030517578,74.0199966430664,73.91999816894531,73.93000030517578,0
2026-06-30 07:45:00,73.93000030517578,74.05999755859375,73.87999725341797,74.05000305175781,0
2026-06-30 07:50:00,74.02999877929688,74.02999877929688,73.94000244140625,74.0,0
2026-06-30 07:55:00,74.01000213623047,74.08999633789062,74.0,74.04000091552734,3999232
2026-06-30 08:00:00,74.02999877929688,74.05000305175781,73.94999694824219,74.01000213623047,0
2026-06-30 08:05:00,74.0199966430664,74.0999984741211,73.87000274658203,73.87000274658203,0
2026-06-30 08:10:00,73.87000274658203,73.98999786376953,73.79000091552734,73.80000305175781,0
2026-06-30 08:15:00,73.80000305175781,73.83999633789062,73.7300033569336,73.81999969482422,0
2026-06-30 08:20:00,73.83000183105469,73.88999938964844,73.83000183105469,73.87999725341797,0
2026-06-30 08:25:00,73.88999938964844,73.91999816894531,73.8499984741211,73.88999938964844,0
2026-06-30 08:30:00,73.88999938964844,73.91999816894531,73.76000213623047,73.76000213623047,0
2026-06-30 08:35:00,73.76000213623047,73.76000213623047,73.33000183105469,73.4000015258789,453376
2026-06-30 08:40:00,73.37999725341797,73.5199966430664,73.36000061035156,73.44999694824219,17346304
2026-06-30 08:45:00,73.44000244140625,73.44999694824219,73.19000244140625,73.19999694824219,16436992
2026-06-30 08:50:00,73.29000091552734,73.38999938964844,73.19999694824219,73.37999725341797,36613888
2026-06-30 08:55:00,73.45999908447266,73.54000091552734,73.37000274658203,73.5,9348864
2026-06-30 09:00:00,73.4800033569336,73.62999725341797,73.47000122070312,73.61000061035156,0
2026-06-30 09:05:00,73.58999633789062,73.62999725341797,73.4800033569336,73.4800033569336,15508480
2026-06-30 09:10:00,73.48999786376953,73.69000244140625,73.45999908447266,73.69000244140625,5278464
2026-06-30 09:15:00,73.69000244140625,73.70999908447266,73.52999877929688,73.62999725341797,236800
2026-06-30 09:20:00,73.63999938964844,73.63999938964844,73.4800033569336,73.56999969482422,0
2026-06-30 09:25:00,73.54000091552734,73.61000061035156,73.51000213623047,73.5199966430664,2552832
2026-06-30 09:30:00,73.5199966430664,73.55000305175781,73.41999816894531,73.52999877929688,0
2026-06-30 09:35:00,73.52999877929688,73.6500015258789,73.51000213623047,73.58999633789062,0
2026-06-30 09:40:00,73.5999984741211,73.66999816894531,73.58999633789062,73.62000274658203,0
2026-06-30 09:45:00,73.61000061035156,73.72000122070312,73.61000061035156,73.72000122070312,0
2026-06-30 09:50:00,73.7300033569336,73.7699966430664,73.69999694824219,73.69999694824219,0
2026-06-30 09:55:00,73.68000030517578,73.70999908447266,73.66000366210938,73.69999694824219,0
2026-06-30 10:00:00,73.69999694824219,73.76000213623047,73.6500015258789,73.66999816894531,265725440
2026-06-30 10:05:00,73.66000366210938,73.7699966430664,73.63999938964844,73.6500015258789,1159168
2026-06-30 10:10:00,73.61000061035156,73.66999816894531,73.5199966430664,73.6500015258789,0
2026-06-30 10:15:00,73.66000366210938,73.7300033569336,73.63999938964844,73.66999816894531,0
2026-06-30 10:20:00,73.66999816894531,73.69000244140625,73.5199966430664,73.56999969482422,0
2026-06-30 10:25:00,73.5999984741211,73.66000366210938,73.54000091552734,73.54000091552734,0
2026-06-30 10:30:00,73.5199966430664,73.55999755859375,73.44999694824219,73.54000091552734,0
2026-06-30 10:35:00,73.5199966430664,73.5199966430664,73.37000274658203,73.48999786376953,0
2026-06-30 10:40:00,73.5,73.52999877929688,73.45999908447266,73.5199966430664,0
2026-06-30 10:45:00,73.51000213623047,73.63999938964844,73.45999908447266,73.56999969482422,0
2026-06-30 10:50:00,73.56999969482422,73.5999984741211,73.48999786376953,73.58999633789062,0
2026-06-30 10:55:00,73.56999969482422,73.69000244140625,73.5199966430664,73.58999633789062,0
2026-06-30 11:00:00,73.56999969482422,73.62000274658203,73.5199966430664,73.62000274658203,0
2026-06-30 11:05:00,73.61000061035156,73.6500015258789,73.55999755859375,73.58999633789062,0
2026-06-30 11:10:00,73.61000061035156,73.61000061035156,73.55999755859375,73.58999633789062,0
2026-06-30 11:15:00,73.61000061035156,73.61000061035156,73.31999969482422,73.31999969482422,0
2026-06-30 11:20:00,73.33000183105469,73.41000366210938,73.27999877929688,73.30999755859375,0
2026-06-30 11:25:00,73.30999755859375,73.37000274658203,73.27999877929688,73.33000183105469,0
2026-06-30 11:30:00,73.33000183105469,73.38999938964844,73.23999786376953,73.27999877929688,0
2026-06-30 11:35:00,73.29000091552734,73.44000244140625,73.29000091552734,73.36000061035156,0
2026-06-30 11:40:00,73.36000061035156,73.45999908447266,73.33999633789062,73.44000244140625,0
2026-06-30 11:45:00,73.44000244140625,73.52999877929688,73.44000244140625,73.48999786376953,0
2026-06-30 11:50:00,73.48999786376953,73.55999755859375,73.33000183105469,73.3499984741211,736768
2026-06-30 11:55:00,73.33999633789062,73.3499984741211,73.22000122070312,73.27999877929688,0
2026-06-30 12:00:00,73.2699966430664,73.29000091552734,73.05999755859375,73.05999755859375,0
2026-06-30 12:05:00,73.05999755859375,73.11000061035156,72.93000030517578,72.94999694824219,0
2026-06-30 12:10:00,72.94999694824219,73.02999877929688,72.81999969482422,72.81999969482422,0
2026-06-30 12:15:00,72.86000061035156,72.93000030517578,72.83000183105469,72.86000061035156,0
2026-06-30 12:20:00,72.87000274658203,72.87000274658203,72.5,72.5,0
2026-06-30 12:25:00,72.5,72.66000366210938,72.5,72.55000305175781,0
2026-06-30 12:30:00,72.54000091552734,72.62000274658203,72.36000061035156,72.37999725341797,0
2026-06-30 12:35:00,72.38999938964844,72.47000122070312,72.30999755859375,72.38999938964844,0
2026-06-30 12:40:00,72.4000015258789,72.47000122070312,72.36000061035156,72.38999938964844,0
2026-06-30 12:45:00,72.4000015258789,72.41999816894531,72.13999938964844,72.16000366210938,0
2026-06-30 12:50:00,72.16000366210938,72.25,72.12999725341797,72.18000030517578,0
2026-06-30 12:55:00,72.20999908447266,72.26000213623047,71.94999694824219,71.94999694824219,0
2026-06-30 13:00:00,71.98999786376953,72.1500015258789,71.81999969482422,72.05000305175781,0
2026-06-30 13:05:00,72.06999969482422,72.37000274658203,72.02999877929688,72.31999969482422,0
2026-06-30 13:10:00,72.30999755859375,72.33999633789062,72.13999938964844,72.25,952064
2026-06-30 13:15:00,72.26000213623047,72.44999694824219,72.26000213623047,72.37999725341797,0
2026-06-30 13:20:00,72.4000015258789,72.44999694824219,72.30999755859375,72.33999633789062,0
2026-06-30 13:25:00,72.4000015258789,72.45999908447266,72.33000183105469,72.4000015258789,0
2026-06-30 13:30:00,72.44000244140625,72.66000366210938,71.91000366210938,72.04000091552734,0
2026-06-30 13:35:00,72.04000091552734,72.1500015258789,71.87999725341797,72.01000213623047,69866752
2026-06-30 13:40:00,72.02999877929688,72.37999725341797,72.02999877929688,72.36000061035156,19280896
2026-06-30 13:45:00,72.3499984741211,72.41000366210938,72.19999694824219,72.27999877929688,0
2026-06-30 13:50:00,72.30000305175781,72.70999908447266,72.30000305175781,72.5999984741211,0
2026-06-30 13:55:00,72.63999938964844,72.80999755859375,72.56999969482422,72.7699966430664,0
2026-06-30 14:00:00,72.68000030517578,73.44999694824219,72.68000030517578,73.30000305175781,0
2026-06-30 14:05:00,73.20999908447266,73.36000061035156,73.13999938964844,73.31999969482422,0
2026-06-30 14:10:00,73.29000091552734,73.33999633789062,73.08999633789062,73.25,0
2026-06-30 14:15:00,73.25,73.3499984741211,73.13999938964844,73.2300033569336,0
2026-06-30 14:20:00,73.16999816894531,73.62000274658203,73.12999725341797,73.51000213623047,0
2026-06-30 14:25:00,73.5,73.66999816894531,73.4000015258789,73.6500015258789,133120
2026-06-30 14:30:00,73.63999938964844,73.7699966430664,73.4800033569336,73.68000030517578,0
2026-06-30 14:35:00,73.69000244140625,73.69999694824219,73.0199966430664,73.16999816894531,0
2026-06-30 14:40:00,73.16000366210938,73.5,73.0999984741211,73.5,0
2026-06-30 14:45:00,73.41000366210938,73.43000030517578,72.94999694824219,72.95999908447266,2429696
2026-06-30 14:50:00,72.94999694824219,73.02999877929688,72.63999938964844,72.70999908447266,4290560
2026-06-30 14:55:00,72.69999694824219,72.91999816894531,72.61000061035156,72.80999755859375,0
2026-06-30 15:00:00,72.80999755859375,73.04000091552734,72.55999755859375,72.58999633789062,0
2026-06-30 15:05:00,72.5999984741211,72.79000091552734,72.4800033569336,72.7300033569336,0
2026-06-30 15:10:00,72.7699966430664,72.94999694824219,72.69999694824219,72.86000061035156,0
2026-06-30 15:15:00,72.86000061035156,72.94000244140625,72.58999633789062,72.94000244140625,0
2026-06-30 15:20:00,73.02999877929688,73.30000305175781,72.95999908447266,73.22000122070312,20033024
2026-06-30 15:25:00,73.27999877929688,73.30999755859375,73.0999984741211,73.11000061035156,6476800
2026-06-30 15:30:00,73.12000274658203,73.29000091552734,73.05999755859375,73.23999786376953,0
2026-06-30 15:35:00,73.22000122070312,73.2300033569336,72.93000030517578,73.0,0
2026-06-30 15:40:00,72.98999786376953,73.25,72.9800033569336,73.19000244140625,0
2026-06-30 15:45:00,73.23999786376953,73.91000366210938,73.22000122070312,73.62000274658203,6149120
2026-06-30 15:50:00,73.54000091552734,73.5999984741211,73.33999633789062,73.3499984741211,16562176
2026-06-30 15:55:00,73.31999969482422,73.45999908447266,72.9800033569336,73.0,0
2026-06-30 16:00:00,73.0199966430664,73.16999816894531,72.97000122070312,73.1500015258789,0
2026-06-30 16:05:00,73.1500015258789,73.48999786376953,73.13999938964844,73.30000305175781,0
2026-06-30 16:10:00,73.29000091552734,73.36000061035156,72.7699966430664,72.80000305175781,7635712
2026-06-30 16:15:00,72.76000213623047,72.91999816894531,72.62999725341797,72.88999938964844,1721088
2026-06-30 16:20:00,72.88999938964844,72.88999938964844,72.70999908447266,72.70999908447266,4846848
2026-06-30 16:25:00,72.70999908447266,72.70999908447266,72.5999984741211,72.68000030517578,0
2026-06-30 16:30:00,72.69999694824219,72.9000015258789,72.62999725341797,72.88999938964844,0
2026-06-30 16:35:00,72.86000061035156,73.11000061035156,72.70999908447266,73.11000061035156,0
2026-06-30 16:40:00,73.16000366210938,73.16000366210938,72.93000030517578,72.95999908447266,0
2026-06-30 16:45:00,72.94999694824219,73.26000213623047,72.94999694824219,73.25,0
2026-06-30 16:50:00,73.20999908447266,73.54000091552734,73.12999725341797,73.47000122070312,0
2026-06-30 16:55:00,73.4800033569336,73.58999633789062,73.33000183105469,73.37999725341797,5479424
2026-06-30 17:00:00,73.43000030517578,73.58999633789062,73.33999633789062,73.54000091552734,0
2026-06-30 17:05:00,73.5199966430664,73.76000213623047,73.5,73.66000366210938,0
2026-06-30 17:10:00,73.62999725341797,73.63999938964844,73.33999633789062,73.37999725341797,0
2026-06-30 17:15:00,73.38999938964844,73.4800033569336,73.33000183105469,73.43000030517578,0
2026-06-30 17:20:00,73.4000015258789,73.44999694824219,73.26000213623047,73.31999969482422,0
2026-06-30 17:25:00,73.33999633789062,73.4000015258789,73.27999877929688,73.31999969482422,0
2026-06-30 17:30:00,73.3499984741211,73.44999694824219,73.22000122070312,73.3499984741211,0
2026-06-30 17:35:00,73.37000274658203,73.43000030517578,73.23999786376953,73.23999786376953,0
2026-06-30 17:40:00,73.23999786376953,73.36000061035156,73.23999786376953,73.23999786376953,0
2026-06-30 17:45:00,73.22000122070312,73.27999877929688,73.16000366210938,73.18000030517578,0
2026-06-30 17:50:00,73.16999816894531,73.30000305175781,73.1500015258789,73.26000213623047,0
2026-06-30 17:55:00,73.25,73.37999725341797,73.04000091552734,73.06999969482422,0
2026-06-30 18:00:00,73.05999755859375,73.16000366210938,73.01000213623047,73.06999969482422,0
2026-06-30 18:05:00,73.08999633789062,73.22000122070312,72.9800033569336,73.19000244140625,0
2026-06-30 18:10:00,73.18000030517578,73.23999786376953,73.0999984741211,73.19999694824219,0
2026-06-30 18:15:00,73.19999694824219,73.6500015258789,73.08999633789062,73.5999984741211,0
2026-06-30 18:20:00,73.55000305175781,73.55000305175781,73.13999938964844,73.13999938964844,2660352
2026-06-30 18:25:00,73.16000366210938,73.31999969482422,73.16000366210938,73.30000305175781,0
2026-06-30 18:30:00,73.30999755859375,73.31999969482422,73.04000091552734,73.05999755859375,0
2026-06-30 18:35:00,73.05999755859375,73.13999938964844,72.83999633789062,72.93000030517578,0
2026-06-30 18:40:00,72.91000366210938,73.1500015258789,72.91000366210938,73.1500015258789,3921920
2026-06-30 18:45:00,73.19000244140625,73.51000213623047,73.16999816894531,73.51000213623047,0
2026-06-30 18:50:00,73.51000213623047,73.56999969482422,73.41000366210938,73.45999908447266,3161600
2026-06-30 18:55:00,73.47000122070312,73.5199966430664,73.41000366210938,73.45999908447266,7514368
2026-06-30 19:00:00,73.44999694824219,73.5999984741211,73.4000015258789,73.43000030517578,0
2026-06-30 19:05:00,73.43000030517578,73.55000305175781,73.33000183105469,73.48999786376953,0
2026-06-30 19:10:00,73.5,73.5,73.3499984741211,73.44999694824219,0
2026-06-30 19:15:00,73.41999816894531,73.44000244140625,73.37000274658203,73.37000274658203,0
2026-06-30 19:20:00,73.37999725341797,73.41000366210938,73.26000213623047,73.27999877929688,0
2026-06-30 19:25:00,73.30000305175781,73.44000244140625,73.23999786376953,73.44000244140625,0
2026-06-30 19:30:00,73.43000030517578,73.69000244140625,73.4000015258789,73.68000030517578,0
2026-06-30 19:35:00,73.76000213623047,73.83000183105469,73.62999725341797,73.62999725341797,0
2026-06-30 19:40:00,73.63999938964844,73.7300033569336,73.54000091552734,73.69999694824219,566784
2026-06-30 19:45:00,73.69000244140625,73.69999694824219,73.48999786376953,73.58000183105469,0
2026-06-30 19:50:00,73.5,73.54000091552734,73.41999816894531,73.44999694824219,0
2026-06-30 19:55:00,73.51000213623047,73.66999816894531,73.4800033569336,73.62000274658203,0
2026-06-30 20:00:00,73.56999969482422,73.80999755859375,73.5199966430664,73.72000122070312,0
2026-06-30 20:05:00,73.76000213623047,73.76000213623047,73.63999938964844,73.72000122070312,0
2026-06-30 20:10:00,73.70999908447266,73.79000091552734,73.66000366210938,73.76000213623047,1170688
2026-06-30 20:15:00,73.75,73.75,73.5999984741211,73.5999984741211,907008
2026-06-30 20:20:00,73.58000183105469,73.62999725341797,73.47000122070312,73.55000305175781,7124736
2026-06-30 20:25:00,73.5199966430664,73.5999984741211,73.5,73.58000183105469,782848
2026-06-30 20:30:00,73.52999877929688,73.55999755859375,73.41999816894531,73.54000091552734,1048832
2026-06-30 20:35:00,73.52999877929688,73.62000274658203,73.4800033569336,73.58999633789062,0
2026-06-30 20:40:00,73.58999633789062,73.62999725341797,73.48999786376953,73.48999786376953,0
2026-06-30 20:45:00,73.51000213623047,73.77999877929688,73.51000213623047,73.62999725341797,256768
2026-06-30 20:50:00,73.62999725341797,73.62999725341797,73.45999908447266,73.55000305175781,11278848
2026-06-30 20:55:00,73.52999877929688,73.62000274658203,73.5199966430664,73.56999969482422,5063424
2026-06-30 21:00:00,73.56999969482422,73.66999816894531,73.4800033569336,73.4800033569336,0
2026-06-30 21:05:00,73.47000122070312,73.5999984741211,73.43000030517578,73.44000244140625,0
2026-06-30 21:10:00,73.44000244140625,73.45999908447266,73.12000274658203,73.20999908447266,524032
2026-06-30 21:15:00,73.19999694824219,73.29000091552734,73.19999694824219,73.2300033569336,5512448
2026-06-30 21:20:00,73.19999694824219,73.26000213623047,73.13999938964844,73.16000366210938,0
2026-06-30 21:25:00,73.12999725341797,73.2699966430664,73.12999725341797,73.18000030517578,0
2026-06-30 21:30:00,73.22000122070312,73.36000061035156,73.20999908447266,73.36000061035156,0
2026-06-30 21:35:00,73.37000274658203,73.37000274658203,73.25,73.31999969482422,0
2026-06-30 21:40:00,73.36000061035156,73.37999725341797,73.25,73.2699966430664,0
2026-06-30 21:45:00,73.27999877929688,73.29000091552734,73.19000244140625,73.2300033569336,0
2026-06-30 21:50:00,73.22000122070312,73.33000183105469,73.20999908447266,73.26000213623047,325888
2026-06-30 21:55:00,73.26000213623047,73.37999725341797,73.26000213623047,73.37999725341797,250112
2026-06-30 22:00:00,73.37000274658203,73.58000183105469,73.37000274658203,73.52999877929688,0
2026-06-30 22:05:00,73.54000091552734,73.58000183105469,73.47000122070312,73.48999786376953,0
2026-06-30 22:10:00,73.4800033569336,73.52999877929688,73.37000274658203,73.52999877929688,0
2026-06-30 22:15:00,73.5199966430664,73.62000274658203,73.4800033569336,73.61000061035156,961536
2026-06-30 22:20:00,73.58000183105469,73.58999633789062,73.47000122070312,73.5,0
2026-06-30 22:25:00,73.5,73.5199966430664,73.4000015258789,73.4000015258789,0
2026-06-30 22:30:00,73.4000015258789,73.4000015258789,73.16000366210938,73.22000122070312,0
2026-06-30 22:35:00,73.22000122070312,73.33999633789062,73.18000030517578,73.31999969482422,2459648
2026-06-30 22:40:00,73.31999969482422,73.36000061035156,73.30000305175781,73.31999969482422,0
2026-06-30 22:45:00,73.31999969482422,73.33999633789062,73.25,73.33000183105469,391680
2026-06-30 22:50:00,73.36000061035156,73.36000061035156,73.2300033569336,73.26000213623047,0
2026-06-30 22:55:00,73.26000213623047,73.33999633789062,73.25,73.31999969482422,0
2026-06-30 23:00:00,73.30999755859375,73.33999633789062,73.22000122070312,73.2300033569336,0
2026-06-30 23:05:00,73.2300033569336,73.36000061035156,73.20999908447266,73.33000183105469,0
2026-06-30 23:10:00,73.31999969482422,73.33000183105469,73.20999908447266,73.25,0
2026-06-30 23:15:00,73.25,73.36000061035156,73.25,73.36000061035156,0
2026-06-30 23:20:00,73.36000061035156,73.44999694824219,73.33999633789062,73.43000030517578,0
2026-06-30 23:25:00,73.45999908447266,73.55000305175781,73.44999694824219,73.45999908447266,0
2026-06-30 23:30:00,73.43000030517578,73.58999633789062,73.41000366210938,73.58999633789062,0
2026-06-30 23:35:00,73.58000183105469,73.58000183105469,73.4000015258789,73.43000030517578,0
2026-06-30 23:40:00,73.44000244140625,73.47000122070312,73.37000274658203,73.47000122070312,0
2026-06-30 23:45:00,73.45999908447266,73.58000183105469,73.45999908447266,73.52999877929688,0
2026-06-30 23:50:00,73.54000091552734,73.55999755859375,73.44999694824219,73.5,0
2026-06-30 23:55:00,73.51000213623047,73.56999969482422,73.47000122070312,73.54000091552734,0
2026-07-01 00:00:00,73.55999755859375,73.5999984741211,73.43000030517578,73.56999969482422,0
2026-07-01 00:05:00,73.58000183105469,73.62000274658203,73.51000213623047,73.51000213623047,0
2026-07-01 00:10:00,73.5,73.62999725341797,73.48999786376953,73.61000061035156,0
2026-07-01 00:15:00,73.6500015258789,73.69999694824219,73.44999694824219,73.44999694824219,4388608
2026-07-01 00:20:00,73.41999816894531,73.5,73.30999755859375,73.36000061035156,1813760
2026-07-01 00:25:00,73.36000061035156,73.44000244140625,73.25,73.38999938964844,4027392
2026-07-01 00:30:00,73.38999938964844,73.69999694824219,73.38999938964844,73.58000183105469,0
2026-07-01 00:35:00,73.58999633789062,73.58999633789062,73.47000122070312,73.48999786376953,0
2026-07-01 00:40:00,73.5,73.52999877929688,73.44999694824219,73.5,0
2026-07-01 00:45:00,73.51000213623047,73.55999755859375,73.44999694824219,73.52999877929688,0
2026-07-01 00:50:00,73.5199966430664,73.69000244140625,73.48999786376953,73.55000305175781,0
2026-07-01 00:55:00,73.55000305175781,73.61000061035156,73.48999786376953,73.5199966430664,993536
2026-07-01 01:00:00,73.52999877929688,73.55000305175781,73.2699966430664,73.2699966430664,0
2026-07-01 01:05:00,73.26000213623047,73.26000213623047,72.86000061035156,72.86000061035156,0
2026-07-01 01:10:00,72.87000274658203,72.87000274658203,72.16999816894531,72.73999786376953,1984768
2026-07-01 01:15:00,72.81999969482422,73.08999633789062,72.62000274658203,73.0199966430664,21937920
2026-07-01 01:20:00,72.97000122070312,73.37000274658203,72.94999694824219,73.05999755859375,19675648
2026-07-01 01:25:00,73.06999969482422,73.23999786376953,72.9800033569336,73.1500015258789,3045888
2026-07-01 01:30:00,73.12999725341797,73.33999633789062,73.12999725341797,73.19999694824219,3448320
2026-07-01 01:35:00,73.23999786376953,74.02999877929688,73.22000122070312,73.87000274658203,4406528
2026-07-01 01:40:00,73.80999755859375,74.19000244140625,73.80999755859375,74.08999633789062,25632256
2026-07-01 01:45:00,74.06999969482422,74.12999725341797,73.77999877929688,73.80999755859375,11354112
2026-07-01 01:50:00,73.81999969482422,73.93000030517578,73.68000030517578,73.93000030517578,7511552
2026-07-01 01:55:00,73.93000030517578,74.01000213623047,73.81999969482422,73.83000183105469,5356032
2026-07-01 02:00:00,73.88999938964844,73.9800033569336,73.83999633789062,73.87999725341797,0
2026-07-01 02:05:00,73.8499984741211,73.86000061035156,73.66999816894531,73.81999969482422,5985024
2026-07-01 02:10:00,73.83000183105469,74.16000366210938,73.81999969482422,74.02999877929688,2791424
2026-07-01 02:15:00,74.0199966430664,74.23999786376953,73.97000122070312,74.06999969482422,4260864
2026-07-01 02:20:00,74.05999755859375,74.37000274658203,74.0199966430664,74.27999877929688,8938496
2026-07-01 02:25:00,74.30999755859375,74.4800033569336,74.2699966430664,74.36000061035156,8329728
2026-07-01 02:30:00,74.4000015258789,74.6500015258789,74.33000183105469,74.56999969482422,6127872
2026-07-01 02:35:00,74.55999755859375,74.86000061035156,74.52999877929688,74.73999786376953,10909184
2026-07-01 02:40:00,74.70999908447266,74.88999938964844,74.63999938964844,74.88999938964844,13573120
2026-07-01 02:45:00,74.8499984741211,74.9000015258789,74.58999633789062,74.62999725341797,6124288
2026-07-01 02:50:00,74.62999725341797,74.79000091552734,74.62000274658203,74.79000091552734,16340736
2026-07-01 02:55:00,74.81999969482422,74.81999969482422,74.6500015258789,74.6500015258789,9328128
2026-07-01 03:00:00,74.69999694824219,74.69999694824219,74.45999908447266,74.45999908447266,0
2026-07-01 03:05:00,74.4800033569336,74.79000091552734,74.4800033569336,74.5999984741211,15133184
2026-07-01 03:10:00,74.58000183105469,74.58000183105469,74.51000213623047,74.55000305175781,4242432
2026-07-01 03:15:00,74.55000305175781,74.55000305175781,74.29000091552734,74.29000091552734,0
2026-07-01 03:20:00,74.30000305175781,74.4000015258789,74.23999786376953,74.3499984741211,1234176
2026-07-01 03:25:00,74.36000061035156,74.43000030517578,74.2699966430664,74.41000366210938,2231040
2026-07-01 03:30:00,74.44999694824219,74.47000122070312,74.30999755859375,74.41999816894531,3180032
2026-07-01 03:35:00,74.41999816894531,75.06999969482422,74.41999816894531,74.87999725341797,4327168
2026-07-01 03:40:00,74.9000015258789,74.9000015258789,74.68000030517578,74.69000244140625,13280000
2026-07-01 03:45:00,74.69000244140625,75.37999725341797,74.69000244140625,75.12999725341797,6502656
2026-07-01 03:50:00,75.18000030517578,75.5,75.16000366210938,75.47000122070312,49631744
2026-07-01 03:55:00,75.41999816894531,75.54000091552734,75.3499984741211,75.37000274658203,27903744
2026-07-01 04:00:00,75.37000274658203,75.43000030517578,75.25,75.41999816894531,2260736
2026-07-01 04:05:00,75.41999816894531,75.5199966430664,75.3499984741211,75.37000274658203,17494016
2026-07-01 04:10:00,75.37000274658203,75.41000366210938,75.26000213623047,75.2699966430664,0
2026-07-01 04:15:00,75.25,75.3499984741211,75.19999694824219,75.23999786376953,0
2026-07-01 04:20:00,75.19000244140625,75.27999877929688,75.12999725341797,75.16999816894531,0
2026-07-01 04:25:00,75.16999816894531,75.36000061035156,75.16000366210938,75.30999755859375,0
2026-07-01 04:30:00,75.31999969482422,75.69999694824219,75.2699966430664,75.43000030517578,4077568
2026-07-01 04:35:00,75.3499984741211,75.41000366210938,75.27999877929688,75.3499984741211,17265920
2026-07-01 04:40:00,75.3499984741211,75.5199966430664,75.33000183105469,75.4800033569336,7599104
2026-07-01 04:45:00,75.48999786376953,75.72000122070312,75.4800033569336,75.62000274658203,4871680
2026-07-01 04:50:00,75.61000061035156,75.63999938964844,75.5,75.55000305175781,8161792
2026-07-01 04:55:00,75.55999755859375,75.56999969482422,75.41000366210938,75.45999908447266,5142784
2026-07-01 05:00:00,75.44999694824219,75.5199966430664,75.43000030517578,75.48999786376953,0
2026-07-01 05:05:00,75.51000213623047,75.66000366210938,75.33000183105469,75.33000183105469,3033600
2026-07-01 05:10:00,75.33000183105469,75.4000015258789,75.29000091552734,75.37999725341797,883968
2026-07-01 05:15:00,75.38999938964844,75.51000213623047,75.38999938964844,75.44999694824219,2277632
2026-07-01 05:20:00,75.44000244140625,75.44000244140625,75.16000366210938,75.23999786376953,1537024
2026-07-01 05:25:00,75.25,75.25,75.04000091552734,75.06999969482422,3256064
2026-07-01 05:30:00,75.06999969482422,75.19000244140625,75.05000305175781,75.1500015258789,3078400
2026-07-01 05:35:00,75.1500015258789,75.18000030517578,75.0199966430664,75.13999938964844,3787776
2026-07-01 05:40:00,75.16999816894531,75.23999786376953,75.13999938964844,75.23999786376953,3622400
2026-07-01 05:45:00,75.2699966430664,75.29000091552734,75.05000305175781,75.05000305175781,2322944
2026-07-01 05:50:00,75.08000183105469,75.18000030517578,75.04000091552734,75.08000183105469,3506688
2026-07-01 05:55:00,75.08000183105469,75.16000366210938,75.05999755859375,75.12999725341797,1496320
2026-07-01 06:00:00,75.12999725341797,75.16000366210938,74.94999694824219,74.94999694824219,0
2026-07-01 06:05:00,74.98999786376953,75.0,74.81999969482422,74.83000183105469,0
2026-07-01 06:10:00,74.8499984741211,74.94999694824219,74.83000183105469,74.91000366210938,3456768
2026-07-01 06:15:00,74.91000366210938,74.94999694824219,74.76000213623047,74.76000213623047,2217728
2026-07-01 06:20:00,74.75,74.76000213623047,74.4800033569336,74.5999984741211,4838400
2026-07-01 06:25:00,74.62999725341797,74.6500015258789,74.52999877929688,74.6500015258789,9366528
2026-07-01 06:30:00,74.63999938964844,74.68000030517578,74.33000183105469,74.33000183105469,855552
2026-07-01 06:35:00,74.29000091552734,74.37000274658203,73.87000274658203,74.05000305175781,10961920
2026-07-01 06:40:00,74.05000305175781,74.16000366210938,73.9800033569336,74.16000366210938,18628864
2026-07-01 06:45:00,74.13999938964844,74.13999938964844,73.9000015258789,74.06999969482422,6710528
2026-07-01 06:50:00,74.08000183105469,74.23999786376953,74.08000183105469,74.18000030517578,7196672
2026-07-01 06:55:00,74.16000366210938,74.23999786376953,74.08999633789062,74.18000030517578,6004736
2026-07-01 07:00:00,74.23999786376953,74.27999877929688,74.12000274658203,74.16000366210938,0
2026-07-01 07:05:00,74.16000366210938,74.18000030517578,74.0,74.18000030517578,4858112
2026-07-01 07:10:00,74.16999816894531,74.31999969482422,74.05999755859375,74.31999969482422,1423872
2026-07-01 07:15:00,74.29000091552734,74.43000030517578,74.26000213623047,74.37000274658203,3161856
2026-07-01 07:20:00,74.37999725341797,74.68000030517578,74.16000366210938,74.61000061035156,8579072
2026-07-01 07:25:00,74.58999633789062,74.62000274658203,74.47000122070312,74.48999786376953,11836416
2026-07-01 07:30:00,74.47000122070312,74.55999755859375,74.33000183105469,74.55999755859375,4421376
2026-07-01 07:35:00,74.55000305175781,74.58999633789062,74.45999908447266,74.54000091552734,15916544
2026-07-01 07:40:00,74.56999969482422,74.75,74.5,74.61000061035156,12829184
2026-07-01 07:45:00,74.5999984741211,74.83000183105469,74.52999877929688,74.80000305175781,1343744
2026-07-01 07:50:00,74.80000305175781,74.81999969482422,74.66000366210938,74.66999816894531,2210304
2026-07-01 07:55:00,74.68000030517578,74.80999755859375,74.6500015258789,74.77999877929688,0
2026-07-01 08:00:00,74.72000122070312,74.86000061035156,74.55999755859375,74.81999969482422,0
2026-07-01 08:05:00,74.80000305175781,74.95999908447266,74.79000091552734,74.87999725341797,14263808
2026-07-01 08:10:00,74.83000183105469,74.91000366210938,74.75,74.75,5516800
2026-07-01 08:15:00,74.75,74.80999755859375,74.68000030517578,74.69000244140625,1942272
2026-07-01 08:20:00,74.66000366210938,74.68000030517578,74.44999694824219,74.48999786376953,2110720
2026-07-01 08:25:00,74.4800033569336,74.66999816894531,74.4800033569336,74.56999969482422,3425024
2026-07-01 08:30:00,74.61000061035156,74.68000030517578,74.37000274658203,74.62000274658203,1962496
2026-07-01 08:35:00,74.55000305175781,74.62000274658203,74.47000122070312,74.58999633789062,0
2026-07-01 08:40:00,74.58000183105469,74.7699966430664,74.55999755859375,74.76000213623047,0
2026-07-01 08:45:00,74.73999786376953,74.73999786376953,74.61000061035156,74.62000274658203,0
2026-07-01 08:50:00,74.58999633789062,74.77999877929688,74.58000183105469,74.7699966430664,0
2026-07-01 08:55:00,74.70999908447266,75.4000015258789,74.70999908447266,75.33999633789062,0
2026-07-01 09:00:00,75.33999633789062,75.33999633789062,75.05000305175781,75.12999725341797,1349632
2026-07-01 09:05:00,75.1500015258789,75.31999969482422,75.1500015258789,75.19000244140625,0
2026-07-01 09:10:00,75.20999908447266,75.20999908447266,75.05000305175781,75.05999755859375,0
2026-07-01 09:15:00,75.06999969482422,75.30000305175781,75.05999755859375,75.12000274658203,5092096
2026-07-01 09:20:00,75.12000274658203,75.12000274658203,75.01000213623047,75.05000305175781,11183872
2026-07-01 09:25:00,75.05000305175781,75.06999969482422,74.97000122070312,75.06999969482422,572416
2026-07-01 09:30:00,75.06999969482422,75.25,75.01000213623047,75.20999908447266,3248384
2026-07-01 09:35:00,75.19999694824219,75.2300033569336,75.12999725341797,75.16000366210938,4834048
2026-07-01 09:40:00,75.19000244140625,75.19000244140625,75.06999969482422,75.0999984741211,3092224
2026-07-01 09:45:00,75.0999984741211,75.19999694824219,74.98999786376953,75.11000061035156,727552
2026-07-01 09:50:00,75.11000061035156,75.33000183105469,75.08000183105469,75.31999969482422,14495232
2026-07-01 09:55:00,75.30999755859375,75.44999694824219,75.23999786376953,75.3499984741211,12556032
2026-07-01 10:00:00,75.33999633789062,75.41999816894531,75.18000030517578,75.38999938964844,7707648
2026-07-01 10:05:00,75.37000274658203,75.45999908447266,75.26000213623047,75.41000366210938,12871424
2026-07-01 10:10:00,75.38999938964844,75.4000015258789,75.19000244140625,75.22000122070312,5405440
2026-07-01 10:15:00,75.22000122070312,75.37999725341797,75.12999725341797,75.37000274658203,2377728
2026-07-01 10:20:00,75.37999725341797,75.43000030517578,75.20999908447266,75.20999908447266,6778880
2026-07-01 10:25:00,75.19999694824219,75.26000213623047,75.06999969482422,75.26000213623047,2648576
2026-07-01 10:30:00,75.23999786376953,75.30000305175781,75.13999938964844,75.16999816894531,4188672
2026-07-01 10:35:00,75.1500015258789,75.16999816894531,75.05999755859375,75.08999633789062,1429248
2026-07-01 10:40:00,75.02999877929688,75.08999633789062,74.91999816894531,74.95999908447266,550912
2026-07-01 10:45:00,74.95999908447266,75.08999633789062,74.95999908447266,75.08000183105469,570624
2026-07-01 10:50:00,75.0999984741211,75.13999938964844,74.98999786376953,75.0199966430664,988672
2026-07-01 10:55:00,75.01000213623047,75.02999877929688,74.88999938964844,74.9000015258789,0
2026-07-01 11:00:00,74.9000015258789,74.94000244140625,74.5999984741211,74.80999755859375,0
2026-07-01 11:05:00,74.80999755859375,74.9000015258789,74.70999908447266,74.73999786376953,12193792
2026-07-01 11:10:00,74.75,75.06999969482422,74.72000122070312,75.05999755859375,11699200
2026-07-01 11:15:00,75.05999755859375,75.20999908447266,75.01000213623047,75.11000061035156,4190720
2026-07-01 11:20:00,75.08999633789062,75.11000061035156,74.94000244140625,75.0,0
2026-07-01 11:25:00,75.0,75.08999633789062,74.93000030517578,74.94000244140625,0
2026-07-01 11:30:00,74.91000366210938,75.0199966430664,74.76000213623047,74.7699966430664,0
2026-07-01 11:35:00,74.79000091552734,74.94000244140625,74.76000213623047,74.80999755859375,4075264
2026-07-01 11:40:00,74.81999969482422,74.86000061035156,74.76000213623047,74.86000061035156,3361792
2026-07-01 11:45:00,74.88999938964844,74.94000244140625,74.75,74.79000091552734,517888
2026-07-01 11:50:00,74.69000244140625,74.76000213623047,74.69000244140625,74.70999908447266,9549312
2026-07-01 11:55:00,74.70999908447266,74.76000213623047,74.55000305175781,74.73999786376953,2688512
2026-07-01 12:00:00,74.79000091552734,74.8499984741211,74.58999633789062,74.61000061035156,0
2026-07-01 12:05:00,74.61000061035156,74.70999908447266,74.4800033569336,74.66000366210938,0
2026-07-01 12:10:00,74.72000122070312,74.75,74.30000305175781,74.38999938964844,13670912
2026-07-01 12:15:00,74.41000366210938,74.55999755859375,74.41000366210938,74.52999877929688,7453440
2026-07-01 12:20:00,74.51000213623047,74.58999633789062,74.44999694824219,74.58999633789062,2091008
2026-07-01 12:25:00,74.58000183105469,74.58000183105469,74.47000122070312,74.52999877929688,0
2026-07-01 12:30:00,74.45999908447266,74.62000274658203,74.27999877929688,74.30000305175781,0
2026-07-01 12:35:00,74.36000061035156,74.44000244140625,74.30000305175781,74.37000274658203,0
2026-07-01 12:40:00,74.3499984741211,74.44999694824219,74.30999755859375,74.41999816894531,0
2026-07-01 12:45:00,74.41000366210938,74.41999816894531,74.30000305175781,74.33999633789062,2418944
2026-07-01 12:50:00,74.3499984741211,74.47000122070312,74.18000030517578,74.30000305175781,0
2026-07-01 12:55:00,74.33999633789062,74.5199966430664,74.31999969482422,74.51000213623047,41728
2026-07-01 13:00:00,74.51000213623047,74.91000366210938,74.51000213623047,74.7300033569336,0
2026-07-01 13:05:00,74.7300033569336,74.83999633789062,74.72000122070312,74.75,951552
2026-07-01 13:10:00,74.75,74.95999908447266,74.75,74.83999633789062,0
2026-07-01 13:15:00,74.87000274658203,75.04000091552734,74.76000213623047,74.77999877929688,1171968
2026-07-01 13:20:00,74.80000305175781,75.19999694824219,74.77999877929688,75.1500015258789,5188864
2026-07-01 13:25:00,75.08000183105469,75.2699966430664,74.94000244140625,75.2699966430664,6963968
2026-07-01 13:30:00,75.05000305175781,75.29000091552734,74.58000183105469,75.2300033569336,0
2026-07-01 13:35:00,75.2699966430664,75.5,75.06999969482422,75.23999786376953,0
2026-07-01 13:40:00,75.22000122070312,75.58000183105469,75.22000122070312,75.44999694824219,0
2026-07-01 13:45:00,75.30999755859375,75.66000366210938,75.23999786376953,75.56999969482422,12916992
2026-07-01 13:50:00,75.52999877929688,75.95999908447266,75.45999908447266,75.87000274658203,14794240
2026-07-01 13:55:00,75.91000366210938,76.0,75.80000305175781,75.94999694824219,35254016
2026-07-01 14:00:00,75.91000366210938,75.91999816894531,75.55999755859375,75.8499984741211,0
2026-07-01 14:05:00,75.75,75.88999938964844,75.69999694824219,75.87999725341797,0
2026-07-01 14:10:00,75.87000274658203,76.19999694824219,75.87000274658203,76.19999694824219,15695360
2026-07-01 14:15:00,76.19000244140625,77.1500015258789,76.1500015258789,76.86000061035156,15532800
2026-07-01 14:20:00,76.88999938964844,77.0,76.76000213623047,76.79000091552734,68189184
2026-07-01 14:25:00,76.79000091552734,76.81999969482422,76.5199966430664,76.58999633789062,21550848
2026-07-01 14:30:00,76.58999633789062,76.83999633789062,76.29000091552734,76.52999877929688,8416256
2026-07-01 14:35:00,76.5999984741211,76.75,76.37999725341797,76.75,13937152
2026-07-01 14:40:00,76.77999877929688,76.91000366210938,76.66999816894531,76.79000091552734,7706880
2026-07-01 14:45:00,76.75,77.0199966430664,76.37999725341797,76.86000061035156,4438528
2026-07-01 14:50:00,76.86000061035156,77.05999755859375,76.80000305175781,76.88999938964844,16935424
2026-07-01 14:55:00,76.87000274658203,76.9000015258789,76.69999694824219,76.9000015258789,7117056
2026-07-01 15:00:00,76.91000366210938,77.06999969482422,76.80999755859375,77.04000091552734,0
2026-07-01 15:05:00,77.0199966430664,77.38999938964844,76.93000030517578,76.94000244140625,24548864
2026-07-01 15:10:00,77.0,77.05999755859375,76.88999938964844,76.94000244140625,10607104
2026-07-01 15:15:00,76.94999694824219,76.9800033569336,76.77999877929688,76.83000183105469,0
2026-07-01 15:20:00,76.86000061035156,77.66000366210938,76.77999877929688,77.4000015258789,0
2026-07-01 15:25:00,77.41000366210938,77.6500015258789,77.33999633789062,77.47000122070312,33523712
2026-07-01 15:30:00,77.5,77.5,77.16000366210938,77.19000244140625,12409856
2026-07-01 15:35:00,77.22000122070312,77.31999969482422,77.16999816894531,77.19999694824219,8497664
2026-07-01 15:40:00,77.22000122070312,77.38999938964844,77.18000030517578,77.38999938964844,9321216
2026-07-01 15:45:00,77.37000274658203,77.37999725341797,77.0999984741211,77.0999984741211,0
2026-07-01 15:50:00,77.11000061035156,77.22000122070312,77.05999755859375,77.11000061035156,0
2026-07-01 15:55:00,77.12999725341797,77.41999816894531,77.12999725341797,77.36000061035156,0
2026-07-01 16:00:00,77.37999725341797,77.37999725341797,77.12000274658203,77.16999816894531,0
2026-07-01 16:05:00,77.13999938964844,77.41000366210938,77.13999938964844,77.30000305175781,3165440
2026-07-01 16:10:00,77.31999969482422,77.43000030517578,77.20999908447266,77.22000122070312,0
2026-07-01 16:15:00,77.23999786376953,77.56999969482422,77.20999908447266,77.5199966430664,0
2026-07-01 16:20:00,77.4800033569336,77.4800033569336,77.26000213623047,77.27999877929688,3905792
2026-07-01 16:25:00,77.25,78.05999755859375,77.25,77.69000244140625,17235456
2026-07-01 16:30:00,77.6500015258789,77.73999786376953,77.5199966430664,77.55999755859375,39899392
2026-07-01 16:35:00,77.56999969482422,77.56999969482422,77.41999816894531,77.45999908447266,5840896
2026-07-01 16:40:00,77.44000244140625,77.5999984741211,77.41999816894531,77.58000183105469,12573696
2026-07-01 16:45:00,77.56999969482422,77.56999969482422,77.23999786376953,77.29000091552734,779520
2026-07-01 16:50:00,77.29000091552734,77.36000061035156,77.08000183105469,77.0999984741211,2072320
2026-07-01 16:55:00,77.0999984741211,77.0999984741211,76.86000061035156,77.08999633789062,0
2026-07-01 17:00:00,77.12000274658203,77.12000274658203,76.79000091552734,76.9000015258789,0
2026-07-01 17:05:00,76.91000366210938,77.11000061035156,76.80999755859375,77.11000061035156,4717056
2026-07-01 17:10:00,77.12000274658203,77.16999816894531,77.05000305175781,77.16000366210938,7448320
2026-07-01 17:15:00,77.16999816894531,77.48999786376953,77.11000061035156,77.44000244140625,0
2026-07-01 17:20:00,77.37000274658203,77.80999755859375,77.37000274658203,77.73999786376953,10739200
2026-07-01 17:25:00,77.76000213623047,77.87999725341797,77.5999984741211,77.66000366210938,10976512
2026-07-01 17:30:00,77.63999938964844,77.79000091552734,77.5199966430664,77.63999938964844,1745152
2026-07-01 17:35:00,77.66000366210938,77.8499984741211,77.58000183105469,77.68000030517578,5129984
2026-07-01 17:40:00,77.69000244140625,77.76000213623047,77.58000183105469,77.58999633789062,4189952
2026-07-01 17:45:00,77.5999984741211,77.80000305175781,77.56999969482422,77.70999908447266,842752
2026-07-01 17:50:00,77.73999786376953,77.80000305175781,77.66000366210938,77.75,3573504
2026-07-01 17:55:00,77.73999786376953,77.76000213623047,77.63999938964844,77.69999694824219,0
2026-07-01 18:00:00,77.62000274658203,77.80000305175781,77.62000274658203,77.79000091552734,0
2026-07-01 18:05:00,77.81999969482422,77.81999969482422,77.58000183105469,77.58999633789062,3164928
2026-07-01 18:10:00,77.58999633789062,77.70999908447266,77.43000030517578,77.70999908447266,2635776
2026-07-01 18:15:00,77.6500015258789,77.79000091552734,77.5199966430664,77.79000091552734,2769664
2026-07-01 18:20:00,77.76000213623047,77.76000213623047,77.45999908447266,77.56999969482422,0
2026-07-01 18:25:00,77.58000183105469,77.58999633789062,77.5,77.54000091552734,0
2026-07-01 18:30:00,77.55000305175781,77.56999969482422,77.27999877929688,77.55999755859375,495872
2026-07-01 18:35:00,77.54000091552734,77.69000244140625,77.5,77.68000030517578,5435136
2026-07-01 18:40:00,77.68000030517578,77.70999908447266,77.5999984741211,77.66999816894531,0
2026-07-01 18:45:00,77.69000244140625,77.69000244140625,77.33000183105469,77.45999908447266,1902336
2026-07-01 18:50:00,77.47000122070312,77.54000091552734,77.2300033569336,77.29000091552734,370688
2026-07-01 18:55:00,77.30999755859375,77.37000274658203,77.2300033569336,77.36000061035156,0
2026-07-01 19:00:00,77.33999633789062,77.56999969482422,77.33000183105469,77.5199966430664,0
2026-07-01 19:05:00,77.55000305175781,77.5999984741211,77.4800033569336,77.56999969482422,0
2026-07-01 19:10:00,77.56999969482422,77.58999633789062,77.3499984741211,77.44000244140625,0
2026-07-01 19:15:00,77.4800033569336,77.54000091552734,77.41000366210938,77.4800033569336,1881600
2026-07-01 19:20:00,77.47000122070312,77.47000122070312,77.3499984741211,77.37000274658203,3010560
2026-07-01 19:25:00,77.37000274658203,77.37000274658203,77.12000274658203,77.18000030517578,1362176
2026-07-01 19:30:00,77.27999877929688,77.31999969482422,77.18000030517578,77.26000213623047,862464
2026-07-01 19:35:00,77.22000122070312,77.27999877929688,77.12000274658203,77.23999786376953,0
2026-07-01 19:40:00,77.2300033569336,77.27999877929688,77.1500015258789,77.26000213623047,1555456
2026-07-01 19:45:00,77.25,77.26000213623047,77.06999969482422,77.0999984741211,675584
2026-07-01 19:50:00,77.19999694824219,77.19999694824219,76.94999694824219,76.98999786376953,0
2026-07-01 19:55:00,76.93000030517578,76.97000122070312,76.73999786376953,76.91000366210938,1491712
2026-07-01 20:00:00,76.91000366210938,76.95999908447266,76.68000030517578,76.77999877929688,0
2026-07-01 20:05:00,76.79000091552734,76.83000183105469,76.63999938964844,76.6500015258789,0
2026-07-01 20:10:00,76.6500015258789,76.83999633789062,76.63999938964844,76.7699966430664,453632
2026-07-01 20:15:00,76.77999877929688,76.80000305175781,76.52999877929688,76.56999969482422,1138432
2026-07-01 20:20:00,76.56999969482422,76.63999938964844,76.55000305175781,76.62000274658203,0
2026-07-01 20:25:00,76.61000061035156,76.83000183105469,76.61000061035156,76.77999877929688,2343424
2026-07-01 20:30:00,76.79000091552734,76.94999694824219,76.75,76.88999938964844,2196992
2026-07-01 20:35:00,76.88999938964844,76.93000030517578,76.80999755859375,76.93000030517578,7191552
2026-07-01 20:40:00,76.94999694824219,77.2300033569336,76.94999694824219,77.1500015258789,10955264
2026-07-01 20:45:00,77.19999694824219,77.41000366210938,77.16000366210938,77.37000274658203,3215616
2026-07-01 20:50:00,77.30999755859375,77.37000274658203,77.20999908447266,77.29000091552734,0
2026-07-01 20:55:00,77.33000183105469,77.37999725341797,77.31999969482422,77.33999633789062,602112
2026-07-01 21:00:00,77.37999725341797,77.68000030517578,77.37000274658203,77.6500015258789,0
2026-07-01 21:05:00,77.66999816894531,77.8499984741211,77.61000061035156,77.80999755859375,10275072
2026-07-01 21:10:00,77.81999969482422,77.9800033569336,77.68000030517578,77.79000091552734,10946048
2026-07-01 21:15:00,77.80000305175781,77.8499984741211,77.66999816894531,77.80000305175781,1568000
2026-07-01 21:20:00,77.79000091552734,77.80999755859375,77.69000244140625,77.72000122070312,5254912
2026-07-01 21:25:00,77.68000030517578,77.8499984741211,77.62999725341797,77.75,3998720
2026-07-01 21:30:00,77.75,78.45999908447266,77.73999786376953,78.19999694824219,2238464
2026-07-01 21:35:00,78.18000030517578,78.33000183105469,78.12000274658203,78.20999908447266,20094720
2026-07-01 21:40:00,78.12000274658203,78.25,78.05999755859375,78.13999938964844,16374784
2026-07-01 21:45:00,78.16999816894531,78.26000213623047,78.08000183105469,78.23999786376953,2845440
2026-07-01 21:50:00,78.26000213623047,78.58000183105469,78.1500015258789,78.31999969482422,7432704
2026-07-01 21:55:00,78.31999969482422,78.4800033569336,78.31999969482422,78.37000274658203,13194752
2026-07-01 22:00:00,78.29000091552734,78.31999969482422,78.16999816894531,78.20999908447266,1244928
2026-07-01 22:05:00,78.19000244140625,78.2699966430664,78.1500015258789,78.20999908447266,8917248
2026-07-01 22:10:00,78.20999908447266,78.30000305175781,78.20999908447266,78.2300033569336,2338304
2026-07-01 22:15:00,78.22000122070312,78.33999633789062,78.22000122070312,78.30000305175781,1029632
2026-07-01 22:20:00,78.30000305175781,78.77999877929688,78.30000305175781,78.58000183105469,14558464
2026-07-01 22:25:00,78.6500015258789,78.77999877929688,78.18000030517578,78.18000030517578,28103936
2026-07-01 22:30:00,78.16000366210938,78.29000091552734,78.08000183105469,78.12999725341797,20826368
2026-07-01 22:35:00,78.12999725341797,78.19000244140625,77.94999694824219,77.98999786376953,3760128
2026-07-01 22:40:00,78.0,78.16000366210938,77.97000122070312,77.97000122070312,7631360
2026-07-01 22:45:00,77.9800033569336,77.9800033569336,77.77999877929688,77.77999877929688,1306112
2026-07-01 22:50:00,77.80999755859375,77.87000274658203,77.7300033569336,77.83999633789062,11513856
2026-07-01 22:55:00,77.83000183105469,77.86000061035156,77.69999694824219,77.79000091552734,6622976
2026-07-01 23:00:00,77.75,77.80000305175781,77.5,77.55000305175781,680960
2026-07-01 23:05:00,77.55999755859375,77.66000366210938,77.5199966430664,77.6500015258789,15900416
2026-07-01 23:10:00,77.62999725341797,77.66000366210938,77.41000366210938,77.45999908447266,3770880
2026-07-01 23:15:00,77.47000122070312,77.62000274658203,77.30999755859375,77.56999969482422,2152448
2026-07-01 23:20:00,77.61000061035156,77.62000274658203,77.54000091552734,77.55999755859375,9198592
2026-07-01 23:25:00,77.55999755859375,77.62000274658203,77.5199966430664,77.61000061035156,2630144
2026-07-01 23:30:00,77.5999984741211,77.69999694824219,77.54000091552734,77.58999633789062,2439680
2026-07-01 23:35:00,77.58000183105469,77.58000183105469,77.41000366210938,77.47000122070312,3503872
2026-07-01 23:40:00,77.44999694824219,77.5199966430664,77.4000015258789,77.44999694824219,15091456
2026-07-01 23:45:00,77.43000030517578,77.52999877929688,77.19999694824219,77.3499984741211,6526720
2026-07-01 23:50:00,77.36000061035156,77.41999816894531,77.29000091552734,77.41999816894531,13353472
2026-07-01 23:55:00,77.4000015258789,77.44000244140625,77.33999633789062,77.3499984741211,4022272
2026-07-02 00:00:00,77.33000183105469,77.37000274658203,77.05000305175781,77.19999694824219,0
2026-07-02 00:05:00,77.16999816894531,77.36000061035156,77.16999816894531,77.31999969482422,0
2026-07-02 00:10:00,77.30999755859375,77.33000183105469,77.25,77.25,7406080
2026-07-02 00:15:00,77.26000213623047,77.29000091552734,77.0199966430664,77.04000091552734,0
2026-07-02 00:20:00,77.04000091552734,77.30000305175781,77.01000213623047,77.20999908447266,0
2026-07-02 00:25:00,77.18000030517578,77.23999786376953,77.08999633789062,77.11000061035156,581376
2026-07-02 00:30:00,77.11000061035156,77.11000061035156,76.97000122070312,76.97000122070312,0
2026-07-02 00:35:00,76.97000122070312,77.0199966430664,76.9000015258789,76.9000015258789,0
2026-07-02 00:40:00,76.87999725341797,76.94000244140625,76.81999969482422,76.91000366210938,187392
2026-07-02 00:45:00,76.9000015258789,77.19000244140625,76.9000015258789,77.19000244140625,3761152
2026-07-02 00:50:00,77.20999908447266,77.26000213623047,77.1500015258789,77.1500015258789,8372480
2026-07-02 00:55:00,77.19999694824219,77.19999694824219,77.08999633789062,77.19000244140625,584960
2026-07-02 01:00:00,77.19999694824219,77.33000183105469,77.1500015258789,77.19999694824219,0
2026-07-02 01:05:00,77.20999908447266,77.38999938964844,77.16999816894531,77.38999938964844,2075648
2026-07-02 01:10:00,77.3499984741211,77.55999755859375,77.33000183105469,77.55000305175781,0
2026-07-02 01:15:00,77.56999969482422,77.7300033569336,77.4800033569336,77.68000030517578,0
2026-07-02 01:20:00,77.69000244140625,77.7300033569336,77.5999984741211,77.72000122070312,0
2026-07-02 01:25:00,77.7300033569336,77.86000061035156,77.69999694824219,77.86000061035156,0
2026-07-02 01:30:00,77.9000015258789,78.27999877929688,77.9000015258789,78.20999908447266,139520
2026-07-02 01:35:00,78.19999694824219,78.4000015258789,78.16000366210938,78.4000015258789,4730368
2026-07-02 01:40:00,78.43000030517578,78.56999969482422,78.22000122070312,78.23999786376953,0
2026-07-02 01:45:00,78.22000122070312,78.31999969482422,78.12000274658203,78.12000274658203,0
2026-07-02 01:50:00,78.12000274658203,78.13999938964844,77.94000244140625,78.0,0
2026-07-02 01:55:00,77.98999786376953,78.11000061035156,77.91999816894531,78.11000061035156,0
2026-07-02 02:00:00,78.11000061035156,78.11000061035156,77.87999725341797,78.01000213623047,0
2026-07-02 02:05:00,78.0,78.04000091552734,77.83999633789062,77.86000061035156,0
2026-07-02 02:10:00,77.83999633789062,78.04000091552734,77.7300033569336,77.94999694824219,0
2026-07-02 02:15:00,78.0,78.13999938964844,77.95999908447266,78.04000091552734,0
2026-07-02 02:20:00,78.05999755859375,78.11000061035156,77.98999786376953,78.0999984741211,0
2026-07-02 02:25:00,78.12000274658203,78.16000366210938,78.08000183105469,78.0999984741211,0
2026-07-02 02:30:00,78.08999633789062,78.2699966430664,78.02999877929688,78.23999786376953,0
2026-07-02 02:35:00,78.20999908447266,78.43000030517578,78.20999908447266,78.3499984741211,0
2026-07-02 02:40:00,78.33000183105469,78.44000244140625,78.31999969482422,78.41000366210938,0
2026-07-02 02:45:00,78.38999938964844,78.51000213623047,78.27999877929688,78.27999877929688,0
2026-07-02 02:50:00,78.27999877929688,78.33999633789062,78.22000122070312,78.30999755859375,0
2026-07-02 02:55:00,78.30999755859375,78.38999938964844,78.30000305175781,78.33000183105469,0
2026-07-02 03:00:00,78.36000061035156,78.45999908447266,78.33000183105469,78.36000061035156,0
2026-07-02 03:05:00,78.36000061035156,78.44000244140625,78.30999755859375,78.31999969482422,0
2026-07-02 03:10:00,78.31999969482422,78.4000015258789,78.2699966430664,78.36000061035156,0
2026-07-02 03:15:00,78.3499984741211,78.36000061035156,78.06999969482422,78.06999969482422,381696
2026-07-02 03:20:00,78.06999969482422,78.06999969482422,77.86000061035156,77.88999938964844,11831552
2026-07-02 03:25:00,77.9000015258789,78.55999755859375,77.8499984741211,78.36000061035156,12124160
2026-07-02 03:30:00,78.33999633789062,78.36000061035156,78.19000244140625,78.33000183105469,28999168
2026-07-02 03:35:00,78.33999633789062,78.5,78.22000122070312,78.4800033569336,16082176
2026-07-02 03:40:00,78.47000122070312,78.48999786376953,78.41999816894531,78.45999908447266,0
2026-07-02 03:45:00,78.43000030517578,78.47000122070312,78.30000305175781,78.47000122070312,0
2026-07-02 03:50:00,78.63999938964844,78.86000061035156,78.56999969482422,78.69999694824219,0
2026-07-02 03:55:00,78.69000244140625,78.80000305175781,78.58999633789062,78.63999938964844,0
2026-07-02 04:00:00,78.62999725341797,78.62999725341797,78.41000366210938,78.55999755859375,0
2026-07-02 04:05:00,78.5199966430664,78.5199966430664,78.27999877929688,78.36000061035156,0
2026-07-02 04:10:00,78.37000274658203,78.47000122070312,78.3499984741211,78.4000015258789,625408
2026-07-02 04:15:00,78.41000366210938,78.41000366210938,78.2699966430664,78.3499984741211,0
2026-07-02 04:20:00,78.36000061035156,78.37000274658203,78.18000030517578,78.22000122070312,18176
2026-07-02 04:25:00,78.20999908447266,78.26000213623047,78.16000366210938,78.20999908447266,0
2026-07-02 04:30:00,78.19000244140625,78.19000244140625,78.04000091552734,78.0999984741211,0
2026-07-02 04:35:00,78.08999633789062,78.0999984741211,78.02999877929688,78.08000183105469,0
2026-07-02 04:40:00,78.08000183105469,78.11000061035156,77.9800033569336,78.11000061035156,0
2026-07-02 04:45:00,78.12000274658203,78.20999908447266,78.05999755859375,78.18000030517578,0
2026-07-02 04:50:00,78.19000244140625,78.33000183105469,78.19000244140625,78.23999786376953,0
2026-07-02 04:55:00,78.25,78.25,78.18000030517578,78.19999694824219,0
2026-07-02 05:00:00,78.22000122070312,78.22000122070312,78.0,78.05999755859375,0
2026-07-02 05:05:00,78.06999969482422,78.25,78.06999969482422,78.25,0
2026-07-02 05:10:00,78.22000122070312,78.26000213623047,78.16999816894531,78.19000244140625,0
2026-07-02 05:15:00,78.19000244140625,78.23999786376953,78.0999984741211,78.22000122070312,0
2026-07-02 05:20:00,78.19999694824219,78.19999694824219,78.05999755859375,78.06999969482422,0
2026-07-02 05:25:00,78.05000305175781,78.05999755859375,77.95999908447266,77.9800033569336,0
2026-07-02 05:30:00,77.95999908447266,78.01000213623047,77.91000366210938,78.01000213623047,0
2026-07-02 05:35:00,78.0,78.05000305175781,77.7699966430664,77.7699966430664,0
2026-07-02 05:40:00,77.77999877929688,77.80999755859375,77.70999908447266,77.75,0
2026-07-02 05:45:00,77.76000213623047,77.81999969482422,77.72000122070312,77.81999969482422,0
2026-07-02 05:50:00,77.86000061035156,78.0199966430664,77.83000183105469,77.98999786376953,0
2026-07-02 05:55:00,77.9800033569336,78.02999877929688,77.94999694824219,78.0199966430664,419328
2026-07-02 06:00:00,78.0199966430664,78.0999984741211,77.93000030517578,77.93000030517578,0
2026-07-02 06:05:00,77.93000030517578,77.98999786376953,77.83999633789062,77.93000030517578,0
2026-07-02 06:10:00,77.91000366210938,78.0,77.91000366210938,77.9800033569336,6159104
2026-07-02 06:15:00,77.94000244140625,78.12999725341797,77.94000244140625,78.12999725341797,698624
2026-07-02 06:20:00,78.12000274658203,78.29000091552734,78.12000274658203,78.19000244140625,0
2026-07-02 06:25:00,78.19000244140625,78.30999755859375,78.13999938964844,78.1500015258789,0
2026-07-02 06:30:00,78.1500015258789,78.52999877929688,78.1500015258789,78.44999694824219,0
2026-07-02 06:35:00,78.45999908447266,78.45999908447266,78.26000213623047,78.26000213623047,0
2026-07-02 06:40:00,78.23999786376953,78.30000305175781,78.0,78.04000091552734,0
2026-07-02 06:45:00,78.05000305175781,78.06999969482422,77.76000213623047,77.79000091552734,0
2026-07-02 06:50:00,77.7699966430664,77.80000305175781,77.66999816894531,77.80000305175781,0
2026-07-02 06:55:00,77.80000305175781,77.88999938964844,77.77999877929688,77.80999755859375,392960
2026-07-02 07:00:00,77.80000305175781,77.87000274658203,77.70999908447266,77.72000122070312,0
2026-07-02 07:05:00,77.72000122070312,77.76000213623047,77.58000183105469,77.7300033569336,0
2026-07-02 07:10:00,77.73999786376953,77.79000091552734,77.6500015258789,77.69999694824219,2971136
2026-07-02 07:15:00,77.70999908447266,77.83999633789062,77.5199966430664,77.61000061035156,0
2026-07-02 07:20:00,77.63999938964844,77.75,77.61000061035156,77.7300033569336,0
2026-07-02 07:25:00,77.72000122070312,77.72000122070312,77.56999969482422,77.66000366210938,0
2026-07-02 07:30:00,77.62999725341797,77.72000122070312,77.55999755859375,77.66000366210938,0
2026-07-02 07:35:00,77.66999816894531,77.80000305175781,77.6500015258789,77.76000213623047,0
2026-07-02 07:40:00,77.76000213623047,77.87000274658203,77.75,77.87000274658203,0
2026-07-02 07:45:00,77.88999938964844,78.08000183105469,77.83000183105469,78.0199966430664,2900480
2026-07-02 07:50:00,78.04000091552734,78.08999633789062,77.9000015258789,77.91000366210938,2167552
2026-07-02 07:55:00,77.91000366210938,77.91999816894531,77.81999969482422,77.87999725341797,366848
2026-07-02 08:00:00,77.93000030517578,77.9800033569336,77.8499984741211,77.97000122070312,0
2026-07-02 08:05:00,78.0199966430664,78.12999725341797,77.94999694824219,78.08000183105469,0
2026-07-02 08:10:00,78.08000183105469,78.08999633789062,77.91999816894531,78.02999877929688,0
2026-07-02 08:15:00,78.05999755859375,78.16999816894531,78.05999755859375,78.16000366210938,0
2026-07-02 08:20:00,78.16999816894531,78.18000030517578,78.0999984741211,78.13999938964844,0
2026-07-02 08:25:00,78.12999725341797,78.16999816894531,78.08999633789062,78.0999984741211,0
2026-07-02 08:30:00,78.0199966430664,78.27999877929688,78.0,78.27999877929688,2197248
2026-07-02 08:35:00,78.2699966430664,78.36000061035156,78.19999694824219,78.27999877929688,7332864
2026-07-02 08:40:00,78.2699966430664,78.30999755859375,78.22000122070312,78.30999755859375,0
2026-07-02 08:45:00,78.31999969482422,78.4000015258789,78.25,78.30000305175781,0
2026-07-02 08:50:00,78.31999969482422,78.33999633789062,78.27999877929688,78.33000183105469,1048320
2026-07-02 08:55:00,78.33999633789062,78.38999938964844,78.31999969482422,78.38999938964844,415744
2026-07-02 09:00:00,78.38999938964844,78.44999694824219,78.30000305175781,78.33999633789062,0
2026-07-02 09:05:00,78.33000183105469,78.36000061035156,78.20999908447266,78.36000061035156,0
2026-07-02 09:10:00,78.38999938964844,78.5199966430664,78.33000183105469,78.33000183105469,0
2026-07-02 09:15:00,78.36000061035156,78.36000061035156,78.26000213623047,78.30999755859375,9286656
2026-07-02 09:20:00,78.36000061035156,78.56999969482422,78.36000061035156,78.5,0
2026-07-02 09:25:00,78.5199966430664,78.7699966430664,78.47000122070312,78.70999908447266,8038144
2026-07-02 09:30:00,78.70999908447266,79.37999725341797,78.69000244140625,79.27999877929688,8124928
2026-07-02 09:35:00,79.22000122070312,79.56999969482422,79.19000244140625,79.55000305175781,52650240
2026-07-02 09:40:00,79.5199966430664,79.6500015258789,79.36000061035156,79.36000061035156,34613760
2026-07-02 09:45:00,79.3499984741211,79.38999938964844,79.16000366210938,79.37000274658203,16518144
2026-07-02 09:50:00,79.37000274658203,79.55000305175781,79.23999786376953,79.48999786376953,9645824
2026-07-02 09:55:00,79.5,79.58000183105469,79.37000274658203,79.37000274658203,7008000
2026-07-02 10:00:00,79.36000061035156,79.4800033569336,79.31999969482422,79.47000122070312,0
2026-07-02 10:05:00,79.44000244140625,79.72000122070312,79.41000366210938,79.47000122070312,6084352
2026-07-02 10:10:00,79.44999694824219,79.63999938964844,79.44999694824219,79.5999984741211,1694464
2026-07-02 10:15:00,79.5999984741211,79.68000030517578,79.37999725341797,79.68000030517578,982784
2026-07-02 10:20:00,79.66000366210938,80.11000061035156,79.6500015258789,80.05000305175781,11237888
2026-07-02 10:25:00,80.05000305175781,80.47000122070312,80.02999877929688,80.13999938964844,37123584
2026-07-02 10:30:00,80.18000030517578,80.4800033569336,80.0999984741211,80.47000122070312,32979968
2026-07-02 10:35:00,80.58000183105469,80.80999755859375,80.4800033569336,80.7300033569336,33720064
2026-07-02 10:40:00,80.69999694824219,81.2300033569336,80.63999938964844,80.97000122070312,33758976
2026-07-02 10:45:00,81.08000183105469,81.30999755859375,80.8499984741211,81.30999755859375,45658112
2026-07-02 10:50:00,81.36000061035156,81.83000183105469,81.19999694824219,81.63999938964844,128812288
2026-07-02 10:55:00,81.58999633789062,82.02999877929688,81.37000274658203,81.9000015258789,50503168
2026-07-02 11:00:00,81.98999786376953,81.98999786376953,81.43000030517578,81.48999786376953,31111168
2026-07-02 11:05:00,81.5199966430664,81.88999938964844,81.47000122070312,81.62999725341797,66654208
2026-07-02 11:10:00,81.62999725341797,82.54000091552734,81.5999984741211,82.19000244140625,12280832
2026-07-02 11:15:00,82.13999938964844,82.19000244140625,81.88999938964844,81.9800033569336,64547328
2026-07-02 11:20:00,81.95999908447266,82.55000305175781,81.87999725341797,82.5199966430664,31225088
2026-07-02 11:25:00,82.44999694824219,82.6500015258789,82.18000030517578,82.43000030517578,47511808
2026-07-02 11:30:00,82.41000366210938,82.58999633789062,82.12000274658203,82.1500015258789,28852736
2026-07-02 11:35:00,82.12000274658203,82.44000244140625,82.08000183105469,82.19999694824219,31671296
2026-07-02 11:40:00,82.22000122070312,82.44999694824219,82.1500015258789,82.33000183105469,8704000
2026-07-02 11:45:00,82.33999633789062,82.44999694824219,82.19999694824219,82.2300033569336,16539136
2026-07-02 11:50:00,82.22000122070312,82.37000274658203,82.18000030517578,82.20999908447266,16019968
2026-07-02 11:55:00,82.20999908447266,82.37000274658203,81.9000015258789,82.33000183105469,8164352
2026-07-02 12:00:00,82.27999877929688,82.27999877929688,82.05000305175781,82.1500015258789,16984064
2026-07-02 12:05:00,82.1500015258789,82.33999633789062,82.1500015258789,82.18000030517578,35901952
2026-07-02 12:10:00,82.26000213623047,82.30999755859375,82.08999633789062,82.18000030517578,7903744
2026-07-02 12:15:00,82.2300033569336,82.29000091552734,81.62000274658203,81.66999816894531,0
2026-07-02 12:20:00,81.68000030517578,81.77999877929688,81.61000061035156,81.69000244140625,20505600
2026-07-02 12:25:00,81.68000030517578,82.08999633789062,81.68000030517578,81.94999694824219,11572224
2026-07-02 12:30:00,82.0,82.05999755859375,81.20999908447266,81.37999725341797,37583360
2026-07-02 12:35:00,81.37999725341797,81.37999725341797,81.16000366210938,81.26000213623047,47775744
2026-07-02 12:40:00,81.22000122070312,81.36000061035156,81.04000091552734,81.12000274658203,29760512
2026-07-02 12:45:00,81.1500015258789,81.33000183105469,81.12000274658203,81.33000183105469,16898560
2026-07-02 12:50:00,81.33999633789062,81.4000015258789,81.19999694824219,81.38999938964844,12219392
2026-07-02 12:55:00,81.37000274658203,81.37999725341797,81.16999816894531,81.30999755859375,4848128
2026-07-02 13:00:00,81.36000061035156,81.38999938964844,81.16999816894531,81.19999694824219,0
2026-07-02 13:05:00,81.25,81.56999969482422,81.22000122070312,81.5,8456704
2026-07-02 13:10:00,81.47000122070312,81.56999969482422,81.3499984741211,81.36000061035156,9069056
2026-07-02 13:15:00,81.38999938964844,81.41999816894531,81.11000061035156,81.22000122070312,4232704
2026-07-02 13:20:00,81.26000213623047,81.4800033569336,81.16000366210938,81.43000030517578,4809728
2026-07-02 13:25:00,81.45999908447266,81.5,80.72000122070312,80.80000305175781,7558656
2026-07-02 13:30:00,80.87000274658203,81.55000305175781,80.70999908447266,81.55000305175781,14100992
2026-07-02 13:35:00,81.5,81.69000244140625,81.37000274658203,81.52999877929688,17184256
2026-07-02 13:40:00,81.5,81.69000244140625,81.5,81.66999816894531,13147648
2026-07-02 13:45:00,81.69999694824219,81.9000015258789,81.5199966430664,81.63999938964844,220672
2026-07-02 13:50:00,81.58000183105469,81.63999938964844,81.41000366210938,81.48999786376953,2707456
2026-07-02 13:55:00,81.51000213623047,81.51000213623047,81.2699966430664,81.41000366210938,0
2026-07-02 14:00:00,81.4000015258789,81.44000244140625,81.05999755859375,81.16000366210938,0
2026-07-02 14:05:00,81.16000366210938,81.22000122070312,81.04000091552734,81.08000183105469,0
2026-07-02 14:10:00,81.0999984741211,81.36000061035156,80.98999786376953,81.25,0
2026-07-02 14:15:00,81.22000122070312,81.36000061035156,80.9800033569336,81.0,0
2026-07-02 14:20:00,80.98999786376953,81.0,80.56999969482422,80.58000183105469,0
2026-07-02 14:25:00,80.56999969482422,80.62000274658203,80.37999725341797,80.5,0
2026-07-02 14:30:00,80.4800033569336,80.72000122070312,80.44000244140625,80.45999908447266,0
2026-07-02 14:35:00,80.47000122070312,80.80999755859375,80.33999633789062,80.58999633789062,0
2026-07-02 14:40:00,80.58999633789062,80.62000274658203,80.37000274658203,80.44000244140625,1408512
2026-07-02 14:45:00,80.51000213623047,80.75,80.4800033569336,80.69999694824219,0
2026-07-02 14:50:00,80.72000122070312,80.76000213623047,80.13999938964844,80.1500015258789,0
2026-07-02 14:55:00,80.1500015258789,80.44999694824219,80.04000091552734,80.44999694824219,25407488
2026-07-02 15:00:00,80.44000244140625,80.58000183105469,80.2699966430664,80.30999755859375,0
2026-07-02 15:05:00,80.3499984741211,80.3499984741211,80.01000213623047,80.13999938964844,0
2026-07-02 15:10:00,80.11000061035156,80.33000183105469,80.08000183105469,80.27999877929688,575488
2026-07-02 15:15:00,80.3499984741211,80.4000015258789,80.18000030517578,80.30000305175781,77824
2026-07-02 15:20:00,80.37000274658203,80.61000061035156,80.31999969482422,80.58999633789062,2012160
2026-07-02 15:25:00,80.58999633789062,80.69000244140625,80.5199966430664,80.5999984741211,0
2026-07-02 15:30:00,80.5999984741211,80.69000244140625,80.55999755859375,80.63999938964844,0
2026-07-02 15:35:00,80.68000030517578,80.7699966430664,80.47000122070312,80.58000183105469,20480
2026-07-02 15:40:00,80.58000183105469,80.75,80.58000183105469,80.68000030517578,0
2026-07-02 15:45:00,80.75,80.76000213623047,80.55999755859375,80.56999969482422,179200
2026-07-02 15:50:00,80.52999877929688,80.66999816894531,80.48999786376953,80.66999816894531,0
2026-07-02 15:55:00,80.6500015258789,80.83000183105469,80.62999725341797,80.7699966430664,1095680
2026-07-02 16:00:00,80.77999877929688,80.83999633789062,80.58000183105469,80.83000183105469,2826240
2026-07-02 16:05:00,80.80999755859375,80.98999786376953,80.77999877929688,80.83999633789062,421888
2026-07-02 16:10:00,80.8499984741211,81.0199966430664,80.83999633789062,80.94000244140625,1560576
2026-07-02 16:15:00,80.94000244140625,80.94000244140625,80.5999984741211,80.66000366210938,2405376
2026-07-02 16:20:00,80.69000244140625,80.69000244140625,80.55999755859375,80.69000244140625,0
2026-07-02 16:25:00,80.68000030517578,80.7300033569336,80.33000183105469,80.43000030517578,43008
2026-07-02 16:30:00,80.51000213623047,80.63999938964844,80.26000213623047,80.2699966430664,0
2026-07-02 16:35:00,80.2699966430664,80.31999969482422,80.0999984741211,80.19000244140625,521216
2026-07-02 16:40:00,80.20999908447266,80.30999755859375,80.12000274658203,80.18000030517578,376832
2026-07-02 16:45:00,80.18000030517578,80.5,80.1500015258789,80.5,3360256
2026-07-02 16:50:00,80.48999786376953,80.68000030517578,80.43000030517578,80.58999633789062,2841600
2026-07-02 16:54:50,80.62999725341797,80.62999725341797,80.62999725341797,80.62999725341797,0
