datetime,open,high,low,close,volume
2015-01-01 00:00:00,119.6729965209961,119.6729965209961,119.6729965209961,119.6729965209961,0.0
2015-01-02 00:00:00,119.88999938964844,120.73600006103516,119.83599853515625,119.87000274658203,0.0
2015-01-05 00:00:00,120.38899993896484,120.60800170898438,119.41100311279297,120.43399810791016,0.0
2015-01-06 00:00:00,119.41600036621094,119.49700164794922,118.68000030517578,119.42500305175781,0.0
2015-01-07 00:00:00,118.67400360107422,119.63899993896484,118.67400360107422,118.6729965209961,0.0
2015-01-08 00:00:00,119.31600189208984,119.94100189208984,119.19000244140625,119.28900146484375,0.0
2015-01-09 00:00:00,119.76399993896484,119.84300231933594,118.77899932861328,119.79199981689453,0.0
2015-01-12 00:00:00,118.2229995727539,119.29100036621094,118.10900115966797,118.21199798583984,0.0
2015-01-13 00:00:00,118.28500366210938,118.83799743652344,117.74099731445312,118.3280029296875,0.0
2015-01-14 00:00:00,117.77999877929688,117.91300201416016,116.09600067138672,117.79499816894531,0.0
2015-01-15 00:00:00,117.43900299072266,117.93399810791016,116.29900360107422,117.38999938964844,0.0
2015-01-16 00:00:00,116.11199951171875,117.7300033569336,115.86499786376953,116.12999725341797,0.0
2015-01-19 00:00:00,117.52799987792969,117.66400146484375,116.93499755859375,117.55999755859375,0.0
2015-01-20 00:00:00,117.73999786376953,118.75399780273438,117.70099639892578,117.71199798583984,0.0
2015-01-21 00:00:00,118.62799835205078,118.74700164794922,117.19400024414062,118.64900207519531,0.0
2015-01-22 00:00:00,117.83999633789062,118.33000183105469,117.2770004272461,117.86000061035156,0.0
2015-01-23 00:00:00,118.70999908447266,118.70999908447266,117.55000305175781,118.7509994506836,0.0
2015-01-26 00:00:00,117.37999725341797,118.47899627685547,117.37999725341797,117.36100006103516,0.0
2015-01-27 00:00:00,118.50800323486328,118.6510009765625,117.33999633789062,118.5199966430664,0.0
2015-01-28 00:00:00,117.81800079345703,118.24299621582031,117.56600189208984,117.7750015258789,0.0
2015-01-29 00:00:00,117.62799835205078,118.15499877929688,117.56800079345703,117.59200286865234,0.0
2015-01-30 00:00:00,118.24800109863281,118.27300262451172,117.40399932861328,118.24800109863281,0.0
2015-02-02 00:00:00,117.18499755859375,117.85900115966797,117.16799926757812,117.18399810791016,0.0
2015-02-03 00:00:00,117.60199737548828,117.72000122070312,116.89600372314453,117.57499694824219,0.0
2015-02-04 00:00:00,117.6760025024414,117.98300170898438,117.26000213623047,117.64600372314453,0.0
2015-02-05 00:00:00,117.31400299072266,117.54199981689453,117.03299713134766,117.28800201416016,0.0
2015-02-06 00:00:00,117.5199966430664,119.13200378417969,117.18000030517578,117.53500366210938,0.0
2015-02-09 00:00:00,118.95700073242188,119.03299713134766,118.44599914550781,118.97000122070312,0.0
2015-02-10 00:00:00,118.61399841308594,119.58799743652344,118.39800262451172,118.56300354003906,0.0
2015-02-11 00:00:00,119.3479995727539,120.4020004272461,119.28600311279297,119.35800170898438,0.0
2015-02-12 00:00:00,120.19300079345703,120.36900329589844,118.8949966430664,120.16999816894531,0.0
2015-02-13 00:00:00,118.88099670410156,119.18399810791016,118.43800354003906,118.91600036621094,0.0
2015-02-16 00:00:00,118.625,118.76399993896484,118.38300323486328,118.56999969482422,0.0
2015-02-17 00:00:00,118.50599670410156,119.10299682617188,118.24400329589844,118.49199676513672,0.0
2015-02-18 00:00:00,119.18299865722656,119.39299774169922,118.91500091552734,119.20800018310547,0.0
2015-02-19 00:00:00,118.7239990234375,119.15499877929688,118.48200225830078,118.68900299072266,0.0
2015-02-20 00:00:00,119.00299835205078,119.07499694824219,118.30699920654297,118.98799896240234,0.0
2015-02-23 00:00:00,119.0739974975586,119.33999633789062,118.81700134277344,119.07599639892578,0.0
2015-02-24 00:00:00,118.9000015258789,119.83300018310547,118.87000274658203,118.90299987792969,0.0
2015-02-25 00:00:00,118.84500122070312,119.04000091552734,118.62000274658203,118.89199829101562,0.0
2015-02-26 00:00:00,118.8280029296875,119.38200378417969,118.6760025024414,118.8219985961914,0.0
2015-02-27 00:00:00,119.40399932861328,119.54100036621094,119.12699890136719,119.37699890136719,0.0
2015-03-02 00:00:00,119.84500122070312,120.13300323486328,119.6709976196289,119.82599639892578,0.0
2015-03-03 00:00:00,120.197998046875,120.197998046875,119.41600036621094,120.2040023803711,0.0
2015-03-04 00:00:00,119.6050033569336,119.80999755859375,119.47799682617188,119.63700103759766,0.0
2015-03-05 00:00:00,119.63800048828125,120.37699890136719,119.62000274658203,119.6510009765625,0.0
2015-03-06 00:00:00,120.06600189208984,121.26699829101562,119.89800262451172,120.04499816894531,0.0
2015-03-09 00:00:00,120.70999908447266,121.2490005493164,120.60600280761719,120.73899841308594,0.0
2015-03-10 00:00:00,121.427001953125,121.99600219726562,120.95999908447266,121.40799713134766,0.0
2015-03-11 00:00:00,121.05999755859375,121.61000061035156,121.0260009765625,121.03800201416016,0.0
2015-03-12 00:00:00,121.44499969482422,121.65299987792969,120.7229995727539,121.41100311279297,0.0
2015-03-13 00:00:00,121.302001953125,121.55500030517578,121.16699981689453,121.31800079345703,0.0
2015-03-16 00:00:00,121.33000183105469,121.41000366210938,121.08000183105469,121.34300231933594,0.0
2015-03-17 00:00:00,121.37300109863281,121.50700378417969,121.1449966430664,121.36699676513672,0.0
2015-03-18 00:00:00,121.28900146484375,121.39800262451172,120.77999877929688,121.27999877929688,0.0
2015-03-19 00:00:00,120.0790023803711,120.97200012207031,119.697998046875,120.06400299072266,0.0
2015-03-20 00:00:00,120.73999786376953,121.17900085449219,120.25800323486328,120.76200103759766,0.0
2015-03-23 00:00:00,120.01300048828125,120.14900207519531,119.5989990234375,120.0270004272461,0.0
2015-03-24 00:00:00,119.74099731445312,119.98100280761719,119.25,119.75,0.0
2015-03-25 00:00:00,119.7699966430664,119.81199645996094,119.24800109863281,119.79100036621094,0.0
2015-03-26 00:00:00,119.50599670410156,119.50800323486328,118.33000183105469,119.51799774169922,0.0
2015-03-27 00:00:00,119.21399688720703,119.48200225830078,118.93800354003906,119.18299865722656,0.0
2015-03-29 23:00:00,119.23999786376953,120.13200378417969,119.12200164794922,119.25,0.0
2015-03-30 23:00:00,120.02899932861328,120.33000183105469,119.7969970703125,120.01300048828125,0.0
2015-03-31 23:00:00,119.9520034790039,120.30000305175781,119.41699981689453,120.02200317382812,0.0
2015-04-01 23:00:00,119.57599639892578,119.85800170898438,119.447998046875,119.5739974975586,0.0
2015-04-02 23:00:00,119.69599914550781,119.75299835205078,118.7229995727539,119.6969985961914,0.0
2015-04-05 23:00:00,118.85399627685547,119.16300201416016,118.83200073242188,118.822998046875,0.0
2015-04-06 23:00:00,119.48799896240234,120.44300079345703,119.4489974975586,119.47699737548828,0.0
2015-04-07 23:00:00,120.27999877929688,120.30599975585938,119.66000366210938,120.29000091552734,0.0
2015-04-08 23:00:00,120.08999633789062,120.39600372314453,119.8550033569336,120.09400177001953,0.0
2015-04-09 23:00:00,120.55000305175781,120.61599731445312,120.06600189208984,120.55000305175781,0.0
2015-04-12 23:00:00,120.19100189208984,120.83300018310547,119.83200073242188,120.20899963378906,0.0
2015-04-13 23:00:00,120.05799865722656,120.06099700927734,119.06800079345703,120.05899810791016,0.0
2015-04-14 23:00:00,119.45999908447266,119.73200225830078,119.1449966430664,119.45700073242188,0.0
2015-04-15 23:00:00,119.14099884033203,119.45899963378906,118.79000091552734,119.14299774169922,0.0
2015-04-16 23:00:00,119.05400085449219,119.23500061035156,118.55999755859375,119.04399871826172,0.0
2015-04-19 23:00:00,118.83399963378906,119.35099792480469,118.5469970703125,118.81800079345703,0.0
2015-04-20 23:00:00,119.22699737548828,119.8239974975586,119.22699737548828,119.19499969482422,0.0
2015-04-21 23:00:00,119.64099884033203,119.93800354003906,119.3499984741211,119.63300323486328,0.0
2015-04-22 23:00:00,119.96399688720703,120.0780029296875,119.60099792480469,119.94999694824219,0.0
2015-04-23 23:00:00,119.58000183105469,119.62000274658203,118.89199829101562,119.57099914550781,0.0
2015-04-26 23:00:00,118.91500091552734,119.43099975585938,118.7750015258789,118.927001953125,0.0
2015-04-27 23:00:00,119.13200378417969,119.18299865722656,118.77999877929688,119.1259994506836,0.0
2015-04-28 23:00:00,118.83000183105469,119.3550033569336,118.7699966430664,118.822998046875,0.0
2015-04-29 23:00:00,118.97599792480469,119.875,118.50700378417969,118.97000122070312,0.0
2015-04-30 23:00:00,119.49199676513672,120.26899719238281,119.49199676513672,119.4520034790039,0.0
2015-05-03 23:00:00,120.13200378417969,120.27100372314453,119.99800109863281,120.13600158691406,0.0
2015-05-04 23:00:00,120.10700225830078,120.49600219726562,119.73600006103516,120.0999984741211,0.0
2015-05-05 23:00:00,119.93000030517578,120.03900146484375,119.23799896240234,119.9219970703125,0.0
2015-05-06 23:00:00,119.38800048828125,119.78299713134766,119.05899810791016,119.39700317382812,0.0
2015-05-07 23:00:00,119.71600341796875,120.21900177001953,119.6259994506836,119.70899963378906,0.0
2015-05-10 23:00:00,119.8270034790039,120.0770034790039,119.71199798583984,119.77999877929688,0.0
2015-05-11 23:00:00,120.11799621582031,120.2699966430664,119.79499816894531,120.13099670410156,0.0
2015-05-12 23:00:00,119.875,119.9520034790039,119.0199966430664,119.83499908447266,0.0
2015-05-13 23:00:00,119.19599914550781,119.32599639892578,118.88999938964844,119.16000366210938,0.0
2015-05-14 23:00:00,119.20600128173828,119.9209976196289,119.16999816894531,119.19100189208984,0.0
2015-05-17 23:00:00,119.35299682617188,119.88300323486328,119.34400177001953,119.33000183105469,0.0
2015-05-18 23:00:00,119.9229965209961,120.71099853515625,119.8499984741211,119.9000015258789,0.0
2015-05-19 23:00:00,120.66200256347656,121.3759994506836,120.66200256347656,120.6520004272461,0.0
2015-05-20 23:00:00,121.197998046875,121.24500274658203,120.85099792480469,121.21199798583984,0.0
2015-05-21 23:00:00,121.0459976196289,121.55799865722656,120.64399719238281,121.03900146484375,0.0
2015-05-24 23:00:00,121.55999755859375,121.76300048828125,121.44000244140625,121.57099914550781,0.0
2015-05-25 23:00:00,121.64399719238281,123.31099700927734,121.64399719238281,121.5999984741211,0.0
2015-05-26 23:00:00,122.98999786376953,123.84500122070312,122.79199981689453,122.98600006103516,0.0
2015-05-27 23:00:00,123.70800018310547,124.44499969482422,123.50499725341797,123.73999786376953,0.0
2015-05-28 23:00:00,123.8030014038086,124.16200256347656,123.60800170898438,123.81999969482422,0.0
2015-05-31 23:00:00,124.24500274658203,124.66400146484375,123.88800048828125,124.19300079345703,0.0
2015-06-01 23:00:00,124.86399841308594,125.00900268554688,123.7750015258789,124.84700012207031,0.0
2015-06-02 23:00:00,124.05999755859375,124.66600036621094,123.79000091552734,124.03600311279297,0.0
2015-06-03 23:00:00,124.31900024414062,124.66200256347656,123.802001953125,124.30400085449219,0.0
2015-06-04 23:00:00,124.35900115966797,125.8219985961914,124.35900115966797,124.37999725341797,0.0
2015-06-07 23:00:00,125.60199737548828,125.60199737548828,124.97000122070312,125.62899780273438,0.0
2015-06-08 23:00:00,124.5979995727539,124.7229995727539,123.9000015258789,124.56300354003906,0.0
2015-06-09 23:00:00,124.38300323486328,124.61799621582031,122.52200317382812,124.33899688720703,0.0
2015-06-10 23:00:00,122.91999816894531,124.06999969482422,122.87100219726562,122.86599731445312,0.0
2015-06-11 23:00:00,123.5979995727539,123.81099700927734,123.1719970703125,123.58100128173828,0.0
2015-06-14 23:00:00,123.34500122070312,123.64700317382812,123.302001953125,123.29000091552734,0.0
2015-06-15 23:00:00,123.43599700927734,123.73100280761719,123.30799865722656,123.41999816894531,0.0
2015-06-16 23:00:00,123.44400024414062,124.29000091552734,123.3499984741211,123.43900299072266,0.0
2015-06-17 23:00:00,123.55500030517578,123.56300354003906,122.5199966430664,123.52999877929688,0.0
2015-06-18 23:00:00,123.03099822998047,123.20800018310547,122.56900024414062,123.00199890136719,0.0
2015-06-21 23:00:00,122.79000091552734,123.35299682617188,122.56999969482422,122.7509994506836,0.0
2015-06-22 23:00:00,123.41400146484375,124.16699981689453,123.36799621582031,123.37899780273438,0.0
2015-06-23 23:00:00,123.87200164794922,124.35700225830078,123.69999694824219,123.86000061035156,0.0
2015-06-24 23:00:00,123.86000061035156,123.9489974975586,123.33799743652344,123.85099792480469,0.0
2015-06-25 23:00:00,123.60099792480469,123.97599792480469,123.22799682617188,123.5979995727539,0.0
2015-06-28 23:00:00,122.46600341796875,123.17900085449219,122.3479995727539,122.61199951171875,0.0
2015-06-29 23:00:00,122.71099853515625,122.71099853515625,122.00399780273438,122.66999816894531,0.0
2015-06-30 23:00:00,122.40799713134766,123.21399688720703,122.37999725341797,122.38600158691406,0.0
2015-07-01 23:00:00,123.31800079345703,123.66200256347656,122.9540023803711,123.31999969482422,0.0
2015-07-02 23:00:00,123.05400085449219,123.16999816894531,122.60099792480469,123.05899810791016,0.0
2015-07-05 23:00:00,122.39399719238281,122.88999938964844,122.18699645996094,122.40699768066406,0.0
2015-07-06 23:00:00,122.6520004272461,122.86900329589844,122.05000305175781,122.61100006103516,0.0
2015-07-07 23:00:00,122.53399658203125,122.53399658203125,120.51499938964844,122.48999786376953,0.0
2015-07-08 23:00:00,120.9010009765625,121.55999755859375,120.58000183105469,120.86199951171875,0.0
2015-07-09 23:00:00,121.6969985961914,122.74400329589844,121.53199768066406,121.69999694824219,0.0
2015-07-12 23:00:00,122.5,123.51000213623047,122.4280014038086,122.49600219726562,0.0
2015-07-13 23:00:00,123.58100128173828,123.7020034790039,122.94999694824219,123.56999969482422,0.0
2015-07-14 23:00:00,123.33000183105469,123.96199798583984,123.26499938964844,123.31999969482422,0.0
2015-07-15 23:00:00,123.89199829101562,124.1719970703125,123.73999786376953,123.87000274658203,0.0
2015-07-16 23:00:00,124.16300201416016,124.22899627685547,123.91799926757812,124.14900207519531,0.0
2015-07-19 23:00:00,124.13600158691406,124.39299774169922,124.08000183105469,124.14199829101562,0.0
2015-07-20 23:00:00,124.28700256347656,124.4729995727539,123.77400207519531,124.29399871826172,0.0
2015-07-21 23:00:00,123.86599731445312,124.12200164794922,123.56999969482422,123.86000061035156,0.0
2015-07-22 23:00:00,124.06199645996094,124.1780014038086,123.6969985961914,124.06800079345703,0.0
2015-07-23 23:00:00,123.87699890136719,124.08999633789062,123.5999984741211,123.8759994506836,0.0
2015-07-26 23:00:00,123.76000213623047,123.77300262451172,123.0,123.76300048828125,0.0
2015-07-27 23:00:00,123.2699966430664,123.79000091552734,123.07499694824219,123.23999786376953,0.0
2015-07-28 23:00:00,123.56700134277344,123.89900207519531,123.3290023803711,123.57599639892578,0.0
2015-07-29 23:00:00,123.95899963378906,124.56400299072266,123.95899963378906,123.94000244140625,0.0
2015-07-30 23:00:00,124.072998046875,124.37000274658203,123.51399993896484,124.07099914550781,0.0
2015-08-02 23:00:00,124.04199981689453,124.26799774169922,123.91400146484375,124.04000091552734,0.0
2015-08-03 23:00:00,123.94300079345703,124.10199737548828,123.81400299072266,123.94499969482422,0.0
2015-08-04 23:00:00,124.30799865722656,124.9990005493164,124.02899932861328,124.27400207519531,0.0
2015-08-05 23:00:00,124.78399658203125,124.94100189208984,124.57099914550781,124.7300033569336,0.0
2015-08-06 23:00:00,124.75499725341797,125.03099822998047,124.125,124.73400115966797,0.0
2015-08-09 23:00:00,124.3499984741211,124.7770004272461,124.27999877929688,124.30000305175781,0.0
2015-08-10 23:00:00,124.61599731445312,125.052001953125,124.58000183105469,124.61299896240234,0.0
2015-08-11 23:00:00,125.08000183105469,125.27200317382812,123.81900024414062,125.06999969482422,0.0
2015-08-12 23:00:00,124.29900360107422,124.61699676513672,124.0999984741211,124.25499725341797,0.0
2015-08-13 23:00:00,124.38400268554688,124.51799774169922,124.0479965209961,124.36299896240234,0.0
2015-08-16 23:00:00,124.37799835205078,124.56600189208984,124.2300033569336,124.3499984741211,0.0
2015-08-17 23:00:00,124.43399810791016,124.5,124.19000244140625,124.43800354003906,0.0
2015-08-18 23:00:00,124.39299774169922,124.46399688720703,124.06999969482422,124.37100219726562,0.0
2015-08-19 23:00:00,123.9219970703125,124.1240005493164,123.49700164794922,123.89700317382812,0.0
2015-08-20 23:00:00,123.45999908447266,123.48699951171875,122.0199966430664,123.41999816894531,0.0
2015-08-23 23:00:00,121.74400329589844,121.91699981689453,116.50499725341797,121.73200225830078,0.0
2015-08-24 23:00:00,118.83200073242188,120.31099700927734,118.69999694824219,118.88400268554688,0.0
2015-08-25 23:00:00,118.65799713134766,119.88899993896484,118.65799713134766,118.54000091552734,0.0
2015-08-26 23:00:00,119.98600006103516,120.8759994506836,119.80999755859375,120.05799865722656,0.0
2015-08-27 23:00:00,120.98200225830078,121.43299865722656,120.65399932861328,121.00299835205078,0.0
2015-08-30 23:00:00,121.29000091552734,121.4000015258789,120.88200378417969,121.28900146484375,0.0
2015-08-31 23:00:00,121.11299896240234,121.11299896240234,119.53500366210938,121.08899688720703,0.0
2015-09-01 23:00:00,119.7229995727539,120.41500091552734,119.71499633789062,119.71499633789062,0.0
2015-09-02 23:00:00,120.62300109863281,120.67900085449219,119.70899963378906,120.58000183105469,0.0
2015-09-03 23:00:00,120.11000061035156,120.11000061035156,118.79299926757812,120.05599975585938,0.0
2015-09-06 23:00:00,119.14900207519531,119.55999755859375,118.8010025024414,119.16400146484375,0.0
2015-09-07 23:00:00,119.4229965209961,120.19000244140625,118.87000274658203,119.40299987792969,0.0
2015-09-08 23:00:00,120.0780029296875,121.18599700927734,120.0780029296875,120.08899688720703,0.0
2015-09-09 23:00:00,120.23400115966797,121.29499816894531,119.9800033569336,120.27799987792969,0.0
2015-09-10 23:00:00,120.66000366210938,120.9469985961914,120.39199829101562,120.61900329589844,0.0
2015-09-13 23:00:00,120.79000091552734,120.79000091552734,119.88099670410156,120.7959976196289,0.0
2015-09-14 23:00:00,120.31999969482422,120.62999725341797,119.40699768066406,120.36000061035156,0.0
2015-09-15 23:00:00,120.4000015258789,120.68199920654297,120.10900115966797,120.43399810791016,0.0
2015-09-16 23:00:00,120.53700256347656,120.9749984741211,120.36000061035156,120.52300262451172,0.0
2015-09-17 23:00:00,120.072998046875,120.2249984741211,119.05699920654297,120.0459976196289,0.0
2015-09-20 23:00:00,120.0,120.64199829101562,119.7249984741211,120.0009994506836,0.0
2015-09-21 23:00:00,120.49299621582031,120.5260009765625,119.69999694824219,120.49800109863281,0.0
2015-09-22 23:00:00,120.09100341796875,120.53399658203125,119.63899993896484,120.08000183105469,0.0
2015-09-23 23:00:00,120.22000122070312,120.38400268554688,119.22100067138672,120.19999694824219,0.0
2015-09-24 23:00:00,120.26399993896484,121.2300033569336,120.01000213623047,120.23999786376953,0.0
2015-09-27 23:00:00,120.3499984741211,120.45600128173828,119.69999694824219,120.36799621582031,0.0
2015-09-28 23:00:00,119.79299926757812,120.13999938964844,119.26000213623047,119.83999633789062,0.0
2015-09-29 23:00:00,119.85800170898438,120.33499908447266,119.56099700927734,119.86000061035156,0.0
2015-09-30 23:00:00,119.86900329589844,120.27300262451172,119.5,119.85900115966797,0.0
2015-10-01 23:00:00,119.82099914550781,120.39900207519531,118.69999694824219,119.80999755859375,0.0
2015-10-04 23:00:00,120.0,120.3550033569336,119.86799621582031,119.99500274658203,0.0
2015-10-05 23:00:00,120.44999694824219,120.56199645996094,120.12999725341797,120.46099853515625,0.0
2015-10-06 23:00:00,120.22000122070312,120.3499984741211,119.75299835205078,120.23999786376953,0.0
2015-10-07 23:00:00,119.93000030517578,120.0979995727539,119.64199829101562,119.91500091552734,0.0
2015-10-08 23:00:00,119.92400360107422,120.33200073242188,119.83999633789062,119.92900085449219,0.0
2015-10-11 23:00:00,120.15899658203125,120.21099853515625,119.90399932861328,120.17900085449219,0.0
2015-10-12 23:00:00,120.02799987792969,120.02999877929688,119.5479965209961,120.01100158691406,0.0
2015-10-13 23:00:00,119.74199676513672,119.74199676513672,119.06999969482422,119.72000122070312,0.0
2015-10-14 23:00:00,118.81999969482422,119.15399932861328,118.08100128173828,118.83000183105469,0.0
2015-10-15 23:00:00,119.08200073242188,119.62899780273438,118.91999816894531,119.05000305175781,0.0
2015-10-18 23:00:00,119.23999786376953,119.55999755859375,119.12999725341797,119.2699966430664,0.0
2015-10-19 23:00:00,119.48100280761719,119.94599914550781,119.41000366210938,119.50299835205078,0.0
2015-10-20 23:00:00,119.79499816894531,120.08200073242188,119.79499816894531,119.77999877929688,0.0
2015-10-21 23:00:00,119.86100006103516,120.4800033569336,119.62000274658203,119.84200286865234,0.0
2015-10-22 23:00:00,120.88999938964844,121.24700164794922,120.25199890136719,120.86000061035156,0.0
2015-10-26 00:00:00,121.31400299072266,121.31400299072266,120.66200256347656,121.2959976196289,0.0
2015-10-27 00:00:00,120.95700073242188,120.95700073242188,120.17500305175781,120.9489974975586,0.0
2015-10-28 00:00:00,120.47200012207031,120.54299926757812,120.27799987792969,120.47699737548828,0.0
2015-10-29 00:00:00,120.87899780273438,121.15399932861328,120.62999725341797,120.86000061035156,0.0
2015-10-30 00:00:00,121.03600311279297,121.43299865722656,120.30599975585938,121.0,0.0
2015-11-02 00:00:00,120.51000213623047,120.68800354003906,120.26000213623047,120.49500274658203,0.0
2015-11-03 00:00:00,120.80400085449219,121.22000122070312,120.58000183105469,120.78800201416016,0.0
2015-11-04 00:00:00,121.08000183105469,121.68900299072266,121.01899719238281,121.09500122070312,0.0
2015-11-05 00:00:00,121.5270004272461,121.98699951171875,121.39099884033203,121.48999786376953,0.0
2015-11-06 00:00:00,121.69499969482422,123.17500305175781,121.62000274658203,121.66999816894531,0.0
2015-11-09 00:00:00,123.19400024414062,123.59200286865234,123.13400268554688,123.19999694824219,0.0
2015-11-10 00:00:00,123.04900360107422,123.427001953125,123.04299926757812,123.0770034790039,0.0
2015-11-11 00:00:00,123.08899688720703,123.19999694824219,122.75,123.08399963378906,0.0
2015-11-12 00:00:00,122.74500274658203,123.06400299072266,122.66699981689453,122.75700378417969,0.0
2015-11-13 00:00:00,122.56999969482422,122.83300018310547,122.48200225830078,122.55999755859375,0.0
2015-11-16 00:00:00,122.3010025024414,123.16500091552734,122.3010025024414,122.36399841308594,0.0
2015-11-17 00:00:00,123.26000213623047,123.47599792480469,123.18000030517578,123.26599884033203,0.0
2015-11-18 00:00:00,123.44000244140625,123.55899810791016,123.22000122070312,123.44499969482422,0.0
2015-11-19 00:00:00,123.51399993896484,123.54900360107422,122.79900360107422,123.5250015258789,0.0
2015-11-20 00:00:00,122.9000015258789,123.03800201416016,122.73500061035156,122.91200256347656,0.0
2015-11-23 00:00:00,122.91999816894531,123.2490005493164,122.80000305175781,122.9229965209961,0.0
2015-11-24 00:00:00,122.94499969482422,122.94499969482422,122.37799835205078,122.91500091552734,0.0
2015-11-25 00:00:00,122.51499938964844,122.89800262451172,122.25,122.50499725341797,0.0
2015-11-26 00:00:00,122.67500305175781,122.68900299072266,122.5,122.68000030517578,0.0
2015-11-27 00:00:00,122.62999725341797,122.77200317382812,122.31500244140625,122.63400268554688,0.0
2015-11-30 00:00:00,122.81999969482422,123.25199890136719,122.68000030517578,122.83000183105469,0.0
2015-12-01 00:00:00,123.19999694824219,123.27200317382812,122.66000366210938,123.20999908447266,0.0
2015-12-02 00:00:00,122.91000366210938,123.44100189208984,122.83399963378906,122.91500091552734,0.0
2015-12-03 00:00:00,123.22000122070312,123.5510025024414,122.88500213623047,123.22599792480469,0.0
2015-12-04 00:00:00,122.63999938964844,123.3489990234375,122.45999908447266,122.65299987792969,0.0
2015-12-07 00:00:00,123.19400024414062,123.47000122070312,123.1500015258789,123.19000244140625,0.0
2015-12-08 00:00:00,123.30000305175781,123.31800079345703,122.72200012207031,123.27999877929688,0.0
2015-12-09 00:00:00,122.93000030517578,123.03700256347656,121.84400177001953,122.91200256347656,0.0
2015-12-10 00:00:00,121.69100189208984,121.85199737548828,121.25900268554688,121.69999694824219,0.0
2015-12-11 00:00:00,121.7030029296875,122.20999908447266,120.85099792480469,121.70999908447266,0.0
2015-12-14 00:00:00,120.88400268554688,121.33699798583984,120.64800262451172,120.89299774169922,0.0
2015-12-15 00:00:00,121.12000274658203,121.7239990234375,120.59600067138672,121.08999633789062,0.0
2015-12-16 00:00:00,121.6709976196289,122.08499908447266,121.58999633789062,121.67500305175781,0.0
2015-12-17 00:00:00,122.48100280761719,122.76000213623047,122.22799682617188,122.46299743652344,0.0
2015-12-18 00:00:00,122.45500183105469,123.33899688720703,121.08999633789062,122.44999694824219,0.0
2015-12-21 00:00:00,121.29299926757812,121.49600219726562,121.05999755859375,121.30000305175781,0.0
2015-12-22 00:00:00,121.20700073242188,121.30000305175781,120.72899627685547,121.20600128173828,0.0
2015-12-23 00:00:00,121.0270004272461,121.04499816894531,120.81999969482422,121.02999877929688,0.0
2015-12-24 00:00:00,120.94000244140625,120.9489974975586,120.25,120.93499755859375,0.0
2015-12-25 00:00:00,120.32499694824219,120.32599639892578,120.03900146484375,120.16999816894531,0.0
2015-12-28 00:00:00,120.24600219726562,120.625,120.23999786376953,120.23100280761719,0.0
2015-12-29 00:00:00,120.33499908447266,120.48999786376953,120.22000122070312,120.3499984741211,0.0
2015-12-30 00:00:00,120.52899932861328,120.62999725341797,120.3499984741211,120.52899932861328,0.0
2015-12-31 00:00:00,120.44999694824219,120.48999786376953,120.00399780273438,120.44999694824219,0.0
2016-01-01 00:00:00,120.28800201416016,120.28800201416016,120.28800201416016,120.28800201416016,0.0
2016-01-04 00:00:00,120.31700134277344,120.447998046875,118.72000122070312,120.31099700927734,0.0
2016-01-05 00:00:00,119.4739990234375,119.68000030517578,118.8010025024414,119.46700286865234,0.0
2016-01-06 00:00:00,119.0999984741211,119.1500015258789,118.26000213623047,119.10199737548828,0.0
2016-01-07 00:00:00,118.60900115966797,118.75299835205078,117.36399841308594,118.61000061035156,0.0
2016-01-08 00:00:00,117.52999877929688,118.70999908447266,117.51200103759766,117.54000091552734,0.0
2016-01-11 00:00:00,117.072998046875,117.99199676513672,117.00900268554688,117.08000183105469,0.0
2016-01-12 00:00:00,117.68099975585938,118.04399871826172,117.23999786376953,117.6500015258789,0.0
2016-01-13 00:00:00,117.83100128173828,118.36299896240234,117.77999877929688,117.83000183105469,0.0
2016-01-14 00:00:00,117.4000015258789,118.16100311279297,117.30999755859375,117.42500305175781,0.0
2016-01-15 00:00:00,118.2229995727539,118.25599670410156,116.6500015258789,118.2030029296875,0.0
2016-01-18 00:00:00,117.01000213623047,117.43399810791016,116.93099975585938,116.98999786376953,0.0
2016-01-19 00:00:00,117.39700317382812,118.0999984741211,117.26699829101562,117.38400268554688,0.0
2016-01-20 00:00:00,117.55999755859375,117.55999755859375,116.01699829101562,117.56500244140625,0.0
2016-01-21 00:00:00,117.20800018310547,117.45800018310547,116.47799682617188,117.13400268554688,0.0
2016-01-22 00:00:00,117.92500305175781,118.63700103759766,117.55999755859375,117.92400360107422,0.0
2016-01-25 00:00:00,118.55999755859375,118.84400177001953,118.18199920654297,118.5719985961914,0.0
2016-01-26 00:00:00,118.23500061035156,118.59500122070312,117.66600036621094,118.22799682617188,0.0
2016-01-27 00:00:00,118.38400268554688,118.73899841308594,118.0530014038086,118.37999725341797,0.0
2016-01-28 00:00:00,118.48200225830078,118.98699951171875,118.41000366210938,118.46700286865234,0.0
2016-01-29 00:00:00,118.93000030517578,121.66100311279297,118.5199966430664,118.93000030517578,0.0
2016-02-01 00:00:00,121.34200286865234,121.4020004272461,120.6989974975586,121.33999633789062,0.0
2016-02-02 00:00:00,120.85399627685547,121.0,120.19999694824219,120.83999633789062,0.0
2016-02-03 00:00:00,119.8499984741211,120.03800201416016,117.5790023803711,119.85600280761719,0.0
2016-02-04 00:00:00,118.16400146484375,118.16999816894531,116.81900024414062,118.12000274658203,0.0
2016-02-05 00:00:00,116.85199737548828,117.35900115966797,116.5199966430664,116.86599731445312,0.0
2016-02-08 00:00:00,116.9489974975586,117.5199966430664,115.58300018310547,116.94999694824219,0.0
2016-02-09 00:00:00,115.6500015258789,115.6500015258789,114.27100372314453,115.66799926757812,0.0
2016-02-10 00:00:00,115.18499755859375,115.18499755859375,114.27999877929688,115.19100189208984,0.0
2016-02-11 00:00:00,113.23899841308594,113.46299743652344,111.08100128173828,113.25199890136719,0.0
2016-02-12 00:00:00,112.48300170898438,113.12300109863281,111.75599670410156,112.49700164794922,0.0
2016-02-15 00:00:00,113.67500305175781,114.5469970703125,113.27799987792969,113.66999816894531,0.0
2016-02-16 00:00:00,114.31800079345703,114.86799621582031,113.66000366210938,114.3219985961914,0.0
2016-02-17 00:00:00,114.13400268554688,114.49500274658203,113.38899993896484,114.08000183105469,0.0
2016-02-18 00:00:00,114.29100036621094,114.29100036621094,113.62000274658203,114.27999877929688,0.0
2016-02-19 00:00:00,113.27100372314453,113.27200317382812,112.73100280761719,113.25,0.0
2016-02-22 00:00:00,112.5260009765625,113.36499786376953,112.5260009765625,112.48899841308594,0.0
2016-02-23 00:00:00,112.9530029296875,112.97100067138672,111.78900146484375,112.97100067138672,0.0
2016-02-24 00:00:00,111.91100311279297,112.22000122070312,111.11199951171875,111.87999725341797,0.0
2016-02-25 00:00:00,112.06500244140625,112.9209976196289,111.98600006103516,112.10099792480469,0.0
2016-02-26 00:00:00,113.13800048828125,113.93000030517578,112.55999755859375,113.11799621582031,0.0
2016-02-29 00:00:00,113.71900177001953,113.84200286865234,112.69599914550781,113.66000366210938,0.0
2016-03-01 00:00:00,112.4209976196289,113.80000305175781,112.1729965209961,112.43000030517578,0.0
2016-03-02 00:00:00,113.91999816894531,114.54100036621094,113.73600006103516,113.93000030517578,0.0
2016-03-03 00:00:00,113.49099731445312,114.26000213623047,113.45999908447266,113.46600341796875,0.0
2016-03-04 00:00:00,113.68000030517578,114.16000366210938,113.1449966430664,113.66999816894531,0.0
2016-03-07 00:00:00,113.81999969482422,113.81999969482422,113.40599822998047,113.8030014038086,0.0
2016-03-08 00:00:00,113.48200225830078,113.48200225830078,112.46499633789062,113.4520034790039,0.0
2016-03-09 00:00:00,112.68000030517578,113.14299774169922,112.23999786376953,112.66000366210938,0.0
2016-03-10 00:00:00,113.22000122070312,114.43199920654297,113.16000366210938,113.25299835205078,0.0
2016-03-11 00:00:00,112.83899688720703,113.91100311279297,112.83000183105469,112.86000061035156,0.0
2016-03-14 00:00:00,113.76300048828125,113.99500274658203,113.51399993896484,113.77799987792969,0.0
2016-03-15 00:00:00,113.8270034790039,113.927001953125,112.66999816894531,113.83000183105469,0.0
2016-03-16 00:00:00,113.10099792480469,113.80899810791016,113.02100372314453,113.1050033569336,0.0
2016-03-17 00:00:00,112.79399871826172,112.93399810791016,110.69000244140625,112.75199890136719,0.0
2016-03-18 00:00:00,111.38400268554688,111.60399627685547,110.8239974975586,111.3499984741211,0.0
2016-03-21 00:00:00,111.44000244140625,111.8499984741211,111.2300033569336,111.44499969482422,0.0
2016-03-22 00:00:00,112.14399719238281,112.18599700927734,111.41200256347656,112.13899993896484,0.0
2016-03-23 00:00:00,112.26100158691406,112.88700103759766,112.14700317382812,112.25199890136719,0.0
2016-03-24 00:00:00,112.42400360107422,112.98400115966797,112.30000305175781,112.4000015258789,0.0
2016-03-25 00:00:00,112.83000183105469,113.29199981689453,112.80999755859375,112.83000183105469,0.0
2016-03-27 23:00:00,113.47100067138672,113.68000030517578,113.15499877929688,113.44999694824219,0.0
2016-03-28 23:00:00,113.36499786376953,113.78399658203125,113.23400115966797,113.36399841308594,0.0
2016-03-29 23:00:00,112.64700317382812,112.69499969482422,112.03199768066406,112.68000030517578,0.0
2016-03-30 23:00:00,112.34500122070312,112.63899993896484,112.11000061035156,112.36599731445312,0.0
2016-03-31 23:00:00,112.4800033569336,112.4800033569336,111.86299896240234,112.4800033569336,0.0
2016-04-03 23:00:00,111.70500183105469,111.73300170898438,111.13500213623047,111.72200012207031,0.0
2016-04-04 23:00:00,111.24400329589844,111.24400329589844,110.04299926757812,111.25,0.0
2016-04-05 23:00:00,110.36900329589844,110.62899780273438,109.63400268554688,110.37799835205078,0.0
2016-04-06 23:00:00,109.73300170898438,109.77400207519531,107.76000213623047,109.6989974975586,0.0
2016-04-07 23:00:00,108.51599884033203,109.08999633789062,108.22100067138672,108.427001953125,0.0
2016-04-10 23:00:00,108.31199645996094,108.41999816894531,107.66400146484375,108.31099700927734,0.0
2016-04-11 23:00:00,107.94999694824219,108.66000366210938,107.90399932861328,107.93000030517578,0.0
2016-04-12 23:00:00,108.6709976196289,109.38099670410156,108.54000091552734,108.63999938964844,0.0
2016-04-13 23:00:00,109.41400146484375,109.53299713134766,108.9010009765625,109.41999816894531,0.0
2016-04-14 23:00:00,109.3270034790039,109.7300033569336,108.61599731445312,109.31600189208984,0.0
2016-04-17 23:00:00,108.10299682617188,108.94200134277344,107.86900329589844,108.01699829101562,0.0
2016-04-18 23:00:00,109.05999755859375,109.47000122070312,108.7969970703125,109.072998046875,0.0
2016-04-19 23:00:00,109.18099975585938,109.51000213623047,108.7699966430664,109.23999786376953,0.0
2016-04-20 23:00:00,109.83000183105469,109.83300018310547,109.33999633789062,109.83799743652344,0.0
2016-04-21 23:00:00,109.48100280761719,111.52999877929688,109.27999877929688,109.43699645996094,0.0
2016-04-24 23:00:00,111.4530029296875,111.4530029296875,110.85399627685547,111.43599700927734,0.0
2016-04-25 23:00:00,111.10800170898438,111.30599975585938,110.67400360107422,111.13600158691406,0.0
2016-04-26 23:00:00,111.23400115966797,111.38600158691406,111.0270004272461,111.2300033569336,0.0
2016-04-27 23:00:00,111.51599884033203,111.85299682617188,107.94999694824219,111.5199966430664,0.0
2016-04-28 23:00:00,108.08999633789062,108.08999633789062,106.70800018310547,108.07599639892578,0.0
2016-05-01 23:00:00,106.46499633789062,106.78800201416016,106.19599914550781,106.4530029296875,0.0
2016-05-02 23:00:00,106.40299987792969,106.40299987792969,105.54000091552734,106.39600372314453,0.0
2016-05-03 23:00:00,106.69599914550781,107.3499984741211,106.28399658203125,106.68000030517578,0.0
2016-05-04 23:00:00,106.94000244140625,107.43499755859375,106.80999755859375,106.91999816894531,0.0
2016-05-05 23:00:00,107.35700225830078,107.4219970703125,106.47200012207031,107.2750015258789,0.0
2016-05-08 23:00:00,107.33799743652344,108.59600067138672,107.24700164794922,107.36000061035156,0.0
2016-05-09 23:00:00,108.37000274658203,109.26100158691406,108.31700134277344,108.33100128173828,0.0
2016-05-10 23:00:00,109.20999908447266,109.20999908447266,108.44000244140625,109.19400024414062,0.0
2016-05-11 23:00:00,108.44000244140625,109.37799835205078,108.24199676513672,108.41500091552734,0.0
2016-05-12 23:00:00,109.12200164794922,109.4540023803711,108.51399993896484,109.0999984741211,0.0
2016-05-15 23:00:00,108.6709976196289,108.97000122070312,108.63300323486328,108.66100311279297,0.0
2016-05-16 23:00:00,109.06999969482422,109.64199829101562,108.85099792480469,109.08000183105469,0.0
2016-05-17 23:00:00,109.0260009765625,109.81900024414062,108.75299835205078,108.94999694824219,0.0
2016-05-18 23:00:00,110.20099639892578,110.35600280761719,109.70500183105469,110.13999938964844,0.0
2016-05-19 23:00:00,109.91200256347656,110.57599639892578,109.85700225830078,109.88099670410156,0.0
2016-05-22 23:00:00,110.06600189208984,110.06600189208984,109.33999633789062,110.05000305175781,0.0
2016-05-23 23:00:00,109.34300231933594,110.0459976196289,109.16999816894531,109.3740005493164,0.0
2016-05-24 23:00:00,110.16000366210938,110.44300079345703,109.86000061035156,110.16999816894531,0.0
2016-05-25 23:00:00,110.0989990234375,110.1259994506836,109.42500305175781,110.11100006103516,0.0
2016-05-26 23:00:00,109.68000030517578,109.98999786376953,109.48799896240234,109.71299743652344,0.0
2016-05-29 23:00:00,110.76200103759766,111.41999816894531,110.72000122070312,110.7699966430664,0.0
2016-05-30 23:00:00,110.85399627685547,111.33000183105469,110.7770004272461,110.84100341796875,0.0
2016-05-31 23:00:00,110.6500015258789,110.8239974975586,109.05999755859375,110.66999816894531,0.0
2016-06-01 23:00:00,109.4010009765625,109.44200134277344,108.5270004272461,109.47699737548828,0.0
2016-06-02 23:00:00,108.91899871826172,109.12799835205078,106.63700103759766,108.86000061035156,0.0
2016-06-05 23:00:00,106.69499969482422,107.4219970703125,106.55500030517578,106.72100067138672,0.0
2016-06-06 23:00:00,107.4000015258789,107.87300109863281,107.19000244140625,107.43800354003906,0.0
2016-06-07 23:00:00,107.24199676513672,107.26100158691406,106.60600280761719,107.25399780273438,0.0
2016-06-08 23:00:00,106.80400085449219,106.86399841308594,106.27799987792969,106.77999877929688,0.0
2016-06-09 23:00:00,107.0780029296875,107.22000122070312,106.69499969482422,107.08999633789062,0.0
2016-06-12 23:00:00,106.48200225830078,106.6259994506836,105.74500274658203,106.50399780273438,0.0
2016-06-13 23:00:00,106.19999694824219,106.40399932861328,105.64800262451172,106.22599792480469,0.0
2016-06-14 23:00:00,106.06400299072266,106.37000274658203,105.78600311279297,106.08699798583984,0.0
2016-06-15 23:00:00,105.86000061035156,105.86000061035156,103.62999725341797,105.8499984741211,0.0
2016-06-16 23:00:00,104.77300262451172,104.80599975585938,104.0999984741211,104.74299621582031,0.0
2016-06-19 23:00:00,104.65899658203125,104.83300018310547,104.30000305175781,104.64800262451172,0.0
2016-06-20 23:00:00,103.79299926757812,104.73999786376953,103.61499786376953,103.8239974975586,0.0
2016-06-21 23:00:00,104.66999816894531,104.76499938964844,104.33300018310547,104.66999816894531,0.0
2016-06-22 23:00:00,104.58499908447266,106.0,104.25299835205078,104.6500015258789,0.0
2016-06-23 23:00:00,104.90299987792969,105.49800109863281,99.9729995727539,104.89600372314453,0.0
2016-06-26 23:00:00,102.22000122070312,102.39800262451172,101.44999694824219,102.12699890136719,0.0
2016-06-27 23:00:00,101.7490005493164,102.79499816894531,101.58499908447266,101.81199645996094,0.0
2016-06-28 23:00:00,102.69000244140625,102.78600311279297,102.19000244140625,102.70099639892578,0.0
2016-06-29 23:00:00,102.73400115966797,102.93900299072266,102.39399719238281,102.77799987792969,0.0
2016-06-30 23:00:00,103.0530014038086,103.14800262451172,102.45600128173828,103.072998046875,0.0
2016-07-03 23:00:00,102.46499633789062,102.7959976196289,102.45999908447266,102.48799896240234,0.0
2016-07-04 23:00:00,102.5199966430664,102.52100372314453,101.45999908447266,102.51799774169922,0.0
2016-07-05 23:00:00,101.16000366210938,101.27300262451172,100.21499633789062,101.14099884033203,0.0
2016-07-06 23:00:00,101.09500122070312,101.2300033569336,100.61000061035156,101.1500015258789,0.0
2016-07-07 23:00:00,100.7969970703125,101.15299987792969,100.09600067138672,100.79000091552734,0.0
2016-07-10 23:00:00,100.6760025024414,102.69000244140625,100.55999755859375,100.69200134277344,0.0
2016-07-11 23:00:00,102.50299835205078,104.79299926757812,102.46499633789062,102.52400207519531,0.0
2016-07-12 23:00:00,104.73200225830078,104.84600067138672,103.96299743652344,104.75599670410156,0.0
2016-07-13 23:00:00,104.03600311279297,105.90899658203125,104.03600311279297,104.07599639892578,0.0
2016-07-14 23:00:00,105.16000366210938,106.30500030517578,105.1500015258789,105.19100189208984,0.0
2016-07-17 23:00:00,105.43599700927734,106.1760025024414,105.3030014038086,105.45899963378906,0.0
2016-07-18 23:00:00,106.13800048828125,106.53099822998047,105.67400360107422,106.14600372314453,0.0
2016-07-19 23:00:00,106.13600158691406,106.78299713134766,105.85099792480469,106.13700103759766,0.0
2016-07-20 23:00:00,107.16500091552734,107.48400115966797,105.44300079345703,107.2040023803711,0.0
2016-07-21 23:00:00,105.79499816894531,106.38400268554688,105.60199737548828,105.81099700927734,0.0
2016-07-24 23:00:00,106.26399993896484,106.7040023803711,105.9469985961914,106.32599639892578,0.0
2016-07-25 23:00:00,105.58799743652344,105.63400268554688,104.02899932861328,105.5780029296875,0.0
2016-07-26 23:00:00,104.83300018310547,106.51000213623047,104.83300018310547,104.8489990234375,0.0
2016-07-27 23:00:00,104.93599700927734,105.14900207519531,104.52100372314453,104.95099639892578,0.0
2016-07-28 23:00:00,104.77200317382812,104.80599975585938,102.27799987792969,104.74500274658203,0.0
2016-07-31 23:00:00,102.34700012207031,102.68000030517578,102.13800048828125,102.33200073242188,0.0
2016-08-01 23:00:00,102.30699920654297,102.79499816894531,100.81400299072266,102.35900115966797,0.0
2016-08-02 23:00:00,101.0780029296875,101.5459976196289,100.74800109863281,101.06800079345703,0.0
2016-08-03 23:00:00,101.31900024414062,101.66300201416016,100.86699676513672,101.33699798583984,0.0
2016-08-04 23:00:00,101.22699737548828,102.03099822998047,100.88800048828125,101.1989974975586,0.0
2016-08-07 23:00:00,102.03800201416016,102.62699890136719,101.91000366210938,102.1449966430664,0.0
2016-08-08 23:00:00,102.28299713134766,102.51699829101562,101.80000305175781,102.28800201416016,0.0
2016-08-09 23:00:00,101.9219970703125,101.9219970703125,100.96900177001953,101.91500091552734,0.0
2016-08-10 23:00:00,101.13600158691406,101.49500274658203,101.0250015258789,101.13300323486328,0.0
2016-08-11 23:00:00,101.81199645996094,102.26899719238281,100.86199951171875,101.80799865722656,0.0
2016-08-14 23:00:00,101.26399993896484,101.447998046875,100.88700103759766,101.28299713134766,0.0
2016-08-15 23:00:00,101.2509994506836,101.2509994506836,99.572998046875,101.23999786376953,0.0
2016-08-16 23:00:00,100.21199798583984,101.12300109863281,100.16899871826172,100.19999694824219,0.0
2016-08-17 23:00:00,99.89299774169922,100.47200012207031,99.6520004272461,99.90599822998047,0.0
2016-08-18 23:00:00,100.14099884033203,100.42900085449219,100.0459976196289,100.11199951171875,0.0
2016-08-21 23:00:00,100.54100036621094,100.9260025024414,100.2249984741211,100.55400085449219,0.0
2016-08-22 23:00:00,100.3010025024414,100.37999725341797,99.95600128173828,100.2509994506836,0.0
2016-08-23 23:00:00,100.3479995727539,100.5780029296875,100.0979995727539,100.31099700927734,0.0
2016-08-24 23:00:00,100.54900360107422,100.59500122070312,100.30799865722656,100.552001953125,0.0
2016-08-25 23:00:00,100.55699920654297,101.28900146484375,100.08799743652344,100.55500030517578,0.0
2016-08-28 23:00:00,101.96099853515625,102.38200378417969,101.86399841308594,101.91999816894531,0.0
2016-08-29 23:00:00,101.81199645996094,102.947998046875,101.75599670410156,101.80899810791016,0.0
2016-08-30 23:00:00,102.87300109863281,103.5199966430664,102.87300109863281,102.86799621582031,0.0
2016-08-31 23:00:00,103.30699920654297,103.99400329589844,103.08200073242188,103.302001953125,0.0
2016-09-01 23:00:00,103.2490005493164,104.28500366210938,102.84300231933594,103.25800323486328,0.0
2016-09-04 23:00:00,103.95800018310547,104.01100158691406,103.15399932861328,103.93399810791016,0.0
2016-09-05 23:00:00,103.5270004272461,103.80599975585938,102.0479965209961,103.51000213623047,0.0
2016-09-06 23:00:00,101.54299926757812,101.75599670410156,101.22899627685547,101.5250015258789,0.0
2016-09-07 23:00:00,101.81700134277344,102.28399658203125,101.447998046875,101.8290023803711,0.0
2016-09-08 23:00:00,102.30599975585938,103.02100372314453,101.98799896240234,102.30599975585938,0.0
2016-09-11 23:00:00,102.46700286865234,102.6500015258789,101.77100372314453,102.43800354003906,0.0
2016-09-12 23:00:00,101.75599670410156,102.41000366210938,101.47200012207031,101.7509994506836,0.0
2016-09-13 23:00:00,102.53399658203125,103.33599853515625,102.33200073242188,102.50399780273438,0.0
2016-09-14 23:00:00,102.5260009765625,102.73100280761719,101.95899963378906,102.5479965209961,0.0
2016-09-15 23:00:00,101.98400115966797,102.3949966430664,101.77400207519531,102.00800323486328,0.0
2016-09-18 23:00:00,102.33100128173828,102.36299896240234,101.58100128173828,102.30699920654297,0.0
2016-09-19 23:00:00,101.90499877929688,102.0479965209961,101.572998046875,101.84600067138672,0.0
2016-09-20 23:00:00,101.59400177001953,102.7770004272461,100.56300354003906,101.5469970703125,0.0
2016-09-21 23:00:00,100.4020004272461,100.89199829101562,100.10099792480469,100.39299774169922,0.0
2016-09-22 23:00:00,100.8030014038086,101.2300033569336,100.68900299072266,100.83100128173828,0.0
2016-09-25 23:00:00,100.91000366210938,101.07599639892578,100.2959976196289,100.88899993896484,0.0
2016-09-26 23:00:00,100.38400268554688,100.97599792480469,100.14099884033203,100.35900115966797,0.0
2016-09-27 23:00:00,100.4749984741211,100.81199645996094,100.4229965209961,100.46800231933594,0.0
2016-09-28 23:00:00,100.94400024414062,101.80999755859375,100.9209976196289,100.93499755859375,0.0
2016-09-29 23:00:00,101.18699645996094,101.68699645996094,100.75599670410156,101.1989974975586,0.0
2016-10-02 23:00:00,101.53900146484375,101.6520004272461,101.21499633789062,101.56300354003906,0.0
2016-10-03 23:00:00,101.83599853515625,102.86299896240234,101.83200073242188,101.81700134277344,0.0
2016-10-04 23:00:00,102.84200286865234,103.58300018310547,102.68199920654297,102.87999725341797,0.0
2016-10-05 23:00:00,103.4489974975586,104.14600372314453,103.34700012207031,103.45999908447266,0.0
2016-10-06 23:00:00,103.75299835205078,103.97799682617188,102.87100219726562,103.76499938964844,0.0
2016-10-09 23:00:00,103.05799865722656,103.74400329589844,102.81800079345703,103.01799774169922,0.0
2016-10-10 23:00:00,103.73600006103516,104.06400299072266,103.31600189208984,103.6969985961914,0.0
2016-10-11 23:00:00,103.30599975585938,104.4729995727539,103.30000305175781,103.34200286865234,0.0
2016-10-12 23:00:00,104.31700134277344,104.61100006103516,103.35900115966797,104.30400085449219,0.0
2016-10-13 23:00:00,103.75299835205078,104.45899963378906,103.66500091552734,103.72200012207031,0.0
2016-10-16 23:00:00,104.08000183105469,104.35199737548828,103.9020004272461,104.03900146484375,0.0
2016-10-17 23:00:00,103.85900115966797,104.19000244140625,103.68900299072266,103.85099792480469,0.0
2016-10-18 23:00:00,103.8740005493164,103.93599700927734,103.18299865722656,103.86499786376953,0.0
2016-10-19 23:00:00,103.43900299072266,104.0739974975586,103.41600036621094,103.39099884033203,0.0
2016-10-20 23:00:00,104.12999725341797,104.1989974975586,103.52400207519531,104.10900115966797,0.0
2016-10-23 23:00:00,103.90699768066406,104.29900360107422,103.72000122070312,103.91699981689453,0.0
2016-10-24 23:00:00,104.29000091552734,104.86499786376953,104.25,104.32099914550781,0.0
2016-10-25 23:00:00,104.14399719238281,104.46900177001953,104.02400207519531,104.15399932861328,0.0
2016-10-26 23:00:00,104.5719985961914,105.15499877929688,104.32599639892578,104.56300354003906,0.0
2016-10-27 23:00:00,105.23500061035156,105.49500274658203,105.06600189208984,105.20899963378906,0.0
2016-10-31 00:00:00,104.56700134277344,105.21700286865234,104.54100036621094,104.56500244140625,0.0
2016-11-01 00:00:00,104.8290023803711,105.12000274658203,104.45700073242188,104.81999969482422,0.0
2016-11-02 00:00:00,104.08300018310547,104.15599822998047,103.10800170898438,104.09200286865234,0.0
2016-11-03 00:00:00,103.39299774169922,103.43599700927734,102.57599639892578,103.37799835205078,0.0
2016-11-04 00:00:00,103.04499816894531,103.34300231933594,102.84200286865234,103.052001953125,0.0
2016-11-07 00:00:00,104.18000030517578,104.625,103.84700012207031,104.19499969482422,0.0
2016-11-08 00:00:00,104.45500183105469,104.82099914550781,104.302001953125,104.43800354003906,0.0
2016-11-09 00:00:00,104.99299621582031,105.4209976196289,101.20600128173828,105.02999877929688,0.0
2016-11-10 00:00:00,105.8499984741211,106.93499755859375,105.02300262451172,105.85299682617188,0.0
2016-11-11 00:00:00,106.80599975585938,106.91600036621094,106.05400085449219,106.85600280761719,0.0
2016-11-14 00:00:00,106.86299896240234,108.46700286865234,106.86299896240234,106.87100219726562,0.0
2016-11-15 00:00:00,108.22200012207031,108.9749984741211,107.79000091552734,108.2020034790039,0.0
2016-11-16 00:00:00,109.00599670410156,109.74700164794922,108.80899810791016,109.03800201416016,0.0
2016-11-17 00:00:00,108.78199768066406,109.61299896240234,108.572998046875,108.78500366210938,0.0
2016-11-18 00:00:00,110.23699951171875,110.87699890136719,109.81500244140625,110.25599670410156,0.0
2016-11-21 00:00:00,110.92900085449219,111.16400146484375,110.50599670410156,110.9729995727539,0.0
2016-11-22 00:00:00,110.677001953125,111.35399627685547,110.28500366210938,110.6500015258789,0.0
2016-11-23 00:00:00,110.9990005493164,112.94300079345703,110.86299896240234,111.00599670410156,0.0
2016-11-24 00:00:00,112.51200103759766,113.51100158691406,112.427001953125,112.58200073242188,0.0
2016-11-25 00:00:00,113.27300262451172,113.88999938964844,112.61000061035156,113.29199981689453,0.0
2016-11-28 00:00:00,112.6500015258789,112.76799774169922,111.3949966430664,112.6520004272461,0.0
2016-11-29 00:00:00,111.70500183105469,113.30000305175781,111.70500183105469,111.69000244140625,0.0
2016-11-30 00:00:00,112.50399780273438,113.94200134277344,112.06600189208984,112.47000122070312,0.0
2016-12-01 00:00:00,114.6709976196289,114.71299743652344,113.84100341796875,114.69400024414062,0.0
2016-12-02 00:00:00,113.9020004272461,114.15799713134766,113.33399963378906,113.90899658203125,0.0
2016-12-05 00:00:00,113.5250015258789,114.77100372314453,113.33499908447266,113.50499725341797,0.0
2016-12-06 00:00:00,113.88200378417969,114.16699981689453,113.51499938964844,113.86299896240234,0.0
2016-12-07 00:00:00,114.08200073242188,114.38400268554688,113.51899719238281,114.052001953125,0.0
2016-12-08 00:00:00,113.77200317382812,114.36100006103516,113.2020034790039,113.71299743652344,0.0
2016-12-09 00:00:00,114.06300354003906,115.26599884033203,114.0199966430664,114.07499694824219,0.0
2016-12-12 00:00:00,115.44000244140625,116.0790023803711,115.15699768066406,115.41200256347656,0.0
2016-12-13 00:00:00,114.99299621582031,115.46800231933594,114.7770004272461,115.00199890136719,0.0
2016-12-14 00:00:00,115.19499969482422,115.30400085449219,114.78099822998047,115.2239990234375,0.0
2016-12-15 00:00:00,117.23200225830078,118.64700317382812,117.1989974975586,117.21099853515625,0.0
2016-12-16 00:00:00,118.26799774169922,118.39800262451172,117.92649841308594,118.24099731445312,0.0
2016-12-19 00:00:00,117.81700134277344,117.83300018310547,116.84700012207031,117.79100036621094,0.0
2016-12-20 00:00:00,117.04399871826172,118.23100280761719,117.0,117.03700256347656,0.0
2016-12-21 00:00:00,117.80599975585938,118.0479965209961,117.11299896240234,117.875,0.0
2016-12-22 00:00:00,117.61799621582031,117.85099792480469,117.31700134277344,117.60399627685547,0.0
2016-12-23 00:00:00,117.55999755859375,117.55999755859375,117.1760025024414,117.54199981689453,0.0
2016-12-26 00:00:00,117.31300354003906,117.31300354003906,117.0009994506836,117.30999755859375,0.0
2016-12-27 00:00:00,117.18299865722656,117.60099792480469,117.18299865722656,117.19200134277344,0.0
2016-12-28 00:00:00,117.48699951171875,117.80500030517578,117.37799835205078,117.4800033569336,0.0
2016-12-29 00:00:00,117.0469970703125,117.0469970703125,116.23200225830078,117.08699798583984,0.0
2016-12-30 00:00:00,116.31500244140625,117.19000244140625,116.12200164794922,116.26699829101562,0.0
2017-01-02 00:00:00,116.80999755859375,117.48500061035156,116.7249984741211,116.79499816894531,0.0
2017-01-03 00:00:00,117.48799896240234,118.59300231933594,117.28600311279297,117.49500274658203,0.0
2017-01-04 00:00:00,117.6780014038086,118.1760025024414,117.06800079345703,117.65899658203125,0.0
2017-01-05 00:00:00,117.05599975585938,117.08499908447266,115.29299926757812,117.11299896240234,0.0
2017-01-06 00:00:00,115.31800079345703,116.74400329589844,115.26300048828125,115.26499938964844,0.0
2017-01-09 00:00:00,117.15899658203125,117.52400207519531,116.18299865722656,117.1500015258789,0.0
2017-01-10 00:00:00,115.99600219726562,116.33300018310547,115.2030029296875,115.98500061035156,0.0
2017-01-11 00:00:00,115.875,116.83499908447266,115.68099975585938,115.87200164794922,0.0
2017-01-12 00:00:00,115.05500030517578,115.21900177001953,113.76000213623047,115.0979995727539,0.0
2017-01-13 00:00:00,114.69599914550781,115.38800048828125,114.28399658203125,114.66400146484375,0.0
2017-01-16 00:00:00,114.26200103759766,114.4489974975586,113.69599914550781,114.22699737548828,0.0
2017-01-17 00:00:00,114.1259994506836,114.2760009765625,112.73999786376953,114.1520004272461,0.0
2017-01-18 00:00:00,112.90799713134766,113.55500030517578,112.6449966430664,112.87799835205078,0.0
2017-01-19 00:00:00,114.73799896240234,115.52100372314453,114.4229965209961,114.76200103759766,0.0
2017-01-20 00:00:00,114.89399719238281,115.37000274658203,114.5459976196289,114.9800033569336,0.0
2017-01-23 00:00:00,113.85299682617188,114.03600311279297,112.9749984741211,113.80999755859375,0.0
2017-01-24 00:00:00,112.83799743652344,113.46800231933594,112.58000183105469,112.77999877929688,0.0
2017-01-25 00:00:00,113.90299987792969,113.96199798583984,113.08300018310547,113.83999633789062,0.0
2017-01-26 00:00:00,113.19200134277344,114.76799774169922,113.06700134277344,113.29299926757812,0.0
2017-01-27 00:00:00,114.42500305175781,115.33599853515625,114.4010009765625,114.45500183105469,0.0
2017-01-30 00:00:00,114.68299865722656,114.91500091552734,113.76399993896484,114.66799926757812,0.0
2017-01-31 00:00:00,113.69400024414062,113.93199920654297,112.08300018310547,113.6500015258789,0.0
2017-02-01 00:00:00,112.76799774169922,113.91500091552734,112.76799774169922,112.74299621582031,0.0
2017-02-02 00:00:00,113.24299621582031,113.24299621582031,112.0770034790039,113.31099700927734,0.0
2017-02-03 00:00:00,112.77899932861328,113.23200225830078,112.32350158691406,112.78900146484375,0.0
2017-02-06 00:00:00,112.64700317382812,112.77100372314453,112.02799987792969,112.63899993896484,0.0
2017-02-07 00:00:00,111.7979965209961,112.55899810791016,111.5989990234375,111.8270034790039,0.0
2017-02-08 00:00:00,112.4020004272461,112.5199966430664,111.64900207519531,112.38700103759766,0.0
2017-02-09 00:00:00,111.95500183105469,113.17900085449219,111.90299987792969,111.9520034790039,0.0
2017-02-10 00:00:00,113.43699645996094,113.83999633789062,113.3740005493164,113.43399810791016,0.0
2017-02-13 00:00:00,113.97000122070312,114.13500213623047,113.4520034790039,113.91400146484375,0.0
2017-02-14 00:00:00,113.6729965209961,114.43299865722656,113.27100372314453,113.70500183105469,0.0
2017-02-15 00:00:00,114.28600311279297,114.94100189208984,114.24099731445312,114.3010025024414,0.0
2017-02-16 00:00:00,114.13600158691406,114.13600158691406,113.22799682617188,114.11199951171875,0.0
2017-02-17 00:00:00,113.35199737548828,113.48300170898438,112.62899780273438,113.30500030517578,0.0
2017-02-20 00:00:00,112.9000015258789,113.23200225830078,112.83699798583984,112.91100311279297,0.0
2017-02-21 00:00:00,113.24299621582031,113.75399780273438,113.24299621582031,113.27999877929688,0.0
2017-02-22 00:00:00,113.65399932861328,113.65399932861328,112.91300201416016,113.66899871826172,0.0
2017-02-23 00:00:00,113.375,113.39700317382812,112.5770034790039,113.41699981689453,0.0
2017-02-24 00:00:00,112.6760025024414,112.94999694824219,112.06400299072266,112.68199920654297,0.0
2017-02-27 00:00:00,112.17400360107422,112.46800231933594,111.93499755859375,112.18800354003906,0.0
2017-02-28 00:00:00,112.73400115966797,112.7969970703125,111.78350067138672,112.74500274658203,0.0
2017-03-01 00:00:00,113.03399658203125,114.03800201416016,112.81400299072266,113.0770034790039,0.0
2017-03-02 00:00:00,114.09700012207031,114.53600311279297,113.84700012207031,114.12100219726562,0.0
2017-03-03 00:00:00,114.322998046875,114.52400207519531,114.07499694824219,114.34200286865234,0.0
2017-03-06 00:00:00,113.8239974975586,113.91300201416016,113.56050109863281,113.84700012207031,0.0
2017-03-07 00:00:00,113.91600036621094,114.14099884033203,113.73899841308594,113.91699981689453,0.0
2017-03-08 00:00:00,113.92400360107422,114.71600341796875,113.61799621582031,113.9260025024414,0.0
2017-03-09 00:00:00,114.40599822998047,114.947998046875,114.36699676513672,114.41100311279297,0.0
2017-03-10 00:00:00,115.13899993896484,115.48799896240234,114.81500244140625,115.14900207519531,0.0
2017-03-13 00:00:00,114.7750015258789,114.91200256347656,114.48300170898438,114.73200225830078,0.0
2017-03-14 00:00:00,114.91300201416016,115.1760025024414,114.56099700927734,114.91500091552734,0.0
2017-03-15 00:00:00,114.65299987792969,114.88099670410156,114.5634994506836,114.65899658203125,0.0
2017-03-16 00:00:00,113.4000015258789,113.52799987792969,112.91999816894531,113.4020004272461,0.0
2017-03-17 00:00:00,113.3479995727539,113.48999786376953,112.55149841308594,113.33999633789062,0.0
2017-03-20 00:00:00,112.66500091552734,112.88400268554688,112.46700286865234,112.67400360107422,0.0
2017-03-21 00:00:00,112.5739974975586,112.85800170898438,111.83399963378906,112.572998046875,0.0
2017-03-22 00:00:00,111.56300354003906,111.75399780273438,110.76499938964844,111.53199768066406,0.0
2017-03-23 00:00:00,111.33399963378906,111.55799865722656,110.63200378417969,111.36900329589844,0.0
2017-03-24 00:00:00,110.99199676513672,111.47599792480469,110.87999725341797,111.00399780273438,0.0
2017-03-26 23:00:00,110.54299926757812,110.58000183105469,110.12100219726562,110.552001953125,0.0
2017-03-27 23:00:00,110.74700164794922,110.81300354003906,110.20700073242188,110.77100372314453,0.0
2017-03-28 23:00:00,111.18800354003906,111.2959976196289,110.75499725341797,111.22599792480469,0.0
2017-03-29 23:00:00,111.11900329589844,111.48100280761719,110.96499633789062,111.15399932861328,0.0
2017-03-30 23:00:00,111.74099731445312,112.18099975585938,111.39299774169922,111.7760009765625,0.0
2017-04-02 23:00:00,111.31300354003906,111.5739974975586,110.9229965209961,111.26499938964844,0.0
2017-04-03 23:00:00,110.70099639892578,110.8010025024414,110.27400207519531,110.70899963378906,0.0
2017-04-04 23:00:00,110.8270034790039,111.41600036621094,110.54499816894531,110.85399627685547,0.0
2017-04-05 23:00:00,110.3949966430664,111.10800170898438,110.2959976196289,110.38099670410156,0.0
2017-04-06 23:00:00,110.89299774169922,110.98999786376953,110.1520004272461,110.89700317382812,0.0
2017-04-09 23:00:00,111.2249984741211,111.5719985961914,110.93900299072266,111.2249984741211,0.0
2017-04-10 23:00:00,110.68800354003906,110.83300018310547,109.63600158691406,110.71700286865234,0.0
2017-04-11 23:00:00,109.58499908447266,109.75499725341797,109.36599731445312,109.58699798583984,0.0
2017-04-12 23:00:00,108.87300109863281,109.37100219726562,108.74099731445312,108.9020004272461,0.0
2017-04-13 23:00:00,109.11399841308594,109.21900177001953,108.56300354003906,109.10099792480469,0.0
2017-04-16 23:00:00,108.2959976196289,108.6259994506836,108.14199829101562,108.322998046875,0.0
2017-04-17 23:00:00,109.1510009765625,109.21199798583984,108.41400146484375,109.11199951171875,0.0
2017-04-18 23:00:00,108.5469970703125,109.16699981689453,108.42500305175781,108.53500366210938,0.0
2017-04-19 23:00:00,108.84100341796875,109.41100311279297,108.72000122070312,108.83399963378906,0.0
2017-04-20 23:00:00,109.36799621582031,109.38300323486328,108.94300079345703,109.375,0.0
2017-04-23 23:00:00,109.99299621582031,110.32599639892578,109.72100067138672,109.97799682617188,0.0
2017-04-24 23:00:00,109.6259994506836,110.99299621582031,109.6259994506836,109.64099884033203,0.0
2017-04-25 23:00:00,111.06199645996094,111.7239990234375,111.04199981689453,111.0459976196289,0.0
2017-04-26 23:00:00,111.17500305175781,111.59100341796875,111.05249786376953,111.19100189208984,0.0
2017-04-27 23:00:00,111.21499633789062,111.68699645996094,111.08000183105469,111.22599792480469,0.0
2017-04-30 23:00:00,111.3030014038086,111.9000015258789,111.3030014038086,111.302001953125,0.0
2017-05-01 23:00:00,111.81999969482422,112.29399871826172,111.81999969482422,111.81199645996094,0.0
2017-05-02 23:00:00,111.9739990234375,112.48999786376953,111.97200012207031,111.96900177001953,0.0
2017-05-03 23:00:00,112.79900360107422,113.03800201416016,112.66400146484375,112.78299713134766,0.0
2017-05-04 23:00:00,112.53099822998047,112.73799896240234,112.09500122070312,112.53700256347656,0.0
2017-05-07 23:00:00,112.69200134277344,112.87300109863281,112.40299987792969,112.68399810791016,0.0
2017-05-08 23:00:00,113.20999908447266,114.20500183105469,113.14099884033203,113.2300033569336,0.0
2017-05-09 23:00:00,113.68900299072266,114.14900207519531,113.64700317382812,113.697998046875,0.0
2017-05-10 23:00:00,114.3030014038086,114.33599853515625,113.4800033569336,114.3280029296875,0.0
2017-05-11 23:00:00,113.81400299072266,113.94599914550781,113.21299743652344,113.80899810791016,0.0
2017-05-14 23:00:00,113.26499938964844,113.72200012207031,113.25599670410156,113.27100372314453,0.0
2017-05-15 23:00:00,113.64800262451172,113.75700378417969,112.98100280761719,113.64199829101562,0.0
2017-05-16 23:00:00,112.71800231933594,112.72000122070312,111.23899841308594,112.64600372314453,0.0
2017-05-17 23:00:00,111.11499786376953,111.41600036621094,110.22650146484375,111.1259994506836,0.0
2017-05-18 23:00:00,111.4219970703125,111.68299865722656,111.06900024414062,111.4010009765625,0.0
2017-05-21 23:00:00,111.26799774169922,111.58999633789062,110.96099853515625,111.28399658203125,0.0
2017-05-22 23:00:00,110.9489974975586,111.69300079345703,110.91000366210938,110.89099884033203,0.0
2017-05-23 23:00:00,111.93599700927734,112.11100006103516,111.70700073242188,111.95700073242188,0.0
2017-05-24 23:00:00,111.5199966430664,111.93499755859375,111.5199966430664,111.52400207519531,0.0
2017-05-25 23:00:00,111.71600341796875,111.79399871826172,110.88700103759766,111.7300033569336,0.0
2017-05-28 23:00:00,111.26699829101562,111.45700073242188,111.20999908447266,111.25599670410156,0.0
2017-05-29 23:00:00,111.18900299072266,111.21299743652344,110.66500091552734,111.17400360107422,0.0
2017-05-30 23:00:00,110.875,111.19100189208984,110.49600219726562,110.83899688720703,0.0
2017-05-31 23:00:00,110.76899719238281,111.44599914550781,110.76899719238281,110.7959976196289,0.0
2017-06-01 23:00:00,111.45999908447266,111.6989974975586,110.34200286865234,111.43699645996094,0.0
2017-06-04 23:00:00,110.48400115966797,110.72000122070312,110.34500122070312,110.46299743652344,0.0
2017-06-05 23:00:00,110.37999725341797,110.43699645996094,109.24199676513672,110.38099670410156,0.0
2017-06-06 23:00:00,109.49500274658203,109.62799835205078,109.12799835205078,109.50900268554688,0.0
2017-06-07 23:00:00,109.91799926757812,110.36900329589844,109.41000366210938,109.9000015258789,0.0
2017-06-08 23:00:00,109.91200256347656,110.78700256347656,109.91200256347656,109.85900115966797,0.0
2017-06-11 23:00:00,110.30799865722656,110.31600189208984,109.6760025024414,110.28800201416016,0.0
2017-06-12 23:00:00,109.91600036621094,110.26599884033203,109.91600036621094,109.9209976196289,0.0
2017-06-13 23:00:00,110.04499816894531,110.33699798583984,108.94400024414062,110.05500030517578,0.0
2017-06-14 23:00:00,109.39900207519531,110.75800323486328,109.39900207519531,109.44599914550781,0.0
2017-06-15 23:00:00,111.0469970703125,111.40399932861328,110.66100311279297,110.9520034790039,0.0
2017-06-18 23:00:00,110.97799682617188,111.37699890136719,110.90899658203125,110.9540023803711,0.0
2017-06-19 23:00:00,111.73899841308594,111.76699829101562,111.3270034790039,111.6729965209961,0.0
2017-06-20 23:00:00,111.34300231933594,111.71299743652344,111.06549835205078,111.33399963378906,0.0
2017-06-21 23:00:00,111.33399963378906,111.43299865722656,110.95600128173828,111.30999755859375,0.0
2017-06-22 23:00:00,111.30999755859375,111.41600036621094,111.15799713134766,111.29000091552734,0.0
2017-06-25 23:00:00,111.25499725341797,111.71099853515625,111.22200012207031,111.23899841308594,0.0
2017-06-26 23:00:00,111.90299987792969,112.43800354003906,111.46800231933594,111.85800170898438,0.0
2017-06-27 23:00:00,112.17400360107422,112.39900207519531,111.86299896240234,112.18800354003906,0.0
2017-06-28 23:00:00,112.36699676513672,112.91999816894531,112.15399932861328,112.35399627685547,0.0
2017-06-29 23:00:00,111.97200012207031,112.38899993896484,111.7490005493164,112.00900268554688,0.0
2017-07-02 23:00:00,112.24299621582031,113.41699981689453,112.2040023803711,112.26200103759766,0.0
2017-07-03 23:00:00,113.36900329589844,113.37000274658203,112.77899932861328,113.38600158691406,0.0
2017-07-04 23:00:00,112.96499633789062,113.66999816894531,112.83300018310547,112.96199798583984,0.0
2017-07-05 23:00:00,113.2239990234375,113.45099639892578,112.89600372314453,113.18699645996094,0.0
2017-07-06 23:00:00,113.16500091552734,114.16799926757812,113.16500091552734,113.14900207519531,0.0
2017-07-09 23:00:00,113.94300079345703,114.29299926757812,113.9260025024414,113.98500061035156,0.0
2017-07-11 23:00:00,113.76799774169922,113.79199981689453,112.93949890136719,113.74800109863281,0.0
2017-07-12 23:00:00,113.30400085449219,113.51399993896484,112.8740005493164,113.33499908447266,0.0
2017-07-13 23:00:00,113.4000015258789,113.56600189208984,112.2699966430664,113.41799926757812,0.0
2017-07-16 23:00:00,112.4219970703125,112.8479995727539,112.34200286865234,112.39700317382812,0.0
2017-07-17 23:00:00,112.5999984741211,112.61699676513672,111.70099639892578,112.58100128173828,0.0
2017-07-18 23:00:00,111.9739990234375,112.21700286865234,111.55999755859375,111.99500274658203,0.0
2017-07-19 23:00:00,111.8550033569336,112.40699768066406,111.49099731445312,111.87699890136719,0.0
2017-07-20 23:00:00,111.89199829101562,112.06300354003906,111.09500122070312,111.88500213623047,0.0
2017-07-23 23:00:00,110.94400024414062,111.15599822998047,110.62799835205078,110.94499969482422,0.0
2017-07-24 23:00:00,111.2239990234375,111.66200256347656,110.83100128173828,111.23200225830078,0.0
2017-07-25 23:00:00,112.01699829101562,112.14299774169922,111.7239990234375,112.00299835205078,0.0
2017-07-26 23:00:00,111.13200378417969,111.65799713134766,110.79000091552734,111.12799835205078,0.0
2017-07-27 23:00:00,111.06700134277344,111.27899932861328,110.6614990234375,111.09700012207031,0.0
2017-07-30 23:00:00,110.52200317382812,110.75299835205078,110.35299682617188,110.51000213623047,0.0
2017-07-31 23:00:00,110.35199737548828,110.55500030517578,109.95899963378906,110.35900115966797,0.0
2017-08-01 23:00:00,110.45800018310547,110.95999908447266,110.28800201416016,110.43199920654297,0.0
2017-08-02 23:00:00,110.76399993896484,110.80799865722656,109.97899627685547,110.75700378417969,0.0
2017-08-03 23:00:00,109.87000274658203,111.0199966430664,109.86399841308594,109.9000015258789,0.0
2017-08-06 23:00:00,110.81099700927734,110.90299987792969,110.64700317382812,110.78600311279297,0.0
2017-08-07 23:00:00,110.75399780273438,110.82099914550781,110.2509994506836,110.75,0.0
2017-08-08 23:00:00,110.09500122070312,110.14099884033203,109.56900024414062,110.10199737548828,0.0
2017-08-09 23:00:00,110.04399871826172,110.16300201416016,109.26499938964844,110.04900360107422,0.0
2017-08-10 23:00:00,109.08999633789062,109.37899780273438,108.7969970703125,109.10600280761719,0.0
2017-08-13 23:00:00,109.25,109.78500366210938,109.20800018310547,109.2300033569336,0.0
2017-08-14 23:00:00,109.94499969482422,110.83999633789062,109.93900299072266,109.93199920654297,0.0
2017-08-15 23:00:00,110.572998046875,110.94100189208984,110.572998046875,110.59600067138672,0.0
2017-08-16 23:00:00,109.98300170898438,110.31199645996094,109.63400268554688,109.9990005493164,0.0
2017-08-17 23:00:00,109.34100341796875,109.51799774169922,108.6050033569336,109.3280029296875,0.0
2017-08-20 23:00:00,109.3239974975586,109.36399841308594,108.63300323486328,109.31999969482422,0.0
2017-08-21 23:00:00,109.0739974975586,109.52999877929688,109.052001953125,108.94400024414062,0.0
2017-08-22 23:00:00,109.75599670410156,109.80599975585938,108.9990005493164,109.73100280761719,0.0
2017-08-23 23:00:00,108.9209976196289,109.4530029296875,108.9209976196289,108.91000366210938,0.0
2017-08-24 23:00:00,109.5,109.7969970703125,109.12300109863281,109.51399993896484,0.0
2017-08-27 23:00:00,109.36699676513672,109.39199829101562,109.0469970703125,109.34600067138672,0.0
2017-08-28 23:00:00,108.73100280761719,109.05999755859375,108.3280029296875,108.73699951171875,0.0
2017-08-29 23:00:00,109.76799774169922,110.41200256347656,109.66899871826172,109.79000091552734,0.0
2017-08-30 23:00:00,110.46800231933594,110.6449966430664,109.9520034790039,110.45999908447266,0.0
2017-08-31 23:00:00,110.11699676513672,110.36900329589844,109.58000183105469,110.12899780273438,0.0
2017-09-03 23:00:00,109.7770004272461,109.90799713134766,109.39700317382812,109.79499816894531,0.0
2017-09-04 23:00:00,109.77999877929688,109.77999877929688,108.83000183105469,109.80999755859375,0.0
2017-09-05 23:00:00,108.59700012207031,109.09600067138672,108.48300170898438,108.60199737548828,0.0
2017-09-06 23:00:00,109.16200256347656,109.197998046875,108.0719985961914,109.13400268554688,0.0
2017-09-07 23:00:00,108.2969970703125,108.46700286865234,107.3219985961914,108.2699966430664,0.0
2017-09-10 23:00:00,108.28500366210938,109.09100341796875,108.23300170898438,108.23100280761719,0.0
2017-09-11 23:00:00,109.41300201416016,110.05899810791016,109.29399871826172,109.3949966430664,0.0
2017-09-12 23:00:00,110.20600128173828,110.677001953125,109.91899871826172,110.22599792480469,0.0
2017-09-13 23:00:00,110.50800323486328,110.99199676513672,110.36000061035156,110.51499938964844,0.0
2017-09-14 23:00:00,109.91899871826172,111.32099914550781,109.91899871826172,109.91899871826172,0.0
2017-09-17 23:00:00,111.15299987792969,111.58100128173828,111.1240005493164,111.1969985961914,0.0
2017-09-18 23:00:00,111.48699951171875,111.86199951171875,111.27200317382812,111.49600219726562,0.0
2017-09-19 23:00:00,111.57499694824219,111.63899993896484,111.22949981689453,111.5780029296875,0.0
2017-09-20 23:00:00,112.572998046875,112.70700073242188,112.14199829101562,112.5459976196289,0.0
2017-09-21 23:00:00,112.4469985961914,112.53399658203125,111.67500305175781,112.4520034790039,0.0
2017-09-24 23:00:00,112.44599914550781,112.4990005493164,111.56800079345703,112.44400024414062,0.0
2017-09-25 23:00:00,111.7509994506836,112.28500366210938,111.4990005493164,111.76100158691406,0.0
2017-09-26 23:00:00,112.43399810791016,113.23699951171875,112.28600311279297,112.37699890136719,0.0
2017-09-27 23:00:00,112.85399627685547,113.19000244140625,112.48100280761719,112.86000061035156,0.0
2017-09-28 23:00:00,112.50900268554688,112.71499633789062,112.23500061035156,112.46700286865234,0.0
2017-10-01 23:00:00,112.68299865722656,113.0479965209961,112.5364990234375,112.63800048828125,0.0
2017-10-02 23:00:00,112.7760009765625,113.18699645996094,112.68699645996094,112.7699966430664,0.0
2017-10-03 23:00:00,112.84600067138672,112.87899780273438,112.32599639892578,112.8479995727539,0.0
2017-10-04 23:00:00,112.82599639892578,112.90399932861328,112.4219970703125,112.822998046875,0.0
2017-10-05 23:00:00,112.7699966430664,113.43099975585938,112.6510009765625,112.77400207519531,0.0
2017-10-08 23:00:00,112.54100036621094,112.74299621582031,112.53399658203125,112.5510025024414,0.0
2017-10-09 23:00:00,112.68399810791016,112.82099914550781,112.00399780273438,112.65799713134766,0.0
2017-10-10 23:00:00,112.34700012207031,112.56300354003906,112.09300231933594,112.34500122070312,0.0
2017-10-11 23:00:00,112.40299987792969,112.45800018310547,112.20999908447266,112.43399810791016,0.0
2017-10-12 23:00:00,112.24400329589844,112.2490005493164,111.6989974975586,112.23899841308594,0.0
2017-10-15 23:00:00,111.87699890136719,112.07599639892578,111.6510009765625,111.88200378417969,0.0
2017-10-16 23:00:00,112.18599700927734,112.46700286865234,112.03700256347656,112.19499969482422,0.0
2017-10-17 23:00:00,112.2030029296875,113.03800201416016,112.14099884033203,112.21299743652344,0.0
2017-10-18 23:00:00,113.0009994506836,113.14099884033203,112.3290023803711,113.01300048828125,0.0
2017-10-19 23:00:00,112.6449966430664,113.55899810791016,112.60600280761719,112.68000030517578,0.0
2017-10-22 23:00:00,114.052001953125,114.05899810791016,113.62300109863281,114.0479965209961,0.0
2017-10-23 23:00:00,113.31999969482422,113.98799896240234,113.26200103759766,113.33999633789062,0.0
2017-10-24 23:00:00,113.93599700927734,114.23999786376953,113.57599639892578,113.94599914550781,0.0
2017-10-25 23:00:00,113.53900146484375,114.03099822998047,113.34200286865234,113.55799865722656,0.0
2017-10-26 23:00:00,114.125,114.43599700927734,113.71800231933594,114.1240005493164,0.0
2017-10-30 00:00:00,113.677001953125,113.8239974975586,113.16500091552734,113.73899841308594,0.0
2017-10-31 00:00:00,113.03800201416016,113.6449966430664,112.9739990234375,112.99600219726562,0.0
2017-11-01 00:00:00,113.64399719238281,114.26799774169922,113.63400268554688,113.6500015258789,0.0
2017-11-02 00:00:00,114.1709976196289,114.20800018310547,113.54900360107422,114.1520004272461,0.0
2017-11-03 00:00:00,114.01399993896484,114.40699768066406,113.68299865722656,114.01599884033203,0.0
2017-11-06 00:00:00,114.19000244140625,114.7249984741211,113.78900146484375,114.1780014038086,0.0
2017-11-07 00:00:00,113.77100372314453,114.33200073242188,113.7229995727539,113.77100372314453,0.0
2017-11-08 00:00:00,113.73200225830078,113.91300201416016,113.40299987792969,113.76100158691406,0.0
2017-11-09 00:00:00,113.927001953125,114.06300354003906,113.2405014038086,113.927001953125,0.0
2017-11-10 00:00:00,113.36900329589844,113.6240005493164,113.23600006103516,113.375,0.0
2017-11-13 00:00:00,113.69000244140625,113.70500183105469,113.24600219726562,113.68599700927734,0.0
2017-11-14 00:00:00,113.5999984741211,113.90699768066406,113.30999755859375,113.58499908447266,0.0
2017-11-15 00:00:00,113.40599822998047,113.48799896240234,112.51399993896484,113.4020004272461,0.0
2017-11-17 00:00:00,113.04499816894531,113.04499816894531,111.9729995727539,113.02799987792969,0.0
2017-11-20 00:00:00,112.01899719238281,112.52899932861328,111.96099853515625,112.03800201416016,0.0
2017-11-21 00:00:00,112.5479965209961,112.69999694824219,112.18399810791016,112.5510025024414,0.0
2017-11-22 00:00:00,112.33000183105469,112.34300231933594,111.51000213623047,112.34100341796875,0.0
2017-11-23 00:00:00,111.28500366210938,111.37699890136719,111.07099914550781,111.31300354003906,0.0
2017-11-24 00:00:00,111.25900268554688,111.5719985961914,111.25900268554688,111.25399780273438,0.0
2017-11-27 00:00:00,111.64900207519531,111.64900207519531,110.84700012207031,111.6709976196289,0.0
2017-11-28 00:00:00,111.15599822998047,111.45700073242188,110.93299865722656,111.16999816894531,0.0
2017-11-29 00:00:00,111.61100006103516,112.13099670410156,111.38500213623047,111.64800262451172,0.0
2017-11-30 00:00:00,112.02799987792969,112.47599792480469,111.74299621582031,112.00199890136719,0.0
2017-12-01 00:00:00,112.55500030517578,112.85199737548828,111.45500183105469,112.55599975585938,0.0
2017-12-04 00:00:00,112.83899688720703,113.07599639892578,112.66400146484375,112.86399841308594,0.0
2017-12-05 00:00:00,112.50800323486328,112.85800170898438,112.37699890136719,112.4990005493164,0.0
2017-12-06 00:00:00,112.46900177001953,112.51899719238281,112.00700378417969,112.46399688720703,0.0
2017-12-07 00:00:00,112.3219985961914,112.79399871826172,112.3219985961914,112.29100036621094,0.0
2017-12-08 00:00:00,113.1969985961914,113.58499908447266,113.12300109863281,113.1729965209961,0.0
2017-12-11 00:00:00,113.5270004272461,113.68099975585938,113.24099731445312,113.54299926757812,0.0
2017-12-12 00:00:00,113.55000305175781,113.73899841308594,113.3740005493164,113.54000091552734,0.0
2017-12-13 00:00:00,113.51300048828125,113.5270004272461,112.96600341796875,113.54499816894531,0.0
2017-12-14 00:00:00,112.74600219726562,112.87300109863281,112.4729995727539,112.78199768066406,0.0
2017-12-15 00:00:00,112.38800048828125,112.72699737548828,112.04299926757812,112.39600372314453,0.0
2017-12-18 00:00:00,112.7300033569336,112.82099914550781,112.3290023803711,112.71600341796875,0.0
2017-12-19 00:00:00,112.58999633789062,113.0260009765625,112.51100158691406,112.56800079345703,0.0
2017-12-20 00:00:00,113.00299835205078,113.3479995727539,112.86199951171875,112.98300170898438,0.0
2017-12-21 00:00:00,113.23899841308594,113.61499786376953,113.23799896240234,113.24099731445312,0.0
2017-12-22 00:00:00,113.29299926757812,113.44000244140625,113.27999877929688,113.322998046875,0.0
2017-12-25 00:00:00,113.29499816894531,113.34500122070312,113.21099853515625,113.30799865722656,0.0
2017-12-26 00:00:00,113.30899810791016,113.34400177001953,113.18900299072266,113.3030014038086,0.0
2017-12-27 00:00:00,113.20099639892578,113.35099792480469,113.15499877929688,113.2030029296875,0.0
2017-12-28 00:00:00,113.22200012207031,113.26399993896484,112.66699981689453,113.21700286865234,0.0
2017-12-29 00:00:00,112.8759994506836,112.96600341796875,112.46800231933594,112.875,0.0
2018-01-01 00:00:00,112.68000030517578,112.69000244140625,112.66999816894531,112.66600036621094,0.0
2018-01-02 00:00:00,112.7699966430664,112.78800201416016,112.07499694824219,112.7699966430664,0.0
2018-01-03 00:00:00,112.26399993896484,112.48500061035156,112.19300079345703,112.24400329589844,0.0
2018-01-04 00:00:00,112.60600280761719,112.85399627685547,112.50700378417969,112.60700225830078,0.0
2018-01-05 00:00:00,112.79000091552734,113.28900146484375,112.73100280761719,112.78299713134766,0.0
2018-01-08 00:00:00,113.1510009765625,113.37000274658203,112.89299774169922,113.15399932861328,0.0
2018-01-09 00:00:00,113.17400360107422,113.17400360107422,112.37000274658203,113.14099884033203,0.0
2018-01-10 00:00:00,112.7699966430664,112.7699966430664,111.28099822998047,112.75499725341797,0.0
2018-01-11 00:00:00,111.4260025024414,111.87100219726562,111.33399963378906,111.44400024414062,0.0
2018-01-12 00:00:00,111.28900146484375,111.66999816894531,111.00299835205078,111.29399871826172,0.0
2018-01-15 00:00:00,111.16999816894531,111.16999816894531,110.49299621582031,111.0999984741211,0.0
2018-01-16 00:00:00,110.62799835205078,110.9729995727539,110.60199737548828,110.58100128173828,0.0
2018-01-17 00:00:00,110.34700012207031,110.90899658203125,110.20800018310547,110.38800048828125,0.0
2018-01-18 00:00:00,111.34100341796875,111.4739990234375,110.73600006103516,111.3759994506836,0.0
2018-01-19 00:00:00,111.00499725341797,111.10600280761719,110.50499725341797,111.0260009765625,0.0
2018-01-22 00:00:00,110.6969985961914,111.14800262451172,110.61399841308594,110.68399810791016,0.0
2018-01-23 00:00:00,110.9739990234375,111.16000366210938,110.25599670410156,110.96600341796875,0.0
2018-01-24 00:00:00,110.12300109863281,110.29199981689453,109.00900268554688,110.10700225830078,0.0
2018-01-25 00:00:00,109.30599975585938,109.46199798583984,108.58999633789062,109.32599639892578,0.0
2018-01-26 00:00:00,109.66200256347656,109.75499725341797,108.33599853515625,109.7040023803711,0.0
2018-01-29 00:00:00,108.64800262451172,109.18900299072266,108.51100158691406,108.63899993896484,0.0
2018-01-30 00:00:00,108.95800018310547,109.19499969482422,108.42500305175781,108.9260025024414,0.0
2018-01-31 00:00:00,108.75599670410156,109.4209976196289,108.5999984741211,108.73200225830078,0.0
2018-02-01 00:00:00,109.17900085449219,109.74400329589844,109.11399841308594,109.20099639892578,0.0
2018-02-02 00:00:00,109.38700103759766,110.46700286865234,109.30400085449219,109.40599822998047,0.0
2018-02-05 00:00:00,110.02200317382812,110.25399780273438,109.66899871826172,110.03500366210938,0.0
2018-02-06 00:00:00,109.01300048828125,109.6259994506836,108.47100067138672,109.09500122070312,0.0
2018-02-07 00:00:00,109.61900329589844,109.6510009765625,108.9260025024414,109.62699890136719,0.0
2018-02-08 00:00:00,109.13099670410156,109.7760009765625,108.89700317382812,109.19599914550781,0.0
2018-02-09 00:00:00,108.5770034790039,109.28600311279297,108.44400024414062,108.52899932861328,0.0
2018-02-12 00:00:00,108.78600311279297,108.78600311279297,108.45500183105469,108.80000305175781,0.0
2018-02-13 00:00:00,108.67400360107422,108.75299835205078,107.43399810791016,108.69000244140625,0.0
2018-02-14 00:00:00,107.75900268554688,107.88600158691406,106.7239990234375,107.76399993896484,0.0
2018-02-15 00:00:00,106.59200286865234,106.8740005493164,106.19400024414062,106.58699798583984,0.0
2018-02-16 00:00:00,106.05999755859375,106.37000274658203,105.55799865722656,106.11100006103516,0.0
2018-02-19 00:00:00,106.2699966430664,106.71299743652344,106.0979995727539,106.26100158691406,0.0
2018-02-20 00:00:00,106.7239990234375,107.34600067138672,106.6449966430664,106.70899963378906,0.0
2018-02-21 00:00:00,107.37300109863281,107.88899993896484,107.3030014038086,107.38099670410156,0.0
2018-02-22 00:00:00,107.62999725341797,107.75700378417969,106.64900207519531,107.55500030517578,0.0
2018-02-23 00:00:00,106.84500122070312,107.11399841308594,106.52300262451172,106.81400299072266,0.0
2018-02-26 00:00:00,107.052001953125,107.06300354003906,106.38300323486328,107.0739974975586,0.0
2018-02-27 00:00:00,107.08599853515625,107.63999938964844,106.79499816894531,107.06900024414062,0.0
2018-02-28 00:00:00,107.46399688720703,107.52200317382812,106.58300018310547,107.4260025024414,0.0
2018-03-01 00:00:00,106.64299774169922,107.19300079345703,106.56700134277344,106.63999938964844,0.0
2018-03-02 00:00:00,106.17500305175781,106.28299713134766,105.26349639892578,106.16300201416016,0.0
2018-03-05 00:00:00,105.55999755859375,105.98300170898438,105.3489990234375,105.55599975585938,0.0
2018-03-06 00:00:00,106.2760009765625,106.4530029296875,105.85299682617188,106.25,0.0
2018-03-07 00:00:00,105.61399841308594,106.18000030517578,105.51100158691406,105.53700256347656,0.0
2018-03-08 00:00:00,106.16899871826172,106.25399780273438,105.89800262451172,106.18599700927734,0.0
2018-03-09 00:00:00,106.40299987792969,107.02899932861328,106.35900115966797,106.40599822998047,0.0
2018-03-12 00:00:00,106.88600158691406,106.96600341796875,106.3740005493164,106.89099884033203,0.0
2018-03-13 00:00:00,106.31800079345703,107.2750015258789,106.26300048828125,106.26000213623047,0.0
2018-03-14 00:00:00,106.54900360107422,106.73400115966797,106.08399963378906,106.50800323486328,0.0
2018-03-15 00:00:00,106.15399932861328,106.1719970703125,105.79000091552734,106.15499877929688,0.0
2018-03-16 00:00:00,106.3280029296875,106.3280029296875,105.60700225830078,106.30899810791016,0.0
2018-03-19 00:00:00,105.96800231933594,106.2979965209961,105.68099975585938,105.96900177001953,0.0
2018-03-20 00:00:00,106.03800201416016,106.58300018310547,105.98400115966797,105.99600219726562,0.0
2018-03-21 00:00:00,106.4800033569336,106.51200103759766,106.13899993896484,106.46900177001953,0.0
2018-03-22 00:00:00,105.91699981689453,105.96099853515625,105.28299713134766,105.92900085449219,0.0
2018-03-23 00:00:00,104.97899627685547,105.27899932861328,104.66699981689453,104.96800231933594,0.0
2018-03-25 23:00:00,104.83999633789062,105.24400329589844,104.73600006103516,104.85900115966797,0.0
2018-03-26 23:00:00,105.5459976196289,105.88800048828125,105.45899963378906,105.5,0.0
2018-03-27 23:00:00,105.52200317382812,106.3239974975586,105.43099975585938,105.49299621582031,0.0
2018-03-28 23:00:00,106.79900360107422,106.9260025024414,106.2594985961914,106.81199645996094,0.0
2018-03-29 23:00:00,106.4739990234375,106.50399780273438,106.11599731445312,106.47899627685547,0.0
2018-04-01 23:00:00,106.31800079345703,106.44599914550781,105.96199798583984,106.31199645996094,0.0
2018-04-02 23:00:00,105.80500030517578,106.58999633789062,105.69499969482422,105.79900360107422,0.0
2018-04-03 23:00:00,106.42900085449219,106.68000030517578,105.99500274658203,106.43599700927734,0.0
2018-04-04 23:00:00,106.78399658203125,107.48100280761719,106.71600341796875,106.77400207519531,0.0
2018-04-05 23:00:00,107.08100128173828,107.4540023803711,106.96900177001953,107.052001953125,0.0
2018-04-08 23:00:00,106.94999694824219,107.1989974975586,106.85299682617188,106.96800231933594,0.0
2018-04-09 23:00:00,106.72000122070312,107.39299774169922,106.62899780273438,106.7490005493164,0.0
2018-04-10 23:00:00,107.11100006103516,107.14900207519531,106.65399932861328,107.11299896240234,0.0
2018-04-11 23:00:00,106.81400299072266,107.41200256347656,106.7030029296875,106.8290023803711,0.0
2018-04-12 23:00:00,107.27999877929688,107.77400207519531,107.25900268554688,107.22200012207031,0.0
2018-04-15 23:00:00,107.48799896240234,107.50499725341797,107.13600158691406,107.49800109863281,0.0
2018-04-16 23:00:00,107.00800323486328,107.19599914550781,106.88400268554688,107.0459976196289,0.0
2018-04-17 23:00:00,107.02799987792969,107.37799835205078,107.00700378417969,107.01599884033203,0.0
2018-04-18 23:00:00,107.36199951171875,107.51100158691406,107.2699966430664,107.34600067138672,0.0
2018-04-19 23:00:00,107.44000244140625,107.8479995727539,107.40499877929688,107.43199920654297,0.0
2018-04-22 23:00:00,107.84300231933594,108.62999725341797,107.73300170898438,107.86900329589844,0.0
2018-04-23 23:00:00,108.74800109863281,109.18800354003906,108.7020034790039,108.76100158691406,0.0
2018-04-24 23:00:00,108.802001953125,109.3740005493164,108.78900146484375,108.8030014038086,0.0
2018-04-25 23:00:00,109.36699676513672,109.447998046875,109.072998046875,109.36399841308594,0.0
2018-04-26 23:00:00,109.31500244140625,109.53299713134766,108.9800033569336,109.30000305175781,0.0
2018-04-29 23:00:00,109.09500122070312,109.43949890136719,109.0199966430664,109.0979995727539,0.0
2018-04-30 23:00:00,109.30599975585938,109.78700256347656,109.25800323486328,109.322998046875,0.0
2018-05-01 23:00:00,109.84600067138672,109.99800109863281,109.6520004272461,109.87200164794922,0.0
2018-05-02 23:00:00,109.8219985961914,109.84400177001953,108.93000030517578,109.8270034790039,0.0
2018-05-03 23:00:00,109.11900329589844,109.26100158691406,108.64900207519531,109.09600067138672,0.0
2018-05-06 23:00:00,109.13899993896484,109.38200378417969,108.75700378417969,109.14600372314453,0.0
2018-05-07 23:00:00,108.94000244140625,109.33100128173828,108.85800170898438,108.94300079345703,0.0
2018-05-08 23:00:00,109.03900146484375,109.82099914550781,109.0009994506836,109.02400207519531,0.0
2018-05-09 23:00:00,109.82599639892578,109.98699951171875,109.33200073242188,109.84700012207031,0.0
2018-05-10 23:00:00,109.46399688720703,109.56199645996094,109.16100311279297,109.43599700927734,0.0
2018-05-13 23:00:00,109.32599639892578,109.63500213623047,109.20999908447266,109.33799743652344,0.0
2018-05-14 23:00:00,109.72899627685547,110.36199951171875,109.6729965209961,109.73100280761719,0.0
2018-05-15 23:00:00,110.28299713134766,110.37899780273438,110.04299926757812,110.2969970703125,0.0
2018-05-16 23:00:00,110.37999725341797,110.85800170898438,110.09500122070312,110.35900115966797,0.0
2018-05-17 23:00:00,110.84400177001953,111.0719985961914,110.65599822998047,110.8280029296875,0.0
2018-05-20 23:00:00,110.91799926757812,111.38500213623047,110.90599822998047,110.87999725341797,0.0
2018-05-21 23:00:00,111.00700378417969,111.1709976196289,110.8010025024414,110.97799682617188,0.0
2018-05-22 23:00:00,110.7300033569336,110.8740005493164,109.55899810791016,110.72599792480469,0.0
2018-05-23 23:00:00,109.90899658203125,109.91300201416016,108.97599792480469,109.86900329589844,0.0
2018-05-24 23:00:00,109.33000183105469,109.72100067138672,109.11900329589844,109.31199645996094,0.0
2018-05-27 23:00:00,109.63700103759766,109.73100280761719,109.2509994506836,109.62300109863281,0.0
2018-05-28 23:00:00,109.38700103759766,109.38700103759766,108.47599792480469,109.38899993896484,0.0
2018-05-29 23:00:00,108.4489974975586,109.05999755859375,108.39900207519531,108.39399719238281,0.0
2018-05-30 23:00:00,108.7239990234375,108.98400115966797,108.4000015258789,108.71199798583984,0.0
2018-05-31 23:00:00,108.76499938964844,109.72000122070312,108.76200103759766,108.7490005493164,0.0
2018-06-03 23:00:00,109.5979995727539,109.7490005493164,109.37300109863281,109.5979995727539,0.0
2018-06-04 23:00:00,109.9729995727539,109.98600006103516,109.59300231933594,109.96299743652344,0.0
2018-06-05 23:00:00,109.87300109863281,110.21499633789062,109.8010025024414,109.85900115966797,0.0
2018-06-06 23:00:00,110.11699676513672,110.21499633789062,109.8499984741211,110.125,0.0
2018-06-07 23:00:00,109.72200012207031,109.84500122070312,109.1989974975586,109.69400024414062,0.0
2018-06-10 23:00:00,109.51000213623047,110.0469970703125,109.39900207519531,109.44300079345703,0.0
2018-06-11 23:00:00,110.36199951171875,110.47000122070312,110.0999984741211,110.38600158691406,0.0
2018-06-12 23:00:00,110.46600341796875,110.7040023803711,110.34300231933594,110.4520034790039,0.0
2018-06-13 23:00:00,110.24400329589844,110.45700073242188,109.91899871826172,110.24199676513672,0.0
2018-06-14 23:00:00,110.66100311279297,110.89700317382812,110.39199829101562,110.6449966430664,0.0
2018-06-17 23:00:00,110.62300109863281,110.64900207519531,110.30799865722656,110.61699676513672,0.0
2018-06-18 23:00:00,110.16899871826172,110.19300079345703,109.55899810791016,110.13800048828125,0.0
2018-06-19 23:00:00,110.08100128173828,110.24400329589844,109.87000274658203,110.07099914550781,0.0
2018-06-20 23:00:00,110.34400177001953,110.7490005493164,109.88600158691406,110.35199737548828,0.0
2018-06-21 23:00:00,109.93599700927734,110.20899963378906,109.802001953125,109.9520034790039,0.0
2018-06-24 23:00:00,109.93499755859375,109.93499755859375,109.38099670410156,109.93699645996094,0.0
2018-06-25 23:00:00,109.63300323486328,110.01599884033203,109.38899993896484,109.64299774169922,0.0
2018-06-26 23:00:00,110.12999725341797,110.47899627685547,109.68800354003906,110.09700012207031,0.0
2018-06-27 23:00:00,110.22899627685547,110.41100311279297,109.9739990234375,110.21499633789062,0.0
2018-06-28 23:00:00,110.44200134277344,110.87100219726562,110.38800048828125,110.48600006103516,0.0
2018-07-01 23:00:00,110.74500274658203,111.0530014038086,110.60600280761719,110.70999908447266,0.0
2018-07-02 23:00:00,110.88700103759766,111.1259994506836,110.51000213623047,110.87100219726562,0.0
2018-07-03 23:00:00,110.4000015258789,110.5459976196289,110.28199768066406,110.40799713134766,0.0
2018-07-04 23:00:00,110.49700164794922,110.7030029296875,110.29499816894531,110.50199890136719,0.0
2018-07-05 23:00:00,110.55500030517578,110.77799987792969,110.38400268554688,110.5790023803711,0.0
2018-07-08 23:00:00,110.4229965209961,110.7760009765625,110.36000061035156,110.4219970703125,0.0
2018-07-09 23:00:00,110.94100189208984,111.34300231933594,110.92400360107422,110.9530029296875,0.0
2018-07-10 23:00:00,110.875,111.62000274658203,110.77400207519531,110.83100128173828,0.0
2018-07-11 23:00:00,111.98600006103516,112.61599731445312,111.98600006103516,111.95800018310547,0.0
2018-07-12 23:00:00,112.65499877929688,112.79299926757812,112.36900329589844,112.66500091552734,0.0
2018-07-15 23:00:00,112.40299987792969,112.54900360107422,112.2509994506836,112.39900207519531,0.0
2018-07-16 23:00:00,112.36299896240234,112.89900207519531,112.23500061035156,112.3740005493164,0.0
2018-07-17 23:00:00,112.99099731445312,113.12899780273438,112.72000122070312,113.01200103759766,0.0
2018-07-18 23:00:00,112.802001953125,113.14700317382812,112.65399932861328,112.79100036621094,0.0
2018-07-19 23:00:00,112.37200164794922,112.61299896240234,111.64600372314453,112.36299896240234,0.0
2018-07-22 23:00:00,111.05799865722656,111.4209976196289,110.77899932861328,111.0530014038086,0.0
2018-07-23 23:00:00,111.44999694824219,111.44999694824219,110.97599792480469,111.45999908447266,0.0
2018-07-24 23:00:00,111.26799774169922,111.36000061035156,110.90499877929688,111.24099731445312,0.0
2018-07-25 23:00:00,110.8759994506836,111.1989974975586,110.60299682617188,110.84500122070312,0.0
2018-07-26 23:00:00,111.13899993896484,111.21600341796875,110.90499877929688,111.14600372314453,0.0
2018-07-29 23:00:00,110.9219970703125,111.15599822998047,110.89399719238281,110.93399810791016,0.0
2018-07-30 23:00:00,110.98899841308594,111.9530029296875,110.85900115966797,110.99400329589844,0.0
2018-07-31 23:00:00,111.79499816894531,112.13700103759766,111.69999694824219,111.80799865722656,0.0
2018-08-01 23:00:00,111.63700103759766,111.7239990234375,111.33000183105469,111.62000274658203,0.0
2018-08-02 23:00:00,111.6989974975586,111.78299713134766,111.0999984741211,111.69000244140625,0.0
2018-08-05 23:00:00,111.21700286865234,111.52200317382812,111.16699981689453,111.23400115966797,0.0
2018-08-06 23:00:00,111.3280029296875,111.36399841308594,110.9990005493164,111.33999633789062,0.0
2018-08-07 23:00:00,111.34700012207031,111.41999816894531,110.83999633789062,111.34500122070312,0.0
2018-08-08 23:00:00,110.90299987792969,111.1780014038086,110.70999908447266,110.89199829101562,0.0
2018-08-09 23:00:00,111.06400299072266,111.12799835205078,110.51799774169922,111.09100341796875,0.0
2018-08-12 23:00:00,110.64900207519531,110.927001953125,110.11499786376953,110.62899780273438,0.0
2018-08-13 23:00:00,110.5979995727539,111.12300109863281,110.5979995727539,110.66100311279297,0.0
2018-08-14 23:00:00,111.25299835205078,111.41799926757812,110.43599700927734,111.24600219726562,0.0
2018-08-15 23:00:00,110.58499908447266,110.91000366210938,110.47200012207031,110.57599639892578,0.0
2018-08-16 23:00:00,110.99299621582031,111.03500366210938,110.322998046875,111.00399780273438,0.0
2018-08-19 23:00:00,110.47699737548828,110.67500305175781,110.30999755859375,110.4749984741211,0.0
2018-08-20 23:00:00,109.93599700927734,110.48899841308594,109.7760009765625,109.947998046875,0.0
2018-08-21 23:00:00,110.10099792480469,110.60900115966797,110.02999877929688,110.13400268554688,0.0
2018-08-22 23:00:00,110.55999755859375,111.28500366210938,110.552001953125,110.58799743652344,0.0
2018-08-23 23:00:00,111.33799743652344,111.48100280761719,111.14099884033203,111.36699676513672,0.0
2018-08-26 23:00:00,111.28900146484375,111.33799743652344,110.94400024414062,111.28199768066406,0.0
2018-08-27 23:00:00,111.1259994506836,111.35099792480469,110.94000244140625,111.13700103759766,0.0
2018-08-28 23:00:00,111.16100311279297,111.81199645996094,111.12899780273438,111.16200256347656,0.0
2018-08-29 23:00:00,111.69100189208984,111.74600219726562,111.13600158691406,111.71199798583984,0.0
2018-08-30 23:00:00,110.99800109863281,111.08599853515625,110.68599700927734,110.9990005493164,0.0
2018-09-02 23:00:00,111.14099884033203,111.16600036621094,110.85099792480469,111.14399719238281,0.0
2018-09-03 23:00:00,111.06099700927734,111.5250015258789,110.91699981689453,111.08799743652344,0.0
2018-09-04 23:00:00,111.44599914550781,111.75199890136719,111.40499877929688,111.46099853515625,0.0
2018-09-05 23:00:00,111.43099975585938,111.43099975585938,110.84700012207031,111.4489974975586,0.0
2018-09-06 23:00:00,110.48600006103516,111.23300170898438,110.3949966430664,110.49500274658203,0.0
2018-09-09 23:00:00,110.91400146484375,111.18499755859375,110.875,110.91999816894531,0.0
2018-09-10 23:00:00,111.15899658203125,111.59200286865234,111.1510009765625,111.14800262451172,0.0
2018-09-11 23:00:00,111.5979995727539,111.60199737548828,111.21900177001953,111.60700225830078,0.0
2018-09-12 23:00:00,111.1719970703125,111.94499969482422,111.1719970703125,111.22000122070312,0.0
2018-09-13 23:00:00,112.0469970703125,112.16500091552734,111.75399780273438,112.01200103759766,0.0
2018-09-16 23:00:00,111.95099639892578,112.11699676513672,111.85700225830078,111.9530029296875,0.0
2018-09-17 23:00:00,111.66699981689453,112.375,111.66699981689453,111.69000244140625,0.0
2018-09-18 23:00:00,112.28700256347656,112.4260025024414,112.19000244140625,112.2770004272461,0.0
2018-09-19 23:00:00,112.31700134277344,112.57499694824219,112.05999755859375,112.31700134277344,0.0
2018-09-20 23:00:00,112.48300170898438,112.87100219726562,112.46399688720703,112.49500274658203,0.0
2018-09-23 23:00:00,112.5250015258789,112.68399810791016,112.44400024414062,112.52400207519531,0.0
2018-09-24 23:00:00,112.79499816894531,112.95700073242188,112.73999786376953,112.78600311279297,0.0
2018-09-25 23:00:00,112.97699737548828,113.0459976196289,112.7699966430664,112.96900177001953,0.0
2018-09-26 23:00:00,112.69999694824219,113.3949966430664,112.56999969482422,112.7040023803711,0.0
2018-09-27 23:00:00,113.38899993896484,113.64900207519531,113.33000183105469,113.35700225830078,0.0
2018-09-30 23:00:00,113.78399658203125,114.05400085449219,113.73799896240234,113.7959976196289,0.0
2018-10-01 23:00:00,113.95800018310547,114.00700378417969,113.52799987792969,113.94599914550781,0.0
2018-10-02 23:00:00,113.5739974975586,114.2239990234375,113.51799774169922,113.5770034790039,0.0
2018-10-03 23:00:00,114.48899841308594,114.51100158691406,113.66200256347656,114.48600006103516,0.0
2018-10-04 23:00:00,113.89900207519531,114.08599853515625,113.56400299072266,113.89399719238281,0.0
2018-10-07 23:00:00,113.69599914550781,113.94000244140625,113.00199890136719,113.71499633789062,0.0
2018-10-08 23:00:00,113.09300231933594,113.37999725341797,112.94000244140625,113.09700012207031,0.0
2018-10-09 23:00:00,112.9990005493164,113.27200317382812,112.6050033569336,112.99800109863281,0.0
2018-10-10 23:00:00,112.12100219726562,112.51799774169922,111.98699951171875,112.09200286865234,0.0
2018-10-11 23:00:00,112.10199737548828,112.48999786376953,112.00700378417969,112.08000183105469,0.0
2018-10-14 23:00:00,112.21900177001953,112.21900177001953,111.62300109863281,112.19200134277344,0.0
2018-10-15 23:00:00,111.84700012207031,112.28500366210938,111.81300354003906,111.84100341796875,0.0
2018-10-16 23:00:00,112.31400299072266,112.41400146484375,112.01799774169922,112.34200286865234,0.0
2018-10-17 23:00:00,112.61799621582031,112.7249984741211,112.08999633789062,112.62799835205078,0.0
2018-10-18 23:00:00,112.21099853515625,112.62300109863281,112.1989974975586,112.18499755859375,0.0
2018-10-21 23:00:00,112.45099639892578,112.8740005493164,112.35199737548828,112.4800033569336,0.0
2018-10-22 23:00:00,112.74099731445312,112.79499816894531,111.96199798583984,112.75700378417969,0.0
2018-10-23 23:00:00,112.4469985961914,112.73699951171875,112.33100128173828,112.44400024414062,0.0
2018-10-24 23:00:00,112.02899932861328,112.63099670410156,111.82499694824219,112.01200103759766,0.0
2018-10-25 23:00:00,112.31300354003906,112.43399810791016,111.38500213623047,112.3499984741211,0.0
2018-10-29 00:00:00,111.91200256347656,112.5510025024414,111.79000091552734,111.90799713134766,0.0
2018-10-30 00:00:00,112.30699920654297,112.9729995727539,112.30699920654297,112.3239974975586,0.0
2018-10-31 00:00:00,113.05699920654297,113.375,112.8280029296875,113.052001953125,0.0
2018-11-01 00:00:00,112.84600067138672,112.99500274658203,112.64199829101562,112.85099792480469,0.0
2018-11-02 00:00:00,112.7229995727539,113.10299682617188,112.66100311279297,112.71499633789062,0.0
2018-11-05 00:00:00,113.13300323486328,113.32099914550781,113.07499694824219,113.13899993896484,0.0
2018-11-06 00:00:00,113.27300262451172,113.43599700927734,113.10800170898438,113.24600219726562,0.0
2018-11-07 00:00:00,113.35199737548828,113.80799865722656,112.94999694824219,113.36299896240234,0.0
2018-11-08 00:00:00,113.56600189208984,113.875,113.5510025024414,113.5469970703125,0.0
2018-11-09 00:00:00,113.95899963378906,114.00199890136719,113.65599822998047,113.9530029296875,0.0
2018-11-12 00:00:00,113.83799743652344,114.18399810791016,113.66000366210938,113.84600067138672,0.0
2018-11-13 00:00:00,113.66000366210938,114.13999938964844,113.59200286865234,113.69599914550781,0.0
2018-11-14 00:00:00,113.79299926757812,113.99600219726562,113.65499877929688,113.78900146484375,0.0
2018-11-15 00:00:00,113.55899810791016,113.6500015258789,113.10099792480469,113.56400299072266,0.0
2018-11-16 00:00:00,113.55899810791016,113.60199737548828,112.67900085449219,113.55500030517578,0.0
2018-11-19 00:00:00,112.72699737548828,112.86499786376953,112.4489974975586,112.7300033569336,0.0
2018-11-20 00:00:00,112.45600128173828,112.73100280761719,112.30000305175781,112.44300079345703,0.0
2018-11-21 00:00:00,112.71199798583984,113.14199829101562,112.7020034790039,112.7030029296875,0.0
2018-11-22 00:00:00,113.02100372314453,113.12300109863281,112.87999725341797,113.02100372314453,0.0
2018-11-23 00:00:00,112.99800109863281,113.00499725341797,112.66400146484375,112.97799682617188,0.0
2018-11-26 00:00:00,112.92400360107422,113.58799743652344,112.90399932861328,112.91899871826172,0.0
2018-11-27 00:00:00,113.51499938964844,113.83200073242188,113.40599822998047,113.50399780273438,0.0
2018-11-28 00:00:00,113.7770004272461,114.01499938964844,113.70999908447266,113.76699829101562,0.0
2018-11-29 00:00:00,113.56999969482422,113.60800170898438,113.20099639892578,113.55500030517578,0.0
2018-11-30 00:00:00,113.41200256347656,113.59600067138672,113.33799743652344,113.41100311279297,0.0
2018-12-03 00:00:00,113.75800323486328,113.75800323486328,113.37300109863281,113.76300048828125,0.0
2018-12-04 00:00:00,113.58899688720703,113.61399841308594,112.72000122070312,113.58699798583984,0.0
2018-12-05 00:00:00,112.6969985961914,113.22599792480469,112.68299865722656,112.6989974975586,0.0
2018-12-06 00:00:00,113.06199645996094,113.15299987792969,112.23999786376953,113.0510025024414,0.0
2018-12-07 00:00:00,112.73100280761719,112.92500305175781,112.56300354003906,112.68900299072266,0.0
2018-12-10 00:00:00,112.50599670410156,113.04900360107422,112.2490005493164,112.50199890136719,0.0
2018-12-11 00:00:00,113.19999694824219,113.4530029296875,113.00599670410156,113.18099975585938,0.0
2018-12-12 00:00:00,113.38400268554688,113.51200103759766,113.16000366210938,113.38400268554688,0.0
2018-12-13 00:00:00,113.28700256347656,113.7020034790039,113.28700256347656,113.28500366210938,0.0
2018-12-14 00:00:00,113.572998046875,113.66799926757812,113.31900024414062,113.55999755859375,0.0
2018-12-17 00:00:00,113.39099884033203,113.51699829101562,112.87699890136719,113.38999938964844,0.0
2018-12-18 00:00:00,112.83200073242188,112.83200073242188,112.25,112.8290023803711,0.0
2018-12-19 00:00:00,112.49700164794922,112.58399963378906,112.13300323486328,112.52400207519531,0.0
2018-12-20 00:00:00,112.4219970703125,112.5989990234375,111.33100128173828,112.41000366210938,0.0
2018-12-21 00:00:00,111.197998046875,111.44999694824219,110.93900299072266,111.1709976196289,0.0
2018-12-24 00:00:00,111.0999984741211,111.13999938964844,110.26699829101562,111.05400085449219,0.0
2018-12-25 00:00:00,110.31400299072266,110.34400177001953,109.99099731445312,110.31099700927734,0.0
2018-12-26 00:00:00,110.43099975585938,110.697998046875,110.28600311279297,110.4020004272461,0.0
2018-12-27 00:00:00,111.22100067138672,111.22200012207031,110.65299987792969,111.20600128173828,0.0
2018-12-28 00:00:00,110.86000061035156,110.93000030517578,110.22200012207031,110.8550033569336,0.0
2018-12-31 00:00:00,110.3239974975586,110.46800231933594,109.65899658203125,110.33000183105469,0.0
2019-01-01 00:00:00,109.62999725341797,109.63400268554688,109.58999633789062,109.62999725341797,0.0
2019-01-02 00:00:00,109.66000366210938,109.67400360107422,108.7300033569336,109.66799926757812,0.0
2019-01-03 00:00:00,107.44999694824219,108.27100372314453,106.7760009765625,107.44100189208984,0.0
2019-01-04 00:00:00,107.86599731445312,108.58300018310547,107.51300048828125,107.80799865722656,0.0
2019-01-07 00:00:00,108.48899841308594,108.625,108.03600311279297,108.52200317382812,0.0
2019-01-08 00:00:00,108.64299774169922,109.0770034790039,108.44999694824219,108.61599731445312,0.0
2019-01-09 00:00:00,108.7509994506836,108.9800033569336,108.06400299072266,108.7760009765625,0.0
2019-01-10 00:00:00,108.16200256347656,108.322998046875,107.77300262451172,108.18900299072266,0.0
2019-01-11 00:00:00,108.28700256347656,108.57099914550781,108.15399932861328,108.2979965209961,0.0
2019-01-14 00:00:00,108.46600341796875,108.4749984741211,107.99800109863281,108.45800018310547,0.0
2019-01-15 00:00:00,108.24500274658203,108.75,108.20700073242188,108.25,0.0
2019-01-16 00:00:00,108.65399932861328,108.90699768066406,108.37100219726562,108.64399719238281,0.0
2019-01-17 00:00:00,109.03600311279297,109.08799743652344,108.68900299072266,109.03700256347656,0.0
2019-01-18 00:00:00,109.14299774169922,109.79199981689453,109.14299774169922,109.15299987792969,0.0
2019-01-21 00:00:00,109.65699768066406,109.697998046875,109.48200225830078,109.66100311279297,0.0
2019-01-22 00:00:00,109.66300201416016,109.6780014038086,109.27999877929688,109.66999816894531,0.0
2019-01-23 00:00:00,109.36499786376953,109.9739990234375,109.36499786376953,109.3550033569336,0.0
2019-01-24 00:00:00,109.47699737548828,109.79199981689453,109.427001953125,109.49199676513672,0.0
2019-01-25 00:00:00,109.59200286865234,109.94300079345703,109.53500366210938,109.59700012207031,0.0
2019-01-28 00:00:00,109.38800048828125,109.51899719238281,109.16400146484375,109.4000015258789,0.0
2019-01-29 00:00:00,109.26300048828125,109.52999877929688,109.14099884033203,109.25399780273438,0.0
2019-01-30 00:00:00,109.41200256347656,109.73600006103516,109.22599792480469,109.41699981689453,0.0
2019-01-31 00:00:00,108.95700073242188,108.99500274658203,108.5,108.98100280761719,0.0
2019-02-01 00:00:00,108.84600067138672,109.56199645996094,108.75,108.84400177001953,0.0
2019-02-04 00:00:00,109.4800033569336,110.13999938964844,109.4729995727539,109.43800354003906,0.0
2019-02-05 00:00:00,109.98500061035156,110.03399658203125,109.78700256347656,109.96099853515625,0.0
2019-02-06 00:00:00,109.93499755859375,110.04900360107422,109.55899810791016,109.94100189208984,0.0
2019-02-07 00:00:00,109.98600006103516,110.0770034790039,109.60399627685547,109.9739990234375,0.0
2019-02-08 00:00:00,109.76000213623047,109.88999938964844,109.65399932861328,109.75599670410156,0.0
2019-02-11 00:00:00,109.81700134277344,110.44499969482422,109.7770004272461,109.80999755859375,0.0
2019-02-12 00:00:00,110.39199829101562,110.6449966430664,110.3479995727539,110.4000015258789,0.0
2019-02-13 00:00:00,110.51300048828125,110.88099670410156,110.50199890136719,110.51499938964844,0.0
2019-02-14 00:00:00,110.93800354003906,111.12100219726562,110.51100158691406,110.9229965209961,0.0
2019-02-15 00:00:00,110.53900146484375,110.63700103759766,110.26000213623047,110.53800201416016,0.0
2019-02-18 00:00:00,110.54299926757812,110.60700225830078,110.46399688720703,110.56400299072266,0.0
2019-02-19 00:00:00,110.5989990234375,110.81099700927734,110.4540023803711,110.59100341796875,0.0
2019-02-20 00:00:00,110.59700012207031,110.94400024414062,110.59400177001953,110.5719985961914,0.0
2019-02-21 00:00:00,110.77899932861328,110.8489990234375,110.59700012207031,110.76499938964844,0.0
2019-02-22 00:00:00,110.70099639892578,110.9000015258789,110.62999725341797,110.70800018310547,0.0
2019-02-25 00:00:00,110.76899719238281,111.07099914550781,110.5790023803711,110.77200317382812,0.0
2019-02-26 00:00:00,111.03500366210938,111.06600189208984,110.66999816894531,111.0459976196289,0.0
2019-02-27 00:00:00,110.5510025024414,110.96600341796875,110.35700225830078,110.55599975585938,0.0
2019-02-28 00:00:00,110.87300109863281,111.43499755859375,110.66000366210938,110.86199951171875,0.0
2019-03-01 00:00:00,111.37100219726562,111.97599792480469,111.37100219726562,111.35700225830078,0.0
2019-03-04 00:00:00,111.9229965209961,112.00700378417969,111.66300201416016,111.93800354003906,0.0
2019-03-05 00:00:00,111.76000213623047,112.12899780273438,111.76000213623047,111.7770004272461,0.0
2019-03-06 00:00:00,111.8550033569336,111.91000366210938,111.61399841308594,111.86599731445312,0.0
2019-03-07 00:00:00,111.64199829101562,111.84100341796875,111.4800033569336,111.62300109863281,0.0
2019-03-08 00:00:00,111.63800048828125,111.63899993896484,110.83000183105469,111.63400268554688,0.0
2019-03-11 00:00:00,111.0770034790039,111.2959976196289,110.87799835205078,111.08000183105469,0.0
2019-03-12 00:00:00,111.3239974975586,111.4530029296875,111.10700225830078,111.34200286865234,0.0
2019-03-13 00:00:00,111.3219985961914,111.45500183105469,111.1449966430664,111.30599975585938,0.0
2019-03-14 00:00:00,111.19599914550781,111.72200012207031,111.1449966430664,111.19599914550781,0.0
2019-03-15 00:00:00,111.77100372314453,111.89600372314453,111.38999938964844,111.75299835205078,0.0
2019-03-18 00:00:00,111.5479965209961,111.62000274658203,111.41200256347656,111.56099700927734,0.0
2019-03-19 00:00:00,111.38400268554688,111.46900177001953,111.15899658203125,111.37300109863281,0.0
2019-03-20 00:00:00,111.4280014038086,111.68800354003906,111.375,111.4010009765625,0.0
2019-03-21 00:00:00,110.64399719238281,110.94499969482422,110.30899810791016,110.66000366210938,0.0
2019-03-22 00:00:00,110.81199645996094,110.88500213623047,109.73999786376953,110.80599975585938,0.0
2019-03-25 00:00:00,110.12000274658203,110.22899627685547,109.72899627685547,110.08100128173828,0.0
2019-03-26 00:00:00,110.06400299072266,110.67500305175781,110.0009994506836,110.06800079345703,0.0
2019-03-27 00:00:00,110.5479965209961,110.69300079345703,110.24700164794922,110.55400085449219,0.0
2019-03-28 00:00:00,110.48500061035156,110.81700134277344,110.03099822998047,110.48999786376953,0.0
2019-03-29 00:00:00,110.6780014038086,110.93599700927734,110.54000091552734,110.63700103759766,0.0
2019-03-31 23:00:00,110.99299621582031,111.31099700927734,110.86299896240234,110.99500274658203,0.0
2019-04-01 23:00:00,111.43399810791016,111.43399810791016,111.2509994506836,111.45099639892578,0.0
2019-04-02 23:00:00,111.31999969482422,111.5739974975586,111.20999908447266,111.30500030517578,0.0
2019-04-03 23:00:00,111.37300109863281,111.61699676513672,111.33799743652344,111.3949966430664,0.0
2019-04-04 23:00:00,111.65699768066406,111.81600189208984,111.61000061035156,111.65799713134766,0.0
2019-04-07 23:00:00,111.6969985961914,111.7030029296875,111.28399658203125,111.71099853515625,0.0
2019-04-08 23:00:00,111.44999694824219,111.56400299072266,110.98999786376953,111.45600128173828,0.0
2019-04-09 23:00:00,111.1050033569336,111.23999786376953,110.88700103759766,111.1050033569336,0.0
2019-04-10 23:00:00,110.99099731445312,111.52100372314453,110.99099731445312,110.98500061035156,0.0
2019-04-11 23:00:00,111.64900207519531,112.0199966430664,111.63500213623047,111.62100219726562,0.0
2019-04-14 23:00:00,112.03500366210938,112.08300018310547,111.88800048828125,112.02799987792969,0.0
2019-04-15 23:00:00,111.95099639892578,112.03399658203125,111.8489990234375,111.94300079345703,0.0
2019-04-16 23:00:00,111.98699951171875,112.15799713134766,111.9260025024414,111.99299621582031,0.0
2019-04-17 23:00:00,112.04399871826172,112.04399871826172,111.78199768066406,112.03600311279297,0.0
2019-04-18 23:00:00,111.98600006103516,112.00299835205078,111.89700317382812,111.98899841308594,0.0
2019-04-21 23:00:00,111.90899658203125,111.98699951171875,111.88400268554688,111.91000366210938,0.0
2019-04-22 23:00:00,111.93299865722656,112.02400207519531,111.66400146484375,111.92900085449219,0.0
2019-04-23 23:00:00,111.86499786376953,111.96800231933594,111.69000244140625,111.87699890136719,0.0
2019-04-24 23:00:00,112.13999938964844,112.22599792480469,111.4010009765625,112.12999725341797,0.0
2019-04-25 23:00:00,111.50599670410156,111.90799713134766,111.427001953125,111.53900146484375,0.0
2019-04-28 23:00:00,111.60099792480469,111.88300323486328,111.57499694824219,111.59300231933594,0.0
2019-04-29 23:00:00,111.6780014038086,111.6780014038086,111.2300033569336,111.677001953125,0.0
2019-04-30 23:00:00,111.40399932861328,111.54399871826172,111.13600158691406,111.3949966430664,0.0
2019-05-01 23:00:00,111.44999694824219,111.65499877929688,111.37899780273438,111.4520034790039,0.0
2019-05-02 23:00:00,111.48699951171875,111.62200164794922,111.1500015258789,111.49500274658203,0.0
2019-05-05 23:00:00,110.5989990234375,110.94599914550781,110.29900360107422,110.62300109863281,0.0
2019-05-06 23:00:00,110.80500030517578,110.80500030517578,110.33000183105469,110.80500030517578,0.0
2019-05-07 23:00:00,110.23799896240234,110.23999786376953,109.90799713134766,110.25700378417969,0.0
2019-05-08 23:00:00,110.02200317382812,110.06600189208984,109.47599792480469,110.02799987792969,0.0
2019-05-09 23:00:00,109.85800170898438,110.03800201416016,109.50399780273438,109.80699920654297,0.0
2019-05-12 23:00:00,109.63700103759766,109.7969970703125,109.02899932861328,109.65399932861328,0.0
2019-05-13 23:00:00,109.1729965209961,109.76000213623047,109.15299987792969,109.15399932861328,0.0
2019-05-14 23:00:00,109.68099975585938,109.69599914550781,109.16100311279297,109.6709976196289,0.0
2019-05-15 23:00:00,109.4469985961914,109.94999694824219,109.3489990234375,109.4749984741211,0.0
2019-05-16 23:00:00,109.85099792480469,110.00299835205078,109.50800323486328,109.87100219726562,0.0
2019-05-19 23:00:00,110.15399932861328,110.3030014038086,109.80999755859375,110.16000366210938,0.0
2019-05-20 23:00:00,110.10099792480469,110.64800262451172,110.05799865722656,110.06999969482422,0.0
2019-05-22 23:00:00,110.2249984741211,110.3489990234375,109.55599975585938,110.22100067138672,0.0
2019-05-23 23:00:00,109.55599975585938,109.7239990234375,109.27999877929688,109.55799865722656,0.0
2019-05-26 23:00:00,109.4000015258789,109.57499694824219,109.37999725341797,109.4010009765625,0.0
2019-05-27 23:00:00,109.50299835205078,109.62200164794922,109.20999908447266,109.50900268554688,0.0
2019-05-28 23:00:00,109.36599731445312,109.44100189208984,109.1520004272461,109.34600067138672,0.0
2019-05-29 23:00:00,109.55500030517578,109.9209976196289,109.48799896240234,109.54199981689453,0.0
2019-05-30 23:00:00,109.30000305175781,109.38800048828125,108.56300354003906,109.35700225830078,0.0
2019-06-02 23:00:00,108.22699737548828,108.43099975585938,108.06700134277344,108.21199798583984,0.0
2019-06-03 23:00:00,108.05899810791016,108.3550033569336,107.85399627685547,108.0270004272461,0.0
2019-06-04 23:00:00,108.22899627685547,108.35399627685547,107.81999969482422,108.25399780273438,0.0
2019-06-05 23:00:00,108.34400177001953,108.40299987792969,108.03500366210938,108.3280029296875,0.0
2019-06-06 23:00:00,108.45700073242188,108.60399627685547,107.89800262451172,108.4540023803711,0.0
2019-06-09 23:00:00,108.4469985961914,108.70800018310547,108.36799621582031,108.4489974975586,0.0
2019-06-10 23:00:00,108.36699676513672,108.7969970703125,108.35900115966797,108.35900115966797,0.0
2019-06-11 23:00:00,108.48400115966797,108.55799865722656,108.21800231933594,108.4739990234375,0.0
2019-06-12 23:00:00,108.50499725341797,108.52200317382812,108.16500091552734,108.48799896240234,0.0
2019-06-13 23:00:00,108.31500244140625,108.49700164794922,108.16000366210938,108.32099914550781,0.0
2019-06-16 23:00:00,108.56199645996094,108.7229995727539,108.52799987792969,108.57599639892578,0.0
2019-06-17 23:00:00,108.53800201416016,108.67400360107422,108.09700012207031,108.53900146484375,0.0
2019-06-18 23:00:00,108.58000183105469,108.60600280761719,108.25,108.572998046875,0.0
2019-06-19 23:00:00,108.1050033569336,108.1050033569336,107.4729995727539,108.11499786376953,0.0
2019-06-20 23:00:00,107.29499816894531,107.7229995727539,107.0459976196289,107.2770004272461,0.0
2019-06-23 23:00:00,107.31999969482422,107.51499938964844,107.2509994506836,107.31199645996094,0.0
2019-06-24 23:00:00,107.3489990234375,107.40399932861328,106.78299713134766,107.3270034790039,0.0
2019-06-25 23:00:00,107.18299865722656,107.75,107.16400146484375,107.16600036621094,0.0
2019-06-26 23:00:00,107.73400115966797,108.15299987792969,107.65399932861328,107.73799896240234,0.0
2019-06-27 23:00:00,107.77200317382812,107.8479995727539,107.56400299072266,107.74700164794922,0.0
2019-06-30 23:00:00,108.36699676513672,108.52799987792969,108.10800170898438,108.38200378417969,0.0
2019-07-01 23:00:00,108.38600158691406,108.46600341796875,107.9280014038086,108.36599731445312,0.0
2019-07-02 23:00:00,107.822998046875,107.86199951171875,107.5260009765625,107.80500030517578,0.0
2019-07-03 23:00:00,107.75599670410156,107.83000183105469,107.70700073242188,107.77899932861328,0.0
2019-07-04 23:00:00,107.81400299072266,108.61299896240234,107.80899810791016,107.80799865722656,0.0
2019-07-07 23:00:00,108.4749984741211,108.7249984741211,108.27799987792969,108.4739990234375,0.0
2019-07-08 23:00:00,108.73200225830078,108.95800018310547,108.71600341796875,108.72100067138672,0.0
2019-07-09 23:00:00,108.92400360107422,108.98400115966797,108.39600372314453,108.92400360107422,0.0
2019-07-10 23:00:00,108.33200073242188,108.34600067138672,107.85900115966797,108.33399963378906,0.0
2019-07-11 23:00:00,108.59200286865234,108.59200286865234,107.95500183105469,108.58799743652344,0.0
2019-07-14 23:00:00,107.8280029296875,108.09600067138672,107.80799865722656,107.83200073242188,0.0
2019-07-15 23:00:00,107.88999938964844,108.36000061035156,107.87999725341797,107.88899993896484,0.0
2019-07-16 23:00:00,108.21099853515625,108.31800079345703,108.06800079345703,108.20099639892578,0.0
2019-07-17 23:00:00,107.91999816894531,107.9990005493164,107.62100219726562,107.93699645996094,0.0
2019-07-18 23:00:00,107.41000366210938,107.78299713134766,107.33799743652344,107.4010009765625,0.0
2019-07-21 23:00:00,107.83200073242188,108.05899810791016,107.71199798583984,107.80999755859375,0.0
2019-07-22 23:00:00,107.88200378417969,108.2750015258789,107.83799743652344,107.90399932861328,0.0
2019-07-23 23:00:00,108.22799682617188,108.25900268554688,107.94999694824219,108.23200225830078,0.0
2019-07-24 23:00:00,108.17900085449219,108.58200073242188,108.04000091552734,108.18900299072266,0.0
2019-07-25 23:00:00,108.66899871826172,108.822998046875,108.55599975585938,108.66600036621094,0.0
2019-07-28 23:00:00,108.62699890136719,108.89099884033203,108.427001953125,108.63300323486328,0.0
2019-07-29 23:00:00,108.86299896240234,108.93099975585938,108.44999694824219,108.86599731445312,0.0
2019-07-30 23:00:00,108.5530014038086,108.64700317382812,108.49500274658203,108.56199645996094,0.0
2019-07-31 23:00:00,108.81500244140625,109.27899932861328,108.15899658203125,108.81999969482422,0.0
2019-08-01 23:00:00,107.4010009765625,107.48200225830078,106.5530014038086,107.43099975585938,0.0
2019-08-04 23:00:00,106.59600067138672,106.61699676513672,105.80999755859375,106.5770034790039,0.0
2019-08-05 23:00:00,105.62300109863281,107.0459976196289,105.5719985961914,105.59300231933594,0.0
2019-08-06 23:00:00,106.29000091552734,106.35199737548828,105.56099700927734,106.33699798583984,0.0
2019-08-07 23:00:00,106.125,106.28700256347656,105.91300201416016,106.12100219726562,0.0
2019-08-08 23:00:00,105.875,106.04100036621094,105.34600067138672,105.8740005493164,0.0
2019-08-11 23:00:00,105.4000015258789,105.55899810791016,105.04900360107422,105.38200378417969,0.0
2019-08-12 23:00:00,105.38400268554688,106.93299865722656,105.072998046875,105.35800170898438,0.0
2019-08-13 23:00:00,106.58899688720703,106.5989990234375,105.70800018310547,106.58999633789062,0.0
2019-08-14 23:00:00,105.91000366210938,106.50599670410156,105.70999908447266,105.91600036621094,0.0
2019-08-15 23:00:00,106.09200286865234,106.47699737548828,106.0260009765625,106.08300018310547,0.0
2019-08-18 23:00:00,106.41200256347656,106.66300201416016,106.24800109863281,106.43000030517578,0.0
2019-08-19 23:00:00,106.56800079345703,106.68399810791016,106.18399810791016,106.5739974975586,0.0
2019-08-20 23:00:00,106.29199981689453,106.58799743652344,106.27400207519531,106.27400207519531,0.0
2019-08-21 23:00:00,106.5999984741211,106.64700317382812,106.2699966430664,106.59700012207031,0.0
2019-08-22 23:00:00,106.48500061035156,106.71900177001953,105.29499816894531,106.46800231933594,0.0
2019-08-25 23:00:00,104.87100219726562,106.28700256347656,104.87100219726562,104.85199737548828,0.0
2019-08-26 23:00:00,105.98799896240234,106.05699920654297,105.58599853515625,105.97799682617188,0.0
2019-08-27 23:00:00,105.74700164794922,105.93399810791016,105.65399932861328,105.73799896240234,0.0
2019-08-28 23:00:00,106.09100341796875,106.53399658203125,105.83300018310547,106.06999969482422,0.0
2019-08-29 23:00:00,106.46600341796875,106.53700256347656,106.11599731445312,106.43800354003906,0.0
2019-09-01 23:00:00,106.15399932861328,106.39299774169922,106.07499694824219,106.12799835205078,0.0
2019-09-02 23:00:00,106.19400024414062,106.37799835205078,105.75,106.19300079345703,0.0
2019-09-03 23:00:00,105.86299896240234,106.32099914550781,105.83200073242188,105.86100006103516,0.0
2019-09-04 23:00:00,106.34300231933594,107.19300079345703,106.33599853515625,106.32499694824219,0.0
2019-09-05 23:00:00,107.06999969482422,107.08999633789062,106.62999725341797,107.0719985961914,0.0
2019-09-08 23:00:00,106.94100189208984,107.16799926757812,106.7699966430664,106.94499969482422,0.0
2019-09-09 23:00:00,107.31700134277344,107.49600219726562,107.20500183105469,107.33699798583984,0.0
2019-09-10 23:00:00,107.58200073242188,107.84700012207031,107.55899810791016,107.5999984741211,0.0
2019-09-11 23:00:00,107.9990005493164,108.13500213623047,107.54000091552734,108.02100372314453,0.0
2019-09-12 23:00:00,108.1780014038086,108.25499725341797,107.91999816894531,108.1760025024414,0.0
2019-09-15 23:00:00,107.76499938964844,108.05500030517578,107.4990005493164,107.76499938964844,0.0
2019-09-16 23:00:00,108.1449966430664,108.33999633789062,108.0270004272461,108.16100311279297,0.0
2019-09-17 23:00:00,108.10099792480469,108.26599884033203,108.09700012207031,108.08699798583984,0.0
2019-09-18 23:00:00,108.43499755859375,108.46399688720703,107.802001953125,108.42500305175781,0.0
2019-09-19 23:00:00,108.06800079345703,108.06800079345703,107.7699966430664,108.04100036621094,0.0
2019-09-22 23:00:00,107.63500213623047,107.76300048828125,107.30999755859375,107.6520004272461,0.0
2019-09-23 23:00:00,107.60700225830078,107.76499938964844,107.25,107.61399841308594,0.0
2019-09-24 23:00:00,107.177001953125,107.79100036621094,107.00499725341797,107.16300201416016,0.0
2019-09-25 23:00:00,107.68199920654297,107.72100067138672,107.43499755859375,107.69200134277344,0.0
2019-09-26 23:00:00,107.74400329589844,108.1729965209961,107.65599822998047,107.75599670410156,0.0
2019-09-29 23:00:00,107.93199920654297,108.13999938964844,107.74500274658203,107.94400024414062,0.0
2019-09-30 23:00:00,108.05799865722656,108.447998046875,107.66999816894531,108.06900024414062,0.0
2019-10-01 23:00:00,107.73200225830078,107.88400268554688,107.18399810791016,107.73699951171875,0.0
2019-10-02 23:00:00,107.1500015258789,107.29100036621094,106.50599670410156,107.16300201416016,0.0
2019-10-03 23:00:00,106.822998046875,107.11399841308594,106.65699768066406,106.82599639892578,0.0
2019-10-06 23:00:00,106.76300048828125,107.06800079345703,106.68900299072266,106.76399993896484,0.0
2019-10-07 23:00:00,107.25599670410156,107.43599700927734,106.81099700927734,107.2509994506836,0.0
2019-10-08 23:00:00,106.95099639892578,107.4530029296875,106.95099639892578,106.96099853515625,0.0
2019-10-09 23:00:00,107.2229995727539,107.97200012207031,107.18199920654297,107.1780014038086,0.0
2019-10-10 23:00:00,107.85199737548828,108.60800170898438,107.85199737548828,107.87999725341797,0.0
2019-10-13 23:00:00,108.45899963378906,108.45899963378906,108.0510025024414,108.45899963378906,0.0
2019-10-14 23:00:00,108.3759994506836,108.87999725341797,108.15599822998047,108.38800048828125,0.0
2019-10-15 23:00:00,108.81700134277344,108.83999633789062,108.6050033569336,108.81700134277344,0.0
2019-10-16 23:00:00,108.67500305175781,108.91799926757812,108.51200103759766,108.677001953125,0.0
2019-10-17 23:00:00,108.59100341796875,108.71700286865234,108.41999816894531,108.58100128173828,0.0
2019-10-20 23:00:00,108.40499877929688,108.66000366210938,108.36900329589844,108.40799713134766,0.0
2019-10-21 23:00:00,108.60299682617188,108.71700286865234,108.46600341796875,108.60099792480469,0.0
2019-10-22 23:00:00,108.4729995727539,108.66300201416016,108.25299835205078,108.48300170898438,0.0
2019-10-23 23:00:00,108.61199951171875,108.74199676513672,108.50199890136719,108.64199829101562,0.0
2019-10-24 23:00:00,108.61199951171875,108.75800323486328,108.51599884033203,108.60600280761719,0.0
2019-10-28 00:00:00,108.72599792480469,109.03099822998047,108.65799713134766,108.73400115966797,0.0
2019-10-29 00:00:00,108.96900177001953,109.04299926757812,108.802001953125,108.96399688720703,0.0
2019-10-30 00:00:00,108.88600158691406,108.96900177001953,108.81099700927734,108.8740005493164,0.0
2019-10-31 00:00:00,108.79399871826172,108.8550033569336,108.05400085449219,108.78900146484375,0.0
2019-11-01 00:00:00,108.01699829101562,108.23600006103516,107.91200256347656,107.99600219726562,0.0
2019-11-04 00:00:00,108.20999908447266,108.60900115966797,108.20500183105469,108.22000122070312,0.0
2019-11-05 00:00:00,108.697998046875,109.19000244140625,108.6510009765625,108.69400024414062,0.0
2019-11-06 00:00:00,109.13200378417969,109.17400360107422,108.8290023803711,109.14600372314453,0.0
2019-11-07 00:00:00,108.91400146484375,109.4260025024414,108.65699768066406,108.91300201416016,0.0
2019-11-08 00:00:00,109.27200317382812,109.46299743652344,109.08300018310547,109.27400207519531,0.0
2019-11-11 00:00:00,109.21099853515625,109.23799896240234,108.90499877929688,109.22599792480469,0.0
2019-11-12 00:00:00,109.0469970703125,109.28800201416016,108.98600006103516,109.04199981689453,0.0
2019-11-13 00:00:00,108.99700164794922,109.14099884033203,108.677001953125,108.99299621582031,0.0
2019-11-14 00:00:00,108.78700256347656,108.85700225830078,108.27400207519531,108.7979965209961,0.0
2019-11-15 00:00:00,108.48600006103516,108.85199737548828,108.4530029296875,108.49199676513672,0.0
2019-11-18 00:00:00,108.7030029296875,109.06300354003906,108.51599884033203,108.6989974975586,0.0
2019-11-19 00:00:00,108.68099975585938,108.83000183105469,108.4520034790039,108.66200256347656,0.0
2019-11-20 00:00:00,108.48500061035156,108.72100067138672,108.35800170898438,108.44499969482422,0.0
2019-11-21 00:00:00,108.48600006103516,108.66400146484375,108.27799987792969,108.47799682617188,0.0
2019-11-22 00:00:00,108.5790023803711,108.71700286865234,108.47699737548828,108.58499908447266,0.0
2019-11-25 00:00:00,108.72899627685547,108.95600128173828,108.6989974975586,108.7300033569336,0.0
2019-11-26 00:00:00,108.99299621582031,109.1709976196289,108.87699890136719,108.99199676513672,0.0
2019-11-27 00:00:00,109.08399963378906,109.39299774169922,109.05999755859375,109.09700012207031,0.0
2019-11-28 00:00:00,109.3759994506836,109.54299926757812,109.34300231933594,109.36699676513672,0.0
2019-11-29 00:00:00,109.51699829101562,109.66200256347656,109.42500305175781,109.51200103759766,0.0
2019-12-02 00:00:00,109.53199768066406,109.72000122070312,108.9990005493164,109.53500366210938,0.0
2019-12-03 00:00:00,109.01399993896484,109.2040023803711,108.5,109.02200317382812,0.0
2019-12-04 00:00:00,108.66999816894531,108.88999938964844,108.43000030517578,108.65299987792969,0.0
2019-12-05 00:00:00,108.83799743652344,108.98699951171875,108.6709976196289,108.83200073242188,0.0
2019-12-06 00:00:00,108.75399780273438,108.90799713134766,108.5479965209961,108.73799896240234,0.0
2019-12-09 00:00:00,108.61499786376953,108.6259994506836,108.4280014038086,108.62699890136719,0.0
2019-12-10 00:00:00,108.5989990234375,108.7509994506836,108.5199966430664,108.58200073242188,0.0
2019-12-11 00:00:00,108.77100372314453,108.78299713134766,108.63700103759766,108.76399993896484,0.0
2019-12-12 00:00:00,108.54100036621094,109.29900360107422,108.45700073242188,108.54900360107422,0.0
2019-12-13 00:00:00,109.41400146484375,109.69599914550781,109.20899963378906,109.41300201416016,0.0
2019-12-16 00:00:00,109.37999725341797,109.66899871826172,109.35399627685547,109.4000015258789,0.0
2019-12-17 00:00:00,109.5719985961914,109.62799835205078,109.46299743652344,109.57599639892578,0.0
2019-12-18 00:00:00,109.52300262451172,109.62200164794922,109.39800262451172,109.51599884033203,0.0
2019-12-19 00:00:00,109.54499816894531,109.66999816894531,109.21499633789062,109.5510025024414,0.0
2019-12-20 00:00:00,109.39099884033203,109.48999786376953,109.25900268554688,109.38300323486328,0.0
2019-12-23 00:00:00,109.49299621582031,109.49299621582031,109.33799743652344,109.4990005493164,0.0
2019-12-24 00:00:00,109.38300323486328,109.4280014038086,109.322998046875,109.38200378417969,0.0
2019-12-25 00:00:00,109.37999725341797,109.78199768066406,109.30999755859375,109.38300323486328,0.0
2019-12-26 00:00:00,109.37300109863281,109.68199920654297,109.36699676513672,109.36900329589844,0.0
2019-12-27 00:00:00,109.53800201416016,109.58599853515625,109.4260025024414,109.54199981689453,0.0
2019-12-30 00:00:00,109.43800354003906,109.43800354003906,108.77300262451172,109.4280014038086,0.0
2019-12-31 00:00:00,108.86799621582031,108.86799621582031,108.46900177001953,108.87300109863281,0.0
2020-01-01 00:00:00,108.68000030517578,111.41000366210938,108.62999725341797,108.68099975585938,0.0
2020-01-02 00:00:00,108.71399688720703,108.86000061035156,108.22100067138672,108.71299743652344,0.0
2020-01-03 00:00:00,108.54000091552734,108.5510025024414,107.91500091552734,108.54299926757812,0.0
2020-01-06 00:00:00,107.9990005493164,108.41000366210938,107.9219970703125,107.96399688720703,0.0
2020-01-07 00:00:00,108.41100311279297,108.61699676513672,108.26100158691406,108.40599822998047,0.0
2020-01-08 00:00:00,107.97799682617188,109.08899688720703,107.65699768066406,108.01599884033203,0.0
2020-01-09 00:00:00,109.04900360107422,109.57599639892578,109.04900360107422,109.03099822998047,0.0
2020-01-10 00:00:00,109.4990005493164,109.67500305175781,109.45600128173828,109.50700378417969,0.0
2020-01-13 00:00:00,109.53399658203125,109.93499755859375,109.53199768066406,109.56600189208984,0.0
2020-01-14 00:00:00,110.0,110.1709976196289,109.89099884033203,109.99199676513672,0.0
2020-01-15 00:00:00,109.8740005493164,109.99600219726562,109.79199981689453,109.85399627685547,0.0
2020-01-16 00:00:00,109.8759994506836,110.16999816894531,109.8759994506836,109.88300323486328,0.0
2020-01-17 00:00:00,110.16899871826172,110.2750015258789,110.05799865722656,110.17500305175781,0.0
2020-01-20 00:00:00,110.19499969482422,110.21299743652344,110.11399841308594,110.18000030517578,0.0
2020-01-21 00:00:00,110.17900085449219,110.21800231933594,109.86199951171875,110.1729965209961,0.0
2020-01-22 00:00:00,109.91899871826172,110.0770034790039,109.83699798583984,109.90799713134766,0.0
2020-01-23 00:00:00,109.73600006103516,109.75,109.26899719238281,109.72799682617188,0.0
2020-01-24 00:00:00,109.56500244140625,109.64600372314453,109.30500030517578,109.552001953125,0.0
2020-01-27 00:00:00,108.81400299072266,109.13200378417969,108.81400299072266,108.802001953125,0.0
2020-01-28 00:00:00,108.92900085449219,109.18800354003906,108.76200103759766,108.91999816894531,0.0
2020-01-29 00:00:00,109.12999725341797,109.22599792480469,108.99400329589844,109.13200378417969,0.0
2020-01-30 00:00:00,108.99600219726562,109.03800201416016,108.65699768066406,108.98699951171875,0.0
2020-01-31 00:00:00,108.90899658203125,109.11499786376953,108.34100341796875,108.87699890136719,0.0
2020-02-03 00:00:00,108.38099670410156,108.7959976196289,108.36599731445312,108.37200164794922,0.0
2020-02-04 00:00:00,108.61000061035156,109.43800354003906,108.55799865722656,108.61199951171875,0.0
2020-02-05 00:00:00,109.44400024414062,109.83399963378906,109.31199645996094,109.4469985961914,0.0
2020-02-06 00:00:00,109.80400085449219,109.9800033569336,109.78099822998047,109.81400299072266,0.0
2020-02-07 00:00:00,109.95500183105469,109.97899627685547,109.53099822998047,109.96800231933594,0.0
2020-02-10 00:00:00,109.62899780273438,109.87000274658203,109.61100006103516,109.6449966430664,0.0
2020-02-11 00:00:00,109.75800323486328,109.9540023803711,109.74199676513672,109.76599884033203,0.0
2020-02-12 00:00:00,109.83699798583984,110.12100219726562,109.79000091552734,109.84300231933594,0.0
2020-02-13 00:00:00,109.85700225830078,109.97699737548828,109.62799835205078,109.84600067138672,0.0
2020-02-14 00:00:00,109.78600311279297,109.90799713134766,109.70500183105469,109.75800323486328,0.0
2020-02-17 00:00:00,109.7770004272461,109.9540023803711,109.72100067138672,109.79100036621094,0.0
2020-02-18 00:00:00,109.8290023803711,109.94000244140625,109.65599822998047,109.83000183105469,0.0
2020-02-19 00:00:00,109.9280014038086,111.302001953125,109.86599731445312,109.91899871826172,0.0
2020-02-20 00:00:00,111.2020034790039,112.18599700927734,111.11299896240234,111.20999908447266,0.0
2020-02-21 00:00:00,111.96700286865234,112.16799926757812,111.51699829101562,111.9540023803711,0.0
2020-02-24 00:00:00,111.55500030517578,111.65699768066406,110.51000213623047,111.55699920654297,0.0
2020-02-25 00:00:00,110.86699676513672,111.03500366210938,110.03900146484375,110.85700225830078,0.0
2020-02-26 00:00:00,110.27899932861328,110.68900299072266,110.14800262451172,110.28600311279297,0.0
2020-02-27 00:00:00,110.35800170898438,110.38800048828125,109.70700073242188,110.36299896240234,0.0
2020-02-28 00:00:00,109.65799713134766,109.65799713134766,107.77799987792969,109.66000366210938,0.0
2020-03-02 00:00:00,107.75199890136719,108.55799865722656,107.41500091552734,107.6969985961914,0.0
2020-03-03 00:00:00,108.4469985961914,108.4469985961914,107.22100067138672,108.48699951171875,0.0
2020-03-04 00:00:00,107.06900024414062,107.6709976196289,107.0479965209961,107.03700256347656,0.0
2020-03-05 00:00:00,107.65299987792969,107.65299987792969,106.50800323486328,107.677001953125,0.0
2020-03-06 00:00:00,106.26100158691406,106.33599853515625,104.99600219726562,106.24800109863281,0.0
2020-03-09 00:00:00,103.9729995727539,104.25700378417969,101.28299713134766,103.93800354003906,0.0
2020-03-10 00:00:00,103.10800170898438,105.18900299072266,102.73899841308594,103.11199951171875,0.0
2020-03-11 00:00:00,105.07099914550781,105.28099822998047,104.11900329589844,105.0260009765625,0.0
2020-03-12 00:00:00,104.63999938964844,105.71600341796875,103.13800048828125,104.55000305175781,0.0
2020-03-13 00:00:00,104.70899963378906,107.47100067138672,104.69100189208984,104.61000061035156,0.0
2020-03-16 00:00:00,106.5790023803711,107.52899932861328,105.14700317382812,106.68800354003906,0.0
2020-03-17 00:00:00,106.25900268554688,107.56099700927734,106.0790023803711,106.17500305175781,0.0
2020-03-18 00:00:00,107.34200286865234,108.48799896240234,106.75900268554688,107.37699890136719,0.0
2020-03-19 00:00:00,108.41300201416016,110.13899993896484,108.1969985961914,108.36000061035156,0.0
2020-03-20 00:00:00,111.30000305175781,111.33699798583984,109.3759994506836,111.29100036621094,0.0
2020-03-23 00:00:00,110.40399932861328,111.3489990234375,109.68099975585938,110.46199798583984,0.0
2020-03-24 00:00:00,110.86399841308594,111.48699951171875,110.11399841308594,110.8270034790039,0.0
2020-03-25 00:00:00,111.11499786376953,111.66799926757812,110.75199890136719,111.12000274658203,0.0
2020-03-26 00:00:00,110.85800170898438,110.93399810791016,109.36100006103516,110.8759994506836,0.0
2020-03-27 00:00:00,109.13600158691406,109.36399841308594,107.88400268554688,109.10900115966797,0.0
2020-03-29 23:00:00,107.43900299072266,108.28700256347656,107.15299987792969,107.41300201416016,0.0
2020-03-30 23:00:00,108.05599975585938,108.71199798583984,107.46499633789062,108.03500366210938,0.0
2020-03-31 23:00:00,107.45700073242188,107.89700317382812,107.02899932861328,107.50800323486328,0.0
2020-04-01 23:00:00,107.28600311279297,107.97799682617188,107.03399658203125,107.25700378417969,0.0
2020-04-02 23:00:00,108.0469970703125,108.6719970703125,107.81300354003906,108.0009994506836,0.0
2020-04-05 23:00:00,108.67900085449219,109.35299682617188,108.67900085449219,108.69300079345703,0.0
2020-04-06 23:00:00,109.08599853515625,109.12699890136719,108.6760025024414,109.11499786376953,0.0
2020-04-07 23:00:00,108.66500091552734,109.0739974975586,108.51300048828125,108.6510009765625,0.0
2020-04-08 23:00:00,108.89900207519531,109.05799865722656,108.36000061035156,108.9219970703125,0.0
2020-04-09 23:00:00,108.5510025024414,108.56400299072266,108.3290023803711,108.56099700927734,0.0
2020-04-12 23:00:00,108.3499984741211,108.37100219726562,107.56300354003906,108.33599853515625,0.0
2020-04-13 23:00:00,107.63200378417969,107.7490005493164,107.072998046875,107.62300109863281,0.0
2020-04-14 23:00:00,107.10399627685547,107.83699798583984,106.93000030517578,107.10399627685547,0.0
2020-04-15 23:00:00,107.61599731445312,108.0770034790039,107.18599700927734,107.60900115966797,0.0
2020-04-16 23:00:00,107.93399810791016,107.94300079345703,107.30599975585938,107.94499969482422,0.0
2020-04-19 23:00:00,107.68900299072266,107.94599914550781,107.60199737548828,107.66999816894531,0.0
2020-04-20 23:00:00,107.6709976196289,107.81199645996094,107.2959976196289,107.66899871826172,0.0
2020-04-21 23:00:00,107.75,107.93099975585938,107.5260009765625,107.72100067138672,0.0
2020-04-22 23:00:00,107.81199645996094,107.97000122070312,107.3499984741211,107.81300354003906,0.0
2020-04-23 23:00:00,107.64900207519531,107.75,107.41300201416016,107.66699981689453,0.0
2020-04-26 23:00:00,107.50399780273438,107.61599731445312,107.0,107.49500274658203,0.0
2020-04-27 23:00:00,107.28600311279297,107.33399963378906,106.56199645996094,107.28299713134766,0.0
2020-04-28 23:00:00,106.75199890136719,106.75800323486328,106.36399841308594,106.74099731445312,0.0
2020-04-29 23:00:00,106.60099792480469,107.10800170898438,106.41600036621094,106.61000061035156,0.0
2020-04-30 23:00:00,107.30500030517578,107.39900207519531,106.61000061035156,107.28500366210938,0.0
2020-05-03 23:00:00,106.7509994506836,107.05500030517578,106.6719970703125,106.73799896240234,0.0
2020-05-04 23:00:00,106.68299865722656,106.88899993896484,106.48400115966797,106.6969985961914,0.0
2020-05-05 23:00:00,106.43099975585938,106.43099975585938,106.02400207519531,106.4520034790039,0.0
2020-05-06 23:00:00,106.20999908447266,106.64600372314453,106.13899993896484,106.19100189208984,0.0
2020-05-07 23:00:00,106.38999938964844,106.72000122070312,106.23300170898438,106.35900115966797,0.0
2020-05-10 23:00:00,106.90499877929688,107.72799682617188,106.7750015258789,106.91899871826172,0.0
2020-05-11 23:00:00,107.58799743652344,107.6729965209961,107.21600341796875,107.56600189208984,0.0
2020-05-12 23:00:00,107.16300201416016,107.2509994506836,106.76200103759766,107.13800048828125,0.0
2020-05-13 23:00:00,106.91400146484375,107.16400146484375,106.78500366210938,106.93299865722656,0.0
2020-05-14 23:00:00,107.36100006103516,107.43199920654297,106.8759994506836,107.36499786376953,0.0
2020-05-17 23:00:00,107.22899627685547,107.49500274658203,107.06700134277344,107.20800018310547,0.0
2020-05-18 23:00:00,107.37699890136719,108.0739974975586,107.30500030517578,107.38099670410156,0.0
2020-05-19 23:00:00,107.81900024414062,107.9749984741211,107.34600067138672,107.80999755859375,0.0
2020-05-20 23:00:00,107.5989990234375,107.84700012207031,107.57499694824219,107.59100341796875,0.0
2020-05-21 23:00:00,107.63400268554688,107.76000213623047,107.33399963378906,107.63099670410156,0.0
2020-05-24 23:00:00,107.73999786376953,107.77200317382812,107.62999725341797,107.73500061035156,0.0
2020-05-25 23:00:00,107.69000244140625,107.91600036621094,107.40299987792969,107.68699645996094,0.0
2020-05-26 23:00:00,107.48899841308594,107.93199920654297,107.37200164794922,107.49099731445312,0.0
2020-05-27 23:00:00,107.8030014038086,107.89600372314453,107.5790023803711,107.7979965209961,0.0
2020-05-28 23:00:00,107.6259994506836,107.81199645996094,107.08999633789062,107.64299774169922,0.0
2020-05-31 23:00:00,107.71399688720703,107.8499984741211,107.39399719238281,107.70800018310547,0.0
2020-06-01 23:00:00,107.5459976196289,108.65799713134766,107.51699829101562,107.5479965209961,0.0
2020-06-02 23:00:00,108.81800079345703,108.9739990234375,108.4209976196289,108.80899810791016,0.0
2020-06-03 23:00:00,108.98100280761719,109.15299987792969,108.61900329589844,108.9990005493164,0.0
2020-06-04 23:00:00,109.12000274658203,109.84600067138672,109.0479965209961,109.1500015258789,0.0
2020-06-07 23:00:00,109.58999633789062,109.5999984741211,108.41300201416016,109.63400268554688,0.0
2020-06-08 23:00:00,108.36900329589844,108.36900329589844,107.64600372314453,108.40899658203125,0.0
2020-06-09 23:00:00,107.81700134277344,107.86699676513672,107.177001953125,107.7969970703125,0.0
2020-06-10 23:00:00,107.01499938964844,107.22699737548828,106.5979995727539,106.98100280761719,0.0
2020-06-11 23:00:00,106.8219985961914,107.5510025024414,106.60099792480469,106.8030014038086,0.0
2020-06-14 23:00:00,107.30699920654297,107.47699737548828,107.0,107.31099700927734,0.0
2020-06-15 23:00:00,107.46499633789062,107.62000274658203,107.23999786376953,107.46399688720703,0.0
2020-06-16 23:00:00,107.37999725341797,107.43699645996094,107.16300201416016,107.41000366210938,0.0
2020-06-17 23:00:00,106.86299896240234,107.12300109863281,106.66600036621094,106.89399719238281,0.0
2020-06-18 23:00:00,106.99199676513672,107.04000091552734,106.77200317382812,107.00599670410156,0.0
2020-06-21 23:00:00,106.81800079345703,106.99800109863281,106.78299713134766,106.83100128173828,0.0
2020-06-22 23:00:00,106.88600158691406,107.21700286865234,106.08200073242188,106.90299987792969,0.0
2020-06-23 23:00:00,106.41300201416016,106.97599792480469,106.38400268554688,106.43199920654297,0.0
2020-06-24 23:00:00,107.03199768066406,107.44499969482422,107.02999877929688,107.04399871826172,0.0
2020-06-25 23:00:00,107.15299987792969,107.3489990234375,106.7979965209961,107.15499877929688,0.0
2020-06-28 23:00:00,107.22200012207031,107.87999725341797,107.0510025024414,107.21800231933594,0.0
2020-06-29 23:00:00,107.60099792480469,107.9219970703125,107.52999877929688,107.58999633789062,0.0
2020-06-30 23:00:00,107.98500061035156,108.15799713134766,107.36799621582031,107.98899841308594,0.0
2020-07-01 23:00:00,107.35800170898438,107.71700286865234,107.34700012207031,107.36599731445312,0.0
2020-07-02 23:00:00,107.50900268554688,107.56600189208984,107.43900299072266,107.49700164794922,0.0
2020-07-05 23:00:00,107.5790023803711,107.7699966430664,107.43399810791016,107.5790023803711,0.0
2020-07-06 23:00:00,107.35299682617188,107.78800201416016,107.2300033569336,107.35900115966797,0.0
2020-07-07 23:00:00,107.5739974975586,107.70500183105469,107.38700103759766,107.5780029296875,0.0
2020-07-08 23:00:00,107.26499938964844,107.39199829101562,107.10299682617188,107.28299713134766,0.0
2020-07-09 23:00:00,107.23300170898438,107.26200103759766,106.66500091552734,107.23600006103516,0.0
2020-07-12 23:00:00,106.91200256347656,107.31099700927734,106.78800201416016,106.91000366210938,0.0
2020-07-13 23:00:00,107.29000091552734,107.41200256347656,107.12000274658203,107.2760009765625,0.0
2020-07-14 23:00:00,107.24500274658203,107.30500030517578,106.66300201416016,107.24500274658203,0.0
2020-07-15 23:00:00,106.88400268554688,107.1969985961914,106.83799743652344,106.91699981689453,0.0
2020-07-16 23:00:00,107.28800201416016,107.35299682617188,107.05999755859375,107.27799987792969,0.0
2020-07-19 23:00:00,107.0770034790039,107.5,107.03700256347656,107.08999633789062,0.0
2020-07-20 23:00:00,107.1709976196289,107.36399841308594,106.80500030517578,107.19599914550781,0.0
2020-07-21 23:00:00,106.81400299072266,107.2020034790039,106.71800231933594,106.83200073242188,0.0
2020-07-22 23:00:00,107.16600036621094,107.21600341796875,106.83300018310547,107.17500305175781,0.0
2020-07-23 23:00:00,106.83599853515625,106.83599853515625,105.75900268554688,106.83799743652344,0.0
2020-07-26 23:00:00,105.95600128173828,106.0469970703125,105.12100219726562,105.99299621582031,0.0
2020-07-27 23:00:00,105.29100036621094,105.67900085449219,104.95800018310547,105.26100158691406,0.0
2020-07-28 23:00:00,105.11000061035156,105.22799682617188,104.80000305175781,105.10700225830078,0.0
2020-07-29 23:00:00,105.01599884033203,105.28800201416016,104.91200256347656,105.03199768066406,0.0
2020-07-30 23:00:00,104.66699981689453,105.7959976196289,104.1989974975586,104.68299865722656,0.0
2020-08-02 23:00:00,105.84500122070312,106.42900085449219,105.5790023803711,105.86599731445312,0.0
2020-08-03 23:00:00,106.0469970703125,106.19200134277344,105.72699737548828,106.02999877929688,0.0
2020-08-04 23:00:00,105.59700012207031,105.86399841308594,105.3280029296875,105.61399841308594,0.0
2020-08-05 23:00:00,105.55000305175781,105.69100189208984,105.302001953125,105.5530014038086,0.0
2020-08-06 23:00:00,105.56099700927734,106.04199981689453,105.4800033569336,105.58100128173828,0.0
2020-08-09 23:00:00,105.85199737548828,106.19400024414062,105.70999908447266,105.8499984741211,0.0
2020-08-10 23:00:00,105.99800109863281,106.57099914550781,105.94400024414062,105.99199676513672,0.0
2020-08-11 23:00:00,106.45800018310547,106.99800109863281,106.45800018310547,106.52100372314453,0.0
2020-08-12 23:00:00,106.81199645996094,106.99099731445312,106.56999969482422,106.8219985961914,0.0
2020-08-13 23:00:00,106.96499633789062,107.0270004272461,106.44599914550781,106.98600006103516,0.0
2020-08-16 23:00:00,106.56900024414062,106.63800048828125,105.9530029296875,106.55400085449219,0.0
2020-08-17 23:00:00,105.98600006103516,105.98600006103516,105.29399871826172,105.99500274658203,0.0
2020-08-18 23:00:00,105.22200012207031,105.75900268554688,105.11399841308594,105.2239990234375,0.0
2020-08-19 23:00:00,106.08999633789062,106.197998046875,105.77200317382812,106.0790023803711,0.0
2020-08-20 23:00:00,105.66899871826172,106.06900024414062,105.4530029296875,105.66500091552734,0.0
2020-08-23 23:00:00,105.90299987792969,105.93900299072266,105.69000244140625,105.87699890136719,0.0
2020-08-24 23:00:00,105.99199676513672,106.56400299072266,105.88099670410156,105.99299621582031,0.0
2020-08-25 23:00:00,106.4219970703125,106.5510025024414,106.06300354003906,106.40499877929688,0.0
2020-08-26 23:00:00,105.87100219726562,106.552001953125,105.62300109863281,105.85600280761719,0.0
2020-08-27 23:00:00,106.65899658203125,106.93800354003906,105.2030029296875,106.63700103759766,0.0
2020-08-30 23:00:00,105.52400207519531,106.08100128173828,105.30699920654297,105.53500366210938,0.0
2020-08-31 23:00:00,105.98999786376953,106.13600158691406,105.5989990234375,106.00399780273438,0.0
2020-09-01 23:00:00,105.86399841308594,106.2969970703125,105.86399841308594,105.89600372314453,0.0
2020-09-02 23:00:00,106.20099639892578,106.53600311279297,106.04299926757812,106.20800018310547,0.0
2020-09-03 23:00:00,106.09100341796875,106.49500274658203,106.09100341796875,106.08599853515625,0.0
2020-09-06 23:00:00,106.29199981689453,106.37100219726562,106.13500213623047,106.31099700927734,0.0
2020-09-07 23:00:00,106.29399871826172,106.37799835205078,105.9000015258789,106.30500030517578,0.0
2020-09-08 23:00:00,105.95999908447266,106.25599670410156,105.81300354003906,105.96800231933594,0.0
2020-09-09 23:00:00,106.23799896240234,106.28299713134766,105.98799896240234,106.23100280761719,0.0
2020-09-10 23:00:00,106.1449966430664,106.24400329589844,106.08000183105469,106.14299774169922,0.0
2020-09-13 23:00:00,106.12699890136719,106.16300201416016,105.552001953125,106.1449966430664,0.0
2020-09-14 23:00:00,105.74400329589844,105.81500244140625,105.30000305175781,105.71499633789062,0.0
2020-09-15 23:00:00,105.38099670410156,105.39600372314453,104.80799865722656,105.38099670410156,0.0
2020-09-16 23:00:00,105.04900360107422,105.16400146484375,104.52400207519531,105.06199645996094,0.0
2020-09-17 23:00:00,104.68900299072266,104.85900115966797,104.27300262451172,104.697998046875,0.0
2020-09-20 23:00:00,104.53399658203125,104.76200103759766,104.00800323486328,104.53700256347656,0.0
2020-09-21 23:00:00,104.71900177001953,105.06600189208984,104.41100311279297,104.69000244140625,0.0
2020-09-22 23:00:00,105.06900024414062,105.37300109863281,104.91000366210938,105.03399658203125,0.0
2020-09-23 23:00:00,105.32499694824219,105.5199966430664,105.21499633789062,105.30400085449219,0.0
2020-09-24 23:00:00,105.43599700927734,105.697998046875,105.24700164794922,105.43499755859375,0.0
2020-09-27 23:00:00,105.58399963378906,105.65899658203125,105.26399993896484,105.5739974975586,0.0
2020-09-28 23:00:00,105.43900299072266,105.72200012207031,105.3479995727539,105.43299865722656,0.0
2020-09-29 23:00:00,105.66400146484375,105.7959976196289,105.40899658203125,105.66400146484375,0.0
2020-09-30 23:00:00,105.4489974975586,105.72200012207031,105.41799926757812,105.45099639892578,0.0
2020-10-01 23:00:00,105.56400299072266,105.66500091552734,104.96199798583984,105.54299926757812,0.0
2020-10-04 23:00:00,105.53500366210938,105.75299835205078,105.41000366210938,105.51000213623047,0.0
2020-10-05 23:00:00,105.7249984741211,105.73799896240234,105.51000213623047,105.70700073242188,0.0
2020-10-06 23:00:00,105.63800048828125,106.1050033569336,105.62699890136719,105.63999938964844,0.0
2020-10-07 23:00:00,105.9729995727539,106.08300018310547,105.9229965209961,105.96499633789062,0.0
2020-10-08 23:00:00,106.02100372314453,106.02100372314453,105.60800170898438,106.01799774169922,0.0
2020-10-11 23:00:00,105.63800048828125,105.6510009765625,105.24400329589844,105.63200378417969,0.0
2020-10-12 23:00:00,105.3479995727539,105.6259994506836,105.28800201416016,105.33899688720703,0.0
2020-10-13 23:00:00,105.4739990234375,105.51100158691406,105.03800201416016,105.47000122070312,0.0
2020-10-14 23:00:00,105.13899993896484,105.38800048828125,105.11199951171875,105.13899993896484,0.0
2020-10-15 23:00:00,105.3550033569336,105.43699645996094,105.19000244140625,105.36000061035156,0.0
2020-10-18 23:00:00,105.43800354003906,105.49700164794922,105.30500030517578,105.427001953125,0.0
2020-10-19 23:00:00,105.47000122070312,105.74500274658203,105.47000122070312,105.47000122070312,0.0
2020-10-20 23:00:00,105.4749984741211,105.4749984741211,104.3499984741211,105.47699737548828,0.0
2020-10-21 23:00:00,104.6510009765625,104.87999725341797,104.45999908447266,104.6760025024414,0.0
2020-10-22 23:00:00,104.90699768066406,104.90699768066406,104.55000305175781,104.9209976196289,0.0
2020-10-26 00:00:00,104.70700073242188,105.03900146484375,104.64900207519531,104.68299865722656,0.0
2020-10-27 00:00:00,104.80599975585938,104.83000183105469,104.39299774169922,104.83200073242188,0.0
2020-10-28 00:00:00,104.54100036621094,104.54199981689453,104.11499786376953,104.54499816894531,0.0
2020-10-29 00:00:00,104.31900024414062,104.7020034790039,104.02999877929688,104.31500244140625,0.0
2020-10-30 00:00:00,104.55799865722656,104.72100067138672,104.13899993896484,104.55400085449219,0.0
2020-11-02 00:00:00,104.61199951171875,104.94300079345703,104.61199951171875,104.58000183105469,0.0
2020-11-03 00:00:00,104.7239990234375,104.8010025024414,104.43699645996094,104.7249984741211,0.0
2020-11-04 00:00:00,104.50599670410156,105.34100341796875,104.16100311279297,104.5459976196289,0.0
2020-11-05 00:00:00,104.43599700927734,104.44999694824219,103.5739974975586,104.43800354003906,0.0
2020-11-06 00:00:00,103.59600067138672,103.75800323486328,103.18399810791016,103.60299682617188,0.0
2020-11-09 00:00:00,103.23999786376953,105.63600158691406,103.23999786376953,103.25299835205078,0.0
2020-11-10 00:00:00,105.16200256347656,105.47799682617188,104.8219985961914,105.13700103759766,0.0
2020-11-11 00:00:00,105.26300048828125,105.66000366210938,105.01200103759766,105.26000213623047,0.0
2020-11-12 00:00:00,105.42400360107422,105.47100067138672,105.10299682617188,105.41500091552734,0.0
2020-11-13 00:00:00,105.08499908447266,105.1449966430664,104.61100006103516,105.08999633789062,0.0
2020-11-16 00:00:00,104.66600036621094,105.09500122070312,104.36499786376953,104.6760025024414,0.0
2020-11-17 00:00:00,104.49500274658203,104.56400299072266,104.0739974975586,104.54100036621094,0.0
2020-11-18 00:00:00,104.15299987792969,104.15299987792969,103.66400146484375,104.18099975585938,0.0
2020-11-19 00:00:00,103.90399932861328,104.2040023803711,103.71900177001953,103.89399719238281,0.0
2020-11-20 00:00:00,103.79299926757812,103.90499877929688,103.70600128173828,103.82499694824219,0.0
2020-11-23 00:00:00,103.8239974975586,104.6240005493164,103.68699645996094,103.81700134277344,0.0
2020-11-24 00:00:00,104.55699920654297,104.74500274658203,104.14900207519531,104.5250015258789,0.0
2020-11-25 00:00:00,104.50599670410156,104.58499908447266,104.26799774169922,104.51300048828125,0.0
2020-11-26 00:00:00,104.37899780273438,104.39199829101562,104.22599792480469,104.4000015258789,0.0
2020-11-27 00:00:00,104.26399993896484,104.26699829101562,103.90699768066406,104.24199676513672,0.0
2020-11-30 00:00:00,104.10099792480469,104.38400268554688,103.83000183105469,104.08200073242188,0.0
2020-12-01 00:00:00,104.3010025024414,104.572998046875,104.18599700927734,104.29900360107422,0.0
2020-12-02 00:00:00,104.28900146484375,104.74700164794922,104.2249984741211,104.30899810791016,0.0
2020-12-03 00:00:00,104.45600128173828,104.53299713134766,103.67500305175781,104.45800018310547,0.0
2020-12-04 00:00:00,103.8239974975586,104.24199676513672,103.73799896240234,103.822998046875,0.0
2020-12-07 00:00:00,104.20099639892578,104.30999755859375,103.92400360107422,104.197998046875,0.0
2020-12-08 00:00:00,104.00800323486328,104.19200134277344,103.95999908447266,103.99800109863281,0.0
2020-12-09 00:00:00,104.13300323486328,104.3010025024414,104.0530014038086,104.13500213623047,0.0
2020-12-10 00:00:00,104.28700256347656,104.5739974975586,104.23200225830078,104.27200317382812,0.0
2020-12-11 00:00:00,104.16799926757812,104.16799926757812,103.82599639892578,104.18199920654297,0.0
2020-12-14 00:00:00,103.96199798583984,104.08300018310547,103.51399993896484,103.93900299072266,0.0
2020-12-15 00:00:00,104.01200103759766,104.14700317382812,103.68099975585938,104.01000213623047,0.0
2020-12-16 00:00:00,103.6510009765625,103.70999908447266,103.26200103759766,103.63400268554688,0.0
2020-12-17 00:00:00,103.46399688720703,103.54900360107422,102.89399719238281,103.4749984741211,0.0
2020-12-18 00:00:00,103.14900207519531,103.58999633789062,103.12899780273438,103.13099670410156,0.0
2020-12-21 00:00:00,103.4729995727539,103.88500213623047,103.25700378417969,103.45700073242188,0.0
2020-12-22 00:00:00,103.33699798583984,103.72200012207031,103.27899932861328,103.33999633789062,0.0
2020-12-23 00:00:00,103.5270004272461,103.63500213623047,103.36299896240234,103.53399658203125,0.0
2020-12-24 00:00:00,103.5250015258789,103.75599670410156,103.5,103.552001953125,0.0
2020-12-25 00:00:00,103.62100219726562,103.65499877929688,103.21399688720703,103.65299987792969,0.0
2020-12-28 00:00:00,103.5260009765625,103.89399719238281,103.4000015258789,103.53299713134766,0.0
2020-12-29 00:00:00,103.69100189208984,103.79100036621094,103.46600341796875,103.68900299072266,0.0
2020-12-30 00:00:00,103.552001953125,103.56999969482422,102.96299743652344,103.55899810791016,0.0
2020-12-31 00:00:00,103.13400268554688,103.27899932861328,103.00299835205078,103.12100219726562,0.0
2021-01-01 00:00:00,103.22599792480469,103.25,103.22599792480469,103.22599792480469,0.0
2021-01-04 00:00:00,103.24400329589844,103.24400329589844,102.70999908447266,103.23899841308594,0.0
2021-01-05 00:00:00,103.14199829101562,103.18000030517578,102.6719970703125,103.125,0.0
2021-01-06 00:00:00,102.69999694824219,103.43099975585938,102.58999633789062,102.6780014038086,0.0
2021-01-07 00:00:00,103.02799987792969,103.95099639892578,102.95600128173828,103.02400207519531,0.0
2021-01-08 00:00:00,103.79499816894531,104.0780029296875,103.61699676513672,103.79000091552734,0.0
2021-01-11 00:00:00,104.072998046875,104.38899993896484,104.03700256347656,104.09100341796875,0.0
2021-01-12 00:00:00,104.13200378417969,104.31900024414062,104.08999633789062,104.12799835205078,0.0
2021-01-13 00:00:00,103.74800109863281,103.98799896240234,103.54000091552734,103.75199890136719,0.0
2021-01-14 00:00:00,103.84500122070312,104.18800354003906,103.64199829101562,103.83699798583984,0.0
2021-01-15 00:00:00,103.83699798583984,103.88500213623047,103.62000274658203,103.8280029296875,0.0
2021-01-18 00:00:00,103.91200256347656,103.9229965209961,103.63899993896484,103.90799713134766,0.0
2021-01-19 00:00:00,103.69599914550781,104.08200073242188,103.6500015258789,103.7030029296875,0.0
2021-01-20 00:00:00,103.89800262451172,103.91799926757812,103.46299743652344,103.89700317382812,0.0
2021-01-21 00:00:00,103.55699920654297,103.65899658203125,103.32599639892578,103.55500030517578,0.0
2021-01-22 00:00:00,103.51200103759766,103.88200378417969,103.49500274658203,103.50599670410156,0.0
2021-01-25 00:00:00,103.78700256347656,103.93099975585938,103.677001953125,103.7770004272461,0.0
2021-01-26 00:00:00,103.76200103759766,103.8270034790039,103.55500030517578,103.76000213623047,0.0
2021-01-27 00:00:00,103.60299682617188,104.16799926757812,103.59300231933594,103.60299682617188,0.0
2021-01-28 00:00:00,104.13600158691406,104.4520034790039,104.13600158691406,104.14299774169922,0.0
2021-01-29 00:00:00,104.31199645996094,104.93499755859375,104.28900146484375,104.29100036621094,0.0
2021-02-01 00:00:00,104.71900177001953,104.98999786376953,104.6240005493164,104.68599700927734,0.0
2021-02-02 00:00:00,104.87799835205078,105.16200256347656,104.822998046875,104.88099670410156,0.0
2021-02-03 00:00:00,105.02200317382812,105.09700012207031,104.92400360107422,105.02799987792969,0.0
2021-02-04 00:00:00,104.99500274658203,105.49099731445312,104.9729995727539,104.99500274658203,0.0
2021-02-05 00:00:00,105.56800079345703,105.76300048828125,105.33100128173828,105.5719985961914,0.0
2021-02-08 00:00:00,105.39700317382812,105.66600036621094,105.15799713134766,105.4000015258789,0.0
2021-02-09 00:00:00,105.22699737548828,105.22699737548828,104.51200103759766,105.20999908447266,0.0
2021-02-10 00:00:00,104.58200073242188,104.83699798583984,104.41799926757812,104.57499694824219,0.0
2021-02-11 00:00:00,104.61900329589844,104.77999877929688,104.552001953125,104.61499786376953,0.0
2021-02-12 00:00:00,104.75499725341797,105.16999816894531,104.72000122070312,104.74099731445312,0.0
2021-02-15 00:00:00,105.06099700927734,105.40499877929688,104.98300170898438,105.05899810791016,0.0
2021-02-16 00:00:00,105.38500213623047,105.86799621582031,105.1989974975586,105.38700103759766,0.0
2021-02-17 00:00:00,106.12899780273438,106.20500183105469,105.81999969482422,106.10299682617188,0.0
2021-02-18 00:00:00,105.85600280761719,105.91799926757812,105.5989990234375,105.86100006103516,0.0
2021-02-19 00:00:00,105.66799926757812,105.72699737548828,105.25,105.6520004272461,0.0
2021-02-22 00:00:00,105.54299926757812,105.83599853515625,105.0,105.51399993896484,0.0
2021-02-23 00:00:00,105.01200103759766,105.41100311279297,104.9000015258789,104.98400115966797,0.0
2021-02-24 00:00:00,105.28700256347656,106.09400177001953,105.26799774169922,105.28299713134766,0.0
2021-02-25 00:00:00,105.94599914550781,106.28600311279297,105.8550033569336,105.94400024414062,0.0
2021-02-26 00:00:00,106.38999938964844,106.68199920654297,105.85700225830078,106.37899780273438,0.0
2021-03-01 00:00:00,106.4739990234375,106.77300262451172,106.3759994506836,106.50299835205078,0.0
2021-03-02 00:00:00,106.84600067138672,106.94999694824219,106.68800354003906,106.85099792480469,0.0
2021-03-03 00:00:00,106.75399780273438,107.13899993896484,106.70099639892578,106.75800323486328,0.0
2021-03-04 00:00:00,107.05899810791016,107.63500213623047,106.97000122070312,107.05799865722656,0.0
2021-03-05 00:00:00,107.96099853515625,108.60900115966797,107.82599639892578,107.95500183105469,0.0
2021-03-08 00:00:00,108.39600372314453,108.94000244140625,108.31400299072266,108.41899871826172,0.0
2021-03-09 00:00:00,108.9260025024414,109.22899627685547,108.55999755859375,108.93900299072266,0.0
2021-03-10 00:00:00,108.56400299072266,108.91999816894531,108.33899688720703,108.5770034790039,0.0
2021-03-11 00:00:00,108.43599700927734,108.802001953125,108.36299896240234,108.43199920654297,0.0
2021-03-12 00:00:00,108.5739974975586,109.14800262451172,108.51899719238281,108.55500030517578,0.0
2021-03-15 00:00:00,109.11399841308594,109.35600280761719,108.93099975585938,109.11699676513672,0.0
2021-03-16 00:00:00,109.11900329589844,109.2760009765625,108.78299713134766,109.13400268554688,0.0
2021-03-17 00:00:00,109.02300262451172,109.2760009765625,109.01399993896484,109.02899932861328,0.0
2021-03-18 00:00:00,108.91000366210938,109.28399658203125,108.69300079345703,108.89099884033203,0.0
2021-03-19 00:00:00,108.93199920654297,109.10099792480469,108.61199951171875,108.93099975585938,0.0
2021-03-22 00:00:00,108.87799835205078,108.947998046875,108.62100219726562,108.87100219726562,0.0
2021-03-23 00:00:00,108.7770004272461,108.86900329589844,108.41500091552734,108.7760009765625,0.0
2021-03-24 00:00:00,108.52300262451172,108.94100189208984,108.45500183105469,108.5199966430664,0.0
2021-03-25 00:00:00,108.78399658203125,109.18900299072266,108.78399658203125,108.79000091552734,0.0
2021-03-26 00:00:00,109.18199920654297,109.83399963378906,109.13899993896484,109.17900085449219,0.0
2021-03-28 23:00:00,109.77799987792969,109.77899932861328,109.38400268554688,109.79100036621094,0.0
2021-03-29 23:00:00,109.83000183105469,110.41899871826172,109.78800201416016,109.83599853515625,0.0
2021-03-30 23:00:00,110.29299926757812,110.9530029296875,110.27799987792969,110.30500030517578,0.0
2021-03-31 23:00:00,110.73799896240234,110.84500122070312,110.56300354003906,110.75,0.0
2021-04-01 23:00:00,110.62000274658203,110.74400329589844,110.38200378417969,110.61299896240234,0.0
2021-04-04 23:00:00,110.66999816894531,110.71199798583984,109.95700073242188,110.677001953125,0.0
2021-04-05 23:00:00,110.19400024414062,110.5479965209961,109.68900299072266,110.19300079345703,0.0
2021-04-06 23:00:00,109.78299713134766,109.93499755859375,109.59200286865234,109.79299926757812,0.0
2021-04-07 23:00:00,109.87799835205078,109.89399719238281,109.0009994506836,109.85199737548828,0.0
2021-04-08 23:00:00,109.32499694824219,109.9520034790039,109.22200012207031,109.33000183105469,0.0
2021-04-11 23:00:00,109.71900177001953,109.76100158691406,109.24700164794922,109.69400024414062,0.0
2021-04-12 23:00:00,109.37999725341797,109.74700164794922,109.04299926757812,109.3740005493164,0.0
2021-04-13 23:00:00,108.91699981689453,109.08000183105469,108.76499938964844,108.92400360107422,0.0
2021-04-14 23:00:00,108.88600158691406,108.95099639892578,108.625,108.89399719238281,0.0
2021-04-15 23:00:00,108.65499877929688,108.96099853515625,108.625,108.68900299072266,0.0
2021-04-18 23:00:00,108.69400024414062,108.75499725341797,108.00700378417969,108.71900177001953,0.0
2021-04-19 23:00:00,108.1050033569336,108.52200317382812,107.9800033569336,108.0979995727539,0.0
2021-04-20 23:00:00,108.13200378417969,108.2699966430664,107.89199829101562,108.13300323486328,0.0
2021-04-21 23:00:00,108.0270004272461,108.18599700927734,107.8239974975586,108.03900146484375,0.0
2021-04-22 23:00:00,107.93599700927734,108.12300109863281,107.47000122070312,107.97799682617188,0.0
2021-04-25 23:00:00,107.88099670410156,108.18699645996094,107.6520004272461,107.8740005493164,0.0
2021-04-26 23:00:00,108.18800354003906,108.56999969482422,108.10099792480469,108.2020034790039,0.0
2021-04-27 23:00:00,108.73799896240234,109.06999969482422,108.71299743652344,108.75,0.0
2021-04-28 23:00:00,108.50499725341797,109.21900177001953,108.43800354003906,108.50499725341797,0.0
2021-04-29 23:00:00,108.91500091552734,109.33300018310547,108.71299743652344,108.90399932861328,0.0
2021-05-02 23:00:00,109.29900360107422,109.69300079345703,108.90599822998047,109.28299713134766,0.0
2021-05-03 23:00:00,109.08599853515625,109.48100280761719,109.0469970703125,109.08699798583984,0.0
2021-05-04 23:00:00,109.32599639892578,109.46299743652344,109.1520004272461,109.3290023803711,0.0
2021-05-05 23:00:00,109.18900299072266,109.41899871826172,109.0459976196289,109.21900177001953,0.0
2021-05-06 23:00:00,109.01399993896484,109.27799987792969,108.34700012207031,109.05000305175781,0.0
2021-05-09 23:00:00,108.5999984741211,109.04499816894531,108.58799743652344,108.5719985961914,0.0
2021-05-10 23:00:00,108.83499908447266,108.96600341796875,108.37899780273438,108.84400177001953,0.0
2021-05-11 23:00:00,108.71900177001953,109.53600311279297,108.66400146484375,108.71499633789062,0.0
2021-05-12 23:00:00,109.7229995727539,109.7770004272461,109.47599792480469,109.66400146484375,0.0
2021-05-13 23:00:00,109.51899719238281,109.64399719238281,109.2300033569336,109.51599884033203,0.0
2021-05-16 23:00:00,109.41200256347656,109.49600219726562,109.06999969482422,109.41200256347656,0.0
2021-05-17 23:00:00,109.2760009765625,109.2760009765625,108.84400177001953,109.24199676513672,0.0
2021-05-18 23:00:00,108.85700225830078,109.322998046875,108.58399963378906,108.86799621582031,0.0
2021-05-19 23:00:00,109.26100158691406,109.28299713134766,108.75299835205078,109.27300262451172,0.0
2021-05-20 23:00:00,108.83100128173828,108.9739990234375,108.60900115966797,108.86000061035156,0.0
2021-05-23 23:00:00,108.91500091552734,108.98300170898438,108.697998046875,108.91899871826172,0.0
2021-05-24 23:00:00,108.8239974975586,109.05599975585938,108.5790023803711,108.85099792480469,0.0
2021-05-25 23:00:00,108.79100036621094,109.13700103759766,108.7239990234375,108.802001953125,0.0
2021-05-26 23:00:00,109.18900299072266,109.84200286865234,109.04100036621094,109.16999816894531,0.0
2021-05-27 23:00:00,109.84200286865234,110.19599914550781,109.79399871826172,109.80899810791016,0.0
2021-05-30 23:00:00,109.91899871826172,109.9280014038086,109.36599731445312,109.90699768066406,0.0
2021-05-31 23:00:00,109.47799682617188,109.69300079345703,109.33300018310547,109.49299621582031,0.0
2021-06-01 23:00:00,109.48300170898438,109.88300323486328,109.48300170898438,109.49299621582031,0.0
2021-06-02 23:00:00,109.59300231933594,110.30999755859375,109.58300018310547,109.59500122070312,0.0
2021-06-03 23:00:00,110.28600311279297,110.322998046875,109.37100219726562,110.26599884033203,0.0
2021-06-06 23:00:00,109.63200378417969,109.63200378417969,109.18499755859375,109.61699676513672,0.0
2021-06-07 23:00:00,109.28800201416016,109.5530014038086,109.20500183105469,109.27400207519531,0.0
2021-06-08 23:00:00,109.48799896240234,109.63700103759766,109.23400115966797,109.46900177001953,0.0
2021-06-09 23:00:00,109.6520004272461,109.78299713134766,109.43000030517578,109.61000061035156,0.0
2021-06-10 23:00:00,109.39299774169922,109.83599853515625,109.3239974975586,109.40899658203125,0.0
2021-06-13 23:00:00,109.74400329589844,109.99700164794922,109.61100006103516,109.70899963378906,0.0
2021-06-14 23:00:00,110.0250015258789,110.16200256347656,109.98999786376953,110.04100036621094,0.0
2021-06-15 23:00:00,110.07499694824219,110.13600158691406,109.81199645996094,110.08399963378906,0.0
2021-06-16 23:00:00,110.77999877929688,110.81700134277344,110.21099853515625,110.7699966430664,0.0
2021-06-17 23:00:00,110.30799865722656,110.4749984741211,109.9469985961914,110.32499694824219,0.0
2021-06-20 23:00:00,110.19200134277344,110.3280029296875,109.73600006103516,110.20099639892578,0.0
2021-06-21 23:00:00,110.38500213623047,110.78800201416016,110.22100067138672,110.3740005493164,0.0
2021-06-22 23:00:00,110.68499755859375,111.09100341796875,110.68499755859375,110.65399932861328,0.0
2021-06-23 23:00:00,110.98600006103516,111.09500122070312,110.70999908447266,111.01200103759766,0.0
2021-06-24 23:00:00,110.91699981689453,110.9749984741211,110.48200225830078,110.9209976196289,0.0
2021-06-27 23:00:00,110.80400085449219,110.97100067138672,110.50700378417969,110.8219985961914,0.0
2021-06-28 23:00:00,110.60399627685547,110.74600219726562,110.44200134277344,110.60299682617188,0.0
2021-06-29 23:00:00,110.52400207519531,111.06500244140625,110.42900085449219,110.53500366210938,0.0
2021-06-30 23:00:00,111.12899780273438,111.62200164794922,111.0260009765625,111.1240005493164,0.0
2021-07-01 23:00:00,111.58399963378906,111.65599822998047,111.15499877929688,111.5719985961914,0.0
2021-07-04 23:00:00,111.13999938964844,111.18399810791016,110.7979965209961,111.13500213623047,0.0
2021-07-05 23:00:00,110.90699768066406,110.91200256347656,110.5260009765625,110.91600036621094,0.0
2021-07-06 23:00:00,110.56999969482422,110.80699920654297,110.4020004272461,110.60199737548828,0.0
2021-07-07 23:00:00,110.62200164794922,110.62200164794922,109.53500366210938,110.63500213623047,0.0
2021-07-08 23:00:00,109.78800201416016,110.24600219726562,109.76699829101562,109.8010025024414,0.0
2021-07-11 23:00:00,110.20800018310547,110.38899993896484,109.98200225830078,110.21499633789062,0.0
2021-07-12 23:00:00,110.3280029296875,110.55000305175781,110.2020034790039,110.32499694824219,0.0
2021-07-13 23:00:00,110.59600067138672,110.69400024414062,109.98500061035156,110.59500122070312,0.0
2021-07-14 23:00:00,109.99400329589844,110.08200073242188,109.71600341796875,109.98400115966797,0.0
2021-07-15 23:00:00,109.75700378417969,110.33599853515625,109.73300170898438,109.77799987792969,0.0
2021-07-18 23:00:00,109.90399932861328,110.0250015258789,109.08599853515625,109.8740005493164,0.0
2021-07-19 23:00:00,109.5270004272461,109.9540023803711,109.33399963378906,109.53399658203125,0.0
2021-07-20 23:00:00,109.9260025024414,110.38300323486328,109.80699920654297,109.91999816894531,0.0
2021-07-21 23:00:00,110.23899841308594,110.3479995727539,110.02400207519531,110.25499725341797,0.0
2021-07-22 23:00:00,110.12899780273438,110.58300018310547,110.11499786376953,110.13999938964844,0.0
2021-07-25 23:00:00,110.54299926757812,110.58000183105469,110.1259994506836,110.54399871826172,0.0
2021-07-26 23:00:00,110.30699920654297,110.31900024414062,109.625,110.302001953125,0.0
2021-07-27 23:00:00,109.78399658203125,110.21600341796875,109.74700164794922,109.80599975585938,0.0
2021-07-28 23:00:00,109.87899780273438,109.88899993896484,109.47100067138672,109.89099884033203,0.0
2021-07-29 23:00:00,109.39099884033203,109.79299926757812,109.36699676513672,109.40899658203125,0.0
2021-08-01 23:00:00,109.69400024414062,109.74400329589844,109.19599914550781,109.70600128173828,0.0
2021-08-02 23:00:00,109.27200317382812,109.33100128173828,108.87799835205078,109.26899719238281,0.0
2021-08-03 23:00:00,108.98600006103516,109.64600372314453,108.72899627685547,108.99099731445312,0.0
2021-08-04 23:00:00,109.53500366210938,109.77799987792969,109.40799713134766,109.52899932861328,0.0
2021-08-05 23:00:00,109.7509994506836,110.34500122070312,109.7020034790039,109.75199890136719,0.0
2021-08-08 23:00:00,110.26100158691406,110.31099700927734,110.02799987792969,110.25900268554688,0.0
2021-08-09 23:00:00,110.31800079345703,110.58599853515625,110.3030014038086,110.30599975585938,0.0
2021-08-10 23:00:00,110.5989990234375,110.8030014038086,110.38700103759766,110.5979995727539,0.0
2021-08-11 23:00:00,110.36499786376953,110.5260009765625,110.31600189208984,110.3740005493164,0.0
2021-08-12 23:00:00,110.41200256347656,110.45500183105469,109.73500061035156,110.40299987792969,0.0
2021-08-15 23:00:00,109.59400177001953,109.59400177001953,109.11299896240234,109.6240005493164,0.0
2021-08-16 23:00:00,109.302001953125,109.64800262451172,109.13800048828125,109.2969970703125,0.0
2021-08-17 23:00:00,109.54100036621094,109.94400024414062,109.48300170898438,109.53700256347656,0.0
2021-08-18 23:00:00,109.85199737548828,110.20999908447266,109.49299621582031,109.84200286865234,0.0
2021-08-19 23:00:00,109.78199768066406,109.88500213623047,109.5780029296875,109.76799774169922,0.0
2021-08-22 23:00:00,109.86399841308594,110.13999938964844,109.7300033569336,109.83999633789062,0.0
2021-08-23 23:00:00,109.6719970703125,109.87699890136719,109.4219970703125,109.6780014038086,0.0
2021-08-24 23:00:00,109.74199676513672,110.0999984741211,109.68499755859375,109.7300033569336,0.0
2021-08-25 23:00:00,109.99700164794922,110.22200012207031,109.9260025024414,109.97599792480469,0.0
2021-08-26 23:00:00,110.03800201416016,110.25700378417969,109.83599853515625,110.0479965209961,0.0
2021-08-29 23:00:00,109.84100341796875,109.95600128173828,109.70600128173828,109.86499786376953,0.0
2021-08-30 23:00:00,109.93900299072266,110.06700134277344,109.60299682617188,109.94400024414062,0.0
2021-08-31 23:00:00,110.06199645996094,110.41000366210938,109.88300323486328,110.05599975585938,0.0
2021-09-01 23:00:00,110.10600280761719,110.10600280761719,109.9280014038086,110.09600067138672,0.0
2021-09-02 23:00:00,109.94499969482422,110.06600189208984,109.60399627685547,109.94499969482422,0.0
2021-09-05 23:00:00,109.77799987792969,109.93099975585938,109.7490005493164,109.76399993896484,0.0
2021-09-06 23:00:00,109.81900024414062,110.2509994506836,109.68699645996094,109.81999969482422,0.0
2021-09-07 23:00:00,110.28900146484375,110.44000244140625,110.13999938964844,110.2959976196289,0.0
2021-09-08 23:00:00,110.22000122070312,110.26799774169922,109.75299835205078,110.21800231933594,0.0
2021-09-09 23:00:00,109.77400207519531,109.98400115966797,109.70099639892578,109.78099822998047,0.0
2021-09-12 23:00:00,109.90899658203125,110.15599822998047,109.89900207519531,109.91500091552734,0.0
2021-09-13 23:00:00,109.99099731445312,110.14399719238281,109.61900329589844,109.99400329589844,0.0
2021-09-14 23:00:00,109.71199798583984,109.71700286865234,109.11399841308594,109.71900177001953,0.0
2021-09-15 23:00:00,109.39099884033203,109.8239974975586,109.21499633789062,109.38300323486328,0.0
2021-09-16 23:00:00,109.68599700927734,110.0719985961914,109.66799926757812,109.6989974975586,0.0
2021-09-19 23:00:00,109.9800033569336,110.03299713134766,109.43000030517578,109.97100067138672,0.0
2021-09-20 23:00:00,109.43399810791016,109.69499969482422,109.19000244140625,109.43699645996094,0.0
2021-09-21 23:00:00,109.15399932861328,109.63999938964844,109.12999725341797,109.14900207519531,0.0
2021-09-22 23:00:00,109.80899810791016,110.19499969482422,109.79199981689453,109.8219985961914,0.0
2021-09-23 23:00:00,110.322998046875,110.73899841308594,110.31099700927734,110.32599639892578,0.0
2021-09-26 23:00:00,110.75,111.05500030517578,110.53399658203125,110.76399993896484,0.0
2021-09-27 23:00:00,110.96199798583984,111.62899780273438,110.93699645996094,110.96399688720703,0.0
2021-09-28 23:00:00,111.51300048828125,111.91699981689453,111.21900177001953,111.52799987792969,0.0
2021-09-29 23:00:00,111.9219970703125,112.06800079345703,111.41400146484375,111.93599700927734,0.0
2021-09-30 23:00:00,111.46399688720703,111.4800033569336,110.91200256347656,111.46099853515625,0.0
2021-10-03 23:00:00,110.96299743652344,111.2979965209961,110.84200286865234,110.9469985961914,0.0
2021-10-04 23:00:00,110.96900177001953,111.5530014038086,110.8759994506836,110.96800231933594,0.0
2021-10-05 23:00:00,111.5199966430664,111.77300262451172,111.20500183105469,111.48699951171875,0.0
2021-10-06 23:00:00,111.40699768066406,111.5459976196289,111.24299621582031,111.41300201416016,0.0
2021-10-07 23:00:00,111.6729965209961,112.177001953125,111.52200317382812,111.66200256347656,0.0
2021-10-10 23:00:00,112.27200317382812,113.38400268554688,112.18299865722656,112.2699966430664,0.0
2021-10-11 23:00:00,113.41100311279297,113.7770004272461,113.01699829101562,113.38800048828125,0.0
2021-10-12 23:00:00,113.53600311279297,113.78800201416016,113.24800109863281,113.51899719238281,0.0
2021-10-13 23:00:00,113.2959976196289,113.70700073242188,113.27799987792969,113.3010025024414,0.0
2021-10-14 23:00:00,113.83599853515625,114.4469985961914,113.81600189208984,113.83399963378906,0.0
2021-10-17 23:00:00,114.30899810791016,114.43599700927734,114.0199966430664,114.3239974975586,0.0
2021-10-18 23:00:00,114.29100036621094,114.34600067138672,113.88300323486328,114.28500366210938,0.0
2021-10-19 23:00:00,114.5270004272461,114.68499755859375,114.14099884033203,114.54299926757812,0.0
2021-10-20 23:00:00,114.38300323486328,114.38999938964844,113.6719970703125,114.38899993896484,0.0
2021-10-21 23:00:00,113.8479995727539,114.18499755859375,113.51499938964844,113.8499984741211,0.0
2021-10-24 23:00:00,113.63800048828125,113.89600372314453,113.48999786376953,113.66400146484375,0.0
2021-10-25 23:00:00,113.75599670410156,114.2979965209961,113.7249984741211,113.76499938964844,0.0
2021-10-26 23:00:00,114.1780014038086,114.21499633789062,113.41699981689453,114.18800354003906,0.0
2021-10-27 23:00:00,113.77100372314453,113.85600280761719,113.25499725341797,113.7760009765625,0.0
2021-10-28 23:00:00,113.64399719238281,114.08599853515625,113.3949966430664,113.61599731445312,0.0
2021-11-01 00:00:00,114.21800231933594,114.43399810791016,114.02999877929688,114.23600006103516,0.0
2021-11-02 00:00:00,114.08399963378906,114.13400268554688,113.46600341796875,114.09400177001953,0.0
2021-11-03 00:00:00,113.96700286865234,114.14199829101562,113.72200012207031,113.96199798583984,0.0
2021-11-04 00:00:00,114.06600189208984,114.27300262451172,113.5270004272461,114.06999969482422,0.0
2021-11-05 00:00:00,113.82499694824219,114.0,113.4280014038086,113.83699798583984,0.0
2021-11-08 00:00:00,113.46299743652344,113.66200256347656,113.08200073242188,113.4749984741211,0.0
2021-11-09 00:00:00,113.24299621582031,113.25299835205078,112.73100280761719,113.25399780273438,0.0
2021-11-10 00:00:00,112.91300201416016,113.93599700927734,112.77400207519531,112.91200256347656,0.0
2021-11-11 00:00:00,113.92900085449219,114.12699890136719,113.81400299072266,113.90499877929688,0.0
2021-11-12 00:00:00,114.0479965209961,114.2979965209961,113.77100372314453,114.04299926757812,0.0
2021-11-15 00:00:00,113.99099731445312,114.04100036621094,113.76000213623047,113.98100280761719,0.0
2021-11-16 00:00:00,114.13099670410156,114.63099670410156,114.11000061035156,114.13200378417969,0.0
2021-11-17 00:00:00,114.91600036621094,114.94200134277344,114.33000183105469,114.90399932861328,0.0
2021-11-18 00:00:00,114.20999908447266,114.4749984741211,113.88400268554688,114.19000244140625,0.0
2021-11-19 00:00:00,114.31999969482422,114.52100372314453,113.60399627685547,114.28199768066406,0.0
2021-11-22 00:00:00,114.13899993896484,114.80699920654297,114.01899719238281,114.13800048828125,0.0
2021-11-23 00:00:00,114.802001953125,115.14600372314453,114.55000305175781,114.79000091552734,0.0
2021-11-24 00:00:00,115.15699768066406,115.47599792480469,114.8290023803711,115.14099884033203,0.0
2021-11-25 00:00:00,115.41400146484375,115.43599700927734,115.23600006103516,115.40799713134766,0.0
2021-11-26 00:00:00,115.10199737548828,115.10199737548828,113.05599975585938,115.06900024414062,0.0
2021-11-29 00:00:00,113.70500183105469,113.93399810791016,113.03500366210938,113.71900177001953,0.0
2021-11-30 00:00:00,113.80699920654297,113.88500213623047,112.54299926757812,113.80400085449219,0.0
2021-12-01 00:00:00,113.26300048828125,113.61299896240234,112.77400207519531,113.29900360107422,0.0
2021-12-02 00:00:00,112.86299896240234,113.30899810791016,112.71399688720703,112.88200378417969,0.0
2021-12-03 00:00:00,113.0260009765625,113.60600280761719,112.86000061035156,113.02200317382812,0.0
2021-12-06 00:00:00,113.01100158691406,113.48200225830078,112.85600280761719,113.04199981689453,0.0
2021-12-07 00:00:00,113.48600006103516,113.77300262451172,113.41000366210938,113.45800018310547,0.0
2021-12-08 00:00:00,113.51599884033203,113.93000030517578,113.3239974975586,113.5250015258789,0.0
2021-12-09 00:00:00,113.71399688720703,113.80599975585938,113.28399658203125,113.68399810791016,0.0
2021-12-10 00:00:00,113.43800354003906,113.78600311279297,113.23699951171875,113.447998046875,0.0
2021-12-13 00:00:00,113.51000213623047,113.72100067138672,113.38600158691406,113.5009994506836,0.0
2021-12-14 00:00:00,113.5739974975586,113.7490005493164,113.43900299072266,113.5770034790039,0.0
2021-12-15 00:00:00,113.73899841308594,113.89700317382812,113.63099670410156,113.74299621582031,0.0
2021-12-16 00:00:00,114.15599822998047,114.24500274658203,113.56400299072266,114.13600158691406,0.0
2021-12-17 00:00:00,113.68000030517578,113.84500122070312,113.1510009765625,113.66300201416016,0.0
2021-12-20 00:00:00,113.5510025024414,113.68499755859375,113.33100128173828,113.51799774169922,0.0
2021-12-21 00:00:00,113.65899658203125,114.16300201416016,113.56700134277344,113.66200256347656,0.0
2021-12-22 00:00:00,114.01499938964844,114.36199951171875,114.0009994506836,113.99400329589844,0.0
2021-12-23 00:00:00,114.1240005493164,114.44100189208984,114.10700225830078,114.12100219726562,0.0
2021-12-24 00:00:00,114.45700073242188,114.50499725341797,114.29900360107422,114.45800018310547,0.0
2021-12-27 00:00:00,114.33799743652344,114.9010009765625,114.31900024414062,114.33300018310547,0.0
2021-12-28 00:00:00,114.78800201416016,114.93399810791016,114.70899963378906,114.79199981689453,0.0
2021-12-29 00:00:00,114.76699829101562,115.03199768066406,114.6729965209961,114.77300262451172,0.0
2021-12-30 00:00:00,114.95700073242188,115.19999694824219,114.9469985961914,114.947998046875,0.0
2021-12-31 00:00:00,115.05899810791016,115.19200134277344,115.00499725341797,115.06300354003906,0.0
2022-01-03 00:00:00,115.13600158691406,115.36000061035156,114.9739990234375,115.14199829101562,0.0
2022-01-04 00:00:00,115.31600189208984,116.33999633789062,115.29900360107422,115.3280029296875,0.0
2022-01-05 00:00:00,116.16500091552734,116.23500061035156,115.62699890136719,116.17400360107422,0.0
2022-01-06 00:00:00,116.12899780273438,116.17900085449219,115.65399932861328,116.12799835205078,0.0
2022-01-07 00:00:00,115.87000274658203,116.02999877929688,115.59100341796875,115.86499786376953,0.0
2022-01-10 00:00:00,115.62200164794922,115.84200286865234,115.04499816894531,115.61799621582031,0.0
2022-01-11 00:00:00,115.28299713134766,115.6760025024414,115.13700103759766,115.27799987792969,0.0
2022-01-12 00:00:00,115.33100128173828,115.45899963378906,114.71499633789062,115.33100128173828,0.0
2022-01-13 00:00:00,114.66999816894531,114.69200134277344,114.00599670410156,114.67500305175781,0.0
2022-01-14 00:00:00,114.10099792480469,114.1709976196289,113.50499725341797,114.11799621582031,0.0
2022-01-17 00:00:00,114.30599975585938,114.63600158691406,114.28399658203125,114.30599975585938,0.0
2022-01-18 00:00:00,114.57099914550781,115.03099822998047,114.44999694824219,114.57099914550781,0.0
2022-01-19 00:00:00,114.55599975585938,114.76799774169922,114.22100067138672,114.55400085449219,0.0
2022-01-20 00:00:00,114.34700012207031,114.53099822998047,113.97799682617188,114.34700012207031,0.0
2022-01-21 00:00:00,113.94599914550781,114.01799774169922,113.61900329589844,113.99299621582031,0.0
2022-01-24 00:00:00,113.78600311279297,113.98999786376953,113.48899841308594,113.78500366210938,0.0
2022-01-25 00:00:00,114.01499938964844,114.14399719238281,113.67500305175781,114.01100158691406,0.0
2022-01-26 00:00:00,113.89099884033203,114.37699890136719,113.78800201416016,113.875,0.0
2022-01-27 00:00:00,114.71700286865234,115.48100280761719,114.48600006103516,114.72100067138672,0.0
2022-01-28 00:00:00,115.36799621582031,115.66999816894531,115.13700103759766,115.35199737548828,0.0
2022-01-31 00:00:00,115.23899841308594,115.5770034790039,115.1760025024414,115.26200103759766,0.0
2022-02-01 00:00:00,115.14399719238281,115.19200134277344,114.56800079345703,115.12100219726562,0.0
2022-02-02 00:00:00,114.7249984741211,114.7959976196289,114.19300079345703,114.73600006103516,0.0
2022-02-03 00:00:00,114.36799621582031,114.96900177001953,114.32599639892578,114.38200378417969,0.0
2022-02-04 00:00:00,114.96900177001953,115.4260025024414,114.78099822998047,114.95700073242188,0.0
2022-02-07 00:00:00,115.24600219726562,115.37300109863281,114.91899871826172,115.2239990234375,0.0
2022-02-08 00:00:00,115.06600189208984,115.61799621582031,115.06600189208984,115.06300354003906,0.0
2022-02-09 00:00:00,115.54199981689453,115.58300018310547,115.31900024414062,115.53099822998047,0.0
2022-02-10 00:00:00,115.5999984741211,116.3239974975586,115.48500061035156,115.60199737548828,0.0
2022-02-11 00:00:00,116.04900360107422,116.16600036621094,115.7760009765625,116.0469970703125,0.0
2022-02-14 00:00:00,115.55899810791016,115.7239990234375,115.0199966430664,115.58399963378906,0.0
2022-02-15 00:00:00,115.54199981689453,115.86900329589844,115.25599670410156,115.53600311279297,0.0
2022-02-16 00:00:00,115.63999938964844,115.77400207519531,115.39099884033203,115.63500213623047,0.0
2022-02-17 00:00:00,115.39399719238281,115.52799987792969,114.86100006103516,115.38700103759766,0.0
2022-02-18 00:00:00,114.85600280761719,115.26399993896484,114.78700256347656,114.86599731445312,0.0
2022-02-21 00:00:00,114.95600128173828,115.10600280761719,114.79900360107422,114.96099853515625,0.0
2022-02-22 00:00:00,114.58300018310547,115.23200225830078,114.5260009765625,114.60900115966797,0.0
2022-02-23 00:00:00,115.10199737548828,115.18499755859375,114.96700286865234,115.09600067138672,0.0
2022-02-24 00:00:00,114.91600036621094,115.6259994506836,114.41400146484375,114.89800262451172,0.0
2022-02-25 00:00:00,115.5469970703125,115.63099670410156,115.1520004272461,115.57099914550781,0.0
2022-02-28 00:00:00,115.58799743652344,115.64700317382812,115.09300231933594,115.58499908447266,0.0
2022-03-01 00:00:00,115.08200073242188,115.26499938964844,114.71900177001953,115.0780029296875,0.0
2022-03-02 00:00:00,114.81500244140625,115.68000030517578,114.79499816894531,114.83300018310547,0.0
2022-03-03 00:00:00,115.49700164794922,115.80000305175781,115.49500274658203,115.51899719238281,0.0
2022-03-04 00:00:00,115.4800033569336,115.53299713134766,114.6510009765625,115.4739990234375,0.0
2022-03-07 00:00:00,114.93699645996094,115.47100067138672,114.84200286865234,114.94999694824219,0.0
2022-03-08 00:00:00,115.36900329589844,115.7760009765625,115.33200073242188,115.37300109863281,0.0
2022-03-09 00:00:00,115.74199676513672,115.94100189208984,115.5790023803711,115.72200012207031,0.0
2022-03-10 00:00:00,115.91100311279297,116.19000244140625,115.81999969482422,115.90899658203125,0.0
2022-03-11 00:00:00,116.15899658203125,117.16400146484375,116.1500015258789,116.17900085449219,0.0
2022-03-14 00:00:00,117.50399780273438,118.05899810791016,117.46700286865234,117.52899932861328,0.0
2022-03-15 00:00:00,118.21800231933594,118.43399810791016,117.74500274658203,118.21800231933594,0.0
2022-03-16 00:00:00,118.31199645996094,118.5009994506836,118.1719970703125,118.29199981689453,0.0
2022-03-17 00:00:00,118.89099884033203,118.99800109863281,118.4219970703125,118.87000274658203,0.0
2022-03-18 00:00:00,118.48500061035156,119.38899993896484,118.48500061035156,118.48600006103516,0.0
2022-03-21 00:00:00,119.26100158691406,119.29299926757812,119.0999984741211,119.26300048828125,0.0
2022-03-22 00:00:00,119.59400177001953,120.97599792480469,119.59400177001953,119.59400177001953,0.0
2022-03-23 00:00:00,121.26499938964844,121.29900360107422,120.62799835205078,121.33999633789062,0.0
2022-03-24 00:00:00,121.13800048828125,122.10299682617188,120.9800033569336,121.12699890136719,0.0
2022-03-25 00:00:00,122.3499984741211,122.3499984741211,121.21700286865234,122.34600067138672,0.0
2022-03-27 23:00:00,122.2699966430664,125.05500030517578,122.15899658203125,122.2699966430664,0.0
2022-03-28 23:00:00,123.66000366210938,124.20899963378906,122.05799865722656,123.66000366210938,0.0
2022-03-29 23:00:00,123.125,123.02300262451172,121.31600189208984,123.125,0.0
2022-03-30 23:00:00,122.02100372314453,122.41600036621094,121.29100036621094,122.02100372314453,0.0
2022-03-31 23:00:00,121.75599670410156,122.99700164794922,121.74299621582031,121.75599670410156,0.0
2022-04-03 23:00:00,122.61000061035156,122.9280014038086,122.28800201416016,122.61000061035156,0.0
2022-04-04 23:00:00,122.80899810791016,123.4990005493164,122.41999816894531,122.80899810791016,0.0
2022-04-05 23:00:00,123.65599822998047,124.04399871826172,123.58799743652344,123.65599822998047,0.0
2022-04-06 23:00:00,123.7229995727539,123.99500274658203,123.50800323486328,123.7229995727539,0.0
2022-04-07 23:00:00,124.09600067138672,124.6500015258789,123.68299865722656,124.09600067138672,0.0
2022-04-10 23:00:00,124.38500213623047,125.76100158691406,124.302001953125,124.38500213623047,0.0
2022-04-11 23:00:00,125.47200012207031,125.74299621582031,124.87300109863281,125.47200012207031,0.0
2022-04-12 23:00:00,125.41600036621094,126.2969970703125,125.37100219726562,125.41600036621094,0.0
2022-04-13 23:00:00,125.37699890136719,125.98799896240234,125.13099670410156,125.37699890136719,0.0
2022-04-14 23:00:00,126.17900085449219,126.6709976196289,126.06900024414062,126.17900085449219,0.0
2022-04-17 23:00:00,126.61799621582031,126.79000091552734,126.26300048828125,126.61799621582031,0.0
2022-04-18 23:00:00,127.0979995727539,128.86099243164062,127.03900146484375,127.0979995727539,0.0
2022-04-19 23:00:00,129.33299255371094,129.37399291992188,127.51100158691406,129.33299255371094,0.0
2022-04-20 23:00:00,128.01300048828125,128.6959991455078,127.8270034790039,128.01300048828125,0.0
2022-04-21 23:00:00,128.4080047607422,129.0590057373047,127.80699920654297,128.4080047607422,0.0
2022-04-24 23:00:00,128.60499572753906,128.82200622558594,127.5250015258789,128.60499572753906,0.0
2022-04-25 23:00:00,127.74400329589844,128.18800354003906,127.04399871826172,127.74400329589844,0.0
2022-04-26 23:00:00,127.26599884033203,128.5780029296875,127.25900268554688,127.26599884033203,0.0
2022-04-27 23:00:00,128.3939971923828,131.2209930419922,128.3679962158203,128.3939971923828,0.0
2022-04-28 23:00:00,130.81100463867188,130.80999755859375,129.4600067138672,130.81100463867188,0.0
2022-05-01 23:00:00,130.01100158691406,130.4709930419922,129.61599731445312,130.01100158691406,0.0
2022-05-02 23:00:00,130.11199951171875,130.27999877929688,129.718994140625,130.11199951171875,0.0
2022-05-03 23:00:00,130.11599731445312,130.197998046875,129.80299377441406,130.11599731445312,0.0
2022-05-04 23:00:00,129.22300720214844,130.4320068359375,128.77499389648438,129.22300720214844,0.0
2022-05-05 23:00:00,130.3300018310547,130.80499267578125,130.2209930419922,130.3300018310547,0.0
2022-05-08 23:00:00,130.74899291992188,131.3249969482422,130.14999389648438,130.74899291992188,0.0
2022-05-09 23:00:00,130.3769989013672,130.5279998779297,129.81500244140625,130.3769989013672,0.0
2022-05-10 23:00:00,130.3509979248047,130.7830047607422,129.61199951171875,130.3509979248047,0.0
2022-05-11 23:00:00,129.8350067138672,129.8979949951172,127.58499908447266,129.8350067138672,0.0
2022-05-12 23:00:00,128.58799743652344,129.43699645996094,128.36599731445312,128.58799743652344,0.0
2022-05-15 23:00:00,129.4320068359375,129.60400390625,128.70599365234375,129.4320068359375,0.0
2022-05-16 23:00:00,128.92300415039062,129.75,128.83999633789062,128.92300415039062,0.0
2022-05-17 23:00:00,129.45399475097656,129.43299865722656,128.1199951171875,129.45399475097656,0.0
2022-05-18 23:00:00,127.91400146484375,128.93800354003906,127.02899932861328,127.91400146484375,0.0
2022-05-19 23:00:00,127.83200073242188,128.28399658203125,127.53700256347656,127.83200073242188,0.0
2022-05-22 23:00:00,127.90299987792969,127.93299865722656,127.16699981689453,127.90299987792969,0.0
2022-05-23 23:00:00,127.84600067138672,128.0500030517578,126.39199829101562,127.84600067138672,0.0
2022-05-24 23:00:00,126.76899719238281,127.41500091552734,126.67500305175781,126.76899719238281,0.0
2022-05-25 23:00:00,127.1520004272461,127.55999755859375,126.56900024414062,127.1520004272461,0.0
2022-05-26 23:00:00,127.04499816894531,127.21099853515625,126.677001953125,127.04499816894531,0.0
2022-05-29 23:00:00,127.28500366210938,127.80599975585938,126.87000274658203,127.28500366210938,0.0
2022-05-30 23:00:00,127.78399658203125,128.8780059814453,127.65299987792969,127.78399658203125,0.0
2022-05-31 23:00:00,128.73599243164062,130.11599731445312,128.8000030517578,128.73599243164062,0.0
2022-06-01 23:00:00,130.1219940185547,130.18099975585938,129.52699279785156,130.1219940185547,0.0
2022-06-02 23:00:00,129.91799926757812,130.9709930419922,129.69500732421875,129.91799926757812,0.0
2022-06-05 23:00:00,130.70700073242188,131.67599487304688,130.47300720214844,130.70700073242188,0.0
2022-06-06 23:00:00,132.17599487304688,132.98800659179688,132.0970001220703,132.17599487304688,0.0
2022-06-07 23:00:00,132.8470001220703,134.43600463867188,132.73300170898438,132.8470001220703,0.0
2022-06-08 23:00:00,134.42999267578125,134.5540008544922,133.1909942626953,134.42999267578125,0.0
2022-06-09 23:00:00,134.41799926757812,134.38099670410156,133.38699340820312,134.41799926757812,0.0
2022-06-12 23:00:00,134.81399536132812,135.1580047607422,133.60899353027344,134.81399536132812,0.0
2022-06-13 23:00:00,134.22500610351562,134.96800231933594,133.89999389648438,134.22500610351562,0.0
2022-06-14 23:00:00,135.29400634765625,135.28500366210938,134.2969970703125,135.29400634765625,0.0
2022-06-15 23:00:00,134.11500549316406,134.6719970703125,131.5469970703125,134.11500549316406,0.0
2022-06-16 23:00:00,132.42100524902344,135.41200256347656,132.18699645996094,132.42100524902344,0.0
2022-06-19 23:00:00,135.2760009765625,135.41200256347656,134.5489959716797,135.2760009765625,0.0
2022-06-20 23:00:00,135.08700561523438,136.32899475097656,134.94500732421875,135.08700561523438,0.0
2022-06-21 23:00:00,136.2689971923828,136.59500122070312,135.75100708007812,136.2689971923828,0.0
2022-06-22 23:00:00,136.0240020751953,136.18099975585938,134.29400634765625,136.0240020751953,0.0
2022-06-23 23:00:00,134.83999633789062,135.27200317382812,134.3699951171875,134.83999633789062,0.0
2022-06-26 23:00:00,135.06199645996094,135.53900146484375,134.53500366210938,135.06199645996094,0.0
2022-06-27 23:00:00,135.43499755859375,136.30299377441406,135.12399291992188,135.43499755859375,0.0
2022-06-28 23:00:00,136.0469970703125,136.9969940185547,135.81100463867188,136.0469970703125,0.0
2022-06-29 23:00:00,136.58900451660156,136.7989959716797,135.68699645996094,136.58900451660156,0.0
2022-06-30 23:00:00,135.78599548339844,135.9770050048828,134.79600524902344,135.78599548339844,0.0
2022-07-03 23:00:00,135.04299926757812,135.77099609375,134.79800415039062,135.04299926757812,0.0
2022-07-04 23:00:00,135.83999633789062,136.34500122070312,135.55499267578125,135.83999633789062,0.0
2022-07-05 23:00:00,135.52099609375,135.96200561523438,134.97500610351562,135.52099609375,0.0
2022-07-06 23:00:00,135.96600341796875,136.20399475097656,135.57000732421875,135.96600341796875,0.0
2022-07-07 23:00:00,135.91299438476562,136.54400634765625,135.35699462890625,135.91299438476562,0.0
2022-07-10 23:00:00,136.30099487304688,137.7449951171875,136.27000427246094,136.30099487304688,0.0
2022-07-11 23:00:00,137.38800048828125,137.5019989013672,136.49600219726562,137.38800048828125,0.0
2022-07-12 23:00:00,136.7259979248047,137.85800170898438,136.7310028076172,136.7259979248047,0.0
2022-07-13 23:00:00,137.6280059814453,139.3769989013672,137.60499572753906,137.6280059814453,0.0
2022-07-14 23:00:00,138.9669952392578,139.07400512695312,138.4040069580078,138.9669952392578,0.0
2022-07-17 23:00:00,138.31399536132812,138.43699645996094,137.89599609375,138.31399536132812,0.0
2022-07-18 23:00:00,138.22900390625,138.38699340820312,137.38600158691406,138.22900390625,0.0
2022-07-19 23:00:00,138.1909942626953,138.36500549316406,137.91400146484375,138.1909942626953,0.0
2022-07-20 23:00:00,138.39500427246094,138.86700439453125,137.7220001220703,138.39500427246094,0.0
2022-07-21 23:00:00,137.09800720214844,137.93899536132812,135.5959930419922,137.09800720214844,0.0
2022-07-24 23:00:00,136.31199645996094,136.7830047607422,135.93600463867188,136.31199645996094,0.0
2022-07-25 23:00:00,136.43099975585938,136.83399963378906,136.29200744628906,136.43099975585938,0.0
2022-07-26 23:00:00,136.97000122070312,137.34300231933594,136.55099487304688,136.97000122070312,0.0
2022-07-27 23:00:00,136.11099243164062,136.41099548339844,134.35499572753906,136.11099243164062,0.0
2022-07-28 23:00:00,134.39700317382812,134.64999389648438,132.552001953125,134.39700317382812,0.0
2022-07-31 23:00:00,133.40699768066406,133.36500549316406,131.6219940185547,133.40699768066406,0.0
2022-08-01 23:00:00,131.57200622558594,132.36599731445312,130.42999267578125,131.57200622558594,0.0
2022-08-02 23:00:00,133.37899780273438,134.52999877929688,132.34100341796875,133.37899780273438,0.0
2022-08-03 23:00:00,133.96200561523438,134.38800048828125,133.07000732421875,133.96200561523438,0.0
2022-08-04 23:00:00,132.62100219726562,135.45599365234375,132.58999633789062,132.62100219726562,0.0
2022-08-07 23:00:00,135.0570068359375,135.51800537109375,134.3820037841797,135.0570068359375,0.0
2022-08-08 23:00:00,134.83999633789062,135.1699981689453,134.68600463867188,134.83999633789062,0.0
2022-08-09 23:00:00,135.18699645996094,135.2949981689453,132.06300354003906,135.18699645996094,0.0
2022-08-10 23:00:00,132.8300018310547,133.30499267578125,131.78599548339844,132.8300018310547,0.0
2022-08-11 23:00:00,132.99400329589844,133.86900329589844,132.9199981689453,132.99400329589844,0.0
2022-08-14 23:00:00,133.28799438476562,133.53599548339844,132.58399963378906,133.28799438476562,0.0
2022-08-15 23:00:00,133.14300537109375,134.6540069580078,132.9739990234375,133.14300537109375,0.0
2022-08-16 23:00:00,134.27699279785156,135.48899841308594,133.92300415039062,134.27699279785156,0.0
2022-08-17 23:00:00,134.94400024414062,135.40699768066406,134.6540069580078,134.94400024414062,0.0
2022-08-18 23:00:00,135.7949981689453,137.1999969482422,135.83399963378906,135.7949981689453,0.0
2022-08-21 23:00:00,137.04100036621094,137.64700317382812,136.73699951171875,137.04100036621094,0.0
2022-08-22 23:00:00,137.54600524902344,137.6929931640625,135.8820037841797,137.54600524902344,0.0
2022-08-23 23:00:00,136.73300170898438,137.22500610351562,136.1929931640625,136.73300170898438,0.0
2022-08-24 23:00:00,137.08099365234375,137.17999267578125,136.3260040283203,137.08099365234375,0.0
2022-08-25 23:00:00,136.56300354003906,137.43299865722656,136.36000061035156,136.56300354003906,0.0
2022-08-28 23:00:00,137.6300048828125,138.9949951171875,138.09800720214844,137.52000427246094,0.0
2022-08-29 23:00:00,138.5959930419922,139.05599975585938,138.05299377441406,138.5959930419922,0.0
2022-08-30 23:00:00,138.73399353027344,138.87600708007812,138.2760009765625,138.73399353027344,0.0
2022-08-31 23:00:00,139.29600524902344,140.21800231933594,139.08599853515625,139.29600524902344,0.0
2022-09-01 23:00:00,140.08099365234375,140.7949981689453,139.8780059814453,140.08099365234375,0.0
2022-09-04 23:00:00,140.48699951171875,140.64700317382812,140.12899780273438,140.48699951171875,0.0
2022-09-05 23:00:00,140.42999267578125,142.96800231933594,140.2519989013672,140.42999267578125,0.0
2022-09-06 23:00:00,143.1510009765625,144.98199462890625,142.97999572753906,143.1510009765625,0.0
2022-09-07 23:00:00,144.1280059814453,144.50399780273438,143.33799743652344,144.1280059814453,0.0
2022-09-08 23:00:00,143.8560028076172,143.94700622558594,141.50599670410156,143.8560028076172,0.0
2022-09-11 23:00:00,142.5959930419922,143.48599243164062,142.2570037841797,142.5959930419922,0.0
2022-09-12 23:00:00,142.5850067138672,144.677001953125,141.89599609375,142.5850067138672,0.0
2022-09-13 23:00:00,144.4040069580078,144.8260040283203,142.5570068359375,144.4040069580078,0.0
2022-09-14 23:00:00,142.92300415039062,143.79400634765625,142.9499969482422,142.92300415039062,0.0
2022-09-15 23:00:00,143.36500549316406,143.6719970703125,142.87100219726562,143.36500549316406,0.0
2022-09-18 23:00:00,142.76499938964844,143.63400268554688,142.6959991455078,142.76499938964844,0.0
2022-09-19 23:00:00,143.22300720214844,143.9010009765625,142.96200561523438,143.22300720214844,0.0
2022-09-20 23:00:00,143.6020050048828,144.18699645996094,143.3780059814453,143.6020050048828,0.0
2022-09-21 23:00:00,144.3159942626953,145.88299560546875,140.39700317382812,144.3159942626953,0.0
2022-09-22 23:00:00,142.27999877929688,143.31700134277344,141.78199768066406,142.27999877929688,0.0
2022-09-25 23:00:00,143.51100158691406,144.48599243164062,143.43800354003906,143.51100158691406,0.0
2022-09-26 23:00:00,144.45899963378906,144.83999633789062,144.08200073242188,144.45899963378906,0.0
2022-09-27 23:00:00,144.6909942626953,144.8179931640625,144.1479949951172,144.6909942626953,0.0
2022-09-28 23:00:00,144.3979949951172,144.78500366210938,144.2100067138672,144.3979949951172,0.0
2022-09-29 23:00:00,144.43099975585938,144.77999877929688,144.21400451660156,144.43099975585938,0.0
2022-10-02 23:00:00,144.8159942626953,145.2779998779297,144.16099548339844,144.8159942626953,0.0
2022-10-03 23:00:00,144.5189971923828,144.92100524902344,144.31900024414062,144.5189971923828,0.0
2022-10-04 23:00:00,143.78700256347656,144.843994140625,143.55599975585938,143.78700256347656,0.0
2022-10-05 23:00:00,144.44900512695312,145.13299560546875,144.38699340820312,144.44900512695312,0.0
2022-10-06 23:00:00,145.03900146484375,145.3260040283203,144.75999450683594,145.03900146484375,0.0
2022-10-09 23:00:00,145.48199462890625,145.8179931640625,145.23599243164062,145.48199462890625,0.0
2022-10-10 23:00:00,145.6739959716797,145.8459930419922,145.5050048828125,145.6739959716797,0.0
2022-10-11 23:00:00,145.8699951171875,146.96099853515625,145.87899780273438,145.8699951171875,0.0
2022-10-12 23:00:00,146.73699951171875,147.6009979248047,146.66299438476562,146.73699951171875,0.0
2022-10-13 23:00:00,147.29299926757812,148.49200439453125,147.11000061035156,147.29299926757812,0.0
2022-10-16 23:00:00,148.6320037841797,148.88999938964844,148.43099975585938,148.6320037841797,0.0
2022-10-17 23:00:00,148.9709930419922,149.28500366210938,148.6929931640625,148.9709930419922,0.0
2022-10-18 23:00:00,149.20899963378906,149.781005859375,149.12399291992188,149.20899963378906,0.0
2022-10-19 23:00:00,149.8209991455078,149.98899841308594,149.56700134277344,149.8209991455078,0.0
2022-10-20 23:00:00,150.17599487304688,151.93699645996094,146.32000732421875,150.17599487304688,0.0
2022-10-23 23:00:00,147.81900024414062,149.45199584960938,147.8090057373047,147.81900024414062,0.0
2022-10-24 23:00:00,148.88699340820312,148.99600219726562,147.55499267578125,148.88699340820312,0.0
2022-10-25 23:00:00,147.97999572753906,148.4029998779297,146.40899658203125,147.97999572753906,0.0
2022-10-26 23:00:00,146.13400268554688,146.86099243164062,145.156005859375,146.13400268554688,0.0
2022-10-27 23:00:00,146.2740020751953,147.84800720214844,146.0279998779297,146.2740020751953,0.0
2022-10-31 00:00:00,147.81199645996094,148.8419952392578,147.75,147.81199645996094,0.0
2022-11-01 00:00:00,148.73699951171875,148.8070068359375,146.99099731445312,148.73699951171875,0.0
2022-11-02 00:00:00,147.9149932861328,147.96499633789062,146.8520050048828,147.9149932861328,0.0
2022-11-03 00:00:00,147.89199829101562,148.4340057373047,147.11000061035156,147.89199829101562,0.0
2022-11-04 00:00:00,148.39300537109375,148.39300537109375,146.57899475097656,148.39300537109375,0.0
2022-11-07 00:00:00,146.84100341796875,147.55299377441406,146.11399841308594,146.84100341796875,0.0
2022-11-08 00:00:00,146.62399291992188,146.927001953125,145.31300354003906,146.62399291992188,0.0
2022-11-09 00:00:00,145.2949981689453,146.55799865722656,145.218994140625,145.2949981689453,0.0
2022-11-10 00:00:00,146.20899963378906,146.58200073242188,141.53799438476562,146.20899963378906,0.0
2022-11-11 00:00:00,141.73399353027344,142.46600341796875,138.88800048828125,141.73399353027344,0.0
2022-11-14 00:00:00,139.55299377441406,140.7689971923828,138.86900329589844,139.55299377441406,0.0
2022-11-15 00:00:00,140.11500549316406,140.58099365234375,137.8090057373047,140.11500549316406,0.0
2022-11-16 00:00:00,138.96499633789062,140.28500366210938,138.8939971923828,138.96499633789062,0.0
2022-11-17 00:00:00,139.32200622558594,140.71400451660156,138.906005859375,139.32200622558594,0.0
2022-11-18 00:00:00,140.41200256347656,140.47000122070312,139.64999389648438,140.41200256347656,0.0
2022-11-21 00:00:00,140.2530059814453,142.01800537109375,140.2030029296875,140.2530059814453,0.0
2022-11-22 00:00:00,142.09800720214844,142.23899841308594,141.08599853515625,142.09800720214844,0.0
2022-11-23 00:00:00,141.15499877929688,141.57400512695312,139.58700561523438,141.15499877929688,0.0
2022-11-24 00:00:00,139.2779998779297,139.48599243164062,138.09500122070312,139.2779998779297,0.0
2022-11-25 00:00:00,138.60299682617188,139.59100341796875,138.38900756835938,138.60299682617188,0.0
2022-11-28 00:00:00,139.30999755859375,139.4199981689453,137.51400756835938,139.10000610351562,0.0
2022-11-29 00:00:00,138.718994140625,139.3209991455078,137.88600158691406,138.718994140625,0.0
2022-11-30 00:00:00,138.7449951171875,139.88299560546875,138.33799743652344,138.7449951171875,0.0
2022-12-01 00:00:00,137.35899353027344,137.51600646972656,135.53900146484375,137.35899353027344,0.0
2022-12-02 00:00:00,135.14999389648438,135.9759979248047,133.67300415039062,135.14999389648438,0.0
2022-12-05 00:00:00,134.47500610351562,136.58099365234375,134.13400268554688,134.47500610351562,0.0
2022-12-06 00:00:00,136.65199279785156,137.41299438476562,136.00799560546875,136.65199279785156,0.0
2022-12-07 00:00:00,136.88600158691406,137.83799743652344,136.41799926757812,136.88600158691406,0.0
2022-12-08 00:00:00,136.38099670410156,137.2239990234375,136.29600524902344,136.38099670410156,0.0
2022-12-09 00:00:00,136.61399841308594,136.86599731445312,135.61199951171875,136.61399841308594,0.0
2022-12-12 00:00:00,136.71200561523438,137.6179962158203,136.63299560546875,136.71200561523438,0.0
2022-12-13 00:00:00,137.50399780273438,137.94200134277344,134.68800354003906,137.50399780273438,0.0
2022-12-14 00:00:00,135.58399963378906,135.6820068359375,134.68099975585938,135.58399963378906,0.0
2022-12-15 00:00:00,135.34800720214844,137.92100524902344,135.2830047607422,135.34800720214844,0.0
2022-12-16 00:00:00,137.75100708007812,137.75100708007812,136.41000366210938,137.75100708007812,0.0
2022-12-19 00:00:00,136.02999877929688,137.14999389648438,135.7729949951172,136.69000244140625,0.0
2022-12-20 00:00:00,136.9949951171875,137.45199584960938,131.01699829101562,136.9949951171875,0.0
2022-12-21 00:00:00,131.89199829101562,132.4759979248047,131.52200317382812,131.89199829101562,0.0
2022-12-22 00:00:00,132.3699951171875,132.68099975585938,131.65499877929688,132.3699951171875,0.0
2022-12-23 00:00:00,132.35699462890625,133.12100219726562,132.29100036621094,132.35699462890625,0.0
2022-12-26 00:00:00,132.77000427246094,133.23699951171875,132.3300018310547,132.7899932861328,0.0
2022-12-27 00:00:00,132.76400756835938,133.58700561523438,132.6479949951172,132.76400756835938,0.0
2022-12-28 00:00:00,133.48599243164062,134.39500427246094,133.41099548339844,133.48599243164062,0.0
2022-12-29 00:00:00,134.03399658203125,134.18800354003906,132.93600463867188,134.03399658203125,0.0
2022-12-30 00:00:00,132.91600036621094,132.91700744628906,131.54100036621094,132.91600036621094,0.0
2023-01-02 00:00:00,130.84500122070312,131.03500366210938,130.62100219726562,130.84500122070312,0.0
2023-01-03 00:00:00,130.79400634765625,131.1820068359375,129.53399658203125,130.79400634765625,0.0
2023-01-04 00:00:00,131.2480010986328,132.1699981689453,129.96400451660156,131.2480010986328,0.0
2023-01-05 00:00:00,132.24600219726562,133.99200439453125,131.72999572753906,132.24600219726562,0.0
2023-01-06 00:00:00,133.3070068359375,134.74099731445312,132.18699645996094,133.3070068359375,0.0
2023-01-09 00:00:00,131.86199951171875,132.64500427246094,131.32699584960938,131.86199951171875,0.0
2023-01-10 00:00:00,131.72900390625,132.46600341796875,131.43299865722656,131.72900390625,0.0
2023-01-11 00:00:00,132.1009979248047,132.85400390625,132.10299682617188,132.1009979248047,0.0
2023-01-12 00:00:00,131.90199279785156,132.02099609375,129.56900024414062,131.90199279785156,0.0
2023-01-13 00:00:00,129.1719970703125,129.3419952392578,127.46800231933594,129.1719970703125,0.0
2023-01-16 00:00:00,128.0260009765625,128.80999755859375,127.25399780273438,128.0260009765625,0.0
2023-01-17 00:00:00,128.3209991455078,129.11599731445312,128.02200317382812,128.3209991455078,0.0
2023-01-18 00:00:00,128.281005859375,131.5590057373047,127.60700225830078,128.281005859375,0.0
2023-01-19 00:00:00,128.53900146484375,128.7729949951172,127.7770004272461,128.53900146484375,0.0
2023-01-20 00:00:00,128.3699951171875,130.60400390625,128.35499572753906,128.3699951171875,0.0
2023-01-23 00:00:00,129.38499450683594,130.875,129.06199645996094,129.35400390625,0.0
2023-01-24 00:00:00,130.5970001220703,131.06900024414062,129.74400329589844,130.5970001220703,0.0
2023-01-25 00:00:00,130.23899841308594,130.5679931640625,129.29299926757812,130.23899841308594,0.0
2023-01-26 00:00:00,129.23699951171875,130.58299255371094,129.03500366210938,129.23699951171875,0.0
2023-01-27 00:00:00,129.8000030517578,130.2550048828125,129.54600524902344,129.8000030517578,0.0
2023-01-30 00:00:00,129.85400390625,130.46099853515625,129.2050018310547,129.85400390625,0.0
2023-01-31 00:00:00,130.47900390625,130.4759979248047,129.7689971923828,130.47900390625,0.0
2023-02-01 00:00:00,130.11000061035156,130.39599609375,129.2100067138672,130.11000061035156,0.0
2023-02-02 00:00:00,128.6219940185547,129.09100341796875,128.09300231933594,128.6219940185547,0.0
2023-02-03 00:00:00,128.74600219726562,131.13699340820312,128.33599853515625,128.74600219726562,0.0
2023-02-06 00:00:00,132.00900268554688,132.89199829101562,131.59100341796875,132.00900268554688,0.0
2023-02-07 00:00:00,132.6230010986328,132.6219940185547,131.16000366210938,132.6230010986328,0.0
2023-02-08 00:00:00,131.04200744628906,131.51400756835938,130.60899353027344,131.04200744628906,0.0
2023-02-09 00:00:00,131.38699340820312,131.8090057373047,130.3520050048828,131.38699340820312,0.0
2023-02-10 00:00:00,131.5189971923828,131.83200073242188,129.83399963378906,131.5189971923828,0.0
2023-02-13 00:00:00,131.55099487304688,132.86399841308594,131.46600341796875,131.55099487304688,0.0
2023-02-14 00:00:00,132.33700561523438,133.1179962158203,131.66200256347656,132.33700561523438,0.0
2023-02-15 00:00:00,132.99099731445312,134.32400512695312,132.55499267578125,132.99099731445312,0.0
2023-02-16 00:00:00,133.9029998779297,134.4429931640625,133.60899353027344,133.9029998779297,0.0
2023-02-17 00:00:00,134.07400512695312,135.0800018310547,134.07200622558594,134.07400512695312,0.0
2023-02-20 00:00:00,134.3070068359375,134.52999877929688,133.9290008544922,134.3070068359375,0.0
2023-02-21 00:00:00,134.33599853515625,135.1909942626953,134.156005859375,134.33599853515625,0.0
2023-02-22 00:00:00,134.9759979248047,135.04800415039062,134.38299560546875,134.9759979248047,0.0
2023-02-23 00:00:00,134.9320068359375,135.34300231933594,134.6439971923828,134.9320068359375,0.0
2023-02-24 00:00:00,134.6280059814453,136.4239959716797,134.18099975585938,134.6280059814453,0.0
2023-02-27 00:00:00,136.39500427246094,136.4759979248047,135.9290008544922,136.39500427246094,0.0
2023-02-28 00:00:00,136.31700134277344,136.90899658203125,136.02200317382812,136.31700134277344,0.0
2023-03-01 00:00:00,136.34800720214844,136.46200561523438,135.25999450683594,136.34800720214844,0.0
2023-03-02 00:00:00,136.19400024414062,137.06500244140625,136.08799743652344,136.19400024414062,0.0
2023-03-03 00:00:00,136.7050018310547,136.74000549316406,135.8280029296875,136.7050018310547,0.0
2023-03-06 00:00:00,135.8699951171875,136.1790008544922,135.39500427246094,135.86000061035156,0.0
2023-03-07 00:00:00,135.99899291992188,136.94700622558594,135.58099365234375,135.99899291992188,0.0
2023-03-08 00:00:00,137.39100646972656,137.89599609375,136.50599670410156,137.39100646972656,0.0
2023-03-09 00:00:00,137.2259979248047,137.2519989013672,135.99000549316406,137.2259979248047,0.0
2023-03-10 00:00:00,136.39500427246094,136.97900390625,134.1719970703125,136.39500427246094,0.0
2023-03-13 00:00:00,134.97000122070312,135.02000427246094,132.29299926757812,134.97999572753906,0.0
2023-03-14 00:00:00,133.11399841308594,134.8730010986328,133.0709991455078,133.11399841308594,0.0
2023-03-15 00:00:00,134.39700317382812,135.05799865722656,132.2519989013672,134.39700317382812,0.0
2023-03-16 00:00:00,132.9290008544922,133.45799255371094,131.74400329589844,132.9290008544922,0.0
2023-03-17 00:00:00,133.3679962158203,133.5659942626953,131.83700561523438,133.3679962158203,0.0
2023-03-20 00:00:00,132.28399658203125,132.6300048828125,130.55799865722656,132.28399658203125,0.0
2023-03-21 00:00:00,131.39199829101562,132.43699645996094,131.04800415039062,131.39199829101562,0.0
2023-03-22 00:00:00,132.34800720214844,132.9929962158203,132.26699829101562,132.34800720214844,0.0
2023-03-23 00:00:00,131.1790008544922,131.63600158691406,130.447998046875,131.1790008544922,0.0
2023-03-24 00:00:00,130.86500549316406,130.91900634765625,129.6739959716797,130.86500549316406,0.0
2023-03-26 23:00:00,130.8459930419922,131.74099731445312,130.50900268554688,130.8459930419922,0.0
2023-03-27 23:00:00,131.23300170898438,131.2760009765625,130.4459991455078,131.23300170898438,0.0
2023-03-28 23:00:00,131.04600524902344,132.697998046875,130.92799377441406,131.04600524902344,0.0
2023-03-29 23:00:00,132.5760040283203,132.93299865722656,132.2220001220703,132.5760040283203,0.0
2023-03-30 23:00:00,133.2010040283203,133.56399536132812,132.7259979248047,133.2010040283203,0.0
2023-04-02 23:00:00,133.3470001220703,133.7310028076172,132.2209930419922,133.3470001220703,0.0
2023-04-03 23:00:00,132.2989959716797,133.13999938964844,131.57400512695312,132.2989959716797,0.0
2023-04-04 23:00:00,131.48500061035156,131.83900451660156,130.6840057373047,131.48500061035156,0.0
2023-04-05 23:00:00,130.9340057373047,131.85299682617188,130.79100036621094,130.9340057373047,0.0
2023-04-06 23:00:00,131.66900634765625,132.3159942626953,131.52499389648438,131.66900634765625,0.0
2023-04-09 23:00:00,132.0970001220703,133.8419952392578,132.01400756835938,132.0970001220703,0.0
2023-04-10 23:00:00,133.468994140625,133.66600036621094,132.9810028076172,133.468994140625,0.0
2023-04-11 23:00:00,133.593994140625,134.0229949951172,132.781005859375,133.593994140625,0.0
2023-04-12 23:00:00,133.0850067138672,133.36700439453125,132.02999877929688,133.0850067138672,0.0
2023-04-13 23:00:00,132.48699951171875,133.75599670410156,132.17599487304688,132.48699951171875,0.0
2023-04-16 23:00:00,133.9709930419922,134.56500244140625,133.71400451660156,133.9709930419922,0.0
2023-04-17 23:00:00,134.4250030517578,134.6929931640625,133.8679962158203,134.4250030517578,0.0
2023-04-18 23:00:00,134.04400634765625,135.0469970703125,133.96099853515625,134.04400634765625,0.0
2023-04-19 23:00:00,134.70399475097656,134.9600067138672,134.02699279785156,134.70399475097656,0.0
2023-04-20 23:00:00,133.99600219726562,134.46499633789062,133.55499267578125,133.99600219726562,0.0
2023-04-23 23:00:00,133.96099853515625,134.72500610351562,133.88999938964844,133.96099853515625,0.0
2023-04-24 23:00:00,134.08399963378906,134.44900512695312,133.7469940185547,134.08399963378906,0.0
2023-04-25 23:00:00,133.71099853515625,133.86599731445312,133.0260009765625,133.71099853515625,0.0
2023-04-26 23:00:00,133.46499633789062,134.1820068359375,133.2949981689453,133.46499633789062,0.0
2023-04-27 23:00:00,133.802001953125,136.5290069580078,133.73399353027344,133.802001953125,0.0
2023-04-30 23:00:00,136.38600158691406,137.40199279785156,136.26300048828125,136.38600158691406,0.0
2023-05-01 23:00:00,137.52099609375,137.76499938964844,136.40899658203125,137.52099609375,0.0
2023-05-02 23:00:00,136.46600341796875,136.56900024414062,135.07200622558594,136.46600341796875,0.0
2023-05-03 23:00:00,134.54400634765625,134.8699951171875,133.68600463867188,134.54400634765625,0.0
2023-05-04 23:00:00,134.1790008544922,135.0850067138672,133.88600158691406,134.1790008544922,0.0
2023-05-07 23:00:00,135.19900512695312,135.20599365234375,134.66400146484375,135.19900512695312,0.0
2023-05-08 23:00:00,135.072998046875,135.33599853515625,134.73699951171875,135.072998046875,0.0
2023-05-09 23:00:00,135.28799438476562,135.45599365234375,134.30999755859375,135.28799438476562,0.0
2023-05-10 23:00:00,134.08700561523438,134.84100341796875,133.7519989013672,134.08700561523438,0.0
2023-05-11 23:00:00,134.4980010986328,135.62899780273438,134.40199279785156,134.4980010986328,0.0
2023-05-14 23:00:00,135.82200622558594,136.31199645996094,135.71600341796875,135.82200622558594,0.0
2023-05-15 23:00:00,136.0449981689453,136.6750030517578,135.697998046875,136.0449981689453,0.0
2023-05-16 23:00:00,136.42999267578125,137.5659942626953,136.3040008544922,136.42999267578125,0.0
2023-05-17 23:00:00,137.61399841308594,138.65899658203125,137.31100463867188,137.61399841308594,0.0
2023-05-18 23:00:00,138.6199951171875,138.64700317382812,137.46200561523438,138.6199951171875,0.0
2023-05-21 23:00:00,137.69200134277344,138.65899658203125,137.50399780273438,137.69200134277344,0.0
2023-05-22 23:00:00,138.6719970703125,138.87600708007812,138.2530059814453,138.6719970703125,0.0
2023-05-23 23:00:00,138.59800720214844,139.177001953125,138.24899291992188,138.59800720214844,0.0
2023-05-24 23:00:00,139.2830047607422,139.87600708007812,139.20599365234375,139.2830047607422,0.0
2023-05-25 23:00:00,140.01699829101562,140.68099975585938,139.51400756835938,140.01699829101562,0.0
2023-05-28 23:00:00,140.87100219726562,140.9010009765625,140.1199951171875,140.87100219726562,0.0
2023-05-29 23:00:00,140.4409942626953,140.9029998779297,139.5800018310547,140.4409942626953,0.0
2023-05-30 23:00:00,139.79200744628906,140.34100341796875,139.3159942626953,139.79200744628906,0.0
2023-05-31 23:00:00,139.1269989013672,139.9459991455078,138.4969940185547,139.1269989013672,0.0
2023-06-01 23:00:00,138.7480010986328,139.7969970703125,138.61000061035156,138.7480010986328,0.0
2023-06-04 23:00:00,140.20700073242188,140.44500732421875,139.25599670410156,140.20700073242188,0.0
2023-06-05 23:00:00,139.38299560546875,139.96099853515625,139.11700439453125,139.38299560546875,0.0
2023-06-06 23:00:00,139.52699279785156,140.0260009765625,139.04299926757812,139.52699279785156,0.0
2023-06-07 23:00:00,139.8990020751953,140.08999633789062,138.8249969482422,139.8990020751953,0.0
2023-06-08 23:00:00,138.86300659179688,139.71499633789062,138.89999389648438,138.86300659179688,0.0
2023-06-11 23:00:00,139.37100219726562,139.72500610351562,139.0709991455078,139.37100219726562,0.0
2023-06-12 23:00:00,139.4600067138672,140.10699462890625,139.01600646972656,139.4600067138672,0.0
2023-06-13 23:00:00,140.177001953125,140.1929931640625,139.2969970703125,140.177001953125,0.0
2023-06-14 23:00:00,139.9770050048828,141.4759979248047,139.9600067138672,139.9770050048828,0.0
2023-06-15 23:00:00,140.26800537109375,141.86599731445312,139.86199951171875,140.26800537109375,0.0
2023-06-18 23:00:00,141.86700439453125,141.99600219726562,141.45399475097656,141.86700439453125,0.0
2023-06-19 23:00:00,141.8990020751953,142.2239990234375,141.2449951171875,141.8990020751953,0.0
2023-06-20 23:00:00,141.3350067138672,142.32899475097656,141.37100219726562,141.3350067138672,0.0
2023-06-21 23:00:00,141.68800354003906,142.9340057373047,141.62600708007812,141.68800354003906,0.0
2023-06-22 23:00:00,143.02999877929688,143.85400390625,142.76199340820312,143.02999877929688,0.0
2023-06-25 23:00:00,143.54100036621094,143.6820068359375,142.97300720214844,143.54100036621094,0.0
2023-06-26 23:00:00,143.4600067138672,144.16299438476562,143.29200744628906,143.4600067138672,0.0
2023-06-27 23:00:00,143.8820037841797,144.59500122070312,143.73599243164062,143.8820037841797,0.0
2023-06-28 23:00:00,144.38900756835938,144.89199829101562,144.13800048828125,144.38900756835938,0.0
2023-06-29 23:00:00,144.77999877929688,145.0330047607422,144.22799682617188,144.77999877929688,0.0
2023-07-02 23:00:00,144.3979949951172,144.90899658203125,144.0229949951172,144.3979949951172,0.0
2023-07-03 23:00:00,144.58399963378906,144.67300415039062,144.2100067138672,144.58399963378906,0.0
2023-07-04 23:00:00,144.406005859375,144.72500610351562,144.08999633789062,144.406005859375,0.0
2023-07-05 23:00:00,144.48899841308594,144.64199829101562,143.58299255371094,144.48899841308594,0.0
2023-07-06 23:00:00,143.9510040283203,144.1929931640625,142.11000061035156,143.9510040283203,0.0
2023-07-09 23:00:00,142.20899963378906,142.99899291992188,141.5279998779297,142.20899963378906,0.0
2023-07-10 23:00:00,141.2969970703125,141.4409942626953,140.1649932861328,141.2969970703125,0.0
2023-07-11 23:00:00,140.1179962158203,140.07400512695312,138.2050018310547,140.1179962158203,0.0
2023-07-12 23:00:00,138.31500244140625,138.93699645996094,138.05599975585938,138.31500244140625,0.0
2023-07-13 23:00:00,138.0749969482422,139.1009979248047,137.31500244140625,138.0749969482422,0.0
2023-07-16 23:00:00,138.6820068359375,139.3939971923828,138.01499938964844,138.6820068359375,0.0
2023-07-17 23:00:00,138.72900390625,138.95599365234375,137.8280029296875,138.72900390625,0.0
2023-07-18 23:00:00,139.02699279785156,139.99000549316406,138.87600708007812,139.02699279785156,0.0
2023-07-19 23:00:00,139.59800720214844,140.4029998779297,139.1230010986328,139.59800720214844,0.0
2023-07-20 23:00:00,139.86399841308594,141.93699645996094,139.7519989013672,139.86399841308594,0.0
2023-07-23 23:00:00,141.75,141.77099609375,140.88600158691406,141.75,0.0
2023-07-24 23:00:00,141.52200317382812,141.69000244140625,140.9149932861328,141.52200317382812,0.0
2023-07-25 23:00:00,140.91299438476562,141.1790008544922,140.18899536132812,140.91299438476562,0.0
2023-07-26 23:00:00,140.36700439453125,141.281005859375,139.3979949951172,140.36700439453125,0.0
2023-07-27 23:00:00,138.86399841308594,140.95700073242188,138.08999633789062,138.86399841308594,0.0
2023-07-30 23:00:00,140.75799560546875,142.6479949951172,140.7010040283203,140.75799560546875,0.0
2023-07-31 23:00:00,142.322998046875,143.4530029296875,142.2899932861328,142.322998046875,0.0
2023-08-01 23:00:00,142.97000122070312,143.4600067138672,142.2570037841797,142.97000122070312,0.0
2023-08-02 23:00:00,143.343994140625,143.8780059814453,142.09300231933594,143.343994140625,0.0
2023-08-03 23:00:00,142.59800720214844,142.86700439453125,141.5570068359375,142.59800720214844,0.0
2023-08-06 23:00:00,141.87600708007812,142.48800659179688,141.5229949951172,141.87600708007812,0.0
2023-08-07 23:00:00,142.5240020751953,143.41900634765625,142.572998046875,142.5240020751953,0.0
2023-08-08 23:00:00,143.2779998779297,143.71200561523438,143.01400756835938,143.2779998779297,0.0
2023-08-09 23:00:00,143.7270050048828,144.48300170898438,143.33900451660156,143.7270050048828,0.0
2023-08-10 23:00:00,144.85400390625,144.96299743652344,144.43699645996094,144.85400390625,0.0
2023-08-13 23:00:00,144.81700134277344,145.5659942626953,144.75100708007812,144.81700134277344,0.0
2023-08-14 23:00:00,145.43699645996094,145.85800170898438,145.10699462890625,145.43699645996094,0.0
2023-08-15 23:00:00,145.60800170898438,145.88299560546875,145.31900024414062,145.60800170898438,0.0
2023-08-16 23:00:00,146.33299255371094,146.52499389648438,145.63800048828125,146.33299255371094,0.0
2023-08-17 23:00:00,145.71400451660156,145.7740020751953,145.13400268554688,145.71400451660156,0.0
2023-08-20 23:00:00,145.30499267578125,146.38299560546875,145.1490020751953,145.30499267578125,0.0
2023-08-21 23:00:00,146.23800659179688,146.38999938964844,145.5019989013672,146.23800659179688,0.0
2023-08-22 23:00:00,145.76300048828125,145.81300354003906,144.5800018310547,145.76300048828125,0.0
2023-08-23 23:00:00,144.67300415039062,145.94700622558594,144.62100219726562,144.67300415039062,0.0
2023-08-24 23:00:00,146.06700134277344,146.60499572753906,145.73399353027344,146.06700134277344,0.0
2023-08-27 23:00:00,146.531005859375,146.71600341796875,146.2779998779297,146.531005859375,0.0
2023-08-28 23:00:00,146.46400451660156,147.343994140625,145.8520050048828,146.46400451660156,0.0
2023-08-29 23:00:00,145.98800659179688,146.5229949951172,145.55799865722656,145.98800659179688,0.0
2023-08-30 23:00:00,146.0989990234375,146.1909942626953,145.531005859375,146.0989990234375,0.0
2023-08-31 23:00:00,145.47300720214844,146.2270050048828,144.48199462890625,145.47300720214844,0.0
2023-09-03 23:00:00,146.0570068359375,146.49000549316406,146.04100036621094,146.0570068359375,0.0
2023-09-04 23:00:00,146.54299926757812,147.71600341796875,146.4980010986328,146.54299926757812,0.0
2023-09-05 23:00:00,147.4709930419922,147.79600524902344,147.03700256347656,147.4709930419922,0.0
2023-09-06 23:00:00,147.70899963378906,147.86500549316406,147.0570068359375,147.70899963378906,0.0
2023-09-07 23:00:00,147.33099365234375,147.74200439453125,146.68699645996094,147.33099365234375,0.0
2023-09-10 23:00:00,147.11300659179688,147.10000610351562,145.91299438476562,147.11300659179688,0.0
2023-09-11 23:00:00,146.67799377441406,147.218994140625,146.47300720214844,146.67799377441406,0.0
2023-09-12 23:00:00,147.1580047607422,147.61500549316406,147.11199951171875,147.1580047607422,0.0
2023-09-13 23:00:00,147.3459930419922,147.53700256347656,147.02699279785156,147.3459930419922,0.0
2023-09-14 23:00:00,147.48199462890625,147.94900512695312,147.34100341796875,147.48199462890625,0.0
2023-09-17 23:00:00,147.8679962158203,147.86099243164062,147.55999755859375,147.8679962158203,0.0
2023-09-18 23:00:00,147.60499572753906,147.88999938964844,147.51499938964844,147.60499572753906,0.0
2023-09-19 23:00:00,147.74200439453125,148.16299438476562,147.6230010986328,147.74200439453125,0.0
2023-09-20 23:00:00,148.3209991455078,148.447998046875,147.3249969482422,148.3209991455078,0.0
2023-09-21 23:00:00,147.6439971923828,148.4040069580078,147.5290069580078,147.6439971923828,0.0
2023-09-24 23:00:00,148.4340057373047,148.94400024414062,148.28500366210938,148.4340057373047,0.0
2023-09-25 23:00:00,148.81100463867188,149.17599487304688,148.70799255371094,148.81100463867188,0.0
2023-09-26 23:00:00,149.0449981689453,149.4949951171875,148.86599731445312,149.0449981689453,0.0
2023-09-27 23:00:00,149.4980010986328,149.54200744628906,149.16400146484375,149.4980010986328,0.0
2023-09-28 23:00:00,149.33700561523438,149.4459991455078,148.531005859375,149.33700561523438,0.0
2023-10-01 23:00:00,149.5399932861328,149.86399841308594,149.46499633789062,149.5399932861328,0.0
2023-10-02 23:00:00,149.8509979248047,150.14199829101562,148.71200561523438,149.8509979248047,0.0
2023-10-03 23:00:00,149.19200134277344,149.30599975585938,148.74000549316406,149.19200134277344,0.0
2023-10-04 23:00:00,148.96600341796875,149.10000610351562,148.30599975585938,148.96600341796875,0.0
2023-10-05 23:00:00,148.46299743652344,149.48800659179688,148.46499633789062,148.46299743652344,0.0
2023-10-08 23:00:00,149.16000366210938,149.21800231933594,148.5229949951172,149.16000366210938,0.0
2023-10-09 23:00:00,148.32699584960938,149.09300231933594,148.18899536132812,148.32699584960938,0.0
2023-10-10 23:00:00,148.6280059814453,149.17999267578125,148.43800354003906,148.6280059814453,0.0
2023-10-11 23:00:00,149.03599548339844,149.78199768066406,148.95799255371094,149.03599548339844,0.0
2023-10-12 23:00:00,149.7899932861328,149.822998046875,149.45599365234375,149.7899932861328,0.0
2023-10-15 23:00:00,149.5659942626953,149.7530059814453,149.3780059814453,149.5659942626953,0.0
2023-10-16 23:00:00,149.5780029296875,149.78900146484375,149.31900024414062,149.5780029296875,0.0
2023-10-17 23:00:00,149.75900268554688,149.87899780273438,149.51300048828125,149.75900268554688,0.0
2023-10-18 23:00:00,149.74200439453125,149.9320068359375,149.70700073242188,149.74200439453125,0.0
2023-10-19 23:00:00,149.802001953125,149.99200439453125,149.80499267578125,149.802001953125,0.0
2023-10-22 23:00:00,149.8800048828125,149.98899841308594,149.74200439453125,149.8800048828125,0.0
2023-10-23 23:00:00,149.7689971923828,149.91799926757812,149.3350067138672,149.7689971923828,0.0
2023-10-24 23:00:00,149.85400390625,149.97000122070312,149.7949981689453,149.85400390625,0.0
2023-10-25 23:00:00,150.09800720214844,150.77200317382812,150.04800415039062,150.09800720214844,0.0
2023-10-26 23:00:00,150.36599731445312,150.4029998779297,149.5540008544922,150.36599731445312,0.0
2023-10-30 00:00:00,149.73300170898438,149.8459930419922,148.81399536132812,149.73300170898438,0.0
2023-10-31 00:00:00,149.11099243164062,151.5290069580078,149.02999877929688,149.11099243164062,0.0
2023-11-01 00:00:00,151.29400634765625,151.4320068359375,150.82400512695312,151.29400634765625,0.0
2023-11-02 00:00:00,150.5749969482422,150.58799743652344,149.85000610351562,150.5749969482422,0.0
2023-11-03 00:00:00,150.4969940185547,150.4929962158203,149.25900268554688,150.4969940185547,0.0
2023-11-06 00:00:00,149.44900512695312,149.8300018310547,149.3820037841797,149.44900512695312,0.0
2023-11-07 00:00:00,149.98899841308594,150.68699645996094,149.968994140625,149.98899841308594,0.0
2023-11-08 00:00:00,150.39599609375,150.98199462890625,150.3459930419922,150.39599609375,0.0
2023-11-09 00:00:00,150.86399841308594,151.17599487304688,150.79800415039062,150.86399841308594,0.0
2023-11-10 00:00:00,151.3489990234375,151.5590057373047,151.22500610351562,151.3489990234375,0.0
2023-11-13 00:00:00,151.468994140625,151.9029998779297,151.24000549316406,151.468994140625,0.0
2023-11-14 00:00:00,151.64599609375,151.77499389648438,150.69700622558594,151.64599609375,0.0
2023-11-15 00:00:00,150.48500061035156,151.23199462890625,150.25999450683594,150.48500061035156,0.0
2023-11-16 00:00:00,151.21499633789062,151.42100524902344,150.2969970703125,151.21499633789062,0.0
2023-11-17 00:00:00,150.7050018310547,150.7689971923828,149.21499633789062,150.7050018310547,0.0
2023-11-20 00:00:00,149.94200134277344,149.968994140625,148.10899353027344,149.94200134277344,0.0
2023-11-21 00:00:00,148.36199951171875,148.41700744628906,147.16900634765625,148.36199951171875,0.0
2023-11-22 00:00:00,148.15199279785156,149.74400329589844,148.093994140625,148.15199279785156,0.0
2023-11-23 00:00:00,149.4600067138672,149.68699645996094,148.88800048828125,149.4600067138672,0.0
2023-11-24 00:00:00,149.63499450683594,149.69900512695312,149.2010040283203,149.63499450683594,0.0
2023-11-27 00:00:00,149.5709991455078,149.6529998779297,148.6739959716797,149.5709991455078,0.0
2023-11-28 00:00:00,148.45199584960938,148.79600524902344,147.39999389648438,148.45199584960938,0.0
2023-11-29 00:00:00,147.06300354003906,147.88800048828125,146.69900512695312,147.06300354003906,0.0
2023-11-30 00:00:00,147.03900146484375,148.4600067138672,146.88600158691406,147.03900146484375,0.0
2023-12-01 00:00:00,147.99899291992188,148.31399536132812,146.8509979248047,147.99899291992188,0.0
2023-12-04 00:00:00,146.39300537109375,147.22300720214844,146.25399780273438,146.39300537109375,0.0
2023-12-05 00:00:00,147.32699584960938,147.3699951171875,146.593994140625,147.32699584960938,0.0
2023-12-06 00:00:00,147.18499755859375,147.48699951171875,146.90499877929688,147.18499755859375,0.0
2023-12-07 00:00:00,147.1840057373047,147.18099975585938,143.85699462890625,147.1840057373047,0.0
2023-12-08 00:00:00,144.2779998779297,145.1479949951172,142.5229949951172,144.2779998779297,0.0
2023-12-11 00:00:00,144.98300170898438,146.55299377441406,144.9029998779297,144.98300170898438,0.0
2023-12-12 00:00:00,146.0850067138672,146.11599731445312,144.81500244140625,146.0850067138672,0.0
2023-12-13 00:00:00,145.27999877929688,145.9770050048828,145.06199645996094,145.27999877929688,0.0
2023-12-14 00:00:00,142.7729949951172,142.8730010986328,141.04400634765625,142.7729949951172,0.0
2023-12-15 00:00:00,142.2790069580078,142.44700622558594,141.47000122070312,142.2790069580078,0.0
2023-12-18 00:00:00,142.31300354003906,143.1269989013672,142.0760040283203,142.31300354003906,0.0
2023-12-19 00:00:00,142.7220001220703,144.93499755859375,142.26300048828125,142.7220001220703,0.0
2023-12-20 00:00:00,143.88900756835938,144.06300354003906,143.302001953125,143.88900756835938,0.0
2023-12-21 00:00:00,143.5229949951172,143.5489959716797,142.05999755859375,143.5229949951172,0.0
2023-12-22 00:00:00,142.07000732421875,142.64599609375,141.88400268554688,142.07000732421875,0.0
2023-12-25 00:00:00,142.3419952392578,142.47999572753906,142.13900756835938,142.3419952392578,0.0
2023-12-26 00:00:00,142.22999572753906,142.6199951171875,142.10800170898438,142.22999572753906,0.0
2023-12-27 00:00:00,142.46099853515625,142.83200073242188,141.85800170898438,142.46099853515625,0.0
2023-12-28 00:00:00,141.3990020751953,141.65199279785156,140.2899932861328,141.3990020751953,0.0
2023-12-29 00:00:00,141.42999267578125,141.8990020751953,140.82899475097656,141.42999267578125,0.0
2024-01-01 00:00:00,140.95199584960938,141.02499389648438,140.95199584960938,140.95199584960938,0.0
2024-01-02 00:00:00,141.12600708007812,142.18600463867188,141.10699462890625,141.12600708007812,0.0
2024-01-03 00:00:00,142.15499877929688,143.6929931640625,141.86900329589844,142.15499877929688,0.0
2024-01-04 00:00:00,142.99899291992188,144.83200073242188,142.8679962158203,142.99899291992188,0.0
2024-01-05 00:00:00,144.76499938964844,145.95799255371094,143.84800720214844,144.76499938964844,0.0
2024-01-08 00:00:00,144.71600341796875,144.79299926757812,143.6699981689453,144.71600341796875,0.0
2024-01-09 00:00:00,144.22999572753906,144.4320068359375,143.4530029296875,144.22999572753906,0.0
2024-01-10 00:00:00,144.42799377441406,145.80999755859375,144.43899536132812,144.42799377441406,0.0
2024-01-11 00:00:00,145.73399353027344,146.35899353027344,145.2790069580078,145.73399353027344,0.0
2024-01-12 00:00:00,145.04600524902344,145.51100158691406,144.36900329589844,145.04600524902344,0.0
2024-01-15 00:00:00,145.1490020751953,145.9340057373047,145.0970001220703,145.1490020751953,0.0
2024-01-16 00:00:00,145.79400634765625,147.16400146484375,145.59100341796875,145.79400634765625,0.0
2024-01-17 00:00:00,147.24600219726562,148.5019989013672,147.1269989013672,147.24600219726562,0.0
2024-01-18 00:00:00,148.1179962158203,148.29800415039062,147.66700744628906,148.1179962158203,0.0
2024-01-19 00:00:00,148.1280059814453,148.781005859375,147.85000610351562,148.1280059814453,0.0
2024-01-22 00:00:00,148.12100219726562,148.2760009765625,147.64100646972656,148.12100219726562,0.0
2024-01-23 00:00:00,148.14199829101562,148.5800018310547,147.04299926757812,148.14199829101562,0.0
2024-01-24 00:00:00,148.25100708007812,148.23800659179688,146.67599487304688,148.25100708007812,0.0
2024-01-25 00:00:00,147.59100341796875,147.85800170898438,147.10899353027344,147.59100341796875,0.0
2024-01-26 00:00:00,147.72300720214844,148.13900756835938,147.50900268554688,147.72300720214844,0.0
2024-01-29 00:00:00,148.13999938964844,148.32200622558594,147.6060028076172,148.13999938964844,0.0
2024-01-30 00:00:00,147.46800231933594,147.90199279785156,147.11000061035156,147.46800231933594,0.0
2024-01-31 00:00:00,147.36900329589844,147.88999938964844,146.08200073242188,147.36900329589844,0.0
2024-02-01 00:00:00,146.99600219726562,147.10899353027344,145.92100524902344,146.99600219726562,0.0
2024-02-02 00:00:00,146.4510040283203,148.56199645996094,146.2480010986328,146.4510040283203,0.0
2024-02-05 00:00:00,148.50100708007812,148.8800048828125,148.27999877929688,148.50100708007812,0.0
2024-02-06 00:00:00,148.63999938964844,148.7830047607422,148.00599670410156,148.63999938964844,0.0
2024-02-07 00:00:00,147.8179931640625,148.2449951171875,147.66299438476562,147.8179931640625,0.0
2024-02-08 00:00:00,148.08599853515625,149.4739990234375,147.93499755859375,148.08599853515625,0.0
2024-02-09 00:00:00,149.25900268554688,149.5709991455078,149.0590057373047,149.25900268554688,0.0
2024-02-12 00:00:00,149.16700744628906,149.4759979248047,148.9320068359375,149.16700744628906,0.0
2024-02-13 00:00:00,149.40499877929688,150.75399780273438,149.28399658203125,149.40499877929688,0.0
2024-02-14 00:00:00,150.7239990234375,150.7740020751953,150.36300659179688,150.7239990234375,0.0
2024-02-15 00:00:00,150.54400634765625,150.5590057373047,149.75900268554688,150.54400634765625,0.0
2024-02-16 00:00:00,149.9459991455078,150.63699340820312,149.92999267578125,149.9459991455078,0.0
2024-02-19 00:00:00,150.13900756835938,150.18699645996094,149.88299560546875,150.09100341796875,0.0
2024-02-20 00:00:00,150.27000427246094,150.4340057373047,149.697998046875,150.27000427246094,0.0
2024-02-21 00:00:00,149.93899536132812,150.2949981689453,149.85699462890625,149.93899536132812,0.0
2024-02-22 00:00:00,150.35499572753906,150.63900756835938,150.01600646972656,150.35499572753906,0.0
2024-02-23 00:00:00,150.48300170898438,150.76199340820312,150.30599975585938,150.48300170898438,0.0
2024-02-26 00:00:00,150.4969940185547,150.81399536132812,150.29600524902344,150.4980010986328,0.0
2024-02-27 00:00:00,150.5659942626953,150.60000610351562,150.1280059814453,150.5659942626953,0.0
2024-02-28 00:00:00,150.4949951171875,150.83700561523438,150.3730010986328,150.4949951171875,0.0
2024-02-29 00:00:00,150.656005859375,150.64100646972656,149.21499633789062,150.656005859375,0.0
2024-03-01 00:00:00,150.09500122070312,150.697998046875,150.06900024414062,150.09500122070312,0.0
2024-03-04 00:00:00,150.10499572753906,150.5659942626953,149.843994140625,150.10499572753906,0.0
2024-03-05 00:00:00,150.46600341796875,150.54200744628906,149.73300170898438,150.46600341796875,0.0
2024-03-06 00:00:00,150.0489959716797,150.0760040283203,149.13900756835938,150.0489959716797,0.0
2024-03-07 00:00:00,149.2689971923828,149.25900268554688,147.58299255371094,149.2689971923828,0.0
2024-03-08 00:00:00,147.8679962158203,148.10000610351562,146.50399780273438,147.8679962158203,0.0
2024-03-11 00:00:00,146.7740020751953,147.125,146.4949951171875,146.7740020751953,0.0
2024-03-12 00:00:00,146.73199462890625,147.95599365234375,146.64500427246094,146.73199462890625,0.0
2024-03-13 00:00:00,147.61900329589844,148.031005859375,147.2519989013672,147.61900329589844,0.0
2024-03-14 00:00:00,147.62100219726562,148.30299377441406,147.50900268554688,147.62100219726562,0.0
2024-03-15 00:00:00,148.29600524902344,149.1580047607422,148.0570068359375,148.29600524902344,0.0
2024-03-18 00:00:00,148.9550018310547,149.3209991455078,148.9290008544922,148.9550018310547,0.0
2024-03-19 00:00:00,149.1439971923828,150.83900451660156,149.11700439453125,149.1439971923828,0.0
2024-03-20 00:00:00,151.03500366210938,151.79100036621094,151.01600646972656,151.03500366210938,0.0
2024-03-21 00:00:00,150.75999450683594,151.65199279785156,150.2760009765625,150.75999450683594,0.0
2024-03-22 00:00:00,151.63299560546875,151.8459930419922,151.0260009765625,151.63299560546875,0.0
2024-03-25 00:00:00,151.30499267578125,151.42999267578125,151.0570068359375,151.30499267578125,0.0
2024-03-26 00:00:00,151.3730010986328,151.59100341796875,151.218994140625,151.3730010986328,0.0
2024-03-27 00:00:00,151.52999877929688,151.94400024414062,151.03799438476562,151.52999877929688,0.0
2024-03-28 00:00:00,151.28700256347656,151.53900146484375,151.15199279785156,151.28700256347656,0.0
2024-03-29 00:00:00,151.44000244140625,151.48899841308594,151.16900634765625,151.44000244140625,0.0
2024-03-31 23:00:00,151.3979949951172,151.75399780273438,151.25799560546875,151.3979949951172,0.0
2024-04-01 23:00:00,151.58099365234375,151.78700256347656,151.4770050048828,151.58099365234375,0.0
2024-04-02 23:00:00,151.5399932861328,151.94700622558594,151.45899963378906,151.5399932861328,0.0
2024-04-03 23:00:00,151.58099365234375,151.76300048828125,151.51199340820312,151.58099365234375,0.0
2024-04-04 23:00:00,151.29200744628906,151.7429962158203,150.85400390625,151.29200744628906,0.0
2024-04-07 23:00:00,151.69000244140625,151.9320068359375,151.677001953125,151.69000244140625,0.0
2024-04-08 23:00:00,151.84300231933594,151.92799377441406,151.57899475097656,151.84300231933594,0.0
2024-04-09 23:00:00,151.77699279785156,152.92599487304688,151.68299865722656,151.77699279785156,0.0
2024-04-10 23:00:00,152.96400451660156,153.3090057373047,152.76699829101562,152.96400451660156,0.0
2024-04-11 23:00:00,153.19200134277344,153.3769989013672,152.61700439453125,153.19200134277344,0.0
2024-04-14 23:00:00,153.2830047607422,154.43600463867188,153.28500366210938,153.2830047607422,0.0
2024-04-15 23:00:00,154.20599365234375,154.76100158691406,154.14999389648438,154.20599365234375,0.0
2024-04-16 23:00:00,154.697998046875,154.7270050048828,154.46099853515625,154.697998046875,0.0
2024-04-17 23:00:00,154.3419952392578,154.64100646972656,153.98500061035156,154.3419952392578,0.0
2024-04-18 23:00:00,154.61000061035156,154.66099548339844,153.6179962158203,154.61000061035156,0.0
2024-04-21 23:00:00,154.62899780273438,154.78399658203125,154.58700561523438,154.63999938964844,0.0
2024-04-22 23:00:00,154.81300354003906,154.87100219726562,154.593994140625,154.81300354003906,0.0
2024-04-23 23:00:00,154.74400329589844,155.1300048828125,154.74000549316406,154.74400329589844,0.0
2024-04-24 23:00:00,155.25900268554688,155.73599243164062,155.25900268554688,155.25900268554688,0.0
2024-04-25 23:00:00,155.5970001220703,157.66600036621094,155.47900390625,155.5970001220703,0.0
2024-04-28 23:00:00,158.2239990234375,159.96099853515625,154.5489959716797,158.2239990234375,0.0
2024-04-29 23:00:00,156.31399536132812,157.55599975585938,156.20399475097656,156.31399536132812,0.0
2024-04-30 23:00:00,157.7220001220703,157.98199462890625,157.42100524902344,157.7220001220703,0.0
2024-05-01 23:00:00,155.70399475097656,156.25100708007812,153.4949951171875,155.70399475097656,0.0
2024-05-02 23:00:00,153.0449981689453,153.41000366210938,151.88099670410156,153.0449981689453,0.0
2024-05-05 23:00:00,153.5659942626953,154.0050048828125,153.3209991455078,153.5659942626953,0.0
2024-05-06 23:00:00,154.23699951171875,154.63999938964844,153.8939971923828,154.23699951171875,0.0
2024-05-07 23:00:00,154.7480010986328,155.64999389648438,154.69400024414062,154.7480010986328,0.0
2024-05-08 23:00:00,155.41900634765625,155.94700622558594,155.2259979248047,155.41900634765625,0.0
2024-05-09 23:00:00,155.38900756835938,155.88600158691406,155.38099670410156,155.38900756835938,0.0
2024-05-12 23:00:00,155.8179931640625,156.2100067138672,155.5959930419922,155.8179931640625,0.0
2024-05-13 23:00:00,156.23300170898438,156.67100524902344,156.2270050048828,156.23300170898438,0.0
2024-05-14 23:00:00,156.4980010986328,156.55299377441406,154.75900268554688,156.4980010986328,0.0
2024-05-15 23:00:00,154.28199768066406,155.51600646972656,153.58999633789062,154.28199768066406,0.0
2024-05-16 23:00:00,155.37899780273438,155.97500610351562,155.27099609375,155.37899780273438,0.0
2024-05-19 23:00:00,155.75399780273438,156.218994140625,155.51400756835938,155.75399780273438,0.0
2024-05-20 23:00:00,156.3699951171875,156.5240020751953,155.8719940185547,156.3699951171875,0.0
2024-05-21 23:00:00,156.25100708007812,156.60499572753906,156.14700317382812,156.25100708007812,0.0
2024-05-22 23:00:00,156.70399475097656,157.16299438476562,156.5290069580078,156.70399475097656,0.0
2024-05-23 23:00:00,156.97300720214844,157.13699340820312,156.8679962158203,156.97300720214844,0.0
2024-05-26 23:00:00,156.8699951171875,156.9550018310547,156.67799377441406,156.8699951171875,0.0
2024-05-27 23:00:00,156.84500122070312,156.98899841308594,156.61199951171875,156.84500122070312,0.0
2024-05-28 23:00:00,157.26199340820312,157.63900756835938,157.02200317382812,157.26199340820312,0.0
2024-05-29 23:00:00,157.60800170898438,157.6269989013672,156.427001953125,157.60800170898438,0.0
2024-05-30 23:00:00,156.9530029296875,157.36199951171875,156.57000732421875,156.9530029296875,0.0
2024-06-02 23:00:00,157.17999267578125,157.4510040283203,155.9709930419922,157.17999267578125,0.0
2024-06-03 23:00:00,156.0760040283203,156.47900390625,154.6009979248047,156.0760040283203,0.0
2024-06-04 23:00:00,155.12399291992188,156.47300720214844,155.11099243164062,155.12399291992188,0.0
2024-06-05 23:00:00,155.9290008544922,156.39599609375,155.40699768066406,155.9290008544922,0.0
2024-06-06 23:00:00,155.69700622558594,157.06700134277344,155.14199829101562,155.69700622558594,0.0
2024-06-09 23:00:00,156.83299255371094,157.18600463867188,156.72300720214844,156.83299255371094,0.0
2024-06-10 23:00:00,157.0399932861328,157.38800048828125,156.81100463867188,157.0399932861328,0.0
2024-06-11 23:00:00,157.10499572753906,157.36500549316406,155.72900390625,157.10499572753906,0.0
2024-06-12 23:00:00,156.8000030517578,157.3000030517578,156.57699584960938,156.8000030517578,0.0
2024-06-13 23:00:00,157.1280059814453,158.2469940185547,156.89999389648438,157.1280059814453,0.0
2024-06-16 23:00:00,157.54600524902344,157.95199584960938,157.1699981689453,157.54600524902344,0.0
2024-06-17 23:00:00,157.6999969482422,158.22799682617188,157.52499389648438,157.6999969482422,0.0
2024-06-18 23:00:00,157.87100219726562,157.94500732421875,157.61300659179688,157.87100219726562,0.0
2024-06-19 23:00:00,157.95799255371094,158.77200317382812,157.95599365234375,157.95799255371094,0.0
2024-06-20 23:00:00,158.93099975585938,159.60800170898438,158.68600463867188,158.93099975585938,0.0
2024-06-23 23:00:00,159.86099243164062,159.91299438476562,159.01800537109375,159.86099243164062,0.0
2024-06-24 23:00:00,159.68600463867188,159.75,159.2530059814453,159.68600463867188,0.0
2024-06-25 23:00:00,159.68600463867188,160.80299377441406,159.66299438476562,159.68600463867188,0.0
2024-06-26 23:00:00,160.62100219726562,160.7239990234375,160.31399536132812,160.62100219726562,0.0
2024-06-27 23:00:00,160.68699645996094,161.24099731445312,160.27699279785156,160.68699645996094,0.0
2024-06-30 23:00:00,160.90699768066406,161.71499633789062,160.81900024414062,160.90699768066406,0.0
2024-07-01 23:00:00,161.51199340820312,161.72999572753906,161.28500366210938,161.51199340820312,0.0
2024-07-02 23:00:00,161.50399780273438,161.94200134277344,160.86500549316406,161.50399780273438,0.0
2024-07-03 23:00:00,161.62100219726562,161.58599853515625,160.9550018310547,161.62100219726562,0.0
2024-07-04 23:00:00,161.35800170898438,161.3719940185547,160.4459991455078,161.35800170898438,0.0
2024-07-07 23:00:00,160.63800048828125,161.10699462890625,160.27200317382812,160.63800048828125,0.0
2024-07-08 23:00:00,160.85699462890625,161.4949951171875,160.7469940185547,160.85699462890625,0.0
2024-07-09 23:00:00,161.33099365234375,161.74000549316406,161.3000030517578,161.33099365234375,0.0
2024-07-10 23:00:00,161.60699462890625,161.7469940185547,157.48899841308594,161.60699462890625,0.0
2024-07-11 23:00:00,158.2010040283203,159.37600708007812,157.37899780273438,158.2010040283203,0.0
2024-07-14 23:00:00,158.31300354003906,158.35800170898438,157.75399780273438,158.31300354003906,0.0
2024-07-15 23:00:00,158.14100646972656,158.84100341796875,158.11300659179688,158.14100646972656,0.0
2024-07-16 23:00:00,158.35000610351562,158.5780029296875,156.1199951171875,158.35000610351562,0.0
2024-07-17 23:00:00,155.68600463867188,156.98500061035156,155.4969940185547,155.68600463867188,0.0
2024-07-18 23:00:00,157.14999389648438,157.85499572753906,156.97799682617188,157.14999389648438,0.0
2024-07-21 23:00:00,157.4219970703125,157.60499572753906,156.2989959716797,157.4219970703125,0.0
2024-07-22 23:00:00,156.89100646972656,156.9029998779297,155.82899475097656,156.89100646972656,0.0
2024-07-23 23:00:00,155.76800537109375,155.9770050048828,153.11099243164062,155.76800537109375,0.0
2024-07-24 23:00:00,153.89100646972656,154.1510009765625,151.9669952392578,153.89100646972656,0.0
2024-07-25 23:00:00,153.69700622558594,154.7310028076172,153.26199340820312,153.69700622558594,0.0
2024-07-28 23:00:00,154.13900756835938,154.33700561523438,153.06300354003906,154.13900756835938,0.0
2024-07-29 23:00:00,153.83299255371094,155.19000244140625,153.656005859375,153.83299255371094,0.0
2024-07-30 23:00:00,152.6699981689453,153.58099365234375,149.66400146484375,152.6699981689453,0.0
2024-07-31 23:00:00,149.74400329589844,150.85699462890625,148.5050048828125,149.74400329589844,0.0
2024-08-01 23:00:00,149.2010040283203,149.76400756835938,146.4239959716797,149.2010040283203,0.0
2024-08-04 23:00:00,145.58399963378906,145.91799926757812,141.69700622558594,145.58399963378906,0.0
2024-08-05 23:00:00,145.7899932861328,146.2570037841797,144.06300354003906,145.7899932861328,0.0
2024-08-06 23:00:00,144.73199462890625,147.82200622558594,144.5540008544922,144.73199462890625,0.0
2024-08-07 23:00:00,146.12399291992188,147.47500610351562,145.4709930419922,146.12399291992188,0.0
2024-08-08 23:00:00,147.66900634765625,147.73599243164062,146.31199645996094,147.66900634765625,0.0
2024-08-11 23:00:00,147.04200744628906,148.2010040283203,146.69900512695312,147.04200744628906,0.0
2024-08-12 23:00:00,146.98199462890625,147.92999267578125,146.91099548339844,146.98199462890625,0.0
2024-08-13 23:00:00,146.9709930419922,147.552001953125,146.08099365234375,146.9709930419922,0.0
2024-08-14 23:00:00,147.2530059814453,149.26300048828125,147.06300354003906,147.2530059814453,0.0
2024-08-15 23:00:00,149.2220001220703,149.22999572753906,147.63900756835938,149.2220001220703,0.0
2024-08-18 23:00:00,147.95599365234375,147.95899963378906,145.2209930419922,147.95599365234375,0.0
2024-08-19 23:00:00,146.69900512695312,147.31900024414062,145.53399658203125,146.69900512695312,0.0
2024-08-20 23:00:00,145.3470001220703,146.33900451660156,144.9810028076172,145.3470001220703,0.0
2024-08-21 23:00:00,145.1179962158203,146.47000122070312,144.947998046875,145.1179962158203,0.0
2024-08-22 23:00:00,146.20199584960938,146.47300720214844,144.60499572753906,146.20199584960938,0.0
2024-08-25 23:00:00,144.0,144.57899475097656,143.4600067138672,144.0,0.0
2024-08-26 23:00:00,144.51600646972656,145.1529998779297,144.1649932861328,144.51600646972656,0.0
2024-08-27 23:00:00,143.97500610351562,145.02499389648438,143.91200256347656,143.97500610351562,0.0
2024-08-28 23:00:00,144.43299865722656,145.52499389648438,144.2830047607422,144.43299865722656,0.0
2024-08-29 23:00:00,144.88999938964844,145.96200561523438,144.70199584960938,144.88999938964844,0.0
2024-09-01 23:00:00,146.38099670410156,147.11900329589844,145.79600524902344,146.38099670410156,0.0
2024-09-02 23:00:00,146.7220001220703,147.18800354003906,145.16799926757812,146.7220001220703,0.0
2024-09-03 23:00:00,145.35299682617188,145.53799438476562,144.02699279785156,145.35299682617188,0.0
2024-09-04 23:00:00,143.32400512695312,144.20399475097656,142.85400390625,143.32400512695312,0.0
2024-09-05 23:00:00,143.39300537109375,143.84800720214844,141.76499938964844,143.39300537109375,0.0
2024-09-08 23:00:00,142.48599243164062,143.78599548339844,142.44500732421875,142.48599243164062,0.0
2024-09-09 23:00:00,143.177001953125,143.6750030517578,142.26199340820312,143.177001953125,0.0
2024-09-10 23:00:00,142.23399353027344,142.46800231933594,140.71800231933594,142.23399353027344,0.0
2024-09-11 23:00:00,142.58999633789062,143.01100158691406,141.91299438476562,142.58999633789062,0.0
2024-09-12 23:00:00,141.49899291992188,141.52699279785156,140.36199951171875,141.49899291992188,0.0
2024-09-15 23:00:00,140.7899932861328,140.8990020751953,139.5780029296875,140.7899932861328,0.0
2024-09-16 23:00:00,140.7899932861328,141.85000610351562,140.322998046875,140.7899932861328,0.0
2024-09-17 23:00:00,142.01499938964844,142.05099487304688,141.24400329589844,142.01499938964844,0.0
2024-09-18 23:00:00,142.7100067138672,143.93499755859375,142.06500244140625,142.7100067138672,0.0
2024-09-19 23:00:00,142.85800170898438,144.4759979248047,141.76300048828125,142.85800170898438,0.0
2024-09-22 23:00:00,144.00399780273438,144.43899536132812,143.1959991455078,144.00399780273438,0.0
2024-09-23 23:00:00,143.63800048828125,144.6649932861328,143.41200256347656,143.63800048828125,0.0
2024-09-24 23:00:00,142.96299743652344,144.58799743652344,142.93600463867188,142.96299743652344,0.0
2024-09-25 23:00:00,144.68299865722656,145.18800354003906,144.11700439453125,144.68299865722656,0.0
2024-09-26 23:00:00,145.0760040283203,146.46200561523438,142.45399475097656,145.0760040283203,0.0
2024-09-29 23:00:00,142.7830047607422,143.3560028076172,141.64700317382812,142.7830047607422,0.0
2024-09-30 23:00:00,143.7100067138672,144.49600219726562,143.0229949951172,143.7100067138672,0.0
2024-10-01 23:00:00,143.73599243164062,146.2519989013672,143.53199768066406,143.73599243164062,0.0
2024-10-02 23:00:00,146.58200073242188,147.2100067138672,146.33299255371094,146.58200073242188,0.0
2024-10-03 23:00:00,146.83999633789062,148.73800659179688,145.94200134277344,146.83999633789062,0.0
2024-10-06 23:00:00,148.82000732421875,148.78799438476562,147.86300659179688,148.82000732421875,0.0
2024-10-07 23:00:00,148.14599609375,148.3509979248047,147.38800048828125,148.14599609375,0.0
2024-10-08 23:00:00,148.15899658203125,149.25799560546875,148.02499389648438,148.15899658203125,0.0
2024-10-09 23:00:00,149.16000366210938,149.52999877929688,148.41799926757812,149.16000366210938,0.0
2024-10-10 23:00:00,148.70399475097656,149.26300048828125,148.3990020751953,148.70399475097656,0.0
2024-10-13 23:00:00,149.33399963378906,149.94900512695312,149.14599609375,149.33399963378906,0.0
2024-10-14 23:00:00,149.6699981689453,149.74000549316406,148.85299682617188,149.6699981689453,0.0
2024-10-15 23:00:00,149.0989990234375,149.73500061035156,148.92999267578125,149.0989990234375,0.0
2024-10-16 23:00:00,149.5760040283203,150.13800048828125,149.2570037841797,149.5760040283203,0.0
2024-10-17 23:00:00,150.10000610351562,150.13900756835938,149.51499938964844,150.10000610351562,0.0
2024-10-20 23:00:00,149.60000610351562,150.48699951171875,149.0959930419922,149.60000610351562,0.0
2024-10-21 23:00:00,150.60499572753906,151.12899780273438,150.51800537109375,150.60499572753906,0.0
2024-10-22 23:00:00,151.13800048828125,153.1649932861328,151.15199279785156,151.13800048828125,0.0
2024-10-23 23:00:00,152.7689971923828,152.76800537109375,151.78399658203125,152.7689971923828,0.0
2024-10-24 23:00:00,151.7830047607422,152.13999938964844,151.49400329589844,151.7830047607422,0.0
2024-10-28 00:00:00,152.95199584960938,153.8679962158203,152.42100524902344,152.95199584960938,0.0
2024-10-29 00:00:00,153.1790008544922,153.83999633789062,152.76800537109375,153.1790008544922,0.0
2024-10-30 00:00:00,153.2740020751953,153.4720001220703,152.8000030517578,153.2740020751953,0.0
2024-10-31 00:00:00,153.20399475097656,153.55599975585938,151.9219970703125,153.20399475097656,0.0
2024-11-01 00:00:00,151.97999572753906,153.0019989013672,151.8350067138672,151.97999572753906,0.0
2024-11-04 00:00:00,152.28700256347656,152.28500366210938,151.55099487304688,152.28700256347656,0.0
2024-11-05 00:00:00,152.2760009765625,152.531005859375,151.79600524902344,152.2760009765625,0.0
2024-11-06 00:00:00,151.43499755859375,154.64999389648438,151.34300231933594,151.43499755859375,0.0
2024-11-07 00:00:00,154.32000732421875,154.70199584960938,152.86099243164062,154.32000732421875,0.0
2024-11-08 00:00:00,153.17999267578125,153.35299682617188,152.17100524902344,153.17999267578125,0.0
2024-11-11 00:00:00,152.9040069580078,153.94400024414062,152.8699951171875,152.9040069580078,0.0
2024-11-12 00:00:00,153.47999572753906,154.75999450683594,153.41099548339844,153.47999572753906,0.0
2024-11-13 00:00:00,154.65499877929688,155.29200744628906,154.35000610351562,154.65499877929688,0.0
2024-11-14 00:00:00,155.4290008544922,156.23800659179688,155.42599487304688,155.4290008544922,0.0
2024-11-15 00:00:00,156.46800231933594,156.74600219726562,154.52999877929688,156.46800231933594,0.0
2024-11-18 00:00:00,154.66400146484375,155.33999633789062,153.86399841308594,154.66400146484375,0.0
2024-11-19 00:00:00,154.61700439453125,154.64500427246094,153.39700317382812,154.61700439453125,0.0
2024-11-20 00:00:00,154.71800231933594,155.8719940185547,154.61199951171875,154.71800231933594,0.0
2024-11-21 00:00:00,155.2949981689453,155.27000427246094,153.95199584960938,155.2949981689453,0.0
2024-11-22 00:00:00,154.21800231933594,154.97900390625,153.97500610351562,154.21800231933594,0.0
2024-11-25 00:00:00,154.14599609375,154.6959991455078,153.5500030517578,154.14599609375,0.0
2024-11-26 00:00:00,154.3780059814453,154.37399291992188,153.02499389648438,154.3780059814453,0.0
2024-11-27 00:00:00,153.00900268554688,153.0070037841797,150.52699279785156,153.00900268554688,0.0
2024-11-28 00:00:00,151.33599853515625,151.9409942626953,151.28900146484375,151.33599853515625,0.0
2024-11-29 00:00:00,151.1739959716797,151.18499755859375,149.58999633789062,151.1739959716797,0.0
2024-12-02 00:00:00,149.8159942626953,150.74000549316406,149.1179962158203,149.8979949951172,0.0
2024-12-03 00:00:00,149.50799560546875,150.21499633789062,148.6510009765625,149.50799560546875,0.0
2024-12-04 00:00:00,149.64700317382812,151.2169952392578,149.53700256347656,149.64700317382812,0.0
2024-12-05 00:00:00,150.56700134277344,150.6840057373047,149.6649932861328,150.56700134277344,0.0
2024-12-06 00:00:00,150.20700073242188,150.68299865722656,149.4199981689453,150.20700073242188,0.0
2024-12-09 00:00:00,149.93099975585938,151.24899291992188,149.69700622558594,150.02999877929688,0.0
2024-12-10 00:00:00,151.4080047607422,152.16700744628906,150.91099548339844,151.4080047607422,0.0
2024-12-11 00:00:00,151.8070068359375,152.77000427246094,151.197998046875,151.8070068359375,0.0
2024-12-12 00:00:00,152.2449951171875,152.76800537109375,151.83599853515625,152.2449951171875,0.0
2024-12-13 00:00:00,152.58700561523438,153.77099609375,152.60000610351562,152.58700561523438,0.0
2024-12-16 00:00:00,153.4530029296875,154.4739990234375,153.3260040283203,153.4530029296875,0.0
2024-12-17 00:00:00,154.08599853515625,154.3280029296875,153.39999389648438,154.08599853515625,0.0
2024-12-18 00:00:00,153.57200622558594,154.072998046875,153.33799743652344,153.57200622558594,0.0
2024-12-19 00:00:00,154.67300415039062,157.79100036621094,154.46299743652344,154.67300415039062,0.0
2024-12-20 00:00:00,157.6439971923828,157.8730010986328,156.10299682617188,157.6439971923828,0.0
2024-12-23 00:00:00,156.5330047607422,157.25999450683594,156.33599853515625,156.5330047607422,0.0
2024-12-24 00:00:00,157.1649932861328,157.3769989013672,156.89999389648438,157.1649932861328,0.0
2024-12-25 00:00:00,157.10699462890625,157.86099243164062,146.20199584960938,157.10699462890625,0.0
2024-12-26 00:00:00,157.13299560546875,158.0749969482422,157.0800018310547,157.13299560546875,0.0
2024-12-27 00:00:00,157.7480010986328,157.9149932861328,157.3520050048828,157.7480010986328,0.0
2024-12-30 00:00:00,157.8730010986328,158.0590057373047,156.66799926757812,157.8730010986328,0.0
2024-12-31 00:00:00,156.9949951171875,157.41000366210938,156.04299926757812,156.9949951171875,0.0
2025-01-02 00:00:00,157.718994140625,157.76499938964844,156.44900512695312,157.718994140625,0.0
2025-01-03 00:00:00,157.36199951171875,157.4810028076172,157.0279998779297,157.36199951171875,0.0
2025-01-06 00:00:00,157.4810028076172,157.9499969482422,156.2740020751953,157.4810028076172,0.0
2025-01-07 00:00:00,157.7429962158203,158.42100524902344,157.38999938964844,157.7429962158203,0.0
2025-01-08 00:00:00,158.23599243164062,158.54299926757812,157.90199279785156,158.23599243164062,0.0
2025-01-09 00:00:00,158.19200134277344,158.3040008544922,157.58099365234375,158.19200134277344,0.0
2025-01-10 00:00:00,158.04800415039062,158.85699462890625,157.22500610351562,158.04800415039062,0.0
2025-01-13 00:00:00,157.88699340820312,157.9550018310547,156.90899658203125,157.88699340820312,0.0
2025-01-14 00:00:00,157.36399841308594,158.1219940185547,157.1490020751953,157.36399841308594,0.0
2025-01-15 00:00:00,158.0500030517578,158.08200073242188,155.968994140625,158.0500030517578,0.0
2025-01-16 00:00:00,156.2550048828125,156.50399780273438,155.11900329589844,156.2550048828125,0.0
2025-01-17 00:00:00,155.3560028076172,156.36500549316406,154.98300170898438,155.3560028076172,0.0
2025-01-20 00:00:00,156.30599975585938,156.45700073242188,155.42300415039062,156.30599975585938,0.0
2025-01-21 00:00:00,155.24899291992188,156.16099548339844,154.79800415039062,155.24899291992188,0.0
2025-01-22 00:00:00,155.7740020751953,156.63499450683594,155.38499450683594,155.7740020751953,0.0
2025-01-23 00:00:00,156.44000244140625,156.7469940185547,155.87399291992188,156.44000244140625,0.0
2025-01-24 00:00:00,156.15499877929688,156.5679931640625,154.86199951171875,156.15499877929688,0.0
2025-01-27 00:00:00,155.74400329589844,156.2259979248047,153.72500610351562,155.74400329589844,0.0
2025-01-28 00:00:00,154.90899658203125,155.9709930419922,154.8070068359375,154.90899658203125,0.0
2025-01-29 00:00:00,155.5590057373047,155.77699279785156,154.97300720214844,155.5590057373047,0.0
2025-01-30 00:00:00,155.1699981689453,155.17599487304688,153.802001953125,155.1699981689453,0.0
2025-01-31 00:00:00,154.0970001220703,154.99400329589844,153.9320068359375,154.0970001220703,0.0
2025-02-03 00:00:00,155.36300659179688,155.86399841308594,154.0189971923828,155.36300659179688,0.0
2025-02-04 00:00:00,155.27699279785156,155.49099731445312,154.4739990234375,155.27699279785156,0.0
2025-02-05 00:00:00,154.13299560546875,154.3489990234375,152.11700439453125,154.13299560546875,0.0
2025-02-06 00:00:00,152.6060028076172,152.86099243164062,151.6840057373047,152.6060028076172,0.0
2025-02-07 00:00:00,151.1929931640625,152.27699279785156,150.94400024414062,151.1929931640625,0.0
2025-02-10 00:00:00,151.8459930419922,152.52499389648438,151.57899475097656,151.8459930419922,0.0
2025-02-11 00:00:00,151.75900268554688,152.57899475097656,151.68699645996094,151.75900268554688,0.0
2025-02-12 00:00:00,152.73899841308594,154.79200744628906,152.73899841308594,152.73899841308594,0.0
2025-02-13 00:00:00,154.2550048828125,154.64700317382812,152.9320068359375,154.2550048828125,0.0
2025-02-14 00:00:00,152.98899841308594,153.07899475097656,152.0290069580078,152.98899841308594,0.0
2025-02-17 00:00:00,152.0229949951172,152.09500122070312,151.33799743652344,152.0229949951172,0.0
2025-02-18 00:00:00,151.44400024414062,152.20700073242188,151.43600463867188,151.44400024414062,0.0
2025-02-19 00:00:00,151.93099975585938,152.29800415039062,151.2550048828125,151.93099975585938,0.0
2025-02-20 00:00:00,151.22000122070312,151.20899963378906,149.49200439453125,151.22000122070312,0.0
2025-02-21 00:00:00,149.4080047607422,150.73500061035156,149.41099548339844,149.4080047607422,0.0
2025-02-24 00:00:00,149.38699340820312,149.86000061035156,148.843994140625,149.38699340820312,0.0
2025-02-25 00:00:00,149.86399841308594,150.28700256347656,148.5959930419922,149.86399841308594,0.0
2025-02-26 00:00:00,149.0780029296875,149.88499450683594,148.6580047607422,149.0780029296875,0.0
2025-02-27 00:00:00,148.83799743652344,150.14700317382812,148.802001953125,148.83799743652344,0.0
2025-02-28 00:00:00,150.01199340820312,150.96499633789062,149.10699462890625,150.01199340820312,0.0
2025-03-03 00:00:00,150.77099609375,151.2989959716797,149.94900512695312,150.77099609375,0.0
2025-03-04 00:00:00,149.30499267578125,149.5570068359375,148.10299682617188,149.30499267578125,0.0
2025-03-05 00:00:00,149.7989959716797,150.1790008544922,148.4199981689453,149.7989959716797,0.0
2025-03-06 00:00:00,148.8979949951172,149.31399536132812,147.3280029296875,148.8979949951172,0.0
2025-03-07 00:00:00,148.10800170898438,148.13699340820312,146.99000549316406,148.10800170898438,0.0
2025-03-10 00:00:00,147.60800170898438,147.7830047607422,146.63800048828125,147.60800170898438,0.0
2025-03-11 00:00:00,147.06900024414062,148.11399841308594,146.5469970703125,147.06900024414062,0.0
2025-03-12 00:00:00,148.04200744628906,149.18600463867188,147.84800720214844,148.04200744628906,0.0
2025-03-13 00:00:00,148.2790069580078,148.36000061035156,147.58799743652344,148.2790069580078,0.0
2025-03-14 00:00:00,147.94900512695312,148.99600219726562,147.85000610351562,147.94900512695312,0.0
2025-03-17 00:00:00,148.59800720214844,149.0800018310547,148.28799438476562,148.59800720214844,0.0
2025-03-18 00:00:00,149.37899780273438,149.93299865722656,149.25900268554688,149.37899780273438,0.0
2025-03-19 00:00:00,149.45199584960938,150.14199829101562,149.15499877929688,149.45199584960938,0.0
2025-03-20 00:00:00,148.49000549316406,148.94200134277344,148.17999267578125,148.49000549316406,0.0
2025-03-21 00:00:00,148.5959930419922,149.6510009765625,148.5970001220703,148.5959930419922,0.0
2025-03-24 00:00:00,149.677001953125,150.7429962158203,149.47000122070312,149.677001953125,0.0
2025-03-25 00:00:00,150.7740020751953,150.93499755859375,149.552001953125,150.7740020751953,0.0
2025-03-26 00:00:00,149.9499969482422,150.74200439453125,149.8509979248047,149.9499969482422,0.0
2025-03-27 00:00:00,150.47300720214844,151.08299255371094,150.06500244140625,150.47300720214844,0.0
2025-03-28 00:00:00,150.8470001220703,151.1999969482422,149.92300415039062,150.8470001220703,0.0
2025-03-30 23:00:00,149.61700439453125,149.9530029296875,148.7100067138672,149.61700439453125,0.0
2025-03-31 23:00:00,149.91299438476562,149.97999572753906,148.9770050048828,149.91299438476562,0.0
2025-04-01 23:00:00,149.7830047607422,150.0760040283203,149.11099243164062,149.7830047607422,0.0
2025-04-02 23:00:00,147.8719940185547,148.3179931640625,145.33900451660156,147.8719940185547,0.0
2025-04-03 23:00:00,146.2310028076172,146.5,144.6020050048828,146.2310028076172,0.0
2025-04-06 23:00:00,145.43299865722656,147.96200561523438,145.09500122070312,145.43299865722656,0.0
2025-04-07 23:00:00,147.78900146484375,147.93499755859375,146.6820068359375,147.78900146484375,0.0
2025-04-08 23:00:00,145.84500122070312,145.88499450683594,144.0449981689453,145.84500122070312,0.0
2025-04-09 23:00:00,147.3990020751953,147.43499755859375,144.06700134277344,147.3990020751953,0.0
2025-04-10 23:00:00,143.7469940185547,144.11000061035156,142.1009979248047,143.7469940185547,0.0
2025-04-13 23:00:00,143.6959991455078,144.0469970703125,142.26499938964844,143.6959991455078,0.0
2025-04-14 23:00:00,143.2209930419922,143.57899475097656,142.61199951171875,143.2209930419922,0.0
2025-04-15 23:00:00,143.18099975585938,143.1580047607422,142.0709991455078,143.18099975585938,0.0
2025-04-16 23:00:00,141.92799377441406,143.02000427246094,141.9149932861328,141.92799377441406,0.0
2025-04-21 23:00:00,140.87600708007812,141.13999938964844,139.89199829101562,140.87600708007812,0.0
2025-04-22 23:00:00,142.68800354003906,142.7519989013672,141.531005859375,142.68800354003906,0.0
2025-04-23 23:00:00,143.22300720214844,143.33299255371094,142.30799865722656,143.22300720214844,0.0
2025-04-24 23:00:00,142.87899780273438,144.0229949951172,142.843994140625,142.87899780273438,0.0
2025-04-27 23:00:00,143.84100341796875,143.86399841308594,142.64500427246094,143.84100341796875,0.0
2025-04-28 23:00:00,142.17799377441406,142.7570037841797,142.02200317382812,142.17799377441406,0.0
2025-04-29 23:00:00,142.2989959716797,143.14300537109375,142.17100524902344,142.2989959716797,0.0
2025-04-30 23:00:00,143.00900268554688,145.63400268554688,142.88999938964844,143.00900268554688,0.0
2025-05-01 23:00:00,145.447998046875,145.906005859375,143.73800659179688,145.447998046875,0.0
2025-05-04 23:00:00,144.62399291992188,144.77699279785156,143.54400634765625,144.62399291992188,0.0
2025-05-05 23:00:00,143.6540069580078,144.25,142.36300659179688,143.6540069580078,0.0
2025-05-06 23:00:00,143.03500366210938,143.50799560546875,142.76800537109375,143.03500366210938,0.0
2025-05-07 23:00:00,143.84800720214844,145.5540008544922,143.46800231933594,143.84800720214844,0.0
2025-05-08 23:00:00,146.01499938964844,146.16600036621094,144.8489990234375,146.01499938964844,0.0
2025-05-11 23:00:00,145.81199645996094,148.58200073242188,145.71800231933594,145.81199645996094,0.0
2025-05-12 23:00:00,148.30999755859375,148.2449951171875,147.656005859375,148.30999755859375,0.0
2025-05-13 23:00:00,147.5279998779297,147.64599609375,145.62899780273438,147.5279998779297,0.0
2025-05-14 23:00:00,146.64999389648438,146.7209930419922,145.41600036621094,146.64999389648438,0.0
2025-05-15 23:00:00,145.61300659179688,146.0570068359375,144.9320068359375,145.61300659179688,0.0
2025-05-18 23:00:00,145.29800415039062,145.33900451660156,144.6580047607422,145.29800415039062,0.0
2025-05-19 23:00:00,144.97500610351562,145.44900512695312,144.0970001220703,144.97500610351562,0.0
2025-05-20 23:00:00,144.3280029296875,144.3470001220703,143.45899963378906,144.3280029296875,0.0
2025-05-21 23:00:00,143.7550048828125,144.0449981689453,142.8280029296875,143.7550048828125,0.0
2025-05-22 23:00:00,143.85800170898438,144.00999450683594,142.468994140625,143.85800170898438,0.0
2025-05-25 23:00:00,142.86700439453125,143.0330047607422,142.23399353027344,142.86700439453125,0.0
2025-05-26 23:00:00,142.65499877929688,144.44900512695312,142.13099670410156,142.65499877929688,0.0
2025-05-27 23:00:00,144.177001953125,145.06399536132812,143.86900329589844,144.177001953125,0.0
2025-05-28 23:00:00,145.69700622558594,146.25100708007812,144.06700134277344,145.69700622558594,0.0
2025-05-29 23:00:00,143.7790069580078,144.4010009765625,143.44400024414062,143.7790069580078,0.0
2025-06-01 23:00:00,143.81500244140625,143.7969970703125,142.54600524902344,143.81500244140625,0.0
2025-06-02 23:00:00,142.45199584960938,143.97300720214844,142.42300415039062,142.45199584960938,0.0
2025-06-03 23:00:00,143.83700561523438,144.3489990234375,142.9029998779297,143.83700561523438,0.0
2025-06-04 23:00:00,142.73199462890625,143.947998046875,142.58700561523438,142.73199462890625,0.0
2025-06-05 23:00:00,143.54200744628906,145.0749969482422,143.5449981689453,143.54200744628906,0.0
2025-06-08 23:00:00,144.6909942626953,144.9409942626953,143.98399353027344,144.6909942626953,0.0
2025-06-09 23:00:00,144.5399932861328,145.28799438476562,144.41000366210938,144.5399932861328,0.0
2025-06-10 23:00:00,144.83799743652344,145.41299438476562,144.3769989013672,144.83799743652344,0.0
2025-06-11 23:00:00,144.2030029296875,144.3249969482422,143.20599365234375,144.2030029296875,0.0
2025-06-12 23:00:00,143.19400024414062,144.46400451660156,142.81700134277344,143.19400024414062,0.0
2025-06-15 23:00:00,144.09100341796875,144.5709991455078,143.66000366210938,144.09100341796875,0.0
2025-06-16 23:00:00,144.72900390625,145.26300048828125,144.41400146484375,144.72900390625,0.0
2025-06-17 23:00:00,145.37600708007812,145.43800354003906,144.5500030517578,145.37600708007812,0.0
2025-06-18 23:00:00,144.9550018310547,145.76499938964844,144.7480010986328,144.9550018310547,0.0
2025-06-19 23:00:00,145.21800231933594,145.9530029296875,145.14700317382812,145.21800231933594,0.0
2025-06-22 23:00:00,146.2239990234375,148.0019989013672,146.14100646972656,146.2239990234375,0.0
2025-06-23 23:00:00,145.92799377441406,145.8990020751953,144.5260009765625,145.92799377441406,0.0
2025-06-24 23:00:00,144.95700073242188,145.94900512695312,144.6280059814453,144.95700073242188,0.0
2025-06-25 23:00:00,144.9040069580078,144.93499755859375,143.77099609375,144.9040069580078,0.0
2025-06-26 23:00:00,144.69400024414062,144.93099975585938,144.1959991455078,144.69400024414062,0.0
2025-06-29 23:00:00,144.51699829101562,144.7259979248047,143.79800415039062,144.51699829101562,0.0
2025-06-30 23:00:00,143.8000030517578,143.9239959716797,142.69500732421875,143.8000030517578,0.0
2025-07-01 23:00:00,143.40199279785156,144.2209930419922,143.375,143.40199279785156,0.0
2025-07-02 23:00:00,143.5260009765625,145.21600341796875,143.4550018310547,143.5260009765625,0.0
2025-07-03 23:00:00,144.6820068359375,144.77999877929688,144.1929931640625,144.6820068359375,0.0
2025-07-06 23:00:00,144.4980010986328,145.88800048828125,144.23399353027344,144.4980010986328,0.0
2025-07-07 23:00:00,145.89199829101562,146.96400451660156,145.85000610351562,145.89199829101562,0.0
2025-07-08 23:00:00,146.8489990234375,147.1719970703125,146.27099609375,146.8489990234375,0.0
2025-07-09 23:00:00,146.11399841308594,146.76300048828125,145.76499938964844,146.11399841308594,0.0
2025-07-10 23:00:00,146.28799438476562,147.49200439453125,146.26199340820312,146.28799438476562,0.0
2025-07-13 23:00:00,147.2949981689453,147.70799255371094,146.88099670410156,147.2949981689453,0.0
2025-07-14 23:00:00,147.79200744628906,149.01300048828125,147.552001953125,147.79200744628906,0.0
2025-07-15 23:00:00,148.76100158691406,149.16700744628906,146.9669952392578,148.76100158691406,0.0
2025-07-16 23:00:00,148.0030059814453,149.01400756835938,148.00599670410156,148.0030059814453,0.0
2025-07-17 23:00:00,148.44200134277344,148.88299560546875,148.21400451660156,148.44200134277344,0.0
2025-07-20 23:00:00,148.43099975585938,148.55099487304688,147.2570037841797,148.43099975585938,0.0
2025-07-21 23:00:00,147.40899658203125,147.92999267578125,146.34500122070312,147.40899658203125,0.0
2025-07-22 23:00:00,146.78500366210938,147.18499755859375,146.13600158691406,146.78500366210938,0.0
2025-07-23 23:00:00,146.3489990234375,146.94500732421875,145.8560028076172,146.3489990234375,0.0
2025-07-24 23:00:00,147.0050048828125,147.92300415039062,146.86399841308594,147.0050048828125,0.0
2025-07-27 23:00:00,147.81300354003906,148.48399353027344,147.52499389648438,147.81300354003906,0.0
2025-07-28 23:00:00,148.47900390625,148.7989959716797,148.1699981689453,148.47900390625,0.0
2025-07-29 23:00:00,148.44200134277344,149.0959930419922,147.81100463867188,148.44200134277344,0.0
2025-07-30 23:00:00,149.2259979248047,150.62600708007812,148.6009979248047,149.2259979248047,0.0
2025-07-31 23:00:00,150.77200317382812,150.9149932861328,147.68099975585938,150.77200317382812,0.0
2025-08-03 23:00:00,147.34300231933594,148.06700134277344,146.8780059814453,147.34300231933594,0.0
2025-08-04 23:00:00,146.79299926757812,147.82699584960938,146.61700439453125,146.79299926757812,0.0
2025-08-05 23:00:00,147.55999755859375,147.87399291992188,147.22900390625,147.55999755859375,0.0
2025-08-06 23:00:00,147.1929931640625,147.69400024414062,146.6999969482422,147.1929931640625,0.0
2025-08-07 23:00:00,146.83700561523438,147.8800048828125,146.77000427246094,146.83700561523438,0.0
2025-08-10 23:00:00,147.66400146484375,148.0989990234375,147.35299682617188,147.66400146484375,0.0
2025-08-11 23:00:00,148.125,148.5050048828125,147.6060028076172,148.125,0.0
2025-08-12 23:00:00,147.75799560546875,148.16099548339844,147.10400390625,147.75799560546875,0.0
2025-08-13 23:00:00,147.1199951171875,147.79800415039062,146.2220001220703,147.1199951171875,0.0
2025-08-14 23:00:00,147.6909942626953,147.71299743652344,146.75599670410156,147.6909942626953,0.0
2025-08-17 23:00:00,147.26400756835938,147.9810028076172,147.1269989013672,147.26400756835938,0.0
2025-08-18 23:00:00,147.91600036621094,148.09300231933594,147.54600524902344,147.91600036621094,0.0
2025-08-19 23:00:00,147.7310028076172,147.80999755859375,146.88499450683594,147.7310028076172,0.0
2025-08-20 23:00:00,147.3179931640625,148.36900329589844,147.26199340820312,147.3179931640625,0.0
2025-08-21 23:00:00,148.38600158691406,148.76600646972656,146.58799743652344,148.38600158691406,0.0
2025-08-24 23:00:00,147.21499633789062,147.66700744628906,147.0989990234375,147.21499633789062,0.0
2025-08-25 23:00:00,147.82200622558594,147.89500427246094,147.00399780273438,147.82200622558594,0.0
2025-08-26 23:00:00,147.46200561523438,148.16600036621094,147.40199279785156,147.46200561523438,0.0
2025-08-27 23:00:00,147.3159942626953,147.46600341796875,146.8070068359375,147.3159942626953,0.0
2025-08-28 23:00:00,146.7899932861328,147.38900756835938,146.77000427246094,146.7899932861328,0.0
2025-08-31 23:00:00,147.0970001220703,147.37100219726562,146.78900146484375,147.0970001220703,0.0
2025-09-01 23:00:00,147.08399963378906,148.93299865722656,147.09300231933594,147.08399963378906,0.0
2025-09-02 23:00:00,148.54800415039062,149.11599731445312,147.9530029296875,148.54800415039062,0.0
2025-09-03 23:00:00,147.97999572753906,148.77000427246094,147.83900451660156,147.97999572753906,0.0
2025-09-04 23:00:00,148.375,148.42799377441406,146.82400512695312,148.375,0.0
2025-09-07 23:00:00,148.343994140625,148.54600524902344,147.4709930419922,148.343994140625,0.0
2025-09-08 23:00:00,147.36399841308594,147.4149932861328,146.32699584960938,147.36399841308594,0.0
2025-09-09 23:00:00,147.39199829101562,147.5959930419922,147.1280059814453,147.39199829101562,0.0
2025-09-10 23:00:00,147.33200073242188,147.98199462890625,147.00599670410156,147.33200073242188,0.0
2025-09-11 23:00:00,147.2239990234375,148.052001953125,147.16799926757812,147.2239990234375,0.0
2025-09-14 23:00:00,147.66600036621094,147.68099975585938,147.23699951171875,147.66600036621094,0.0
2025-09-15 23:00:00,147.40499877929688,147.53700256347656,146.5070037841797,147.40499877929688,0.0
2025-09-16 23:00:00,146.41299438476562,146.68099975585938,146.2169952392578,146.41299438476562,0.0
2025-09-17 23:00:00,146.89100646972656,148.2570037841797,146.86500549316406,146.89100646972656,0.0
2025-09-18 23:00:00,147.94700622558594,148.2480010986328,147.2100067138672,147.94700622558594,0.0
2025-09-21 23:00:00,148.09500122070312,148.3699951171875,147.73699951171875,148.09500122070312,0.0
2025-09-22 23:00:00,147.72500610351562,147.9199981689453,147.50999450683594,147.72500610351562,0.0
2025-09-23 23:00:00,147.61300659179688,148.7689971923828,147.51400756835938,147.61300659179688,0.0
2025-09-24 23:00:00,148.75100708007812,149.822998046875,148.56199645996094,148.75100708007812,0.0
2025-09-25 23:00:00,149.86099243164062,149.93499755859375,149.4250030517578,149.86099243164062,0.0
2025-09-28 23:00:00,149.40499877929688,149.4040069580078,148.46800231933594,149.40499877929688,0.0
2025-09-29 23:00:00,148.59500122070312,148.81100463867188,147.65899658203125,148.59500122070312,0.0
2025-09-30 23:00:00,147.9969940185547,148.22000122070312,146.60899353027344,147.9969940185547,0.0
2025-10-01 23:00:00,147.08299255371094,147.50900268554688,146.60899353027344,147.08299255371094,0.0
2025-10-02 23:00:00,147.14999389648438,147.81100463867188,147.17100524902344,147.14999389648438,0.0
2025-10-05 23:00:00,149.6060028076172,150.4669952392578,149.4810028076172,149.6060028076172,0.0
2025-10-06 23:00:00,150.33099365234375,151.1999969482422,150.2480010986328,150.33099365234375,0.0
2025-10-07 23:00:00,152.05099487304688,152.99099731445312,152.0970001220703,152.05099487304688,0.0
2025-10-08 23:00:00,152.67999267578125,153.21200561523438,152.19200134277344,152.67999267578125,0.0
2025-10-09 23:00:00,152.96499633789062,153.14999389648438,151.5260009765625,152.96499633789062,0.0
2025-10-12 23:00:00,152.05599975585938,152.4409942626953,151.73500061035156,152.05599975585938,0.0
2025-10-13 23:00:00,152.4340057373047,152.59300231933594,151.65699768066406,152.4340057373047,0.0
2025-10-14 23:00:00,151.7310028076172,151.82200622558594,150.91400146484375,151.7310028076172,0.0
2025-10-15 23:00:00,150.9739990234375,151.39199829101562,150.52200317382812,150.9739990234375,0.0
2025-10-16 23:00:00,150.1199951171875,150.5850067138672,149.40699768066406,150.1199951171875,0.0
2025-10-19 23:00:00,150.89999389648438,151.19900512695312,150.28599548339844,150.89999389648438,0.0
2025-10-20 23:00:00,150.7740020751953,152.16000366210938,150.49200439453125,150.7740020751953,0.0
2025-10-21 23:00:00,151.89300537109375,152.02699279785156,151.5070037841797,151.89300537109375,0.0
2025-10-22 23:00:00,151.95399475097656,152.78599548339844,151.97500610351562,151.95399475097656,0.0
2025-10-23 23:00:00,152.6020050048828,153.05599975585938,152.3470001220703,152.6020050048828,0.0
2025-10-27 00:00:00,153.06100463867188,153.2429962158203,152.57699584960938,153.06100463867188,0.0
2025-10-28 00:00:00,152.69200134277344,152.72900390625,151.75599670410156,152.69200134277344,0.0
2025-10-29 00:00:00,151.7310028076172,152.51400756835938,151.5489959716797,151.7310028076172,0.0
2025-10-30 00:00:00,152.7220001220703,154.4409942626953,152.18499755859375,152.7220001220703,0.0
2025-10-31 00:00:00,153.89999389648438,154.37600708007812,153.656005859375,153.89999389648438,0.0
2025-11-03 00:00:00,154.19500732421875,154.28399658203125,153.94700622558594,154.19500732421875,0.0
2025-11-04 00:00:00,154.20399475097656,154.46200561523438,153.32200622558594,154.20399475097656,0.0
2025-11-05 00:00:00,153.5570068359375,154.3520050048828,152.9810028076172,153.5570068359375,0.0
2025-11-06 00:00:00,154.072998046875,154.1320037841797,152.9770050048828,154.072998046875,0.0
2025-11-07 00:00:00,152.947998046875,153.51699829101562,152.85299682617188,152.947998046875,0.0
2025-11-10 00:00:00,153.5449981689453,154.23500061035156,153.5449981689453,153.81700134277344,0.0
2025-11-11 00:00:00,154.16400146484375,154.46499633789062,153.6699981689453,154.14599609375,0.0
2025-11-12 00:00:00,154.05299377441406,155.0189971923828,154.05299377441406,154.0749969482422,0.0
2025-11-13 00:00:00,154.7030029296875,154.98500061035156,154.1479949951172,154.71299743652344,0.0
2025-11-14 00:00:00,154.62899780273438,154.7469940185547,153.64999389648438,154.63299560546875,0.0
2025-11-17 00:00:00,154.6179962158203,155.2949981689453,154.41400146484375,154.5850067138672,0.0
2025-11-18 00:00:00,155.25,155.4949951171875,154.8350067138672,155.2729949951172,0.0
2025-11-19 00:00:00,155.5240020751953,156.69900512695312,155.22000122070312,155.54800415039062,0.0
2025-11-20 00:00:00,156.99200439453125,157.88699340820312,156.87899780273438,156.99200439453125,0.0
2025-11-21 00:00:00,157.38299560546875,157.52699279785156,156.22500610351562,157.36900329589844,0.0
2025-11-24 00:00:00,156.66200256347656,157.1699981689453,156.49899291992188,156.68800354003906,0.0
2025-11-25 00:00:00,156.8780059814453,156.97000122070312,155.91400146484375,156.93899536132812,0.0
2025-11-26 00:00:00,156.16900634765625,156.7220001220703,155.67100524902344,156.22999572753906,0.0
2025-11-27 00:00:00,156.21200561523438,156.4010009765625,155.7220001220703,156.23899841308594,0.0
2025-11-28 00:00:00,156.28700256347656,156.57400512695312,155.97799682617188,156.28399658203125,0.0
2025-12-01 00:00:00,155.88699340820312,155.91099548339844,154.68600463867188,155.92799377441406,0.0
2025-12-02 00:00:00,155.5469970703125,156.17100524902344,155.45899963378906,155.5570068359375,0.0
2025-12-03 00:00:00,155.74899291992188,155.7949981689453,155.00999450683594,155.8070068359375,0.0
2025-12-04 00:00:00,155.0970001220703,155.52999877929688,154.5189971923828,155.10699462890625,0.0
2025-12-05 00:00:00,155.1020050048828,155.48199462890625,154.3520050048828,155.14199829101562,0.0
2025-12-08 00:00:00,155.30299377441406,155.97500610351562,154.9029998779297,155.33999633789062,0.0
2025-12-09 00:00:00,155.83900451660156,156.9149932861328,155.75,155.843994140625,0.0
2025-12-10 00:00:00,156.79800415039062,156.91799926757812,156.322998046875,156.83799743652344,0.0
2025-12-11 00:00:00,155.74400329589844,156.1439971923828,154.94500732421875,155.7899932861328,0.0
2025-12-12 00:00:00,155.4770050048828,156.1219940185547,155.46099853515625,155.56700134277344,0.0
2025-12-15 00:00:00,155.85899353027344,155.96800231933594,154.85000610351562,155.88800048828125,0.0
2025-12-16 00:00:00,155.0240020751953,155.11099243164062,154.47000122070312,155.01499938964844,0.0
2025-12-17 00:00:00,154.76800537109375,155.6269989013672,154.51400756835938,154.7779998779297,0.0
2025-12-18 00:00:00,155.47999572753906,155.96499633789062,155.28900146484375,155.4949951171875,0.0
2025-12-19 00:00:00,155.5679931640625,157.48699951171875,155.5679931640625,155.58599853515625,0.0
2025-12-22 00:00:00,157.60899353027344,157.6490020751953,156.86500549316406,157.67599487304688,0.0
2025-12-23 00:00:00,156.91099548339844,156.91099548339844,155.66400146484375,156.8769989013672,0.0
2025-12-24 00:00:00,156.1649932861328,156.2519989013672,155.57200622558594,156.17599487304688,0.0
2025-12-26 00:00:00,156.1699981689453,156.63800048828125,155.9949951171875,156.08999633789062,0.0
2025-12-29 00:00:00,156.27499389648438,156.5,155.92799377441406,156.46299743652344,0.0
2025-12-30 00:00:00,155.9320068359375,156.54800415039062,155.74200439453125,156.01300048828125,0.0
2025-12-31 00:00:00,156.36700439453125,156.98899841308594,156.33099365234375,156.41299438476562,0.0
2026-01-02 00:00:00,156.73699951171875,156.99200439453125,156.50999450683594,156.7310028076172,0.0
2026-01-05 00:00:00,156.96600341796875,157.29200744628906,156.31500244140625,156.98899841308594,0.0
2026-01-06 00:00:00,156.58599853515625,156.7830047607422,156.15899658203125,156.62600708007812,0.0
2026-01-07 00:00:00,156.65699768066406,156.79400634765625,156.2989959716797,156.67999267578125,0.0
2026-01-08 00:00:00,156.6929931640625,157.05999755859375,156.4669952392578,156.7310028076172,0.0
2026-01-09 00:00:00,156.89599609375,158.16099548339844,156.88499450683594,156.8800048828125,0.0
2026-01-12 00:00:00,158.1230010986328,158.18800354003906,157.52099609375,158.1490020751953,0.0
2026-01-13 00:00:00,157.99600219726562,159.18699645996094,157.96499633789062,157.98599243164062,0.0
2026-01-14 00:00:00,159.1790008544922,159.43800354003906,158.11000061035156,159.1790008544922,0.0
2026-01-15 00:00:00,158.43600463867188,158.875,158.22300720214844,158.40199279785156,0.0
2026-01-16 00:00:00,158.57200622558594,158.67599487304688,157.8209991455078,158.5959930419922,0.0
2026-01-19 00:00:00,157.56700134277344,158.1479949951172,157.4250030517578,157.53500366210938,0.0
2026-01-20 00:00:00,158.17999267578125,158.5919952392578,157.5659942626953,158.177001953125,0.0
2026-01-21 00:00:00,158.156005859375,158.2969970703125,157.75,158.16200256347656,0.0
2026-01-22 00:00:00,158.45700073242188,158.875,158.2030029296875,158.45599365234375,0.0
2026-01-23 00:00:00,158.48800659179688,159.20700073242188,157.39199829101562,158.50100708007812,0.0
2026-01-26 00:00:00,155.18699645996094,155.3260040283203,153.35299682617188,155.16600036621094,0.0
2026-01-27 00:00:00,154.3489990234375,154.86900329589844,152.89100646972656,154.33599853515625,0.0
2026-01-28 00:00:00,152.5189971923828,153.76600646972656,152.3300018310547,152.4530029296875,0.0
2026-01-29 00:00:00,153.12399291992188,153.50599670410156,152.75900268554688,153.0959930419922,0.0
2026-01-30 00:00:00,153.14700317382812,154.74600219726562,153.0850067138672,153.16200256347656,0.0
2026-02-02 00:00:00,155.13499450683594,155.68499755859375,154.56900024414062,155.20199584960938,0.0
2026-02-03 00:00:00,155.5030059814453,156.07000732421875,155.31199645996094,155.4429931640625,0.0
2026-02-04 00:00:00,155.81500244140625,156.84500122070312,155.81500244140625,155.7989959716797,0.0
2026-02-05 00:00:00,156.9040069580078,157.3280029296875,156.56300354003906,156.91700744628906,0.0
2026-02-06 00:00:00,156.77099609375,157.13099670410156,156.53900146484375,156.78399658203125,0.0
2026-02-09 00:00:00,157.2550048828125,157.2550048828125,155.53199768066406,157.24400329589844,0.0
2026-02-10 00:00:00,156.1219940185547,156.28500366210938,154.07400512695312,156.1320037841797,0.0
2026-02-11 00:00:00,154.5019989013672,154.54600524902344,152.82400512695312,154.48199462890625,0.0
2026-02-12 00:00:00,153.23899841308594,153.73800659179688,152.2779998779297,153.2689971923828,0.0
2026-02-13 00:00:00,152.7570037841797,153.65499877929688,152.7449951171875,152.8209991455078,0.0
2026-02-16 00:00:00,152.78799438476562,153.61900329589844,152.77000427246094,152.7790069580078,0.0
2026-02-17 00:00:00,153.5500030517578,153.88699340820312,152.7010040283203,153.60899353027344,0.0
2026-02-18 00:00:00,153.11599731445312,154.47900390625,153.06300354003906,153.1490020751953,0.0
2026-02-19 00:00:00,154.6840057373047,155.31199645996094,154.53799438476562,154.6929931640625,0.0
2026-02-20 00:00:00,155.1739959716797,155.625,154.718994140625,155.16000366210938,0.0
2026-02-23 00:00:00,154.3560028076172,155.02200317382812,153.9949951171875,154.33900451660156,0.0
2026-02-24 00:00:00,154.63699340820312,156.24200439453125,154.61900329589844,154.63499450683594,0.0
2026-02-25 00:00:00,155.91200256347656,156.80799865722656,155.35699462890625,155.8800048828125,0.0
2026-02-26 00:00:00,156.14300537109375,156.26100158691406,155.74600219726562,156.1999969482422,0.0
2026-02-27 00:00:00,155.87100219726562,156.2169952392578,155.54100036621094,155.85899353027344,0.0
2026-03-02 00:00:00,156.60800170898438,157.74400329589844,156.1479949951172,156.63299560546875,0.0
2026-03-03 00:00:00,157.27200317382812,157.96600341796875,157.1529998779297,157.2570037841797,0.0
2026-03-04 00:00:00,157.781005859375,157.84500122070312,156.88299560546875,157.7729949951172,0.0
2026-03-05 00:00:00,156.9709930419922,157.76800537109375,156.4739990234375,156.98300170898438,0.0
2026-03-06 00:00:00,157.52200317382812,158.07400512695312,157.41200256347656,157.53399658203125,0.0
2026-03-09 00:00:00,158.38400268554688,158.8939971923828,158.0030059814453,158.427001953125,0.0
2026-03-10 00:00:00,157.8560028076172,157.95899963378906,157.27699279785156,157.84800720214844,0.0
2026-03-11 00:00:00,158.0679931640625,158.83900451660156,157.8699951171875,158.11399841308594,0.0
2026-03-12 00:00:00,159.09300231933594,159.28399658203125,158.572998046875,159.0749969482422,0.0
2026-03-13 00:00:00,159.2100067138672,159.63099670410156,159.00399780273438,159.20599365234375,0.0
2026-03-16 00:00:00,159.51199340820312,159.62100219726562,158.85400390625,159.5679931640625,0.0
2026-03-17 00:00:00,159.13900756835938,159.48699951171875,158.72500610351562,159.10499572753906,0.0
2026-03-18 00:00:00,158.88999938964844,159.5659942626953,158.56700134277344,158.88900756835938,0.0
2026-03-19 00:00:00,159.8159942626953,159.8159942626953,158.07400512695312,159.7949981689453,0.0
2026-03-20 00:00:00,157.9149932861328,159.2570037841797,157.73699951171875,157.9239959716797,0.0
2026-03-23 00:00:00,159.13999938964844,159.64999389648438,158.22500610351562,159.23399353027344,0.0
2026-03-24 00:00:00,158.49000549316406,158.93699645996094,158.40899658203125,158.47900390625,0.0
2026-03-25 00:00:00,158.7100067138672,159.22500610351562,158.57699584960938,158.71800231933594,0.0
2026-03-26 00:00:00,159.4010009765625,159.68899536132812,159.28700256347656,159.38400268554688,0.0
2026-03-27 00:00:00,159.71499633789062,160.1580047607422,159.45599365234375,159.70399475097656,0.0
2026-03-29 23:00:00,160.2310028076172,160.2310028076172,159.3209991455078,160.23399353027344,0.0
2026-03-30 23:00:00,159.75399780273438,159.95899963378906,158.89199829101562,159.84100341796875,0.0
2026-03-31 23:00:00,158.5679931640625,158.99000549316406,158.2790069580078,158.57899475097656,0.0
2026-04-01 23:00:00,158.69900512695312,159.74200439453125,158.6009979248047,158.68800354003906,0.0
2026-04-02 23:00:00,159.45599365234375,159.69500732421875,159.427001953125,159.49099731445312,0.0
2026-04-05 23:00:00,159.75,159.79299926757812,159.31700134277344,159.77999877929688,0.0
2026-04-06 23:00:00,159.70599365234375,160.01499938964844,159.47300720214844,159.68299865722656,0.0
2026-04-07 23:00:00,158.6479949951172,158.7469940185547,157.89300537109375,158.71600341796875,0.0
2026-04-08 23:00:00,158.63400268554688,159.27999877929688,158.63400268554688,158.64199829101562,0.0
2026-04-09 23:00:00,159.08900451660156,159.36399841308594,159.00900268554688,159.11199951171875,0.0
2026-04-12 23:00:00,159.69700622558594,159.85000610351562,159.51699829101562,159.67999267578125,0.0
2026-04-13 23:00:00,159.26199340820312,159.32400512695312,158.60299682617188,159.21400451660156,0.0
2026-04-14 23:00:00,158.76300048828125,159.1529998779297,158.65199279785156,158.79200744628906,0.0
2026-04-15 23:00:00,158.7830047607422,159.28700256347656,158.2779998779297,158.8090057373047,0.0
2026-04-16 23:00:00,159.2239990234375,159.51499938964844,157.61199951171875,159.19500732421875,0.0
2026-04-19 23:00:00,159.1529998779297,159.177001953125,158.55099487304688,159.16099548339844,0.0
2026-04-20 23:00:00,158.85400390625,159.43099975585938,158.80299377441406,158.843994140625,0.0
2026-04-21 23:00:00,159.33799743652344,159.50399780273438,159.10400390625,159.3730010986328,0.0
2026-04-22 23:00:00,159.49400329589844,159.7760009765625,159.29800415039062,159.48800659179688,0.0
2026-04-23 23:00:00,159.74200439453125,159.83700561523438,159.33599853515625,159.7469940185547,0.0
2026-04-26 23:00:00,159.5749969482422,159.5749969482422,159.08999633789062,159.5760040283203,0.0
2026-04-27 23:00:00,159.35899353027344,159.78399658203125,158.97000122070312,159.35699462890625,0.0
2026-04-28 23:00:00,159.5449981689453,160.28799438476562,159.52099609375,159.552001953125,0.0
2026-04-29 23:00:00,160.1929931640625,160.70199584960938,155.55099487304688,160.1840057373047,0.0
2026-04-30 23:00:00,156.99400329589844,157.3090057373047,155.51600646972656,156.97799682617188,0.0
2026-05-03 23:00:00,156.89999389648438,157.27699279785156,155.81500244140625,156.8459930419922,0.0
2026-05-04 23:00:00,157.2050018310547,157.8350067138672,157.12100219726562,157.19400024414062,0.0
2026-05-05 23:00:00,157.6649932861328,157.88900756835938,155.0469970703125,157.677001953125,0.0
2026-05-06 23:00:00,156.51100158691406,156.51100158691406,156.03599548339844,156.50799560546875,0.0
2026-05-07 23:00:00,156.83799743652344,156.97300720214844,156.4459991455078,156.82899475097656,0.0
2026-05-10 23:00:00,156.88900756835938,157.16900634765625,156.85499572753906,156.85800170898438,0.0
2026-05-11 23:00:00,157.27000427246094,157.74600219726562,156.8090057373047,157.2310028076172,0.0
2026-05-12 23:00:00,157.6750030517578,157.89100646972656,157.57899475097656,157.67100524902344,0.0
2026-05-13 23:00:00,157.8470001220703,158.18299865722656,157.60899353027344,157.8509979248047,0.0
2026-05-14 23:00:00,158.39300537109375,158.73800659179688,158.30499267578125,158.3820037841797,0.0
2026-05-17 23:00:00,158.86900329589844,159.0590057373047,158.63999938964844,158.843994140625,0.0
2026-05-18 23:00:00,158.875,159.24200439453125,158.7779998779297,158.86099243164062,0.0
2026-05-19 23:00:00,159.05299377441406,159.16600036621094,158.593994140625,159.03500366210938,0.0
2026-05-20 23:00:00,158.88800048828125,159.3179931640625,158.8179931640625,158.88800048828125,0.0
2026-05-21 23:00:00,159.04800415039062,159.22500610351562,159.0,159.01800537109375,0.0
2026-05-24 23:00:00,158.94200134277344,159.03700256347656,158.75900268554688,158.9459991455078,0.0
2026-05-25 23:00:00,158.947998046875,159.3719940185547,158.90699768066406,158.95399475097656,0.0
2026-05-26 23:00:00,159.2239990234375,159.51800537109375,159.1739959716797,159.2429962158203,0.0
2026-05-27 23:00:00,159.57400512695312,159.64300537109375,159.16600036621094,159.5679931640625,0.0
2026-05-28 23:00:00,159.26100158691406,159.37600708007812,159.0989990234375,159.27000427246094,0.0
2026-05-31 23:00:00,159.38299560546875,159.74899291992188,159.3679962158203,159.35299682617188,0.0
2026-06-01 23:00:00,159.63999938964844,159.89500427246094,159.63600158691406,159.63600158691406,0.0
2026-06-02 23:00:00,159.97500610351562,159.99400329589844,159.51199340820312,159.96800231933594,0.0
2026-06-03 23:00:00,159.9459991455078,160.02099609375,159.75,159.94000244140625,0.0
2026-06-04 23:00:00,159.99000549316406,160.2899932861328,159.82400512695312,159.99000549316406,0.0
2026-06-07 23:00:00,160.3280029296875,160.38800048828125,159.906005859375,160.32699584960938,0.0
2026-06-08 23:00:00,160.1820068359375,160.2989959716797,160.05499267578125,160.1739959716797,0.0
2026-06-09 23:00:00,160.3820037841797,160.52099609375,160.25100708007812,160.38400268554688,0.0
2026-06-10 23:00:00,160.50799560546875,160.58599853515625,160.427001953125,160.52699279785156,0.0
2026-06-11 23:00:00,160.16799926757812,160.36900329589844,159.97300720214844,160.1300048828125,0.0
2026-06-14 23:00:00,159.91600036621094,160.2220001220703,159.88699340820312,159.9550018310547,0.0
2026-06-15 23:00:00,160.24000549316406,160.45799255371094,160.05799865722656,160.22900390625,0.0
2026-06-16 23:00:00,160.41400146484375,160.4219970703125,160.1179962158203,160.41900634765625,0.0
2026-06-17 23:00:00,160.5500030517578,161.36599731445312,160.53900146484375,160.60000610351562,0.0
2026-06-18 23:00:00,161.2480010986328,161.44900512695312,161.00599670410156,161.28900146484375,0.0
2026-06-21 23:00:00,161.43299865722656,161.91400146484375,161.10299682617188,161.43299865722656,0.0
2026-06-22 23:00:00,161.5469970703125,161.73300170898438,161.30999755859375,161.57000732421875,0.0
2026-06-23 23:00:00,161.55799865722656,161.802001953125,161.531005859375,161.5989990234375,0.0
2026-06-24 23:00:00,161.73300170898438,161.93499755859375,161.58700561523438,161.76300048828125,0.0
2026-06-25 23:00:00,161.7899932861328,161.84300231933594,161.53500366210938,161.80499267578125,0.0
2026-06-28 23:00:00,161.76300048828125,161.9550018310547,161.718994140625,161.78700256347656,0.0
2026-06-30 18:05:15,161.86900329589844,162.6699981689453,161.82899475097656,162.5659942626953,0.0
