datetime,open,high,low,close,volume
2023-08-04 13:30:00,73.23799896240234,73.44999694824219,72.94000244140625,73.41549682617188,341023.0
2023-08-04 14:30:00,73.41000366210938,73.6500015258789,73.30500030517578,73.58000183105469,218936.0
2023-08-04 15:30:00,73.58000183105469,74.01000213623047,73.58000183105469,73.95999908447266,387307.0
2023-08-04 16:30:00,73.97000122070312,74.29000091552734,73.95999908447266,74.16000366210938,226352.0
2023-08-04 17:30:00,74.13999938964844,74.16999816894531,73.83000183105469,73.94999694824219,276036.0
2023-08-04 18:30:00,73.9489974975586,73.9800033569336,73.7699966430664,73.80500030517578,201988.0
2023-08-04 19:30:00,73.80999755859375,73.87000274658203,73.77999877929688,73.81999969482422,329925.0
2023-08-07 13:30:00,73.76000213623047,73.76000213623047,73.03500366210938,73.18000030517578,501754.0
2023-08-07 14:30:00,73.19000244140625,73.46499633789062,73.05999755859375,73.2699966430664,292671.0
2023-08-07 15:30:00,73.25,73.58000183105469,73.19000244140625,73.47000122070312,272368.0
2023-08-07 16:30:00,73.47000122070312,73.72000122070312,73.38999938964844,73.69000244140625,131711.0
2023-08-07 17:30:00,73.70999908447266,73.75,73.30999755859375,73.4000015258789,165912.0
2023-08-07 18:30:00,73.38999938964844,73.716796875,73.38999938964844,73.70999908447266,180779.0
2023-08-07 19:30:00,73.70999908447266,73.87000274658203,73.70999908447266,73.8499984741211,287025.0
2023-08-08 13:30:00,72.47000122070312,72.80000305175781,72.04000091552734,72.77999877929688,768484.0
2023-08-08 14:30:00,72.7699966430664,73.16000366210938,72.5927963256836,73.08000183105469,298782.0
2023-08-08 15:30:00,73.08000183105469,73.47000122070312,72.94999694824219,73.41999816894531,359742.0
2023-08-08 16:30:00,73.43000030517578,73.73999786376953,73.37000274658203,73.7300033569336,219137.0
2023-08-08 17:30:00,73.73999786376953,74.18000030517578,73.72000122070312,74.16000366210938,291212.0
2023-08-08 18:30:00,74.25,74.2699966430664,74.04499816894531,74.15499877929688,1011618.0
2023-08-08 19:30:00,74.15499877929688,74.16000366210938,74.02999877929688,74.02999877929688,855364.0
2023-08-09 13:30:00,74.77999877929688,75.04000091552734,74.62000274658203,74.83999633789062,826478.0
2023-08-09 14:30:00,74.79000091552734,75.36000061035156,74.4800033569336,74.69999694824219,652760.0
2023-08-09 15:30:00,74.70999908447266,75.0,74.20999908447266,74.49510192871094,401004.0
2023-08-09 16:30:00,74.51000213623047,74.7699966430664,74.26000213623047,74.54000091552734,569921.0
2023-08-09 17:30:00,74.54000091552734,75.2300033569336,74.54000091552734,75.16999816894531,354817.0
2023-08-09 18:30:00,75.16999816894531,75.21990203857422,75.08000183105469,75.13500213623047,871752.0
2023-08-09 19:30:00,75.13999938964844,75.1500015258789,75.01499938964844,75.06999969482422,706789.0
2023-08-10 13:30:00,74.66000366210938,75.08999633789062,74.56999969482422,75.06999969482422,327751.0
2023-08-10 14:30:00,75.0,75.05500030517578,74.4000015258789,74.70999908447266,286596.0
2023-08-10 15:30:00,74.7300033569336,74.87000274658203,74.33999633789062,74.41000366210938,262220.0
2023-08-10 16:30:00,74.37999725341797,74.66000366210938,74.17500305175781,74.3499984741211,207413.0
2023-08-10 17:30:00,74.33000183105469,74.44000244140625,73.95999908447266,74.13999938964844,402453.0
2023-08-10 18:30:00,74.13999938964844,74.33999633789062,74.05000305175781,74.11499786376953,786486.0
2023-08-10 19:30:00,74.11000061035156,74.20999908447266,74.0199966430664,74.18000030517578,777985.0
2023-08-11 13:30:00,74.13999938964844,74.68000030517578,73.9800033569336,74.54000091552734,323706.0
2023-08-11 14:30:00,74.55000305175781,74.62999725341797,74.20999908447266,74.51000213623047,313827.0
2023-08-11 15:30:00,74.52999877929688,74.80999755859375,74.30999755859375,74.6500015258789,210538.0
2023-08-11 16:30:00,74.66999816894531,74.80999755859375,74.46189880371094,74.63999938964844,415728.0
2023-08-11 17:30:00,74.62999725341797,74.73999786376953,74.25,74.2699966430664,195373.0
2023-08-11 18:30:00,74.2699966430664,74.33000183105469,74.2300033569336,74.30000305175781,699709.0
2023-08-11 19:30:00,74.29000091552734,74.29000091552734,74.18000030517578,74.2300033569336,560370.0
2023-08-14 13:30:00,73.69000244140625,74.22000122070312,73.3499984741211,74.04000091552734,460046.0
2023-08-14 14:30:00,74.05000305175781,74.05999755859375,73.6500015258789,73.94999694824219,290580.0
2023-08-14 15:30:00,73.95099639892578,74.05000305175781,73.37999725341797,73.47000122070312,318281.0
2023-08-14 16:30:00,73.4800033569336,73.79000091552734,73.41899871826172,73.56999969482422,308109.0
2023-08-14 17:30:00,73.58000183105469,74.08999633789062,73.57620239257812,73.73999786376953,279519.0
2023-08-14 18:30:00,73.76000213623047,73.80000305175781,73.63999938964844,73.66999816894531,795586.0
2023-08-14 19:30:00,73.66999816894531,73.81999969482422,73.6500015258789,73.80000305175781,654977.0
2023-08-15 13:30:00,73.25,73.26000213623047,72.20999908447266,72.26000213623047,1379523.0
2023-08-15 14:30:00,72.26000213623047,72.7699966430664,72.19000244140625,72.58000183105469,549615.0
2023-08-15 15:30:00,72.58000183105469,72.69000244140625,72.18000030517578,72.25,419566.0
2023-08-15 16:30:00,72.22000122070312,72.44999694824219,72.19000244140625,72.30999755859375,327154.0
2023-08-15 17:30:00,72.30999755859375,72.69999694824219,72.2699966430664,72.69999694824219,258270.0
2023-08-15 18:30:00,72.69999694824219,72.76000213623047,72.55999755859375,72.56990051269531,371478.0
2023-08-15 19:30:00,72.56999969482422,72.68000030517578,72.55999755859375,72.62999725341797,511567.0
2023-08-16 13:30:00,72.9000015258789,73.1449966430664,72.55000305175781,72.69000244140625,591976.0
2023-08-16 14:30:00,72.68000030517578,72.95999908447266,72.43699645996094,72.80999755859375,586531.0
2023-08-16 15:30:00,72.81999969482422,72.94999694824219,72.3499984741211,72.47000122070312,497160.0
2023-08-16 16:30:00,72.47000122070312,72.50250244140625,71.69000244140625,71.72000122070312,537401.0
2023-08-16 17:30:00,71.7300033569336,72.0199966430664,71.54000091552734,71.59989929199219,466272.0
2023-08-16 18:30:00,71.61000061035156,71.67500305175781,71.29000091552734,71.43000030517578,547478.0
2023-08-16 19:30:00,71.43000030517578,71.47000122070312,71.36000061035156,71.38999938964844,487479.0
2023-08-17 13:30:00,72.56999969482422,72.69999694824219,72.25,72.62999725341797,695940.0
2023-08-17 14:30:00,72.63999938964844,72.81999969482422,72.41000366210938,72.70999908447266,391136.0
2023-08-17 15:30:00,72.72000122070312,72.74250030517578,72.44000244140625,72.58999633789062,239689.0
2023-08-17 16:30:00,72.58000183105469,72.5999984741211,72.2300033569336,72.23999786376953,300367.0
2023-08-17 17:30:00,72.2300033569336,72.43000030517578,72.06999969482422,72.27999877929688,364730.0
2023-08-17 18:30:00,72.26000213623047,72.30999755859375,71.96499633789062,72.02999877929688,257664.0
2023-08-17 19:30:00,72.02999877929688,72.04000091552734,71.91999816894531,71.94999694824219,352050.0
2023-08-18 13:30:00,72.18000030517578,72.5999984741211,72.0,72.02999877929688,607095.0
2023-08-18 14:30:00,72.02999877929688,72.51000213623047,71.91000366210938,72.51000213623047,372012.0
2023-08-18 15:30:00,72.5,72.80999755859375,72.29000091552734,72.6500015258789,355274.0
2023-08-18 16:30:00,72.66000366210938,73.05999755859375,72.635498046875,72.94499969482422,405679.0
2023-08-18 17:30:00,72.93000030517578,73.02999877929688,72.70999908447266,72.87000274658203,306686.0
2023-08-18 18:30:00,72.8499984741211,72.87999725341797,72.7699966430664,72.87999725341797,284310.0
2023-08-18 19:30:00,72.88500213623047,72.88500213623047,72.80000305175781,72.81999969482422,258967.0
2023-08-21 13:30:00,73.41999816894531,73.51000213623047,72.70999908447266,72.80000305175781,511819.0
2023-08-21 14:30:00,72.80999755859375,73.14990234375,72.75499725341797,73.14990234375,308444.0
2023-08-21 15:30:00,73.1500015258789,73.37000274658203,72.8499984741211,72.93000030517578,244075.0
2023-08-21 16:30:00,72.91999816894531,72.9218978881836,72.55000305175781,72.69999694824219,260387.0
2023-08-21 17:30:00,72.72000122070312,72.80799865722656,72.41999816894531,72.52999877929688,270568.0
2023-08-21 18:30:00,72.54000091552734,72.5999984741211,72.46499633789062,72.5199966430664,155768.0
2023-08-21 19:30:00,72.5250015258789,72.6050033569336,72.5199966430664,72.58999633789062,274242.0
2023-08-22 13:30:00,72.76000213623047,72.87000274658203,72.27999877929688,72.4000015258789,352508.0
2023-08-22 14:30:00,72.4000015258789,72.58000183105469,72.29000091552734,72.4000015258789,262389.0
2023-08-22 15:30:00,72.41999816894531,72.69000244140625,72.29000091552734,72.62000274658203,154358.0
2023-08-22 16:30:00,72.63999938964844,72.68000030517578,72.19999694824219,72.29000091552734,149213.0
2023-08-22 17:30:00,72.2699966430664,72.48999786376953,72.05999755859375,72.19999694824219,182167.0
2023-08-22 18:30:00,72.20040130615234,72.30989837646484,72.19000244140625,72.2750015258789,282785.0
2023-08-22 19:30:00,72.27880096435547,72.33000183105469,72.2300033569336,72.29000091552734,210462.0
2023-08-23 13:30:00,70.80000305175781,71.4000015258789,70.43000030517578,71.02999877929688,837028.0
2023-08-23 14:30:00,71.02999877929688,71.9800033569336,71.02999877929688,71.61000061035156,745590.0
2023-08-23 15:30:00,71.62000274658203,71.8499984741211,71.5,71.80999755859375,235184.0
2023-08-23 16:30:00,71.81999969482422,71.87989807128906,71.51000213623047,71.83000183105469,207901.0
2023-08-23 17:30:00,71.86000061035156,72.0,71.43499755859375,71.55999755859375,1166270.0
2023-08-23 18:30:00,71.55999755859375,71.6500015258789,71.36000061035156,71.41500091552734,156896.0
2023-08-23 19:30:00,71.41000366210938,71.41500091552734,71.25,71.36000061035156,420677.0
2023-08-24 13:30:00,70.87999725341797,71.62999725341797,70.44999694824219,71.12999725341797,647024.0
2023-08-24 14:30:00,71.13999938964844,71.56999969482422,71.04000091552734,71.37999725341797,442037.0
2023-08-24 15:30:00,71.37999725341797,71.7300033569336,71.12000274658203,71.66500091552734,397469.0
2023-08-24 16:30:00,71.66999816894531,71.7300033569336,71.41999816894531,71.56999969482422,266965.0
2023-08-24 17:30:00,71.55999755859375,71.58000183105469,71.25,71.52999877929688,300833.0
2023-08-24 18:30:00,71.5199966430664,71.61000061035156,71.50499725341797,71.56999969482422,101757.0
2023-08-24 19:30:00,71.56999969482422,71.58999633789062,71.41000366210938,71.41999816894531,144814.0
2023-08-25 13:30:00,72.62000274658203,72.6500015258789,71.91999816894531,72.25,615191.0
2023-08-25 14:30:00,72.29499816894531,72.30000305175781,71.83999633789062,72.05000305175781,336649.0
2023-08-25 15:30:00,72.0199966430664,72.30000305175781,71.75,72.2300033569336,286775.0
2023-08-25 16:30:00,72.26000213623047,72.33000183105469,71.01000213623047,71.16999816894531,348486.0
2023-08-25 17:30:00,71.16000366210938,72.37999725341797,70.81999969482422,72.31999969482422,350186.0
2023-08-25 18:30:00,72.30999755859375,72.66000366210938,72.28500366210938,72.58499908447266,717272.0
2023-08-25 19:30:00,72.58999633789062,72.58999633789062,72.43000030517578,72.43000030517578,376077.0
2023-08-28 13:30:00,72.4000015258789,73.12999725341797,72.33999633789062,72.75,456346.0
2023-08-28 14:30:00,72.7699966430664,72.94999694824219,72.51000213623047,72.6500015258789,118283.0
2023-08-28 15:30:00,72.66000366210938,72.68000030517578,72.11000061035156,72.32990264892578,311120.0
2023-08-28 16:30:00,72.31999969482422,72.4800033569336,72.18000030517578,72.3499984741211,161973.0
2023-08-28 17:30:00,72.36000061035156,72.56999969482422,72.16500091552734,72.41000366210938,181943.0
2023-08-28 18:30:00,72.41000366210938,72.49500274658203,72.36000061035156,72.48999786376953,114897.0
2023-08-28 19:30:00,72.4800033569336,72.51000213623047,72.4000015258789,72.43000030517578,209039.0
2023-08-29 13:30:00,72.66000366210938,72.66000366210938,71.79000091552734,72.31999969482422,460418.0
2023-08-29 14:30:00,72.33000183105469,72.8499984741211,72.33000183105469,72.80999755859375,252139.0
2023-08-29 15:30:00,72.80000305175781,72.81999969482422,72.58000183105469,72.63999938964844,173861.0
2023-08-29 16:30:00,72.66999816894531,73.29499816894531,72.63999938964844,73.19000244140625,245818.0
2023-08-29 17:30:00,73.20999908447266,73.33999633789062,73.08000183105469,73.2699966430664,1213318.0
2023-08-29 18:30:00,73.26000213623047,73.3499984741211,73.20999908447266,73.30000305175781,211460.0
2023-08-29 19:30:00,73.30000305175781,73.33999633789062,73.2699966430664,73.30000305175781,228979.0
2023-08-30 13:30:00,73.7300033569336,74.01000213623047,73.63999938964844,73.73500061035156,540707.0
2023-08-30 14:30:00,73.73999786376953,74.0,73.08000183105469,73.0999984741211,421834.0
2023-08-30 15:30:00,73.12999725341797,73.62999725341797,73.05999755859375,73.29000091552734,206870.0
2023-08-30 16:30:00,73.30000305175781,73.5199966430664,73.23999786376953,73.43000030517578,177713.0
2023-08-30 17:30:00,73.44999694824219,73.66000366210938,73.33999633789062,73.61000061035156,213279.0
2023-08-30 18:30:00,73.62000274658203,73.66500091552734,73.55000305175781,73.62560272216797,258350.0
2023-08-30 19:30:00,73.62999725341797,73.69000244140625,73.55999755859375,73.68000030517578,356787.0
2023-08-31 13:30:00,74.4800033569336,74.7300033569336,74.2750015258789,74.69000244140625,529019.0
2023-08-31 14:30:00,74.66999816894531,74.86990356445312,74.22000122070312,74.36000061035156,599840.0
2023-08-31 15:30:00,74.36000061035156,74.37999725341797,73.94999694824219,74.1500015258789,172788.0
2023-08-31 16:30:00,74.15499877929688,74.70999908447266,74.0479965209961,74.69000244140625,231609.0
2023-08-31 17:30:00,74.69999694824219,75.17990112304688,74.56999969482422,75.06999969482422,509953.0
2023-08-31 18:30:00,75.08000183105469,75.12000274658203,74.87999725341797,74.95999908447266,0.0
2023-08-31 19:30:00,74.95999908447266,75.0999984741211,74.94999694824219,75.08000183105469,2863905.0
2023-09-01 13:30:00,76.0,76.52999877929688,75.99500274658203,76.30999755859375,1155146.0
2023-09-01 14:30:00,76.29000091552734,76.48999786376953,76.02999877929688,76.05999755859375,616748.0
2023-09-01 15:30:00,76.06999969482422,76.55000305175781,75.94000244140625,76.41999816894531,473165.0
2023-09-01 16:30:00,76.41999816894531,76.73690032958984,76.33999633789062,76.56220245361328,329628.0
2023-09-01 17:30:00,76.55999755859375,76.68000030517578,76.44000244140625,76.63999938964844,432523.0
2023-09-01 18:30:00,76.6500015258789,76.87999725341797,76.5999984741211,76.85990142822266,373248.0
2023-09-01 19:30:00,76.86000061035156,76.93499755859375,76.8499984741211,76.91999816894531,693620.0
2023-09-05 13:30:00,78.06999969482422,78.29000091552734,77.58000183105469,77.73999786376953,997120.0
2023-09-05 14:30:00,77.75,78.44999694824219,77.38999938964844,78.33000183105469,761536.0
2023-09-05 15:30:00,78.33000183105469,78.77999877929688,78.23999786376953,78.43499755859375,710853.0
2023-09-05 16:30:00,78.44999694824219,78.44999694824219,77.91999816894531,77.94999694824219,786734.0
2023-09-05 17:30:00,77.94999694824219,78.11000061035156,77.50499725341797,77.7300033569336,640806.0
2023-09-05 18:30:00,77.73999786376953,77.73999786376953,77.55999755859375,77.61000061035156,278722.0
2023-09-05 19:30:00,77.61000061035156,77.76000213623047,77.5999984741211,77.76000213623047,452162.0
2023-09-06 13:30:00,77.5999984741211,78.12000274658203,77.52999877929688,77.78710174560547,484300.0
2023-09-06 14:30:00,77.7699966430664,77.9749984741211,77.41999816894531,77.93000030517578,451283.0
2023-09-06 15:30:00,77.93000030517578,78.33999633789062,77.77999877929688,78.33999633789062,393509.0
2023-09-06 16:30:00,78.36000061035156,78.61000061035156,78.16999816894531,78.44999694824219,391841.0
2023-09-06 17:30:00,78.44999694824219,78.7699966430664,78.33000183105469,78.3499984741211,413049.0
2023-09-06 18:30:00,78.3499984741211,78.4800033569336,78.33000183105469,78.44229888916016,382696.0
2023-09-06 19:30:00,78.44000244140625,78.5250015258789,78.40499877929688,78.5,395638.0
2023-09-07 13:30:00,78.19000244140625,78.48999786376953,78.04000091552734,78.31790161132812,564821.0
2023-09-07 14:30:00,78.3499984741211,78.47000122070312,78.0999984741211,78.25,564661.0
2023-09-07 15:30:00,78.2300033569336,78.37999725341797,77.91999816894531,77.98999786376953,299871.0
2023-09-07 16:30:00,77.98999786376953,78.01000213623047,77.44000244140625,77.9000015258789,335216.0
2023-09-07 17:30:00,77.91000366210938,78.05000305175781,77.75499725341797,77.87000274658203,280557.0
2023-09-07 18:30:00,77.86000061035156,77.9800033569336,77.80000305175781,77.97000122070312,170758.0
2023-09-07 19:30:00,77.94000244140625,77.97000122070312,77.87000274658203,77.94000244140625,375636.0
2023-09-08 13:30:00,78.13999938964844,78.4800033569336,77.87999725341797,78.26000213623047,439503.0
2023-09-08 14:30:00,78.26000213623047,78.63999938964844,78.19999694824219,78.5199966430664,353296.0
2023-09-08 15:30:00,78.5199966430664,78.7300033569336,78.38999938964844,78.56999969482422,237802.0
2023-09-08 16:30:00,78.56999969482422,78.5999984741211,78.25,78.44000244140625,139397.0
2023-09-08 17:30:00,78.44000244140625,78.5999984741211,78.2300033569336,78.44999694824219,266920.0
2023-09-08 18:30:00,78.44999694824219,78.47000122070312,78.31999969482422,78.375,220435.0
2023-09-08 19:30:00,78.36000061035156,78.37999725341797,78.26499938964844,78.27999877929688,251860.0
2023-09-11 13:30:00,78.93000030517578,79.12000274658203,78.4800033569336,78.72000122070312,391495.0
2023-09-11 14:30:00,78.7300033569336,78.76000213623047,78.2300033569336,78.30999755859375,311318.0
2023-09-11 15:30:00,78.30000305175781,78.68499755859375,78.13999938964844,78.66850280761719,301445.0
2023-09-11 16:30:00,78.66000366210938,78.69999694824219,78.5,78.5999984741211,115531.0
2023-09-11 17:30:00,78.5999984741211,78.72000122070312,78.25749969482422,78.4000015258789,240684.0
2023-09-11 18:30:00,78.41999816894531,78.5,78.33999633789062,78.37999725341797,157501.0
2023-09-11 19:30:00,78.38500213623047,78.41500091552734,78.31999969482422,78.33999633789062,427572.0
2023-09-12 13:30:00,79.36000061035156,79.91999816894531,79.30999755859375,79.69000244140625,854097.0
2023-09-12 14:30:00,79.69999694824219,79.9749984741211,79.54000091552734,79.87000274658203,519283.0
2023-09-12 15:30:00,79.86000061035156,79.93000030517578,79.70999908447266,79.80000305175781,388247.0
2023-09-12 16:30:00,79.80000305175781,80.01000213623047,79.76000213623047,80.0,284262.0
2023-09-12 17:30:00,80.0,80.0,79.62000274658203,79.68000030517578,434010.0
2023-09-12 18:30:00,79.68000030517578,79.80999755859375,79.67500305175781,79.79000091552734,370464.0
2023-09-12 19:30:00,79.79000091552734,79.81999969482422,79.72000122070312,79.72000122070312,364566.0
2023-09-13 13:30:00,79.86000061035156,79.93000030517578,79.37999725341797,79.59500122070312,522369.0
2023-09-13 14:30:00,79.58999633789062,80.04000091552734,79.27880096435547,79.66000366210938,828042.0
2023-09-13 15:30:00,79.6500015258789,79.89759826660156,79.5989990234375,79.67729949951172,297928.0
2023-09-13 16:30:00,79.69000244140625,79.69000244140625,79.22879791259766,79.22879791259766,269814.0
2023-09-13 17:30:00,79.2300033569336,79.51000213623047,79.2300033569336,79.51000213623047,277109.0
2023-09-13 18:30:00,79.5,79.65499877929688,79.44000244140625,79.65499877929688,286069.0
2023-09-13 19:30:00,79.6500015258789,79.68000030517578,79.61499786376953,79.68000030517578,236332.0
2023-09-14 13:30:00,80.66000366210938,80.97000122070312,80.55500030517578,80.92729949951172,683128.0
2023-09-14 14:30:00,80.88999938964844,80.94000244140625,80.61000061035156,80.87999725341797,501983.0
2023-09-14 15:30:00,80.88999938964844,80.9800033569336,80.52999877929688,80.93499755859375,380175.0
2023-09-14 16:30:00,80.93000030517578,81.11000061035156,80.79000091552734,81.08999633789062,329295.0
2023-09-14 17:30:00,81.0999984741211,81.12999725341797,80.83000183105469,80.91999816894531,396667.0
2023-09-14 18:30:00,80.91999816894531,81.13999938964844,80.91000366210938,81.08999633789062,260214.0
2023-09-14 19:30:00,81.08499908447266,81.12000274658203,81.02999877929688,81.0999984741211,260138.0
2023-09-15 13:30:00,80.29000091552734,80.9000015258789,80.08999633789062,80.88999938964844,637346.0
2023-09-15 14:30:00,80.86000061035156,81.27999877929688,80.69999694824219,81.01000213623047,534227.0
2023-09-15 15:30:00,80.98999786376953,81.16999816894531,80.87000274658203,81.00499725341797,208974.0
2023-09-15 16:30:00,81.01000213623047,81.2300033569336,80.80999755859375,80.91999816894531,217288.0
2023-09-15 17:30:00,80.93000030517578,81.12999725341797,80.83000183105469,81.12000274658203,567283.0
2023-09-15 18:30:00,81.12999725341797,81.31500244140625,81.12999725341797,81.23999786376953,464948.0
2023-09-15 19:30:00,81.23999786376953,81.33999633789062,81.23999786376953,81.29000091552734,192813.0
2023-09-18 13:30:00,81.79000091552734,81.81999969482422,81.37999725341797,81.53500366210938,634635.0
2023-09-18 14:30:00,81.54000091552734,81.94000244140625,81.54000091552734,81.72000122070312,523096.0
2023-09-18 15:30:00,81.72000122070312,81.80000305175781,81.44000244140625,81.52999877929688,393761.0
2023-09-18 16:30:00,81.52999877929688,81.62999725341797,80.80000305175781,80.83999633789062,484523.0
2023-09-18 17:30:00,80.86000061035156,81.3499984741211,80.80000305175781,81.29000091552734,431134.0
2023-09-18 18:30:00,81.29000091552734,81.4000015258789,81.16000366210938,81.30999755859375,1163183.0
2023-09-18 19:30:00,81.31999969482422,81.49500274658203,81.27999877929688,81.47000122070312,735010.0
2023-09-19 13:30:00,82.18000030517578,82.27999877929688,81.80999755859375,81.93000030517578,1294879.0
2023-09-19 14:30:00,81.92900085449219,82.2300033569336,81.8499984741211,82.0,594298.0
2023-09-19 15:30:00,81.98999786376953,82.12000274658203,81.5,81.58000183105469,517247.0
2023-09-19 16:30:00,81.55999755859375,81.73999786376953,81.38999938964844,81.6500015258789,662332.0
2023-09-19 17:30:00,81.6500015258789,81.66999816894531,81.12000274658203,81.19000244140625,599450.0
2023-09-19 18:30:00,81.20500183105469,81.37999725341797,81.16000366210938,81.36000061035156,1232656.0
2023-09-19 19:30:00,81.36000061035156,81.54499816894531,81.36000061035156,81.51000213623047,581562.0
2023-09-20 13:30:00,80.55999755859375,81.25,80.54000091552734,81.06999969482422,1022095.0
2023-09-20 14:30:00,81.08000183105469,81.58999633789062,80.68000030517578,81.22000122070312,724765.0
2023-09-20 15:30:00,81.2300033569336,81.27999877929688,80.77999877929688,81.19000244140625,356707.0
2023-09-20 16:30:00,81.19999694824219,81.33999633789062,81.04000091552734,81.05000305175781,297463.0
2023-09-20 17:30:00,81.04000091552734,81.08999633789062,80.26000213623047,80.43000030517578,762366.0
2023-09-20 18:30:00,80.44999694824219,80.55999755859375,80.25,80.34500122070312,368764.0
2023-09-20 19:30:00,80.3499984741211,80.37000274658203,80.12999725341797,80.16000366210938,489991.0
2023-09-21 13:30:00,81.25,81.51000213623047,80.94999694824219,81.3499984741211,917857.0
2023-09-21 14:30:00,81.37999725341797,81.38999938964844,80.81999969482422,81.13999938964844,491277.0
2023-09-21 15:30:00,81.12999725341797,81.18000030517578,80.51000213623047,80.99099731445312,382643.0
2023-09-21 16:30:00,81.01000213623047,81.01000213623047,80.52999877929688,80.63999938964844,324303.0
2023-09-21 17:30:00,80.625,80.8499984741211,80.43000030517578,80.43000030517578,321052.0
2023-09-21 18:30:00,80.43000030517578,80.51000213623047,80.3949966430664,80.44999694824219,259503.0
2023-09-21 19:30:00,80.44999694824219,80.55999755859375,80.41000366210938,80.43000030517578,176404.0
2023-09-22 13:30:00,81.55000305175781,81.5999984741211,81.05999755859375,81.19999694824219,679178.0
2023-09-22 14:30:00,81.22000122070312,81.33999633789062,80.66999816894531,80.79000091552734,322698.0
2023-09-22 15:30:00,80.7699966430664,80.80000305175781,79.98999786376953,80.01000213623047,490739.0
2023-09-22 16:30:00,80.02999877929688,80.7300033569336,80.0,80.37000274658203,686478.0
2023-09-22 17:30:00,80.37000274658203,80.57499694824219,80.22000122070312,80.38999938964844,170227.0
2023-09-22 18:30:00,80.4000015258789,80.76499938964844,80.4000015258789,80.7249984741211,158046.0
2023-09-22 19:30:00,80.7300033569336,80.7699966430664,80.61000061035156,80.62000274658203,180918.0
2023-09-25 13:30:00,80.58999633789062,80.6500015258789,79.97000122070312,80.06999969482422,342866.0
2023-09-25 14:30:00,80.08999633789062,80.25,79.66999816894531,80.04000091552734,336536.0
2023-09-25 15:30:00,80.05000305175781,80.43000030517578,79.80000305175781,80.38099670410156,344441.0
2023-09-25 16:30:00,80.4000015258789,80.5199966430664,80.08999633789062,80.18000030517578,107765.0
2023-09-25 17:30:00,80.1500015258789,80.4000015258789,80.1500015258789,80.23999786376953,224948.0
2023-09-25 18:30:00,80.22000122070312,80.38500213623047,80.16000366210938,80.36000061035156,204013.0
2023-09-25 19:30:00,80.3499984741211,80.43000030517578,80.33499908447266,80.37999725341797,290056.0
2023-09-26 13:30:00,79.97000122070312,80.41000366210938,79.88999938964844,80.3499984741211,486845.0
2023-09-26 14:30:00,80.3499984741211,80.87999725341797,80.33999633789062,80.61000061035156,397427.0
2023-09-26 15:30:00,80.5999984741211,81.05000305175781,80.58000183105469,80.91999816894531,247564.0
2023-09-26 16:30:00,80.91000366210938,81.0199966430664,80.75,80.88999938964844,239035.0
2023-09-26 17:30:00,80.87000274658203,80.98999786376953,80.69000244140625,80.77999877929688,247308.0
2023-09-26 18:30:00,80.77999877929688,80.89990234375,80.7300033569336,80.81919860839844,329713.0
2023-09-26 19:30:00,80.80999755859375,80.91999816894531,80.80000305175781,80.9000015258789,344996.0
2023-09-27 13:30:00,82.23999786376953,82.5,82.05000305175781,82.37999725341797,871365.0
2023-09-27 14:30:00,82.41000366210938,83.19999694824219,82.26000213623047,83.0999984741211,862192.0
2023-09-27 15:30:00,83.11000061035156,83.29000091552734,82.76000213623047,83.03500366210938,638024.0
2023-09-27 16:30:00,83.05000305175781,83.20999908447266,82.79000091552734,82.83499908447266,337640.0
2023-09-27 17:30:00,82.83000183105469,83.27999877929688,82.79000091552734,82.94499969482422,438849.0
2023-09-27 18:30:00,82.95999908447266,83.13999938964844,82.88999938964844,83.02999877929688,445389.0
2023-09-27 19:30:00,83.0199966430664,83.06999969482422,82.86499786376953,82.87999725341797,484147.0
2023-09-28 13:30:00,82.33879852294922,82.44999694824219,81.95500183105469,82.23999786376953,734582.0
2023-09-28 14:30:00,82.23999786376953,82.61000061035156,82.04000091552734,82.38999938964844,436790.0
2023-09-28 15:30:00,82.36000061035156,82.61000061035156,82.06999969482422,82.13500213623047,328496.0
2023-09-28 16:30:00,82.08999633789062,82.16000366210938,81.30999755859375,81.44000244140625,601578.0
2023-09-28 17:30:00,81.43000030517578,81.58999633789062,81.22000122070312,81.44000244140625,389754.0
2023-09-28 18:30:00,81.44999694824219,81.68000030517578,81.38999938964844,81.63500213623047,220701.0
2023-09-28 19:30:00,81.63500213623047,81.66500091552734,81.52999877929688,81.58999633789062,306661.0
2023-09-29 13:30:00,81.9000015258789,81.94000244140625,80.7699966430664,80.79000091552734,681884.0
2023-09-29 14:30:00,80.7979965209961,81.20999908447266,80.66000366210938,81.08999633789062,387921.0
2023-09-29 15:30:00,81.06999969482422,81.54000091552734,80.81999969482422,81.30000305175781,373300.0
2023-09-29 16:30:00,81.27999877929688,81.4000015258789,80.93000030517578,80.94000244140625,208190.0
2023-09-29 17:30:00,80.94000244140625,80.95999908447266,80.47000122070312,80.7300033569336,268029.0
2023-09-29 18:30:00,80.72000122070312,80.93000030517578,80.62110137939453,80.92500305175781,168188.0
2023-09-29 19:30:00,80.91999816894531,81.08000183105469,80.80000305175781,80.8499984741211,265151.0
2023-10-02 13:30:00,81.18000030517578,81.27999877929688,79.62999725341797,79.76000213623047,826940.0
2023-10-02 14:30:00,79.7300033569336,79.97000122070312,79.38999938964844,79.44000244140625,797801.0
2023-10-02 15:30:00,79.44000244140625,80.12999725341797,79.41000366210938,79.99530029296875,367505.0
2023-10-02 16:30:00,79.9800033569336,80.08000183105469,79.61000061035156,79.62999725341797,234857.0
2023-10-02 17:30:00,79.62110137939453,79.66000366210938,79.37999725341797,79.45999908447266,286448.0
2023-10-02 18:30:00,79.44999694824219,79.44999694824219,79.19000244140625,79.30500030517578,375958.0
2023-10-02 19:30:00,79.30999755859375,79.49500274658203,79.30999755859375,79.38999938964844,484269.0
2023-10-03 13:30:00,79.80999755859375,79.98999786376953,79.31999969482422,79.5801010131836,749789.0
2023-10-03 14:30:00,79.58000183105469,80.01000213623047,79.25,79.97000122070312,520765.0
2023-10-03 15:30:00,79.95999908447266,80.37000274658203,79.8938980102539,80.27999877929688,434648.0
2023-10-03 16:30:00,80.27999877929688,80.31999969482422,79.76000213623047,79.88500213623047,406725.0
2023-10-03 17:30:00,79.87999725341797,79.94000244140625,79.54499816894531,79.69000244140625,232502.0
2023-10-03 18:30:00,79.69000244140625,79.91000366210938,79.68000030517578,79.90499877929688,197647.0
2023-10-03 19:30:00,79.9000015258789,79.93000030517578,79.81999969482422,79.91000366210938,295014.0
2023-10-04 13:30:00,77.97000122070312,77.97000122070312,77.12999725341797,77.25,1471396.0
2023-10-04 14:30:00,77.25,77.30999755859375,76.73999786376953,77.0199966430664,1178163.0
2023-10-04 15:30:00,77.01000213623047,77.0199966430664,76.05999755859375,76.30999755859375,874089.0
2023-10-04 16:30:00,76.31999969482422,76.43000030517578,75.75499725341797,75.87799835205078,815311.0
2023-10-04 17:30:00,75.88999938964844,76.0199966430664,75.22000122070312,75.31999969482422,1732868.0
2023-10-04 18:30:00,75.33999633789062,75.66999816894531,75.26000213623047,75.6050033569336,913686.0
2023-10-04 19:30:00,75.5999984741211,75.69000244140625,75.57499694824219,75.5999984741211,739002.0
2023-10-05 13:30:00,74.11000061035156,75.31990051269531,74.05000305175781,75.30999755859375,1487189.0
2023-10-05 14:30:00,75.2699966430664,75.44999694824219,74.13999938964844,74.19000244140625,958960.0
2023-10-05 15:30:00,74.18000030517578,74.41999816894531,73.61000061035156,74.18000030517578,1030177.0
2023-10-05 16:30:00,74.18000030517578,74.56999969482422,73.80000305175781,73.9000015258789,497465.0
2023-10-05 17:30:00,73.9000015258789,74.51000213623047,73.73999786376953,73.79000091552734,556042.0
2023-10-05 18:30:00,73.79000091552734,74.02999877929688,73.69999694824219,74.0250015258789,531616.0
2023-10-05 19:30:00,74.02999877929688,74.06999969482422,73.94000244140625,73.9800033569336,378324.0
2023-10-06 13:30:00,74.43000030517578,74.43000030517578,73.37000274658203,73.83000183105469,0.0
2023-10-06 14:30:00,73.81999969482422,74.19000244140625,73.33999633789062,74.05000305175781,1880666.0
2023-10-06 15:30:00,74.0199966430664,74.56999969482422,73.7300033569336,74.45999908447266,777774.0
2023-10-06 16:30:00,74.46499633789062,74.48999786376953,74.02999877929688,74.12999725341797,306461.0
2023-10-06 17:30:00,74.1500015258789,74.27999877929688,73.94000244140625,74.20999908447266,347203.0
2023-10-06 18:30:00,74.22000122070312,74.41999816894531,74.16999816894531,74.20999908447266,261173.0
2023-10-06 19:30:00,74.20999908447266,74.26000213623047,74.07499694824219,74.13999938964844,253848.0
2023-10-09 13:30:00,76.76000213623047,77.32990264892578,76.2300033569336,77.26000213623047,2472407.0
2023-10-09 14:30:00,77.26000213623047,77.39700317382812,76.9209976196289,77.01000213623047,836641.0
2023-10-09 15:30:00,77.0199966430664,77.30000305175781,76.80000305175781,76.91809844970703,578123.0
2023-10-09 16:30:00,76.91999816894531,77.30000305175781,76.79000091552734,77.2699966430664,317530.0
2023-10-09 17:30:00,77.26000213623047,77.30000305175781,76.62999725341797,77.19999694824219,1631435.0
2023-10-09 18:30:00,77.19999694824219,77.30000305175781,77.06999969482422,77.08000183105469,376655.0
2023-10-09 19:30:00,77.08000183105469,77.20999908447266,77.08000183105469,77.16000366210938,566255.0
2023-10-10 13:30:00,77.19000244140625,77.19000244140625,76.36000061035156,76.3949966430664,803868.0
2023-10-10 14:30:00,76.4000015258789,76.6500015258789,76.19000244140625,76.61250305175781,716745.0
2023-10-10 15:30:00,76.5999984741211,77.01000213623047,76.43000030517578,76.93000030517578,467447.0
2023-10-10 16:30:00,76.93000030517578,77.08000183105469,76.7699966430664,77.02999877929688,428354.0
2023-10-10 17:30:00,77.04000091552734,77.06999969482422,76.5,76.80789947509766,925564.0
2023-10-10 18:30:00,76.81999969482422,76.87999725341797,76.69999694824219,76.69999694824219,375523.0
2023-10-10 19:30:00,76.69999694824219,76.77999877929688,76.68000030517578,76.7300033569336,346430.0
2023-10-11 13:30:00,76.19000244140625,76.4000015258789,75.51000213623047,75.69000244140625,1090731.0
2023-10-11 14:30:00,75.68499755859375,75.72000122070312,74.76000213623047,75.16000366210938,1644802.0
2023-10-11 15:30:00,75.1500015258789,75.94000244140625,75.13099670410156,75.8949966430664,882544.0
2023-10-11 16:30:00,75.88999938964844,76.04000091552734,75.79000091552734,75.82109832763672,731531.0
2023-10-11 17:30:00,75.82009887695312,75.8499984741211,75.0199966430664,75.4000015258789,469246.0
2023-10-11 18:30:00,75.41000366210938,75.7300033569336,75.37000274658203,75.72000122070312,546809.0
2023-10-11 19:30:00,75.72000122070312,75.7699966430664,75.66999816894531,75.69000244140625,452690.0
2023-10-12 13:30:00,76.58000183105469,76.6084976196289,76.0,76.25499725341797,539883.0
2023-10-12 14:30:00,76.29000091552734,76.6050033569336,75.76000213623047,75.81999969482422,620762.0
2023-10-12 15:30:00,75.80999755859375,76.0,75.26000213623047,75.4011001586914,819886.0
2023-10-12 16:30:00,75.4000015258789,75.4800033569336,74.7300033569336,74.83000183105469,550984.0
2023-10-12 17:30:00,74.80999755859375,75.0999984741211,74.62000274658203,75.01000213623047,482199.0
2023-10-12 18:30:00,75.01000213623047,75.42009735107422,74.98999786376953,75.37999725341797,619077.0
2023-10-12 19:30:00,75.37999725341797,75.45999908447266,75.33000183105469,75.44000244140625,408268.0
2023-10-13 13:30:00,77.70999908447266,77.91999816894531,77.16000366210938,77.8499984741211,1011992.0
2023-10-13 14:30:00,77.87000274658203,78.0199966430664,77.45999908447266,77.94999694824219,824095.0
2023-10-13 15:30:00,77.95999908447266,78.24500274658203,77.87999725341797,78.04000091552734,636497.0
2023-10-13 16:30:00,78.05999755859375,78.81999969482422,78.02999877929688,78.44000244140625,1067830.0
2023-10-13 17:30:00,78.43329620361328,79.12999725341797,78.39019775390625,79.02999877929688,591526.0
2023-10-13 18:30:00,79.0250015258789,79.18000030517578,78.81999969482422,78.94000244140625,942566.0
2023-10-13 19:30:00,78.95500183105469,79.06999969482422,78.94000244140625,79.0,1368488.0
2023-10-16 13:30:00,78.62999725341797,78.88999938964844,77.87000274658203,78.18000030517578,1740769.0
2023-10-16 14:30:00,78.16999816894531,78.75,78.08000183105469,78.62000274658203,614594.0
2023-10-16 15:30:00,78.63999938964844,78.63999938964844,78.16000366210938,78.5250015258789,413801.0
2023-10-16 16:30:00,78.51000213623047,78.63999938964844,78.2300033569336,78.33000183105469,367818.0
2023-10-16 17:30:00,78.31500244140625,78.4800033569336,78.05000305175781,78.08000183105469,569550.0
2023-10-16 18:30:00,78.09500122070312,78.27999877929688,77.9801025390625,78.27010345458984,421848.0
2023-10-16 19:30:00,78.2699966430664,78.44000244140625,78.26000213623047,78.38999938964844,736671.0
2023-10-17 13:30:00,77.9800033569336,78.79000091552734,77.95999908447266,78.70999908447266,592777.0
2023-10-17 14:30:00,78.71659851074219,78.87999725341797,77.66000366210938,77.72000122070312,497432.0
2023-10-17 15:30:00,77.72000122070312,78.01000213623047,77.4000015258789,77.80999755859375,497909.0
2023-10-17 16:30:00,77.8499984741211,78.1500015258789,77.77999877929688,77.94000244140625,187471.0
2023-10-17 17:30:00,77.94999694824219,78.37999725341797,77.83999633789062,78.37000274658203,394469.0
2023-10-17 18:30:00,78.37000274658203,78.72000122070312,78.14009857177734,78.72000122070312,821713.0
2023-10-17 19:30:00,78.7249984741211,78.81999969482422,78.64099884033203,78.77999877929688,709860.0
2023-10-18 13:30:00,79.72000122070312,79.94000244140625,79.31999969482422,79.45999908447266,1080496.0
2023-10-18 14:30:00,79.5,80.0,79.4800033569336,79.77999877929688,579940.0
2023-10-18 15:30:00,79.7699966430664,79.91000366210938,79.47000122070312,79.76000213623047,552423.0
2023-10-18 16:30:00,79.77999877929688,80.36000061035156,79.77999877929688,80.30180358886719,386647.0
2023-10-18 17:30:00,80.29920196533203,80.36499786376953,79.66999816894531,79.97000122070312,476476.0
2023-10-18 18:30:00,79.97000122070312,80.23999786376953,79.94999694824219,79.99299621582031,304921.0
2023-10-18 19:30:00,79.9800033569336,79.98999786376953,79.77999877929688,79.87000274658203,541900.0
2023-10-19 13:30:00,79.37000274658203,79.7300033569336,78.94200134277344,79.58999633789062,607531.0
2023-10-19 14:30:00,79.58999633789062,80.12999725341797,79.37999725341797,80.12000274658203,582604.0
2023-10-19 15:30:00,80.12999725341797,80.5,79.98999786376953,80.48999786376953,319526.0
2023-10-19 16:30:00,80.5,80.72000122070312,80.37999725341797,80.69999694824219,443703.0
2023-10-19 17:30:00,80.66999816894531,80.94000244140625,80.5999984741211,80.87999725341797,556593.0
2023-10-19 18:30:00,80.87000274658203,81.66999816894531,80.83000183105469,81.6500015258789,1241290.0
2023-10-19 19:30:00,81.66000366210938,81.75,81.52999877929688,81.68499755859375,1207937.0
2023-10-20 13:30:00,81.58999633789062,81.9800033569336,81.15899658203125,81.4000015258789,965661.0
2023-10-20 14:30:00,81.43000030517578,81.83999633789062,81.33899688720703,81.6500015258789,421822.0
2023-10-20 15:30:00,81.66999816894531,81.69000244140625,81.33999633789062,81.48500061035156,317056.0
2023-10-20 16:30:00,81.49500274658203,81.63999938964844,80.44000244140625,81.08000183105469,933799.0
2023-10-20 17:30:00,81.08999633789062,81.20999908447266,80.16999816894531,80.62999725341797,695827.0
2023-10-20 18:30:00,80.62000274658203,80.81999969482422,80.43000030517578,80.80000305175781,595173.0
2023-10-20 19:30:00,80.80000305175781,80.8499984741211,80.68499755859375,80.70999908447266,647144.0
2023-10-23 13:30:00,80.22000122070312,80.2300033569336,79.56999969482422,80.04000091552734,749081.0
2023-10-23 14:30:00,80.02999877929688,80.2699966430664,79.80000305175781,79.83999633789062,342457.0
2023-10-23 15:30:00,79.83999633789062,79.91999816894531,79.04000091552734,79.08000183105469,553167.0
2023-10-23 16:30:00,79.05999755859375,79.0999984741211,78.3499984741211,78.4800033569336,844633.0
2023-10-23 17:30:00,78.48999786376953,78.83000183105469,78.37000274658203,78.44999694824219,471796.0
2023-10-23 18:30:00,78.45999908447266,78.9000015258789,78.44000244140625,78.7146987915039,618112.0
2023-10-23 19:30:00,78.72000122070312,79.02010345458984,78.63500213623047,78.87000274658203,744630.0
2023-10-24 13:30:00,78.04000091552734,78.22000122070312,77.66000366210938,77.95999908447266,681910.0
2023-10-24 14:30:00,77.99500274658203,78.08999633789062,76.5999984741211,76.7300033569336,1112434.0
2023-10-24 15:30:00,76.72000122070312,76.9198989868164,76.30999755859375,76.69000244140625,1168091.0
2023-10-24 16:30:00,76.69000244140625,77.16000366210938,76.61009979248047,76.9800033569336,512616.0
2023-10-24 17:30:00,76.97000122070312,77.27999877929688,76.9000015258789,77.08999633789062,1568616.0
2023-10-24 18:30:00,77.09500122070312,77.13999938964844,76.83000183105469,77.0199966430664,450205.0
2023-10-24 19:30:00,77.01499938964844,77.09500122070312,76.91000366210938,76.91000366210938,467158.0
2023-10-25 13:30:00,77.11000061035156,77.2300033569336,76.52999877929688,76.69000244140625,475585.0
2023-10-25 14:30:00,76.69999694824219,77.13999938964844,75.63999938964844,77.06999969482422,1437430.0
2023-10-25 15:30:00,77.05999755859375,77.73999786376953,76.81999969482422,77.73999786376953,1588699.0
2023-10-25 16:30:00,77.7300033569336,78.66999816894531,77.62100219726562,78.1500015258789,896545.0
2023-10-25 17:30:00,78.08999633789062,78.69000244140625,77.91999816894531,78.5999984741211,725210.0
2023-10-25 18:30:00,78.5999984741211,78.7300033569336,78.41000366210938,78.60009765625,418256.0
2023-10-25 19:30:00,78.5999984741211,78.62000274658203,78.37999725341797,78.43000030517578,486631.0
2023-10-26 13:30:00,76.83000183105469,77.37000274658203,76.49500274658203,77.0199966430664,842189.0
2023-10-26 14:30:00,77.04000091552734,77.58999633789062,76.94999694824219,77.18000030517578,449368.0
2023-10-26 15:30:00,77.19000244140625,77.54000091552734,76.98999786376953,77.081298828125,464919.0
2023-10-26 16:30:00,77.08999633789062,77.37000274658203,76.94000244140625,76.94000244140625,222187.0
2023-10-26 17:30:00,76.947998046875,76.9520034790039,76.48999786376953,76.6500015258789,463466.0
2023-10-26 18:30:00,76.62999725341797,76.79499816894531,76.48999786376953,76.70500183105469,592911.0
2023-10-26 19:30:00,76.70999908447266,76.93499755859375,76.68499755859375,76.91000366210938,420496.0
2023-10-27 13:30:00,77.62000274658203,77.79000091552734,76.58999633789062,77.31500244140625,1051888.0
2023-10-27 14:30:00,77.29000091552734,77.5,76.79000091552734,77.0999984741211,428910.0
2023-10-27 15:30:00,77.08000183105469,77.56999969482422,77.04000091552734,77.30000305175781,423557.0
2023-10-27 16:30:00,77.30999755859375,78.18000030517578,77.30999755859375,78.12000274658203,954492.0
2023-10-27 17:30:00,78.12000274658203,78.9800033569336,78.0604019165039,78.62000274658203,1183340.0
2023-10-27 18:30:00,78.6500015258789,78.68000030517578,78.12000274658203,78.30000305175781,755063.0
2023-10-27 19:30:00,78.30000305175781,78.5,78.26000213623047,78.3499984741211,626974.0
2023-10-30 13:30:00,77.25,77.58000183105469,76.55999755859375,76.73999786376953,1258106.0
2023-10-30 14:30:00,76.69000244140625,76.80999755859375,75.9800033569336,76.05999755859375,815816.0
2023-10-30 15:30:00,76.05000305175781,76.55000305175781,75.87999725341797,76.23999786376953,553836.0
2023-10-30 16:30:00,76.25,76.5199966430664,75.36000061035156,75.51909637451172,736907.0
2023-10-30 17:30:00,75.5,76.5199966430664,75.44000244140625,75.9800033569336,1356468.0
2023-10-30 18:30:00,76.0,76.22000122070312,75.94000244140625,76.1500015258789,547420.0
2023-10-30 19:30:00,76.1500015258789,76.30999755859375,76.04000091552734,76.06999969482422,573359.0
2023-10-31 13:30:00,76.20999908447266,77.0199966430664,75.55999755859375,76.41000366210938,951838.0
2023-10-31 14:30:00,76.38999938964844,76.63999938964844,75.86000061035156,76.0999984741211,486439.0
2023-10-31 15:30:00,76.12999725341797,76.47000122070312,75.77999877929688,76.08000183105469,431088.0
2023-10-31 16:30:00,76.05999755859375,76.1500015258789,74.94999694824219,75.05000305175781,879243.0
2023-10-31 17:30:00,75.05999755859375,75.25,74.75,74.80000305175781,689304.0
2023-10-31 18:30:00,74.80999755859375,75.0199966430664,74.55999755859375,74.92500305175781,631133.0
2023-10-31 19:30:00,74.93000030517578,75.06999969482422,74.9000015258789,75.02999877929688,440474.0
2023-11-01 13:30:00,76.66000366210938,76.72000122070312,76.2300033569336,76.44999694824219,783869.0
2023-11-01 14:30:00,76.43000030517578,76.69129943847656,75.91000366210938,75.94000244140625,594113.0
2023-11-01 15:30:00,75.91999816894531,76.08000183105469,75.55390167236328,75.83999633789062,539715.0
2023-11-01 16:30:00,75.83999633789062,75.86000061035156,74.97000122070312,75.13999938964844,505210.0
2023-11-01 17:30:00,75.12000274658203,75.19000244140625,74.23999786376953,74.35990142822266,841401.0
2023-11-01 18:30:00,74.4000015258789,74.68000030517578,74.38999938964844,74.66000366210938,436153.0
2023-11-01 19:30:00,74.6500015258789,74.8239974975586,74.63999938964844,74.75,364890.0
2023-11-02 13:30:00,74.91000366210938,75.73500061035156,74.79000091552734,75.20999908447266,801359.0
2023-11-02 14:30:00,75.16999816894531,75.44999694824219,74.80999755859375,75.2699966430664,402762.0
2023-11-02 15:30:00,75.30999755859375,76.13999938964844,75.26000213623047,75.91000366210938,1053127.0
2023-11-02 16:30:00,75.93000030517578,76.37999725341797,75.69999694824219,76.33000183105469,462646.0
2023-11-02 17:30:00,76.3499984741211,76.52999877929688,76.0999984741211,76.2300033569336,571248.0
2023-11-02 18:30:00,76.2300033569336,76.41000366210938,76.19000244140625,76.38999938964844,309435.0
2023-11-02 19:30:00,76.38500213623047,76.38500213623047,76.13500213623047,76.16999816894531,539800.0
2023-11-03 13:30:00,75.29000091552734,76.41000366210938,75.22000122070312,75.30999755859375,1864365.0
2023-11-03 14:30:00,75.12000274658203,75.80000305175781,74.8499984741211,75.70999908447266,607051.0
2023-11-03 15:30:00,75.67500305175781,76.13999938964844,75.1500015258789,75.19999694824219,369867.0
2023-11-03 16:30:00,75.18000030517578,75.2699966430664,74.20999908447266,74.36000061035156,557465.0
2023-11-03 17:30:00,74.37000274658203,74.59619903564453,74.13999938964844,74.58999633789062,580442.0
2023-11-03 18:30:00,74.56999969482422,75.12000274658203,74.55000305175781,75.11000061035156,445561.0
2023-11-03 19:30:00,75.11000061035156,75.13999938964844,74.83000183105469,74.8499984741211,531566.0
2023-11-06 14:30:00,75.88999938964844,76.08999633789062,75.5199966430664,76.08000183105469,747114.0
2023-11-06 15:30:00,76.02100372314453,76.08000183105469,75.4000015258789,75.69999694824219,393654.0
2023-11-06 16:30:00,75.69999694824219,75.88999938964844,75.5199966430664,75.79000091552734,357661.0
2023-11-06 17:30:00,75.80999755859375,75.93000030517578,75.69000244140625,75.73999786376953,180629.0
2023-11-06 18:30:00,75.7300033569336,75.7699966430664,74.7699966430664,74.98999786376953,551331.0
2023-11-06 19:30:00,75.05000305175781,75.23999786376953,74.96389770507812,74.96389770507812,279586.0
2023-11-06 20:30:00,74.97010040283203,74.9999008178711,74.8949966430664,74.91999816894531,200768.0
2023-11-07 14:30:00,72.98999786376953,73.1500015258789,72.58000183105469,72.68000030517578,1730453.0
2023-11-07 15:30:00,72.68000030517578,72.88999938964844,72.4000015258789,72.62000274658203,1037871.0
2023-11-07 16:30:00,72.61499786376953,72.77999877929688,72.01000213623047,72.0999984741211,1005863.0
2023-11-07 17:30:00,72.08000183105469,72.33999633789062,71.83000183105469,72.31999969482422,772764.0
2023-11-07 18:30:00,72.3197021484375,72.3499984741211,71.72000122070312,71.76000213623047,698853.0
2023-11-07 19:30:00,71.79000091552734,71.91850280761719,71.61499786376953,71.7822036743164,875650.0
2023-11-07 20:30:00,71.77999877929688,71.97000122070312,71.70999908447266,71.81999969482422,1013057.0
2023-11-08 14:30:00,71.2699966430664,71.66999816894531,70.87999725341797,70.91999816894531,916809.0
2023-11-08 15:30:00,70.92500305175781,70.93000030517578,70.13999938964844,70.7699966430664,1859628.0
2023-11-08 16:30:00,70.76000213623047,70.87999725341797,70.11000061035156,70.16000366210938,855521.0
2023-11-08 17:30:00,70.16000366210938,70.16999816894531,69.6500015258789,69.80000305175781,1066829.0
2023-11-08 18:30:00,69.80999755859375,70.0999984741211,69.76000213623047,69.91000366210938,1106574.0
2023-11-08 19:30:00,69.91999816894531,70.29000091552734,69.9000015258789,70.25,610113.0
2023-11-08 20:30:00,70.25,70.30999755859375,70.17500305175781,70.20999908447266,645748.0
2023-11-09 14:30:00,70.75,71.42539978027344,70.58000183105469,71.37999725341797,794905.0
2023-11-09 15:30:00,71.37699890136719,71.66000366210938,70.70999908447266,70.98999786376953,1357534.0
2023-11-09 16:30:00,70.97000122070312,71.08000183105469,70.41999816894531,70.70999908447266,421674.0
2023-11-09 17:30:00,70.70999908447266,71.18000030517578,70.44999694824219,71.0199966430664,779827.0
2023-11-09 18:30:00,71.01029968261719,71.08000183105469,70.37000274658203,70.4000015258789,251484.0
2023-11-09 19:30:00,70.4000015258789,70.4000015258789,70.13999938964844,70.28009796142578,432025.0
2023-11-09 20:30:00,70.28500366210938,70.30999755859375,70.2300033569336,70.23999786376953,185516.0
2023-11-10 14:30:00,71.30999755859375,71.55000305175781,71.12000274658203,71.47000122070312,544333.0
2023-11-10 15:30:00,71.41999816894531,71.69999694824219,71.2300033569336,71.66000366210938,475347.0
2023-11-10 16:30:00,71.6500015258789,72.08000183105469,71.55000305175781,71.62999725341797,648102.0
2023-11-10 17:30:00,71.6321029663086,72.22000122070312,71.6321029663086,71.83999633789062,391662.0
2023-11-10 18:30:00,71.86000061035156,72.19999694824219,71.66999816894531,71.73999786376953,382047.0
2023-11-10 19:30:00,71.7300033569336,71.86000061035156,71.6500015258789,71.79000091552734,348465.0
2023-11-10 20:30:00,71.81999969482422,71.86499786376953,71.77999877929688,71.80000305175781,905962.0
2023-11-13 14:30:00,71.80999755859375,72.51000213623047,71.7699966430664,72.36499786376953,573746.0
2023-11-13 15:30:00,72.37000274658203,72.62999725341797,72.13999938964844,72.5999984741211,510417.0
2023-11-13 16:30:00,72.61000061035156,72.93000030517578,72.43000030517578,72.83999633789062,354489.0
2023-11-13 17:30:00,72.83000183105469,72.9000015258789,72.5199966430664,72.5199966430664,228340.0
2023-11-13 18:30:00,72.54000091552734,72.8499984741211,72.5,72.69000244140625,347170.0
2023-11-13 19:30:00,72.69999694824219,72.91500091552734,72.69000244140625,72.87000274658203,198594.0
2023-11-13 20:30:00,72.87000274658203,72.95999908447266,72.8499984741211,72.94999694824219,792031.0
2023-11-14 14:30:00,73.2300033569336,73.87999725341797,73.2300033569336,73.83000183105469,549565.0
2023-11-14 15:30:00,73.8499984741211,74.04000091552734,73.5199966430664,73.55999755859375,307690.0
2023-11-14 16:30:00,73.54000091552734,73.62999725341797,73.16999816894531,73.20999908447266,221014.0
2023-11-14 17:30:00,73.20999908447266,73.43000030517578,72.63999938964844,72.78949737548828,205921.0
2023-11-14 18:30:00,72.80000305175781,73.02999877929688,72.36000061035156,72.70999908447266,565158.0
2023-11-14 19:30:00,72.69999694824219,72.76000213623047,72.6167984008789,72.74500274658203,281330.0
2023-11-14 20:30:00,72.73999786376953,72.76000213623047,72.6500015258789,72.69999694824219,518532.0
2023-11-15 14:30:00,71.80999755859375,72.11000061035156,71.70999908447266,71.80149841308594,674235.0
2023-11-15 15:30:00,72.1780014038086,72.37999725341797,71.62000274658203,71.81999969482422,778997.0
2023-11-15 16:30:00,71.80000305175781,72.14990234375,71.5,72.04499816894531,661342.0
2023-11-15 17:30:00,72.0,72.05059814453125,71.69999694824219,71.7300033569336,183501.0
2023-11-15 18:30:00,71.7300033569336,71.76499938964844,71.30000305175781,71.38999938964844,641007.0
2023-11-15 19:30:00,71.4000015258789,71.42500305175781,71.17500305175781,71.29000091552734,488564.0
2023-11-15 20:30:00,71.30000305175781,71.4000015258789,71.29499816894531,71.3499984741211,597247.0
2023-11-16 14:30:00,69.61000061035156,69.70999908447266,68.5999984741211,69.19619750976562,1945602.0
2023-11-16 15:30:00,69.20999908447266,69.20999908447266,68.37409973144531,68.41999816894531,503920.0
2023-11-16 16:30:00,68.43000030517578,68.68000030517578,68.13999938964844,68.20500183105469,663016.0
2023-11-16 17:30:00,68.27999877929688,68.31500244140625,67.44999694824219,67.58999633789062,999001.0
2023-11-16 18:30:00,67.58999633789062,68.13999938964844,67.51499938964844,68.0999984741211,751936.0
2023-11-16 19:30:00,68.11000061035156,68.26809692382812,67.94000244140625,68.2249984741211,459440.0
2023-11-16 20:30:00,68.2249984741211,68.30000305175781,68.0199966430664,68.04000091552734,1194377.0
2023-11-17 14:30:00,69.13999938964844,69.87999725341797,69.13999938964844,69.83000183105469,1156429.0
2023-11-17 15:30:00,69.83999633789062,70.22000122070312,69.83000183105469,70.0199966430664,406333.0
2023-11-17 16:30:00,70.0199966430664,70.68000030517578,69.99500274658203,70.58999633789062,1156926.0
2023-11-17 17:30:00,70.5969009399414,70.8499984741211,70.54000091552734,70.7699966430664,428949.0
2023-11-17 18:30:00,70.7699966430664,70.94999694824219,70.66000366210938,70.83999633789062,450753.0
2023-11-17 19:30:00,70.80999755859375,70.83000183105469,70.62000274658203,70.75,404132.0
2023-11-17 20:30:00,70.75,70.77999877929688,70.69999694824219,70.74500274658203,931833.0
2023-11-20 14:30:00,72.18000030517578,72.7699966430664,71.94000244140625,72.69000244140625,739037.0
2023-11-20 15:30:00,72.69999694824219,72.83000183105469,72.50499725341797,72.69999694824219,328630.0
2023-11-20 16:30:00,72.70500183105469,73.0250015258789,72.70500183105469,72.96499633789062,1055952.0
2023-11-20 17:30:00,72.95999908447266,73.06999969482422,72.81999969482422,73.02999877929688,206409.0
2023-11-20 18:30:00,73.04000091552734,73.04000091552734,72.29000091552734,72.52999877929688,430828.0
2023-11-20 19:30:00,72.52999877929688,72.58000183105469,72.30999755859375,72.30999755859375,212195.0
2023-11-20 20:30:00,72.31999969482422,72.37999725341797,72.26499938964844,72.30999755859375,357792.0
2023-11-21 14:30:00,72.05999755859375,72.20999908447266,71.74500274658203,72.05010223388672,677342.0
2023-11-21 15:30:00,72.08999633789062,72.4000015258789,71.79000091552734,72.0,363806.0
2023-11-21 16:30:00,71.98999786376953,72.19999694824219,71.87000274658203,72.06999969482422,207679.0
2023-11-21 17:30:00,72.06999969482422,72.29000091552734,72.02999877929688,72.2699966430664,234921.0
2023-11-21 18:30:00,72.25469970703125,72.58000183105469,72.25,72.45999908447266,339953.0
2023-11-21 19:30:00,72.44999694824219,72.58999633789062,72.37000274658203,72.52999877929688,342310.0
2023-11-21 20:30:00,72.5250015258789,72.55999755859375,72.4800033569336,72.55000305175781,333606.0
2023-11-22 14:30:00,69.26000213623047,69.69000244140625,68.80999755859375,69.27400207519531,1838812.0
2023-11-22 15:30:00,69.20999908447266,69.80000305175781,68.94999694824219,69.66999816894531,851560.0
2023-11-22 16:30:00,69.66000366210938,70.94999694824219,69.55999755859375,70.81999969482422,557278.0
2023-11-22 17:30:00,70.82250213623047,71.29000091552734,70.54000091552734,71.24939727783203,629977.0
2023-11-22 18:30:00,71.23999786376953,71.9000015258789,71.2300033569336,71.88999938964844,544039.0
2023-11-22 19:30:00,71.88999938964844,71.9000015258789,71.61000061035156,71.67500305175781,238182.0
2023-11-22 20:30:00,71.68000030517578,71.69000244140625,71.54000091552734,71.5999984741211,340825.0
2023-11-24 14:30:00,70.94999694824219,71.83000183105469,70.86940002441406,71.38999938964844,398272.0
2023-11-24 15:30:00,71.36000061035156,71.86000061035156,71.33999633789062,71.75,364429.0
2023-11-24 16:30:00,71.73500061035156,71.79000091552734,71.05000305175781,71.25,216785.0
2023-11-24 18:00:00,71.23999786376953,71.31900024414062,70.41999816894531,70.44989776611328,0.0
2023-11-27 14:30:00,70.30000305175781,70.73999786376953,69.87000274658203,70.71990203857422,579946.0
2023-11-27 15:30:00,70.69999694824219,71.08999633789062,70.04000091552734,70.36000061035156,960834.0
2023-11-27 16:30:00,70.36000061035156,70.48999786376953,69.9800033569336,70.30000305175781,386295.0
2023-11-27 17:30:00,70.30000305175781,70.38999938964844,69.54000091552734,70.30000305175781,504001.0
2023-11-27 18:30:00,70.30999755859375,70.4800033569336,69.77999877929688,69.80999755859375,270899.0
2023-11-27 19:30:00,69.81999969482422,70.05000305175781,69.80999755859375,69.9000015258789,239890.0
2023-11-27 20:30:00,69.9000015258789,70.0199966430664,69.86000061035156,69.9800033569336,468363.0
2023-11-28 14:30:00,70.63999938964844,70.87999725341797,70.23999786376953,70.87999725341797,588274.0
2023-11-28 15:30:00,70.87000274658203,71.7300033569336,70.83999633789062,71.66000366210938,372946.0
2023-11-28 16:30:00,71.63999938964844,71.80000305175781,71.5199966430664,71.69000244140625,424181.0
2023-11-28 17:30:00,71.69930267333984,71.83000183105469,71.51000213623047,71.5199966430664,186574.0
2023-11-28 18:30:00,71.51000213623047,71.5199966430664,71.16000366210938,71.30000305175781,371184.0
2023-11-28 19:30:00,71.30999755859375,71.37000274658203,71.23999786376953,71.29000091552734,132957.0
2023-11-28 20:30:00,71.27999877929688,71.31999969482422,71.22000122070312,71.25,381961.0
2023-11-29 14:30:00,72.12000274658203,72.18000030517578,70.63510131835938,70.91000366210938,503971.0
2023-11-29 15:30:00,70.76000213623047,71.93000030517578,70.67009735107422,71.77269744873047,669665.0
2023-11-29 16:30:00,71.7699966430664,72.41999816894531,71.69499969482422,72.23999786376953,398891.0
2023-11-29 17:30:00,72.23999786376953,72.87000274658203,71.94999694824219,72.37000274658203,1856493.0
2023-11-29 18:30:00,72.37000274658203,72.69999694824219,72.29000091552734,72.58999633789062,361153.0
2023-11-29 19:30:00,72.58000183105469,72.81999969482422,72.52999877929688,72.58599853515625,372363.0
2023-11-29 20:30:00,72.58930206298828,72.63500213623047,72.48999786376953,72.52999877929688,325237.0
2023-11-30 14:30:00,73.5,74.20999908447266,73.11000061035156,73.37000274658203,2555252.0
2023-11-30 15:30:00,73.33999633789062,73.43000030517578,70.13999938964844,70.22000122070312,2364138.0
2023-11-30 16:30:00,70.18000030517578,71.01000213623047,70.02999877929688,70.69999694824219,1593127.0
2023-11-30 17:30:00,70.70999908447266,71.86000061035156,70.69999694824219,71.25,1094237.0
2023-11-30 18:30:00,71.2699966430664,71.30999755859375,70.5199966430664,70.91999816894531,485709.0
2023-11-30 19:30:00,70.91999816894531,71.06999969482422,70.9000015258789,70.95999908447266,228017.0
2023-11-30 20:30:00,70.97000122070312,70.9749984741211,70.08999633789062,70.12000274658203,1126211.0
2023-12-01 14:30:00,70.93000030517578,71.59249877929688,70.69999694824219,70.95999908447266,642945.0
2023-12-01 15:30:00,70.94999694824219,71.31999969482422,70.69999694824219,71.26000213623047,340115.0
2023-12-01 16:30:00,71.26000213623047,71.37999725341797,70.9800033569336,71.01000213623047,327762.0
2023-12-01 17:30:00,71.0199966430664,71.37000274658203,69.48999786376953,69.58000183105469,612182.0
2023-12-01 18:30:00,69.5479965209961,69.87000274658203,69.08999633789062,69.12000274658203,962876.0
2023-12-01 19:30:00,69.12000274658203,69.5999984741211,69.04000091552734,69.36370086669922,467035.0
2023-12-01 20:30:00,69.36000061035156,69.39990234375,69.25,69.26000213623047,758506.0
2023-12-04 14:30:00,68.66000366210938,69.47000122070312,67.87000274658203,69.38999938964844,2219950.0
2023-12-04 15:30:00,69.38999938964844,69.7699966430664,68.58999633789062,68.62999725341797,589282.0
2023-12-04 16:30:00,68.66000366210938,69.37999725341797,68.48200225830078,68.62999725341797,1046528.0
2023-12-04 17:30:00,68.62999725341797,68.98999786376953,68.43000030517578,68.48999786376953,199295.0
2023-12-04 18:30:00,68.44000244140625,68.56999969482422,68.19999694824219,68.23179626464844,376706.0
2023-12-04 19:30:00,68.23999786376953,68.5199966430664,68.22000122070312,68.4800033569336,246435.0
2023-12-04 20:30:00,68.47000122070312,68.53500366210938,68.43000030517578,68.49500274658203,269105.0
2023-12-05 14:30:00,68.73999786376953,69.23999786376953,68.5999984741211,69.05000305175781,737290.0
2023-12-05 15:30:00,69.08000183105469,69.22000122070312,68.41000366210938,68.55999755859375,566631.0
2023-12-05 16:30:00,68.55999755859375,69.05000305175781,67.91999816894531,68.06999969482422,607841.0
2023-12-05 17:30:00,68.05999755859375,68.31999969482422,67.81999969482422,67.8499984741211,499662.0
2023-12-05 18:30:00,67.83999633789062,68.01699829101562,67.47000122070312,67.5199966430664,715182.0
2023-12-05 19:30:00,67.5199966430664,67.80000305175781,67.5,67.62999725341797,458409.0
2023-12-05 20:30:00,67.62000274658203,67.6500015258789,67.5,67.58000183105469,1101290.0
2023-12-06 14:30:00,65.9800033569336,66.34919738769531,65.77999877929688,66.19000244140625,2168045.0
2023-12-06 15:30:00,66.15499877929688,66.19999694824219,64.86000061035156,65.06999969482422,2160548.0
2023-12-06 16:30:00,65.06999969482422,65.12000274658203,64.61000061035156,64.75,932187.0
2023-12-06 17:30:00,64.73999786376953,65.20500183105469,64.7300033569336,65.09300231933594,826893.0
2023-12-06 18:30:00,65.08000183105469,65.37999725341797,64.81780242919922,64.81999969482422,953120.0
2023-12-06 19:30:00,64.83000183105469,64.9000015258789,64.7699966430664,64.83000183105469,402585.0
2023-12-06 20:30:00,64.81999969482422,64.88999938964844,64.75,64.7699966430664,1584278.0
2023-12-07 14:30:00,65.6500015258789,65.73999786376953,65.27999877929688,65.41000366210938,834770.0
2023-12-07 15:30:00,65.41000366210938,65.54000091552734,64.86000061035156,65.02999877929688,568926.0
2023-12-07 16:30:00,65.0199966430664,65.02999877929688,64.43000030517578,64.43990325927734,831049.0
2023-12-07 17:30:00,64.43000030517578,65.05000305175781,64.3499984741211,65.0199966430664,718062.0
2023-12-07 18:30:00,65.0199966430664,65.22000122070312,64.7300033569336,64.79000091552734,573131.0
2023-12-07 19:30:00,64.80999755859375,65.07499694824219,64.76000213623047,65.06500244140625,226643.0
2023-12-07 20:30:00,65.06999969482422,65.15499877929688,65.05000305175781,65.12999725341797,620912.0
2023-12-08 14:30:00,66.11000061035156,66.9000015258789,65.91999816894531,66.79100036621094,779505.0
2023-12-08 15:30:00,66.80500030517578,66.88999938964844,66.37000274658203,66.52999877929688,565226.0
2023-12-08 16:30:00,66.48999786376953,66.58000183105469,66.1500015258789,66.30999755859375,237818.0
2023-12-08 17:30:00,66.30000305175781,66.5,65.95500183105469,66.27999877929688,463285.0
2023-12-08 18:30:00,66.29000091552734,66.68000030517578,66.29000091552734,66.4800033569336,308936.0
2023-12-08 19:30:00,66.48999786376953,66.68499755859375,66.46499633789062,66.51000213623047,531494.0
2023-12-08 20:30:00,66.5199966430664,66.58499908447266,66.51000213623047,66.54000091552734,984327.0
2023-12-11 14:30:00,66.5,66.73999786376953,66.20999908447266,66.38999938964844,463329.0
2023-12-11 15:30:00,66.41000366210938,66.56999969482422,66.0,66.2699966430664,350809.0
2023-12-11 16:30:00,66.25579833984375,66.69000244140625,65.9800033569336,66.07489776611328,362548.0
2023-12-11 17:30:00,66.05999755859375,67.02629852294922,66.04000091552734,66.83999633789062,342575.0
2023-12-11 18:30:00,66.8187026977539,67.02999877929688,66.55000305175781,66.66999816894531,179159.0
2023-12-11 19:30:00,66.68000030517578,66.77999877929688,66.62999725341797,66.7699966430664,300956.0
2023-12-11 20:30:00,66.7699966430664,66.86000061035156,66.75499725341797,66.80000305175781,413642.0
2023-12-12 14:30:00,64.93000030517578,65.05999755859375,64.43000030517578,64.65499877929688,1576492.0
2023-12-12 15:30:00,64.6500015258789,64.93000030517578,64.29000091552734,64.3499984741211,769617.0
2023-12-12 16:30:00,64.3499984741211,64.45999908447266,64.04000091552734,64.14849853515625,930175.0
2023-12-12 17:30:00,64.13999938964844,64.20999908447266,63.8849983215332,64.0199966430664,1073272.0
2023-12-12 18:30:00,64.01000213623047,64.2249984741211,63.84000015258789,64.16999816894531,1023293.0
2023-12-12 19:30:00,64.16999816894531,64.34500122070312,64.16999816894531,64.30999755859375,692047.0
2023-12-12 20:30:00,64.30999755859375,64.37000274658203,64.2300033569336,64.26000213623047,897576.0
2023-12-13 14:30:00,64.41999816894531,64.81999969482422,64.33999633789062,64.68000030517578,636283.0
2023-12-13 15:30:00,64.70999908447266,65.19000244140625,64.55999755859375,64.76000213623047,884582.0
2023-12-13 16:30:00,64.7699966430664,65.19020080566406,64.75,64.91000366210938,394761.0
2023-12-13 17:30:00,64.87999725341797,65.01000213623047,64.5999984741211,64.6500015258789,273201.0
2023-12-13 18:30:00,64.6500015258789,65.2300033569336,64.55999755859375,64.97000122070312,393343.0
2023-12-13 19:30:00,65.0,65.12999725341797,64.91999816894531,65.12000274658203,459256.0
2023-12-13 20:30:00,65.11000061035156,65.3499984741211,65.08000183105469,65.33999633789062,460905.0
2023-12-14 14:30:00,67.0199966430664,67.5,66.939697265625,67.36000061035156,1087735.0
2023-12-14 15:30:00,67.37000274658203,67.47000122070312,67.1500015258789,67.38999938964844,399448.0
2023-12-14 16:30:00,67.38999938964844,67.63999938964844,67.18000030517578,67.47000122070312,394256.0
2023-12-14 17:30:00,67.4800033569336,67.80000305175781,67.44999694824219,67.66000366210938,1136067.0
2023-12-14 18:30:00,67.66999816894531,67.69999694824219,66.95999908447266,67.02999877929688,615046.0
2023-12-14 19:30:00,67.02999877929688,67.12999725341797,66.9000015258789,67.04499816894531,353148.0
2023-12-14 20:30:00,67.04000091552734,67.18000030517578,67.0250015258789,67.18000030517578,876114.0
2023-12-15 14:30:00,67.19000244140625,67.19000244140625,65.87999725341797,66.2300033569336,1030900.0
2023-12-15 15:30:00,66.2300033569336,67.01000213623047,66.19000244140625,66.94999694824219,485984.0
2023-12-15 16:30:00,66.9000015258789,67.28199768066406,66.69000244140625,67.08000183105469,361283.0
2023-12-15 17:30:00,67.06999969482422,67.30999755859375,66.97000122070312,67.05999755859375,276048.0
2023-12-15 18:30:00,67.04000091552734,67.27999877929688,66.87000274658203,66.91999816894531,409943.0
2023-12-15 19:30:00,66.91000366210938,67.03500366210938,66.87000274658203,67.0199966430664,609279.0
2023-12-15 20:30:00,67.02999877929688,67.18000030517578,67.01000213623047,67.13999938964844,343523.0
2023-12-18 14:30:00,68.88999938964844,69.58000183105469,68.80999755859375,68.9000015258789,2266517.0
2023-12-18 15:30:00,68.87999725341797,69.0999984741211,68.58000183105469,68.7300033569336,509485.0
2023-12-18 16:30:00,68.7300033569336,68.87999725341797,68.4800033569336,68.73999786376953,469848.0
2023-12-18 17:30:00,68.66999816894531,68.75,68.44999694824219,68.63999938964844,171395.0
2023-12-18 18:30:00,68.63999938964844,68.66999816894531,67.55000305175781,67.95999908447266,486006.0
2023-12-18 19:30:00,67.97000122070312,68.19000244140625,67.9000015258789,68.06999969482422,235644.0
2023-12-18 20:30:00,68.06999969482422,68.12999725341797,68.0199966430664,68.12000274658203,675012.0
2023-12-19 14:30:00,68.30000305175781,68.80999755859375,68.25499725341797,68.55999755859375,709916.0
2023-12-19 15:30:00,68.54000091552734,69.11000061035156,68.44999694824219,69.05000305175781,481251.0
2023-12-19 16:30:00,69.04000091552734,69.41999816894531,68.94000244140625,68.95999908447266,514850.0
2023-12-19 17:30:00,68.94000244140625,69.16999816894531,68.7300033569336,68.80999755859375,454552.0
2023-12-19 18:30:00,68.81999969482422,69.08000183105469,68.66000366210938,68.9800033569336,418283.0
2023-12-19 19:30:00,68.97000122070312,69.29000091552734,68.94000244140625,69.29000091552734,251413.0
2023-12-19 20:30:00,69.28500366210938,69.43000030517578,69.20909881591797,69.3499984741211,1012719.0
2023-12-20 14:30:00,70.1500015258789,70.30010223388672,69.80999755859375,69.94000244140625,1022915.0
2023-12-20 15:30:00,69.93000030517578,70.1500015258789,69.4000015258789,70.08000183105469,818296.0
2023-12-20 16:30:00,70.0999984741211,70.0999984741211,69.38999938964844,69.43000030517578,716703.0
2023-12-20 17:30:00,69.43000030517578,69.48999786376953,68.87000274658203,68.94999694824219,709692.0
2023-12-20 18:30:00,68.94999694824219,69.3499984741211,68.66000366210938,69.2300033569336,778870.0
2023-12-20 19:30:00,69.23999786376953,69.37000274658203,68.79000091552734,68.91999816894531,574130.0
2023-12-20 20:30:00,68.91999816894531,68.94249725341797,68.7699966430664,68.79000091552734,437286.0
2023-12-21 14:30:00,68.12999725341797,68.93000030517578,68.12999725341797,68.56999969482422,1196635.0
2023-12-21 15:30:00,68.5999984741211,69.04000091552734,68.5999984741211,68.81999969482422,0.0
2023-12-21 16:30:00,68.81999969482422,68.83999633789062,68.1500015258789,68.2750015258789,2140080.0
2023-12-21 17:30:00,68.25,68.78990173339844,68.20999908447266,68.78990173339844,300650.0
2023-12-21 18:30:00,68.7699966430664,69.0199966430664,68.55000305175781,68.93000030517578,383102.0
2023-12-21 19:30:00,68.91999816894531,69.02999877929688,68.75060272216797,68.87999725341797,181049.0
2023-12-21 20:30:00,68.875,69.07499694824219,68.87000274658203,69.05000305175781,253150.0
2023-12-22 14:30:00,69.62999725341797,69.95989990234375,69.5,69.55999755859375,961758.0
2023-12-22 15:30:00,69.55000305175781,69.58000183105469,68.48999786376953,69.04000091552734,783992.0
2023-12-22 16:30:00,69.05000305175781,69.2249984741211,68.61000061035156,68.8499984741211,467337.0
2023-12-22 17:30:00,68.86000061035156,69.06999969482422,68.79000091552734,68.95999908447266,280082.0
2023-12-22 18:30:00,68.96499633789062,69.11000061035156,68.5999984741211,68.66999816894531,393604.0
2023-12-22 19:30:00,68.66000366210938,68.84500122070312,68.5999984741211,68.76000213623047,452967.0
2023-12-22 20:30:00,68.75499725341797,68.75499725341797,68.5999984741211,68.68000030517578,843413.0
2023-12-26 14:30:00,70.5199966430664,70.63999938964844,70.25499725341797,70.41999816894531,1290269.0
2023-12-26 15:30:00,70.41000366210938,70.72000122070312,70.31999969482422,70.68470001220703,650096.0
2023-12-26 16:30:00,70.69999694824219,71.0999984741211,70.69999694824219,71.04000091552734,419554.0
2023-12-26 17:30:00,71.02999877929688,71.02999877929688,70.62000274658203,70.66999816894531,441389.0
2023-12-26 18:30:00,70.66999816894531,71.05999755859375,70.4000015258789,70.55000305175781,571458.0
2023-12-26 19:30:00,70.56999969482422,70.66000366210938,70.12000274658203,70.12000274658203,746336.0
2023-12-26 20:30:00,70.11000061035156,70.29000091552734,70.11000061035156,70.19999694824219,588741.0
2023-12-27 14:30:00,70.0199966430664,70.16999816894531,69.79000091552734,70.08999633789062,764065.0
2023-12-27 15:30:00,70.08499908447266,70.13999938964844,69.62999725341797,69.66999816894531,556940.0
2023-12-27 16:30:00,69.63999938964844,69.70999908447266,69.29000091552734,69.37000274658203,486037.0
2023-12-27 17:30:00,69.36000061035156,69.58999633789062,69.23500061035156,69.41000366210938,358461.0
2023-12-27 18:30:00,69.41000366210938,69.4800033569336,69.0,69.12000274658203,612382.0
2023-12-27 19:30:00,69.16000366210938,69.21119689941406,69.06999969482422,69.12000274658203,296533.0
2023-12-27 20:30:00,69.12000274658203,69.1500015258789,68.9000015258789,68.93000030517578,472954.0
2023-12-28 14:30:00,68.3499984741211,68.89869689941406,68.29000091552734,68.48500061035156,626316.0
2023-12-28 15:30:00,68.48999786376953,68.94000244140625,68.29000091552734,68.55999755859375,567290.0
2023-12-28 16:30:00,68.56999969482422,68.58999633789062,68.04000091552734,68.1500015258789,422515.0
2023-12-28 17:30:00,68.13999938964844,68.27999877929688,67.44999694824219,67.55500030517578,709957.0
2023-12-28 18:30:00,67.54000091552734,67.64009857177734,66.9749984741211,67.0,1708697.0
2023-12-28 19:30:00,67.0199966430664,67.27999877929688,66.98999786376953,67.11499786376953,434751.0
2023-12-28 20:30:00,67.11599731445312,67.22000122070312,67.08999633789062,67.16999816894531,723714.0
2023-12-29 14:30:00,67.68000030517578,67.75,67.11000061035156,67.2300033569336,537987.0
2023-12-29 15:30:00,67.22000122070312,67.55000305175781,66.66000366210938,67.4000015258789,556192.0
2023-12-29 16:30:00,67.39009857177734,67.5,66.83999633789062,67.4000015258789,357826.0
2023-12-29 17:30:00,67.37999725341797,67.41999816894531,66.91000366210938,66.93000030517578,294466.0
2023-12-29 18:30:00,66.94999694824219,67.26000213623047,66.79000091552734,66.91000366210938,416931.0
2023-12-29 19:30:00,66.91999816894531,66.91999816894531,66.62999725341797,66.75379943847656,288968.0
2023-12-29 20:30:00,66.75,66.75,66.6500015258789,66.66000366210938,514668.0
2024-01-02 14:30:00,67.55999755859375,67.55999755859375,66.6500015258789,67.05999755859375,1284320.0
2024-01-02 15:30:00,67.05000305175781,67.4000015258789,65.94999694824219,65.98999786376953,1358753.0
2024-01-02 16:30:00,65.98999786376953,66.30999755859375,65.72000122070312,66.08999633789062,1060384.0
2024-01-02 17:30:00,66.12000274658203,66.68000030517578,66.06999969482422,66.19000244140625,568799.0
2024-01-02 18:30:00,66.18000030517578,66.30999755859375,65.4800033569336,65.7699966430664,1386773.0
2024-01-02 19:30:00,65.79000091552734,65.99169921875,65.79000091552734,65.95999908447266,642347.0
2024-01-02 20:30:00,65.95010375976562,65.97000122070312,65.75,65.78990173339844,1318824.0
2024-01-03 14:30:00,66.91999816894531,67.87999725341797,66.72000122070312,67.66000366210938,1822869.0
2024-01-03 15:30:00,67.69000244140625,68.08999633789062,67.58999633789062,67.69000244140625,2167751.0
2024-01-03 16:30:00,67.72000122070312,67.86000061035156,67.37999725341797,67.6500015258789,506901.0
2024-01-03 17:30:00,67.6500015258789,68.06999969482422,67.54000091552734,67.98999786376953,367109.0
2024-01-03 18:30:00,67.9800033569336,68.0199966430664,67.76000213623047,67.93000030517578,543000.0
2024-01-03 19:30:00,67.91999816894531,68.33999633789062,67.91000366210938,68.29000091552734,613160.0
2024-01-03 20:30:00,68.29000091552734,68.36000061035156,68.16000366210938,68.19999694824219,817337.0
2024-01-04 14:30:00,68.19000244140625,68.38999938964844,67.56999969482422,67.66999816894531,903606.0
2024-01-04 15:30:00,67.66000366210938,67.8499984741211,66.43000030517578,66.51000213623047,1385125.0
2024-01-04 16:30:00,66.52999877929688,67.05999755859375,66.4000015258789,67.0199966430664,1271386.0
2024-01-04 17:30:00,67.0,67.68000030517578,66.97000122070312,67.58000183105469,361538.0
2024-01-04 18:30:00,67.58000183105469,67.67500305175781,67.19999694824219,67.4000015258789,434423.0
2024-01-04 19:30:00,67.41000366210938,67.5999984741211,67.26000213623047,67.54000091552734,244910.0
2024-01-04 20:30:00,67.54000091552734,67.63999938964844,67.5,67.56999969482422,307079.0
2024-01-05 14:30:00,68.83000183105469,69.31500244140625,68.36000061035156,68.83000183105469,1578228.0
2024-01-05 15:30:00,68.81999969482422,69.20999908447266,68.4800033569336,69.05999755859375,488440.0
2024-01-05 16:30:00,69.08000183105469,69.29000091552734,68.77300262451172,68.79000091552734,363561.0
2024-01-05 17:30:00,68.79000091552734,68.9000015258789,68.5199966430664,68.88999938964844,418821.0
2024-01-05 18:30:00,68.9000015258789,69.11000061035156,68.81999969482422,68.88999938964844,262455.0
2024-01-05 19:30:00,68.87999725341797,68.97000122070312,68.79000091552734,68.94000244140625,347621.0
2024-01-05 20:30:00,68.94000244140625,69.05999755859375,68.93000030517578,69.05000305175781,612305.0
2024-01-08 14:30:00,66.06999969482422,66.18000030517578,65.54000091552734,66.06999969482422,2562873.0
2024-01-08 15:30:00,66.11000061035156,66.48999786376953,65.83999633789062,65.83999633789062,603466.0
2024-01-08 16:30:00,65.8499984741211,65.9800033569336,65.5999984741211,65.86000061035156,436568.0
2024-01-08 17:30:00,65.83999633789062,65.9000015258789,65.64900207519531,65.81999969482422,382376.0
2024-01-08 18:30:00,65.80000305175781,66.4000015258789,65.76000213623047,66.19750213623047,637070.0
2024-01-08 19:30:00,66.19999694824219,66.43000030517578,66.18000030517578,66.33999633789062,372134.0
2024-01-08 20:30:00,66.33000183105469,66.42500305175781,66.31099700927734,66.37999725341797,971344.0
2024-01-09 14:30:00,67.30000305175781,67.31999969482422,66.70999908447266,66.87999725341797,837920.0
2024-01-09 15:30:00,66.88999938964844,67.83000183105469,66.73999786376953,67.73999786376953,825538.0
2024-01-09 16:30:00,67.75,67.94999694824219,67.55999755859375,67.66999816894531,452597.0
2024-01-09 17:30:00,67.66000366210938,67.9000015258789,67.56999969482422,67.73999786376953,229488.0
2024-01-09 18:30:00,67.73999786376953,67.93000030517578,67.41999816894531,67.44000244140625,646669.0
2024-01-09 19:30:00,67.43000030517578,67.47000122070312,67.33000183105469,67.41500091552734,540660.0
2024-01-09 20:30:00,67.4000015258789,67.44999694824219,67.30999755859375,67.4000015258789,680033.0
2024-01-10 14:30:00,68.2699966430664,68.68000030517578,68.1500015258789,68.3499984741211,1580694.0
2024-01-10 15:30:00,68.33999633789062,68.33999633789062,67.16000366210938,67.4000015258789,1048564.0
2024-01-10 16:30:00,67.37999725341797,67.70999908447266,66.8302993774414,66.9000015258789,542944.0
2024-01-10 17:30:00,66.87000274658203,66.91999816894531,66.41000366210938,66.55000305175781,760350.0
2024-01-10 18:30:00,66.54000091552734,66.75,66.33999633789062,66.63999938964844,824810.0
2024-01-10 19:30:00,66.63999938964844,66.7300033569336,66.4937973022461,66.62000274658203,677908.0
2024-01-10 20:30:00,66.61499786376953,66.66500091552734,66.56999969482422,66.58000183105469,631765.0
2024-01-11 14:30:00,68.3499984741211,68.47000122070312,67.93000030517578,68.4302978515625,1509079.0
2024-01-11 15:30:00,68.44000244140625,68.91999816894531,68.44000244140625,68.7699966430664,1047976.0
2024-01-11 16:30:00,68.77999877929688,68.81999969482422,67.7750015258789,67.83999633789062,1043164.0
2024-01-11 17:30:00,67.80999755859375,67.86000061035156,67.19000244140625,67.36499786376953,923071.0
2024-01-11 18:30:00,67.36000061035156,67.48999786376953,67.11000061035156,67.19999694824219,935351.0
2024-01-11 19:30:00,67.19999694824219,67.52999877929688,67.18569946289062,67.4800033569336,523550.0
2024-01-11 20:30:00,67.48500061035156,67.70500183105469,67.48500061035156,67.66000366210938,750524.0
2024-01-12 14:30:00,69.37999725341797,69.80999755859375,68.98999786376953,69.01000213623047,1569179.0
2024-01-12 15:30:00,69.01000213623047,69.0999984741211,68.1500015258789,68.36000061035156,1177594.0
2024-01-12 16:30:00,68.36000061035156,68.44999694824219,67.7699966430664,67.87000274658203,690031.0
2024-01-12 17:30:00,67.87940216064453,68.27989959716797,67.56999969482422,68.12000274658203,1065598.0
2024-01-12 18:30:00,68.12999725341797,68.32499694824219,67.9000015258789,67.97000122070312,1179122.0
2024-01-12 19:30:00,67.97000122070312,68.11990356445312,67.86000061035156,68.11000061035156,495033.0
2024-01-12 20:30:00,68.11499786376953,68.11499786376953,68.0,68.04000091552734,776301.0
2024-01-16 14:30:00,68.0,68.25,67.20999908447266,67.30999755859375,1023771.0
2024-01-16 15:30:00,67.31999969482422,67.7300033569336,67.11000061035156,67.70999908447266,643209.0
2024-01-16 16:30:00,67.69999694824219,68.25,67.2300033569336,67.41000366210938,472931.0
2024-01-16 17:30:00,67.41000366210938,67.6500015258789,67.23999786376953,67.6500015258789,411642.0
2024-01-16 18:30:00,67.65180206298828,67.87999725341797,67.33999633789062,67.69999694824219,600671.0
2024-01-16 19:30:00,67.69999694824219,67.76000213623047,67.48999786376953,67.48999786376953,535969.0
2024-01-16 20:30:00,67.49500274658203,67.51000213623047,67.22000122070312,67.22000122070312,894305.0
2024-01-17 14:30:00,66.4800033569336,66.93000030517578,66.28199768066406,66.76000213623047,801626.0
2024-01-17 15:30:00,66.76000213623047,67.51000213623047,66.69999694824219,67.2699966430664,892843.0
2024-01-17 16:30:00,67.2699966430664,67.48999786376953,66.80999755859375,67.05999755859375,376941.0
2024-01-17 17:30:00,67.05999755859375,67.29000091552734,66.87000274658203,67.2699966430664,183692.0
2024-01-17 18:30:00,67.2699966430664,67.86000061035156,67.26000213623047,67.66999816894531,620875.0
2024-01-17 19:30:00,67.66999816894531,67.95999908447266,67.6500015258789,67.80999755859375,615387.0
2024-01-17 20:30:00,67.81999969482422,67.94999694824219,67.79499816894531,67.91999816894531,869409.0
2024-01-18 14:30:00,68.36000061035156,68.36000061035156,67.79000091552734,68.16999816894531,1058439.0
2024-01-18 15:30:00,68.18000030517578,68.73999786376953,68.15499877929688,68.68000030517578,983705.0
2024-01-18 16:30:00,68.68000030517578,69.23999786376953,68.51000213623047,69.1500015258789,534620.0
2024-01-18 17:30:00,69.13999938964844,69.2300033569336,68.81009674072266,68.97000122070312,546970.0
2024-01-18 18:30:00,68.9800033569336,69.30999755859375,68.97000122070312,69.0999984741211,696051.0
2024-01-18 19:30:00,69.08999633789062,69.16000366210938,68.95010375976562,69.0199966430664,264833.0
2024-01-18 20:30:00,69.0250015258789,69.09500122070312,69.00499725341797,69.04000091552734,450428.0
2024-01-19 14:30:00,69.41000366210938,69.72000122070312,69.2300033569336,69.37000274658203,806261.0
2024-01-19 15:30:00,69.37000274658203,69.4800033569336,68.79000091552734,68.9000015258789,972031.0
2024-01-19 16:30:00,68.9000015258789,69.01000213623047,68.20999908447266,68.66999816894531,613779.0
2024-01-19 17:30:00,68.6863021850586,68.76000213623047,68.27999877929688,68.70999908447266,273642.0
2024-01-19 18:30:00,68.70999908447266,68.72019958496094,68.29000091552734,68.4800033569336,385410.0
2024-01-19 19:30:00,68.4800033569336,68.83999633789062,68.4000015258789,68.76000213623047,406155.0
2024-01-19 20:30:00,68.7699966430664,68.86000061035156,68.68000030517578,68.80000305175781,784154.0
2024-01-22 14:30:00,68.87999725341797,69.58999633789062,68.72000122070312,69.55999755859375,659041.0
2024-01-22 15:30:00,69.55000305175781,69.88999938964844,69.37000274658203,69.83000183105469,622810.0
2024-01-22 16:30:00,69.83999633789062,70.06999969482422,69.47000122070312,69.9800033569336,735418.0
2024-01-22 17:30:00,69.9800033569336,70.5,69.91999816894531,70.26000213623047,1334918.0
2024-01-22 18:30:00,70.26000213623047,70.45999908447266,69.6500015258789,69.83999633789062,684785.0
2024-01-22 19:30:00,69.83999633789062,69.90499877929688,69.68499755859375,69.76000213623047,267238.0
2024-01-22 20:30:00,69.76000213623047,69.76000213623047,69.66500091552734,69.70999908447266,334868.0
2024-01-23 14:30:00,69.33999633789062,70.02999877929688,69.33000183105469,69.8499984741211,640500.0
2024-01-23 15:30:00,69.86000061035156,70.3279037475586,69.62999725341797,70.1500015258789,604823.0
2024-01-23 16:30:00,70.13999938964844,70.16999816894531,69.52999877929688,69.55809783935547,542115.0
2024-01-23 17:30:00,69.55000305175781,69.61000061035156,69.12000274658203,69.27999877929688,399039.0
2024-01-23 18:30:00,69.2699966430664,69.56999969482422,69.2300033569336,69.5199966430664,560911.0
2024-01-23 19:30:00,69.55000305175781,69.6449966430664,69.4800033569336,69.62999725341797,258851.0
2024-01-23 20:30:00,69.625,69.66999816894531,69.5999984741211,69.6500015258789,111913.0
2024-01-24 14:30:00,69.97000122070312,70.29000091552734,69.66000366210938,69.88999938964844,479634.0
2024-01-24 15:30:00,70.0,70.56999969482422,69.73999786376953,70.41999816894531,1200993.0
2024-01-24 16:30:00,70.41000366210938,70.87999725341797,70.37999725341797,70.52249908447266,999935.0
2024-01-24 17:30:00,70.51000213623047,70.51499938964844,70.01000213623047,70.05000305175781,667049.0
2024-01-24 18:30:00,70.05000305175781,70.2249984741211,69.91999816894531,70.18000030517578,572792.0
2024-01-24 19:30:00,70.16999816894531,70.375,70.1500015258789,70.2750015258789,466757.0
2024-01-24 20:30:00,70.27200317382812,70.55999755859375,70.25,70.54000091552734,406562.0
2024-01-25 14:30:00,71.37999725341797,71.69999694824219,71.29000091552734,71.37999725341797,866998.0
2024-01-25 15:30:00,71.38999938964844,71.43910217285156,71.01499938964844,71.33999633789062,625587.0
2024-01-25 16:30:00,71.3499984741211,71.69000244140625,71.33000183105469,71.33499908447266,1055956.0
2024-01-25 17:30:00,71.33499908447266,71.93000030517578,71.32250213623047,71.87000274658203,488627.0
2024-01-25 18:30:00,71.87999725341797,72.36000061035156,71.80999755859375,72.31999969482422,509975.0
2024-01-25 19:30:00,72.31999969482422,72.44999694824219,72.2249984741211,72.29000091552734,349469.0
2024-01-25 20:30:00,72.29000091552734,72.29000091552734,72.18499755859375,72.22000122070312,729073.0
2024-01-26 14:30:00,71.9800033569336,72.5199966430664,71.97000122070312,72.37999725341797,786771.0
2024-01-26 15:30:00,72.37999725341797,72.58999633789062,71.61199951171875,71.63999938964844,566691.0
2024-01-26 16:30:00,71.6500015258789,71.73999786376953,71.12999725341797,71.31999969482422,439090.0
2024-01-26 17:30:00,71.33999633789062,72.76000213623047,71.16999816894531,72.70999908447266,704617.0
2024-01-26 18:30:00,72.72000122070312,73.12999725341797,72.37999725341797,72.94000244140625,693926.0
2024-01-26 19:30:00,72.93000030517578,73.05999755859375,72.81999969482422,73.01100158691406,839211.0
2024-01-26 20:30:00,73.0,73.18659973144531,72.98999786376953,73.08999633789062,434297.0
2024-01-29 14:30:00,72.43000030517578,72.44999694824219,71.5999984741211,71.93000030517578,840601.0
2024-01-29 15:30:00,71.94999694824219,72.30999755859375,71.72000122070312,72.08999633789062,305461.0
2024-01-29 16:30:00,72.08000183105469,72.33000183105469,71.7699966430664,72.00640106201172,316589.0
2024-01-29 17:30:00,72.01000213623047,72.20999908447266,71.69999694824219,71.98500061035156,856489.0
2024-01-29 18:30:00,72.0,72.13999938964844,71.4800033569336,71.81999969482422,492023.0
2024-01-29 19:30:00,71.83000183105469,72.06999969482422,71.82009887695312,72.0,274865.0
2024-01-29 20:30:00,72.0,72.06500244140625,71.94309997558594,72.04000091552734,260750.0
2024-01-30 14:30:00,72.0,72.44000244140625,71.76000213623047,71.79000091552734,883533.0
2024-01-30 15:30:00,71.78099822998047,72.91000366210938,71.72000122070312,72.6500015258789,732917.0
2024-01-30 16:30:00,72.63999938964844,73.05999755859375,72.54000091552734,72.6500015258789,378009.0
2024-01-30 17:30:00,72.63999938964844,73.06999969482422,72.63999938964844,73.06999969482422,225953.0
2024-01-30 18:30:00,73.06999969482422,73.0999984741211,72.5999984741211,72.80999755859375,560760.0
2024-01-30 19:30:00,72.80999755859375,72.9000015258789,72.68000030517578,72.8499984741211,229536.0
2024-01-30 20:30:00,72.8499984741211,72.87999725341797,72.7699966430664,72.79000091552734,419675.0
2024-01-31 14:30:00,72.31999969482422,72.36499786376953,71.30000305175781,71.5,877273.0
2024-01-31 15:30:00,71.4800033569336,71.97000122070312,71.08999633789062,71.33000183105469,612455.0
2024-01-31 16:30:00,71.33999633789062,71.66999816894531,70.7699966430664,71.20999908447266,653596.0
2024-01-31 17:30:00,71.19000244140625,71.27999877929688,70.86000061035156,71.08000183105469,400569.0
2024-01-31 18:30:00,71.07499694824219,71.11000061035156,70.66000366210938,70.93000030517578,764184.0
2024-01-31 19:30:00,70.91999816894531,71.25,70.68000030517578,71.0,651960.0
2024-01-31 20:30:00,71.0,71.00499725341797,70.7750015258789,70.9000015258789,966653.0
2024-02-01 14:30:00,71.58999633789062,71.98999786376953,71.33999633789062,71.75,1176266.0
2024-02-01 15:30:00,71.7699966430664,71.86000061035156,71.06999969482422,71.77999877929688,1076459.0
2024-02-01 16:30:00,71.77999877929688,71.9000015258789,71.54000091552734,71.80000305175781,358592.0
2024-02-01 17:30:00,71.80999755859375,71.87000274658203,69.33000183105469,70.63999938964844,4946635.0
2024-02-01 18:30:00,70.66999816894531,71.0,68.97119903564453,69.13999938964844,4083779.0
2024-02-01 19:30:00,69.13999938964844,69.63999938964844,68.96009826660156,69.27999877929688,996214.0
2024-02-01 20:30:00,69.27999877929688,69.33999633789062,69.04000091552734,69.08000183105469,535445.0
2024-02-02 14:30:00,68.02999877929688,68.36000061035156,67.19000244140625,68.30000305175781,2013452.0
2024-02-02 15:30:00,68.29000091552734,68.29989624023438,67.29000091552734,67.68499755859375,686272.0
2024-02-02 16:30:00,67.68000030517578,67.97000122070312,67.41999816894531,67.86000061035156,650834.0
2024-02-02 17:30:00,67.81999969482422,67.91999816894531,67.5,67.75,324904.0
2024-02-02 18:30:00,67.69999694824219,67.94999694824219,67.58000183105469,67.62999725341797,685845.0
2024-02-02 19:30:00,67.62999725341797,67.62999725341797,67.37000274658203,67.59500122070312,467237.0
2024-02-02 20:30:00,67.59500122070312,67.59500122070312,67.44000244140625,67.5199966430664,681846.0
2024-02-05 14:30:00,67.70999908447266,67.70999908447266,66.8582992553711,67.0,806418.0
2024-02-05 15:30:00,66.98999786376953,67.5999984741211,66.8499984741211,67.33999633789062,507889.0
2024-02-05 16:30:00,67.3499984741211,68.19999694824219,67.3499984741211,68.19000244140625,576246.0
2024-02-05 17:30:00,68.19999694824219,68.58999633789062,68.16999816894531,68.4749984741211,477455.0
2024-02-05 18:30:00,68.4800033569336,68.58000183105469,67.98999786376953,68.11000061035156,410055.0
2024-02-05 19:30:00,68.12000274658203,68.20500183105469,68.0,68.19339752197266,179928.0
2024-02-05 20:30:00,68.19499969482422,68.22000122070312,68.1500015258789,68.19999694824219,208904.0
2024-02-06 14:30:00,68.6500015258789,69.01000213623047,68.4800033569336,68.75,415292.0
2024-02-06 15:30:00,68.7499008178711,68.91000366210938,68.30999755859375,68.66000366210938,430266.0
2024-02-06 16:30:00,68.66000366210938,69.0999984741211,68.12000274658203,68.33999633789062,1282673.0
2024-02-06 17:30:00,68.33000183105469,68.9000015258789,68.26000213623047,68.44999694824219,987242.0
2024-02-06 18:30:00,68.43000030517578,68.77999877929688,68.27999877929688,68.69000244140625,479761.0
2024-02-06 19:30:00,68.70999908447266,68.8949966430664,68.69999694824219,68.7699966430664,376852.0
2024-02-06 20:30:00,68.7699966430664,68.81999969482422,68.76000213623047,68.79000091552734,381672.0
2024-02-07 14:30:00,68.94000244140625,69.2699966430664,68.77999877929688,68.94000244140625,867098.0
2024-02-07 15:30:00,68.9000015258789,69.4000015258789,68.69999694824219,69.11000061035156,842130.0
2024-02-07 16:30:00,69.08999633789062,69.12000274658203,68.77999877929688,68.91000366210938,404700.0
2024-02-07 17:30:00,68.91000366210938,69.18000030517578,68.80999755859375,69.08000183105469,1045976.0
2024-02-07 18:30:00,69.06999969482422,69.2300033569336,68.83999633789062,69.0999984741211,636977.0
2024-02-07 19:30:00,69.11000061035156,69.32499694824219,69.04000091552734,69.30999755859375,534059.0
2024-02-07 20:30:00,69.30000305175781,69.43000030517578,69.28500366210938,69.41000366210938,721980.0
2024-02-08 14:30:00,70.2699966430664,70.72000122070312,70.22000122070312,70.68800354003906,1709399.0
2024-02-08 15:30:00,70.69999694824219,70.98999786376953,70.41500091552734,70.94999694824219,476660.0
2024-02-08 16:30:00,70.95999908447266,71.12999725341797,70.80000305175781,70.98999786376953,1241406.0
2024-02-08 17:30:00,70.98999786376953,71.33999633789062,70.9800033569336,71.13500213623047,697820.0
2024-02-08 18:30:00,71.12999725341797,71.41000366210938,71.05000305175781,71.33000183105469,631867.0
2024-02-08 19:30:00,71.33999633789062,71.5999984741211,71.30999755859375,71.5,690654.0
2024-02-08 20:30:00,71.50499725341797,71.58999633789062,71.48999786376953,71.51000213623047,467033.0
2024-02-09 14:30:00,71.94000244140625,72.27999877929688,71.66999816894531,71.83000183105469,751658.0
2024-02-09 15:30:00,71.83999633789062,71.91999816894531,71.2699966430664,71.44000244140625,490559.0
2024-02-09 16:30:00,71.43000030517578,71.88999938964844,71.0999984741211,71.79000091552734,449268.0
2024-02-09 17:30:00,71.81999969482422,71.8499984741211,71.62000274658203,71.72000122070312,159480.0
2024-02-09 18:30:00,71.69999694824219,71.93000030517578,71.6500015258789,71.88500213623047,192660.0
2024-02-09 19:30:00,71.88999938964844,71.91999816894531,71.5999984741211,71.66000366210938,297053.0
2024-02-09 20:30:00,71.66000366210938,71.69000244140625,71.56999969482422,71.66500091552734,246802.0
2024-02-12 14:30:00,71.52999877929688,72.12999725341797,71.52999877929688,71.9520034790039,749877.0
2024-02-12 15:30:00,71.94000244140625,72.05999755859375,71.5999984741211,71.91000366210938,624573.0
2024-02-12 16:30:00,71.88999938964844,71.91000366210938,71.54000091552734,71.83000183105469,525797.0
2024-02-12 17:30:00,71.82499694824219,71.91000366210938,71.75,71.81999969482422,241184.0
2024-02-12 18:30:00,71.81999969482422,72.0199966430664,71.59500122070312,71.94999694824219,577789.0
2024-02-12 19:30:00,71.94999694824219,72.04000091552734,71.91000366210938,72.02999877929688,384225.0
2024-02-12 20:30:00,72.03500366210938,72.125,72.0199966430664,72.0999984741211,608951.0
2024-02-13 14:30:00,72.54000091552734,72.66239929199219,71.94999694824219,72.13999938964844,650420.0
2024-02-13 15:30:00,72.12999725341797,72.88999938964844,71.98999786376953,72.83999633789062,556661.0
2024-02-13 16:30:00,72.8499984741211,73.0,72.68000030517578,72.91999816894531,359770.0
2024-02-13 17:30:00,72.93000030517578,73.22000122070312,72.73999786376953,72.9800033569336,491105.0
2024-02-13 18:30:00,72.97000122070312,73.05999755859375,72.62000274658203,72.68000030517578,360402.0
2024-02-13 19:30:00,72.67500305175781,72.75,72.4800033569336,72.5199966430664,536734.0
2024-02-13 20:30:00,72.5199966430664,72.66000366210938,72.51000213623047,72.63999938964844,463374.0
2024-02-14 14:30:00,73.06999969482422,73.53099822998047,72.88999938964844,73.02999877929688,1037692.0
2024-02-14 15:30:00,73.02999877929688,73.05999755859375,72.1500015258789,72.2699966430664,1112993.0
2024-02-14 16:30:00,72.27999877929688,72.66000366210938,71.87999725341797,71.92649841308594,657021.0
2024-02-14 17:30:00,71.93000030517578,71.9800033569336,71.66999816894531,71.75,482723.0
2024-02-14 18:30:00,71.7699966430664,72.08000183105469,71.55999755859375,71.5999984741211,393292.0
2024-02-14 19:30:00,71.5999984741211,71.62999725341797,71.37000274658203,71.47000122070312,490970.0
2024-02-14 20:30:00,71.47000122070312,71.5999984741211,71.44999694824219,71.54000091552734,388054.0
2024-02-15 14:30:00,71.7699966430664,72.44000244140625,71.7699966430664,72.40010070800781,901066.0
2024-02-15 15:30:00,72.41999816894531,72.80999755859375,72.37999725341797,72.62000274658203,734276.0
2024-02-15 16:30:00,72.62000274658203,73.19999694824219,72.5999984741211,72.98999786376953,641204.0
2024-02-15 17:30:00,72.98999786376953,73.08999633789062,72.70999908447266,72.82499694824219,435897.0
2024-02-15 18:30:00,72.83000183105469,72.9000015258789,72.69999694824219,72.75,477096.0
2024-02-15 19:30:00,72.76000213623047,72.94999694824219,72.70999908447266,72.88500213623047,393297.0
2024-02-15 20:30:00,72.88500213623047,72.8949966430664,72.80999755859375,72.8499984741211,571532.0
2024-02-16 14:30:00,72.94999694824219,73.30999755859375,72.43990325927734,72.6050033569336,770471.0
2024-02-16 15:30:00,72.58999633789062,73.08999633789062,72.44999694824219,72.97000122070312,495962.0
2024-02-16 16:30:00,72.97000122070312,73.41500091552734,72.80999755859375,73.38999938964844,293570.0
2024-02-16 17:30:00,73.3949966430664,73.55999755859375,73.0,73.25910186767578,304565.0
2024-02-16 18:30:00,73.22000122070312,73.62999725341797,73.12999725341797,73.58999633789062,472616.0
2024-02-16 19:30:00,73.5999984741211,73.62000274658203,73.44000244140625,73.5,983262.0
2024-02-16 20:30:00,73.5,73.51000213623047,73.4000015258789,73.41000366210938,831993.0
2024-02-20 14:30:00,73.44000244140625,73.44999694824219,72.7300033569336,72.80999755859375,590067.0
2024-02-20 15:30:00,72.80999755859375,72.87000274658203,72.05999755859375,72.22000122070312,712835.0
2024-02-20 16:30:00,72.2300033569336,72.6500015258789,72.16999816894531,72.5999984741211,359240.0
2024-02-20 17:30:00,72.58999633789062,72.80000305175781,72.4000015258789,72.74500274658203,335733.0
2024-02-20 18:30:00,72.73999786376953,72.80000305175781,72.12000274658203,72.31999969482422,486488.0
2024-02-20 19:30:00,72.31999969482422,72.55999755859375,72.2750015258789,72.46499633789062,265920.0
2024-02-20 20:30:00,72.45999908447266,72.46499633789062,72.37999725341797,72.41999816894531,268174.0
2024-02-21 14:30:00,72.16999816894531,72.68000030517578,72.16000366210938,72.52749633789062,795881.0
2024-02-21 15:30:00,72.54000091552734,72.90499877929688,72.4800033569336,72.80000305175781,477518.0
2024-02-21 16:30:00,72.81999969482422,73.13999938964844,72.55999755859375,73.02999877929688,868130.0
2024-02-21 17:30:00,73.04000091552734,73.12000274658203,72.56999969482422,72.7699966430664,413696.0
2024-02-21 18:30:00,72.76000213623047,73.13999938964844,72.73999786376953,73.06999969482422,389646.0
2024-02-21 19:30:00,73.06999969482422,73.19999694824219,72.9800033569336,73.0999984741211,505169.0
2024-02-21 20:30:00,73.11000061035156,73.22000122070312,73.06999969482422,73.22000122070312,303398.0
2024-02-22 14:30:00,72.98999786376953,73.43000030517578,72.91000366210938,73.25990295410156,582027.0
2024-02-22 15:30:00,73.2699966430664,73.86000061035156,73.08999633789062,73.58999633789062,716666.0
2024-02-22 16:30:00,73.61000061035156,73.9800033569336,73.55000305175781,73.86000061035156,308251.0
2024-02-22 17:30:00,73.87999725341797,74.05000305175781,73.80000305175781,73.98999786376953,239031.0
2024-02-22 18:30:00,73.98999786376953,74.0,73.66999816894531,73.75,314533.0
2024-02-22 19:30:00,73.75,73.75,73.6500015258789,73.67019653320312,134238.0
2024-02-22 20:30:00,73.67500305175781,73.71499633789062,73.58999633789062,73.5999984741211,330675.0
2024-02-23 14:30:00,72.19000244140625,72.3499984741211,71.95999908447266,72.08000183105469,791839.0
2024-02-23 15:30:00,72.08999633789062,72.66010284423828,72.05999755859375,72.52999877929688,411224.0
2024-02-23 16:30:00,72.55000305175781,72.55000305175781,71.76000213623047,71.8499984741211,451856.0
2024-02-23 17:30:00,71.86000061035156,72.08000183105469,71.66000366210938,71.70999908447266,307864.0
2024-02-23 18:30:00,71.69999694824219,72.16000366210938,71.6666030883789,71.80999755859375,585115.0
2024-02-23 19:30:00,71.81999969482422,72.0199966430664,71.7699966430664,71.93000030517578,428472.0
2024-02-23 20:30:00,71.91999816894531,71.97000122070312,71.88999938964844,71.9000015258789,253769.0
2024-02-26 14:30:00,71.55000305175781,72.3499984741211,71.4800033569336,72.27999877929688,724350.0
2024-02-26 15:30:00,72.29000091552734,72.58999633789062,72.1500015258789,72.48999786376953,685308.0
2024-02-26 16:30:00,72.5,72.87000274658203,72.41500091552734,72.80999755859375,310314.0
2024-02-26 17:30:00,72.80500030517578,73.23999786376953,72.7699966430664,73.08000183105469,520244.0
2024-02-26 18:30:00,73.08000183105469,73.125,72.72000122070312,72.81999969482422,642058.0
2024-02-26 19:30:00,72.83000183105469,73.05999755859375,72.7750015258789,72.98999786376953,274443.0
2024-02-26 20:30:00,72.98999786376953,73.01000213623047,72.80999755859375,72.81999969482422,322270.0
2024-02-27 14:30:00,73.18000030517578,73.61000061035156,73.1500015258789,73.37999725341797,784679.0
2024-02-27 15:30:00,73.37999725341797,73.69999694824219,73.36000061035156,73.56999969482422,494077.0
2024-02-27 16:30:00,73.56999969482422,73.70999908447266,73.37999725341797,73.58000183105469,443312.0
2024-02-27 17:30:00,73.55000305175781,74.0,73.25,73.86499786376953,1904767.0
2024-02-27 18:30:00,73.87000274658203,74.16000366210938,73.80000305175781,74.0199966430664,821638.0
2024-02-27 19:30:00,74.0199966430664,74.02999877929688,73.80999755859375,73.9000015258789,248071.0
2024-02-27 20:30:00,73.91000366210938,73.91500091552734,73.81999969482422,73.8499984741211,345754.0
2024-02-28 14:30:00,74.46099853515625,74.73999786376953,74.24500274658203,74.33999633789062,863344.0
2024-02-28 15:30:00,74.37999725341797,74.44999694824219,73.44000244140625,73.44000244140625,800997.0
2024-02-28 16:30:00,73.43000030517578,74.12999725341797,73.26499938964844,74.12000274658203,871954.0
2024-02-28 17:30:00,74.11000061035156,74.11000061035156,73.7300033569336,73.81999969482422,504089.0
2024-02-28 18:30:00,73.82499694824219,73.87999725341797,73.5,73.69999694824219,313753.0
2024-02-28 19:30:00,73.68000030517578,73.70999908447266,73.55000305175781,73.61000061035156,396846.0
2024-02-28 20:30:00,73.62000274658203,73.65499877929688,73.55000305175781,73.6500015258789,171308.0
2024-02-29 14:30:00,74.06999969482422,74.18000030517578,73.37999725341797,73.54000091552734,527017.0
2024-02-29 15:30:00,73.55000305175781,74.0999984741211,73.52999877929688,74.05999755859375,705974.0
2024-02-29 16:30:00,74.06999969482422,74.44999694824219,73.94000244140625,73.94000244140625,735476.0
2024-02-29 17:30:00,73.94000244140625,73.94000244140625,73.61000061035156,73.76599884033203,361653.0
2024-02-29 18:30:00,73.7699966430664,73.83000183105469,73.36000061035156,73.51000213623047,328293.0
2024-02-29 19:30:00,73.51000213623047,73.52999877929688,73.19999694824219,73.37999725341797,317334.0
2024-02-29 20:30:00,73.37000274658203,73.55000305175781,73.35009765625,73.37999725341797,615778.0
2024-03-01 14:30:00,74.73999786376953,75.16999816894531,74.52999877929688,75.1675033569336,1205329.0
2024-03-01 15:30:00,75.16999816894531,75.875,75.15499877929688,75.8499984741211,876262.0
2024-03-01 16:30:00,75.87110137939453,75.94000244140625,75.11000061035156,75.19999694824219,714799.0
2024-03-01 17:30:00,75.16999816894531,75.40969848632812,74.93499755859375,75.25499725341797,691414.0
2024-03-01 18:30:00,75.25499725341797,75.33000183105469,75.08000183105469,75.11000061035156,485079.0
2024-03-01 19:30:00,75.11000061035156,75.16999816894531,75.01000213623047,75.06999969482422,638617.0
2024-03-01 20:30:00,75.06999969482422,75.07499694824219,74.93000030517578,74.95999908447266,553987.0
2024-03-04 14:30:00,75.43000030517578,75.49500274658203,74.5999984741211,74.69999694824219,917039.0
2024-03-04 15:30:00,74.69000244140625,74.8499984741211,74.31999969482422,74.55999755859375,649034.0
2024-03-04 16:30:00,74.58000183105469,74.69999694824219,73.92500305175781,74.05000305175781,497994.0
2024-03-04 17:30:00,74.05000305175781,74.26000213623047,73.83000183105469,73.95999908447266,416634.0
2024-03-04 18:30:00,73.94999694824219,74.0999984741211,73.83999633789062,73.9800033569336,301127.0
2024-03-04 19:30:00,73.95999908447266,74.12000274658203,73.94000244140625,74.05999755859375,212361.0
2024-03-04 20:30:00,74.05000305175781,74.0999984741211,73.98999786376953,74.01000213623047,298741.0
2024-03-05 14:30:00,73.62000274658203,74.0999984741211,73.125,73.19499969482422,698019.0
2024-03-05 15:30:00,73.16999816894531,74.66999816894531,73.16000366210938,74.16000366210938,1372537.0
2024-03-05 16:30:00,74.16999816894531,74.30999755859375,73.30000305175781,73.41999816894531,551745.0
2024-03-05 17:30:00,73.41000366210938,73.9000015258789,73.30999755859375,73.41000366210938,330986.0
2024-03-05 18:30:00,73.4000015258789,73.66000366210938,73.11499786376953,73.43000030517578,435328.0
2024-03-05 19:30:00,73.43000030517578,73.5199966430664,73.375,73.42030334472656,181842.0
2024-03-05 20:30:00,73.41999816894531,73.51000213623047,73.41500091552734,73.45999908447266,578904.0
2024-03-06 14:30:00,74.66999816894531,75.08999633789062,74.66000366210938,74.87000274658203,673624.0
2024-03-06 15:30:00,74.9000015258789,75.7300033569336,74.87999725341797,75.62999725341797,951655.0
2024-03-06 16:30:00,75.62999725341797,75.66999816894531,74.91000366210938,75.06999969482422,916578.0
2024-03-06 17:30:00,75.08000183105469,75.19999694824219,74.70999908447266,74.80000305175781,659928.0
2024-03-06 18:30:00,74.77999877929688,74.83000183105469,74.2699966430664,74.36000061035156,557352.0
2024-03-06 19:30:00,74.36000061035156,74.36000061035156,74.16000366210938,74.22000122070312,435992.0
2024-03-06 20:30:00,74.22000122070312,74.3550033569336,74.20999908447266,74.33999633789062,611866.0
2024-03-07 14:30:00,73.55999755859375,73.94999694824219,73.4000015258789,73.47000122070312,602029.0
2024-03-07 15:30:00,73.51000213623047,74.38999938964844,73.51000213623047,74.0999984741211,447927.0
2024-03-07 16:30:00,74.11000061035156,74.58000183105469,73.98999786376953,74.55000305175781,437118.0
2024-03-07 17:30:00,74.53500366210938,74.7699966430664,74.33000183105469,74.36000061035156,339910.0
2024-03-07 18:30:00,74.37000274658203,74.44969940185547,74.13999938964844,74.1500015258789,360713.0
2024-03-07 19:30:00,74.18000030517578,74.22000122070312,74.08000183105469,74.1500015258789,265839.0
2024-03-07 20:30:00,74.16000366210938,74.2699966430664,74.13999938964844,74.19999694824219,504215.0
2024-03-08 14:30:00,74.0199966430664,74.08000183105469,73.5,73.68000030517578,346839.0
2024-03-08 15:30:00,73.63999938964844,73.9800033569336,72.98999786376953,73.37000274658203,845302.0
2024-03-08 16:30:00,73.37000274658203,73.73999786376953,73.33999633789062,73.44000244140625,462871.0
2024-03-08 17:30:00,73.44999694824219,73.5250015258789,73.26000213623047,73.37999725341797,552108.0
2024-03-08 18:30:00,73.37000274658203,73.44999694824219,73.08000183105469,73.44000244140625,523996.0
2024-03-08 19:30:00,73.44999694824219,73.5199966430664,73.30999755859375,73.31999969482422,363437.0
2024-03-08 20:30:00,73.31999969482422,73.37000274658203,73.23999786376953,73.3499984741211,720293.0
2024-03-11 13:30:00,72.97000122070312,72.98999786376953,72.37000274658203,72.5,586445.0
2024-03-11 14:30:00,72.48999786376953,73.29000091552734,72.43000030517578,73.16999816894531,424965.0
2024-03-11 15:30:00,73.19999694824219,73.9000015258789,73.18000030517578,73.73999786376953,549844.0
2024-03-11 16:30:00,73.7300033569336,73.83000183105469,73.31999969482422,73.37000274658203,254370.0
2024-03-11 17:30:00,73.36000061035156,73.44999694824219,73.18000030517578,73.41000366210938,268624.0
2024-03-11 18:30:00,73.38999938964844,73.6500015258789,73.38999938964844,73.63500213623047,262065.0
2024-03-11 19:30:00,73.62999725341797,73.62999725341797,73.55000305175781,73.61000061035156,534002.0
2024-03-12 13:30:00,73.41999816894531,73.88999938964844,73.1050033569336,73.79000091552734,578054.0
2024-03-12 14:30:00,73.77999877929688,74.16000366210938,73.73999786376953,73.83000183105469,582402.0
2024-03-12 15:30:00,73.83000183105469,73.99500274658203,73.66999816894531,73.7699966430664,956893.0
2024-03-12 16:30:00,73.75,73.88999938964844,73.55000305175781,73.61000061035156,331005.0
2024-03-12 17:30:00,73.5999984741211,73.6050033569336,73.01000213623047,73.12000274658203,1016460.0
2024-03-12 18:30:00,73.1500015258789,73.41000366210938,73.13500213623047,73.38999938964844,333909.0
2024-03-12 19:30:00,73.38999938964844,73.40499877929688,73.30000305175781,73.33000183105469,268528.0
2024-03-13 13:30:00,74.75,75.08000183105469,74.61000061035156,74.66999816894531,1125402.0
2024-03-13 14:30:00,74.75,74.91999816894531,74.41999816894531,74.62999725341797,714399.0
2024-03-13 15:30:00,74.5999984741211,74.77999877929688,74.37000274658203,74.67340087890625,416942.0
2024-03-13 16:30:00,74.66999816894531,75.04000091552734,74.6500015258789,74.9800033569336,346237.0
2024-03-13 17:30:00,74.9800033569336,75.12000274658203,74.8499984741211,75.08999633789062,662224.0
2024-03-13 18:30:00,75.0999984741211,75.25,75.08000183105469,75.16999816894531,499020.0
2024-03-13 19:30:00,75.16999816894531,75.19999694824219,75.09500122070312,75.09500122070312,548295.0
2024-03-14 13:30:00,75.9000015258789,76.44999694824219,75.73999786376953,76.38999938964844,1187956.0
2024-03-14 14:30:00,76.41000366210938,76.625,76.07150268554688,76.08999633789062,680879.0
2024-03-14 15:30:00,76.08999633789062,76.41000366210938,75.91999816894531,76.2699966430664,547078.0
2024-03-14 16:30:00,76.27999877929688,76.76000213623047,76.23999786376953,76.62000274658203,558321.0
2024-03-14 17:30:00,76.61000061035156,76.76000213623047,76.44999694824219,76.44999694824219,484811.0
2024-03-14 18:30:00,76.45999908447266,76.51000213623047,76.2750015258789,76.29000091552734,340903.0
2024-03-14 19:30:00,76.27999877929688,76.33999633789062,76.23999786376953,76.30000305175781,341897.0
2024-03-15 13:30:00,75.97000122070312,76.36000061035156,75.87000274658203,76.01000213623047,639813.0
2024-03-15 14:30:00,76.02999877929688,76.63999938964844,75.9800033569336,76.38999938964844,435942.0
2024-03-15 15:30:00,76.4000015258789,76.47000122070312,76.19000244140625,76.43000030517578,321517.0
2024-03-15 16:30:00,76.41000366210938,76.5199966430664,76.25,76.25,277024.0
2024-03-15 17:30:00,76.24500274658203,76.55000305175781,76.16000366210938,76.30999755859375,505240.0
2024-03-15 18:30:00,76.30999755859375,76.38999938964844,76.2300033569336,76.34700012207031,492992.0
2024-03-15 19:30:00,76.33999633789062,76.3499984741211,76.30000305175781,76.31999969482422,219188.0
2024-03-18 13:30:00,77.0199966430664,77.05000305175781,76.61000061035156,76.76000213623047,729580.0
2024-03-18 14:30:00,76.7699966430664,77.33999633789062,76.75,77.2699966430664,472971.0
2024-03-18 15:30:00,77.27999877929688,77.66999816894531,77.16000366210938,77.41999816894531,387003.0
2024-03-18 16:30:00,77.41999816894531,77.87000274658203,77.23999786376953,77.77999877929688,334719.0
2024-03-18 17:30:00,77.76000213623047,77.94999694824219,77.69999694824219,77.87999725341797,204451.0
2024-03-18 18:30:00,77.87000274658203,78.17500305175781,77.81999969482422,78.16510009765625,358809.0
2024-03-18 19:30:00,78.16500091552734,78.16500091552734,77.8949966430664,77.97000122070312,719451.0
2024-03-19 13:30:00,78.08999633789062,78.47000122070312,77.94000244140625,78.38009643554688,684275.0
2024-03-19 14:30:00,78.38999938964844,78.56500244140625,78.16000366210938,78.28500366210938,466513.0
2024-03-19 15:30:00,78.29499816894531,78.7750015258789,78.18499755859375,78.4000015258789,621198.0
2024-03-19 16:30:00,78.37999725341797,78.66000366210938,78.27999877929688,78.58000183105469,341359.0
2024-03-19 17:30:00,78.57499694824219,78.70999908447266,78.30750274658203,78.37999725341797,254533.0
2024-03-19 18:30:00,78.37999725341797,78.5199966430664,78.37000274658203,78.48999786376953,117127.0
2024-03-19 19:30:00,78.4800033569336,78.4800033569336,78.4000015258789,78.43000030517578,172789.0
2024-03-20 13:30:00,77.19999694824219,77.5199966430664,76.9800033569336,77.23999786376953,649721.0
2024-03-20 14:30:00,77.2300033569336,77.41999816894531,76.6500015258789,76.98999786376953,1370050.0
2024-03-20 15:30:00,77.0,77.01000213623047,76.66000366210938,76.94999694824219,601653.0
2024-03-20 16:30:00,76.95999908447266,76.9800033569336,76.62000274658203,76.8550033569336,362966.0
2024-03-20 17:30:00,76.8499984741211,77.05000305175781,76.63999938964844,77.05000305175781,455310.0
2024-03-20 18:30:00,77.05500030517578,77.2699966430664,77.0,77.08999633789062,411933.0
2024-03-20 19:30:00,77.08999633789062,77.2300033569336,77.06999969482422,77.2300033569336,291449.0
2024-03-21 13:30:00,76.83000183105469,77.0,76.56999969482422,76.6500015258789,644431.0
2024-03-21 14:30:00,76.62999725341797,76.66000366210938,76.13980102539062,76.45999908447266,665504.0
2024-03-21 15:30:00,76.44999694824219,76.70999908447266,76.30000305175781,76.5999984741211,419773.0
2024-03-21 16:30:00,76.58999633789062,76.62010192871094,76.3499984741211,76.5000991821289,300589.0
2024-03-21 17:30:00,76.52999877929688,76.88999938964844,76.52999877929688,76.83999633789062,237014.0
2024-03-21 18:30:00,76.83000183105469,76.86000061035156,76.71499633789062,76.8550033569336,180247.0
2024-03-21 19:30:00,76.8499984741211,76.86000061035156,76.80999755859375,76.83000183105469,234071.0
2024-03-22 13:30:00,77.06999969482422,77.12000274658203,76.44000244140625,76.69000244140625,409168.0
2024-03-22 14:30:00,76.69000244140625,76.9000015258789,76.48999786376953,76.61000061035156,402086.0
2024-03-22 15:30:00,76.69999694824219,76.86000061035156,76.38999938964844,76.58000183105469,257580.0
2024-03-22 16:30:00,76.56999969482422,76.5999984741211,76.30999755859375,76.4000015258789,201838.0
2024-03-22 17:30:00,76.38999938964844,76.68000030517578,76.38999938964844,76.46499633789062,291468.0
2024-03-22 18:30:00,76.47000122070312,76.6449966430664,76.41000366210938,76.61000061035156,335545.0
2024-03-22 19:30:00,76.61000061035156,76.67500305175781,76.58999633789062,76.66000366210938,417869.0
2024-03-25 13:30:00,76.98999786376953,77.80000305175781,76.98999786376953,77.76010131835938,473752.0
2024-03-25 14:30:00,77.7699966430664,78.20999908447266,77.62999725341797,77.76000213623047,572692.0
2024-03-25 15:30:00,77.75,77.92500305175781,77.60240173339844,77.83000183105469,217776.0
2024-03-25 16:30:00,77.83999633789062,77.83999633789062,77.5,77.58000183105469,174422.0
2024-03-25 17:30:00,77.55999755859375,77.73999786376953,77.4800033569336,77.7300033569336,157343.0
2024-03-25 18:30:00,77.7300033569336,77.91999816894531,77.70999908447266,77.81999969482422,141843.0
2024-03-25 19:30:00,77.81999969482422,77.83999633789062,77.7249984741211,77.73500061035156,210930.0
2024-03-26 13:30:00,77.94000244140625,77.95999908447266,77.47000122070312,77.4800033569336,492801.0
2024-03-26 14:30:00,77.4800033569336,77.72000122070312,77.2300033569336,77.55000305175781,570624.0
2024-03-26 15:30:00,77.55000305175781,77.9800033569336,77.5,77.79000091552734,384352.0
2024-03-26 16:30:00,77.77999877929688,77.88999938964844,77.5999984741211,77.62999725341797,410977.0
2024-03-26 17:30:00,77.63999938964844,77.66999816894531,77.30999755859375,77.4000015258789,313348.0
2024-03-26 18:30:00,77.41999816894531,77.44999694824219,77.20999908447266,77.30000305175781,266388.0
2024-03-26 19:30:00,77.29000091552734,77.3499984741211,77.2750015258789,77.30000305175781,297248.0
2024-03-27 13:30:00,76.91999816894531,77.2699966430664,76.81999969482422,77.06999969482422,357724.0
2024-03-27 14:30:00,77.05000305175781,77.4000015258789,76.94999694824219,77.38999938964844,450000.0
2024-03-27 15:30:00,77.37999725341797,77.4000015258789,77.11000061035156,77.11000061035156,277796.0
2024-03-27 16:30:00,77.11000061035156,77.19999694824219,76.87999725341797,77.08000183105469,299394.0
2024-03-27 17:30:00,77.08999633789062,77.2300033569336,77.01000213623047,77.16999816894531,341550.0
2024-03-27 18:30:00,77.16999816894531,77.45999908447266,77.16000366210938,77.41000366210938,204652.0
2024-03-27 19:30:00,77.41000366210938,77.54000091552734,77.4000015258789,77.52999877929688,375834.0
2024-03-28 13:30:00,78.2699966430664,78.37999725341797,78.0199966430664,78.20999908447266,774852.0
2024-03-28 14:30:00,78.20999908447266,78.51000213623047,78.08000183105469,78.4000015258789,629358.0
2024-03-28 15:30:00,78.38999938964844,78.48999786376953,78.2300033569336,78.45999908447266,486685.0
2024-03-28 16:30:00,78.45989990234375,78.63999938964844,78.44999694824219,78.52989959716797,333802.0
2024-03-28 17:30:00,78.52999877929688,78.94000244140625,78.5199966430664,78.9000015258789,773403.0
2024-03-28 18:30:00,78.84500122070312,78.9000015258789,78.75,78.83000183105469,377254.0
2024-03-28 19:30:00,78.83000183105469,78.84500122070312,78.71499633789062,78.72000122070312,1239744.0
2024-04-01 13:30:00,79.08000183105469,79.2699966430664,78.80000305175781,79.2300033569336,752287.0
2024-04-01 14:30:00,79.25,80.11000061035156,79.23999786376953,79.98999786376953,1218408.0
2024-04-01 15:30:00,79.9800033569336,80.12000274658203,79.77999877929688,80.11990356445312,520865.0
2024-04-01 16:30:00,80.1041030883789,80.19999694824219,79.55000305175781,79.58000183105469,457856.0
2024-04-01 17:30:00,79.58999633789062,79.84989929199219,79.36000061035156,79.48999786376953,327144.0
2024-04-01 18:30:00,79.4800033569336,79.67019653320312,79.4800033569336,79.66500091552734,260328.0
2024-04-01 19:30:00,79.66999816894531,79.69499969482422,79.62999725341797,79.63999938964844,379887.0
2024-04-02 13:30:00,80.62999725341797,80.6500015258789,80.16000366210938,80.18000030517578,845549.0
2024-04-02 14:30:00,80.18000030517578,80.83999633789062,79.87999725341797,80.81999969482422,749945.0
2024-04-02 15:30:00,80.83000183105469,80.87999725341797,80.23999786376953,80.33499908447266,410037.0
2024-04-02 16:30:00,80.30000305175781,80.52989959716797,79.9800033569336,80.5199966430664,463524.0
2024-04-02 17:30:00,80.5199966430664,80.83999633789062,80.48999786376953,80.83000183105469,607099.0
2024-04-02 18:30:00,80.81999969482422,80.91940307617188,80.7699966430664,80.81500244140625,261109.0
2024-04-02 19:30:00,80.81999969482422,80.84500122070312,80.7699966430664,80.79499816894531,777025.0
2024-04-03 13:30:00,81.30999755859375,81.81999969482422,81.19499969482422,81.55000305175781,872163.0
2024-04-03 14:30:00,81.54000091552734,81.6500015258789,81.32499694824219,81.5199966430664,668392.0
2024-04-03 15:30:00,81.5199966430664,81.5999984741211,81.22000122070312,81.24500274658203,258626.0
2024-04-03 16:30:00,81.2300033569336,81.55000305175781,81.12000274658203,81.55000305175781,197387.0
2024-04-03 17:30:00,81.55000305175781,81.62999725341797,81.09500122070312,81.11000061035156,481364.0
2024-04-03 18:30:00,81.11000061035156,81.21009826660156,81.0999984741211,81.19000244140625,286162.0
2024-04-03 19:30:00,81.18000030517578,81.2699966430664,81.1449966430664,81.22000122070312,445722.0
2024-04-04 13:30:00,81.06999969482422,81.19999694824219,80.83999633789062,80.97000122070312,1064515.0
2024-04-04 14:30:00,80.95500183105469,81.12000274658203,80.81999969482422,80.87000274658203,612731.0
2024-04-04 15:30:00,80.87000274658203,80.91000366210938,80.43000030517578,80.62000274658203,610857.0
2024-04-04 16:30:00,80.62000274658203,80.94000244140625,80.61000061035156,80.88999938964844,362929.0
2024-04-04 17:30:00,80.88020324707031,82.30000305175781,80.86000061035156,82.23989868164062,1313399.0
2024-04-04 18:30:00,82.2300033569336,82.83999633789062,82.11499786376953,82.30000305175781,1499499.0
2024-04-04 19:30:00,82.30999755859375,82.3499984741211,82.1449966430664,82.27989959716797,577196.0
2024-04-05 13:30:00,82.58000183105469,82.63500213623047,82.12000274658203,82.47000122070312,649165.0
2024-04-05 14:30:00,82.47000122070312,83.06999969482422,82.37000274658203,82.8949966430664,709331.0
2024-04-05 15:30:00,82.8949966430664,83.0999984741211,82.62999725341797,83.0,682039.0
2024-04-05 16:30:00,83.0,83.2300033569336,82.91000366210938,83.2300033569336,440171.0
2024-04-05 17:30:00,83.22000122070312,83.25,82.52999877929688,82.55000305175781,625428.0
2024-04-05 18:30:00,82.54000091552734,82.55000305175781,82.30120086669922,82.41500091552734,361834.0
2024-04-05 19:30:00,82.41999816894531,82.5,82.33499908447266,82.38999938964844,320342.0
2024-04-08 13:30:00,82.37999725341797,82.7300033569336,81.18000030517578,81.41999816894531,794330.0
2024-04-08 14:30:00,81.41000366210938,82.0199966430664,81.30000305175781,81.56999969482422,520979.0
2024-04-08 15:30:00,81.56999969482422,81.83999633789062,81.16500091552734,81.58999633789062,513045.0
2024-04-08 16:30:00,81.59500122070312,81.86000061035156,81.37999725341797,81.83999633789062,385075.0
2024-04-08 17:30:00,81.83999633789062,82.19999694824219,81.78500366210938,82.08999633789062,690224.0
2024-04-08 18:30:00,82.11000061035156,82.33999633789062,82.11000061035156,82.30999755859375,537512.0
2024-04-08 19:30:00,82.30500030517578,82.34500122070312,82.16999816894531,82.18499755859375,278144.0
2024-04-09 13:30:00,82.12999725341797,82.25,81.55999755859375,81.76000213623047,743686.0
2024-04-09 14:30:00,81.76000213623047,81.7699966430664,81.11000061035156,81.38999938964844,658036.0
2024-04-09 15:30:00,81.38999938964844,81.54000091552734,81.26000213623047,81.31999969482422,418839.0
2024-04-09 16:30:00,81.31999969482422,81.31999969482422,80.87000274658203,80.99500274658203,537062.0
2024-04-09 17:30:00,81.01000213623047,81.15499877929688,80.93000030517578,81.0199966430664,343006.0
2024-04-09 18:30:00,81.0199966430664,81.10700225830078,80.94000244140625,81.08000183105469,256963.0
2024-04-09 19:30:00,81.08000183105469,81.13999938964844,81.04000091552734,81.13619995117188,685694.0
2024-04-10 13:30:00,81.38999938964844,81.43000030517578,80.97000122070312,81.02999877929688,558048.0
2024-04-10 14:30:00,81.05000305175781,81.37999725341797,80.43000030517578,81.0,1139334.0
2024-04-10 15:30:00,81.0,81.33999633789062,80.86000061035156,81.18000030517578,457902.0
2024-04-10 16:30:00,81.19000244140625,81.23999786376953,80.73999786376953,80.83000183105469,314920.0
2024-04-10 17:30:00,80.83000183105469,82.0999984741211,80.83000183105469,81.91999816894531,2551322.0
2024-04-10 18:30:00,81.91000366210938,82.11000061035156,81.83999633789062,82.04000091552734,694141.0
2024-04-10 19:30:00,82.04000091552734,82.08999633789062,81.95500183105469,82.08000183105469,972635.0
2024-04-11 13:30:00,81.66999816894531,81.66999816894531,81.16999816894531,81.2699966430664,785674.0
2024-04-11 14:30:00,81.27999877929688,81.4000015258789,80.79000091552734,81.38999938964844,1154816.0
2024-04-11 15:30:00,81.37999725341797,81.58000183105469,81.16000366210938,81.30999755859375,687921.0
2024-04-11 16:30:00,81.30000305175781,81.44000244140625,81.08000183105469,81.36509704589844,553281.0
2024-04-11 17:30:00,81.33000183105469,81.4800033569336,80.93000030517578,80.9800033569336,927959.0
2024-04-11 18:30:00,80.9800033569336,81.50499725341797,80.93000030517578,81.4800033569336,1086148.0
2024-04-11 19:30:00,81.4800033569336,81.56999969482422,81.4749984741211,81.5199966430664,740163.0
2024-04-12 13:30:00,83.0,83.37000274658203,82.85009765625,83.31999969482422,1911335.0
2024-04-12 14:30:00,83.30999755859375,83.41000366210938,82.73999786376953,82.77999877929688,894328.0
2024-04-12 15:30:00,82.77999877929688,82.77999877929688,81.77999877929688,81.83999633789062,1047615.0
2024-04-12 16:30:00,81.86000061035156,82.02999877929688,81.68000030517578,81.9000015258789,856242.0
2024-04-12 17:30:00,81.9000015258789,82.13999938964844,81.58000183105469,81.58999633789062,1754017.0
2024-04-12 18:30:00,81.58999633789062,81.62999725341797,81.2300033569336,81.41000366210938,1508673.0
2024-04-12 19:30:00,81.41000366210938,81.55500030517578,81.38999938964844,81.55000305175781,1362128.0
2024-04-15 13:30:00,81.0,81.05000305175781,80.08999633789062,80.25,1794086.0
2024-04-15 14:30:00,80.26000213623047,81.2699966430664,80.23999786376953,80.7699966430664,1703736.0
2024-04-15 15:30:00,80.76499938964844,80.79000091552734,80.2699966430664,80.43000030517578,1592179.0
2024-04-15 16:30:00,80.43000030517578,81.1500015258789,80.31999969482422,81.11000061035156,1270951.0
2024-04-15 17:30:00,81.11000061035156,81.66999816894531,80.9800033569336,81.41999816894531,1384245.0
2024-04-15 18:30:00,81.43000030517578,81.69000244140625,81.38999938964844,81.5199966430664,869604.0
2024-04-15 19:30:00,81.5250015258789,81.69999694824219,81.45999908447266,81.62999725341797,1081506.0
2024-04-16 13:30:00,81.30999755859375,81.5199966430664,81.01000213623047,81.05000305175781,1071681.0
2024-04-16 14:30:00,81.04499816894531,81.72000122070312,81.04000091552734,81.52999877929688,856415.0
2024-04-16 15:30:00,81.52999877929688,81.72000122070312,81.2300033569336,81.37999725341797,450304.0
2024-04-16 16:30:00,81.37999725341797,81.54000091552734,81.2699966430664,81.41000366210938,308692.0
2024-04-16 17:30:00,81.4000015258789,81.51000213623047,81.15799713134766,81.36979675292969,658379.0
2024-04-16 18:30:00,81.37000274658203,81.54000091552734,81.2699966430664,81.5,480080.0
2024-04-16 19:30:00,81.5,81.5,81.31009674072266,81.33000183105469,318793.0
2024-04-17 13:30:00,80.27999877929688,80.95999908447266,80.23999786376953,80.5,1591991.0
2024-04-17 14:30:00,80.5,80.87000274658203,80.31999969482422,80.3499984741211,524059.0
2024-04-17 15:30:00,80.3499984741211,80.36009979248047,78.7699966430664,78.82499694824219,1436579.0
2024-04-17 16:30:00,78.76000213623047,79.18000030517578,78.69000244140625,78.91000366210938,716210.0
2024-04-17 17:30:00,78.94000244140625,79.16999816894531,78.76000213623047,78.87999725341797,524488.0
2024-04-17 18:30:00,78.91000366210938,79.06500244140625,78.75,78.91999816894531,462853.0
2024-04-17 19:30:00,78.91999816894531,78.93499755859375,78.81990051269531,78.91000366210938,403911.0
2024-04-18 13:30:00,79.12000274658203,79.31999969482422,78.69000244140625,78.72000122070312,1174364.0
2024-04-18 14:30:00,78.75,78.83999633789062,78.19999694824219,78.77999877929688,740547.0
2024-04-18 15:30:00,78.79000091552734,79.29499816894531,78.5999984741211,79.25,962786.0
2024-04-18 16:30:00,79.26000213623047,79.48999786376953,79.01000213623047,79.22000122070312,471839.0
2024-04-18 17:30:00,79.19999694824219,79.20999908447266,78.61000061035156,78.77999877929688,415365.0
2024-04-18 18:30:00,78.76499938964844,78.98999786376953,78.7300033569336,78.75,307932.0
2024-04-18 19:30:00,78.75,78.83000183105469,78.69999694824219,78.77999877929688,390788.0
2024-04-19 13:30:00,78.72000122070312,79.20999908447266,78.56159973144531,79.18000030517578,2808974.0
2024-04-19 14:30:00,79.19000244140625,79.37989807128906,78.93000030517578,78.94000244140625,591474.0
2024-04-19 15:30:00,78.94000244140625,79.08999633789062,78.69999694824219,78.83999633789062,2281867.0
2024-04-19 16:30:00,78.83999633789062,79.52999877929688,78.7699966430664,79.39669799804688,488270.0
2024-04-19 17:30:00,79.4000015258789,79.43499755859375,78.80000305175781,78.80000305175781,266872.0
2024-04-19 18:30:00,78.81999969482422,79.11000061035156,78.74500274658203,78.91000366210938,574653.0
2024-04-19 19:30:00,78.91000366210938,78.95999908447266,78.80000305175781,78.83000183105469,488760.0
2024-04-22 13:30:00,77.86000061035156,78.62000274658203,77.56999969482422,78.55999755859375,1373437.0
2024-04-22 14:30:00,78.58000183105469,78.76000213623047,78.19000244140625,78.6500015258789,421971.0
2024-04-22 15:30:00,78.63999938964844,78.98999786376953,78.51000213623047,78.58000183105469,318346.0
2024-04-22 16:30:00,78.5999984741211,78.86000061035156,78.52999877929688,78.69999694824219,289433.0
2024-04-22 17:30:00,78.69999694824219,78.70999908447266,78.29000091552734,78.66000366210938,456447.0
2024-04-22 18:30:00,78.66000366210938,78.80000305175781,78.6500015258789,78.74500274658203,138605.0
2024-04-22 19:30:00,78.73500061035156,78.81999969482422,78.69000244140625,78.79000091552734,262684.0
2024-04-23 13:30:00,78.25,78.95999908447266,78.16000366210938,78.9000015258789,779243.0
2024-04-23 14:30:00,78.91999816894531,79.58999633789062,78.72000122070312,79.36000061035156,527533.0
2024-04-23 15:30:00,79.37000274658203,79.7300033569336,79.1500015258789,79.62000274658203,441818.0
2024-04-23 16:30:00,79.62000274658203,79.94999694824219,79.58499908447266,79.88500213623047,351477.0
2024-04-23 17:30:00,79.86000061035156,80.08999633789062,79.7699966430664,80.05000305175781,414267.0
2024-04-23 18:30:00,80.02999877929688,80.0999984741211,79.93000030517578,80.05010223388672,428634.0
2024-04-23 19:30:00,80.05999755859375,80.05999755859375,79.97000122070312,79.99500274658203,362329.0
2024-04-24 13:30:00,79.70999908447266,79.80999755859375,79.44999694824219,79.77999877929688,674504.0
2024-04-24 14:30:00,79.77999877929688,80.25,79.19000244140625,79.7300033569336,1295658.0
2024-04-24 15:30:00,79.7300033569336,79.73999786376953,79.26000213623047,79.45999908447266,408409.0
2024-04-24 16:30:00,79.47000122070312,79.49259948730469,79.19999694824219,79.20999908447266,343982.0
2024-04-24 17:30:00,79.2300033569336,79.67610168457031,79.20999908447266,79.51000213623047,411663.0
2024-04-24 18:30:00,79.51000213623047,79.69999694824219,79.51000213623047,79.66000366210938,192634.0
2024-04-24 19:30:00,79.66000366210938,79.66999816894531,79.58999633789062,79.62000274658203,247480.0
2024-04-25 13:30:00,79.56999969482422,79.83999633789062,78.75,79.0,757096.0
2024-04-25 14:30:00,79.04000091552734,79.16000366210938,78.76000213623047,78.97000122070312,467281.0
2024-04-25 15:30:00,78.97000122070312,79.3499984741211,78.91000366210938,79.26000213623047,347471.0
2024-04-25 16:30:00,79.2699966430664,79.55999755859375,79.16000366210938,79.5,232320.0
2024-04-25 17:30:00,79.5,80.30500030517578,79.5,80.25499725341797,434083.0
2024-04-25 18:30:00,80.25,80.48999786376953,80.19000244140625,80.46499633789062,370369.0
2024-04-25 19:30:00,80.45999908447266,80.4800033569336,80.41999816894531,80.45999908447266,280710.0
2024-04-26 13:30:00,80.97000122070312,80.97000122070312,80.3499984741211,80.44999694824219,334141.0
2024-04-26 14:30:00,80.43499755859375,80.76000213623047,80.05999755859375,80.7300033569336,411808.0
2024-04-26 15:30:00,80.70999908447266,80.79000091552734,80.54000091552734,80.69999694824219,190312.0
2024-04-26 16:30:00,80.69999694824219,80.75170135498047,80.4800033569336,80.4800033569336,102262.0
2024-04-26 17:30:00,80.51000213623047,80.68000030517578,80.47000122070312,80.4800033569336,124544.0
2024-04-26 18:30:00,80.47000122070312,80.48500061035156,80.33000183105469,80.33000183105469,174865.0
2024-04-26 19:30:00,80.33999633789062,80.38999938964844,80.33000183105469,80.37000274658203,191884.0
2024-04-29 13:30:00,80.19999694824219,80.33000183105469,79.68000030517578,79.79499816894531,780944.0
2024-04-29 14:30:00,79.79000091552734,79.79000091552734,79.2699966430664,79.37000274658203,802851.0
2024-04-29 15:30:00,79.3499984741211,79.94000244140625,79.3499984741211,79.8687973022461,523892.0
2024-04-29 16:30:00,79.87000274658203,79.93000030517578,79.51000213623047,79.51000213623047,217499.0
2024-04-29 17:30:00,79.51000213623047,79.54000091552734,79.16999816894531,79.41999816894531,622295.0
2024-04-29 18:30:00,79.41999816894531,79.55000305175781,79.37999725341797,79.5,460678.0
2024-04-29 19:30:00,79.50499725341797,79.56510162353516,79.45999908447266,79.47000122070312,426207.0
2024-04-30 13:30:00,78.93000030517578,79.19999694824219,77.88999938964844,78.0,1156831.0
2024-04-30 14:30:00,77.98999786376953,78.96499633789062,77.79000091552734,78.91000366210938,783379.0
2024-04-30 15:30:00,78.9000015258789,79.21499633789062,78.4801025390625,78.63999938964844,442497.0
2024-04-30 16:30:00,78.63999938964844,78.7300033569336,78.2300033569336,78.52999877929688,297695.0
2024-04-30 17:30:00,78.5250015258789,78.94000244140625,78.48999786376953,78.68000030517578,275005.0
2024-04-30 18:30:00,78.68000030517578,78.76000213623047,78.39990234375,78.43679809570312,381137.0
2024-04-30 19:30:00,78.43499755859375,78.54000091552734,78.36000061035156,78.37999725341797,385601.0
2024-05-01 13:30:00,77.37000274658203,78.37999725341797,77.30500030517578,78.06999969482422,936284.0
2024-05-01 14:30:00,78.08000183105469,78.08000183105469,76.4800033569336,76.58999633789062,1767445.0
2024-05-01 15:30:00,76.61000061035156,76.62999725341797,76.02999877929688,76.33999633789062,693719.0
2024-05-01 16:30:00,76.33999633789062,76.41999816894531,75.8499984741211,75.98999786376953,927436.0
2024-05-01 17:30:00,76.0,76.16999816894531,75.76000213623047,75.98999786376953,550012.0
2024-05-01 18:30:00,76.01000213623047,76.29000091552734,75.80999755859375,76.12999725341797,697953.0
2024-05-01 19:30:00,76.12999725341797,76.20999908447266,75.93000030517578,75.93000030517578,281713.0
2024-05-02 13:30:00,76.0999984741211,76.30000305175781,75.55000305175781,75.87999725341797,1606455.0
2024-05-02 14:30:00,75.8499984741211,76.08000183105469,75.37000274658203,75.93000030517578,817703.0
2024-05-02 15:30:00,75.93000030517578,76.06500244140625,75.37999725341797,75.61000061035156,661940.0
2024-05-02 16:30:00,75.62999725341797,76.23999786376953,75.62999725341797,76.16000366210938,415725.0
2024-05-02 17:30:00,76.1500015258789,76.3949966430664,75.70999908447266,75.91999816894531,660828.0
2024-05-02 18:30:00,75.94000244140625,76.15499877929688,75.78500366210938,76.0199966430664,295253.0
2024-05-02 19:30:00,76.01000213623047,76.01000213623047,75.9000015258789,75.91999816894531,192452.0
2024-05-03 13:30:00,75.73999786376953,75.91999816894531,75.38999938964844,75.55000305175781,582826.0
2024-05-03 14:30:00,75.55000305175781,75.69999694824219,75.23999786376953,75.56999969482422,513663.0
2024-05-03 15:30:00,75.58000183105469,75.6500015258789,75.3031005859375,75.44000244140625,538515.0
2024-05-03 16:30:00,75.44000244140625,75.55010223388672,75.29199981689453,75.41000366210938,341216.0
2024-05-03 17:30:00,75.40499877929688,75.41999816894531,75.05000305175781,75.06999969482422,296855.0
2024-05-03 18:30:00,75.06999969482422,75.12999725341797,75.0199966430664,75.0999984741211,304243.0
2024-05-03 19:30:00,75.0999984741211,75.1500015258789,75.03500366210938,75.1500015258789,249338.0
2024-05-06 13:30:00,75.54000091552734,75.91000366210938,75.47000122070312,75.68000030517578,474390.0
2024-05-06 14:30:00,75.69000244140625,75.86000061035156,75.5,75.62000274658203,261305.0
2024-05-06 15:30:00,75.62999725341797,75.97509765625,75.58000183105469,75.97000122070312,271600.0
2024-05-06 16:30:00,75.9800033569336,75.9800033569336,74.95999908447266,75.30000305175781,3334350.0
2024-05-06 17:30:00,75.30000305175781,75.54499816894531,75.12999725341797,75.51000213623047,632539.0
2024-05-06 18:30:00,75.48999786376953,75.79000091552734,75.48999786376953,75.55500030517578,817247.0
2024-05-06 19:30:00,75.55000305175781,75.66999816894531,75.54000091552734,75.6500015258789,322584.0
2024-05-07 13:30:00,75.25,75.33000183105469,74.87000274658203,74.9800033569336,552643.0
2024-05-07 14:30:00,74.97000122070312,75.4000015258789,74.63999938964844,75.37000274658203,796045.0
2024-05-07 15:30:00,75.37000274658203,75.87999725341797,75.11000061035156,75.80000305175781,728836.0
2024-05-07 16:30:00,75.80999755859375,76.16000366210938,75.63999938964844,75.94999694824219,737012.0
2024-05-07 17:30:00,75.94000244140625,75.96499633789062,75.37000274658203,75.41000366210938,411773.0
2024-05-07 18:30:00,75.41000366210938,75.58499908447266,75.41000366210938,75.52989959716797,520176.0
2024-05-07 19:30:00,75.52999877929688,75.52999877929688,75.47000122070312,75.48999786376953,359045.0
2024-05-08 13:30:00,74.72000122070312,75.12999725341797,74.55000305175781,74.9800033569336,384089.0
2024-05-08 14:30:00,74.98999786376953,75.83000183105469,74.98999786376953,75.75,645281.0
2024-05-08 15:30:00,75.77999877929688,76.0999984741211,75.69000244140625,75.7300033569336,254257.0
2024-05-08 16:30:00,75.75,75.87000274658203,75.6500015258789,75.68009948730469,77380.0
2024-05-08 17:30:00,75.6500015258789,75.98999786376953,75.6500015258789,75.94000244140625,152167.0
2024-05-08 18:30:00,75.94000244140625,76.18000030517578,75.94000244140625,76.12999725341797,402603.0
2024-05-08 19:30:00,76.12999725341797,76.16999816894531,76.11000061035156,76.12999725341797,350718.0
2024-05-09 13:30:00,76.06999969482422,76.5199966430664,76.03990173339844,76.41000366210938,496072.0
2024-05-09 14:30:00,76.38999938964844,76.47160339355469,76.05999755859375,76.05999755859375,303327.0
2024-05-09 15:30:00,76.05999755859375,76.36000061035156,75.87999725341797,76.28500366210938,331863.0
2024-05-09 16:30:00,76.30000305175781,76.37999725341797,76.04000091552734,76.11000061035156,115248.0
2024-05-09 17:30:00,76.0999984741211,76.25,75.9800033569336,76.20999908447266,174368.0
2024-05-09 18:30:00,76.20999908447266,76.45999908447266,76.20999908447266,76.44999694824219,313592.0
2024-05-09 19:30:00,76.44000244140625,76.55999755859375,76.43499755859375,76.54000091552734,354769.0
2024-05-10 13:30:00,76.68000030517578,76.83000183105469,76.26519775390625,76.33999633789062,334371.0
2024-05-10 14:30:00,76.33999633789062,76.44999694824219,76.05000305175781,76.05000305175781,239964.0
2024-05-10 15:30:00,76.05000305175781,76.08999633789062,75.4800033569336,75.51000213623047,365819.0
2024-05-10 16:30:00,75.48999786376953,75.55999755859375,75.27300262451172,75.40989685058594,473243.0
2024-05-10 17:30:00,75.41999816894531,75.52950286865234,75.23999786376953,75.23999786376953,214352.0
2024-05-10 18:30:00,75.26000213623047,75.43000030517578,75.25,75.4000015258789,293492.0
2024-05-10 19:30:00,75.4000015258789,75.43000030517578,75.30999755859375,75.30999755859375,554460.0
2024-05-13 13:30:00,75.72000122070312,76.37999725341797,75.72000122070312,76.33000183105469,550222.0
2024-05-13 14:30:00,76.3302001953125,76.43000030517578,75.9000015258789,75.94999694824219,403649.0
2024-05-13 15:30:00,75.80000305175781,76.0,75.69999694824219,75.94000244140625,351258.0
2024-05-13 16:30:00,75.94499969482422,75.97000122070312,75.5999984741211,75.7863998413086,215616.0
2024-05-13 17:30:00,75.80000305175781,76.0999984741211,75.76000213623047,76.05000305175781,445262.0
2024-05-13 18:30:00,76.05000305175781,76.19999694824219,76.05000305175781,76.16999816894531,491033.0
2024-05-13 19:30:00,76.17500305175781,76.22000122070312,76.12000274658203,76.16000366210938,420057.0
2024-05-14 13:30:00,75.30000305175781,75.87000274658203,75.20999908447266,75.46990203857422,644186.0
2024-05-14 14:30:00,75.44999694824219,75.45999908447266,74.93000030517578,75.0199966430664,368926.0
2024-05-14 15:30:00,75.0199966430664,75.2699966430664,74.83999633789062,74.98999786376953,255902.0
2024-05-14 16:30:00,74.97000122070312,75.28500366210938,74.97000122070312,75.05000305175781,162581.0
2024-05-14 17:30:00,75.06500244140625,75.16500091552734,74.93000030517578,75.12999725341797,184973.0
2024-05-14 18:30:00,75.13999938964844,75.23210144042969,75.11000061035156,75.1227035522461,263692.0
2024-05-14 19:30:00,75.13999938964844,75.2300033569336,75.13500213623047,75.19999694824219,269855.0
2024-05-15 13:30:00,74.44999694824219,74.52999877929688,73.87999725341797,74.38999938964844,935454.0
2024-05-15 14:30:00,74.37999725341797,75.38999938964844,74.33000183105469,75.30999755859375,979664.0
2024-05-15 15:30:00,75.33000183105469,75.56999969482422,75.16000366210938,75.27010345458984,438881.0
2024-05-15 16:30:00,75.2699966430664,75.69000244140625,75.16999816894531,75.69000244140625,253508.0
2024-05-15 17:30:00,75.68000030517578,75.76000213623047,75.5,75.62999725341797,418707.0
2024-05-15 18:30:00,75.62999725341797,75.82499694824219,75.62999725341797,75.79000091552734,332446.0
2024-05-15 19:30:00,75.80000305175781,75.87989807128906,75.76499938964844,75.87000274658203,264288.0
2024-05-16 13:30:00,76.63999938964844,76.73500061035156,76.23999786376953,76.27999877929688,1389089.0
2024-05-16 14:30:00,76.27999877929688,76.38999938964844,75.93000030517578,75.98999786376953,303635.0
2024-05-16 15:30:00,75.9800033569336,76.38999938964844,75.9800033569336,76.20999908447266,254156.0
2024-05-16 16:30:00,76.19999694824219,76.24500274658203,75.98999786376953,76.23999786376953,383892.0
2024-05-16 17:30:00,76.24500274658203,76.33999633789062,76.12999725341797,76.22000122070312,230368.0
2024-05-16 18:30:00,76.2300033569336,76.35240173339844,76.20999908447266,76.2699966430664,152636.0
2024-05-16 19:30:00,76.2699966430664,76.30999755859375,76.21499633789062,76.2699966430664,305910.0
2024-05-17 13:30:00,76.3499984741211,76.5999984741211,76.16000366210938,76.55999755859375,395270.0
2024-05-17 14:30:00,76.55999755859375,76.6500015258789,76.26000213623047,76.62999725341797,240266.0
2024-05-17 15:30:00,76.62999725341797,76.69000244140625,76.4800033569336,76.55000305175781,231985.0
2024-05-17 16:30:00,76.54000091552734,76.77999877929688,76.52999877929688,76.77999877929688,125515.0
2024-05-17 17:30:00,76.7699966430664,77.05000305175781,76.76499938964844,77.04000091552734,538885.0
2024-05-17 18:30:00,77.02999877929688,77.11470031738281,76.98999786376953,77.04620361328125,199976.0
2024-05-17 19:30:00,77.04000091552734,77.05999755859375,76.97000122070312,76.98999786376953,182279.0
2024-05-20 13:30:00,76.55400085449219,77.55000305175781,76.48999786376953,77.26000213623047,572641.0
2024-05-20 14:30:00,77.27999877929688,77.31999969482422,76.77999877929688,77.04000091552734,225604.0
2024-05-20 15:30:00,76.9800033569336,76.9800033569336,76.61000061035156,76.73999786376953,208481.0
2024-05-20 16:30:00,76.75,76.80000305175781,76.33000183105469,76.33000183105469,177475.0
2024-05-20 17:30:00,76.33799743652344,76.81500244140625,76.18000030517578,76.77999877929688,290358.0
2024-05-20 18:30:00,76.76000213623047,76.82990264892578,76.5999984741211,76.6500015258789,97489.0
2024-05-20 19:30:00,76.66000366210938,76.7699966430664,76.66000366210938,76.73999786376953,299210.0
2024-05-21 13:30:00,75.98999786376953,76.25,75.74099731445312,76.22000122070312,350471.0
2024-05-21 14:30:00,76.22000122070312,76.52999877929688,76.16999816894531,76.25,217198.0
2024-05-21 15:30:00,76.25,76.33999633789062,75.52999877929688,75.75499725341797,336465.0
2024-05-21 16:30:00,75.77999877929688,76.2699966430664,75.71499633789062,76.11000061035156,217314.0
2024-05-21 17:30:00,76.0999984741211,76.41999816894531,76.05000305175781,76.06999969482422,252180.0
2024-05-21 18:30:00,76.06999969482422,76.18000030517578,76.01000213623047,76.1449966430664,70258.0
2024-05-21 19:30:00,76.13999938964844,76.16999816894531,76.09500122070312,76.1500015258789,437301.0
2024-05-22 13:30:00,75.20999908447266,75.34500122070312,75.01000213623047,75.33000183105469,447104.0
2024-05-22 14:30:00,75.33000183105469,75.9000015258789,75.30000305175781,75.52999877929688,452663.0
2024-05-22 15:30:00,75.55000305175781,75.66999816894531,75.16999816894531,75.59500122070312,201996.0
2024-05-22 16:30:00,75.61000061035156,75.8499984741211,75.47000122070312,75.47000122070312,134327.0
2024-05-22 17:30:00,75.45999908447266,75.4749984741211,74.93000030517578,75.08999633789062,414140.0
2024-05-22 18:30:00,75.08999633789062,75.12000274658203,74.81999969482422,74.8499984741211,183072.0
2024-05-22 19:30:00,74.8499984741211,74.91999816894531,74.8499984741211,74.88999938964844,314150.0
2024-05-23 13:30:00,75.95999908447266,76.18000030517578,75.45999908447266,75.55999755859375,602316.0
2024-05-23 14:30:00,75.55999755859375,75.55999755859375,74.63999938964844,74.72000122070312,341196.0
2024-05-23 15:30:00,74.7249984741211,74.93000030517578,74.4000015258789,74.81999969482422,208627.0
2024-05-23 16:30:00,74.80999755859375,74.93000030517578,74.0999984741211,74.30000305175781,199558.0
2024-05-23 17:30:00,74.33000183105469,74.52999877929688,74.04000091552734,74.44000244140625,214447.0
2024-05-23 18:30:00,74.44000244140625,74.58000183105469,74.33999633789062,74.36000061035156,138032.0
2024-05-23 19:30:00,74.37000274658203,74.48999786376953,74.37000274658203,74.45999908447266,143977.0
2024-05-24 13:30:00,74.87999725341797,75.20999908447266,74.77999877929688,75.05999755859375,273512.0
2024-05-24 14:30:00,75.06999969482422,75.13999938964844,74.7300033569336,74.87000274658203,191043.0
2024-05-24 15:30:00,74.87000274658203,75.36000061035156,74.87000274658203,75.26499938964844,140085.0
2024-05-24 16:30:00,75.2300033569336,75.45999908447266,75.2249984741211,75.44000244140625,91826.0
2024-05-24 17:30:00,75.43000030517578,75.5999984741211,75.2300033569336,75.25,180109.0
2024-05-24 18:30:00,75.27999877929688,75.4749984741211,75.23999786376953,75.30500030517578,178714.0
2024-05-24 19:30:00,75.30000305175781,75.3499984741211,75.29000091552734,75.33999633789062,81631.0
2024-05-28 13:30:00,76.76000213623047,76.98999786376953,76.56999969482422,76.93990325927734,509158.0
2024-05-28 14:30:00,76.93000030517578,77.2699966430664,76.88999938964844,77.12999725341797,277296.0
2024-05-28 15:30:00,77.12000274658203,77.31999969482422,77.0999984741211,77.23500061035156,232272.0
2024-05-28 16:30:00,77.23999786376953,77.41999816894531,77.22000122070312,77.3550033569336,155817.0
2024-05-28 17:30:00,77.3499984741211,77.41999816894531,77.1500015258789,77.41999816894531,264439.0
2024-05-28 18:30:00,77.41000366210938,77.7750015258789,77.4000015258789,77.7699966430664,350034.0
2024-05-28 19:30:00,77.76010131835938,77.76010131835938,77.6500015258789,77.68000030517578,339314.0
2024-05-29 13:30:00,77.66000366210938,77.66999816894531,77.13999938964844,77.18000030517578,529661.0
2024-05-29 14:30:00,77.19999694824219,77.37999725341797,76.85009765625,76.94999694824219,267629.0
2024-05-29 15:30:00,76.94999694824219,77.01000213623047,76.72129821777344,76.81999969482422,107356.0
2024-05-29 16:30:00,76.83000183105469,76.87000274658203,76.70999908447266,76.79000091552734,84235.0
2024-05-29 17:30:00,76.78500366210938,76.98999786376953,76.7699966430664,76.77999877929688,195183.0
2024-05-29 18:30:00,76.81999969482422,76.83999633789062,76.5999984741211,76.6104965209961,93287.0
2024-05-29 19:30:00,76.62000274658203,76.69000244140625,76.55999755859375,76.58999633789062,181819.0
2024-05-30 13:30:00,76.05000305175781,76.72000122070312,76.01000213623047,76.52999877929688,312744.0
2024-05-30 14:30:00,76.47000122070312,76.66999816894531,76.05000305175781,76.08000183105469,490303.0
2024-05-30 15:30:00,76.02999877929688,76.05999755859375,75.56999969482422,75.58000183105469,283601.0
2024-05-30 16:30:00,75.58000183105469,75.7699966430664,75.25,75.36000061035156,571947.0
2024-05-30 17:30:00,75.37000274658203,75.69999694824219,75.30000305175781,75.55000305175781,213286.0
2024-05-30 18:30:00,75.55999755859375,75.6449966430664,75.52999877929688,75.54000091552734,90026.0
2024-05-30 19:30:00,75.53500366210938,75.58000183105469,75.44999694824219,75.5199966430664,250420.0
2024-05-31 13:30:00,75.62999725341797,75.83999633789062,75.11000061035156,75.20999908447266,280534.0
2024-05-31 14:30:00,75.16000366210938,75.31999969482422,74.81999969482422,74.97000122070312,393420.0
2024-05-31 15:30:00,74.97000122070312,75.19999694824219,74.33000183105469,75.08000183105469,325750.0
2024-05-31 16:30:00,75.08999633789062,75.08999633789062,74.76000213623047,74.83000183105469,122566.0
2024-05-31 17:30:00,74.86000061035156,75.0199966430664,74.58000183105469,74.63999938964844,274035.0
2024-05-31 18:30:00,74.66000366210938,74.79000091552734,74.55000305175781,74.70999908447266,172586.0
2024-05-31 19:30:00,74.72000122070312,74.83999633789062,74.72000122070312,74.8301010131836,338495.0
2024-06-03 13:30:00,73.93000030517578,73.93000030517578,72.2300033569336,72.4561996459961,2030760.0
2024-06-03 14:30:00,72.55999755859375,72.75,72.01499938964844,72.09290313720703,355799.0
2024-06-03 15:30:00,72.12000274658203,72.3844985961914,71.9800033569336,72.05999755859375,118925.0
2024-06-03 16:30:00,72.05999755859375,72.11000061035156,71.86000061035156,71.91000366210938,363440.0
2024-06-03 17:30:00,71.91500091552734,72.05000305175781,71.76000213623047,72.01000213623047,405592.0
2024-06-03 18:30:00,72.01000213623047,72.08499908447266,71.77999877929688,71.77999877929688,687474.0
2024-06-03 19:30:00,71.79000091552734,71.83999633789062,71.76000213623047,71.80999755859375,679876.0
2024-06-04 13:30:00,70.95999908447266,71.25,70.44499969482422,71.05999755859375,742370.0
2024-06-04 14:30:00,71.08999633789062,71.41000366210938,70.58000183105469,71.1500015258789,509488.0
2024-06-04 15:30:00,71.18000030517578,71.36000061035156,70.72899627685547,71.31999969482422,318024.0
2024-06-04 16:30:00,71.30999755859375,71.37999725341797,70.9800033569336,71.33000183105469,203988.0
2024-06-04 17:30:00,71.37000274658203,71.44999694824219,70.9800033569336,71.04000091552734,240544.0
2024-06-04 18:30:00,71.05500030517578,71.24500274658203,71.04000091552734,71.12419891357422,161343.0
2024-06-04 19:30:00,71.12000274658203,71.13999938964844,71.06749725341797,71.08000183105469,160151.0
2024-06-05 13:30:00,71.45999908447266,71.54000091552734,71.08999633789062,71.38999938964844,390580.0
2024-06-05 14:30:00,71.44000244140625,71.625,70.76000213623047,70.81999969482422,276040.0
2024-06-05 15:30:00,70.86000061035156,71.70999908447266,70.83999633789062,71.66500091552734,176435.0
2024-06-05 16:30:00,71.66010284423828,71.94000244140625,71.62999725341797,71.87999725341797,146113.0
2024-06-05 17:30:00,71.87000274658203,71.94999694824219,71.69000244140625,71.82009887695312,127747.0
2024-06-05 18:30:00,71.82499694824219,71.9800033569336,71.80999755859375,71.94000244140625,132972.0
2024-06-05 19:30:00,71.93499755859375,71.93499755859375,71.86000061035156,71.87999725341797,500097.0
2024-06-06 13:30:00,72.12000274658203,72.62000274658203,71.95999908447266,72.44000244140625,324254.0
2024-06-06 14:30:00,72.43000030517578,73.0999984741211,72.11499786376953,73.08999633789062,210872.0
2024-06-06 15:30:00,73.06999969482422,73.47000122070312,73.01000213623047,73.33499908447266,273962.0
2024-06-06 16:30:00,73.36000061035156,73.44000244140625,73.1449966430664,73.30999755859375,182453.0
2024-06-06 17:30:00,73.31999969482422,73.44999694824219,73.19000244140625,73.2300033569336,121754.0
2024-06-06 18:30:00,73.20999908447266,73.33000183105469,73.19000244140625,73.27999877929688,123754.0
2024-06-06 19:30:00,73.2699966430664,73.30000305175781,73.2300033569336,73.27999877929688,306386.0
2024-06-07 13:30:00,73.55999755859375,73.91999816894531,73.31999969482422,73.83999633789062,375958.0
2024-06-07 14:30:00,73.81999969482422,73.81999969482422,73.16000366210938,73.19000244140625,269821.0
2024-06-07 15:30:00,73.19000244140625,73.3499984741211,73.02999877929688,73.25,273745.0
2024-06-07 16:30:00,73.23500061035156,73.54000091552734,73.2300033569336,73.38999938964844,654876.0
2024-06-07 17:30:00,73.37999725341797,73.48999786376953,73.19000244140625,73.25,172768.0
2024-06-07 18:30:00,73.25,73.25,72.97000122070312,72.9800033569336,80951.0
2024-06-07 19:30:00,72.9800033569336,73.05999755859375,72.95999908447266,73.02999877929688,198165.0
2024-06-10 13:30:00,73.77999877929688,74.18000030517578,73.55999755859375,74.02999877929688,359100.0
2024-06-10 14:30:00,74.05000305175781,74.79010009765625,74.02999877929688,74.75,879170.0
2024-06-10 15:30:00,74.75,75.18000030517578,74.66999816894531,75.12999725341797,754257.0
2024-06-10 16:30:00,75.1500015258789,75.33000183105469,75.03009796142578,75.19000244140625,728683.0
2024-06-10 17:30:00,75.19999694824219,75.4000015258789,75.1500015258789,75.36499786376953,319353.0
2024-06-10 18:30:00,75.35890197753906,75.55000305175781,75.35890197753906,75.5198974609375,260991.0
2024-06-10 19:30:00,75.51499938964844,75.52999877929688,75.44000244140625,75.4800033569336,476878.0
2024-06-11 13:30:00,75.33999633789062,75.33999633789062,74.91000366210938,75.09040069580078,643451.0
2024-06-11 14:30:00,75.0999984741211,75.48600006103516,75.0,75.44000244140625,354707.0
2024-06-11 15:30:00,75.4800033569336,75.98999786376953,75.41000366210938,75.73999786376953,107297.0
2024-06-11 16:30:00,75.77999877929688,75.91999816894531,75.7301025390625,75.86499786376953,80851.0
2024-06-11 17:30:00,75.83999633789062,75.83999633789062,75.5199966430664,75.54000091552734,93951.0
2024-06-11 18:30:00,75.54000091552734,75.63500213623047,75.4800033569336,75.51000213623047,217611.0
2024-06-11 19:30:00,75.5,75.61000061035156,75.5,75.52999877929688,267649.0
2024-06-12 13:30:00,76.83999633789062,76.91999816894531,76.66999816894531,76.80999755859375,458938.0
2024-06-12 14:30:00,76.79000091552734,76.79000091552734,75.56999969482422,75.70999908447266,505530.0
2024-06-12 15:30:00,75.69999694824219,76.08000183105469,75.61000061035156,76.05000305175781,185176.0
2024-06-12 16:30:00,76.05999755859375,76.52999877929688,76.05999755859375,76.37000274658203,219597.0
2024-06-12 17:30:00,76.36000061035156,76.51000213623047,76.05999755859375,76.16999816894531,196760.0
2024-06-12 18:30:00,76.22000122070312,76.30999755859375,75.9000015258789,75.93000030517578,277674.0
2024-06-12 19:30:00,75.91999816894531,76.04000091552734,75.9000015258789,75.98999786376953,381251.0
2024-06-13 13:30:00,76.30999755859375,76.51000213623047,76.0999984741211,76.31990051269531,331384.0
2024-06-13 14:30:00,76.30000305175781,76.50540161132812,75.93000030517578,76.02999877929688,227625.0
2024-06-13 15:30:00,76.05460357666016,76.1500015258789,75.69000244140625,76.0999984741211,323783.0
2024-06-13 16:30:00,76.11000061035156,76.5199966430664,76.08999633789062,76.41000366210938,107527.0
2024-06-13 17:30:00,76.41000366210938,76.41000366210938,76.08999633789062,76.27999877929688,86508.0
2024-06-13 18:30:00,76.2300033569336,76.23999786376953,75.93000030517578,75.94000244140625,210859.0
2024-06-13 19:30:00,75.94000244140625,75.94000244140625,75.71499633789062,75.76000213623047,256504.0
2024-06-14 13:30:00,76.62000274658203,76.77999877929688,76.13999938964844,76.20999908447266,550702.0
2024-06-14 14:30:00,76.22000122070312,76.38999938964844,75.87010192871094,76.04000091552734,175460.0
2024-06-14 15:30:00,76.01000213623047,76.33999633789062,75.83999633789062,76.25,174563.0
2024-06-14 16:30:00,76.26000213623047,76.47000122070312,76.22000122070312,76.36000061035156,125100.0
2024-06-14 17:30:00,76.31999969482422,76.44000244140625,76.05999755859375,76.06999969482422,287664.0
2024-06-14 18:30:00,76.06999969482422,76.27469635009766,76.06999969482422,76.18000030517578,317452.0
2024-06-14 19:30:00,76.18499755859375,76.19999694824219,76.08000183105469,76.11000061035156,437618.0
2024-06-17 13:30:00,76.65599822998047,76.94999694824219,76.55000305175781,76.91000366210938,480860.0
2024-06-17 14:30:00,76.93000030517578,77.13999938964844,76.69999694824219,77.01000213623047,238149.0
2024-06-17 15:30:00,77.0,77.16999816894531,76.66000366210938,77.1500015258789,145416.0
2024-06-17 16:30:00,77.15499877929688,77.33999633789062,77.06999969482422,77.33999633789062,107328.0
2024-06-17 17:30:00,77.3499984741211,77.76000213623047,77.2300033569336,77.7300033569336,259077.0
2024-06-17 18:30:00,77.73999786376953,77.97989654541016,77.69999694824219,77.96499633789062,656710.0
2024-06-17 19:30:00,77.97000122070312,77.97000122070312,77.79499816894531,77.81999969482422,542444.0
2024-06-18 13:30:00,77.87999725341797,78.48500061035156,77.76000213623047,78.47000122070312,455367.0
2024-06-18 14:30:00,78.48999786376953,78.7300033569336,78.37999725341797,78.5,262266.0
2024-06-18 15:30:00,78.5199966430664,78.66999816894531,78.05000305175781,78.0999984741211,151009.0
2024-06-18 16:30:00,78.08000183105469,78.37999725341797,78.05500030517578,78.37000274658203,75869.0
2024-06-18 17:30:00,78.33419799804688,78.83000183105469,78.29000091552734,78.83000183105469,135241.0
2024-06-18 18:30:00,78.79000091552734,78.80000305175781,78.5999984741211,78.68000030517578,237543.0
2024-06-18 19:30:00,78.68000030517578,78.73999786376953,78.6500015258789,78.68000030517578,322875.0
2024-06-20 13:30:00,79.27999877929688,79.36000061035156,79.11000061035156,79.30500030517578,245029.0
2024-06-20 14:30:00,79.30000305175781,79.52999877929688,78.87000274658203,78.91999816894531,272544.0
2024-06-20 15:30:00,78.9000015258789,79.0999984741211,78.8499984741211,78.97000122070312,168393.0
2024-06-20 16:30:00,78.97000122070312,79.36000061035156,78.95999908447266,79.26499938964844,137130.0
2024-06-20 17:30:00,79.2699966430664,79.36000061035156,79.08000183105469,79.30999755859375,190153.0
2024-06-20 18:30:00,79.33899688720703,79.51000213623047,79.31999969482422,79.4800033569336,134369.0
2024-06-20 19:30:00,79.47989654541016,79.47989654541016,79.375,79.41999816894531,211097.0
2024-06-21 13:30:00,79.44000244140625,79.53900146484375,79.15019989013672,79.45999908447266,304584.0
2024-06-21 14:30:00,79.47000122070312,79.78500366210938,79.0999984741211,79.44000244140625,306775.0
2024-06-21 15:30:00,79.43000030517578,79.44499969482422,78.61000061035156,78.66000366210938,173759.0
2024-06-21 16:30:00,78.66999816894531,78.80000305175781,78.51000213623047,78.71499633789062,187139.0
2024-06-21 17:30:00,78.69999694824219,78.8499984741211,78.40029907226562,78.76000213623047,129037.0
2024-06-21 18:30:00,78.72000122070312,78.76000213623047,78.58999633789062,78.72000122070312,103548.0
2024-06-21 19:30:00,78.70999908447266,78.76000213623047,78.6500015258789,78.69999694824219,255942.0
2024-06-24 13:30:00,78.5199966430664,79.29000091552734,78.48999786376953,79.23999786376953,200462.0
2024-06-24 14:30:00,79.25,79.63999938964844,78.91000366210938,79.5199966430664,167417.0
2024-06-24 15:30:00,79.54000091552734,79.63999938964844,79.4000015258789,79.56999969482422,143187.0
2024-06-24 16:30:00,79.62000274658203,79.73999786376953,79.58000183105469,79.62000274658203,96581.0
2024-06-24 17:30:00,79.64990234375,79.80000305175781,79.62000274658203,79.66000366210938,105155.0
2024-06-24 18:30:00,79.66999816894531,79.7300033569336,79.62999725341797,79.69999694824219,72476.0
2024-06-24 19:30:00,79.69000244140625,79.77999877929688,79.69000244140625,79.69999694824219,241406.0
2024-06-25 13:30:00,79.47000122070312,79.55000305175781,79.12000274658203,79.48999786376953,285438.0
2024-06-25 14:30:00,79.55000305175781,79.83499908447266,79.37999725341797,79.37999725341797,313342.0
2024-06-25 15:30:00,79.37999725341797,79.48999786376953,79.04000091552734,79.13500213623047,170061.0
2024-06-25 16:30:00,79.13999938964844,79.16999816894531,78.89669799804688,79.05000305175781,83043.0
2024-06-25 17:30:00,79.04499816894531,79.23999786376953,78.86000061035156,78.87999725341797,111816.0
2024-06-25 18:30:00,78.86000061035156,78.91000366210938,78.75,78.88999938964844,132463.0
2024-06-25 19:30:00,78.88999938964844,78.9000015258789,78.81999969482422,78.875,142942.0
2024-06-26 13:30:00,78.94000244140625,79.29989624023438,78.56999969482422,79.18000030517578,254163.0
2024-06-26 14:30:00,79.20999908447266,79.2300033569336,78.30000305175781,78.4000015258789,432059.0
2024-06-26 15:30:00,78.41999816894531,79.02999877929688,78.2699966430664,78.85919952392578,155814.0
2024-06-26 16:30:00,78.86000061035156,79.5,78.86000061035156,79.46499633789062,185997.0
2024-06-26 17:30:00,79.45500183105469,79.55000305175781,78.93000030517578,78.94999694824219,216164.0
2024-06-26 18:30:00,78.95999908447266,78.9800033569336,78.73989868164062,78.74949645996094,105766.0
2024-06-26 19:30:00,78.75499725341797,78.75800323486328,78.68000030517578,78.73999786376953,210185.0
2024-06-27 13:30:00,79.69999694824219,79.94999694824219,79.38999938964844,79.69999694824219,330207.0
2024-06-27 14:30:00,79.70999908447266,79.94000244140625,79.63999938964844,79.83999633789062,251408.0
2024-06-27 15:30:00,79.8499984741211,79.98999786376953,79.2249984741211,79.33999633789062,151919.0
2024-06-27 16:30:00,79.34500122070312,79.62000274658203,79.34500122070312,79.4800033569336,129697.0
2024-06-27 17:30:00,79.44999694824219,79.86000061035156,79.44999694824219,79.80000305175781,124920.0
2024-06-27 18:30:00,79.79000091552734,80.02999877929688,79.75,80.01000213623047,142377.0
2024-06-27 19:30:00,80.0,80.01499938964844,79.92500305175781,79.94999694824219,389512.0
2024-06-28 13:30:00,80.02999877929688,80.04000091552734,79.08000183105469,79.25,416224.0
2024-06-28 14:30:00,79.24310302734375,79.5999984741211,79.16000366210938,79.37999725341797,289913.0
2024-06-28 15:30:00,79.41999816894531,79.86000061035156,79.22000122070312,79.54000091552734,124802.0
2024-06-28 16:30:00,79.56999969482422,79.69999694824219,79.31999969482422,79.6500015258789,68050.0
2024-06-28 17:30:00,79.66000366210938,79.75,79.56999969482422,79.5999984741211,75023.0
2024-06-28 18:30:00,79.58000183105469,79.6050033569336,79.34500122070312,79.4614028930664,114886.0
2024-06-28 19:30:00,79.46499633789062,79.61499786376953,79.44000244140625,79.58000183105469,208729.0
2024-07-01 13:30:00,80.20999908447266,80.58999633789062,79.8499984741211,79.95999908447266,457001.0
2024-07-01 14:30:00,79.94000244140625,80.80000305175781,79.81999969482422,80.79499816894531,227299.0
2024-07-01 15:30:00,80.80000305175781,81.08999633789062,80.80000305175781,81.06999969482422,390268.0
2024-07-01 16:30:00,81.05999755859375,81.43000030517578,80.97000122070312,81.41999816894531,210059.0
2024-07-01 17:30:00,81.41780090332031,81.56999969482422,81.23999786376953,81.45999908447266,332791.0
2024-07-01 18:30:00,81.47000122070312,81.63980102539062,81.43000030517578,81.62000274658203,293353.0
2024-07-01 19:30:00,81.62010192871094,81.69000244140625,81.51000213623047,81.55000305175781,328640.0
2024-07-02 13:30:00,81.9800033569336,82.0199966430664,81.38999938964844,81.5199966430664,294519.0
2024-07-02 14:30:00,81.5,81.66999816894531,81.16560363769531,81.61000061035156,338880.0
2024-07-02 15:30:00,81.58999633789062,81.75,81.1500015258789,81.51000213623047,137395.0
2024-07-02 16:30:00,81.5,81.5999984741211,81.29000091552734,81.29000091552734,79799.0
2024-07-02 17:30:00,81.30999755859375,81.34500122070312,80.83000183105469,80.87000274658203,114996.0
2024-07-02 18:30:00,80.88009643554688,81.05999755859375,80.83000183105469,81.02999877929688,69310.0
2024-07-02 19:30:00,81.02999877929688,81.12999725341797,81.01000213623047,81.12999725341797,95652.0
2024-07-03 13:30:00,80.94999694824219,81.35489654541016,80.93000030517578,81.23729705810547,146397.0
2024-07-03 14:30:00,81.31999969482422,81.5999984741211,80.57230377197266,81.0199966430664,283536.0
2024-07-03 15:30:00,81.0199966430664,81.1500015258789,80.75,80.98999786376953,122095.0
2024-07-03 17:00:00,81.02999877929688,81.33999633789062,81.02999877929688,81.26499938964844,0.0
2024-07-05 13:30:00,82.01100158691406,82.30000305175781,81.80000305175781,82.01000213623047,285196.0
2024-07-05 14:30:00,82.05000305175781,82.5999984741211,81.83999633789062,82.44999694824219,318733.0
2024-07-05 15:30:00,82.44000244140625,82.5,82.08000183105469,82.0999984741211,248058.0
2024-07-05 16:30:00,82.08999633789062,82.25,81.72000122070312,81.91000366210938,168186.0
2024-07-05 17:30:00,81.9000015258789,81.91999816894531,81.2300033569336,81.26499938964844,227681.0
2024-07-05 18:30:00,81.29000091552734,81.5,81.2699966430664,81.27999877929688,274527.0
2024-07-05 19:30:00,81.2750015258789,81.33999633789062,81.25,81.30999755859375,294855.0
2024-07-08 13:30:00,80.59100341796875,80.93000030517578,80.37999725341797,80.88500213623047,309896.0
2024-07-08 14:30:00,80.89810180664062,81.0199966430664,80.79000091552734,80.83999633789062,253422.0
2024-07-08 15:30:00,80.83999633789062,80.8499984741211,80.44000244140625,80.64910125732422,187515.0
2024-07-08 16:30:00,80.6500015258789,80.83000183105469,80.47000122070312,80.66999816894531,161230.0
2024-07-08 17:30:00,80.66999816894531,80.77999877929688,80.3499984741211,80.51000213623047,232374.0
2024-07-08 18:30:00,80.5199966430664,80.5199966430664,80.29000091552734,80.37999725341797,202641.0
2024-07-08 19:30:00,80.37999725341797,80.44999694824219,80.37000274658203,80.43000030517578,255655.0
2024-07-09 13:30:00,80.12000274658203,80.3499984741211,79.94000244140625,80.3499984741211,223962.0
2024-07-09 14:30:00,80.36000061035156,80.6500015258789,79.69159698486328,79.76000213623047,216714.0
2024-07-09 15:30:00,79.76000213623047,80.19999694824219,79.47000122070312,79.66999816894531,223656.0
2024-07-09 16:30:00,79.68000030517578,80.30999755859375,79.68000030517578,80.0999984741211,160129.0
2024-07-09 17:30:00,80.11000061035156,80.1500015258789,79.45999908447266,79.66000366210938,108600.0
2024-07-09 18:30:00,79.63999938964844,79.81999969482422,79.63999938964844,79.67500305175781,166810.0
2024-07-09 19:30:00,79.68000030517578,79.80000305175781,79.6500015258789,79.76000213623047,459093.0
2024-07-10 13:30:00,79.41999816894531,79.77999877929688,79.18000030517578,79.7300033569336,189079.0
2024-07-10 14:30:00,79.70999908447266,80.58000183105469,79.62000274658203,80.5,250375.0
2024-07-10 15:30:00,80.48999786376953,80.69159698486328,80.38999938964844,80.5199966430664,312528.0
2024-07-10 16:30:00,80.5199966430664,80.5199966430664,79.9000015258789,80.02999877929688,119636.0
2024-07-10 17:30:00,80.05999755859375,80.41000366210938,80.01000213623047,80.16000366210938,230255.0
2024-07-10 18:30:00,80.19000244140625,80.43000030517578,80.18000030517578,80.41000366210938,475224.0
2024-07-10 19:30:00,80.41000366210938,80.5,80.38719940185547,80.4800033569336,395315.0
2024-07-11 13:30:00,79.93000030517578,80.16500091552734,79.7300033569336,79.95999908447266,305821.0
2024-07-11 14:30:00,79.93000030517578,80.75,79.93000030517578,80.47000122070312,331810.0
2024-07-11 15:30:00,80.49199676513672,80.66999816894531,80.30000305175781,80.42500305175781,268242.0
2024-07-11 16:30:00,80.37999725341797,80.52999877929688,80.0199966430664,80.44999694824219,195669.0
2024-07-11 17:30:00,80.41999816894531,80.71499633789062,80.3499984741211,80.52999877929688,262639.0
2024-07-11 18:30:00,80.54000091552734,80.8499984741211,80.54000091552734,80.75,606871.0
2024-07-11 19:30:00,80.76000213623047,80.98999786376953,80.76000213623047,80.91999816894531,769244.0
2024-07-12 13:30:00,81.25,81.31999969482422,80.6500015258789,81.02999877929688,460628.0
2024-07-12 14:30:00,81.0199966430664,81.18000030517578,80.81999969482422,80.98999786376953,219328.0
2024-07-12 15:30:00,81.02999877929688,81.05000305175781,80.2699966430664,80.55000305175781,552935.0
2024-07-12 16:30:00,80.52999877929688,80.73999786376953,80.37999725341797,80.4000015258789,104268.0
2024-07-12 17:30:00,80.38999938964844,80.5,80.1449966430664,80.16999816894531,261855.0
2024-07-12 18:30:00,80.18000030517578,80.26499938964844,80.11499786376953,80.23999786376953,450042.0
2024-07-12 19:30:00,80.23999786376953,80.2699966430664,80.16999816894531,80.23999786376953,602896.0
2024-07-15 13:30:00,80.26000213623047,80.37999725341797,79.56999969482422,79.83999633789062,329088.0
2024-07-15 14:30:00,79.83999633789062,80.27999877929688,79.69999694824219,80.06999969482422,200761.0
2024-07-15 15:30:00,80.06999969482422,80.23999786376953,79.94000244140625,80.18499755859375,213278.0
2024-07-15 16:30:00,80.16999816894531,80.2699966430664,79.94000244140625,79.94999694824219,121597.0
2024-07-15 17:30:00,79.91000366210938,80.1500015258789,79.86000061035156,80.04000091552734,172337.0
2024-07-15 18:30:00,80.05999755859375,80.19999694824219,80.0199966430664,80.16000366210938,381213.0
2024-07-15 19:30:00,80.16000366210938,80.16000366210938,79.99330139160156,80.11000061035156,603596.0
2024-07-16 13:30:00,78.68000030517578,79.01000213623047,78.68000030517578,78.88200378417969,400496.0
2024-07-16 14:30:00,78.88999938964844,79.41000366210938,78.8550033569336,79.19999694824219,177409.0
2024-07-16 15:30:00,79.19000244140625,79.30999755859375,78.94999694824219,79.20999908447266,444583.0
2024-07-16 16:30:00,79.22000122070312,79.25,78.98400115966797,79.1500015258789,198194.0
2024-07-16 17:30:00,79.13999938964844,79.37999725341797,78.79000091552734,78.80000305175781,192290.0
2024-07-16 18:30:00,78.80999755859375,79.11000061035156,78.80000305175781,79.05000305175781,178532.0
2024-07-16 19:30:00,79.05000305175781,79.07499694824219,78.97000122070312,79.05999755859375,263812.0
2024-07-17 13:30:00,80.0,80.31999969482422,79.94999694824219,80.16999816894531,590268.0
2024-07-17 14:30:00,80.1500015258789,80.54000091552734,79.9800033569336,80.26000213623047,383554.0
2024-07-17 15:30:00,80.25,80.6050033569336,80.06999969482422,80.5199966430664,183074.0
2024-07-17 16:30:00,80.52999877929688,80.66000366210938,80.4800033569336,80.5999984741211,110948.0
2024-07-17 17:30:00,80.58999633789062,80.70999908447266,80.3501968383789,80.62999725341797,294309.0
2024-07-17 18:30:00,80.62000274658203,80.69999694824219,80.58000183105469,80.6449966430664,173652.0
2024-07-17 19:30:00,80.63999938964844,80.68000030517578,80.55500030517578,80.63999938964844,478600.0
2024-07-18 13:30:00,80.58999633789062,80.7300033569336,80.12000274658203,80.30999755859375,210743.0
2024-07-18 14:30:00,80.33000183105469,80.58000183105469,79.83999633789062,80.56999969482422,208637.0
2024-07-18 15:30:00,80.56999969482422,80.93000030517578,80.5,80.91510009765625,123216.0
2024-07-18 16:30:00,80.9000015258789,80.98999786376953,80.63999938964844,80.95999908447266,130384.0
2024-07-18 17:30:00,80.94999694824219,81.08999633789062,80.43499755859375,80.55000305175781,135176.0
2024-07-18 18:30:00,80.52999877929688,80.56999969482422,80.01000213623047,80.05000305175781,247546.0
2024-07-18 19:30:00,80.05000305175781,80.05999755859375,79.87000274658203,79.91999816894531,223849.0
2024-07-19 13:30:00,79.51000213623047,80.22000122070312,79.48999786376953,79.87000274658203,359882.0
2024-07-19 14:30:00,79.88999938964844,80.05000305175781,79.29000091552734,79.29000091552734,334642.0
2024-07-19 15:30:00,79.27999877929688,79.4000015258789,78.7699966430664,78.79000091552734,356142.0
2024-07-19 16:30:00,78.7699966430664,78.79000091552734,77.94999694824219,78.0,409496.0
2024-07-19 17:30:00,78.01000213623047,78.20999908447266,77.86000061035156,77.91000366210938,264841.0
2024-07-19 18:30:00,77.94000244140625,78.13500213623047,77.91000366210938,77.97000122070312,235976.0
2024-07-19 19:30:00,77.9800033569336,78.05999755859375,77.97000122070312,78.0250015258789,358452.0
2024-07-22 13:30:00,77.16999816894531,77.58999633789062,76.86000061035156,77.54000091552734,452434.0
2024-07-22 14:30:00,77.5,77.73999786376953,77.23999786376953,77.31999969482422,161818.0
2024-07-22 15:30:00,77.30000305175781,77.70999908447266,77.30000305175781,77.61000061035156,242812.0
2024-07-22 16:30:00,77.66999816894531,77.72000122070312,77.55999755859375,77.62999725341797,72400.0
2024-07-22 17:30:00,77.69000244140625,77.73999786376953,77.33999633789062,77.70999908447266,155182.0
2024-07-22 18:30:00,77.68000030517578,77.75,77.5999984741211,77.61499786376953,116852.0
2024-07-22 19:30:00,77.61000061035156,77.66500091552734,77.57499694824219,77.61000061035156,157716.0
2024-07-23 13:30:00,76.95999908447266,77.12999725341797,76.44000244140625,76.61000061035156,528143.0
2024-07-23 14:30:00,76.5999984741211,76.79000091552734,75.83999633789062,75.97000122070312,432263.0
2024-07-23 15:30:00,75.95999908447266,76.25,75.72000122070312,76.04000091552734,937620.0
2024-07-23 16:30:00,76.05999755859375,76.5,76.01000213623047,76.4800033569336,287557.0
2024-07-23 17:30:00,76.44999694824219,76.52989959716797,76.16999816894531,76.26000213623047,276777.0
2024-07-23 18:30:00,76.27999877929688,76.68499755859375,76.2750015258789,76.65499877929688,188169.0
2024-07-23 19:30:00,76.65499877929688,76.69000244140625,76.62999725341797,76.63999938964844,208342.0
2024-07-24 13:30:00,76.87000274658203,77.13999938964844,76.5999984741211,76.75,257032.0
2024-07-24 14:30:00,76.76000213623047,77.16999816894531,76.30000305175781,77.0999984741211,383172.0
2024-07-24 15:30:00,77.0999984741211,77.4800033569336,76.94999694824219,77.37000274658203,286982.0
2024-07-24 16:30:00,77.38310241699219,77.38310241699219,77.08000183105469,77.30999755859375,209148.0
2024-07-24 17:30:00,77.2750015258789,77.27999877929688,76.80000305175781,76.8499984741211,212400.0
2024-07-24 18:30:00,76.8499984741211,76.9574966430664,76.75,76.8550033569336,134374.0
2024-07-24 19:30:00,76.8499984741211,77.00900268554688,76.83000183105469,76.83000183105469,548941.0
2024-07-25 13:30:00,76.16999816894531,76.66999816894531,75.54000091552734,76.54499816894531,593577.0
2024-07-25 14:30:00,76.52999877929688,77.12000274658203,76.18000030517578,77.08000183105469,301384.0
2024-07-25 15:30:00,77.05999755859375,77.58000183105469,77.0199966430664,77.47000122070312,200659.0
2024-07-25 16:30:00,77.43000030517578,77.56999969482422,77.33000183105469,77.33000183105469,101832.0
2024-07-25 17:30:00,77.33999633789062,77.69999694824219,77.28500366210938,77.58999633789062,195625.0
2024-07-25 18:30:00,77.58000183105469,77.77999877929688,77.5199966430664,77.73999786376953,166890.0
2024-07-25 19:30:00,77.69999694824219,77.7405014038086,77.47000122070312,77.48999786376953,226716.0
2024-07-26 13:30:00,76.81999969482422,76.94000244140625,75.61000061035156,75.62000274658203,421741.0
2024-07-26 14:30:00,75.62000274658203,76.1500015258789,75.55000305175781,75.69000244140625,401708.0
2024-07-26 15:30:00,75.66000366210938,76.58000183105469,75.62000274658203,76.55000305175781,187967.0
2024-07-26 16:30:00,76.54000091552734,76.86000061035156,76.5,76.83000183105469,104486.0
2024-07-26 17:30:00,76.79000091552734,76.8499984741211,76.36000061035156,76.44999694824219,248345.0
2024-07-26 18:30:00,76.45999908447266,76.4800033569336,75.87000274658203,76.05000305175781,449445.0
2024-07-26 19:30:00,76.05000305175781,76.13999938964844,75.96499633789062,76.12000274658203,212765.0
2024-07-29 13:30:00,76.7300033569336,76.98999786376953,76.08999633789062,76.19999694824219,325758.0
2024-07-29 14:30:00,76.1500015258789,76.1500015258789,74.99980163574219,75.36949920654297,404814.0
2024-07-29 15:30:00,75.37999725341797,75.37999725341797,74.9000015258789,74.91999816894531,488819.0
2024-07-29 16:30:00,74.91000366210938,75.02999877929688,74.73999786376953,74.88999938964844,134290.0
2024-07-29 17:30:00,74.9000015258789,75.30999755859375,74.8949966430664,75.20999908447266,199447.0
2024-07-29 18:30:00,75.19999694824219,75.30999755859375,75.12999725341797,75.25,162428.0
2024-07-29 19:30:00,75.26000213623047,75.30999755859375,75.18000030517578,75.18000030517578,151161.0
2024-07-30 13:30:00,74.44999694824219,74.5999984741211,74.12999725341797,74.37999725341797,826799.0
2024-07-30 14:30:00,74.33999633789062,74.5,74.04000091552734,74.06999969482422,467479.0
2024-07-30 15:30:00,74.05999755859375,74.52999877929688,74.0,74.44999694824219,412562.0
2024-07-30 16:30:00,74.50499725341797,74.7699966430664,74.23999786376953,74.3499984741211,835237.0
2024-07-30 17:30:00,74.38999938964844,74.51000213623047,74.06500244140625,74.12999725341797,335460.0
2024-07-30 18:30:00,74.13999938964844,74.45999908447266,74.12000274658203,74.42500305175781,155633.0
2024-07-30 19:30:00,74.41999816894531,74.54000091552734,74.34500122070312,74.45999908447266,219117.0
2024-07-31 13:30:00,76.33000183105469,76.66999816894531,76.22000122070312,76.55000305175781,879752.0
2024-07-31 14:30:00,76.55999755859375,76.62999725341797,75.9000015258789,76.47000122070312,1018427.0
2024-07-31 15:30:00,76.47000122070312,77.0,76.47000122070312,76.95999908447266,231921.0
2024-07-31 16:30:00,76.94999694824219,77.22000122070312,76.8499984741211,77.12999725341797,210577.0
2024-07-31 17:30:00,77.11000061035156,77.41000366210938,77.06999969482422,77.27999877929688,252781.0
2024-07-31 18:30:00,77.26000213623047,77.80000305175781,77.22000122070312,77.69999694824219,1101145.0
2024-07-31 19:30:00,77.69000244140625,77.91000366210938,77.65499877929688,77.76499938964844,558147.0
2024-08-01 13:30:00,77.79000091552734,77.8499984741211,76.91999816894531,76.94999694824219,502179.0
2024-08-01 14:30:00,76.94000244140625,77.11000061035156,76.44000244140625,76.62999725341797,242942.0
2024-08-01 15:30:00,76.61000061035156,76.88999938964844,76.4000015258789,76.41999816894531,188104.0
2024-08-01 16:30:00,76.44000244140625,76.6500015258789,76.20999908447266,76.29000091552734,155966.0
2024-08-01 17:30:00,76.25,76.25,75.63999938964844,75.69000244140625,549756.0
2024-08-01 18:30:00,75.70999908447266,76.3499984741211,75.66000366210938,76.30999755859375,932285.0
2024-08-01 19:30:00,76.31999969482422,76.4749984741211,76.27999877929688,76.30000305175781,900595.0
2024-08-02 13:30:00,73.80999755859375,73.81999969482422,72.87999725341797,73.04000091552734,1873153.0
2024-08-02 14:30:00,73.01000213623047,73.33999633789062,72.63500213623047,72.91000366210938,474425.0
2024-08-02 15:30:00,72.93000030517578,73.5,72.77999877929688,72.98999786376953,429420.0
2024-08-02 16:30:00,72.98999786376953,73.11000061035156,72.5999984741211,72.76000213623047,566524.0
2024-08-02 17:30:00,72.75,73.06999969482422,72.43000030517578,72.98999786376953,483272.0
2024-08-02 18:30:00,73.04000091552734,73.29000091552734,73.0,73.20500183105469,554165.0
2024-08-02 19:30:00,73.21499633789062,73.43000030517578,73.21499633789062,73.38999938964844,458529.0
2024-08-05 13:30:00,71.94000244140625,72.72599792480469,71.83000183105469,72.22000122070312,1119816.0
2024-08-05 14:30:00,72.22000122070312,72.98249816894531,72.08000183105469,72.54000091552734,600684.0
2024-08-05 15:30:00,72.52999877929688,73.05999755859375,72.19999694824219,73.01000213623047,312810.0
2024-08-05 16:30:00,73.01000213623047,73.01000213623047,72.22000122070312,72.37000274658203,287658.0
2024-08-05 17:30:00,72.36000061035156,72.73999786376953,72.22000122070312,72.48999786376953,454878.0
2024-08-05 18:30:00,72.4800033569336,72.95500183105469,72.45999908447266,72.93499755859375,494933.0
2024-08-05 19:30:00,72.94000244140625,73.26000213623047,72.87000274658203,73.22000122070312,479183.0
2024-08-06 13:30:00,71.7699966430664,73.18000030517578,71.7300033569336,72.93000030517578,883565.0
2024-08-06 14:30:00,72.98999786376953,73.38999938964844,72.37999725341797,72.73999786376953,709232.0
2024-08-06 15:30:00,72.73999786376953,73.27999877929688,72.73999786376953,72.88999938964844,307094.0
2024-08-06 16:30:00,72.8550033569336,73.09980010986328,72.5999984741211,72.9800033569336,160700.0
2024-08-06 17:30:00,73.02999877929688,73.16000366210938,72.56500244140625,72.61000061035156,176081.0
2024-08-06 18:30:00,72.62000274658203,72.83000183105469,72.47000122070312,72.63999938964844,478417.0
2024-08-06 19:30:00,72.62000274658203,72.66500091552734,72.44999694824219,72.47000122070312,422584.0
2024-08-07 13:30:00,73.94000244140625,74.13999938964844,73.69000244140625,73.88999938964844,481301.0
2024-08-07 14:30:00,73.91000366210938,75.1500015258789,73.87999725341797,75.07499694824219,1703979.0
2024-08-07 15:30:00,75.07499694824219,75.16999816894531,74.69999694824219,74.84020233154297,703769.0
2024-08-07 16:30:00,74.83000183105469,74.94999694824219,74.37000274658203,74.52999877929688,331857.0
2024-08-07 17:30:00,74.5199966430664,74.69000244140625,74.3550033569336,74.61000061035156,319399.0
2024-08-07 18:30:00,74.61000061035156,74.74909973144531,74.51000213623047,74.66999816894531,506693.0
2024-08-07 19:30:00,74.66999816894531,74.86000061035156,74.62000274658203,74.69999694824219,584750.0
2024-08-08 13:30:00,74.52999877929688,75.01000213623047,74.44000244140625,74.94000244140625,341781.0
2024-08-08 14:30:00,75.04000091552734,75.5199966430664,74.93000030517578,75.3499984741211,451985.0
2024-08-08 15:30:00,75.36990356445312,75.5,75.05000305175781,75.44000244140625,213020.0
2024-08-08 16:30:00,75.43000030517578,75.52999877929688,75.27999877929688,75.43000030517578,257791.0
2024-08-08 17:30:00,75.44999694824219,75.79959869384766,75.44000244140625,75.52999877929688,253388.0
2024-08-08 18:30:00,75.5199966430664,75.5199966430664,75.2699966430664,75.41999816894531,596601.0
2024-08-08 19:30:00,75.41999816894531,75.44999694824219,75.3499984741211,75.37999725341797,614724.0
2024-08-09 13:30:00,75.66999816894531,75.7699966430664,75.25,75.7699966430664,303239.0
2024-08-09 14:30:00,75.7300033569336,76.11000061035156,75.68000030517578,75.83999633789062,340181.0
2024-08-09 15:30:00,75.87000274658203,76.25,75.79000091552734,76.18000030517578,373750.0
2024-08-09 16:30:00,76.17500305175781,76.33999633789062,76.05999755859375,76.16000366210938,205795.0
2024-08-09 17:30:00,76.16200256347656,76.27999877929688,75.83999633789062,76.12999725341797,324297.0
2024-08-09 18:30:00,76.12000274658203,76.19999694824219,75.80999755859375,76.19499969482422,564287.0
2024-08-09 19:30:00,76.19000244140625,76.3499984741211,76.18000030517578,76.2300033569336,609166.0
2024-08-12 13:30:00,77.19000244140625,77.44999694824219,76.93000030517578,77.12000274658203,365981.0
2024-08-12 14:30:00,77.16999816894531,77.5999984741211,77.12999725341797,77.55000305175781,468488.0
2024-08-12 15:30:00,77.56749725341797,78.08000183105469,77.56749725341797,78.04000091552734,528234.0
2024-08-12 16:30:00,78.05000305175781,78.30599975585938,78.0199966430664,78.2925033569336,795101.0
2024-08-12 17:30:00,78.27999877929688,79.16999816894531,78.27999877929688,79.06999969482422,431147.0
2024-08-12 18:30:00,79.02999877929688,79.05999755859375,78.66000366210938,78.87000274658203,693411.0
2024-08-12 19:30:00,78.8499984741211,78.91999816894531,78.37999725341797,78.66000366210938,1015061.0
2024-08-13 13:30:00,78.37999725341797,78.45999908447266,77.7509994506836,77.83000183105469,508597.0
2024-08-13 14:30:00,77.80999755859375,78.08000183105469,77.48999786376953,77.52999877929688,366808.0
2024-08-13 15:30:00,77.52999877929688,77.70999908447266,77.33000183105469,77.52999877929688,289535.0
2024-08-13 16:30:00,77.51000213623047,77.79000091552734,77.4000015258789,77.4800033569336,149715.0
2024-08-13 17:30:00,77.48999786376953,77.68000030517578,77.38999938964844,77.5,185884.0
2024-08-13 18:30:00,77.47000122070312,77.58000183105469,77.30999755859375,77.4000015258789,293423.0
2024-08-13 19:30:00,77.41000366210938,77.62999725341797,77.37000274658203,77.62000274658203,303123.0
2024-08-14 13:30:00,77.5999984741211,77.75,77.247802734375,77.36990356445312,253835.0
2024-08-14 14:30:00,77.33000183105469,77.33000183105469,76.5999984741211,76.83999633789062,382405.0
2024-08-14 15:30:00,76.83999633789062,77.19000244140625,76.77999877929688,76.77999877929688,179669.0
2024-08-14 16:30:00,76.7699966430664,77.0999984741211,76.66999816894531,76.72000122070312,192464.0
2024-08-14 17:30:00,76.7300033569336,76.80000305175781,76.30000305175781,76.4800033569336,220622.0
2024-08-14 18:30:00,76.48999786376953,76.76000213623047,76.48999786376953,76.58000183105469,201639.0
2024-08-14 19:30:00,76.58999633789062,76.6500015258789,76.51000213623047,76.58000183105469,249217.0
2024-08-15 13:30:00,77.29000091552734,77.77999877929688,77.1500015258789,77.31999969482422,212175.0
2024-08-15 14:30:00,77.27999877929688,78.0,77.27999877929688,77.95999908447266,222711.0
2024-08-15 15:30:00,77.97000122070312,77.98030090332031,77.68000030517578,77.9000015258789,132393.0
2024-08-15 16:30:00,77.87999725341797,77.93000030517578,77.68000030517578,77.77999877929688,144709.0
2024-08-15 17:30:00,77.7802963256836,77.97000122070312,77.39199829101562,77.68000030517578,193723.0
2024-08-15 18:30:00,77.66000366210938,77.70999908447266,77.37000274658203,77.37999725341797,183880.0
2024-08-15 19:30:00,77.41000366210938,77.47000122070312,77.3499984741211,77.41999816894531,266206.0
2024-08-16 13:30:00,76.2300033569336,76.6500015258789,75.83000183105469,75.89990234375,651932.0
2024-08-16 14:30:00,75.8499984741211,76.36000061035156,75.69000244140625,76.31999969482422,299983.0
2024-08-16 15:30:00,76.29000091552734,76.5,76.12999725341797,76.33000183105469,276168.0
2024-08-16 16:30:00,76.30010223388672,76.37999725341797,75.87000274658203,76.22000122070312,207119.0
2024-08-16 17:30:00,76.19000244140625,76.55999755859375,76.0999984741211,76.1500015258789,450892.0
2024-08-16 18:30:00,76.18000030517578,76.2699966430664,76.04000091552734,76.18000030517578,174876.0
2024-08-16 19:30:00,76.16999816894531,76.33000183105469,76.16999816894531,76.30000305175781,243155.0
2024-08-19 13:30:00,76.25,76.37999725341797,75.36000061035156,75.62989807128906,496875.0
2024-08-19 14:30:00,75.63999938964844,76.0999984741211,75.5199966430664,76.01000213623047,335052.0
2024-08-19 15:30:00,75.97000122070312,75.98999786376953,74.41999816894531,74.79000091552734,1530735.0
2024-08-19 16:30:00,74.79000091552734,74.87999725341797,74.08999633789062,74.12000274658203,1306625.0
2024-08-19 17:30:00,74.12920379638672,74.38999938964844,74.11000061035156,74.30999755859375,374611.0
2024-08-19 18:30:00,74.37000274658203,74.56999969482422,74.19999694824219,74.33999633789062,423577.0
2024-08-19 19:30:00,74.33999633789062,74.44000244140625,74.29000091552734,74.37999725341797,340526.0
2024-08-20 13:30:00,74.73999786376953,75.0199966430664,74.5199966430664,74.94000244140625,949541.0
2024-08-20 14:30:00,74.9000015258789,74.94999694824219,73.72000122070312,73.86000061035156,555356.0
2024-08-20 15:30:00,73.95999908447266,74.30000305175781,73.86000061035156,73.95999908447266,286601.0
2024-08-20 16:30:00,73.94999694824219,74.11000061035156,73.79000091552734,73.9000015258789,233145.0
2024-08-20 17:30:00,73.8949966430664,74.0199966430664,73.68000030517578,73.83399963378906,493195.0
2024-08-20 18:30:00,73.83000183105469,73.98999786376953,73.80879974365234,73.95999908447266,61622.0
2024-08-20 19:30:00,73.95500183105469,73.95500183105469,73.81500244140625,73.83000183105469,125067.0
2024-08-21 13:30:00,74.31999969482422,74.43009948730469,74.10009765625,74.30999755859375,260731.0
2024-08-21 14:30:00,74.3499984741211,74.80999755859375,73.58000183105469,73.83000183105469,476515.0
2024-08-21 15:30:00,73.80000305175781,73.93000030517578,72.76000213623047,73.0,404282.0
2024-08-21 16:30:00,72.98739624023438,72.98999786376953,72.4000015258789,72.47000122070312,367572.0
2024-08-21 17:30:00,72.4749984741211,72.62000274658203,72.11000061035156,72.56999969482422,693189.0
2024-08-21 18:30:00,72.55000305175781,72.86000061035156,72.55000305175781,72.5999984741211,289065.0
2024-08-21 19:30:00,72.58789825439453,72.625,72.50550079345703,72.58000183105469,204564.0
2024-08-22 13:30:00,72.83000183105469,73.52999877929688,72.70999908447266,73.13179779052734,477100.0
2024-08-22 14:30:00,73.08000183105469,73.94000244140625,73.08000183105469,73.80000305175781,241486.0
2024-08-22 15:30:00,73.77999877929688,74.15959930419922,73.69999694824219,74.1500015258789,146930.0
2024-08-22 16:30:00,74.11000061035156,74.16999816894531,73.83999633789062,74.0199966430664,357972.0
2024-08-22 17:30:00,73.95999908447266,73.97000122070312,73.62999725341797,73.66000366210938,112854.0
2024-08-22 18:30:00,73.66999816894531,73.68000030517578,73.45999908447266,73.51000213623047,307168.0
2024-08-22 19:30:00,73.5199966430664,73.58999633789062,73.5,73.55999755859375,951350.0
2024-08-23 13:30:00,74.98999786376953,75.30000305175781,74.87000274658203,75.16000366210938,622010.0
2024-08-23 14:30:00,75.20999908447266,75.44999694824219,74.9000015258789,75.38999938964844,389835.0
2024-08-23 15:30:00,75.36000061035156,75.54000091552734,75.3499984741211,75.5,121636.0
2024-08-23 16:30:00,75.51000213623047,75.72000122070312,75.43000030517578,75.68000030517578,193487.0
2024-08-23 17:30:00,75.69000244140625,75.76000213623047,75.44000244140625,75.51000213623047,550947.0
2024-08-23 18:30:00,75.5199966430664,75.66500091552734,75.48999786376953,75.55999755859375,149598.0
2024-08-23 19:30:00,75.58999633789062,75.625,75.52999877929688,75.56999969482422,709699.0
2024-08-26 13:30:00,78.06999969482422,78.31999969482422,77.76000213623047,77.9800033569336,1383920.0
2024-08-26 14:30:00,78.01000213623047,78.08999633789062,77.80000305175781,77.93099975585938,216865.0
2024-08-26 15:30:00,77.94000244140625,78.0,77.62000274658203,77.72010040283203,236915.0
2024-08-26 16:30:00,77.75,78.05999755859375,77.66000366210938,77.91999816894531,159237.0
2024-08-26 17:30:00,77.91999816894531,78.23999786376953,77.87000274658203,78.16000366210938,162069.0
2024-08-26 18:30:00,78.16000366210938,78.20999908447266,77.91010284423828,77.91100311279297,357847.0
2024-08-26 19:30:00,77.91999816894531,77.97000122070312,77.75,77.80999755859375,576405.0
2024-08-27 13:30:00,77.38999938964844,77.5999984741211,76.7699966430664,76.94999694824219,987396.0
2024-08-27 14:30:00,77.01000213623047,77.11000061035156,76.58999633789062,76.87999725341797,671300.0
2024-08-27 15:30:00,76.9000015258789,76.90049743652344,76.31999969482422,76.33999633789062,136430.0
2024-08-27 16:30:00,76.3499984741211,76.5199966430664,76.13999938964844,76.16000366210938,214490.0
2024-08-27 17:30:00,76.16999816894531,76.52999877929688,76.16000366210938,76.26000213623047,694064.0
2024-08-27 18:30:00,76.37000274658203,76.47000122070312,76.30000305175781,76.46499633789062,364270.0
2024-08-27 19:30:00,76.46499633789062,76.5,76.34500122070312,76.48999786376953,374361.0
2024-08-28 13:30:00,75.4000015258789,75.58000183105469,74.9800033569336,75.01499938964844,527284.0
2024-08-28 14:30:00,75.01000213623047,76.2300033569336,74.80000305175781,75.58999633789062,482131.0
2024-08-28 15:30:00,75.56999969482422,75.8499984741211,75.4000015258789,75.5,124045.0
2024-08-28 16:30:00,75.48999786376953,75.94000244140625,75.48999786376953,75.75,131175.0
2024-08-28 17:30:00,75.75,75.80000305175781,75.16000366210938,75.26000213623047,175696.0
2024-08-28 18:30:00,75.30999755859375,75.48999786376953,75.2699966430664,75.48999786376953,68675.0
2024-08-28 19:30:00,75.48989868164062,75.54000091552734,75.43000030517578,75.47000122070312,232746.0
2024-08-29 13:30:00,76.7699966430664,77.6500015258789,76.7699966430664,77.06999969482422,1619941.0
2024-08-29 14:30:00,77.08000183105469,77.22000122070312,76.83480072021484,76.98999786376953,264462.0
2024-08-29 15:30:00,77.01000213623047,77.05000305175781,76.0999984741211,76.62000274658203,360763.0
2024-08-29 16:30:00,76.56999969482422,76.62000274658203,76.25,76.58000183105469,208030.0
2024-08-29 17:30:00,76.5999984741211,76.72000122070312,76.29000091552734,76.69999694824219,553134.0
2024-08-29 18:30:00,76.69000244140625,76.81500244140625,76.60970306396484,76.80999755859375,280681.0
2024-08-29 19:30:00,76.80000305175781,76.83000183105469,76.68000030517578,76.80000305175781,554740.0
2024-08-30 13:30:00,75.19000244140625,75.22000122070312,74.27999877929688,74.58000183105469,919198.0
2024-08-30 14:30:00,74.55999755859375,74.93000030517578,74.32499694824219,74.58999633789062,462751.0
2024-08-30 15:30:00,74.56999969482422,74.875,74.55000305175781,74.7699966430664,187190.0
2024-08-30 16:30:00,74.73049926757812,74.7699966430664,74.23999786376953,74.44000244140625,215024.0
2024-08-30 17:30:00,74.42500305175781,74.56999969482422,74.25,74.31999969482422,236327.0
2024-08-30 18:30:00,74.33999633789062,74.3499984741211,74.12000274658203,74.12999725341797,408969.0
2024-08-30 19:30:00,74.12999725341797,74.37000274658203,74.12999725341797,74.30000305175781,702094.0
2024-09-03 13:30:00,72.1500015258789,72.1500015258789,71.19000244140625,71.2699966430664,2341359.0
2024-09-03 14:30:00,71.26000213623047,71.76000213623047,71.13999938964844,71.30000305175781,663775.0
2024-09-03 15:30:00,71.30000305175781,71.62999725341797,71.23999786376953,71.41999816894531,379706.0
2024-09-03 16:30:00,71.43000030517578,71.47000122070312,70.94999694824219,70.98999786376953,441846.0
2024-09-03 17:30:00,71.0,71.13999938964844,70.8499984741211,71.06999969482422,275332.0
2024-09-03 18:30:00,71.08000183105469,71.13999938964844,70.94999694824219,71.00789642333984,303907.0
2024-09-03 19:30:00,71.0199966430664,71.16999816894531,71.0199966430664,71.08000183105469,380430.0
2024-09-04 13:30:00,70.62000274658203,70.7699966430664,70.08999633789062,70.18499755859375,1320626.0
2024-09-04 14:30:00,70.19000244140625,71.49949645996094,70.05999755859375,70.5624008178711,1673158.0
2024-09-04 15:30:00,70.62000274658203,70.80999755859375,70.38999938964844,70.45999908447266,209207.0
2024-09-04 16:30:00,70.44999694824219,70.66000366210938,70.06999969482422,70.08999633789062,142946.0
2024-09-04 17:30:00,70.0999984741211,70.2699966430664,69.86000061035156,69.88999938964844,201527.0
2024-09-04 18:30:00,69.9000015258789,70.07749938964844,69.625,69.7300033569336,476027.0
2024-09-04 19:30:00,69.7300033569336,69.7300033569336,69.5531005859375,69.61000061035156,352853.0
2024-09-05 13:30:00,70.7300033569336,71.2699966430664,70.13999938964844,70.8489990234375,1541969.0
2024-09-05 14:30:00,70.91999816894531,71.52999877929688,70.44000244140625,70.44999694824219,605454.0
2024-09-05 15:30:00,70.44999694824219,70.67980194091797,69.66000366210938,70.25,352865.0
2024-09-05 16:30:00,70.25,70.25,69.68000030517578,69.69989776611328,154137.0
2024-09-05 17:30:00,69.69999694824219,70.05999755859375,69.51000213623047,69.87000274658203,312879.0
2024-09-05 18:30:00,69.87999725341797,70.0999984741211,69.87999725341797,70.05500030517578,106828.0
2024-09-05 19:30:00,70.05000305175781,70.08000183105469,69.87000274658203,69.91000366210938,311122.0
2024-09-06 13:30:00,70.55000305175781,70.87000274658203,69.81999969482422,69.81999969482422,508117.0
2024-09-06 14:30:00,69.81999969482422,69.83999633789062,68.58999633789062,68.79000091552734,811227.0
2024-09-06 15:30:00,68.79000091552734,68.80999755859375,67.91000366210938,68.04000091552734,607782.0
2024-09-06 16:30:00,68.0199966430664,68.6500015258789,67.9800033569336,68.62999725341797,614355.0
2024-09-06 17:30:00,68.66000366210938,68.69999694824219,68.22000122070312,68.36000061035156,523129.0
2024-09-06 18:30:00,68.4000015258789,68.80999755859375,68.4000015258789,68.7699966430664,150794.0
2024-09-06 19:30:00,68.79000091552734,68.94000244140625,68.72000122070312,68.93000030517578,428370.0
2024-09-09 13:30:00,68.41999816894531,69.0,68.05000305175781,68.91899871826172,454518.0
2024-09-09 14:30:00,68.95989990234375,69.34989929199219,68.58000183105469,68.66000366210938,360469.0
2024-09-09 15:30:00,68.68000030517578,69.37000274658203,68.55000305175781,69.31999969482422,148305.0
2024-09-09 16:30:00,69.33000183105469,69.66000366210938,69.1500015258789,69.4000015258789,214172.0
2024-09-09 17:30:00,69.37000274658203,69.58999633789062,69.22419738769531,69.41000366210938,204316.0
2024-09-09 18:30:00,69.37999725341797,69.5199966430664,69.31099700927734,69.37999725341797,354217.0
2024-09-09 19:30:00,69.37000274658203,69.37000274658203,69.25,69.2699966430664,182663.0
2024-09-10 13:30:00,69.44999694824219,69.4800033569336,66.55999755859375,66.73500061035156,1272872.0
2024-09-10 14:30:00,66.85900115966797,67.29000091552734,66.66999816894531,66.83000183105469,699610.0
2024-09-10 15:30:00,66.75,66.94000244140625,66.0199966430664,66.33999633789062,535397.0
2024-09-10 16:30:00,66.37000274658203,66.70999908447266,66.23999786376953,66.49500274658203,366740.0
2024-09-10 17:30:00,66.4800033569336,66.62999725341797,66.27999877929688,66.56999969482422,215973.0
2024-09-10 18:30:00,66.58999633789062,66.86000061035156,66.58789825439453,66.83999633789062,392942.0
2024-09-10 19:30:00,66.8499984741211,67.0,66.8499984741211,66.93000030517578,339647.0
2024-09-11 13:30:00,67.8499984741211,67.93000030517578,67.02010345458984,67.47000122070312,795348.0
2024-09-11 14:30:00,66.8499984741211,67.38999938964844,66.37000274658203,67.08999633789062,660554.0
2024-09-11 15:30:00,67.08999633789062,68.12999725341797,67.05999755859375,67.87999725341797,339693.0
2024-09-11 16:30:00,67.87999725341797,68.62000274658203,67.87999725341797,68.3499984741211,392370.0
2024-09-11 17:30:00,68.36000061035156,68.45999908447266,68.0,68.05000305175781,192981.0
2024-09-11 18:30:00,68.02999877929688,68.12000274658203,67.86000061035156,67.875,258115.0
2024-09-11 19:30:00,67.87999725341797,67.91000366210938,67.80000305175781,67.8499984741211,305842.0
2024-09-12 13:30:00,68.94999694824219,69.44000244140625,68.52999877929688,69.14089965820312,569860.0
2024-09-12 14:30:00,69.1500015258789,70.45999908447266,68.93000030517578,70.41999816894531,570480.0
2024-09-12 15:30:00,70.38999938964844,70.3949966430664,69.88999938964844,70.05999755859375,572840.0
2024-09-12 16:30:00,70.0199966430664,70.02999877929688,69.7300033569336,69.80000305175781,288833.0
2024-09-12 17:30:00,69.80000305175781,69.91999816894531,69.55999755859375,69.62010192871094,441001.0
2024-09-12 18:30:00,69.66999816894531,69.91999816894531,69.63999938964844,69.81999969482422,808860.0
2024-09-12 19:30:00,69.77999877929688,69.94000244140625,69.7699966430664,69.91000366210938,540269.0
2024-09-13 13:30:00,70.18000030517578,70.93000030517578,70.06999969482422,70.87999725341797,778377.0
2024-09-13 14:30:00,70.83999633789062,70.9000015258789,70.0199966430664,70.02999877929688,307761.0
2024-09-13 15:30:00,70.0199966430664,70.27999877929688,69.7699966430664,69.88999938964844,167029.0
2024-09-13 16:30:00,69.93000030517578,69.97000122070312,69.29000091552734,69.30000305175781,220645.0
2024-09-13 17:30:00,69.30339813232422,69.45999908447266,69.12000274658203,69.29010009765625,190733.0
2024-09-13 18:30:00,69.30999755859375,69.69999694824219,69.29000091552734,69.69999694824219,304478.0
2024-09-13 19:30:00,69.68000030517578,69.88999938964844,69.67990112304688,69.86000061035156,270591.0
2024-09-16 13:30:00,70.7249984741211,71.22000122070312,70.61000061035156,71.04000091552734,923340.0
2024-09-16 14:30:00,71.0,71.0,70.12999725341797,70.33000183105469,260410.0
2024-09-16 15:30:00,70.3499984741211,70.63999938964844,70.19999694824219,70.33000183105469,230109.0
2024-09-16 16:30:00,70.36000061035156,70.61000061035156,70.22100067138672,70.52010345458984,103655.0
2024-09-16 17:30:00,70.54000091552734,70.87999725341797,70.5199966430664,70.66000366210938,191406.0
2024-09-16 18:30:00,70.66000366210938,70.87000274658203,70.58000183105469,70.8499984741211,357433.0
2024-09-16 19:30:00,70.86000061035156,70.97000122070312,70.8499984741211,70.8499984741211,799572.0
2024-09-17 13:30:00,70.86000061035156,71.62000274658203,70.83999633789062,71.62000274658203,419227.0
2024-09-17 14:30:00,71.62010192871094,71.66000366210938,71.2300033569336,71.4800033569336,282072.0
2024-09-17 15:30:00,71.38999938964844,72.05999755859375,71.37999725341797,72.02010345458984,286683.0
2024-09-17 16:30:00,72.04000091552734,72.29000091552734,71.87000274658203,72.0,351096.0
2024-09-17 17:30:00,71.9800033569336,71.99500274658203,71.4801025390625,71.61000061035156,206090.0
2024-09-17 18:30:00,71.5999984741211,71.84500122070312,71.58000183105469,71.78900146484375,112239.0
2024-09-17 19:30:00,71.79000091552734,71.79000091552734,71.70999908447266,71.73999786376953,221289.0
2024-09-18 13:30:00,71.01000213623047,71.58999633789062,70.99009704589844,71.2300033569336,294893.0
2024-09-18 14:30:00,71.23999786376953,71.9000015258789,71.23999786376953,71.55999755859375,307169.0
2024-09-18 15:30:00,71.5999984741211,71.62999725341797,70.68000030517578,70.94000244140625,208393.0
2024-09-18 16:30:00,70.91999816894531,71.27999877929688,70.87999725341797,70.9800033569336,129624.0
2024-09-18 17:30:00,71.0,71.94000244140625,70.94000244140625,71.5199966430664,567314.0
2024-09-18 18:30:00,71.5199966430664,71.55999755859375,70.94000244140625,71.05000305175781,354350.0
2024-09-18 19:30:00,71.05999755859375,71.05999755859375,70.58000183105469,70.65959930419922,500439.0
2024-09-19 13:30:00,72.22000122070312,72.4800033569336,71.78500366210938,72.41999816894531,1467072.0
2024-09-19 14:30:00,72.4000015258789,72.88999938964844,72.05000305175781,72.83999633789062,1191286.0
2024-09-19 15:30:00,72.87999725341797,73.20999908447266,72.77999877929688,73.0801010131836,319802.0
2024-09-19 16:30:00,73.08999633789062,73.08999633789062,72.70999908447266,72.73999786376953,167909.0
2024-09-19 17:30:00,72.77999877929688,72.91000366210938,72.68000030517578,72.83000183105469,81654.0
2024-09-19 18:30:00,72.81999969482422,72.81999969482422,72.63999938964844,72.76000213623047,200656.0
2024-09-19 19:30:00,72.76000213623047,72.7699966430664,72.68009948730469,72.75,621000.0
2024-09-20 13:30:00,72.41999816894531,72.52950286865234,72.05000305175781,72.43000030517578,306589.0
2024-09-20 14:30:00,72.43000030517578,73.08999633789062,72.36990356445312,72.77999877929688,286790.0
2024-09-20 15:30:00,72.75,72.8905029296875,72.43000030517578,72.8905029296875,120268.0
2024-09-20 16:30:00,72.91000366210938,73.12000274658203,72.80000305175781,73.04000091552734,120233.0
2024-09-20 17:30:00,73.05000305175781,73.13999938964844,72.56009674072266,72.7300033569336,151531.0
2024-09-20 18:30:00,72.70999908447266,73.0,72.70999908447266,72.98999786376953,91210.0
2024-09-20 19:30:00,72.9800033569336,73.08499908447266,72.9000015258789,72.93000030517578,246147.0
2024-09-23 13:30:00,72.95999908447266,73.52999877929688,72.77999877929688,73.38999938964844,474858.0
2024-09-23 14:30:00,73.43000030517578,73.47000122070312,72.26000213623047,72.37999725341797,420928.0
2024-09-23 15:30:00,72.37000274658203,72.37000274658203,71.16999816894531,71.20999908447266,554898.0
2024-09-23 16:30:00,71.2699966430664,72.11000061035156,71.21939849853516,72.05999755859375,283241.0
2024-09-23 17:30:00,72.04000091552734,72.19000244140625,71.9800033569336,72.08000183105469,136752.0
2024-09-23 18:30:00,72.0780029296875,72.16500091552734,72.0199966430664,72.1500015258789,122091.0
2024-09-23 19:30:00,72.16000366210938,72.30000305175781,72.13999938964844,72.23999786376953,263447.0
2024-09-24 13:30:00,73.8499984741211,73.86000061035156,73.23999786376953,73.47100067138672,658762.0
2024-09-24 14:30:00,73.47049713134766,73.47049713134766,72.93000030517578,73.1500015258789,213945.0
2024-09-24 15:30:00,73.16999816894531,73.33000183105469,72.83000183105469,73.0199966430664,180441.0
2024-09-24 16:30:00,73.04000091552734,73.21710205078125,72.98999786376953,73.11000061035156,159006.0
2024-09-24 17:30:00,73.0999984741211,73.32990264892578,72.98999786376953,73.32990264892578,661245.0
2024-09-24 18:30:00,73.29000091552734,73.42500305175781,73.27030181884766,73.4000015258789,150386.0
2024-09-24 19:30:00,73.38999938964844,73.38999938964844,73.25,73.26000213623047,299877.0
2024-09-25 13:30:00,72.3499984741211,72.68000030517578,72.16000366210938,72.31999969482422,534974.0
2024-09-25 14:30:00,72.31510162353516,72.80000305175781,72.08999633789062,72.6500015258789,287513.0
2024-09-25 15:30:00,72.5999984741211,72.5999984741211,70.94000244140625,71.18000030517578,1150803.0
2024-09-25 16:30:00,71.20999908447266,71.64659881591797,71.18049621582031,71.25,241041.0
2024-09-25 17:30:00,71.25,71.52999877929688,71.12000274658203,71.36000061035156,313384.0
2024-09-25 18:30:00,71.38999938964844,71.51000213623047,71.30999755859375,71.37010192871094,288020.0
2024-09-25 19:30:00,71.37999725341797,71.48999786376953,71.36000061035156,71.4800033569336,323030.0
2024-09-26 13:30:00,69.22000122070312,69.72000122070312,68.5999984741211,69.6500015258789,1541276.0
2024-09-26 14:30:00,69.6500015258789,70.11799621582031,69.4000015258789,70.08999633789062,353977.0
2024-09-26 15:30:00,70.08000183105469,70.08999633789062,69.55999755859375,69.56999969482422,230843.0
2024-09-26 16:30:00,69.55999755859375,69.55999755859375,69.01000213623047,69.06999969482422,181660.0
2024-09-26 17:30:00,69.0999984741211,69.4000015258789,68.9489974975586,69.31999969482422,225341.0
2024-09-26 18:30:00,69.33000183105469,69.3499984741211,69.06999969482422,69.06999969482422,753870.0
2024-09-26 19:30:00,69.08999633789062,69.12999725341797,68.92009735107422,69.01000213623047,624407.0
2024-09-27 13:30:00,69.30000305175781,69.61000061035156,68.80000305175781,69.54000091552734,460129.0
2024-09-27 14:30:00,69.5,69.75,69.33910369873047,69.45999908447266,215748.0
2024-09-27 15:30:00,69.38999938964844,70.31999969482422,69.19999694824219,69.83999633789062,901257.0
2024-09-27 16:30:00,69.83000183105469,70.18000030517578,69.66999816894531,69.77999877929688,235620.0
2024-09-27 17:30:00,69.76000213623047,70.02999877929688,69.2300033569336,69.82499694824219,294372.0
2024-09-27 18:30:00,69.80000305175781,70.13999938964844,69.77999877929688,69.98999786376953,616275.0
2024-09-27 19:30:00,70.0,70.30000305175781,70.0,70.25,321474.0
2024-09-30 13:30:00,69.95999908447266,70.08000183105469,69.41500091552734,69.62999725341797,597631.0
2024-09-30 14:30:00,69.62000274658203,70.79000091552734,69.55500030517578,70.5,341803.0
2024-09-30 15:30:00,70.4800033569336,70.87000274658203,70.38999938964844,70.55000305175781,373893.0
2024-09-30 16:30:00,70.52999877929688,70.66000366210938,69.98999786376953,70.13999938964844,121106.0
2024-09-30 17:30:00,70.19000244140625,70.19989776611328,69.7300033569336,69.83000183105469,226278.0
2024-09-30 18:30:00,69.8499984741211,70.0999984741211,69.7699966430664,69.87000274658203,102667.0
2024-09-30 19:30:00,69.875,70.03260040283203,69.86119842529297,69.93000030517578,520670.0
2024-10-01 13:30:00,69.33999633789062,72.26000213623047,69.29000091552734,72.05599975585938,5691390.0
2024-10-01 14:30:00,72.04000091552734,73.05999755859375,71.71910095214844,72.87999725341797,1228311.0
2024-10-01 15:30:00,72.9000015258789,73.1500015258789,72.22000122070312,72.48999786376953,957263.0
2024-10-01 16:30:00,72.48999786376953,73.7300033569336,72.44000244140625,72.80000305175781,2617681.0
2024-10-01 17:30:00,72.80999755859375,73.05999755859375,71.48500061035156,71.58999633789062,1815956.0
2024-10-01 18:30:00,71.62000274658203,72.1769027709961,71.45999908447266,71.8499984741211,726301.0
2024-10-01 19:30:00,71.84529876708984,72.20999908447266,71.80999755859375,72.0999984741211,520463.0
2024-10-02 13:30:00,73.94999694824219,74.20999908447266,73.56999969482422,73.80999755859375,1262451.0
2024-10-02 14:30:00,73.80000305175781,73.80000305175781,71.9000015258789,71.91999816894531,794149.0
2024-10-02 15:30:00,71.88999938964844,72.30999755859375,71.62000274658203,71.83000183105469,471864.0
2024-10-02 16:30:00,71.8499984741211,72.08999633789062,71.75,71.93000030517578,499001.0
2024-10-02 17:30:00,71.94000244140625,72.16000366210938,71.66999816894531,71.8499984741211,400272.0
2024-10-02 18:30:00,71.93000030517578,72.35299682617188,71.91000366210938,72.3499984741211,202820.0
2024-10-02 19:30:00,72.3949966430664,72.77999877929688,72.37000274658203,72.75,342940.0
2024-10-03 13:30:00,73.73999786376953,75.80000305175781,73.44999694824219,74.97000122070312,2985183.0
2024-10-03 14:30:00,74.98999786376953,75.08999633789062,74.41000366210938,74.75,806002.0
2024-10-03 15:30:00,74.79000091552734,75.22000122070312,74.5,75.0999984741211,465382.0
2024-10-03 16:30:00,75.13999938964844,75.5999984741211,75.04000091552734,75.26950073242188,621043.0
2024-10-03 17:30:00,75.23999786376953,75.61000061035156,74.77010345458984,75.55999755859375,542345.0
2024-10-03 18:30:00,75.55000305175781,75.82749938964844,75.4800033569336,75.68000030517578,439684.0
2024-10-03 19:30:00,75.68000030517578,75.9000015258789,75.55000305175781,75.69000244140625,1133974.0
2024-10-04 13:30:00,76.20999908447266,76.41999816894531,75.80999755859375,76.19999694824219,861373.0
2024-10-04 14:30:00,76.1500015258789,76.62999725341797,75.76000213623047,76.16000366210938,586437.0
2024-10-04 15:30:00,76.12000274658203,77.0,75.95999908447266,76.91329956054688,504682.0
2024-10-04 16:30:00,76.93000030517578,77.4000015258789,76.66000366210938,77.18000030517578,654482.0
2024-10-04 17:30:00,77.16999816894531,77.36000061035156,76.05999755859375,76.1449966430664,1753453.0
2024-10-04 18:30:00,76.12999725341797,76.55999755859375,75.9209976196289,76.27999877929688,773495.0
2024-10-04 19:30:00,76.44000244140625,76.50499725341797,76.25499725341797,76.33000183105469,541459.0
2024-10-07 13:30:00,77.41999816894531,77.98999786376953,77.29000091552734,77.56990051269531,1104161.0
2024-10-07 14:30:00,77.55000305175781,78.55999755859375,77.48999786376953,78.48999786376953,855519.0
2024-10-07 15:30:00,78.50900268554688,79.12000274658203,78.48049926757812,78.80000305175781,633882.0
2024-10-07 16:30:00,78.83999633789062,79.04000091552734,78.80000305175781,78.93000030517578,251717.0
2024-10-07 17:30:00,78.93000030517578,79.12000274658203,78.68000030517578,79.08000183105469,398801.0
2024-10-07 18:30:00,79.08000183105469,79.30999755859375,79.0199966430664,79.2249984741211,426884.0
2024-10-07 19:30:00,79.2300033569336,79.29000091552734,79.19999694824219,79.2300033569336,425222.0
2024-10-08 13:30:00,76.83000183105469,76.93499755859375,75.0,75.37879943847656,1810520.0
2024-10-08 14:30:00,75.3499984741211,75.7300033569336,75.0,75.26000213623047,849182.0
2024-10-08 15:30:00,75.25,75.72000122070312,75.20999908447266,75.26000213623047,398489.0
2024-10-08 16:30:00,75.23999786376953,76.5199966430664,74.56999969482422,75.91799926757812,2428466.0
2024-10-08 17:30:00,75.91010284423828,76.41999816894531,75.20999908447266,75.54000091552734,646146.0
2024-10-08 18:30:00,75.52999877929688,75.81999969482422,75.47000122070312,75.77999877929688,671798.0
2024-10-08 19:30:00,75.79000091552734,75.93000030517578,75.7699966430664,75.7699966430664,1031967.0
2024-10-09 13:30:00,74.11000061035156,74.19999694824219,73.41000366210938,73.74500274658203,1747768.0
2024-10-09 14:30:00,73.7300033569336,75.11499786376953,73.62000274658203,74.97000122070312,1260055.0
2024-10-09 15:30:00,75.0,75.30000305175781,74.72000122070312,74.92500305175781,739834.0
2024-10-09 16:30:00,74.9000015258789,74.9000015258789,74.37000274658203,74.62999725341797,381678.0
2024-10-09 17:30:00,74.62999725341797,75.25,74.12000274658203,75.05999755859375,761284.0
2024-10-09 18:30:00,75.08000183105469,75.36000061035156,75.06999969482422,75.26000213623047,777788.0
2024-10-09 19:30:00,75.29499816894531,75.33999633789062,75.16000366210938,75.25,679215.0
2024-10-10 13:30:00,76.1500015258789,76.97000122070312,75.76000213623047,76.63999938964844,661178.0
2024-10-10 14:30:00,76.6500015258789,76.87000274658203,76.36000061035156,76.37000274658203,735664.0
2024-10-10 15:30:00,76.4000015258789,77.44999694824219,76.4000015258789,77.25,385956.0
2024-10-10 16:30:00,77.2699966430664,77.88999938964844,77.23999786376953,77.85759735107422,533402.0
2024-10-10 17:30:00,77.86000061035156,78.0250015258789,77.38999938964844,77.71990203857422,465624.0
2024-10-10 18:30:00,77.69999694824219,78.04000091552734,77.62000274658203,77.80020141601562,803132.0
2024-10-10 19:30:00,77.80000305175781,77.83000183105469,77.7300033569336,77.7300033569336,767274.0
2024-10-11 13:30:00,77.01000213623047,77.62999725341797,76.69000244140625,77.62999725341797,709522.0
2024-10-11 14:30:00,77.62999725341797,77.87999725341797,77.24079895019531,77.45999908447266,426308.0
2024-10-11 15:30:00,77.44000244140625,77.55000305175781,77.0999984741211,77.30899810791016,266175.0
2024-10-11 16:30:00,77.33000183105469,77.3499984741211,76.9000015258789,77.23999786376953,301934.0
2024-10-11 17:30:00,77.26000213623047,77.72000122070312,77.26000213623047,77.38999938964844,340679.0
2024-10-11 18:30:00,77.41000366210938,77.41999816894531,77.08999633789062,77.36000061035156,275944.0
2024-10-11 19:30:00,77.3499984741211,77.56999969482422,77.33999633789062,77.45999908447266,1152989.0
2024-10-14 13:30:00,76.05999755859375,76.6500015258789,75.73999786376953,75.85459899902344,686211.0
2024-10-14 14:30:00,75.83999633789062,76.41709899902344,75.7699966430664,75.93000030517578,511080.0
2024-10-14 15:30:00,75.91999816894531,76.06199645996094,75.4800033569336,75.75,258438.0
2024-10-14 16:30:00,75.7300033569336,76.11000061035156,75.58000183105469,76.08999633789062,295487.0
2024-10-14 17:30:00,76.0999984741211,76.25,75.69000244140625,75.80999755859375,187371.0
2024-10-14 18:30:00,75.81999969482422,75.91999816894531,75.7300033569336,75.78600311279297,211145.0
2024-10-14 19:30:00,75.78500366210938,75.94999694824219,75.73300170898438,75.91999816894531,780662.0
2024-10-15 13:30:00,72.2699966430664,72.5999984741211,71.79499816894531,72.03500366210938,1793128.0
2024-10-15 14:30:00,72.05000305175781,72.1500015258789,71.79000091552734,71.94999694824219,370271.0
2024-10-15 15:30:00,71.91000366210938,72.29000091552734,71.66999816894531,72.25,378604.0
2024-10-15 16:30:00,72.2655029296875,72.56999969482422,72.11000061035156,72.33999633789062,319651.0
2024-10-15 17:30:00,72.3499984741211,72.58999633789062,72.18000030517578,72.47000122070312,171431.0
2024-10-15 18:30:00,72.46949768066406,72.94999694824219,72.44999694824219,72.83000183105469,372691.0
2024-10-15 19:30:00,72.83000183105469,72.875,72.73999786376953,72.7750015258789,516631.0
2024-10-16 13:30:00,72.37999725341797,72.66999816894531,72.06999969482422,72.30130004882812,601771.0
2024-10-16 14:30:00,72.31999969482422,72.5199966430664,71.52950286865234,72.06999969482422,432039.0
2024-10-16 15:30:00,72.05000305175781,72.41999816894531,71.77999877929688,72.29000091552734,283281.0
2024-10-16 16:30:00,72.30000305175781,72.55999755859375,72.13999938964844,72.52999877929688,182955.0
2024-10-16 17:30:00,72.5,72.51000213623047,72.2300033569336,72.25,143376.0
2024-10-16 18:30:00,72.23999786376953,72.4000015258789,72.1500015258789,72.37999725341797,155575.0
2024-10-16 19:30:00,72.37000274658203,72.47000122070312,72.3499984741211,72.4000015258789,245370.0
2024-10-17 13:30:00,72.05000305175781,72.79000091552734,72.01000213623047,72.58000183105469,564500.0
2024-10-17 14:30:00,72.55999755859375,72.83999633789062,72.12000274658203,72.33999633789062,410491.0
2024-10-17 15:30:00,72.33999633789062,72.48999786376953,72.09500122070312,72.11000061035156,212930.0
2024-10-17 16:30:00,72.11000061035156,72.2699966430664,71.30999755859375,71.97000122070312,464206.0
2024-10-17 17:30:00,71.94999694824219,72.63999938964844,71.81880187988281,72.52999877929688,305667.0
2024-10-17 18:30:00,72.5,72.69000244140625,72.39099884033203,72.59500122070312,237235.0
2024-10-17 19:30:00,72.58999633789062,72.66999816894531,72.55999755859375,72.5999984741211,279404.0
2024-10-18 13:30:00,71.73999786376953,71.83999633789062,70.73999786376953,70.8499984741211,1259608.0
2024-10-18 14:30:00,70.87000274658203,71.2699966430664,70.56999969482422,70.69000244140625,784766.0
2024-10-18 15:30:00,70.68000030517578,71.91999816894531,70.6500015258789,71.77999877929688,673362.0
2024-10-18 16:30:00,71.79000091552734,71.80999755859375,71.3499984741211,71.55750274658203,478725.0
2024-10-18 17:30:00,71.56999969482422,71.73999786376953,71.05999755859375,71.06999969482422,387468.0
2024-10-18 18:30:00,71.08000183105469,71.31999969482422,71.0199966430664,71.26499938964844,311267.0
2024-10-18 19:30:00,71.2699966430664,71.41999816894531,71.2699966430664,71.36000061035156,293833.0
2024-10-21 13:30:00,72.4000015258789,72.77999877929688,71.88999938964844,71.95999908447266,731809.0
2024-10-21 14:30:00,71.98999786376953,72.19999694824219,71.70999908447266,71.93000030517578,296448.0
2024-10-21 15:30:00,71.95999908447266,72.55999755859375,71.95999908447266,72.54000091552734,415412.0
2024-10-21 16:30:00,72.53780364990234,72.81999969482422,72.37999725341797,72.75,614835.0
2024-10-21 17:30:00,72.75,72.87010192871094,72.33000183105469,72.52999877929688,298074.0
2024-10-21 18:30:00,72.51000213623047,72.6488037109375,72.48999786376953,72.51000213623047,108506.0
2024-10-21 19:30:00,72.5,72.5,72.26000213623047,72.27999877929688,272002.0
2024-10-22 13:30:00,73.19000244140625,74.31999969482422,72.99500274658203,73.43000030517578,1329257.0
2024-10-22 14:30:00,73.47000122070312,74.37000274658203,73.36000061035156,74.30999755859375,445046.0
2024-10-22 15:30:00,74.30000305175781,74.6500015258789,74.18000030517578,74.5,577094.0
2024-10-22 16:30:00,74.5,74.52999877929688,74.19999694824219,74.2300033569336,245783.0
2024-10-22 17:30:00,74.2300033569336,74.33000183105469,74.0199966430664,74.27999877929688,216555.0
2024-10-22 18:30:00,74.27999877929688,74.31999969482422,74.08999633789062,74.1449966430664,174803.0
2024-10-22 19:30:00,74.13999938964844,74.1449966430664,73.95999908447266,74.0,589894.0
2024-10-23 13:30:00,73.48999786376953,74.02999877929688,73.47000122070312,73.80000305175781,681327.0
2024-10-23 14:30:00,73.7699966430664,73.7699966430664,72.94999694824219,73.16999816894531,464092.0
2024-10-23 15:30:00,73.16000366210938,73.5,72.91000366210938,73.0999984741211,215295.0
2024-10-23 16:30:00,73.08999633789062,73.31999969482422,72.9800033569336,73.2300033569336,208631.0
2024-10-23 17:30:00,73.25,73.5,73.13999938964844,73.27999877929688,204464.0
2024-10-23 18:30:00,73.27999877929688,73.36859893798828,73.25,73.30999755859375,106358.0
2024-10-23 19:30:00,73.33000183105469,73.55999755859375,73.33000183105469,73.55000305175781,319462.0
2024-10-24 13:30:00,73.75,74.08000183105469,73.29000091552734,73.34429931640625,486747.0
2024-10-24 14:30:00,73.33999633789062,73.33999633789062,72.44999694824219,72.76000213623047,406977.0
2024-10-24 15:30:00,72.75,72.97000122070312,72.2699966430664,72.66999816894531,340241.0
2024-10-24 16:30:00,72.73999786376953,72.73999786376953,72.33999633789062,72.55999755859375,260675.0
2024-10-24 17:30:00,72.55000305175781,72.73600006103516,72.43000030517578,72.68000030517578,213234.0
2024-10-24 18:30:00,72.69000244140625,73.04000091552734,72.66999816894531,72.95999908447266,186751.0
2024-10-24 19:30:00,72.95999908447266,73.06680297851562,72.93499755859375,73.05999755859375,201913.0
2024-10-25 13:30:00,73.80000305175781,73.94999694824219,73.5718994140625,73.73999786376953,477923.0
2024-10-25 14:30:00,73.73999786376953,74.48999786376953,73.4000015258789,74.22000122070312,538903.0
2024-10-25 15:30:00,74.2699966430664,74.4800033569336,73.66999816894531,74.11000061035156,698899.0
2024-10-25 16:30:00,74.12000274658203,74.31999969482422,74.0199966430664,74.23999786376953,402295.0
2024-10-25 17:30:00,74.23500061035156,74.48999786376953,74.04499816894531,74.3499984741211,503184.0
2024-10-25 18:30:00,74.33999633789062,74.4800033569336,74.33999633789062,74.41000366210938,0.0
2024-10-25 19:30:00,74.4000015258789,74.40499877929688,74.19999694824219,74.2300033569336,3484376.0
2024-10-28 13:30:00,69.7699966430664,70.48999786376953,69.66960144042969,70.00499725341797,3096120.0
2024-10-28 14:30:00,70.01000213623047,70.63999938964844,70.01000213623047,70.19999694824219,943982.0
2024-10-28 15:30:00,70.19000244140625,70.56999969482422,70.04000091552734,70.26000213623047,381103.0
2024-10-28 16:30:00,70.25,70.31120300292969,69.9800033569336,70.05999755859375,381251.0
2024-10-28 17:30:00,70.06500244140625,70.33999633789062,69.7699966430664,69.79000091552734,603203.0
2024-10-28 18:30:00,69.80000305175781,70.44000244140625,69.77999877929688,70.34249877929688,959851.0
2024-10-28 19:30:00,70.3499984741211,70.41999816894531,70.1624984741211,70.41000366210938,784732.0
2024-10-29 13:30:00,70.12000274658203,70.30999755859375,69.76000213623047,69.98999786376953,1014502.0
2024-10-29 14:30:00,70.0,70.1498031616211,69.1500015258789,69.20999908447266,918482.0
2024-10-29 15:30:00,69.20999908447266,69.63999938964844,69.13999938964844,69.41000366210938,422759.0
2024-10-29 16:30:00,69.44999694824219,69.77999877929688,69.41000366210938,69.50509643554688,572854.0
2024-10-29 17:30:00,69.5199966430664,69.83999633789062,69.48999786376953,69.61000061035156,265187.0
2024-10-29 18:30:00,69.61000061035156,69.70999908447266,69.54010009765625,69.60130310058594,163309.0
2024-10-29 19:30:00,69.6050033569336,69.69999694824219,69.5999984741211,69.68000030517578,424490.0
2024-10-30 13:30:00,70.66999816894531,70.80999755859375,70.36000061035156,70.7300033569336,1067811.0
2024-10-30 14:30:00,70.73999786376953,71.62999725341797,70.5999984741211,71.56999969482422,663750.0
2024-10-30 15:30:00,71.58999633789062,71.61000061035156,71.19000244140625,71.2300033569336,507996.0
2024-10-30 16:30:00,71.2300033569336,71.2300033569336,70.90499877929688,70.90499877929688,333201.0
2024-10-30 17:30:00,70.91999816894531,71.2300033569336,70.74359893798828,71.0999984741211,335999.0
2024-10-30 18:30:00,71.0999984741211,71.43000030517578,71.05999755859375,71.34500122070312,319620.0
2024-10-30 19:30:00,71.3550033569336,71.46499633789062,71.33999633789062,71.39029693603516,569964.0
2024-10-31 13:30:00,71.80999755859375,72.15879821777344,71.70999908447266,71.87000274658203,838810.0
2024-10-31 14:30:00,71.8499984741211,72.29000091552734,71.73999786376953,72.2300033569336,896113.0
2024-10-31 15:30:00,72.22560119628906,72.26000213623047,71.54000091552734,71.73999786376953,458827.0
2024-10-31 16:30:00,71.75,71.77999877929688,71.51000213623047,71.58000183105469,194494.0
2024-10-31 17:30:00,71.58499908447266,71.87999725341797,71.44000244140625,71.80000305175781,416683.0
2024-10-31 18:30:00,71.80999755859375,73.3499984741211,71.80999755859375,73.13999938964844,5061756.0
2024-10-31 19:30:00,73.1500015258789,73.30500030517578,73.04000091552734,73.08999633789062,987632.0
2024-11-01 13:30:00,73.62999725341797,73.80000305175781,72.95999908447266,72.98999786376953,1381173.0
2024-11-01 14:30:00,72.9800033569336,73.08999633789062,72.46499633789062,72.7300033569336,1130064.0
2024-11-01 15:30:00,72.73999786376953,72.94000244140625,72.31999969482422,72.44000244140625,608757.0
2024-11-01 16:30:00,72.44999694824219,72.62000274658203,72.2300033569336,72.26499938964844,363387.0
2024-11-01 17:30:00,72.26499938964844,72.37000274658203,71.94999694824219,72.05999755859375,326105.0
2024-11-01 18:30:00,72.08000183105469,72.16000366210938,71.98999786376953,72.05000305175781,206400.0
2024-11-01 19:30:00,72.05000305175781,72.11000061035156,71.95999908447266,72.0,318132.0
2024-11-04 14:30:00,73.86000061035156,74.23999786376953,73.55999755859375,73.80000305175781,785946.0
2024-11-04 15:30:00,73.80000305175781,73.83000183105469,73.27999877929688,73.72000122070312,494431.0
2024-11-04 16:30:00,73.72000122070312,74.22000122070312,73.65499877929688,74.20500183105469,376296.0
2024-11-04 17:30:00,74.19999694824219,74.26000213623047,74.02999877929688,74.08000183105469,354114.0
2024-11-04 18:30:00,74.06999969482422,74.26000213623047,73.9800033569336,74.16000366210938,193429.0
2024-11-04 19:30:00,74.12000274658203,74.36000061035156,74.04000091552734,74.34989929199219,226294.0
2024-11-04 20:30:00,74.3499984741211,74.42990112304688,74.16000366210938,74.30000305175781,522947.0
2024-11-05 14:30:00,74.91999816894531,75.0199966430664,74.66999816894531,74.87000274658203,362837.0
2024-11-05 15:30:00,74.87000274658203,75.22010040283203,74.87000274658203,75.12000274658203,292538.0
2024-11-05 16:30:00,75.12999725341797,75.33999633789062,75.05000305175781,75.05999755859375,224178.0
2024-11-05 17:30:00,75.05999755859375,75.06999969482422,74.35009765625,74.45500183105469,352291.0
2024-11-05 18:30:00,74.47000122070312,74.83999633789062,74.05000305175781,74.6500015258789,378145.0
2024-11-05 19:30:00,74.5999984741211,74.91000366210938,74.55999755859375,74.7699966430664,461222.0
2024-11-05 20:30:00,74.7699966430664,74.83000183105469,74.66000366210938,74.75,401617.0
2024-11-06 14:30:00,73.2300033569336,74.75,73.2300033569336,74.52999877929688,1378165.0
2024-11-06 15:30:00,74.54000091552734,75.31999969482422,74.19999694824219,74.91000366210938,926772.0
2024-11-06 16:30:00,74.9000015258789,74.9800033569336,74.30999755859375,74.80999755859375,289567.0
2024-11-06 17:30:00,74.80999755859375,74.83000183105469,74.51000213623047,74.62010192871094,164283.0
2024-11-06 18:30:00,74.62999725341797,74.7699966430664,74.20999908447266,74.33999633789062,357151.0
2024-11-06 19:30:00,74.36000061035156,74.62000274658203,74.3499984741211,74.62000274658203,421618.0
2024-11-06 20:30:00,74.62000274658203,74.68000030517578,74.52999877929688,74.55999755859375,324893.0
2024-11-07 14:30:00,74.01000213623047,74.30000305175781,73.51000213623047,73.79000091552734,499362.0
2024-11-07 15:30:00,73.83000183105469,74.81999969482422,73.76000213623047,74.52999877929688,456411.0
2024-11-07 16:30:00,74.51000213623047,75.0999984741211,74.19999694824219,75.05000305175781,333382.0
2024-11-07 17:30:00,75.04000091552734,75.47000122070312,75.0,75.41000366210938,282257.0
2024-11-07 18:30:00,75.41000366210938,75.55999755859375,74.94000244140625,75.06999969482422,376333.0
2024-11-07 19:30:00,75.08000183105469,75.15119934082031,74.7750015258789,74.87000274658203,491433.0
2024-11-07 20:30:00,74.86000061035156,74.86000061035156,74.62000274658203,74.66999816894531,455936.0
2024-11-08 14:30:00,73.83999633789062,73.9000015258789,72.7699966430664,72.80999755859375,764331.0
2024-11-08 15:30:00,72.80999755859375,73.20999908447266,72.66000366210938,72.77999877929688,426361.0
2024-11-08 16:30:00,72.77999877929688,73.08999633789062,72.70999908447266,73.04000091552734,178693.0
2024-11-08 17:30:00,73.18000030517578,73.26000213623047,73.02999877929688,73.06999969482422,163330.0
2024-11-08 18:30:00,73.08000183105469,73.19000244140625,72.88999938964844,73.12000274658203,252188.0
2024-11-08 19:30:00,73.12000274658203,73.29000091552734,73.08999633789062,73.22000122070312,412968.0
2024-11-08 20:30:00,73.22000122070312,73.27999877929688,73.0999984741211,73.12000274658203,436172.0
2024-11-11 14:30:00,71.20999908447266,71.44999694824219,70.87999725341797,70.88999938964844,781418.0
2024-11-11 15:30:00,70.88999938964844,71.02999877929688,70.66999816894531,70.80999755859375,589442.0
2024-11-11 16:30:00,70.87000274658203,71.05999755859375,70.66999816894531,71.01000213623047,201076.0
2024-11-11 17:30:00,70.97000122070312,71.0,70.73999786376953,70.80000305175781,202318.0
2024-11-11 18:30:00,70.80999755859375,71.04000091552734,70.63999938964844,70.79000091552734,429332.0
2024-11-11 19:30:00,70.80000305175781,70.97000122070312,70.73999786376953,70.91000366210938,227607.0
2024-11-11 20:30:00,70.91000366210938,71.0,70.87999725341797,70.9800033569336,493322.0
2024-11-12 14:30:00,71.77999877929688,71.83100128173828,71.26000213623047,71.32457733154297,414530.0
2024-11-12 15:30:00,71.27999877929688,71.41999816894531,70.51000213623047,71.04000091552734,257054.0
2024-11-12 16:30:00,71.2300033569336,71.33999633789062,70.82009887695312,70.88999938964844,273319.0
2024-11-12 17:30:00,70.8499984741211,71.2300033569336,70.83000183105469,70.95999908447266,238529.0
2024-11-12 18:30:00,70.91999816894531,71.0199966430664,70.72000122070312,70.83999633789062,245722.0
2024-11-12 19:30:00,70.83999633789062,71.04000091552734,70.83999633789062,70.93000030517578,103162.0
2024-11-12 20:30:00,70.92500305175781,70.92500305175781,70.66000366210938,70.69999694824219,207017.0
2024-11-13 14:30:00,70.33000183105469,70.45999908447266,69.5999984741211,70.29000091552734,957105.0
2024-11-13 15:30:00,70.27999877929688,71.2300033569336,70.15799713134766,71.08999633789062,520364.0
2024-11-13 16:30:00,71.05999755859375,71.29000091552734,70.80999755859375,71.1449966430664,258782.0
2024-11-13 17:30:00,71.13999938964844,71.5,71.13999938964844,71.27999877929688,273018.0
2024-11-13 18:30:00,71.27999877929688,71.47000122070312,71.05999755859375,71.18000030517578,349130.0
2024-11-13 19:30:00,71.12999725341797,71.16999816894531,70.75499725341797,70.80999755859375,178118.0
2024-11-13 20:30:00,70.80999755859375,70.8499984741211,70.58000183105469,70.76000213623047,807893.0
2024-11-14 14:30:00,72.05999755859375,72.08999633789062,71.69000244140625,71.80999755859375,726494.0
2024-11-14 15:30:00,71.80000305175781,72.05000305175781,71.19999694824219,71.19999694824219,364060.0
2024-11-14 16:30:00,71.27999877929688,71.48999786376953,71.0199966430664,71.04000091552734,202870.0
2024-11-14 17:30:00,71.0199966430664,71.06999969482422,70.81999969482422,70.88009643554688,241297.0
2024-11-14 18:30:00,70.93000030517578,71.5999984741211,70.9000015258789,71.38999938964844,213709.0
2024-11-14 19:30:00,71.41999816894531,71.47000122070312,71.2699966430664,71.36000061035156,104897.0
2024-11-14 20:30:00,71.36000061035156,71.37000274658203,71.22000122070312,71.26969909667969,150495.0
2024-11-15 14:30:00,70.87000274658203,71.20999908447266,70.62999725341797,70.80999755859375,844605.0
2024-11-15 15:30:00,70.81999969482422,71.3499984741211,70.56999969482422,71.0199966430664,419556.0
2024-11-15 16:30:00,71.0199966430664,71.08989715576172,70.04989624023438,70.05000305175781,476425.0
2024-11-15 17:30:00,70.04499816894531,70.11000061035156,69.69000244140625,69.79000091552734,457699.0
2024-11-15 18:30:00,69.80500030517578,69.9937973022461,69.55999755859375,69.7699966430664,322064.0
2024-11-15 19:30:00,69.76000213623047,69.87000274658203,69.66999816894531,69.68000030517578,259134.0
2024-11-15 20:30:00,69.68260192871094,69.83499908447266,69.68000030517578,69.75,601752.0
2024-11-18 14:30:00,70.93000030517578,71.8499984741211,70.9000015258789,71.79010009765625,925898.0
2024-11-18 15:30:00,71.80000305175781,72.06400299072266,71.5199966430664,71.93000030517578,525808.0
2024-11-18 16:30:00,71.94000244140625,71.97000122070312,71.62000274658203,71.66999816894531,259906.0
2024-11-18 17:30:00,71.66000366210938,71.94000244140625,71.54000091552734,71.9000015258789,171404.0
2024-11-18 18:30:00,71.88999938964844,72.30999755859375,71.87000274658203,72.11000061035156,250315.0
2024-11-18 19:30:00,72.0999984741211,72.2300033569336,72.04000091552734,72.19000244140625,150054.0
2024-11-18 20:30:00,72.18499755859375,72.18499755859375,72.0199966430664,72.05999755859375,715520.0
2024-11-19 14:30:00,72.4000015258789,72.70999908447266,72.26000213623047,72.61000061035156,532370.0
2024-11-19 15:30:00,72.58999633789062,72.62999725341797,71.4000015258789,71.68000030517578,2345724.0
2024-11-19 16:30:00,71.63999938964844,72.22000122070312,71.62999725341797,72.22000122070312,203255.0
2024-11-19 17:30:00,72.20999908447266,72.4000015258789,72.01000213623047,72.11000061035156,210733.0
2024-11-19 18:30:00,72.08999633789062,72.29000091552734,71.83999633789062,72.20999908447266,219988.0
2024-11-19 19:30:00,72.20999908447266,72.41000366210938,72.16000366210938,72.37999725341797,121211.0
2024-11-19 20:30:00,72.37999725341797,72.4000015258789,72.23999786376953,72.30999755859375,132798.0
2024-11-20 14:30:00,72.83999633789062,72.83999633789062,72.16999816894531,72.31999969482422,283954.0
2024-11-20 15:30:00,72.33999633789062,72.70999908447266,71.94000244140625,72.2300033569336,312992.0
2024-11-20 16:30:00,72.20999908447266,72.38999938964844,72.06999969482422,72.06999969482422,151039.0
2024-11-20 17:30:00,72.04000091552734,72.06999969482422,71.70999908447266,71.83999633789062,291856.0
2024-11-20 18:30:00,71.82980346679688,71.9800033569336,71.5999984741211,71.69999694824219,103837.0
2024-11-20 19:30:00,71.70999908447266,71.98999786376953,71.69010162353516,71.95999908447266,56116.0
2024-11-20 20:30:00,71.94000244140625,72.05999755859375,71.94000244140625,72.0250015258789,119370.0
2024-11-21 14:30:00,73.12999725341797,73.1500015258789,72.6500015258789,72.77999877929688,709980.0
2024-11-21 15:30:00,72.77999877929688,73.12999725341797,72.69999694824219,72.87000274658203,233677.0
2024-11-21 16:30:00,72.86000061035156,72.92500305175781,72.43000030517578,72.55000305175781,236662.0
2024-11-21 17:30:00,72.54000091552734,72.9000015258789,72.38999938964844,72.72000122070312,163879.0
2024-11-21 18:30:00,72.69999694824219,73.12000274658203,72.68000030517578,73.08999633789062,172985.0
2024-11-21 19:30:00,73.0999984741211,73.26000213623047,73.08000183105469,73.20999908447266,109608.0
2024-11-21 20:30:00,73.22000122070312,73.26000213623047,73.16999816894531,73.2300033569336,189769.0
2024-11-22 14:30:00,73.0999984741211,73.9000015258789,72.94010162353516,73.70999908447266,836331.0
2024-11-22 15:30:00,73.72000122070312,74.2699966430664,73.6500015258789,73.9000015258789,422487.0
2024-11-22 16:30:00,73.93000030517578,74.08999633789062,73.80999755859375,74.02999877929688,145641.0
2024-11-22 17:30:00,74.04000091552734,74.4800033569336,74.04000091552734,74.44999694824219,352657.0
2024-11-22 18:30:00,74.45999908447266,74.58000183105469,74.2300033569336,74.31999969482422,267153.0
2024-11-22 19:30:00,74.30999755859375,74.5199966430664,74.12000274658203,74.27999877929688,345104.0
2024-11-22 20:30:00,74.27999877929688,74.27999877929688,74.17500305175781,74.26000213623047,172335.0
2024-11-25 14:30:00,72.94000244140625,73.44000244140625,72.4800033569336,72.56999969482422,780955.0
2024-11-25 15:30:00,72.55999755859375,72.55999755859375,71.97000122070312,72.06999969482422,399126.0
2024-11-25 16:30:00,72.11000061035156,72.72000122070312,72.02999877929688,72.20050048828125,738502.0
2024-11-25 17:30:00,72.19000244140625,72.30000305175781,71.7300033569336,71.87999725341797,262822.0
2024-11-25 18:30:00,71.91000366210938,71.9800033569336,71.7699966430664,71.91999816894531,225818.0
2024-11-25 19:30:00,71.91999816894531,72.08000183105469,71.83000183105469,72.0250015258789,231004.0
2024-11-25 20:30:00,72.02999877929688,72.11000061035156,72.0250015258789,72.08000183105469,221268.0
2024-11-26 14:30:00,72.5199966430664,73.33999633789062,72.19000244140625,72.54000091552734,841388.0
2024-11-26 15:30:00,72.51000213623047,72.88999938964844,72.30000305175781,72.4000015258789,260970.0
2024-11-26 16:30:00,72.37999725341797,72.48999786376953,71.43000030517578,71.56999969482422,426717.0
2024-11-26 17:30:00,71.5199966430664,71.77999877929688,71.01000213623047,71.58999633789062,606712.0
2024-11-26 18:30:00,71.58000183105469,71.79000091552734,71.31999969482422,71.77999877929688,199233.0
2024-11-26 19:30:00,71.79000091552734,71.91000366210938,71.5,71.55999755859375,155972.0
2024-11-26 20:30:00,71.55999755859375,71.66000366210938,71.54000091552734,71.62999725341797,224374.0
2024-11-27 14:30:00,71.62999725341797,72.30000305175781,71.5999984741211,71.93000030517578,380595.0
2024-11-27 15:30:00,71.88999938964844,72.12999725341797,71.55999755859375,71.8550033569336,266464.0
2024-11-27 16:30:00,71.83999633789062,71.8499984741211,71.20999908447266,71.37999725341797,196864.0
2024-11-27 17:30:00,71.38999938964844,71.44999694824219,71.16000366210938,71.27999877929688,131060.0
2024-11-27 18:30:00,71.27999877929688,71.76000213623047,71.18000030517578,71.76000213623047,171304.0
2024-11-27 19:30:00,71.7699966430664,71.77999877929688,71.62999725341797,71.66000366210938,137744.0
2024-11-27 20:30:00,71.66999816894531,71.78500366210938,71.66999816894531,71.73999786376953,241871.0
2024-11-29 14:30:00,72.31999969482422,72.73999786376953,72.30999755859375,72.5199966430664,533155.0
2024-11-29 15:30:00,72.48999786376953,72.70999908447266,72.20999908447266,72.27999877929688,230594.0
2024-11-29 16:30:00,72.25,72.37000274658203,71.51000213623047,71.68000030517578,319325.0
2024-11-29 18:00:00,71.68000030517578,71.68000030517578,71.5199966430664,71.54180145263672,0.0
2024-12-02 14:30:00,71.93000030517578,71.94999694824219,71.1500015258789,71.77059936523438,653416.0
2024-12-02 15:30:00,71.7699966430664,71.77999877929688,70.87999725341797,70.98999786376953,573534.0
2024-12-02 16:30:00,71.01000213623047,71.1500015258789,70.69999694824219,70.80000305175781,533111.0
2024-12-02 17:30:00,70.80000305175781,71.05999755859375,70.80000305175781,70.94999694824219,233270.0
2024-12-02 18:30:00,70.94000244140625,71.19999694824219,70.79000091552734,71.11000061035156,1009794.0
2024-12-02 19:30:00,71.11000061035156,71.18000030517578,70.98999786376953,70.98999786376953,260836.0
2024-12-02 20:30:00,70.98999786376953,71.0999984741211,70.97000122070312,71.04000091552734,237691.0
2024-12-03 14:30:00,72.16000366210938,72.56999969482422,71.80000305175781,72.47000122070312,766051.0
2024-12-03 15:30:00,72.47000122070312,73.06999969482422,72.45999908447266,73.0,691410.0
2024-12-03 16:30:00,73.01000213623047,73.31999969482422,72.97000122070312,73.29000091552734,491912.0
2024-12-03 17:30:00,73.27999877929688,73.30999755859375,72.8550033569336,72.95010375976562,291585.0
2024-12-03 18:30:00,72.94999694824219,73.30999755859375,72.94000244140625,72.98999786376953,340771.0
2024-12-03 19:30:00,72.98999786376953,73.16500091552734,72.9800033569336,73.13999938964844,160199.0
2024-12-03 20:30:00,73.12999725341797,73.12999725341797,73.02999877929688,73.05000305175781,188129.0
2024-12-04 14:30:00,73.41000366210938,73.44999694824219,72.68000030517578,72.83000183105469,345095.0
2024-12-04 15:30:00,72.87000274658203,73.16999816894531,72.4800033569336,72.68000030517578,290359.0
2024-12-04 16:30:00,72.68000030517578,72.72000122070312,72.29000091552734,72.3499984741211,169589.0
2024-12-04 17:30:00,72.33999633789062,72.61000061035156,71.62000274658203,71.79000091552734,631580.0
2024-12-04 18:30:00,71.75,71.94999694824219,71.5199966430664,71.55999755859375,385298.0
2024-12-04 19:30:00,71.5999984741211,71.9800033569336,71.58000183105469,71.9000015258789,400513.0
2024-12-04 20:30:00,71.9000015258789,71.9386978149414,71.77999877929688,71.86000061035156,337213.0
2024-12-05 14:30:00,71.94999694824219,72.16999816894531,71.75,71.77999877929688,355193.0
2024-12-05 15:30:00,71.7699966430664,72.01000213623047,71.27010345458984,71.38999938964844,227266.0
2024-12-05 16:30:00,71.41999816894531,71.63099670410156,71.25,71.34809875488281,166482.0
2024-12-05 17:30:00,71.3499984741211,71.51000213623047,71.22000122070312,71.45999908447266,139570.0
2024-12-05 18:30:00,71.45999908447266,71.74500274658203,71.27999877929688,71.33999633789062,168866.0
2024-12-05 19:30:00,71.3499984741211,71.69999694824219,71.30999755859375,71.51000213623047,96823.0
2024-12-05 20:30:00,71.5,71.54000091552734,71.44000244140625,71.5,334879.0
2024-12-06 14:30:00,70.62000274658203,70.63999938964844,70.0,70.0199966430664,872504.0
2024-12-06 15:30:00,70.02799987792969,70.48999786376953,69.98999786376953,70.47000122070312,353280.0
2024-12-06 16:30:00,70.47000122070312,70.55999755859375,70.24500274658203,70.5,159695.0
2024-12-06 17:30:00,70.48999786376953,70.55999755859375,70.30000305175781,70.51000213623047,653792.0
2024-12-06 18:30:00,70.50299835205078,70.70999908447266,70.18000030517578,70.2300033569336,299369.0
2024-12-06 19:30:00,70.23999786376953,70.23999786376953,70.1050033569336,70.18499755859375,173509.0
2024-12-06 20:30:00,70.17500305175781,70.27999877929688,70.1050033569336,70.22000122070312,490182.0
2024-12-09 14:30:00,71.2300033569336,71.94000244140625,71.15499877929688,71.9385986328125,671363.0
2024-12-09 15:30:00,71.94000244140625,71.97000122070312,71.62999725341797,71.70999908447266,399156.0
2024-12-09 16:30:00,71.7300033569336,71.91999816894531,71.51000213623047,71.62999725341797,297995.0
2024-12-09 17:30:00,71.63999938964844,71.7300033569336,71.52999877929688,71.66999816894531,141729.0
2024-12-09 18:30:00,71.66999816894531,71.68000030517578,71.41999816894531,71.48999786376953,161340.0
2024-12-09 19:30:00,71.4800033569336,71.54869842529297,71.22000122070312,71.23500061035156,178575.0
2024-12-09 20:30:00,71.23999786376953,71.25,71.19000244140625,71.20999908447266,131226.0
2024-12-10 14:30:00,71.54000091552734,71.61000061035156,71.31999969482422,71.5199966430664,422562.0
2024-12-10 15:30:00,71.48999786376953,72.0999984741211,71.48999786376953,71.93000030517578,401873.0
2024-12-10 16:30:00,71.94999694824219,72.12999725341797,71.87999725341797,71.88999938964844,301048.0
2024-12-10 17:30:00,71.87000274658203,72.01000213623047,71.73049926757812,71.79000091552734,187849.0
2024-12-10 18:30:00,71.77999877929688,71.94000244140625,71.62999725341797,71.63999938964844,312364.0
2024-12-10 19:30:00,71.62999725341797,71.66000366210938,71.3499984741211,71.43000030517578,316832.0
2024-12-10 20:30:00,71.41999816894531,71.50499725341797,71.36000061035156,71.4000015258789,394656.0
2024-12-11 14:30:00,72.58000183105469,72.73999786376953,72.25,72.55000305175781,409909.0
2024-12-11 15:30:00,72.55000305175781,72.78500366210938,72.1500015258789,72.72000122070312,518984.0
2024-12-11 16:30:00,72.7300033569336,73.125,72.62000274658203,73.0199966430664,352799.0
2024-12-11 17:30:00,73.02999877929688,73.12999725341797,72.89129638671875,73.05999755859375,176631.0
2024-12-11 18:30:00,73.06999969482422,73.5199966430664,73.05999755859375,73.38999938964844,272881.0
2024-12-11 19:30:00,73.38999938964844,73.58999633789062,73.38999938964844,73.47000122070312,460740.0
2024-12-11 20:30:00,73.47000122070312,73.4800033569336,73.3499984741211,73.36000061035156,403935.0
2024-12-12 14:30:00,72.9000015258789,72.94999694824219,72.27999877929688,72.4800033569336,451429.0
2024-12-12 15:30:00,72.48999786376953,72.55000305175781,72.19000244140625,72.31999969482422,357552.0
2024-12-12 16:30:00,72.2699966430664,73.58000183105469,72.2300033569336,73.36000061035156,345217.0
2024-12-12 17:30:00,73.37000274658203,73.56999969482422,73.2699966430664,73.51000213623047,165739.0
2024-12-12 18:30:00,73.5199966430664,73.52999877929688,73.06999969482422,73.11000061035156,177749.0
2024-12-12 19:30:00,73.11000061035156,73.36000061035156,73.06999969482422,73.33999633789062,199095.0
2024-12-12 20:30:00,73.33999633789062,73.33999633789062,73.18000030517578,73.2300033569336,834848.0
2024-12-13 14:30:00,73.62000274658203,73.94999694824219,73.54499816894531,73.61000061035156,505734.0
2024-12-13 15:30:00,73.62000274658203,74.0,73.58000183105469,73.97000122070312,237437.0
2024-12-13 16:30:00,73.9800033569336,74.33000183105469,73.91000366210938,74.31999969482422,285401.0
2024-12-13 17:30:00,74.30000305175781,74.47000122070312,74.22000122070312,74.46499633789062,218572.0
2024-12-13 18:30:00,74.46980285644531,74.46980285644531,74.29010009765625,74.37999725341797,265741.0
2024-12-13 19:30:00,74.37999725341797,74.5,74.22000122070312,74.33000183105469,157401.0
2024-12-13 20:30:00,74.31999969482422,74.33000183105469,74.19000244140625,74.22000122070312,1184365.0
2024-12-16 14:30:00,74.1500015258789,74.2699966430664,73.8550033569336,74.25,311969.0
2024-12-16 15:30:00,74.27999877929688,74.30000305175781,73.63999938964844,73.6500015258789,227089.0
2024-12-16 16:30:00,73.66000366210938,74.02999877929688,73.61000061035156,74.0,214197.0
2024-12-16 17:30:00,74.0,74.18000030517578,73.9104995727539,73.91999816894531,157888.0
2024-12-16 18:30:00,73.9000015258789,73.91999816894531,73.69999694824219,73.9000015258789,197302.0
2024-12-16 19:30:00,73.91000366210938,73.95999908447266,73.6449966430664,73.69999694824219,180680.0
2024-12-16 20:30:00,73.69499969482422,73.76000213623047,73.68000030517578,73.70999908447266,453984.0
2024-12-17 14:30:00,72.95999908447266,72.95999908447266,72.47000122070312,72.55000305175781,870740.0
2024-12-17 15:30:00,72.55999755859375,72.7300033569336,72.30999755859375,72.54000091552734,374950.0
2024-12-17 16:30:00,72.52999877929688,72.87000274658203,72.51000213623047,72.80999755859375,225326.0
2024-12-17 17:30:00,72.81999969482422,73.08999633789062,72.8010025024414,72.88249969482422,143808.0
2024-12-17 18:30:00,72.87999725341797,73.2699966430664,72.87999725341797,73.16000366210938,96421.0
2024-12-17 19:30:00,73.1500015258789,73.33000183105469,73.0999984741211,73.31999969482422,123885.0
2024-12-17 20:30:00,73.32499694824219,73.3499984741211,73.2300033569336,73.30000305175781,246110.0
2024-12-18 14:30:00,73.66999816894531,74.12999725341797,73.62000274658203,73.87000274658203,471024.0
2024-12-18 15:30:00,73.93000030517578,74.37999725341797,73.88999938964844,74.30000305175781,663602.0
2024-12-18 16:30:00,74.26000213623047,74.34989929199219,74.04000091552734,74.05999755859375,201785.0
2024-12-18 17:30:00,74.05999755859375,74.05999755859375,73.6500015258789,73.97000122070312,167668.0
2024-12-18 18:30:00,73.97000122070312,74.00499725341797,73.52999877929688,73.54000091552734,222495.0
2024-12-18 19:30:00,73.54000091552734,73.62999725341797,73.09500122070312,73.11499786376953,262557.0
2024-12-18 20:30:00,73.12000274658203,73.12999725341797,72.91500091552734,72.94000244140625,237080.0
2024-12-19 14:30:00,73.93000030517578,74.11000061035156,73.41999816894531,73.47000122070312,651729.0
2024-12-19 15:30:00,73.4800033569336,73.5999984741211,72.87000274658203,72.95999908447266,405496.0
2024-12-19 16:30:00,72.98999786376953,73.19999694824219,72.7699966430664,72.80999755859375,282084.0
2024-12-19 17:30:00,72.80000305175781,73.02010345458984,72.70999908447266,72.87159729003906,182738.0
2024-12-19 18:30:00,72.88500213623047,73.0199966430664,72.69999694824219,72.9000015258789,191793.0
2024-12-19 19:30:00,72.88999938964844,72.90499877929688,72.66000366210938,72.66000366210938,148740.0
2024-12-19 20:30:00,72.66999816894531,72.69999694824219,72.61000061035156,72.62000274658203,184051.0
2024-12-20 14:30:00,72.2699966430664,72.51000213623047,71.95800018310547,72.4800033569336,357507.0
2024-12-20 15:30:00,72.5199966430664,72.9800033569336,72.39099884033203,72.86000061035156,208560.0
2024-12-20 16:30:00,72.86000061035156,73.13500213623047,72.71499633789062,73.0999984741211,170310.0
2024-12-20 17:30:00,73.0999984741211,73.2699966430664,73.05000305175781,73.23999786376953,142471.0
2024-12-20 18:30:00,73.20999908447266,73.41000366210938,72.94000244140625,73.00499725341797,188997.0
2024-12-20 19:30:00,73.0,73.16000366210938,72.9000015258789,73.1500015258789,149539.0
2024-12-20 20:30:00,73.1593017578125,73.19000244140625,73.02999877929688,73.06999969482422,277572.0
2024-12-23 14:30:00,72.91000366210938,72.97000122070312,72.41000366210938,72.47000122070312,470975.0
2024-12-23 15:30:00,72.5,72.54000091552734,72.16000366210938,72.27999877929688,278076.0
2024-12-23 16:30:00,72.22000122070312,72.41000366210938,72.0999984741211,72.39769744873047,271481.0
2024-12-23 17:30:00,72.4000015258789,72.68000030517578,72.37000274658203,72.45999908447266,321227.0
2024-12-23 18:30:00,72.45999908447266,73.02999877929688,72.45999908447266,72.77999877929688,260445.0
2024-12-23 19:30:00,72.79000091552734,73.06999969482422,72.79000091552734,72.93000030517578,83276.0
2024-12-23 20:30:00,72.93000030517578,73.05999755859375,72.93000030517578,73.04000091552734,153384.0
2024-12-24 14:30:00,73.69999694824219,73.97000122070312,73.44999694824219,73.9542007446289,375638.0
2024-12-24 15:30:00,73.94999694824219,74.0250015258789,73.72000122070312,73.91999816894531,222924.0
2024-12-24 16:30:00,73.93000030517578,73.98999786376953,73.70500183105469,73.73999786376953,193710.0
2024-12-24 18:00:00,73.7300033569336,73.87000274658203,73.5198974609375,73.76499938964844,0.0
2024-12-26 14:30:00,74.26000213623047,74.37999725341797,73.70500183105469,73.78500366210938,362695.0
2024-12-26 15:30:00,73.77999877929688,73.8499984741211,73.61000061035156,73.62999725341797,241818.0
2024-12-26 16:30:00,73.63999938964844,73.7300033569336,73.41000366210938,73.41999816894531,352792.0
2024-12-26 17:30:00,73.41999816894531,73.5199966430664,73.2300033569336,73.24500274658203,242350.0
2024-12-26 18:30:00,73.23999786376953,73.5199966430664,72.9000015258789,73.25,273984.0
2024-12-26 19:30:00,73.23999786376953,73.23999786376953,73.05000305175781,73.11000061035156,108480.0
2024-12-26 20:30:00,73.11000061035156,73.13999938964844,73.05999755859375,73.12000274658203,144233.0
2024-12-27 14:30:00,74.0999984741211,74.20999908447266,73.69000244140625,73.77999877929688,280675.0
2024-12-27 15:30:00,73.80000305175781,74.13999938964844,73.70500183105469,74.05000305175781,237071.0
2024-12-27 16:30:00,74.05000305175781,74.15499877929688,73.7699966430664,73.7699966430664,193272.0
2024-12-27 17:30:00,73.7699966430664,74.26000213623047,73.7300033569336,74.16000366210938,138184.0
2024-12-27 18:30:00,74.16000366210938,74.4000015258789,74.16000366210938,74.2300033569336,153928.0
2024-12-27 19:30:00,74.22000122070312,74.2300033569336,73.83000183105469,73.8499984741211,160235.0
2024-12-27 20:30:00,73.86000061035156,73.87000274658203,73.78500366210938,73.86000061035156,195469.0
2024-12-30 14:30:00,74.86000061035156,75.0,74.66999816894531,74.91000366210938,381694.0
2024-12-30 15:30:00,74.87999725341797,75.15160369873047,74.62999725341797,74.63999938964844,243528.0
2024-12-30 16:30:00,74.6500015258789,75.2699966430664,74.56999969482422,75.20500183105469,205742.0
2024-12-30 17:30:00,75.197998046875,75.19999694824219,74.9000015258789,74.93000030517578,118430.0
2024-12-30 18:30:00,74.9000015258789,74.93000030517578,74.45500183105469,74.72000122070312,112850.0
2024-12-30 19:30:00,74.7218017578125,74.9800033569336,74.56999969482422,74.94999694824219,158911.0
2024-12-30 20:30:00,74.94000244140625,74.94000244140625,74.77999877929688,74.83000183105469,310499.0
2024-12-31 14:30:00,75.23999786376953,75.37999725341797,74.9749984741211,75.33000183105469,277310.0
2024-12-31 15:30:00,75.3499984741211,75.52999877929688,75.23999786376953,75.52999877929688,101543.0
2024-12-31 16:30:00,75.5199966430664,75.55999755859375,75.31999969482422,75.5,219906.0
2024-12-31 17:30:00,75.4800033569336,75.75,75.4800033569336,75.66999816894531,177686.0
2024-12-31 18:30:00,75.66000366210938,75.66000366210938,75.4124984741211,75.44999694824219,112627.0
2024-12-31 19:30:00,75.45999908447266,75.66999816894531,75.45999908447266,75.58499908447266,109077.0
2024-12-31 20:30:00,75.58499908447266,75.5999984741211,75.5,75.52999877929688,232976.0
2025-01-02 14:30:00,76.83999633789062,77.29000091552734,76.83999633789062,77.26000213623047,788317.0
2025-01-02 15:30:00,77.25,77.55999755859375,77.05999755859375,77.33000183105469,585204.0
2025-01-02 16:30:00,77.33000183105469,77.5,77.19999694824219,77.45999908447266,179810.0
2025-01-02 17:30:00,77.44999694824219,77.45999908447266,77.05999755859375,77.13999938964844,123576.0
2025-01-02 18:30:00,77.05999755859375,77.12000274658203,76.86000061035156,76.90499877929688,190353.0
2025-01-02 19:30:00,76.9000015258789,77.27999877929688,76.9000015258789,77.01000213623047,1006436.0
2025-01-02 20:30:00,77.01499938964844,77.02999877929688,76.86009979248047,76.91999816894531,344296.0
2025-01-03 14:30:00,77.41000366210938,77.56999969482422,77.26000213623047,77.51000213623047,394909.0
2025-01-03 15:30:00,77.51000213623047,77.74500274658203,77.48999786376953,77.66999816894531,272127.0
2025-01-03 16:30:00,77.68000030517578,78.05500030517578,77.62000274658203,78.05500030517578,245295.0
2025-01-03 17:30:00,78.05999755859375,78.21499633789062,77.87000274658203,77.97000122070312,291689.0
2025-01-03 18:30:00,77.95999908447266,78.06500244140625,77.76000213623047,77.80000305175781,189969.0
2025-01-03 19:30:00,77.80999755859375,78.01000213623047,77.79000091552734,77.93000030517578,184311.0
2025-01-03 20:30:00,77.91999816894531,77.94029998779297,77.84500122070312,77.9000015258789,239345.0
2025-01-06 14:30:00,78.43000030517578,78.9000015258789,78.41999816894531,78.63999938964844,545472.0
2025-01-06 15:30:00,78.6500015258789,78.66999816894531,77.8499984741211,77.94999694824219,363087.0
2025-01-06 16:30:00,77.93000030517578,78.20099639892578,77.75,77.77999877929688,238830.0
2025-01-06 17:30:00,77.7699966430664,77.7699966430664,77.12999725341797,77.1449966430664,254354.0
2025-01-06 18:30:00,77.1500015258789,77.46499633789062,77.05999755859375,77.45999908447266,224458.0
2025-01-06 19:30:00,77.52999877929688,77.58000183105469,77.33000183105469,77.37999725341797,222230.0
2025-01-06 20:30:00,77.37999725341797,77.38030242919922,77.26000213623047,77.30000305175781,186510.0
2025-01-07 14:30:00,78.12999725341797,78.2300033569336,77.95999908447266,78.16000366210938,435148.0
2025-01-07 15:30:00,78.16999816894531,78.3499984741211,77.93000030517578,78.0,1056588.0
2025-01-07 16:30:00,77.98999786376953,78.13999938964844,77.69999694824219,78.08999633789062,593432.0
2025-01-07 17:30:00,78.08000183105469,78.41000366210938,78.04000091552734,78.41000366210938,269299.0
2025-01-07 18:30:00,78.36000061035156,78.44000244140625,78.02999877929688,78.19000244140625,367019.0
2025-01-07 19:30:00,78.2300033569336,78.3499984741211,78.17179870605469,78.17500305175781,527269.0
2025-01-07 20:30:00,78.18000030517578,78.2300033569336,78.12000274658203,78.16000366210938,482236.0
2025-01-08 14:30:00,78.3499984741211,78.45999908447266,78.0,78.06999969482422,280248.0
2025-01-08 15:30:00,78.06999969482422,78.31999969482422,77.20999908447266,77.2699966430664,219406.0
2025-01-08 16:30:00,77.2699966430664,77.44999694824219,77.08000183105469,77.13999938964844,167074.0
2025-01-08 17:30:00,77.13999938964844,77.33999633789062,77.08000183105469,77.08000183105469,595804.0
2025-01-08 18:30:00,77.0999984741211,77.38999938964844,77.05999755859375,77.19000244140625,692688.0
2025-01-08 19:30:00,77.19000244140625,77.38500213623047,77.13999938964844,77.31999969482422,495642.0
2025-01-08 20:30:00,77.33000183105469,77.34500122070312,77.20999908447266,77.29000091552734,621041.0
2025-01-10 14:30:00,81.54000091552734,81.81500244140625,80.58999633789062,80.88999938964844,2215593.0
2025-01-10 15:30:00,80.9000015258789,80.91500091552734,79.37000274658203,79.69000244140625,552388.0
2025-01-10 16:30:00,79.62999725341797,80.44000244140625,79.55000305175781,80.2699966430664,371950.0
2025-01-10 17:30:00,80.2699966430664,80.36000061035156,79.97000122070312,80.13999938964844,233969.0
2025-01-10 18:30:00,80.1500015258789,80.61000061035156,80.11000061035156,80.55000305175781,253125.0
2025-01-10 19:30:00,80.54000091552734,80.7300033569336,80.47000122070312,80.52999877929688,612460.0
2025-01-10 20:30:00,80.53500366210938,80.66000366210938,80.4800033569336,80.6050033569336,662378.0
2025-01-13 14:30:00,81.51000213623047,81.93000030517578,81.37000274658203,81.83000183105469,676437.0
2025-01-13 15:30:00,81.83000183105469,82.69000244140625,81.83000183105469,82.38999938964844,821172.0
2025-01-13 16:30:00,82.38999938964844,82.75,82.23999786376953,82.34500122070312,945266.0
2025-01-13 17:30:00,82.3499984741211,82.81999969482422,82.26499938964844,82.66000366210938,597411.0
2025-01-13 18:30:00,82.66999816894531,82.69999694824219,82.2300033569336,82.4800033569336,455782.0
2025-01-13 19:30:00,82.47000122070312,82.61000061035156,82.36000061035156,82.3927993774414,691086.0
2025-01-13 20:30:00,82.38999938964844,82.47000122070312,82.22000122070312,82.25,640627.0
2025-01-14 14:30:00,81.9000015258789,82.08000183105469,81.2300033569336,81.4800033569336,840037.0
2025-01-14 15:30:00,81.48999786376953,81.87999725341797,81.48999786376953,81.66000366210938,919587.0
2025-01-14 16:30:00,81.63999938964844,81.9219970703125,81.21050262451172,81.9000015258789,430051.0
2025-01-14 17:30:00,81.87999725341797,81.9000015258789,81.42250061035156,81.44000244140625,296652.0
2025-01-14 18:30:00,81.45999908447266,81.68479919433594,81.30999755859375,81.37000274658203,602748.0
2025-01-14 19:30:00,81.36000061035156,81.62999725341797,81.33999633789062,81.4800033569336,653250.0
2025-01-14 20:30:00,81.47000122070312,81.69000244140625,81.44499969482422,81.66500091552734,800323.0
2025-01-15 14:30:00,82.27999877929688,82.97100067138672,82.27999877929688,82.8499984741211,652140.0
2025-01-15 15:30:00,82.83000183105469,83.41999816894531,82.47000122070312,83.31999969482422,1080449.0
2025-01-15 16:30:00,83.3499984741211,83.55000305175781,82.70999908447266,83.16999816894531,813625.0
2025-01-15 17:30:00,83.16000366210938,83.76000213623047,83.1500015258789,83.48999786376953,421399.0
2025-01-15 18:30:00,83.51000213623047,84.08999633789062,83.27999877929688,83.87000274658203,575091.0
2025-01-15 19:30:00,83.87999725341797,84.58000183105469,83.86000061035156,84.33000183105469,830870.0
2025-01-15 20:30:00,84.33499908447266,84.43000030517578,84.30000305175781,84.33999633789062,418179.0
2025-01-16 14:30:00,83.54000091552734,83.5999984741211,82.94000244140625,82.97000122070312,751412.0
2025-01-16 15:30:00,82.9800033569336,83.1500015258789,82.19999694824219,82.23999786376953,771411.0
2025-01-16 16:30:00,82.26000213623047,83.06999969482422,81.98999786376953,82.95999908447266,1218411.0
2025-01-16 17:30:00,82.94999694824219,83.19999694824219,82.71499633789062,82.7300033569336,288897.0
2025-01-16 18:30:00,82.70999908447266,83.02999877929688,82.44000244140625,82.94999694824219,213324.0
2025-01-16 19:30:00,82.97000122070312,83.08999633789062,82.83999633789062,82.88999938964844,136938.0
2025-01-16 20:30:00,82.88999938964844,83.01000213623047,82.84500122070312,82.94000244140625,155447.0
2025-01-17 14:30:00,82.5199966430664,83.0,82.27999877929688,82.52999877929688,416746.0
2025-01-17 15:30:00,82.52999877929688,82.62000274658203,82.2300033569336,82.54000091552734,405578.0
2025-01-17 16:30:00,82.52999877929688,82.88500213623047,82.33999633789062,82.58999633789062,502188.0
2025-01-17 17:30:00,82.58999633789062,82.79000091552734,82.45500183105469,82.51000213623047,214881.0
2025-01-17 18:30:00,82.5,82.86479949951172,82.43000030517578,82.45999908447266,272253.0
2025-01-17 19:30:00,82.41999816894531,82.58999633789062,82.30840301513672,82.58000183105469,268819.0
2025-01-17 20:30:00,82.56999969482422,82.62000274658203,82.52999877929688,82.55000305175781,150337.0
2025-01-21 14:30:00,80.62000274658203,81.05999755859375,80.53780364990234,80.86000061035156,866211.0
2025-01-21 15:30:00,80.86000061035156,81.27999877929688,80.77999877929688,81.20999908447266,338263.0
2025-01-21 16:30:00,81.25,81.33999633789062,80.94999694824219,81.08000183105469,224977.0
2025-01-21 17:30:00,81.02999877929688,81.04000091552734,80.63999938964844,80.69999694824219,243572.0
2025-01-21 18:30:00,80.68499755859375,80.91010284423828,80.44999694824219,80.91000366210938,256198.0
2025-01-21 19:30:00,80.95999908447266,81.11499786376953,80.91999816894531,81.08000183105469,152493.0
2025-01-21 20:30:00,81.06999969482422,81.12999725341797,80.97000122070312,81.08999633789062,190672.0
2025-01-22 14:30:00,80.72000122070312,80.83000183105469,80.33999633789062,80.72000122070312,372572.0
2025-01-22 15:30:00,80.69999694824219,81.08000183105469,80.31999969482422,80.7300033569336,1247129.0
2025-01-22 16:30:00,80.66000366210938,81.20999908447266,80.48999786376953,81.11000061035156,543093.0
2025-01-22 17:30:00,81.0999984741211,81.12999725341797,80.62999725341797,80.67500305175781,162096.0
2025-01-22 18:30:00,80.67500305175781,80.69000244140625,80.41000366210938,80.41999816894531,143271.0
2025-01-22 19:30:00,80.5,80.5199966430664,80.41999816894531,80.49079895019531,94484.0
2025-01-22 20:30:00,80.49500274658203,80.5199966430664,80.3949966430664,80.43000030517578,116963.0
2025-01-23 14:30:00,80.55999755859375,81.04000091552734,80.55999755859375,80.91000366210938,296875.0
2025-01-23 15:30:00,80.91000366210938,80.91999816894531,79.5,79.66000366210938,1638722.0
2025-01-23 16:30:00,79.68000030517578,79.94000244140625,79.3499984741211,79.83999633789062,594859.0
2025-01-23 17:30:00,79.83999633789062,80.22000122070312,79.55999755859375,79.55999755859375,293979.0
2025-01-23 18:30:00,79.58999633789062,79.75,79.4800033569336,79.58999633789062,193751.0
2025-01-23 19:30:00,79.58000183105469,79.58000183105469,79.22000122070312,79.22000122070312,331513.0
2025-01-23 20:30:00,79.22000122070312,79.30000305175781,79.16000366210938,79.19000244140625,356713.0
2025-01-24 14:30:00,80.06999969482422,80.22000122070312,79.12999725341797,79.39920043945312,576672.0
2025-01-24 15:30:00,79.44000244140625,79.62000274658203,79.11499786376953,79.4800033569336,349449.0
2025-01-24 16:30:00,79.47000122070312,79.63999938964844,79.01499938964844,79.31999969482422,237495.0
2025-01-24 17:30:00,79.29000091552734,79.41999816894531,79.19000244140625,79.25,103438.0
2025-01-24 18:30:00,79.24949645996094,79.81500244140625,79.24949645996094,79.58999633789062,262716.0
2025-01-24 19:30:00,79.58000183105469,79.76000213623047,79.51000213623047,79.70999908447266,174957.0
2025-01-24 20:30:00,79.72000122070312,79.7300033569336,79.57499694824219,79.58999633789062,169006.0
2025-01-27 14:30:00,79.27999877929688,79.54000091552734,79.08999633789062,79.11000061035156,434933.0
2025-01-27 15:30:00,79.11000061035156,79.11000061035156,78.11000061035156,78.20999908447266,420307.0
2025-01-27 16:30:00,78.22000122070312,78.26000213623047,77.2300033569336,77.69180297851562,333654.0
2025-01-27 17:30:00,77.68000030517578,77.81999969482422,77.41999816894531,77.80000305175781,139231.0
2025-01-27 18:30:00,77.79000091552734,78.1500015258789,77.69000244140625,78.02999877929688,113870.0
2025-01-27 19:30:00,78.02999877929688,78.08000183105469,77.86499786376953,78.04000091552734,93889.0
2025-01-27 20:30:00,78.04499816894531,78.04499816894531,77.86000061035156,77.94999694824219,303892.0
2025-01-28 14:30:00,78.87000274658203,78.91000366210938,78.12999725341797,78.33000183105469,394250.0
2025-01-28 15:30:00,78.29000091552734,78.44000244140625,77.9800033569336,78.12999725341797,211483.0
2025-01-28 16:30:00,78.11000061035156,78.33000183105469,77.80999755859375,78.25,208628.0
2025-01-28 17:30:00,78.25,78.29000091552734,77.88510131835938,77.93000030517578,135033.0
2025-01-28 18:30:00,77.93000030517578,78.94999694824219,77.91000366210938,78.70999908447266,343171.0
2025-01-28 19:30:00,78.69999694824219,78.87000274658203,78.68000030517578,78.83000183105469,103431.0
2025-01-28 20:30:00,78.81999969482422,78.93000030517578,78.7750015258789,78.87999725341797,130393.0
2025-01-29 14:30:00,78.0199966430664,78.62999725341797,77.95999908447266,78.26000213623047,293986.0
2025-01-29 15:30:00,78.25,78.6500015258789,78.01000213623047,78.33999633789062,266654.0
2025-01-29 16:30:00,78.29000091552734,78.45999908447266,77.56999969482422,77.56999969482422,256685.0
2025-01-29 17:30:00,77.55000305175781,77.61799621582031,77.18000030517578,77.41000366210938,374834.0
2025-01-29 18:30:00,77.48999786376953,77.86000061035156,77.44999694824219,77.45999908447266,172476.0
2025-01-29 19:30:00,77.48999786376953,77.88999938964844,77.47000122070312,77.76000213623047,73598.0
2025-01-29 20:30:00,77.76499938964844,77.84500122070312,77.65499877929688,77.80000305175781,170550.0
2025-01-30 14:30:00,77.7699966430664,78.37999725341797,77.7300033569336,78.30999755859375,230991.0
2025-01-30 15:30:00,78.29000091552734,78.45999908447266,77.98500061035156,78.04499816894531,144025.0
2025-01-30 16:30:00,78.13999938964844,78.18000030517578,77.54000091552734,77.63999938964844,165174.0
2025-01-30 17:30:00,77.62000274658203,78.04000091552734,77.55000305175781,77.9800033569336,62665.0
2025-01-30 18:30:00,78.0,78.0,77.45999908447266,77.62999725341797,125877.0
2025-01-30 19:30:00,77.62999725341797,77.77999877929688,77.58999633789062,77.75,88631.0
2025-01-30 20:30:00,77.75,78.7699966430664,77.62000274658203,77.73999786376953,1355098.0
2025-01-31 14:30:00,77.5999984741211,77.6697006225586,76.76000213623047,77.1500015258789,297447.0
2025-01-31 15:30:00,77.12999725341797,77.75,77.12000274658203,77.66999816894531,193819.0
2025-01-31 16:30:00,77.69999694824219,77.87000274658203,76.91999816894531,76.95999908447266,307933.0
2025-01-31 17:30:00,76.95480346679688,77.76000213623047,76.83999633789062,77.55999755859375,478428.0
2025-01-31 18:30:00,77.5,78.20999908447266,77.33000183105469,77.37000274658203,251530.0
2025-01-31 19:30:00,77.3499984741211,77.4000015258789,77.19000244140625,77.33000183105469,144946.0
2025-01-31 20:30:00,77.33999633789062,78.26000213623047,77.33999633789062,78.02999877929688,1674107.0
2025-02-03 14:30:00,78.41999816894531,78.7699966430664,76.94000244140625,77.33000183105469,1227409.0
2025-02-03 15:30:00,77.38009643554688,77.91000366210938,77.19999694824219,77.58999633789062,655220.0
2025-02-03 16:30:00,77.58999633789062,77.80000305175781,77.22000122070312,77.62999725341797,229317.0
2025-02-03 17:30:00,77.6500015258789,77.77999877929688,77.29000091552734,77.47000122070312,655171.0
2025-02-03 18:30:00,77.45999908447266,78.11000061035156,77.44000244140625,78.08000183105469,395838.0
2025-02-03 19:30:00,78.08000183105469,78.11000061035156,77.83499908447266,77.83499908447266,388355.0
2025-02-03 20:30:00,77.82499694824219,77.8499984741211,77.73999786376953,77.83000183105469,449871.0
2025-02-04 14:30:00,75.69999694824219,78.29000091552734,75.5999984741211,78.16999816894531,3028038.0
2025-02-04 15:30:00,78.1500015258789,78.30000305175781,77.16000366210938,77.68000030517578,250555.0
2025-02-04 16:30:00,77.70999908447266,77.97000122070312,77.44000244140625,77.44999694824219,256802.0
2025-02-04 17:30:00,77.44999694824219,77.80000305175781,77.38999938964844,77.79000091552734,139211.0
2025-02-04 18:30:00,77.77999877929688,78.0999984741211,77.62000274658203,77.6500015258789,194929.0
2025-02-04 19:30:00,77.63999938964844,77.83000183105469,77.08999633789062,77.44000244140625,1745215.0
2025-02-04 20:30:00,77.44000244140625,77.6050033569336,77.3499984741211,77.51000213623047,391949.0
2025-02-05 14:30:00,76.56999969482422,77.0,76.38999938964844,76.54499816894531,409531.0
2025-02-05 15:30:00,76.5199966430664,76.86000061035156,75.98999786376953,76.0199966430664,489359.0
2025-02-05 16:30:00,76.0199966430664,76.13999938964844,75.8499984741211,76.11000061035156,249504.0
2025-02-05 17:30:00,76.0999984741211,76.22000122070312,75.91999816894531,76.08000183105469,141198.0
2025-02-05 18:30:00,76.08000183105469,76.0999984741211,75.83499908447266,75.91000366210938,196632.0
2025-02-05 19:30:00,75.94000244140625,76.1449966430664,75.91500091552734,76.12999725341797,91616.0
2025-02-05 20:30:00,76.13999938964844,76.1500015258789,76.05000305175781,76.08999633789062,355432.0
2025-02-06 14:30:00,76.36000061035156,76.7300033569336,75.51000213623047,76.19999694824219,975921.0
2025-02-06 15:30:00,76.16999816894531,76.37999725341797,75.80000305175781,76.02999877929688,297395.0
2025-02-06 16:30:00,76.04000091552734,76.16000366210938,75.56999969482422,75.63999938964844,182002.0
2025-02-06 17:30:00,75.62999725341797,75.66999816894531,75.41999816894531,75.45999908447266,182878.0
2025-02-06 18:30:00,75.44999694824219,75.54000091552734,75.2699966430664,75.45999908447266,241678.0
2025-02-06 19:30:00,75.45999908447266,75.47000122070312,75.30000305175781,75.3499984741211,135944.0
2025-02-06 20:30:00,75.37000274658203,75.48500061035156,75.3499984741211,75.43499755859375,111709.0
2025-02-07 14:30:00,76.22000122070312,76.29000091552734,75.94999694824219,76.13999938964844,461226.0
2025-02-07 15:30:00,76.13999938964844,76.20919799804688,75.51000213623047,75.66000366210938,375689.0
2025-02-07 16:30:00,75.69999694824219,75.86000061035156,75.45999908447266,75.66000366210938,371735.0
2025-02-07 17:30:00,75.66999816894531,75.93000030517578,75.55999755859375,75.91999816894531,106666.0
2025-02-07 18:30:00,75.93000030517578,76.0999984741211,75.73999786376953,75.87000274658203,149881.0
2025-02-07 19:30:00,75.86000061035156,75.94999694824219,75.7699966430664,75.90499877929688,199077.0
2025-02-07 20:30:00,75.90499877929688,75.95500183105469,75.87000274658203,75.88999938964844,263974.0
2025-02-10 14:30:00,76.94000244140625,77.01000213623047,76.61000061035156,76.66000366210938,570050.0
2025-02-10 15:30:00,76.66999816894531,77.18000030517578,76.6500015258789,77.13500213623047,356616.0
2025-02-10 16:30:00,77.1500015258789,77.50499725341797,77.12999725341797,77.48999786376953,278679.0
2025-02-10 17:30:00,77.5,77.5,77.24500274658203,77.26069641113281,260657.0
2025-02-10 18:30:00,77.2699966430664,77.37000274658203,77.0999984741211,77.3499984741211,564633.0
2025-02-10 19:30:00,77.36000061035156,77.4800033569336,77.33999633789062,77.36499786376953,301030.0
2025-02-10 20:30:00,77.37000274658203,77.44999694824219,77.36199951171875,77.41999816894531,404143.0
2025-02-11 14:30:00,78.37000274658203,78.42500305175781,77.87000274658203,78.02999877929688,507304.0
2025-02-11 15:30:00,78.01000213623047,78.33999633789062,77.9800033569336,78.16999816894531,308986.0
2025-02-11 16:30:00,78.18000030517578,78.37000274658203,78.05999755859375,78.33999633789062,205741.0
2025-02-11 17:30:00,78.33000183105469,78.45500183105469,78.2300033569336,78.43000030517578,237921.0
2025-02-11 18:30:00,78.42919921875,78.48999786376953,78.31999969482422,78.4000015258789,195205.0
2025-02-11 19:30:00,78.4000015258789,78.4749984741211,78.3550033569336,78.4000015258789,308778.0
2025-02-11 20:30:00,78.38999938964844,78.38999938964844,78.27999877929688,78.27999877929688,337057.0
2025-02-12 14:30:00,77.1500015258789,77.45999908447266,77.04000091552734,77.12999725341797,335427.0
2025-02-12 15:30:00,77.13999938964844,77.40499877929688,76.91999816894531,77.1500015258789,390912.0
2025-02-12 16:30:00,77.1500015258789,77.33999633789062,76.55999755859375,76.5999984741211,839079.0
2025-02-12 17:30:00,76.5999984741211,77.12999725341797,76.44000244140625,76.55650329589844,728470.0
2025-02-12 18:30:00,76.58999633789062,76.62000274658203,76.31999969482422,76.4000015258789,157744.0
2025-02-12 19:30:00,76.41000366210938,76.46499633789062,76.33000183105469,76.36000061035156,282893.0
2025-02-12 20:30:00,76.36000061035156,76.38999938964844,76.29000091552734,76.30999755859375,463225.0
2025-02-13 14:30:00,75.68000030517578,76.29000091552734,75.58000183105469,76.05999755859375,436868.0
2025-02-13 15:30:00,76.05999755859375,76.41000366210938,75.91999816894531,76.4000015258789,220436.0
2025-02-13 16:30:00,76.41000366210938,76.47000122070312,76.18000030517578,76.41000366210938,218252.0
2025-02-13 17:30:00,76.41999816894531,76.44999694824219,76.18000030517578,76.44000244140625,186923.0
2025-02-13 18:30:00,76.44000244140625,76.4625015258789,76.18000030517578,76.31999969482422,209080.0
2025-02-13 19:30:00,76.30999755859375,76.40499877929688,76.29499816894531,76.38999938964844,258174.0
2025-02-13 20:30:00,76.38500213623047,76.47000122070312,76.38500213623047,76.41000366210938,247646.0
2025-02-14 14:30:00,76.58000183105469,76.73999786376953,75.95999908447266,76.0199966430664,465752.0
2025-02-14 15:30:00,76.01000213623047,76.22000122070312,75.71499633789062,75.87999725341797,322040.0
2025-02-14 16:30:00,75.86000061035156,76.0999984741211,75.80999755859375,75.95999908447266,277052.0
2025-02-14 17:30:00,75.88490295410156,76.01000213623047,75.7844009399414,75.84500122070312,284468.0
2025-02-14 18:30:00,75.86000061035156,76.02999877929688,75.62999725341797,75.80000305175781,342881.0
2025-02-14 19:30:00,75.7947998046875,75.875,75.70999908447266,75.75,315061.0
2025-02-14 20:30:00,75.75,75.86000061035156,75.70999908447266,75.83000183105469,279120.0
2025-02-18 14:30:00,76.69000244140625,76.7699966430664,76.3499984741211,76.68000030517578,352965.0
2025-02-18 15:30:00,76.70999908447266,76.91000366210938,76.40499877929688,76.83000183105469,281437.0
2025-02-18 16:30:00,76.83000183105469,76.9800033569336,76.73999786376953,76.79499816894531,481107.0
2025-02-18 17:30:00,76.7699966430664,77.08999633789062,76.52349853515625,77.08470153808594,299921.0
2025-02-18 18:30:00,77.08999633789062,77.10870361328125,76.93000030517578,77.07499694824219,156402.0
2025-02-18 19:30:00,77.07499694824219,77.08000183105469,76.9800033569336,77.0,152275.0
2025-02-18 20:30:00,77.00499725341797,77.02999877929688,76.95999908447266,76.97000122070312,362660.0
2025-02-19 14:30:00,78.05999755859375,78.16999816894531,77.94999694824219,77.9800033569336,458259.0
2025-02-19 15:30:00,77.94999694824219,77.95500183105469,77.47000122070312,77.7699966430664,365062.0
2025-02-19 16:30:00,77.7699966430664,77.86499786376953,77.5250015258789,77.53500366210938,141521.0
2025-02-19 17:30:00,77.54000091552734,77.62000274658203,77.2300033569336,77.27999877929688,200759.0
2025-02-19 18:30:00,77.29000091552734,77.43000030517578,77.25,77.33999633789062,143079.0
2025-02-19 19:30:00,77.33999633789062,77.44499969482422,77.31999969482422,77.42500305175781,57190.0
2025-02-19 20:30:00,77.41999816894531,77.4749984741211,77.41000366210938,77.44499969482422,150507.0
2025-02-20 14:30:00,77.91999816894531,77.97000122070312,77.62000274658203,77.83000183105469,330709.0
2025-02-20 15:30:00,77.81999969482422,78.11000061035156,77.6500015258789,78.08000183105469,451442.0
2025-02-20 16:30:00,78.11000061035156,78.4000015258789,77.95500183105469,78.37999725341797,228541.0
2025-02-20 17:30:00,78.37000274658203,78.47000122070312,78.0000991821289,78.33000183105469,199113.0
2025-02-20 18:30:00,78.33999633789062,78.3949966430664,77.6500015258789,77.77999877929688,131410.0
2025-02-20 19:30:00,77.76000213623047,77.8499984741211,77.72000122070312,77.72000122070312,132376.0
2025-02-20 20:30:00,77.72000122070312,77.80400085449219,77.72000122070312,77.75,122730.0
2025-02-21 14:30:00,76.69999694824219,76.8499984741211,76.27999877929688,76.31999969482422,370096.0
2025-02-21 15:30:00,76.31999969482422,76.41000366210938,76.01000213623047,76.16000366210938,612718.0
2025-02-21 16:30:00,76.1500015258789,76.33999633789062,76.01000213623047,76.16999816894531,196014.0
2025-02-21 17:30:00,76.16000366210938,76.25,75.77999877929688,75.77999877929688,305850.0
2025-02-21 18:30:00,75.7699966430664,75.80999755859375,75.5,75.52999877929688,406874.0
2025-02-21 19:30:00,75.53500366210938,75.56999969482422,75.41999816894531,75.43000030517578,240108.0
2025-02-21 20:30:00,75.43000030517578,75.4800033569336,75.33999633789062,75.3499984741211,504232.0
2025-02-24 14:30:00,75.70999908447266,76.02999877929688,75.44999694824219,75.63999938964844,1367817.0
2025-02-24 15:30:00,75.6449966430664,75.98999786376953,75.56999969482422,75.83000183105469,401577.0
2025-02-24 16:30:00,75.84500122070312,76.06999969482422,75.80000305175781,75.9000015258789,327541.0
2025-02-24 17:30:00,75.87999725341797,76.01499938964844,75.83000183105469,75.94999694824219,176143.0
2025-02-24 18:30:00,75.94999694824219,76.05999755859375,75.7300033569336,75.9000015258789,129238.0
2025-02-24 19:30:00,75.9000015258789,76.04000091552734,75.78500366210938,75.9749984741211,221572.0
2025-02-24 20:30:00,75.9749984741211,76.13999938964844,75.97000122070312,75.98999786376953,241872.0
2025-02-25 14:30:00,75.5999984741211,75.61000061035156,74.2300033569336,74.29000091552734,686030.0
2025-02-25 15:30:00,74.17289733886719,74.30000305175781,73.80999755859375,73.82499694824219,366276.0
2025-02-25 16:30:00,73.80999755859375,74.08999633789062,73.73999786376953,73.81999969482422,317401.0
2025-02-25 17:30:00,73.84040069580078,74.02999877929688,73.80999755859375,73.87999725341797,193080.0
2025-02-25 18:30:00,73.88999938964844,74.04000091552734,73.81999969482422,74.01000213623047,347830.0
2025-02-25 19:30:00,74.0199966430664,74.2300033569336,73.9800033569336,74.21499633789062,147813.0
2025-02-25 20:30:00,74.20999908447266,74.20999908447266,74.09500122070312,74.16000366210938,176974.0
2025-02-26 14:30:00,73.91000366210938,74.22000122070312,73.83999633789062,74.06999969482422,683093.0
2025-02-26 15:30:00,74.05999755859375,74.2699966430664,73.56999969482422,73.93000030517578,448828.0
2025-02-26 16:30:00,73.95999908447266,74.19000244140625,73.5999984741211,73.6050033569336,179167.0
2025-02-26 17:30:00,73.5999984741211,73.94000244140625,73.41000366210938,73.55000305175781,378389.0
2025-02-26 18:30:00,73.58999633789062,73.9800033569336,73.48999786376953,73.6500015258789,1109405.0
2025-02-26 19:30:00,73.70989990234375,73.98999786376953,73.70989990234375,73.7699966430664,190487.0
2025-02-26 20:30:00,73.7699966430664,73.91500091552734,73.7699966430664,73.84500122070312,204758.0
2025-02-27 14:30:00,75.0199966430664,75.37999725341797,74.69000244140625,75.37000274658203,555183.0
2025-02-27 15:30:00,75.36000061035156,75.36000061035156,75.05999755859375,75.08000183105469,238663.0
2025-02-27 16:30:00,75.08999633789062,75.4000015258789,75.0,75.31999969482422,143073.0
2025-02-27 17:30:00,75.31999969482422,75.79000091552734,75.18000030517578,75.41000366210938,993633.0
2025-02-27 18:30:00,75.41000366210938,75.66000366210938,75.4000015258789,75.54499816894531,171669.0
2025-02-27 19:30:00,75.52999877929688,75.62000274658203,75.33000183105469,75.33000183105469,233820.0
2025-02-27 20:30:00,75.33999633789062,75.41000366210938,75.29000091552734,75.30500030517578,177449.0
2025-02-28 14:30:00,74.58000183105469,74.75,74.25,74.71499633789062,498917.0
2025-02-28 15:30:00,74.75,75.08999633789062,74.70500183105469,74.7300033569336,250529.0
2025-02-28 16:30:00,74.7300033569336,75.12000274658203,74.66999816894531,75.08000183105469,225577.0
2025-02-28 17:30:00,75.05999755859375,75.31999969482422,74.79010009765625,75.30999755859375,488864.0
2025-02-28 18:30:00,75.30000305175781,75.47000122070312,74.87000274658203,74.88999938964844,507527.0
2025-02-28 19:30:00,74.87000274658203,75.125,74.7699966430664,75.09500122070312,205554.0
2025-02-28 20:30:00,75.0999984741211,75.2750015258789,75.05000305175781,75.23999786376953,149698.0
2025-03-03 14:30:00,75.33000183105469,75.55999755859375,74.54000091552734,74.56999969482422,336983.0
2025-03-03 15:30:00,74.55999755859375,74.83999633789062,74.29000091552734,74.52999877929688,198204.0
2025-03-03 16:30:00,74.5199966430664,74.86000061035156,74.45999908447266,74.76000213623047,85428.0
2025-03-03 17:30:00,74.76000213623047,74.87999725341797,72.93499755859375,73.19999694824219,1554770.0
2025-03-03 18:30:00,73.19000244140625,73.5,72.92500305175781,73.43000030517578,891713.0
2025-03-03 19:30:00,73.44999694824219,73.46499633789062,73.02999877929688,73.20999908447266,550888.0
2025-03-03 20:30:00,73.22000122070312,73.3550033569336,73.0999984741211,73.3499984741211,313342.0
2025-03-04 14:30:00,72.75,72.76000213623047,71.70999908447266,72.28900146484375,621006.0
2025-03-04 15:30:00,72.2699966430664,72.58999633789062,72.08999633789062,72.52999877929688,242593.0
2025-03-04 16:30:00,72.5,73.0,72.36000061035156,72.94999694824219,222181.0
2025-03-04 17:30:00,72.95999908447266,73.31159973144531,72.83000183105469,73.11000061035156,330520.0
2025-03-04 18:30:00,73.12999725341797,73.37999725341797,72.99320220947266,73.25,189042.0
2025-03-04 19:30:00,73.25,73.61499786376953,73.25,73.58000183105469,114435.0
2025-03-04 20:30:00,73.58499908447266,73.58499908447266,73.29499816894531,73.30999755859375,202689.0
2025-03-05 14:30:00,71.37000274658203,71.48999786376953,70.83200073242188,71.13999938964844,856241.0
2025-03-05 15:30:00,71.11000061035156,71.23999786376953,70.19000244140625,70.23999786376953,726042.0
2025-03-05 16:30:00,70.2300033569336,70.75,70.08999633789062,70.72000122070312,643830.0
2025-03-05 17:30:00,70.7699966430664,71.22000122070312,70.69000244140625,71.13099670410156,553395.0
2025-03-05 18:30:00,71.12000274658203,71.4000015258789,70.9000015258789,71.26000213623047,439066.0
2025-03-05 19:30:00,71.24500274658203,71.375,71.05999755859375,71.29499816894531,207756.0
2025-03-05 20:30:00,71.27999877929688,71.45500183105469,71.22000122070312,71.41000366210938,299293.0
2025-03-06 14:30:00,71.37000274658203,72.0199966430664,70.69000244140625,70.97000122070312,963051.0
2025-03-06 15:30:00,70.95999908447266,71.1500015258789,70.57499694824219,70.66999816894531,380395.0
2025-03-06 16:30:00,70.66000366210938,71.3499984741211,70.49009704589844,71.23999786376953,760157.0
2025-03-06 17:30:00,71.23999786376953,71.37999725341797,70.86499786376953,71.2699966430664,235686.0
2025-03-06 18:30:00,71.26000213623047,71.44999694824219,71.16000366210938,71.31999969482422,133755.0
2025-03-06 19:30:00,71.33000183105469,71.55999755859375,71.30000305175781,71.30999755859375,295347.0
2025-03-06 20:30:00,71.31999969482422,71.33499908447266,71.12999725341797,71.16000366210938,184699.0
2025-03-07 14:30:00,72.73999786376953,73.30999755859375,72.63999938964844,73.30909729003906,1021352.0
2025-03-07 15:30:00,73.29000091552734,73.29000091552734,71.83999633789062,72.4000015258789,1252993.0
2025-03-07 16:30:00,72.4000015258789,72.52999877929688,71.8949966430664,72.0,393784.0
2025-03-07 17:30:00,72.0199966430664,72.25,71.94000244140625,72.01000213623047,232631.0
2025-03-07 18:30:00,72.01000213623047,72.41000366210938,71.7699966430664,72.08000183105469,778925.0
2025-03-07 19:30:00,72.0999984741211,72.30000305175781,72.0,72.06500244140625,296218.0
2025-03-07 20:30:00,72.12000274658203,72.1500015258789,72.0199966430664,72.05000305175781,192697.0
2025-03-10 13:30:00,72.05999755859375,72.24500274658203,71.52999877929688,71.58000183105469,477143.0
2025-03-10 14:30:00,71.51000213623047,71.7699966430664,71.36000061035156,71.61000061035156,200735.0
2025-03-10 15:30:00,71.62999725341797,71.7699966430664,71.20999908447266,71.28500366210938,282586.0
2025-03-10 16:30:00,71.29000091552734,71.45999908447266,71.05999755859375,71.0999984741211,167822.0
2025-03-10 17:30:00,71.0999984741211,71.13999938964844,70.9000015258789,71.01000213623047,134542.0
2025-03-10 18:30:00,71.0199966430664,71.05000305175781,70.73999786376953,70.91000366210938,290706.0
2025-03-10 19:30:00,70.91500091552734,71.0,70.83999633789062,70.91000366210938,178784.0
2025-03-11 13:30:00,71.80000305175781,72.17009735107422,71.5,71.63999938964844,318681.0
2025-03-11 14:30:00,71.66999816894531,71.93000030517578,71.5,71.86000061035156,141580.0
2025-03-11 15:30:00,71.88500213623047,72.02999877929688,71.55000305175781,71.55000305175781,154584.0
2025-03-11 16:30:00,71.58000183105469,71.68000030517578,71.18000030517578,71.26000213623047,148864.0
2025-03-11 17:30:00,71.26000213623047,71.41000366210938,70.9800033569336,71.22000122070312,259171.0
2025-03-11 18:30:00,71.25,71.58000183105469,71.2300033569336,71.41999816894531,352154.0
2025-03-11 19:30:00,71.43000030517578,71.5999984741211,71.43000030517578,71.45500183105469,289105.0
2025-03-12 13:30:00,72.31999969482422,72.55999755859375,72.04000091552734,72.44000244140625,417016.0
2025-03-12 14:30:00,72.43000030517578,72.77999877929688,72.33999633789062,72.62000274658203,275436.0
2025-03-12 15:30:00,72.61000061035156,72.91500091552734,72.61000061035156,72.84020233154297,203217.0
2025-03-12 16:30:00,72.88999938964844,72.97000122070312,72.69999694824219,72.80999755859375,174003.0
2025-03-12 17:30:00,72.79000091552734,72.87000274658203,72.72000122070312,72.80999755859375,228412.0
2025-03-12 18:30:00,72.83999633789062,72.9000015258789,72.68000030517578,72.71499633789062,739488.0
2025-03-12 19:30:00,72.72000122070312,72.83100128173828,72.72000122070312,72.81999969482422,154437.0
2025-03-13 13:30:00,72.08000183105469,72.4000015258789,71.93000030517578,72.28500366210938,628600.0
2025-03-13 14:30:00,72.29000091552734,72.44249725341797,72.01000213623047,72.08999633789062,177263.0
2025-03-13 15:30:00,72.06999969482422,72.30999755859375,71.41999816894531,71.9000015258789,644086.0
2025-03-13 16:30:00,71.87999725341797,71.97000122070312,71.52999877929688,71.55500030517578,371459.0
2025-03-13 17:30:00,71.55999755859375,71.6500015258789,71.41000366210938,71.6449966430664,252503.0
2025-03-13 18:30:00,71.58999633789062,71.6500015258789,71.54499816894531,71.63500213623047,475317.0
2025-03-13 19:30:00,71.63999938964844,71.70999908447266,71.55999755859375,71.5999984741211,332597.0
2025-03-14 13:30:00,71.88999938964844,72.0999984741211,71.6500015258789,71.76000213623047,452848.0
2025-03-14 14:30:00,71.76000213623047,72.16999816894531,71.68000030517578,71.95999908447266,207415.0
2025-03-14 15:30:00,71.98500061035156,72.19999694824219,71.93000030517578,72.08999633789062,148546.0
2025-03-14 16:30:00,72.12000274658203,72.43000030517578,72.12000274658203,72.34500122070312,203384.0
2025-03-14 17:30:00,72.34500122070312,72.3499984741211,72.125,72.29499816894531,126864.0
2025-03-14 18:30:00,72.29499816894531,72.40499877929688,72.29499816894531,72.33000183105469,354840.0
2025-03-14 19:30:00,72.33000183105469,72.36499786376953,72.26499938964844,72.27999877929688,387925.0
2025-03-17 13:30:00,72.9800033569336,73.16999816894531,72.88999938964844,72.90019989013672,458734.0
2025-03-17 14:30:00,72.88999938964844,72.95999908447266,72.43000030517578,72.67500305175781,418721.0
2025-03-17 15:30:00,72.67500305175781,72.91999816894531,72.55000305175781,72.83000183105469,776968.0
2025-03-17 16:30:00,72.80999755859375,72.8499984741211,72.58999633789062,72.8499984741211,86399.0
2025-03-17 17:30:00,72.85009765625,73.06999969482422,72.72000122070312,72.83999633789062,317084.0
2025-03-17 18:30:00,72.8499984741211,72.86000061035156,72.7300033569336,72.77999877929688,296352.0
2025-03-17 19:30:00,72.7750015258789,72.79789733886719,72.72000122070312,72.73999786376953,319015.0
2025-03-18 13:30:00,73.38999938964844,73.48999786376953,72.97000122070312,72.98999786376953,596449.0
2025-03-18 14:30:00,73.01599884033203,73.13760375976562,72.8301010131836,72.9000015258789,243215.0
2025-03-18 15:30:00,72.9000015258789,72.9800033569336,72.36000061035156,72.4000015258789,311523.0
2025-03-18 16:30:00,72.41000366210938,72.7699966430664,71.97000122070312,72.2699966430664,877646.0
2025-03-18 17:30:00,72.29499816894531,72.35980224609375,72.06999969482422,72.13999938964844,163278.0
2025-03-18 18:30:00,72.16999816894531,72.22000122070312,72.06999969482422,72.19499969482422,113811.0
2025-03-18 19:30:00,72.2074966430664,72.20999908447266,72.13999938964844,72.19999694824219,341612.0
2025-03-19 13:30:00,72.08000183105469,72.2300033569336,71.93000030517578,72.16000366210938,304745.0
2025-03-19 14:30:00,72.13999938964844,72.75,72.0999984741211,72.70999908447266,224177.0
2025-03-19 15:30:00,72.72000122070312,72.80000305175781,72.30999755859375,72.37999725341797,440912.0
2025-03-19 16:30:00,72.3499984741211,72.87999725341797,72.27999877929688,72.56999969482422,197676.0
2025-03-19 17:30:00,72.55999755859375,72.63999938964844,72.13999938964844,72.33999633789062,163414.0
2025-03-19 18:30:00,72.34500122070312,72.51499938964844,72.34500122070312,72.44000244140625,147592.0
2025-03-19 19:30:00,72.45999908447266,72.54000091552734,72.41000366210938,72.45999908447266,232450.0
2025-03-20 13:30:00,72.2300033569336,73.2300033569336,72.04000091552734,73.0199966430664,650702.0
2025-03-20 14:30:00,73.02999877929688,73.73500061035156,72.94999694824219,73.7249984741211,813161.0
2025-03-20 15:30:00,73.72000122070312,73.76000213623047,73.37999725341797,73.41999816894531,355288.0
2025-03-20 16:30:00,73.42500305175781,73.6500015258789,73.37999725341797,73.50499725341797,175927.0
2025-03-20 17:30:00,73.51499938964844,73.6500015258789,73.5,73.61000061035156,137538.0
2025-03-20 18:30:00,73.58000183105469,73.7699966430664,73.52999877929688,73.70989990234375,143579.0
2025-03-20 19:30:00,73.70999908447266,73.80000305175781,73.70159912109375,73.76000213623047,194292.0
2025-03-21 13:30:00,73.38999938964844,73.5999984741211,73.13500213623047,73.55000305175781,380329.0
2025-03-21 14:30:00,73.55999755859375,73.86000061035156,73.4926986694336,73.58999633789062,191811.0
2025-03-21 15:30:00,73.5999984741211,73.81999969482422,73.41000366210938,73.76000213623047,166017.0
2025-03-21 16:30:00,73.75,73.94000244140625,73.69000244140625,73.8499984741211,223840.0
2025-03-21 17:30:00,73.86000061035156,73.95999908447266,73.70999908447266,73.81500244140625,180670.0
2025-03-21 18:30:00,73.81999969482422,73.91999816894531,73.79000091552734,73.79499816894531,152556.0
2025-03-21 19:30:00,73.79499816894531,73.80000305175781,73.70500183105469,73.76499938964844,220040.0
2025-03-24 13:30:00,74.12999725341797,74.61000061035156,73.94000244140625,74.41500091552734,971584.0
2025-03-24 14:30:00,74.42990112304688,74.80000305175781,74.4000015258789,74.5999984741211,886117.0
2025-03-24 15:30:00,74.61000061035156,74.9749984741211,74.61000061035156,74.79000091552734,200482.0
2025-03-24 16:30:00,74.80000305175781,74.8499984741211,74.41999816894531,74.50499725341797,158328.0
2025-03-24 17:30:00,74.5,74.7750015258789,74.4800033569336,74.74500274658203,114439.0
2025-03-24 18:30:00,74.75,74.87999725341797,74.62999725341797,74.83000183105469,109395.0
2025-03-24 19:30:00,74.83000183105469,74.90499877929688,74.83000183105469,74.87000274658203,274500.0
2025-03-25 13:30:00,75.2300033569336,75.36000061035156,75.01000213623047,75.11000061035156,595460.0
2025-03-25 14:30:00,75.04000091552734,75.06999969482422,74.58000183105469,74.62000274658203,348217.0
2025-03-25 15:30:00,74.62000274658203,74.66999816894531,74.12000274658203,74.37000274658203,313488.0
2025-03-25 16:30:00,74.37039947509766,74.53500366210938,74.28500366210938,74.36000061035156,162503.0
2025-03-25 17:30:00,74.37999725341797,74.65499877929688,74.36000061035156,74.6500015258789,118050.0
2025-03-25 18:30:00,74.6500015258789,74.75,74.51000213623047,74.73999786376953,157902.0
2025-03-25 19:30:00,74.73999786376953,74.83000183105469,74.7249984741211,74.80500030517578,192770.0
2025-03-26 13:30:00,75.33999633789062,75.72000122070312,75.31999969482422,75.6500015258789,808964.0
2025-03-26 14:30:00,75.5999984741211,75.93000030517578,75.43499755859375,75.5999984741211,427207.0
2025-03-26 15:30:00,75.5999984741211,75.8772964477539,75.4800033569336,75.6050033569336,182689.0
2025-03-26 16:30:00,75.5999984741211,75.70500183105469,75.4000015258789,75.5,197824.0
2025-03-26 17:30:00,75.4800033569336,75.4800033569336,75.12999725341797,75.33999633789062,142540.0
2025-03-26 18:30:00,75.33999633789062,75.41999816894531,75.30500030517578,75.38999938964844,392927.0
2025-03-26 19:30:00,75.4000015258789,75.45500183105469,75.37439727783203,75.41000366210938,257469.0
2025-03-27 13:30:00,75.26000213623047,75.47000122070312,74.77999877929688,75.47000122070312,352401.0
2025-03-27 14:30:00,75.45999908447266,75.68000030517578,75.44000244140625,75.56999969482422,306847.0
2025-03-27 15:30:00,75.55999755859375,75.56999969482422,75.2699966430664,75.45999908447266,233429.0
2025-03-27 16:30:00,75.45999908447266,75.55000305175781,75.27999877929688,75.44999694824219,195760.0
2025-03-27 17:30:00,75.44999694824219,75.66500091552734,75.41000366210938,75.61000061035156,192323.0
2025-03-27 18:30:00,75.58999633789062,75.63999938964844,75.57499694824219,75.6050033569336,105423.0
2025-03-27 19:30:00,75.5999984741211,75.5999984741211,75.45999908447266,75.4749984741211,171299.0
2025-03-28 13:30:00,75.5199966430664,75.54000091552734,75.05999755859375,75.0999984741211,547715.0
2025-03-28 14:30:00,75.0999984741211,75.30500030517578,74.90499877929688,75.16999816894531,313508.0
2025-03-28 15:30:00,75.17500305175781,75.2300033569336,74.58000183105469,74.72000122070312,634440.0
2025-03-28 16:30:00,74.72000122070312,75.11000061035156,74.72000122070312,75.01000213623047,220956.0
2025-03-28 17:30:00,74.98999786376953,75.19000244140625,74.93000030517578,75.0199966430664,282613.0
2025-03-28 18:30:00,75.01000213623047,75.05000305175781,74.9000015258789,74.9000015258789,85027.0
2025-03-28 19:30:00,74.90499877929688,74.90499877929688,74.7699966430664,74.79000091552734,286029.0
2025-03-31 13:30:00,75.41999816894531,76.55989837646484,75.28189849853516,76.53500366210938,787625.0
2025-03-31 14:30:00,76.55000305175781,77.01499938964844,76.53500366210938,77.01000213623047,406607.0
2025-03-31 15:30:00,77.01000213623047,77.41999816894531,76.98999786376953,77.4175033569336,267040.0
2025-03-31 16:30:00,77.41999816894531,77.72000122070312,77.33499908447266,77.37999725341797,432770.0
2025-03-31 17:30:00,77.37999725341797,77.51000213623047,77.27999877929688,77.33999633789062,606498.0
2025-03-31 18:30:00,77.31999969482422,77.51000213623047,77.31500244140625,77.38500213623047,207851.0
2025-03-31 19:30:00,77.37999725341797,77.4000015258789,77.29000091552734,77.30000305175781,298746.0
2025-04-01 13:30:00,77.5999984741211,78.01000213623047,77.27999877929688,77.50499725341797,927910.0
2025-04-01 14:30:00,77.5,77.5999984741211,77.33999633789062,77.5,382727.0
2025-04-01 15:30:00,77.48999786376953,77.48999786376953,77.1449966430664,77.19499969482422,412103.0
2025-04-01 16:30:00,77.16999816894531,77.18499755859375,77.01499938964844,77.11499786376953,183147.0
2025-04-01 17:30:00,77.12000274658203,77.21690368652344,76.875,77.06999969482422,385790.0
2025-04-01 18:30:00,77.08509826660156,77.12000274658203,76.94000244140625,77.09500122070312,190743.0
2025-04-01 19:30:00,77.08999633789062,77.0999984741211,77.0250015258789,77.05000305175781,218112.0
2025-04-02 13:30:00,76.72000122070312,77.23999786376953,76.69000244140625,77.08000183105469,954366.0
2025-04-02 14:30:00,77.16000366210938,77.43000030517578,76.87000274658203,77.29000091552734,549822.0
2025-04-02 15:30:00,77.30000305175781,77.76000213623047,77.22000122070312,77.72750091552734,228849.0
2025-04-02 16:30:00,77.7300033569336,77.81999969482422,77.51000213623047,77.72000122070312,111336.0
2025-04-02 17:30:00,77.7249984741211,77.86000061035156,77.52999877929688,77.61000061035156,265614.0
2025-04-02 18:30:00,77.61000061035156,77.80000305175781,77.6050033569336,77.67500305175781,252541.0
2025-04-02 19:30:00,77.66999816894531,77.79000091552734,77.65499877929688,77.76000213623047,246587.0
2025-04-03 13:30:00,72.16000366210938,72.69920349121094,71.95999908447266,72.00499725341797,2298302.0
2025-04-03 14:30:00,71.98999786376953,72.12000274658203,71.43499755859375,71.9000015258789,1103458.0
2025-04-03 15:30:00,71.91000366210938,72.3499984741211,71.79000091552734,72.1500015258789,597071.0
2025-04-03 16:30:00,72.16000366210938,72.3499984741211,71.97000122070312,72.27999877929688,375649.0
2025-04-03 17:30:00,72.29000091552734,72.67500305175781,72.20999908447266,72.52999877929688,496506.0
2025-04-03 18:30:00,72.529296875,72.55999755859375,72.19999694824219,72.27999877929688,392745.0
2025-04-03 19:30:00,72.27999877929688,72.30999755859375,72.22000122070312,72.25,843690.0
2025-04-04 13:30:00,66.9000015258789,67.12999725341797,66.01000213623047,66.02999877929688,3210278.0
2025-04-04 14:30:00,66.04499816894531,68.41999816894531,65.62000274658203,67.1500015258789,2246093.0
2025-04-04 15:30:00,67.18000030517578,67.43000030517578,66.73999786376953,66.87999725341797,765946.0
2025-04-04 16:30:00,66.87999725341797,67.18000030517578,66.63999938964844,66.8949966430664,1002716.0
2025-04-04 17:30:00,66.87999725341797,67.4000015258789,66.69999694824219,67.17500305175781,714452.0
2025-04-04 18:30:00,67.16999816894531,67.95999908447266,67.11499786376953,67.95500183105469,427292.0
2025-04-04 19:30:00,67.94000244140625,68.15499877929688,67.86000061035156,67.93000030517578,719916.0
2025-04-07 13:30:00,65.63999938964844,69.19999694824219,65.08000183105469,66.58000183105469,2585983.0
2025-04-07 14:30:00,66.58000183105469,67.2300033569336,64.94000244140625,65.54000091552734,1539216.0
2025-04-07 15:30:00,65.55000305175781,66.20999908447266,65.51000213623047,65.98999786376953,735838.0
2025-04-07 16:30:00,65.94999694824219,66.5999984741211,65.80999755859375,66.58000183105469,487037.0
2025-04-07 17:30:00,66.58999633789062,66.87999725341797,65.66000366210938,65.70999908447266,507063.0
2025-04-07 18:30:00,65.79000091552734,66.41000366210938,65.69000244140625,65.9800033569336,704605.0
2025-04-07 19:30:00,65.94999694824219,66.4000015258789,65.9000015258789,65.9800033569336,887122.0
2025-04-08 13:30:00,66.5999984741211,66.80000305175781,65.77999877929688,66.73999786376953,1210615.0
2025-04-08 14:30:00,66.7300033569336,66.7699966430664,65.4520034790039,65.5199966430664,627394.0
2025-04-08 15:30:00,65.5199966430664,66.61000061035156,65.47000122070312,65.83000183105469,1240569.0
2025-04-08 16:30:00,65.81999969482422,65.88999938964844,64.25,64.63500213623047,1258947.0
2025-04-08 17:30:00,64.63999938964844,65.30000305175781,64.4000015258789,64.48999786376953,823752.0
2025-04-08 18:30:00,64.51000213623047,64.70999908447266,63.220001220703125,63.560001373291016,961096.0
2025-04-08 19:30:00,63.55500030517578,63.55500030517578,62.7400016784668,63.36000061035156,1942174.0
2025-04-09 13:30:00,61.72999954223633,62.75,61.064998626708984,61.119998931884766,1911605.0
2025-04-09 14:30:00,61.16999816894531,61.880001068115234,60.66999816894531,61.75,1987503.0
2025-04-09 15:30:00,61.75,62.26499938964844,61.5,62.099998474121094,731898.0
2025-04-09 16:30:00,62.09000015258789,66.56999969482422,61.29999923706055,65.25,2848900.0
2025-04-09 17:30:00,65.2699966430664,68.04499816894531,65.0199966430664,67.30000305175781,4065075.0
2025-04-09 18:30:00,67.33999633789062,67.79000091552734,66.4800033569336,67.62999725341797,2218219.0
2025-04-09 19:30:00,67.62999725341797,67.9000015258789,67.37999725341797,67.52999877929688,1144916.0
2025-04-10 13:30:00,64.7699966430664,64.83999633789062,63.599998474121094,64.6500015258789,1541087.0
2025-04-10 14:30:00,64.6500015258789,64.88500213623047,64.0,64.7699966430664,941823.0
2025-04-10 15:30:00,64.77999877929688,65.37999725341797,63.83000183105469,64.01000213623047,943188.0
2025-04-10 16:30:00,64.01000213623047,64.91000366210938,64.01000213623047,64.25,645380.0
2025-04-10 17:30:00,64.25,65.2699966430664,64.25,65.0999984741211,795276.0
2025-04-10 18:30:00,65.11000061035156,65.44000244140625,64.98999786376953,65.17009735107422,658298.0
2025-04-10 19:30:00,65.18000030517578,65.47000122070312,64.95999908447266,65.36000061035156,762594.0
2025-04-11 13:30:00,64.6500015258789,65.33999633789062,64.63999938964844,64.80000305175781,922635.0
2025-04-11 14:30:00,64.80999755859375,65.30000305175781,64.7699966430664,65.1500015258789,759675.0
2025-04-11 15:30:00,65.16999816894531,65.69999694824219,65.0999984741211,65.5199966430664,393717.0
2025-04-11 16:30:00,65.52999877929688,66.23999786376953,65.52999877929688,66.20999908447266,470708.0
2025-04-11 17:30:00,66.22000122070312,66.75039672851562,66.1500015258789,66.45999908447266,493052.0
2025-04-11 18:30:00,66.45999908447266,66.73500061035156,66.37000274658203,66.59500122070312,410732.0
2025-04-11 19:30:00,66.58999633789062,66.58999633789062,66.43000030517578,66.4800033569336,678558.0
2025-04-14 13:30:00,67.12000274658203,67.12899780273438,66.58000183105469,66.91999816894531,669532.0
2025-04-14 14:30:00,66.94999694824219,67.0199966430664,66.2300033569336,66.41999816894531,505324.0
2025-04-14 15:30:00,66.43000030517578,66.51000213623047,65.62000274658203,65.95999908447266,593402.0
2025-04-14 16:30:00,65.91999816894531,66.19000244140625,65.80000305175781,65.81500244140625,379456.0
2025-04-14 17:30:00,65.8499984741211,66.66999816894531,65.83000183105469,66.66999816894531,439145.0
2025-04-14 18:30:00,66.66999816894531,66.7699966430664,66.51499938964844,66.72000122070312,195305.0
2025-04-14 19:30:00,66.72000122070312,66.78500366210938,66.68000030517578,66.69999694824219,325077.0
2025-04-15 13:30:00,66.47000122070312,66.91999816894531,66.16999816894531,66.43000030517578,549021.0
2025-04-15 14:30:00,66.41999816894531,66.58000183105469,66.1500015258789,66.19000244140625,419176.0
2025-04-15 15:30:00,66.19999694824219,66.2699966430664,65.91500091552734,66.21990203857422,184800.0
2025-04-15 16:30:00,66.23999786376953,66.41999816894531,66.1500015258789,66.26000213623047,178935.0
2025-04-15 17:30:00,66.23999786376953,66.38999938964844,66.19619750976562,66.29000091552734,126308.0
2025-04-15 18:30:00,66.30000305175781,66.52999877929688,66.29499816894531,66.5,73991.0
2025-04-15 19:30:00,66.46499633789062,66.56999969482422,66.44999694824219,66.5,186418.0
2025-04-16 13:30:00,66.98999786376953,67.69999694824219,66.98999786376953,67.6500015258789,1119907.0
2025-04-16 14:30:00,67.6500015258789,67.80999755859375,67.16000366210938,67.58999633789062,1010075.0
2025-04-16 15:30:00,67.61000061035156,67.63500213623047,67.25,67.43000030517578,390460.0
2025-04-16 16:30:00,67.45999908447266,67.7699966430664,67.40499877929688,67.67500305175781,171816.0
2025-04-16 17:30:00,67.68000030517578,67.68000030517578,67.16000366210938,67.4800033569336,513514.0
2025-04-16 18:30:00,67.48999786376953,67.97000122070312,67.45999908447266,67.58000183105469,1513470.0
2025-04-16 19:30:00,67.5999984741211,67.80500030517578,67.58999633789062,67.72100067138672,601682.0
2025-04-17 13:30:00,68.3499984741211,68.68000030517578,68.1500015258789,68.41000366210938,1155992.0
2025-04-17 14:30:00,68.41000366210938,69.43000030517578,68.33999633789062,69.40290069580078,509968.0
2025-04-17 15:30:00,69.41000366210938,70.01000213623047,69.30000305175781,70.01000213623047,684792.0
2025-04-17 16:30:00,70.01000213623047,70.01499938964844,69.52999877929688,69.55500030517578,541901.0
2025-04-17 17:30:00,69.55999755859375,70.05000305175781,69.55500030517578,69.86000061035156,347405.0
2025-04-17 18:30:00,69.8499984741211,69.86360168457031,69.56999969482422,69.56999969482422,696363.0
2025-04-17 19:30:00,69.56999969482422,69.5999984741211,69.37999725341797,69.45999908447266,733261.0
2025-04-21 13:30:00,68.2699966430664,68.30000305175781,67.44000244140625,67.81999969482422,817834.0
2025-04-21 14:30:00,67.80999755859375,68.22000122070312,67.77999877929688,68.01499938964844,241415.0
2025-04-21 15:30:00,68.01000213623047,68.16999816894531,67.66999816894531,67.8499984741211,269978.0
2025-04-21 16:30:00,67.83999633789062,68.125,67.82499694824219,68.01000213623047,155603.0
2025-04-21 17:30:00,68.0,68.2699966430664,67.94000244140625,68.16999816894531,232408.0
2025-04-21 18:30:00,68.18000030517578,68.63999938964844,68.18000030517578,68.45999908447266,202981.0
2025-04-21 19:30:00,68.47000122070312,68.65499877929688,68.43499755859375,68.63999938964844,369622.0
2025-04-22 13:30:00,68.88999938964844,69.29000091552734,68.72000122070312,69.12000274658203,1039793.0
2025-04-22 14:30:00,69.12000274658203,69.80999755859375,68.91000366210938,69.62999725341797,667009.0
2025-04-22 15:30:00,69.6500015258789,70.2699966430664,69.61000061035156,70.2300033569336,344524.0
2025-04-22 16:30:00,70.23999786376953,70.25,69.5250015258789,69.58000183105469,742334.0
2025-04-22 17:30:00,69.58000183105469,69.80999755859375,69.3499984741211,69.54000091552734,795795.0
2025-04-22 18:30:00,69.52999877929688,69.53500366210938,69.26499938964844,69.30500030517578,478734.0
2025-04-22 19:30:00,69.30500030517578,69.37000274658203,69.2614974975586,69.3499984741211,390556.0
2025-04-23 13:30:00,68.98999786376953,69.80999755859375,67.19000244140625,67.86000061035156,4121180.0
2025-04-23 14:30:00,67.91000366210938,68.61000061035156,67.44999694824219,67.4800033569336,1326222.0
2025-04-23 15:30:00,67.5,68.29000091552734,67.38999938964844,68.11000061035156,1201009.0
2025-04-23 16:30:00,68.12000274658203,68.36000061035156,67.5199966430664,67.61000061035156,1112638.0
2025-04-23 17:30:00,67.62000274658203,68.1449966430664,67.3499984741211,67.95999908447266,533782.0
2025-04-23 18:30:00,67.97000122070312,68.08000183105469,67.83499908447266,67.91999816894531,211563.0
2025-04-23 19:30:00,67.90499877929688,68.1050033569336,67.85230255126953,68.05000305175781,312571.0
2025-04-24 13:30:00,68.6500015258789,68.8550033569336,68.27999877929688,68.45999908447266,654262.0
2025-04-24 14:30:00,68.43000030517578,68.5,67.69999694824219,68.01000213623047,2041583.0
2025-04-24 15:30:00,67.9800033569336,68.36000061035156,67.88999938964844,68.28500366210938,532920.0
2025-04-24 16:30:00,68.30000305175781,68.75499725341797,68.30000305175781,68.70999908447266,316540.0
2025-04-24 17:30:00,68.69999694824219,68.7300033569336,68.5,68.58000183105469,314638.0
2025-04-24 18:30:00,68.55999755859375,68.58999633789062,68.33000183105469,68.41000366210938,158413.0
2025-04-24 19:30:00,68.41999816894531,68.5,68.37000274658203,68.47000122070312,178933.0
2025-04-25 13:30:00,68.05000305175781,68.48999786376953,68.05000305175781,68.20999908447266,549606.0
2025-04-25 14:30:00,68.22000122070312,68.69999694824219,68.04000091552734,68.63999938964844,387169.0
2025-04-25 15:30:00,68.63999938964844,68.87000274658203,68.58000183105469,68.81999969482422,340531.0
2025-04-25 16:30:00,68.81999969482422,69.12999725341797,68.67500305175781,68.87000274658203,674461.0
2025-04-25 17:30:00,68.87000274658203,68.93000030517578,68.54000091552734,68.86000061035156,423073.0
2025-04-25 18:30:00,68.86000061035156,69.18000030517578,68.83000183105469,69.08999633789062,216680.0
2025-04-25 19:30:00,69.08000183105469,69.09500122070312,68.94999694824219,69.0199966430664,257202.0
2025-04-28 13:30:00,68.87000274658203,69.04000091552734,67.94000244140625,68.0,1004986.0
2025-04-28 14:30:00,67.9000015258789,68.31999969482422,67.40499877929688,67.41000366210938,645699.0
2025-04-28 15:30:00,67.41999816894531,67.78160095214844,67.41999816894531,67.52999877929688,384282.0
2025-04-28 16:30:00,67.52999877929688,67.62000274658203,67.16999816894531,67.31999969482422,266137.0
2025-04-28 17:30:00,67.33000183105469,67.83999633789062,67.2750015258789,67.77999877929688,376769.0
2025-04-28 18:30:00,67.79000091552734,67.83000183105469,67.66500091552734,67.70999908447266,148497.0
2025-04-28 19:30:00,67.70999908447266,67.80000305175781,67.68499755859375,67.76000213623047,351934.0
2025-04-29 13:30:00,66.69000244140625,66.80999755859375,66.08999633789062,66.1500015258789,1664314.0
2025-04-29 14:30:00,66.13999938964844,66.7300033569336,66.03009796142578,66.66999816894531,794022.0
2025-04-29 15:30:00,66.6500015258789,66.65139770507812,66.05500030517578,66.0999984741211,426077.0
2025-04-29 16:30:00,66.1050033569336,66.16999816894531,65.88500213623047,66.12449645996094,385161.0
2025-04-29 17:30:00,66.125,66.30999755859375,65.82499694824219,66.08000183105469,525872.0
2025-04-29 18:30:00,66.08000183105469,66.08000183105469,65.84500122070312,65.91000366210938,309996.0
2025-04-29 19:30:00,65.91999816894531,65.94000244140625,65.83000183105469,65.87000274658203,471171.0
2025-04-30 13:30:00,65.44999694824219,65.58999633789062,64.66000366210938,65.1500015258789,852735.0
2025-04-30 14:30:00,65.1500015258789,65.6500015258789,64.6500015258789,65.5199966430664,789150.0
2025-04-30 15:30:00,65.5,65.72000122070312,63.380001068115234,63.470001220703125,3592636.0
2025-04-30 16:30:00,63.4900016784668,63.869998931884766,63.29999923706055,63.810001373291016,1110495.0
2025-04-30 17:30:00,63.83000183105469,64.56999969482422,63.54999923706055,63.60499954223633,1678214.0
2025-04-30 18:30:00,63.599998474121094,63.66999816894531,63.439998626708984,63.44499969482422,1019512.0
2025-04-30 19:30:00,63.45000076293945,63.630001068115234,63.45000076293945,63.56999969482422,769165.0
2025-05-01 13:30:00,63.59000015258789,64.3499984741211,63.43000030517578,64.2300033569336,2582549.0
2025-05-01 14:30:00,64.2300033569336,64.51000213623047,63.744998931884766,64.0999984741211,863163.0
2025-05-01 15:30:00,64.1050033569336,64.12999725341797,63.095001220703125,63.42499923706055,691746.0
2025-05-01 16:30:00,63.40999984741211,64.125,63.31999969482422,64.12000274658203,726959.0
2025-05-01 17:30:00,64.0999984741211,65.08000183105469,63.79999923706055,64.7300033569336,4196285.0
2025-05-01 18:30:00,64.73999786376953,64.91000366210938,64.47000122070312,64.6500015258789,848424.0
2025-05-01 19:30:00,64.65499877929688,64.66000366210938,64.45999908447266,64.55999755859375,637167.0
2025-05-02 13:30:00,64.52999877929688,64.5999984741211,63.11000061035156,64.08000183105469,2146775.0
2025-05-02 14:30:00,64.05999755859375,64.12000274658203,63.4900016784668,63.630001068115234,799141.0
2025-05-02 15:30:00,63.630001068115234,64.5,63.400001525878906,63.63999938964844,1507603.0
2025-05-02 16:30:00,63.650001525878906,63.90999984741211,63.15010070800781,63.568599700927734,1032033.0
2025-05-02 17:30:00,63.58000183105469,63.869998931884766,63.5099983215332,63.77000045776367,288715.0
2025-05-02 18:30:00,63.77000045776367,63.86000061035156,63.52000045776367,63.76499938964844,499137.0
2025-05-02 19:30:00,63.779998779296875,64.05999755859375,63.709999084472656,64.0,745859.0
2025-05-05 13:30:00,62.849998474121094,63.02000045776367,62.01499938964844,62.099998474121094,1352764.0
2025-05-05 14:30:00,62.095001220703125,62.30500030517578,61.75,61.93000030517578,931151.0
2025-05-05 15:30:00,61.91999816894531,62.630001068115234,61.91999816894531,62.58000183105469,901513.0
2025-05-05 16:30:00,62.58000183105469,62.58000183105469,62.29069900512695,62.459999084472656,472223.0
2025-05-05 17:30:00,62.470001220703125,62.63999938964844,62.429901123046875,62.4900016784668,224235.0
2025-05-05 18:30:00,62.5,62.54999923706055,62.43000030517578,62.44070053100586,320659.0
2025-05-05 19:30:00,62.439998626708984,62.45000076293945,62.33000183105469,62.3650016784668,594109.0
2025-05-06 13:30:00,64.69999694824219,65.13999938964844,64.58999633789062,65.09989929199219,1699599.0
2025-05-06 14:30:00,65.08000183105469,65.26000213623047,64.74500274658203,65.0999984741211,475622.0
2025-05-06 15:30:00,65.08000183105469,65.41000366210938,64.8488998413086,64.95999908447266,910768.0
2025-05-06 16:30:00,64.9999008178711,65.0,64.58999633789062,64.61499786376953,505187.0
2025-05-06 17:30:00,64.5999984741211,64.98999786376953,64.58000183105469,64.61000061035156,578136.0
2025-05-06 18:30:00,64.61000061035156,64.63999938964844,64.45999908447266,64.5199966430664,552994.0
2025-05-06 19:30:00,64.5199966430664,64.6500015258789,64.48999786376953,64.61000061035156,640756.0
2025-05-07 13:30:00,64.41000366210938,64.61000061035156,64.16000366210938,64.43000030517578,648810.0
2025-05-07 14:30:00,64.43000030517578,64.66999816894531,63.86000061035156,63.90999984741211,836421.0
2025-05-07 15:30:00,63.91999816894531,64.01000213623047,63.709999084472656,63.709999084472656,244676.0
2025-05-07 16:30:00,63.70000076293945,64.05000305175781,63.70000076293945,63.79010009765625,272802.0
2025-05-07 17:30:00,63.79999923706055,63.91999816894531,63.2599983215332,63.529998779296875,421228.0
2025-05-07 18:30:00,63.53499984741211,63.665000915527344,63.31999969482422,63.345001220703125,405592.0
2025-05-07 19:30:00,63.349998474121094,63.56999969482422,63.310001373291016,63.540000915527344,723321.0
2025-05-08 13:30:00,64.44000244140625,65.44000244140625,64.43000030517578,65.26000213623047,925909.0
2025-05-08 14:30:00,65.26000213623047,65.44000244140625,64.93000030517578,65.23999786376953,716155.0
2025-05-08 15:30:00,65.20999908447266,65.63999938964844,65.20999908447266,65.30000305175781,608377.0
2025-05-08 16:30:00,65.30999755859375,65.62999725341797,65.23500061035156,65.48999786376953,317078.0
2025-05-08 17:30:00,65.5,65.69999694824219,65.43000030517578,65.52999877929688,337412.0
2025-05-08 18:30:00,65.5199966430664,65.73999786376953,65.5199966430664,65.6449966430664,527965.0
2025-05-08 19:30:00,65.6449966430664,65.6500015258789,65.55000305175781,65.58999633789062,878807.0
2025-05-09 13:30:00,65.95999908447266,66.29000091552734,65.87000274658203,65.9800033569336,613408.0
2025-05-09 14:30:00,65.95999908447266,66.43000030517578,65.9197998046875,66.31999969482422,410438.0
2025-05-09 15:30:00,66.33000183105469,66.5,66.16000366210938,66.26000213623047,303262.0
2025-05-09 16:30:00,66.27999877929688,66.7300033569336,66.27999877929688,66.7300033569336,439907.0
2025-05-09 17:30:00,66.72000122070312,66.79499816894531,66.55999755859375,66.7249984741211,229473.0
2025-05-09 18:30:00,66.7300033569336,66.81999969482422,66.63500213623047,66.72000122070312,708830.0
2025-05-09 19:30:00,66.7249984741211,66.7300033569336,66.58000183105469,66.63999938964844,1243244.0
2025-05-12 13:30:00,69.08000183105469,69.27999877929688,68.62999725341797,69.08879852294922,2045273.0
2025-05-12 14:30:00,69.08000183105469,69.08000183105469,68.0999984741211,68.0999984741211,793839.0
2025-05-12 15:30:00,68.11499786376953,68.36499786376953,67.94000244140625,68.0,262180.0
2025-05-12 16:30:00,68.01499938964844,68.23999786376953,68.01000213623047,68.06500244140625,338862.0
2025-05-12 17:30:00,68.06500244140625,68.13999938964844,67.62069702148438,67.81999969482422,273335.0
2025-05-12 18:30:00,67.81999969482422,67.8499984741211,67.61499786376953,67.63999938964844,232420.0
2025-05-12 19:30:00,67.62999725341797,67.66000366210938,67.4800033569336,67.62000274658203,609168.0
2025-05-13 13:30:00,68.44999694824219,69.125,68.4000015258789,69.05999755859375,754983.0
2025-05-13 14:30:00,69.05999755859375,69.41999816894531,68.73999786376953,69.23999786376953,1487528.0
2025-05-13 15:30:00,69.25,69.87000274658203,69.22000122070312,69.80500030517578,1156034.0
2025-05-13 16:30:00,69.81999969482422,69.87339782714844,69.70999908447266,69.80000305175781,303987.0
2025-05-13 17:30:00,69.80999755859375,69.87999725341797,69.62999725341797,69.68000030517578,383637.0
2025-05-13 18:30:00,69.68000030517578,69.72100067138672,69.58000183105469,69.70999908447266,282666.0
2025-05-13 19:30:00,69.70999908447266,69.70999908447266,69.57499694824219,69.59500122070312,310455.0
2025-05-14 13:30:00,69.27999877929688,69.5199966430664,69.16000366210938,69.3125,609307.0
2025-05-14 14:30:00,69.30000305175781,69.55000305175781,68.91999816894531,68.98999786376953,668068.0
2025-05-14 15:30:00,68.9800033569336,69.44000244140625,68.87999725341797,69.4000015258789,286511.0
2025-05-14 16:30:00,69.41999816894531,69.47000122070312,69.19999694824219,69.29000091552734,155391.0
2025-05-14 17:30:00,69.27999877929688,69.37999725341797,68.97000122070312,69.02999877929688,422221.0
2025-05-14 18:30:00,69.05999755859375,69.05999755859375,68.80500030517578,68.80999755859375,279329.0
2025-05-14 19:30:00,68.80500030517578,68.82499694824219,68.69999694824219,68.72000122070312,259379.0
2025-05-15 13:30:00,67.41000366210938,67.79000091552734,66.87000274658203,66.95999908447266,1986824.0
2025-05-15 14:30:00,66.97000122070312,67.33999633789062,66.87000274658203,67.05999755859375,812309.0
2025-05-15 15:30:00,67.06999969482422,67.52999877929688,66.9800033569336,67.5199966430664,774727.0
2025-05-15 16:30:00,67.5199966430664,67.58999633789062,67.28500366210938,67.45999908447266,377509.0
2025-05-15 17:30:00,67.44999694824219,67.53500366210938,67.25,67.43000030517578,423787.0
2025-05-15 18:30:00,67.43000030517578,67.56999969482422,67.375,67.55000305175781,454458.0
2025-05-15 19:30:00,67.55999755859375,67.62000274658203,67.45999908447266,67.58000183105469,348776.0
2025-05-16 13:30:00,67.83000183105469,67.83999633789062,67.48999786376953,67.56999969482422,532500.0
2025-05-16 14:30:00,67.58000183105469,68.05000305175781,67.41999816894531,67.94999694824219,534192.0
2025-05-16 15:30:00,67.95999908447266,68.54000091552734,67.95999908447266,68.3499984741211,1280775.0
2025-05-16 16:30:00,68.36000061035156,68.43000030517578,68.13999938964844,68.2699966430664,380620.0
2025-05-16 17:30:00,68.2699966430664,68.44499969482422,68.18499755859375,68.30000305175781,365120.0
2025-05-16 18:30:00,68.27999877929688,68.4000015258789,68.16999816894531,68.17990112304688,258160.0
2025-05-16 19:30:00,68.17500305175781,68.20999908447266,68.04000091552734,68.12000274658203,373042.0
2025-05-19 13:30:00,68.11000061035156,68.41999816894531,67.91999816894531,68.27999877929688,690469.0
2025-05-19 14:30:00,68.30000305175781,68.45500183105469,68.01000213623047,68.4000015258789,342655.0
2025-05-19 15:30:00,68.4000015258789,69.0999984741211,68.29499816894531,68.95999908447266,464726.0
2025-05-19 16:30:00,68.97000122070312,69.08999633789062,68.38999938964844,68.4800033569336,1580445.0
2025-05-19 17:30:00,68.4749984741211,68.63999938964844,67.87999725341797,68.48999786376953,1644994.0
2025-05-19 18:30:00,68.4749984741211,68.49500274658203,68.13999938964844,68.31999969482422,147948.0
2025-05-19 19:30:00,68.3053970336914,68.50499725341797,68.30000305175781,68.49500274658203,244940.0
2025-05-20 13:30:00,68.37000274658203,68.37000274658203,67.8499984741211,68.06999969482422,629107.0
2025-05-20 14:30:00,68.05999755859375,68.23999786376953,68.01000213623047,68.04000091552734,412054.0
2025-05-20 15:30:00,68.05999755859375,68.41999816894531,67.77999877929688,68.41999816894531,403869.0
2025-05-20 16:30:00,68.44000244140625,68.80000305175781,68.44000244140625,68.69000244140625,286074.0
2025-05-20 17:30:00,68.69000244140625,68.69999694824219,68.26000213623047,68.39749908447266,236609.0
2025-05-20 18:30:00,68.38999938964844,68.70999908447266,68.3550033569336,68.66000366210938,353529.0
2025-05-20 19:30:00,68.66000366210938,68.71499633789062,68.625,68.69499969482422,201008.0
2025-05-21 13:30:00,69.13999938964844,69.16000366210938,68.48999786376953,68.97000122070312,755681.0
2025-05-21 14:30:00,68.9800033569336,68.9800033569336,68.0199966430664,68.12000274658203,1017922.0
2025-05-21 15:30:00,68.11000061035156,68.30999755859375,67.75,67.86000061035156,1372968.0
2025-05-21 16:30:00,67.83999633789062,68.45999908447266,67.76000213623047,67.80000305175781,761756.0
2025-05-21 17:30:00,67.79000091552734,68.05000305175781,67.70500183105469,67.88999938964844,415414.0
2025-05-21 18:30:00,67.88999938964844,67.91000366210938,67.6500015258789,67.72000122070312,280933.0
2025-05-21 19:30:00,67.7699966430664,67.91999816894531,67.58000183105469,67.61000061035156,439232.0
2025-05-22 13:30:00,66.87999725341797,67.3499984741211,66.56999969482422,67.27999877929688,893355.0
2025-05-22 14:30:00,67.2699966430664,67.4000015258789,66.99500274658203,67.08000183105469,672114.0
2025-05-22 15:30:00,67.08999633789062,67.31999969482422,66.83999633789062,67.31999969482422,393140.0
2025-05-22 16:30:00,67.33000183105469,67.5199966430664,67.23999786376953,67.29000091552734,432646.0
2025-05-22 17:30:00,67.30000305175781,67.4800033569336,67.18000030517578,67.4800033569336,525535.0
2025-05-22 18:30:00,67.48999786376953,67.55000305175781,67.43000030517578,67.4749984741211,230230.0
2025-05-22 19:30:00,67.48500061035156,67.48500061035156,67.11000061035156,67.12999725341797,315007.0
2025-05-23 13:30:00,66.97000122070312,68.22000122070312,66.95999908447266,68.02999877929688,1035738.0
2025-05-23 14:30:00,68.04000091552734,68.16000366210938,67.63999938964844,68.1500015258789,853545.0
2025-05-23 15:30:00,68.13999938964844,68.18499755859375,67.55000305175781,67.69999694824219,770319.0
2025-05-23 16:30:00,67.70999908447266,68.04000091552734,67.63999938964844,68.0,734592.0
2025-05-23 17:30:00,67.94999694824219,68.0,67.7300033569336,67.87000274658203,262183.0
2025-05-23 18:30:00,67.87000274658203,68.10980224609375,67.87000274658203,68.06999969482422,190064.0
2025-05-23 19:30:00,68.05999755859375,68.07499694824219,67.88500213623047,67.97000122070312,375164.0
2025-05-27 13:30:00,67.44000244140625,67.5999984741211,67.08000183105469,67.30999755859375,800784.0
2025-05-27 14:30:00,67.30999755859375,67.31999969482422,66.65499877929688,66.66999816894531,841489.0
2025-05-27 15:30:00,66.66999816894531,67.0199966430664,66.51499938964844,66.97010040283203,814310.0
2025-05-27 16:30:00,66.97000122070312,67.12000274658203,66.79000091552734,66.79000091552734,592153.0
2025-05-27 17:30:00,66.80000305175781,67.18000030517578,66.76000213623047,67.18000030517578,389222.0
2025-05-27 18:30:00,67.18000030517578,67.25499725341797,67.15499877929688,67.20500183105469,203566.0
2025-05-27 19:30:00,67.20999908447266,67.29000091552734,67.20500183105469,67.29000091552734,221091.0
2025-05-28 13:30:00,68.41000366210938,68.45999908447266,68.06999969482422,68.16000366210938,778089.0
2025-05-28 14:30:00,68.1500015258789,68.3499984741211,67.94999694824219,68.30000305175781,792793.0
2025-05-28 15:30:00,68.29499816894531,68.95999908447266,68.25499725341797,68.58999633789062,1942503.0
2025-05-28 16:30:00,68.5999984741211,68.69999694824219,68.36000061035156,68.36499786376953,561383.0
2025-05-28 17:30:00,68.37000274658203,68.48100280761719,68.19499969482422,68.20999908447266,429981.0
2025-05-28 18:30:00,68.19999694824219,68.2300033569336,67.83999633789062,67.86000061035156,388060.0
2025-05-28 19:30:00,67.87000274658203,67.93000030517578,67.82499694824219,67.9000015258789,252141.0
2025-05-29 13:30:00,67.62999725341797,67.63999938964844,66.77999877929688,67.0199966430664,1303835.0
2025-05-29 14:30:00,67.01000213623047,67.56999969482422,67.0,67.37000274658203,1017127.0
2025-05-29 15:30:00,67.36000061035156,67.61000061035156,67.25,67.43000030517578,1026760.0
2025-05-29 16:30:00,67.41000366210938,67.45999908447266,67.12999725341797,67.18000030517578,488202.0
2025-05-29 17:30:00,67.18000030517578,67.25,67.08000183105469,67.25,555278.0
2025-05-29 18:30:00,67.25,67.29000091552734,67.12999725341797,67.23500061035156,281490.0
2025-05-29 19:30:00,67.2300033569336,67.28500366210938,67.16999816894531,67.18499755859375,158364.0
2025-05-30 13:30:00,67.0999984741211,67.0999984741211,66.38999938964844,66.9000015258789,2527474.0
2025-05-30 14:30:00,66.91000366210938,67.1500015258789,66.53500366210938,66.54000091552734,1043377.0
2025-05-30 15:30:00,66.53500366210938,66.6500015258789,65.95999908447266,66.16999816894531,925816.0
2025-05-30 16:30:00,66.19000244140625,66.91000366210938,66.08999633789062,66.82499694824219,1177843.0
2025-05-30 17:30:00,66.83000183105469,67.25,66.75,67.02999877929688,2113443.0
2025-05-30 18:30:00,67.0199966430664,67.05500030517578,66.86750030517578,67.04000091552734,440079.0
2025-05-30 19:30:00,67.04000091552734,67.19499969482422,67.0199966430664,67.12000274658203,469298.0
2025-06-02 13:30:00,69.98999786376953,70.02999877929688,68.94000244140625,69.30000305175781,1417540.0
2025-06-02 14:30:00,69.29000091552734,69.54000091552734,68.96499633789062,69.1500015258789,926182.0
2025-06-02 15:30:00,69.1500015258789,69.58999633789062,68.93000030517578,69.58000183105469,700233.0
2025-06-02 16:30:00,69.58999633789062,69.7699966430664,69.4000015258789,69.44750213623047,382088.0
2025-06-02 17:30:00,69.44000244140625,69.51000213623047,68.63999938964844,69.05000305175781,2895996.0
2025-06-02 18:30:00,69.04000091552734,69.42880249023438,69.01000213623047,69.38999938964844,365375.0
2025-06-02 19:30:00,69.38500213623047,69.54499816894531,69.37000274658203,69.52999877929688,384542.0
2025-06-03 13:30:00,69.62000274658203,70.20999908447266,69.37000274658203,70.17500305175781,788191.0
2025-06-03 14:30:00,70.18000030517578,70.5,70.12000274658203,70.41999816894531,650355.0
2025-06-03 15:30:00,70.41999816894531,70.41999816894531,70.08999633789062,70.18000030517578,498647.0
2025-06-03 16:30:00,70.18000030517578,70.36000061035156,70.01000213623047,70.33999633789062,311109.0
2025-06-03 17:30:00,70.33999633789062,70.37000274658203,69.79499816894531,69.9800033569336,799357.0
2025-06-03 18:30:00,69.9749984741211,70.16000366210938,69.94000244140625,70.05000305175781,447779.0
2025-06-03 19:30:00,70.04000091552734,70.05000305175781,69.88999938964844,69.9000015258789,343948.0
2025-06-04 13:30:00,70.0,70.55999755859375,69.875,70.41000366210938,915463.0
2025-06-04 14:30:00,70.37999725341797,70.41999816894531,68.63999938964844,69.08000183105469,3167889.0
2025-06-04 15:30:00,69.0999984741211,69.48999786376953,68.98999786376953,69.05000305175781,745307.0
2025-06-04 16:30:00,69.05000305175781,69.38500213623047,69.05000305175781,69.20999908447266,924011.0
2025-06-04 17:30:00,69.19999694824219,69.37999725341797,69.08000183105469,69.37000274658203,268409.0
2025-06-04 18:30:00,69.37000274658203,69.5999984741211,69.37000274658203,69.4000015258789,245213.0
2025-06-04 19:30:00,69.4000015258789,69.41000366210938,69.30500030517578,69.33999633789062,149645.0
2025-06-05 13:30:00,70.43000030517578,70.61000061035156,70.16000366210938,70.2300033569336,564748.0
2025-06-05 14:30:00,70.18499755859375,70.54499816894531,70.02999877929688,70.20999908447266,540157.0
2025-06-05 15:30:00,70.19999694824219,70.25,69.94999694824219,70.11000061035156,318426.0
2025-06-05 16:30:00,70.12999725341797,70.12999725341797,69.79000091552734,69.88999938964844,233288.0
2025-06-05 17:30:00,69.9000015258789,70.04000091552734,69.8550033569336,69.97000122070312,175860.0
2025-06-05 18:30:00,69.9749984741211,70.04499816894531,69.875,69.93000030517578,197622.0
2025-06-05 19:30:00,69.93499755859375,69.98999786376953,69.87999725341797,69.92500305175781,488502.0
2025-06-06 13:30:00,70.36000061035156,71.41999816894531,70.36000061035156,71.02999877929688,1081067.0
2025-06-06 14:30:00,71.05500030517578,71.4000015258789,70.93000030517578,71.0999984741211,797945.0
2025-06-06 15:30:00,71.19499969482422,71.41999816894531,71.18000030517578,71.32499694824219,428953.0
2025-06-06 16:30:00,71.33000183105469,71.51499938964844,71.16999816894531,71.22000122070312,220510.0
2025-06-06 17:30:00,71.20999908447266,71.30999755859375,71.05500030517578,71.30999755859375,199106.0
2025-06-06 18:30:00,71.30999755859375,71.5,71.2699966430664,71.45999908447266,292069.0
2025-06-06 19:30:00,71.45999908447266,71.45999908447266,71.34500122070312,71.37000274658203,381721.0
2025-06-09 13:30:00,71.4000015258789,71.6500015258789,71.08000183105469,71.62999725341797,805571.0
2025-06-09 14:30:00,71.62999725341797,72.02999877929688,71.52999877929688,71.80000305175781,510005.0
2025-06-09 15:30:00,71.80000305175781,71.94000244140625,71.47000122070312,71.54000091552734,321421.0
2025-06-09 16:30:00,71.54499816894531,71.69000244140625,71.4800033569336,71.58999633789062,199351.0
2025-06-09 17:30:00,71.60350036621094,72.05999755859375,71.55500030517578,72.04000091552734,217254.0
2025-06-09 18:30:00,72.04000091552734,72.17500305175781,72.04000091552734,72.05500030517578,224873.0
2025-06-09 19:30:00,72.05500030517578,72.07499694824219,71.96499633789062,72.04000091552734,350501.0
2025-06-10 13:30:00,72.16999816894531,72.76000213623047,72.16500091552734,72.75,499214.0
2025-06-10 14:30:00,72.76000213623047,73.0199966430664,72.6500015258789,73.01000213623047,505714.0
2025-06-10 15:30:00,73.0,73.06999969482422,72.44000244140625,72.62000274658203,1180460.0
2025-06-10 16:30:00,72.62999725341797,72.69000244140625,71.97000122070312,72.04000091552734,423301.0
2025-06-10 17:30:00,72.02999877929688,72.04000091552734,71.66999816894531,71.68499755859375,374905.0
2025-06-10 18:30:00,71.66999816894531,71.66999816894531,71.26000213623047,71.38999938964844,1552189.0
2025-06-10 19:30:00,71.4000015258789,71.67500305175781,71.38999938964844,71.6050033569336,744097.0
2025-06-11 13:30:00,73.0199966430664,73.47000122070312,72.80000305175781,73.27999877929688,871050.0
2025-06-11 14:30:00,73.29000091552734,73.44000244140625,72.91000366210938,73.37999725341797,609256.0
2025-06-11 15:30:00,73.37999725341797,73.62999725341797,73.2300033569336,73.51000213623047,455283.0
2025-06-11 16:30:00,73.51000213623047,73.80000305175781,73.4000015258789,73.7699966430664,321370.0
2025-06-11 17:30:00,73.7699966430664,75.31999969482422,73.75,75.16000366210938,2211886.0
2025-06-11 18:30:00,75.13999938964844,75.2699966430664,74.5999984741211,75.02999877929688,3105770.0
2025-06-11 19:30:00,75.0199966430664,75.0199966430664,74.61000061035156,74.77999877929688,739663.0
2025-06-12 13:30:00,74.01000213623047,74.57499694824219,73.75,74.47959899902344,1629309.0
2025-06-12 14:30:00,74.48999786376953,75.23999786376953,74.36000061035156,74.87000274658203,3596671.0
2025-06-12 15:30:00,74.86000061035156,75.2750015258789,74.56999969482422,74.91999816894531,1769797.0
2025-06-12 16:30:00,74.91999816894531,75.41000366210938,74.52999877929688,75.13999938964844,2150471.0
2025-06-12 17:30:00,75.12999725341797,75.2699966430664,74.66999816894531,74.8499984741211,588340.0
2025-06-12 18:30:00,74.8499984741211,75.02999877929688,74.70999908447266,74.95500183105469,731674.0
2025-06-12 19:30:00,74.95500183105469,75.07499694824219,74.94499969482422,75.05000305175781,824541.0
2025-06-13 13:30:00,80.47000122070312,80.52999877929688,79.51000213623047,80.30000305175781,6571943.0
2025-06-13 14:30:00,80.30999755859375,80.38999938964844,78.63999938964844,79.30000305175781,6127188.0
2025-06-13 15:30:00,79.30000305175781,79.51000213623047,78.70999908447266,78.98500061035156,3293494.0
2025-06-13 16:30:00,78.98999786376953,79.94999694824219,78.9800033569336,79.76499938964844,3372091.0
2025-06-13 17:30:00,79.76000213623047,80.62999725341797,79.72000122070312,80.30000305175781,5645169.0
2025-06-13 18:30:00,80.27999877929688,81.13999938964844,80.20999908447266,80.8499984741211,4647950.0
2025-06-13 19:30:00,80.83999633789062,80.97000122070312,79.98999786376953,80.22000122070312,3796845.0
2025-06-16 13:30:00,79.01200103759766,79.5999984741211,76.4800033569336,76.7699966430664,15571740.0
2025-06-16 14:30:00,76.7750015258789,77.69000244140625,76.25,77.5,6962015.0
2025-06-16 15:30:00,77.51000213623047,78.63999938964844,77.23999786376953,78.52999877929688,7508982.0
2025-06-16 16:30:00,78.52999877929688,79.08999633789062,78.32499694824219,78.75,4257836.0
2025-06-16 17:30:00,78.75,79.12000274658203,78.5199966430664,79.01000213623047,2420119.0
2025-06-16 18:30:00,79.0,79.06999969482422,78.30500030517578,78.42500305175781,1146962.0
2025-06-16 19:30:00,78.43000030517578,78.6500015258789,78.41999816894531,78.56929779052734,1708673.0
2025-06-17 13:30:00,80.44000244140625,81.31999969482422,80.08999633789062,81.24629974365234,4329397.0
2025-06-17 14:30:00,81.23999786376953,81.55000305175781,80.66999816894531,81.29000091552734,3531469.0
2025-06-17 15:30:00,81.29000091552734,81.37000274658203,80.41000366210938,81.12000274658203,4595030.0
2025-06-17 16:30:00,81.12999725341797,81.80999755859375,80.83999633789062,81.5199966430664,4115978.0
2025-06-17 17:30:00,81.5199966430664,82.6449966430664,81.4800033569336,82.33000183105469,3573692.0
2025-06-17 18:30:00,82.33000183105469,82.83000183105469,82.26000213623047,82.31999969482422,1786634.0
2025-06-17 19:30:00,82.33000183105469,82.87999725341797,82.06073760986328,82.33000183105469,3792228.0
2025-06-18 13:30:00,83.0999984741211,83.45999908447266,80.30500030517578,81.07499694824219,12301783.0
2025-06-18 14:30:00,81.06999969482422,81.47000122070312,80.16000366210938,80.94000244140625,6909341.0
2025-06-18 15:30:00,80.94000244140625,81.6500015258789,80.79000091552734,81.58999633789062,3192521.0
2025-06-18 16:30:00,81.58999633789062,82.55000305175781,81.33999633789062,82.31999969482422,2104113.0
2025-06-18 17:30:00,82.31999969482422,82.71499633789062,81.9800033569336,82.6500015258789,2466561.0
2025-06-18 18:30:00,82.66000366210938,83.16999816894531,81.12000274658203,82.05999755859375,7802817.0
2025-06-18 19:30:00,82.06999969482422,82.36000061035156,81.79000091552734,82.26000213623047,1701427.0
2025-06-20 13:30:00,82.25,82.91999816894531,81.86000061035156,82.43000030517578,3630987.0
2025-06-20 14:30:00,82.43000030517578,82.93000030517578,82.28500366210938,82.48999786376953,2316325.0
2025-06-20 15:30:00,82.4800033569336,82.8949966430664,82.23500061035156,82.70999908447266,1881465.0
2025-06-20 16:30:00,82.69000244140625,83.0199966430664,82.20999908447266,82.72000122070312,2915535.0
2025-06-20 17:30:00,82.7300033569336,83.37999725341797,82.55999755859375,83.0011978149414,1819237.0
2025-06-20 18:30:00,83.01000213623047,83.16999816894531,82.76000213623047,83.06999969482422,710192.0
2025-06-20 19:30:00,83.07499694824219,83.3499984741211,83.05500030517578,83.13999938964844,861139.0
2025-06-23 13:30:00,83.25,83.56999969482422,81.58999633789062,82.11499786376953,7126194.0
2025-06-23 14:30:00,82.11499786376953,82.37999725341797,81.91500091552734,82.0999984741211,3215759.0
2025-06-23 15:30:00,82.16999816894531,83.41999816894531,82.12000274658203,83.37000274658203,3776450.0
2025-06-23 16:30:00,83.37999725341797,83.56500244140625,78.29000091552734,78.63999938964844,16509754.0
2025-06-23 17:30:00,78.62000274658203,79.19999694824219,76.75990295410156,77.19999694824219,10095880.0
2025-06-23 18:30:00,77.19000244140625,77.41780090332031,76.66999816894531,77.34500122070312,4702234.0
2025-06-23 19:30:00,77.34870147705078,77.47000122070312,76.41000366210938,76.45999908447266,4092170.0
2025-06-24 13:30:00,73.33999633789062,73.86000061035156,72.77069854736328,72.8499984741211,4918665.0
2025-06-24 14:30:00,72.83499908447266,73.7300033569336,72.80999755859375,73.44000244140625,2405115.0
2025-06-24 15:30:00,73.44000244140625,73.56500244140625,72.41999816894531,72.62989807128906,2083800.0
2025-06-24 16:30:00,72.5999984741211,72.7249984741211,71.97000122070312,72.69000244140625,1966698.0
2025-06-24 17:30:00,72.68009948730469,72.99009704589844,72.3499984741211,72.4800033569336,1171086.0
2025-06-24 18:30:00,72.4800033569336,72.87999725341797,72.29000091552734,72.8499984741211,2154185.0
2025-06-24 19:30:00,72.85240173339844,73.22000122070312,72.81999969482422,73.01499938964844,1249286.0
2025-06-25 13:30:00,72.93000030517578,73.5199966430664,72.79000091552734,73.22000122070312,3388511.0
2025-06-25 14:30:00,73.25,73.69000244140625,73.06999969482422,73.69000244140625,2103746.0
2025-06-25 15:30:00,73.69999694824219,74.20999908447266,73.41000366210938,74.13999938964844,1757421.0
2025-06-25 16:30:00,74.13999938964844,74.2300033569336,73.66999816894531,73.80999755859375,1268236.0
2025-06-25 17:30:00,73.80999755859375,73.86000061035156,72.95999908447266,72.97000122070312,2230384.0
2025-06-25 18:30:00,72.97000122070312,73.41999816894531,72.96749877929688,73.41999816894531,797989.0
2025-06-25 19:30:00,73.41500091552734,73.41999816894531,73.29499816894531,73.33999633789062,648812.0
2025-06-26 13:30:00,73.62999725341797,74.23999786376953,73.45999908447266,74.12999725341797,1702921.0
2025-06-26 14:30:00,74.12000274658203,74.68000030517578,74.04000091552734,74.55000305175781,1582542.0
2025-06-26 15:30:00,74.55999755859375,74.62000274658203,73.93000030517578,74.04000091552734,1150398.0
2025-06-26 16:30:00,74.04000091552734,74.36509704589844,73.51000213623047,73.73999786376953,2545848.0
2025-06-26 17:30:00,73.73729705810547,73.91500091552734,73.08999633789062,73.37000274658203,1450864.0
2025-06-26 18:30:00,73.37999725341797,73.66000366210938,73.33000183105469,73.55500030517578,553933.0
2025-06-26 19:30:00,73.55500030517578,73.6500015258789,73.4800033569336,73.58000183105469,432291.0
2025-06-27 13:30:00,74.0199966430664,74.22000122070312,73.82990264892578,74.13999938964844,1108944.0
2025-06-27 14:30:00,74.16699981689453,74.33999633789062,73.98999786376953,74.13999938964844,967824.0
2025-06-27 15:30:00,74.13999938964844,74.16999816894531,72.87000274658203,73.23999786376953,5149675.0
2025-06-27 16:30:00,73.23999786376953,73.58999633789062,73.04499816894531,73.5,2115307.0
2025-06-27 17:30:00,73.51000213623047,73.80000305175781,73.38999938964844,73.62000274658203,1197186.0
2025-06-27 18:30:00,73.62999725341797,73.6500015258789,73.27999877929688,73.30999755859375,581781.0
2025-06-27 19:30:00,73.33000183105469,73.33000183105469,73.16999816894531,73.26000213623047,382122.0
2025-06-30 13:30:00,73.4800033569336,73.62999725341797,73.23999786376953,73.27999877929688,1224370.0
2025-06-30 14:30:00,73.2699966430664,73.2750015258789,72.76499938964844,73.0199966430664,1463561.0
2025-06-30 15:30:00,73.0199966430664,73.20999908447266,72.72000122070312,73.15499877929688,1078113.0
2025-06-30 16:30:00,73.16000366210938,73.30999755859375,73.01000213623047,73.13999938964844,591498.0
2025-06-30 17:30:00,73.1500015258789,73.2699966430664,72.93000030517578,73.23999786376953,818705.0
2025-06-30 18:30:00,73.2300033569336,73.28500366210938,72.95500183105469,73.06999969482422,404096.0
2025-06-30 19:30:00,73.08000183105469,73.13500213623047,73.04000091552734,73.11499786376953,277918.0
2025-07-01 13:30:00,73.61000061035156,73.82499694824219,73.44999694824219,73.68000030517578,781278.0
2025-07-01 14:30:00,73.69999694824219,73.80999755859375,73.31999969482422,73.51000213623047,696324.0
2025-07-01 15:30:00,73.49500274658203,73.97000122070312,73.49500274658203,73.87999725341797,956937.0
2025-07-01 16:30:00,73.88999938964844,74.04000091552734,73.69000244140625,73.79499816894531,692434.0
2025-07-01 17:30:00,73.80000305175781,73.80000305175781,73.48999786376953,73.6500015258789,532029.0
2025-07-01 18:30:00,73.62999725341797,73.91000366210938,73.55999755859375,73.88999938964844,304945.0
2025-07-01 19:30:00,73.88999938964844,73.94000244140625,73.86000061035156,73.91500091552734,213632.0
2025-07-02 13:30:00,74.31999969482422,74.38999938964844,73.66999816894531,73.81999969482422,1088734.0
2025-07-02 14:30:00,73.81999969482422,74.29000091552734,73.51000213623047,74.18000030517578,994207.0
2025-07-02 15:30:00,74.18000030517578,75.02999877929688,73.9800033569336,74.79000091552734,1217555.0
2025-07-02 16:30:00,74.79000091552734,75.45999908447266,74.79000091552734,75.4000015258789,943034.0
2025-07-02 17:30:00,75.41000366210938,76.0199966430664,75.30999755859375,75.88999938964844,1207843.0
2025-07-02 18:30:00,75.88999938964844,75.94999694824219,75.55999755859375,75.71029663085938,498999.0
2025-07-02 19:30:00,75.70999908447266,75.70999908447266,75.58158111572266,75.61000061035156,471624.0
2025-07-03 13:30:00,75.41000366210938,75.91999816894531,75.3499984741211,75.66000366210938,1358274.0
2025-07-03 14:30:00,75.66500091552734,75.66999816894531,74.875,75.08000183105469,1501954.0
2025-07-03 15:30:00,75.08000183105469,75.41999816894531,74.90499877929688,75.18000030517578,1015895.0
2025-07-03 17:00:00,75.18000030517578,75.41000366210938,75.11000061035156,75.36000061035156,0.0
2025-07-07 13:30:00,75.83999633789062,76.13999938964844,75.56999969482422,76.06999969482422,958511.0
2025-07-07 14:30:00,76.05999755859375,76.3949966430664,75.80000305175781,75.93000030517578,985435.0
2025-07-07 15:30:00,75.93000030517578,76.22000122070312,75.72000122070312,75.91000366210938,830779.0
2025-07-07 16:30:00,75.91999816894531,76.55000305175781,75.9000015258789,75.9800033569336,894256.0
2025-07-07 17:30:00,75.9800033569336,76.56999969482422,75.66999816894531,76.4800033569336,1515535.0
2025-07-07 18:30:00,76.4800033569336,76.88500213623047,76.47000122070312,76.61000061035156,544212.0
2025-07-07 19:30:00,76.5999984741211,76.5999984741211,76.48500061035156,76.5,343720.0
2025-07-08 13:30:00,76.18000030517578,76.62999725341797,76.05000305175781,76.47000122070312,884016.0
2025-07-08 14:30:00,76.5,76.87000274658203,76.47000122070312,76.79499816894531,603446.0
2025-07-08 15:30:00,76.79000091552734,77.23999786376953,76.77999877929688,77.12000274658203,658618.0
2025-07-08 16:30:00,77.13999938964844,77.58519744873047,77.05000305175781,77.48999786376953,648237.0
2025-07-08 17:30:00,77.48999786376953,77.49500274658203,76.87999725341797,76.95999908447266,468278.0
2025-07-08 18:30:00,76.95999908447266,77.08999633789062,76.90499877929688,76.98999786376953,355520.0
2025-07-08 19:30:00,76.98999786376953,77.1500015258789,76.91500091552734,76.94499969482422,491154.0
2025-07-09 13:30:00,76.44999694824219,76.625,76.27999877929688,76.44000244140625,648956.0
2025-07-09 14:30:00,76.41999816894531,77.30999755859375,76.30000305175781,77.2300033569336,988426.0
2025-07-09 15:30:00,77.23999786376953,77.36000061035156,77.01000213623047,77.33000183105469,592581.0
2025-07-09 16:30:00,77.33000183105469,77.5199966430664,77.12999725341797,77.30000305175781,290538.0
2025-07-09 17:30:00,77.30999755859375,77.3499984741211,76.91000366210938,77.0199966430664,379690.0
2025-07-09 18:30:00,77.01000213623047,77.02999877929688,76.87000274658203,76.88500213623047,253071.0
2025-07-09 19:30:00,76.88999938964844,76.95500183105469,76.81999969482422,76.91999816894531,524566.0
2025-07-10 13:30:00,75.37000274658203,75.91500091552734,75.1449966430664,75.6500015258789,1985317.0
2025-07-10 14:30:00,75.6500015258789,75.81999969482422,75.33999633789062,75.36000061035156,783890.0
2025-07-10 15:30:00,75.36000061035156,75.55000305175781,75.08000183105469,75.36070251464844,846551.0
2025-07-10 16:30:00,75.36000061035156,75.37000274658203,75.18000030517578,75.23999786376953,800461.0
2025-07-10 17:30:00,75.23999786376953,75.26000213623047,74.95999908447266,75.09500122070312,1164497.0
2025-07-10 18:30:00,75.08999633789062,75.45999908447266,75.08930206298828,75.44999694824219,370846.0
2025-07-10 19:30:00,75.45999908447266,75.47000122070312,75.37000274658203,75.44000244140625,616056.0
2025-07-11 13:30:00,76.08999633789062,76.81999969482422,76.08000183105469,76.76010131835938,1073447.0
2025-07-11 14:30:00,76.7699966430664,77.19999694824219,76.62000274658203,77.08999633789062,862957.0
2025-07-11 15:30:00,77.08999633789062,77.26499938964844,76.9000015258789,77.05000305175781,560699.0
2025-07-11 16:30:00,77.05000305175781,77.19999694824219,76.9000015258789,77.0,462772.0
2025-07-11 17:30:00,76.98999786376953,77.20999908447266,76.93000030517578,77.05999755859375,482780.0
2025-07-11 18:30:00,77.05999755859375,77.33999633789062,77.05999755859375,77.20999908447266,266412.0
2025-07-11 19:30:00,77.20999908447266,77.3499984741211,77.20999908447266,77.29499816894531,632991.0
2025-07-14 13:30:00,77.2699966430664,77.2699966430664,76.66000366210938,76.79000091552734,1002491.0
2025-07-14 14:30:00,76.7699966430664,76.9800033569336,75.83999633789062,75.90499877929688,2782667.0
2025-07-14 15:30:00,75.91000366210938,76.2699966430664,75.84500122070312,76.0999984741211,1108668.0
2025-07-14 16:30:00,76.1050033569336,76.1050033569336,75.68499755859375,75.75,498640.0
2025-07-14 17:30:00,75.7300033569336,75.83999633789062,75.55500030517578,75.625,648727.0
2025-07-14 18:30:00,75.61499786376953,75.83999633789062,75.5,75.75,589833.0
2025-07-14 19:30:00,75.75,75.76000213623047,75.52999877929688,75.58999633789062,502546.0
2025-07-15 13:30:00,75.30999755859375,75.58999633789062,75.08000183105469,75.33000183105469,1232843.0
2025-07-15 14:30:00,75.31999969482422,75.58000183105469,75.16000366210938,75.52999877929688,1605777.0
2025-07-15 15:30:00,75.52999877929688,75.87999725341797,75.04000091552734,75.05000305175781,1132588.0
2025-07-15 16:30:00,75.05999755859375,75.16000366210938,74.93499755859375,75.08000183105469,718688.0
2025-07-15 17:30:00,75.06999969482422,75.19999694824219,74.9749984741211,75.1500015258789,586651.0
2025-07-15 18:30:00,75.1500015258789,75.30500030517578,75.13999938964844,75.28500366210938,321340.0
2025-07-15 19:30:00,75.29000091552734,75.31999969482422,75.22000122070312,75.28500366210938,268172.0
2025-07-16 13:30:00,74.20999908447266,74.6500015258789,74.18499755859375,74.43000030517578,962146.0
2025-07-16 14:30:00,74.43000030517578,74.62999725341797,73.98999786376953,74.36000061035156,1308525.0
2025-07-16 15:30:00,74.37000274658203,74.69000244140625,74.1500015258789,74.63999938964844,891951.0
2025-07-16 16:30:00,74.62999725341797,75.12999725341797,74.52999877929688,74.87999725341797,804656.0
2025-07-16 17:30:00,74.87999725341797,75.32499694824219,74.75,74.91999816894531,1299471.0
2025-07-16 18:30:00,74.91999816894531,75.30000305175781,74.8499984741211,75.03009796142578,554749.0
2025-07-16 19:30:00,75.04000091552734,75.2300033569336,75.04000091552734,75.19999694824219,299331.0
2025-07-17 13:30:00,75.01000213623047,75.31999969482422,74.91999816894531,74.95500183105469,1008329.0
2025-07-17 14:30:00,74.94999694824219,75.7699966430664,74.87000274658203,75.69499969482422,864652.0
2025-07-17 15:30:00,75.69000244140625,75.91000366210938,75.5,75.90499877929688,679284.0
2025-07-17 16:30:00,75.91000366210938,76.04000091552734,75.83499908447266,75.93000030517578,541295.0
2025-07-17 17:30:00,75.93000030517578,76.16999816894531,75.7699966430664,76.13999938964844,501125.0
2025-07-17 18:30:00,76.13999938964844,76.26170349121094,76.1050033569336,76.16000366210938,351264.0
2025-07-17 19:30:00,76.16999816894531,76.2300033569336,76.125,76.18499755859375,338551.0
2025-07-18 13:30:00,76.97000122070312,77.30999755859375,76.83000183105469,77.13999938964844,1364989.0
2025-07-18 14:30:00,77.1500015258789,77.29000091552734,75.83000183105469,76.2300033569336,2725292.0
2025-07-18 15:30:00,76.2300033569336,76.4800033569336,75.91999816894531,75.94000244140625,1005434.0
2025-07-18 16:30:00,75.94999694824219,76.1449966430664,75.90499877929688,75.97000122070312,545583.0
2025-07-18 17:30:00,75.9749984741211,76.01000213623047,75.79499816894531,75.91000366210938,629955.0
2025-07-18 18:30:00,75.91000366210938,76.11499786376953,75.9000015258789,76.11499786376953,274215.0
2025-07-18 19:30:00,76.11499786376953,76.12999725341797,75.87999725341797,75.93499755859375,549649.0
2025-07-21 13:30:00,75.62000274658203,75.6500015258789,74.98999786376953,75.19999694824219,827463.0
2025-07-21 14:30:00,75.19000244140625,75.7699966430664,75.08000183105469,75.62999725341797,508083.0
2025-07-21 15:30:00,75.62000274658203,75.72000122070312,75.30000305175781,75.55999755859375,285463.0
2025-07-21 16:30:00,75.58000183105469,75.77999877929688,75.36499786376953,75.73999786376953,294582.0
2025-07-21 17:30:00,75.75499725341797,75.91000366210938,75.66999816894531,75.83999633789062,510395.0
2025-07-21 18:30:00,75.83999633789062,75.87000274658203,75.5999984741211,75.68499755859375,156908.0
2025-07-21 19:30:00,75.69000244140625,75.69999694824219,75.56999969482422,75.5999984741211,203636.0
2025-07-22 13:30:00,75.05999755859375,75.30999755859375,74.57499694824219,74.91000366210938,1212354.0
2025-07-22 14:30:00,74.87999725341797,75.01000213623047,74.61000061035156,74.77999877929688,698365.0
2025-07-22 15:30:00,74.78700256347656,75.1500015258789,74.55000305175781,74.76000213623047,516840.0
2025-07-22 16:30:00,74.76000213623047,75.06999969482422,74.66000366210938,75.05999755859375,332939.0
2025-07-22 17:30:00,75.08000183105469,75.16000366210938,74.72000122070312,75.1500015258789,589635.0
2025-07-22 18:30:00,75.16000366210938,75.46499633789062,75.11499786376953,75.44999694824219,296197.0
2025-07-22 19:30:00,75.44999694824219,75.47000122070312,75.32499694824219,75.33999633789062,226982.0
2025-07-23 13:30:00,74.80999755859375,75.04000091552734,74.4800033569336,74.66999816894531,915637.0
2025-07-23 14:30:00,74.68000030517578,74.88999938964844,74.44000244140625,74.5999984741211,1101314.0
2025-07-23 15:30:00,74.61000061035156,75.0999984741211,74.45999908447266,75.01000213623047,813662.0
2025-07-23 16:30:00,75.0,75.07009887695312,74.80000305175781,75.05999755859375,282641.0
2025-07-23 17:30:00,75.05999755859375,75.12999725341797,74.91999816894531,75.01499938964844,605547.0
2025-07-23 18:30:00,75.01000213623047,75.27999877929688,75.01000213623047,75.24500274658203,519625.0
2025-07-23 19:30:00,75.24500274658203,75.33000183105469,75.23999786376953,75.2699966430664,307201.0
2025-07-24 13:30:00,75.87000274658203,76.25,75.54000091552734,76.20999908447266,983873.0
2025-07-24 14:30:00,76.25,76.33999633789062,75.7699966430664,76.2300033569336,879169.0
2025-07-24 15:30:00,76.24500274658203,76.31999969482422,75.8499984741211,75.88500213623047,413127.0
2025-07-24 16:30:00,75.88999938964844,76.01000213623047,75.1449966430664,75.25,2601648.0
2025-07-24 17:30:00,75.2300033569336,75.9800033569336,75.19999694824219,75.95999908447266,516992.0
2025-07-24 18:30:00,75.95999908447266,76.18000030517578,75.94999694824219,76.13999938964844,188021.0
2025-07-24 19:30:00,76.12999725341797,76.22000122070312,76.1050033569336,76.11000061035156,273679.0
2025-07-25 13:30:00,76.11000061035156,76.11000061035156,75.33999633789062,75.47000122070312,832676.0
2025-07-25 14:30:00,75.47000122070312,75.63999938964844,75.23999786376953,75.30999755859375,486294.0
2025-07-25 15:30:00,75.33000183105469,75.33499908447266,75.01000213623047,75.19499969482422,703656.0
2025-07-25 16:30:00,75.19000244140625,75.3550033569336,75.06999969482422,75.23500061035156,253440.0
2025-07-25 17:30:00,75.2249984741211,75.2300033569336,74.83999633789062,74.95999908447266,476692.0
2025-07-25 18:30:00,74.95999908447266,74.97000122070312,74.86000061035156,74.90380096435547,205021.0
2025-07-25 19:30:00,74.91500091552734,75.0199966430664,74.80000305175781,74.83999633789062,283719.0
2025-07-28 13:30:00,76.69999694824219,77.0199966430664,76.54000091552734,76.6500015258789,1353142.0
2025-07-28 14:30:00,76.6500015258789,76.75,76.20999908447266,76.30000305175781,755845.0
2025-07-28 15:30:00,76.30999755859375,76.61000061035156,76.20999908447266,76.56999969482422,418782.0
2025-07-28 16:30:00,76.58000183105469,76.6050033569336,76.38999938964844,76.43000030517578,217607.0
2025-07-28 17:30:00,76.41999816894531,76.78500366210938,76.36000061035156,76.78500366210938,322983.0
2025-07-28 18:30:00,76.80000305175781,76.99420166015625,76.79000091552734,76.90499877929688,324745.0
2025-07-28 19:30:00,76.91000366210938,77.23999786376953,76.91000366210938,77.19000244140625,320050.0
2025-07-29 13:30:00,77.44999694824219,77.7699966430664,77.33999633789062,77.75,700536.0
2025-07-29 14:30:00,77.75,77.91429901123047,77.55999755859375,77.69000244140625,597633.0
2025-07-29 15:30:00,77.69999694824219,78.11000061035156,77.66000366210938,78.06120300292969,615025.0
2025-07-29 16:30:00,78.05999755859375,78.06500244140625,77.80999755859375,77.95999908447266,329560.0
2025-07-29 17:30:00,77.95999908447266,79.87999725341797,77.94999694824219,79.62000274658203,3637156.0
2025-07-29 18:30:00,79.62999725341797,80.23999786376953,79.54000091552734,79.7699966430664,1317851.0
2025-07-29 19:30:00,79.7699966430664,79.81999969482422,79.66000366210938,79.78500366210938,647498.0
2025-07-30 13:30:00,80.16000366210938,80.2699966430664,79.9000015258789,79.94999694824219,962508.0
2025-07-30 14:30:00,79.94000244140625,80.37000274658203,79.7300033569336,80.16999816894531,878164.0
2025-07-30 15:30:00,80.16999816894531,80.94000244140625,80.16000366210938,80.625,911714.0
2025-07-30 16:30:00,80.62999725341797,80.99500274658203,80.62000274658203,80.98999786376953,338716.0
2025-07-30 17:30:00,81.0,81.125,80.4000015258789,80.58999633789062,839513.0
2025-07-30 18:30:00,80.58000183105469,80.91000366210938,80.48999786376953,80.81999969482422,594256.0
2025-07-30 19:30:00,80.81999969482422,81.09500122070312,80.73999786376953,81.04000091552734,363877.0
2025-07-31 13:30:00,79.86000061035156,80.41999816894531,79.6449966430664,80.28500366210938,929159.0
2025-07-31 14:30:00,80.26000213623047,80.26000213623047,78.91500091552734,79.1500015258789,851345.0
2025-07-31 15:30:00,79.15499877929688,79.62999725341797,78.93000030517578,79.58999633789062,617036.0
2025-07-31 16:30:00,79.5999984741211,79.97000122070312,79.47000122070312,79.55999755859375,347701.0
2025-07-31 17:30:00,79.55000305175781,79.7699966430664,79.2699966430664,79.76000213623047,457253.0
2025-07-31 18:30:00,79.76000213623047,79.86000061035156,79.45999908447266,79.56999969482422,232518.0
2025-07-31 19:30:00,79.56999969482422,79.63999938964844,79.46499633789062,79.62000274658203,248196.0
2025-08-01 13:30:00,79.70999908447266,79.81999969482422,77.81999969482422,78.05999755859375,1644126.0
2025-08-01 14:30:00,78.06999969482422,78.19999694824219,77.38999938964844,77.58499908447266,1155466.0
2025-08-01 15:30:00,77.58000183105469,78.01000213623047,77.45999908447266,77.50499725341797,621858.0
2025-08-01 16:30:00,77.5,78.01000213623047,77.19499969482422,77.55000305175781,2171847.0
2025-08-01 17:30:00,77.58000183105469,77.69000244140625,77.38500213623047,77.51000213623047,437569.0
2025-08-01 18:30:00,77.51000213623047,77.5999984741211,77.24500274658203,77.41000366210938,501334.0
2025-08-01 19:30:00,77.41999816894531,77.48500061035156,77.25,77.44000244140625,468847.0
2025-08-04 13:30:00,75.63999938964844,76.19999694824219,75.45999908447266,76.0999984741211,1372217.0
2025-08-04 14:30:00,76.0999984741211,77.05999755859375,76.08000183105469,76.93499755859375,1993828.0
2025-08-04 15:30:00,76.94000244140625,77.16000366210938,76.51000213623047,76.55000305175781,506112.0
2025-08-04 16:30:00,76.55999755859375,76.55999755859375,76.26000213623047,76.33999633789062,326457.0
2025-08-04 17:30:00,76.37999725341797,76.4800033569336,76.19999694824219,76.30999755859375,276880.0
2025-08-04 18:30:00,76.30999755859375,76.36000061035156,76.05999755859375,76.23500061035156,319495.0
2025-08-04 19:30:00,76.24500274658203,76.25,75.94000244140625,76.0999984741211,337529.0
2025-08-05 13:30:00,75.51000213623047,75.62000274658203,75.08000183105469,75.29000091552734,646698.0
2025-08-05 14:30:00,75.29000091552734,75.7300033569336,75.16999816894531,75.41000366210938,420102.0
2025-08-05 15:30:00,75.41000366210938,75.75,75.15499877929688,75.72000122070312,401851.0
2025-08-05 16:30:00,75.70999908447266,75.72000122070312,74.88999938964844,75.0250015258789,1875292.0
2025-08-05 17:30:00,75.02999877929688,75.52999877929688,74.98999786376953,75.02999877929688,1334449.0
2025-08-05 18:30:00,75.04000091552734,75.12999725341797,74.94000244140625,75.02999877929688,324837.0
2025-08-05 19:30:00,75.02999877929688,75.10459899902344,75.01000213623047,75.05000305175781,685110.0
2025-08-06 13:30:00,76.30999755859375,76.83999633789062,75.33000183105469,75.68000030517578,2151220.0
2025-08-06 14:30:00,75.68000030517578,76.12999725341797,75.6050033569336,75.7699966430664,1118805.0
2025-08-06 15:30:00,75.77999877929688,75.94999694824219,74.4406967163086,74.58000183105469,1128431.0
2025-08-06 16:30:00,74.58000183105469,75.58000183105469,74.56999969482422,74.94999694824219,1699332.0
2025-08-06 17:30:00,74.94999694824219,74.98999786376953,73.97000122070312,74.08000183105469,975611.0
2025-08-06 18:30:00,74.08000183105469,74.12000274658203,73.31999969482422,73.7300033569336,1074807.0
2025-08-06 19:30:00,73.7249984741211,73.8499984741211,73.61620330810547,73.80000305175781,577065.0
2025-08-07 13:30:00,74.05999755859375,74.54000091552734,73.88999938964844,73.9800033569336,956155.0
2025-08-07 14:30:00,73.95999908447266,74.2300033569336,73.77179718017578,73.98999786376953,573569.0
2025-08-07 15:30:00,73.9800033569336,74.23999786376953,73.5999984741211,74.19000244140625,490403.0
2025-08-07 16:30:00,74.18000030517578,74.29000091552734,73.78500366210938,73.80000305175781,347593.0
2025-08-07 17:30:00,73.79000091552734,73.9000015258789,73.52999877929688,73.58000183105469,520874.0
2025-08-07 18:30:00,73.58000183105469,73.60449981689453,73.4800033569336,73.48500061035156,264725.0
2025-08-07 19:30:00,73.48999786376953,73.48999786376953,73.41999816894531,73.45999908447266,276320.0
2025-08-08 13:30:00,73.93000030517578,74.4000015258789,72.38999938964844,72.79550170898438,2386395.0
2025-08-08 14:30:00,72.81999969482422,73.8499984741211,72.79000091552734,73.72460174560547,720368.0
2025-08-08 15:30:00,73.72000122070312,74.13999938964844,73.71499633789062,73.97000122070312,614757.0
2025-08-08 16:30:00,73.97000122070312,74.26000213623047,73.76000213623047,73.94999694824219,762260.0
2025-08-08 17:30:00,73.94000244140625,73.94999694824219,73.55000305175781,73.61000061035156,472528.0
2025-08-08 18:30:00,73.62000274658203,73.62000274658203,73.31999969482422,73.44000244140625,328383.0
2025-08-08 19:30:00,73.44999694824219,73.47000122070312,73.27999877929688,73.30500030517578,359548.0
2025-08-11 13:30:00,73.94499969482422,74.2300033569336,73.5199966430664,73.62999725341797,829969.0
2025-08-11 14:30:00,73.6500015258789,73.9800033569336,73.36000061035156,73.79000091552734,540446.0
2025-08-11 15:30:00,73.79000091552734,73.97000122070312,73.44000244140625,73.76010131835938,547057.0
2025-08-11 16:30:00,73.76000213623047,73.97000122070312,73.7300033569336,73.83000183105469,267009.0
2025-08-11 17:30:00,73.81999969482422,73.9000015258789,73.61000061035156,73.72000122070312,274972.0
2025-08-11 18:30:00,73.73999786376953,73.94999694824219,73.69999694824219,73.8550033569336,328357.0
2025-08-11 19:30:00,73.86000061035156,73.94000244140625,73.77999877929688,73.81999969482422,360929.0
2025-08-12 13:30:00,73.22000122070312,73.41500091552734,72.94999694824219,73.36000061035156,563055.0
2025-08-12 14:30:00,73.33999633789062,73.58000183105469,73.20999908447266,73.20999908447266,251380.0
2025-08-12 15:30:00,73.25,73.41000366210938,72.93000030517578,73.04000091552734,284675.0
2025-08-12 16:30:00,73.04000091552734,73.37000274658203,72.80000305175781,73.0,944860.0
2025-08-12 17:30:00,73.0199966430664,73.06999969482422,72.88999938964844,72.94000244140625,202870.0
2025-08-12 18:30:00,72.93000030517578,73.01499938964844,72.81999969482422,72.9800033569336,209414.0
2025-08-12 19:30:00,72.97000122070312,73.00499725341797,72.8949966430664,72.93000030517578,303909.0
2025-08-13 13:30:00,72.77999877929688,72.83000183105469,72.44999694824219,72.66999816894531,1590504.0
2025-08-13 14:30:00,72.66000366210938,72.69999694824219,71.77999877929688,72.07499694824219,1118557.0
2025-08-13 15:30:00,72.06999969482422,72.12999725341797,71.55500030517578,71.62999725341797,992428.0
2025-08-13 16:30:00,71.62999725341797,72.11000061035156,71.61000061035156,72.08999633789062,643244.0
2025-08-13 17:30:00,72.08999633789062,72.3949966430664,72.08999633789062,72.27999877929688,492843.0
2025-08-13 18:30:00,72.2699966430664,72.44000244140625,72.12999725341797,72.37999725341797,275589.0
2025-08-13 19:30:00,72.38999938964844,72.51000213623047,72.38999938964844,72.44000244140625,342323.0
2025-08-14 13:30:00,73.36000061035156,73.43000030517578,73.0,73.06999969482422,1400584.0
2025-08-14 14:30:00,73.04000091552734,73.5,72.87999725341797,73.43000030517578,647387.0
2025-08-14 15:30:00,73.44000244140625,73.66999816894531,73.38999938964844,73.6500015258789,678545.0
2025-08-14 16:30:00,73.6500015258789,73.66999816894531,73.18499755859375,73.30999755859375,437776.0
2025-08-14 17:30:00,73.31999969482422,73.68000030517578,73.31999969482422,73.61000061035156,471000.0
2025-08-14 18:30:00,73.61000061035156,73.77999877929688,73.5999984741211,73.71499633789062,300373.0
2025-08-14 19:30:00,73.70999908447266,73.7750015258789,73.69999694824219,73.71499633789062,467292.0
2025-08-15 13:30:00,72.72000122070312,72.9800033569336,72.63999938964844,72.9800033569336,1905636.0
2025-08-15 14:30:00,72.97000122070312,73.2249984741211,72.7699966430664,73.02999877929688,1902553.0
2025-08-15 15:30:00,73.04000091552734,73.13999938964844,72.61000061035156,72.80000305175781,710225.0
2025-08-15 16:30:00,72.80000305175781,73.0,72.75,72.79000091552734,514399.0
2025-08-15 17:30:00,72.79000091552734,72.86000061035156,72.3499984741211,72.3499984741211,858052.0
2025-08-15 18:30:00,72.3499984741211,72.75,72.29000091552734,72.6500015258789,1538976.0
2025-08-15 19:30:00,72.66000366210938,72.81500244140625,72.6500015258789,72.79000091552734,538690.0
2025-08-18 13:30:00,72.3499984741211,72.3499984741211,71.80999755859375,72.05000305175781,1974753.0
2025-08-18 14:30:00,72.04000091552734,72.81999969482422,72.02100372314453,72.72000122070312,561088.0
2025-08-18 15:30:00,72.72000122070312,72.93000030517578,72.54000091552734,72.83000183105469,449362.0
2025-08-18 16:30:00,72.83000183105469,73.625,72.71499633789062,73.26000213623047,640098.0
2025-08-18 17:30:00,73.26000213623047,73.4000015258789,73.16000366210938,73.31999969482422,472720.0
2025-08-18 18:30:00,73.31999969482422,73.4000015258789,73.01000213623047,73.16999816894531,697782.0
2025-08-18 19:30:00,73.16999816894531,73.2300033569336,73.05999755859375,73.16500091552734,371650.0
2025-08-19 13:30:00,72.5,72.75,72.3550033569336,72.66000366210938,859572.0
2025-08-19 14:30:00,72.66000366210938,72.70999908447266,72.47000122070312,72.58999633789062,584216.0
2025-08-19 15:30:00,72.58999633789062,72.69000244140625,72.20999908447266,72.38500213623047,529424.0
2025-08-19 16:30:00,72.38999938964844,72.4000015258789,72.06500244140625,72.12000274658203,397639.0
2025-08-19 17:30:00,72.11000061035156,72.23999786376953,72.05999755859375,72.19999694824219,491118.0
2025-08-19 18:30:00,72.19999694824219,72.46499633789062,72.19999694824219,72.41500091552734,214885.0
2025-08-19 19:30:00,72.41999816894531,72.44999694824219,72.22019958496094,72.33000183105469,260499.0
2025-08-20 13:30:00,73.16000366210938,73.2750015258789,72.88999938964844,73.02999877929688,768169.0
2025-08-20 14:30:00,73.02999877929688,73.33000183105469,72.58999633789062,73.23999786376953,840193.0
2025-08-20 15:30:00,73.23999786376953,73.62999725341797,73.12999725341797,73.3499984741211,630212.0
2025-08-20 16:30:00,73.3499984741211,73.44499969482422,73.23999786376953,73.3499984741211,252920.0
2025-08-20 17:30:00,73.3499984741211,73.41000366210938,73.11000061035156,73.29000091552734,629066.0
2025-08-20 18:30:00,73.27999877929688,73.56999969482422,73.27999877929688,73.55000305175781,308273.0
2025-08-20 19:30:00,73.55010223388672,73.55010223388672,73.48500061035156,73.50499725341797,298679.0
2025-08-21 13:30:00,73.29000091552734,73.72000122070312,73.08999633789062,73.62000274658203,688087.0
2025-08-21 14:30:00,73.62999725341797,73.81999969482422,73.4800033569336,73.7699966430664,539767.0
2025-08-21 15:30:00,73.77999877929688,74.02999877929688,73.5,74.0,405968.0
2025-08-21 16:30:00,74.0,74.26000213623047,73.98999786376953,74.19000244140625,433354.0
2025-08-21 17:30:00,74.19999694824219,74.40499877929688,74.16999816894531,74.22000122070312,595970.0
2025-08-21 18:30:00,74.19999694824219,74.25,74.06999969482422,74.13999938964844,284009.0
2025-08-21 19:30:00,74.12999725341797,74.16999816894531,74.08999633789062,74.12999725341797,167890.0
2025-08-22 13:30:00,74.27999877929688,74.70580291748047,74.27999877929688,74.51000213623047,875120.0
2025-08-22 14:30:00,74.5199966430664,74.7300033569336,74.18000030517578,74.41999816894531,1096816.0
2025-08-22 15:30:00,74.41999816894531,74.44999694824219,74.12000274658203,74.27999877929688,797633.0
2025-08-22 16:30:00,74.2699966430664,74.47000122070312,74.23500061035156,74.33999633789062,522478.0
2025-08-22 17:30:00,74.33000183105469,74.61000061035156,74.32499694824219,74.44000244140625,815885.0
2025-08-22 18:30:00,74.44000244140625,74.6500015258789,74.4000015258789,74.63999938964844,340998.0
2025-08-22 19:30:00,74.62999725341797,74.62999725341797,74.55500030517578,74.61000061035156,330412.0
2025-08-25 13:30:00,75.19000244140625,75.66999816894531,75.16999816894531,75.58999633789062,636182.0
2025-08-25 14:30:00,75.5999984741211,75.72000122070312,75.52999877929688,75.63999938964844,503254.0
2025-08-25 15:30:00,75.63999938964844,75.97000122070312,75.62000274658203,75.94000244140625,609749.0
2025-08-25 16:30:00,75.94999694824219,76.12000274658203,75.9000015258789,75.98999786376953,326569.0
2025-08-25 17:30:00,75.98999786376953,76.0199966430664,75.66999816894531,75.76000213623047,443412.0
2025-08-25 18:30:00,75.75,75.86000061035156,75.62000274658203,75.62999725341797,170125.0
2025-08-25 19:30:00,75.63500213623047,75.78500366210938,75.5999984741211,75.7699966430664,238074.0
2025-08-26 13:30:00,74.58000183105469,75.0199966430664,74.48999786376953,75.01000213623047,419146.0
2025-08-26 14:30:00,75.01000213623047,75.12000274658203,74.01000213623047,74.19999694824219,880431.0
2025-08-26 15:30:00,74.2300033569336,74.30000305175781,74.01000213623047,74.05999755859375,406515.0
2025-08-26 16:30:00,74.06999969482422,74.16999816894531,74.00499725341797,74.02999877929688,215679.0
2025-08-26 17:30:00,74.04000091552734,74.16000366210938,73.8499984741211,73.97000122070312,380257.0
2025-08-26 18:30:00,73.97000122070312,74.05999755859375,73.94000244140625,74.01000213623047,206260.0
2025-08-26 19:30:00,74.00499725341797,74.11000061035156,73.98999786376953,74.05500030517578,440599.0
2025-08-27 13:30:00,74.12999725341797,74.5199966430664,74.12999725341797,74.5,475092.0
2025-08-27 14:30:00,74.5,74.87000274658203,74.23999786376953,74.3499984741211,647470.0
2025-08-27 15:30:00,74.3499984741211,74.83000183105469,74.33000183105469,74.77999877929688,457185.0
2025-08-27 16:30:00,74.7699966430664,74.83999633789062,74.5999984741211,74.83000183105469,506893.0
2025-08-27 17:30:00,74.83000183105469,75.05999755859375,74.73999786376953,75.01000213623047,489656.0
2025-08-27 18:30:00,75.0199966430664,75.11000061035156,74.7249984741211,74.7750015258789,344345.0
2025-08-27 19:30:00,74.7750015258789,74.79000091552734,74.69499969482422,74.69999694824219,231392.0
2025-08-28 13:30:00,74.94000244140625,74.94000244140625,74.19999694824219,74.27999877929688,486242.0
2025-08-28 14:30:00,74.2699966430664,74.7699966430664,74.26499938964844,74.63999938964844,401027.0
2025-08-28 15:30:00,74.63999938964844,74.6449966430664,74.11499786376953,74.41999816894531,387260.0
2025-08-28 16:30:00,74.41999816894531,74.5,74.30999755859375,74.33999633789062,222075.0
2025-08-28 17:30:00,74.3499984741211,75.58999633789062,74.3499984741211,75.58000183105469,1370622.0
2025-08-28 18:30:00,75.55999755859375,75.66999816894531,75.13999938964844,75.29499816894531,298770.0
2025-08-28 19:30:00,75.2948989868164,75.2948989868164,75.12000274658203,75.22000122070312,314783.0
2025-08-29 13:30:00,75.3499984741211,75.44999694824219,74.91000366210938,74.98999786376953,671248.0
2025-08-29 14:30:00,75.0,75.04499816894531,74.77999877929688,74.94000244140625,634432.0
2025-08-29 15:30:00,74.94000244140625,75.26000213623047,74.83000183105469,74.98999786376953,626885.0
2025-08-29 16:30:00,75.0,75.05000305175781,74.73999786376953,74.91999816894531,395001.0
2025-08-29 17:30:00,74.93000030517578,75.0,74.79000091552734,74.87999725341797,508771.0
2025-08-29 18:30:00,74.87999725341797,74.92500305175781,74.80000305175781,74.86000061035156,308248.0
2025-08-29 19:30:00,74.87000274658203,74.87999725341797,74.80000305175781,74.84500122070312,240831.0
2025-09-02 13:30:00,76.08000183105469,76.16999816894531,75.66999816894531,75.91000366210938,1261451.0
2025-09-02 14:30:00,75.9000015258789,76.54000091552734,75.76000213623047,76.37999725341797,883559.0
2025-09-02 15:30:00,76.37999725341797,76.83000183105469,76.33999633789062,76.76930236816406,774755.0
2025-09-02 16:30:00,76.7699966430664,76.95999908447266,76.66999816894531,76.86820220947266,550789.0
2025-09-02 17:30:00,76.87000274658203,76.94550323486328,76.62000274658203,76.7699966430664,1027589.0
2025-09-02 18:30:00,76.77999877929688,76.9000015258789,76.6500015258789,76.80000305175781,622406.0
2025-09-02 19:30:00,76.80000305175781,76.84500122070312,76.76499938964844,76.79000091552734,223262.0
2025-09-03 13:30:00,75.61000061035156,75.70999908447266,74.76000213623047,74.80000305175781,1998358.0
2025-09-03 14:30:00,74.81999969482422,75.01000213623047,74.68000030517578,74.69999694824219,783492.0
2025-09-03 15:30:00,74.69999694824219,75.83000183105469,74.68000030517578,75.18000030517578,1733428.0
2025-09-03 16:30:00,75.18000030517578,75.26000213623047,74.79000091552734,74.80999755859375,509262.0
2025-09-03 17:30:00,74.80999755859375,74.91999816894531,74.58999633789062,74.91000366210938,530952.0
2025-09-03 18:30:00,74.91000366210938,74.91000366210938,74.66000366210938,74.66500091552734,317453.0
2025-09-03 19:30:00,74.66999816894531,74.875,74.66000366210938,74.81999969482422,291360.0
2025-09-04 13:30:00,73.87000274658203,74.26000213623047,73.75,74.15299987792969,1424449.0
2025-09-04 14:30:00,74.1500015258789,74.41999816894531,73.97000122070312,74.4000015258789,675655.0
2025-09-04 15:30:00,74.4000015258789,74.55000305175781,74.08000183105469,74.44450378417969,662050.0
2025-09-04 16:30:00,74.44000244140625,74.52999877929688,74.23999786376953,74.4000015258789,423215.0
2025-09-04 17:30:00,74.4000015258789,74.47000122070312,74.19000244140625,74.26000213623047,524306.0
2025-09-04 18:30:00,74.2699966430664,74.27999877929688,74.11000061035156,74.1500015258789,268654.0
2025-09-04 19:30:00,74.1500015258789,74.16999816894531,74.0250015258789,74.12999725341797,432527.0
2025-09-05 13:30:00,73.0199966430664,73.0199966430664,72.43499755859375,72.4749984741211,1438243.0
2025-09-05 14:30:00,72.4800033569336,72.62000274658203,71.98999786376953,72.02999877929688,1118978.0
2025-09-05 15:30:00,72.04000091552734,72.29000091552734,71.95999908447266,72.08000183105469,779473.0
2025-09-05 16:30:00,72.08499908447266,72.41999816894531,72.08000183105469,72.28500366210938,424225.0
2025-09-05 17:30:00,72.28500366210938,72.54000091552734,72.12000274658203,72.44000244140625,523096.0
2025-09-05 18:30:00,72.44000244140625,72.68000030517578,72.41500091552734,72.59500122070312,293429.0
2025-09-05 19:30:00,72.5999984741211,72.66999816894531,72.51499938964844,72.62000274658203,433703.0
2025-09-08 13:30:00,73.48999786376953,73.54000091552734,72.56999969482422,72.83499908447266,1273260.0
2025-09-08 14:30:00,72.83000183105469,73.36000061035156,72.76000213623047,73.18000030517578,777291.0
2025-09-08 15:30:00,73.18000030517578,73.2699966430664,72.91000366210938,72.95500183105469,489249.0
2025-09-08 16:30:00,72.94999694824219,73.04499816894531,72.80999755859375,73.03500366210938,291086.0
2025-09-08 17:30:00,73.03500366210938,73.0999984741211,72.80999755859375,72.9000015258789,566970.0
2025-09-08 18:30:00,72.9000015258789,73.08499908447266,72.88999938964844,73.05020141601562,241005.0
2025-09-08 19:30:00,73.05500030517578,73.05999755859375,73.01000213623047,73.04000091552734,234315.0
2025-09-09 13:30:00,73.98999786376953,74.20500183105469,73.81999969482422,74.12000274658203,1051298.0
2025-09-09 14:30:00,74.09510040283203,74.5199966430664,73.96499633789062,74.0199966430664,777376.0
2025-09-09 15:30:00,74.01000213623047,74.01000213623047,73.52999877929688,73.55999755859375,667208.0
2025-09-09 16:30:00,73.58000183105469,73.70580291748047,73.45999908447266,73.66999816894531,231077.0
2025-09-09 17:30:00,73.66999816894531,73.66999816894531,73.28500366210938,73.37999725341797,407713.0
2025-09-09 18:30:00,73.37000274658203,73.49500274658203,73.30000305175781,73.4800033569336,212178.0
2025-09-09 19:30:00,73.47000122070312,73.5199966430664,73.38999938964844,73.4000015258789,632060.0
2025-09-10 13:30:00,74.0,74.33999633789062,73.9000015258789,74.2249984741211,641485.0
2025-09-10 14:30:00,74.22000122070312,74.68000030517578,73.79000091552734,74.49500274658203,2651102.0
2025-09-10 15:30:00,74.48999786376953,75.05000305175781,74.40499877929688,74.94999694824219,879976.0
2025-09-10 16:30:00,74.94999694824219,75.0199966430664,74.75,74.81999969482422,355940.0
2025-09-10 17:30:00,74.81999969482422,74.82019805908203,74.58999633789062,74.62000274658203,394418.0
2025-09-10 18:30:00,74.62999725341797,74.84500122070312,74.62000274658203,74.75,209326.0
2025-09-10 19:30:00,74.76000213623047,74.79000091552734,74.7300033569336,74.7300033569336,610188.0
2025-09-11 13:30:00,73.19000244140625,73.55000305175781,73.06999969482422,73.22000122070312,896535.0
2025-09-11 14:30:00,73.2300033569336,73.40499877929688,73.08999633789062,73.22000122070312,502821.0
2025-09-11 15:30:00,73.22000122070312,73.30999755859375,73.05000305175781,73.16000366210938,546846.0
2025-09-11 16:30:00,73.16500091552734,73.2699966430664,73.1500015258789,73.20999908447266,258851.0
2025-09-11 17:30:00,73.20999908447266,73.37000274658203,72.97000122070312,73.11000061035156,567165.0
2025-09-11 18:30:00,73.11000061035156,73.16000366210938,72.98500061035156,73.0199966430664,232209.0
2025-09-11 19:30:00,73.0199966430664,73.02999877929688,72.93000030517578,72.98500061035156,671866.0
2025-09-12 13:30:00,74.16999816894531,74.44999694824219,74.12000274658203,74.38999938964844,1592067.0
2025-09-12 14:30:00,74.41000366210938,74.43000030517578,74.05000305175781,74.29000091552734,865894.0
2025-09-12 15:30:00,74.27999877929688,74.37999725341797,73.864501953125,73.875,622747.0
2025-09-12 16:30:00,73.86000061035156,73.875,73.33999633789062,73.33999633789062,514644.0
2025-09-12 17:30:00,73.33000183105469,73.58000183105469,73.26000213623047,73.51000213623047,421297.0
2025-09-12 18:30:00,73.51000213623047,73.52999877929688,73.31999969482422,73.3550033569336,242297.0
2025-09-12 19:30:00,73.3550033569336,73.43499755859375,73.31999969482422,73.33000183105469,561351.0
2025-09-15 13:30:00,74.26000213623047,74.41999816894531,74.08999633789062,74.41000366210938,596127.0
2025-09-15 14:30:00,74.41999816894531,74.68000030517578,74.1500015258789,74.16999816894531,1153384.0
2025-09-15 15:30:00,74.16999816894531,74.29000091552734,73.96929931640625,74.19999694824219,378618.0
2025-09-15 16:30:00,74.19999694824219,74.33999633789062,74.12000274658203,74.27999877929688,236593.0
2025-09-15 17:30:00,74.27999877929688,74.44999694824219,74.12000274658203,74.25,415935.0
2025-09-15 18:30:00,74.26000213623047,74.31999969482422,74.18000030517578,74.20449829101562,194236.0
2025-09-15 19:30:00,74.19999694824219,74.30000305175781,74.19000244140625,74.23500061035156,726578.0
2025-09-16 13:30:00,75.08000183105469,75.3499984741211,74.80000305175781,75.20999908447266,858977.0
2025-09-16 14:30:00,75.19999694824219,75.5250015258789,75.16000366210938,75.44999694824219,923093.0
2025-09-16 15:30:00,75.44999694824219,75.62999725341797,75.43000030517578,75.57499694824219,539833.0
2025-09-16 16:30:00,75.58000183105469,75.81999969482422,75.55000305175781,75.80999755859375,570366.0
2025-09-16 17:30:00,75.80999755859375,75.8550033569336,75.56999969482422,75.61000061035156,704714.0
2025-09-16 18:30:00,75.62000274658203,75.69000244140625,75.48500061035156,75.58499908447266,326957.0
2025-09-16 19:30:00,75.58000183105469,75.72000122070312,75.57499694824219,75.6500015258789,1106068.0
2025-09-17 13:30:00,75.41000366210938,75.62999725341797,75.31500244140625,75.5199966430664,431255.0
2025-09-17 14:30:00,75.52999877929688,75.69999694824219,75.01000213623047,75.12000274658203,906960.0
2025-09-17 15:30:00,75.12999725341797,75.5199966430664,75.0199966430664,75.37999725341797,472442.0
2025-09-17 16:30:00,75.38999938964844,75.43000030517578,75.26000213623047,75.37000274658203,343247.0
2025-09-17 17:30:00,75.41999816894531,75.45999908447266,74.9800033569336,75.08999633789062,705323.0
2025-09-17 18:30:00,75.11000061035156,75.16999816894531,74.66999816894531,74.97000122070312,540213.0
2025-09-17 19:30:00,74.97000122070312,75.0199966430664,74.79000091552734,74.96499633789062,453255.0
2025-09-18 13:30:00,75.12000274658203,75.66000366210938,74.94000244140625,75.36000061035156,673052.0
2025-09-18 14:30:00,75.37999725341797,75.42500305175781,74.47000122070312,74.5999984741211,1653756.0
2025-09-18 15:30:00,74.61000061035156,74.8550033569336,74.5,74.61000061035156,604908.0
2025-09-18 16:30:00,74.5999984741211,74.69999694824219,74.31999969482422,74.36000061035156,350883.0
2025-09-18 17:30:00,74.36000061035156,74.62000274658203,74.27999877929688,74.55000305175781,360267.0
2025-09-18 18:30:00,74.56999969482422,74.75,74.54000091552734,74.66000366210938,270545.0
2025-09-18 19:30:00,74.66999816894531,74.69000244140625,74.63999938964844,74.66999816894531,243444.0
2025-09-19 13:30:00,73.94999694824219,74.31999969482422,73.79000091552734,74.31999969482422,1287318.0
2025-09-19 14:30:00,74.33000183105469,74.4800033569336,73.62000274658203,73.68000030517578,1001701.0
2025-09-19 15:30:00,73.66999816894531,73.76499938964844,73.33000183105469,73.69000244140625,981075.0
2025-09-19 16:30:00,73.69000244140625,73.72000122070312,73.5,73.5999984741211,694207.0
2025-09-19 17:30:00,73.62000274658203,73.74500274658203,73.50499725341797,73.55000305175781,620862.0
2025-09-19 18:30:00,73.55500030517578,73.61000061035156,73.48999786376953,73.55000305175781,532424.0
2025-09-19 19:30:00,73.55000305175781,73.55999755859375,73.45999908447266,73.5,637797.0
2025-09-22 13:30:00,72.80000305175781,73.1050033569336,72.7300033569336,73.0,567006.0
2025-09-22 14:30:00,72.99500274658203,73.3949966430664,72.99500274658203,73.33999633789062,686448.0
2025-09-22 15:30:00,73.33999633789062,73.38999938964844,73.22000122070312,73.25,468497.0
2025-09-22 16:30:00,73.26000213623047,73.5250015258789,73.18499755859375,73.48500061035156,259407.0
2025-09-22 17:30:00,73.51000213623047,73.58999633789062,73.18000030517578,73.4000015258789,366102.0
2025-09-22 18:30:00,73.4000015258789,73.49500274658203,73.38999938964844,73.44999694824219,172684.0
2025-09-22 19:30:00,73.45500183105469,73.47989654541016,73.43000030517578,73.43499755859375,160256.0
2025-09-23 13:30:00,74.36000061035156,75.0199966430664,74.33000183105469,74.86000061035156,1253985.0
2025-09-23 14:30:00,74.86000061035156,75.30000305175781,74.7300033569336,75.23999786376953,1207810.0
2025-09-23 15:30:00,75.25,75.32499694824219,74.77999877929688,74.81999969482422,560733.0
2025-09-23 16:30:00,74.81999969482422,75.0,74.62000274658203,74.68000030517578,503366.0
2025-09-23 17:30:00,74.68000030517578,74.79000091552734,74.5199966430664,74.7699966430664,513265.0
2025-09-23 18:30:00,74.7699966430664,75.20500183105469,74.7699966430664,75.07499694824219,873552.0
2025-09-23 19:30:00,75.06999969482422,75.12999725341797,75.05000305175781,75.06999969482422,461002.0
2025-09-24 13:30:00,75.87999725341797,76.0199966430664,75.81999969482422,75.91000366210938,765560.0
2025-09-24 14:30:00,75.93000030517578,76.34500122070312,75.58000183105469,76.19999694824219,918061.0
2025-09-24 15:30:00,76.19999694824219,76.46499633789062,76.15499877929688,76.2699966430664,536931.0
2025-09-24 16:30:00,76.26000213623047,76.69000244140625,76.26000213623047,76.58999633789062,455034.0
2025-09-24 17:30:00,76.58000183105469,76.66500091552734,76.43000030517578,76.62999725341797,499570.0
2025-09-24 18:30:00,76.63999938964844,76.69000244140625,76.4000015258789,76.43000030517578,329654.0
2025-09-24 19:30:00,76.43000030517578,76.45500183105469,76.38999938964844,76.40499877929688,317234.0
2025-09-25 13:30:00,76.0,76.04000091552734,75.55000305175781,75.69000244140625,929371.0
2025-09-25 14:30:00,75.66999816894531,76.44999694824219,75.6510009765625,76.41000366210938,928482.0
2025-09-25 15:30:00,76.41000366210938,76.5999984741211,76.23999786376953,76.33999633789062,675180.0
2025-09-25 16:30:00,76.33000183105469,76.66999816894531,76.19000244140625,76.58000183105469,1474909.0
2025-09-25 17:30:00,76.58999633789062,76.68000030517578,76.36000061035156,76.66000366210938,632567.0
2025-09-25 18:30:00,76.66000366210938,76.95999908447266,76.62000274658203,76.86000061035156,675655.0
2025-09-25 19:30:00,76.86000061035156,77.04000091552734,76.78500366210938,77.0199966430664,353089.0
2025-09-26 13:30:00,77.05999755859375,77.9800033569336,76.93000030517578,77.66999816894531,973712.0
2025-09-26 14:30:00,77.68000030517578,78.31999969482422,77.68000030517578,78.2300033569336,1095409.0
2025-09-26 15:30:00,78.23999786376953,78.27999877929688,77.69000244140625,77.69999694824219,829947.0
2025-09-26 16:30:00,77.69000244140625,77.7699966430664,77.12999725341797,77.36000061035156,858003.0
2025-09-26 17:30:00,77.3499984741211,77.56999969482422,77.19000244140625,77.4800033569336,676647.0
2025-09-26 18:30:00,77.4800033569336,77.58999633789062,77.13999938964844,77.26000213623047,1027084.0
2025-09-26 19:30:00,77.26730346679688,77.26730346679688,76.94999694824219,76.98999786376953,405392.0
2025-09-29 13:30:00,75.43000030517578,75.5,75.0199966430664,75.04000091552734,1528345.0
2025-09-29 14:30:00,75.05000305175781,75.2750015258789,74.66999816894531,74.68499755859375,1160695.0
2025-09-29 15:30:00,74.67500305175781,74.76000213623047,74.47000122070312,74.69999694824219,818030.0
2025-09-29 16:30:00,74.70999908447266,74.81999969482422,74.45999908447266,74.4749984741211,702025.0
2025-09-29 17:30:00,74.4800033569336,74.88999938964844,74.31500244140625,74.87000274658203,897552.0
2025-09-29 18:30:00,74.86499786376953,74.87000274658203,74.48500061035156,74.49099731445312,499562.0
2025-09-29 19:30:00,74.48999786376953,74.61000061035156,74.45999908447266,74.58000183105469,509028.0
2025-09-30 13:30:00,73.87000274658203,74.08000183105469,73.62000274658203,73.68499755859375,1890485.0
2025-09-30 14:30:00,73.68000030517578,73.83000183105469,73.4000015258789,73.69999694824219,1144283.0
2025-09-30 15:30:00,73.69999694824219,74.3499984741211,73.5999984741211,74.18000030517578,2442277.0
2025-09-30 16:30:00,74.18000030517578,74.19999694824219,73.81999969482422,73.86000061035156,710576.0
2025-09-30 17:30:00,73.86499786376953,73.88500213623047,73.54000091552734,73.58999633789062,779848.0
2025-09-30 18:30:00,73.58999633789062,73.86499786376953,73.55999755859375,73.80999755859375,337979.0
2025-09-30 19:30:00,73.80500030517578,73.82499694824219,73.7300033569336,73.7699966430664,366858.0
2025-10-01 13:30:00,72.5,73.05750274658203,72.45500183105469,73.04000091552734,1557052.0
2025-10-01 14:30:00,73.02999877929688,73.2300033569336,72.5,73.12999725341797,1568353.0
2025-10-01 15:30:00,73.12999725341797,73.48999786376953,72.75,73.33999633789062,806501.0
2025-10-01 16:30:00,73.33999633789062,73.40010070800781,72.87999725341797,72.97000122070312,653217.0
2025-10-01 17:30:00,72.97000122070312,73.0199966430664,72.79000091552734,72.88990020751953,894977.0
2025-10-01 18:30:00,72.87999725341797,73.18499755859375,72.81999969482422,73.18000030517578,363230.0
2025-10-01 19:30:00,73.18000030517578,73.26000213623047,73.1050033569336,73.11000061035156,371795.0
2025-10-02 13:30:00,72.27999877929688,72.95999908447266,72.2300033569336,72.2699966430664,1471496.0
2025-10-02 14:30:00,72.26000213623047,72.33999633789062,71.82499694824219,71.88999938964844,1394450.0
2025-10-02 15:30:00,71.88999938964844,71.90499877929688,71.31500244140625,71.33000183105469,1343981.0
2025-10-02 16:30:00,71.31999969482422,71.5999984741211,71.30000305175781,71.5199966430664,662552.0
2025-10-02 17:30:00,71.52999877929688,71.55500030517578,71.27999877929688,71.38500213623047,694711.0
2025-10-02 18:30:00,71.38999938964844,71.5199966430664,71.3550033569336,71.44999694824219,255407.0
2025-10-02 19:30:00,71.44999694824219,71.56999969482422,71.44999694824219,71.55000305175781,386500.0
2025-10-03 13:30:00,71.7699966430664,72.28500366210938,71.66000366210938,72.13999938964844,1553623.0
2025-10-03 14:30:00,72.12999725341797,72.30000305175781,71.93499755859375,72.26000213623047,1381029.0
2025-10-03 15:30:00,72.25,72.2699966430664,71.86000061035156,72.04499816894531,1185323.0
2025-10-03 16:30:00,72.02999877929688,72.22000122070312,72.0000991821289,72.18000030517578,633155.0
2025-10-03 17:30:00,72.18000030517578,72.20999908447266,71.74500274658203,71.80999755859375,835416.0
2025-10-03 18:30:00,71.80999755859375,71.87000274658203,71.62999725341797,71.80000305175781,348209.0
2025-10-03 19:30:00,71.80000305175781,71.83999633789062,71.68000030517578,71.69999694824219,585022.0
2025-10-06 13:30:00,72.43000030517578,73.06999969482422,72.30999755859375,72.76000213623047,1536448.0
2025-10-06 14:30:00,72.76000213623047,72.87000274658203,72.23999786376953,72.80999755859375,1025088.0
2025-10-06 15:30:00,72.81999969482422,73.15499877929688,72.69499969482422,73.06999969482422,1123927.0
2025-10-06 16:30:00,73.08000183105469,73.08000183105469,72.58999633789062,72.79499816894531,490977.0
2025-10-06 17:30:00,72.78500366210938,73.0,72.69000244140625,72.83000183105469,578049.0
2025-10-06 18:30:00,72.80999755859375,72.87999725341797,72.7300033569336,72.86000061035156,300787.0
2025-10-06 19:30:00,72.86000061035156,72.94000244140625,72.84500122070312,72.88500213623047,256295.0
2025-10-07 13:30:00,72.4800033569336,72.9800033569336,72.21900177001953,72.29000091552734,1119663.0
2025-10-07 14:30:00,72.29000091552734,72.79000091552734,72.2699966430664,72.69999694824219,834575.0
2025-10-07 15:30:00,72.70999908447266,72.93000030517578,72.44000244140625,72.45999908447266,863083.0
2025-10-07 16:30:00,72.45999908447266,72.59500122070312,72.41000366210938,72.51000213623047,468350.0
2025-10-07 17:30:00,72.51499938964844,72.88999938964844,72.51499938964844,72.81999969482422,699436.0
2025-10-07 18:30:00,72.81999969482422,73.17500305175781,72.81999969482422,73.12999725341797,447613.0
2025-10-07 19:30:00,73.12999725341797,73.2300033569336,73.12999725341797,73.22000122070312,381567.0
2025-10-08 13:30:00,73.5199966430664,73.75650024414062,73.31999969482422,73.62439727783203,814085.0
2025-10-08 14:30:00,73.62000274658203,74.12999725341797,73.25070190429688,74.0199966430664,893731.0
2025-10-08 15:30:00,74.01000213623047,74.12999725341797,73.6050033569336,73.70999908447266,670789.0
2025-10-08 16:30:00,73.69999694824219,74.0,73.68000030517578,74.0,391667.0
2025-10-08 17:30:00,73.98999786376953,73.98999786376953,73.69999694824219,73.7699966430664,439132.0
2025-10-08 18:30:00,73.7699966430664,73.83999633789062,73.54499816894531,73.59929656982422,275406.0
2025-10-08 19:30:00,73.5999984741211,73.62000274658203,73.52999877929688,73.55000305175781,604390.0
2025-10-09 13:30:00,73.80999755859375,73.91000366210938,73.3499984741211,73.47000122070312,744734.0
2025-10-09 14:30:00,73.41999816894531,73.62999725341797,73.20999908447266,73.31999969482422,670385.0
2025-10-09 15:30:00,73.31999969482422,73.44999694824219,72.91999816894531,72.91999816894531,698523.0
2025-10-09 16:30:00,72.93000030517578,72.97000122070312,72.30999755859375,72.33000183105469,797068.0
2025-10-09 17:30:00,72.31999969482422,72.61000061035156,72.23999786376953,72.61000061035156,721520.0
2025-10-09 18:30:00,72.5999984741211,72.61000061035156,72.2699966430664,72.37999725341797,372992.0
2025-10-09 19:30:00,72.37689971923828,72.55999755859375,72.375,72.5,489926.0
2025-10-10 13:30:00,70.7699966430664,71.19999694824219,70.58000183105469,70.62999725341797,1865503.0
2025-10-10 14:30:00,70.62999725341797,71.37000274658203,69.91999816894531,70.01000213623047,1551995.0
2025-10-10 15:30:00,70.0,70.3499984741211,69.30000305175781,69.64990234375,1510711.0
2025-10-10 16:30:00,69.63999938964844,69.76000213623047,69.48999786376953,69.56500244140625,808193.0
2025-10-10 17:30:00,69.57499694824219,69.76000213623047,69.30719757080078,69.55999755859375,784256.0
2025-10-10 18:30:00,69.56999969482422,69.58999633789062,69.33000183105469,69.43000030517578,526962.0
2025-10-10 19:30:00,69.43000030517578,69.56999969482422,69.36000061035156,69.41000366210938,994414.0
2025-10-13 13:30:00,70.30999755859375,70.79000091552734,69.9000015258789,70.77999877929688,1447683.0
2025-10-13 14:30:00,70.79000091552734,70.88999938964844,70.31999969482422,70.3499984741211,756675.0
2025-10-13 15:30:00,70.3499984741211,70.48999786376953,70.1500015258789,70.36000061035156,496234.0
2025-10-13 16:30:00,70.3499984741211,70.55000305175781,70.30000305175781,70.50420379638672,255351.0
2025-10-13 17:30:00,70.50499725341797,70.58999633789062,70.19999694824219,70.22000122070312,412267.0
2025-10-13 18:30:00,70.18000030517578,70.4800033569336,70.16999816894531,70.45999908447266,231172.0
2025-10-13 19:30:00,70.45999908447266,70.51499938964844,70.38999938964844,70.44000244140625,234428.0
2025-10-14 13:30:00,69.1500015258789,69.30000305175781,68.5999984741211,68.79000091552734,1598519.0
2025-10-14 14:30:00,68.79000091552734,69.08999633789062,68.68000030517578,68.76000213623047,912014.0
2025-10-14 15:30:00,68.7699966430664,69.3499984741211,68.51000213623047,69.26000213623047,897475.0
2025-10-14 16:30:00,69.2699966430664,69.52999877929688,69.23999786376953,69.4800033569336,442646.0
2025-10-14 17:30:00,69.4800033569336,69.5999984741211,69.19000244140625,69.29000091552734,362505.0
2025-10-14 18:30:00,69.30000305175781,69.5,69.29000091552734,69.31999969482422,225211.0
2025-10-14 19:30:00,69.30000305175781,69.31999969482422,68.91999816894531,69.01000213623047,631562.0
2025-10-15 13:30:00,69.70999908447266,69.86000061035156,69.38999938964844,69.41999816894531,1179672.0
2025-10-15 14:30:00,69.41000366210938,69.55000305175781,68.80999755859375,68.97000122070312,782761.0
2025-10-15 15:30:00,68.97000122070312,69.02999877929688,68.70999908447266,68.77999877929688,711878.0
2025-10-15 16:30:00,68.79499816894531,69.12999725341797,68.70500183105469,68.83000183105469,485974.0
2025-10-15 17:30:00,68.83999633789062,69.00900268554688,68.70999908447266,68.80000305175781,415103.0
2025-10-15 18:30:00,68.80000305175781,69.19999694824219,68.76000213623047,69.16999816894531,227402.0
2025-10-15 19:30:00,69.16999816894531,69.16999816894531,68.9655990600586,68.99800109863281,117196.0
2025-10-16 13:30:00,69.18000030517578,69.2249984741211,68.7300033569336,68.87999725341797,1084155.0
2025-10-16 14:30:00,68.87999725341797,69.16000366210938,68.68499755859375,68.69999694824219,901352.0
2025-10-16 15:30:00,68.69999694824219,68.94000244140625,68.0999984741211,68.6500015258789,1566072.0
2025-10-16 16:30:00,68.62999725341797,68.63999938964844,67.79989624023438,67.79989624023438,2059101.0
2025-10-16 17:30:00,67.94000244140625,68.01000213623047,67.52999877929688,67.80999755859375,1185016.0
2025-10-16 18:30:00,67.80000305175781,68.03500366210938,67.76000213623047,67.7750015258789,527972.0
2025-10-16 19:30:00,67.7699966430664,67.88999938964844,67.70999908447266,67.83000183105469,262062.0
2025-10-17 13:30:00,67.72000122070312,67.97000122070312,67.44000244140625,67.7699966430664,1451617.0
2025-10-17 14:30:00,67.7699966430664,68.05999755859375,67.53990173339844,67.70999908447266,1143518.0
2025-10-17 15:30:00,67.70999908447266,68.02999877929688,67.62000274658203,67.87000274658203,645686.0
2025-10-17 16:30:00,67.87000274658203,67.87999725341797,67.5,67.62000274658203,448577.0
2025-10-17 17:30:00,67.62000274658203,68.15499877929688,67.62000274658203,67.91999816894531,967597.0
2025-10-17 18:30:00,67.91000366210938,68.11000061035156,67.8949966430664,68.04000091552734,446259.0
2025-10-17 19:30:00,68.04000091552734,68.04499816894531,67.93499755859375,67.97000122070312,341144.0
2025-10-20 13:30:00,66.9800033569336,67.52999877929688,66.9800033569336,67.19000244140625,1654169.0
2025-10-20 14:30:00,67.19049835205078,67.66000366210938,67.05999755859375,67.4000015258789,1066898.0
2025-10-20 15:30:00,67.4000015258789,67.58350372314453,67.02999877929688,67.37000274658203,1054126.0
2025-10-20 16:30:00,67.37000274658203,67.62989807128906,67.2300033569336,67.27999877929688,603707.0
2025-10-20 17:30:00,67.27999877929688,67.9000015258789,67.2699966430664,67.83999633789062,772863.0
2025-10-20 18:30:00,67.83999633789062,67.8499984741211,67.58999633789062,67.76499938964844,435318.0
2025-10-20 19:30:00,67.76000213623047,67.83000183105469,67.73500061035156,67.80000305175781,338826.0
2025-10-21 13:30:00,68.05000305175781,68.05000305175781,67.03500366210938,67.55999755859375,1481446.0
2025-10-21 14:30:00,67.55999755859375,68.31999969482422,67.3550033569336,68.0999984741211,1437959.0
2025-10-21 15:30:00,68.11000061035156,68.45999908447266,67.9800033569336,68.36000061035156,1484610.0
2025-10-21 16:30:00,68.36000061035156,69.13999938964844,67.77999877929688,68.36000061035156,4672904.0
2025-10-21 17:30:00,68.36000061035156,68.41000366210938,67.94999694824219,68.08499908447266,880046.0
2025-10-21 18:30:00,68.08000183105469,68.22000122070312,68.05999755859375,68.20999908447266,471022.0
2025-10-21 19:30:00,68.21499633789062,68.2979965209961,68.16500091552734,68.28500366210938,357980.0
2025-10-22 13:30:00,69.5199966430664,69.96499633789062,69.5199966430664,69.74500274658203,2826035.0
2025-10-22 14:30:00,69.7300033569336,69.86000061035156,69.37000274658203,69.41999816894531,1681521.0
2025-10-22 15:30:00,69.41000366210938,70.08999633789062,69.41000366210938,69.76000213623047,1109352.0
2025-10-22 16:30:00,69.75,70.00499725341797,69.33000183105469,69.62999725341797,1342387.0
2025-10-22 17:30:00,69.62999725341797,69.67500305175781,69.4749984741211,69.62000274658203,631309.0
2025-10-22 18:30:00,69.61000061035156,70.91999816894531,69.55000305175781,70.8499984741211,3800490.0
2025-10-22 19:30:00,70.84500122070312,71.18000030517578,70.58000183105469,70.6500015258789,2116662.0
2025-10-23 13:30:00,73.11000061035156,73.37999725341797,72.91000366210938,73.29000091552734,3754635.0
2025-10-23 14:30:00,73.29000091552734,73.33999633789062,72.86000061035156,73.30549621582031,996906.0
2025-10-23 15:30:00,73.30000305175781,73.98999786376953,73.06999969482422,73.6500015258789,1559722.0
2025-10-23 16:30:00,73.6500015258789,73.87000274658203,73.2699966430664,73.6500015258789,1041574.0
2025-10-23 17:30:00,73.63999938964844,73.73500061035156,73.13999938964844,73.5199966430664,1144860.0
2025-10-23 18:30:00,73.5,73.5999984741211,73.26000213623047,73.41000366210938,0.0
2025-10-23 19:30:00,73.41000366210938,73.44999694824219,73.25,73.31999969482422,9405289.0
2025-10-24 13:30:00,73.66999816894531,74.220703125,73.62000274658203,73.96499633789062,1708444.0
2025-10-24 14:30:00,73.95999908447266,74.20999908447266,73.87000274658203,74.12000274658203,1177655.0
2025-10-24 15:30:00,74.12000274658203,74.24500274658203,73.83000183105469,73.83999633789062,893053.0
2025-10-24 16:30:00,73.83000183105469,73.96499633789062,73.38999938964844,73.4800033569336,949557.0
2025-10-24 17:30:00,73.4800033569336,73.52999877929688,73.10099792480469,73.16000366210938,867040.0
2025-10-24 18:30:00,73.16999816894531,73.41999816894531,73.125,73.1500015258789,381366.0
2025-10-24 19:30:00,73.1500015258789,73.22000122070312,73.08999633789062,73.16000366210938,454480.0
2025-10-27 13:30:00,73.20999908447266,73.6500015258789,73.125,73.29499816894531,818950.0
2025-10-27 14:30:00,73.30000305175781,73.81999969482422,73.30000305175781,73.51000213623047,703343.0
2025-10-27 15:30:00,73.52999877929688,73.55999755859375,73.22000122070312,73.41000366210938,1325441.0
2025-10-27 16:30:00,73.41000366210938,73.48999786376953,73.16000366210938,73.22000122070312,645831.0
2025-10-27 17:30:00,73.22000122070312,73.24500274658203,72.7699966430664,72.98999786376953,607603.0
2025-10-27 18:30:00,72.98999786376953,73.21499633789062,72.94999694824219,73.06999969482422,253443.0
2025-10-27 19:30:00,73.06500244140625,73.0999984741211,72.9800033569336,73.0999984741211,157203.0
2025-10-28 13:30:00,72.05000305175781,72.33000183105469,71.87000274658203,72.16000366210938,893241.0
2025-10-28 14:30:00,72.16000366210938,72.20999908447266,71.37999725341797,71.44000244140625,627381.0
2025-10-28 15:30:00,71.44000244140625,71.73999786376953,71.13999938964844,71.33000183105469,1369560.0
2025-10-28 16:30:00,71.31999969482422,71.7699966430664,71.25,71.70999908447266,634665.0
2025-10-28 17:30:00,71.72000122070312,71.73999786376953,71.41000366210938,71.61000061035156,428691.0
2025-10-28 18:30:00,71.6050033569336,71.62020111083984,71.33000183105469,71.36000061035156,282863.0
2025-10-28 19:30:00,71.3499984741211,71.38999938964844,71.27999877929688,71.375,255169.0
2025-10-29 13:30:00,71.80999755859375,72.0999984741211,71.73999786376953,72.01000213623047,706299.0
2025-10-29 14:30:00,72.01000213623047,72.58999633789062,72.00499725341797,72.41999816894531,1100090.0
2025-10-29 15:30:00,72.41999816894531,72.63500213623047,72.31999969482422,72.44999694824219,652808.0
2025-10-29 16:30:00,72.44999694824219,72.48999786376953,72.02999877929688,72.16999816894531,653576.0
2025-10-29 17:30:00,72.16000366210938,72.25,71.95999908447266,71.97000122070312,414835.0
2025-10-29 18:30:00,71.9800033569336,72.11499786376953,71.80000305175781,71.93000030517578,557359.0
2025-10-29 19:30:00,71.94000244140625,71.94000244140625,71.76000213623047,71.81500244140625,293597.0
2025-10-30 13:30:00,71.38999938964844,71.62999725341797,71.16000366210938,71.58000183105469,909108.0
2025-10-30 14:30:00,71.58999633789062,72.25,71.54229736328125,71.97000122070312,579865.0
2025-10-30 15:30:00,71.98999786376953,72.23999786376953,71.88999938964844,72.08999633789062,308631.0
2025-10-30 16:30:00,72.05999755859375,72.2699966430664,72.00499725341797,72.16999816894531,269336.0
2025-10-30 17:30:00,72.18000030517578,72.3499984741211,72.02999877929688,72.08999633789062,338678.0
2025-10-30 18:30:00,72.08000183105469,72.12999725341797,71.87000274658203,71.88999938964844,195693.0
2025-10-30 19:30:00,71.87999725341797,71.9000015258789,71.69499969482422,71.7249984741211,174587.0
2025-10-31 13:30:00,72.56999969482422,72.88500213623047,72.05500030517578,72.19000244140625,1710442.0
2025-10-31 14:30:00,72.18000030517578,72.69999694824219,72.16500091552734,72.5999984741211,692895.0
2025-10-31 15:30:00,72.5999984741211,72.76000213623047,72.01000213623047,72.13999938964844,2472560.0
2025-10-31 16:30:00,72.12999725341797,72.58000183105469,72.11000061035156,72.56500244140625,724131.0
2025-10-31 17:30:00,72.55500030517578,72.6500015258789,72.41000366210938,72.58000183105469,502205.0
2025-10-31 18:30:00,72.56999969482422,72.66999816894531,72.41000366210938,72.51000213623047,276784.0
2025-10-31 19:30:00,72.51000213623047,72.55000305175781,72.45500183105469,72.5199966430664,512603.0
2025-11-03 14:30:00,72.55999755859375,72.61000061035156,72.05999755859375,72.08000183105469,698221.0
2025-11-03 15:30:00,72.06999969482422,73.19999694824219,72.05999755859375,73.0199966430664,641516.0
2025-11-03 16:30:00,73.0199966430664,73.16000366210938,72.82499694824219,72.97219848632812,449457.0
2025-11-03 17:30:00,72.9800033569336,73.08999633789062,72.83999633789062,72.9749984741211,238396.0
2025-11-03 18:30:00,72.97000122070312,72.99500274658203,72.33000183105469,72.62000274658203,627079.0
2025-11-03 19:30:00,72.62999725341797,72.70999908447266,72.56999969482422,72.69000244140625,864190.0
2025-11-03 20:30:00,72.69999694824219,72.75,72.63999938964844,72.73999786376953,730393.0
2025-11-04 14:30:00,71.91999816894531,72.19999694824219,71.77999877929688,72.11499786376953,646904.0
2025-11-04 15:30:00,72.0999984741211,72.44999694824219,72.05999755859375,72.23999786376953,445143.0
2025-11-04 16:30:00,72.24500274658203,72.41000366210938,72.1500015258789,72.30000305175781,342287.0
2025-11-04 17:30:00,72.30000305175781,72.5199966430664,72.1500015258789,72.37999725341797,379947.0
2025-11-04 18:30:00,72.4000015258789,72.44000244140625,72.04000091552734,72.13999938964844,825611.0
2025-11-04 19:30:00,72.13999938964844,72.27999877929688,71.97000122070312,71.98999786376953,284790.0
2025-11-04 20:30:00,71.9800033569336,72.04000091552734,71.86499786376953,71.91999816894531,191725.0
2025-11-05 14:30:00,71.68000030517578,71.86000061035156,71.51000213623047,71.69999694824219,480199.0
2025-11-05 15:30:00,71.70999908447266,72.45999908447266,71.55999755859375,72.04000091552734,529276.0
2025-11-05 16:30:00,72.04000091552734,72.05999755859375,71.11000061035156,71.22000122070312,635328.0
2025-11-05 17:30:00,71.20999908447266,71.30500030517578,71.02999877929688,71.16000366210938,466192.0
2025-11-05 18:30:00,71.16999816894531,71.30999755859375,70.9800033569336,71.02999877929688,405947.0
2025-11-05 19:30:00,71.0199966430664,71.08999633789062,70.93499755859375,71.03500366210938,409673.0
2025-11-05 20:30:00,71.04000091552734,71.08499908447266,71.01000213623047,71.0199966430664,310957.0
2025-11-06 14:30:00,70.62000274658203,70.87000274658203,70.29000091552734,70.37000274658203,1191276.0
2025-11-06 15:30:00,70.3499984741211,70.77999877929688,70.12999725341797,70.75,790183.0
2025-11-06 16:30:00,70.73999786376953,70.79000091552734,70.25,70.36499786376953,566115.0
2025-11-06 17:30:00,70.36000061035156,70.73999786376953,70.31999969482422,70.58000183105469,467856.0
2025-11-06 18:30:00,70.58999633789062,70.86000061035156,70.58999633789062,70.83000183105469,477567.0
2025-11-06 19:30:00,70.83999633789062,71.06999969482422,70.73999786376953,71.01000213623047,319189.0
2025-11-06 20:30:00,71.02999877929688,71.11000061035156,70.86499786376953,70.88500213623047,212772.0
2025-11-07 14:30:00,71.27999877929688,71.44999694824219,71.01000213623047,71.06999969482422,904541.0
2025-11-07 15:30:00,71.06999969482422,71.22000122070312,70.94000244140625,71.06999969482422,548478.0
2025-11-07 16:30:00,71.05999755859375,71.4000015258789,70.98999786376953,71.11000061035156,479028.0
2025-11-07 17:30:00,71.13999938964844,71.22000122070312,70.72000122070312,71.22000122070312,683149.0
2025-11-07 18:30:00,71.20999908447266,71.33000183105469,71.12999725341797,71.20500183105469,404297.0
2025-11-07 19:30:00,71.19000244140625,71.34500122070312,71.11000061035156,71.16999816894531,364148.0
2025-11-07 20:30:00,71.16999816894531,71.29000091552734,71.13999938964844,71.2699966430664,211713.0
2025-11-10 14:30:00,71.58999633789062,71.58999633789062,70.98999786376953,71.12000274658203,644966.0
2025-11-10 15:30:00,71.11000061035156,71.37999725341797,70.91000366210938,70.94000244140625,455506.0
2025-11-10 16:30:00,70.93000030517578,71.30999755859375,70.86000061035156,71.2968978881836,378356.0
2025-11-10 17:30:00,71.30999755859375,71.55999755859375,71.23999786376953,71.5199966430664,272779.0
2025-11-10 18:30:00,71.52999877929688,71.7699966430664,71.44000244140625,71.70500183105469,208088.0
2025-11-10 19:30:00,71.70999908447266,71.76000213623047,71.61000061035156,71.73999786376953,184815.0
2025-11-10 20:30:00,71.7300033569336,71.7699966430664,71.66999816894531,71.70999908447266,322770.0
2025-11-11 14:30:00,72.43000030517578,72.77999877929688,72.43000030517578,72.62000274658203,887483.0
2025-11-11 15:30:00,72.62000274658203,73.06999969482422,72.51000213623047,72.98999786376953,643373.0
2025-11-11 16:30:00,72.98999786376953,73.05000305175781,72.76000213623047,72.94550323486328,978307.0
2025-11-11 17:30:00,72.94000244140625,72.94550323486328,72.66000366210938,72.77999877929688,308715.0
2025-11-11 18:30:00,72.7699966430664,72.9000015258789,72.68000030517578,72.80000305175781,312024.0
2025-11-11 19:30:00,72.80000305175781,72.95999908447266,72.73500061035156,72.7750015258789,201543.0
2025-11-11 20:30:00,72.77999877929688,72.77999877929688,72.66999816894531,72.69499969482422,314407.0
2025-11-12 14:30:00,71.08999633789062,71.0906982421875,70.54000091552734,70.58999633789062,1105640.0
2025-11-12 15:30:00,70.58999633789062,70.61000061035156,69.87999725341797,69.91500091552734,945465.0
2025-11-12 16:30:00,69.93000030517578,70.12000274658203,69.7699966430664,69.88500213623047,758904.0
2025-11-12 17:30:00,69.87999725341797,70.05500030517578,69.83000183105469,69.8499984741211,419208.0
2025-11-12 18:30:00,69.85900115966797,69.87999725341797,69.63500213623047,69.8499984741211,577992.0
2025-11-12 19:30:00,69.84500122070312,69.86000061035156,69.63999938964844,69.80999755859375,394463.0
2025-11-12 20:30:00,69.80000305175781,69.83999633789062,69.75,69.79000091552734,666060.0
2025-11-13 14:30:00,70.5,70.54000091552734,70.2699966430664,70.44999694824219,819423.0
2025-11-13 15:30:00,70.44999694824219,70.51499938964844,70.13999938964844,70.27999877929688,510892.0
2025-11-13 16:30:00,70.27999877929688,70.45500183105469,70.11499786376953,70.20999908447266,1193413.0
2025-11-13 17:30:00,70.22000122070312,70.27999877929688,70.06999969482422,70.12999725341797,240479.0
2025-11-13 18:30:00,70.13999938964844,70.13999938964844,69.84500122070312,70.06999969482422,360527.0
2025-11-13 19:30:00,70.06999969482422,70.18000030517578,69.96499633789062,70.01300048828125,282621.0
2025-11-13 20:30:00,70.0,70.06500244140625,69.8499984741211,69.90499877929688,549718.0
2025-11-14 14:30:00,71.31999969482422,71.6500015258789,71.12999725341797,71.61000061035156,1176911.0
2025-11-14 15:30:00,71.61000061035156,71.9572982788086,71.56999969482422,71.7699966430664,681714.0
2025-11-14 16:30:00,71.76000213623047,71.87999725341797,71.54499816894531,71.72000122070312,501512.0
2025-11-14 17:30:00,71.72000122070312,71.84500122070312,71.62000274658203,71.73999786376953,255663.0
2025-11-14 18:30:00,71.716796875,71.73999786376953,71.44000244140625,71.58999633789062,528381.0
2025-11-14 19:30:00,71.56500244140625,71.62000274658203,71.38999938964844,71.44999694824219,321109.0
2025-11-14 20:30:00,71.44999694824219,71.51000213623047,71.36000061035156,71.37999725341797,388055.0
2025-11-17 14:30:00,71.5999984741211,71.7699966430664,71.4000015258789,71.4800033569336,673091.0
2025-11-17 15:30:00,71.4800033569336,71.63999938964844,71.38999938964844,71.5999984741211,407553.0
2025-11-17 16:30:00,71.5999984741211,71.77999877929688,71.5199966430664,71.73999786376953,850158.0
2025-11-17 17:30:00,71.73999786376953,71.77999877929688,71.52999877929688,71.55000305175781,417036.0
2025-11-17 18:30:00,71.55000305175781,71.69999694824219,71.45999908447266,71.45999908447266,373949.0
2025-11-17 19:30:00,71.44000244140625,71.55000305175781,71.28500366210938,71.41000366210938,373676.0
2025-11-17 20:30:00,71.41500091552734,71.41500091552734,71.30000305175781,71.31999969482422,367305.0
2025-11-18 14:30:00,71.31999969482422,71.44000244140625,70.91000366210938,71.17500305175781,1032711.0
2025-11-18 15:30:00,71.18000030517578,71.75,71.08000183105469,71.5199966430664,966627.0
2025-11-18 16:30:00,71.5199966430664,71.68000030517578,71.43000030517578,71.51000213623047,607430.0
2025-11-18 17:30:00,71.5199966430664,72.66000366210938,71.42500305175781,72.13999938964844,1177481.0
2025-11-18 18:30:00,72.1500015258789,72.6500015258789,72.1500015258789,72.47000122070312,751829.0
2025-11-18 19:30:00,72.44999694824219,72.68000030517578,72.42510223388672,72.56999969482422,510541.0
2025-11-18 20:30:00,72.56999969482422,72.56999969482422,72.47000122070312,72.51000213623047,251008.0
2025-11-19 14:30:00,70.4800033569336,70.56999969482422,70.11000061035156,70.41999816894531,1307582.0
2025-11-19 15:30:00,70.41999816894531,70.91000366210938,70.37999725341797,70.69000244140625,791865.0
2025-11-19 16:30:00,70.66999816894531,70.83000183105469,70.38999938964844,70.72000122070312,1011499.0
2025-11-19 17:30:00,70.71499633789062,70.77999877929688,70.55000305175781,70.70999908447266,628049.0
2025-11-19 18:30:00,70.70999908447266,70.88999938964844,70.66000366210938,70.8499984741211,456956.0
2025-11-19 19:30:00,70.83999633789062,70.9000015258789,70.73999786376953,70.7750015258789,244574.0
2025-11-19 20:30:00,70.7699966430664,70.87999725341797,70.76000213623047,70.87999725341797,286821.0
2025-11-20 14:30:00,71.2699966430664,71.69000244140625,71.16999816894531,71.66999816894531,655551.0
2025-11-20 15:30:00,71.69000244140625,71.79100036621094,70.51000213623047,70.66999816894531,1313677.0
2025-11-20 16:30:00,70.66999816894531,70.88999938964844,70.0199966430664,70.18499755859375,1456688.0
2025-11-20 17:30:00,70.17500305175781,70.80000305175781,70.13500213623047,70.62999725341797,827636.0
2025-11-20 18:30:00,70.62000274658203,70.7249984741211,70.23999786376953,70.54000091552734,577124.0
2025-11-20 19:30:00,70.54000091552734,70.54000091552734,70.38999938964844,70.41999816894531,313835.0
2025-11-20 20:30:00,70.41999816894531,70.41999816894531,70.08499908447266,70.16000366210938,332818.0
2025-11-21 14:30:00,69.2699966430664,69.2699966430664,68.58000183105469,68.69999694824219,2255658.0
2025-11-21 15:30:00,68.69000244140625,69.25,68.6050033569336,69.06999969482422,1779885.0
2025-11-21 16:30:00,69.08000183105469,69.33000183105469,68.87000274658203,69.25499725341797,861386.0
2025-11-21 17:30:00,69.25,69.30000305175781,68.9800033569336,69.12999725341797,610066.0
2025-11-21 18:30:00,69.12000274658203,69.52999877929688,69.0199966430664,69.4000015258789,663012.0
2025-11-21 19:30:00,69.41000366210938,69.41500091552734,69.13999938964844,69.29000091552734,364555.0
2025-11-21 20:30:00,69.27999877929688,69.38999938964844,69.20999908447266,69.26000213623047,547491.0
2025-11-24 14:30:00,69.2699966430664,69.5199966430664,68.87000274658203,69.36000061035156,1251297.0
2025-11-24 15:30:00,69.3499984741211,69.83499908447266,69.29499816894531,69.79000091552734,602356.0
2025-11-24 16:30:00,69.79000091552734,70.01000213623047,69.73999786376953,69.9000015258789,482369.0
2025-11-24 17:30:00,69.88999938964844,70.19000244140625,69.83999633789062,70.19000244140625,327177.0
2025-11-24 18:30:00,70.19000244140625,70.4000015258789,70.16000366210938,70.3499984741211,396474.0
2025-11-24 19:30:00,70.33999633789062,70.46499633789062,70.27999877929688,70.44000244140625,256421.0
2025-11-24 20:30:00,70.43000030517578,70.58999633789062,70.40899658203125,70.45999908447266,499324.0
2025-11-25 14:30:00,68.94999694824219,69.0199966430664,68.32499694824219,68.43499755859375,1513463.0
2025-11-25 15:30:00,68.44000244140625,68.80000305175781,68.26000213623047,68.79000091552734,1086890.0
2025-11-25 16:30:00,68.77999877929688,69.22000122070312,68.69999694824219,69.05010223388672,764507.0
2025-11-25 17:30:00,69.0199966430664,69.30999755859375,68.93000030517578,69.13999938964844,845421.0
2025-11-25 18:30:00,69.13999938964844,69.31999969482422,68.99500274658203,69.31999969482422,466115.0
2025-11-25 19:30:00,69.33000183105469,69.42500305175781,68.93499755859375,69.41500091552734,861833.0
2025-11-25 20:30:00,69.41999816894531,69.48999786376953,69.20999908447266,69.26000213623047,291287.0
2025-11-26 14:30:00,69.06999969482422,69.43000030517578,69.05000305175781,69.37000274658203,523129.0
2025-11-26 15:30:00,69.37000274658203,69.44000244140625,69.19000244140625,69.41999816894531,695297.0
2025-11-26 16:30:00,69.41000366210938,69.83999633789062,69.16000366210938,69.5199966430664,570000.0
2025-11-26 17:30:00,69.5199966430664,69.69999694824219,69.27999877929688,69.69000244140625,440380.0
2025-11-26 18:30:00,69.69999694824219,70.16000366210938,69.55870056152344,70.1500015258789,488811.0
2025-11-26 19:30:00,70.13999938964844,70.19000244140625,69.94999694824219,70.12000274658203,254071.0
2025-11-26 20:30:00,70.11499786376953,70.13999938964844,70.0199966430664,70.02999877929688,194803.0
2025-11-28 14:30:00,70.44000244140625,70.91500091552734,70.44000244140625,70.73999786376953,755220.0
2025-11-28 15:30:00,70.73999786376953,71.0199966430664,70.6500015258789,70.98999786376953,1075098.0
2025-11-28 16:30:00,70.9800033569336,71.30000305175781,70.81999969482422,71.05999755859375,978005.0
2025-11-28 18:00:00,71.05500030517578,71.31159973144531,70.91999816894531,71.20999908447266,0.0
2025-12-01 14:30:00,70.61000061035156,71.26000213623047,70.61000061035156,71.12000274658203,1071513.0
2025-12-01 15:30:00,71.11000061035156,71.33000183105469,70.7699966430664,70.81999969482422,692557.0
2025-12-01 16:30:00,70.80999755859375,71.08499908447266,70.7300033569336,70.91000366210938,641271.0
2025-12-01 17:30:00,70.91999816894531,71.0,70.77999877929688,70.97000122070312,353066.0
2025-12-01 18:30:00,71.0,71.1500015258789,70.91000366210938,70.94999694824219,707265.0
2025-12-01 19:30:00,70.94999694824219,71.19000244140625,70.94999694824219,71.125,294781.0
2025-12-01 20:30:00,71.12999725341797,71.23999786376953,71.05000305175781,71.08999633789062,478030.0
2025-12-02 14:30:00,70.54000091552734,71.04000091552734,69.72000122070312,70.86000061035156,2806845.0
2025-12-02 15:30:00,70.86000061035156,71.0199966430664,70.4800033569336,70.55000305175781,761724.0
2025-12-02 16:30:00,70.55000305175781,70.69999694824219,70.31999969482422,70.54000091552734,495099.0
2025-12-02 17:30:00,70.54000091552734,70.58999633789062,70.375,70.55999755859375,335963.0
2025-12-02 18:30:00,70.56999969482422,70.76000213623047,70.08000183105469,70.16999816894531,878565.0
2025-12-02 19:30:00,70.16999816894531,70.18000030517578,69.9729995727539,70.0999984741211,415938.0
2025-12-02 20:30:00,70.0999984741211,70.19999694824219,70.0999984741211,70.16000366210938,425192.0
2025-12-03 14:30:00,70.75,70.94499969482422,70.70999908447266,70.80000305175781,511767.0
2025-12-03 15:30:00,70.79000091552734,71.30000305175781,70.69000244140625,71.06999969482422,877995.0
2025-12-03 16:30:00,71.05999755859375,71.11000061035156,70.41500091552734,71.02999877929688,545568.0
2025-12-03 17:30:00,71.02999877929688,71.02999877929688,70.75,70.86000061035156,301570.0
2025-12-03 18:30:00,70.87000274658203,70.88999938964844,70.45500183105469,70.5,462671.0
2025-12-03 19:30:00,70.5,70.61000061035156,70.37000274658203,70.5999984741211,199322.0
2025-12-03 20:30:00,70.58999633789062,70.70999908447266,70.57499694824219,70.66999816894531,171676.0
2025-12-04 14:30:00,70.6500015258789,70.80000305175781,70.34500122070312,70.69999694824219,693675.0
2025-12-04 15:30:00,70.69499969482422,71.3550033569336,70.69000244140625,71.29000091552734,896484.0
2025-12-04 16:30:00,71.30000305175781,71.76000213623047,71.30000305175781,71.54000091552734,1013993.0
2025-12-04 17:30:00,71.54000091552734,71.62999725341797,71.44180297851562,71.61000061035156,343377.0
2025-12-04 18:30:00,71.59500122070312,71.66999816894531,71.27999877929688,71.34500122070312,478686.0
2025-12-04 19:30:00,71.3499984741211,71.43000030517578,71.27999877929688,71.38999938964844,248457.0
2025-12-04 20:30:00,71.4000015258789,71.40499877929688,71.30000305175781,71.37999725341797,220174.0
2025-12-05 14:30:00,71.33000183105469,72.19000244140625,71.30999755859375,72.15550231933594,1017534.0
2025-12-05 15:30:00,72.1500015258789,72.33999633789062,71.8499984741211,71.87999725341797,1592692.0
2025-12-05 16:30:00,71.88999938964844,72.11000061035156,71.62699890136719,72.05000305175781,645359.0
2025-12-05 17:30:00,72.05999755859375,72.16999816894531,71.94000244140625,71.9800033569336,307834.0
2025-12-05 18:30:00,71.9800033569336,72.02999877929688,71.7699966430664,71.86000061035156,267109.0
2025-12-05 19:30:00,71.87000274658203,71.91999816894531,71.77999877929688,71.86000061035156,214538.0
2025-12-05 20:30:00,71.8499984741211,71.9800033569336,71.84700012207031,71.9000015258789,254125.0
2025-12-08 14:30:00,70.81999969482422,71.18000030517578,70.76000213623047,70.88999938964844,669904.0
2025-12-08 15:30:00,70.87999725341797,71.16999816894531,70.68000030517578,70.77999877929688,604703.0
2025-12-08 16:30:00,70.77999877929688,70.94999694824219,70.68000030517578,70.77999877929688,365311.0
2025-12-08 17:30:00,70.77999877929688,70.80000305175781,70.45999908447266,70.5,376918.0
2025-12-08 18:30:00,70.48999786376953,70.5,70.26499938964844,70.48999786376953,460454.0
2025-12-08 19:30:00,70.45999908447266,70.47209930419922,70.36000061035156,70.37999725341797,178568.0
2025-12-08 20:30:00,70.37999725341797,70.48999786376953,70.375,70.4800033569336,286271.0
2025-12-09 14:30:00,70.37999725341797,70.41999816894531,69.77999877929688,69.81999969482422,852733.0
2025-12-09 15:30:00,69.81999969482422,69.94999694824219,69.69999694824219,69.83000183105469,513758.0
2025-12-09 16:30:00,69.81999969482422,69.86499786376953,69.66000366210938,69.71499633789062,405734.0
2025-12-09 17:30:00,69.72000122070312,69.83000183105469,69.67500305175781,69.78500366210938,257989.0
2025-12-09 18:30:00,69.78500366210938,69.86750030517578,69.69999694824219,69.79000091552734,368577.0
2025-12-09 19:30:00,69.77999877929688,70.0,69.7686996459961,69.9209976196289,230404.0
2025-12-09 20:30:00,69.91999816894531,69.94999694824219,69.86000061035156,69.87999725341797,359980.0
2025-12-10 14:30:00,69.43000030517578,69.4800033569336,69.23999786376953,69.36000061035156,1082132.0
2025-12-10 15:30:00,69.3499984741211,69.4000015258789,69.125,69.30000305175781,949392.0
2025-12-10 16:30:00,69.30000305175781,69.69000244140625,69.2300033569336,69.62999725341797,841547.0
2025-12-10 17:30:00,69.62999725341797,69.86000061035156,69.51740264892578,69.69999694824219,393443.0
2025-12-10 18:30:00,69.69000244140625,70.16999816894531,69.6500015258789,70.11000061035156,2449210.0
2025-12-10 19:30:00,70.11000061035156,70.69000244140625,70.08999633789062,70.6500015258789,1170357.0
2025-12-10 20:30:00,70.6500015258789,70.69999694824219,70.51000213623047,70.55000305175781,671354.0
2025-12-11 14:30:00,68.58999633789062,68.94999694824219,68.54000091552734,68.76000213623047,2254597.0
2025-12-11 15:30:00,68.75350189208984,68.88500213623047,68.30999755859375,68.58000183105469,2407825.0
2025-12-11 16:30:00,68.58000183105469,68.80000305175781,68.45500183105469,68.73999786376953,722423.0
2025-12-11 17:30:00,68.7300033569336,68.80000305175781,68.62999725341797,68.73999786376953,501707.0
2025-12-11 18:30:00,68.73999786376953,69.05999755859375,68.7300033569336,69.05000305175781,1221465.0
2025-12-11 19:30:00,69.04000091552734,69.28510284423828,69.04000091552734,69.13500213623047,599406.0
2025-12-11 20:30:00,69.13999938964844,69.2699966430664,69.13999938964844,69.25,611852.0
2025-12-12 14:30:00,68.87000274658203,68.98999786376953,68.52999877929688,68.56999969482422,1155699.0
2025-12-12 15:30:00,68.56999969482422,68.81999969482422,68.47000122070312,68.69999694824219,1418701.0
2025-12-12 16:30:00,68.70999908447266,69.125,68.68000030517578,68.9800033569336,831188.0
2025-12-12 17:30:00,68.9800033569336,69.08999633789062,68.92630004882812,69.0199966430664,466056.0
2025-12-12 18:30:00,69.01000213623047,69.0199966430664,68.7699966430664,68.83000183105469,475319.0
2025-12-12 19:30:00,68.80999755859375,68.84500122070312,68.69999694824219,68.76000213623047,311790.0
2025-12-12 20:30:00,68.76000213623047,68.9000015258789,68.72010040283203,68.83999633789062,513411.0
2025-12-15 14:30:00,68.48999786376953,68.52999877929688,68.08000183105469,68.16000366210938,1603615.0
2025-12-15 15:30:00,68.16000366210938,68.2300033569336,67.8499984741211,67.94000244140625,1240611.0
2025-12-15 16:30:00,67.94999694824219,68.00499725341797,67.61000061035156,67.86000061035156,1193360.0
2025-12-15 17:30:00,67.8499984741211,67.99500274658203,67.66999816894531,67.68000030517578,556692.0
2025-12-15 18:30:00,67.69000244140625,68.18000030517578,67.63999938964844,68.13999938964844,852113.0
2025-12-15 19:30:00,68.12999725341797,68.19000244140625,67.88500213623047,67.91999816894531,405753.0
2025-12-15 20:30:00,67.91999816894531,67.9749984741211,67.90499877929688,67.91000366210938,343056.0
2025-12-16 14:30:00,66.75,66.77999877929688,66.06500244140625,66.06500244140625,1715595.0
2025-12-16 15:30:00,66.06999969482422,66.37999725341797,65.98500061035156,66.36000061035156,1502274.0
2025-12-16 16:30:00,66.36000061035156,66.72000122070312,66.34449768066406,66.5199966430664,1250506.0
2025-12-16 17:30:00,66.5199966430664,66.5999984741211,66.36000061035156,66.5,560410.0
2025-12-16 18:30:00,66.49500274658203,66.68499755859375,66.25499725341797,66.30000305175781,696986.0
2025-12-16 19:30:00,66.30000305175781,66.38359832763672,66.19999694824219,66.24500274658203,461483.0
2025-12-16 20:30:00,66.24109649658203,66.27999877929688,66.16999816894531,66.19000244140625,392070.0
2025-12-17 14:30:00,67.22000122070312,67.55000305175781,66.83000183105469,67.52999877929688,2488456.0
2025-12-17 15:30:00,67.5199966430664,67.55000305175781,67.02999877929688,67.37000274658203,1377459.0
2025-12-17 16:30:00,67.37000274658203,67.45500183105469,67.1500015258789,67.35240173339844,779852.0
2025-12-17 17:30:00,67.33999633789062,67.4000015258789,67.19999694824219,67.37999725341797,421022.0
2025-12-17 18:30:00,67.37000274658203,67.42009735107422,67.05999755859375,67.08999633789062,643655.0
2025-12-17 19:30:00,67.08999633789062,67.72000122070312,67.05000305175781,67.72000122070312,580928.0
2025-12-17 20:30:00,67.7300033569336,68.05999755859375,67.70999908447266,67.97000122070312,909636.0
2025-12-18 14:30:00,67.70999908447266,67.83999633789062,67.4800033569336,67.7300033569336,954422.0
2025-12-18 15:30:00,67.7300033569336,67.80000305175781,67.55999755859375,67.7300033569336,848450.0
2025-12-18 16:30:00,67.73999786376953,67.93879699707031,67.5,67.61000061035156,844128.0
2025-12-18 17:30:00,67.5999984741211,67.75,67.5199966430664,67.56999969482422,423572.0
2025-12-18 18:30:00,67.56999969482422,67.59500122070312,67.26000213623047,67.2699966430664,814524.0
2025-12-18 19:30:00,67.2699966430664,67.31999969482422,67.09500122070312,67.19499969482422,527739.0
2025-12-18 20:30:00,67.19000244140625,67.23999786376953,67.16999816894531,67.19000244140625,272526.0
2025-12-19 14:30:00,67.73999786376953,67.9800033569336,67.61499786376953,67.7300033569336,822762.0
2025-12-19 15:30:00,67.7300033569336,67.8499984741211,67.43499755859375,67.81999969482422,698204.0
2025-12-19 16:30:00,67.83000183105469,67.9749984741211,67.76000213623047,67.91000366210938,610544.0
2025-12-19 17:30:00,67.91000366210938,68.16000366210938,67.80000305175781,68.01499938964844,425513.0
2025-12-19 18:30:00,68.01499938964844,68.19999694824219,67.83499908447266,67.97000122070312,790857.0
2025-12-19 19:30:00,67.97000122070312,68.0344009399414,67.87999725341797,67.98999786376953,350978.0
2025-12-19 20:30:00,67.98999786376953,68.12999725341797,67.9800033569336,68.0199966430664,234914.0
2025-12-22 14:30:00,69.55999755859375,69.73999786376953,69.33999633789062,69.69000244140625,1413773.0
2025-12-22 15:30:00,69.69000244140625,69.69000244140625,69.22000122070312,69.37000274658203,767650.0
2025-12-22 16:30:00,69.37000274658203,69.62999725341797,69.37000274658203,69.55500030517578,636401.0
2025-12-22 17:30:00,69.55000305175781,69.68000030517578,69.4800033569336,69.62000274658203,420616.0
2025-12-22 18:30:00,69.625,69.80500030517578,69.55999755859375,69.77999877929688,503922.0
2025-12-22 19:30:00,69.79000091552734,69.81999969482422,69.69999694824219,69.77999877929688,278946.0
2025-12-22 20:30:00,69.77999877929688,69.8499984741211,69.7300033569336,69.73999786376953,312292.0
2025-12-23 14:30:00,69.62000274658203,69.76000213623047,69.44999694824219,69.60929870605469,782330.0
2025-12-23 15:30:00,69.61000061035156,69.91999816894531,69.44999694824219,69.87000274658203,393662.0
2025-12-23 16:30:00,69.87000274658203,70.0250015258789,69.81999969482422,69.93930053710938,619921.0
2025-12-23 17:30:00,69.93000030517578,70.19000244140625,69.91000366210938,70.12740325927734,274268.0
2025-12-23 18:30:00,70.12999725341797,70.25,70.12000274658203,70.22000122070312,496438.0
2025-12-23 19:30:00,70.22000122070312,70.36000061035156,70.19000244140625,70.29000091552734,328592.0
2025-12-23 20:30:00,70.29499816894531,70.33000183105469,70.25499725341797,70.28500366210938,228380.0
2025-12-24 14:30:00,70.47000122070312,70.58000183105469,70.20999908447266,70.2699966430664,700182.0
2025-12-24 15:30:00,70.2750015258789,70.27999877929688,69.94000244140625,70.19999694824219,433497.0
2025-12-24 16:30:00,70.19999694824219,70.44000244140625,70.05999755859375,70.31500244140625,280678.0
2025-12-24 18:00:00,70.33999633789062,70.36000061035156,70.01000213623047,70.02999877929688,0.0
2025-12-26 14:30:00,69.66000366210938,69.76000213623047,69.4000015258789,69.44000244140625,703919.0
2025-12-26 15:30:00,69.44000244140625,69.44000244140625,68.94000244140625,69.0,724549.0
2025-12-26 16:30:00,69.0,69.01499938964844,68.79000091552734,68.80000305175781,516452.0
2025-12-26 17:30:00,68.79000091552734,68.93000030517578,68.75499725341797,68.79989624023438,345352.0
2025-12-26 18:30:00,68.80000305175781,68.87999725341797,68.19999694824219,68.21949768066406,874634.0
2025-12-26 19:30:00,68.20999908447266,68.37999725341797,68.17500305175781,68.33499908447266,454833.0
2025-12-26 20:30:00,68.33499908447266,68.5,68.33000183105469,68.47000122070312,470360.0
2025-12-29 14:30:00,69.8499984741211,70.12010192871094,69.72000122070312,69.90499877929688,800693.0
2025-12-29 15:30:00,69.91999816894531,70.12999725341797,69.83999633789062,69.87000274658203,423750.0
2025-12-29 16:30:00,69.87000274658203,70.02999877929688,69.79000091552734,69.95999908447266,288988.0
2025-12-29 17:30:00,69.97000122070312,69.98999786376953,69.56999969482422,69.70590209960938,293935.0
2025-12-29 18:30:00,69.7300033569336,69.91999816894531,69.66999816894531,69.88999938964844,307988.0
2025-12-29 19:30:00,69.9000015258789,70.01020050048828,69.72000122070312,69.72000122070312,172001.0
2025-12-29 20:30:00,69.71499633789062,69.74500274658203,69.57499694824219,69.61000061035156,315326.0
2025-12-30 14:30:00,70.27999877929688,70.32499694824219,70.16000366210938,70.18000030517578,627655.0
2025-12-30 15:30:00,70.19400024414062,70.23999786376953,69.83999633789062,69.8499984741211,456484.0
2025-12-30 16:30:00,69.84500122070312,69.98999786376953,69.7699966430664,69.83000183105469,391074.0
2025-12-30 17:30:00,69.83000183105469,69.86000061035156,69.72000122070312,69.81999969482422,218924.0
2025-12-30 18:30:00,69.81999969482422,69.87000274658203,69.66110229492188,69.72000122070312,295090.0
2025-12-30 19:30:00,69.70999908447266,69.83000183105469,69.66000366210938,69.66000366210938,175911.0
2025-12-30 20:30:00,69.66500091552734,69.7750015258789,69.6500015258789,69.7249984741211,145542.0
2025-12-31 14:30:00,70.19999694824219,70.26000213623047,69.91000366210938,69.92500305175781,408704.0
2025-12-31 15:30:00,69.91000366210938,69.93000030517578,69.55000305175781,69.66000366210938,416211.0
2025-12-31 16:30:00,69.66000366210938,69.69999694824219,69.48999786376953,69.63999938964844,228933.0
2025-12-31 17:30:00,69.62999725341797,69.63999938964844,69.19000244140625,69.20999908447266,279103.0
2025-12-31 18:30:00,69.21499633789062,69.36000061035156,69.06999969482422,69.08499908447266,323663.0
2025-12-31 19:30:00,69.0999984741211,69.18000030517578,68.8499984741211,69.1500015258789,263484.0
2025-12-31 20:30:00,69.16000366210938,69.18499755859375,69.0999984741211,69.12999725341797,194261.0
2026-01-02 14:30:00,68.43000030517578,68.5199966430664,68.1500015258789,68.28500366210938,761117.0
2026-01-02 15:30:00,68.26000213623047,68.5999984741211,68.20999908447266,68.2300033569336,845367.0
2026-01-02 16:30:00,68.23999786376953,68.7699966430664,68.16000366210938,68.76390075683594,565363.0
2026-01-02 17:30:00,68.76000213623047,68.81999969482422,68.48999786376953,68.5999984741211,375134.0
2026-01-02 18:30:00,68.5999984741211,69.1449966430664,68.5999984741211,69.04000091552734,713633.0
2026-01-02 19:30:00,69.02999877929688,69.05000305175781,68.9000015258789,68.9800033569336,680258.0
2026-01-02 20:30:00,68.9800033569336,69.01000213623047,68.875,68.95500183105469,1031881.0
2026-01-05 14:30:00,69.94999694824219,70.0250015258789,69.2300033569336,69.66000366210938,1668146.0
2026-01-05 15:30:00,69.66000366210938,70.4000015258789,69.66000366210938,70.0,949671.0
2026-01-05 16:30:00,70.0,70.16999816894531,69.66999816894531,70.13500213623047,790749.0
2026-01-05 17:30:00,70.13500213623047,70.22000122070312,70.05000305175781,70.19999694824219,404282.0
2026-01-05 18:30:00,70.19550323486328,70.30000305175781,70.02999877929688,70.16999816894531,421208.0
2026-01-05 19:30:00,70.18000030517578,70.29000091552734,70.13999938964844,70.2699966430664,382168.0
2026-01-05 20:30:00,70.2699966430664,70.27999877929688,70.18000030517578,70.2249984741211,273330.0
2026-01-06 14:30:00,70.6449966430664,70.73999786376953,69.51000213623047,69.98999786376953,1394218.0
2026-01-06 15:30:00,69.9749984741211,70.33000183105469,69.79000091552734,69.8499984741211,739697.0
2026-01-06 16:30:00,69.93499755859375,69.9800033569336,69.51000213623047,69.53500366210938,529568.0
2026-01-06 17:30:00,69.52999877929688,69.54000091552734,69.33000183105469,69.3550033569336,400267.0
2026-01-06 18:30:00,69.3499984741211,69.35099792480469,68.7699966430664,68.79000091552734,867845.0
2026-01-06 19:30:00,68.79000091552734,68.80999755859375,68.47000122070312,68.51000213623047,571465.0
2026-01-06 20:30:00,68.59500122070312,68.68000030517578,68.55999755859375,68.55999755859375,492706.0
2026-01-07 14:30:00,68.23999786376953,68.310302734375,67.83999633789062,67.91339874267578,1767417.0
2026-01-07 15:30:00,67.91000366210938,68.25,67.80000305175781,68.05999755859375,807421.0
2026-01-07 16:30:00,68.05999755859375,68.06999969482422,67.47000122070312,67.51000213623047,563141.0
2026-01-07 17:30:00,67.51000213623047,67.56999969482422,67.34500122070312,67.43000030517578,450142.0
2026-01-07 18:30:00,67.43000030517578,67.58999633789062,67.37000274658203,67.5,665627.0
2026-01-07 19:30:00,67.49009704589844,67.86000061035156,67.48999786376953,67.72450256347656,350835.0
2026-01-07 20:30:00,67.7300033569336,67.8550033569336,67.61000061035156,67.83000183105469,511557.0
2026-01-08 14:30:00,68.79000091552734,68.94999694824219,68.44999694824219,68.48999786376953,987591.0
2026-01-08 15:30:00,68.48999786376953,68.75,68.38999938964844,68.66999816894531,523590.0
2026-01-08 16:30:00,68.66000366210938,68.91000366210938,68.63999938964844,68.9000015258789,511267.0
2026-01-08 17:30:00,68.91000366210938,69.19000244140625,68.86499786376953,69.1500015258789,606876.0
2026-01-08 18:30:00,69.1500015258789,69.68000030517578,69.06999969482422,69.5999984741211,1082337.0
2026-01-08 19:30:00,69.5999984741211,70.31999969482422,69.58000183105469,70.30000305175781,1512554.0
2026-01-08 20:30:00,70.30000305175781,70.6500015258789,70.2699966430664,70.55000305175781,1077402.0
2026-01-09 14:30:00,70.91999816894531,71.45500183105469,70.9000015258789,71.3499984741211,1787177.0
2026-01-09 15:30:00,71.3499984741211,71.66500091552734,71.21499633789062,71.62999725341797,906321.0
2026-01-09 16:30:00,71.62999725341797,71.94000244140625,71.44999694824219,71.44999694824219,694159.0
2026-01-09 17:30:00,71.44999694824219,71.5250015258789,71.16000366210938,71.33809661865234,569000.0
2026-01-09 18:30:00,71.33999633789062,71.54460144042969,71.0999984741211,71.1500015258789,748169.0
2026-01-09 19:30:00,71.1500015258789,71.20500183105469,70.95999908447266,71.01499938964844,427553.0
2026-01-09 20:30:00,71.01000213623047,71.06710052490234,70.7699966430664,70.77999877929688,652252.0
2026-01-12 14:30:00,70.95999908447266,71.13739776611328,70.46990203857422,71.0999984741211,1092311.0
2026-01-12 15:30:00,71.0999984741211,71.55000305175781,71.02999877929688,71.19999694824219,1247720.0
2026-01-12 16:30:00,71.20999908447266,71.41999816894531,70.98999786376953,71.08000183105469,516511.0
2026-01-12 17:30:00,71.08000183105469,71.38999938964844,71.04000091552734,71.22000122070312,499077.0
2026-01-12 18:30:00,71.2249984741211,71.7249984741211,71.05999755859375,71.70010375976562,967804.0
2026-01-12 19:30:00,71.69999694824219,72.0,71.51499938964844,71.57499694824219,441192.0
2026-01-12 20:30:00,71.55999755859375,71.74500274658203,71.45999908447266,71.66500091552734,428369.0
2026-01-13 14:30:00,72.77999877929688,73.87999725341797,72.77999877929688,73.55020141601562,3195692.0
2026-01-13 15:30:00,73.54000091552734,73.93000030517578,73.40499877929688,73.69000244140625,1718780.0
2026-01-13 16:30:00,73.69999694824219,73.94000244140625,73.25,73.38999938964844,921414.0
2026-01-13 17:30:00,73.38999938964844,73.77999877929688,73.08999633789062,73.66999816894531,1269748.0
2026-01-13 18:30:00,73.66999816894531,73.87000274658203,72.74500274658203,73.5999984741211,2143577.0
2026-01-13 19:30:00,73.6050033569336,73.66500091552734,73.30999755859375,73.5999984741211,666238.0
2026-01-13 20:30:00,73.5999984741211,73.6050033569336,73.3550033569336,73.4800033569336,619453.0
2026-01-14 14:30:00,74.26000213623047,74.41999816894531,73.70999908447266,74.38999938964844,1589917.0
2026-01-14 15:30:00,74.375,74.41500091552734,73.95999908447266,74.04000091552734,816304.0
2026-01-14 16:30:00,74.04000091552734,74.69499969482422,73.94000244140625,74.6449966430664,735586.0
2026-01-14 17:30:00,74.6500015258789,74.6500015258789,74.21929931640625,74.44999694824219,608504.0
2026-01-14 18:30:00,74.44000244140625,74.77999877929688,74.28990173339844,74.76000213623047,819893.0
2026-01-14 19:30:00,74.7699966430664,75.15979766845703,72.12999725341797,72.25499725341797,8566118.0
2026-01-14 20:30:00,72.24009704589844,72.66999816894531,71.41000366210938,72.61000061035156,3688920.0
2026-01-15 14:30:00,71.5999984741211,71.65579986572266,70.99500274658203,71.1500015258789,1323674.0
2026-01-15 15:30:00,71.13999938964844,71.65499877929688,71.08999633789062,71.31999969482422,583496.0
2026-01-15 16:30:00,71.33000183105469,71.41000366210938,71.05999755859375,71.16000366210938,402794.0
2026-01-15 17:30:00,71.18499755859375,71.70999908447266,71.11000061035156,71.61499786376953,895080.0
2026-01-15 18:30:00,71.61000061035156,71.63999938964844,71.20999908447266,71.37999725341797,460353.0
2026-01-15 19:30:00,71.38999938964844,71.40499877929688,71.06999969482422,71.07540130615234,471284.0
2026-01-15 20:30:00,71.08000183105469,71.12899780273438,71.0250015258789,71.1050033569336,461294.0
2026-01-16 14:30:00,72.30000305175781,72.30000305175781,71.71499633789062,71.98999786376953,1047015.0
2026-01-16 15:30:00,71.98500061035156,72.30000305175781,71.87000274658203,72.20999908447266,350868.0
2026-01-16 16:30:00,72.18000030517578,72.5199966430664,72.05000305175781,72.16999816894531,805197.0
2026-01-16 17:30:00,72.16999816894531,72.30999755859375,71.81999969482422,72.29000091552734,915106.0
2026-01-16 18:30:00,72.27999877929688,72.27999877929688,71.6449966430664,71.68000030517578,431095.0
2026-01-16 19:30:00,71.69000244140625,71.84500122070312,71.56999969482422,71.84500122070312,367609.0
2026-01-16 20:30:00,71.8499984741211,71.8550033569336,71.62999725341797,71.66000366210938,492149.0
2026-01-20 14:30:00,72.80000305175781,73.125,72.66000366210938,73.05999755859375,1414447.0
2026-01-20 15:30:00,73.06999969482422,73.08999633789062,72.48999786376953,72.7699966430664,1079171.0
2026-01-20 16:30:00,72.77999877929688,73.02999877929688,72.75,72.91999816894531,473848.0
2026-01-20 17:30:00,72.91999816894531,73.07009887695312,72.71499633789062,72.81999969482422,420116.0
2026-01-20 18:30:00,72.81999969482422,72.98500061035156,72.62000274658203,72.93000030517578,798440.0
2026-01-20 19:30:00,72.91999816894531,72.91999816894531,72.16000366210938,72.16999816894531,1931718.0
2026-01-20 20:30:00,72.18000030517578,72.18000030517578,71.70999908447266,71.87999725341797,1403138.0
2026-01-21 14:30:00,72.83999633789062,73.08999633789062,72.5999984741211,72.74500274658203,1315269.0
2026-01-21 15:30:00,72.75,73.27999877929688,72.74500274658203,73.01000213623047,739605.0
2026-01-21 16:30:00,73.0,73.20999908447266,72.81500244140625,72.98999786376953,388190.0
2026-01-21 17:30:00,72.9800033569336,73.37000274658203,72.91500091552734,73.30000305175781,360392.0
2026-01-21 18:30:00,73.30000305175781,73.45999908447266,73.0250015258789,73.23999786376953,551065.0
2026-01-21 19:30:00,73.2300033569336,73.3499984741211,73.12000274658203,73.2300033569336,553469.0
2026-01-21 20:30:00,73.2249984741211,73.38500213623047,73.19999694824219,73.33000183105469,325954.0
2026-01-22 14:30:00,72.43000030517578,72.48999786376953,71.81999969482422,71.94000244140625,1715402.0
2026-01-22 15:30:00,71.95999908447266,72.41999816894531,71.94999694824219,72.13999938964844,621420.0
2026-01-22 16:30:00,72.12999725341797,72.16000366210938,71.68499755859375,71.69999694824219,663830.0
2026-01-22 17:30:00,71.69999694824219,71.73999786376953,71.2699966430664,71.58000183105469,667660.0
2026-01-22 18:30:00,71.58000183105469,71.7699966430664,71.52989959716797,71.73999786376953,619793.0
2026-01-22 19:30:00,71.73999786376953,71.77999877929688,71.66000366210938,71.72000122070312,193119.0
2026-01-22 20:30:00,71.7300033569336,71.81999969482422,71.70999908447266,71.80500030517578,323570.0
2026-01-23 14:30:00,73.76000213623047,74.05000305175781,73.66999816894531,73.9000015258789,1461114.0
2026-01-23 15:30:00,73.9000015258789,73.91500091552734,73.37999725341797,73.66999816894531,774953.0
2026-01-23 16:30:00,73.66999816894531,73.96499633789062,73.51000213623047,73.56999969482422,526102.0
2026-01-23 17:30:00,73.58000183105469,74.02999877929688,73.58000183105469,73.80999755859375,554967.0
2026-01-23 18:30:00,73.80999755859375,73.91999816894531,73.68499755859375,73.80000305175781,749174.0
2026-01-23 19:30:00,73.80000305175781,74.04000091552734,73.76000213623047,73.92500305175781,494025.0
2026-01-23 20:30:00,73.91999816894531,74.00499725341797,73.8550033569336,73.94000244140625,744772.0
2026-01-26 14:30:00,73.36000061035156,73.73999786376953,73.1449966430664,73.43000030517578,1356623.0
2026-01-26 15:30:00,73.4000015258789,73.4000015258789,73.05000305175781,73.18000030517578,577499.0
2026-01-26 16:30:00,73.19000244140625,73.62999725341797,73.19000244140625,73.48999786376953,404177.0
2026-01-26 17:30:00,73.48999786376953,73.7699966430664,73.26000213623047,73.26000213623047,421759.0
2026-01-26 18:30:00,73.2699966430664,73.51000213623047,73.19000244140625,73.30000305175781,357706.0
2026-01-26 19:30:00,73.30000305175781,73.44999694824219,72.94000244140625,73.43000030517578,881797.0
2026-01-26 20:30:00,73.44000244140625,73.54000091552734,73.38480377197266,73.4800033569336,406737.0
2026-01-27 14:30:00,73.94999694824219,74.2699966430664,73.69000244140625,74.04000091552734,1213293.0
2026-01-27 15:30:00,74.02999877929688,74.91000366210938,74.0199966430664,74.80000305175781,1398274.0
2026-01-27 16:30:00,74.80999755859375,75.06999969482422,74.77999877929688,75.05000305175781,618948.0
2026-01-27 17:30:00,75.05000305175781,75.2300033569336,74.94999694824219,75.12000274658203,588984.0
2026-01-27 18:30:00,75.11000061035156,75.48500061035156,74.87000274658203,75.43000030517578,561067.0
2026-01-27 19:30:00,75.41999816894531,75.6500015258789,75.12999725341797,75.37999725341797,1074936.0
2026-01-27 20:30:00,75.37000274658203,75.70999908447266,75.23500061035156,75.66000366210938,556481.0
2026-01-28 14:30:00,76.26000213623047,76.49500274658203,75.74500274658203,76.12999725341797,2274091.0
2026-01-28 15:30:00,76.13999938964844,76.30999755859375,75.98999786376953,76.06999969482422,578850.0
2026-01-28 16:30:00,76.06999969482422,76.13999938964844,75.62999725341797,75.80999755859375,600593.0
2026-01-28 17:30:00,75.80999755859375,76.08999633789062,75.80000305175781,75.93000030517578,402556.0
2026-01-28 18:30:00,75.93000030517578,76.5199966430664,75.91999816894531,76.37000274658203,556860.0
2026-01-28 19:30:00,76.37000274658203,76.7249984741211,76.28500366210938,76.62999725341797,909816.0
2026-01-28 20:30:00,76.63500213623047,76.73999786376953,76.62000274658203,76.62550354003906,409752.0
2026-01-29 14:30:00,80.11000061035156,80.37999725341797,78.43000030517578,78.75,4816946.0
2026-01-29 15:30:00,78.76000213623047,79.5,78.16500091552734,79.29000091552734,2047804.0
2026-01-29 16:30:00,79.30999755859375,79.44999694824219,78.44000244140625,79.28140258789062,2392417.0
2026-01-29 17:30:00,79.29000091552734,79.41999816894531,78.72000122070312,78.80999755859375,1058777.0
2026-01-29 18:30:00,78.79000091552734,79.30000305175781,78.48999786376953,79.05999755859375,1135599.0
2026-01-29 19:30:00,79.05999755859375,79.69989776611328,78.79000091552734,79.58049774169922,922877.0
2026-01-29 20:30:00,79.58000183105469,79.58000183105469,79.0999984741211,79.13999938964844,673774.0
2026-01-30 14:30:00,79.44000244140625,79.72000122070312,78.9800033569336,79.0250015258789,2203329.0
2026-01-30 15:30:00,79.0250015258789,79.84500122070312,79.0,79.81999969482422,1178630.0
2026-01-30 16:30:00,79.80999755859375,79.94999694824219,78.11000061035156,78.19499969482422,2295775.0
2026-01-30 17:30:00,78.18000030517578,78.5199966430664,77.7249984741211,77.91999816894531,3193043.0
2026-01-30 18:30:00,77.91999816894531,78.92500305175781,77.6500015258789,78.86000061035156,1007293.0
2026-01-30 19:30:00,78.88999938964844,79.61000061035156,78.88999938964844,79.56999969482422,923906.0
2026-01-30 20:30:00,79.56999969482422,79.71499633789062,79.47000122070312,79.53500366210938,650567.0
2026-02-02 14:30:00,75.5,75.66999816894531,74.94999694824219,75.01000213623047,2810171.0
2026-02-02 15:30:00,75.0,75.45999908447266,74.72000122070312,75.06999969482422,1700490.0
2026-02-02 16:30:00,75.08000183105469,75.33999633789062,74.5999984741211,74.75,1534588.0
2026-02-02 17:30:00,74.73999786376953,75.0999984741211,74.66999816894531,74.87000274658203,692422.0
2026-02-02 18:30:00,74.9000015258789,75.25,74.45999908447266,75.2300033569336,636901.0
2026-02-02 19:30:00,75.22000122070312,75.25,74.88999938964844,75.19999694824219,487160.0
2026-02-02 20:30:00,75.19999694824219,75.36499786376953,75.17749786376953,75.31999969482422,544091.0
2026-02-03 14:30:00,75.8499984741211,76.3499984741211,75.6500015258789,75.93000030517578,1390622.0
2026-02-03 15:30:00,75.96499633789062,76.19999694824219,75.76000213623047,76.08000183105469,767642.0
2026-02-03 16:30:00,76.08000183105469,77.08999633789062,75.63999938964844,76.36000061035156,4035882.0
2026-02-03 17:30:00,76.37000274658203,76.69999694824219,75.75,76.08000183105469,1944700.0
2026-02-03 18:30:00,76.05999755859375,76.63999938964844,75.8499984741211,76.41000366210938,1050073.0
2026-02-03 19:30:00,76.41999816894531,77.30000305175781,76.3499984741211,77.19499969482422,688373.0
2026-02-03 20:30:00,77.19999694824219,77.63500213623047,77.16000366210938,77.4749984741211,773692.0
2026-02-04 14:30:00,76.5199966430664,76.97000122070312,76.4000015258789,76.76000213623047,1349440.0
2026-02-04 15:30:00,76.7699966430664,76.8949966430664,76.19999694824219,76.41000366210938,784465.0
2026-02-04 16:30:00,76.4000015258789,78.33000183105469,76.4000015258789,78.2699966430664,2269240.0
2026-02-04 17:30:00,78.27999877929688,79.2300033569336,77.79000091552734,78.91999816894531,4129242.0
2026-02-04 18:30:00,78.94000244140625,79.37000274658203,78.18000030517578,78.80999755859375,4170662.0
2026-02-04 19:30:00,78.80999755859375,78.91999816894531,77.16000366210938,77.91500091552734,4253748.0
2026-02-04 20:30:00,77.9000015258789,78.25499725341797,77.83499908447266,77.86000061035156,472987.0
2026-02-05 14:30:00,76.86000061035156,77.08999633789062,76.19999694824219,76.29000091552734,1354830.0
2026-02-05 15:30:00,76.31999969482422,76.62000274658203,75.87999725341797,76.4800033569336,1175430.0
2026-02-05 16:30:00,76.49500274658203,77.08000183105469,76.47000122070312,76.95999908447266,721379.0
2026-02-05 17:30:00,76.98999786376953,77.30500030517578,76.69999694824219,76.73999786376953,562281.0
2026-02-05 18:30:00,76.75,76.88999938964844,76.58000183105469,76.62999725341797,581411.0
2026-02-05 19:30:00,76.62999725341797,76.86000061035156,76.25,76.76000213623047,810176.0
2026-02-05 20:30:00,76.76499938964844,76.83999633789062,76.5250015258789,76.69999694824219,527326.0
2026-02-06 14:30:00,76.23999786376953,77.45999908447266,76.16999816894531,77.41999816894531,1799414.0
2026-02-06 15:30:00,77.41999816894531,77.73999786376953,76.91000366210938,77.68000030517578,1325868.0
2026-02-06 16:30:00,77.68000030517578,77.9800033569336,77.51000213623047,77.9000015258789,682735.0
2026-02-06 17:30:00,77.91000366210938,77.98999786376953,77.37000274658203,77.75,757830.0
2026-02-06 18:30:00,77.74500274658203,77.7699966430664,76.9749984741211,77.0999984741211,780775.0
2026-02-06 19:30:00,77.08999633789062,77.08999633789062,76.75,76.91000366210938,756489.0
2026-02-06 20:30:00,76.9000015258789,77.01000213623047,76.73999786376953,76.98500061035156,396539.0
2026-02-09 14:30:00,76.83000183105469,77.95999908447266,76.79000091552734,77.72000122070312,1250901.0
2026-02-09 15:30:00,77.72000122070312,78.18000030517578,77.68000030517578,78.1500015258789,277550.0
2026-02-09 16:30:00,78.16999816894531,78.62999725341797,78.0999984741211,78.5199966430664,405949.0
2026-02-09 17:30:00,78.52999877929688,78.61000061035156,78.22000122070312,78.29000091552734,223842.0
2026-02-09 18:30:00,78.26000213623047,78.27999877929688,78.05000305175781,78.05999755859375,257441.0
2026-02-09 19:30:00,78.05999755859375,78.08999633789062,77.91000366210938,77.95500183105469,131062.0
2026-02-09 20:30:00,77.95999908447266,78.06999969482422,77.93000030517578,78.0250015258789,285240.0
2026-02-10 14:30:00,78.30000305175781,78.44000244140625,77.83999633789062,78.23999786376953,854654.0
2026-02-10 15:30:00,78.25,78.37000274658203,77.41999816894531,77.68000030517578,643130.0
2026-02-10 16:30:00,77.69989776611328,77.87000274658203,77.5199966430664,77.80500030517578,497806.0
2026-02-10 17:30:00,77.81999969482422,78.19000244140625,77.5,77.5999984741211,1413616.0
2026-02-10 18:30:00,77.61499786376953,77.75,77.27999877929688,77.63999938964844,469884.0
2026-02-10 19:30:00,77.63999938964844,77.87000274658203,77.62000274658203,77.77989959716797,423124.0
2026-02-10 20:30:00,77.75,78.16999816894531,77.69999694824219,78.01000213623047,1911074.0
2026-02-11 14:30:00,79.68000030517578,79.83000183105469,78.77999877929688,78.87999725341797,1618667.0
2026-02-11 15:30:00,78.87000274658203,79.04000091552734,78.58000183105469,79.01000213623047,1788937.0
2026-02-11 16:30:00,79.01000213623047,79.19999694824219,78.61000061035156,78.8499984741211,1630360.0
2026-02-11 17:30:00,78.83999633789062,78.95999908447266,78.62000274658203,78.91000366210938,758275.0
2026-02-11 18:30:00,78.91000366210938,79.05999755859375,78.2699966430664,78.4000015258789,2881475.0
2026-02-11 19:30:00,78.38999938964844,78.86000061035156,78.23999786376953,78.81999969482422,616415.0
2026-02-11 20:30:00,78.80999755859375,78.94999694824219,78.7249984741211,78.9000015258789,801935.0
2026-02-12 14:30:00,78.0,78.06999969482422,77.52999877929688,77.62999725341797,987951.0
2026-02-12 15:30:00,77.61289978027344,77.66999816894531,76.69000244140625,76.77999877929688,1090678.0
2026-02-12 16:30:00,76.76000213623047,76.95999908447266,75.91999816894531,76.11000061035156,1317538.0
2026-02-12 17:30:00,76.0999984741211,76.20999908447266,75.91000366210938,76.06749725341797,535656.0
2026-02-12 18:30:00,76.05000305175781,76.27999877929688,75.70999908447266,76.27999877929688,2173815.0
2026-02-12 19:30:00,76.2699966430664,76.50499725341797,76.22000122070312,76.25,338903.0
2026-02-12 20:30:00,76.26000213623047,76.37999725341797,76.20999908447266,76.36000061035156,774105.0
2026-02-13 14:30:00,76.12000274658203,76.31999969482422,75.66000366210938,76.19000244140625,1392316.0
2026-02-13 15:30:00,76.18000030517578,76.41999816894531,75.93000030517578,76.23999786376953,682724.0
2026-02-13 16:30:00,76.25,76.4000015258789,75.80000305175781,76.29000091552734,956032.0
2026-02-13 17:30:00,76.27999877929688,76.72000122070312,76.2699966430664,76.5250015258789,614999.0
2026-02-13 18:30:00,76.52999877929688,76.69000244140625,76.31999969482422,76.31999969482422,671349.0
2026-02-13 19:30:00,76.30999755859375,76.44999694824219,75.98999786376953,76.02999877929688,537144.0
2026-02-13 20:30:00,76.02999877929688,76.25,75.76000213623047,76.22000122070312,1038563.0
2026-02-17 14:30:00,76.20999908447266,76.4800033569336,75.4000015258789,75.41999816894531,4004352.0
2026-02-17 15:30:00,75.41999816894531,75.77999877929688,75.18000030517578,75.63999938964844,1501754.0
2026-02-17 16:30:00,75.63999938964844,75.91999816894531,75.2699966430664,75.52999877929688,684275.0
2026-02-17 17:30:00,75.55999755859375,75.8499984741211,75.41000366210938,75.83000183105469,738759.0
2026-02-17 18:30:00,75.84500122070312,75.9800033569336,75.72000122070312,75.77999877929688,720656.0
2026-02-17 19:30:00,75.79000091552734,75.8499984741211,75.56999969482422,75.77999877929688,834884.0
2026-02-17 20:30:00,75.78500366210938,75.79000091552734,75.66500091552734,75.69999694824219,555835.0
2026-02-18 14:30:00,77.91999816894531,78.4000015258789,77.84500122070312,78.06999969482422,2390709.0
2026-02-18 15:30:00,78.06999969482422,78.33999633789062,77.9800033569336,78.27999877929688,683434.0
2026-02-18 16:30:00,78.29000091552734,78.91999816894531,78.27999877929688,78.80000305175781,923826.0
2026-02-18 17:30:00,78.79000091552734,79.22000122070312,78.7699966430664,79.06500244140625,731394.0
2026-02-18 18:30:00,79.06999969482422,79.45999908447266,78.66999816894531,79.11000061035156,2588595.0
2026-02-18 19:30:00,79.12000274658203,79.34500122070312,78.9000015258789,79.33999633789062,1671555.0
2026-02-18 20:30:00,79.33000183105469,79.62999725341797,79.31999969482422,79.41000366210938,747355.0
2026-02-19 14:30:00,80.43000030517578,81.0199966430664,79.69000244140625,80.83000183105469,5557508.0
2026-02-19 15:30:00,80.83000183105469,81.04000091552734,80.62000274658203,80.75,1096868.0
2026-02-19 16:30:00,80.73999786376953,81.2699966430664,80.73200225830078,80.98999786376953,1100890.0
2026-02-19 17:30:00,80.9800033569336,81.08100128173828,80.52999877929688,80.79000091552734,1231378.0
2026-02-19 18:30:00,80.79989624023438,81.01000213623047,80.7300033569336,80.8499984741211,1037646.0
2026-02-19 19:30:00,80.8499984741211,81.12000274658203,80.7699966430664,81.05500030517578,577754.0
2026-02-19 20:30:00,81.05999755859375,81.20999908447266,81.05999755859375,81.20999908447266,461439.0
2026-02-20 14:30:00,80.54000091552734,81.16000366210938,80.19999694824219,80.58999633789062,4118393.0
2026-02-20 15:30:00,80.61000061035156,80.61000061035156,80.16999816894531,80.4000015258789,1062998.0
2026-02-20 16:30:00,80.37999725341797,80.77999877929688,80.36000061035156,80.5999984741211,791645.0
2026-02-20 17:30:00,80.58999633789062,81.23999786376953,80.54000091552734,80.75,780898.0
2026-02-20 18:30:00,80.76000213623047,81.13999938964844,80.69999694824219,80.94999694824219,1008110.0
2026-02-20 19:30:00,80.94999694824219,81.01000213623047,80.68000030517578,80.7300033569336,554321.0
2026-02-20 20:30:00,80.7300033569336,80.86000061035156,80.66999816894531,80.83999633789062,986966.0
2026-02-23 14:30:00,81.48999786376953,81.91999816894531,81.48500061035156,81.87999725341797,1128896.0
2026-02-23 15:30:00,81.88999938964844,81.91010284423828,80.94000244140625,81.62999725341797,1274677.0
2026-02-23 16:30:00,81.63999938964844,81.65499877929688,80.68000030517578,80.7500991821289,1157905.0
2026-02-23 17:30:00,80.75,80.79299926757812,80.51000213623047,80.61000061035156,846711.0
2026-02-23 18:30:00,80.61029815673828,80.83999633789062,80.5,80.73500061035156,557930.0
2026-02-23 19:30:00,80.7300033569336,80.91000366210938,80.58999633789062,80.87999725341797,350613.0
2026-02-23 20:30:00,80.87000274658203,80.97840118408203,80.83000183105469,80.9000015258789,243256.0
2026-02-24 14:30:00,81.19000244140625,81.22000122070312,80.05999755859375,80.23999786376953,3118477.0
2026-02-24 15:30:00,80.23999786376953,80.63999938964844,79.94000244140625,80.41000366210938,2421279.0
2026-02-24 16:30:00,80.41000366210938,80.76349639892578,80.19000244140625,80.5999984741211,816457.0
2026-02-24 17:30:00,80.5999984741211,80.5999984741211,79.80000305175781,80.2699966430664,1173857.0
2026-02-24 18:30:00,80.2699966430664,80.41999816894531,79.83499908447266,79.95999908447266,1003609.0
2026-02-24 19:30:00,79.94999694824219,80.93000030517578,79.8949966430664,80.7699966430664,1412764.0
2026-02-24 20:30:00,80.7699966430664,80.86000061035156,80.5999984741211,80.76000213623047,569015.0
2026-02-25 14:30:00,80.0999984741211,80.0999984741211,79.5199966430664,79.80000305175781,1309833.0
2026-02-25 15:30:00,79.80000305175781,79.83000183105469,79.31999969482422,79.77999877929688,1282990.0
2026-02-25 16:30:00,79.79000091552734,79.83000183105469,79.52999877929688,79.77999877929688,780845.0
2026-02-25 17:30:00,79.77999877929688,80.13500213623047,79.63999938964844,80.04000091552734,498742.0
2026-02-25 18:30:00,80.05000305175781,80.0999984741211,79.58999633789062,79.7300033569336,695501.0
2026-02-25 19:30:00,79.7300033569336,80.06999969482422,79.7300033569336,79.875,1090377.0
2026-02-25 20:30:00,79.87000274658203,79.87999725341797,79.66000366210938,79.69999694824219,768065.0
2026-02-26 14:30:00,78.1500015258789,79.97000122070312,78.03500366210938,79.94000244140625,2908711.0
2026-02-26 15:30:00,79.94999694824219,81.23999786376953,79.87000274658203,81.12000274658203,1967546.0
2026-02-26 16:30:00,81.12000274658203,81.1500015258789,80.23999786376953,80.88999938964844,1632695.0
2026-02-26 17:30:00,80.87999725341797,81.16000366210938,80.52999877929688,80.68000030517578,2474723.0
2026-02-26 18:30:00,80.68000030517578,80.93499755859375,79.0199966430664,79.41000366210938,8698335.0
2026-02-26 19:30:00,79.41999816894531,79.80999755859375,79.37999725341797,79.66000366210938,584230.0
2026-02-26 20:30:00,79.66000366210938,79.86000061035156,79.56999969482422,79.77999877929688,337825.0
2026-02-27 14:30:00,82.0,82.12000274658203,81.36000061035156,81.53500366210938,2106503.0
2026-02-27 15:30:00,81.54000091552734,81.6500015258789,81.01000213623047,81.04000091552734,1628648.0
2026-02-27 16:30:00,81.02999877929688,81.37000274658203,80.91000366210938,81.20500183105469,966817.0
2026-02-27 17:30:00,81.20999908447266,81.55000305175781,80.58000183105469,81.5199966430664,2710497.0
2026-02-27 18:30:00,81.5,81.8550033569336,81.4000015258789,81.69000244140625,1275841.0
2026-02-27 19:30:00,81.70999908447266,81.98999786376953,81.58999633789062,81.84210205078125,958979.0
2026-02-27 20:30:00,81.83000183105469,82.11499786376953,81.66999816894531,81.93000030517578,2225621.0
2026-03-02 14:30:00,87.62000274658203,87.81999969482422,86.20999908447266,87.30000305175781,10074387.0
2026-03-02 15:30:00,87.30000305175781,87.4800033569336,85.91000366210938,86.62999725341797,3886377.0
2026-03-02 16:30:00,86.62999725341797,86.91999816894531,85.38999938964844,85.83450317382812,6227023.0
2026-03-02 17:30:00,85.8499984741211,86.45369720458984,85.66999816894531,86.38999938964844,1650037.0
2026-03-02 18:30:00,86.37999725341797,86.83999633789062,86.26499938964844,86.79000091552734,1686688.0
2026-03-02 19:30:00,86.77999877929688,88.63999938964844,83.19999694824219,88.46499633789062,14386541.0
2026-03-02 20:30:00,88.47000122070312,88.55999755859375,87.16000366210938,87.18099975585938,2733558.0
2026-03-03 14:30:00,94.0999984741211,94.37000274658203,93.0199966430664,94.22720336914062,10911096.0
2026-03-03 15:30:00,94.2249984741211,94.29000091552734,93.08000183105469,93.44000244140625,5462539.0
2026-03-03 16:30:00,93.44999694824219,93.47000122070312,90.73999786376953,92.19000244140625,9487924.0
2026-03-03 17:30:00,92.19000244140625,92.42369842529297,91.18000030517578,91.58999633789062,3029311.0
2026-03-03 18:30:00,91.58000183105469,91.66000366210938,89.72000122070312,90.76000213623047,7725838.0
2026-03-03 19:30:00,90.75,91.02999877929688,87.33000183105469,89.37999725341797,11214484.0
2026-03-03 20:30:00,89.37999725341797,90.05000305175781,89.37999725341797,89.93000030517578,1357262.0
2026-03-04 14:30:00,90.22000122070312,91.4000015258789,89.72000122070312,90.08000183105469,9529625.0
2026-03-04 15:30:00,90.08000183105469,90.95999908447266,89.63999938964844,89.80000305175781,4800354.0
2026-03-04 16:30:00,89.81999969482422,91.44999694824219,89.11000061035156,91.0999984741211,3978044.0
2026-03-04 17:30:00,91.12000274658203,91.4000015258789,90.75,91.02999877929688,3344712.0
2026-03-04 18:30:00,91.02999877929688,91.44000244140625,90.45999908447266,90.83000183105469,2404999.0
2026-03-04 19:30:00,90.81999969482422,91.47000122070312,90.45999908447266,91.44000244140625,1886780.0
2026-03-04 20:30:00,91.44999694824219,91.58999633789062,91.2699966430664,91.54000091552734,1980884.0
2026-03-05 14:30:00,94.45999908447266,95.46499633789062,94.05500030517578,95.40499877929688,7077703.0
2026-03-05 15:30:00,95.41000366210938,96.86000061035156,94.87999725341797,96.41999816894531,6933928.0
2026-03-05 16:30:00,96.41999816894531,96.56999969482422,95.63999938964844,96.30000305175781,4619567.0
2026-03-05 17:30:00,96.30000305175781,97.81999969482422,95.30000305175781,97.72000122070312,6342976.0
2026-03-05 18:30:00,97.7300033569336,98.37000274658203,97.31999969482422,97.69000244140625,4677724.0
2026-03-05 19:30:00,97.69999694824219,98.83000183105469,95.98999786376953,96.33000183105469,13568508.0
2026-03-05 20:30:00,96.3499984741211,97.06500244140625,96.11000061035156,96.3499984741211,3444574.0
2026-03-06 14:30:00,105.37999725341797,106.9000015258789,104.52999877929688,106.0999984741211,19379295.0
2026-03-06 15:30:00,106.08999633789062,106.37989807128906,104.97000122070312,105.5,6814368.0
2026-03-06 16:30:00,105.52999877929688,108.63999938964844,105.5199966430664,108.38999938964844,6273566.0
2026-03-06 17:30:00,108.43499755859375,109.9000015258789,106.76000213623047,107.9800033569336,15443988.0
2026-03-06 18:30:00,107.94000244140625,109.44000244140625,107.47000122070312,109.06999969482422,8464366.0
2026-03-06 19:30:00,109.06999969482422,109.9800033569336,108.20999908447266,109.06999969482422,7780821.0
2026-03-06 20:30:00,109.05999755859375,109.05999755859375,108.25,108.86000061035156,3106806.0
2026-03-09 13:30:00,119.41999816894531,124.06999969482422,116.26000213623047,120.80000305175781,41326722.0
2026-03-09 14:30:00,120.81999969482422,121.05000305175781,113.8499984741211,114.26000213623047,21448812.0
2026-03-09 15:30:00,114.29000091552734,116.05500030517578,112.30000305175781,114.05999755859375,18530648.0
2026-03-09 16:30:00,114.05999755859375,115.25,112.12000274658203,113.94000244140625,11238936.0
2026-03-09 17:30:00,113.94000244140625,114.93000030517578,110.0,113.8499984741211,10902134.0
2026-03-09 18:30:00,113.95999908447266,114.69999694824219,105.0,105.91999816894531,16383784.0
2026-03-09 19:30:00,105.91000366210938,107.54000091552734,98.47000122070312,104.23999786376953,18307741.0
2026-03-10 13:30:00,107.12999725341797,107.55999755859375,104.30999755859375,104.56999969482422,20624907.0
2026-03-10 14:30:00,104.56999969482422,104.61000061035156,100.83999633789062,101.37999725341797,15129895.0
2026-03-10 15:30:00,101.38999938964844,104.22000122070312,101.26000213623047,102.80000305175781,9227388.0
2026-03-10 16:30:00,102.80999755859375,102.98999786376953,94.2300033569336,96.49009704589844,25846376.0
2026-03-10 17:30:00,96.48999786376953,105.9800033569336,96.44000244140625,102.66000366210938,35553715.0
2026-03-10 18:30:00,102.68000030517578,106.33999633789062,101.41999816894531,106.11000061035156,15705883.0
2026-03-10 19:30:00,106.0999984741211,107.0,104.04000091552734,105.94999694824219,11380545.0
2026-03-11 13:30:00,105.02999877929688,106.4000015258789,100.98999786376953,106.30000305175781,24097154.0
2026-03-11 14:30:00,106.30000305175781,107.20999908447266,105.2300033569336,107.16999816894531,10637730.0
2026-03-11 15:30:00,107.16999816894531,108.36000061035156,106.41000366210938,107.55000305175781,11158480.0
2026-03-11 16:30:00,107.55999755859375,107.73999786376953,105.7300033569336,106.4000015258789,8590475.0
2026-03-11 17:30:00,106.4000015258789,108.33999633789062,106.30000305175781,106.73999786376953,12157458.0
2026-03-11 18:30:00,106.76000213623047,107.81999969482422,106.66999816894531,107.58000183105469,7191341.0
2026-03-11 19:30:00,107.58999633789062,108.12999725341797,107.48999786376953,108.04989624023438,2984546.0
2026-03-12 13:30:00,115.69000244140625,117.39990234375,114.62999725341797,117.27999877929688,24837690.0
2026-03-12 14:30:00,117.2699966430664,118.41500091552734,115.18000030517578,117.83000183105469,16603577.0
2026-03-12 15:30:00,117.86000061035156,118.5199966430664,115.18000030517578,116.01000213623047,22370930.0
2026-03-12 16:30:00,116.01000213623047,117.08000183105469,113.91000366210938,116.62010192871094,10872229.0
2026-03-12 17:30:00,116.63999938964844,117.7300033569336,115.41999816894531,117.55999755859375,5896010.0
2026-03-12 18:30:00,117.55999755859375,119.12999725341797,117.41000366210938,118.18499755859375,7479559.0
2026-03-12 19:30:00,118.17500305175781,118.57499694824219,117.31999969482422,118.37000274658203,3409684.0
2026-03-13 13:30:00,115.08000183105469,116.48970031738281,114.55999755859375,116.08000183105469,17449478.0
2026-03-13 14:30:00,116.0790023803711,117.9000015258789,115.45999908447266,117.5199966430664,7570870.0
2026-03-13 15:30:00,117.5199966430664,119.4000015258789,117.20999908447266,118.96499633789062,9607074.0
2026-03-13 16:30:00,118.98999786376953,119.06999969482422,118.0199966430664,118.1709976196289,4736975.0
2026-03-13 17:30:00,118.16000366210938,121.1500015258789,118.16000366210938,120.36000061035156,7712204.0
2026-03-13 18:30:00,120.37000274658203,120.37999725341797,118.61000061035156,119.61000061035156,6651208.0
2026-03-13 19:30:00,119.62000274658203,120.0,119.19999694824219,119.87999725341797,3747836.0
2026-03-16 13:30:00,116.93000030517578,117.1500015258789,114.36000061035156,116.11000061035156,16953695.0
2026-03-16 14:30:00,116.12000274658203,117.82499694824219,116.0999984741211,117.41000366210938,8826466.0
2026-03-16 15:30:00,117.41000366210938,118.91000366210938,116.41999816894531,118.47000122070312,8956679.0
2026-03-16 16:30:00,118.51000213623047,118.61000061035156,115.43000030517578,115.70999908447266,9625123.0
2026-03-16 17:30:00,115.70999908447266,116.48999786376953,114.51000213623047,115.1500015258789,10003533.0
2026-03-16 18:30:00,115.16999816894531,116.68000030517578,114.94000244140625,115.72000122070312,6166082.0
2026-03-16 19:30:00,115.72000122070312,116.19999694824219,114.5,115.0199966430664,4821316.0
2026-03-17 13:30:00,117.41999816894531,118.0999984741211,116.08000183105469,117.33000183105469,12053814.0
2026-03-17 14:30:00,117.32499694824219,117.48999786376953,116.06999969482422,117.29000091552734,5420598.0
2026-03-17 15:30:00,117.30000305175781,118.55999755859375,116.5999984741211,116.62999725341797,8595219.0
2026-03-17 16:30:00,116.6500015258789,118.7699966430664,116.62000274658203,118.33000183105469,4456098.0
2026-03-17 17:30:00,118.3499984741211,119.12999725341797,117.4800033569336,118.87000274658203,4290987.0
2026-03-17 18:30:00,118.87999725341797,119.0199966430664,118.22000122070312,118.51020050048828,2928765.0
2026-03-17 19:30:00,118.51000213623047,119.03990173339844,118.48999786376953,118.83999633789062,1677676.0
2026-03-18 13:30:00,121.02999877929688,122.58999633789062,120.7699966430664,122.20999908447266,19403026.0
2026-03-18 14:30:00,122.19999694824219,122.87000274658203,121.33999633789062,122.41999816894531,8934453.0
2026-03-18 15:30:00,122.41999816894531,122.41999816894531,120.22000122070312,120.56999969482422,8182274.0
2026-03-18 16:30:00,120.58000183105469,121.29000091552734,120.29000091552734,120.9717025756836,5145283.0
2026-03-18 17:30:00,120.97000122070312,121.27999877929688,117.44999694824219,118.76000213623047,12458977.0
2026-03-18 18:30:00,118.80000305175781,121.02999877929688,118.66999816894531,120.80999755859375,8372305.0
2026-03-18 19:30:00,120.81999969482422,122.1500015258789,120.72000122070312,121.62999725341797,5326005.0
2026-03-19 13:30:00,120.4000015258789,121.0999984741211,119.12999725341797,120.7699966430664,19575843.0
2026-03-19 14:30:00,120.7699966430664,121.11000061035156,119.19999694824219,119.66999816894531,9383325.0
2026-03-19 15:30:00,119.68000030517578,125.19000244140625,119.58000183105469,122.56999969482422,22194865.0
2026-03-19 16:30:00,122.55999755859375,122.62999725341797,118.76000213623047,118.83499908447266,11714721.0
2026-03-19 17:30:00,118.81999969482422,120.06999969482422,117.47000122070312,119.0999984741211,10155296.0
2026-03-19 18:30:00,119.08999633789062,119.83999633789062,114.68000030517578,116.98999786376953,17410503.0
2026-03-19 19:30:00,116.97000122070312,117.76000213623047,116.5999984741211,117.37000274658203,4950409.0
2026-03-20 13:30:00,118.95999908447266,119.84020233154297,118.33000183105469,119.4000015258789,10601043.0
2026-03-20 14:30:00,119.4000015258789,120.9000015258789,119.23999786376953,120.45800018310547,7821114.0
2026-03-20 15:30:00,120.45999908447266,121.33000183105469,119.87999725341797,121.04000091552734,4686597.0
2026-03-20 16:30:00,120.98999786376953,122.45142364501953,120.8499984741211,122.27999877929688,5971797.0
2026-03-20 17:30:00,122.2699966430664,122.72000122070312,120.80000305175781,122.19999694824219,9258960.0
2026-03-20 18:30:00,122.20999908447266,123.0199966430664,121.94000244140625,122.41000366210938,5499619.0
2026-03-20 19:30:00,122.4000015258789,122.75,121.36000061035156,121.44000244140625,4159391.0
2026-03-23 13:30:00,113.29000091552734,113.45999908447266,109.58000183105469,111.45999908447266,33607911.0
2026-03-23 14:30:00,111.45999908447266,112.52999877929688,106.45010375976562,108.36000061035156,16023570.0
2026-03-23 15:30:00,108.37000274658203,114.44999694824219,107.98999786376953,114.12999725341797,15214097.0
2026-03-23 16:30:00,114.0999984741211,114.23999786376953,110.87999725341797,111.12000274658203,8520494.0
2026-03-23 17:30:00,111.0999984741211,111.55999755859375,108.70999908447266,109.88009643554688,8399116.0
2026-03-23 18:30:00,109.87999725341797,110.31999969482422,108.1050033569336,109.66500091552734,6429973.0
2026-03-23 19:30:00,109.67870330810547,110.71990203857422,109.5199966430664,110.52999877929688,2034000.0
2026-03-24 13:30:00,115.2249984741211,115.5,113.75,114.27999877929688,10321556.0
2026-03-24 14:30:00,114.2699966430664,115.02999877929688,112.7699966430664,113.52999877929688,10668044.0
2026-03-24 15:30:00,113.54000091552734,115.36000061035156,113.45999908447266,114.66999816894531,4538670.0
2026-03-24 16:30:00,114.73999786376953,116.3499984741211,114.55999755859375,115.80000305175781,4050666.0
2026-03-24 17:30:00,115.79000091552734,115.90499877929688,113.66999816894531,114.98999786376953,7038857.0
2026-03-24 18:30:00,115.00499725341797,115.2699966430664,113.33000183105469,114.19999694824219,5519618.0
2026-03-24 19:30:00,114.22000122070312,114.6500015258789,114.08000183105469,114.53500366210938,1322694.0
2026-03-25 13:30:00,109.29000091552734,110.94000244140625,109.0199966430664,110.4000015258789,14224228.0
2026-03-25 14:30:00,110.4000015258789,112.3949966430664,110.16000366210938,111.47979736328125,5734856.0
2026-03-25 15:30:00,111.4800033569336,113.0,110.9000015258789,112.12999725341797,7335879.0
2026-03-25 16:30:00,112.13999938964844,113.33999633789062,111.87999725341797,112.66000366210938,4292971.0
2026-03-25 17:30:00,112.66000366210938,112.86000061035156,111.4000015258789,112.55999755859375,5225821.0
2026-03-25 18:30:00,112.55000305175781,114.25,112.12999725341797,113.0,3613174.0
2026-03-25 19:30:00,113.0199966430664,113.61000061035156,113.0199966430664,113.38999938964844,1172487.0
2026-03-26 13:30:00,116.7300033569336,117.33000183105469,115.43000030517578,115.98500061035156,11344734.0
2026-03-26 14:30:00,115.97000122070312,117.55000305175781,115.19999694824219,117.18499755859375,8822225.0
2026-03-26 15:30:00,117.20999908447266,118.51000213623047,116.98999786376953,118.31999969482422,6062336.0
2026-03-26 16:30:00,118.33000183105469,118.66999816894531,117.81999969482422,118.0199966430664,4146718.0
2026-03-26 17:30:00,118.0199966430664,118.94000244140625,117.61000061035156,117.66999816894531,4079739.0
2026-03-26 18:30:00,117.69000244140625,117.97000122070312,117.22000122070312,117.51499938964844,3020217.0
2026-03-26 19:30:00,117.51499938964844,117.79000091552734,117.13999938964844,117.30000305175781,1660366.0
2026-03-27 13:30:00,120.79000091552734,122.12999725341797,120.47000122070312,122.05999755859375,7048868.0
2026-03-27 14:30:00,122.05000305175781,122.56999969482422,121.02999877929688,121.33999633789062,4095186.0
2026-03-27 15:30:00,121.36000061035156,122.7699966430664,120.78949737548828,122.38999938964844,2977568.0
2026-03-27 16:30:00,122.38999938964844,123.26000213623047,122.08999633789062,122.9800033569336,3548911.0
2026-03-27 17:30:00,122.98999786376953,124.68000030517578,122.33000183105469,124.02999877929688,3916344.0
2026-03-27 18:30:00,124.0199966430664,124.4800033569336,123.0999984741211,124.44000244140625,5492724.0
2026-03-27 19:30:00,124.43000030517578,125.30000305175781,123.76000213623047,124.16999816894531,4367639.0
2026-03-30 13:30:00,126.83999633789062,128.1999969482422,126.45999908447266,126.85990142822266,10280632.0
2026-03-30 14:30:00,126.86000061035156,128.02999877929688,126.30999755859375,127.47000122070312,6343592.0
2026-03-30 15:30:00,127.5,129.4499969482422,126.52999877929688,128.52999877929688,5792561.0
2026-03-30 16:30:00,128.50999450683594,129.19000244140625,127.73999786376953,128.82000732421875,5174601.0
2026-03-30 17:30:00,128.82000732421875,129.27999877929688,127.58999633789062,128.32000732421875,4634292.0
2026-03-30 18:30:00,128.2899932861328,129.91000366210938,128.27000427246094,129.57000732421875,3263183.0
2026-03-30 19:30:00,129.55999755859375,130.07989501953125,129.22000122070312,129.8350067138672,3277190.0
2026-03-31 13:30:00,129.35000610351562,129.42999267578125,127.27999877929688,127.98989868164062,9573569.0
2026-03-31 14:30:00,128.0,130.52999877929688,127.4000015258789,130.2301025390625,5868742.0
2026-03-31 15:30:00,130.25999450683594,130.77000427246094,129.6699981689453,130.58999633789062,3328045.0
2026-03-31 16:30:00,130.60499572753906,130.92999267578125,124.19999694824219,126.5999984741211,24629908.0
2026-03-31 17:30:00,126.58000183105469,127.94999694824219,125.5999984741211,126.11000061035156,7894130.0
2026-03-31 18:30:00,126.12000274658203,127.76000213623047,125.69999694824219,127.51000213623047,4281137.0
2026-03-31 19:30:00,127.50499725341797,127.50499725341797,126.7300033569336,127.24500274658203,2291720.0
2026-04-01 13:30:00,124.86000061035156,125.0,122.76000213623047,123.25,15525906.0
2026-04-01 14:30:00,123.2699966430664,124.91999816894531,122.4800033569336,124.7300033569336,6933952.0
2026-04-01 15:30:00,124.69000244140625,125.73149871826172,124.08999633789062,124.77999877929688,4762543.0
2026-04-01 16:30:00,124.7699966430664,125.05999755859375,123.62000274658203,123.83000183105469,3936775.0
2026-04-01 17:30:00,123.83999633789062,124.97000122070312,122.9000015258789,124.83999633789062,5956286.0
2026-04-01 18:30:00,124.83000183105469,125.22000122070312,124.16000366210938,124.31999969482422,4442597.0
2026-04-01 19:30:00,124.31999969482422,124.37000274658203,123.31999969482422,124.0999984741211,3126280.0
2026-04-02 13:30:00,139.27000427246094,140.0,136.14999389648438,136.9499969482422,23279054.0
2026-04-02 14:30:00,136.92999267578125,137.1999969482422,131.88999938964844,135.84500122070312,17705983.0
2026-04-02 15:30:00,135.83999633789062,138.42999267578125,135.8000030517578,137.88999938964844,7585089.0
2026-04-02 16:30:00,137.91000366210938,138.07000732421875,136.2100067138672,137.38999938964844,4838649.0
2026-04-02 17:30:00,137.3699951171875,138.9600067138672,137.35000610351562,138.1199951171875,4463152.0
2026-04-02 18:30:00,138.10000610351562,138.32989501953125,137.08999633789062,137.9250030517578,2923566.0
2026-04-02 19:30:00,137.94000244140625,138.16990661621094,137.57000732421875,137.74000549316406,2265175.0
2026-04-06 13:30:00,138.5050048828125,139.29989624023438,136.8800048828125,137.1298065185547,6576590.0
2026-04-06 14:30:00,137.10000610351562,138.97999572753906,136.3800048828125,138.7299041748047,4958327.0
2026-04-06 15:30:00,138.7100067138672,139.22999572753906,137.44000244140625,138.05999755859375,2464116.0
2026-04-06 16:30:00,138.05999755859375,140.49070739746094,137.39999389648438,139.39999389648438,4689407.0
2026-04-06 17:30:00,139.41000366210938,140.88999938964844,138.86000061035156,139.07000732421875,5780204.0
2026-04-06 18:30:00,139.0500030517578,139.82000732421875,138.58009338378906,139.42999267578125,1955471.0
2026-04-06 19:30:00,139.42999267578125,139.47999572753906,138.22999572753906,138.91000366210938,1356725.0
2026-04-07 13:30:00,141.3300018310547,143.25999450683594,141.10000610351562,142.7100067138672,8723879.0
2026-04-07 14:30:00,142.7899932861328,143.97999572753906,141.52999877929688,142.1699981689453,5890383.0
2026-04-07 15:30:00,142.1300048828125,142.67990112304688,139.61000061035156,141.06500244140625,5168642.0
2026-04-07 16:30:00,141.08999633789062,142.8000030517578,140.6199951171875,142.3300018310547,2807965.0
2026-04-07 17:30:00,142.27000427246094,142.27999877929688,139.77999877929688,139.92999267578125,4895818.0
2026-04-07 18:30:00,139.94000244140625,141.8300018310547,138.22000122070312,139.47000122070312,5942423.0
2026-04-07 19:30:00,139.4600067138672,140.1300048828125,130.0,138.08990478515625,7488812.0
2026-04-08 13:30:00,119.05500030517578,121.60900115966797,118.05999755859375,121.27999877929688,16259347.0
2026-04-08 14:30:00,121.31999969482422,123.37000274658203,121.22000122070312,123.26000213623047,7656923.0
2026-04-08 15:30:00,123.2699966430664,123.33000183105469,121.37000274658203,122.31009674072266,4491221.0
2026-04-08 16:30:00,122.30999755859375,123.62000274658203,121.5,123.33000183105469,4778039.0
2026-04-08 17:30:00,123.33999633789062,124.06999969482422,121.66000366210938,122.44000244140625,7555784.0
2026-04-08 18:30:00,122.44999694824219,125.2300033569336,121.94999694824219,125.08000183105469,5900862.0
2026-04-08 19:30:00,125.11000061035156,125.12100219726562,123.8499984741211,124.4800033569336,4310316.0
2026-04-09 13:30:00,127.19000244140625,129.50999450683594,126.94999694824219,129.2899932861328,8284347.0
2026-04-09 14:30:00,129.27999877929688,129.63999938964844,127.7300033569336,128.75,6510044.0
2026-04-09 15:30:00,128.6999969482422,128.7301025390625,123.7699966430664,124.04000091552734,14303396.0
2026-04-09 16:30:00,124.05000305175781,125.83000183105469,123.51000213623047,124.24500274658203,4443431.0
2026-04-09 17:30:00,124.25,126.2300033569336,123.05999755859375,125.47000122070312,5284003.0
2026-04-09 18:30:00,125.47000122070312,126.71990203857422,125.36000061035156,126.58000183105469,2569609.0
2026-04-09 19:30:00,126.58999633789062,127.08000183105469,126.44000244140625,126.97000122070312,2013715.0
2026-04-10 13:30:00,125.61000061035156,126.33999633789062,124.75,125.08999633789062,4362360.0
2026-04-10 14:30:00,125.05319213867188,126.91999816894531,124.70999908447266,126.68000030517578,2717902.0
2026-04-10 15:30:00,126.62999725341797,127.77999877929688,126.4000015258789,127.0999984741211,1771891.0
2026-04-10 16:30:00,127.11000061035156,127.1709976196289,126.30049896240234,126.46990203857422,989570.0
2026-04-10 17:30:00,126.47000122070312,126.8479995727539,124.81999969482422,124.94999694824219,1666502.0
2026-04-10 18:30:00,124.94000244140625,125.01000213623047,123.9800033569336,124.40499877929688,2333894.0
2026-04-10 19:30:00,124.44999694824219,124.88999938964844,124.41000366210938,124.83000183105469,1706194.0
2026-04-13 13:30:00,133.3699951171875,133.52999877929688,129.3000030517578,131.6999969482422,8400200.0
2026-04-13 14:30:00,131.6699981689453,132.75,131.2200927734375,132.6199951171875,1772004.0
2026-04-13 15:30:00,132.6699981689453,133.42999267578125,131.61000061035156,132.0050048828125,2450657.0
2026-04-13 16:30:00,132.02000427246094,132.02000427246094,129.36000061035156,129.72000122070312,4388533.0
2026-04-13 17:30:00,129.69000244140625,130.17999267578125,129.00999450683594,129.64500427246094,1725761.0
2026-04-13 18:30:00,129.64999389648438,129.7899932861328,127.16000366210938,128.11500549316406,1891539.0
2026-04-13 19:30:00,128.0850067138672,128.69000244140625,127.87200164794922,128.47000122070312,1175400.0
2026-04-14 13:30:00,127.0999984741211,127.2300033569336,123.19999694824219,124.44999694824219,5229265.0
2026-04-14 14:30:00,124.47000122070312,125.69999694824219,123.87999725341797,125.33000183105469,2181765.0
2026-04-14 15:30:00,125.3499984741211,125.39209747314453,123.27999877929688,123.43990325927734,1995273.0
2026-04-14 16:30:00,123.43990325927734,124.4800033569336,123.26000213623047,124.16999816894531,1146119.0
2026-04-14 17:30:00,124.16000366210938,124.26000213623047,122.91000366210938,123.21499633789062,1680713.0
2026-04-14 18:30:00,123.2300033569336,123.91000366210938,123.02999877929688,123.56999969482422,964742.0
2026-04-14 19:30:00,123.58000183105469,124.1500015258789,123.48999786376953,123.88999938964844,716334.0
2026-04-15 13:30:00,123.25,123.70999908447266,122.43000030517578,122.55999755859375,4181261.0
2026-04-15 14:30:00,122.66000366210938,124.94000244140625,122.63999938964844,124.88999938964844,1743862.0
2026-04-15 15:30:00,124.87999725341797,125.23999786376953,123.75,123.79499816894531,1076100.0
2026-04-15 16:30:00,123.76000213623047,123.91999816894531,123.25,123.33000183105469,731088.0
2026-04-15 17:30:00,123.37999725341797,124.44999694824219,122.58000183105469,123.0199966430664,4033054.0
2026-04-15 18:30:00,123.05999755859375,123.0999984741211,122.33000183105469,122.48999786376953,1201293.0
2026-04-15 19:30:00,122.5199966430664,122.76499938964844,122.4800033569336,122.63999938964844,632664.0
2026-04-16 13:30:00,124.06999969482422,126.57990264892578,124.05000305175781,126.08000183105469,3433313.0
2026-04-16 14:30:00,126.12000274658203,126.66000366210938,125.33200073242188,126.64089965820312,1838950.0
2026-04-16 15:30:00,126.6500015258789,126.91999816894531,125.62000274658203,126.12999725341797,2313034.0
2026-04-16 16:30:00,126.13999938964844,127.88999938964844,126.0999984741211,127.6698989868164,2029074.0
2026-04-16 17:30:00,127.6500015258789,128.27999877929688,127.04000091552734,127.3499984741211,1741522.0
2026-04-16 18:30:00,127.33999633789062,127.5999984741211,125.87000274658203,126.01499938964844,1056636.0
2026-04-16 19:30:00,126.0199966430664,126.0199966430664,125.53150177001953,125.8499984741211,658505.0
2026-04-17 13:30:00,114.7300033569336,115.87999725341797,112.61000061035156,113.16999816894531,20115230.0
2026-04-17 14:30:00,113.1427001953125,113.94999694824219,110.34500122070312,113.91000366210938,5760550.0
2026-04-17 15:30:00,113.8499984741211,114.2300033569336,112.93000030517578,114.19999694824219,2864546.0
2026-04-17 16:30:00,114.19999694824219,115.8499984741211,113.44999694824219,115.58999633789062,2738571.0
2026-04-17 17:30:00,115.62000274658203,115.9000015258789,114.20999908447266,115.76499938964844,2513866.0
2026-04-17 18:30:00,115.69999694824219,116.87000274658203,115.62999725341797,116.29010009765625,2606222.0
2026-04-17 19:30:00,116.30999755859375,116.37000274658203,115.44000244140625,116.12000274658203,894478.0
2026-04-20 13:30:00,119.83999633789062,121.197998046875,119.4000015258789,120.45999908447266,5675706.0
2026-04-20 14:30:00,120.48999786376953,122.66999816894531,120.12000274658203,120.86060333251953,3211571.0
2026-04-20 15:30:00,120.95999908447266,122.4999008178711,120.9000015258789,121.91500091552734,1290274.0
2026-04-20 16:30:00,121.93000030517578,122.55000305175781,121.55999755859375,122.54000091552734,1232149.0
2026-04-20 17:30:00,122.55000305175781,122.87999725341797,121.51000213623047,122.0199966430664,1902971.0
2026-04-20 18:30:00,122.02999877929688,122.5,121.69999694824219,121.76000213623047,696327.0
2026-04-20 19:30:00,121.7698974609375,121.77999877929688,121.30000305175781,121.33999633789062,605328.0
2026-04-21 13:30:00,121.51000213623047,122.94999694824219,121.02999877929688,122.76000213623047,3235137.0
2026-04-21 14:30:00,122.76000213623047,125.529296875,122.45999908447266,125.41999816894531,2246428.0
2026-04-21 15:30:00,125.44000244140625,125.94999694824219,124.8499984741211,125.66999816894531,1852411.0
2026-04-21 16:30:00,125.66999816894531,127.7699966430664,125.4000015258789,127.26000213623047,2201943.0
2026-04-21 17:30:00,127.26509857177734,127.26509857177734,124.34619903564453,125.12999725341797,4133896.0
2026-04-21 18:30:00,125.0999984741211,125.51000213623047,122.51000213623047,123.48999786376953,3714483.0
2026-04-21 19:30:00,123.49449920654297,128.88999938964844,123.48500061035156,128.24000549316406,3941678.0
2026-04-22 13:30:00,127.36000061035156,128.60000610351562,127.31999969482422,127.51000213623047,3470385.0
2026-04-22 14:30:00,127.53500366210938,129.16000366210938,127.06999969482422,128.88999938964844,2077810.0
2026-04-22 15:30:00,128.906005859375,130.60009765625,128.6999969482422,130.22000122070312,1376616.0
2026-04-22 16:30:00,130.27000427246094,131.00999450683594,129.24000549316406,129.97999572753906,2183155.0
2026-04-22 17:30:00,129.9600067138672,130.36000061035156,128.47999572753906,129.93499755859375,1098768.0
2026-04-22 18:30:00,129.8800048828125,130.125,129.0,129.3800048828125,746495.0
2026-04-22 19:30:00,129.38999938964844,129.52999877929688,129.13999938964844,129.38999938964844,670627.0
2026-04-23 13:30:00,131.25999450683594,132.17999267578125,130.2899932861328,130.47000122070312,3711279.0
2026-04-23 14:30:00,130.42999267578125,131.01499938964844,129.8699951171875,130.85000610351562,940588.0
2026-04-23 15:30:00,130.85000610351562,132.3000030517578,130.8300018310547,131.83999633789062,1400151.0
2026-04-23 16:30:00,131.81500244140625,135.4199981689453,131.25,135.1501007080078,3549270.0
2026-04-23 17:30:00,135.14999389648438,137.4600067138672,133.0500030517578,133.7899932861328,6165629.0
2026-04-23 18:30:00,133.75,135.36000061035156,133.1699981689453,134.49000549316406,1925948.0
2026-04-23 19:30:00,134.5299072265625,135.1699981689453,134.38999938964844,134.6999969482422,972211.0
2026-04-24 13:30:00,132.6300048828125,133.55999755859375,132.44000244140625,133.21240234375,4137318.0
2026-04-24 14:30:00,133.22000122070312,133.86990356445312,132.2899932861328,133.4199981689453,970004.0
2026-04-24 15:30:00,133.41000366210938,133.41000366210938,129.5500030517578,131.36000061035156,3342645.0
2026-04-24 16:30:00,131.33999633789062,131.9499969482422,130.50999450683594,131.1999969482422,987168.0
2026-04-24 17:30:00,131.21499633789062,132.02999877929688,129.60000610351562,131.91000366210938,1526668.0
2026-04-24 18:30:00,131.9499969482422,132.6300048828125,131.19000244140625,132.50999450683594,1694588.0
2026-04-24 19:30:00,132.52999877929688,133.02999877929688,132.1999969482422,132.41000366210938,1252304.0
2026-04-27 13:30:00,133.9600067138672,134.94000244140625,133.2100067138672,134.52459716796875,2578018.0
2026-04-27 14:30:00,134.52000427246094,136.25990295410156,133.75,135.41000366210938,1244591.0
2026-04-27 15:30:00,135.47999572753906,135.8300018310547,134.2799072265625,134.6699981689453,592928.0
2026-04-27 16:30:00,134.6699981689453,136.49000549316406,134.36000061035156,135.39999389648438,679543.0
2026-04-27 17:30:00,135.38999938964844,135.8000030517578,134.4199981689453,134.72000122070312,725802.0
2026-04-27 18:30:00,134.74000549316406,135.0399932861328,134.2899932861328,134.35000610351562,544939.0
2026-04-27 19:30:00,134.3699951171875,135.05999755859375,134.11000061035156,134.72999572753906,480155.0
2026-04-28 13:30:00,138.85000610351562,140.07000732421875,138.02000427246094,139.64500427246094,6052579.0
2026-04-28 14:30:00,139.67880249023438,140.39999389648438,138.4199981689453,139.24000549316406,1845973.0
2026-04-28 15:30:00,139.27999877929688,140.03909301757812,138.72999572753906,139.36000061035156,799027.0
2026-04-28 16:30:00,139.30999755859375,140.3990020751953,138.44000244140625,140.3000030517578,774846.0
2026-04-28 17:30:00,140.25999450683594,140.27999877929688,138.83999633789062,139.68499755859375,1170202.0
2026-04-28 18:30:00,139.6999969482422,140.22000122070312,139.50999450683594,139.6999969482422,740975.0
2026-04-28 19:30:00,139.72999572753906,139.85000610351562,139.52999877929688,139.64999389648438,345529.0
2026-04-29 13:30:00,146.14999389648438,147.10000610351562,145.94500732421875,146.35000610351562,4120720.0
2026-04-29 14:30:00,146.34500122070312,147.6300048828125,146.0449981689453,147.5,1780524.0
2026-04-29 15:30:00,147.4949951171875,149.60000610351562,147.36000061035156,149.1199951171875,2508360.0
2026-04-29 16:30:00,149.16000366210938,150.49000549316406,148.9199981689453,149.27220153808594,1977954.0
2026-04-29 17:30:00,149.1699981689453,149.83999633789062,148.3300018310547,149.53990173339844,1451136.0
2026-04-29 18:30:00,149.59800720214844,150.36000061035156,149.14999389648438,150.35000610351562,1208696.0
2026-04-29 19:30:00,150.35000610351562,151.62989807128906,150.35000610351562,150.64999389648438,1292391.0
2026-04-30 13:30:00,146.32000732421875,148.1300048828125,146.09640502929688,146.88150024414062,4290394.0
2026-04-30 14:30:00,146.89999389648438,149.05999755859375,145.5,145.89999389648438,2044856.0
2026-04-30 15:30:00,146.0,146.60000610351562,144.8000030517578,146.29989624023438,954783.0
2026-04-30 16:30:00,146.22000122070312,147.02999877929688,145.27000427246094,146.11000061035156,732930.0
2026-04-30 17:30:00,146.02000427246094,147.16000366210938,144.47999572753906,146.92990112304688,1130310.0
2026-04-30 18:30:00,146.99000549316406,147.58999633789062,146.3800048828125,146.47000122070312,614312.0
2026-04-30 19:30:00,146.47999572753906,147.14999389648438,146.4199981689453,147.08999633789062,493643.0
2026-05-01 13:30:00,143.52999877929688,143.8300018310547,138.8000030517578,140.6999969482422,4647740.0
2026-05-01 14:30:00,140.7100067138672,143.2100067138672,140.57000732421875,142.6999053955078,1673749.0
2026-05-01 15:30:00,142.66990661621094,143.3699951171875,140.77999877929688,143.3350067138672,2032079.0
2026-05-01 16:30:00,143.3350067138672,143.3699951171875,141.77000427246094,142.03990173339844,1265477.0
2026-05-01 17:30:00,142.07000732421875,142.8000030517578,141.38999938964844,142.39999389648438,1251002.0
2026-05-01 18:30:00,142.3800048828125,143.52999877929688,142.27999877929688,142.66000366210938,852765.0
2026-05-01 19:30:00,142.64999389648438,143.1699981689453,142.3699951171875,142.88999938964844,669946.0
2026-05-04 13:30:00,143.85000610351562,144.1186065673828,142.2301025390625,143.27999877929688,4522002.0
2026-05-04 14:30:00,143.33999633789062,148.19000244140625,142.9149932861328,147.4199981689453,3093321.0
2026-05-04 15:30:00,147.41000366210938,149.36000061035156,146.6999969482422,147.75,2935657.0
2026-05-04 16:30:00,147.77999877929688,149.16000366210938,147.02049255371094,147.1699981689453,1384300.0
2026-05-04 17:30:00,147.19000244140625,149.47000122070312,146.74000549316406,148.80999755859375,951057.0
2026-05-04 18:30:00,148.8000030517578,148.97999572753906,147.0,147.51499938964844,1134593.0
2026-05-04 19:30:00,147.52999877929688,147.8199005126953,147.2100067138672,147.6199951171875,901444.0
2026-05-05 13:30:00,143.91000366210938,144.8000030517578,142.13999938964844,143.25,3163734.0
2026-05-05 14:30:00,143.25,144.2100067138672,142.72000122070312,143.24000549316406,1347906.0
2026-05-05 15:30:00,143.24000549316406,143.6300048828125,142.3000030517578,143.32000732421875,810583.0
2026-05-05 16:30:00,143.41000366210938,143.7899932861328,142.75999450683594,142.9499969482422,560694.0
2026-05-05 17:30:00,142.91000366210938,144.0198974609375,142.5800018310547,143.3699951171875,1082792.0
2026-05-05 18:30:00,143.38999938964844,143.8699951171875,143.13999938964844,143.8699951171875,439900.0
2026-05-05 19:30:00,143.8699951171875,144.36000061035156,143.80999755859375,144.17999267578125,465443.0
2026-05-06 13:30:00,135.3300018310547,136.63499450683594,133.35000610351562,134.4080047607422,7548852.0
2026-05-06 14:30:00,134.41000366210938,135.14999389648438,132.82000732421875,133.68499755859375,1414438.0
2026-05-06 15:30:00,133.6699981689453,134.5399932861328,133.1999969482422,133.4300994873047,575796.0
2026-05-06 16:30:00,133.4499053955078,135.27999877929688,133.0,133.80999755859375,754879.0
2026-05-06 17:30:00,133.72000122070312,134.31869506835938,132.55999755859375,133.67999267578125,747418.0
2026-05-06 18:30:00,133.64999389648438,133.67999267578125,133.10000610351562,133.6199951171875,479636.0
2026-05-06 19:30:00,133.6300048828125,134.1300048828125,133.3800048828125,133.94000244140625,730546.0
2026-05-07 13:30:00,128.77000427246094,130.5,127.37999725341797,128.32000732421875,3216820.0
2026-05-07 14:30:00,128.32000732421875,130.7899932861328,128.18040466308594,130.13999938964844,1515385.0
2026-05-07 15:30:00,130.00010681152344,133.74000549316406,129.42999267578125,132.44000244140625,2671139.0
2026-05-07 16:30:00,132.42999267578125,136.7899932861328,132.2899932861328,136.1300048828125,2310934.0
2026-05-07 17:30:00,136.14999389648438,136.39999389648438,133.1300048828125,133.22000122070312,1673408.0
2026-05-07 18:30:00,133.27000427246094,136.3699951171875,133.13009643554688,135.63499450683594,1689085.0
2026-05-07 19:30:00,135.67999267578125,136.39999389648438,134.34500122070312,135.07000732421875,1492090.0
2026-05-08 13:30:00,132.3699951171875,134.42999267578125,132.13999938964844,134.42999267578125,1818846.0
2026-05-08 14:30:00,134.4199981689453,135.22000122070312,133.4199981689453,134.4600067138672,1037379.0
2026-05-08 15:30:00,134.47999572753906,135.1699981689453,133.94180297851562,134.48880004882812,988464.0
2026-05-08 16:30:00,134.41000366210938,135.14999389648438,134.11000061035156,134.25,615180.0
2026-05-08 17:30:00,134.18499755859375,135.0,132.5,134.25,1626610.0
2026-05-08 18:30:00,134.2550048828125,134.6999969482422,133.75,134.2899932861328,581489.0
2026-05-08 19:30:00,134.30999755859375,134.41000366210938,133.39999389648438,133.5800018310547,845458.0
2026-05-11 13:30:00,136.69000244140625,137.36000061035156,135.86000061035156,137.3350067138672,1928859.0
2026-05-11 14:30:00,137.3699951171875,138.3800048828125,137.25,137.80999755859375,851676.0
2026-05-11 15:30:00,137.84500122070312,139.60000610351562,137.47999572753906,139.50999450683594,782751.0
2026-05-11 16:30:00,139.52999877929688,140.89999389648438,139.0800018310547,139.25,911769.0
2026-05-11 17:30:00,139.3300018310547,139.74000549316406,138.43899536132812,138.65499877929688,763141.0
2026-05-11 18:30:00,138.67999267578125,138.9499969482422,138.4499969482422,138.67999267578125,319802.0
2026-05-11 19:30:00,138.6750030517578,139.27000427246094,138.5406951904297,138.97000122070312,323769.0
2026-05-12 13:30:00,143.8300018310547,144.3800048828125,143.3800048828125,143.97000122070312,1705029.0
2026-05-12 14:30:00,143.9550018310547,144.55999755859375,143.3300018310547,144.13999938964844,964582.0
2026-05-12 15:30:00,144.1199951171875,144.13999938964844,143.08999633789062,143.77999877929688,573013.0
2026-05-12 16:30:00,143.8000030517578,144.0399932861328,143.22000122070312,143.31500244140625,285962.0
2026-05-12 17:30:00,143.30999755859375,144.8000030517578,143.17999267578125,144.30999755859375,909741.0
2026-05-12 18:30:00,144.30599975585938,144.7799072265625,144.052001953125,144.14999389648438,466259.0
2026-05-12 19:30:00,144.14999389648438,144.57000732421875,144.0800018310547,144.35499572753906,651719.0
2026-05-13 13:30:00,143.9199981689453,144.9199981689453,143.39999389648438,144.8350067138672,1357104.0
2026-05-13 14:30:00,144.92999267578125,145.0,143.8800048828125,143.92999267578125,680301.0
2026-05-13 15:30:00,143.89999389648438,144.1300048828125,141.6199951171875,142.0699005126953,827428.0
2026-05-13 16:30:00,142.07000732421875,143.09500122070312,141.91000366210938,142.60000610351562,472330.0
2026-05-13 17:30:00,142.60000610351562,142.61000061035156,141.57000732421875,141.6551971435547,318639.0
2026-05-13 18:30:00,141.75,141.84979248046875,141.27000427246094,141.7949981689453,356525.0
2026-05-13 19:30:00,141.7899932861328,142.1699981689453,141.76499938964844,142.05999755859375,350263.0
2026-05-14 13:30:00,140.93499755859375,142.70989990234375,140.77999877929688,142.2100067138672,1678122.0
2026-05-14 14:30:00,142.17999267578125,142.39930725097656,140.72000122070312,141.25999450683594,479067.0
2026-05-14 15:30:00,141.19000244140625,141.52999877929688,140.58999633789062,141.3000030517578,620547.0
2026-05-14 16:30:00,141.25,142.25999450683594,141.1800994873047,142.11000061035156,612556.0
2026-05-14 17:30:00,142.2100067138672,142.9600067138672,141.72000122070312,141.82000732421875,386712.0
2026-05-14 18:30:00,141.75,142.52999877929688,141.75,142.39999389648438,531808.0
2026-05-14 19:30:00,142.4199981689453,143.0,142.39999389648438,142.97000122070312,188105.0
2026-05-15 13:30:00,145.5500030517578,146.4199981689453,145.1699981689453,146.05999755859375,1696029.0
2026-05-15 14:30:00,146.02000427246094,147.16000366210938,145.94000244140625,146.50999450683594,575475.0
2026-05-15 15:30:00,146.55999755859375,148.13999938964844,146.26100158691406,147.3199005126953,858901.0
2026-05-15 16:30:00,147.32000732421875,147.53799438476562,146.85850524902344,147.24000549316406,272762.0
2026-05-15 17:30:00,147.25999450683594,148.0,147.16000366210938,147.97999572753906,430214.0
2026-05-15 18:30:00,147.9600067138672,148.35989379882812,147.68099975585938,147.98899841308594,775052.0
2026-05-15 19:30:00,147.9600067138672,148.41000366210938,147.75999450683594,148.1999969482422,794093.0
2026-05-18 13:30:00,145.91000366210938,148.47799682617188,144.9600067138672,148.34140014648438,3145949.0
2026-05-18 14:30:00,148.38999938964844,150.8800048828125,148.25,150.8000030517578,1920661.0
2026-05-18 15:30:00,150.67999267578125,151.6999969482422,150.22000122070312,151.2899932861328,917698.0
2026-05-18 16:30:00,151.35000610351562,151.47999572753906,149.63999938964844,150.25,987173.0
2026-05-18 17:30:00,150.22999572753906,154.0800018310547,150.1999969482422,152.94000244140625,1018103.0
2026-05-18 18:30:00,152.8300018310547,153.4600067138672,149.25010681152344,149.9199981689453,1812596.0
2026-05-18 19:30:00,150.00999450683594,150.02999877929688,148.52000427246094,149.3300018310547,652847.0
2026-05-19 13:30:00,152.8780059814453,153.27999877929688,150.22000122070312,150.9949951171875,2514692.0
2026-05-19 14:30:00,150.97000122070312,151.8896026611328,150.52980041503906,151.58999633789062,738866.0
2026-05-19 15:30:00,151.49000549316406,152.3249969482422,151.14999389648438,151.9499969482422,313622.0
2026-05-19 16:30:00,152.0399932861328,152.4600067138672,151.58200073242188,152.14500427246094,243145.0
2026-05-19 17:30:00,152.11000061035156,152.9398956298828,150.9600067138672,152.83999633789062,640653.0
2026-05-19 18:30:00,152.91990661621094,153.5,152.5,152.92999267578125,435268.0
2026-05-19 19:30:00,152.91000366210938,153.0,152.58999633789062,152.99000549316406,383633.0
2026-05-20 13:30:00,149.45199584960938,150.5399932861328,145.67999267578125,147.02999877929688,2682065.0
2026-05-20 14:30:00,146.93960571289062,147.83999633789062,142.0,146.00999450683594,2594420.0
2026-05-20 15:30:00,146.07000732421875,146.0749969482422,144.07000732421875,145.6300048828125,1193385.0
2026-05-20 16:30:00,145.57000732421875,145.67999267578125,141.9600067138672,142.6699981689453,2705415.0
2026-05-20 17:30:00,142.64999389648438,144.47000122070312,142.2100067138672,143.77999877929688,996164.0
2026-05-20 18:30:00,143.7100067138672,143.90989685058594,143.08999633789062,143.82000732421875,718202.0
2026-05-20 19:30:00,143.8000030517578,144.32989501953125,143.24000549316406,144.22999572753906,475543.0
2026-05-21 13:30:00,149.27000427246094,150.2550048828125,146.86500549316406,147.3000030517578,2699360.0
2026-05-21 14:30:00,147.3000030517578,149.5500030517578,146.9199981689453,149.08999633789062,700800.0
2026-05-21 15:30:00,148.99000549316406,149.0500030517578,146.13999938964844,147.11000061035156,714430.0
2026-05-21 16:30:00,147.02000427246094,147.1999969482422,142.89999389648438,144.10009765625,1387710.0
2026-05-21 17:30:00,144.35000610351562,144.7899932861328,140.22999572753906,141.0500030517578,2505511.0
2026-05-21 18:30:00,140.91000366210938,143.91000366210938,140.88999938964844,142.72000122070312,1511392.0
2026-05-21 19:30:00,142.72999572753906,143.8000030517578,142.14999389648438,142.5800018310547,528177.0
2026-05-22 13:30:00,141.42999267578125,143.77999877929688,141.16000366210938,142.8699951171875,2004650.0
2026-05-22 14:30:00,142.90350341796875,143.4199981689453,142.4499969482422,142.6999969482422,333418.0
2026-05-22 15:30:00,142.66000366210938,142.74000549316406,141.78070068359375,141.90750122070312,409289.0
2026-05-22 16:30:00,141.88499450683594,142.5,138.75,139.11000061035156,1620707.0
2026-05-22 17:30:00,139.13999938964844,141.66000366210938,138.7100067138672,141.66000366210938,1282582.0
2026-05-22 18:30:00,141.6699981689453,141.99989318847656,140.60000610351562,141.82000732421875,796584.0
2026-05-22 19:30:00,141.8000030517578,141.97000122070312,140.74000549316406,140.9600067138672,744096.0
2026-05-26 13:30:00,136.33999633789062,138.39990234375,135.94000244140625,137.4398956298828,3076162.0
2026-05-26 14:30:00,137.4499969482422,138.69500732421875,136.51780700683594,138.61000061035156,1114871.0
2026-05-26 15:30:00,138.5399932861328,138.55999755859375,137.44259643554688,137.80990600585938,779571.0
2026-05-26 16:30:00,137.83999633789062,138.14999389648438,137.32000732421875,137.75999450683594,440054.0
2026-05-26 17:30:00,137.77999877929688,137.8800048828125,137.0399932861328,137.5399932861328,510266.0
2026-05-26 18:30:00,137.57000732421875,137.75,136.83999633789062,137.63999938964844,507118.0
2026-05-26 19:30:00,137.63499450683594,137.7100067138672,137.0,137.02000427246094,456491.0
2026-05-27 13:30:00,131.38999938964844,132.25999450683594,130.9199981689453,131.21499633789062,3156921.0
2026-05-27 14:30:00,131.22999572753906,133.5800018310547,131.05999755859375,132.8000030517578,1269079.0
2026-05-27 15:30:00,132.72999572753906,133.0,131.3000030517578,131.64999389648438,866915.0
2026-05-27 16:30:00,131.63999938964844,132.0,131.00999450683594,131.29989624023438,834943.0
2026-05-27 17:30:00,131.36000061035156,131.47000122070312,129.77999877929688,129.83999633789062,854158.0
2026-05-27 18:30:00,129.87989807128906,130.99000549316406,129.63999938964844,130.88499450683594,525846.0
2026-05-27 19:30:00,130.8699951171875,131.2050018310547,130.6199951171875,131.02000427246094,670602.0
2026-05-28 13:30:00,133.33999633789062,133.83990478515625,127.7699966430664,130.52000427246094,3311262.0
2026-05-28 14:30:00,130.69500732421875,132.0399932861328,130.1999969482422,131.52000427246094,1000917.0
2026-05-28 15:30:00,131.50999450683594,132.08999633789062,130.0709991455078,130.63999938964844,597269.0
2026-05-28 16:30:00,130.58999633789062,130.75999450683594,129.02499389648438,130.4499969482422,826019.0
2026-05-28 17:30:00,130.39999389648438,130.86000061035156,129.77310180664062,130.25010681152344,623554.0
2026-05-28 18:30:00,130.25999450683594,131.1479949951172,130.2100067138672,130.86000061035156,454674.0
2026-05-28 19:30:00,130.8300018310547,131.16000366210938,130.41009521484375,131.11000061035156,396590.0
2026-05-29 13:30:00,128.30499267578125,129.72000122070312,127.79000091552734,129.61000061035156,1903770.0
2026-05-29 14:30:00,129.57000732421875,130.32040405273438,126.55000305175781,127.83000183105469,1853651.0
2026-05-29 15:30:00,127.87999725341797,128.8300018310547,127.37000274658203,128.16000366210938,657107.0
2026-05-29 16:30:00,128.0500030517578,128.0500030517578,126.66999816894531,127.66000366210938,1076920.0
2026-05-29 17:30:00,127.66000366210938,128.25,126.83999633789062,128.09500122070312,1261075.0
2026-05-29 18:30:00,128.0,128.89999389648438,127.6500015258789,128.39500427246094,877652.0
2026-05-29 19:30:00,128.3800048828125,129.2100067138672,128.3800048828125,129.07000732421875,404629.0
2026-06-01 13:30:00,135.64999389648438,138.32000732421875,135.00999450683594,138.02999877929688,3996365.0
2026-06-01 14:30:00,138.00999450683594,138.91000366210938,137.1999969482422,137.39999389648438,1168773.0
2026-06-01 15:30:00,137.39999389648438,138.38999938964844,135.27999877929688,137.9499969482422,1499042.0
2026-06-01 16:30:00,137.89999389648438,138.42999267578125,133.8800048828125,134.08999633789062,1477424.0
2026-06-01 17:30:00,134.0500030517578,135.22999572753906,133.0500030517578,135.14999389648438,1381829.0
2026-06-01 18:30:00,135.1300048828125,135.7899932861328,135.0,135.1300048828125,656394.0
2026-06-01 19:30:00,135.1300048828125,135.74000549316406,134.97999572753906,135.50999450683594,675362.0
2026-06-02 13:30:00,135.0679931640625,135.61000061035156,134.64999389648438,135.10960388183594,1252348.0
2026-06-02 14:30:00,135.0500030517578,135.10000610351562,134.17999267578125,134.60000610351562,406547.0
2026-06-02 15:30:00,134.64999389648438,136.63999938964844,134.64999389648438,136.5399932861328,621871.0
2026-06-02 16:30:00,136.55999755859375,137.27000427246094,136.16000366210938,137.22999572753906,301113.0
2026-06-02 17:30:00,137.19000244140625,137.60499572753906,136.52000427246094,137.3000030517578,350270.0
2026-06-02 18:30:00,137.39999389648438,137.67010498046875,137.11000061035156,137.14999389648438,223013.0
2026-06-02 19:30:00,137.14999389648438,137.42999267578125,137.0,137.27999877929688,223646.0
2026-06-03 13:30:00,139.4600067138672,139.85000610351562,138.38999938964844,139.5500030517578,1543203.0
2026-06-03 14:30:00,139.36000061035156,140.5,139.27000427246094,139.97000122070312,745574.0
2026-06-03 15:30:00,139.94000244140625,141.1300048828125,139.9199981689453,140.9499969482422,696726.0
2026-06-03 16:30:00,140.97000122070312,141.1199951171875,139.72149658203125,140.89999389648438,551398.0
2026-06-03 17:30:00,140.94000244140625,141.3000030517578,140.5,140.6999969482422,466305.0
2026-06-03 18:30:00,140.72999572753906,141.41836547851562,140.22000122070312,140.7700958251953,271273.0
2026-06-03 19:30:00,140.8300018310547,140.9199981689453,140.5500030517578,140.88999938964844,267715.0
2026-06-04 13:30:00,136.6699981689453,136.80999755859375,135.2100067138672,136.12399291992188,1765578.0
2026-06-04 14:30:00,136.10499572753906,136.89999389648438,135.9600067138672,136.11399841308594,318368.0
2026-06-04 15:30:00,136.1300048828125,136.7050018310547,135.9600067138672,136.3300018310547,367224.0
2026-06-04 16:30:00,136.32000732421875,136.45989990234375,135.35000610351562,135.39999389648438,280202.0
2026-06-04 17:30:00,135.41000366210938,136.6999969482422,135.00999450683594,136.57000732421875,322995.0
2026-06-04 18:30:00,136.55499267578125,137.0500030517578,136.50050354003906,136.60000610351562,433169.0
2026-06-04 19:30:00,136.58599853515625,136.86000061035156,136.41000366210938,136.72999572753906,541315.0
2026-06-05 13:30:00,135.13999938964844,135.1999969482422,133.3000030517578,134.2899932861328,1173175.0
2026-06-05 14:30:00,134.27999877929688,134.63999938964844,133.83999633789062,134.0,522552.0
2026-06-05 15:30:00,134.10000610351562,134.17999267578125,132.4597930908203,132.6739959716797,561744.0
2026-06-05 16:30:00,132.67999267578125,132.90199279785156,132.24000549316406,132.75999450683594,271187.0
2026-06-05 17:30:00,132.78500366210938,133.44000244140625,132.5399932861328,133.3800048828125,325647.0
2026-06-05 18:30:00,133.39999389648438,133.5800018310547,132.60000610351562,132.86500549316406,581019.0
2026-06-05 19:30:00,132.86000061035156,133.27000427246094,132.80999755859375,133.07000732421875,692282.0
2026-06-08 13:30:00,134.9499969482422,135.47999572753906,133.9499969482422,135.3000030517578,2029871.0
2026-06-08 14:30:00,135.3249969482422,136.5299072265625,135.00999450683594,135.9499969482422,493454.0
2026-06-08 15:30:00,135.9199981689453,135.94000244140625,135.08999633789062,135.8509979248047,279793.0
2026-06-08 16:30:00,135.88999938964844,135.88999938964844,135.0,135.0399932861328,231026.0
2026-06-08 17:30:00,135.0399932861328,135.52999877929688,134.77059936523438,135.27999877929688,552343.0
2026-06-08 18:30:00,135.27000427246094,135.35000610351562,134.76010131835938,135.3000030517578,236567.0
2026-06-08 19:30:00,135.36000061035156,135.5800018310547,135.02000427246094,135.27000427246094,457258.0
2026-06-09 13:30:00,132.00999450683594,132.00999450683594,130.25999450683594,130.29010009765625,1689764.0
2026-06-09 14:30:00,130.25,131.14999389648438,130.05099487304688,130.52999877929688,519860.0
2026-06-09 15:30:00,130.52000427246094,130.63999938964844,128.17999267578125,128.99000549316406,772965.0
2026-06-09 16:30:00,129.00999450683594,133.0399932861328,128.69000244140625,130.5198974609375,4334791.0
2026-06-09 17:30:00,130.47999572753906,131.87989807128906,130.38999938964844,131.2100067138672,590574.0
2026-06-09 18:30:00,131.11000061035156,131.4600067138672,130.85000610351562,131.0800018310547,354422.0
2026-06-09 19:30:00,131.16000366210938,131.75999450683594,131.0,131.3000030517578,540764.0
2026-06-10 13:30:00,132.9250030517578,133.77999877929688,132.6300048828125,133.49000549316406,1995617.0
2026-06-10 14:30:00,133.5500030517578,134.3000030517578,133.0749969482422,133.27000427246094,557928.0
2026-06-10 15:30:00,133.24000549316406,135.83999633789062,133.0399932861328,135.25,1472116.0
2026-06-10 16:30:00,135.25869750976562,135.97999572753906,135.14999389648438,135.92160034179688,575722.0
2026-06-10 17:30:00,135.9600067138672,136.60000610351562,133.57000732421875,133.7100067138672,968015.0
2026-06-10 18:30:00,133.6999969482422,134.72999572753906,133.6999969482422,134.40870666503906,350069.0
2026-06-10 19:30:00,134.3699951171875,134.64999389648438,134.30999755859375,134.3699951171875,449414.0
2026-06-11 13:30:00,134.27000427246094,134.36500549316406,132.66000366210938,134.0399932861328,3307557.0
2026-06-11 14:30:00,134.00999450683594,134.67999267578125,133.77000427246094,134.49000549316406,452719.0
2026-06-11 15:30:00,134.5399932861328,135.97999572753906,134.4199981689453,135.50999450683594,480729.0
2026-06-11 16:30:00,135.5500030517578,135.91000366210938,131.55999755859375,131.69000244140625,990481.0
2026-06-11 17:30:00,131.61500549316406,131.66000366210938,128.86000061035156,130.82000732421875,3601283.0
2026-06-11 18:30:00,130.8000030517578,131.5399932861328,129.16000366210938,129.16000366210938,1215361.0
2026-06-11 19:30:00,129.19000244140625,129.19000244140625,127.87000274658203,128.82000732421875,1673853.0
2026-06-12 13:30:00,127.02999877929688,129.77000427246094,126.94000244140625,128.75,2911049.0
2026-06-12 14:30:00,128.8000030517578,129.02999877929688,125.45999908447266,125.7300033569336,1863600.0
2026-06-12 15:30:00,125.63999938964844,126.23989868164062,125.30000305175781,126.19999694824219,902081.0
2026-06-12 16:30:00,126.19999694824219,126.51000213623047,125.7699966430664,125.9000015258789,538514.0
2026-06-12 17:30:00,126.00499725341797,126.63999938964844,125.93009948730469,126.30999755859375,402731.0
2026-06-12 18:30:00,126.23999786376953,126.26000213623047,125.54000091552734,125.72000122070312,438071.0
2026-06-12 19:30:00,125.69999694824219,126.0,125.38999938964844,125.5,972835.0
2026-06-15 13:30:00,119.83999633789062,120.22000122070312,119.0199966430664,119.18000030517578,2942847.0
2026-06-15 14:30:00,119.19999694824219,120.4000015258789,119.04000091552734,120.12000274658203,824294.0
2026-06-15 15:30:00,120.16000366210938,120.41000366210938,119.38999938964844,119.5,507912.0
2026-06-15 16:30:00,119.51499938964844,120.37000274658203,119.51499938964844,120.06500244140625,325619.0
2026-06-15 17:30:00,120.05000305175781,120.69000244140625,119.75,120.67990112304688,302091.0
2026-06-15 18:30:00,120.63999938964844,121.0999984741211,120.46499633789062,120.93499755859375,240009.0
2026-06-15 19:30:00,120.94000244140625,121.4800033569336,120.8949966430664,121.22000122070312,310628.0
2026-06-16 13:30:00,116.33999633789062,116.98999786376953,116.02999877929688,116.16000366210938,2624679.0
2026-06-16 14:30:00,116.1500015258789,116.23999786376953,115.37999725341797,115.59140014648438,828572.0
2026-06-16 15:30:00,115.48999786376953,115.54989624023438,113.57330322265625,113.8499984741211,1851593.0
2026-06-16 16:30:00,113.83999633789062,114.26000213623047,113.30999755859375,113.72000122070312,443800.0
2026-06-16 17:30:00,113.73500061035156,114.22000122070312,113.48999786376953,114.11990356445312,791750.0
2026-06-16 18:30:00,114.16000366210938,115.73999786376953,114.05999755859375,115.69999694824219,569401.0
2026-06-16 19:30:00,115.68000030517578,115.8499984741211,115.37000274658203,115.44999694824219,483202.0
2026-06-17 13:30:00,115.44000244140625,116.87999725341797,115.37000274658203,116.08999633789062,1319596.0
2026-06-17 14:30:00,116.08999633789062,120.0,115.16000366210938,115.44999694824219,1661126.0
2026-06-17 15:30:00,115.43000030517578,115.70999908447266,114.94000244140625,115.30999755859375,365146.0
2026-06-17 16:30:00,115.38819885253906,115.5999984741211,114.36000061035156,114.48999786376953,479285.0
2026-06-17 17:30:00,114.5199966430664,115.46499633789062,114.38999938964844,115.43000030517578,317081.0
2026-06-17 18:30:00,115.41999816894531,115.70999908447266,114.22000122070312,114.34500122070312,461361.0
2026-06-17 19:30:00,114.34500122070312,114.68000030517578,114.12999725341797,114.27999877929688,786652.0
2026-06-18 13:30:00,112.47000122070312,112.51000213623047,110.63009643554688,110.94999694824219,1990612.0
2026-06-18 14:30:00,111.0,111.66000366210938,110.48370361328125,111.47000122070312,461435.0
2026-06-18 15:30:00,111.62000274658203,112.6500015258789,111.52999877929688,112.06999969482422,650716.0
2026-06-18 16:30:00,112.06999969482422,112.92500305175781,111.77999877929688,112.86990356445312,238566.0
2026-06-18 17:30:00,112.87000274658203,115.33000183105469,112.6500015258789,115.05999755859375,686795.0
2026-06-18 18:30:00,115.0199966430664,115.26499938964844,114.60009765625,114.77999877929688,599679.0
2026-06-18 19:30:00,114.7699966430664,114.87999725341797,114.4800033569336,114.87999725341797,769385.0
2026-06-22 13:30:00,112.62999725341797,112.7300033569336,111.55000305175781,112.07499694824219,2341884.0
2026-06-22 14:30:00,112.08000183105469,112.76000213623047,111.19000244140625,111.69010162353516,627880.0
2026-06-22 15:30:00,111.69000244140625,111.88999938964844,111.12999725341797,111.7300033569336,283696.0
2026-06-22 16:30:00,111.77999877929688,112.0,111.44999694824219,111.54149627685547,223934.0
2026-06-22 17:30:00,111.5999984741211,112.16999816894531,111.20999908447266,112.1500015258789,286158.0
2026-06-22 18:30:00,112.06999969482422,112.61990356445312,111.79000091552734,112.58000183105469,394539.0
2026-06-22 19:30:00,112.56999969482422,112.80999755859375,112.54010009765625,112.69000244140625,210157.0
2026-06-23 13:30:00,110.91999816894531,111.22000122070312,110.05999755859375,110.18499755859375,1136238.0
2026-06-23 14:30:00,110.18499755859375,111.52999877929688,110.17500305175781,110.94000244140625,495854.0
2026-06-23 15:30:00,110.90499877929688,111.13990020751953,110.24469757080078,110.91000366210938,223249.0
2026-06-23 16:30:00,110.80000305175781,111.18000030517578,110.50800323486328,111.125,227129.0
2026-06-23 17:30:00,111.18000030517578,111.37000274658203,110.75,111.1500015258789,569588.0
2026-06-23 18:30:00,111.19999694824219,111.38999938964844,111.02999877929688,111.29000091552734,217484.0
2026-06-23 19:30:00,111.32499694824219,111.41000366210938,111.19000244140625,111.2699966430664,189446.0
2026-06-24 13:30:00,106.29000091552734,106.79000091552734,105.6500015258789,106.5199966430664,2670640.0
2026-06-24 14:30:00,106.41000366210938,106.58000183105469,105.70999908447266,106.27999877929688,551443.0
2026-06-24 15:30:00,106.19999694824219,107.27999877929688,106.08000183105469,107.19000244140625,391398.0
2026-06-24 16:30:00,107.19000244140625,107.66000366210938,106.44000244140625,106.55999755859375,532234.0
2026-06-24 17:30:00,106.56999969482422,107.0,106.30999755859375,106.86000061035156,262362.0
2026-06-24 18:30:00,106.81999969482422,106.88999938964844,106.08000183105469,106.3499984741211,278855.0
2026-06-24 19:30:00,106.37000274658203,106.41000366210938,106.1906967163086,106.26000213623047,242450.0
2026-06-25 13:30:00,106.02999877929688,107.69999694824219,105.86499786376953,107.66000366210938,1127822.0
2026-06-25 14:30:00,107.66000366210938,108.88999938964844,107.08999633789062,108.30000305175781,1692986.0
2026-06-25 15:30:00,108.30999755859375,108.79000091552734,108.07499694824219,108.69000244140625,487149.0
2026-06-25 16:30:00,108.66999816894531,108.98999786376953,108.2300033569336,108.55000305175781,326787.0
2026-06-25 17:30:00,108.5199966430664,109.33999633789062,108.44000244140625,109.23999786376953,1006046.0
2026-06-25 18:30:00,109.23999786376953,110.05000305175781,109.22000122070312,109.73300170898438,989530.0
2026-06-25 19:30:00,109.7300033569336,109.75,109.12999725341797,109.36000061035156,409317.0
2026-06-26 13:30:00,105.83000183105469,106.16999816894531,104.63999938964844,104.97010040283203,2748622.0
2026-06-26 14:30:00,105.0,105.11000061035156,104.06999969482422,104.37999725341797,1292777.0
2026-06-26 15:30:00,104.30000305175781,105.48999786376953,104.20999908447266,104.73500061035156,2793516.0
2026-06-26 16:30:00,104.71499633789062,105.25,104.5,105.18000030517578,519528.0
2026-06-26 17:30:00,105.20999908447266,105.4800033569336,104.90499877929688,105.0999984741211,336677.0
2026-06-26 18:30:00,105.04000091552734,105.08000183105469,104.77999877929688,105.07050323486328,483234.0
2026-06-26 19:30:00,105.05000305175781,105.62999725341797,105.05000305175781,105.4800033569336,402070.0
2026-06-29 13:30:00,106.6500015258789,106.95989990234375,106.19000244140625,106.91999816894531,999453.0
2026-06-29 14:30:00,106.93000030517578,107.13999938964844,106.66999816894531,106.95500183105469,385402.0
2026-06-29 15:30:00,107.06999969482422,107.53500366210938,106.87999725341797,107.51000213623047,442949.0
2026-06-29 16:30:00,107.52999877929688,107.98999786376953,107.30000305175781,107.62000274658203,401715.0
2026-06-29 17:30:00,107.62999725341797,107.80000305175781,106.98999786376953,107.51000213623047,337379.0
2026-06-29 18:30:00,107.51000213623047,107.51000213623047,106.87999725341797,106.9000015258789,197021.0
2026-06-29 19:30:00,106.86000061035156,107.11000061035156,106.80000305175781,107.08000183105469,320899.0
2026-06-30 13:30:00,108.1500015258789,108.1500015258789,107.0999984741211,107.4801025390625,710385.0
2026-06-30 14:30:00,107.49500274658203,107.55999755859375,106.29000091552734,106.33499908447266,541966.0
2026-06-30 15:30:00,106.31999969482422,106.5,105.86000061035156,106.19999694824219,659928.0
2026-06-30 16:30:00,106.1500015258789,106.16999816894531,105.5999984741211,105.72000122070312,119252.0
2026-06-30 17:30:00,105.76000213623047,105.87999725341797,105.12000274658203,105.5802001953125,850258.0
2026-06-30 18:30:00,105.56009674072266,106.33999633789062,105.53500366210938,106.31990051269531,215954.0
2026-06-30 19:30:00,106.31999969482422,106.48500061035156,106.30000305175781,106.44000244140625,288764.0
2026-07-01 13:30:00,104.55000305175781,105.0,104.33999633789062,104.44999694824219,1307335.0
2026-07-01 14:30:00,104.48999786376953,104.55999755859375,103.37999725341797,103.44000244140625,432567.0
2026-07-01 15:30:00,103.4000015258789,103.81999969482422,103.30999755859375,103.55000305175781,286328.0
2026-07-01 16:30:00,103.58000183105469,103.94999694824219,103.45999908447266,103.83999633789062,197411.0
2026-07-01 17:30:00,103.8302001953125,104.31999969482422,103.45999908447266,104.27999877929688,211336.0
2026-07-01 18:30:00,104.30999755859375,104.33000183105469,103.56500244140625,103.6613998413086,251534.0
2026-07-01 19:30:00,103.63999938964844,103.64469909667969,103.1449966430664,103.27999877929688,308336.0
2026-07-02 13:30:00,102.8499984741211,103.38999938964844,102.55000305175781,102.66510009765625,731834.0
2026-07-02 14:30:00,102.6500015258789,103.04000091552734,102.44999694824219,102.79000091552734,237580.0
2026-07-02 15:30:00,102.83999633789062,102.83999633789062,102.41999816894531,102.73429870605469,104569.0
2026-07-02 15:56:14,102.7594985961914,102.7594985961914,102.7594985961914,102.7594985961914,0.0
