datetime,open,high,low,close,volume
2024-02-08 05:00:00,445.75,445.75,445.25,445.25,0.0
2024-02-08 06:00:00,445.5,445.75,445.25,445.75,1485.0
2024-02-08 07:00:00,445.75,446.0,445.5,445.75,190.0
2024-02-08 08:00:00,445.75,446.0,445.25,445.5,185.0
2024-02-08 09:00:00,445.75,446.0,445.0,445.0,1480.0
2024-02-08 10:00:00,445.0,445.5,445.0,445.5,607.0
2024-02-08 11:00:00,445.25,445.5,444.25,445.0,1567.0
2024-02-08 12:00:00,445.0,447.0,445.0,446.75,954.0
2024-02-08 13:00:00,446.75,447.75,446.75,447.25,4045.0
2024-02-08 14:00:00,446.75,448.0,446.0,448.0,12242.0
2024-02-08 15:00:00,448.0,448.5,444.75,445.0,37708.0
2024-02-08 16:00:00,445.0,445.25,442.0,443.5,19567.0
2024-02-08 17:00:00,443.75,448.0,441.25,445.75,13474.0
2024-02-08 18:00:00,445.75,446.0,443.0,443.25,12692.0
2024-02-08 19:00:00,443.25,445.25,443.25,445.0,12466.0
2024-02-09 01:00:00,444.75,445.0,444.0,444.0,0.0
2024-02-09 02:00:00,444.0,444.0,443.0,443.25,333.0
2024-02-09 03:00:00,443.25,443.5,443.0,443.5,95.0
2024-02-09 04:00:00,443.5,443.5,443.25,443.25,48.0
2024-02-09 05:00:00,443.25,443.5,443.0,443.0,165.0
2024-02-09 06:00:00,443.25,443.5,443.0,443.25,647.0
2024-02-09 07:00:00,443.5,443.75,443.25,443.75,234.0
2024-02-09 08:00:00,443.75,443.75,443.25,443.25,178.0
2024-02-09 09:00:00,443.0,443.5,443.0,443.25,161.0
2024-02-09 10:00:00,443.0,443.0,441.75,442.0,365.0
2024-02-09 11:00:00,442.0,442.25,441.75,442.25,881.0
2024-02-09 12:00:00,442.25,442.75,441.75,441.75,1497.0
2024-02-09 13:00:00,441.75,442.75,441.75,442.25,1241.0
2024-02-09 14:00:00,442.25,448.0,441.25,448.0,22503.0
2024-02-09 15:00:00,447.75,448.5,445.0,445.25,18550.0
2024-02-09 16:00:00,444.5,445.0,443.25,443.5,14795.0
2024-02-09 17:00:00,443.25,444.5,442.75,443.0,11531.0
2024-02-09 18:00:00,443.0,443.5,441.75,442.0,22504.0
2024-02-09 19:00:00,442.0,442.75,440.75,442.75,23540.0
2024-02-12 01:00:00,442.0,442.75,441.75,442.25,305.0
2024-02-12 02:00:00,442.25,442.5,442.0,442.5,74.0
2024-02-12 03:00:00,442.5,442.5,442.25,442.5,16.0
2024-02-12 04:00:00,442.5,442.5,442.5,442.5,32.0
2024-02-12 05:00:00,442.5,442.5,442.25,442.25,20.0
2024-02-12 06:00:00,442.0,442.25,442.0,442.0,26.0
2024-02-12 07:00:00,442.0,443.0,442.0,443.0,327.0
2024-02-12 08:00:00,443.0,443.25,442.75,443.0,101.0
2024-02-12 09:00:00,443.0,443.0,442.5,443.0,250.0
2024-02-12 10:00:00,442.75,443.0,442.5,442.5,219.0
2024-02-12 11:00:00,442.5,443.5,442.5,443.25,87.0
2024-02-12 12:00:00,443.25,444.25,443.0,444.25,330.0
2024-02-12 13:00:00,444.25,445.0,443.75,444.0,5996.0
2024-02-12 14:00:00,443.0,445.0,441.0,442.0,13508.0
2024-02-12 15:00:00,441.75,443.25,440.5,441.75,25528.0
2024-02-12 16:00:00,441.75,444.75,441.5,444.5,14695.0
2024-02-12 17:00:00,444.5,444.5,443.0,443.25,14636.0
2024-02-12 18:00:00,443.25,444.0,442.25,442.5,9767.0
2024-02-12 19:00:00,442.5,443.25,442.0,442.5,28457.0
2024-02-13 01:00:00,442.5,442.5,441.5,441.75,0.0
2024-02-13 02:00:00,441.75,441.75,441.25,441.5,65.0
2024-02-13 03:00:00,441.5,441.75,441.25,441.25,209.0
2024-02-13 04:00:00,441.25,441.5,441.0,441.5,61.0
2024-02-13 05:00:00,441.5,441.5,441.25,441.25,32.0
2024-02-13 06:00:00,441.0,441.25,441.0,441.25,37.0
2024-02-13 07:00:00,441.25,441.75,441.25,441.5,3589.0
2024-02-13 08:00:00,441.5,442.5,441.5,442.0,364.0
2024-02-13 09:00:00,442.25,442.5,442.0,442.5,2321.0
2024-02-13 10:00:00,442.5,443.0,442.0,442.25,326.0
2024-02-13 11:00:00,442.25,443.25,442.0,443.25,702.0
2024-02-13 12:00:00,443.25,443.75,443.25,443.75,254.0
2024-02-13 13:00:00,443.75,444.0,443.25,443.75,1696.0
2024-02-13 14:00:00,443.25,446.25,442.0,445.25,21493.0
2024-02-13 15:00:00,445.25,446.0,442.75,443.75,23846.0
2024-02-13 16:00:00,444.0,444.25,442.75,443.0,11156.0
2024-02-13 17:00:00,442.75,443.5,442.0,442.5,10066.0
2024-02-13 18:00:00,442.25,443.0,441.5,442.25,22900.0
2024-02-13 19:00:00,442.25,444.0,442.0,444.0,11780.0
2024-02-14 01:00:00,443.25,443.25,441.5,441.75,0.0
2024-02-14 02:00:00,441.75,441.75,441.5,441.75,140.0
2024-02-14 03:00:00,441.75,442.0,441.75,441.75,43.0
2024-02-14 04:00:00,441.75,441.75,441.75,441.75,58.0
2024-02-14 05:00:00,441.5,441.75,441.5,441.75,48.0
2024-02-14 06:00:00,441.5,441.75,440.5,441.75,735.0
2024-02-14 07:00:00,442.0,442.0,441.75,441.75,347.0
2024-02-14 08:00:00,441.75,441.75,441.25,441.5,3772.0
2024-02-14 09:00:00,441.25,441.75,441.0,441.0,629.0
2024-02-14 10:00:00,441.0,441.0,440.5,440.75,1211.0
2024-02-14 11:00:00,440.75,441.25,440.5,440.75,2829.0
2024-02-14 12:00:00,441.0,441.25,440.0,440.0,4564.0
2024-02-14 13:00:00,440.0,441.0,439.75,440.5,5091.0
2024-02-14 14:00:00,440.25,440.5,438.0,438.75,21403.0
2024-02-14 15:00:00,438.5,439.0,436.5,437.25,17317.0
2024-02-14 16:00:00,437.0,438.5,436.0,436.25,16549.0
2024-02-14 17:00:00,436.25,436.5,435.0,435.75,13177.0
2024-02-14 18:00:00,435.75,437.5,435.5,437.5,30148.0
2024-02-14 19:00:00,437.25,437.5,436.75,436.75,17480.0
2024-02-15 01:00:00,437.25,437.25,435.25,435.75,0.0
2024-02-15 02:00:00,435.75,435.75,435.25,435.5,241.0
2024-02-15 03:00:00,435.75,435.75,435.25,435.5,142.0
2024-02-15 04:00:00,435.5,435.75,435.5,435.75,173.0
2024-02-15 05:00:00,435.5,435.75,435.5,435.5,116.0
2024-02-15 06:00:00,435.75,436.0,435.5,436.0,68.0
2024-02-15 07:00:00,436.0,436.25,435.5,435.75,1206.0
2024-02-15 08:00:00,435.5,436.5,435.5,435.75,415.0
2024-02-15 09:00:00,435.75,436.5,435.5,435.75,630.0
2024-02-15 10:00:00,435.5,436.0,435.0,435.5,911.0
2024-02-15 11:00:00,435.5,435.75,435.5,435.5,818.0
2024-02-15 12:00:00,435.5,437.75,435.25,437.25,1369.0
2024-02-15 13:00:00,437.0,437.25,435.25,435.75,2526.0
2024-02-15 14:00:00,436.0,437.0,433.5,436.0,30418.0
2024-02-15 15:00:00,436.0,437.5,434.0,435.0,18264.0
2024-02-15 16:00:00,434.75,436.25,434.0,435.5,33224.0
2024-02-15 17:00:00,435.5,435.75,432.0,432.5,21916.0
2024-02-15 18:00:00,432.5,433.25,430.5,430.5,21493.0
2024-02-15 19:00:00,430.5,430.75,429.0,429.5,22765.0
2024-02-16 01:00:00,429.75,429.75,428.25,429.25,0.0
2024-02-16 02:00:00,429.25,429.25,429.0,429.0,125.0
2024-02-16 03:00:00,429.0,429.25,428.75,429.0,210.0
2024-02-16 04:00:00,429.25,429.5,429.25,429.25,127.0
2024-02-16 05:00:00,429.25,429.75,429.0,429.5,209.0
2024-02-16 06:00:00,429.5,430.0,429.5,430.0,140.0
2024-02-16 07:00:00,429.75,430.25,429.75,430.25,586.0
2024-02-16 08:00:00,430.25,431.25,430.25,430.75,746.0
2024-02-16 09:00:00,430.75,431.25,430.5,430.5,599.0
2024-02-16 10:00:00,430.25,430.25,429.25,429.5,1661.0
2024-02-16 11:00:00,429.5,431.0,429.5,431.0,506.0
2024-02-16 12:00:00,430.75,431.5,430.0,430.25,634.0
2024-02-16 13:00:00,430.25,430.25,429.0,429.25,1779.0
2024-02-16 14:00:00,429.0,433.0,429.0,431.0,25383.0
2024-02-16 15:00:00,430.75,432.0,430.0,430.25,25058.0
2024-02-16 16:00:00,430.25,430.25,428.25,429.0,20392.0
2024-02-16 17:00:00,429.0,431.0,428.75,429.75,13898.0
2024-02-16 18:00:00,430.0,430.25,427.75,429.25,22851.0
2024-02-16 19:00:00,429.25,430.0,428.75,429.5,16646.0
2024-02-20 05:00:00,431.25,431.5,430.75,431.5,121.0
2024-02-20 06:00:00,431.75,432.25,431.0,431.25,631.0
2024-02-20 07:00:00,431.25,431.25,430.75,431.25,2075.0
2024-02-20 08:00:00,431.25,432.0,431.0,431.75,579.0
2024-02-20 09:00:00,431.75,432.0,430.5,430.75,543.0
2024-02-20 10:00:00,430.75,432.0,430.5,431.75,1424.0
2024-02-20 11:00:00,431.75,432.5,431.5,432.5,712.0
2024-02-20 12:00:00,432.25,432.75,431.75,432.75,2082.0
2024-02-20 13:00:00,432.75,434.0,432.75,433.0,3005.0
2024-02-20 14:00:00,432.5,434.0,431.75,432.5,23679.0
2024-02-20 15:00:00,432.5,433.0,428.5,429.0,23660.0
2024-02-20 16:00:00,429.0,430.5,427.75,430.25,21091.0
2024-02-20 17:00:00,430.0,432.25,430.0,431.75,17555.0
2024-02-20 18:00:00,431.5,433.25,431.5,433.25,15674.0
2024-02-20 19:00:00,433.25,433.25,431.75,432.0,24647.0
2024-02-21 01:00:00,431.5,432.0,431.0,432.0,0.0
2024-02-21 02:00:00,432.0,432.25,431.75,432.25,578.0
2024-02-21 03:00:00,432.25,432.5,432.0,432.25,313.0
2024-02-21 04:00:00,432.25,432.5,432.0,432.0,176.0
2024-02-21 05:00:00,432.25,432.5,431.75,432.0,91.0
2024-02-21 06:00:00,432.25,432.5,432.0,432.25,248.0
2024-02-21 07:00:00,432.25,432.25,431.75,431.75,275.0
2024-02-21 08:00:00,431.75,432.5,431.5,431.5,1052.0
2024-02-21 09:00:00,431.75,432.0,431.0,431.0,2620.0
2024-02-21 10:00:00,431.0,431.25,430.5,430.5,826.0
2024-02-21 11:00:00,430.75,431.0,430.5,430.75,945.0
2024-02-21 12:00:00,430.75,431.0,429.75,429.75,2412.0
2024-02-21 13:00:00,429.75,430.25,429.25,429.75,4785.0
2024-02-21 14:00:00,429.75,429.75,427.5,427.5,22315.0
2024-02-21 15:00:00,427.75,428.5,425.0,425.75,32060.0
2024-02-21 16:00:00,425.75,426.0,423.75,423.75,20902.0
2024-02-21 17:00:00,423.75,425.25,423.75,424.5,21581.0
2024-02-21 18:00:00,424.75,425.5,424.0,424.75,19107.0
2024-02-21 19:00:00,424.75,425.0,423.25,423.25,21335.0
2024-02-22 01:00:00,423.5,423.5,422.0,422.75,0.0
2024-02-22 02:00:00,422.5,423.0,422.25,422.25,420.0
2024-02-22 03:00:00,422.25,422.75,420.75,421.0,1784.0
2024-02-22 04:00:00,421.0,421.25,421.0,421.0,242.0
2024-02-22 05:00:00,421.0,422.0,421.0,421.75,774.0
2024-02-22 06:00:00,421.75,423.0,421.75,422.75,850.0
2024-02-22 07:00:00,422.75,423.25,422.25,423.0,326.0
2024-02-22 08:00:00,423.0,423.5,422.75,423.25,3571.0
2024-02-22 09:00:00,423.5,424.0,422.75,423.75,1597.0
2024-02-22 10:00:00,423.75,424.25,423.25,423.5,948.0
2024-02-22 11:00:00,423.5,424.25,423.25,424.25,1183.0
2024-02-22 12:00:00,424.25,425.5,424.25,425.25,2502.0
2024-02-22 13:00:00,425.25,425.75,424.25,424.75,0.0
2024-02-22 14:00:00,424.25,428.5,424.25,426.0,65101.0
2024-02-22 15:00:00,426.25,426.25,420.5,420.5,32943.0
2024-02-22 16:00:00,420.75,421.5,418.25,420.0,39068.0
2024-02-22 17:00:00,419.75,422.0,417.0,421.0,31913.0
2024-02-22 18:00:00,421.0,421.0,418.25,418.75,19175.0
2024-02-22 19:00:00,418.75,419.5,418.0,419.25,27395.0
2024-02-23 01:00:00,418.5,421.0,418.25,420.75,0.0
2024-02-23 02:00:00,421.0,421.0,419.5,420.5,978.0
2024-02-23 03:00:00,420.0,421.0,420.0,420.5,373.0
2024-02-23 04:00:00,420.5,420.5,420.0,420.0,60.0
2024-02-23 05:00:00,420.0,420.75,420.0,420.75,324.0
2024-02-23 06:00:00,420.5,421.0,420.5,421.0,192.0
2024-02-23 07:00:00,420.75,421.25,420.5,421.25,640.0
2024-02-23 08:00:00,421.25,421.75,420.75,421.25,1194.0
2024-02-23 09:00:00,421.0,421.5,420.25,420.5,1379.0
2024-02-23 10:00:00,420.75,421.75,420.75,421.0,2524.0
2024-02-23 11:00:00,421.25,421.75,420.75,421.75,622.0
2024-02-23 12:00:00,421.75,421.75,420.25,420.5,1331.0
2024-02-23 13:00:00,420.75,421.0,417.75,419.5,7883.0
2024-02-23 14:00:00,419.25,421.25,416.5,417.0,37523.0
2024-02-23 15:00:00,417.0,417.5,413.0,413.25,36148.0
2024-02-23 16:00:00,413.25,415.75,411.75,414.25,36883.0
2024-02-23 17:00:00,414.25,415.0,413.25,414.0,25037.0
2024-02-23 18:00:00,413.75,414.25,413.0,413.5,27739.0
2024-02-23 19:00:00,413.5,414.0,413.25,413.75,24350.0
2024-02-26 01:00:00,413.5,416.5,413.5,415.75,3718.0
2024-02-26 02:00:00,415.5,415.75,414.5,415.5,2653.0
2024-02-26 03:00:00,415.75,416.0,414.25,414.5,722.0
2024-02-26 04:00:00,414.5,414.75,414.5,414.75,254.0
2024-02-26 05:00:00,414.75,415.0,414.5,414.5,262.0
2024-02-26 06:00:00,414.25,415.5,414.25,415.0,508.0
2024-02-26 07:00:00,415.25,415.75,415.0,415.5,527.0
2024-02-26 08:00:00,415.25,415.5,414.25,414.5,1913.0
2024-02-26 09:00:00,414.5,415.25,413.25,413.5,5152.0
2024-02-26 10:00:00,413.5,413.75,410.5,410.75,7490.0
2024-02-26 11:00:00,410.75,410.75,410.0,410.5,2133.0
2024-02-26 12:00:00,410.5,411.0,409.25,410.25,9107.0
2024-02-26 13:00:00,410.25,411.0,409.75,410.75,4712.0
2024-02-26 14:00:00,411.0,412.25,408.75,409.75,29338.0
2024-02-26 15:00:00,409.75,414.5,409.0,413.0,63852.0
2024-02-26 16:00:00,413.0,413.75,411.25,413.75,39244.0
2024-02-26 17:00:00,413.75,419.5,413.75,418.5,59842.0
2024-02-26 18:00:00,418.5,422.5,418.25,421.75,40930.0
2024-02-26 19:00:00,421.5,422.0,420.25,421.5,26306.0
2024-02-27 01:00:00,421.0,423.75,421.0,422.5,0.0
2024-02-27 02:00:00,422.5,422.75,422.25,422.5,849.0
2024-02-27 03:00:00,422.5,423.25,422.0,423.0,1087.0
2024-02-27 04:00:00,423.0,423.5,422.75,423.25,759.0
2024-02-27 05:00:00,423.25,423.5,423.0,423.5,268.0
2024-02-27 06:00:00,423.25,424.0,423.25,424.0,638.0
2024-02-27 07:00:00,423.75,424.75,423.75,424.5,4422.0
2024-02-27 08:00:00,424.5,424.75,424.0,424.5,1127.0
2024-02-27 09:00:00,424.5,425.0,424.5,424.75,1370.0
2024-02-27 10:00:00,424.75,424.75,422.0,422.75,2794.0
2024-02-27 11:00:00,423.0,423.0,422.25,422.75,1604.0
2024-02-27 12:00:00,422.75,423.25,421.5,422.25,2808.0
2024-02-27 13:00:00,422.25,423.75,422.25,423.0,3811.0
2024-02-27 14:00:00,423.0,425.0,422.25,424.5,31967.0
2024-02-27 15:00:00,424.75,426.5,423.5,426.25,46111.0
2024-02-27 16:00:00,426.0,426.25,424.0,424.25,26401.0
2024-02-27 17:00:00,424.5,425.25,422.75,423.0,23272.0
2024-02-27 18:00:00,423.0,423.75,422.5,423.5,23909.0
2024-02-27 19:00:00,423.75,424.5,422.75,424.25,26966.0
2024-02-28 01:00:00,423.75,424.5,422.75,423.25,0.0
2024-02-28 02:00:00,423.25,424.25,422.75,423.75,748.0
2024-02-28 03:00:00,424.0,424.25,423.75,424.25,672.0
2024-02-28 04:00:00,424.0,424.5,423.75,424.0,331.0
2024-02-28 05:00:00,424.25,425.0,424.0,424.75,508.0
2024-02-28 06:00:00,424.75,425.0,424.25,424.75,271.0
2024-02-28 07:00:00,424.75,424.75,424.25,424.5,360.0
2024-02-28 08:00:00,424.25,424.25,422.0,422.25,2924.0
2024-02-28 09:00:00,422.25,422.75,422.0,422.75,1070.0
2024-02-28 10:00:00,422.75,424.0,422.5,423.0,1774.0
2024-02-28 11:00:00,423.0,423.5,422.0,422.5,1963.0
2024-02-28 12:00:00,422.5,424.0,422.5,423.75,5010.0
2024-02-28 13:00:00,424.0,425.0,423.5,424.0,4429.0
2024-02-28 14:00:00,424.0,426.5,421.75,424.0,34739.0
2024-02-28 15:00:00,424.0,426.0,422.25,426.0,38977.0
2024-02-28 16:00:00,425.75,429.75,425.0,427.75,41897.0
2024-02-28 17:00:00,427.5,429.0,426.75,428.5,17884.0
2024-02-28 18:00:00,428.5,428.5,427.0,428.5,25601.0
2024-02-28 19:00:00,428.25,430.5,428.25,430.25,31462.0
2024-02-29 01:00:00,429.25,430.25,428.5,429.0,0.0
2024-02-29 02:00:00,428.75,430.0,428.5,429.75,906.0
2024-02-29 03:00:00,430.0,430.0,429.5,429.5,363.0
2024-02-29 04:00:00,429.75,430.0,429.25,429.5,929.0
2024-02-29 05:00:00,429.75,429.75,429.25,429.75,335.0
2024-02-29 06:00:00,429.75,430.25,429.5,430.0,661.0
2024-02-29 07:00:00,429.75,430.0,429.5,429.75,559.0
2024-02-29 08:00:00,429.5,430.75,429.25,430.75,1514.0
2024-02-29 09:00:00,430.5,431.75,429.5,429.75,3282.0
2024-02-29 10:00:00,430.0,430.25,428.0,428.25,3340.0
2024-02-29 11:00:00,428.5,428.5,427.75,428.0,1171.0
2024-02-29 12:00:00,428.0,428.0,425.0,425.0,4346.0
2024-02-29 13:00:00,425.0,425.75,424.25,425.5,3647.0
2024-02-29 14:00:00,426.0,428.0,423.75,427.5,19706.0
2024-02-29 15:00:00,427.25,432.0,426.0,431.75,25963.0
2024-02-29 16:00:00,431.5,432.0,427.25,428.0,22916.0
2024-02-29 17:00:00,428.25,429.25,427.5,427.75,8417.0
2024-02-29 18:00:00,427.75,430.0,427.5,429.5,10297.0
2024-02-29 19:00:00,429.5,430.5,429.25,430.0,18318.0
2024-03-01 01:00:00,429.25,429.5,427.5,428.75,0.0
2024-03-01 02:00:00,428.75,429.0,428.5,429.0,375.0
2024-03-01 03:00:00,429.0,429.0,428.75,428.75,140.0
2024-03-01 04:00:00,429.0,429.25,428.75,428.75,120.0
2024-03-01 05:00:00,429.0,429.5,428.75,429.25,181.0
2024-03-01 06:00:00,429.25,429.5,429.0,429.5,193.0
2024-03-01 07:00:00,429.25,430.0,429.25,429.5,604.0
2024-03-01 08:00:00,429.75,429.75,429.25,429.75,376.0
2024-03-01 09:00:00,429.75,431.0,429.5,431.0,1300.0
2024-03-01 10:00:00,431.0,431.0,429.25,429.5,936.0
2024-03-01 11:00:00,429.25,430.25,428.25,428.25,771.0
2024-03-01 12:00:00,428.25,428.5,427.5,428.0,2002.0
2024-03-01 13:00:00,428.0,429.0,427.75,428.5,3376.0
2024-03-01 14:00:00,428.75,428.75,424.75,424.75,20447.0
2024-03-01 15:00:00,424.75,425.0,422.0,423.75,38735.0
2024-03-01 16:00:00,423.5,425.5,422.75,423.25,12465.0
2024-03-01 17:00:00,423.25,424.0,422.5,423.25,9959.0
2024-03-01 18:00:00,423.25,425.25,422.5,424.5,18628.0
2024-03-01 19:00:00,424.5,425.5,424.0,424.25,27746.0
2024-03-04 01:00:00,424.0,428.25,424.0,428.0,8204.0
2024-03-04 02:00:00,427.75,428.0,427.0,427.25,486.0
2024-03-04 03:00:00,427.5,428.0,427.25,427.75,275.0
2024-03-04 04:00:00,427.75,428.25,427.25,427.75,691.0
2024-03-04 05:00:00,427.5,428.25,427.25,428.25,352.0
2024-03-04 06:00:00,428.0,429.0,427.75,429.0,526.0
2024-03-04 07:00:00,429.0,429.5,428.5,429.0,1518.0
2024-03-04 08:00:00,429.25,429.25,427.75,428.0,1544.0
2024-03-04 09:00:00,427.75,428.0,427.0,427.25,1531.0
2024-03-04 10:00:00,427.25,427.5,426.5,426.75,955.0
2024-03-04 11:00:00,426.75,427.0,426.0,426.5,1704.0
2024-03-04 12:00:00,426.75,429.5,426.25,428.75,3021.0
2024-03-04 13:00:00,428.75,430.25,428.5,428.5,3752.0
2024-03-04 14:00:00,428.5,432.25,427.75,430.25,22304.0
2024-03-04 15:00:00,430.25,433.0,429.5,432.5,22969.0
2024-03-04 16:00:00,432.75,433.5,428.75,429.75,15781.0
2024-03-04 17:00:00,429.5,429.75,427.5,428.25,11579.0
2024-03-04 18:00:00,428.25,429.75,426.75,429.25,14924.0
2024-03-04 19:00:00,429.5,430.75,429.0,430.25,20307.0
2024-03-05 01:00:00,430.0,431.0,429.25,430.75,0.0
2024-03-05 02:00:00,430.75,430.75,429.5,429.75,589.0
2024-03-05 03:00:00,429.75,430.0,429.25,429.5,132.0
2024-03-05 04:00:00,429.75,429.75,429.25,429.25,159.0
2024-03-05 05:00:00,429.5,429.75,429.0,429.5,393.0
2024-03-05 06:00:00,429.5,430.0,429.5,429.75,644.0
2024-03-05 07:00:00,429.5,430.0,429.25,429.75,958.0
2024-03-05 08:00:00,429.75,430.0,428.75,429.25,2109.0
2024-03-05 09:00:00,429.0,429.0,428.25,428.25,676.0
2024-03-05 10:00:00,428.25,429.25,428.0,429.0,814.0
2024-03-05 11:00:00,429.0,430.0,428.75,429.5,928.0
2024-03-05 12:00:00,429.5,429.5,428.0,428.25,1922.0
2024-03-05 13:00:00,428.25,428.5,427.0,427.5,4829.0
2024-03-05 14:00:00,428.0,429.75,426.75,429.25,17581.0
2024-03-05 15:00:00,429.5,430.5,427.5,428.5,16328.0
2024-03-05 16:00:00,428.25,429.0,425.25,426.75,31845.0
2024-03-05 17:00:00,426.5,427.25,425.5,426.5,8858.0
2024-03-05 18:00:00,426.75,427.0,425.0,427.0,12828.0
2024-03-05 19:00:00,426.75,427.0,425.5,425.75,15632.0
2024-03-06 01:00:00,426.25,427.25,426.0,426.25,0.0
2024-03-06 02:00:00,426.25,426.5,426.0,426.25,372.0
2024-03-06 03:00:00,426.25,426.75,426.0,426.75,466.0
2024-03-06 04:00:00,427.0,427.25,426.5,426.75,322.0
2024-03-06 05:00:00,427.0,427.0,426.5,426.75,259.0
2024-03-06 06:00:00,426.75,427.0,426.0,426.5,377.0
2024-03-06 07:00:00,426.5,426.5,425.75,425.75,664.0
2024-03-06 08:00:00,426.0,426.0,425.25,425.25,1218.0
2024-03-06 09:00:00,425.5,426.25,425.25,426.0,2119.0
2024-03-06 10:00:00,425.75,426.5,425.5,426.25,563.0
2024-03-06 11:00:00,426.5,427.0,425.75,426.0,1345.0
2024-03-06 12:00:00,426.25,426.25,425.75,426.0,1694.0
2024-03-06 13:00:00,426.25,427.0,425.75,426.25,2251.0
2024-03-06 14:00:00,426.5,427.75,424.0,424.75,21771.0
2024-03-06 15:00:00,424.5,428.5,423.25,427.75,29772.0
2024-03-06 16:00:00,427.75,428.0,424.75,425.25,15567.0
2024-03-06 17:00:00,425.5,427.25,424.25,427.0,9174.0
2024-03-06 18:00:00,427.0,429.0,425.5,428.5,11946.0
2024-03-06 19:00:00,428.5,429.5,428.5,429.0,17006.0
2024-03-07 01:00:00,428.75,429.0,428.25,428.25,0.0
2024-03-07 02:00:00,428.25,429.0,428.25,429.0,546.0
2024-03-07 03:00:00,428.75,429.5,428.75,429.5,832.0
2024-03-07 04:00:00,429.25,429.5,429.25,429.5,237.0
2024-03-07 05:00:00,429.5,429.75,429.25,429.5,315.0
2024-03-07 06:00:00,429.5,430.0,429.25,429.75,304.0
2024-03-07 07:00:00,429.75,431.0,429.5,430.75,3401.0
2024-03-07 08:00:00,430.75,431.75,430.75,431.25,2079.0
2024-03-07 09:00:00,431.25,432.0,431.0,431.75,1404.0
2024-03-07 10:00:00,431.75,433.5,431.25,433.5,3033.0
2024-03-07 11:00:00,433.5,437.25,433.5,435.5,11958.0
2024-03-07 12:00:00,435.25,437.25,435.25,436.5,6344.0
2024-03-07 13:00:00,436.75,437.0,433.75,435.0,8069.0
2024-03-07 14:00:00,434.5,438.75,433.5,438.25,35815.0
2024-03-07 15:00:00,438.0,438.25,433.0,433.5,30247.0
2024-03-07 16:00:00,433.25,438.0,433.0,437.5,21785.0
2024-03-07 17:00:00,437.5,438.0,435.5,437.0,14066.0
2024-03-07 18:00:00,436.75,438.25,436.75,437.75,14609.0
2024-03-07 19:00:00,438.0,438.5,437.5,437.75,22630.0
2024-03-08 01:00:00,437.25,438.0,437.0,437.5,0.0
2024-03-08 02:00:00,437.5,437.5,436.5,436.5,5488.0
2024-03-08 03:00:00,436.5,437.0,436.5,436.75,567.0
2024-03-08 04:00:00,437.0,437.5,436.75,437.25,425.0
2024-03-08 05:00:00,437.25,437.75,437.25,437.5,275.0
2024-03-08 06:00:00,437.25,438.0,437.25,437.75,692.0
2024-03-08 07:00:00,438.0,438.0,437.25,437.75,1410.0
2024-03-08 08:00:00,437.75,438.25,437.25,437.25,1868.0
2024-03-08 09:00:00,437.5,437.75,437.0,437.5,580.0
2024-03-08 10:00:00,437.5,437.75,436.75,436.75,1160.0
2024-03-08 11:00:00,436.75,436.75,434.5,434.5,7135.0
2024-03-08 12:00:00,434.5,435.5,434.25,434.25,1983.0
2024-03-08 13:00:00,434.5,435.0,433.5,434.5,3626.0
2024-03-08 14:00:00,434.0,435.75,431.5,433.0,23352.0
2024-03-08 15:00:00,433.0,435.5,432.5,435.25,21461.0
2024-03-08 16:00:00,435.25,435.75,433.75,434.0,22702.0
2024-03-08 17:00:00,434.0,439.25,432.0,438.75,42370.0
2024-03-08 18:00:00,438.75,440.0,436.5,440.0,19566.0
2024-03-08 19:00:00,439.75,440.0,439.25,439.75,23126.0
2024-03-11 00:00:00,438.5,439.75,437.25,437.5,2856.0
2024-03-11 01:00:00,437.5,438.0,436.75,437.25,1313.0
2024-03-11 02:00:00,437.25,437.5,436.0,436.25,1416.0
2024-03-11 03:00:00,436.25,437.0,436.25,436.5,374.0
2024-03-11 04:00:00,436.75,437.0,436.5,436.75,192.0
2024-03-11 05:00:00,436.5,436.75,436.25,436.5,348.0
2024-03-11 06:00:00,436.5,437.0,436.5,436.75,435.0
2024-03-11 07:00:00,437.0,437.0,435.5,436.0,750.0
2024-03-11 08:00:00,435.75,436.25,435.75,436.25,724.0
2024-03-11 09:00:00,436.25,437.25,436.0,437.25,1064.0
2024-03-11 10:00:00,437.25,437.25,435.75,435.75,1017.0
2024-03-11 11:00:00,435.75,436.0,435.0,435.25,2729.0
2024-03-11 12:00:00,435.0,436.0,434.5,435.5,3462.0
2024-03-11 13:00:00,436.25,436.25,433.25,435.75,20061.0
2024-03-11 14:00:00,435.75,438.5,433.75,437.5,20866.0
2024-03-11 15:00:00,437.5,440.0,436.5,440.0,23626.0
2024-03-11 16:00:00,440.0,441.5,439.75,441.0,18416.0
2024-03-11 17:00:00,440.75,443.0,440.75,442.5,14473.0
2024-03-11 18:00:00,442.5,442.5,441.0,441.25,19157.0
2024-03-12 00:00:00,441.0,441.25,440.0,440.5,0.0
2024-03-12 01:00:00,440.5,441.25,440.5,440.75,824.0
2024-03-12 02:00:00,440.75,441.0,440.75,440.75,313.0
2024-03-12 03:00:00,440.75,441.25,440.75,441.0,246.0
2024-03-12 04:00:00,441.0,441.25,440.75,440.75,192.0
2024-03-12 05:00:00,441.0,441.0,440.25,440.75,269.0
2024-03-12 06:00:00,440.75,440.75,439.75,440.0,1085.0
2024-03-12 07:00:00,440.25,440.5,439.5,439.75,560.0
2024-03-12 08:00:00,439.5,439.75,439.25,439.25,621.0
2024-03-12 09:00:00,439.5,439.75,439.25,439.25,1111.0
2024-03-12 10:00:00,439.25,439.75,438.25,438.25,1693.0
2024-03-12 11:00:00,438.25,438.75,438.0,438.5,1000.0
2024-03-12 12:00:00,438.75,440.5,438.75,440.25,3744.0
2024-03-12 13:00:00,440.0,442.0,439.0,440.25,29497.0
2024-03-12 14:00:00,440.25,443.75,440.25,443.5,18717.0
2024-03-12 15:00:00,443.5,445.0,442.0,443.0,21119.0
2024-03-12 16:00:00,442.75,443.25,440.0,440.75,19173.0
2024-03-12 17:00:00,441.0,441.5,440.25,441.0,10326.0
2024-03-12 18:00:00,441.25,442.0,441.0,441.75,8591.0
2024-03-13 00:00:00,441.75,442.5,440.75,442.5,0.0
2024-03-13 01:00:00,442.25,442.75,442.0,442.25,345.0
2024-03-13 02:00:00,442.0,442.5,441.75,442.0,557.0
2024-03-13 03:00:00,442.0,442.25,441.75,442.25,283.0
2024-03-13 04:00:00,442.25,442.5,442.0,442.5,148.0
2024-03-13 05:00:00,442.25,442.75,442.0,442.25,588.0
2024-03-13 06:00:00,442.5,442.75,442.0,442.25,352.0
2024-03-13 07:00:00,442.25,443.25,442.25,443.25,618.0
2024-03-13 08:00:00,443.25,444.0,443.25,443.5,1482.0
2024-03-13 09:00:00,443.75,444.5,443.75,444.0,1287.0
2024-03-13 10:00:00,444.0,444.0,440.5,441.75,4089.0
2024-03-13 11:00:00,441.75,442.25,439.5,440.25,3647.0
2024-03-13 12:00:00,440.0,440.5,438.25,438.75,4039.0
2024-03-13 13:00:00,438.5,441.5,438.25,440.75,17968.0
2024-03-13 14:00:00,440.5,443.5,440.5,443.25,14221.0
2024-03-13 15:00:00,443.25,443.75,440.5,440.75,16472.0
2024-03-13 16:00:00,440.75,442.25,439.25,441.5,15042.0
2024-03-13 17:00:00,441.5,443.5,440.75,442.75,13365.0
2024-03-13 18:00:00,442.75,442.75,440.75,441.25,13357.0
2024-03-14 00:00:00,441.0,441.0,440.0,440.25,0.0
2024-03-14 01:00:00,440.25,440.75,440.25,440.25,1928.0
2024-03-14 02:00:00,440.5,440.5,440.25,440.25,274.0
2024-03-14 03:00:00,440.0,440.25,439.75,439.75,322.0
2024-03-14 04:00:00,439.75,439.75,439.5,439.5,267.0
2024-03-14 05:00:00,439.5,440.25,439.5,440.0,568.0
2024-03-14 06:00:00,440.0,440.25,439.5,439.5,437.0
2024-03-14 07:00:00,439.5,439.75,439.25,439.75,792.0
2024-03-14 08:00:00,439.5,439.75,439.25,439.25,728.0
2024-03-14 09:00:00,439.25,442.0,439.25,441.75,2134.0
2024-03-14 10:00:00,442.0,442.0,440.25,440.5,1706.0
2024-03-14 11:00:00,440.25,440.5,438.5,439.5,4566.0
2024-03-14 12:00:00,439.5,439.5,437.75,438.25,7073.0
2024-03-14 13:00:00,438.5,440.5,437.75,439.75,21008.0
2024-03-14 14:00:00,439.5,442.25,435.5,435.75,29288.0
2024-03-14 15:00:00,435.5,436.75,433.5,434.75,25877.0
2024-03-14 16:00:00,434.75,435.5,433.0,434.75,10705.0
2024-03-14 17:00:00,435.0,435.25,433.25,434.25,17371.0
2024-03-14 18:00:00,434.25,434.75,433.0,434.5,14855.0
2024-03-15 00:00:00,433.75,434.75,433.75,434.5,0.0
2024-03-15 01:00:00,434.5,435.75,434.0,435.25,3333.0
2024-03-15 02:00:00,435.25,435.25,434.5,434.5,634.0
2024-03-15 03:00:00,434.75,435.0,434.75,434.75,313.0
2024-03-15 04:00:00,435.0,435.0,434.75,434.75,95.0
2024-03-15 05:00:00,435.0,435.75,434.75,435.25,875.0
2024-03-15 06:00:00,435.25,435.75,435.0,435.5,527.0
2024-03-15 07:00:00,435.75,436.0,434.5,435.0,1389.0
2024-03-15 08:00:00,435.0,435.5,433.75,433.75,2032.0
2024-03-15 09:00:00,434.0,434.25,431.75,433.0,4337.0
2024-03-15 10:00:00,433.0,435.25,433.0,433.75,1993.0
2024-03-15 11:00:00,433.75,434.25,432.75,432.75,1315.0
2024-03-15 12:00:00,433.0,433.75,432.25,432.75,1560.0
2024-03-15 13:00:00,433.75,436.0,432.5,435.0,19937.0
2024-03-15 14:00:00,435.25,440.0,435.0,439.25,30234.0
2024-03-15 15:00:00,439.25,439.5,436.25,437.5,12203.0
2024-03-15 16:00:00,437.25,438.0,435.0,435.25,11502.0
2024-03-15 17:00:00,435.25,436.0,434.75,435.0,11171.0
2024-03-15 18:00:00,435.0,438.5,435.0,438.0,20867.0
2024-03-18 00:00:00,437.0,439.5,437.0,439.5,1442.0
2024-03-18 01:00:00,439.5,440.25,439.5,439.75,1333.0
2024-03-18 02:00:00,439.75,440.0,439.0,439.25,385.0
2024-03-18 03:00:00,439.25,439.25,438.5,438.75,162.0
2024-03-18 04:00:00,438.75,439.0,438.5,438.5,182.0
2024-03-18 05:00:00,438.5,439.0,438.5,439.0,169.0
2024-03-18 06:00:00,439.0,439.75,438.25,438.5,891.0
2024-03-18 07:00:00,438.25,438.5,437.5,437.75,989.0
2024-03-18 08:00:00,437.75,439.0,437.75,438.5,561.0
2024-03-18 09:00:00,438.5,439.75,438.5,438.75,879.0
2024-03-18 10:00:00,438.5,439.0,437.5,437.75,986.0
2024-03-18 11:00:00,437.75,438.0,437.0,437.25,1262.0
2024-03-18 12:00:00,437.25,437.75,437.0,437.5,1021.0
2024-03-18 13:00:00,437.5,438.75,434.5,434.75,16778.0
2024-03-18 14:00:00,434.75,436.5,434.0,434.25,13648.0
2024-03-18 15:00:00,434.25,438.0,434.25,436.25,16065.0
2024-03-18 16:00:00,436.5,438.0,436.0,436.5,16594.0
2024-03-18 17:00:00,436.75,437.0,435.0,436.75,9804.0
2024-03-18 18:00:00,437.0,437.25,435.75,436.5,22644.0
2024-03-19 00:00:00,436.5,437.75,435.5,436.25,0.0
2024-03-19 01:00:00,436.25,437.5,436.25,437.0,1962.0
2024-03-19 02:00:00,437.25,437.5,437.0,437.25,232.0
2024-03-19 03:00:00,437.5,437.5,437.0,437.25,121.0
2024-03-19 04:00:00,437.25,437.75,437.0,437.25,338.0
2024-03-19 05:00:00,437.25,437.25,436.5,436.5,283.0
2024-03-19 06:00:00,436.5,437.75,436.25,437.5,394.0
2024-03-19 07:00:00,437.5,438.25,437.0,438.0,666.0
2024-03-19 08:00:00,437.75,437.75,436.25,436.75,1286.0
2024-03-19 09:00:00,436.75,436.75,435.0,435.25,1263.0
2024-03-19 10:00:00,435.25,436.5,435.25,436.0,867.0
2024-03-19 11:00:00,436.25,437.5,435.75,437.25,1321.0
2024-03-19 12:00:00,437.25,437.5,436.5,437.0,985.0
2024-03-19 13:00:00,437.0,438.5,436.5,436.75,13773.0
2024-03-19 14:00:00,437.0,439.5,436.25,439.25,14261.0
2024-03-19 15:00:00,439.0,440.0,438.25,438.5,22176.0
2024-03-19 16:00:00,438.5,439.25,437.75,438.5,12819.0
2024-03-19 17:00:00,438.25,439.5,438.25,439.25,8274.0
2024-03-19 18:00:00,439.0,439.75,438.75,439.25,18330.0
2024-03-20 00:00:00,439.0,439.5,438.5,438.75,0.0
2024-03-20 01:00:00,438.75,439.25,438.5,438.75,1213.0
2024-03-20 02:00:00,438.75,438.75,438.0,438.25,356.0
2024-03-20 03:00:00,438.25,438.5,438.0,438.5,262.0
2024-03-20 04:00:00,438.5,438.5,438.25,438.5,156.0
2024-03-20 05:00:00,438.5,438.75,438.25,438.5,196.0
2024-03-20 06:00:00,438.5,438.75,438.0,438.5,249.0
2024-03-20 07:00:00,438.75,438.75,438.25,438.25,323.0
2024-03-20 08:00:00,438.25,438.5,437.0,437.75,1328.0
2024-03-20 09:00:00,437.5,438.0,437.25,437.75,2724.0
2024-03-20 10:00:00,438.0,438.5,437.25,438.0,1775.0
2024-03-20 11:00:00,438.25,438.5,437.0,437.75,2599.0
2024-03-20 12:00:00,437.75,438.5,437.25,438.5,1021.0
2024-03-20 13:00:00,438.0,438.75,436.75,436.75,14040.0
2024-03-20 14:00:00,436.5,437.75,435.5,436.5,20329.0
2024-03-20 15:00:00,436.5,437.75,436.0,436.5,20785.0
2024-03-20 16:00:00,436.5,438.5,436.5,438.25,10464.0
2024-03-20 17:00:00,438.25,439.0,436.75,439.0,12515.0
2024-03-20 18:00:00,439.0,439.5,438.5,439.5,20006.0
2024-03-21 00:00:00,439.0,445.75,438.75,444.5,0.0
2024-03-21 01:00:00,444.25,444.75,443.25,444.5,2791.0
2024-03-21 02:00:00,444.5,444.75,444.0,444.5,949.0
2024-03-21 03:00:00,444.5,445.0,444.5,444.75,1051.0
2024-03-21 04:00:00,445.0,445.0,444.5,444.75,263.0
2024-03-21 05:00:00,444.5,445.0,444.5,445.0,595.0
2024-03-21 06:00:00,445.0,445.0,444.25,444.25,927.0
2024-03-21 07:00:00,444.25,444.75,444.0,444.5,802.0
2024-03-21 08:00:00,444.5,444.75,442.25,442.25,3025.0
2024-03-21 09:00:00,442.5,442.75,442.25,442.75,1233.0
2024-03-21 10:00:00,443.0,443.25,441.25,441.75,3081.0
2024-03-21 11:00:00,441.75,442.5,441.25,442.0,1938.0
2024-03-21 12:00:00,441.75,442.5,440.75,442.5,3479.0
2024-03-21 13:00:00,441.5,443.75,440.5,440.75,26098.0
2024-03-21 14:00:00,441.0,443.0,440.0,440.0,21886.0
2024-03-21 15:00:00,440.0,441.0,437.5,437.5,20604.0
2024-03-21 16:00:00,437.5,439.75,437.5,438.25,12501.0
2024-03-21 17:00:00,438.25,441.0,438.0,440.5,10916.0
2024-03-21 18:00:00,440.75,441.5,440.25,441.0,12828.0
2024-03-22 00:00:00,440.25,440.75,439.75,440.0,0.0
2024-03-22 01:00:00,440.0,440.75,439.25,439.25,891.0
2024-03-22 02:00:00,439.25,439.5,438.5,438.75,696.0
2024-03-22 03:00:00,438.75,439.25,438.5,438.75,394.0
2024-03-22 04:00:00,439.0,439.0,438.5,438.5,87.0
2024-03-22 05:00:00,438.75,439.0,438.5,438.75,123.0
2024-03-22 06:00:00,438.75,439.0,438.0,438.0,1088.0
2024-03-22 07:00:00,438.25,438.75,438.25,438.25,379.0
2024-03-22 08:00:00,438.5,438.5,437.75,438.0,552.0
2024-03-22 09:00:00,438.0,439.25,437.75,438.5,1424.0
2024-03-22 10:00:00,438.5,439.25,438.0,438.75,438.0
2024-03-22 11:00:00,438.75,439.0,437.75,438.25,652.0
2024-03-22 12:00:00,438.5,440.0,438.25,440.0,1319.0
2024-03-22 13:00:00,439.75,439.75,437.25,438.5,18962.0
2024-03-22 14:00:00,438.5,438.75,436.0,436.5,20344.0
2024-03-22 15:00:00,436.5,441.0,436.25,439.0,18848.0
2024-03-22 16:00:00,439.25,441.0,438.25,440.5,12307.0
2024-03-22 17:00:00,440.5,441.5,439.75,440.0,13689.0
2024-03-22 18:00:00,440.0,440.25,438.75,439.5,20129.0
2024-03-25 00:00:00,439.0,440.5,438.25,438.75,1688.0
2024-03-25 01:00:00,438.75,439.0,438.5,438.5,166.0
2024-03-25 02:00:00,438.5,438.5,438.0,438.5,328.0
2024-03-25 03:00:00,438.5,438.5,438.0,438.25,167.0
2024-03-25 04:00:00,438.5,438.5,438.0,438.0,123.0
2024-03-25 05:00:00,438.0,438.5,438.0,438.25,148.0
2024-03-25 06:00:00,438.25,439.0,438.0,439.0,236.0
2024-03-25 07:00:00,438.75,440.25,438.75,440.0,902.0
2024-03-25 08:00:00,440.25,440.25,439.25,439.5,1077.0
2024-03-25 09:00:00,439.5,440.0,438.75,439.75,1122.0
2024-03-25 10:00:00,439.75,440.25,437.75,438.75,1413.0
2024-03-25 11:00:00,438.5,439.5,438.0,439.0,1881.0
2024-03-25 12:00:00,439.0,439.5,438.25,439.0,1209.0
2024-03-25 13:00:00,439.0,441.25,437.75,439.0,18227.0
2024-03-25 14:00:00,438.75,440.5,438.0,439.75,16032.0
2024-03-25 15:00:00,439.5,439.75,437.25,438.0,10611.0
2024-03-25 16:00:00,438.0,438.75,437.25,437.75,6777.0
2024-03-25 17:00:00,437.5,438.0,437.0,437.5,7592.0
2024-03-25 18:00:00,437.5,438.0,437.0,437.25,27423.0
2024-03-26 00:00:00,437.25,437.5,436.25,437.0,0.0
2024-03-26 01:00:00,437.0,437.25,436.5,437.0,0.0
2024-03-26 02:00:00,437.0,437.25,436.75,436.75,2852.0
2024-03-26 03:00:00,437.0,437.0,436.75,437.0,420.0
2024-03-26 04:00:00,436.75,437.0,436.75,436.75,156.0
2024-03-26 05:00:00,436.75,437.0,436.5,436.75,149.0
2024-03-26 06:00:00,437.0,437.0,436.25,436.25,370.0
2024-03-26 07:00:00,436.5,436.5,435.5,435.75,1665.0
2024-03-26 08:00:00,435.75,437.0,435.5,436.5,2981.0
2024-03-26 09:00:00,436.75,437.0,436.5,437.0,493.0
2024-03-26 10:00:00,436.75,437.75,436.75,437.25,670.0
2024-03-26 11:00:00,437.25,437.75,436.25,437.0,1425.0
2024-03-26 12:00:00,437.0,437.5,436.5,437.5,1486.0
2024-03-26 13:00:00,437.0,440.0,436.5,438.75,16711.0
2024-03-26 14:00:00,439.0,440.75,437.0,437.0,33283.0
2024-03-26 15:00:00,437.0,437.75,436.0,436.25,13552.0
2024-03-26 16:00:00,436.25,437.0,435.5,435.75,12270.0
2024-03-26 17:00:00,435.75,436.25,432.5,432.75,27540.0
2024-03-26 18:00:00,432.5,433.0,432.0,432.25,17810.0
2024-03-27 00:00:00,432.0,432.25,429.0,430.25,0.0
2024-03-27 01:00:00,430.0,430.5,429.0,429.5,1661.0
2024-03-27 02:00:00,429.5,429.75,429.0,429.0,638.0
2024-03-27 03:00:00,429.25,429.5,429.0,429.25,373.0
2024-03-27 04:00:00,429.0,429.25,429.0,429.0,500.0
2024-03-27 05:00:00,429.25,429.25,429.0,429.0,325.0
2024-03-27 06:00:00,429.0,429.5,429.0,429.25,532.0
2024-03-27 07:00:00,429.0,429.5,428.75,429.0,3420.0
2024-03-27 08:00:00,429.0,429.75,429.0,429.5,2303.0
2024-03-27 09:00:00,429.5,429.75,428.25,428.25,2161.0
2024-03-27 10:00:00,428.5,428.75,427.75,428.0,2385.0
2024-03-27 11:00:00,428.0,428.75,427.5,428.0,2736.0
2024-03-27 12:00:00,428.0,428.5,428.0,428.0,1467.0
2024-03-27 13:00:00,428.0,430.0,427.5,429.25,34945.0
2024-03-27 14:00:00,429.5,430.5,427.75,428.25,22112.0
2024-03-27 15:00:00,428.5,429.5,428.0,428.75,11083.0
2024-03-27 16:00:00,428.75,429.75,427.5,428.0,14108.0
2024-03-27 17:00:00,428.0,428.25,426.25,426.75,23350.0
2024-03-27 18:00:00,426.75,427.25,426.5,426.5,16934.0
2024-03-28 00:00:00,426.75,427.5,426.5,427.5,0.0
2024-03-28 01:00:00,427.25,427.25,426.0,426.0,1075.0
2024-03-28 02:00:00,426.25,427.0,426.0,426.75,584.0
2024-03-28 03:00:00,426.75,427.0,426.75,427.0,159.0
2024-03-28 04:00:00,427.0,427.75,427.0,427.75,326.0
2024-03-28 05:00:00,427.75,427.75,427.0,427.25,521.0
2024-03-28 06:00:00,427.5,427.5,427.0,427.5,423.0
2024-03-28 07:00:00,427.5,427.75,427.0,427.25,1204.0
2024-03-28 08:00:00,427.25,427.25,426.5,426.5,1185.0
2024-03-28 09:00:00,426.5,427.25,426.25,427.25,1559.0
2024-03-28 10:00:00,427.25,427.75,426.5,426.5,2527.0
2024-03-28 11:00:00,426.5,427.5,426.0,426.75,2378.0
2024-03-28 12:00:00,426.75,427.75,426.75,427.75,4991.0
2024-03-28 13:00:00,427.75,427.75,426.25,427.25,20341.0
2024-03-28 14:00:00,427.25,429.75,427.25,429.25,33524.0
2024-03-28 15:00:00,429.5,430.0,427.0,427.25,22184.0
2024-03-28 16:00:00,427.5,448.0,427.25,445.5,135655.0
2024-03-28 17:00:00,445.5,446.0,438.75,440.75,51694.0
2024-03-28 18:00:00,440.75,442.75,440.75,442.25,51016.0
2024-04-01 00:00:00,441.75,442.0,438.5,438.5,9470.0
2024-04-01 01:00:00,438.75,440.25,438.25,439.25,2388.0
2024-04-01 02:00:00,439.25,440.25,439.25,440.25,873.0
2024-04-01 03:00:00,440.25,440.25,439.25,439.5,612.0
2024-04-01 04:00:00,439.75,440.0,439.25,440.0,462.0
2024-04-01 05:00:00,440.25,440.5,439.75,440.25,429.0
2024-04-01 06:00:00,440.5,440.75,440.0,440.25,531.0
2024-04-01 07:00:00,440.25,453.0,439.25,439.25,737.0
2024-04-01 08:00:00,439.25,452.5,438.5,439.5,1353.0
2024-04-01 09:00:00,452.25,452.5,438.75,452.25,1099.0
2024-04-01 10:00:00,439.5,453.5,439.0,440.5,1219.0
2024-04-01 11:00:00,440.5,453.5,438.0,451.25,0.0
2024-04-01 12:00:00,451.25,451.75,437.25,438.25,14479.0
2024-04-01 13:00:00,451.0,452.25,434.0,436.0,35018.0
2024-04-01 14:00:00,449.5,450.0,432.25,447.25,0.0
2024-04-01 15:00:00,433.75,450.0,433.25,435.5,68770.0
2024-04-01 16:00:00,435.75,450.5,434.25,448.5,0.0
2024-04-01 17:00:00,448.25,451.0,434.25,450.25,4763.0
2024-04-01 18:00:00,450.0,450.0,435.0,436.0,90194.0
2024-04-02 00:00:00,449.5,449.75,435.5,435.75,0.0
2024-04-02 01:00:00,435.75,449.75,435.5,449.5,0.0
2024-04-02 02:00:00,449.75,449.75,449.25,449.75,297.0
2024-04-02 03:00:00,449.75,450.0,449.5,449.5,115.0
2024-04-02 04:00:00,449.5,449.75,449.25,449.25,0.0
2024-04-02 05:00:00,449.25,449.25,448.0,448.0,1475.0
2024-04-02 06:00:00,448.0,448.5,447.75,448.0,88.0
2024-04-02 07:00:00,448.25,448.25,447.25,447.25,187.0
2024-04-02 08:00:00,447.5,447.5,446.75,447.0,141.0
2024-04-02 09:00:00,447.0,449.25,447.0,448.75,519.0
2024-04-02 10:00:00,449.0,449.75,448.75,449.75,131.0
2024-04-02 11:00:00,449.75,450.25,448.5,449.25,708.0
2024-04-02 12:00:00,449.25,450.25,448.25,448.25,1079.0
2024-04-02 13:00:00,448.75,449.25,446.25,447.0,17041.0
2024-04-02 14:00:00,447.0,449.25,445.0,445.0,15902.0
2024-04-02 15:00:00,445.0,445.25,442.25,443.0,27621.0
2024-04-02 16:00:00,443.0,443.75,441.5,442.25,26521.0
2024-04-02 17:00:00,442.0,442.25,439.25,440.75,24213.0
2024-04-02 18:00:00,440.75,442.5,440.25,442.5,21166.0
2024-04-03 00:00:00,442.25,443.0,441.0,441.25,0.0
2024-04-03 01:00:00,441.0,441.75,440.75,441.75,2707.0
2024-04-03 02:00:00,441.75,442.5,441.75,442.25,117.0
2024-04-03 03:00:00,442.5,442.75,442.0,442.75,1985.0
2024-04-03 04:00:00,442.5,442.75,442.0,442.5,202.0
2024-04-03 05:00:00,442.25,442.5,441.5,441.75,100.0
2024-04-03 06:00:00,441.75,442.75,441.75,442.25,122.0
2024-04-03 07:00:00,442.5,443.0,441.75,441.75,674.0
2024-04-03 08:00:00,442.0,442.75,442.0,442.25,255.0
2024-04-03 09:00:00,442.5,443.0,441.0,441.5,2476.0
2024-04-03 10:00:00,441.25,443.25,441.25,443.25,447.0
2024-04-03 11:00:00,443.25,443.75,442.5,443.75,625.0
2024-04-03 12:00:00,443.75,444.0,441.5,441.5,4309.0
2024-04-03 13:00:00,441.75,442.75,439.75,441.0,12087.0
2024-04-03 14:00:00,441.0,443.75,440.75,443.0,14271.0
2024-04-03 15:00:00,443.0,446.0,442.5,444.0,31366.0
2024-04-03 16:00:00,444.0,445.0,442.5,444.75,5889.0
2024-04-03 17:00:00,444.75,446.5,444.25,445.75,16029.0
2024-04-03 18:00:00,445.75,446.25,444.5,445.75,8586.0
2024-04-04 00:00:00,445.5,447.25,445.5,446.5,0.0
2024-04-04 01:00:00,446.5,447.25,446.5,446.75,247.0
2024-04-04 02:00:00,446.5,446.5,446.0,446.25,415.0
2024-04-04 03:00:00,446.0,446.0,445.75,445.75,177.0
2024-04-04 04:00:00,445.5,446.25,445.5,446.25,96.0
2024-04-04 05:00:00,446.25,446.75,446.25,446.75,65.0
2024-04-04 06:00:00,446.5,446.75,445.75,445.75,123.0
2024-04-04 07:00:00,445.5,447.0,445.5,447.0,951.0
2024-04-04 08:00:00,447.0,447.75,446.75,447.75,566.0
2024-04-04 09:00:00,447.5,447.75,444.5,445.25,1521.0
2024-04-04 10:00:00,445.25,445.75,444.25,445.0,613.0
2024-04-04 11:00:00,445.0,446.0,443.75,444.0,925.0
2024-04-04 12:00:00,444.0,445.0,443.0,443.5,2202.0
2024-04-04 13:00:00,443.25,446.25,442.5,445.75,10857.0
2024-04-04 14:00:00,446.0,447.75,445.0,446.25,7377.0
2024-04-04 15:00:00,446.25,447.5,445.5,447.0,11834.0
2024-04-04 16:00:00,447.0,447.25,444.75,445.25,22588.0
2024-04-04 17:00:00,445.0,447.5,444.75,447.5,7082.0
2024-04-04 18:00:00,447.25,448.25,447.0,448.0,8001.0
2024-04-05 00:00:00,447.25,447.5,446.5,447.5,0.0
2024-04-05 01:00:00,447.75,448.25,447.5,448.0,334.0
2024-04-05 02:00:00,448.0,448.25,448.0,448.25,425.0
2024-04-05 03:00:00,448.25,448.25,448.0,448.0,19.0
2024-04-05 04:00:00,448.0,448.25,448.0,448.25,115.0
2024-04-05 05:00:00,448.0,448.25,448.0,448.0,708.0
2024-04-05 06:00:00,448.0,448.25,448.0,448.25,110.0
2024-04-05 07:00:00,448.25,448.5,447.75,447.75,2147.0
2024-04-05 08:00:00,448.0,448.0,446.75,447.75,789.0
2024-04-05 09:00:00,447.75,449.0,447.75,448.5,602.0
2024-04-05 10:00:00,448.5,450.0,448.25,449.75,1390.0
2024-04-05 11:00:00,450.0,451.0,450.0,450.25,1721.0
2024-04-05 12:00:00,450.25,450.25,449.5,449.5,1761.0
2024-04-05 13:00:00,449.5,450.5,447.75,448.0,11810.0
2024-04-05 14:00:00,448.0,449.5,447.0,448.5,20269.0
2024-04-05 15:00:00,448.75,449.25,445.75,446.0,11495.0
2024-04-05 16:00:00,446.0,447.5,445.5,446.25,9796.0
2024-04-05 17:00:00,446.25,446.25,445.0,446.0,16829.0
2024-04-05 18:00:00,445.75,447.0,445.75,446.25,22270.0
2024-04-08 00:00:00,446.0,446.25,444.25,445.25,2227.0
2024-04-08 01:00:00,445.0,445.25,444.5,445.25,1550.0
2024-04-08 02:00:00,445.25,446.0,445.0,446.0,118.0
2024-04-08 03:00:00,446.0,446.0,445.25,445.75,161.0
2024-04-08 04:00:00,446.0,446.0,445.5,445.5,67.0
2024-04-08 05:00:00,445.5,445.75,444.75,444.75,160.0
2024-04-08 06:00:00,445.0,445.0,443.75,444.5,323.0
2024-04-08 07:00:00,444.5,446.0,444.5,445.75,981.0
2024-04-08 08:00:00,445.5,445.5,444.0,444.25,456.0
2024-04-08 09:00:00,444.25,445.25,444.25,444.75,371.0
2024-04-08 10:00:00,444.75,446.0,444.75,445.5,1296.0
2024-04-08 11:00:00,445.5,446.5,445.25,446.5,810.0
2024-04-08 12:00:00,446.5,447.5,446.5,446.75,1026.0
2024-04-08 13:00:00,447.25,447.5,445.25,446.5,12285.0
2024-04-08 14:00:00,446.5,449.0,445.5,446.25,30224.0
2024-04-08 15:00:00,446.25,448.25,446.0,446.75,11683.0
2024-04-08 16:00:00,446.75,449.25,446.75,448.25,22430.0
2024-04-08 17:00:00,448.5,448.75,447.0,447.25,19024.0
2024-04-08 18:00:00,447.25,448.0,447.0,447.25,40034.0
2024-04-09 00:00:00,447.25,447.5,445.5,445.75,0.0
2024-04-09 01:00:00,445.75,446.0,445.5,445.75,156.0
2024-04-09 02:00:00,445.75,446.75,445.75,446.5,58.0
2024-04-09 03:00:00,446.25,446.75,446.25,446.5,69.0
2024-04-09 04:00:00,446.25,446.75,446.0,446.0,29.0
2024-04-09 05:00:00,446.0,446.25,446.0,446.0,29.0
2024-04-09 06:00:00,446.0,447.0,446.0,446.5,60.0
2024-04-09 07:00:00,446.75,446.75,445.75,446.0,1148.0
2024-04-09 08:00:00,446.25,447.0,445.75,446.5,237.0
2024-04-09 09:00:00,446.25,447.0,446.25,446.5,188.0
2024-04-09 10:00:00,446.25,447.0,445.75,446.25,906.0
2024-04-09 11:00:00,446.5,446.75,445.5,445.5,884.0
2024-04-09 12:00:00,445.5,446.0,444.75,445.75,745.0
2024-04-09 13:00:00,445.5,445.75,444.0,445.5,17429.0
2024-04-09 14:00:00,445.75,446.75,443.5,443.5,29049.0
2024-04-09 15:00:00,443.5,446.75,443.0,444.5,22067.0
2024-04-09 16:00:00,444.75,444.75,441.5,442.0,18465.0
2024-04-09 17:00:00,442.0,442.25,441.0,442.0,20760.0
2024-04-09 18:00:00,442.0,442.75,441.75,442.5,31984.0
2024-04-10 00:00:00,442.0,444.25,442.0,444.25,0.0
2024-04-10 01:00:00,444.0,444.0,442.75,443.0,139.0
2024-04-10 02:00:00,442.75,443.25,442.75,443.25,214.0
2024-04-10 03:00:00,443.25,443.5,443.0,443.0,164.0
2024-04-10 04:00:00,443.0,443.75,443.0,443.75,37.0
2024-04-10 05:00:00,443.75,443.75,443.0,443.0,4585.0
2024-04-10 06:00:00,443.0,444.0,443.0,443.25,291.0
2024-04-10 07:00:00,443.0,444.25,443.0,444.0,704.0
2024-04-10 08:00:00,444.0,445.0,443.0,444.5,1526.0
2024-04-10 09:00:00,444.5,445.5,444.5,445.25,621.0
2024-04-10 10:00:00,445.0,445.5,444.5,444.75,1240.0
2024-04-10 11:00:00,444.75,445.25,443.5,443.75,2544.0
2024-04-10 12:00:00,444.0,445.0,443.25,444.25,2109.0
2024-04-10 13:00:00,443.5,445.0,443.25,444.5,22335.0
2024-04-10 14:00:00,444.5,446.0,443.5,444.5,36371.0
2024-04-10 15:00:00,444.5,446.75,444.5,445.25,18820.0
2024-04-10 16:00:00,445.25,446.0,444.0,445.0,11815.0
2024-04-10 17:00:00,445.0,445.75,443.5,445.25,17110.0
2024-04-10 18:00:00,445.0,446.25,445.0,445.75,27505.0
2024-04-11 00:00:00,445.5,449.5,445.25,446.75,0.0
2024-04-11 01:00:00,447.0,448.25,447.0,447.75,735.0
2024-04-11 02:00:00,447.75,447.75,447.25,447.75,235.0
2024-04-11 03:00:00,447.5,448.25,447.5,448.25,262.0
2024-04-11 04:00:00,448.25,448.25,447.25,447.5,251.0
2024-04-11 05:00:00,447.25,448.25,447.25,447.5,333.0
2024-04-11 06:00:00,447.5,447.75,447.25,447.75,514.0
2024-04-11 07:00:00,447.75,448.75,447.5,448.75,953.0
2024-04-11 08:00:00,448.75,449.0,447.5,448.75,3498.0
2024-04-11 09:00:00,448.5,449.25,447.75,448.75,2158.0
2024-04-11 10:00:00,449.0,449.25,448.25,448.75,530.0
2024-04-11 11:00:00,448.75,448.75,447.75,447.75,1031.0
2024-04-11 12:00:00,448.0,449.0,447.25,447.5,5304.0
2024-04-11 13:00:00,447.5,448.5,446.0,446.5,12539.0
2024-04-11 14:00:00,446.5,447.75,445.5,446.5,28560.0
2024-04-11 15:00:00,446.75,446.75,444.5,445.75,18187.0
2024-04-11 16:00:00,445.75,446.0,441.25,442.0,22088.0
2024-04-11 17:00:00,442.0,443.0,440.0,440.25,25093.0
2024-04-11 18:00:00,440.0,441.75,440.0,441.25,0.0
2024-04-12 00:00:00,441.0,441.0,439.75,440.25,4318.0
2024-04-12 01:00:00,440.25,440.75,440.0,440.25,368.0
2024-04-12 02:00:00,440.0,440.25,439.75,440.0,111.0
2024-04-12 03:00:00,440.0,440.25,439.75,440.0,161.0
2024-04-12 04:00:00,439.75,440.0,439.75,439.75,41.0
2024-04-12 05:00:00,439.5,439.75,439.5,439.75,269.0
2024-04-12 06:00:00,439.75,440.25,439.5,439.75,83.0
2024-04-12 07:00:00,439.75,440.0,439.5,439.75,785.0
2024-04-12 08:00:00,439.75,440.75,439.5,440.5,871.0
2024-04-12 09:00:00,440.5,441.0,440.0,440.5,1039.0
2024-04-12 10:00:00,440.75,442.25,440.75,441.75,3551.0
2024-04-12 11:00:00,441.5,442.5,441.0,442.25,1906.0
2024-04-12 12:00:00,442.25,442.75,441.75,441.75,1806.0
2024-04-12 13:00:00,441.75,446.5,441.75,446.25,19021.0
2024-04-12 14:00:00,446.5,449.25,445.75,447.0,20869.0
2024-04-12 15:00:00,447.25,447.25,443.75,446.0,12161.0
2024-04-12 16:00:00,446.0,446.75,445.0,445.5,13234.0
2024-04-12 17:00:00,445.5,446.5,445.0,446.25,19163.0
2024-04-12 18:00:00,446.25,448.25,446.25,446.5,16205.0
2024-04-15 00:00:00,446.0,447.0,445.75,446.75,1503.0
2024-04-15 01:00:00,446.5,446.75,446.0,446.5,169.0
2024-04-15 02:00:00,446.5,446.75,446.25,446.5,126.0
2024-04-15 03:00:00,446.75,446.75,446.5,446.5,156.0
2024-04-15 04:00:00,446.5,446.75,446.25,446.25,95.0
2024-04-15 05:00:00,446.0,446.0,446.0,446.0,67.0
2024-04-15 06:00:00,446.0,446.0,445.0,445.0,607.0
2024-04-15 07:00:00,445.0,445.25,444.75,445.0,723.0
2024-04-15 08:00:00,444.75,445.25,444.75,445.0,595.0
2024-04-15 09:00:00,444.75,445.0,444.5,444.75,1733.0
2024-04-15 10:00:00,444.75,445.75,444.75,445.25,288.0
2024-04-15 11:00:00,445.5,446.0,444.75,444.75,473.0
2024-04-15 12:00:00,444.75,445.25,444.25,444.75,1044.0
2024-04-15 13:00:00,445.0,445.25,442.5,443.25,13172.0
2024-04-15 14:00:00,443.0,444.5,442.25,442.25,15772.0
2024-04-15 15:00:00,442.25,443.75,442.25,443.25,20013.0
2024-04-15 16:00:00,443.25,444.5,443.0,444.0,7750.0
2024-04-15 17:00:00,444.25,444.75,443.5,444.75,8276.0
2024-04-15 18:00:00,444.5,444.75,443.75,443.75,23982.0
2024-04-16 00:00:00,444.0,444.5,443.25,443.75,0.0
2024-04-16 01:00:00,444.0,445.25,443.75,444.5,1094.0
2024-04-16 02:00:00,444.5,445.0,444.5,444.5,311.0
2024-04-16 03:00:00,444.5,444.75,444.5,444.5,126.0
2024-04-16 04:00:00,444.5,445.0,444.5,444.5,173.0
2024-04-16 05:00:00,444.5,444.75,444.25,444.25,238.0
2024-04-16 06:00:00,444.0,444.25,443.5,444.0,2797.0
2024-04-16 07:00:00,443.75,444.25,443.0,443.5,873.0
2024-04-16 08:00:00,443.5,444.0,442.75,443.0,1084.0
2024-04-16 09:00:00,443.0,443.25,442.75,442.75,1535.0
2024-04-16 10:00:00,442.75,443.75,442.25,443.75,589.0
2024-04-16 11:00:00,443.75,444.0,442.75,443.0,659.0
2024-04-16 12:00:00,442.75,442.75,442.0,442.0,1402.0
2024-04-16 13:00:00,442.0,443.0,440.75,441.75,21836.0
2024-04-16 14:00:00,441.75,442.25,440.25,440.25,18754.0
2024-04-16 15:00:00,440.5,443.5,440.25,442.25,24641.0
2024-04-16 16:00:00,442.0,443.5,441.5,442.0,14208.0
2024-04-16 17:00:00,442.0,443.75,441.75,442.5,9515.0
2024-04-16 18:00:00,442.5,443.25,442.25,442.5,10648.0
2024-04-17 00:00:00,442.75,443.25,442.0,443.0,0.0
2024-04-17 01:00:00,443.0,443.0,442.0,442.25,2155.0
2024-04-17 02:00:00,442.25,442.5,442.25,442.5,96.0
2024-04-17 03:00:00,442.25,442.5,442.25,442.25,118.0
2024-04-17 04:00:00,442.25,442.5,442.25,442.5,20.0
2024-04-17 05:00:00,442.5,442.5,442.0,442.25,165.0
2024-04-17 06:00:00,442.0,442.25,441.75,442.25,395.0
2024-04-17 07:00:00,442.25,442.5,441.75,442.0,697.0
2024-04-17 08:00:00,442.0,442.75,441.75,442.5,771.0
2024-04-17 09:00:00,442.5,443.75,442.5,443.5,1042.0
2024-04-17 10:00:00,443.5,443.75,443.0,443.25,4191.0
2024-04-17 11:00:00,443.0,443.5,443.0,443.5,449.0
2024-04-17 12:00:00,443.25,444.0,442.75,443.0,3709.0
2024-04-17 13:00:00,442.5,444.25,442.25,444.0,17398.0
2024-04-17 14:00:00,444.0,444.0,442.0,442.5,25728.0
2024-04-17 15:00:00,442.25,443.0,441.25,441.25,15289.0
2024-04-17 16:00:00,441.25,442.25,440.75,441.25,10539.0
2024-04-17 17:00:00,441.5,442.0,440.75,441.25,13336.0
2024-04-17 18:00:00,441.25,441.5,440.75,440.75,0.0
2024-04-18 00:00:00,440.0,440.75,440.0,440.25,5852.0
2024-04-18 01:00:00,440.5,440.5,439.5,440.0,911.0
2024-04-18 02:00:00,439.75,440.75,439.75,440.75,156.0
2024-04-18 03:00:00,440.75,441.0,440.5,441.0,205.0
2024-04-18 04:00:00,441.0,441.0,440.75,440.75,66.0
2024-04-18 05:00:00,440.75,440.75,440.5,440.5,257.0
2024-04-18 06:00:00,440.5,440.75,440.25,440.5,1238.0
2024-04-18 07:00:00,440.5,440.75,439.75,439.75,1940.0
2024-04-18 08:00:00,439.75,440.25,439.5,439.75,1061.0
2024-04-18 09:00:00,440.0,440.5,440.0,440.25,321.0
2024-04-18 10:00:00,440.0,440.25,439.0,439.0,840.0
2024-04-18 11:00:00,439.0,439.5,438.75,439.25,2717.0
2024-04-18 12:00:00,439.5,439.5,437.75,438.25,5401.0
2024-04-18 13:00:00,438.25,440.0,437.0,439.5,31647.0
2024-04-18 14:00:00,439.5,440.0,437.25,438.0,30108.0
2024-04-18 15:00:00,438.0,438.0,435.75,436.75,27606.0
2024-04-18 16:00:00,436.75,438.0,436.5,437.5,16971.0
2024-04-18 17:00:00,437.75,438.0,436.75,436.75,14152.0
2024-04-18 18:00:00,436.75,437.0,436.0,436.75,19519.0
2024-04-19 00:00:00,436.75,437.0,436.0,436.25,0.0
2024-04-19 01:00:00,436.25,439.75,436.25,439.5,5014.0
2024-04-19 02:00:00,439.5,442.0,439.0,441.5,2939.0
2024-04-19 03:00:00,441.25,441.5,439.5,439.75,2020.0
2024-04-19 04:00:00,440.0,440.25,439.5,439.75,968.0
2024-04-19 05:00:00,440.0,440.5,439.5,440.25,1283.0
2024-04-19 06:00:00,440.25,441.0,440.25,440.5,400.0
2024-04-19 07:00:00,440.5,440.75,439.75,440.5,816.0
2024-04-19 08:00:00,440.25,440.75,439.75,440.5,1949.0
2024-04-19 09:00:00,440.5,441.0,439.25,439.75,1020.0
2024-04-19 10:00:00,439.75,439.75,438.5,439.25,859.0
2024-04-19 11:00:00,439.25,439.5,438.5,439.0,1154.0
2024-04-19 12:00:00,439.0,439.75,438.75,439.0,3948.0
2024-04-19 13:00:00,439.0,442.0,438.75,439.0,19049.0
2024-04-19 14:00:00,439.25,441.25,438.5,441.0,16686.0
2024-04-19 15:00:00,441.0,443.0,440.5,442.25,28107.0
2024-04-19 16:00:00,442.25,443.0,441.25,441.5,17811.0
2024-04-19 17:00:00,441.75,443.25,440.75,442.5,13386.0
2024-04-19 18:00:00,442.5,443.5,442.25,443.0,26025.0
2024-04-22 00:00:00,441.5,444.0,441.5,442.25,3460.0
2024-04-22 01:00:00,442.5,443.0,442.25,442.75,456.0
2024-04-22 02:00:00,442.75,442.75,441.75,441.75,179.0
2024-04-22 03:00:00,442.0,442.0,441.25,441.75,291.0
2024-04-22 04:00:00,441.75,441.75,441.5,441.75,252.0
2024-04-22 05:00:00,441.5,441.75,441.0,441.5,564.0
2024-04-22 06:00:00,441.5,441.5,440.0,440.25,944.0
2024-04-22 07:00:00,440.25,440.5,439.75,440.0,3036.0
2024-04-22 08:00:00,440.0,440.75,439.75,440.25,437.0
2024-04-22 09:00:00,440.5,441.0,440.0,440.25,1417.0
2024-04-22 10:00:00,440.5,442.75,440.5,442.25,1491.0
2024-04-22 11:00:00,442.25,443.0,442.0,442.0,1479.0
2024-04-22 12:00:00,442.25,443.75,441.75,442.25,5452.0
2024-04-22 13:00:00,442.5,447.5,442.5,447.25,31711.0
2024-04-22 14:00:00,447.0,450.0,446.75,448.25,48256.0
2024-04-22 15:00:00,448.25,451.25,447.25,448.0,35783.0
2024-04-22 16:00:00,448.0,449.75,448.0,449.25,20074.0
2024-04-22 17:00:00,449.25,451.0,449.25,450.0,21483.0
2024-04-22 18:00:00,450.0,450.5,449.0,449.75,0.0
2024-04-23 00:00:00,449.5,450.75,448.75,450.75,5727.0
2024-04-23 01:00:00,450.5,450.75,450.25,450.75,1424.0
2024-04-23 02:00:00,450.75,451.75,450.5,451.75,3621.0
2024-04-23 03:00:00,451.75,451.75,450.5,451.25,316.0
2024-04-23 04:00:00,451.25,451.5,451.0,451.5,403.0
2024-04-23 05:00:00,451.5,451.75,451.0,451.25,760.0
2024-04-23 06:00:00,451.25,451.75,450.75,451.5,2906.0
2024-04-23 07:00:00,451.5,452.5,451.5,452.25,2315.0
2024-04-23 08:00:00,452.25,452.5,451.75,451.75,741.0
2024-04-23 09:00:00,452.0,452.0,450.25,450.25,1309.0
2024-04-23 10:00:00,450.5,450.75,450.0,450.25,1248.0
2024-04-23 11:00:00,450.25,451.0,448.75,448.75,3377.0
2024-04-23 12:00:00,448.75,449.25,448.25,448.75,2427.0
2024-04-23 13:00:00,448.75,452.5,448.25,450.5,37682.0
2024-04-23 14:00:00,450.75,452.5,449.5,452.0,27541.0
2024-04-23 15:00:00,452.0,452.25,450.0,451.75,18414.0
2024-04-23 16:00:00,451.75,452.5,451.5,452.5,20601.0
2024-04-23 17:00:00,452.25,453.25,451.5,452.75,15456.0
2024-04-23 18:00:00,452.75,453.25,452.25,452.5,18769.0
2024-04-24 00:00:00,452.25,453.0,451.75,452.5,0.0
2024-04-24 01:00:00,452.5,453.0,452.25,452.5,2202.0
2024-04-24 02:00:00,452.75,452.75,452.25,452.5,203.0
2024-04-24 03:00:00,452.5,452.75,452.25,452.75,319.0
2024-04-24 04:00:00,452.75,452.75,452.0,452.25,952.0
2024-04-24 05:00:00,452.5,452.75,452.0,452.5,2606.0
2024-04-24 06:00:00,452.5,452.5,451.75,451.75,2050.0
2024-04-24 07:00:00,452.0,453.0,451.75,452.75,1407.0
2024-04-24 08:00:00,452.75,452.75,451.5,451.5,707.0
2024-04-24 09:00:00,451.75,452.5,451.75,451.75,1055.0
2024-04-24 10:00:00,451.75,452.75,451.25,452.25,1604.0
2024-04-24 11:00:00,452.5,452.75,451.5,452.0,1370.0
2024-04-24 12:00:00,451.75,453.75,451.5,452.75,5668.0
2024-04-24 13:00:00,452.5,454.25,452.5,452.5,24546.0
2024-04-24 14:00:00,452.5,453.75,448.75,450.5,51434.0
2024-04-24 15:00:00,450.5,452.5,449.75,451.25,28849.0
2024-04-24 16:00:00,451.25,452.5,450.25,451.0,21699.0
2024-04-24 17:00:00,451.0,451.25,448.0,448.25,37445.0
2024-04-24 18:00:00,448.5,448.75,448.0,448.5,0.0
2024-04-25 00:00:00,448.5,448.75,447.25,447.25,4190.0
2024-04-25 01:00:00,447.25,447.5,446.5,447.25,1207.0
2024-04-25 02:00:00,447.25,447.75,446.75,446.75,351.0
2024-04-25 03:00:00,446.75,447.25,446.5,446.75,412.0
2024-04-25 04:00:00,446.75,447.25,446.75,447.0,74.0
2024-04-25 05:00:00,447.0,447.5,446.75,447.25,346.0
2024-04-25 06:00:00,447.0,448.5,447.0,448.0,1190.0
2024-04-25 07:00:00,448.25,449.0,447.5,448.0,1556.0
2024-04-25 08:00:00,448.0,450.0,448.0,449.5,1562.0
2024-04-25 09:00:00,449.5,450.0,448.5,448.75,3562.0
2024-04-25 10:00:00,448.5,448.75,447.25,447.25,1442.0
2024-04-25 11:00:00,447.25,449.5,447.25,448.25,1597.0
2024-04-25 12:00:00,448.0,449.5,448.0,449.0,3134.0
2024-04-25 13:00:00,449.0,450.25,448.25,448.75,47807.0
2024-04-25 14:00:00,449.0,451.0,448.25,450.25,33144.0
2024-04-25 15:00:00,450.5,450.5,448.75,450.0,30687.0
2024-04-25 16:00:00,450.25,452.0,450.0,451.25,33609.0
2024-04-25 17:00:00,451.5,453.25,451.25,452.75,32229.0
2024-04-25 18:00:00,453.0,453.25,451.5,452.0,31291.0
2024-04-26 00:00:00,451.75,452.75,451.5,452.75,0.0
2024-04-26 01:00:00,452.75,453.0,452.5,453.0,1165.0
2024-04-26 02:00:00,452.75,453.0,452.5,452.5,713.0
2024-04-26 03:00:00,452.75,452.75,452.5,452.75,403.0
2024-04-26 04:00:00,452.5,452.75,452.25,452.25,1580.0
2024-04-26 05:00:00,452.25,452.5,452.25,452.5,303.0
2024-04-26 06:00:00,452.5,452.5,451.75,452.25,539.0
2024-04-26 07:00:00,452.25,453.0,452.25,452.25,1392.0
2024-04-26 08:00:00,452.25,452.25,451.0,451.5,1142.0
2024-04-26 09:00:00,451.5,452.25,451.25,451.5,1519.0
2024-04-26 10:00:00,451.5,452.25,451.0,451.0,957.0
2024-04-26 11:00:00,451.25,452.0,450.5,451.5,1854.0
2024-04-26 12:00:00,451.5,452.5,450.5,451.75,4066.0
2024-04-26 13:00:00,451.5,453.0,450.75,451.75,30938.0
2024-04-26 14:00:00,451.75,452.25,450.25,452.0,33914.0
2024-04-26 15:00:00,452.0,453.75,451.5,453.25,25584.0
2024-04-26 16:00:00,453.25,454.0,452.75,453.25,26900.0
2024-04-26 17:00:00,453.25,453.75,449.25,450.0,54791.0
2024-04-26 18:00:00,450.0,450.75,449.75,450.25,26327.0
2024-04-29 00:00:00,450.0,451.0,449.0,450.75,5745.0
2024-04-29 01:00:00,450.75,451.25,449.75,449.75,1156.0
2024-04-29 02:00:00,450.0,450.5,449.75,450.25,685.0
2024-04-29 03:00:00,450.5,450.5,450.0,450.5,294.0
2024-04-29 04:00:00,450.5,450.75,450.0,450.25,255.0
2024-04-29 05:00:00,450.5,451.0,450.25,450.75,228.0
2024-04-29 06:00:00,450.5,450.75,449.75,449.75,756.0
2024-04-29 07:00:00,449.75,450.25,449.25,449.75,1192.0
2024-04-29 08:00:00,449.75,450.25,449.5,449.75,3685.0
2024-04-29 09:00:00,449.5,450.0,448.5,450.0,2676.0
2024-04-29 10:00:00,449.75,450.0,449.5,449.75,638.0
2024-04-29 11:00:00,450.0,450.5,449.0,449.25,2756.0
2024-04-29 12:00:00,449.25,451.0,449.25,449.75,4563.0
2024-04-29 13:00:00,449.5,450.5,448.5,448.75,28264.0
2024-04-29 14:00:00,448.75,449.0,445.5,446.5,39140.0
2024-04-29 15:00:00,446.75,447.75,445.75,447.0,18289.0
2024-04-29 16:00:00,447.25,449.75,446.75,448.75,29911.0
2024-04-29 17:00:00,449.0,450.0,448.25,449.0,25957.0
2024-04-29 18:00:00,448.75,449.5,448.5,449.25,32798.0
2024-04-30 00:00:00,449.0,449.75,448.0,448.5,0.0
2024-04-30 01:00:00,448.25,448.5,447.5,447.75,1131.0
2024-04-30 02:00:00,447.75,448.0,447.25,447.5,376.0
2024-04-30 03:00:00,447.75,448.0,447.25,447.5,268.0
2024-04-30 04:00:00,447.75,447.75,447.5,447.5,135.0
2024-04-30 05:00:00,447.5,447.5,446.75,447.0,963.0
2024-04-30 06:00:00,447.0,448.5,447.0,448.25,841.0
2024-04-30 07:00:00,448.25,448.25,447.5,447.5,1064.0
2024-04-30 08:00:00,447.25,448.25,446.25,447.0,1670.0
2024-04-30 09:00:00,446.75,448.0,446.75,447.75,979.0
2024-04-30 10:00:00,447.75,448.5,447.75,448.0,1091.0
2024-04-30 11:00:00,447.75,448.5,447.5,447.75,2273.0
2024-04-30 12:00:00,448.0,448.25,446.75,447.75,4722.0
2024-04-30 13:00:00,447.75,450.0,447.5,449.25,17619.0
2024-04-30 14:00:00,449.0,449.5,445.0,445.25,30192.0
2024-04-30 15:00:00,445.25,446.75,444.5,446.0,24070.0
2024-04-30 16:00:00,446.0,446.25,444.5,444.75,15177.0
2024-04-30 17:00:00,445.0,447.25,444.75,446.75,14301.0
2024-04-30 18:00:00,446.5,447.75,446.5,447.25,16149.0
2024-05-01 00:00:00,446.75,447.75,445.0,447.0,0.0
2024-05-01 01:00:00,447.0,447.5,446.5,446.5,163.0
2024-05-01 02:00:00,446.75,446.75,446.25,446.5,254.0
2024-05-01 03:00:00,446.5,446.5,446.25,446.5,140.0
2024-05-01 04:00:00,446.25,446.75,446.25,446.25,274.0
2024-05-01 05:00:00,446.5,446.5,445.75,445.75,109.0
2024-05-01 06:00:00,446.0,446.25,445.5,446.0,487.0
2024-05-01 07:00:00,446.0,446.25,445.5,446.0,319.0
2024-05-01 08:00:00,446.0,446.5,445.5,446.0,726.0
2024-05-01 09:00:00,445.75,446.25,445.25,445.25,363.0
2024-05-01 10:00:00,445.5,446.25,445.0,445.25,1451.0
2024-05-01 11:00:00,445.25,445.75,444.0,444.0,2731.0
2024-05-01 12:00:00,444.25,446.5,444.0,445.75,2922.0
2024-05-01 13:00:00,445.75,446.25,443.75,444.75,14544.0
2024-05-01 14:00:00,444.5,446.75,444.0,444.5,23538.0
2024-05-01 15:00:00,444.5,447.75,443.75,447.25,21563.0
2024-05-01 16:00:00,447.25,449.5,447.25,448.75,19921.0
2024-05-01 17:00:00,449.0,451.0,448.0,450.75,25775.0
2024-05-01 18:00:00,450.75,451.5,450.0,450.0,23295.0
2024-05-02 00:00:00,450.0,453.0,449.75,452.75,0.0
2024-05-02 01:00:00,452.5,453.0,451.5,451.5,1043.0
2024-05-02 02:00:00,451.75,452.0,451.5,451.75,362.0
2024-05-02 03:00:00,451.75,452.0,451.75,451.75,171.0
2024-05-02 04:00:00,451.75,453.0,451.75,452.75,400.0
2024-05-02 05:00:00,452.75,453.0,452.5,452.5,993.0
2024-05-02 06:00:00,452.75,453.5,452.5,453.25,1244.0
2024-05-02 07:00:00,453.25,455.75,453.0,455.0,6672.0
2024-05-02 08:00:00,454.75,455.75,454.5,455.5,2680.0
2024-05-02 09:00:00,455.25,455.75,454.75,455.25,1278.0
2024-05-02 10:00:00,455.0,456.0,454.0,454.5,1979.0
2024-05-02 11:00:00,454.25,456.0,454.25,455.75,3834.0
2024-05-02 12:00:00,455.75,457.75,455.75,456.75,12090.0
2024-05-02 13:00:00,456.25,458.0,455.25,457.25,32070.0
2024-05-02 14:00:00,457.25,458.5,455.5,456.5,38563.0
2024-05-02 15:00:00,456.5,457.5,454.5,455.5,24526.0
2024-05-02 16:00:00,455.25,457.0,455.0,456.5,19417.0
2024-05-02 17:00:00,456.75,460.0,456.5,459.5,40383.0
2024-05-02 18:00:00,459.75,460.5,459.25,460.0,31818.0
2024-05-03 00:00:00,459.5,462.0,459.0,462.0,0.0
2024-05-03 01:00:00,461.75,462.75,461.5,462.25,2123.0
2024-05-03 02:00:00,462.25,463.25,462.0,463.0,3443.0
2024-05-03 03:00:00,462.75,463.25,462.75,462.75,2334.0
2024-05-03 04:00:00,462.75,463.25,462.5,462.75,397.0
2024-05-03 05:00:00,462.75,463.25,462.75,463.0,173.0
2024-05-03 06:00:00,463.25,463.75,462.75,463.5,995.0
2024-05-03 07:00:00,463.25,464.0,462.25,462.5,1860.0
2024-05-03 08:00:00,462.5,463.0,462.0,463.0,1444.0
2024-05-03 09:00:00,463.0,464.5,462.75,464.0,3783.0
2024-05-03 10:00:00,464.0,464.5,463.75,464.0,1460.0
2024-05-03 11:00:00,464.0,464.75,463.0,464.75,4843.0
2024-05-03 12:00:00,464.75,465.75,463.0,465.25,11694.0
2024-05-03 13:00:00,465.25,468.0,464.75,465.5,47244.0
2024-05-03 14:00:00,465.5,467.0,464.0,464.75,48714.0
2024-05-03 15:00:00,464.75,465.0,457.75,458.75,54165.0
2024-05-03 16:00:00,458.75,460.0,457.25,459.25,41482.0
2024-05-03 17:00:00,459.5,462.0,458.75,460.25,25936.0
2024-05-03 18:00:00,460.25,461.25,459.5,460.0,26826.0
2024-05-06 00:00:00,459.0,459.5,454.25,455.25,8285.0
2024-05-06 01:00:00,455.0,456.25,454.75,456.0,1323.0
2024-05-06 02:00:00,456.0,456.25,455.75,455.75,1132.0
2024-05-06 03:00:00,455.75,456.0,455.5,456.0,865.0
2024-05-06 04:00:00,456.0,456.25,455.75,456.0,480.0
2024-05-06 05:00:00,456.25,456.5,455.75,456.0,345.0
2024-05-06 06:00:00,456.0,456.0,455.25,455.5,1117.0
2024-05-06 07:00:00,455.5,456.25,455.25,455.5,1049.0
2024-05-06 08:00:00,455.5,458.0,455.25,457.75,3253.0
2024-05-06 09:00:00,457.5,458.5,457.5,458.25,1722.0
2024-05-06 10:00:00,458.25,459.25,457.5,459.0,1485.0
2024-05-06 11:00:00,459.25,459.5,458.0,459.5,2520.0
2024-05-06 12:00:00,459.25,459.5,458.0,459.25,3506.0
2024-05-06 13:00:00,459.0,465.75,458.75,465.25,30733.0
2024-05-06 14:00:00,465.25,470.0,464.75,469.5,62355.0
2024-05-06 15:00:00,469.5,469.75,467.0,469.5,38978.0
2024-05-06 16:00:00,469.5,469.75,465.25,467.25,31157.0
2024-05-06 17:00:00,467.25,469.75,467.0,469.5,22643.0
2024-05-06 18:00:00,469.5,469.75,469.0,469.0,0.0
2024-05-07 00:00:00,468.5,472.0,468.5,469.75,12585.0
2024-05-07 01:00:00,469.75,470.25,468.75,469.25,2353.0
2024-05-07 02:00:00,469.5,469.75,469.25,469.75,595.0
2024-05-07 03:00:00,469.75,469.75,469.25,469.5,159.0
2024-05-07 04:00:00,469.5,470.5,469.5,469.5,667.0
2024-05-07 05:00:00,469.75,470.5,469.5,470.25,474.0
2024-05-07 06:00:00,470.0,470.5,469.25,470.5,383.0
2024-05-07 07:00:00,470.5,471.0,470.25,470.5,829.0
2024-05-07 08:00:00,470.75,471.0,467.5,468.75,2616.0
2024-05-07 09:00:00,468.75,469.0,467.25,468.25,3369.0
2024-05-07 10:00:00,468.25,468.25,467.25,467.25,2635.0
2024-05-07 11:00:00,467.25,468.25,466.75,467.5,2546.0
2024-05-07 12:00:00,467.5,468.25,466.75,467.75,3422.0
2024-05-07 13:00:00,467.25,469.75,467.25,468.25,33293.0
2024-05-07 14:00:00,468.25,471.0,467.5,469.5,39348.0
2024-05-07 15:00:00,469.5,471.5,468.25,468.5,27847.0
2024-05-07 16:00:00,468.75,469.0,466.75,467.75,17424.0
2024-05-07 17:00:00,467.75,467.75,466.0,467.0,19457.0
2024-05-07 18:00:00,467.0,467.5,466.5,467.25,22223.0
2024-05-08 00:00:00,467.0,467.0,465.25,465.75,0.0
2024-05-08 01:00:00,465.75,466.0,465.5,466.0,659.0
2024-05-08 02:00:00,465.75,466.5,465.5,466.5,1403.0
2024-05-08 03:00:00,466.25,466.5,465.75,465.75,301.0
2024-05-08 04:00:00,466.0,466.25,465.5,466.25,335.0
2024-05-08 05:00:00,466.25,466.5,465.75,466.5,224.0
2024-05-08 06:00:00,466.5,467.0,466.25,466.5,493.0
2024-05-08 07:00:00,466.75,466.75,465.75,466.0,1326.0
2024-05-08 08:00:00,466.0,466.75,465.25,466.25,1052.0
2024-05-08 09:00:00,466.25,466.75,465.5,466.75,1810.0
2024-05-08 10:00:00,466.5,466.5,465.5,465.75,697.0
2024-05-08 11:00:00,465.75,466.5,464.5,464.5,4426.0
2024-05-08 12:00:00,464.5,465.5,464.25,464.25,3657.0
2024-05-08 13:00:00,464.25,464.75,462.5,463.5,30392.0
2024-05-08 14:00:00,463.5,463.5,458.25,458.5,46164.0
2024-05-08 15:00:00,458.5,461.0,457.75,459.5,43443.0
2024-05-08 16:00:00,459.5,460.75,458.5,458.75,20103.0
2024-05-08 17:00:00,458.75,459.5,457.5,458.25,20937.0
2024-05-08 18:00:00,458.5,459.5,457.5,459.0,23486.0
2024-05-09 00:00:00,458.5,459.0,457.0,458.25,0.0
2024-05-09 01:00:00,458.5,460.75,458.0,460.75,3247.0
2024-05-09 02:00:00,460.5,461.0,459.75,460.0,1405.0
2024-05-09 03:00:00,460.0,460.5,459.75,460.25,270.0
2024-05-09 04:00:00,460.25,460.75,460.25,460.75,471.0
2024-05-09 05:00:00,460.75,460.75,460.25,460.5,180.0
2024-05-09 06:00:00,460.5,461.0,459.5,459.75,775.0
2024-05-09 07:00:00,459.75,460.0,458.75,459.75,1519.0
2024-05-09 08:00:00,459.75,461.0,459.5,460.75,2235.0
2024-05-09 09:00:00,460.75,461.5,460.25,460.75,4745.0
2024-05-09 10:00:00,460.75,462.0,460.75,461.25,885.0
2024-05-09 11:00:00,461.25,461.5,460.0,460.25,3055.0
2024-05-09 12:00:00,460.25,460.5,457.25,457.75,5652.0
2024-05-09 13:00:00,457.5,458.5,454.25,455.25,32472.0
2024-05-09 14:00:00,455.25,457.25,454.25,456.25,33136.0
2024-05-09 15:00:00,456.5,457.25,455.25,455.75,21709.0
2024-05-09 16:00:00,455.75,457.5,455.5,457.25,15830.0
2024-05-09 17:00:00,457.0,457.5,456.0,456.25,15307.0
2024-05-09 18:00:00,456.25,457.25,456.0,457.0,20903.0
2024-05-10 00:00:00,457.0,458.0,456.75,457.5,0.0
2024-05-10 01:00:00,457.75,458.0,457.25,457.25,1325.0
2024-05-10 02:00:00,457.25,457.75,457.25,457.25,309.0
2024-05-10 03:00:00,457.5,457.5,457.25,457.5,352.0
2024-05-10 04:00:00,457.25,457.75,457.25,457.75,289.0
2024-05-10 05:00:00,457.75,458.5,457.5,458.0,1009.0
2024-05-10 06:00:00,458.0,459.25,458.0,458.75,1330.0
2024-05-10 07:00:00,458.75,460.5,458.5,460.0,2111.0
2024-05-10 08:00:00,460.0,460.0,459.0,459.75,2138.0
2024-05-10 09:00:00,459.5,460.25,458.25,459.5,1135.0
2024-05-10 10:00:00,459.25,460.25,459.25,459.75,1877.0
2024-05-10 11:00:00,459.75,460.0,458.75,459.0,2257.0
2024-05-10 12:00:00,459.0,459.5,458.75,459.0,2066.0
2024-05-10 13:00:00,459.0,461.0,458.75,460.25,18773.0
2024-05-10 14:00:00,460.0,461.0,458.75,460.0,17674.0
2024-05-10 15:00:00,460.0,464.25,460.0,462.0,35207.0
2024-05-10 16:00:00,462.0,468.5,460.75,466.0,74332.0
2024-05-10 17:00:00,466.0,469.0,465.25,469.0,27495.0
2024-05-10 18:00:00,468.75,470.0,468.5,468.5,31497.0
2024-05-13 00:00:00,468.0,469.5,467.0,467.75,8910.0
2024-05-13 01:00:00,467.75,468.0,467.25,467.5,1094.0
2024-05-13 02:00:00,467.5,468.0,467.0,467.0,1943.0
2024-05-13 03:00:00,467.25,467.25,466.25,466.75,3189.0
2024-05-13 04:00:00,466.75,467.5,466.5,467.0,483.0
2024-05-13 05:00:00,467.25,467.25,465.5,465.5,887.0
2024-05-13 06:00:00,465.75,466.5,465.75,466.25,1452.0
2024-05-13 07:00:00,466.25,468.0,466.25,467.25,1500.0
2024-05-13 08:00:00,467.25,469.5,467.25,469.25,1946.0
2024-05-13 09:00:00,469.25,469.25,467.25,467.5,1042.0
2024-05-13 10:00:00,467.75,468.0,467.0,467.25,915.0
2024-05-13 11:00:00,467.25,469.5,467.25,469.0,3401.0
2024-05-13 12:00:00,469.25,470.0,469.0,469.5,2910.0
2024-05-13 13:00:00,469.5,474.75,469.0,473.25,44500.0
2024-05-13 14:00:00,473.25,474.75,472.25,474.25,46572.0
2024-05-13 15:00:00,474.25,474.5,472.25,473.25,33202.0
2024-05-13 16:00:00,473.5,475.5,472.75,474.75,46768.0
2024-05-13 17:00:00,474.5,474.75,472.25,474.0,23036.0
2024-05-13 18:00:00,474.25,474.75,471.75,471.75,22864.0
2024-05-14 00:00:00,471.75,475.5,471.5,474.75,0.0
2024-05-14 01:00:00,474.75,475.0,473.75,474.0,1217.0
2024-05-14 02:00:00,474.0,474.0,473.0,473.25,785.0
2024-05-14 03:00:00,473.5,473.5,473.0,473.25,128.0
2024-05-14 04:00:00,473.5,473.75,473.0,473.5,389.0
2024-05-14 05:00:00,473.5,474.75,473.5,474.25,520.0
2024-05-14 06:00:00,474.25,475.0,473.75,474.0,1598.0
2024-05-14 07:00:00,474.0,474.25,472.75,473.5,1042.0
2024-05-14 08:00:00,473.25,474.0,472.75,473.25,2864.0
2024-05-14 09:00:00,473.25,474.25,473.0,473.75,1138.0
2024-05-14 10:00:00,474.0,475.25,474.0,474.5,2258.0
2024-05-14 11:00:00,474.5,475.25,474.25,474.5,2748.0
2024-05-14 12:00:00,474.5,474.75,472.25,472.25,6272.0
2024-05-14 13:00:00,472.0,474.75,471.5,472.0,53501.0
2024-05-14 14:00:00,472.0,472.25,467.75,467.75,56222.0
2024-05-14 15:00:00,468.0,469.5,466.5,468.25,35249.0
2024-05-14 16:00:00,468.25,469.25,467.25,467.5,18654.0
2024-05-14 17:00:00,467.5,468.5,467.25,468.5,21142.0
2024-05-14 18:00:00,468.25,468.25,467.0,468.0,18531.0
2024-05-15 00:00:00,467.75,468.0,467.0,467.5,0.0
2024-05-15 01:00:00,467.5,469.25,467.25,469.25,1772.0
2024-05-15 02:00:00,469.25,469.75,469.0,469.25,852.0
2024-05-15 03:00:00,469.0,469.5,469.0,469.25,613.0
2024-05-15 04:00:00,469.5,469.75,469.25,469.75,369.0
2024-05-15 05:00:00,469.75,469.75,469.25,469.5,525.0
2024-05-15 06:00:00,469.25,469.5,468.75,469.25,382.0
2024-05-15 07:00:00,469.25,469.75,468.75,469.5,981.0
2024-05-15 08:00:00,469.5,470.5,469.25,470.25,2362.0
2024-05-15 09:00:00,470.25,470.75,469.75,470.0,1028.0
2024-05-15 10:00:00,470.0,470.5,469.25,470.5,1840.0
2024-05-15 11:00:00,470.5,471.25,470.0,471.0,4208.0
2024-05-15 12:00:00,471.0,472.25,470.75,471.75,5790.0
2024-05-15 13:00:00,471.75,473.25,470.25,471.0,35355.0
2024-05-15 14:00:00,471.0,471.25,463.5,464.75,59341.0
2024-05-15 15:00:00,464.75,465.5,463.0,463.5,31133.0
2024-05-15 16:00:00,463.5,463.75,461.5,462.5,26849.0
2024-05-15 17:00:00,462.5,463.0,461.75,462.75,23727.0
2024-05-15 18:00:00,462.75,463.0,461.75,463.0,12821.0
2024-05-16 00:00:00,462.25,463.75,462.0,463.5,0.0
2024-05-16 01:00:00,463.25,463.75,462.25,463.25,1150.0
2024-05-16 02:00:00,463.25,463.75,463.25,463.25,321.0
2024-05-16 03:00:00,463.25,463.5,462.75,463.0,169.0
2024-05-16 04:00:00,463.0,463.5,462.75,463.25,511.0
2024-05-16 05:00:00,463.25,463.5,463.0,463.0,317.0
2024-05-16 06:00:00,463.0,463.0,461.5,461.75,1025.0
2024-05-16 07:00:00,461.75,462.5,461.5,462.5,1804.0
2024-05-16 08:00:00,462.25,462.75,462.0,462.5,993.0
2024-05-16 09:00:00,462.5,462.75,462.25,462.75,1695.0
2024-05-16 10:00:00,462.75,465.0,462.75,464.75,5072.0
2024-05-16 11:00:00,464.75,465.0,464.0,465.0,1884.0
2024-05-16 12:00:00,465.0,465.25,463.5,463.5,3557.0
2024-05-16 13:00:00,463.5,464.75,458.75,459.0,42256.0
2024-05-16 14:00:00,459.0,459.0,456.25,456.75,42913.0
2024-05-16 15:00:00,457.0,458.0,456.0,457.25,29195.0
2024-05-16 16:00:00,457.25,457.5,456.0,456.5,20955.0
2024-05-16 17:00:00,456.5,457.5,456.25,457.25,17235.0
2024-05-16 18:00:00,457.25,457.5,456.75,457.25,15526.0
2024-05-17 00:00:00,457.25,458.0,456.75,457.5,0.0
2024-05-17 01:00:00,457.5,459.5,457.25,459.25,1626.0
2024-05-17 02:00:00,459.25,459.25,458.25,458.5,614.0
2024-05-17 03:00:00,458.5,459.0,458.25,458.25,362.0
2024-05-17 04:00:00,458.5,459.5,458.25,459.0,566.0
2024-05-17 05:00:00,459.0,460.25,458.75,460.0,1078.0
2024-05-17 06:00:00,460.0,460.25,459.5,459.75,923.0
2024-05-17 07:00:00,459.75,460.5,459.5,459.75,1653.0
2024-05-17 08:00:00,459.75,460.0,459.0,459.5,1557.0
2024-05-17 09:00:00,459.75,460.25,459.25,459.75,1519.0
2024-05-17 10:00:00,459.75,460.0,459.0,459.25,945.0
2024-05-17 11:00:00,459.25,459.5,456.0,457.25,5263.0
2024-05-17 12:00:00,457.25,458.75,457.25,457.75,2437.0
2024-05-17 13:00:00,457.75,458.0,456.25,456.25,20162.0
2024-05-17 14:00:00,456.25,456.5,454.5,454.5,32980.0
2024-05-17 15:00:00,454.5,454.75,452.5,452.5,32277.0
2024-05-17 16:00:00,452.5,453.25,451.0,452.75,26227.0
2024-05-17 17:00:00,452.5,452.5,451.25,452.0,28563.0
2024-05-17 18:00:00,452.0,453.0,451.25,452.75,43612.0
2024-05-20 00:00:00,452.75,455.5,452.25,455.0,5058.0
2024-05-20 01:00:00,455.25,455.25,454.0,454.25,1779.0
2024-05-20 02:00:00,454.25,454.75,453.75,454.25,684.0
2024-05-20 03:00:00,454.25,454.25,453.5,454.0,414.0
2024-05-20 04:00:00,454.0,454.0,453.25,453.5,3160.0
2024-05-20 05:00:00,453.25,454.5,453.25,454.5,406.0
2024-05-20 06:00:00,454.25,454.75,454.25,454.25,737.0
2024-05-20 07:00:00,454.5,454.75,453.5,454.25,1644.0
2024-05-20 08:00:00,454.5,454.75,454.0,454.5,626.0
2024-05-20 09:00:00,454.5,455.0,453.75,454.75,1911.0
2024-05-20 10:00:00,454.75,455.5,454.75,455.0,1754.0
2024-05-20 11:00:00,455.0,456.0,454.5,456.0,2039.0
2024-05-20 12:00:00,456.0,456.5,455.25,456.0,3567.0
2024-05-20 13:00:00,455.25,458.75,454.25,458.75,25282.0
2024-05-20 14:00:00,458.75,460.0,457.5,459.75,29661.0
2024-05-20 15:00:00,459.5,461.75,459.5,461.5,26079.0
2024-05-20 16:00:00,461.25,461.75,459.5,461.25,17188.0
2024-05-20 17:00:00,461.0,463.5,460.75,460.75,24417.0
2024-05-20 18:00:00,460.75,461.25,459.75,460.25,0.0
2024-05-21 00:00:00,460.0,461.25,456.5,457.0,7875.0
2024-05-21 01:00:00,457.0,457.5,456.0,456.25,1582.0
2024-05-21 02:00:00,456.25,456.75,455.75,456.0,875.0
2024-05-21 03:00:00,456.0,456.25,455.5,456.25,562.0
2024-05-21 04:00:00,456.0,456.25,455.75,455.75,554.0
2024-05-21 05:00:00,456.0,456.25,455.5,455.5,1043.0
2024-05-21 06:00:00,455.5,456.25,455.5,455.5,1024.0
2024-05-21 07:00:00,455.75,457.25,455.25,456.75,2520.0
2024-05-21 08:00:00,456.75,457.0,455.0,455.5,2651.0
2024-05-21 09:00:00,455.75,456.25,455.25,455.75,1607.0
2024-05-21 10:00:00,455.75,457.25,455.5,457.0,2491.0
2024-05-21 11:00:00,457.0,458.25,456.5,457.5,2804.0
2024-05-21 12:00:00,457.5,458.0,456.25,457.75,3077.0
2024-05-21 13:00:00,457.75,461.0,457.25,459.0,25137.0
2024-05-21 14:00:00,459.0,459.75,456.0,457.25,30160.0
2024-05-21 15:00:00,457.0,458.0,456.25,456.75,13123.0
2024-05-21 16:00:00,456.75,457.25,455.25,455.5,14374.0
2024-05-21 17:00:00,455.5,457.5,455.25,456.75,14516.0
2024-05-21 18:00:00,457.0,458.5,456.75,458.0,0.0
2024-05-22 00:00:00,458.5,460.5,458.25,459.5,6381.0
2024-05-22 01:00:00,459.5,461.75,459.5,461.5,2029.0
2024-05-22 02:00:00,461.75,462.25,461.25,461.5,2291.0
2024-05-22 03:00:00,461.5,462.0,461.5,461.5,768.0
2024-05-22 04:00:00,461.5,462.0,461.5,461.5,427.0
2024-05-22 05:00:00,461.75,462.25,461.5,461.75,1224.0
2024-05-22 06:00:00,462.0,463.25,461.75,462.75,2573.0
2024-05-22 07:00:00,462.75,462.75,462.0,462.5,1582.0
2024-05-22 08:00:00,462.5,462.75,461.5,462.0,2508.0
2024-05-22 09:00:00,462.25,462.5,460.75,461.25,2536.0
2024-05-22 10:00:00,461.5,461.75,460.75,461.5,1016.0
2024-05-22 11:00:00,461.5,461.75,460.0,460.0,2322.0
2024-05-22 12:00:00,460.25,461.0,459.0,459.75,5954.0
2024-05-22 13:00:00,459.75,461.75,459.25,460.5,22689.0
2024-05-22 14:00:00,460.5,461.0,458.0,459.75,28950.0
2024-05-22 15:00:00,460.5,462.0,458.75,459.25,32342.0
2024-05-22 16:00:00,459.0,462.0,459.0,461.5,15772.0
2024-05-22 17:00:00,461.75,462.75,461.0,462.25,14600.0
2024-05-22 18:00:00,462.0,462.25,460.75,461.0,15597.0
2024-05-23 00:00:00,461.25,463.0,461.0,462.5,0.0
2024-05-23 01:00:00,462.5,462.75,460.75,460.75,775.0
2024-05-23 02:00:00,460.75,461.5,460.5,461.0,300.0
2024-05-23 03:00:00,461.0,461.25,460.5,460.5,979.0
2024-05-23 04:00:00,460.5,460.75,460.25,460.5,257.0
2024-05-23 05:00:00,460.75,460.75,459.75,460.0,378.0
2024-05-23 06:00:00,460.0,460.25,459.75,460.0,791.0
2024-05-23 07:00:00,460.0,460.0,458.5,458.75,2066.0
2024-05-23 08:00:00,459.0,460.0,458.75,459.75,1027.0
2024-05-23 09:00:00,459.75,462.5,459.75,462.25,2981.0
2024-05-23 10:00:00,462.25,463.0,461.5,462.75,5411.0
2024-05-23 11:00:00,462.75,465.0,462.75,464.75,5215.0
2024-05-23 12:00:00,464.5,465.0,463.5,463.5,4642.0
2024-05-23 13:00:00,463.25,466.5,463.25,465.0,24393.0
2024-05-23 14:00:00,465.25,467.25,463.75,465.75,31763.0
2024-05-23 15:00:00,465.5,466.25,464.25,465.5,19250.0
2024-05-23 16:00:00,465.25,465.75,463.0,465.5,16520.0
2024-05-23 17:00:00,465.5,465.5,463.75,464.25,15114.0
2024-05-23 18:00:00,464.5,465.0,463.25,464.5,0.0
2024-05-24 00:00:00,464.5,465.75,464.25,465.25,2470.0
2024-05-24 01:00:00,465.25,466.25,465.0,466.25,1584.0
2024-05-24 02:00:00,466.25,466.25,465.5,466.0,2764.0
2024-05-24 03:00:00,465.75,466.25,465.5,465.75,522.0
2024-05-24 04:00:00,465.75,466.0,465.75,465.75,254.0
2024-05-24 05:00:00,466.0,466.25,465.5,466.25,497.0
2024-05-24 06:00:00,466.0,466.25,464.75,465.25,812.0
2024-05-24 07:00:00,465.25,465.5,464.5,465.0,836.0
2024-05-24 08:00:00,465.0,465.5,464.75,465.0,1386.0
2024-05-24 09:00:00,464.75,465.25,464.25,464.75,1223.0
2024-05-24 10:00:00,464.75,466.0,464.75,465.25,1660.0
2024-05-24 11:00:00,465.25,465.25,463.5,464.25,3513.0
2024-05-24 12:00:00,464.0,465.0,463.75,464.75,1501.0
2024-05-24 13:00:00,464.75,465.5,462.25,462.5,23169.0
2024-05-24 14:00:00,462.5,463.5,460.75,462.25,34065.0
2024-05-24 15:00:00,462.25,464.75,461.0,464.5,20578.0
2024-05-24 16:00:00,464.5,465.75,464.0,465.25,18637.0
2024-05-24 17:00:00,465.25,466.75,464.5,464.75,18064.0
2024-05-24 18:00:00,464.5,465.25,464.0,465.0,21455.0
2024-05-28 04:00:00,470.25,470.5,470.0,470.0,177.0
2024-05-28 05:00:00,470.25,470.5,469.75,470.5,870.0
2024-05-28 06:00:00,470.5,470.5,469.0,469.0,1838.0
2024-05-28 07:00:00,469.25,469.25,468.5,468.75,2558.0
2024-05-28 08:00:00,468.5,468.5,466.75,467.5,3821.0
2024-05-28 09:00:00,467.25,468.0,466.5,467.75,3526.0
2024-05-28 10:00:00,467.75,468.5,467.5,468.0,1889.0
2024-05-28 11:00:00,468.0,468.25,467.0,467.0,3187.0
2024-05-28 12:00:00,467.0,467.5,465.5,466.0,4703.0
2024-05-28 13:00:00,466.25,466.5,461.25,463.5,29677.0
2024-05-28 14:00:00,463.5,464.25,462.0,462.25,20374.0
2024-05-28 15:00:00,462.5,463.25,461.25,461.5,12779.0
2024-05-28 16:00:00,461.25,462.25,460.0,460.75,12443.0
2024-05-28 17:00:00,460.75,462.25,460.25,461.5,12046.0
2024-05-28 18:00:00,461.75,463.5,461.5,463.25,18896.0
2024-05-29 00:00:00,462.5,463.0,460.0,460.5,0.0
2024-05-29 01:00:00,460.25,460.75,460.0,460.75,655.0
2024-05-29 02:00:00,460.5,461.25,460.25,460.5,870.0
2024-05-29 03:00:00,460.75,461.0,460.5,461.0,430.0
2024-05-29 04:00:00,461.25,461.25,461.0,461.0,409.0
2024-05-29 05:00:00,461.0,461.25,460.75,461.0,272.0
2024-05-29 06:00:00,461.0,461.5,461.0,461.25,691.0
2024-05-29 07:00:00,461.25,461.75,460.5,461.5,930.0
2024-05-29 08:00:00,461.5,462.5,461.25,461.5,1577.0
2024-05-29 09:00:00,461.75,462.5,461.5,462.5,510.0
2024-05-29 10:00:00,462.25,463.0,462.0,462.5,882.0
2024-05-29 11:00:00,462.25,462.5,459.0,459.75,4473.0
2024-05-29 12:00:00,459.75,460.5,459.25,460.0,2417.0
2024-05-29 13:00:00,460.0,462.25,459.0,459.5,21280.0
2024-05-29 14:00:00,459.5,462.25,459.5,460.75,17728.0
2024-05-29 15:00:00,460.75,461.5,459.5,460.25,12295.0
2024-05-29 16:00:00,460.25,460.25,455.25,455.25,34283.0
2024-05-29 17:00:00,455.5,456.25,454.25,455.5,28123.0
2024-05-29 18:00:00,455.5,456.0,454.75,455.5,14996.0
2024-05-30 00:00:00,455.25,456.0,454.5,455.5,0.0
2024-05-30 01:00:00,455.75,456.5,454.75,455.0,1875.0
2024-05-30 02:00:00,455.0,455.5,454.25,455.5,3769.0
2024-05-30 03:00:00,455.5,455.75,455.25,455.5,482.0
2024-05-30 04:00:00,455.5,456.0,455.5,456.0,310.0
2024-05-30 05:00:00,456.0,456.0,454.75,454.75,882.0
2024-05-30 06:00:00,454.75,455.0,453.5,453.75,1819.0
2024-05-30 07:00:00,453.75,455.5,453.75,455.25,1432.0
2024-05-30 08:00:00,455.25,456.0,455.0,455.75,1810.0
2024-05-30 09:00:00,455.75,456.0,454.75,455.0,1489.0
2024-05-30 10:00:00,455.25,455.5,453.5,454.25,2756.0
2024-05-30 11:00:00,454.25,456.5,453.75,456.5,2162.0
2024-05-30 12:00:00,456.25,457.0,455.75,456.0,5307.0
2024-05-30 13:00:00,456.0,456.0,453.75,453.75,24764.0
2024-05-30 14:00:00,453.75,454.5,451.25,451.25,44809.0
2024-05-30 15:00:00,451.25,451.25,448.0,448.25,37371.0
2024-05-30 16:00:00,448.25,451.0,448.25,449.25,28139.0
2024-05-30 17:00:00,449.25,450.0,448.25,448.5,19005.0
2024-05-30 18:00:00,448.25,449.0,447.5,448.5,21652.0
2024-05-31 00:00:00,449.0,451.5,448.75,451.5,0.0
2024-05-31 01:00:00,451.5,451.75,450.75,450.75,651.0
2024-05-31 02:00:00,451.0,451.0,450.5,450.75,348.0
2024-05-31 03:00:00,450.5,451.0,450.25,450.5,281.0
2024-05-31 04:00:00,450.5,450.75,448.75,450.75,166.0
2024-05-31 05:00:00,450.75,451.5,450.25,451.25,646.0
2024-05-31 06:00:00,451.25,452.0,450.75,451.5,1545.0
2024-05-31 07:00:00,451.25,452.0,451.0,451.5,1527.0
2024-05-31 08:00:00,451.5,452.0,450.5,452.0,2105.0
2024-05-31 09:00:00,452.0,452.0,451.25,451.5,1391.0
2024-05-31 10:00:00,451.5,452.0,450.5,451.5,1365.0
2024-05-31 11:00:00,451.5,453.25,450.5,452.5,3371.0
2024-05-31 12:00:00,452.75,453.75,452.5,453.25,4363.0
2024-05-31 13:00:00,453.0,453.25,450.25,450.75,17264.0
2024-05-31 14:00:00,450.5,451.5,449.25,449.5,31903.0
2024-05-31 15:00:00,449.5,450.25,448.0,448.75,30244.0
2024-05-31 16:00:00,448.75,449.5,446.75,448.25,18955.0
2024-05-31 17:00:00,448.0,448.25,445.75,446.75,19592.0
2024-05-31 18:00:00,446.5,466.75,445.5,445.75,0.0
2024-06-03 00:00:00,467.25,468.5,445.25,467.0,4272.0
2024-06-03 01:00:00,467.0,468.0,445.25,445.75,2742.0
2024-06-03 02:00:00,467.25,467.5,445.75,446.0,514.0
2024-06-03 03:00:00,446.0,467.5,445.5,445.75,378.0
2024-06-03 04:00:00,445.5,467.0,445.25,445.5,438.0
2024-06-03 05:00:00,466.75,466.75,445.0,445.25,448.0
2024-06-03 06:00:00,466.5,466.5,444.75,466.25,0.0
2024-06-03 07:00:00,466.25,466.25,443.25,443.75,8925.0
2024-06-03 08:00:00,443.5,464.75,442.75,443.75,2860.0
2024-06-03 09:00:00,464.5,465.0,443.0,444.25,1979.0
2024-06-03 10:00:00,444.5,466.25,444.25,466.0,0.0
2024-06-03 11:00:00,466.0,467.0,444.25,445.5,16446.0
2024-06-03 12:00:00,445.5,469.75,445.25,469.25,6762.0
2024-06-03 13:00:00,469.25,469.5,442.0,442.25,33076.0
2024-06-03 14:00:00,442.25,463.75,439.25,439.5,48390.0
2024-06-03 15:00:00,439.5,462.75,439.0,440.5,29404.0
2024-06-03 16:00:00,462.0,463.75,440.0,441.0,30493.0
2024-06-03 17:00:00,441.0,463.25,440.75,463.0,0.0
2024-06-03 18:00:00,443.5,464.0,442.5,443.0,134550.0
2024-06-04 00:00:00,461.25,462.25,441.0,441.75,0.0
2024-06-04 01:00:00,441.75,461.0,441.25,441.5,5113.0
2024-06-04 02:00:00,441.5,460.5,441.25,441.75,764.0
2024-06-04 03:00:00,460.5,460.75,441.5,441.5,557.0
2024-06-04 04:00:00,441.5,460.75,441.5,441.75,477.0
2024-06-04 05:00:00,441.75,460.75,441.5,441.75,912.0
2024-06-04 06:00:00,441.75,461.5,441.5,461.25,0.0
2024-06-04 07:00:00,442.0,461.5,441.25,461.25,782.0
2024-06-04 08:00:00,441.75,462.5,441.5,461.25,14991.0
2024-06-04 09:00:00,441.75,462.0,441.75,442.5,2016.0
2024-06-04 10:00:00,461.75,461.75,441.25,441.25,1775.0
2024-06-04 11:00:00,441.25,461.5,441.25,441.5,1615.0
2024-06-04 12:00:00,441.75,461.75,441.25,442.25,2528.0
2024-06-04 13:00:00,461.75,462.25,440.0,442.75,37553.0
2024-06-04 14:00:00,443.0,465.5,442.75,447.25,40696.0
2024-06-04 15:00:00,447.5,466.5,442.5,442.75,38300.0
2024-06-04 16:00:00,442.75,463.75,442.25,443.25,19338.0
2024-06-04 17:00:00,462.75,463.5,442.0,442.5,15996.0
2024-06-04 18:00:00,442.5,462.5,441.5,442.0,0.0
2024-06-05 00:00:00,462.25,463.0,442.0,463.0,0.0
2024-06-05 01:00:00,442.75,463.0,442.25,463.0,573.0
2024-06-05 02:00:00,442.75,463.0,442.25,442.75,2971.0
2024-06-05 03:00:00,442.75,463.0,442.5,442.75,529.0
2024-06-05 04:00:00,442.75,463.0,442.25,462.75,0.0
2024-06-05 05:00:00,442.75,462.75,442.25,442.25,4440.0
2024-06-05 06:00:00,442.25,462.5,441.5,442.0,0.0
2024-06-05 07:00:00,442.0,462.25,441.0,441.0,6513.0
2024-06-05 08:00:00,461.25,461.75,441.0,441.5,1465.0
2024-06-05 09:00:00,441.5,462.5,440.5,440.75,1650.0
2024-06-05 10:00:00,440.75,461.0,439.5,440.5,3823.0
2024-06-05 11:00:00,440.5,461.25,440.25,440.75,1639.0
2024-06-05 12:00:00,440.5,463.0,440.5,462.75,0.0
2024-06-05 13:00:00,462.5,463.0,440.0,440.25,31812.0
2024-06-05 14:00:00,440.5,464.25,439.75,441.25,28943.0
2024-06-05 15:00:00,441.5,462.0,439.0,440.0,28250.0
2024-06-05 16:00:00,460.75,460.75,438.25,438.75,21061.0
2024-06-05 17:00:00,438.75,461.0,438.25,439.5,17737.0
2024-06-05 18:00:00,460.25,460.25,438.5,439.25,20430.0
2024-06-06 00:00:00,459.0,460.5,438.75,440.25,0.0
2024-06-06 01:00:00,440.5,460.25,440.25,441.25,878.0
2024-06-06 02:00:00,441.5,460.5,441.0,441.5,464.0
2024-06-06 03:00:00,441.5,460.5,441.5,441.75,239.0
2024-06-06 04:00:00,441.5,461.25,441.5,442.25,1206.0
2024-06-06 05:00:00,442.25,462.0,442.25,443.25,712.0
2024-06-06 06:00:00,443.25,462.25,442.75,443.5,1264.0
2024-06-06 07:00:00,443.5,462.5,443.25,462.25,0.0
2024-06-06 08:00:00,462.0,462.5,443.0,443.25,9991.0
2024-06-06 09:00:00,462.0,463.0,443.0,462.5,0.0
2024-06-06 10:00:00,443.75,463.75,443.25,444.75,13105.0
2024-06-06 11:00:00,444.5,465.0,444.5,445.0,6175.0
2024-06-06 12:00:00,445.0,464.75,444.25,444.25,4735.0
2024-06-06 13:00:00,444.5,467.75,443.75,448.75,39427.0
2024-06-06 14:00:00,449.0,469.75,448.25,449.5,46385.0
2024-06-06 15:00:00,467.5,469.75,449.25,450.0,35558.0
2024-06-06 16:00:00,449.75,468.0,448.25,449.25,23511.0
2024-06-06 17:00:00,449.0,469.5,448.5,452.25,29531.0
2024-06-06 18:00:00,452.0,470.75,451.25,453.25,30238.0
2024-06-07 00:00:00,452.0,471.75,452.0,453.5,0.0
2024-06-07 01:00:00,453.25,471.25,452.5,470.25,0.0
2024-06-07 02:00:00,452.5,470.0,451.0,451.0,7460.0
2024-06-07 03:00:00,451.0,469.0,450.75,450.75,1624.0
2024-06-07 04:00:00,450.75,469.25,450.75,451.25,335.0
2024-06-07 05:00:00,451.25,470.0,451.0,468.75,0.0
2024-06-07 06:00:00,451.0,469.0,450.5,451.0,8933.0
2024-06-07 07:00:00,451.0,468.75,449.75,468.0,0.0
2024-06-07 08:00:00,468.0,468.25,449.75,450.25,10541.0
2024-06-07 09:00:00,450.25,468.25,449.75,450.25,1828.0
2024-06-07 10:00:00,450.5,469.5,449.25,451.5,2811.0
2024-06-07 11:00:00,451.5,469.0,449.5,449.75,3115.0
2024-06-07 12:00:00,449.75,468.25,447.75,468.0,0.0
2024-06-07 13:00:00,468.0,468.5,445.0,463.5,17440.0
2024-06-07 14:00:00,463.5,465.5,444.5,445.5,62938.0
2024-06-07 15:00:00,463.75,465.75,444.75,464.75,0.0
2024-06-07 16:00:00,464.75,465.5,444.25,465.25,11388.0
2024-06-07 17:00:00,465.0,467.5,445.75,448.75,101937.0
2024-06-07 18:00:00,448.75,468.5,448.25,467.5,0.0
2024-06-10 00:00:00,448.75,470.0,448.5,450.25,4399.0
2024-06-10 01:00:00,450.25,470.5,450.25,470.5,0.0
2024-06-10 02:00:00,451.25,470.5,450.75,470.25,761.0
2024-06-10 03:00:00,470.5,470.5,451.0,451.0,2457.0
2024-06-10 04:00:00,451.0,470.5,450.75,450.75,612.0
2024-06-10 05:00:00,470.0,470.25,450.5,450.5,2063.0
2024-06-10 06:00:00,450.75,470.25,450.0,450.25,634.0
2024-06-10 07:00:00,450.5,469.75,449.75,469.5,0.0
2024-06-10 08:00:00,450.25,469.75,449.0,449.25,4032.0
2024-06-10 09:00:00,449.25,469.75,449.25,450.5,2099.0
2024-06-10 10:00:00,450.5,470.0,450.5,451.25,4845.0
2024-06-10 11:00:00,451.5,470.0,449.75,468.0,0.0
2024-06-10 12:00:00,450.25,470.25,449.5,451.75,8885.0
2024-06-10 13:00:00,451.75,470.0,447.75,450.75,35855.0
2024-06-10 14:00:00,469.0,469.5,449.25,450.25,32717.0
2024-06-10 15:00:00,468.0,469.0,449.0,451.0,16951.0
2024-06-10 16:00:00,469.0,470.0,450.25,452.25,17064.0
2024-06-10 17:00:00,469.75,470.0,451.5,451.5,17423.0
2024-06-10 18:00:00,469.0,469.0,451.0,467.5,0.0
2024-06-11 00:00:00,450.75,469.25,450.5,453.0,0.0
2024-06-11 01:00:00,452.75,469.75,452.75,453.25,1934.0
2024-06-11 02:00:00,453.25,469.5,452.5,453.0,623.0
2024-06-11 03:00:00,452.75,469.75,452.75,453.25,570.0
2024-06-11 04:00:00,453.5,470.0,453.0,453.5,0.0
2024-06-11 05:00:00,453.5,470.75,453.0,453.25,9083.0
2024-06-11 06:00:00,453.25,470.0,453.0,453.25,474.0
2024-06-11 07:00:00,453.25,470.0,453.0,453.0,997.0
2024-06-11 08:00:00,453.25,470.75,452.75,470.25,0.0
2024-06-11 09:00:00,470.25,471.0,452.25,470.0,1659.0
2024-06-11 10:00:00,452.75,471.25,452.0,453.5,19068.0
2024-06-11 11:00:00,453.5,470.75,452.25,469.75,0.0
2024-06-11 12:00:00,452.25,470.25,452.0,470.0,3626.0
2024-06-11 13:00:00,452.0,470.0,450.25,451.25,43086.0
2024-06-11 14:00:00,468.25,470.25,450.5,452.75,30085.0
2024-06-11 15:00:00,469.0,469.0,452.0,453.5,49233.0
2024-06-11 16:00:00,453.5,470.75,453.25,454.0,28221.0
2024-06-11 17:00:00,468.5,468.75,450.25,451.0,28817.0
2024-06-11 18:00:00,466.0,466.25,449.0,449.25,0.0
2024-06-12 00:00:00,464.5,465.0,448.5,464.5,0.0
2024-06-12 01:00:00,464.25,465.0,449.0,465.0,2285.0
2024-06-12 02:00:00,449.5,464.75,449.0,449.5,630.0
2024-06-12 03:00:00,449.5,464.75,449.25,449.5,744.0
2024-06-12 04:00:00,449.5,464.75,449.25,449.5,46.0
2024-06-12 05:00:00,449.5,465.75,449.5,450.25,1338.0
2024-06-12 06:00:00,450.0,466.0,449.75,450.5,1787.0
2024-06-12 07:00:00,450.5,467.5,450.5,467.25,0.0
2024-06-12 08:00:00,452.0,467.5,451.5,467.0,1298.0
2024-06-12 09:00:00,452.0,467.75,451.75,452.5,8819.0
2024-06-12 10:00:00,452.5,468.0,452.0,452.0,1299.0
2024-06-12 11:00:00,452.0,467.5,451.0,466.5,0.0
2024-06-12 12:00:00,451.25,468.25,451.0,467.5,11474.0
2024-06-12 13:00:00,452.0,469.0,451.0,452.5,26178.0
2024-06-12 14:00:00,452.5,468.25,451.75,453.75,27704.0
2024-06-12 15:00:00,453.75,468.0,451.5,453.25,26734.0
2024-06-12 16:00:00,453.5,467.75,448.5,449.0,65791.0
2024-06-12 17:00:00,463.25,467.75,448.75,467.25,0.0
2024-06-12 18:00:00,467.25,469.25,452.25,467.75,121793.0
2024-06-13 00:00:00,468.5,471.25,453.5,470.5,0.0
2024-06-13 01:00:00,470.5,470.75,455.0,470.5,929.0
2024-06-13 02:00:00,455.75,471.0,455.0,455.5,7742.0
2024-06-13 03:00:00,455.5,470.75,455.25,470.25,0.0
2024-06-13 04:00:00,455.75,470.5,455.5,455.75,7330.0
2024-06-13 05:00:00,456.0,470.5,455.0,455.25,564.0
2024-06-13 06:00:00,455.0,470.25,454.75,469.25,0.0
2024-06-13 07:00:00,454.75,471.0,454.75,456.5,11717.0
2024-06-13 08:00:00,456.75,471.0,455.75,470.75,0.0
2024-06-13 09:00:00,457.0,471.5,456.75,457.25,14829.0
2024-06-13 10:00:00,457.25,472.0,456.75,471.75,0.0
2024-06-13 11:00:00,471.75,473.25,457.25,472.5,3063.0
2024-06-13 12:00:00,458.0,474.0,458.0,473.75,22740.0
2024-06-13 13:00:00,458.75,476.5,457.75,458.5,55655.0
2024-06-13 14:00:00,458.75,475.75,457.0,458.75,49349.0
2024-06-13 15:00:00,474.25,475.25,458.0,458.0,31236.0
2024-06-13 16:00:00,458.0,475.75,457.25,459.0,28804.0
2024-06-13 17:00:00,459.0,476.0,457.75,459.0,23994.0
2024-06-13 18:00:00,458.75,476.5,457.5,458.25,31931.0
2024-06-14 00:00:00,458.0,475.75,455.5,474.0,0.0
2024-06-14 01:00:00,473.75,474.5,456.0,474.0,573.0
2024-06-14 02:00:00,456.5,474.25,456.0,456.25,3405.0
2024-06-14 03:00:00,456.25,474.25,456.25,456.25,321.0
2024-06-14 04:00:00,474.0,474.25,456.0,474.0,0.0
2024-06-14 05:00:00,456.5,474.25,456.0,474.25,145.0
2024-06-14 06:00:00,456.5,475.25,456.5,457.25,4866.0
2024-06-14 07:00:00,457.5,475.0,456.5,457.25,2169.0
2024-06-14 08:00:00,457.25,475.0,456.0,474.0,0.0
2024-06-14 09:00:00,456.25,474.25,456.0,473.75,1418.0
2024-06-14 10:00:00,474.0,475.25,456.25,474.25,983.0
2024-06-14 11:00:00,456.75,474.75,456.25,474.5,983.0
2024-06-14 12:00:00,474.25,474.25,455.25,455.5,1753.0
2024-06-14 13:00:00,473.0,476.75,455.0,476.5,18807.0
2024-06-14 14:00:00,476.75,478.0,454.5,454.5,58535.0
2024-06-14 15:00:00,454.25,474.75,452.25,454.25,40507.0
2024-06-14 16:00:00,454.25,474.5,453.0,473.25,0.0
2024-06-14 17:00:00,473.5,473.75,450.25,450.75,77694.0
2024-06-14 18:00:00,450.75,471.0,448.0,448.5,0.0
2024-06-17 00:00:00,448.0,470.0,444.75,469.5,9313.0
2024-06-17 01:00:00,449.25,469.5,447.75,468.0,1142.0
2024-06-17 02:00:00,447.75,468.0,447.25,447.25,0.0
2024-06-17 03:00:00,467.25,467.75,446.75,467.25,2357.0
2024-06-17 04:00:00,467.25,467.25,447.0,467.0,310.0
2024-06-17 05:00:00,447.25,467.25,445.5,466.0,1019.0
2024-06-17 06:00:00,445.75,467.0,445.5,446.25,0.0
2024-06-17 07:00:00,446.5,467.5,445.75,446.0,1488.0
2024-06-17 08:00:00,466.25,467.0,445.75,466.25,1231.0
2024-06-17 09:00:00,446.0,466.25,445.25,445.25,1143.0
2024-06-17 10:00:00,445.25,466.0,444.75,445.0,1655.0
2024-06-17 11:00:00,445.25,467.25,444.75,466.25,277.0
2024-06-17 12:00:00,466.25,466.5,444.75,464.75,7095.0
2024-06-17 13:00:00,465.5,468.25,445.25,448.0,17852.0
2024-06-17 14:00:00,448.25,467.0,443.25,446.75,35093.0
2024-06-17 15:00:00,447.0,467.25,445.75,445.75,14975.0
2024-06-17 16:00:00,445.75,465.0,443.25,444.25,15143.0
2024-06-17 17:00:00,444.0,464.0,443.75,444.25,11442.0
2024-06-17 18:00:00,444.25,463.75,443.5,463.25,0.0
2024-06-18 00:00:00,444.25,465.25,444.0,445.25,0.0
2024-06-18 01:00:00,445.0,465.5,445.0,465.0,1104.0
2024-06-18 02:00:00,445.25,465.25,444.75,464.75,0.0
2024-06-18 03:00:00,445.25,465.5,445.0,465.5,580.0
2024-06-18 04:00:00,446.0,466.0,445.75,446.0,3113.0
2024-06-18 05:00:00,446.25,465.75,445.75,445.75,326.0
2024-06-18 06:00:00,445.75,465.75,445.5,445.5,627.0
2024-06-18 07:00:00,445.75,465.0,445.25,464.5,0.0
2024-06-18 08:00:00,445.5,465.0,443.75,444.0,5944.0
2024-06-18 09:00:00,444.25,465.75,444.0,465.5,0.0
2024-06-18 10:00:00,446.25,466.0,446.25,447.0,4395.0
2024-06-18 11:00:00,447.0,465.75,445.75,446.0,1714.0
2024-06-18 12:00:00,445.75,466.0,444.75,465.75,0.0
2024-06-18 13:00:00,465.75,468.5,445.5,449.25,37270.0
2024-06-18 14:00:00,449.25,468.0,448.0,466.25,12071.0
2024-06-18 15:00:00,448.75,468.75,448.75,450.0,31071.0
2024-06-18 16:00:00,450.25,468.5,448.75,450.25,16959.0
2024-06-18 17:00:00,450.5,469.25,450.0,467.75,0.0
2024-06-18 18:00:00,450.25,468.75,448.0,448.0,21494.0
2024-06-20 04:00:00,447.5,465.75,446.25,446.25,1144.0
2024-06-20 05:00:00,446.25,464.75,446.0,446.25,415.0
2024-06-20 06:00:00,446.5,466.25,446.25,466.0,502.0
2024-06-20 07:00:00,448.0,466.5,447.75,448.0,2798.0
2024-06-20 08:00:00,465.5,466.25,447.25,465.5,3658.0
2024-06-20 09:00:00,447.5,466.5,447.5,466.5,2501.0
2024-06-20 10:00:00,466.25,466.75,447.75,447.75,1902.0
2024-06-20 11:00:00,465.0,465.25,446.0,463.5,4533.0
2024-06-20 12:00:00,463.5,464.0,445.0,463.0,6583.0
2024-06-20 13:00:00,446.0,465.5,445.5,462.25,26426.0
2024-06-20 14:00:00,462.25,462.5,443.25,460.75,40704.0
2024-06-20 15:00:00,444.25,462.5,443.75,444.5,24345.0
2024-06-20 16:00:00,460.5,460.75,441.0,457.75,14790.0
2024-06-20 17:00:00,458.0,458.25,439.25,457.25,28630.0
2024-06-20 18:00:00,457.25,458.25,439.5,439.75,0.0
2024-06-21 00:00:00,440.0,458.0,439.75,440.5,2812.0
2024-06-21 01:00:00,440.25,458.0,440.0,457.75,917.0
2024-06-21 02:00:00,440.25,458.5,440.25,458.5,698.0
2024-06-21 03:00:00,441.25,458.75,440.75,441.25,1519.0
2024-06-21 04:00:00,458.5,458.75,441.0,441.75,334.0
2024-06-21 05:00:00,458.75,459.0,441.5,441.75,691.0
2024-06-21 06:00:00,459.0,459.0,440.5,458.0,0.0
2024-06-21 07:00:00,441.0,459.0,441.0,459.0,2386.0
2024-06-21 08:00:00,442.0,459.25,441.25,441.25,1922.0
2024-06-21 09:00:00,441.25,458.5,440.75,441.0,1684.0
2024-06-21 10:00:00,440.75,458.25,440.75,458.25,0.0
2024-06-21 11:00:00,441.5,459.5,441.5,442.5,1973.0
2024-06-21 12:00:00,442.25,459.25,440.0,440.5,9831.0
2024-06-21 13:00:00,441.0,458.0,435.75,454.0,22785.0
2024-06-21 14:00:00,437.5,458.0,437.25,457.5,30692.0
2024-06-21 15:00:00,440.25,458.25,438.0,439.25,39150.0
2024-06-21 16:00:00,439.25,458.5,436.5,455.25,5309.0
2024-06-21 17:00:00,455.25,455.25,435.0,453.0,13124.0
2024-06-21 18:00:00,453.25,454.25,434.25,435.25,53125.0
2024-06-24 00:00:00,454.25,454.5,433.5,433.5,4126.0
2024-06-24 01:00:00,433.5,453.75,433.5,435.0,1445.0
2024-06-24 02:00:00,434.75,454.5,434.75,435.5,907.0
2024-06-24 03:00:00,435.5,454.75,435.5,454.75,2358.0
2024-06-24 04:00:00,435.5,455.0,435.5,454.75,854.0
2024-06-24 05:00:00,454.75,454.75,434.75,453.5,1279.0
2024-06-24 06:00:00,435.0,453.75,434.25,434.5,236.0
2024-06-24 07:00:00,452.5,453.5,434.25,453.25,4730.0
2024-06-24 08:00:00,435.75,453.5,434.5,434.5,391.0
2024-06-24 09:00:00,452.0,453.0,434.5,435.5,1003.0
2024-06-24 10:00:00,452.75,452.75,434.5,434.5,1814.0
2024-06-24 11:00:00,434.5,451.75,433.0,450.25,4692.0
2024-06-24 12:00:00,433.0,450.5,430.25,448.5,9484.0
2024-06-24 13:00:00,449.0,449.5,425.0,446.5,51255.0
2024-06-24 14:00:00,446.25,446.5,425.75,426.75,0.0
2024-06-24 15:00:00,444.75,448.0,426.5,447.25,59527.0
2024-06-24 16:00:00,447.0,450.0,428.25,448.25,19833.0
2024-06-24 17:00:00,448.25,450.25,428.75,449.75,15290.0
2024-06-24 18:00:00,450.0,452.25,431.0,433.25,0.0
2024-06-25 00:00:00,433.5,453.0,432.25,451.75,6760.0
2024-06-25 01:00:00,451.5,451.5,432.25,432.5,0.0
2024-06-25 02:00:00,450.5,450.75,432.0,432.0,1400.0
2024-06-25 03:00:00,450.25,450.75,432.0,450.75,2760.0
2024-06-25 04:00:00,450.5,450.75,432.0,450.0,350.0
2024-06-25 05:00:00,450.0,450.25,430.5,448.5,1484.0
2024-06-25 06:00:00,448.75,449.0,430.5,431.0,0.0
2024-06-25 07:00:00,430.75,449.25,430.25,430.25,1455.0
2024-06-25 08:00:00,430.25,448.75,429.75,430.0,1700.0
2024-06-25 09:00:00,448.0,448.0,428.75,430.0,2425.0
2024-06-25 10:00:00,430.0,448.25,429.5,430.5,1240.0
2024-06-25 11:00:00,430.5,448.0,428.5,428.75,2222.0
2024-06-25 12:00:00,446.0,446.25,428.0,428.5,1778.0
2024-06-25 13:00:00,446.5,446.5,423.5,443.25,46617.0
2024-06-25 14:00:00,443.0,444.25,423.5,443.0,35046.0
2024-06-25 15:00:00,425.5,445.5,425.25,426.75,0.0
2024-06-25 16:00:00,426.5,445.25,425.25,425.5,20614.0
2024-06-25 17:00:00,425.75,444.0,424.5,443.5,49157.0
2024-06-25 18:00:00,443.5,444.25,423.75,441.5,22903.0
2024-06-26 00:00:00,425.0,444.25,424.0,444.0,0.0
2024-06-26 01:00:00,444.0,445.5,426.5,444.75,2969.0
2024-06-26 02:00:00,444.5,446.75,427.5,446.75,1531.0
2024-06-26 03:00:00,447.0,447.0,446.5,447.0,672.0
2024-06-26 04:00:00,446.75,447.0,445.75,446.0,951.0
2024-06-26 05:00:00,446.25,446.5,445.25,445.25,1543.0
2024-06-26 06:00:00,445.25,445.5,443.75,444.75,2412.0
2024-06-26 07:00:00,444.5,445.0,443.75,444.25,1252.0
2024-06-26 08:00:00,444.5,445.0,443.75,444.25,1978.0
2024-06-26 09:00:00,444.25,444.25,443.0,443.75,1287.0
2024-06-26 10:00:00,444.0,445.0,443.25,444.0,2278.0
2024-06-26 11:00:00,444.0,445.5,443.75,444.5,5003.0
2024-06-26 12:00:00,444.5,445.25,442.75,443.0,4113.0
2024-06-26 13:00:00,443.0,443.25,440.0,442.25,29887.0
2024-06-26 14:00:00,442.0,445.5,440.0,444.75,39539.0
2024-06-26 15:00:00,444.75,445.0,442.25,443.0,26756.0
2024-06-26 16:00:00,443.0,443.25,440.75,441.25,20043.0
2024-06-26 17:00:00,441.25,441.5,437.75,438.5,32799.0
2024-06-26 18:00:00,438.5,438.5,435.5,435.75,30040.0
2024-06-27 00:00:00,436.75,437.5,435.75,436.5,0.0
2024-06-27 01:00:00,436.5,437.25,435.5,435.5,1579.0
2024-06-27 02:00:00,435.25,435.5,434.25,434.75,4471.0
2024-06-27 03:00:00,435.0,435.5,434.75,435.25,813.0
2024-06-27 04:00:00,435.5,435.5,434.75,435.0,542.0
2024-06-27 05:00:00,434.75,435.0,434.5,434.75,611.0
2024-06-27 06:00:00,435.0,435.0,433.5,433.5,2281.0
2024-06-27 07:00:00,433.5,434.0,433.25,433.5,2269.0
2024-06-27 08:00:00,433.5,434.75,433.5,434.5,1543.0
2024-06-27 09:00:00,434.75,436.75,434.25,434.75,2687.0
2024-06-27 10:00:00,434.75,435.25,434.5,435.0,1031.0
2024-06-27 11:00:00,435.25,435.25,433.25,434.5,3156.0
2024-06-27 12:00:00,434.5,437.75,434.5,436.75,7056.0
2024-06-27 13:00:00,437.0,438.0,435.0,436.75,29656.0
2024-06-27 14:00:00,436.5,437.0,433.25,434.75,30534.0
2024-06-27 15:00:00,434.75,436.75,433.25,433.5,23351.0
2024-06-27 16:00:00,433.25,435.5,433.0,435.0,26927.0
2024-06-27 17:00:00,434.75,435.25,433.25,434.0,33428.0
2024-06-27 18:00:00,434.0,434.75,433.25,433.75,32253.0
2024-06-28 00:00:00,434.0,435.5,433.75,434.0,0.0
2024-06-28 01:00:00,434.0,434.75,434.0,434.75,330.0
2024-06-28 02:00:00,434.5,434.75,434.25,434.5,439.0
2024-06-28 03:00:00,434.5,435.25,434.5,435.25,386.0
2024-06-28 04:00:00,435.0,435.25,434.5,434.5,423.0
2024-06-28 05:00:00,434.5,434.75,434.5,434.5,333.0
2024-06-28 06:00:00,434.5,435.25,434.25,435.0,847.0
2024-06-28 07:00:00,434.75,435.75,434.75,435.75,1744.0
2024-06-28 08:00:00,435.75,436.0,434.5,436.0,1712.0
2024-06-28 09:00:00,436.0,436.5,435.5,435.75,3343.0
2024-06-28 10:00:00,435.75,436.0,434.75,435.5,1873.0
2024-06-28 11:00:00,435.5,435.75,433.0,433.75,3367.0
2024-06-28 12:00:00,433.5,434.0,433.0,433.25,3588.0
2024-06-28 13:00:00,434.0,434.25,432.0,433.25,25890.0
2024-06-28 14:00:00,433.0,437.0,432.75,437.0,30803.0
2024-06-28 15:00:00,436.75,439.0,436.25,439.0,26115.0
2024-06-28 16:00:00,439.0,441.0,412.0,418.5,181519.0
2024-06-28 17:00:00,418.5,422.25,417.75,420.25,41360.0
2024-06-28 18:00:00,420.5,421.75,420.0,421.5,43155.0
2024-07-01 00:00:00,419.5,422.5,416.75,422.5,9663.0
2024-07-01 01:00:00,422.25,422.5,420.0,421.5,1228.0
2024-07-01 02:00:00,421.25,421.75,420.75,421.5,390.0
2024-07-01 03:00:00,421.5,421.75,421.25,421.5,355.0
2024-07-01 04:00:00,421.5,421.75,421.25,421.75,251.0
2024-07-01 05:00:00,422.0,422.0,421.25,421.5,362.0
2024-07-01 06:00:00,421.25,423.0,421.25,422.5,1232.0
2024-07-01 07:00:00,422.75,423.25,421.5,421.75,1560.0
2024-07-01 08:00:00,421.5,421.5,418.5,419.5,1972.0
2024-07-01 09:00:00,419.5,419.75,418.75,419.75,2532.0
2024-07-01 10:00:00,419.75,420.0,418.5,418.75,1397.0
2024-07-01 11:00:00,418.75,420.0,416.75,418.0,4889.0
2024-07-01 12:00:00,418.25,418.25,416.0,416.5,5955.0
2024-07-01 13:00:00,417.5,420.5,415.0,416.75,32882.0
2024-07-01 14:00:00,416.5,419.25,414.75,416.5,28115.0
2024-07-01 15:00:00,416.25,420.0,416.25,417.25,18566.0
2024-07-01 16:00:00,417.25,417.75,415.75,417.5,12711.0
2024-07-01 17:00:00,417.5,421.0,417.5,420.5,14454.0
2024-07-01 18:00:00,420.5,421.75,420.0,421.5,21207.0
2024-07-02 00:00:00,421.75,422.75,419.5,420.0,0.0
2024-07-02 01:00:00,419.75,421.0,419.75,421.0,1683.0
2024-07-02 02:00:00,421.0,421.5,420.75,421.0,842.0
2024-07-02 03:00:00,421.0,421.25,421.0,421.25,77.0
2024-07-02 04:00:00,421.0,421.25,420.25,420.25,430.0
2024-07-02 05:00:00,420.25,420.75,420.0,420.75,724.0
2024-07-02 06:00:00,420.5,421.0,419.75,420.5,4925.0
2024-07-02 07:00:00,420.5,421.5,420.25,421.25,1316.0
2024-07-02 08:00:00,421.5,423.0,421.25,422.25,3957.0
2024-07-02 09:00:00,422.25,422.75,422.0,422.5,2464.0
2024-07-02 10:00:00,422.75,423.25,422.25,422.5,3140.0
2024-07-02 11:00:00,422.5,424.75,422.25,424.75,4243.0
2024-07-02 12:00:00,424.75,425.75,423.75,424.0,7843.0
2024-07-02 13:00:00,424.5,426.5,423.75,425.0,38833.0
2024-07-02 14:00:00,425.0,425.25,422.5,424.0,20063.0
2024-07-02 15:00:00,424.0,424.25,421.5,421.75,16963.0
2024-07-02 16:00:00,421.75,421.75,420.0,420.75,11717.0
2024-07-02 17:00:00,420.5,421.5,420.25,420.75,10251.0
2024-07-02 18:00:00,420.75,421.75,420.5,421.25,14417.0
2024-07-03 00:00:00,421.0,421.75,420.5,421.75,0.0
2024-07-03 01:00:00,421.5,421.75,421.25,421.25,839.0
2024-07-03 02:00:00,421.5,421.5,420.0,420.25,768.0
2024-07-03 03:00:00,420.25,420.75,420.0,420.0,287.0
2024-07-03 13:30:00,420.25,420.75,417.5,419.25,16945.0
2024-07-03 14:30:00,419.25,421.25,417.5,420.5,22070.0
2024-07-03 15:30:00,420.0,420.25,418.25,419.25,14001.0
2024-07-03 16:30:00,419.25,421.75,419.0,420.75,10925.0
2024-07-03 17:00:00,420.75,422.0,420.0,420.25,8488.0
2024-07-05 13:00:00,419.75,424.75,419.5,424.5,22653.0
2024-07-05 14:00:00,424.25,425.75,422.75,423.0,24657.0
2024-07-05 15:00:00,423.0,424.5,422.75,424.25,9828.0
2024-07-05 16:00:00,424.5,425.5,424.0,424.25,10165.0
2024-07-05 17:00:00,424.25,424.5,423.75,424.0,8337.0
2024-07-05 18:00:00,424.0,424.75,423.75,424.25,17070.0
2024-07-08 00:00:00,423.0,423.75,421.75,422.5,3886.0
2024-07-08 01:00:00,422.25,423.0,421.5,421.75,1573.0
2024-07-08 02:00:00,421.75,422.25,421.5,421.5,650.0
2024-07-08 03:00:00,421.5,422.0,421.5,421.75,241.0
2024-07-08 04:00:00,421.75,422.0,421.0,421.25,300.0
2024-07-08 05:00:00,421.25,421.25,420.0,420.0,1943.0
2024-07-08 06:00:00,420.25,420.25,419.0,419.25,1232.0
2024-07-08 07:00:00,419.0,420.5,419.0,419.75,2096.0
2024-07-08 08:00:00,419.5,420.0,419.0,419.75,3290.0
2024-07-08 09:00:00,419.5,419.75,418.25,418.5,4645.0
2024-07-08 10:00:00,418.5,419.75,418.25,418.75,1683.0
2024-07-08 11:00:00,418.75,419.0,418.0,418.0,1625.0
2024-07-08 12:00:00,417.75,418.0,416.5,417.25,6761.0
2024-07-08 13:00:00,417.0,417.5,412.0,412.25,27920.0
2024-07-08 14:00:00,412.5,413.5,410.5,411.0,24981.0
2024-07-08 15:00:00,411.0,411.0,407.5,408.25,24872.0
2024-07-08 16:00:00,408.25,408.5,406.0,406.5,32755.0
2024-07-08 17:00:00,406.75,408.25,405.75,408.25,24476.0
2024-07-08 18:00:00,408.25,409.0,407.0,407.5,0.0
2024-07-09 00:00:00,408.25,408.75,407.0,408.0,6339.0
2024-07-09 01:00:00,408.25,408.25,407.5,407.75,3508.0
2024-07-09 02:00:00,408.0,408.0,407.75,407.75,538.0
2024-07-09 03:00:00,407.5,408.0,407.5,407.75,659.0
2024-07-09 04:00:00,407.75,408.0,407.5,408.0,682.0
2024-07-09 05:00:00,407.75,408.25,407.75,408.0,514.0
2024-07-09 06:00:00,408.0,408.5,408.0,408.5,829.0
2024-07-09 07:00:00,408.25,409.0,408.25,408.5,770.0
2024-07-09 08:00:00,408.5,408.5,406.5,407.0,3659.0
2024-07-09 09:00:00,406.75,408.25,406.75,407.25,4269.0
2024-07-09 10:00:00,407.0,408.5,407.0,408.0,1464.0
2024-07-09 11:00:00,408.0,408.25,406.25,407.5,2618.0
2024-07-09 12:00:00,407.5,410.0,407.25,409.0,5136.0
2024-07-09 13:00:00,409.25,411.75,408.75,410.25,27976.0
2024-07-09 14:00:00,410.5,412.5,408.25,412.5,29979.0
2024-07-09 15:00:00,412.5,412.75,409.5,409.5,25500.0
2024-07-09 16:00:00,409.25,410.75,409.0,409.75,14835.0
2024-07-09 17:00:00,409.75,410.5,408.25,408.5,19654.0
2024-07-09 18:00:00,408.25,409.0,407.5,408.0,17773.0
2024-07-10 00:00:00,408.25,408.25,407.0,408.0,0.0
2024-07-10 01:00:00,408.0,408.25,406.5,407.0,3701.0
2024-07-10 02:00:00,407.0,407.5,407.0,407.25,1627.0
2024-07-10 03:00:00,407.25,407.25,406.5,406.5,868.0
2024-07-10 04:00:00,406.5,407.25,406.5,407.25,501.0
2024-07-10 05:00:00,407.25,407.75,407.0,407.5,760.0
2024-07-10 06:00:00,407.5,407.75,407.25,407.75,346.0
2024-07-10 07:00:00,407.5,408.5,407.0,407.25,2775.0
2024-07-10 08:00:00,407.0,407.75,406.75,407.25,2248.0
2024-07-10 09:00:00,407.0,407.25,406.25,406.75,2840.0
2024-07-10 10:00:00,406.5,406.75,406.0,406.5,3324.0
2024-07-10 11:00:00,406.5,406.75,406.0,406.5,3215.0
2024-07-10 12:00:00,406.5,407.75,406.5,407.0,4582.0
2024-07-10 13:00:00,408.0,408.25,404.0,404.75,62363.0
2024-07-10 14:00:00,404.75,407.75,404.25,407.5,29695.0
2024-07-10 15:00:00,407.5,409.25,406.5,409.0,31564.0
2024-07-10 16:00:00,409.0,409.0,406.5,406.75,19060.0
2024-07-10 17:00:00,406.75,409.25,406.75,408.5,23511.0
2024-07-10 18:00:00,408.25,408.5,407.0,407.5,23956.0
2024-07-11 00:00:00,407.0,409.5,406.25,409.5,0.0
2024-07-11 01:00:00,409.25,410.0,409.25,409.5,6264.0
2024-07-11 02:00:00,409.75,409.75,409.0,409.75,19239.0
2024-07-11 03:00:00,409.75,411.0,409.25,410.5,5273.0
2024-07-11 04:00:00,410.5,410.75,410.0,410.25,2143.0
2024-07-11 05:00:00,410.5,410.5,409.75,409.75,1915.0
2024-07-11 06:00:00,409.5,409.75,408.0,408.75,2778.0
2024-07-11 07:00:00,408.75,408.75,408.25,408.5,1653.0
2024-07-11 08:00:00,408.5,409.0,408.25,408.75,1771.0
2024-07-11 09:00:00,408.75,410.75,408.75,410.5,3624.0
2024-07-11 10:00:00,410.5,411.25,409.75,410.25,2968.0
2024-07-11 11:00:00,410.0,411.75,410.0,411.0,4675.0
2024-07-11 12:00:00,411.0,412.25,410.75,411.75,8843.0
2024-07-11 13:00:00,411.75,413.0,410.0,411.75,39018.0
2024-07-11 14:00:00,411.75,413.0,410.75,412.5,15711.0
2024-07-11 15:00:00,412.75,413.25,409.75,410.5,21649.0
2024-07-11 16:00:00,410.25,410.75,408.5,409.25,17875.0
2024-07-11 17:00:00,409.0,411.0,408.75,410.5,17329.0
2024-07-11 18:00:00,410.5,411.5,410.5,411.0,16004.0
2024-07-12 00:00:00,410.25,411.0,409.0,409.5,0.0
2024-07-12 01:00:00,409.25,410.0,409.0,409.5,1353.0
2024-07-12 02:00:00,409.75,410.5,409.5,410.0,557.0
2024-07-12 03:00:00,410.0,410.0,409.75,410.0,238.0
2024-07-12 04:00:00,410.0,410.5,409.75,410.0,241.0
2024-07-12 05:00:00,410.0,410.25,409.5,409.75,380.0
2024-07-12 06:00:00,410.0,410.0,409.5,409.75,214.0
2024-07-12 07:00:00,409.5,409.5,407.75,408.5,1677.0
2024-07-12 08:00:00,408.5,409.0,407.5,408.25,3261.0
2024-07-12 09:00:00,408.25,408.25,406.5,407.25,2308.0
2024-07-12 10:00:00,407.25,407.5,406.75,407.0,996.0
2024-07-12 11:00:00,406.75,407.75,406.75,407.25,2052.0
2024-07-12 12:00:00,407.25,408.0,406.5,407.25,2846.0
2024-07-12 13:00:00,407.5,407.5,405.0,405.75,17987.0
2024-07-12 14:00:00,405.75,407.0,404.0,404.25,28407.0
2024-07-12 15:00:00,404.25,405.0,403.0,404.5,26257.0
2024-07-12 16:00:00,404.75,416.5,404.0,412.0,76189.0
2024-07-12 17:00:00,412.0,416.0,411.75,415.75,27948.0
2024-07-12 18:00:00,415.75,416.5,414.5,416.25,34203.0
2024-07-15 00:00:00,416.0,416.0,411.75,412.0,9385.0
2024-07-15 01:00:00,411.75,412.0,411.0,412.0,2454.0
2024-07-15 02:00:00,411.75,412.25,411.25,411.25,1733.0
2024-07-15 03:00:00,411.25,411.75,411.0,411.5,466.0
2024-07-15 04:00:00,411.5,411.75,411.0,411.0,946.0
2024-07-15 05:00:00,411.0,411.5,410.5,411.0,1389.0
2024-07-15 06:00:00,411.25,411.25,410.75,411.0,2979.0
2024-07-15 07:00:00,410.75,411.0,410.0,410.0,3948.0
2024-07-15 08:00:00,410.25,410.75,409.75,410.0,4457.0
2024-07-15 09:00:00,410.25,410.5,409.75,410.0,2189.0
2024-07-15 10:00:00,410.0,410.25,409.0,409.5,3691.0
2024-07-15 11:00:00,409.5,410.0,408.0,408.5,3534.0
2024-07-15 12:00:00,408.5,409.25,408.0,409.0,5074.0
2024-07-15 13:00:00,409.25,412.75,408.25,411.5,28102.0
2024-07-15 14:00:00,411.25,411.75,409.0,409.75,16814.0
2024-07-15 15:00:00,409.5,409.75,407.0,407.0,18389.0
2024-07-15 16:00:00,407.25,408.25,405.75,406.25,16446.0
2024-07-15 17:00:00,406.0,406.5,404.25,404.5,17530.0
2024-07-15 18:00:00,404.5,405.25,403.25,403.5,17227.0
2024-07-16 00:00:00,403.25,407.5,403.25,406.5,0.0
2024-07-16 01:00:00,406.5,407.5,406.25,407.0,2411.0
2024-07-16 02:00:00,406.75,407.0,406.25,406.5,1111.0
2024-07-16 03:00:00,406.5,407.0,406.25,406.25,379.0
2024-07-16 04:00:00,406.5,406.5,405.75,406.25,451.0
2024-07-16 05:00:00,406.25,406.5,406.0,406.25,569.0
2024-07-16 06:00:00,406.0,406.0,404.75,405.5,1354.0
2024-07-16 07:00:00,405.5,406.5,405.25,405.75,1512.0
2024-07-16 08:00:00,405.75,407.25,405.5,407.0,2209.0
2024-07-16 09:00:00,406.75,408.75,406.75,408.25,3538.0
2024-07-16 10:00:00,408.0,409.0,408.0,408.75,1912.0
2024-07-16 11:00:00,408.5,408.75,406.75,407.25,3378.0
2024-07-16 12:00:00,407.0,408.0,405.25,406.0,5277.0
2024-07-16 13:00:00,406.0,407.5,404.0,407.25,16735.0
2024-07-16 14:00:00,407.25,409.5,406.5,406.75,24353.0
2024-07-16 15:00:00,406.75,410.0,406.0,409.75,14687.0
2024-07-16 16:00:00,409.75,410.75,409.0,410.0,16022.0
2024-07-16 17:00:00,410.25,410.5,408.0,408.25,17770.0
2024-07-16 18:00:00,408.25,409.25,408.0,408.75,18818.0
2024-07-17 00:00:00,408.75,411.0,408.25,410.5,0.0
2024-07-17 01:00:00,410.5,411.5,410.0,411.0,1763.0
2024-07-17 02:00:00,411.25,411.25,410.75,411.25,248.0
2024-07-17 03:00:00,411.0,411.25,410.75,411.0,944.0
2024-07-17 04:00:00,411.0,411.0,410.5,410.5,143.0
2024-07-17 05:00:00,410.5,410.75,410.5,410.5,431.0
2024-07-17 06:00:00,410.5,411.0,410.25,410.75,1219.0
2024-07-17 07:00:00,410.75,411.5,410.75,411.25,1835.0
2024-07-17 08:00:00,411.0,411.75,410.75,411.5,1255.0
2024-07-17 09:00:00,411.5,412.25,411.5,411.75,1461.0
2024-07-17 10:00:00,411.75,412.25,411.5,412.0,1850.0
2024-07-17 11:00:00,412.0,413.0,411.75,412.25,3079.0
2024-07-17 12:00:00,412.25,412.75,411.25,412.5,3577.0
2024-07-17 13:00:00,412.5,413.25,411.0,412.25,21866.0
2024-07-17 14:00:00,412.0,412.5,409.5,410.75,32674.0
2024-07-17 15:00:00,410.75,411.5,409.5,410.0,10076.0
2024-07-17 16:00:00,409.75,411.25,409.5,411.25,8876.0
2024-07-17 17:00:00,411.25,412.25,410.75,412.25,11149.0
2024-07-17 18:00:00,412.25,412.5,411.25,412.5,23848.0
2024-07-18 00:00:00,412.0,413.0,411.25,412.5,0.0
2024-07-18 01:00:00,412.25,412.5,410.25,410.5,2158.0
2024-07-18 02:00:00,410.25,410.5,409.5,409.75,812.0
2024-07-18 03:00:00,409.5,409.75,409.5,409.75,162.0
2024-07-18 04:00:00,409.5,409.75,408.5,409.0,929.0
2024-07-18 05:00:00,409.0,409.0,408.25,408.5,522.0
2024-07-18 06:00:00,408.5,409.5,408.25,409.25,1120.0
2024-07-18 07:00:00,409.25,410.0,409.0,409.5,1629.0
2024-07-18 08:00:00,409.5,409.75,408.75,409.5,2213.0
2024-07-18 09:00:00,409.5,409.75,408.25,409.25,1468.0
2024-07-18 10:00:00,409.25,409.5,408.75,409.25,1179.0
2024-07-18 11:00:00,409.25,410.0,409.25,409.75,1723.0
2024-07-18 12:00:00,409.75,410.0,409.25,409.75,2471.0
2024-07-18 13:00:00,410.0,410.0,406.5,407.0,19817.0
2024-07-18 14:00:00,407.0,408.0,404.5,406.0,28414.0
2024-07-18 15:00:00,405.5,406.75,404.5,405.75,13144.0
2024-07-18 16:00:00,405.75,407.25,405.25,405.25,9545.0
2024-07-18 17:00:00,405.25,405.75,404.5,405.0,8235.0
2024-07-18 18:00:00,404.75,405.5,404.25,405.25,19655.0
2024-07-19 00:00:00,405.0,405.25,404.0,405.0,0.0
2024-07-19 01:00:00,405.0,405.25,404.5,405.0,1279.0
2024-07-19 02:00:00,405.0,406.0,405.0,406.0,903.0
2024-07-19 03:00:00,406.0,406.0,405.75,406.0,255.0
2024-07-19 04:00:00,406.0,406.25,405.75,406.0,99.0
2024-07-19 05:00:00,406.0,406.25,405.0,405.75,1226.0
2024-07-19 06:00:00,405.5,405.75,404.75,404.75,307.0
2024-07-19 07:00:00,405.0,405.25,404.5,404.75,481.0
2024-07-19 08:00:00,404.75,405.5,404.25,405.5,1421.0
2024-07-19 09:00:00,405.5,406.75,405.0,406.5,1493.0
2024-07-19 10:00:00,406.25,407.75,406.0,407.25,2811.0
2024-07-19 11:00:00,407.0,407.25,406.0,407.0,4740.0
2024-07-19 12:00:00,407.25,408.25,406.75,408.25,2255.0
2024-07-19 13:00:00,408.0,409.25,407.25,409.0,13840.0
2024-07-19 14:00:00,409.0,410.75,408.0,408.25,26731.0
2024-07-19 15:00:00,408.0,408.5,406.25,406.5,16602.0
2024-07-19 16:00:00,406.75,407.25,405.0,405.75,9171.0
2024-07-19 17:00:00,406.0,406.25,405.0,405.0,7259.0
2024-07-19 18:00:00,405.25,405.5,404.5,405.5,14220.0
2024-07-22 00:00:00,405.25,409.25,405.25,409.0,7279.0
2024-07-22 01:00:00,409.0,409.25,408.0,408.75,2004.0
2024-07-22 02:00:00,408.5,409.5,408.25,409.25,695.0
2024-07-22 03:00:00,409.25,410.0,409.0,409.5,1904.0
2024-07-22 04:00:00,409.5,409.75,409.25,409.5,412.0
2024-07-22 05:00:00,409.25,409.75,409.0,409.75,855.0
2024-07-22 06:00:00,409.5,410.0,409.25,409.5,1139.0
2024-07-22 07:00:00,409.5,410.5,409.5,410.25,1073.0
2024-07-22 08:00:00,410.25,411.25,410.0,410.75,2213.0
2024-07-22 09:00:00,410.75,411.5,410.0,410.5,1825.0
2024-07-22 10:00:00,410.5,412.0,410.5,410.75,5935.0
2024-07-22 11:00:00,410.75,411.5,410.5,410.75,1861.0
2024-07-22 12:00:00,410.75,411.0,409.0,409.0,3928.0
2024-07-22 13:00:00,409.0,412.0,408.25,411.5,31073.0
2024-07-22 14:00:00,411.75,413.0,411.0,412.0,24175.0
2024-07-22 15:00:00,412.0,413.75,411.25,412.5,17747.0
2024-07-22 16:00:00,412.5,414.25,412.5,413.75,16653.0
2024-07-22 17:00:00,413.75,414.75,413.25,414.25,11332.0
2024-07-22 18:00:00,414.25,415.5,413.75,415.0,29103.0
2024-07-23 00:00:00,413.75,414.75,413.0,414.0,0.0
2024-07-23 01:00:00,414.0,414.75,413.5,414.5,1013.0
2024-07-23 02:00:00,414.75,414.75,413.75,414.0,660.0
2024-07-23 03:00:00,414.0,414.25,413.75,413.75,761.0
2024-07-23 04:00:00,414.0,414.0,413.25,413.25,577.0
2024-07-23 05:00:00,413.25,413.5,412.5,412.75,808.0
2024-07-23 06:00:00,412.75,412.75,412.25,412.75,789.0
2024-07-23 07:00:00,412.75,412.75,411.75,412.0,1529.0
2024-07-23 08:00:00,412.0,413.5,411.75,412.75,1962.0
2024-07-23 09:00:00,412.75,414.25,412.75,413.75,2171.0
2024-07-23 10:00:00,413.75,414.75,413.5,414.0,2388.0
2024-07-23 11:00:00,414.0,414.75,413.5,414.25,2963.0
2024-07-23 12:00:00,414.5,418.75,413.75,418.5,13987.0
2024-07-23 13:00:00,419.0,420.25,418.0,418.25,31877.0
2024-07-23 14:00:00,418.25,421.75,418.0,419.75,25533.0
2024-07-23 15:00:00,419.25,422.5,419.0,420.0,28660.0
2024-07-23 16:00:00,420.0,420.5,418.5,418.75,15949.0
2024-07-23 17:00:00,418.5,418.75,416.0,417.0,12651.0
2024-07-23 18:00:00,417.0,417.5,416.75,417.0,24677.0
2024-07-24 00:00:00,416.5,417.5,415.25,416.0,0.0
2024-07-24 01:00:00,416.0,416.0,415.25,415.75,908.0
2024-07-24 02:00:00,415.5,416.0,415.25,415.75,545.0
2024-07-24 03:00:00,416.0,416.5,415.75,416.0,1505.0
2024-07-24 04:00:00,416.0,416.25,415.0,415.25,411.0
2024-07-24 05:00:00,415.25,415.25,414.5,414.75,1939.0
2024-07-24 06:00:00,414.75,416.5,414.75,415.75,1613.0
2024-07-24 07:00:00,415.5,416.5,415.5,416.5,2624.0
2024-07-24 08:00:00,416.25,416.5,415.5,416.25,1852.0
2024-07-24 09:00:00,416.5,417.25,416.0,417.25,1329.0
2024-07-24 10:00:00,417.25,418.0,417.0,417.5,3001.0
2024-07-24 11:00:00,417.5,418.5,417.5,418.25,2214.0
2024-07-24 12:00:00,418.0,418.25,415.75,417.25,5915.0
2024-07-24 13:00:00,417.5,420.0,417.25,419.75,21196.0
2024-07-24 14:00:00,419.75,423.0,418.5,422.25,38851.0
2024-07-24 15:00:00,422.5,423.75,420.25,421.75,23880.0
2024-07-24 16:00:00,421.5,422.0,419.5,420.5,10177.0
2024-07-24 17:00:00,420.25,420.75,417.5,417.5,17380.0
2024-07-24 18:00:00,417.5,418.25,417.5,417.75,0.0
2024-07-25 00:00:00,417.25,417.75,416.5,417.25,4758.0
2024-07-25 01:00:00,417.25,417.25,416.5,416.75,551.0
2024-07-25 02:00:00,417.0,417.5,416.25,416.25,670.0
2024-07-25 03:00:00,416.5,416.5,416.25,416.5,291.0
2024-07-25 04:00:00,416.5,416.75,416.25,416.75,764.0
2024-07-25 05:00:00,416.75,417.0,416.25,416.75,608.0
2024-07-25 06:00:00,416.75,417.5,416.5,416.75,685.0
2024-07-25 07:00:00,416.75,417.0,416.25,416.5,945.0
2024-07-25 08:00:00,416.5,419.0,416.5,418.0,2833.0
2024-07-25 09:00:00,417.75,419.25,417.75,418.75,1776.0
2024-07-25 10:00:00,418.75,419.0,418.5,418.5,1329.0
2024-07-25 11:00:00,418.5,419.0,417.75,418.25,1631.0
2024-07-25 12:00:00,418.0,420.0,417.25,419.25,3605.0
2024-07-25 13:00:00,419.25,421.5,419.0,420.75,24509.0
2024-07-25 14:00:00,420.5,423.5,420.5,423.0,32939.0
2024-07-25 15:00:00,423.0,423.25,420.75,420.75,25732.0
2024-07-25 16:00:00,421.0,422.25,420.25,420.75,11278.0
2024-07-25 17:00:00,420.75,421.75,420.25,421.25,19450.0
2024-07-25 18:00:00,421.25,421.25,420.0,421.25,16601.0
2024-07-26 00:00:00,421.0,421.25,419.75,420.25,0.0
2024-07-26 01:00:00,420.25,421.5,420.0,421.25,1469.0
2024-07-26 02:00:00,421.0,421.75,421.0,421.5,1267.0
2024-07-26 03:00:00,421.5,421.75,420.75,420.75,254.0
2024-07-26 04:00:00,421.0,421.25,420.75,421.0,428.0
2024-07-26 05:00:00,421.25,421.25,421.0,421.0,100.0
2024-07-26 06:00:00,421.0,421.25,419.75,419.75,1054.0
2024-07-26 07:00:00,420.0,420.25,419.25,419.5,2177.0
2024-07-26 08:00:00,419.5,419.75,419.0,419.5,1774.0
2024-07-26 09:00:00,419.5,420.25,419.25,420.25,1613.0
2024-07-26 10:00:00,420.0,420.25,419.0,419.0,992.0
2024-07-26 11:00:00,419.0,419.25,418.0,418.0,3595.0
2024-07-26 12:00:00,418.0,418.0,416.25,416.75,4923.0
2024-07-26 13:00:00,416.5,417.0,414.0,414.25,30811.0
2024-07-26 14:00:00,414.5,414.75,412.5,413.5,28551.0
2024-07-26 15:00:00,413.5,414.25,413.0,413.0,7759.0
2024-07-26 16:00:00,413.25,413.5,411.5,412.25,23104.0
2024-07-26 17:00:00,412.25,412.5,410.0,410.25,18520.0
2024-07-26 18:00:00,410.5,411.0,409.25,410.0,23004.0
2024-07-29 00:00:00,407.5,408.5,406.5,407.0,8012.0
2024-07-29 01:00:00,407.0,408.25,406.5,407.5,2864.0
2024-07-29 02:00:00,407.25,408.0,407.25,407.75,1091.0
2024-07-29 03:00:00,407.5,408.0,407.5,407.75,119.0
2024-07-29 04:00:00,408.0,408.25,407.75,408.0,300.0
2024-07-29 05:00:00,408.0,408.5,407.75,408.25,618.0
2024-07-29 06:00:00,408.5,408.5,407.0,407.0,710.0
2024-07-29 07:00:00,407.0,408.75,407.0,408.25,1616.0
2024-07-29 08:00:00,408.25,409.5,408.0,409.0,3050.0
2024-07-29 09:00:00,408.75,409.5,408.5,409.25,974.0
2024-07-29 10:00:00,409.0,409.25,408.0,408.0,1762.0
2024-07-29 11:00:00,408.0,408.25,406.0,406.0,2968.0
2024-07-29 12:00:00,406.0,407.0,405.5,405.75,2794.0
2024-07-29 13:00:00,405.75,409.25,405.5,408.5,24231.0
2024-07-29 14:00:00,408.25,408.5,406.0,407.25,37498.0
2024-07-29 15:00:00,407.5,409.75,407.25,408.5,18617.0
2024-07-29 16:00:00,408.25,411.5,407.5,411.25,15547.0
2024-07-29 17:00:00,411.25,412.5,410.75,411.75,11952.0
2024-07-29 18:00:00,412.0,413.0,411.5,413.0,23374.0
2024-07-30 00:00:00,412.0,412.75,410.75,411.25,0.0
2024-07-30 01:00:00,411.0,411.5,410.75,410.75,908.0
2024-07-30 02:00:00,410.75,411.25,410.75,411.25,269.0
2024-07-30 03:00:00,411.25,411.25,411.0,411.25,147.0
2024-07-30 04:00:00,411.25,411.25,410.75,410.75,229.0
2024-07-30 05:00:00,410.75,411.0,410.5,410.75,228.0
2024-07-30 06:00:00,410.75,411.0,410.25,410.25,992.0
2024-07-30 07:00:00,410.25,411.0,410.0,410.25,1482.0
2024-07-30 08:00:00,410.0,410.5,409.75,410.0,2456.0
2024-07-30 09:00:00,409.75,409.75,408.5,408.5,1345.0
2024-07-30 10:00:00,408.75,409.25,407.75,408.0,1771.0
2024-07-30 11:00:00,408.0,408.5,407.5,408.25,2082.0
2024-07-30 12:00:00,408.5,408.5,407.25,408.0,3293.0
2024-07-30 13:00:00,408.0,408.75,405.75,407.5,23667.0
2024-07-30 14:00:00,407.5,408.75,406.25,407.0,23131.0
2024-07-30 15:00:00,406.75,407.5,406.25,406.5,9417.0
2024-07-30 16:00:00,406.5,406.75,405.25,405.75,11916.0
2024-07-30 17:00:00,405.75,407.0,405.5,406.25,13231.0
2024-07-30 18:00:00,406.0,406.25,404.0,404.25,31174.0
2024-07-31 00:00:00,404.5,405.5,403.75,404.25,0.0
2024-07-31 01:00:00,404.0,404.5,403.5,404.25,1345.0
2024-07-31 02:00:00,404.5,404.5,404.0,404.5,286.0
2024-07-31 03:00:00,404.5,405.75,404.5,405.5,2238.0
2024-07-31 04:00:00,405.5,405.75,405.0,405.25,545.0
2024-07-31 05:00:00,405.25,405.75,405.25,405.75,1477.0
2024-07-31 06:00:00,405.5,405.75,405.25,405.5,635.0
2024-07-31 07:00:00,405.25,406.0,405.25,405.5,1142.0
2024-07-31 08:00:00,405.25,406.5,405.0,406.25,2167.0
2024-07-31 09:00:00,406.0,406.0,404.75,405.0,1561.0
2024-07-31 10:00:00,405.0,405.25,404.5,404.75,2089.0
2024-07-31 11:00:00,404.75,406.0,404.5,405.5,1367.0
2024-07-31 12:00:00,405.5,405.75,402.25,403.75,5420.0
2024-07-31 13:00:00,403.75,405.0,401.0,403.5,25459.0
2024-07-31 14:00:00,403.5,403.75,398.5,399.25,43883.0
2024-07-31 15:00:00,399.25,403.0,397.75,403.0,31724.0
2024-07-31 16:00:00,402.75,403.5,401.0,401.25,20160.0
2024-07-31 17:00:00,401.25,402.0,399.75,401.25,19134.0
2024-07-31 18:00:00,401.0,401.75,399.25,400.0,34523.0
2024-08-01 00:00:00,399.75,400.75,399.5,399.75,0.0
2024-08-01 01:00:00,399.75,400.0,399.0,399.25,1429.0
2024-08-01 02:00:00,399.25,399.25,398.5,398.75,558.0
2024-08-01 03:00:00,398.5,398.5,397.75,398.25,2144.0
2024-08-01 04:00:00,398.5,398.5,398.25,398.25,672.0
2024-08-01 05:00:00,398.25,398.5,398.0,398.5,280.0
2024-08-01 06:00:00,398.5,398.5,397.5,398.0,1339.0
2024-08-01 07:00:00,398.25,399.25,398.0,398.5,1294.0
2024-08-01 08:00:00,398.5,399.75,398.25,399.25,1195.0
2024-08-01 09:00:00,399.25,400.0,398.5,398.5,1785.0
2024-08-01 10:00:00,398.75,399.0,398.0,398.25,3696.0
2024-08-01 11:00:00,398.25,399.5,397.75,399.25,2703.0
2024-08-01 12:00:00,399.25,399.25,397.5,398.0,3743.0
2024-08-01 13:00:00,398.0,398.5,395.25,397.0,33743.0
2024-08-01 14:00:00,397.0,397.75,395.0,397.5,27486.0
2024-08-01 15:00:00,397.5,399.0,397.0,398.25,18280.0
2024-08-01 16:00:00,398.25,399.0,397.0,398.5,11245.0
2024-08-01 17:00:00,398.75,399.75,398.0,398.25,12518.0
2024-08-01 18:00:00,398.25,399.75,398.0,399.75,16470.0
2024-08-02 00:00:00,399.25,399.75,399.0,399.5,0.0
2024-08-02 01:00:00,399.5,400.5,399.25,400.5,1799.0
2024-08-02 02:00:00,400.5,400.5,400.0,400.0,720.0
2024-08-02 03:00:00,400.0,400.5,400.0,400.5,95.0
2024-08-02 04:00:00,400.25,400.5,400.0,400.25,270.0
2024-08-02 05:00:00,400.0,400.25,399.75,400.0,378.0
2024-08-02 06:00:00,400.0,400.5,400.0,400.5,291.0
2024-08-02 07:00:00,400.25,400.25,398.75,399.0,2213.0
2024-08-02 08:00:00,398.75,399.5,398.5,399.0,918.0
2024-08-02 09:00:00,399.0,400.5,399.0,399.75,1688.0
2024-08-02 10:00:00,399.75,400.5,399.5,400.5,2917.0
2024-08-02 11:00:00,400.5,400.75,399.75,400.5,3438.0
2024-08-02 12:00:00,400.25,400.5,399.5,400.25,3342.0
2024-08-02 13:00:00,400.25,402.75,400.25,402.25,21077.0
2024-08-02 14:00:00,402.25,403.75,399.5,402.5,30593.0
2024-08-02 15:00:00,402.5,403.75,401.5,403.25,17784.0
2024-08-02 16:00:00,403.25,404.75,402.0,403.25,17173.0
2024-08-02 17:00:00,403.25,404.0,402.5,403.25,12700.0
2024-08-02 18:00:00,403.25,404.0,402.75,403.75,22934.0
2024-08-05 00:00:00,402.25,403.25,401.25,401.25,2758.0
2024-08-05 01:00:00,401.25,404.5,400.75,403.75,2772.0
2024-08-05 02:00:00,403.75,403.75,402.75,403.5,1036.0
2024-08-05 03:00:00,403.75,404.0,403.25,403.25,326.0
2024-08-05 04:00:00,403.25,403.25,402.5,402.5,692.0
2024-08-05 05:00:00,402.5,402.5,401.75,402.25,725.0
2024-08-05 06:00:00,402.25,403.5,401.25,403.0,1519.0
2024-08-05 07:00:00,402.75,403.5,402.5,403.25,959.0
2024-08-05 08:00:00,403.0,403.75,402.0,402.25,1704.0
2024-08-05 09:00:00,402.5,402.75,401.5,401.75,1002.0
2024-08-05 10:00:00,402.0,402.0,400.25,400.25,2719.0
2024-08-05 11:00:00,400.25,400.5,396.0,396.5,10545.0
2024-08-05 12:00:00,396.75,398.25,396.0,398.0,4693.0
2024-08-05 13:00:00,397.75,403.5,396.75,402.5,24882.0
2024-08-05 14:00:00,402.5,406.5,402.5,404.75,33016.0
2024-08-05 15:00:00,405.0,406.25,403.25,403.5,11426.0
2024-08-05 16:00:00,403.5,405.25,403.25,405.0,9806.0
2024-08-05 17:00:00,405.0,407.75,404.5,407.25,17443.0
2024-08-05 18:00:00,407.25,407.75,406.25,407.25,35543.0
2024-08-06 00:00:00,407.0,407.25,404.75,405.0,0.0
2024-08-06 01:00:00,405.25,405.25,403.5,404.25,1548.0
2024-08-06 02:00:00,404.5,404.75,403.0,403.0,1714.0
2024-08-06 03:00:00,403.25,403.75,403.0,403.5,337.0
2024-08-06 04:00:00,403.5,403.5,403.0,403.25,224.0
2024-08-06 05:00:00,403.25,403.25,403.0,403.25,240.0
2024-08-06 06:00:00,403.0,403.0,402.25,402.5,1012.0
2024-08-06 07:00:00,402.5,403.0,402.0,402.5,2058.0
2024-08-06 08:00:00,402.5,404.25,402.25,403.5,1130.0
2024-08-06 09:00:00,403.5,404.0,403.0,403.25,876.0
2024-08-06 10:00:00,403.5,404.75,403.25,404.5,1492.0
2024-08-06 11:00:00,404.5,404.75,402.5,402.75,3766.0
2024-08-06 12:00:00,403.0,403.75,402.5,403.5,3620.0
2024-08-06 13:00:00,403.25,407.0,402.75,406.0,20882.0
2024-08-06 14:00:00,406.0,409.0,405.75,408.5,30547.0
2024-08-06 15:00:00,408.5,409.0,406.75,407.75,14278.0
2024-08-06 16:00:00,407.75,407.75,405.75,406.75,10777.0
2024-08-06 17:00:00,406.75,407.0,405.25,405.5,12564.0
2024-08-06 18:00:00,405.25,406.25,404.0,404.0,18450.0
2024-08-07 00:00:00,404.25,404.75,403.5,404.0,0.0
2024-08-07 01:00:00,403.75,403.75,402.75,403.25,1587.0
2024-08-07 02:00:00,403.25,403.25,402.5,402.75,610.0
2024-08-07 03:00:00,402.75,402.75,401.75,401.75,4514.0
2024-08-07 04:00:00,402.0,402.0,401.5,402.0,703.0
2024-08-07 05:00:00,402.0,402.25,401.75,402.0,1044.0
2024-08-07 06:00:00,402.0,402.25,401.75,402.0,402.0
2024-08-07 07:00:00,401.75,403.25,401.5,403.0,1017.0
2024-08-07 08:00:00,402.75,402.75,402.0,402.5,978.0
2024-08-07 09:00:00,402.5,403.0,402.0,402.5,1357.0
2024-08-07 10:00:00,402.5,402.75,401.5,401.75,1483.0
2024-08-07 11:00:00,401.5,402.25,401.25,401.5,2528.0
2024-08-07 12:00:00,401.5,402.25,401.25,402.25,3523.0
2024-08-07 13:00:00,402.0,404.0,402.0,403.0,20170.0
2024-08-07 14:00:00,402.75,403.75,401.0,401.5,34070.0
2024-08-07 15:00:00,401.75,402.5,400.5,401.75,21094.0
2024-08-07 16:00:00,401.5,402.0,400.25,400.25,15912.0
2024-08-07 17:00:00,400.5,400.5,399.0,400.5,23963.0
2024-08-07 18:00:00,400.75,401.75,400.25,401.5,45852.0
2024-08-08 00:00:00,401.0,401.5,400.0,401.0,0.0
2024-08-08 01:00:00,401.0,401.75,400.75,401.25,758.0
2024-08-08 02:00:00,401.5,402.5,401.25,401.5,665.0
2024-08-08 03:00:00,401.5,402.0,401.25,401.25,126.0
2024-08-08 04:00:00,401.5,401.75,401.5,401.5,89.0
2024-08-08 05:00:00,401.5,401.75,401.0,401.25,247.0
2024-08-08 06:00:00,401.0,401.25,400.25,400.25,1192.0
2024-08-08 07:00:00,400.25,400.5,399.25,400.0,1677.0
2024-08-08 08:00:00,400.0,400.25,399.25,400.0,1626.0
2024-08-08 09:00:00,400.0,400.5,399.75,400.25,1703.0
2024-08-08 10:00:00,400.5,400.5,399.75,400.25,1388.0
2024-08-08 11:00:00,400.25,400.75,400.0,400.25,2427.0
2024-08-08 12:00:00,400.25,402.5,400.25,401.25,3413.0
2024-08-08 13:00:00,401.5,403.75,401.0,403.5,38169.0
2024-08-08 14:00:00,403.5,403.5,399.0,399.25,26515.0
2024-08-08 15:00:00,399.25,399.5,398.0,398.0,16343.0
2024-08-08 16:00:00,398.0,399.75,397.75,398.75,16508.0
2024-08-08 17:00:00,398.5,399.25,398.0,398.75,16930.0
2024-08-08 18:00:00,398.5,398.75,396.25,396.5,31152.0
2024-08-09 00:00:00,396.75,397.75,396.0,397.25,0.0
2024-08-09 01:00:00,397.0,397.25,395.0,395.75,2724.0
2024-08-09 02:00:00,395.75,396.25,395.5,396.0,1011.0
2024-08-09 03:00:00,396.0,396.25,395.75,396.0,588.0
2024-08-09 04:00:00,395.75,397.0,395.75,396.75,849.0
2024-08-09 05:00:00,396.75,396.75,396.25,396.75,186.0
2024-08-09 06:00:00,396.75,396.75,396.0,396.25,697.0
2024-08-09 07:00:00,396.25,396.5,395.75,396.25,3472.0
2024-08-09 08:00:00,396.5,397.5,396.0,396.75,2641.0
2024-08-09 09:00:00,396.75,398.0,396.75,397.75,1314.0
2024-08-09 10:00:00,397.75,398.25,397.25,397.5,1937.0
2024-08-09 11:00:00,397.75,397.75,397.0,397.5,1498.0
2024-08-09 12:00:00,397.5,399.0,397.25,398.5,3248.0
2024-08-09 13:00:00,398.5,398.75,394.25,396.0,24006.0
2024-08-09 14:00:00,396.0,396.5,394.0,395.0,22758.0
2024-08-09 15:00:00,395.25,398.0,395.0,397.0,18662.0
2024-08-09 16:00:00,397.0,397.25,394.5,395.75,12310.0
2024-08-09 17:00:00,395.5,395.75,393.5,395.0,20328.0
2024-08-09 18:00:00,395.0,395.75,394.75,395.25,42032.0
2024-08-12 00:00:00,394.75,395.0,393.25,394.25,2403.0
2024-08-12 01:00:00,394.0,394.25,393.75,394.0,775.0
2024-08-12 02:00:00,393.75,394.25,393.5,394.25,705.0
2024-08-12 03:00:00,394.25,394.25,393.75,394.0,205.0
2024-08-12 04:00:00,393.75,394.0,393.75,393.75,171.0
2024-08-12 05:00:00,394.0,394.0,393.5,393.5,199.0
2024-08-12 06:00:00,393.75,393.75,393.5,393.75,640.0
2024-08-12 07:00:00,393.5,394.0,393.25,393.75,1053.0
2024-08-12 08:00:00,393.75,394.0,393.5,393.75,809.0
2024-08-12 09:00:00,393.75,394.0,393.5,394.0,1517.0
2024-08-12 10:00:00,393.75,394.0,393.5,393.5,650.0
2024-08-12 11:00:00,393.5,393.75,392.75,393.5,4225.0
2024-08-12 12:00:00,393.5,393.75,392.75,393.75,1747.0
2024-08-12 13:00:00,393.5,394.75,392.0,393.0,23928.0
2024-08-12 14:00:00,392.75,393.5,392.0,392.5,27523.0
2024-08-12 15:00:00,392.5,394.25,391.75,393.75,28842.0
2024-08-12 16:00:00,393.5,401.5,390.25,399.75,87651.0
2024-08-12 17:00:00,399.5,403.0,399.5,400.75,46894.0
2024-08-12 18:00:00,400.75,402.0,400.25,401.75,45210.0
2024-08-13 00:00:00,401.0,403.0,401.0,401.75,0.0
2024-08-13 01:00:00,401.75,402.25,401.5,401.5,754.0
2024-08-13 02:00:00,401.5,401.5,400.75,401.5,964.0
2024-08-13 03:00:00,401.25,401.25,400.75,400.75,368.0
2024-08-13 04:00:00,400.75,401.0,400.5,400.5,279.0
2024-08-13 05:00:00,400.75,401.0,400.0,400.0,1274.0
2024-08-13 06:00:00,400.25,400.5,399.25,400.0,1961.0
2024-08-13 07:00:00,400.0,400.25,399.0,399.75,1050.0
2024-08-13 08:00:00,399.75,400.0,399.0,399.0,1713.0
2024-08-13 09:00:00,399.25,400.25,398.75,399.5,2530.0
2024-08-13 10:00:00,399.5,399.75,398.5,398.5,1164.0
2024-08-13 11:00:00,398.75,399.25,398.25,398.25,2511.0
2024-08-13 12:00:00,398.25,400.5,398.25,400.0,5892.0
2024-08-13 13:00:00,399.75,400.25,396.0,398.25,33880.0
2024-08-13 14:00:00,398.25,398.5,395.25,395.75,23979.0
2024-08-13 15:00:00,395.75,397.25,395.25,396.5,25436.0
2024-08-13 16:00:00,396.5,398.5,396.25,398.0,23498.0
2024-08-13 17:00:00,397.75,398.25,396.75,397.25,19534.0
2024-08-13 18:00:00,397.25,397.75,397.0,397.0,42557.0
2024-08-14 00:00:00,397.0,397.0,396.25,396.25,0.0
2024-08-14 01:00:00,396.0,397.0,395.75,396.5,1605.0
2024-08-14 02:00:00,396.5,396.5,395.5,395.75,297.0
2024-08-14 03:00:00,396.0,397.0,395.75,396.75,671.0
2024-08-14 04:00:00,397.0,397.5,396.75,397.0,568.0
2024-08-14 05:00:00,396.75,397.25,396.25,397.0,354.0
2024-08-14 06:00:00,397.0,397.25,396.5,397.0,860.0
2024-08-14 07:00:00,397.0,397.0,396.75,397.0,1401.0
2024-08-14 08:00:00,396.75,397.25,396.5,397.0,1966.0
2024-08-14 09:00:00,397.0,397.0,396.25,396.75,1839.0
2024-08-14 10:00:00,396.5,397.0,396.25,396.75,1657.0
2024-08-14 11:00:00,396.75,397.0,396.5,396.75,1990.0
2024-08-14 12:00:00,396.5,397.25,396.25,396.5,3097.0
2024-08-14 13:00:00,396.75,398.25,395.5,396.25,27557.0
2024-08-14 14:00:00,396.5,399.5,396.5,399.25,24430.0
2024-08-14 15:00:00,399.25,401.5,399.0,400.5,20725.0
2024-08-14 16:00:00,400.5,401.0,399.75,400.75,17000.0
2024-08-14 17:00:00,400.5,401.75,400.0,401.5,19030.0
2024-08-14 18:00:00,401.25,401.5,400.5,401.0,31144.0
2024-08-15 00:00:00,400.75,402.5,400.25,402.0,0.0
2024-08-15 01:00:00,402.25,403.0,402.0,403.0,2799.0
2024-08-15 02:00:00,402.75,403.75,402.5,403.75,1463.0
2024-08-15 03:00:00,403.75,403.75,403.0,403.25,625.0
2024-08-15 04:00:00,403.0,403.25,402.5,402.75,2651.0
2024-08-15 05:00:00,402.75,403.0,402.5,402.75,998.0
2024-08-15 06:00:00,402.5,403.0,402.25,403.0,571.0
2024-08-15 07:00:00,403.0,403.0,402.25,403.0,1359.0
2024-08-15 08:00:00,403.0,403.25,402.0,402.25,1748.0
2024-08-15 09:00:00,402.5,403.25,402.25,402.5,1466.0
2024-08-15 10:00:00,402.75,402.75,401.75,402.5,3654.0
2024-08-15 11:00:00,402.25,402.25,401.0,401.0,2745.0
2024-08-15 12:00:00,400.75,401.25,400.0,400.25,4659.0
2024-08-15 13:00:00,400.25,401.0,398.5,399.75,28360.0
2024-08-15 14:00:00,399.75,401.0,399.0,400.5,25722.0
2024-08-15 15:00:00,400.75,401.0,398.75,399.25,19574.0
2024-08-15 16:00:00,399.5,400.0,398.5,398.75,27026.0
2024-08-15 17:00:00,399.0,399.0,397.0,397.25,29832.0
2024-08-15 18:00:00,397.25,397.5,396.25,396.75,36748.0
2024-08-16 00:00:00,396.0,397.5,395.5,395.75,0.0
2024-08-16 01:00:00,395.75,396.0,395.0,395.25,1847.0
2024-08-16 02:00:00,395.0,396.0,394.5,395.75,1735.0
2024-08-16 03:00:00,395.75,396.0,395.25,395.75,580.0
2024-08-16 04:00:00,395.5,395.75,395.0,395.0,839.0
2024-08-16 05:00:00,395.25,395.25,394.75,395.0,578.0
2024-08-16 06:00:00,395.0,395.5,394.75,394.75,1549.0
2024-08-16 07:00:00,394.5,394.75,393.75,394.0,1237.0
2024-08-16 08:00:00,394.0,394.25,393.75,394.25,993.0
2024-08-16 09:00:00,394.0,394.25,393.5,394.0,1526.0
2024-08-16 10:00:00,394.0,394.5,393.25,393.75,3400.0
2024-08-16 11:00:00,394.0,394.0,393.0,393.5,4169.0
2024-08-16 12:00:00,393.5,394.5,392.0,392.25,7086.0
2024-08-16 13:00:00,392.5,392.5,390.25,390.5,37667.0
2024-08-16 14:00:00,390.75,392.75,390.0,391.0,42395.0
2024-08-16 15:00:00,391.0,395.5,391.0,394.5,34793.0
2024-08-16 16:00:00,394.75,395.5,394.0,394.25,14278.0
2024-08-16 17:00:00,394.5,394.5,392.0,393.5,25064.0
2024-08-16 18:00:00,393.5,393.75,392.0,392.25,15223.0
2024-08-19 00:00:00,392.0,394.5,391.75,393.0,3312.0
2024-08-19 01:00:00,393.0,394.5,393.0,394.25,2215.0
2024-08-19 02:00:00,394.25,395.0,394.25,394.5,946.0
2024-08-19 03:00:00,394.5,394.75,394.25,394.75,255.0
2024-08-19 04:00:00,394.75,394.75,394.25,394.5,222.0
2024-08-19 05:00:00,394.5,394.75,394.0,394.5,2934.0
2024-08-19 06:00:00,394.75,395.5,394.25,394.5,779.0
2024-08-19 07:00:00,394.5,394.5,393.75,394.0,1304.0
2024-08-19 08:00:00,394.0,395.0,393.75,394.75,641.0
2024-08-19 09:00:00,394.75,395.0,394.0,394.25,2252.0
2024-08-19 10:00:00,394.25,394.5,393.75,394.0,592.0
2024-08-19 11:00:00,393.75,394.75,393.5,394.5,1407.0
2024-08-19 12:00:00,394.5,394.75,393.0,393.25,2650.0
2024-08-19 13:00:00,393.5,396.75,391.75,396.0,24209.0
2024-08-19 14:00:00,396.0,397.5,395.0,397.0,27583.0
2024-08-19 15:00:00,397.0,398.0,396.5,397.0,35571.0
2024-08-19 16:00:00,397.0,400.25,396.5,399.5,28322.0
2024-08-19 17:00:00,399.5,400.5,398.5,400.0,19331.0
2024-08-19 18:00:00,400.0,400.75,399.25,400.5,34048.0
2024-08-20 00:00:00,400.0,401.0,399.5,399.75,0.0
2024-08-20 01:00:00,399.75,400.0,399.0,399.25,1232.0
2024-08-20 02:00:00,399.25,400.0,399.0,399.75,1039.0
2024-08-20 03:00:00,400.0,400.0,399.25,399.5,429.0
2024-08-20 04:00:00,399.5,400.25,399.5,400.25,356.0
2024-08-20 05:00:00,400.0,400.25,399.0,399.5,475.0
2024-08-20 06:00:00,399.5,399.5,398.75,399.0,423.0
2024-08-20 07:00:00,399.0,399.0,398.5,399.0,582.0
2024-08-20 08:00:00,399.0,399.75,398.5,399.5,1986.0
2024-08-20 09:00:00,399.25,400.5,399.25,400.0,2116.0
2024-08-20 10:00:00,400.25,400.25,399.5,399.5,870.0
2024-08-20 11:00:00,399.5,400.25,399.0,400.25,1092.0
2024-08-20 12:00:00,400.25,400.5,399.25,400.0,3356.0
2024-08-20 13:00:00,400.0,400.5,398.0,399.25,35074.0
2024-08-20 14:00:00,399.25,399.75,398.25,398.75,29781.0
2024-08-20 15:00:00,398.75,400.25,398.0,399.0,16288.0
2024-08-20 16:00:00,399.0,400.25,398.0,398.25,16903.0
2024-08-20 17:00:00,398.25,398.75,397.75,398.25,10385.0
2024-08-20 18:00:00,398.25,398.5,397.75,398.5,18949.0
2024-08-21 00:00:00,397.75,399.5,397.5,399.5,0.0
2024-08-21 01:00:00,399.25,399.5,398.5,399.25,3599.0
2024-08-21 02:00:00,399.25,400.0,399.0,399.0,1475.0
2024-08-21 03:00:00,399.0,399.5,398.75,399.5,534.0
2024-08-21 04:00:00,399.5,399.75,399.25,399.75,168.0
2024-08-21 05:00:00,399.75,400.0,399.5,399.75,1458.0
2024-08-21 06:00:00,399.5,400.5,399.25,400.0,966.0
2024-08-21 07:00:00,400.25,400.25,399.5,399.5,3335.0
2024-08-21 08:00:00,399.75,400.0,399.5,399.5,602.0
2024-08-21 09:00:00,399.75,400.0,399.25,399.5,2189.0
2024-08-21 10:00:00,399.5,400.5,399.5,399.75,4294.0
2024-08-21 11:00:00,400.0,400.25,399.5,399.5,4770.0
2024-08-21 12:00:00,399.5,399.5,398.25,399.25,5198.0
2024-08-21 13:00:00,400.0,400.25,398.0,398.0,19258.0
2024-08-21 14:00:00,398.25,399.0,397.25,397.5,24107.0
2024-08-21 15:00:00,397.75,399.25,396.5,398.25,17569.0
2024-08-21 16:00:00,398.25,398.75,397.5,398.75,10082.0
2024-08-21 17:00:00,398.5,398.75,396.75,398.0,22698.0
2024-08-21 18:00:00,398.0,398.75,397.75,398.5,12794.0
2024-08-22 00:00:00,398.5,398.75,397.75,398.25,0.0
2024-08-22 01:00:00,398.25,398.5,398.25,398.25,818.0
2024-08-22 02:00:00,398.25,398.5,397.75,398.25,856.0
2024-08-22 03:00:00,398.25,399.0,398.25,398.75,551.0
2024-08-22 04:00:00,398.75,399.0,398.75,399.0,203.0
2024-08-22 05:00:00,399.0,399.0,398.75,398.75,321.0
2024-08-22 06:00:00,398.5,398.75,398.25,398.75,423.0
2024-08-22 07:00:00,398.75,399.0,398.0,398.25,4053.0
2024-08-22 08:00:00,398.25,398.75,397.75,398.25,2817.0
2024-08-22 09:00:00,398.25,398.5,397.75,398.25,1891.0
2024-08-22 10:00:00,398.5,398.5,398.0,398.25,670.0
2024-08-22 11:00:00,398.25,398.25,397.0,397.0,2514.0
2024-08-22 12:00:00,396.75,397.25,396.0,397.0,4335.0
2024-08-22 13:00:00,397.0,397.25,395.5,396.5,33184.0
2024-08-22 14:00:00,396.25,396.75,393.75,395.0,45047.0
2024-08-22 15:00:00,394.75,396.0,394.5,394.75,20883.0
2024-08-22 16:00:00,394.75,396.25,394.25,394.25,14976.0
2024-08-22 17:00:00,394.5,394.5,393.25,393.5,23835.0
2024-08-22 18:00:00,393.5,393.75,393.0,393.25,15828.0
2024-08-23 00:00:00,393.25,394.25,393.0,393.75,0.0
2024-08-23 01:00:00,394.0,394.5,393.75,394.0,671.0
2024-08-23 02:00:00,394.25,394.5,394.0,394.25,462.0
2024-08-23 03:00:00,394.5,394.5,393.75,394.0,195.0
2024-08-23 04:00:00,394.25,394.5,394.0,394.25,1486.0
2024-08-23 05:00:00,394.5,394.5,394.0,394.25,295.0
2024-08-23 06:00:00,394.5,394.5,393.25,393.25,630.0
2024-08-23 07:00:00,393.25,393.75,393.25,393.5,594.0
2024-08-23 08:00:00,393.5,393.5,393.0,393.25,1395.0
2024-08-23 09:00:00,393.25,393.75,393.0,393.25,1891.0
2024-08-23 10:00:00,393.25,393.75,393.25,393.5,671.0
2024-08-23 11:00:00,393.5,395.0,393.5,394.75,5981.0
2024-08-23 12:00:00,394.75,395.5,393.5,393.5,2893.0
2024-08-23 13:00:00,393.5,394.75,392.5,393.5,18164.0
2024-08-23 14:00:00,393.5,396.25,393.25,395.0,32059.0
2024-08-23 15:00:00,394.75,395.5,392.5,392.75,23168.0
2024-08-23 16:00:00,392.75,393.0,391.5,392.0,25242.0
2024-08-23 17:00:00,392.25,392.5,391.0,391.25,35330.0
2024-08-23 18:00:00,391.25,391.75,390.75,391.25,24256.0
2024-08-26 00:00:00,390.75,391.0,390.0,390.25,8730.0
2024-08-26 01:00:00,390.25,391.0,390.25,390.25,1569.0
2024-08-26 02:00:00,390.25,390.25,388.75,389.0,3700.0
2024-08-26 03:00:00,388.75,390.0,388.75,389.25,1071.0
2024-08-26 04:00:00,389.5,389.5,388.5,388.5,1356.0
2024-08-26 05:00:00,388.5,388.75,388.0,388.25,4400.0
2024-08-26 06:00:00,388.25,389.0,388.0,389.0,3129.0
2024-08-26 07:00:00,389.0,389.0,387.0,387.25,3582.0
2024-08-26 08:00:00,387.25,387.5,387.0,387.0,2783.0
2024-08-26 09:00:00,387.0,387.25,386.25,386.25,4825.0
2024-08-26 10:00:00,386.25,386.75,386.25,386.75,2429.0
2024-08-26 11:00:00,386.5,387.0,386.0,386.25,4097.0
2024-08-26 12:00:00,386.25,386.5,385.5,386.25,8381.0
2024-08-26 13:00:00,386.5,389.0,385.5,387.5,39171.0
2024-08-26 14:00:00,387.75,389.0,386.5,387.5,33303.0
2024-08-26 15:00:00,387.25,388.25,386.75,387.0,18930.0
2024-08-26 16:00:00,387.0,387.5,386.0,386.5,35129.0
2024-08-26 17:00:00,386.5,387.0,385.0,386.5,39032.0
2024-08-26 18:00:00,386.5,387.0,386.0,386.0,19270.0
2024-08-27 00:00:00,385.75,388.25,385.75,387.5,0.0
2024-08-27 01:00:00,387.5,387.5,386.5,386.5,2249.0
2024-08-27 02:00:00,386.75,387.0,386.5,386.75,763.0
2024-08-27 03:00:00,387.0,387.0,386.75,386.75,820.0
2024-08-27 04:00:00,386.75,387.0,386.75,386.75,140.0
2024-08-27 05:00:00,387.0,387.25,386.75,387.0,266.0
2024-08-27 06:00:00,387.25,387.5,387.0,387.0,926.0
2024-08-27 07:00:00,387.0,387.0,386.0,386.0,1985.0
2024-08-27 08:00:00,386.0,386.25,385.75,385.75,1145.0
2024-08-27 09:00:00,385.75,386.0,385.0,385.0,1479.0
2024-08-27 10:00:00,385.25,385.75,385.0,385.5,1153.0
2024-08-27 11:00:00,385.25,386.0,385.25,385.25,1893.0
2024-08-27 12:00:00,385.5,387.25,385.25,386.75,7336.0
2024-08-27 13:00:00,386.25,388.5,385.75,388.5,42100.0
2024-08-27 14:00:00,388.25,394.5,388.25,392.0,88505.0
2024-08-27 15:00:00,391.75,393.5,391.0,392.25,36699.0
2024-08-27 16:00:00,392.25,393.25,391.75,393.25,23415.0
2024-08-27 17:00:00,393.25,393.5,392.0,392.75,18965.0
2024-08-27 18:00:00,393.0,393.25,392.25,392.5,34577.0
2024-08-28 00:00:00,392.25,392.75,391.0,391.5,0.0
2024-08-28 01:00:00,391.5,391.75,391.25,391.25,944.0
2024-08-28 02:00:00,391.25,391.75,391.25,391.5,1084.0
2024-08-28 03:00:00,391.25,391.5,391.0,391.5,384.0
2024-08-28 04:00:00,391.25,391.5,391.25,391.25,268.0
2024-08-28 05:00:00,391.5,391.75,391.25,391.75,376.0
2024-08-28 06:00:00,391.5,392.75,391.25,391.75,1632.0
2024-08-28 07:00:00,391.75,392.0,391.0,391.25,1130.0
2024-08-28 08:00:00,391.25,391.25,391.0,391.0,1428.0
2024-08-28 09:00:00,391.25,391.5,390.75,391.0,2414.0
2024-08-28 10:00:00,390.75,391.0,390.5,391.0,2304.0
2024-08-28 11:00:00,391.0,391.25,390.5,390.75,3743.0
2024-08-28 12:00:00,391.0,391.5,390.0,390.0,8757.0
2024-08-28 13:00:00,390.0,393.0,390.0,392.25,45021.0
2024-08-28 14:00:00,392.5,394.0,391.5,392.25,41192.0
2024-08-28 15:00:00,392.25,393.0,391.5,392.0,32290.0
2024-08-28 16:00:00,392.25,392.5,391.25,391.25,18343.0
2024-08-28 17:00:00,391.25,391.5,388.75,391.5,56657.0
2024-08-28 18:00:00,391.25,391.5,390.25,390.5,34517.0
2024-08-29 00:00:00,390.0,390.75,389.25,390.25,0.0
2024-08-29 01:00:00,390.5,391.5,390.5,391.5,1073.0
2024-08-29 02:00:00,391.25,391.5,391.0,391.5,646.0
2024-08-29 03:00:00,391.25,391.75,391.0,391.5,588.0
2024-08-29 04:00:00,391.25,391.75,391.25,391.5,231.0
2024-08-29 05:00:00,391.75,391.75,391.25,391.5,324.0
2024-08-29 06:00:00,391.5,392.0,391.25,391.5,563.0
2024-08-29 07:00:00,391.5,391.5,391.25,391.25,998.0
2024-08-29 08:00:00,391.25,391.25,390.25,390.5,777.0
2024-08-29 09:00:00,390.5,391.75,390.5,391.5,1343.0
2024-08-29 10:00:00,391.5,392.0,391.25,391.5,836.0
2024-08-29 11:00:00,391.75,392.0,391.25,392.0,8815.0
2024-08-29 12:00:00,392.0,392.5,391.0,392.0,5415.0
2024-08-29 13:00:00,391.5,394.5,391.25,393.5,38236.0
2024-08-29 14:00:00,393.5,394.25,392.25,392.75,36043.0
2024-08-29 15:00:00,392.75,394.0,392.25,393.75,25374.0
2024-08-29 16:00:00,393.5,396.0,393.0,395.0,43043.0
2024-08-29 17:00:00,395.0,396.0,394.5,395.5,35045.0
2024-08-29 18:00:00,395.5,396.25,395.25,395.5,21868.0
2024-08-30 00:00:00,395.0,396.0,394.5,395.5,0.0
2024-08-30 01:00:00,395.5,396.0,395.25,396.0,449.0
2024-08-30 02:00:00,395.75,397.0,395.75,396.75,2368.0
2024-08-30 03:00:00,396.75,397.25,396.75,396.75,899.0
2024-08-30 04:00:00,396.75,397.0,396.5,396.75,690.0
2024-08-30 05:00:00,396.75,397.25,396.75,397.0,354.0
2024-08-30 06:00:00,397.25,397.25,396.5,396.75,1056.0
2024-08-30 07:00:00,396.75,397.25,396.25,397.0,1086.0
2024-08-30 08:00:00,397.0,397.5,396.75,397.25,1286.0
2024-08-30 09:00:00,397.25,397.75,396.75,397.25,2661.0
2024-08-30 10:00:00,397.25,398.0,396.75,397.25,3569.0
2024-08-30 11:00:00,397.25,398.75,397.25,398.75,2784.0
2024-08-30 12:00:00,398.5,400.5,398.5,400.25,9883.0
2024-08-30 13:00:00,400.0,400.0,396.75,397.75,27301.0
2024-08-30 14:00:00,397.5,399.5,396.75,399.25,29283.0
2024-08-30 15:00:00,399.25,400.0,396.75,400.0,16516.0
2024-08-30 16:00:00,400.0,400.75,398.75,400.5,17599.0
2024-08-30 17:00:00,400.25,401.75,399.75,401.5,21801.0
2024-08-30 18:00:00,401.25,401.75,400.5,401.5,23119.0
2024-09-03 04:00:00,400.25,400.25,400.0,400.25,163.0
2024-09-03 05:00:00,400.25,400.75,399.5,400.0,1882.0
2024-09-03 06:00:00,400.0,400.5,400.0,400.25,1042.0
2024-09-03 07:00:00,400.0,400.75,400.0,400.25,1140.0
2024-09-03 08:00:00,400.25,400.75,399.75,400.5,1201.0
2024-09-03 09:00:00,400.5,400.75,398.75,399.5,2748.0
2024-09-03 10:00:00,399.25,399.5,398.5,399.25,1280.0
2024-09-03 11:00:00,399.25,400.5,399.25,400.25,1583.0
2024-09-03 12:00:00,400.25,402.0,400.25,401.5,5071.0
2024-09-03 13:00:00,401.25,405.5,401.0,404.75,42685.0
2024-09-03 14:00:00,404.75,406.0,404.0,406.0,33346.0
2024-09-03 15:00:00,405.75,408.5,405.25,408.0,30379.0
2024-09-03 16:00:00,408.0,410.0,408.0,409.5,34081.0
2024-09-03 17:00:00,409.25,409.5,406.5,406.75,20493.0
2024-09-03 18:00:00,406.75,409.75,406.75,409.0,33271.0
2024-09-04 00:00:00,408.75,409.0,408.0,408.25,0.0
2024-09-04 01:00:00,408.0,408.75,408.0,408.5,1750.0
2024-09-04 02:00:00,408.5,408.75,408.5,408.75,546.0
2024-09-04 03:00:00,408.75,408.75,408.25,408.25,577.0
2024-09-04 04:00:00,408.25,408.75,408.25,408.75,300.0
2024-09-04 05:00:00,408.75,408.75,408.25,408.25,409.0
2024-09-04 06:00:00,408.5,408.5,407.75,408.25,2656.0
2024-09-04 07:00:00,408.25,408.5,407.75,408.25,2060.0
2024-09-04 08:00:00,408.25,408.5,407.5,407.5,1284.0
2024-09-04 09:00:00,407.75,408.5,407.75,408.25,923.0
2024-09-04 10:00:00,408.5,409.5,408.25,409.25,5152.0
2024-09-04 11:00:00,409.5,409.75,409.0,409.25,3346.0
2024-09-04 12:00:00,409.25,409.75,408.25,408.75,3111.0
2024-09-04 13:00:00,408.5,411.5,408.5,409.75,38287.0
2024-09-04 14:00:00,409.75,411.75,409.0,411.5,29227.0
2024-09-04 15:00:00,411.25,411.5,409.25,410.75,19768.0
2024-09-04 16:00:00,410.75,412.25,410.25,411.5,26102.0
2024-09-04 17:00:00,411.75,412.0,410.75,411.5,16617.0
2024-09-04 18:00:00,411.5,413.5,411.0,413.0,28314.0
2024-09-05 00:00:00,412.75,413.25,412.25,412.5,0.0
2024-09-05 01:00:00,412.5,412.75,412.0,412.25,781.0
2024-09-05 02:00:00,412.25,412.5,412.0,412.25,1161.0
2024-09-05 03:00:00,412.25,412.5,411.75,412.0,1064.0
2024-09-05 04:00:00,411.75,412.0,411.5,411.75,495.0
2024-09-05 05:00:00,411.75,411.75,411.5,411.75,121.0
2024-09-05 06:00:00,412.0,412.0,411.75,411.75,404.0
2024-09-05 07:00:00,411.75,412.0,411.0,411.5,2297.0
2024-09-05 08:00:00,411.75,411.75,411.25,411.25,1354.0
2024-09-05 09:00:00,411.5,411.75,411.25,411.25,1294.0
2024-09-05 10:00:00,411.5,411.75,410.5,410.75,1733.0
2024-09-05 11:00:00,411.0,411.25,409.75,410.25,4533.0
2024-09-05 12:00:00,410.0,410.25,409.5,410.0,5033.0
2024-09-05 13:00:00,410.0,411.25,409.25,410.25,24758.0
2024-09-05 14:00:00,410.25,411.0,407.25,407.25,27757.0
2024-09-05 15:00:00,407.5,409.25,406.75,408.75,22323.0
2024-09-05 16:00:00,408.75,410.0,408.5,409.75,12979.0
2024-09-05 17:00:00,410.0,410.5,409.75,410.5,14794.0
2024-09-05 18:00:00,410.5,411.0,410.25,410.75,19303.0
2024-09-06 00:00:00,410.0,410.5,409.75,410.25,0.0
2024-09-06 01:00:00,410.0,410.5,409.75,410.25,1032.0
2024-09-06 02:00:00,410.5,410.5,409.75,410.0,361.0
2024-09-06 03:00:00,410.0,410.0,409.75,409.75,196.0
2024-09-06 04:00:00,409.75,410.0,409.75,409.75,144.0
2024-09-06 05:00:00,410.0,410.0,409.75,410.0,213.0
2024-09-06 06:00:00,409.75,410.75,409.75,410.5,1176.0
2024-09-06 07:00:00,410.75,411.0,410.5,410.5,824.0
2024-09-06 08:00:00,410.75,410.75,410.25,410.5,595.0
2024-09-06 09:00:00,410.75,411.75,410.5,411.25,1492.0
2024-09-06 10:00:00,411.5,411.5,411.25,411.25,664.0
2024-09-06 11:00:00,411.25,411.5,410.5,411.25,935.0
2024-09-06 12:00:00,411.0,413.5,411.0,412.75,6910.0
2024-09-06 13:00:00,412.5,416.0,412.25,413.0,33899.0
2024-09-06 14:00:00,413.0,413.75,410.75,411.0,25224.0
2024-09-06 15:00:00,410.75,411.75,408.5,408.5,21565.0
2024-09-06 16:00:00,408.75,409.0,407.0,407.75,24160.0
2024-09-06 17:00:00,408.0,408.0,406.75,407.0,16472.0
2024-09-06 18:00:00,407.0,407.25,405.5,406.25,21807.0
2024-09-09 00:00:00,405.5,406.25,404.0,405.5,3153.0
2024-09-09 01:00:00,405.5,405.75,405.0,405.25,1058.0
2024-09-09 02:00:00,405.25,405.25,404.5,404.5,226.0
2024-09-09 03:00:00,404.75,404.75,404.5,404.5,519.0
2024-09-09 04:00:00,404.5,405.0,404.5,405.0,375.0
2024-09-09 05:00:00,405.0,405.5,404.75,405.25,432.0
2024-09-09 06:00:00,405.25,406.0,405.25,405.75,817.0
2024-09-09 07:00:00,405.75,405.75,404.75,405.25,1733.0
2024-09-09 08:00:00,405.25,405.75,405.25,405.5,616.0
2024-09-09 09:00:00,405.25,406.75,405.0,406.5,2356.0
2024-09-09 10:00:00,406.25,406.5,404.5,405.0,2182.0
2024-09-09 11:00:00,405.0,406.0,405.0,406.0,1038.0
2024-09-09 12:00:00,406.0,406.25,404.75,405.75,3030.0
2024-09-09 13:00:00,406.0,407.5,403.25,404.75,33374.0
2024-09-09 14:00:00,405.0,406.0,403.25,405.75,19721.0
2024-09-09 15:00:00,406.0,407.25,405.5,407.0,15100.0
2024-09-09 16:00:00,407.0,407.75,406.5,407.5,7671.0
2024-09-09 17:00:00,407.5,407.5,406.25,407.0,8663.0
2024-09-09 18:00:00,407.0,408.0,407.0,407.25,18430.0
2024-09-10 00:00:00,407.0,407.0,405.75,406.0,0.0
2024-09-10 01:00:00,406.0,407.0,406.0,406.25,858.0
2024-09-10 02:00:00,406.0,406.5,406.0,406.25,116.0
2024-09-10 03:00:00,406.0,406.5,406.0,406.0,48.0
2024-09-10 04:00:00,406.0,406.5,406.0,406.25,194.0
2024-09-10 05:00:00,406.25,406.75,406.25,406.25,751.0
2024-09-10 06:00:00,406.25,406.75,406.0,406.25,620.0
2024-09-10 07:00:00,406.25,406.75,406.0,406.25,548.0
2024-09-10 08:00:00,406.25,406.5,405.5,405.75,990.0
2024-09-10 09:00:00,405.5,405.75,405.0,405.25,1858.0
2024-09-10 10:00:00,405.5,406.0,405.25,405.25,2935.0
2024-09-10 11:00:00,405.5,407.0,405.25,406.75,1496.0
2024-09-10 12:00:00,406.75,407.25,405.75,405.75,5309.0
2024-09-10 13:00:00,405.75,406.75,403.75,404.75,23278.0
2024-09-10 14:00:00,404.75,406.5,404.0,406.0,19904.0
2024-09-10 15:00:00,406.0,407.5,404.5,405.25,21319.0
2024-09-10 16:00:00,405.25,405.5,404.0,404.25,8468.0
2024-09-10 17:00:00,404.25,405.0,404.0,404.0,10532.0
2024-09-10 18:00:00,404.0,404.5,403.25,404.0,17970.0
2024-09-11 00:00:00,404.0,404.5,403.5,404.25,0.0
2024-09-11 01:00:00,404.0,404.75,403.75,404.5,461.0
2024-09-11 02:00:00,404.75,405.0,404.5,405.0,666.0
2024-09-11 03:00:00,404.75,405.0,404.75,405.0,70.0
2024-09-11 04:00:00,405.0,405.25,404.75,405.0,275.0
2024-09-11 05:00:00,405.25,406.0,405.0,406.0,664.0
2024-09-11 06:00:00,406.0,407.0,405.75,406.75,927.0
2024-09-11 07:00:00,406.75,406.75,406.25,406.25,571.0
2024-09-11 08:00:00,406.25,407.25,406.0,406.75,1878.0
2024-09-11 09:00:00,406.75,407.25,406.25,407.0,1804.0
2024-09-11 10:00:00,406.75,407.25,406.25,406.5,606.0
2024-09-11 11:00:00,406.75,407.0,406.25,406.25,1182.0
2024-09-11 12:00:00,406.25,407.25,405.75,406.75,8272.0
2024-09-11 13:00:00,406.5,407.5,402.0,402.5,21709.0
2024-09-11 14:00:00,402.25,404.0,401.25,401.5,32679.0
2024-09-11 15:00:00,401.75,404.25,401.75,404.0,14554.0
2024-09-11 16:00:00,404.25,405.25,404.0,404.25,10510.0
2024-09-11 17:00:00,404.25,405.0,402.75,404.25,15676.0
2024-09-11 18:00:00,404.25,405.25,403.25,405.0,18914.0
2024-09-12 00:00:00,404.75,405.25,404.0,405.25,0.0
2024-09-12 01:00:00,405.25,405.75,405.0,405.25,1419.0
2024-09-12 02:00:00,405.5,405.5,404.75,405.5,711.0
2024-09-12 03:00:00,405.25,405.75,405.25,405.5,181.0
2024-09-12 04:00:00,405.25,405.5,405.25,405.5,289.0
2024-09-12 05:00:00,405.5,405.75,405.25,405.75,358.0
2024-09-12 06:00:00,405.75,406.25,405.25,405.75,918.0
2024-09-12 07:00:00,405.75,406.0,405.25,405.75,831.0
2024-09-12 08:00:00,405.75,409.0,405.75,408.25,8330.0
2024-09-12 09:00:00,408.5,409.0,407.5,408.25,2706.0
2024-09-12 10:00:00,408.25,409.25,407.75,408.75,3175.0
2024-09-12 11:00:00,408.75,409.5,408.5,409.25,4048.0
2024-09-12 12:00:00,409.25,409.75,408.0,408.0,10251.0
2024-09-12 13:00:00,407.25,408.25,404.5,405.0,25256.0
2024-09-12 14:00:00,405.0,406.0,404.0,405.0,22767.0
2024-09-12 15:00:00,405.0,406.0,404.25,405.5,19223.0
2024-09-12 16:00:00,405.75,408.0,397.0,402.25,95599.0
2024-09-12 17:00:00,402.0,405.5,401.5,404.75,32225.0
2024-09-12 18:00:00,404.5,407.0,404.25,406.75,23916.0
2024-09-13 00:00:00,406.25,409.25,406.25,408.5,0.0
2024-09-13 01:00:00,408.75,409.25,408.25,408.75,2132.0
2024-09-13 02:00:00,409.0,409.0,407.5,408.0,1071.0
2024-09-13 03:00:00,408.0,408.75,407.75,408.5,4252.0
2024-09-13 04:00:00,408.25,408.75,408.25,408.5,175.0
2024-09-13 05:00:00,408.5,409.75,408.25,409.5,1696.0
2024-09-13 06:00:00,409.25,409.75,409.0,409.5,639.0
2024-09-13 07:00:00,409.5,410.75,409.5,410.25,3846.0
2024-09-13 08:00:00,410.25,410.5,409.25,410.5,2152.0
2024-09-13 09:00:00,410.5,411.0,410.25,410.25,1072.0
2024-09-13 10:00:00,410.25,410.5,409.5,409.5,2533.0
2024-09-13 11:00:00,409.5,411.0,409.5,411.0,2593.0
2024-09-13 12:00:00,410.75,412.75,410.75,411.25,9161.0
2024-09-13 13:00:00,411.0,413.5,410.25,412.75,40145.0
2024-09-13 14:00:00,412.75,413.0,409.75,411.5,38042.0
2024-09-13 15:00:00,411.5,411.5,408.0,409.75,25720.0
2024-09-13 16:00:00,409.75,411.25,408.75,410.5,18303.0
2024-09-13 17:00:00,410.5,412.75,410.25,412.5,24446.0
2024-09-13 18:00:00,412.5,414.0,412.5,413.75,22450.0
2024-09-16 00:00:00,413.0,413.0,410.25,410.75,3501.0
2024-09-16 01:00:00,411.0,411.5,410.75,411.0,822.0
2024-09-16 02:00:00,410.75,411.0,410.5,410.5,454.0
2024-09-16 03:00:00,410.75,410.75,410.25,410.25,222.0
2024-09-16 04:00:00,410.25,410.5,410.0,410.0,300.0
2024-09-16 05:00:00,410.25,410.5,409.75,410.0,1601.0
2024-09-16 06:00:00,410.0,410.0,409.5,409.5,621.0
2024-09-16 07:00:00,409.5,409.5,408.5,409.0,1864.0
2024-09-16 08:00:00,409.0,410.25,408.75,409.75,1568.0
2024-09-16 09:00:00,410.0,411.0,409.75,410.75,1149.0
2024-09-16 10:00:00,410.75,411.5,409.75,409.75,3165.0
2024-09-16 11:00:00,409.75,410.75,409.75,410.5,1648.0
2024-09-16 12:00:00,410.5,411.25,410.25,411.0,4219.0
2024-09-16 13:00:00,410.75,412.5,408.5,409.75,30033.0
2024-09-16 14:00:00,409.75,410.5,409.0,409.75,16488.0
2024-09-16 15:00:00,410.0,411.0,409.25,409.25,14533.0
2024-09-16 16:00:00,409.5,410.5,409.0,410.0,11673.0
2024-09-16 17:00:00,409.75,412.0,409.75,412.0,17474.0
2024-09-16 18:00:00,412.0,412.0,410.0,410.25,23910.0
2024-09-17 00:00:00,410.0,410.5,409.25,410.5,0.0
2024-09-17 01:00:00,410.5,411.25,410.25,411.0,1133.0
2024-09-17 02:00:00,411.0,411.25,410.75,411.0,477.0
2024-09-17 03:00:00,411.0,411.25,410.75,411.0,402.0
2024-09-17 04:00:00,411.0,411.25,411.0,411.25,269.0
2024-09-17 05:00:00,411.25,411.5,411.0,411.25,94.0
2024-09-17 06:00:00,411.25,411.5,411.25,411.25,308.0
2024-09-17 07:00:00,411.25,411.75,411.25,411.5,1093.0
2024-09-17 08:00:00,411.75,411.75,410.75,411.0,599.0
2024-09-17 09:00:00,410.75,411.25,410.75,411.0,521.0
2024-09-17 10:00:00,411.25,411.25,410.25,410.5,1244.0
2024-09-17 11:00:00,410.75,411.25,410.25,411.25,1483.0
2024-09-17 12:00:00,411.25,413.0,411.0,411.25,5610.0
2024-09-17 13:00:00,411.25,412.5,410.25,411.0,16610.0
2024-09-17 14:00:00,411.0,411.5,408.5,409.75,24711.0
2024-09-17 15:00:00,410.0,410.75,409.25,410.75,11520.0
2024-09-17 16:00:00,410.5,411.75,410.25,411.25,10503.0
2024-09-17 17:00:00,411.25,412.5,411.0,412.25,12628.0
2024-09-17 18:00:00,412.25,413.0,412.0,412.25,0.0
2024-09-18 00:00:00,412.0,413.0,412.0,412.75,3328.0
2024-09-18 01:00:00,412.75,414.0,412.75,414.0,2488.0
2024-09-18 02:00:00,414.0,414.25,413.5,414.0,2043.0
2024-09-18 03:00:00,414.0,414.5,414.0,414.0,799.0
2024-09-18 04:00:00,414.0,414.25,413.75,414.25,738.0
2024-09-18 05:00:00,414.25,414.25,413.75,414.0,653.0
2024-09-18 06:00:00,414.25,414.75,414.0,414.25,2313.0
2024-09-18 07:00:00,414.25,414.25,414.0,414.0,872.0
2024-09-18 08:00:00,414.0,414.25,414.0,414.25,462.0
2024-09-18 09:00:00,414.25,414.5,414.0,414.25,5987.0
2024-09-18 10:00:00,414.5,414.5,413.75,414.0,1598.0
2024-09-18 11:00:00,414.0,414.75,413.75,414.75,4243.0
2024-09-18 12:00:00,414.5,414.75,413.0,413.25,4449.0
2024-09-18 13:00:00,413.0,414.0,411.5,413.25,18904.0
2024-09-18 14:00:00,413.25,415.0,412.0,412.0,19224.0
2024-09-18 15:00:00,412.0,413.25,411.75,412.25,10599.0
2024-09-18 16:00:00,412.25,412.75,411.0,411.25,12145.0
2024-09-18 17:00:00,411.25,412.75,411.25,412.75,11711.0
2024-09-18 18:00:00,412.5,413.75,411.75,412.25,16013.0
2024-09-19 00:00:00,412.25,413.0,411.0,411.0,0.0
2024-09-19 01:00:00,411.25,411.25,409.75,410.25,3079.0
2024-09-19 02:00:00,410.0,410.75,410.0,410.25,697.0
2024-09-19 03:00:00,410.25,411.0,410.25,411.0,968.0
2024-09-19 04:00:00,410.75,411.0,410.75,411.0,33.0
2024-09-19 05:00:00,410.75,411.25,410.75,411.0,514.0
2024-09-19 06:00:00,411.0,411.25,410.5,410.5,510.0
2024-09-19 07:00:00,410.5,411.25,410.25,411.25,2422.0
2024-09-19 08:00:00,411.25,411.5,410.25,410.75,2377.0
2024-09-19 09:00:00,410.75,411.0,410.25,410.75,1747.0
2024-09-19 10:00:00,410.75,410.75,409.75,409.75,2474.0
2024-09-19 11:00:00,409.75,410.0,409.25,410.0,1969.0
2024-09-19 12:00:00,409.75,411.0,409.75,410.0,8073.0
2024-09-19 13:00:00,409.75,410.25,407.5,409.75,27179.0
2024-09-19 14:00:00,409.5,409.75,405.5,405.75,29928.0
2024-09-19 15:00:00,406.0,407.0,405.25,407.0,16748.0
2024-09-19 16:00:00,406.75,407.75,405.75,406.0,13663.0
2024-09-19 17:00:00,406.0,406.75,405.25,405.75,14484.0
2024-09-19 18:00:00,405.75,406.25,405.25,405.75,18129.0
2024-09-20 00:00:00,406.0,407.25,405.25,407.0,0.0
2024-09-20 01:00:00,407.0,407.0,405.75,406.5,2814.0
2024-09-20 02:00:00,406.5,406.75,406.25,406.5,692.0
2024-09-20 03:00:00,406.5,407.0,406.5,406.5,325.0
2024-09-20 04:00:00,406.5,406.75,406.5,406.75,131.0
2024-09-20 05:00:00,406.5,406.75,406.25,406.5,280.0
2024-09-20 06:00:00,406.75,407.0,406.5,406.75,428.0
2024-09-20 07:00:00,406.75,407.25,406.75,407.0,964.0
2024-09-20 08:00:00,406.75,407.25,406.75,406.75,1720.0
2024-09-20 09:00:00,406.5,407.0,405.75,406.0,1786.0
2024-09-20 10:00:00,406.25,406.25,405.5,405.75,745.0
2024-09-20 11:00:00,405.75,406.0,404.25,404.75,3244.0
2024-09-20 12:00:00,404.75,405.25,404.0,404.25,4041.0
2024-09-20 13:00:00,404.5,405.25,402.75,403.75,22850.0
2024-09-20 14:00:00,403.75,405.5,402.0,402.0,27921.0
2024-09-20 15:00:00,402.0,402.75,401.5,402.25,19195.0
2024-09-20 16:00:00,402.25,404.5,402.25,402.75,19215.0
2024-09-20 17:00:00,402.75,403.0,401.75,402.25,16098.0
2024-09-20 18:00:00,402.25,402.75,401.5,401.5,28198.0
2024-09-23 00:00:00,401.5,404.25,401.25,404.0,4322.0
2024-09-23 01:00:00,404.0,404.5,403.5,404.0,1374.0
2024-09-23 02:00:00,404.0,404.25,403.75,404.25,695.0
2024-09-23 03:00:00,404.0,405.5,404.0,405.25,1034.0
2024-09-23 04:00:00,405.0,405.5,405.0,405.25,498.0
2024-09-23 05:00:00,405.25,405.5,404.75,405.0,441.0
2024-09-23 06:00:00,405.0,405.0,404.25,404.25,581.0
2024-09-23 07:00:00,404.25,405.25,404.0,405.25,900.0
2024-09-23 08:00:00,405.25,406.0,405.0,406.0,1498.0
2024-09-23 09:00:00,405.75,406.25,405.5,405.75,1590.0
2024-09-23 10:00:00,405.5,407.75,405.5,407.25,5830.0
2024-09-23 11:00:00,407.5,407.75,406.75,407.75,3650.0
2024-09-23 12:00:00,407.75,408.5,407.25,408.0,5911.0
2024-09-23 13:00:00,406.75,413.5,406.75,411.25,46870.0
2024-09-23 14:00:00,411.25,413.0,409.5,410.75,33573.0
2024-09-23 15:00:00,410.5,412.25,410.0,412.0,18802.0
2024-09-23 16:00:00,412.0,413.0,411.75,412.5,24307.0
2024-09-23 17:00:00,412.5,414.25,412.25,413.0,25614.0
2024-09-23 18:00:00,413.0,413.75,412.25,413.0,25088.0
2024-09-24 00:00:00,413.0,413.25,411.75,412.0,0.0
2024-09-24 01:00:00,412.0,412.5,411.75,412.0,1349.0
2024-09-24 02:00:00,412.0,412.0,411.5,411.75,526.0
2024-09-24 03:00:00,412.0,412.25,411.75,412.0,410.0
2024-09-24 04:00:00,412.0,412.25,412.0,412.0,117.0
2024-09-24 05:00:00,412.0,412.25,412.0,412.0,257.0
2024-09-24 06:00:00,412.0,412.5,412.0,412.5,193.0
2024-09-24 07:00:00,412.25,413.0,412.25,412.75,782.0
2024-09-24 08:00:00,412.75,413.0,412.0,412.25,1677.0
2024-09-24 09:00:00,412.25,413.5,412.25,413.25,1865.0
2024-09-24 10:00:00,413.5,413.75,413.25,413.5,2678.0
2024-09-24 11:00:00,413.5,414.0,413.0,413.75,3300.0
2024-09-24 12:00:00,413.75,417.25,413.75,416.75,17363.0
2024-09-24 13:00:00,416.5,418.25,415.75,416.25,32790.0
2024-09-24 14:00:00,416.5,416.75,413.5,414.25,32738.0
2024-09-24 15:00:00,414.0,414.25,410.75,411.75,23814.0
2024-09-24 16:00:00,411.75,413.5,411.0,412.25,22519.0
2024-09-24 17:00:00,412.25,412.25,410.0,410.75,21801.0
2024-09-24 18:00:00,410.75,412.25,410.5,411.75,17972.0
2024-09-25 00:00:00,411.75,411.75,409.25,410.75,0.0
2024-09-25 01:00:00,410.75,411.5,409.5,410.25,1256.0
2024-09-25 02:00:00,410.5,410.5,410.0,410.25,588.0
2024-09-25 03:00:00,410.25,410.5,410.0,410.25,400.0
2024-09-25 04:00:00,410.25,410.5,410.0,410.5,109.0
2024-09-25 05:00:00,410.5,410.75,409.75,410.0,577.0
2024-09-25 06:00:00,410.0,410.25,409.75,409.75,372.0
2024-09-25 07:00:00,409.75,410.0,409.5,409.75,1216.0
2024-09-25 08:00:00,410.0,410.75,409.5,410.0,1684.0
2024-09-25 09:00:00,410.0,410.5,409.25,409.5,1584.0
2024-09-25 10:00:00,409.5,409.5,408.75,409.25,1637.0
2024-09-25 11:00:00,409.25,409.5,408.5,409.25,2350.0
2024-09-25 12:00:00,409.25,410.0,408.75,409.5,1792.0
2024-09-25 13:00:00,409.5,412.5,409.0,412.25,26613.0
2024-09-25 14:00:00,412.25,412.75,410.5,412.0,20425.0
2024-09-25 15:00:00,411.75,413.0,411.25,411.5,14581.0
2024-09-25 16:00:00,411.5,415.0,411.5,414.5,19316.0
2024-09-25 17:00:00,414.75,415.0,412.5,414.5,23780.0
2024-09-25 18:00:00,414.5,415.5,414.25,415.0,19236.0
2024-09-26 00:00:00,414.75,415.25,414.25,415.0,0.0
2024-09-26 01:00:00,415.0,416.0,414.25,416.0,9112.0
2024-09-26 02:00:00,415.75,416.0,415.0,415.0,2405.0
2024-09-26 03:00:00,415.0,415.25,415.0,415.25,195.0
2024-09-26 04:00:00,415.0,415.75,415.0,415.5,1854.0
2024-09-26 05:00:00,415.25,415.75,415.0,415.5,1224.0
2024-09-26 06:00:00,415.25,415.25,414.0,414.5,1668.0
2024-09-26 07:00:00,414.75,415.0,414.25,414.75,1930.0
2024-09-26 08:00:00,414.5,414.75,414.0,414.25,2848.0
2024-09-26 09:00:00,414.25,415.0,414.25,414.75,3287.0
2024-09-26 10:00:00,414.75,415.75,414.5,415.25,3046.0
2024-09-26 11:00:00,415.25,416.0,414.5,415.5,3149.0
2024-09-26 12:00:00,415.5,416.25,413.5,414.5,11524.0
2024-09-26 13:00:00,414.25,415.5,413.0,415.0,19263.0
2024-09-26 14:00:00,415.0,419.0,414.75,419.0,38692.0
2024-09-26 15:00:00,418.75,419.25,416.25,416.5,20887.0
2024-09-26 16:00:00,416.75,416.75,413.25,413.75,24860.0
2024-09-26 17:00:00,413.75,414.5,412.5,414.0,15112.0
2024-09-26 18:00:00,414.0,414.0,412.75,413.0,17306.0
2024-09-27 00:00:00,413.0,413.25,411.0,411.0,0.0
2024-09-27 01:00:00,411.25,411.75,410.75,411.25,1838.0
2024-09-27 02:00:00,411.0,411.75,410.75,411.75,5437.0
2024-09-27 03:00:00,411.75,412.25,411.5,411.75,1834.0
2024-09-27 04:00:00,411.75,412.0,411.75,411.75,809.0
2024-09-27 05:00:00,411.75,412.25,411.5,411.5,2120.0
2024-09-27 06:00:00,411.5,412.25,411.25,412.0,472.0
2024-09-27 07:00:00,412.0,413.0,411.75,412.75,1145.0
2024-09-27 08:00:00,413.0,414.0,412.5,413.75,6085.0
2024-09-27 09:00:00,413.75,414.5,412.25,413.0,6410.0
2024-09-27 10:00:00,413.25,413.5,412.75,413.0,1759.0
2024-09-27 11:00:00,413.0,413.75,412.25,413.0,2645.0
2024-09-27 12:00:00,413.0,414.0,412.75,413.0,4404.0
2024-09-27 13:00:00,413.0,415.5,412.75,413.75,25410.0
2024-09-27 14:00:00,414.0,417.25,413.75,416.0,27368.0
2024-09-27 15:00:00,416.25,417.75,415.75,416.75,19769.0
2024-09-27 16:00:00,417.0,419.75,417.0,419.0,32989.0
2024-09-27 17:00:00,419.0,419.75,418.0,418.5,22312.0
2024-09-27 18:00:00,418.5,419.0,417.0,417.5,27988.0
2024-09-30 00:00:00,416.5,417.25,415.5,415.75,4182.0
2024-09-30 01:00:00,416.0,416.5,415.5,415.75,1353.0
2024-09-30 02:00:00,416.0,416.5,415.5,416.5,1025.0
2024-09-30 03:00:00,416.5,416.5,416.0,416.25,517.0
2024-09-30 04:00:00,416.0,416.5,416.0,416.0,1374.0
2024-09-30 05:00:00,416.0,416.75,415.75,416.5,301.0
2024-09-30 06:00:00,416.5,417.0,416.0,416.5,791.0
2024-09-30 07:00:00,416.25,416.75,415.5,415.5,1171.0
2024-09-30 08:00:00,415.5,417.5,415.5,417.5,2123.0
2024-09-30 09:00:00,417.5,417.5,416.75,416.75,2863.0
2024-09-30 10:00:00,417.0,418.0,416.75,417.25,0.0
2024-09-30 11:00:00,417.25,418.25,417.25,418.0,25264.0
2024-09-30 12:00:00,417.75,418.5,417.25,417.5,4464.0
2024-09-30 13:00:00,417.5,418.0,416.5,417.5,14841.0
2024-09-30 14:00:00,417.25,418.25,416.75,417.25,21173.0
2024-09-30 15:00:00,417.5,419.75,417.25,419.0,19689.0
2024-09-30 16:00:00,419.25,426.75,419.0,426.25,92819.0
2024-09-30 17:00:00,426.0,427.75,424.0,424.5,42891.0
2024-09-30 18:00:00,424.25,425.5,424.0,424.0,28513.0
2024-10-01 00:00:00,423.5,424.25,422.25,422.75,0.0
2024-10-01 01:00:00,423.0,423.0,422.0,422.0,1738.0
2024-10-01 02:00:00,422.25,422.5,422.0,422.5,1290.0
2024-10-01 03:00:00,422.25,423.0,422.0,423.0,699.0
2024-10-01 04:00:00,423.0,423.5,423.0,423.25,736.0
2024-10-01 05:00:00,423.25,423.75,423.25,423.5,563.0
2024-10-01 06:00:00,423.25,423.5,423.0,423.0,1005.0
2024-10-01 07:00:00,423.25,423.25,421.75,421.75,3138.0
2024-10-01 08:00:00,421.75,422.5,421.75,421.75,1779.0
2024-10-01 09:00:00,421.75,422.75,421.75,422.5,1638.0
2024-10-01 10:00:00,422.75,425.0,422.75,425.0,5549.0
2024-10-01 11:00:00,424.75,425.0,422.75,423.25,3165.0
2024-10-01 12:00:00,423.5,424.75,422.5,422.75,6427.0
2024-10-01 13:00:00,423.5,426.75,422.5,426.5,36085.0
2024-10-01 14:00:00,426.75,428.5,426.0,428.0,42493.0
2024-10-01 15:00:00,427.75,428.5,425.75,428.0,28148.0
2024-10-01 16:00:00,428.0,431.0,427.0,429.75,36040.0
2024-10-01 17:00:00,429.75,432.5,428.5,429.25,42782.0
2024-10-01 18:00:00,429.25,430.0,428.0,428.5,22056.0
2024-10-02 00:00:00,428.5,429.5,428.5,429.0,0.0
2024-10-02 01:00:00,429.0,430.5,429.0,430.25,1475.0
2024-10-02 02:00:00,430.25,430.25,429.5,429.75,575.0
2024-10-02 03:00:00,429.75,430.0,429.5,429.5,221.0
2024-10-02 04:00:00,429.75,430.0,429.5,430.0,272.0
2024-10-02 05:00:00,430.0,430.75,429.5,430.5,2477.0
2024-10-02 06:00:00,430.5,432.75,430.5,432.25,4664.0
2024-10-02 07:00:00,432.0,432.75,432.0,432.5,2926.0
2024-10-02 08:00:00,432.5,432.75,432.0,432.5,2513.0
2024-10-02 09:00:00,432.5,433.75,432.25,433.75,7371.0
2024-10-02 10:00:00,433.5,434.25,431.5,431.75,8574.0
2024-10-02 11:00:00,431.75,434.25,431.5,433.0,11171.0
2024-10-02 12:00:00,433.0,433.25,430.25,431.75,9354.0
2024-10-02 13:00:00,431.25,434.25,430.75,432.75,38740.0
2024-10-02 14:00:00,432.5,434.25,431.0,433.75,37886.0
2024-10-02 15:00:00,433.75,434.25,432.75,433.5,20325.0
2024-10-02 16:00:00,433.75,434.25,431.25,432.25,23917.0
2024-10-02 17:00:00,432.25,433.5,431.5,433.25,18855.0
2024-10-02 18:00:00,433.25,433.75,431.5,431.75,25956.0
2024-10-03 00:00:00,431.5,432.5,430.75,432.25,0.0
2024-10-03 01:00:00,432.25,432.5,432.0,432.5,1258.0
2024-10-03 02:00:00,432.5,432.75,432.25,432.5,1604.0
2024-10-03 03:00:00,432.25,432.75,432.25,432.5,1328.0
2024-10-03 04:00:00,432.5,433.0,432.5,432.75,662.0
2024-10-03 05:00:00,432.75,433.0,432.5,433.0,802.0
2024-10-03 06:00:00,432.75,433.0,432.75,433.0,56.0
2024-10-03 07:00:00,433.0,433.25,431.5,431.5,3860.0
2024-10-03 08:00:00,431.5,432.0,430.5,431.0,3422.0
2024-10-03 09:00:00,431.25,431.25,430.5,431.25,1849.0
2024-10-03 10:00:00,431.0,432.0,430.75,431.5,1701.0
2024-10-03 11:00:00,431.5,432.25,430.0,430.5,5570.0
2024-10-03 12:00:00,430.75,430.75,429.5,429.75,4948.0
2024-10-03 13:00:00,429.75,431.5,429.5,429.75,24703.0
2024-10-03 14:00:00,430.0,430.5,428.5,429.5,28845.0
2024-10-03 15:00:00,429.75,431.0,429.5,431.0,13795.0
2024-10-03 16:00:00,431.0,432.0,430.5,431.5,14618.0
2024-10-03 17:00:00,431.5,431.5,428.75,429.25,17827.0
2024-10-03 18:00:00,429.0,429.25,427.5,428.0,33183.0
2024-10-04 00:00:00,427.5,427.5,425.25,426.5,0.0
2024-10-04 01:00:00,426.25,426.5,426.0,426.25,1773.0
2024-10-04 02:00:00,426.5,426.5,425.75,426.25,1310.0
2024-10-04 03:00:00,426.0,426.25,425.75,426.0,609.0
2024-10-04 04:00:00,426.25,426.25,425.75,425.75,675.0
2024-10-04 05:00:00,426.0,426.0,425.75,425.75,695.0
2024-10-04 06:00:00,426.0,426.0,425.5,425.5,1073.0
2024-10-04 07:00:00,425.5,426.5,425.5,426.25,784.0
2024-10-04 08:00:00,426.25,426.25,425.5,425.75,2412.0
2024-10-04 09:00:00,425.75,427.0,425.75,426.75,1661.0
2024-10-04 10:00:00,426.5,427.25,426.25,426.5,2660.0
2024-10-04 11:00:00,426.5,426.5,424.25,424.5,5828.0
2024-10-04 12:00:00,424.5,425.0,423.75,424.5,9077.0
2024-10-04 13:00:00,424.5,426.0,424.0,425.75,17988.0
2024-10-04 14:00:00,425.75,426.5,424.75,425.25,20975.0
2024-10-04 15:00:00,425.5,425.5,423.5,424.25,16268.0
2024-10-04 16:00:00,424.5,425.0,423.0,423.25,13279.0
2024-10-04 17:00:00,423.25,424.25,423.0,423.25,17428.0
2024-10-04 18:00:00,423.5,425.75,423.5,425.25,23319.0
2024-10-07 00:00:00,424.0,424.0,421.25,421.75,3854.0
2024-10-07 01:00:00,422.0,422.75,421.75,422.5,1535.0
2024-10-07 02:00:00,422.5,422.75,422.0,422.25,1352.0
2024-10-07 03:00:00,422.5,422.75,422.25,422.5,108.0
2024-10-07 04:00:00,422.75,423.25,422.75,423.0,543.0
2024-10-07 05:00:00,423.25,423.75,423.0,423.5,855.0
2024-10-07 06:00:00,423.5,424.0,423.5,424.0,286.0
2024-10-07 07:00:00,424.0,424.75,424.0,424.5,1682.0
2024-10-07 08:00:00,424.25,424.75,424.0,424.75,1202.0
2024-10-07 09:00:00,424.5,424.75,423.25,424.0,1899.0
2024-10-07 10:00:00,423.75,423.75,422.75,423.75,3132.0
2024-10-07 11:00:00,423.5,424.25,422.5,423.5,1907.0
2024-10-07 12:00:00,423.5,424.0,422.75,423.0,2618.0
2024-10-07 13:00:00,423.0,426.5,422.25,424.0,22333.0
2024-10-07 14:00:00,424.25,425.75,423.75,424.0,21801.0
2024-10-07 15:00:00,424.25,427.0,424.0,426.25,24316.0
2024-10-07 16:00:00,426.25,426.75,425.25,426.5,14517.0
2024-10-07 17:00:00,426.5,427.0,426.0,427.0,12629.0
2024-10-07 18:00:00,426.75,427.0,425.75,426.5,23760.0
2024-10-08 00:00:00,426.0,427.5,425.75,427.0,0.0
2024-10-08 01:00:00,426.75,428.0,426.5,427.0,2528.0
2024-10-08 02:00:00,427.0,427.25,424.0,424.25,1970.0
2024-10-08 03:00:00,424.5,425.0,424.5,424.5,509.0
2024-10-08 04:00:00,424.75,425.0,424.0,424.5,1321.0
2024-10-08 05:00:00,424.25,424.25,423.5,424.0,2466.0
2024-10-08 06:00:00,424.25,424.25,423.75,424.0,835.0
2024-10-08 07:00:00,424.0,424.0,423.25,423.25,1012.0
2024-10-08 08:00:00,423.5,424.0,423.25,423.25,1769.0
2024-10-08 09:00:00,423.25,423.75,422.0,422.0,2940.0
2024-10-08 10:00:00,422.0,424.25,422.0,424.0,4179.0
2024-10-08 11:00:00,424.0,424.0,422.25,422.75,3225.0
2024-10-08 12:00:00,423.0,423.0,422.0,422.5,4810.0
2024-10-08 13:00:00,422.75,425.75,422.0,422.75,29359.0
2024-10-08 14:00:00,422.75,424.5,421.75,422.0,28048.0
2024-10-08 15:00:00,422.0,423.0,420.0,420.5,36084.0
2024-10-08 16:00:00,420.75,421.0,419.5,419.75,29214.0
2024-10-08 17:00:00,419.5,422.25,419.25,421.5,23674.0
2024-10-08 18:00:00,421.75,421.75,420.25,420.75,26093.0
2024-10-09 00:00:00,420.25,421.75,420.0,421.5,0.0
2024-10-09 01:00:00,421.75,421.75,421.0,421.0,1454.0
2024-10-09 02:00:00,420.75,421.5,420.5,421.5,754.0
2024-10-09 03:00:00,421.25,421.75,421.25,421.75,764.0
2024-10-09 04:00:00,421.75,422.75,421.5,422.75,3613.0
2024-10-09 05:00:00,422.75,423.5,422.75,423.0,0.0
2024-10-09 06:00:00,423.0,423.0,422.25,422.5,14703.0
2024-10-09 07:00:00,422.75,422.75,422.0,422.0,1313.0
2024-10-09 08:00:00,422.0,422.75,422.0,422.75,1123.0
2024-10-09 09:00:00,422.5,423.25,422.5,422.75,1706.0
2024-10-09 10:00:00,423.0,423.5,422.5,423.0,1112.0
2024-10-09 11:00:00,423.0,423.25,422.75,422.75,1528.0
2024-10-09 12:00:00,423.0,423.25,422.25,422.75,2818.0
2024-10-09 13:00:00,422.5,422.75,420.5,421.0,25863.0
2024-10-09 14:00:00,421.0,422.25,420.25,421.5,26722.0
2024-10-09 15:00:00,421.75,422.5,420.75,420.75,16334.0
2024-10-09 16:00:00,421.0,422.0,420.5,422.0,13901.0
2024-10-09 17:00:00,421.75,422.0,421.0,421.0,9658.0
2024-10-09 18:00:00,421.0,421.75,420.75,421.25,14346.0
2024-10-10 00:00:00,421.0,422.75,421.0,422.25,0.0
2024-10-10 01:00:00,422.25,422.75,422.25,422.5,802.0
2024-10-10 02:00:00,422.25,422.75,422.25,422.5,689.0
2024-10-10 03:00:00,422.5,423.0,422.5,422.5,489.0
2024-10-10 04:00:00,422.75,423.5,422.5,423.5,1225.0
2024-10-10 05:00:00,423.5,424.0,423.25,423.5,1463.0
2024-10-10 06:00:00,423.5,424.0,422.75,423.25,1792.0
2024-10-10 07:00:00,423.25,423.25,422.75,422.75,1080.0
2024-10-10 08:00:00,422.75,423.25,422.5,422.75,1028.0
2024-10-10 09:00:00,422.75,423.5,422.5,423.0,1557.0
2024-10-10 10:00:00,423.0,423.25,423.0,423.0,869.0
2024-10-10 11:00:00,423.0,423.25,421.5,421.5,3163.0
2024-10-10 12:00:00,421.75,421.75,420.75,420.75,6051.0
2024-10-10 13:00:00,421.0,421.75,419.5,420.0,18494.0
2024-10-10 14:00:00,420.0,420.0,418.5,419.25,24264.0
2024-10-10 15:00:00,419.5,420.5,418.5,418.75,18811.0
2024-10-10 16:00:00,418.75,419.75,418.0,418.75,20012.0
2024-10-10 17:00:00,418.75,419.75,418.0,419.25,14734.0
2024-10-10 18:00:00,419.25,419.75,418.0,418.25,27231.0
2024-10-11 00:00:00,418.5,420.5,418.0,420.25,0.0
2024-10-11 01:00:00,420.25,420.25,419.75,420.0,513.0
2024-10-11 02:00:00,420.0,420.5,419.5,420.25,319.0
2024-10-11 03:00:00,420.5,420.5,419.5,419.5,441.0
2024-10-11 04:00:00,419.5,419.5,419.25,419.5,75.0
2024-10-11 05:00:00,419.25,419.75,419.0,419.0,2937.0
2024-10-11 06:00:00,419.0,419.0,418.25,418.5,1280.0
2024-10-11 07:00:00,418.75,420.0,418.5,419.5,927.0
2024-10-11 08:00:00,419.75,420.25,419.5,419.75,615.0
2024-10-11 09:00:00,419.5,420.5,419.5,419.75,1616.0
2024-10-11 10:00:00,419.5,420.5,419.25,420.25,1283.0
2024-10-11 11:00:00,420.25,420.25,419.5,419.75,1733.0
2024-10-11 12:00:00,420.0,420.5,418.75,419.75,2960.0
2024-10-11 13:00:00,420.0,421.0,419.0,419.75,30912.0
2024-10-11 14:00:00,420.0,421.25,419.0,419.25,18158.0
2024-10-11 15:00:00,419.25,420.5,418.0,420.0,24029.0
2024-10-11 16:00:00,420.5,422.75,415.75,415.75,56575.0
2024-10-11 17:00:00,416.0,418.0,415.25,417.0,23730.0
2024-10-11 18:00:00,417.25,417.75,415.5,416.5,26477.0
2024-10-14 00:00:00,415.0,415.25,413.75,414.5,4483.0
2024-10-14 01:00:00,414.5,415.0,414.0,414.25,3432.0
2024-10-14 02:00:00,414.5,414.75,414.0,414.5,467.0
2024-10-14 03:00:00,414.75,415.0,414.5,415.0,859.0
2024-10-14 04:00:00,415.0,415.0,414.75,414.75,55.0
2024-10-14 05:00:00,414.75,415.0,414.5,414.5,398.0
2024-10-14 06:00:00,414.5,415.0,414.25,414.5,522.0
2024-10-14 07:00:00,414.25,414.25,413.5,413.75,2084.0
2024-10-14 08:00:00,413.75,414.0,413.5,413.75,1837.0
2024-10-14 09:00:00,413.75,414.0,413.25,413.25,2014.0
2024-10-14 10:00:00,413.5,414.0,413.25,413.25,951.0
2024-10-14 11:00:00,413.25,413.5,412.25,412.5,4210.0
2024-10-14 12:00:00,412.75,413.0,412.0,412.25,4411.0
2024-10-14 13:00:00,412.25,413.25,410.25,412.75,31780.0
2024-10-14 14:00:00,412.5,413.75,411.0,412.25,50999.0
2024-10-14 15:00:00,412.25,412.75,410.25,410.5,35937.0
2024-10-14 16:00:00,410.5,411.0,409.5,409.75,26964.0
2024-10-14 17:00:00,409.75,410.0,409.0,409.0,25741.0
2024-10-14 18:00:00,409.0,409.25,407.5,407.75,36581.0
2024-10-15 00:00:00,408.0,408.0,406.25,406.5,0.0
2024-10-15 01:00:00,406.75,407.25,406.5,407.0,1327.0
2024-10-15 02:00:00,407.25,407.5,406.75,407.0,1674.0
2024-10-15 03:00:00,406.75,407.0,406.25,406.25,246.0
2024-10-15 04:00:00,406.5,406.75,406.25,406.5,821.0
2024-10-15 05:00:00,406.5,406.5,406.0,406.25,2262.0
2024-10-15 06:00:00,406.25,406.5,406.0,406.0,862.0
2024-10-15 07:00:00,406.0,406.25,405.75,406.0,2009.0
2024-10-15 08:00:00,406.0,407.0,406.0,406.0,3770.0
2024-10-15 09:00:00,406.0,406.5,405.75,406.25,1191.0
2024-10-15 10:00:00,406.25,406.25,405.25,405.5,1702.0
2024-10-15 11:00:00,405.75,407.0,405.5,406.75,3418.0
2024-10-15 12:00:00,406.75,407.0,405.0,405.25,5353.0
2024-10-15 13:00:00,405.75,406.75,404.75,405.25,48161.0
2024-10-15 14:00:00,405.25,405.25,402.25,402.5,44645.0
2024-10-15 15:00:00,402.5,404.5,402.5,403.0,43750.0
2024-10-15 16:00:00,403.0,403.5,401.25,401.5,47167.0
2024-10-15 17:00:00,401.5,402.0,400.5,401.5,36603.0
2024-10-15 18:00:00,401.75,402.0,401.0,401.5,23889.0
2024-10-16 00:00:00,401.25,402.75,401.0,402.25,0.0
2024-10-16 01:00:00,402.25,402.75,402.0,402.75,873.0
2024-10-16 02:00:00,402.75,402.75,402.5,402.75,4121.0
2024-10-16 03:00:00,402.75,403.0,402.5,402.75,788.0
2024-10-16 04:00:00,403.0,403.0,402.5,402.75,417.0
2024-10-16 05:00:00,402.75,402.75,402.25,402.5,868.0
2024-10-16 06:00:00,402.25,402.5,402.0,402.0,1659.0
2024-10-16 07:00:00,402.25,402.5,402.0,402.0,2462.0
2024-10-16 08:00:00,402.0,402.25,401.75,402.25,1103.0
2024-10-16 09:00:00,402.25,403.25,402.0,402.75,3107.0
2024-10-16 10:00:00,403.0,403.5,402.5,403.25,3507.0
2024-10-16 11:00:00,403.5,403.75,402.75,403.25,2081.0
2024-10-16 12:00:00,403.0,403.5,402.25,402.75,3429.0
2024-10-16 13:00:00,402.75,404.75,402.75,404.0,30933.0
2024-10-16 14:00:00,404.25,405.0,402.5,404.25,33012.0
2024-10-16 15:00:00,404.25,406.25,403.75,405.0,30607.0
2024-10-16 16:00:00,405.0,405.25,404.0,404.75,22011.0
2024-10-16 17:00:00,404.5,406.75,404.5,405.75,24016.0
2024-10-16 18:00:00,406.0,406.0,404.5,404.5,18797.0
2024-10-17 00:00:00,404.5,406.0,403.5,405.5,0.0
2024-10-17 01:00:00,405.25,405.75,404.75,405.25,948.0
2024-10-17 02:00:00,405.25,405.25,404.0,404.5,553.0
2024-10-17 03:00:00,404.5,404.5,404.0,404.25,254.0
2024-10-17 04:00:00,404.0,404.5,404.0,404.25,105.0
2024-10-17 05:00:00,404.0,404.25,403.75,404.0,483.0
2024-10-17 06:00:00,404.0,404.0,403.25,403.5,1291.0
2024-10-17 07:00:00,403.5,403.75,403.0,403.25,1590.0
2024-10-17 08:00:00,403.25,403.75,403.25,403.5,634.0
2024-10-17 09:00:00,403.25,403.75,402.5,402.5,2107.0
2024-10-17 10:00:00,402.5,403.0,402.0,402.0,2103.0
2024-10-17 11:00:00,402.25,402.75,401.75,402.0,2414.0
2024-10-17 12:00:00,402.0,403.0,401.75,403.0,8946.0
2024-10-17 13:00:00,403.0,403.0,400.5,401.0,40040.0
2024-10-17 14:00:00,401.0,401.25,399.0,400.0,46107.0
2024-10-17 15:00:00,400.25,404.5,400.0,404.25,33544.0
2024-10-17 16:00:00,404.25,406.75,403.5,406.25,25220.0
2024-10-17 17:00:00,406.25,407.25,405.25,406.5,28274.0
2024-10-17 18:00:00,406.25,407.5,405.75,406.75,32955.0
2024-10-18 00:00:00,406.75,408.5,406.5,408.0,0.0
2024-10-18 01:00:00,408.0,408.25,407.25,407.5,820.0
2024-10-18 02:00:00,407.75,408.0,407.25,407.75,1046.0
2024-10-18 03:00:00,407.75,407.75,406.75,407.0,341.0
2024-10-18 04:00:00,407.25,407.75,407.25,407.75,283.0
2024-10-18 05:00:00,407.5,408.25,407.5,408.0,573.0
2024-10-18 06:00:00,408.25,408.75,407.5,407.75,1455.0
2024-10-18 07:00:00,407.5,408.0,407.5,407.75,1928.0
2024-10-18 08:00:00,407.75,408.75,407.75,408.5,1797.0
2024-10-18 09:00:00,408.25,408.5,407.75,407.75,1522.0
2024-10-18 10:00:00,407.75,408.75,407.75,408.5,2709.0
2024-10-18 11:00:00,408.5,409.0,408.25,408.5,2138.0
2024-10-18 12:00:00,408.75,409.0,408.0,408.75,3880.0
2024-10-18 13:00:00,408.75,409.5,406.0,406.25,24527.0
2024-10-18 14:00:00,406.5,406.75,404.75,405.25,24322.0
2024-10-18 15:00:00,405.5,406.0,404.5,404.75,18716.0
2024-10-18 16:00:00,404.5,405.0,403.75,404.25,13992.0
2024-10-18 17:00:00,404.5,406.0,403.75,405.5,29586.0
2024-10-18 18:00:00,405.25,405.75,403.75,404.0,32742.0
2024-10-21 00:00:00,403.75,405.25,403.0,405.0,6151.0
2024-10-21 01:00:00,405.25,405.25,404.0,404.25,838.0
2024-10-21 02:00:00,404.0,405.5,404.0,405.25,804.0
2024-10-21 03:00:00,405.5,405.5,405.0,405.25,292.0
2024-10-21 04:00:00,405.0,405.25,405.0,405.0,204.0
2024-10-21 05:00:00,405.25,405.25,404.75,405.0,405.0
2024-10-21 06:00:00,405.25,405.75,405.0,405.25,790.0
2024-10-21 07:00:00,405.5,406.5,405.0,406.5,1505.0
2024-10-21 08:00:00,406.25,407.0,406.25,406.75,2145.0
2024-10-21 09:00:00,406.5,407.25,406.25,407.0,4645.0
2024-10-21 10:00:00,407.0,407.5,406.5,406.75,1979.0
2024-10-21 11:00:00,406.75,407.75,405.5,405.5,3870.0
2024-10-21 12:00:00,405.75,406.0,405.25,405.25,3128.0
2024-10-21 13:00:00,405.0,409.25,404.5,409.25,33045.0
2024-10-21 14:00:00,409.0,411.5,408.75,410.5,48785.0
2024-10-21 15:00:00,410.75,411.75,409.75,411.25,30085.0
2024-10-21 16:00:00,411.0,411.75,409.5,411.5,22590.0
2024-10-21 17:00:00,411.75,411.75,409.5,410.75,27685.0
2024-10-21 18:00:00,410.5,410.75,409.0,409.5,27405.0
2024-10-22 00:00:00,409.0,409.5,408.5,408.5,0.0
2024-10-22 01:00:00,408.5,409.25,408.25,408.75,1376.0
2024-10-22 02:00:00,408.75,409.0,408.25,408.5,3184.0
2024-10-22 03:00:00,408.5,409.0,408.5,408.5,439.0
2024-10-22 04:00:00,408.75,409.0,408.5,409.0,3331.0
2024-10-22 05:00:00,409.0,409.0,408.25,408.5,431.0
2024-10-22 06:00:00,408.5,409.0,408.25,408.75,1318.0
2024-10-22 07:00:00,408.75,409.25,408.5,409.25,1437.0
2024-10-22 08:00:00,409.0,409.5,409.0,409.25,1188.0
2024-10-22 09:00:00,409.25,410.5,409.25,410.25,2701.0
2024-10-22 10:00:00,410.0,410.75,409.75,410.75,1764.0
2024-10-22 11:00:00,410.5,410.75,409.5,410.25,2791.0
2024-10-22 12:00:00,410.25,410.5,409.25,409.5,3193.0
2024-10-22 13:00:00,409.25,413.75,409.0,413.0,41193.0
2024-10-22 14:00:00,413.0,416.25,412.5,414.75,53010.0
2024-10-22 15:00:00,414.5,416.25,413.25,416.0,31299.0
2024-10-22 16:00:00,415.75,416.5,414.75,415.0,37422.0
2024-10-22 17:00:00,414.75,416.25,414.75,415.75,19708.0
2024-10-22 18:00:00,415.75,417.0,415.75,416.5,34937.0
2024-10-23 00:00:00,416.0,417.0,415.75,416.0,0.0
2024-10-23 01:00:00,416.0,416.75,416.0,416.5,662.0
2024-10-23 02:00:00,416.75,416.75,416.25,416.75,1241.0
2024-10-23 03:00:00,416.5,417.0,416.5,416.5,654.0
2024-10-23 04:00:00,416.5,417.0,416.25,416.75,443.0
2024-10-23 05:00:00,417.0,417.5,416.75,417.25,1565.0
2024-10-23 06:00:00,417.25,417.25,416.5,416.75,804.0
2024-10-23 07:00:00,416.75,417.25,416.5,416.5,880.0
2024-10-23 08:00:00,416.5,417.0,416.25,416.5,1696.0
2024-10-23 09:00:00,416.5,416.5,415.75,416.25,3071.0
2024-10-23 10:00:00,416.25,416.5,415.25,415.25,1840.0
2024-10-23 11:00:00,415.25,415.5,414.5,415.0,5259.0
2024-10-23 12:00:00,415.25,415.75,414.5,415.75,3438.0
2024-10-23 13:00:00,415.5,416.75,414.0,415.0,46812.0
2024-10-23 14:00:00,414.75,416.0,414.25,415.0,32481.0
2024-10-23 15:00:00,415.25,417.75,414.5,417.5,35623.0
2024-10-23 16:00:00,417.5,420.0,417.5,419.75,29435.0
2024-10-23 17:00:00,419.75,419.75,418.75,419.0,25598.0
2024-10-23 18:00:00,419.0,419.5,418.5,419.0,30238.0
2024-10-24 00:00:00,418.75,419.75,418.25,419.75,0.0
2024-10-24 01:00:00,419.5,420.0,419.25,419.75,1135.0
2024-10-24 02:00:00,419.75,419.75,419.25,419.5,1451.0
2024-10-24 03:00:00,419.75,419.75,419.5,419.75,645.0
2024-10-24 04:00:00,419.5,419.75,419.25,419.5,1175.0
2024-10-24 05:00:00,419.25,420.0,419.25,419.5,808.0
2024-10-24 06:00:00,419.75,420.0,419.5,419.75,1224.0
2024-10-24 07:00:00,419.75,420.0,419.5,420.0,1077.0
2024-10-24 08:00:00,420.0,420.75,419.75,420.75,3766.0
2024-10-24 09:00:00,420.75,421.5,420.25,421.25,2687.0
2024-10-24 10:00:00,421.25,421.75,421.25,421.5,2487.0
2024-10-24 11:00:00,421.5,422.0,421.0,421.75,4399.0
2024-10-24 12:00:00,421.75,423.25,421.25,422.75,14983.0
2024-10-24 13:00:00,422.5,424.0,421.5,422.5,51070.0
2024-10-24 14:00:00,422.5,423.0,419.5,420.75,44769.0
2024-10-24 15:00:00,420.75,422.0,419.25,421.25,41877.0
2024-10-24 16:00:00,421.5,423.0,421.25,422.75,36709.0
2024-10-24 17:00:00,423.0,423.5,420.75,421.5,27417.0
2024-10-24 18:00:00,421.5,422.0,421.0,421.5,22585.0
2024-10-25 00:00:00,420.5,421.0,420.0,420.75,0.0
2024-10-25 01:00:00,420.5,421.0,420.5,420.5,1398.0
2024-10-25 02:00:00,420.75,421.0,420.5,420.5,461.0
2024-10-25 03:00:00,420.75,420.75,420.25,420.5,415.0
2024-10-25 04:00:00,420.75,420.75,420.0,420.25,1547.0
2024-10-25 05:00:00,420.0,420.25,419.25,419.5,6163.0
2024-10-25 06:00:00,419.5,419.5,419.0,419.25,1374.0
2024-10-25 07:00:00,419.0,419.25,418.75,419.25,3043.0
2024-10-25 08:00:00,419.25,419.25,418.75,419.0,2434.0
2024-10-25 09:00:00,418.75,419.75,418.75,419.0,1956.0
2024-10-25 10:00:00,419.0,419.25,417.5,418.0,10544.0
2024-10-25 11:00:00,418.0,418.25,417.75,418.25,4119.0
2024-10-25 12:00:00,418.25,419.0,418.0,418.25,4284.0
2024-10-25 13:00:00,418.25,418.5,416.5,418.0,44255.0
2024-10-25 14:00:00,417.75,418.0,414.75,415.0,41070.0
2024-10-25 15:00:00,415.0,416.25,414.75,415.75,21287.0
2024-10-25 16:00:00,416.0,416.0,415.0,415.0,25815.0
2024-10-25 17:00:00,415.25,416.0,414.5,415.25,20641.0
2024-10-25 18:00:00,415.5,416.5,415.0,415.75,33113.0
2024-10-28 00:00:00,413.25,413.5,411.5,412.25,6289.0
2024-10-28 01:00:00,412.25,413.25,412.0,413.25,3306.0
2024-10-28 02:00:00,413.25,413.5,412.75,413.25,968.0
2024-10-28 03:00:00,413.25,413.75,413.25,413.25,556.0
2024-10-28 04:00:00,413.5,413.5,413.25,413.25,70.0
2024-10-28 05:00:00,413.5,413.5,413.25,413.5,475.0
2024-10-28 06:00:00,413.5,413.75,413.25,413.25,590.0
2024-10-28 07:00:00,413.5,414.0,413.25,413.75,1561.0
2024-10-28 08:00:00,413.5,414.25,413.5,414.0,1697.0
2024-10-28 09:00:00,414.0,414.25,413.75,414.25,1197.0
2024-10-28 10:00:00,414.0,414.5,413.5,413.75,2316.0
2024-10-28 11:00:00,413.75,414.25,413.75,414.0,2382.0
2024-10-28 12:00:00,414.0,414.25,413.0,413.25,2937.0
2024-10-28 13:00:00,413.0,414.75,412.25,413.5,32966.0
2024-10-28 14:00:00,413.5,414.5,413.0,413.25,35545.0
2024-10-28 15:00:00,413.25,413.5,411.5,412.25,30683.0
2024-10-28 16:00:00,412.5,413.0,411.0,411.25,33643.0
2024-10-28 17:00:00,411.25,412.0,410.5,411.0,29244.0
2024-10-28 18:00:00,410.75,411.25,410.0,410.25,0.0
2024-10-29 00:00:00,410.0,411.25,410.0,410.5,4577.0
2024-10-29 01:00:00,410.25,410.75,410.25,410.75,294.0
2024-10-29 02:00:00,410.75,411.0,410.5,410.75,511.0
2024-10-29 03:00:00,410.75,411.0,410.5,410.5,595.0
2024-10-29 04:00:00,410.75,412.0,410.5,412.0,2001.0
2024-10-29 05:00:00,411.75,412.25,411.75,411.75,950.0
2024-10-29 06:00:00,411.75,412.25,411.75,412.25,513.0
2024-10-29 07:00:00,412.0,413.0,412.0,412.75,1394.0
2024-10-29 08:00:00,412.75,413.0,412.25,413.0,1105.0
2024-10-29 09:00:00,412.75,413.0,412.25,412.75,1875.0
2024-10-29 10:00:00,412.5,413.75,412.5,413.25,2005.0
2024-10-29 11:00:00,413.0,413.0,411.75,412.0,2164.0
2024-10-29 12:00:00,412.25,412.25,411.0,411.25,2981.0
2024-10-29 13:00:00,411.25,414.0,411.0,413.5,38337.0
2024-10-29 14:00:00,413.5,414.75,412.5,413.5,31081.0
2024-10-29 15:00:00,413.5,414.75,412.75,414.0,25082.0
2024-10-29 16:00:00,413.75,414.75,413.0,414.25,24208.0
2024-10-29 17:00:00,414.25,414.75,413.5,414.0,19207.0
2024-10-29 18:00:00,414.0,414.5,413.5,413.75,17768.0
2024-10-30 00:00:00,413.25,414.25,412.5,413.5,0.0
2024-10-30 01:00:00,413.25,413.75,413.0,413.75,402.0
2024-10-30 02:00:00,413.75,413.75,413.25,413.5,571.0
2024-10-30 03:00:00,413.5,413.75,413.0,413.0,268.0
2024-10-30 04:00:00,413.25,413.25,413.0,413.25,29.0
2024-10-30 05:00:00,413.25,413.25,412.75,412.75,1312.0
2024-10-30 06:00:00,412.75,413.25,412.75,413.25,801.0
2024-10-30 07:00:00,413.25,413.5,412.5,413.0,1797.0
2024-10-30 08:00:00,413.0,413.75,412.75,413.25,1027.0
2024-10-30 09:00:00,413.5,413.75,412.75,413.5,1204.0
2024-10-30 10:00:00,413.25,413.25,411.75,412.0,5726.0
2024-10-30 11:00:00,412.0,412.75,411.75,412.5,8670.0
2024-10-30 12:00:00,412.5,414.0,412.25,413.5,3369.0
2024-10-30 13:00:00,413.25,414.0,412.25,412.5,14489.0
2024-10-30 14:00:00,412.5,414.25,412.0,412.75,29570.0
2024-10-30 15:00:00,412.75,413.0,411.25,411.5,15550.0
2024-10-30 16:00:00,411.25,412.25,411.0,411.75,14096.0
2024-10-30 17:00:00,411.5,412.0,411.0,411.25,22369.0
2024-10-30 18:00:00,411.5,411.75,411.25,411.5,27607.0
2024-10-31 00:00:00,411.5,411.75,409.75,410.25,0.0
2024-10-31 01:00:00,410.0,410.5,409.75,410.0,881.0
2024-10-31 02:00:00,410.0,410.0,409.75,409.75,4196.0
2024-10-31 03:00:00,409.75,410.0,409.75,410.0,2125.0
2024-10-31 04:00:00,410.0,410.0,409.75,410.0,213.0
2024-10-31 05:00:00,409.75,409.75,409.5,409.75,1007.0
2024-10-31 06:00:00,409.75,409.75,409.25,409.25,333.0
2024-10-31 07:00:00,409.25,410.0,409.25,410.0,1068.0
2024-10-31 08:00:00,409.75,410.5,409.5,410.0,2772.0
2024-10-31 09:00:00,410.0,412.0,410.0,411.75,2469.0
2024-10-31 10:00:00,411.5,411.75,410.0,410.25,2240.0
2024-10-31 11:00:00,410.5,410.75,410.0,410.25,1032.0
2024-10-31 12:00:00,410.5,412.0,410.0,411.5,3616.0
2024-10-31 13:00:00,411.5,412.0,410.0,411.25,66475.0
2024-10-31 14:00:00,411.0,412.75,410.75,412.0,34374.0
2024-10-31 15:00:00,412.0,412.5,410.0,410.0,15197.0
2024-10-31 16:00:00,410.25,411.5,410.0,410.25,19854.0
2024-10-31 17:00:00,410.25,411.25,410.25,410.75,15658.0
2024-10-31 18:00:00,410.75,411.5,410.25,411.25,32442.0
2024-11-01 00:00:00,410.75,412.0,410.5,411.25,0.0
2024-11-01 01:00:00,411.25,412.0,411.25,412.0,958.0
2024-11-01 02:00:00,412.0,412.0,411.5,412.0,1020.0
2024-11-01 03:00:00,411.75,412.25,411.75,412.0,651.0
2024-11-01 04:00:00,412.25,412.25,411.75,411.75,147.0
2024-11-01 05:00:00,411.75,412.0,411.75,411.75,543.0
2024-11-01 06:00:00,412.0,412.0,411.5,411.75,525.0
2024-11-01 07:00:00,411.5,427.75,411.5,412.5,1372.0
2024-11-01 08:00:00,412.5,428.25,412.25,413.0,1299.0
2024-11-01 09:00:00,412.75,428.75,412.75,413.25,6434.0
2024-11-01 10:00:00,413.25,428.75,412.25,412.25,2804.0
2024-11-01 11:00:00,412.5,428.25,411.75,428.0,0.0
2024-11-01 12:00:00,412.5,428.5,412.0,413.0,14158.0
2024-11-01 13:00:00,413.5,431.0,413.25,414.75,33466.0
2024-11-01 14:00:00,415.0,430.75,413.5,414.25,23272.0
2024-11-01 15:00:00,414.25,429.5,412.25,412.5,15404.0
2024-11-01 16:00:00,412.5,428.75,411.75,413.5,18830.0
2024-11-01 17:00:00,413.25,429.75,413.25,428.75,0.0
2024-11-01 18:00:00,414.0,429.75,413.75,414.75,104067.0
2024-11-04 01:00:00,414.0,430.75,413.0,417.0,8775.0
2024-11-04 02:00:00,430.75,431.0,416.25,417.0,7184.0
2024-11-04 03:00:00,431.0,431.5,416.75,417.0,777.0
2024-11-04 04:00:00,417.0,431.25,417.0,417.25,995.0
2024-11-04 05:00:00,417.5,431.5,417.25,417.5,581.0
2024-11-04 06:00:00,417.5,431.25,417.25,417.25,1561.0
2024-11-04 07:00:00,417.25,431.0,416.5,417.0,1527.0
2024-11-04 08:00:00,430.75,431.5,417.0,417.75,3124.0
2024-11-04 09:00:00,417.5,432.0,417.5,417.75,2275.0
2024-11-04 10:00:00,418.0,432.0,417.75,418.0,2268.0
2024-11-04 11:00:00,418.0,432.0,417.5,418.25,2398.0
2024-11-04 12:00:00,431.75,432.0,417.75,418.0,3255.0
2024-11-04 13:00:00,431.5,431.75,417.5,431.0,3016.0
2024-11-04 14:00:00,417.5,432.75,417.5,419.5,34138.0
2024-11-04 15:00:00,419.5,433.0,417.0,418.0,39877.0
2024-11-04 16:00:00,418.0,432.0,417.5,418.0,17050.0
2024-11-04 17:00:00,431.5,431.75,416.25,418.0,31220.0
2024-11-04 18:00:00,417.75,431.5,416.5,416.75,14830.0
2024-11-04 19:00:00,430.0,430.25,416.0,416.25,20887.0
2024-11-05 01:00:00,429.75,430.0,415.75,416.5,0.0
2024-11-05 02:00:00,416.75,429.75,416.0,416.0,531.0
2024-11-05 03:00:00,416.25,429.75,415.75,429.75,0.0
2024-11-05 04:00:00,416.5,429.75,416.5,416.5,3573.0
2024-11-05 05:00:00,416.75,429.75,416.0,416.25,490.0
2024-11-05 06:00:00,416.0,429.0,415.25,415.25,480.0
2024-11-05 07:00:00,415.25,429.5,415.25,416.25,490.0
2024-11-05 08:00:00,416.25,430.25,416.25,430.0,0.0
2024-11-05 09:00:00,430.0,430.75,416.75,430.5,4401.0
2024-11-05 10:00:00,430.25,430.5,416.5,417.0,4657.0
2024-11-05 11:00:00,417.0,430.5,416.75,417.0,1168.0
2024-11-05 12:00:00,430.25,431.0,416.5,417.75,5907.0
2024-11-05 13:00:00,430.75,431.0,417.25,418.0,3708.0
2024-11-05 14:00:00,417.75,432.75,417.5,418.5,20501.0
2024-11-05 15:00:00,431.75,432.0,417.0,430.0,0.0
2024-11-05 16:00:00,430.25,431.75,416.75,418.5,44052.0
2024-11-05 17:00:00,431.5,432.25,418.25,432.0,0.0
2024-11-05 18:00:00,419.0,432.5,417.75,418.0,65348.0
2024-11-05 19:00:00,417.75,432.25,417.5,418.5,23864.0
2024-11-06 01:00:00,418.0,432.0,416.5,418.0,0.0
2024-11-06 02:00:00,418.0,431.25,415.25,415.75,5388.0
2024-11-06 03:00:00,429.25,429.25,414.25,414.75,6149.0
2024-11-06 04:00:00,414.5,428.5,414.5,414.75,1530.0
2024-11-06 05:00:00,414.75,429.0,414.75,428.75,0.0
2024-11-06 06:00:00,415.75,429.75,415.25,416.5,11769.0
2024-11-06 07:00:00,416.5,430.75,416.5,417.25,2033.0
2024-11-06 08:00:00,430.5,430.75,417.25,417.25,4982.0
2024-11-06 09:00:00,417.5,430.5,417.0,417.25,1366.0
2024-11-06 10:00:00,417.5,430.75,417.25,417.75,1301.0
2024-11-06 11:00:00,417.5,430.5,416.75,417.0,4569.0
2024-11-06 12:00:00,416.75,429.5,415.75,428.75,0.0
2024-11-06 13:00:00,416.0,428.5,414.75,415.0,23483.0
2024-11-06 14:00:00,415.0,434.0,414.5,421.0,40999.0
2024-11-06 15:00:00,434.0,436.0,420.0,422.75,42552.0
2024-11-06 16:00:00,436.0,437.5,422.5,424.5,30634.0
2024-11-06 17:00:00,424.5,438.5,423.5,438.25,0.0
2024-11-06 18:00:00,438.25,439.75,425.0,425.0,135868.0
2024-11-06 19:00:00,425.0,439.75,424.75,439.25,35103.0
2024-11-07 01:00:00,438.5,439.5,425.0,426.25,0.0
2024-11-07 02:00:00,426.0,439.5,426.0,426.5,1768.0
2024-11-07 03:00:00,426.5,439.75,426.0,426.0,775.0
2024-11-07 04:00:00,439.25,439.25,425.75,439.25,0.0
2024-11-07 05:00:00,426.25,439.5,426.0,426.0,4315.0
2024-11-07 06:00:00,426.0,440.0,425.75,426.75,684.0
2024-11-07 07:00:00,426.75,440.0,426.5,426.75,826.0
2024-11-07 08:00:00,439.75,440.25,426.25,439.75,0.0
2024-11-07 09:00:00,439.75,440.0,426.25,426.5,6172.0
2024-11-07 10:00:00,426.25,440.5,426.25,440.25,0.0
2024-11-07 11:00:00,427.25,440.5,426.75,427.0,7919.0
2024-11-07 12:00:00,427.0,440.75,427.0,427.25,5003.0
2024-11-07 13:00:00,440.5,441.0,425.5,439.75,7641.0
2024-11-07 14:00:00,426.25,439.75,423.0,423.25,43496.0
2024-11-07 15:00:00,423.25,438.25,422.25,424.5,54121.0
2024-11-07 16:00:00,437.75,438.75,424.0,425.25,21241.0
2024-11-07 17:00:00,438.25,440.0,425.0,439.75,0.0
2024-11-07 18:00:00,426.75,440.25,425.0,440.25,18480.0
2024-11-07 19:00:00,426.75,441.75,426.75,428.25,145727.0
2024-11-08 01:00:00,427.5,441.0,427.0,427.75,0.0
2024-11-08 02:00:00,427.75,441.25,427.25,428.0,1059.0
2024-11-08 03:00:00,441.25,441.25,427.5,427.75,594.0
2024-11-08 04:00:00,428.0,441.25,427.5,428.0,269.0
2024-11-08 05:00:00,428.0,441.0,427.0,427.0,507.0
2024-11-08 06:00:00,440.0,440.25,426.75,427.0,644.0
2024-11-08 07:00:00,427.0,440.75,426.75,440.75,0.0
2024-11-08 08:00:00,440.75,441.0,427.0,441.0,2920.0
2024-11-08 09:00:00,427.75,441.25,427.75,428.25,4359.0
2024-11-08 10:00:00,428.0,441.25,427.0,427.75,2051.0
2024-11-08 11:00:00,441.0,441.5,427.5,428.25,3059.0
2024-11-08 12:00:00,428.5,441.75,427.75,428.5,6764.0
2024-11-08 13:00:00,428.25,442.5,428.0,429.25,4899.0
2024-11-08 14:00:00,429.25,443.5,428.75,430.25,40421.0
2024-11-08 15:00:00,430.25,444.5,429.25,431.0,41730.0
2024-11-08 16:00:00,430.75,444.75,430.25,444.0,0.0
2024-11-08 17:00:00,431.25,447.75,427.75,430.75,146412.0
2024-11-08 18:00:00,443.75,444.75,429.5,430.75,34206.0
2024-11-08 19:00:00,444.0,444.75,430.5,431.25,53330.0
2024-11-11 01:00:00,444.0,444.0,429.25,443.0,3571.0
2024-11-11 02:00:00,443.0,443.25,429.5,430.25,4248.0
2024-11-11 03:00:00,430.25,443.5,430.0,443.25,0.0
2024-11-11 04:00:00,443.25,443.25,430.0,443.25,137.0
2024-11-11 05:00:00,430.25,443.5,430.25,430.5,4698.0
2024-11-11 06:00:00,430.25,443.5,430.0,430.75,569.0
2024-11-11 07:00:00,430.75,443.5,430.0,430.5,438.0
2024-11-11 08:00:00,430.5,444.75,430.5,444.5,0.0
2024-11-11 09:00:00,432.0,444.75,431.0,444.75,452.0
2024-11-11 10:00:00,431.5,445.0,431.25,431.25,8694.0
2024-11-11 11:00:00,431.25,444.25,430.5,431.25,1640.0
2024-11-11 12:00:00,431.0,444.0,429.25,442.0,0.0
2024-11-11 13:00:00,429.5,442.75,429.25,442.5,6013.0
2024-11-11 14:00:00,429.75,444.25,429.0,430.25,32891.0
2024-11-11 15:00:00,442.75,443.0,428.0,440.5,16407.0
2024-11-11 16:00:00,428.25,441.0,426.5,427.75,56286.0
2024-11-11 17:00:00,427.75,442.25,427.75,441.5,0.0
2024-11-11 18:00:00,428.75,442.5,428.0,429.75,73375.0
2024-11-11 19:00:00,442.75,443.25,429.5,429.5,32738.0
2024-11-12 01:00:00,442.5,444.0,429.5,443.75,0.0
2024-11-12 02:00:00,431.25,444.0,430.75,443.5,422.0
2024-11-12 03:00:00,443.75,444.0,431.0,431.25,5321.0
2024-11-12 04:00:00,431.25,444.0,431.25,431.5,123.0
2024-11-12 05:00:00,431.5,444.25,431.25,431.5,551.0
2024-11-12 06:00:00,444.0,444.25,431.25,431.5,293.0
2024-11-12 07:00:00,431.5,444.5,431.5,432.0,815.0
2024-11-12 08:00:00,431.75,444.25,431.25,431.75,1321.0
2024-11-12 09:00:00,431.75,444.5,431.25,431.5,1661.0
2024-11-12 10:00:00,431.5,444.25,430.75,444.0,0.0
2024-11-12 11:00:00,444.0,444.75,431.25,432.0,12020.0
2024-11-12 12:00:00,432.0,444.0,430.75,431.5,2549.0
2024-11-12 13:00:00,431.75,445.0,431.25,433.0,8541.0
2024-11-12 14:00:00,444.75,445.5,428.25,429.5,44768.0
2024-11-12 15:00:00,429.25,441.5,428.25,428.75,26067.0
2024-11-12 16:00:00,440.25,441.0,427.75,428.5,25638.0
2024-11-12 17:00:00,428.5,440.75,427.5,428.0,23321.0
2024-11-12 18:00:00,428.0,439.75,426.75,427.75,39228.0
2024-11-12 19:00:00,427.5,441.25,427.5,429.0,31270.0
2024-11-13 01:00:00,428.5,440.5,426.5,428.0,0.0
2024-11-13 02:00:00,427.75,440.0,427.25,427.5,879.0
2024-11-13 03:00:00,427.5,439.75,427.0,427.0,436.0
2024-11-13 04:00:00,439.0,439.5,427.0,427.5,459.0
2024-11-13 05:00:00,427.5,440.25,427.5,440.25,0.0
2024-11-13 06:00:00,428.25,440.5,427.5,440.0,295.0
2024-11-13 07:00:00,427.75,440.75,427.75,440.25,1827.0
2024-11-13 08:00:00,428.0,441.25,427.75,428.75,6805.0
2024-11-13 09:00:00,428.75,441.75,428.75,441.0,0.0
2024-11-13 10:00:00,429.25,441.0,428.25,428.5,7059.0
2024-11-13 11:00:00,428.25,441.0,428.25,428.75,1636.0
2024-11-13 12:00:00,429.0,441.0,426.75,426.75,3446.0
2024-11-13 13:00:00,427.0,438.75,426.0,426.75,10596.0
2024-11-13 14:00:00,427.0,439.0,426.0,438.0,12015.0
2024-11-13 15:00:00,438.0,438.5,425.0,425.25,50234.0
2024-11-13 16:00:00,425.25,437.75,424.25,426.5,35398.0
2024-11-13 17:00:00,426.25,438.0,425.5,436.75,0.0
2024-11-13 18:00:00,426.0,437.5,425.75,426.0,59526.0
2024-11-13 19:00:00,426.0,438.0,426.0,437.25,0.0
2024-11-14 01:00:00,426.0,438.75,425.25,427.5,0.0
2024-11-14 02:00:00,427.5,438.5,427.25,427.5,1954.0
2024-11-14 03:00:00,427.5,438.5,427.0,427.25,1190.0
2024-11-14 04:00:00,427.0,438.25,427.0,438.25,0.0
2024-11-14 05:00:00,427.25,438.25,426.75,427.25,4873.0
2024-11-14 06:00:00,427.5,438.75,427.5,427.5,565.0
2024-11-14 07:00:00,427.5,439.0,427.25,427.75,2065.0
2024-11-14 08:00:00,427.5,439.25,427.5,439.25,0.0
2024-11-14 09:00:00,439.25,439.25,426.75,438.5,1019.0
2024-11-14 10:00:00,438.25,438.25,426.5,427.0,8056.0
2024-11-14 11:00:00,438.0,438.0,426.25,426.25,1354.0
2024-11-14 12:00:00,426.25,437.25,426.0,437.0,0.0
2024-11-14 13:00:00,426.25,437.0,425.25,425.5,4634.0
2024-11-14 14:00:00,436.5,436.5,422.0,422.25,61535.0
2024-11-14 15:00:00,433.75,434.0,419.5,421.25,60260.0
2024-11-14 16:00:00,432.75,433.0,419.25,419.5,39504.0
2024-11-14 17:00:00,431.5,432.25,418.5,418.75,26033.0
2024-11-14 18:00:00,430.75,431.5,418.5,430.5,0.0
2024-11-14 19:00:00,419.0,431.0,418.25,418.75,109785.0
2024-11-15 01:00:00,430.0,431.75,418.25,419.25,0.0
2024-11-15 02:00:00,419.0,431.5,419.0,419.0,727.0
2024-11-15 03:00:00,419.25,431.5,418.75,419.0,609.0
2024-11-15 04:00:00,419.0,431.75,419.0,419.25,311.0
2024-11-15 05:00:00,419.25,431.75,419.0,419.0,485.0
2024-11-15 06:00:00,419.25,431.5,418.75,419.0,519.0
2024-11-15 07:00:00,431.25,431.75,418.75,431.5,0.0
2024-11-15 08:00:00,431.25,431.75,419.0,431.5,388.0
2024-11-15 09:00:00,419.25,431.75,418.5,419.25,6930.0
2024-11-15 10:00:00,419.25,431.75,418.75,419.0,724.0
2024-11-15 11:00:00,419.0,432.5,419.0,431.75,0.0
2024-11-15 12:00:00,432.0,432.0,418.75,419.0,8416.0
2024-11-15 13:00:00,419.25,431.5,418.0,430.0,0.0
2024-11-15 14:00:00,418.0,431.5,417.0,431.25,21256.0
2024-11-15 15:00:00,431.25,433.25,418.25,421.0,35054.0
2024-11-15 16:00:00,421.0,434.5,421.0,434.0,8583.0
2024-11-15 17:00:00,422.5,435.75,421.75,435.5,24813.0
2024-11-15 18:00:00,435.5,436.75,423.75,435.25,16980.0
2024-11-15 19:00:00,435.25,436.0,423.5,435.0,16287.0
2024-11-18 01:00:00,423.75,435.75,423.5,435.0,1115.0
2024-11-18 02:00:00,424.25,435.25,423.5,423.5,1747.0
2024-11-18 03:00:00,434.5,434.75,423.5,423.75,713.0
2024-11-18 04:00:00,423.75,435.0,423.75,424.25,391.0
2024-11-18 05:00:00,434.75,435.25,424.0,424.0,433.0
2024-11-18 06:00:00,424.25,434.75,423.5,423.75,392.0
2024-11-18 07:00:00,434.75,434.75,423.5,423.75,458.0
2024-11-18 08:00:00,434.5,435.0,423.75,434.75,0.0
2024-11-18 09:00:00,423.75,436.0,423.75,425.0,2462.0
2024-11-18 10:00:00,424.75,436.25,424.5,435.75,886.0
2024-11-18 11:00:00,424.75,435.5,424.0,424.0,3025.0
2024-11-18 12:00:00,435.0,435.25,422.75,433.75,0.0
2024-11-18 13:00:00,422.75,433.75,422.25,433.0,4234.0
2024-11-18 14:00:00,422.25,436.75,422.25,436.5,17853.0
2024-11-18 15:00:00,426.0,438.75,425.75,427.75,39688.0
2024-11-18 16:00:00,428.0,439.25,426.25,426.75,20619.0
2024-11-18 17:00:00,437.75,439.0,426.75,439.0,6328.0
2024-11-18 18:00:00,438.75,439.75,427.5,439.25,13473.0
2024-11-18 19:00:00,428.75,440.0,428.5,429.25,53623.0
2024-11-19 01:00:00,439.0,439.75,428.75,429.0,0.0
2024-11-19 02:00:00,429.0,439.75,428.5,428.5,1458.0
2024-11-19 03:00:00,428.75,439.25,428.5,428.75,359.0
2024-11-19 04:00:00,428.75,439.25,428.75,439.0,0.0
2024-11-19 05:00:00,428.75,439.0,428.5,439.0,108.0
2024-11-19 06:00:00,439.0,439.5,429.0,429.0,3091.0
2024-11-19 07:00:00,429.0,439.5,428.75,429.25,1063.0
2024-11-19 08:00:00,439.5,439.75,429.25,439.5,0.0
2024-11-19 09:00:00,429.25,440.75,429.0,430.5,8798.0
2024-11-19 10:00:00,430.25,441.25,430.25,430.5,1877.0
2024-11-19 11:00:00,430.5,441.25,430.25,430.75,1789.0
2024-11-19 12:00:00,430.75,441.0,429.75,440.0,0.0
2024-11-19 13:00:00,430.0,440.5,429.25,439.75,4224.0
2024-11-19 14:00:00,439.5,440.0,428.0,429.25,46929.0
2024-11-19 15:00:00,439.25,441.75,429.0,441.5,3727.0
2024-11-19 16:00:00,441.5,441.75,427.75,439.5,32776.0
2024-11-19 17:00:00,439.5,441.0,427.25,438.5,18533.0
2024-11-19 18:00:00,427.0,439.0,426.5,427.5,49037.0
2024-11-19 19:00:00,427.25,438.5,426.75,437.5,0.0
2024-11-20 01:00:00,437.25,438.25,426.5,427.0,0.0
2024-11-20 02:00:00,437.75,438.0,427.0,427.5,754.0
2024-11-20 03:00:00,427.5,438.25,426.75,426.75,1330.0
2024-11-20 04:00:00,426.75,437.5,426.75,437.25,0.0
2024-11-20 05:00:00,437.25,437.5,426.5,427.0,1799.0
2024-11-20 06:00:00,427.0,437.25,426.25,426.5,3171.0
2024-11-20 07:00:00,426.25,437.0,426.0,436.5,0.0
2024-11-20 08:00:00,436.5,437.0,425.5,436.0,6755.0
2024-11-20 09:00:00,425.5,436.5,425.0,425.25,5158.0
2024-11-20 10:00:00,425.5,436.0,425.25,435.5,0.0
2024-11-20 11:00:00,425.25,436.25,425.25,436.25,1096.0
2024-11-20 12:00:00,426.25,436.5,425.5,435.75,1783.0
2024-11-20 13:00:00,425.5,435.75,425.0,435.25,1648.0
2024-11-20 14:00:00,425.25,437.75,424.75,437.25,34665.0
2024-11-20 15:00:00,427.25,438.5,426.25,427.25,26505.0
2024-11-20 16:00:00,437.0,439.25,426.75,429.25,30851.0
2024-11-20 17:00:00,429.0,441.75,429.0,431.25,44340.0
2024-11-20 18:00:00,441.25,441.5,430.0,440.0,0.0
2024-11-20 19:00:00,430.0,440.75,429.25,430.25,39079.0
2024-11-21 01:00:00,430.0,440.5,429.25,430.0,0.0
2024-11-21 02:00:00,430.25,440.5,429.5,440.0,1076.0
2024-11-21 03:00:00,440.0,440.25,429.25,440.0,679.0
2024-11-21 04:00:00,430.0,440.5,429.75,440.25,196.0
2024-11-21 05:00:00,430.0,440.5,430.0,440.25,159.0
2024-11-21 06:00:00,430.0,440.25,429.75,440.0,694.0
2024-11-21 07:00:00,440.0,441.0,429.75,440.75,1667.0
2024-11-21 08:00:00,430.75,441.75,430.5,441.5,2436.0
2024-11-21 09:00:00,431.0,441.75,431.0,441.5,1351.0
2024-11-21 10:00:00,431.5,442.25,431.25,442.0,3977.0
2024-11-21 11:00:00,431.5,442.25,431.25,442.0,1102.0
2024-11-21 12:00:00,441.75,441.75,429.25,439.5,4236.0
2024-11-21 13:00:00,429.5,440.25,429.0,439.75,4272.0
2024-11-21 14:00:00,429.25,440.25,427.5,439.5,31430.0
2024-11-21 15:00:00,429.5,439.5,427.25,437.5,28013.0
2024-11-21 16:00:00,437.5,437.75,426.5,437.25,20811.0
2024-11-21 17:00:00,437.25,438.0,426.25,426.25,0.0
2024-11-21 18:00:00,426.25,437.0,426.25,426.75,18931.0
2024-11-21 19:00:00,426.75,436.75,426.25,427.0,22798.0
2024-11-22 01:00:00,436.25,437.25,426.5,427.5,0.0
2024-11-22 02:00:00,427.25,437.5,427.25,437.25,1549.0
2024-11-22 03:00:00,437.0,437.25,427.25,436.75,350.0
2024-11-22 04:00:00,427.75,437.0,427.5,437.0,330.0
2024-11-22 05:00:00,427.5,437.0,427.25,436.75,440.0
2024-11-22 06:00:00,436.75,437.25,427.25,437.0,331.0
2024-11-22 07:00:00,427.5,437.75,427.5,428.25,0.0
2024-11-22 08:00:00,428.25,438.0,428.0,437.75,5939.0
2024-11-22 09:00:00,428.5,438.0,427.5,427.75,0.0
2024-11-22 10:00:00,427.5,438.25,427.5,438.0,6985.0
2024-11-22 11:00:00,438.25,438.5,428.5,428.5,0.0
2024-11-22 12:00:00,428.75,438.75,428.25,438.5,11008.0
2024-11-22 13:00:00,429.0,439.0,428.5,428.75,0.0
2024-11-22 14:00:00,437.75,438.5,427.75,428.25,20976.0
2024-11-22 15:00:00,438.25,439.0,427.5,427.5,15528.0
2024-11-22 16:00:00,437.25,437.5,426.0,437.0,47332.0
2024-11-22 17:00:00,436.75,437.0,426.25,426.5,0.0
2024-11-22 18:00:00,426.5,436.75,425.0,434.75,55207.0
2024-11-22 19:00:00,434.75,435.75,425.0,435.5,24839.0
2024-11-25 01:00:00,434.75,435.5,424.75,435.0,1764.0
2024-11-25 02:00:00,425.75,435.75,425.75,435.5,985.0
2024-11-25 03:00:00,426.0,435.75,425.0,434.75,898.0
2024-11-25 04:00:00,425.25,434.75,424.75,434.5,603.0
2024-11-25 05:00:00,424.75,434.5,424.75,434.25,154.0
2024-11-25 06:00:00,434.25,435.25,424.75,435.0,744.0
2024-11-25 07:00:00,425.25,435.25,425.0,434.5,718.0
2024-11-25 08:00:00,434.5,434.75,424.0,434.0,4994.0
2024-11-25 09:00:00,433.75,434.5,423.75,433.75,2028.0
2024-11-25 10:00:00,424.25,434.25,423.75,434.25,1961.0
2024-11-25 11:00:00,424.75,434.25,423.25,433.5,2898.0
2024-11-25 12:00:00,423.5,433.75,423.0,423.25,0.0
2024-11-25 13:00:00,432.75,433.0,422.75,422.75,12115.0
2024-11-25 14:00:00,423.0,433.75,422.25,432.25,31822.0
2024-11-25 15:00:00,432.5,435.25,422.75,432.75,33150.0
2024-11-25 16:00:00,432.75,433.75,423.25,433.0,44516.0
2024-11-25 17:00:00,424.0,434.5,423.5,432.5,48281.0
2024-11-25 18:00:00,432.5,433.0,423.0,432.75,28765.0
2024-11-25 19:00:00,432.5,433.5,423.75,433.25,43751.0
2024-11-26 01:00:00,432.5,432.5,422.25,431.0,0.0
2024-11-26 02:00:00,431.0,431.5,422.5,431.25,2427.0
2024-11-26 03:00:00,431.0,431.5,423.0,431.25,474.0
2024-11-26 04:00:00,431.25,431.75,423.25,431.75,643.0
2024-11-26 05:00:00,431.75,432.0,423.25,423.5,0.0
2024-11-26 06:00:00,431.75,431.75,422.75,422.75,562.0
2024-11-26 07:00:00,431.0,431.0,422.5,430.75,12895.0
2024-11-26 08:00:00,430.75,430.75,422.25,430.75,2013.0
2024-11-26 09:00:00,430.75,431.5,422.25,423.0,0.0
2024-11-26 10:00:00,431.25,433.0,423.0,432.75,18722.0
2024-11-26 11:00:00,433.0,433.75,424.5,433.5,4082.0
2024-11-26 12:00:00,433.5,434.0,423.5,431.5,6104.0
2024-11-26 13:00:00,431.75,433.0,423.75,432.0,10160.0
2024-11-26 14:00:00,432.0,432.25,422.75,430.75,34757.0
2024-11-26 15:00:00,430.75,432.75,422.75,423.0,3373.0
2024-11-26 16:00:00,422.75,430.75,419.0,427.25,98791.0
2024-11-26 17:00:00,419.75,428.0,417.75,425.75,46033.0
2024-11-26 18:00:00,425.75,428.25,417.75,427.75,39167.0
2024-11-26 19:00:00,427.75,428.75,419.0,428.0,40509.0
2024-11-27 01:00:00,427.75,428.75,419.5,420.25,0.0
2024-11-27 02:00:00,428.0,428.5,420.0,428.25,5729.0
2024-11-27 03:00:00,428.25,428.5,420.25,428.5,1015.0
2024-11-27 04:00:00,428.75,428.75,420.75,428.75,895.0
2024-11-27 05:00:00,428.5,429.0,421.0,429.0,331.0
2024-11-27 06:00:00,429.0,429.0,420.75,428.75,370.0
2024-11-27 07:00:00,429.0,429.0,420.75,429.0,572.0
2024-11-27 08:00:00,420.75,429.0,420.75,428.75,1541.0
2024-11-27 09:00:00,428.75,429.25,420.0,428.5,2972.0
2024-11-27 10:00:00,428.25,428.5,420.0,428.25,2023.0
2024-11-27 11:00:00,428.25,429.0,420.25,428.75,1916.0
2024-11-27 12:00:00,428.75,429.5,420.75,429.25,4565.0
2024-11-27 13:00:00,429.5,430.25,421.25,430.0,10262.0
2024-11-27 14:00:00,429.5,430.75,419.5,429.5,44013.0
2024-11-27 15:00:00,429.5,431.0,419.75,429.5,37909.0
2024-11-27 16:00:00,420.25,430.25,419.0,429.25,39156.0
2024-11-27 17:00:00,429.5,429.5,417.25,428.5,28987.0
2024-11-27 18:00:00,428.75,428.75,417.5,428.25,27783.0
2024-11-27 19:00:00,428.25,428.5,414.75,428.0,28707.0
2024-11-29 14:30:00,428.0,431.0,415.0,430.5,27870.0
2024-11-29 15:30:00,430.5,432.0,417.25,431.25,23469.0
2024-11-29 16:30:00,431.25,432.75,420.0,432.0,21920.0
2024-11-29 17:30:00,432.0,433.25,420.5,433.0,29221.0
2024-11-29 18:00:00,423.5,433.75,423.0,433.0,4727.0
2024-12-02 01:00:00,423.0,433.5,421.75,431.25,6052.0
2024-12-02 02:00:00,431.25,431.25,421.5,430.75,1082.0
2024-12-02 03:00:00,430.75,431.0,430.5,430.5,624.0
2024-12-02 04:00:00,430.5,430.75,430.5,430.5,154.0
2024-12-02 05:00:00,430.75,431.0,430.5,430.5,611.0
2024-12-02 06:00:00,430.5,431.0,430.5,430.5,974.0
2024-12-02 07:00:00,430.5,430.75,421.25,430.25,1408.0
2024-12-02 08:00:00,430.0,430.5,429.75,430.0,1707.0
2024-12-02 09:00:00,430.25,431.0,430.0,430.75,2667.0
2024-12-02 10:00:00,430.5,431.75,430.5,431.25,2412.0
2024-12-02 11:00:00,431.0,431.5,430.75,431.25,1121.0
2024-12-02 12:00:00,431.25,431.5,422.0,431.25,1981.0
2024-12-02 13:00:00,431.5,431.75,421.75,431.25,1686.0
2024-12-02 14:00:00,431.25,432.5,420.75,432.0,22742.0
2024-12-02 15:00:00,432.0,435.0,421.75,434.25,31018.0
2024-12-02 16:00:00,434.5,434.75,424.0,432.25,27864.0
2024-12-02 17:00:00,432.0,434.0,423.75,433.5,16952.0
2024-12-02 18:00:00,433.5,433.75,424.0,432.5,14361.0
2024-12-02 19:00:00,432.5,433.5,424.0,433.25,22636.0
2024-12-03 01:00:00,433.0,434.0,425.0,433.25,0.0
2024-12-03 02:00:00,433.25,433.75,425.25,433.5,1109.0
2024-12-03 03:00:00,433.75,434.0,425.0,433.75,593.0
2024-12-03 04:00:00,433.75,433.75,425.5,433.5,379.0
2024-12-03 05:00:00,433.25,433.5,433.0,433.25,199.0
2024-12-03 06:00:00,433.25,433.5,425.5,433.5,296.0
2024-12-03 07:00:00,433.5,433.75,425.75,433.75,653.0
2024-12-03 08:00:00,433.5,434.0,425.75,433.5,1189.0
2024-12-03 09:00:00,433.5,434.5,425.5,434.25,1622.0
2024-12-03 10:00:00,434.25,434.25,433.75,434.0,1204.0
2024-12-03 11:00:00,434.0,434.25,433.75,434.0,1882.0
2024-12-03 12:00:00,434.0,435.0,426.5,434.25,2570.0
2024-12-03 13:00:00,434.0,435.5,426.0,435.25,5842.0
2024-12-03 14:00:00,435.25,436.0,425.75,434.25,25696.0
2024-12-03 15:00:00,434.25,434.75,424.75,433.0,22493.0
2024-12-03 16:00:00,432.75,433.0,423.75,432.0,14771.0
2024-12-03 17:00:00,432.0,432.5,423.25,431.25,20833.0
2024-12-03 18:00:00,431.25,432.5,423.25,432.0,15866.0
2024-12-03 19:00:00,432.0,432.5,422.75,432.25,15242.0
2024-12-04 01:00:00,432.0,432.75,423.25,432.75,0.0
2024-12-04 02:00:00,432.5,432.75,432.25,432.25,347.0
2024-12-04 03:00:00,432.25,432.5,432.0,432.25,163.0
2024-12-04 04:00:00,432.0,432.25,423.0,432.0,52.0
2024-12-04 05:00:00,432.25,432.5,432.25,432.5,2863.0
2024-12-04 06:00:00,432.5,432.5,432.0,432.25,619.0
2024-12-04 07:00:00,432.0,432.5,432.0,432.5,900.0
2024-12-04 08:00:00,432.5,432.5,423.0,431.25,1431.0
2024-12-04 09:00:00,431.5,431.5,422.5,430.75,2869.0
2024-12-04 10:00:00,431.0,431.25,422.0,430.75,1189.0
2024-12-04 11:00:00,430.75,431.0,421.5,430.75,2823.0
2024-12-04 12:00:00,430.5,430.75,430.0,430.25,2058.0
2024-12-04 13:00:00,430.25,430.75,421.5,430.25,3328.0
2024-12-04 14:00:00,430.5,432.25,421.0,432.25,19953.0
2024-12-04 15:00:00,432.25,433.5,423.0,431.75,19601.0
2024-12-04 16:00:00,431.5,431.75,422.0,430.75,14842.0
2024-12-04 17:00:00,431.0,431.5,422.0,430.0,13985.0
2024-12-04 18:00:00,430.25,430.75,421.75,430.0,18955.0
2024-12-04 19:00:00,430.0,430.75,422.0,429.75,15150.0
2024-12-05 01:00:00,429.5,429.75,420.25,428.5,0.0
2024-12-05 02:00:00,428.25,428.75,428.25,428.25,764.0
2024-12-05 03:00:00,428.5,428.75,420.25,428.75,781.0
2024-12-05 04:00:00,428.75,428.75,428.5,428.75,313.0
2024-12-05 05:00:00,428.5,429.25,428.5,429.25,570.0
2024-12-05 06:00:00,429.0,429.5,429.0,429.5,649.0
2024-12-05 07:00:00,429.5,429.5,428.75,429.0,1472.0
2024-12-05 08:00:00,429.0,430.0,421.5,429.75,1746.0
2024-12-05 09:00:00,429.75,430.0,429.5,429.5,1381.0
2024-12-05 10:00:00,429.75,430.5,429.5,430.0,2171.0
2024-12-05 11:00:00,430.0,430.25,429.5,429.5,1349.0
2024-12-05 12:00:00,429.5,430.0,429.0,430.0,2031.0
2024-12-05 13:00:00,429.75,430.5,421.0,430.25,3234.0
2024-12-05 14:00:00,430.25,432.5,422.0,431.75,18033.0
2024-12-05 15:00:00,432.0,432.75,422.5,432.75,19253.0
2024-12-05 16:00:00,432.5,434.5,425.5,434.0,31070.0
2024-12-05 17:00:00,433.75,434.75,425.0,434.25,17608.0
2024-12-05 18:00:00,434.5,435.0,425.5,434.75,15704.0
2024-12-05 19:00:00,434.75,436.0,425.75,436.0,24814.0
2024-12-06 01:00:00,435.0,435.5,425.25,434.75,0.0
2024-12-06 02:00:00,435.0,435.0,434.5,434.75,876.0
2024-12-06 03:00:00,434.75,435.25,434.75,435.0,192.0
2024-12-06 04:00:00,435.0,435.0,434.75,435.0,253.0
2024-12-06 05:00:00,434.75,435.0,434.75,435.0,212.0
2024-12-06 06:00:00,435.0,435.5,435.0,435.25,1045.0
2024-12-06 07:00:00,435.5,435.5,435.0,435.0,170.0
2024-12-06 08:00:00,435.0,435.5,427.5,435.25,660.0
2024-12-06 09:00:00,435.5,435.75,435.0,435.5,2149.0
2024-12-06 10:00:00,435.25,436.0,427.5,435.0,1716.0
2024-12-06 11:00:00,435.25,436.0,427.5,435.75,1446.0
2024-12-06 12:00:00,435.75,436.5,427.5,435.75,2548.0
2024-12-06 13:00:00,435.75,436.75,427.5,436.25,3741.0
2024-12-06 14:00:00,436.25,437.25,427.0,436.5,27163.0
2024-12-06 15:00:00,436.25,438.75,428.5,438.25,42065.0
2024-12-06 16:00:00,438.25,440.0,429.5,439.5,30596.0
2024-12-06 17:00:00,439.5,440.25,429.5,440.25,33963.0
2024-12-06 18:00:00,440.25,440.5,430.0,440.0,23374.0
2024-12-06 19:00:00,439.75,440.5,430.0,440.0,27998.0
2024-12-09 01:00:00,439.25,439.75,438.5,439.25,3642.0
2024-12-09 02:00:00,439.5,440.0,431.25,439.5,0.0
2024-12-09 03:00:00,439.5,439.5,439.25,439.5,8716.0
2024-12-09 04:00:00,439.25,439.5,439.25,439.25,164.0
2024-12-09 05:00:00,439.5,439.75,439.25,439.5,303.0
2024-12-09 06:00:00,439.5,439.75,439.5,439.75,532.0
2024-12-09 07:00:00,439.5,440.0,439.25,439.75,962.0
2024-12-09 08:00:00,440.0,441.0,432.0,440.25,3366.0
2024-12-09 09:00:00,440.25,440.25,439.75,440.0,1246.0
2024-12-09 10:00:00,440.0,440.25,439.0,439.25,1317.0
2024-12-09 11:00:00,439.5,440.5,439.25,440.25,1358.0
2024-12-09 12:00:00,440.0,440.75,440.0,440.75,2517.0
2024-12-09 13:00:00,440.5,441.0,432.75,440.75,3796.0
2024-12-09 14:00:00,440.75,442.0,432.75,441.25,35283.0
2024-12-09 15:00:00,441.25,441.75,431.0,439.5,48302.0
2024-12-09 16:00:00,439.25,441.75,433.0,441.25,29943.0
2024-12-09 17:00:00,441.25,441.75,432.75,441.5,21847.0
2024-12-09 18:00:00,441.25,441.75,433.0,441.25,18295.0
2024-12-09 19:00:00,441.25,442.0,433.5,441.25,25098.0
2024-12-10 01:00:00,433.5,441.5,433.5,441.25,0.0
2024-12-10 02:00:00,441.25,441.5,441.25,441.5,934.0
2024-12-10 03:00:00,441.25,441.5,441.0,441.25,1426.0
2024-12-10 04:00:00,441.25,441.25,441.0,441.0,285.0
2024-12-10 05:00:00,441.0,441.0,440.75,441.0,859.0
2024-12-10 06:00:00,441.0,441.25,440.75,441.0,435.0
2024-12-10 07:00:00,441.0,441.25,440.75,441.0,782.0
2024-12-10 08:00:00,441.0,441.5,440.75,440.75,933.0
2024-12-10 09:00:00,440.75,441.25,440.75,441.25,932.0
2024-12-10 10:00:00,441.25,441.75,441.0,441.5,1104.0
2024-12-10 11:00:00,441.5,441.5,440.75,441.0,1049.0
2024-12-10 12:00:00,441.0,441.5,434.0,441.25,1344.0
2024-12-10 13:00:00,441.5,441.5,433.75,441.25,2308.0
2024-12-10 14:00:00,440.75,442.25,433.25,441.5,17448.0
2024-12-10 15:00:00,441.5,442.5,434.5,441.75,24337.0
2024-12-10 16:00:00,442.0,442.75,434.0,442.25,23332.0
2024-12-10 17:00:00,442.5,447.75,435.5,447.75,104995.0
2024-12-10 18:00:00,447.5,450.0,438.5,449.0,53978.0
2024-12-10 19:00:00,448.75,449.25,440.0,448.5,36991.0
2024-12-11 01:00:00,448.0,449.25,440.0,449.25,0.0
2024-12-11 02:00:00,449.0,449.5,441.5,449.25,1436.0
2024-12-11 03:00:00,449.5,449.75,449.25,449.75,2342.0
2024-12-11 04:00:00,449.75,449.75,449.25,449.5,2030.0
2024-12-11 05:00:00,449.5,449.75,449.5,449.75,429.0
2024-12-11 06:00:00,449.75,449.75,449.25,449.75,504.0
2024-12-11 07:00:00,449.75,449.75,449.25,449.5,868.0
2024-12-11 08:00:00,449.25,449.5,449.0,449.0,1229.0
2024-12-11 09:00:00,449.25,449.5,448.75,449.25,2248.0
2024-12-11 10:00:00,449.25,449.5,441.5,449.5,948.0
2024-12-11 11:00:00,449.25,449.75,449.25,449.25,3054.0
2024-12-11 12:00:00,449.25,449.75,441.5,449.0,4977.0
2024-12-11 13:00:00,449.25,450.75,441.5,450.25,13636.0
2024-12-11 14:00:00,442.75,451.25,442.25,450.25,51526.0
2024-12-11 15:00:00,450.0,450.5,441.75,450.0,39763.0
2024-12-11 16:00:00,449.75,451.0,441.75,450.5,28474.0
2024-12-11 17:00:00,450.5,450.75,441.5,450.5,16630.0
2024-12-11 18:00:00,450.25,450.5,441.0,449.5,23252.0
2024-12-11 19:00:00,449.25,449.5,437.75,448.0,37624.0
2024-12-12 01:00:00,447.75,448.0,445.75,446.25,0.0
2024-12-12 02:00:00,446.25,446.5,436.5,446.25,954.0
2024-12-12 03:00:00,446.25,446.75,446.25,446.75,2225.0
2024-12-12 04:00:00,446.5,446.75,435.75,446.75,388.0
2024-12-12 05:00:00,446.5,446.75,446.5,446.75,352.0
2024-12-12 06:00:00,446.75,447.0,435.25,446.75,1081.0
2024-12-12 07:00:00,446.75,447.0,446.25,446.5,1265.0
2024-12-12 08:00:00,446.75,446.75,445.75,446.5,2169.0
2024-12-12 09:00:00,446.5,446.75,446.0,446.75,1517.0
2024-12-12 10:00:00,446.75,446.75,446.25,446.75,1921.0
2024-12-12 11:00:00,446.75,447.25,446.75,446.75,3229.0
2024-12-12 12:00:00,446.5,447.75,446.5,447.5,5157.0
2024-12-12 13:00:00,447.25,447.75,445.75,446.25,6127.0
2024-12-12 14:00:00,446.0,448.0,437.0,447.0,31516.0
2024-12-12 15:00:00,447.0,447.0,435.75,444.25,32645.0
2024-12-12 16:00:00,444.5,444.5,432.25,443.25,32050.0
2024-12-12 17:00:00,443.5,443.75,432.0,443.0,17724.0
2024-12-12 18:00:00,443.25,444.0,432.5,443.5,18510.0
2024-12-12 19:00:00,443.5,444.0,431.75,443.75,24499.0
2024-12-13 01:00:00,443.5,443.75,442.75,443.0,0.0
2024-12-13 02:00:00,443.0,443.5,442.75,443.25,585.0
2024-12-13 03:00:00,443.25,443.5,443.0,443.25,250.0
2024-12-13 04:00:00,443.25,443.5,443.0,443.5,257.0
2024-12-13 05:00:00,443.5,443.5,443.0,443.5,809.0
2024-12-13 06:00:00,443.25,443.25,443.0,443.25,257.0
2024-12-13 07:00:00,443.25,443.5,443.0,443.5,262.0
2024-12-13 08:00:00,443.5,443.5,442.75,442.75,677.0
2024-12-13 09:00:00,442.75,443.0,441.75,442.25,5355.0
2024-12-13 10:00:00,442.0,442.75,442.0,442.25,2164.0
2024-12-13 11:00:00,442.5,443.0,442.25,443.0,2177.0
2024-12-13 12:00:00,442.75,444.0,442.75,444.0,4112.0
2024-12-13 13:00:00,443.75,444.25,442.5,442.5,4206.0
2024-12-13 14:00:00,442.5,443.5,442.0,443.0,33701.0
2024-12-13 15:00:00,443.0,443.5,426.25,442.75,24513.0
2024-12-13 16:00:00,443.0,443.0,427.25,441.5,20120.0
2024-12-13 17:00:00,441.75,442.0,432.0,440.5,21271.0
2024-12-13 18:00:00,440.5,441.75,440.0,441.5,18043.0
2024-12-13 19:00:00,441.25,442.75,441.0,442.5,18044.0
2024-12-16 01:00:00,441.25,442.75,441.25,442.5,2490.0
2024-12-16 02:00:00,442.5,442.75,442.0,442.25,691.0
2024-12-16 03:00:00,442.25,442.5,442.25,442.25,556.0
2024-12-16 04:00:00,442.25,442.5,442.25,442.5,204.0
2024-12-16 05:00:00,442.25,442.5,442.0,442.0,503.0
2024-12-16 06:00:00,442.0,442.75,442.0,442.75,426.0
2024-12-16 07:00:00,442.5,442.75,442.25,442.5,559.0
2024-12-16 08:00:00,442.5,443.25,442.25,442.75,1275.0
2024-12-16 09:00:00,442.75,443.75,442.75,443.5,1778.0
2024-12-16 10:00:00,443.75,444.0,443.25,443.75,1857.0
2024-12-16 11:00:00,443.5,444.25,443.5,444.0,1248.0
2024-12-16 12:00:00,444.0,444.25,443.25,443.75,3095.0
2024-12-16 13:00:00,443.75,444.25,443.5,444.0,2882.0
2024-12-16 14:00:00,444.0,444.25,442.25,443.0,17813.0
2024-12-16 15:00:00,442.75,445.0,442.5,444.0,26718.0
2024-12-16 16:00:00,444.0,445.0,443.5,444.75,15509.0
2024-12-16 17:00:00,444.75,445.75,443.75,444.5,21414.0
2024-12-16 18:00:00,444.5,445.25,444.25,444.75,18638.0
2024-12-16 19:00:00,444.5,445.5,444.25,445.0,24186.0
2024-12-17 01:00:00,445.0,445.75,444.75,445.75,0.0
2024-12-17 02:00:00,445.5,446.0,445.5,446.0,720.0
2024-12-17 03:00:00,446.0,446.0,445.5,446.0,625.0
2024-12-17 04:00:00,446.0,446.0,445.75,445.75,237.0
2024-12-17 05:00:00,446.0,446.5,445.75,446.25,841.0
2024-12-17 06:00:00,446.25,446.5,446.25,446.5,385.0
2024-12-17 07:00:00,446.5,446.5,446.25,446.25,832.0
2024-12-17 08:00:00,446.25,446.75,445.5,445.5,1389.0
2024-12-17 09:00:00,445.5,446.0,445.5,446.0,1494.0
2024-12-17 10:00:00,446.0,446.5,445.25,445.75,2622.0
2024-12-17 11:00:00,445.5,446.25,445.5,446.25,877.0
2024-12-17 12:00:00,446.25,446.25,445.25,445.25,1958.0
2024-12-17 13:00:00,445.25,445.75,444.5,445.25,5824.0
2024-12-17 14:00:00,445.0,445.25,443.0,443.25,27803.0
2024-12-17 15:00:00,443.25,443.5,442.0,442.0,28152.0
2024-12-17 16:00:00,442.0,443.25,441.25,442.75,22479.0
2024-12-17 17:00:00,443.0,443.5,442.0,442.5,14259.0
2024-12-17 18:00:00,442.25,442.75,442.0,442.5,12503.0
2024-12-17 19:00:00,442.5,444.25,442.5,443.5,0.0
2024-12-18 01:00:00,443.75,444.5,443.5,444.25,2724.0
2024-12-18 02:00:00,444.5,444.5,444.0,444.0,813.0
2024-12-18 03:00:00,444.0,444.25,443.25,443.25,1119.0
2024-12-18 04:00:00,443.25,443.5,443.25,443.5,303.0
2024-12-18 05:00:00,443.5,443.75,443.25,443.5,575.0
2024-12-18 06:00:00,443.75,443.75,443.5,443.5,515.0
2024-12-18 07:00:00,443.5,444.0,443.25,443.5,761.0
2024-12-18 08:00:00,443.25,444.0,443.25,443.75,776.0
2024-12-18 09:00:00,443.5,444.0,443.5,443.75,656.0
2024-12-18 10:00:00,443.75,444.75,443.75,444.5,1811.0
2024-12-18 11:00:00,444.25,444.75,444.25,444.5,1140.0
2024-12-18 12:00:00,444.25,444.5,444.0,444.0,1646.0
2024-12-18 13:00:00,443.75,444.0,443.0,443.5,4513.0
2024-12-18 14:00:00,443.5,446.5,442.75,445.5,21798.0
2024-12-18 15:00:00,445.75,445.75,441.75,442.0,22366.0
2024-12-18 16:00:00,441.75,442.5,439.0,439.0,26805.0
2024-12-18 17:00:00,439.0,439.75,437.25,437.5,25216.0
2024-12-18 18:00:00,437.75,438.5,437.25,438.25,18638.0
2024-12-18 19:00:00,438.5,438.5,437.0,437.5,27093.0
2024-12-19 01:00:00,437.0,437.75,436.5,437.25,0.0
2024-12-19 02:00:00,437.25,437.75,437.0,437.0,903.0
2024-12-19 03:00:00,437.0,437.25,436.5,437.0,1060.0
2024-12-19 04:00:00,437.0,437.25,437.0,437.0,773.0
2024-12-19 05:00:00,436.75,437.0,436.5,436.75,761.0
2024-12-19 06:00:00,436.75,437.5,436.75,437.25,998.0
2024-12-19 07:00:00,437.25,437.75,437.0,437.25,1448.0
2024-12-19 08:00:00,437.5,438.5,437.25,437.75,3571.0
2024-12-19 09:00:00,437.75,438.25,437.5,437.75,2855.0
2024-12-19 10:00:00,437.75,437.75,436.5,436.5,2391.0
2024-12-19 11:00:00,436.5,436.5,436.0,436.25,3273.0
2024-12-19 12:00:00,436.0,436.5,435.75,436.0,4029.0
2024-12-19 13:00:00,436.25,437.5,435.75,437.25,6738.0
2024-12-19 14:00:00,437.0,439.0,437.0,437.5,22850.0
2024-12-19 15:00:00,437.5,438.75,436.5,438.25,27647.0
2024-12-19 16:00:00,438.5,439.25,437.0,438.5,16969.0
2024-12-19 17:00:00,438.75,440.0,437.75,439.75,22230.0
2024-12-19 18:00:00,439.75,441.0,439.5,440.75,21261.0
2024-12-19 19:00:00,440.75,441.0,440.0,440.5,20538.0
2024-12-20 01:00:00,439.75,441.5,439.5,440.75,0.0
2024-12-20 02:00:00,440.75,441.5,440.75,441.25,709.0
2024-12-20 03:00:00,441.25,441.75,441.0,441.25,1051.0
2024-12-20 04:00:00,441.5,441.75,441.25,441.75,395.0
2024-12-20 05:00:00,441.75,442.25,441.5,442.25,703.0
2024-12-20 06:00:00,442.25,442.75,442.0,442.5,1020.0
2024-12-20 07:00:00,442.75,443.0,442.5,442.75,340.0
2024-12-20 08:00:00,442.5,443.5,442.5,443.25,2931.0
2024-12-20 09:00:00,443.25,443.75,443.25,443.25,2547.0
2024-12-20 10:00:00,443.25,443.75,443.25,443.5,2213.0
2024-12-20 11:00:00,443.5,444.0,443.25,443.75,3261.0
2024-12-20 12:00:00,443.75,444.25,443.5,443.5,3395.0
2024-12-20 13:00:00,443.5,444.25,443.5,444.0,4243.0
2024-12-20 14:00:00,443.75,446.0,443.5,444.5,29438.0
2024-12-20 15:00:00,444.75,445.75,443.75,445.25,26514.0
2024-12-20 16:00:00,445.0,447.0,444.25,446.25,24625.0
2024-12-20 17:00:00,446.5,447.5,445.25,447.5,19773.0
2024-12-20 18:00:00,447.5,447.5,446.0,446.75,18962.0
2024-12-20 19:00:00,446.5,447.0,446.0,446.0,21234.0
2024-12-23 01:00:00,446.0,447.5,445.5,447.25,3598.0
2024-12-23 02:00:00,447.25,447.75,447.0,447.75,2295.0
2024-12-23 03:00:00,447.75,447.75,447.5,447.5,279.0
2024-12-23 04:00:00,447.5,448.0,447.25,447.75,764.0
2024-12-23 05:00:00,447.5,447.75,447.25,447.5,353.0
2024-12-23 06:00:00,447.25,447.5,447.25,447.5,333.0
2024-12-23 07:00:00,447.5,447.5,447.25,447.25,512.0
2024-12-23 08:00:00,447.5,447.75,447.25,447.5,1453.0
2024-12-23 09:00:00,447.75,448.0,447.5,447.75,828.0
2024-12-23 10:00:00,447.75,447.75,447.25,447.75,2824.0
2024-12-23 11:00:00,447.75,448.0,447.5,447.75,1688.0
2024-12-23 12:00:00,447.75,448.25,447.5,447.5,3363.0
2024-12-23 13:00:00,447.5,448.0,447.0,448.0,3788.0
2024-12-23 14:00:00,447.5,447.75,445.75,446.0,21029.0
2024-12-23 15:00:00,446.0,447.0,445.25,447.0,17313.0
2024-12-23 16:00:00,447.0,447.5,446.25,447.25,12425.0
2024-12-23 17:00:00,447.25,448.0,447.0,448.0,13377.0
2024-12-23 18:00:00,448.0,448.0,447.25,448.0,8709.0
2024-12-23 19:00:00,447.75,448.25,447.5,447.75,18456.0
2024-12-24 01:00:00,447.25,448.0,447.0,447.75,0.0
2024-12-24 02:00:00,447.75,448.25,447.5,447.75,790.0
2024-12-24 03:00:00,447.5,447.5,447.0,447.25,521.0
2024-12-24 04:00:00,447.25,447.5,447.25,447.25,108.0
2024-12-24 14:30:00,447.75,448.75,447.5,447.75,13140.0
2024-12-24 15:30:00,448.0,448.25,446.75,447.5,31160.0
2024-12-24 16:30:00,447.5,448.5,447.25,448.0,8844.0
2024-12-24 17:30:00,448.25,448.75,447.75,448.75,13786.0
2024-12-24 18:00:00,448.75,448.75,448.25,448.5,3358.0
2024-12-26 14:00:00,448.5,452.0,448.5,450.75,35306.0
2024-12-26 15:00:00,451.0,453.0,450.5,453.0,38943.0
2024-12-26 16:00:00,452.75,453.75,452.25,453.0,20852.0
2024-12-26 17:00:00,453.0,453.25,451.5,452.25,19532.0
2024-12-26 18:00:00,452.0,453.75,451.75,453.75,13864.0
2024-12-26 19:00:00,453.5,454.25,453.25,453.75,24372.0
2024-12-27 01:00:00,453.25,453.75,453.0,453.25,0.0
2024-12-27 02:00:00,453.0,453.5,453.0,453.5,1160.0
2024-12-27 03:00:00,453.5,453.75,453.5,453.5,543.0
2024-12-27 04:00:00,453.75,453.75,453.5,453.75,968.0
2024-12-27 05:00:00,453.5,453.75,453.25,453.25,138.0
2024-12-27 06:00:00,453.25,453.5,453.25,453.25,460.0
2024-12-27 07:00:00,453.25,453.5,453.0,453.0,1237.0
2024-12-27 08:00:00,453.25,453.5,452.75,453.5,1080.0
2024-12-27 09:00:00,453.5,453.5,452.75,452.75,1047.0
2024-12-27 10:00:00,453.0,453.0,452.5,452.75,994.0
2024-12-27 11:00:00,452.75,453.25,452.75,452.75,1448.0
2024-12-27 12:00:00,452.75,453.0,452.25,452.5,3037.0
2024-12-27 13:00:00,452.75,454.25,452.5,453.75,6277.0
2024-12-27 14:00:00,454.0,455.0,453.5,453.75,22608.0
2024-12-27 15:00:00,453.75,454.5,453.5,453.5,24496.0
2024-12-27 16:00:00,453.5,454.5,453.0,454.5,20183.0
2024-12-27 17:00:00,454.5,455.0,454.25,454.5,16903.0
2024-12-27 18:00:00,454.5,454.75,453.5,453.75,13723.0
2024-12-27 19:00:00,453.5,454.25,453.25,453.75,23567.0
2024-12-30 01:00:00,453.75,455.0,453.5,454.5,2181.0
2024-12-30 02:00:00,454.75,455.0,454.25,455.0,3348.0
2024-12-30 03:00:00,455.0,455.0,454.5,454.75,374.0
2024-12-30 04:00:00,454.5,454.75,454.5,454.75,159.0
2024-12-30 05:00:00,454.75,454.75,454.5,454.5,289.0
2024-12-30 06:00:00,454.75,455.0,454.5,455.0,547.0
2024-12-30 07:00:00,454.75,456.0,454.75,455.75,2709.0
2024-12-30 08:00:00,455.75,456.75,455.75,456.5,3983.0
2024-12-30 09:00:00,456.5,456.75,456.0,456.0,1352.0
2024-12-30 10:00:00,456.0,456.25,455.5,455.75,2182.0
2024-12-30 11:00:00,455.75,456.25,455.25,456.0,954.0
2024-12-30 12:00:00,456.25,457.5,456.0,457.25,5209.0
2024-12-30 13:00:00,457.0,457.75,457.0,457.75,3387.0
2024-12-30 14:00:00,457.25,458.5,457.0,457.5,36759.0
2024-12-30 15:00:00,457.5,458.0,452.75,453.0,31439.0
2024-12-30 16:00:00,453.0,453.25,450.25,451.25,34403.0
2024-12-30 17:00:00,451.5,452.5,450.25,450.25,15966.0
2024-12-30 18:00:00,450.25,452.25,449.75,451.5,23790.0
2024-12-30 19:00:00,451.5,453.25,451.25,452.75,17649.0
2024-12-31 01:00:00,452.25,453.0,452.0,452.75,0.0
2024-12-31 02:00:00,452.5,452.75,452.25,452.25,465.0
2024-12-31 03:00:00,452.25,452.75,452.25,452.75,226.0
2024-12-31 04:00:00,452.5,452.75,452.25,452.5,227.0
2024-12-31 05:00:00,452.5,453.0,452.5,452.75,307.0
2024-12-31 06:00:00,452.75,453.5,452.75,453.25,1225.0
2024-12-31 07:00:00,453.5,453.75,453.0,453.25,1159.0
2024-12-31 08:00:00,453.25,453.75,453.25,453.75,764.0
2024-12-31 09:00:00,453.75,454.5,453.5,454.25,1720.0
2024-12-31 10:00:00,454.25,454.25,454.0,454.25,639.0
2024-12-31 11:00:00,454.25,455.0,454.25,455.0,561.0
2024-12-31 12:00:00,454.75,455.25,454.5,454.5,4725.0
2024-12-31 13:00:00,454.5,456.0,454.5,455.25,4661.0
2024-12-31 14:00:00,455.0,456.75,455.0,456.0,17985.0
2024-12-31 15:00:00,456.25,458.0,455.75,457.25,31639.0
2024-12-31 16:00:00,457.5,457.75,456.25,457.0,19482.0
2024-12-31 17:00:00,457.0,458.0,456.0,458.0,19089.0
2024-12-31 18:00:00,457.75,458.75,457.5,458.5,23104.0
2024-12-31 19:00:00,458.5,459.0,458.25,458.75,25780.0
2025-01-02 14:00:00,457.25,459.0,456.25,458.75,34882.0
2025-01-02 15:00:00,458.75,459.25,456.25,457.5,31079.0
2025-01-02 16:00:00,457.75,459.25,457.5,459.0,19653.0
2025-01-02 17:00:00,459.0,459.75,458.75,459.75,16104.0
2025-01-02 18:00:00,459.75,459.75,458.5,459.0,18061.0
2025-01-02 19:00:00,459.0,459.75,459.0,459.5,15300.0
2025-01-03 01:00:00,459.5,459.75,459.25,459.25,0.0
2025-01-03 02:00:00,459.5,459.75,459.25,459.5,1547.0
2025-01-03 03:00:00,459.25,459.5,458.75,459.0,903.0
2025-01-03 04:00:00,459.25,459.5,459.0,459.25,298.0
2025-01-03 05:00:00,459.5,459.5,458.75,458.75,479.0
2025-01-03 06:00:00,458.75,459.0,458.25,458.75,1129.0
2025-01-03 07:00:00,458.75,458.75,458.0,458.25,1133.0
2025-01-03 08:00:00,458.5,458.5,458.25,458.25,1618.0
2025-01-03 09:00:00,458.25,458.75,458.25,458.25,1518.0
2025-01-03 10:00:00,458.25,458.75,458.0,458.25,1372.0
2025-01-03 11:00:00,458.25,458.5,457.5,457.5,2712.0
2025-01-03 12:00:00,457.25,457.5,456.25,456.5,4309.0
2025-01-03 13:00:00,456.5,457.25,455.25,457.0,5370.0
2025-01-03 14:00:00,457.25,457.25,453.75,454.0,33928.0
2025-01-03 15:00:00,454.0,454.25,451.25,451.75,29864.0
2025-01-03 16:00:00,452.0,452.5,450.5,450.75,21600.0
2025-01-03 17:00:00,450.5,451.25,449.25,449.5,24793.0
2025-01-03 18:00:00,449.5,451.0,449.5,450.75,22317.0
2025-01-03 19:00:00,450.75,451.25,450.5,451.0,15961.0
2025-01-06 01:00:00,451.5,454.5,451.5,454.25,3859.0
2025-01-06 02:00:00,454.25,454.25,453.25,453.25,2191.0
2025-01-06 03:00:00,453.5,453.5,453.25,453.25,267.0
2025-01-06 04:00:00,453.25,453.75,453.25,453.5,277.0
2025-01-06 05:00:00,453.75,453.75,453.25,453.5,323.0
2025-01-06 06:00:00,453.5,453.75,453.25,453.75,799.0
2025-01-06 07:00:00,453.5,453.75,453.25,453.5,394.0
2025-01-06 08:00:00,453.5,454.5,453.5,454.25,1997.0
2025-01-06 09:00:00,454.0,455.0,454.0,454.25,1512.0
2025-01-06 10:00:00,454.25,454.75,454.25,454.5,1055.0
2025-01-06 11:00:00,454.25,456.0,454.25,456.0,4137.0
2025-01-06 12:00:00,455.75,456.5,455.25,456.5,2518.0
2025-01-06 13:00:00,456.25,457.25,456.25,456.5,4367.0
2025-01-06 14:00:00,456.0,458.75,455.75,458.5,28446.0
2025-01-06 15:00:00,458.5,460.25,458.25,459.75,42940.0
2025-01-06 16:00:00,459.25,460.0,457.5,458.0,33539.0
2025-01-06 17:00:00,457.75,459.0,457.0,458.75,25102.0
2025-01-06 18:00:00,459.0,459.0,457.75,458.5,15881.0
2025-01-06 19:00:00,458.25,458.5,456.75,456.75,30547.0
2025-01-07 01:00:00,456.0,457.0,454.75,456.0,0.0
2025-01-07 02:00:00,456.0,456.0,455.5,455.75,509.0
2025-01-07 03:00:00,455.5,455.5,455.0,455.25,393.0
2025-01-07 04:00:00,455.25,455.25,455.0,455.0,218.0
2025-01-07 05:00:00,455.0,455.25,454.75,454.75,510.0
2025-01-07 06:00:00,454.75,455.0,454.25,454.25,1920.0
2025-01-07 07:00:00,454.5,454.5,453.75,453.75,2303.0
2025-01-07 08:00:00,454.0,454.0,453.25,453.25,1936.0
2025-01-07 09:00:00,453.5,454.25,453.25,454.0,1408.0
2025-01-07 10:00:00,454.25,455.75,453.5,455.75,3658.0
2025-01-07 11:00:00,455.75,456.0,455.25,455.75,2196.0
2025-01-07 12:00:00,455.5,456.25,455.0,455.5,2546.0
2025-01-07 13:00:00,455.5,455.75,453.75,454.0,15342.0
2025-01-07 14:00:00,454.0,455.75,453.0,454.25,33652.0
2025-01-07 15:00:00,454.25,456.5,453.5,455.0,24090.0
2025-01-07 16:00:00,455.0,455.25,454.25,454.75,20150.0
2025-01-07 17:00:00,454.75,456.5,454.5,456.0,19014.0
2025-01-07 18:00:00,456.25,458.0,456.0,457.75,17912.0
2025-01-07 19:00:00,457.75,458.5,457.5,457.75,25353.0
2025-01-08 01:00:00,457.75,458.5,456.75,457.75,0.0
2025-01-08 02:00:00,457.75,457.75,457.5,457.5,343.0
2025-01-08 03:00:00,457.75,457.75,457.5,457.75,317.0
2025-01-08 04:00:00,458.0,458.25,457.75,458.0,145.0
2025-01-08 05:00:00,458.25,458.5,458.25,458.5,630.0
2025-01-08 06:00:00,458.75,458.75,457.5,457.5,374.0
2025-01-08 07:00:00,457.75,457.75,456.75,456.75,472.0
2025-01-08 08:00:00,457.0,457.75,457.0,457.75,1051.0
2025-01-08 09:00:00,458.0,459.25,457.75,459.0,2743.0
2025-01-08 10:00:00,459.25,459.25,457.25,457.25,2092.0
2025-01-08 11:00:00,457.5,457.75,457.0,457.75,1361.0
2025-01-08 12:00:00,457.5,457.75,456.75,457.0,2531.0
2025-01-08 13:00:00,456.75,457.0,455.75,456.0,11880.0
2025-01-08 14:00:00,455.75,457.75,455.75,456.25,20900.0
2025-01-08 15:00:00,456.0,457.0,455.5,457.0,18996.0
2025-01-08 16:00:00,457.0,457.5,455.5,455.75,30562.0
2025-01-08 17:00:00,455.5,455.5,454.5,455.25,25273.0
2025-01-08 18:00:00,455.25,455.25,453.75,454.0,18774.0
2025-01-08 19:00:00,453.75,454.25,453.5,454.0,26951.0
2025-01-09 01:00:00,454.0,454.75,453.5,454.25,0.0
2025-01-09 02:00:00,454.0,454.5,453.75,454.5,593.0
2025-01-09 03:00:00,454.25,454.75,454.0,454.5,296.0
2025-01-09 04:00:00,454.5,454.75,454.25,454.5,844.0
2025-01-09 05:00:00,454.25,454.5,454.0,454.0,777.0
2025-01-09 06:00:00,454.0,454.25,453.5,453.5,670.0
2025-01-09 07:00:00,453.75,453.75,453.5,453.75,753.0
2025-01-09 08:00:00,453.75,455.0,453.5,454.75,1702.0
2025-01-09 09:00:00,454.75,455.0,454.25,454.5,999.0
2025-01-09 10:00:00,454.5,454.5,453.75,454.25,1538.0
2025-01-09 11:00:00,454.25,454.75,454.0,454.5,1007.0
2025-01-09 12:00:00,454.25,455.25,454.0,454.5,4524.0
2025-01-09 13:00:00,454.5,455.25,454.0,454.75,5142.0
2025-01-09 14:00:00,454.5,455.5,454.0,454.25,19392.0
2025-01-09 15:00:00,454.25,455.75,453.75,454.0,25643.0
2025-01-09 16:00:00,454.0,455.25,453.5,455.0,17150.0
2025-01-09 17:00:00,455.25,457.25,455.0,456.0,31991.0
2025-01-09 18:00:00,456.25,457.0,456.0,456.75,10007.0
2025-01-10 01:00:00,456.0,456.75,455.75,456.75,0.0
2025-01-10 02:00:00,456.75,457.25,456.5,456.75,1524.0
2025-01-10 03:00:00,456.75,456.75,456.25,456.75,307.0
2025-01-10 04:00:00,456.75,456.75,455.75,455.75,1238.0
2025-01-10 05:00:00,456.0,456.5,456.0,456.25,1012.0
2025-01-10 06:00:00,456.0,456.5,456.0,456.25,625.0
2025-01-10 07:00:00,456.5,457.25,456.5,457.0,1203.0
2025-01-10 08:00:00,457.25,457.75,457.0,457.75,1484.0
2025-01-10 09:00:00,457.75,457.75,457.25,457.5,1537.0
2025-01-10 10:00:00,457.25,458.0,457.25,457.5,1290.0
2025-01-10 11:00:00,457.5,458.0,457.0,457.5,1897.0
2025-01-10 12:00:00,457.75,458.0,456.75,457.5,2997.0
2025-01-10 13:00:00,457.25,457.75,456.0,456.0,6806.0
2025-01-10 14:00:00,456.0,457.5,456.0,457.0,17852.0
2025-01-10 15:00:00,457.0,458.0,456.75,457.75,25711.0
2025-01-10 16:00:00,457.5,458.75,456.75,458.0,31144.0
2025-01-10 17:00:00,458.25,472.5,458.25,468.5,224883.0
2025-01-10 18:00:00,468.5,470.0,466.5,469.25,50893.0
2025-01-10 19:00:00,469.25,471.5,469.0,471.0,58463.0
2025-01-13 01:00:00,469.75,473.5,469.25,472.25,17780.0
2025-01-13 02:00:00,472.25,473.75,472.0,473.75,3677.0
2025-01-13 03:00:00,473.75,474.0,473.5,473.75,2033.0
2025-01-13 04:00:00,474.0,474.5,473.0,473.5,2000.0
2025-01-13 05:00:00,473.5,473.75,473.0,473.5,1395.0
2025-01-13 06:00:00,473.75,473.75,472.75,473.0,1488.0
2025-01-13 07:00:00,473.0,473.25,472.0,473.25,2080.0
2025-01-13 08:00:00,473.25,474.0,473.0,473.75,2570.0
2025-01-13 09:00:00,473.75,474.75,473.0,474.25,4268.0
2025-01-13 10:00:00,474.5,474.5,473.25,474.5,2361.0
2025-01-13 11:00:00,474.5,475.0,474.0,475.0,4883.0
2025-01-13 12:00:00,475.0,475.0,474.25,474.5,5793.0
2025-01-13 13:00:00,474.5,475.0,472.25,473.0,13769.0
2025-01-13 14:00:00,472.75,475.25,472.5,474.25,46059.0
2025-01-13 15:00:00,474.0,474.75,473.0,474.5,62426.0
2025-01-13 16:00:00,474.25,477.0,474.0,475.5,44965.0
2025-01-13 17:00:00,475.75,476.25,473.5,475.75,54358.0
2025-01-13 18:00:00,475.5,476.5,474.75,476.0,34892.0
2025-01-13 19:00:00,476.25,476.75,475.75,475.75,35301.0
2025-01-14 01:00:00,475.5,476.0,474.0,474.75,0.0
2025-01-14 02:00:00,475.0,475.0,474.25,474.75,1105.0
2025-01-14 03:00:00,475.0,475.25,474.5,474.5,852.0
2025-01-14 04:00:00,474.75,474.75,474.25,474.25,1585.0
2025-01-14 05:00:00,474.5,474.75,474.25,474.75,869.0
2025-01-14 06:00:00,474.75,475.0,474.25,474.5,1362.0
2025-01-14 07:00:00,474.25,474.75,474.0,474.75,1753.0
2025-01-14 08:00:00,474.75,475.25,474.75,475.0,1462.0
2025-01-14 09:00:00,475.0,475.25,473.5,473.5,5328.0
2025-01-14 10:00:00,473.75,474.5,473.5,474.25,2225.0
2025-01-14 11:00:00,474.25,474.75,474.0,474.5,1229.0
2025-01-14 12:00:00,474.5,474.75,473.75,474.25,2660.0
2025-01-14 13:00:00,474.25,475.75,474.25,474.75,4825.0
2025-01-14 14:00:00,474.75,478.25,473.5,478.0,55547.0
2025-01-14 15:00:00,478.0,479.75,477.0,477.0,44763.0
2025-01-14 16:00:00,477.0,477.25,475.0,476.75,33012.0
2025-01-14 17:00:00,476.75,476.75,473.75,474.25,27167.0
2025-01-14 18:00:00,474.0,474.75,473.5,474.25,25324.0
2025-01-14 19:00:00,474.0,474.75,473.75,474.5,0.0
2025-01-15 01:00:00,474.25,476.0,474.0,475.75,10143.0
2025-01-15 02:00:00,476.0,476.0,475.25,475.5,2195.0
2025-01-15 03:00:00,475.75,476.25,475.5,476.25,786.0
2025-01-15 04:00:00,476.0,476.0,475.75,476.0,723.0
2025-01-15 05:00:00,476.0,476.25,475.75,476.0,250.0
2025-01-15 06:00:00,476.25,476.5,476.0,476.5,602.0
2025-01-15 07:00:00,476.5,476.75,476.25,476.5,1392.0
2025-01-15 08:00:00,476.75,477.0,476.0,476.25,3108.0
2025-01-15 09:00:00,476.0,476.0,475.0,476.0,1897.0
2025-01-15 10:00:00,476.25,477.0,475.75,476.75,1628.0
2025-01-15 11:00:00,476.5,477.0,476.0,476.25,3181.0
2025-01-15 12:00:00,476.25,477.5,476.0,477.25,3513.0
2025-01-15 13:00:00,477.0,478.0,477.0,477.5,5552.0
2025-01-15 14:00:00,477.0,479.25,477.0,479.0,35283.0
2025-01-15 15:00:00,479.25,479.25,477.25,478.5,29017.0
2025-01-15 16:00:00,479.0,479.0,477.75,478.75,39579.0
2025-01-15 17:00:00,478.5,479.5,477.75,479.0,20646.0
2025-01-15 18:00:00,479.0,479.0,477.25,478.25,21715.0
2025-01-15 19:00:00,478.25,479.0,478.0,478.75,17282.0
2025-01-16 01:00:00,478.75,479.0,477.5,477.75,0.0
2025-01-16 02:00:00,477.75,478.5,477.5,478.25,6821.0
2025-01-16 03:00:00,478.25,478.25,478.0,478.0,1384.0
2025-01-16 04:00:00,478.0,478.25,477.75,477.75,1303.0
2025-01-16 05:00:00,478.0,478.0,477.5,477.75,1074.0
2025-01-16 06:00:00,477.75,477.75,477.0,477.25,1444.0
2025-01-16 07:00:00,477.5,477.75,477.25,477.25,1489.0
2025-01-16 08:00:00,477.25,477.5,475.75,476.25,3285.0
2025-01-16 09:00:00,476.25,476.75,475.75,476.0,2598.0
2025-01-16 10:00:00,476.0,476.25,475.5,476.0,3367.0
2025-01-16 11:00:00,476.0,476.0,475.0,475.75,3274.0
2025-01-16 12:00:00,475.5,475.75,474.75,475.0,3309.0
2025-01-16 13:00:00,475.0,475.75,475.0,475.25,4951.0
2025-01-16 14:00:00,475.25,475.75,474.25,474.75,31618.0
2025-01-16 15:00:00,474.75,475.0,473.25,474.0,33152.0
2025-01-16 16:00:00,474.0,476.5,473.75,476.25,25983.0
2025-01-16 17:00:00,476.0,476.25,474.75,475.5,21098.0
2025-01-16 18:00:00,475.5,475.75,474.25,474.5,14010.0
2025-01-16 19:00:00,474.5,475.0,474.0,474.5,24644.0
2025-01-17 01:00:00,474.0,477.25,474.0,477.0,0.0
2025-01-17 02:00:00,477.0,477.75,477.0,477.5,1752.0
2025-01-17 03:00:00,477.5,477.75,477.5,477.5,712.0
2025-01-17 04:00:00,477.5,477.5,477.0,477.25,324.0
2025-01-17 05:00:00,477.25,477.5,477.0,477.25,942.0
2025-01-17 06:00:00,477.0,477.5,477.0,477.25,482.0
2025-01-17 07:00:00,477.25,478.25,477.0,478.0,1977.0
2025-01-17 08:00:00,478.0,478.75,477.5,477.75,2333.0
2025-01-17 09:00:00,477.75,478.5,477.5,478.0,2147.0
2025-01-17 10:00:00,477.75,477.75,476.5,476.75,2747.0
2025-01-17 11:00:00,476.75,477.0,475.5,476.0,3493.0
2025-01-17 12:00:00,476.0,476.0,475.0,475.25,2619.0
2025-01-17 13:00:00,475.25,477.25,474.75,477.0,9507.0
2025-01-17 14:00:00,476.75,479.75,476.5,479.75,37976.0
2025-01-17 15:00:00,479.75,482.75,479.25,482.25,56704.0
2025-01-17 16:00:00,482.0,484.25,481.0,484.25,46155.0
2025-01-17 17:00:00,484.25,484.75,480.75,484.75,41890.0
2025-01-17 18:00:00,484.5,485.0,483.75,484.5,31279.0
2025-01-17 19:00:00,484.25,485.0,483.5,484.75,30958.0
2025-01-21 05:00:00,489.25,489.75,489.0,489.75,892.0
2025-01-21 06:00:00,489.75,490.0,488.75,489.25,2152.0
2025-01-21 07:00:00,489.25,489.25,486.75,486.75,2857.0
2025-01-21 08:00:00,487.0,487.0,486.25,487.0,3062.0
2025-01-21 09:00:00,486.75,488.25,486.75,487.5,2617.0
2025-01-21 10:00:00,487.75,489.25,487.5,487.75,3305.0
2025-01-21 11:00:00,487.75,488.25,486.0,486.0,3257.0
2025-01-21 12:00:00,486.25,487.5,485.5,487.5,5527.0
2025-01-21 13:00:00,487.25,489.5,486.75,488.0,6525.0
2025-01-21 14:00:00,488.0,489.25,483.5,484.25,50934.0
2025-01-21 15:00:00,484.5,486.75,482.5,486.75,51657.0
2025-01-21 16:00:00,486.75,489.0,486.25,488.75,24345.0
2025-01-21 17:00:00,489.0,490.0,488.0,489.0,26503.0
2025-01-21 18:00:00,489.25,490.0,488.25,489.0,27660.0
2025-01-21 19:00:00,489.0,490.0,488.75,489.5,20694.0
2025-01-22 01:00:00,489.5,489.75,486.25,487.25,0.0
2025-01-22 02:00:00,487.25,487.75,486.5,487.5,1430.0
2025-01-22 03:00:00,487.75,488.5,487.0,487.5,2944.0
2025-01-22 04:00:00,487.5,488.0,487.25,488.0,479.0
2025-01-22 05:00:00,487.75,488.5,487.75,488.25,394.0
2025-01-22 06:00:00,488.5,488.5,487.0,487.25,1269.0
2025-01-22 07:00:00,487.5,488.5,487.5,488.0,873.0
2025-01-22 08:00:00,488.0,488.5,487.0,488.5,2876.0
2025-01-22 09:00:00,488.5,489.0,488.0,488.75,2794.0
2025-01-22 10:00:00,489.0,489.0,488.0,488.25,2277.0
2025-01-22 11:00:00,488.0,489.0,488.0,488.25,1998.0
2025-01-22 12:00:00,488.5,489.0,487.75,488.0,4773.0
2025-01-22 13:00:00,488.0,490.0,488.0,489.25,3912.0
2025-01-22 14:00:00,489.0,492.25,488.25,489.25,33430.0
2025-01-22 15:00:00,489.25,492.0,489.0,491.75,37786.0
2025-01-22 16:00:00,491.75,492.0,486.5,488.25,40461.0
2025-01-22 17:00:00,488.0,488.75,482.5,483.5,43262.0
2025-01-22 18:00:00,483.75,485.75,483.5,484.0,22173.0
2025-01-22 19:00:00,484.0,485.0,484.0,484.25,21848.0
2025-01-23 01:00:00,484.25,484.75,482.25,482.25,0.0
2025-01-23 02:00:00,482.25,482.75,481.5,481.75,2920.0
2025-01-23 03:00:00,482.0,482.5,481.75,482.25,815.0
2025-01-23 04:00:00,482.25,482.75,482.0,482.75,272.0
2025-01-23 05:00:00,482.5,482.75,482.25,482.25,681.0
2025-01-23 06:00:00,482.25,482.5,481.75,482.0,613.0
2025-01-23 07:00:00,482.0,482.0,481.5,481.75,1356.0
2025-01-23 08:00:00,481.75,481.75,480.5,480.75,4258.0
2025-01-23 09:00:00,480.75,482.0,480.75,481.75,1982.0
2025-01-23 10:00:00,482.0,483.75,481.75,482.75,1412.0
2025-01-23 11:00:00,482.75,484.0,482.75,483.75,1543.0
2025-01-23 12:00:00,483.5,485.0,483.0,485.0,3095.0
2025-01-23 13:00:00,484.75,486.0,484.25,484.75,6089.0
2025-01-23 14:00:00,484.75,488.75,484.5,488.25,34642.0
2025-01-23 15:00:00,488.25,491.75,488.25,491.25,45795.0
2025-01-23 16:00:00,491.0,492.75,491.0,492.0,29061.0
2025-01-23 17:00:00,492.25,494.5,491.75,494.5,30168.0
2025-01-23 18:00:00,494.25,494.5,490.0,490.25,28374.0
2025-01-23 19:00:00,490.25,491.0,489.0,489.25,22843.0
2025-01-24 01:00:00,487.0,487.25,483.5,486.5,0.0
2025-01-24 02:00:00,486.5,487.0,486.0,486.5,2596.0
2025-01-24 03:00:00,486.75,487.0,486.25,486.5,544.0
2025-01-24 04:00:00,486.5,487.0,486.5,486.75,854.0
2025-01-24 05:00:00,486.75,486.75,485.25,485.5,2852.0
2025-01-24 06:00:00,485.5,486.75,485.25,485.5,1344.0
2025-01-24 07:00:00,485.5,486.25,485.5,486.25,961.0
2025-01-24 08:00:00,486.25,487.0,486.25,486.75,1486.0
2025-01-24 09:00:00,487.0,487.5,486.25,486.75,1602.0
2025-01-24 10:00:00,486.5,486.75,485.0,485.25,2607.0
2025-01-24 11:00:00,485.5,485.75,484.0,484.0,2048.0
2025-01-24 12:00:00,484.25,484.75,483.75,484.0,5351.0
2025-01-24 13:00:00,483.75,487.25,483.5,486.75,8224.0
2025-01-24 14:00:00,487.0,489.0,485.75,485.75,32396.0
2025-01-24 15:00:00,486.0,489.25,485.0,487.75,26857.0
2025-01-24 16:00:00,487.75,489.5,486.5,486.5,20690.0
2025-01-24 17:00:00,486.5,488.0,485.5,485.5,14158.0
2025-01-24 18:00:00,485.5,487.5,485.0,486.75,24774.0
2025-01-24 19:00:00,486.5,487.0,485.75,485.75,21388.0
2025-01-27 01:00:00,484.5,484.75,480.0,480.75,12002.0
2025-01-27 02:00:00,481.0,481.25,480.5,480.75,1528.0
2025-01-27 03:00:00,480.75,484.25,480.75,483.75,5605.0
2025-01-27 04:00:00,483.75,484.25,483.5,484.0,626.0
2025-01-27 05:00:00,484.0,484.0,483.25,483.75,933.0
2025-01-27 06:00:00,484.0,484.25,482.75,482.75,1085.0
2025-01-27 07:00:00,483.0,483.0,482.25,482.25,1897.0
2025-01-27 08:00:00,482.25,482.75,482.0,482.5,2935.0
2025-01-27 09:00:00,482.75,483.0,482.0,482.5,1807.0
2025-01-27 10:00:00,482.5,483.75,482.25,482.5,1826.0
2025-01-27 11:00:00,482.5,483.5,481.75,481.75,3107.0
2025-01-27 12:00:00,481.75,482.0,480.25,480.5,4593.0
2025-01-27 13:00:00,480.5,481.25,479.0,479.25,9925.0
2025-01-27 14:00:00,479.75,482.75,478.75,479.75,31940.0
2025-01-27 15:00:00,479.75,481.25,479.25,479.25,27048.0
2025-01-27 16:00:00,478.75,479.75,477.75,478.75,26212.0
2025-01-27 17:00:00,478.75,481.5,478.75,480.5,14407.0
2025-01-27 18:00:00,480.5,481.75,480.0,481.0,22402.0
2025-01-27 19:00:00,481.0,482.75,481.0,482.25,21142.0
2025-01-28 01:00:00,482.25,483.5,481.0,482.25,0.0
2025-01-28 02:00:00,482.5,483.0,482.0,482.25,613.0
2025-01-28 03:00:00,482.5,483.0,482.5,482.5,283.0
2025-01-28 04:00:00,482.75,483.25,482.5,483.25,159.0
2025-01-28 05:00:00,483.0,483.25,482.75,482.75,794.0
2025-01-28 06:00:00,482.75,483.5,482.75,482.75,758.0
2025-01-28 07:00:00,482.5,482.75,481.75,481.75,2174.0
2025-01-28 08:00:00,482.0,482.5,481.25,482.0,1117.0
2025-01-28 09:00:00,482.0,482.75,481.25,482.5,1528.0
2025-01-28 10:00:00,482.75,483.5,481.75,482.5,2161.0
2025-01-28 11:00:00,482.75,483.75,482.25,483.5,1618.0
2025-01-28 12:00:00,483.75,485.0,483.5,484.75,4773.0
2025-01-28 13:00:00,484.5,485.25,483.75,484.75,6537.0
2025-01-28 14:00:00,485.0,487.0,484.75,486.25,26863.0
2025-01-28 15:00:00,486.0,487.75,485.25,486.25,40236.0
2025-01-28 16:00:00,486.75,488.25,485.5,487.0,36057.0
2025-01-28 17:00:00,487.0,488.75,486.25,488.5,18833.0
2025-01-28 18:00:00,488.5,489.25,487.75,487.75,17834.0
2025-01-28 19:00:00,488.0,488.0,484.5,485.25,35481.0
2025-01-29 01:00:00,485.0,488.5,485.0,488.5,0.0
2025-01-29 02:00:00,488.5,490.0,488.25,489.5,3824.0
2025-01-29 03:00:00,489.5,491.25,489.25,490.25,4515.0
2025-01-29 04:00:00,490.25,491.0,490.25,490.5,387.0
2025-01-29 05:00:00,490.5,490.5,489.5,489.75,795.0
2025-01-29 06:00:00,490.0,491.0,489.75,490.5,5348.0
2025-01-29 07:00:00,490.5,490.5,489.75,490.0,1449.0
2025-01-29 08:00:00,490.25,491.0,490.25,490.75,1273.0
2025-01-29 09:00:00,490.75,490.75,489.5,490.25,3726.0
2025-01-29 10:00:00,490.5,490.75,490.0,490.5,1349.0
2025-01-29 11:00:00,490.25,491.75,490.25,491.5,4728.0
2025-01-29 12:00:00,491.25,491.5,490.5,491.25,4633.0
2025-01-29 13:00:00,491.25,492.5,490.75,491.5,6820.0
2025-01-29 14:00:00,490.75,495.0,490.75,494.5,30871.0
2025-01-29 15:00:00,494.25,497.0,493.75,496.5,61981.0
2025-01-29 16:00:00,496.25,497.5,495.25,496.0,26905.0
2025-01-29 17:00:00,495.75,496.25,493.75,495.25,32118.0
2025-01-29 18:00:00,495.5,497.0,494.75,496.75,24071.0
2025-01-29 19:00:00,496.75,497.5,495.75,496.25,36270.0
2025-01-30 01:00:00,496.25,497.0,495.0,496.25,0.0
2025-01-30 02:00:00,496.25,496.25,494.5,495.0,1104.0
2025-01-30 03:00:00,495.25,495.25,494.75,494.75,305.0
2025-01-30 04:00:00,494.75,495.0,494.5,494.5,798.0
2025-01-30 05:00:00,494.75,495.0,494.5,494.5,276.0
2025-01-30 06:00:00,494.5,494.75,494.25,494.5,597.0
2025-01-30 07:00:00,494.25,495.25,494.25,495.0,908.0
2025-01-30 08:00:00,495.0,496.0,494.5,495.0,2866.0
2025-01-30 09:00:00,495.25,495.25,493.75,494.5,2176.0
2025-01-30 10:00:00,494.5,494.75,494.0,494.5,914.0
2025-01-30 11:00:00,494.75,495.5,494.5,495.25,2828.0
2025-01-30 12:00:00,495.0,495.5,493.5,494.25,4248.0
2025-01-30 13:00:00,494.25,494.75,493.0,493.5,5315.0
2025-01-30 14:00:00,493.5,494.5,491.0,491.25,37961.0
2025-01-30 15:00:00,491.5,492.0,490.0,491.25,30221.0
2025-01-30 16:00:00,491.25,492.75,490.75,492.0,24056.0
2025-01-30 17:00:00,492.0,492.0,490.0,490.0,34854.0
2025-01-30 18:00:00,490.0,491.25,490.0,490.75,22308.0
2025-01-30 19:00:00,490.5,491.0,490.0,490.0,21365.0
2025-01-31 01:00:00,488.25,488.75,484.0,484.0,0.0
2025-01-31 02:00:00,484.25,484.5,482.75,484.0,4828.0
2025-01-31 03:00:00,484.25,484.25,483.5,484.0,925.0
2025-01-31 04:00:00,484.0,484.5,483.75,484.5,876.0
2025-01-31 05:00:00,484.5,484.75,483.75,484.25,1718.0
2025-01-31 06:00:00,484.25,485.0,484.0,484.25,1122.0
2025-01-31 07:00:00,484.0,484.5,483.75,484.0,1926.0
2025-01-31 08:00:00,484.0,484.25,483.75,484.25,5046.0
2025-01-31 09:00:00,484.25,484.25,482.75,483.5,8471.0
2025-01-31 10:00:00,483.5,483.5,482.0,482.25,3983.0
2025-01-31 11:00:00,482.25,482.75,481.0,481.25,4997.0
2025-01-31 12:00:00,481.5,482.0,480.5,481.25,6791.0
2025-01-31 13:00:00,481.25,481.25,479.25,480.0,10882.0
2025-01-31 14:00:00,480.0,484.5,479.75,481.0,44313.0
2025-01-31 15:00:00,481.0,485.75,480.75,485.0,31549.0
2025-01-31 16:00:00,485.0,486.25,484.5,485.75,26148.0
2025-01-31 17:00:00,486.0,487.0,483.5,484.0,29105.0
2025-01-31 18:00:00,484.0,485.75,480.75,482.0,41050.0
2025-01-31 19:00:00,481.75,483.75,481.25,482.75,41767.0
2025-02-03 01:00:00,476.75,488.5,472.5,486.25,5134.0
2025-02-03 02:00:00,475.25,486.25,473.5,473.75,24354.0
2025-02-03 03:00:00,474.0,486.0,473.25,473.5,3946.0
2025-02-03 04:00:00,473.5,485.5,473.5,473.5,886.0
2025-02-03 05:00:00,473.75,486.5,473.5,486.5,8545.0
2025-02-03 06:00:00,475.5,486.75,474.75,474.75,1702.0
2025-02-03 07:00:00,485.5,486.25,474.0,485.25,0.0
2025-02-03 08:00:00,474.5,486.0,473.5,474.0,32562.0
2025-02-03 09:00:00,474.25,486.25,474.0,475.0,3975.0
2025-02-03 10:00:00,475.0,486.5,474.0,474.25,3549.0
2025-02-03 11:00:00,474.5,486.25,474.5,475.0,1953.0
2025-02-03 12:00:00,485.5,486.75,474.25,474.75,3855.0
2025-02-03 13:00:00,474.75,488.5,474.75,476.0,9285.0
2025-02-03 14:00:00,476.0,492.25,474.25,480.0,35217.0
2025-02-03 15:00:00,491.25,500.5,477.5,488.0,81230.0
2025-02-03 16:00:00,488.0,502.0,487.25,487.75,30076.0
2025-02-03 17:00:00,487.75,499.0,485.5,486.25,22230.0
2025-02-03 18:00:00,486.0,500.25,486.0,500.0,0.0
2025-02-03 19:00:00,489.0,500.5,487.5,499.25,7718.0
2025-02-04 01:00:00,488.0,502.0,487.75,490.75,0.0
2025-02-04 02:00:00,490.75,501.75,489.5,490.25,1358.0
2025-02-04 03:00:00,490.25,501.75,490.0,491.0,1050.0
2025-02-04 04:00:00,491.0,502.0,490.25,490.25,662.0
2025-02-04 05:00:00,490.25,501.25,488.0,488.25,2049.0
2025-02-04 06:00:00,488.5,500.0,487.5,489.0,1680.0
2025-02-04 07:00:00,489.0,500.25,487.75,489.25,2603.0
2025-02-04 08:00:00,489.0,500.75,488.0,500.25,0.0
2025-02-04 09:00:00,489.25,500.0,487.25,487.75,11734.0
2025-02-04 10:00:00,488.0,501.5,487.75,490.75,18362.0
2025-02-04 11:00:00,491.0,501.5,490.0,491.75,10714.0
2025-02-04 12:00:00,491.75,501.5,488.25,488.5,7536.0
2025-02-04 13:00:00,488.75,500.25,488.25,500.0,0.0
2025-02-04 14:00:00,500.0,505.0,489.75,494.5,50418.0
2025-02-04 15:00:00,494.25,507.0,493.75,496.5,49219.0
2025-02-04 16:00:00,496.25,507.5,494.0,507.25,0.0
2025-02-04 17:00:00,496.25,507.75,495.0,496.75,98140.0
2025-02-04 18:00:00,496.5,507.5,495.25,495.5,16457.0
2025-02-04 19:00:00,506.25,506.25,493.75,504.25,0.0
2025-02-05 01:00:00,494.0,505.25,493.5,494.25,0.0
2025-02-05 02:00:00,494.25,505.0,494.25,504.5,0.0
2025-02-05 03:00:00,494.25,505.25,494.0,494.75,4413.0
2025-02-05 04:00:00,505.0,505.5,494.0,495.25,527.0
2025-02-05 05:00:00,495.5,507.0,495.5,506.75,0.0
2025-02-05 06:00:00,496.5,507.75,496.25,496.75,6693.0
2025-02-05 07:00:00,496.5,507.5,496.5,496.75,1246.0
2025-02-05 08:00:00,497.0,508.25,496.75,508.0,0.0
2025-02-05 09:00:00,497.5,508.75,497.5,497.5,18335.0
2025-02-05 10:00:00,508.0,508.25,497.0,508.0,0.0
2025-02-05 11:00:00,508.0,508.25,495.75,496.5,18990.0
2025-02-05 12:00:00,496.25,509.0,495.5,497.75,4808.0
2025-02-05 13:00:00,508.75,509.0,494.75,496.0,10703.0
2025-02-05 14:00:00,506.75,508.0,492.0,492.5,35630.0
2025-02-05 15:00:00,492.5,504.5,489.75,491.0,44377.0
2025-02-05 16:00:00,490.75,504.25,490.75,491.25,26433.0
2025-02-05 17:00:00,503.0,503.25,490.25,490.75,11273.0
2025-02-05 18:00:00,490.75,503.25,490.25,491.5,21624.0
2025-02-05 19:00:00,491.25,505.0,491.25,493.25,20796.0
2025-02-06 01:00:00,504.5,504.75,491.75,492.0,0.0
2025-02-06 02:00:00,492.0,504.75,492.0,504.25,0.0
2025-02-06 03:00:00,493.0,504.5,492.25,504.0,105.0
2025-02-06 04:00:00,492.75,504.0,492.25,492.25,4219.0
2025-02-06 05:00:00,492.25,504.0,492.25,492.5,242.0
2025-02-06 06:00:00,492.75,505.0,492.75,493.0,787.0
2025-02-06 07:00:00,493.0,505.75,493.0,493.75,2000.0
2025-02-06 08:00:00,505.0,506.25,493.25,506.0,0.0
2025-02-06 09:00:00,494.75,506.75,494.25,495.0,11114.0
2025-02-06 10:00:00,494.75,506.5,494.75,495.0,1276.0
2025-02-06 11:00:00,495.25,506.75,494.25,506.0,0.0
2025-02-06 12:00:00,495.0,506.25,493.5,506.0,12536.0
2025-02-06 13:00:00,506.0,506.25,492.75,493.0,4915.0
2025-02-06 14:00:00,504.0,504.5,486.0,499.5,17166.0
2025-02-06 15:00:00,487.75,502.5,487.75,488.5,72097.0
2025-02-06 16:00:00,500.25,508.0,487.75,494.25,54953.0
2025-02-06 17:00:00,494.0,508.0,492.5,495.75,19304.0
2025-02-06 18:00:00,495.5,508.5,494.25,494.25,54123.0
2025-02-06 19:00:00,506.5,508.25,494.0,495.5,33862.0
2025-02-07 01:00:00,495.5,508.75,495.0,508.25,0.0
2025-02-07 02:00:00,495.75,508.5,495.75,496.0,4870.0
2025-02-07 03:00:00,496.25,508.5,495.5,495.75,248.0
2025-02-07 04:00:00,496.0,508.25,495.5,496.0,229.0
2025-02-07 05:00:00,496.25,508.5,496.0,496.25,472.0
2025-02-07 06:00:00,508.5,508.75,494.75,495.25,2514.0
2025-02-07 07:00:00,495.0,507.25,494.0,494.25,1379.0
2025-02-07 08:00:00,494.0,507.25,493.0,493.25,3224.0
2025-02-07 09:00:00,493.25,506.25,493.0,493.75,2784.0
2025-02-07 10:00:00,493.5,506.25,493.25,493.75,1457.0
2025-02-07 11:00:00,506.25,506.25,492.75,492.75,4776.0
2025-02-07 12:00:00,493.0,505.0,491.0,491.0,7021.0
2025-02-07 13:00:00,491.0,504.25,490.5,503.75,0.0
2025-02-07 14:00:00,491.5,504.25,488.75,501.75,22662.0
2025-02-07 15:00:00,489.75,503.5,488.25,501.25,31899.0
2025-02-07 16:00:00,489.25,501.75,485.5,499.5,21237.0
2025-02-07 17:00:00,499.5,500.75,486.0,486.5,94686.0
2025-02-07 18:00:00,499.0,500.5,486.0,487.75,24238.0
2025-02-07 19:00:00,487.5,501.0,487.25,501.0,0.0
2025-02-10 01:00:00,485.75,499.0,482.25,485.0,6118.0
2025-02-10 02:00:00,485.25,498.25,483.5,483.75,1412.0
2025-02-10 03:00:00,497.0,497.25,483.25,483.25,1315.0
2025-02-10 04:00:00,483.25,496.75,483.0,483.5,966.0
2025-02-10 05:00:00,483.5,497.0,483.0,496.25,0.0
2025-02-10 06:00:00,483.25,496.75,483.0,483.75,12133.0
2025-02-10 07:00:00,483.5,497.25,483.25,483.5,1183.0
2025-02-10 08:00:00,483.75,497.5,483.25,484.25,2886.0
2025-02-10 09:00:00,484.0,499.0,484.0,484.5,3584.0
2025-02-10 10:00:00,484.5,499.0,484.5,485.5,1189.0
2025-02-10 11:00:00,485.5,499.25,485.5,486.0,4344.0
2025-02-10 12:00:00,486.0,500.5,485.5,487.25,2555.0
2025-02-10 13:00:00,487.5,501.75,487.25,487.5,4175.0
2025-02-10 14:00:00,500.5,504.5,487.0,503.5,2913.0
2025-02-10 15:00:00,503.75,504.25,488.0,490.0,56862.0
2025-02-10 16:00:00,502.75,504.25,489.75,491.0,20211.0
2025-02-10 17:00:00,491.25,505.0,490.5,492.5,13343.0
2025-02-10 18:00:00,492.25,505.25,490.75,503.5,0.0
2025-02-10 19:00:00,491.0,504.75,491.0,504.5,103098.0
2025-02-11 01:00:00,504.5,505.0,489.75,490.25,0.0
2025-02-11 02:00:00,490.25,503.5,489.5,490.5,717.0
2025-02-11 03:00:00,490.25,503.5,490.0,490.5,343.0
2025-02-11 04:00:00,490.25,503.75,490.25,490.5,91.0
2025-02-11 05:00:00,490.5,503.75,490.5,491.0,407.0
2025-02-11 06:00:00,491.0,504.0,490.25,490.5,878.0
2025-02-11 07:00:00,503.5,503.75,490.0,490.75,4182.0
2025-02-11 08:00:00,490.75,504.25,490.75,503.5,0.0
2025-02-11 09:00:00,490.75,504.25,490.5,491.25,5994.0
2025-02-11 10:00:00,491.25,505.0,491.0,492.0,1504.0
2025-02-11 11:00:00,504.75,505.75,491.75,492.75,1837.0
2025-02-11 12:00:00,493.0,506.0,492.25,493.0,5517.0
2025-02-11 13:00:00,492.75,505.75,491.25,491.5,5261.0
2025-02-11 14:00:00,505.0,508.0,492.0,495.0,19764.0
2025-02-11 15:00:00,494.75,508.75,494.25,508.25,10669.0
2025-02-11 16:00:00,495.0,509.75,494.0,496.0,52113.0
2025-02-11 17:00:00,495.75,510.0,488.0,488.5,59331.0
2025-02-11 18:00:00,488.5,502.0,485.75,486.0,30159.0
2025-02-11 19:00:00,499.5,499.5,483.25,483.5,70686.0
2025-02-12 01:00:00,497.75,499.75,483.5,485.5,0.0
2025-02-12 02:00:00,485.75,499.5,485.25,499.5,0.0
2025-02-12 03:00:00,485.5,499.25,484.75,499.0,1269.0
2025-02-12 04:00:00,485.5,499.75,485.0,485.5,8404.0
2025-02-12 05:00:00,485.5,499.25,484.5,484.5,653.0
2025-02-12 06:00:00,484.5,498.75,484.0,484.25,1491.0
2025-02-12 07:00:00,484.5,498.75,484.0,484.5,4022.0
2025-02-12 08:00:00,484.25,499.0,484.25,484.5,2732.0
2025-02-12 09:00:00,498.25,499.5,484.5,485.25,3585.0
2025-02-12 10:00:00,499.5,499.5,484.5,484.5,3684.0
2025-02-12 11:00:00,484.75,499.0,484.0,484.75,1272.0
2025-02-12 12:00:00,484.75,499.0,483.0,483.0,9338.0
2025-02-12 13:00:00,483.0,497.5,481.5,482.5,9718.0
2025-02-12 14:00:00,496.25,505.25,481.75,490.25,55841.0
2025-02-12 15:00:00,504.0,505.5,486.25,487.75,48468.0
2025-02-12 16:00:00,487.5,503.5,486.5,488.5,17846.0
2025-02-12 17:00:00,502.0,503.25,486.75,501.25,0.0
2025-02-12 18:00:00,501.25,503.25,487.25,489.0,96131.0
2025-02-12 19:00:00,488.75,504.5,488.75,504.25,28649.0
2025-02-13 01:00:00,503.25,505.25,489.75,504.5,0.0
2025-02-13 02:00:00,490.75,504.75,490.25,504.25,209.0
2025-02-13 03:00:00,490.75,504.5,490.25,490.5,2048.0
2025-02-13 04:00:00,490.25,504.25,490.0,504.0,0.0
2025-02-13 05:00:00,490.5,504.5,490.25,490.25,2150.0
2025-02-13 06:00:00,490.25,505.0,490.25,504.75,0.0
2025-02-13 07:00:00,504.5,504.75,490.5,490.75,2822.0
2025-02-13 08:00:00,491.0,505.5,490.75,491.5,685.0
2025-02-13 09:00:00,491.25,505.25,489.75,490.0,865.0
2025-02-13 10:00:00,503.5,503.5,487.5,488.25,14109.0
2025-02-13 11:00:00,502.25,503.25,488.0,488.0,3034.0
2025-02-13 12:00:00,488.0,502.25,485.25,486.0,11743.0
2025-02-13 13:00:00,486.0,502.25,485.25,502.25,5174.0
2025-02-13 14:00:00,502.0,504.25,486.5,489.0,25481.0
2025-02-13 15:00:00,502.25,505.25,488.5,503.75,22013.0
2025-02-13 16:00:00,490.5,505.5,490.5,504.5,23201.0
2025-02-13 17:00:00,491.75,506.5,491.5,494.25,57447.0
2025-02-13 18:00:00,506.25,506.5,492.25,494.0,25573.0
2025-02-13 19:00:00,494.0,506.5,492.75,505.75,0.0
2025-02-14 01:00:00,505.25,506.5,492.5,493.75,0.0
2025-02-14 02:00:00,493.75,506.5,493.25,493.5,612.0
2025-02-14 03:00:00,493.5,506.75,493.25,506.25,0.0
2025-02-14 04:00:00,506.25,506.5,493.0,493.5,1118.0
2025-02-14 05:00:00,493.5,506.75,493.5,506.5,0.0
2025-02-14 06:00:00,493.75,507.0,493.5,494.0,1254.0
2025-02-14 07:00:00,506.75,508.0,494.0,494.75,1638.0
2025-02-14 08:00:00,494.75,508.5,494.5,495.25,1681.0
2025-02-14 09:00:00,495.5,508.75,494.75,495.75,1794.0
2025-02-14 10:00:00,495.5,509.5,495.5,509.5,0.0
2025-02-14 11:00:00,496.25,511.0,496.25,498.0,9476.0
2025-02-14 12:00:00,510.5,511.0,497.25,510.25,1117.0
2025-02-14 13:00:00,497.5,510.5,496.75,509.75,3998.0
2025-02-14 14:00:00,509.75,512.0,496.75,510.0,29846.0
2025-02-14 15:00:00,510.25,511.5,496.5,499.0,40260.0
2025-02-14 16:00:00,511.0,511.5,497.75,499.25,20580.0
2025-02-14 17:00:00,511.25,511.25,495.25,509.0,1783.0
2025-02-14 18:00:00,496.5,509.25,495.25,496.5,19375.0
2025-02-14 19:00:00,496.5,509.25,495.75,509.0,43080.0
2025-02-18 05:00:00,506.75,506.75,493.75,506.25,3839.0
2025-02-18 06:00:00,506.25,506.5,493.5,494.0,522.0
2025-02-18 07:00:00,494.0,507.0,493.75,494.0,1668.0
2025-02-18 08:00:00,506.75,508.25,494.25,495.75,1319.0
2025-02-18 09:00:00,495.75,509.5,495.75,509.5,0.0
2025-02-18 10:00:00,497.0,510.25,496.75,510.25,1126.0
2025-02-18 11:00:00,497.25,511.0,497.25,498.25,7604.0
2025-02-18 12:00:00,498.0,511.0,496.75,497.5,2928.0
2025-02-18 13:00:00,510.0,512.0,497.5,511.5,0.0
2025-02-18 14:00:00,511.5,514.5,497.5,498.25,52446.0
2025-02-18 15:00:00,511.5,512.25,496.75,498.75,32341.0
2025-02-18 16:00:00,499.0,515.75,498.75,502.0,29462.0
2025-02-18 17:00:00,502.25,517.25,501.0,517.25,0.0
2025-02-18 18:00:00,517.25,517.75,501.25,501.5,52153.0
2025-02-18 19:00:00,501.5,515.75,500.5,502.0,28477.0
2025-02-19 01:00:00,515.25,516.0,500.75,502.0,0.0
2025-02-19 02:00:00,502.25,516.75,502.25,502.75,1383.0
2025-02-19 03:00:00,516.5,516.75,502.5,502.5,550.0
2025-02-19 04:00:00,502.75,516.75,502.5,503.0,173.0
2025-02-19 05:00:00,502.75,517.0,502.75,503.0,454.0
2025-02-19 06:00:00,503.0,516.75,502.25,516.25,3035.0
2025-02-19 07:00:00,502.5,516.75,502.25,502.25,2279.0
2025-02-19 08:00:00,502.25,517.5,502.0,517.25,542.0
2025-02-19 09:00:00,503.25,517.25,502.5,502.75,3000.0
2025-02-19 10:00:00,502.5,517.5,502.5,517.0,0.0
2025-02-19 11:00:00,516.75,517.75,502.5,517.5,6146.0
2025-02-19 12:00:00,504.0,517.75,502.5,502.5,7531.0
2025-02-19 13:00:00,502.5,516.25,500.75,500.75,2553.0
2025-02-19 14:00:00,501.0,516.75,500.0,516.5,33336.0
2025-02-19 15:00:00,502.5,518.75,502.0,504.5,28814.0
2025-02-19 16:00:00,504.25,518.75,501.5,516.25,20715.0
2025-02-19 17:00:00,501.5,516.75,496.75,512.0,24982.0
2025-02-19 18:00:00,512.0,512.75,496.25,512.0,16623.0
2025-02-19 19:00:00,497.25,512.75,496.5,512.0,18578.0
2025-02-20 01:00:00,497.75,513.5,497.5,499.0,0.0
2025-02-20 02:00:00,498.75,515.0,498.75,514.75,19.0
2025-02-20 03:00:00,500.5,515.0,500.0,514.25,2351.0
2025-02-20 04:00:00,514.25,514.75,499.75,500.25,174.0
2025-02-20 05:00:00,500.25,515.5,500.0,500.75,624.0
2025-02-20 06:00:00,515.25,517.0,500.5,516.5,1455.0
2025-02-20 07:00:00,516.5,516.5,501.25,516.5,1643.0
2025-02-20 08:00:00,516.5,517.0,501.5,501.5,1776.0
2025-02-20 09:00:00,501.5,517.0,501.0,501.75,920.0
2025-02-20 10:00:00,516.5,516.75,501.25,501.5,731.0
2025-02-20 11:00:00,501.5,516.75,501.25,516.75,0.0
2025-02-20 12:00:00,501.75,518.0,500.0,500.5,4231.0
2025-02-20 13:00:00,500.75,516.25,500.0,515.75,3014.0
2025-02-20 14:00:00,515.75,517.5,498.25,499.75,30617.0
2025-02-20 15:00:00,514.75,515.75,499.25,500.5,23532.0
2025-02-20 16:00:00,515.5,516.25,499.25,514.25,22510.0
2025-02-20 17:00:00,499.75,515.25,498.25,513.75,17376.0
2025-02-20 18:00:00,513.75,514.0,498.0,498.75,5393.0
2025-02-20 19:00:00,498.75,514.0,497.5,497.5,15159.0
2025-02-21 01:00:00,512.25,513.75,497.75,498.5,0.0
2025-02-21 02:00:00,513.0,513.75,498.25,499.0,1836.0
2025-02-21 03:00:00,499.0,513.75,498.5,498.75,90.0
2025-02-21 04:00:00,513.5,513.5,498.75,498.75,213.0
2025-02-21 05:00:00,498.75,513.5,498.5,513.0,2622.0
2025-02-21 06:00:00,498.5,513.25,497.75,512.75,669.0
2025-02-21 07:00:00,512.75,513.75,498.25,512.75,663.0
2025-02-21 08:00:00,512.75,513.25,497.5,512.25,4495.0
2025-02-21 09:00:00,512.25,512.75,497.5,512.5,2124.0
2025-02-21 10:00:00,512.25,512.75,497.25,498.0,0.0
2025-02-21 11:00:00,498.0,513.25,497.5,512.25,5160.0
2025-02-21 12:00:00,512.25,512.75,496.75,497.25,204.0
2025-02-21 13:00:00,512.0,512.75,497.0,498.0,2051.0
2025-02-21 14:00:00,512.75,512.75,494.0,508.0,46637.0
2025-02-21 15:00:00,508.25,508.75,492.25,506.75,40557.0
2025-02-21 16:00:00,507.0,507.75,492.75,507.0,26078.0
2025-02-21 17:00:00,493.25,507.25,491.75,506.5,30915.0
2025-02-21 18:00:00,492.5,507.0,491.5,505.25,20429.0
2025-02-21 19:00:00,491.5,505.75,490.0,504.75,40456.0
2025-02-24 01:00:00,504.5,505.25,489.5,504.0,3160.0
2025-02-24 02:00:00,503.75,504.5,489.25,503.75,0.0
2025-02-24 03:00:00,504.0,504.0,488.5,503.0,3259.0
2025-02-24 04:00:00,503.25,503.25,488.75,503.0,279.0
2025-02-24 05:00:00,503.0,503.0,488.0,488.25,0.0
2025-02-24 06:00:00,502.5,503.25,488.25,488.75,115.0
2025-02-24 07:00:00,503.0,503.5,488.25,503.25,4570.0
2025-02-24 08:00:00,503.0,503.0,486.5,501.5,13300.0
2025-02-24 09:00:00,501.25,501.75,486.75,487.0,0.0
2025-02-24 10:00:00,501.25,501.75,486.25,500.5,12502.0
2025-02-24 11:00:00,500.5,500.75,486.0,500.5,2220.0
2025-02-24 12:00:00,500.5,502.75,485.75,500.75,6325.0
2025-02-24 13:00:00,500.75,501.75,486.0,501.0,3874.0
2025-02-24 14:00:00,501.25,504.0,486.5,502.25,36424.0
2025-02-24 15:00:00,502.25,502.5,482.75,498.0,50485.0
2025-02-24 16:00:00,484.5,498.25,481.75,495.75,31829.0
2025-02-24 17:00:00,495.75,496.75,481.5,496.5,32472.0
2025-02-24 18:00:00,496.5,498.25,482.25,496.5,27665.0
2025-02-24 19:00:00,496.5,497.75,481.5,497.0,40940.0
2025-02-25 01:00:00,483.25,498.25,482.75,497.25,0.0
2025-02-25 02:00:00,497.25,498.0,483.25,483.5,0.0
2025-02-25 03:00:00,498.0,498.5,483.25,497.25,4417.0
2025-02-25 04:00:00,497.5,497.5,482.75,497.0,186.0
2025-02-25 05:00:00,497.25,498.0,483.0,483.5,0.0
2025-02-25 06:00:00,497.75,498.0,482.75,482.75,132.0
2025-02-25 07:00:00,482.75,497.75,481.75,496.0,6056.0
2025-02-25 08:00:00,496.0,497.25,481.75,496.5,2236.0
2025-02-25 09:00:00,496.5,496.75,481.5,481.5,0.0
2025-02-25 10:00:00,495.75,495.75,479.5,494.0,14365.0
2025-02-25 11:00:00,479.75,493.75,478.25,492.75,3480.0
2025-02-25 12:00:00,492.75,493.25,476.5,492.5,9638.0
2025-02-25 13:00:00,492.25,493.5,477.25,492.5,8255.0
2025-02-25 14:00:00,492.5,492.75,474.25,489.0,46833.0
2025-02-25 15:00:00,474.75,494.25,474.75,493.0,47338.0
2025-02-25 16:00:00,493.25,494.5,477.5,478.75,0.0
2025-02-25 17:00:00,493.0,493.0,477.0,491.5,114798.0
2025-02-25 18:00:00,491.75,493.5,477.25,493.5,18560.0
2025-02-25 19:00:00,493.5,495.25,478.75,480.5,26924.0
2025-02-26 01:00:00,495.0,495.75,479.5,494.5,0.0
2025-02-26 02:00:00,480.0,495.0,479.75,494.75,640.0
2025-02-26 03:00:00,495.0,495.0,479.75,494.75,314.0
2025-02-26 04:00:00,480.25,494.5,479.5,494.5,444.0
2025-02-26 05:00:00,494.5,494.5,479.0,494.0,332.0
2025-02-26 06:00:00,494.0,494.75,479.25,480.25,0.0
2025-02-26 07:00:00,494.5,494.75,479.5,479.75,67.0
2025-02-26 08:00:00,494.5,496.25,480.0,480.75,1547.0
2025-02-26 09:00:00,496.0,496.75,480.25,495.5,9060.0
2025-02-26 10:00:00,480.75,496.0,479.5,494.5,1206.0
2025-02-26 11:00:00,494.5,495.5,479.25,494.25,2579.0
2025-02-26 12:00:00,494.25,494.5,478.5,493.75,2773.0
2025-02-26 13:00:00,479.0,496.75,479.0,496.25,5701.0
2025-02-26 14:00:00,496.25,500.0,480.75,498.5,54523.0
2025-02-26 15:00:00,483.0,498.75,478.75,495.0,43494.0
2025-02-26 16:00:00,494.75,495.0,477.25,493.0,25375.0
2025-02-26 17:00:00,492.75,494.0,477.0,493.75,14055.0
2025-02-26 18:00:00,493.5,494.5,477.0,493.25,25462.0
2025-02-26 19:00:00,493.5,494.25,477.5,494.0,20094.0
2025-02-27 01:00:00,478.25,496.25,477.5,495.0,0.0
2025-02-27 02:00:00,495.0,495.5,480.0,494.5,1913.0
2025-02-27 03:00:00,494.75,495.25,479.5,494.5,371.0
2025-02-27 04:00:00,494.75,494.75,479.5,494.25,272.0
2025-02-27 05:00:00,494.25,494.25,478.0,493.75,1918.0
2025-02-27 06:00:00,493.75,494.5,478.75,478.75,0.0
2025-02-27 07:00:00,493.75,494.5,478.25,479.0,173.0
2025-02-27 08:00:00,494.0,495.0,478.75,494.5,10925.0
2025-02-27 09:00:00,494.75,496.25,479.25,495.25,2045.0
2025-02-27 10:00:00,495.25,495.5,479.25,494.75,1894.0
2025-02-27 11:00:00,494.75,494.75,478.0,493.0,2946.0
2025-02-27 12:00:00,493.0,494.75,477.75,493.75,5218.0
2025-02-27 13:00:00,493.75,494.25,475.0,490.5,13421.0
2025-02-27 14:00:00,475.0,490.25,468.75,485.25,56945.0
2025-02-27 15:00:00,485.5,488.0,469.5,485.0,42244.0
2025-02-27 16:00:00,485.0,485.75,468.25,484.0,54693.0
2025-02-27 17:00:00,484.0,484.0,466.25,482.0,30660.0
2025-02-27 18:00:00,482.0,482.75,464.25,481.75,48636.0
2025-02-27 19:00:00,481.75,482.0,463.75,481.0,31337.0
2025-02-28 01:00:00,481.25,483.0,465.5,482.0,0.0
2025-02-28 02:00:00,482.0,482.5,466.75,482.25,2411.0
2025-02-28 03:00:00,482.0,482.5,466.75,481.5,823.0
2025-02-28 04:00:00,481.75,482.0,466.5,481.75,262.0
2025-02-28 05:00:00,481.5,481.5,466.25,481.5,321.0
2025-02-28 06:00:00,481.25,481.5,481.0,481.0,828.0
2025-02-28 07:00:00,481.25,481.25,466.0,481.0,1207.0
2025-02-28 08:00:00,481.0,482.5,466.25,481.75,2547.0
2025-02-28 09:00:00,482.0,482.75,467.0,482.75,1836.0
2025-02-28 10:00:00,482.5,482.5,466.5,482.0,1088.0
2025-02-28 11:00:00,482.0,482.75,481.75,482.5,909.0
2025-02-28 12:00:00,482.5,482.5,465.75,481.5,2676.0
2025-02-28 13:00:00,481.75,483.75,466.0,482.75,5023.0
2025-02-28 14:00:00,483.0,483.25,460.75,477.25,43113.0
2025-02-28 15:00:00,477.25,478.0,457.25,472.75,54013.0
2025-02-28 16:00:00,473.0,473.25,453.5,472.75,55543.0
2025-02-28 17:00:00,473.0,473.75,455.25,471.5,24929.0
2025-02-28 18:00:00,471.25,472.75,454.75,470.75,27011.0
2025-02-28 19:00:00,470.75,470.75,453.0,469.5,35824.0
2025-03-03 01:00:00,469.75,472.75,455.25,471.5,5153.0
2025-03-03 02:00:00,471.5,472.25,455.75,471.5,1250.0
2025-03-03 03:00:00,471.5,471.5,453.5,470.0,2478.0
2025-03-03 04:00:00,470.0,470.25,453.25,470.0,833.0
2025-03-03 05:00:00,470.0,470.5,470.0,470.0,1180.0
2025-03-03 06:00:00,470.0,470.75,453.0,454.0,1384.0
2025-03-03 07:00:00,470.25,470.5,452.0,468.0,4680.0
2025-03-03 08:00:00,468.0,469.5,467.75,469.0,1838.0
2025-03-03 09:00:00,469.0,469.5,451.0,467.0,5541.0
2025-03-03 10:00:00,467.25,467.5,450.25,466.5,3236.0
2025-03-03 11:00:00,466.25,467.25,450.0,466.5,2991.0
2025-03-03 12:00:00,466.5,466.75,448.0,464.75,11551.0
2025-03-03 13:00:00,464.75,467.25,449.75,466.5,8590.0
2025-03-03 14:00:00,467.5,469.25,447.5,466.0,43350.0
2025-03-03 15:00:00,465.75,467.25,444.0,459.25,60035.0
2025-03-03 16:00:00,459.25,460.75,442.25,458.25,48782.0
2025-03-03 17:00:00,458.25,458.75,440.75,458.0,41406.0
2025-03-03 18:00:00,458.25,458.75,439.0,456.75,47596.0
2025-03-03 19:00:00,456.75,458.75,440.5,456.25,37195.0
2025-03-04 01:00:00,456.0,456.25,437.75,454.75,0.0
2025-03-04 02:00:00,454.75,457.25,454.25,456.75,4857.0
2025-03-04 03:00:00,457.0,459.25,457.0,458.25,4465.0
2025-03-04 04:00:00,458.25,458.75,457.5,457.5,457.0
2025-03-04 05:00:00,458.0,458.0,438.0,455.75,7250.0
2025-03-04 06:00:00,455.75,455.75,436.0,452.0,8465.0
2025-03-04 07:00:00,452.25,453.5,452.25,452.75,2637.0
2025-03-04 08:00:00,452.75,454.75,452.25,453.5,4530.0
2025-03-04 09:00:00,453.25,453.25,435.0,451.5,6132.0
2025-03-04 10:00:00,451.5,452.0,432.0,447.75,9657.0
2025-03-04 11:00:00,448.0,453.75,433.5,451.75,8901.0
2025-03-04 12:00:00,452.0,452.0,433.5,448.0,7932.0
2025-03-04 13:00:00,448.25,450.75,431.0,448.5,12765.0
2025-03-04 14:00:00,431.25,455.25,429.5,449.25,59962.0
2025-03-04 15:00:00,449.0,451.25,426.5,446.25,69977.0
2025-03-04 16:00:00,446.0,450.0,427.25,449.0,46141.0
2025-03-04 17:00:00,449.0,455.0,434.5,449.75,44791.0
2025-03-04 18:00:00,449.75,452.5,434.0,450.0,18937.0
2025-03-04 19:00:00,450.0,452.5,436.5,452.25,20471.0
2025-03-05 01:00:00,436.75,458.5,436.75,455.25,0.0
2025-03-05 02:00:00,455.25,456.5,438.0,453.75,2526.0
2025-03-05 03:00:00,453.5,454.75,437.25,454.5,2424.0
2025-03-05 04:00:00,454.5,456.25,439.75,455.75,2095.0
2025-03-05 05:00:00,455.75,456.25,455.25,455.5,1236.0
2025-03-05 06:00:00,455.75,455.75,439.25,455.0,1283.0
2025-03-05 07:00:00,455.0,456.0,454.75,455.75,1599.0
2025-03-05 08:00:00,455.5,457.75,455.5,457.5,4217.0
2025-03-05 09:00:00,457.25,457.5,456.0,456.25,3879.0
2025-03-05 10:00:00,456.0,456.5,454.75,455.75,3245.0
2025-03-05 11:00:00,455.75,457.5,440.0,456.0,4678.0
2025-03-05 12:00:00,456.0,458.25,455.75,457.75,5727.0
2025-03-05 13:00:00,457.75,460.5,440.0,456.25,11237.0
2025-03-05 14:00:00,457.0,457.75,435.25,450.25,44753.0
2025-03-05 15:00:00,450.25,453.5,433.25,453.0,43648.0
2025-03-05 16:00:00,453.25,458.75,437.75,458.5,32636.0
2025-03-05 17:00:00,458.25,458.5,439.25,455.25,23028.0
2025-03-05 18:00:00,455.25,457.25,440.5,455.75,23401.0
2025-03-05 19:00:00,455.75,458.0,440.25,456.25,25419.0
2025-03-06 01:00:00,457.0,461.5,443.5,458.75,0.0
2025-03-06 02:00:00,458.5,459.0,458.25,458.75,1647.0
2025-03-06 03:00:00,458.5,458.75,457.75,458.5,1045.0
2025-03-06 04:00:00,458.25,459.25,458.25,459.0,2078.0
2025-03-06 05:00:00,458.75,458.75,458.25,458.25,674.0
2025-03-06 06:00:00,458.25,459.0,457.75,458.5,1176.0
2025-03-06 07:00:00,458.75,458.75,458.0,458.25,1022.0
2025-03-06 08:00:00,458.25,458.5,457.5,458.0,1331.0
2025-03-06 09:00:00,457.75,459.5,457.25,459.0,4640.0
2025-03-06 10:00:00,459.0,459.0,457.75,458.25,1320.0
2025-03-06 11:00:00,458.25,458.5,457.5,458.25,982.0
2025-03-06 12:00:00,458.25,458.25,455.5,456.5,5398.0
2025-03-06 13:00:00,456.5,456.75,439.75,456.0,9740.0
2025-03-06 14:00:00,456.5,457.75,440.0,453.0,46918.0
2025-03-06 15:00:00,453.0,465.5,446.75,463.5,86466.0
2025-03-06 16:00:00,463.5,473.5,449.75,466.0,52969.0
2025-03-06 17:00:00,466.25,468.5,464.75,467.5,22268.0
2025-03-06 18:00:00,467.25,468.25,450.0,464.5,23399.0
2025-03-06 19:00:00,464.5,465.0,449.25,463.75,21004.0
2025-03-07 01:00:00,464.75,466.75,450.25,464.0,0.0
2025-03-07 02:00:00,464.0,464.75,449.5,464.5,1056.0
2025-03-07 03:00:00,464.5,464.5,462.5,462.75,1008.0
2025-03-07 04:00:00,462.5,463.0,462.5,462.75,197.0
2025-03-07 05:00:00,462.75,462.75,462.25,462.5,586.0
2025-03-07 06:00:00,462.75,462.75,462.0,462.25,307.0
2025-03-07 07:00:00,462.25,463.0,462.25,462.25,696.0
2025-03-07 08:00:00,462.25,462.75,460.75,462.25,3002.0
2025-03-07 09:00:00,462.5,465.5,462.25,464.25,3376.0
2025-03-07 10:00:00,464.5,465.25,464.0,464.75,2955.0
2025-03-07 11:00:00,465.0,465.0,463.75,463.75,866.0
2025-03-07 12:00:00,463.5,463.75,448.0,463.0,2346.0
2025-03-07 13:00:00,463.25,464.75,450.5,462.5,4580.0
2025-03-07 14:00:00,463.5,466.0,450.0,465.5,25631.0
2025-03-07 15:00:00,465.5,468.75,453.0,466.0,27934.0
2025-03-07 16:00:00,466.25,469.25,452.25,467.75,25684.0
2025-03-07 17:00:00,467.75,469.5,454.75,468.75,21531.0
2025-03-07 18:00:00,468.75,471.0,455.5,470.0,19021.0
2025-03-07 19:00:00,470.0,470.25,455.5,469.25,25242.0
2025-03-10 00:00:00,469.5,472.75,469.5,470.25,3409.0
2025-03-10 01:00:00,470.5,471.5,469.0,469.25,1702.0
2025-03-10 02:00:00,469.25,469.75,468.25,468.25,1360.0
2025-03-10 03:00:00,468.0,468.5,467.5,467.75,802.0
2025-03-10 04:00:00,467.75,468.0,467.5,467.75,195.0
2025-03-10 05:00:00,467.75,467.75,467.0,467.0,776.0
2025-03-10 06:00:00,467.0,467.5,466.5,467.5,1283.0
2025-03-10 07:00:00,467.75,468.0,466.75,467.25,987.0
2025-03-10 08:00:00,467.25,468.25,466.5,467.5,2549.0
2025-03-10 09:00:00,467.5,469.5,467.5,469.0,1465.0
2025-03-10 10:00:00,469.0,469.5,468.25,469.25,1346.0
2025-03-10 11:00:00,469.25,472.25,468.5,472.0,3141.0
2025-03-10 12:00:00,472.25,473.5,472.0,472.75,4710.0
2025-03-10 13:00:00,472.25,474.75,458.0,469.75,26422.0
2025-03-10 14:00:00,469.75,471.0,454.0,469.5,30049.0
2025-03-10 15:00:00,469.75,472.75,457.25,471.5,16891.0
2025-03-10 16:00:00,471.25,472.75,459.25,472.5,11412.0
2025-03-10 17:00:00,472.75,472.75,458.0,471.75,13003.0
2025-03-10 18:00:00,471.75,472.5,470.5,472.25,18827.0
2025-03-11 00:00:00,472.0,472.5,458.0,471.75,0.0
2025-03-11 01:00:00,471.75,471.75,471.0,471.25,328.0
2025-03-11 02:00:00,471.0,471.5,471.0,471.0,463.0
2025-03-11 03:00:00,471.25,471.25,470.75,471.25,313.0
2025-03-11 04:00:00,471.25,471.75,470.75,470.75,147.0
2025-03-11 05:00:00,470.75,471.0,470.75,471.0,72.0
2025-03-11 06:00:00,471.0,471.75,470.25,471.5,978.0
2025-03-11 07:00:00,471.5,473.5,471.5,473.0,1542.0
2025-03-11 08:00:00,473.0,474.75,473.0,474.5,2151.0
2025-03-11 09:00:00,474.75,474.75,473.0,473.0,1911.0
2025-03-11 10:00:00,473.0,475.0,473.0,474.5,2283.0
2025-03-11 11:00:00,474.5,475.5,473.75,474.5,3056.0
2025-03-11 12:00:00,474.75,475.5,474.25,474.5,3633.0
2025-03-11 13:00:00,474.25,476.5,461.75,476.25,26105.0
2025-03-11 14:00:00,476.5,477.5,463.5,476.0,21385.0
2025-03-11 15:00:00,475.75,476.75,474.25,476.0,23417.0
2025-03-11 16:00:00,475.5,476.5,459.75,475.25,34734.0
2025-03-11 17:00:00,475.25,476.0,472.5,472.5,20441.0
2025-03-11 18:00:00,472.5,472.5,469.0,469.25,29340.0
2025-03-12 00:00:00,469.25,472.0,469.25,470.25,0.0
2025-03-12 01:00:00,470.5,470.5,470.0,470.0,494.0
2025-03-12 02:00:00,470.0,470.5,469.75,470.0,308.0
2025-03-12 03:00:00,470.0,470.25,469.75,470.25,236.0
2025-03-12 04:00:00,469.75,470.25,469.75,470.25,200.0
2025-03-12 05:00:00,470.25,470.25,470.0,470.25,422.0
2025-03-12 06:00:00,470.25,470.75,468.75,468.75,1854.0
2025-03-12 07:00:00,468.75,469.0,467.25,467.5,3341.0
2025-03-12 08:00:00,467.75,468.0,466.0,466.25,3536.0
2025-03-12 09:00:00,466.25,466.25,464.0,464.0,5126.0
2025-03-12 10:00:00,464.0,464.75,462.75,463.0,5119.0
2025-03-12 11:00:00,463.0,463.75,462.0,463.75,5370.0
2025-03-12 12:00:00,463.5,463.75,461.25,461.25,6864.0
2025-03-12 13:00:00,461.75,465.75,460.25,463.25,37559.0
2025-03-12 14:00:00,463.25,463.75,458.25,460.5,34541.0
2025-03-12 15:00:00,460.25,460.25,456.25,456.75,38456.0
2025-03-12 16:00:00,456.75,459.75,456.25,458.0,23833.0
2025-03-12 17:00:00,458.25,460.5,458.0,459.5,17168.0
2025-03-12 18:00:00,459.5,462.0,459.0,461.5,24803.0
2025-03-13 00:00:00,461.5,461.75,459.5,460.0,0.0
2025-03-13 01:00:00,460.0,460.75,459.5,460.75,785.0
2025-03-13 02:00:00,460.75,461.5,460.75,461.0,595.0
2025-03-13 03:00:00,461.0,461.5,460.75,461.25,197.0
2025-03-13 04:00:00,461.0,461.25,460.5,460.5,426.0
2025-03-13 05:00:00,460.75,461.0,460.0,460.75,242.0
2025-03-13 06:00:00,460.75,462.0,460.75,461.75,657.0
2025-03-13 07:00:00,461.75,463.25,461.75,462.5,2321.0
2025-03-13 08:00:00,462.5,463.75,462.5,463.5,887.0
2025-03-13 09:00:00,463.5,464.75,463.5,464.5,2330.0
2025-03-13 10:00:00,464.5,465.5,464.0,465.0,5237.0
2025-03-13 11:00:00,464.75,465.5,464.25,465.25,1544.0
2025-03-13 12:00:00,465.0,465.75,464.0,464.5,3378.0
2025-03-13 13:00:00,464.75,469.75,463.75,469.75,30548.0
2025-03-13 14:00:00,469.5,470.0,467.0,469.5,28404.0
2025-03-13 15:00:00,469.5,469.75,465.25,467.0,23899.0
2025-03-13 16:00:00,467.0,468.5,465.75,466.5,28035.0
2025-03-13 17:00:00,466.5,467.25,465.25,466.5,15822.0
2025-03-13 18:00:00,466.25,466.5,463.75,464.0,20830.0
2025-03-14 00:00:00,463.25,463.5,460.25,461.0,0.0
2025-03-14 01:00:00,461.25,461.5,460.0,461.0,16138.0
2025-03-14 02:00:00,461.0,461.5,460.5,460.75,1634.0
2025-03-14 03:00:00,460.75,461.75,460.75,461.25,899.0
2025-03-14 04:00:00,461.5,461.5,460.75,461.0,432.0
2025-03-14 05:00:00,461.25,462.25,461.0,462.0,461.0
2025-03-14 06:00:00,462.0,462.25,461.25,461.5,757.0
2025-03-14 07:00:00,461.5,461.5,460.75,461.0,731.0
2025-03-14 08:00:00,461.0,461.0,459.5,459.75,3551.0
2025-03-14 09:00:00,459.75,460.25,459.0,459.5,2682.0
2025-03-14 10:00:00,459.75,460.75,459.0,459.0,2677.0
2025-03-14 11:00:00,459.25,460.0,458.75,459.0,3686.0
2025-03-14 12:00:00,459.0,461.25,458.75,461.0,12199.0
2025-03-14 13:00:00,461.25,461.75,457.0,457.5,30632.0
2025-03-14 14:00:00,457.5,459.75,456.5,459.25,40244.0
2025-03-14 15:00:00,459.25,459.5,457.0,457.25,38438.0
2025-03-14 16:00:00,457.0,459.25,456.75,458.25,24037.0
2025-03-14 17:00:00,458.25,459.5,457.25,458.5,20835.0
2025-03-14 18:00:00,458.5,459.25,458.25,458.75,18516.0
2025-03-17 00:00:00,460.0,464.0,459.75,462.75,5113.0
2025-03-17 01:00:00,462.75,463.5,462.0,462.25,913.0
2025-03-17 02:00:00,462.5,462.75,462.0,462.5,264.0
2025-03-17 03:00:00,462.25,463.0,462.25,462.75,207.0
2025-03-17 04:00:00,462.5,463.0,462.5,462.75,206.0
2025-03-17 05:00:00,462.75,463.0,462.5,462.75,571.0
2025-03-17 06:00:00,463.0,463.0,462.25,462.75,516.0
2025-03-17 07:00:00,462.75,463.25,462.5,462.75,977.0
2025-03-17 08:00:00,462.75,463.25,462.5,463.25,1190.0
2025-03-17 09:00:00,463.25,463.75,462.75,463.25,1750.0
2025-03-17 10:00:00,463.25,463.75,462.0,463.25,2051.0
2025-03-17 11:00:00,463.0,465.0,462.5,464.75,5517.0
2025-03-17 12:00:00,464.75,465.5,463.5,464.0,3914.0
2025-03-17 13:00:00,464.25,465.0,461.5,461.75,21625.0
2025-03-17 14:00:00,461.5,463.5,460.75,461.5,21090.0
2025-03-17 15:00:00,461.75,463.0,460.25,461.5,23550.0
2025-03-17 16:00:00,461.25,461.5,457.25,458.5,35095.0
2025-03-17 17:00:00,458.5,460.25,457.5,460.0,18068.0
2025-03-17 18:00:00,460.0,461.5,460.0,460.5,20886.0
2025-03-18 00:00:00,461.0,462.5,460.25,461.75,0.0
2025-03-18 01:00:00,461.75,462.25,461.0,461.0,2997.0
2025-03-18 02:00:00,461.0,461.5,460.5,460.75,605.0
2025-03-18 03:00:00,461.0,461.0,460.25,460.5,979.0
2025-03-18 04:00:00,460.5,460.5,460.25,460.5,298.0
2025-03-18 05:00:00,460.25,460.5,458.5,458.5,2252.0
2025-03-18 06:00:00,458.75,459.0,458.0,458.5,1073.0
2025-03-18 07:00:00,458.5,459.25,458.25,459.0,975.0
2025-03-18 08:00:00,459.0,459.0,457.75,457.75,2181.0
2025-03-18 09:00:00,458.0,458.0,455.5,455.75,4744.0
2025-03-18 10:00:00,456.0,457.5,456.0,457.25,1831.0
2025-03-18 11:00:00,457.0,457.75,457.0,457.5,3023.0
2025-03-18 12:00:00,457.5,459.0,457.25,458.75,2310.0
2025-03-18 13:00:00,459.5,461.75,457.5,457.75,26236.0
2025-03-18 14:00:00,458.0,459.0,455.25,458.0,41108.0
2025-03-18 15:00:00,458.25,461.25,458.25,459.0,20193.0
2025-03-18 16:00:00,458.75,460.5,457.0,458.0,17688.0
2025-03-18 17:00:00,458.25,459.5,457.25,458.5,18613.0
2025-03-18 18:00:00,458.5,459.25,457.75,457.75,14340.0
2025-03-19 00:00:00,458.25,458.25,455.75,457.0,0.0
2025-03-19 01:00:00,457.0,457.5,456.75,457.25,1310.0
2025-03-19 02:00:00,457.25,458.0,457.25,457.5,789.0
2025-03-19 03:00:00,457.5,457.5,457.0,457.25,335.0
2025-03-19 04:00:00,457.0,457.25,457.0,457.0,58.0
2025-03-19 05:00:00,457.0,457.25,456.75,456.75,1047.0
2025-03-19 06:00:00,457.0,457.0,456.25,456.75,807.0
2025-03-19 07:00:00,456.75,457.0,456.25,456.5,1047.0
2025-03-19 08:00:00,456.5,458.75,456.5,458.25,2368.0
2025-03-19 09:00:00,458.25,458.5,457.0,457.75,1047.0
2025-03-19 10:00:00,458.0,459.25,457.25,459.0,4753.0
2025-03-19 11:00:00,459.0,459.5,456.75,456.75,3240.0
2025-03-19 12:00:00,457.0,458.0,456.5,457.75,2281.0
2025-03-19 13:00:00,457.5,460.5,456.5,459.75,23395.0
2025-03-19 14:00:00,459.75,463.0,459.0,461.5,33755.0
2025-03-19 15:00:00,461.5,462.5,458.75,459.5,37408.0
2025-03-19 16:00:00,459.25,462.0,458.25,460.75,17427.0
2025-03-19 17:00:00,461.0,462.5,460.5,461.25,18636.0
2025-03-19 18:00:00,461.0,462.5,460.75,462.0,19139.0
2025-03-20 00:00:00,462.0,464.5,462.0,464.0,0.0
2025-03-20 01:00:00,464.25,464.5,463.75,464.25,4312.0
2025-03-20 02:00:00,464.25,465.75,464.25,465.25,2656.0
2025-03-20 03:00:00,465.25,465.5,464.75,465.25,584.0
2025-03-20 04:00:00,465.0,465.25,464.75,464.75,154.0
2025-03-20 05:00:00,464.75,464.75,464.0,464.0,428.0
2025-03-20 06:00:00,464.0,464.5,463.5,463.5,1983.0
2025-03-20 07:00:00,463.5,464.0,463.25,464.0,743.0
2025-03-20 08:00:00,464.0,464.25,463.5,464.0,1168.0
2025-03-20 09:00:00,464.0,464.25,463.25,463.5,1400.0
2025-03-20 10:00:00,463.5,463.75,462.25,462.5,2082.0
2025-03-20 11:00:00,462.5,464.75,462.25,464.25,2885.0
2025-03-20 12:00:00,464.0,466.0,463.5,465.5,8462.0
2025-03-20 13:00:00,465.75,467.5,464.75,467.25,35309.0
2025-03-20 14:00:00,467.0,467.75,465.0,465.5,23867.0
2025-03-20 15:00:00,465.5,467.5,464.25,466.75,28112.0
2025-03-20 16:00:00,467.0,468.0,465.75,468.0,21664.0
2025-03-20 17:00:00,468.0,470.25,467.5,469.5,33715.0
2025-03-20 18:00:00,469.5,469.75,467.5,467.75,19129.0
2025-03-21 00:00:00,467.25,468.75,466.75,467.25,0.0
2025-03-21 01:00:00,467.0,467.25,466.25,466.5,1001.0
2025-03-21 02:00:00,466.5,466.75,466.25,466.5,638.0
2025-03-21 03:00:00,466.25,466.5,466.0,466.25,499.0
2025-03-21 04:00:00,466.5,467.0,466.25,466.75,611.0
2025-03-21 05:00:00,466.5,466.75,466.0,466.25,323.0
2025-03-21 06:00:00,466.0,466.5,466.0,466.25,170.0
2025-03-21 07:00:00,466.5,467.75,466.5,467.75,1033.0
2025-03-21 08:00:00,467.75,467.75,466.25,467.0,1159.0
2025-03-21 09:00:00,467.0,468.5,466.5,468.0,1203.0
2025-03-21 10:00:00,468.0,469.5,468.0,468.5,2131.0
2025-03-21 11:00:00,468.5,469.0,468.0,469.0,1563.0
2025-03-21 12:00:00,468.75,468.75,466.75,468.25,4865.0
2025-03-21 13:00:00,468.25,469.75,466.5,468.5,39836.0
2025-03-21 14:00:00,468.25,468.25,462.75,463.5,30760.0
2025-03-21 15:00:00,463.5,464.5,461.75,462.0,19753.0
2025-03-21 16:00:00,462.25,463.75,461.25,463.5,17179.0
2025-03-21 17:00:00,463.75,465.0,463.5,464.0,12129.0
2025-03-21 18:00:00,464.0,465.0,463.0,463.0,25418.0
2025-03-24 00:00:00,465.0,466.25,463.25,463.5,3664.0
2025-03-24 01:00:00,463.5,463.75,463.0,463.0,538.0
2025-03-24 02:00:00,463.0,463.25,462.5,463.0,336.0
2025-03-24 03:00:00,463.0,463.25,462.75,463.0,317.0
2025-03-24 04:00:00,463.0,463.25,463.0,463.25,1472.0
2025-03-24 05:00:00,463.25,463.75,463.0,463.75,289.0
2025-03-24 06:00:00,463.5,463.5,462.75,463.25,173.0
2025-03-24 07:00:00,463.25,463.25,462.75,463.0,284.0
2025-03-24 08:00:00,462.75,463.25,461.0,461.25,3040.0
2025-03-24 09:00:00,461.25,462.25,461.0,462.0,933.0
2025-03-24 10:00:00,462.25,463.5,461.5,461.75,2700.0
2025-03-24 11:00:00,462.0,462.0,460.0,461.25,4306.0
2025-03-24 12:00:00,461.25,462.25,460.25,462.25,2692.0
2025-03-24 13:00:00,462.25,464.0,459.5,462.0,19958.0
2025-03-24 14:00:00,462.0,462.75,460.25,461.25,13617.0
2025-03-24 15:00:00,461.5,464.25,461.25,463.5,13364.0
2025-03-24 16:00:00,463.5,466.0,463.5,465.25,17764.0
2025-03-24 17:00:00,465.25,465.5,463.0,464.5,10797.0
2025-03-24 18:00:00,464.25,465.0,463.75,464.5,12956.0
2025-03-25 00:00:00,464.5,464.5,463.0,463.0,0.0
2025-03-25 01:00:00,463.25,464.25,463.25,464.25,714.0
2025-03-25 02:00:00,464.25,464.5,463.75,463.75,270.0
2025-03-25 03:00:00,463.75,464.25,463.75,464.25,168.0
2025-03-25 04:00:00,464.25,464.5,464.0,464.0,240.0
2025-03-25 05:00:00,464.0,464.5,464.0,464.25,97.0
2025-03-25 06:00:00,464.25,464.5,464.25,464.5,324.0
2025-03-25 07:00:00,464.5,464.75,464.25,464.5,278.0
2025-03-25 08:00:00,464.75,464.75,463.25,463.5,489.0
2025-03-25 09:00:00,463.75,463.75,463.0,463.5,1239.0
2025-03-25 10:00:00,463.5,463.75,461.75,463.25,2241.0
2025-03-25 11:00:00,463.25,463.25,461.5,462.0,2090.0
2025-03-25 12:00:00,461.75,462.25,460.5,461.25,3693.0
2025-03-25 13:00:00,461.25,462.0,458.25,458.75,22369.0
2025-03-25 14:00:00,458.75,460.0,457.5,458.25,26188.0
2025-03-25 15:00:00,458.5,459.25,457.0,458.0,22575.0
2025-03-25 16:00:00,458.25,458.5,457.0,457.75,14156.0
2025-03-25 17:00:00,458.0,459.75,457.75,458.25,17108.0
2025-03-25 18:00:00,458.25,458.75,457.5,458.5,17279.0
2025-03-26 00:00:00,458.75,459.0,458.0,458.25,0.0
2025-03-26 01:00:00,458.25,458.25,457.5,458.25,616.0
2025-03-26 02:00:00,458.25,458.5,457.25,457.75,576.0
2025-03-26 03:00:00,457.5,457.5,457.25,457.25,307.0
2025-03-26 04:00:00,457.25,457.5,457.25,457.5,17.0
2025-03-26 05:00:00,457.25,457.5,457.0,457.5,364.0
2025-03-26 06:00:00,457.5,458.25,457.5,458.0,526.0
2025-03-26 07:00:00,458.0,459.25,458.0,458.5,941.0
2025-03-26 08:00:00,458.5,459.75,458.25,459.0,687.0
2025-03-26 09:00:00,459.0,459.0,457.75,458.25,1489.0
2025-03-26 10:00:00,458.5,459.0,458.0,458.75,781.0
2025-03-26 11:00:00,458.5,459.75,458.25,458.75,1587.0
2025-03-26 12:00:00,458.5,459.25,457.75,458.75,4301.0
2025-03-26 13:00:00,458.5,461.0,457.5,459.25,20095.0
2025-03-26 14:00:00,459.5,460.0,456.0,456.0,19913.0
2025-03-26 15:00:00,456.0,456.25,454.0,455.25,20722.0
2025-03-26 16:00:00,455.5,457.25,454.5,455.25,14881.0
2025-03-26 17:00:00,455.25,455.5,451.0,451.25,23122.0
2025-03-26 18:00:00,451.25,452.0,450.75,451.5,22577.0
2025-03-27 00:00:00,451.75,452.5,451.0,451.0,0.0
2025-03-27 01:00:00,451.0,451.25,450.5,451.25,1454.0
2025-03-27 02:00:00,451.25,451.5,451.0,451.5,365.0
2025-03-27 03:00:00,451.5,451.75,451.5,451.5,706.0
2025-03-27 04:00:00,451.5,451.75,451.25,451.5,105.0
2025-03-27 05:00:00,451.5,451.5,451.0,451.0,211.0
2025-03-27 06:00:00,451.0,451.25,450.25,450.25,1661.0
2025-03-27 07:00:00,450.25,450.5,450.0,450.25,860.0
2025-03-27 08:00:00,450.25,450.75,450.0,450.5,770.0
2025-03-27 09:00:00,450.75,452.75,450.5,452.5,3760.0
2025-03-27 10:00:00,452.5,452.5,451.5,451.75,1129.0
2025-03-27 11:00:00,451.75,452.75,451.25,452.0,3797.0
2025-03-27 12:00:00,452.0,452.75,450.5,452.0,7394.0
2025-03-27 13:00:00,452.0,452.5,447.25,451.75,28758.0
2025-03-27 14:00:00,452.0,452.0,447.75,448.75,24346.0
2025-03-27 15:00:00,448.75,450.5,448.0,450.25,15155.0
2025-03-27 16:00:00,450.5,451.0,448.25,448.25,16382.0
2025-03-27 17:00:00,448.5,449.0,447.75,448.5,17153.0
2025-03-27 18:00:00,448.75,450.5,448.25,450.0,27245.0
2025-03-28 00:00:00,450.25,450.25,448.5,448.75,0.0
2025-03-28 01:00:00,449.0,449.0,448.25,448.25,386.0
2025-03-28 02:00:00,448.5,448.75,447.5,447.5,1137.0
2025-03-28 03:00:00,447.5,447.75,447.25,447.5,450.0
2025-03-28 04:00:00,447.5,447.5,447.25,447.5,340.0
2025-03-28 05:00:00,447.5,447.5,447.0,447.25,1341.0
2025-03-28 06:00:00,447.25,447.5,446.75,447.0,1032.0
2025-03-28 07:00:00,447.0,447.25,446.0,446.0,1867.0
2025-03-28 08:00:00,446.25,446.75,445.75,446.0,1753.0
2025-03-28 09:00:00,446.0,446.5,445.75,446.0,1084.0
2025-03-28 10:00:00,446.25,446.75,446.0,446.0,1493.0
2025-03-28 11:00:00,446.0,446.0,445.0,445.25,2434.0
2025-03-28 12:00:00,445.25,445.75,445.0,445.25,6996.0
2025-03-28 13:00:00,445.5,445.75,442.0,443.25,36273.0
2025-03-28 14:00:00,443.25,447.75,442.75,446.75,33592.0
2025-03-28 15:00:00,447.0,449.75,446.5,448.25,37522.0
2025-03-28 16:00:00,448.0,451.5,447.75,451.25,16872.0
2025-03-28 17:00:00,451.25,453.25,450.5,453.0,20556.0
2025-03-28 18:00:00,453.0,454.0,452.25,453.0,17947.0
2025-03-31 00:00:00,453.0,453.25,450.75,451.25,6891.0
2025-03-31 01:00:00,451.25,453.25,451.25,453.0,2174.0
2025-03-31 02:00:00,452.75,453.5,452.75,453.5,811.0
2025-03-31 03:00:00,453.25,454.0,453.0,453.75,848.0
2025-03-31 04:00:00,453.75,454.25,453.5,454.0,580.0
2025-03-31 05:00:00,454.25,455.0,454.0,454.75,873.0
2025-03-31 06:00:00,455.0,455.5,454.5,455.25,2319.0
2025-03-31 07:00:00,455.25,455.5,453.75,455.0,1728.0
2025-03-31 08:00:00,454.75,455.5,454.0,455.25,1589.0
2025-03-31 09:00:00,455.25,456.0,453.75,454.25,3208.0
2025-03-31 10:00:00,454.0,454.25,453.5,453.5,1053.0
2025-03-31 11:00:00,453.75,454.0,452.5,453.75,2456.0
2025-03-31 12:00:00,454.0,454.5,451.75,452.25,4514.0
2025-03-31 13:00:00,452.25,453.5,449.75,450.0,23097.0
2025-03-31 14:00:00,450.25,452.75,449.0,449.5,20580.0
2025-03-31 15:00:00,449.75,451.0,448.0,448.5,22987.0
2025-03-31 16:00:00,448.5,459.25,444.0,456.25,107507.0
2025-03-31 17:00:00,456.5,458.5,455.5,457.5,18066.0
2025-03-31 18:00:00,457.25,458.0,456.0,457.75,30809.0
2025-04-01 00:00:00,457.75,458.0,456.0,457.0,0.0
2025-04-01 01:00:00,457.0,457.0,455.75,456.0,4415.0
2025-04-01 02:00:00,456.25,457.0,456.25,456.75,184.0
2025-04-01 03:00:00,457.0,457.0,456.75,456.75,407.0
2025-04-01 04:00:00,456.75,457.25,456.75,457.25,81.0
2025-04-01 05:00:00,457.25,457.25,456.75,456.75,917.0
2025-04-01 06:00:00,456.75,457.75,456.75,457.0,579.0
2025-04-01 07:00:00,456.75,463.0,454.0,455.5,4662.0
2025-04-01 08:00:00,455.5,463.25,454.75,463.0,0.0
2025-04-01 09:00:00,456.0,466.0,456.0,465.5,6340.0
2025-04-01 10:00:00,465.75,468.25,459.0,468.0,40.0
2025-04-01 11:00:00,461.75,468.75,460.5,461.5,6635.0
2025-04-01 12:00:00,468.0,469.5,460.5,461.0,5439.0
2025-04-01 13:00:00,461.0,470.75,461.0,462.5,31116.0
2025-04-01 14:00:00,462.5,470.0,460.75,462.0,24808.0
2025-04-01 15:00:00,462.0,469.25,459.5,462.0,15066.0
2025-04-01 16:00:00,462.0,469.75,460.75,461.5,14719.0
2025-04-01 17:00:00,468.0,468.25,459.75,460.0,16978.0
2025-04-01 18:00:00,460.0,468.25,459.5,466.5,0.0
2025-04-02 00:00:00,466.5,467.75,458.75,459.25,0.0
2025-04-02 01:00:00,459.25,466.0,458.75,459.25,724.0
2025-04-02 02:00:00,465.5,465.75,458.75,465.25,0.0
2025-04-02 03:00:00,459.0,465.75,458.5,459.0,3157.0
2025-04-02 04:00:00,465.25,465.25,457.5,458.0,2514.0
2025-04-02 05:00:00,458.0,464.25,457.25,457.75,1104.0
2025-04-02 06:00:00,464.25,465.25,457.75,464.5,0.0
2025-04-02 07:00:00,464.25,464.25,455.5,455.75,9416.0
2025-04-02 08:00:00,456.0,463.25,455.5,462.75,0.0
2025-04-02 09:00:00,455.75,463.0,454.75,455.0,8873.0
2025-04-02 10:00:00,462.0,462.25,454.5,455.25,3000.0
2025-04-02 11:00:00,462.25,463.75,455.25,463.5,0.0
2025-04-02 12:00:00,463.25,463.25,454.75,455.5,19047.0
2025-04-02 13:00:00,463.0,464.75,454.0,464.25,4360.0
2025-04-02 14:00:00,464.5,466.25,455.75,465.0,17587.0
2025-04-02 15:00:00,457.25,466.0,456.0,458.25,43777.0
2025-04-02 16:00:00,458.5,466.5,457.0,465.0,0.0
2025-04-02 17:00:00,457.5,465.75,456.75,465.5,7898.0
2025-04-02 18:00:00,458.0,466.0,457.25,457.5,51671.0
2025-04-03 00:00:00,450.0,461.0,447.5,451.75,0.0
2025-04-03 01:00:00,451.75,460.5,451.75,459.5,1246.0
2025-04-03 02:00:00,452.0,461.0,451.25,460.75,613.0
2025-04-03 03:00:00,453.0,460.75,452.75,453.25,227.0
2025-04-03 04:00:00,453.5,461.0,452.5,452.5,540.0
2025-04-03 05:00:00,452.5,460.5,452.0,452.25,656.0
2025-04-03 06:00:00,460.0,460.0,451.0,459.5,0.0
2025-04-03 07:00:00,459.5,459.5,450.75,451.5,3715.0
2025-04-03 08:00:00,451.25,460.0,451.25,459.25,0.0
2025-04-03 09:00:00,459.25,460.5,451.5,452.25,1501.0
2025-04-03 10:00:00,452.0,460.0,449.0,457.0,2284.0
2025-04-03 11:00:00,449.25,458.5,448.5,450.75,10851.0
2025-04-03 12:00:00,450.5,458.25,448.75,458.0,5434.0
2025-04-03 13:00:00,457.75,464.0,448.5,454.5,29473.0
2025-04-03 14:00:00,462.0,469.0,454.0,461.25,29037.0
2025-04-03 15:00:00,461.0,469.5,458.5,468.5,0.0
2025-04-03 16:00:00,468.5,468.5,457.75,458.0,43673.0
2025-04-03 17:00:00,465.25,466.5,454.75,457.5,24628.0
2025-04-03 18:00:00,457.75,466.5,456.5,458.5,15255.0
2025-04-04 00:00:00,465.5,467.0,457.5,458.0,0.0
2025-04-04 01:00:00,458.0,466.25,457.75,458.25,482.0
2025-04-04 02:00:00,458.25,466.0,457.75,458.0,714.0
2025-04-04 03:00:00,458.25,465.75,458.0,458.25,155.0
2025-04-04 04:00:00,465.75,466.75,458.0,459.0,268.0
2025-04-04 05:00:00,459.0,467.0,458.75,459.0,302.0
2025-04-04 06:00:00,459.0,466.75,457.0,457.0,1871.0
2025-04-04 07:00:00,465.0,465.0,456.25,456.5,1048.0
2025-04-04 08:00:00,456.5,466.0,456.5,456.5,6223.0
2025-04-04 09:00:00,456.5,467.25,456.5,466.75,0.0
2025-04-04 10:00:00,467.0,467.0,449.25,452.25,19203.0
2025-04-04 11:00:00,460.0,461.5,450.25,452.5,4288.0
2025-04-04 12:00:00,452.25,460.75,451.25,460.0,0.0
2025-04-04 13:00:00,453.0,460.75,450.0,451.5,35888.0
2025-04-04 14:00:00,451.5,461.25,450.5,451.5,19778.0
2025-04-04 15:00:00,459.25,468.25,451.5,456.5,37000.0
2025-04-04 16:00:00,464.25,469.5,456.75,468.75,0.0
2025-04-04 17:00:00,468.75,469.25,459.25,460.25,75267.0
2025-04-04 18:00:00,460.0,467.75,459.0,460.5,21696.0
2025-04-07 00:00:00,462.75,466.5,454.25,457.75,5300.0
2025-04-07 01:00:00,458.0,467.5,457.5,466.25,0.0
2025-04-07 02:00:00,459.0,467.75,458.75,467.0,630.0
2025-04-07 03:00:00,459.75,467.0,459.25,459.5,4755.0
2025-04-07 04:00:00,466.75,467.75,459.75,467.5,0.0
2025-04-07 05:00:00,460.5,468.25,460.0,461.0,5807.0
2025-04-07 06:00:00,461.25,468.75,459.75,460.75,986.0
2025-04-07 07:00:00,460.75,468.25,458.5,458.5,1327.0
2025-04-07 08:00:00,458.25,467.0,457.75,466.25,0.0
2025-04-07 09:00:00,459.0,466.0,457.25,464.75,9369.0
2025-04-07 10:00:00,457.5,466.25,457.25,465.5,0.0
2025-04-07 11:00:00,465.5,466.5,458.0,465.75,773.0
2025-04-07 12:00:00,458.5,468.0,458.5,459.25,13912.0
2025-04-07 13:00:00,466.5,469.0,458.0,462.5,19970.0
2025-04-07 14:00:00,462.5,473.75,460.75,462.0,52056.0
2025-04-07 15:00:00,468.5,470.0,458.5,466.0,0.0
2025-04-07 16:00:00,466.0,469.0,458.25,468.0,9396.0
2025-04-07 17:00:00,468.25,470.75,461.0,463.75,77847.0
2025-04-07 18:00:00,463.75,471.5,463.25,471.0,0.0
2025-04-08 00:00:00,464.5,473.0,462.75,465.5,0.0
2025-04-08 01:00:00,472.0,472.25,464.5,465.5,0.0
2025-04-08 02:00:00,465.75,473.0,465.5,466.5,2625.0
2025-04-08 03:00:00,473.0,473.5,466.0,466.75,950.0
2025-04-08 04:00:00,467.0,473.75,466.75,467.0,575.0
2025-04-08 05:00:00,467.25,474.0,466.25,467.5,590.0
2025-04-08 06:00:00,474.0,474.75,467.25,468.0,2855.0
2025-04-08 07:00:00,467.75,474.0,466.5,466.75,1397.0
2025-04-08 08:00:00,473.5,474.75,466.75,468.0,1252.0
2025-04-08 09:00:00,468.0,474.5,466.75,473.5,0.0
2025-04-08 10:00:00,473.5,473.5,466.0,472.5,693.0
2025-04-08 11:00:00,466.0,473.5,465.75,466.75,8454.0
2025-04-08 12:00:00,473.0,473.75,465.75,466.75,2624.0
2025-04-08 13:00:00,467.0,476.25,465.75,466.25,41914.0
2025-04-08 14:00:00,466.5,473.25,463.25,465.25,29876.0
2025-04-08 15:00:00,465.25,473.5,465.0,472.25,8863.0
2025-04-08 16:00:00,466.75,473.75,465.75,473.5,21207.0
2025-04-08 17:00:00,473.5,474.75,467.75,468.5,58208.0
2025-04-08 18:00:00,474.25,475.0,468.0,469.0,42615.0
2025-04-09 00:00:00,474.0,477.0,468.0,476.0,0.0
2025-04-09 01:00:00,476.0,476.75,470.0,476.0,442.0
2025-04-09 02:00:00,470.25,476.0,469.5,470.0,3509.0
2025-04-09 03:00:00,470.25,476.0,469.25,469.5,278.0
2025-04-09 04:00:00,469.25,475.25,466.75,467.75,2440.0
2025-04-09 05:00:00,467.75,474.75,467.5,468.25,754.0
2025-04-09 06:00:00,468.25,474.25,466.75,467.25,1227.0
2025-04-09 07:00:00,467.25,476.0,467.25,468.75,2215.0
2025-04-09 08:00:00,475.0,476.5,468.25,470.25,1322.0
2025-04-09 09:00:00,470.25,476.25,469.0,469.5,1112.0
2025-04-09 10:00:00,475.5,477.75,469.0,470.75,2335.0
2025-04-09 11:00:00,470.75,476.75,465.75,476.0,0.0
2025-04-09 12:00:00,476.0,478.75,469.5,471.75,21948.0
2025-04-09 13:00:00,477.75,479.0,468.25,470.75,28928.0
2025-04-09 14:00:00,477.0,478.0,466.0,474.75,14613.0
2025-04-09 15:00:00,468.25,475.75,466.75,475.5,14555.0
2025-04-09 16:00:00,469.0,475.75,466.5,468.25,36207.0
2025-04-09 17:00:00,475.0,481.0,467.5,480.0,9316.0
2025-04-09 18:00:00,480.0,481.25,473.25,480.5,74239.0
2025-04-10 00:00:00,480.0,482.75,473.0,474.25,0.0
2025-04-10 01:00:00,474.25,481.25,473.25,480.5,758.0
2025-04-10 02:00:00,473.75,480.75,473.25,473.75,1050.0
2025-04-10 03:00:00,480.5,480.75,473.75,474.25,222.0
2025-04-10 04:00:00,480.5,480.5,473.75,474.0,173.0
2025-04-10 05:00:00,474.25,481.25,474.25,474.75,273.0
2025-04-10 06:00:00,481.0,481.5,474.5,475.0,1173.0
2025-04-10 07:00:00,481.75,481.75,474.0,475.0,1732.0
2025-04-10 08:00:00,475.0,481.75,474.25,474.75,1786.0
2025-04-10 09:00:00,475.0,482.5,474.75,475.75,2123.0
2025-04-10 10:00:00,475.75,484.25,475.5,477.5,6351.0
2025-04-10 11:00:00,484.0,484.0,476.25,483.25,0.0
2025-04-10 12:00:00,477.25,484.75,475.25,475.5,19438.0
2025-04-10 13:00:00,481.0,483.5,473.5,477.0,31324.0
2025-04-10 14:00:00,483.0,483.5,476.0,477.5,23936.0
2025-04-10 15:00:00,477.25,484.0,476.5,477.5,50282.0
2025-04-10 16:00:00,483.25,488.0,477.75,481.0,73806.0
2025-04-10 17:00:00,481.0,489.75,480.5,489.5,0.0
2025-04-10 18:00:00,489.5,490.0,482.25,482.5,77483.0
2025-04-11 00:00:00,482.0,489.75,481.75,489.0,0.0
2025-04-11 01:00:00,488.75,489.0,482.5,483.0,2893.0
2025-04-11 02:00:00,483.0,489.5,482.75,489.25,0.0
2025-04-11 03:00:00,483.75,489.5,483.5,489.25,477.0
2025-04-11 04:00:00,483.75,490.25,483.75,484.75,2288.0
2025-04-11 05:00:00,484.75,490.5,484.5,485.0,800.0
2025-04-11 06:00:00,485.0,490.5,484.0,489.75,0.0
2025-04-11 07:00:00,484.5,491.0,484.5,485.25,6083.0
2025-04-11 08:00:00,490.25,490.75,482.75,485.25,3073.0
2025-04-11 09:00:00,485.25,491.0,484.5,491.0,0.0
2025-04-11 10:00:00,491.0,491.25,484.25,490.25,2343.0
2025-04-11 11:00:00,484.75,490.25,483.25,483.5,6560.0
2025-04-11 12:00:00,489.25,492.0,483.25,485.5,5055.0
2025-04-11 13:00:00,491.0,494.0,485.0,487.75,31004.0
2025-04-11 14:00:00,487.75,494.5,486.25,488.25,42876.0
2025-04-11 15:00:00,488.75,495.5,487.25,488.0,47324.0
2025-04-11 16:00:00,494.75,495.75,488.0,495.25,12982.0
2025-04-11 17:00:00,495.25,497.0,488.5,489.25,46735.0
2025-04-11 18:00:00,496.25,497.25,489.0,496.25,32760.0
2025-04-14 00:00:00,495.75,496.5,486.75,487.0,8769.0
2025-04-14 01:00:00,487.25,494.75,486.5,494.5,8346.0
2025-04-14 02:00:00,486.75,494.75,486.75,494.5,633.0
2025-04-14 03:00:00,487.25,494.5,487.0,487.5,5696.0
2025-04-14 04:00:00,494.5,494.75,487.0,487.0,150.0
2025-04-14 05:00:00,494.25,494.25,486.5,487.0,679.0
2025-04-14 06:00:00,494.25,494.75,487.0,487.5,536.0
2025-04-14 07:00:00,494.75,495.5,487.0,487.5,2018.0
2025-04-14 08:00:00,494.5,495.25,487.0,495.0,0.0
2025-04-14 09:00:00,488.25,496.5,488.0,496.25,923.0
2025-04-14 10:00:00,496.0,496.25,488.25,495.5,1736.0
2025-04-14 11:00:00,495.5,496.75,486.75,487.25,10165.0
2025-04-14 12:00:00,494.5,495.75,486.75,486.75,1693.0
2025-04-14 13:00:00,486.75,496.75,486.75,494.5,27469.0
2025-04-14 14:00:00,487.75,497.5,487.5,488.5,27607.0
2025-04-14 15:00:00,495.75,496.0,486.0,487.0,16968.0
2025-04-14 16:00:00,494.0,494.5,485.25,493.25,24840.0
2025-04-14 17:00:00,493.5,494.0,484.5,493.0,27977.0
2025-04-14 18:00:00,485.0,493.25,484.25,492.0,17185.0
2025-04-15 00:00:00,485.0,494.0,484.5,493.5,0.0
2025-04-15 01:00:00,485.75,493.75,485.25,493.25,0.0
2025-04-15 02:00:00,493.0,493.25,485.25,493.25,358.0
2025-04-15 03:00:00,493.25,493.5,485.5,485.5,569.0
2025-04-15 04:00:00,485.5,494.0,485.5,494.0,3303.0
2025-04-15 05:00:00,486.5,495.0,486.5,494.75,1196.0
2025-04-15 06:00:00,487.75,495.25,487.5,495.0,797.0
2025-04-15 07:00:00,495.25,496.0,488.0,495.25,1098.0
2025-04-15 08:00:00,495.25,495.5,487.25,495.5,1861.0
2025-04-15 09:00:00,495.5,495.5,487.25,487.25,489.0
2025-04-15 10:00:00,494.75,495.25,486.75,494.75,3061.0
2025-04-15 11:00:00,494.75,495.5,485.0,485.5,3600.0
2025-04-15 12:00:00,492.75,493.5,485.0,493.0,4465.0
2025-04-15 13:00:00,493.0,494.75,484.5,486.0,38470.0
2025-04-15 14:00:00,486.25,495.0,480.5,481.75,33411.0
2025-04-15 15:00:00,482.0,489.75,479.0,489.0,42602.0
2025-04-15 16:00:00,481.5,490.25,480.5,489.25,16337.0
2025-04-15 17:00:00,489.25,489.75,480.75,481.5,0.0
2025-04-15 18:00:00,489.5,490.0,480.75,489.0,0.0
2025-04-16 00:00:00,489.0,489.75,488.25,489.0,2574.0
2025-04-16 01:00:00,489.0,489.25,488.5,489.0,847.0
2025-04-16 02:00:00,489.0,489.0,488.0,488.0,404.0
2025-04-16 03:00:00,488.0,488.5,487.75,488.25,1390.0
2025-04-16 04:00:00,488.25,488.5,488.0,488.25,49.0
2025-04-16 05:00:00,488.25,488.25,487.75,487.75,728.0
2025-04-16 06:00:00,487.75,488.0,487.0,487.5,2051.0
2025-04-16 07:00:00,487.75,489.0,487.75,489.0,1237.0
2025-04-16 08:00:00,489.0,491.5,488.75,491.0,3155.0
2025-04-16 09:00:00,490.75,491.75,490.0,490.75,909.0
2025-04-16 10:00:00,490.75,492.0,490.5,491.0,894.0
2025-04-16 11:00:00,491.0,492.0,490.25,490.75,2752.0
2025-04-16 12:00:00,491.0,493.75,490.5,493.0,6872.0
2025-04-16 13:00:00,493.0,494.5,491.25,493.25,28380.0
2025-04-16 14:00:00,493.25,495.0,491.75,491.75,21816.0
2025-04-16 15:00:00,491.75,492.0,489.75,491.25,18042.0
2025-04-16 16:00:00,491.0,492.0,489.75,491.75,11615.0
2025-04-16 17:00:00,491.75,492.25,489.75,490.5,16827.0
2025-04-16 18:00:00,490.75,492.0,490.5,491.25,11921.0
2025-04-17 00:00:00,490.75,491.5,489.75,491.25,0.0
2025-04-17 01:00:00,491.0,491.5,490.75,491.25,878.0
2025-04-17 02:00:00,491.25,492.25,490.75,492.0,327.0
2025-04-17 03:00:00,492.25,492.25,491.5,492.0,240.0
2025-04-17 04:00:00,492.0,492.25,491.75,492.25,110.0
2025-04-17 05:00:00,492.25,492.25,492.0,492.0,163.0
2025-04-17 06:00:00,492.0,492.5,491.75,492.0,469.0
2025-04-17 07:00:00,491.75,492.0,491.0,491.5,719.0
2025-04-17 08:00:00,491.25,492.0,491.0,491.5,1378.0
2025-04-17 09:00:00,491.5,491.5,490.5,490.75,1214.0
2025-04-17 10:00:00,491.0,491.0,490.5,491.0,760.0
2025-04-17 11:00:00,490.75,491.25,490.0,490.25,1789.0
2025-04-17 12:00:00,490.25,492.75,489.5,492.5,7604.0
2025-04-17 13:00:00,492.5,494.0,491.5,492.0,14415.0
2025-04-17 14:00:00,492.0,493.75,491.5,493.0,15628.0
2025-04-17 15:00:00,492.75,493.25,492.5,492.75,8615.0
2025-04-17 16:00:00,492.75,492.75,491.5,491.75,15701.0
2025-04-17 17:00:00,491.75,492.0,489.0,489.25,19240.0
2025-04-17 18:00:00,489.25,491.0,489.25,490.5,15632.0
2025-04-21 00:00:00,491.25,493.5,490.25,492.5,2707.0
2025-04-21 01:00:00,492.75,493.0,492.25,492.5,345.0
2025-04-21 02:00:00,492.75,493.25,492.75,492.75,295.0
2025-04-21 03:00:00,492.75,493.5,492.75,493.0,572.0
2025-04-21 04:00:00,493.25,493.25,492.5,492.75,371.0
2025-04-21 05:00:00,493.0,493.0,492.75,492.75,113.0
2025-04-21 06:00:00,493.0,493.25,492.75,493.0,223.0
2025-04-21 07:00:00,492.75,494.0,492.75,494.0,1003.0
2025-04-21 08:00:00,494.0,494.0,493.25,493.25,481.0
2025-04-21 09:00:00,493.5,493.5,492.5,493.0,2164.0
2025-04-21 10:00:00,493.25,494.0,493.25,493.75,859.0
2025-04-21 11:00:00,494.0,495.0,493.5,494.5,5232.0
2025-04-21 12:00:00,494.5,494.75,493.0,493.25,2634.0
2025-04-21 13:00:00,493.25,494.75,492.25,492.25,24987.0
2025-04-21 14:00:00,492.25,492.75,490.75,492.25,29160.0
2025-04-21 15:00:00,492.25,492.5,491.0,491.75,13608.0
2025-04-21 16:00:00,491.5,492.25,490.75,490.75,9029.0
2025-04-21 17:00:00,491.0,491.0,489.5,490.0,16439.0
2025-04-21 18:00:00,490.0,490.75,489.75,490.25,12485.0
2025-04-22 00:00:00,490.0,491.25,489.25,490.75,0.0
2025-04-22 01:00:00,490.75,491.0,490.25,490.75,504.0
2025-04-22 02:00:00,490.5,491.0,490.25,490.75,135.0
2025-04-22 03:00:00,490.75,491.0,490.75,491.0,797.0
2025-04-22 04:00:00,490.75,491.25,490.75,491.0,190.0
2025-04-22 05:00:00,491.0,491.75,491.0,491.5,186.0
2025-04-22 06:00:00,491.5,491.5,491.0,491.0,147.0
2025-04-22 07:00:00,491.0,491.25,490.5,490.75,3081.0
2025-04-22 08:00:00,490.75,491.0,490.0,490.25,2388.0
2025-04-22 09:00:00,490.25,491.25,490.0,490.25,1057.0
2025-04-22 10:00:00,490.5,491.0,490.25,490.25,1080.0
2025-04-22 11:00:00,490.25,490.5,488.25,488.5,5847.0
2025-04-22 12:00:00,488.5,488.75,486.5,487.0,9558.0
2025-04-22 13:00:00,487.75,487.75,483.75,484.5,24093.0
2025-04-22 14:00:00,484.5,486.25,483.5,484.0,33132.0
2025-04-22 15:00:00,484.5,488.0,483.5,486.25,20532.0
2025-04-22 16:00:00,486.0,487.25,484.5,484.5,10884.0
2025-04-22 17:00:00,484.75,484.75,482.75,483.0,17884.0
2025-04-22 18:00:00,482.75,484.0,482.5,483.0,20119.0
2025-04-23 00:00:00,483.75,484.75,483.0,483.5,0.0
2025-04-23 01:00:00,483.25,483.75,483.0,483.25,1241.0
2025-04-23 02:00:00,483.25,483.5,482.5,482.75,1243.0
2025-04-23 03:00:00,482.5,482.75,482.5,482.5,337.0
2025-04-23 04:00:00,482.5,482.75,482.5,482.75,101.0
2025-04-23 05:00:00,482.5,483.0,482.25,482.25,477.0
2025-04-23 06:00:00,482.5,482.75,482.25,482.5,346.0
2025-04-23 07:00:00,482.5,482.5,482.0,482.25,851.0
2025-04-23 08:00:00,482.0,482.5,481.5,482.0,1762.0
2025-04-23 09:00:00,481.75,483.5,481.75,483.5,842.0
2025-04-23 10:00:00,483.25,483.25,482.0,482.5,1236.0
2025-04-23 11:00:00,482.25,482.75,480.5,480.75,6010.0
2025-04-23 12:00:00,480.75,481.0,480.0,480.0,6201.0
2025-04-23 13:00:00,480.0,480.75,477.75,478.25,29413.0
2025-04-23 14:00:00,478.25,481.5,477.25,481.25,34407.0
2025-04-23 15:00:00,481.25,482.75,480.5,480.75,19078.0
2025-04-23 16:00:00,480.75,481.5,479.5,480.0,16533.0
2025-04-23 17:00:00,480.0,480.5,479.25,479.5,13413.0
2025-04-23 18:00:00,479.5,480.25,479.0,479.5,0.0
2025-04-24 00:00:00,479.5,480.75,479.0,480.0,12335.0
2025-04-24 01:00:00,480.25,480.5,479.75,479.75,530.0
2025-04-24 02:00:00,479.75,480.25,479.75,480.25,290.0
2025-04-24 03:00:00,480.25,480.75,480.0,480.0,284.0
2025-04-24 04:00:00,480.0,480.5,480.0,480.25,270.0
2025-04-24 05:00:00,480.25,480.5,480.0,480.25,95.0
2025-04-24 06:00:00,480.0,480.5,479.5,479.75,1026.0
2025-04-24 07:00:00,479.75,480.5,479.25,480.25,1719.0
2025-04-24 08:00:00,480.5,480.75,480.0,480.25,1076.0
2025-04-24 09:00:00,480.25,481.25,480.0,481.25,1629.0
2025-04-24 10:00:00,481.0,481.75,480.75,481.5,1764.0
2025-04-24 11:00:00,481.25,481.75,479.75,481.25,1724.0
2025-04-24 12:00:00,481.25,481.5,480.0,480.5,2696.0
2025-04-24 13:00:00,480.25,481.25,479.5,480.75,27467.0
2025-04-24 14:00:00,480.75,483.0,480.5,482.75,23211.0
2025-04-24 15:00:00,483.0,484.5,481.75,482.5,31605.0
2025-04-24 16:00:00,482.5,483.75,482.0,483.5,13191.0
2025-04-24 17:00:00,483.25,485.25,483.25,484.0,21597.0
2025-04-24 18:00:00,484.0,484.25,483.0,483.25,31554.0
2025-04-25 00:00:00,483.25,484.75,483.25,484.75,0.0
2025-04-25 01:00:00,484.75,485.75,484.75,485.0,1703.0
2025-04-25 02:00:00,484.75,485.5,484.75,485.5,1384.0
2025-04-25 03:00:00,485.25,486.0,485.25,486.0,390.0
2025-04-25 04:00:00,485.75,486.25,485.75,486.0,395.0
2025-04-25 05:00:00,485.75,486.25,485.75,485.75,1001.0
2025-04-25 06:00:00,485.75,486.75,485.75,486.25,1084.0
2025-04-25 07:00:00,486.25,486.5,485.75,486.0,1553.0
2025-04-25 08:00:00,486.25,486.25,485.5,485.75,1932.0
2025-04-25 09:00:00,485.75,486.75,485.5,486.5,1018.0
2025-04-25 10:00:00,486.75,487.25,486.25,486.75,1583.0
2025-04-25 11:00:00,486.75,487.25,485.25,485.25,3212.0
2025-04-25 12:00:00,485.5,485.75,484.75,484.75,1932.0
2025-04-25 13:00:00,484.75,487.25,484.0,487.0,32277.0
2025-04-25 14:00:00,487.0,487.5,485.75,486.0,24656.0
2025-04-25 15:00:00,485.75,486.75,484.75,484.75,20666.0
2025-04-25 16:00:00,485.0,485.5,484.0,485.5,11906.0
2025-04-25 17:00:00,485.25,485.75,484.75,485.75,21364.0
2025-04-25 18:00:00,485.75,486.0,483.75,484.0,31886.0
2025-04-28 00:00:00,483.75,483.75,481.0,483.25,3046.0
2025-04-28 01:00:00,483.5,484.0,482.5,482.5,856.0
2025-04-28 02:00:00,482.75,482.75,482.0,482.25,918.0
2025-04-28 03:00:00,482.25,482.25,482.0,482.0,185.0
2025-04-28 04:00:00,482.25,482.25,481.75,481.75,317.0
2025-04-28 05:00:00,481.75,481.75,481.25,481.75,1165.0
2025-04-28 06:00:00,481.75,481.75,481.25,481.5,211.0
2025-04-28 07:00:00,481.5,481.5,480.5,480.75,2540.0
2025-04-28 08:00:00,480.75,481.25,480.5,480.75,1138.0
2025-04-28 09:00:00,480.75,481.25,480.75,480.75,2361.0
2025-04-28 10:00:00,481.0,481.75,480.75,481.25,4033.0
2025-04-28 11:00:00,481.0,481.5,478.5,478.75,5226.0
2025-04-28 12:00:00,479.0,479.75,478.0,479.5,5567.0
2025-04-28 13:00:00,479.25,480.75,476.25,480.0,49211.0
2025-04-28 14:00:00,480.0,482.75,479.0,482.5,41174.0
2025-04-28 15:00:00,482.25,485.0,481.75,484.25,47819.0
2025-04-28 16:00:00,484.25,485.5,483.5,485.25,22525.0
2025-04-28 17:00:00,485.5,485.75,482.75,483.25,32153.0
2025-04-28 18:00:00,483.0,484.25,482.5,482.75,49155.0
2025-04-29 00:00:00,482.75,483.5,481.25,482.75,0.0
2025-04-29 01:00:00,482.75,482.75,482.0,482.25,683.0
2025-04-29 02:00:00,482.25,482.25,481.5,481.75,625.0
2025-04-29 03:00:00,481.75,481.75,481.0,481.25,382.0
2025-04-29 04:00:00,481.5,481.5,481.25,481.5,230.0
2025-04-29 05:00:00,481.5,481.5,481.25,481.5,435.0
2025-04-29 06:00:00,481.25,481.25,480.75,481.0,980.0
2025-04-29 07:00:00,481.25,481.5,480.25,480.25,1691.0
2025-04-29 08:00:00,480.5,480.5,479.5,480.25,1966.0
2025-04-29 09:00:00,480.25,482.0,480.25,482.0,2398.0
2025-04-29 10:00:00,482.0,482.25,480.75,480.75,1223.0
2025-04-29 11:00:00,481.0,483.0,480.75,482.5,3572.0
2025-04-29 12:00:00,482.5,483.5,482.0,483.0,4135.0
2025-04-29 13:00:00,483.0,485.25,479.5,480.0,37639.0
2025-04-29 14:00:00,480.0,480.5,471.5,471.5,76310.0
2025-04-29 15:00:00,471.75,473.75,471.25,473.5,40894.0
2025-04-29 16:00:00,473.75,474.25,469.75,470.25,51501.0
2025-04-29 17:00:00,470.5,472.5,470.25,471.75,38991.0
2025-04-29 18:00:00,472.0,472.25,470.0,470.75,36337.0
2025-04-30 00:00:00,470.75,472.0,470.5,471.5,0.0
2025-04-30 01:00:00,471.25,471.5,471.0,471.25,445.0
2025-04-30 02:00:00,471.0,471.25,469.75,470.0,2348.0
2025-04-30 03:00:00,469.75,470.75,469.75,470.5,448.0
2025-04-30 04:00:00,470.25,470.5,470.25,470.25,130.0
2025-04-30 05:00:00,470.5,470.5,469.5,469.75,458.0
2025-04-30 06:00:00,469.5,469.75,469.25,469.5,969.0
2025-04-30 07:00:00,469.25,469.75,468.5,469.25,1682.0
2025-04-30 08:00:00,469.25,469.5,469.0,469.0,1013.0
2025-04-30 09:00:00,469.0,470.5,468.75,469.75,3119.0
2025-04-30 10:00:00,470.0,470.25,469.25,469.75,767.0
2025-04-30 11:00:00,469.5,471.25,469.5,469.75,3342.0
2025-04-30 12:00:00,469.75,470.75,469.75,470.0,3782.0
2025-04-30 13:00:00,470.25,478.5,469.75,476.5,41480.0
2025-04-30 14:00:00,476.75,478.5,475.25,477.75,33980.0
2025-04-30 15:00:00,477.75,478.25,475.75,478.0,19970.0
2025-04-30 16:00:00,477.75,478.0,473.25,474.75,25758.0
2025-04-30 17:00:00,474.75,476.25,474.0,474.0,19212.0
2025-04-30 18:00:00,474.25,476.5,474.0,475.25,18605.0
2025-05-01 00:00:00,475.0,476.5,474.25,476.25,0.0
2025-05-01 01:00:00,476.25,476.75,476.0,476.25,413.0
2025-05-01 02:00:00,476.5,477.75,476.25,477.25,845.0
2025-05-01 03:00:00,477.25,478.0,477.25,478.0,458.0
2025-05-01 04:00:00,478.0,478.0,477.75,478.0,292.0
2025-05-01 05:00:00,478.0,478.5,478.0,478.0,562.0
2025-05-01 06:00:00,478.25,479.25,478.25,478.25,1558.0
2025-05-01 07:00:00,478.25,478.75,476.25,477.75,2944.0
2025-05-01 08:00:00,477.75,478.0,477.25,477.5,849.0
2025-05-01 09:00:00,477.75,478.0,476.75,477.0,1638.0
2025-05-01 10:00:00,477.0,479.0,477.0,478.5,1492.0
2025-05-01 11:00:00,478.5,480.0,477.75,480.0,3502.0
2025-05-01 12:00:00,479.75,480.0,477.5,478.25,5500.0
2025-05-01 13:00:00,478.0,478.5,474.75,474.75,22722.0
2025-05-01 14:00:00,474.75,476.75,473.5,474.75,18442.0
2025-05-01 15:00:00,474.75,475.25,471.0,473.25,26916.0
2025-05-01 16:00:00,473.25,473.25,470.0,471.5,23363.0
2025-05-01 17:00:00,471.75,475.0,471.5,473.0,18454.0
2025-05-01 18:00:00,473.0,473.75,471.5,471.5,21993.0
2025-05-02 00:00:00,472.25,473.0,472.0,473.0,0.0
2025-05-02 01:00:00,472.75,473.25,471.5,472.0,3209.0
2025-05-02 02:00:00,471.75,473.0,471.75,473.0,280.0
2025-05-02 03:00:00,473.0,473.0,472.75,472.75,294.0
2025-05-02 04:00:00,472.75,472.75,472.25,472.5,624.0
2025-05-02 05:00:00,472.5,473.0,472.5,472.75,431.0
2025-05-02 06:00:00,472.5,472.75,471.5,471.5,1441.0
2025-05-02 07:00:00,471.75,472.25,471.25,472.25,983.0
2025-05-02 08:00:00,472.5,472.5,470.75,470.75,1350.0
2025-05-02 09:00:00,470.75,472.25,470.5,472.0,1176.0
2025-05-02 10:00:00,472.25,473.25,471.5,472.75,1377.0
2025-05-02 11:00:00,472.5,474.5,472.25,474.5,2689.0
2025-05-02 12:00:00,474.5,475.25,474.25,474.5,4601.0
2025-05-02 13:00:00,474.75,477.0,474.5,476.0,20759.0
2025-05-02 14:00:00,476.0,476.0,471.5,473.0,29662.0
2025-05-02 15:00:00,472.75,473.25,470.0,470.75,19432.0
2025-05-02 16:00:00,471.0,472.0,469.0,469.25,22761.0
2025-05-02 17:00:00,469.25,470.0,468.25,469.5,16150.0
2025-05-02 18:00:00,469.5,469.75,468.5,468.75,22965.0
2025-05-05 00:00:00,469.0,470.75,466.75,466.75,5676.0
2025-05-05 01:00:00,466.75,467.25,466.5,467.0,649.0
2025-05-05 02:00:00,466.75,467.0,466.5,466.75,568.0
2025-05-05 03:00:00,467.0,467.0,466.5,466.75,576.0
2025-05-05 04:00:00,466.5,467.0,466.25,466.5,2386.0
2025-05-05 05:00:00,466.5,466.75,465.75,466.0,1606.0
2025-05-05 06:00:00,465.75,466.25,465.25,465.25,1269.0
2025-05-05 07:00:00,465.5,467.0,465.5,466.75,1498.0
2025-05-05 08:00:00,466.75,467.5,466.5,466.5,867.0
2025-05-05 09:00:00,466.25,467.0,466.0,466.25,1244.0
2025-05-05 10:00:00,466.0,466.0,465.5,465.75,474.0
2025-05-05 11:00:00,466.0,466.5,465.5,465.5,2118.0
2025-05-05 12:00:00,465.5,466.0,465.25,465.5,2443.0
2025-05-05 13:00:00,465.5,467.5,462.75,463.75,24879.0
2025-05-05 14:00:00,464.0,464.0,459.5,462.0,42916.0
2025-05-05 15:00:00,462.0,462.25,459.0,459.25,21456.0
2025-05-05 16:00:00,459.25,459.25,455.0,455.25,60529.0
2025-05-05 17:00:00,455.25,456.25,454.25,455.5,42616.0
2025-05-05 18:00:00,455.5,455.75,453.25,454.25,37625.0
2025-05-06 00:00:00,454.75,455.75,454.5,455.0,0.0
2025-05-06 01:00:00,454.75,455.75,454.75,455.5,1272.0
2025-05-06 02:00:00,455.25,455.75,455.25,455.75,443.0
2025-05-06 03:00:00,455.75,455.75,455.0,455.0,586.0
2025-05-06 04:00:00,455.0,455.75,455.0,455.75,500.0
2025-05-06 05:00:00,455.5,456.0,455.0,455.25,1234.0
2025-05-06 06:00:00,455.0,455.75,455.0,455.5,947.0
2025-05-06 07:00:00,455.5,456.0,455.25,455.5,1966.0
2025-05-06 08:00:00,455.5,456.5,455.0,456.25,2747.0
2025-05-06 09:00:00,456.0,456.75,456.0,456.25,2881.0
2025-05-06 10:00:00,456.0,457.25,456.0,456.5,1848.0
2025-05-06 11:00:00,456.5,456.75,455.5,456.5,3217.0
2025-05-06 12:00:00,456.5,457.25,456.0,456.75,6766.0
2025-05-06 13:00:00,457.25,457.25,453.75,456.25,33710.0
2025-05-06 14:00:00,456.25,457.0,455.0,455.25,27962.0
2025-05-06 15:00:00,455.5,456.75,454.0,454.5,26571.0
2025-05-06 16:00:00,454.25,454.5,452.5,453.5,36967.0
2025-05-06 17:00:00,453.75,455.75,453.25,455.25,25780.0
2025-05-06 18:00:00,455.25,456.5,455.25,455.75,0.0
2025-05-07 00:00:00,457.0,459.0,456.75,459.0,6535.0
2025-05-07 01:00:00,458.75,461.0,458.5,460.5,3514.0
2025-05-07 02:00:00,460.75,460.75,460.0,460.25,1088.0
2025-05-07 03:00:00,460.25,460.75,460.25,460.25,775.0
2025-05-07 04:00:00,460.5,461.0,460.5,460.75,714.0
2025-05-07 05:00:00,460.5,461.75,460.5,461.25,862.0
2025-05-07 06:00:00,461.25,462.5,461.25,461.5,1476.0
2025-05-07 07:00:00,461.5,462.25,461.25,462.0,1432.0
2025-05-07 08:00:00,462.0,463.5,461.5,463.0,2376.0
2025-05-07 09:00:00,463.0,463.0,461.0,461.25,3183.0
2025-05-07 10:00:00,461.5,462.75,461.5,461.75,1310.0
2025-05-07 11:00:00,462.0,462.75,461.25,461.75,2864.0
2025-05-07 12:00:00,461.75,462.75,460.0,460.0,4660.0
2025-05-07 13:00:00,460.25,461.25,456.75,457.75,25049.0
2025-05-07 14:00:00,457.5,457.75,453.25,454.5,43255.0
2025-05-07 15:00:00,454.5,455.25,451.75,452.5,51502.0
2025-05-07 16:00:00,452.25,452.75,450.75,452.0,22029.0
2025-05-07 17:00:00,451.75,452.0,450.0,450.25,18453.0
2025-05-07 18:00:00,450.0,450.5,448.5,449.5,37542.0
2025-05-08 00:00:00,450.0,450.5,447.75,448.0,0.0
2025-05-08 01:00:00,447.75,449.25,447.75,449.25,3267.0
2025-05-08 02:00:00,449.25,449.75,448.75,449.0,1886.0
2025-05-08 03:00:00,449.0,449.0,448.75,448.75,165.0
2025-05-08 04:00:00,449.0,449.5,449.0,449.25,967.0
2025-05-08 05:00:00,449.25,449.25,448.25,448.25,1082.0
2025-05-08 06:00:00,448.25,448.75,448.0,448.0,1191.0
2025-05-08 07:00:00,448.0,449.0,447.25,448.75,2453.0
2025-05-08 08:00:00,448.5,449.0,448.0,448.0,1839.0
2025-05-08 09:00:00,448.25,449.75,448.25,449.75,4377.0
2025-05-08 10:00:00,449.75,450.25,449.25,450.25,2522.0
2025-05-08 11:00:00,450.0,451.0,448.5,449.25,4730.0
2025-05-08 12:00:00,449.25,452.0,448.0,451.5,12758.0
2025-05-08 13:00:00,451.0,451.5,445.0,445.5,39548.0
2025-05-08 14:00:00,445.5,446.5,443.25,443.5,44612.0
2025-05-08 15:00:00,443.5,444.25,442.5,443.25,31291.0
2025-05-08 16:00:00,443.0,444.75,442.25,444.5,18564.0
2025-05-08 17:00:00,444.5,446.0,443.0,446.0,23070.0
2025-05-08 18:00:00,445.75,449.0,445.75,448.75,31753.0
2025-05-09 00:00:00,449.0,450.0,448.5,449.0,0.0
2025-05-09 01:00:00,449.0,449.25,448.25,448.75,1456.0
2025-05-09 02:00:00,448.5,448.5,448.0,448.5,403.0
2025-05-09 03:00:00,448.5,449.25,448.5,449.0,1318.0
2025-05-09 04:00:00,449.5,449.5,448.5,448.75,780.0
2025-05-09 05:00:00,448.75,449.25,448.75,449.25,659.0
2025-05-09 06:00:00,449.0,449.5,449.0,449.0,797.0
2025-05-09 07:00:00,449.0,450.75,449.0,450.0,2287.0
2025-05-09 08:00:00,450.0,451.5,450.0,451.0,2250.0
2025-05-09 09:00:00,451.25,452.0,451.0,451.5,3407.0
2025-05-09 10:00:00,451.5,452.5,451.25,452.25,2377.0
2025-05-09 11:00:00,452.25,453.75,452.25,452.75,7038.0
2025-05-09 12:00:00,452.5,453.0,451.75,452.25,4909.0
2025-05-09 13:00:00,452.25,455.0,450.25,450.25,32411.0
2025-05-09 14:00:00,450.5,451.0,447.0,449.25,34939.0
2025-05-09 15:00:00,449.25,452.0,449.25,451.5,16295.0
2025-05-09 16:00:00,451.5,451.75,448.75,449.25,19611.0
2025-05-09 17:00:00,449.0,449.75,448.5,449.25,12085.0
2025-05-09 18:00:00,449.5,450.25,449.0,449.75,16218.0
2025-05-12 00:00:00,453.0,453.0,449.0,449.5,4338.0
2025-05-12 01:00:00,449.5,449.5,448.25,448.5,2372.0
2025-05-12 02:00:00,448.75,448.75,448.25,448.75,764.0
2025-05-12 03:00:00,448.75,448.75,448.25,448.25,307.0
2025-05-12 04:00:00,448.25,448.5,448.0,448.5,479.0
2025-05-12 05:00:00,448.5,448.75,448.25,448.75,495.0
2025-05-12 06:00:00,448.5,449.0,448.0,448.25,947.0
2025-05-12 07:00:00,448.5,451.75,448.25,450.0,5040.0
2025-05-12 08:00:00,450.0,452.5,450.0,451.5,2814.0
2025-05-12 09:00:00,451.5,452.25,450.5,451.75,956.0
2025-05-12 10:00:00,452.0,453.5,452.0,453.0,2823.0
2025-05-12 11:00:00,453.0,454.5,452.5,454.0,5078.0
2025-05-12 12:00:00,453.75,455.0,453.0,455.0,9252.0
2025-05-12 13:00:00,455.0,455.75,451.5,452.0,21561.0
2025-05-12 14:00:00,452.25,453.5,451.75,453.0,16986.0
2025-05-12 15:00:00,452.75,453.5,449.75,450.5,21309.0
2025-05-12 16:00:00,450.25,458.75,450.25,450.5,60906.0
2025-05-12 17:00:00,450.5,451.25,445.75,448.5,53470.0
2025-05-12 18:00:00,448.25,448.75,447.0,447.25,20648.0
2025-05-13 00:00:00,448.0,448.0,446.25,446.75,0.0
2025-05-13 01:00:00,446.75,447.75,446.25,447.75,1982.0
2025-05-13 02:00:00,447.5,448.0,447.25,447.75,2025.0
2025-05-13 03:00:00,447.75,447.75,447.5,447.75,90.0
2025-05-13 04:00:00,447.75,447.75,447.0,447.0,455.0
2025-05-13 05:00:00,447.25,447.25,446.0,446.25,297.0
2025-05-13 06:00:00,446.0,446.25,445.0,445.5,1836.0
2025-05-13 07:00:00,445.25,445.5,444.75,445.25,2157.0
2025-05-13 08:00:00,445.0,445.5,444.5,444.75,2053.0
2025-05-13 09:00:00,444.75,445.0,443.0,443.0,4607.0
2025-05-13 10:00:00,443.0,443.5,443.0,443.25,1837.0
2025-05-13 11:00:00,443.25,444.75,443.0,444.75,3462.0
2025-05-13 12:00:00,444.5,445.75,444.0,444.25,6051.0
2025-05-13 13:00:00,444.25,446.25,439.0,439.25,46302.0
2025-05-13 14:00:00,439.5,440.0,436.5,438.25,53595.0
2025-05-13 15:00:00,438.25,441.75,438.25,440.75,23683.0
2025-05-13 16:00:00,440.5,443.75,439.5,442.75,24236.0
2025-05-13 17:00:00,442.75,444.0,441.5,441.75,20507.0
2025-05-13 18:00:00,441.75,443.0,441.75,442.5,16831.0
2025-05-14 00:00:00,443.0,444.0,442.5,443.5,0.0
2025-05-14 01:00:00,443.5,444.0,443.25,443.5,882.0
2025-05-14 02:00:00,443.25,443.5,442.75,443.0,1384.0
2025-05-14 03:00:00,443.0,443.25,442.5,442.75,598.0
2025-05-14 04:00:00,443.0,443.0,442.5,442.5,513.0
2025-05-14 05:00:00,442.5,442.75,442.5,442.5,170.0
2025-05-14 06:00:00,442.5,443.25,442.5,442.75,698.0
2025-05-14 07:00:00,442.75,443.0,442.0,442.0,2030.0
2025-05-14 08:00:00,442.0,442.5,440.75,441.0,2417.0
2025-05-14 09:00:00,441.25,442.0,441.0,441.5,1165.0
2025-05-14 10:00:00,441.5,442.0,441.25,441.5,1392.0
2025-05-14 11:00:00,441.25,441.25,440.0,440.5,1904.0
2025-05-14 12:00:00,440.75,440.75,439.5,440.25,3565.0
2025-05-14 13:00:00,440.0,444.0,438.5,442.75,27913.0
2025-05-14 14:00:00,442.75,445.5,442.25,445.0,30852.0
2025-05-14 15:00:00,445.25,447.75,444.75,446.75,31247.0
2025-05-14 16:00:00,446.5,446.75,444.75,445.5,20859.0
2025-05-14 17:00:00,445.25,446.25,444.5,445.0,12139.0
2025-05-14 18:00:00,445.0,445.75,444.25,444.75,15698.0
2025-05-15 00:00:00,444.75,445.0,443.5,444.25,0.0
2025-05-15 01:00:00,444.5,445.5,444.25,445.5,1361.0
2025-05-15 02:00:00,445.75,445.75,444.75,445.25,499.0
2025-05-15 03:00:00,445.25,445.75,445.0,445.75,653.0
2025-05-15 04:00:00,445.75,445.75,445.25,445.5,455.0
2025-05-15 05:00:00,445.75,446.0,445.5,445.75,336.0
2025-05-15 06:00:00,445.75,447.0,445.25,447.0,1022.0
2025-05-15 07:00:00,447.0,447.25,446.75,447.25,857.0
2025-05-15 08:00:00,447.25,447.25,446.0,446.25,1510.0
2025-05-15 09:00:00,446.25,446.5,445.75,445.75,1201.0
2025-05-15 10:00:00,445.5,445.5,444.75,444.75,2160.0
2025-05-15 11:00:00,444.75,445.5,443.75,444.5,3043.0
2025-05-15 12:00:00,444.5,449.0,444.25,448.75,10174.0
2025-05-15 13:00:00,449.0,450.5,443.5,447.25,36339.0
2025-05-15 14:00:00,447.25,447.5,444.5,445.25,30511.0
2025-05-15 15:00:00,445.25,447.25,445.0,445.5,21901.0
2025-05-15 16:00:00,445.75,448.0,445.5,446.75,20097.0
2025-05-15 17:00:00,446.75,449.0,446.25,448.75,18507.0
2025-05-15 18:00:00,449.0,449.5,448.0,448.25,18963.0
2025-05-16 00:00:00,449.0,451.0,448.75,450.5,0.0
2025-05-16 01:00:00,450.5,451.0,450.25,450.5,1160.0
2025-05-16 02:00:00,450.25,450.5,450.0,450.5,453.0
2025-05-16 03:00:00,450.25,450.25,449.5,449.5,658.0
2025-05-16 04:00:00,449.5,449.75,449.0,449.5,897.0
2025-05-16 05:00:00,449.5,450.0,449.5,449.75,261.0
2025-05-16 06:00:00,449.75,450.0,449.0,449.25,285.0
2025-05-16 07:00:00,449.0,449.25,447.0,447.0,3341.0
2025-05-16 08:00:00,447.0,448.5,447.0,448.25,1162.0
2025-05-16 09:00:00,448.25,450.0,447.5,448.5,2761.0
2025-05-16 10:00:00,448.5,450.0,448.5,449.75,1638.0
2025-05-16 11:00:00,449.75,450.0,448.25,449.25,1427.0
2025-05-16 12:00:00,449.25,450.75,448.75,450.5,5822.0
2025-05-16 13:00:00,450.25,451.5,447.0,448.75,25114.0
2025-05-16 14:00:00,449.0,449.75,444.5,445.0,35855.0
2025-05-16 15:00:00,445.25,446.75,444.0,446.0,25425.0
2025-05-16 16:00:00,446.25,447.25,444.5,444.75,13397.0
2025-05-16 17:00:00,444.75,445.0,443.0,443.0,14958.0
2025-05-16 18:00:00,443.0,443.75,442.75,443.0,16459.0
2025-05-19 00:00:00,443.5,445.0,443.25,444.75,7953.0
2025-05-19 01:00:00,444.75,444.75,443.5,443.5,439.0
2025-05-19 02:00:00,443.75,445.0,443.5,445.0,772.0
2025-05-19 03:00:00,445.0,445.5,444.75,445.0,1358.0
2025-05-19 04:00:00,445.0,445.0,444.5,444.75,195.0
2025-05-19 05:00:00,444.75,444.75,444.5,444.5,136.0
2025-05-19 06:00:00,444.5,446.5,444.5,445.5,5662.0
2025-05-19 07:00:00,445.5,447.0,445.5,446.75,4986.0
2025-05-19 08:00:00,446.75,447.0,445.25,447.0,1790.0
2025-05-19 09:00:00,447.0,447.5,446.0,446.25,2331.0
2025-05-19 10:00:00,446.5,447.25,446.0,447.25,1274.0
2025-05-19 11:00:00,447.5,448.0,446.5,447.75,2358.0
2025-05-19 12:00:00,447.75,448.0,447.0,447.25,1930.0
2025-05-19 13:00:00,447.5,449.25,445.25,445.5,29381.0
2025-05-19 14:00:00,445.25,445.75,443.0,444.5,28361.0
2025-05-19 15:00:00,446.0,446.5,444.75,445.0,18497.0
2025-05-19 16:00:00,445.0,446.0,444.0,444.25,16741.0
2025-05-19 17:00:00,444.5,447.0,443.75,446.75,17503.0
2025-05-19 18:00:00,446.5,449.75,446.25,447.0,23831.0
2025-05-20 00:00:00,446.75,448.25,446.0,446.25,0.0
2025-05-20 01:00:00,446.25,446.25,446.0,446.0,492.0
2025-05-20 02:00:00,446.25,446.25,445.25,445.5,1802.0
2025-05-20 03:00:00,445.5,445.5,445.25,445.25,406.0
2025-05-20 04:00:00,445.25,445.5,444.75,445.25,2436.0
2025-05-20 05:00:00,445.25,445.5,445.0,445.5,183.0
2025-05-20 06:00:00,445.5,446.5,445.5,446.25,942.0
2025-05-20 07:00:00,446.25,447.25,446.25,446.75,775.0
2025-05-20 08:00:00,447.0,449.0,446.75,448.25,2294.0
2025-05-20 09:00:00,448.5,451.75,448.25,451.75,5241.0
2025-05-20 10:00:00,451.75,452.0,451.0,451.75,2341.0
2025-05-20 11:00:00,452.0,453.0,451.0,452.5,5363.0
2025-05-20 12:00:00,452.5,454.5,452.25,453.75,7716.0
2025-05-20 13:00:00,453.25,454.0,449.25,451.0,52734.0
2025-05-20 14:00:00,450.75,453.0,450.0,451.75,25084.0
2025-05-20 15:00:00,451.75,452.5,451.0,451.75,16459.0
2025-05-20 16:00:00,451.75,452.75,451.0,452.25,11493.0
2025-05-20 17:00:00,452.25,454.5,452.0,454.0,21330.0
2025-05-20 18:00:00,453.75,455.5,453.75,454.5,17851.0
2025-05-21 00:00:00,454.5,456.25,454.5,455.75,0.0
2025-05-21 01:00:00,455.75,456.0,455.25,455.75,1278.0
2025-05-21 02:00:00,455.75,456.25,455.5,455.75,2614.0
2025-05-21 03:00:00,455.5,455.75,454.75,455.0,756.0
2025-05-21 04:00:00,455.0,455.5,455.0,455.0,86.0
2025-05-21 05:00:00,455.25,455.75,455.25,455.5,484.0
2025-05-21 06:00:00,455.75,456.75,455.5,456.0,1053.0
2025-05-21 07:00:00,456.0,456.0,453.5,454.25,2575.0
2025-05-21 08:00:00,454.25,455.25,454.25,454.5,1198.0
2025-05-21 09:00:00,454.5,455.25,454.0,454.75,1533.0
2025-05-21 10:00:00,454.75,455.75,454.5,454.75,1712.0
2025-05-21 11:00:00,454.75,455.75,453.5,455.0,5096.0
2025-05-21 12:00:00,455.0,457.75,454.5,457.0,5419.0
2025-05-21 13:00:00,456.75,458.25,453.5,456.25,32553.0
2025-05-21 14:00:00,456.0,459.0,454.25,458.75,31180.0
2025-05-21 15:00:00,458.75,459.75,457.5,459.5,21923.0
2025-05-21 16:00:00,459.5,461.5,459.25,461.0,19540.0
2025-05-21 17:00:00,461.25,462.0,459.5,459.75,25429.0
2025-05-21 18:00:00,459.75,461.25,459.5,460.0,18153.0
2025-05-22 00:00:00,459.25,462.0,458.5,459.0,0.0
2025-05-22 01:00:00,459.0,459.5,458.25,458.75,1376.0
2025-05-22 02:00:00,458.5,459.0,458.25,458.5,1671.0
2025-05-22 03:00:00,458.5,458.75,458.25,458.25,844.0
2025-05-22 04:00:00,458.25,458.75,458.25,458.5,685.0
2025-05-22 05:00:00,458.5,459.25,458.5,459.0,239.0
2025-05-22 06:00:00,459.0,459.0,458.25,459.0,571.0
2025-05-22 07:00:00,459.0,459.25,458.5,459.0,961.0
2025-05-22 08:00:00,459.25,459.25,458.25,458.25,1556.0
2025-05-22 09:00:00,458.25,458.5,458.0,458.25,1056.0
2025-05-22 10:00:00,458.5,458.5,457.5,458.0,1517.0
2025-05-22 11:00:00,457.75,461.5,457.75,461.0,4653.0
2025-05-22 12:00:00,461.0,462.0,460.75,461.0,6512.0
2025-05-22 13:00:00,461.0,463.5,456.5,461.25,40703.0
2025-05-22 14:00:00,461.25,464.0,460.25,462.75,34071.0
2025-05-22 15:00:00,462.75,464.75,462.25,463.25,20792.0
2025-05-22 16:00:00,463.25,464.5,461.0,461.5,21406.0
2025-05-22 17:00:00,461.75,463.0,461.25,462.25,11796.0
2025-05-22 18:00:00,462.25,463.25,462.0,462.75,17809.0
2025-05-23 00:00:00,462.75,464.25,462.5,463.75,0.0
2025-05-23 01:00:00,463.5,464.25,463.5,464.0,1177.0
2025-05-23 02:00:00,463.75,464.0,463.0,463.5,579.0
2025-05-23 03:00:00,463.5,463.5,463.0,463.0,151.0
2025-05-23 04:00:00,463.25,463.75,463.0,463.5,289.0
2025-05-23 05:00:00,463.5,464.25,463.5,464.25,459.0
2025-05-23 06:00:00,464.0,464.25,463.75,464.0,1000.0
2025-05-23 07:00:00,463.75,464.5,463.75,464.5,571.0
2025-05-23 08:00:00,464.25,464.5,462.5,462.75,809.0
2025-05-23 09:00:00,462.75,463.25,461.75,462.25,1065.0
2025-05-23 10:00:00,462.25,462.75,461.25,462.25,3638.0
2025-05-23 11:00:00,462.5,464.0,461.25,461.5,5357.0
2025-05-23 12:00:00,461.75,461.75,458.75,459.5,12026.0
2025-05-23 13:00:00,459.5,459.75,457.25,457.25,34272.0
2025-05-23 14:00:00,457.25,458.0,455.0,456.0,27210.0
2025-05-23 15:00:00,456.0,460.25,456.0,459.75,20381.0
2025-05-23 16:00:00,459.75,460.5,458.5,458.75,12998.0
2025-05-23 17:00:00,458.75,460.0,458.75,459.25,8279.0
2025-05-23 18:00:00,459.25,459.75,458.5,459.0,17937.0
2025-05-27 00:00:00,459.0,460.75,458.25,460.5,3652.0
2025-05-27 01:00:00,460.5,460.5,459.5,459.75,760.0
2025-05-27 02:00:00,459.75,459.75,459.25,459.25,412.0
2025-05-27 03:00:00,459.25,460.0,459.25,459.75,189.0
2025-05-27 04:00:00,459.75,459.75,459.75,459.75,16.0
2025-05-27 05:00:00,459.5,459.5,459.25,459.25,471.0
2025-05-27 06:00:00,459.5,460.0,458.5,458.75,1291.0
2025-05-27 07:00:00,458.75,459.25,458.25,458.5,1625.0
2025-05-27 08:00:00,458.5,459.0,458.25,458.5,1078.0
2025-05-27 09:00:00,458.5,460.0,458.0,458.5,2161.0
2025-05-27 10:00:00,458.25,458.25,456.5,456.75,2158.0
2025-05-27 11:00:00,456.75,458.25,456.0,458.0,1955.0
2025-05-27 12:00:00,458.0,460.0,457.5,458.75,3095.0
2025-05-27 13:00:00,458.5,462.25,457.75,461.75,31157.0
2025-05-27 14:00:00,461.75,463.0,457.75,459.0,23104.0
2025-05-27 15:00:00,459.0,460.0,458.0,459.5,12514.0
2025-05-27 16:00:00,459.5,459.75,457.5,458.75,12212.0
2025-05-27 17:00:00,458.5,459.25,457.25,458.25,11913.0
2025-05-27 18:00:00,458.0,459.75,458.0,458.25,21583.0
2025-05-28 00:00:00,459.5,461.25,459.25,460.5,0.0
2025-05-28 01:00:00,460.5,460.5,460.0,460.25,203.0
2025-05-28 02:00:00,460.25,461.25,460.0,461.25,673.0
2025-05-28 03:00:00,461.25,461.25,460.75,461.25,272.0
2025-05-28 04:00:00,461.25,461.75,461.0,461.0,629.0
2025-05-28 05:00:00,461.0,461.5,460.75,460.75,297.0
2025-05-28 06:00:00,460.75,461.25,460.75,461.25,1007.0
2025-05-28 07:00:00,461.25,462.0,461.25,461.5,1575.0
2025-05-28 08:00:00,461.75,462.5,461.25,462.5,1223.0
2025-05-28 09:00:00,462.25,463.0,462.25,462.75,3819.0
2025-05-28 10:00:00,462.75,462.75,461.25,461.5,1017.0
2025-05-28 11:00:00,461.5,461.75,460.75,461.0,1325.0
2025-05-28 12:00:00,460.75,461.5,459.25,459.5,2671.0
2025-05-28 13:00:00,459.5,459.75,455.25,457.75,32845.0
2025-05-28 14:00:00,457.75,459.0,453.75,454.25,36934.0
2025-05-28 15:00:00,454.25,455.0,452.75,453.75,19326.0
2025-05-28 16:00:00,454.0,454.0,450.0,450.75,28408.0
2025-05-28 17:00:00,450.75,452.0,450.0,450.75,14338.0
2025-05-28 18:00:00,450.75,451.75,450.0,450.75,18803.0
2025-05-29 00:00:00,452.25,453.0,450.75,451.25,0.0
2025-05-29 01:00:00,451.0,451.25,450.5,451.0,253.0
2025-05-29 02:00:00,451.0,451.0,450.5,450.75,265.0
2025-05-29 03:00:00,450.5,451.25,450.25,450.5,387.0
2025-05-29 04:00:00,450.75,450.75,450.5,450.75,410.0
2025-05-29 05:00:00,450.75,450.75,450.5,450.5,175.0
2025-05-29 06:00:00,450.5,451.0,450.5,451.0,527.0
2025-05-29 07:00:00,450.75,451.0,450.0,451.0,1547.0
2025-05-29 08:00:00,451.0,451.0,449.25,449.25,1808.0
2025-05-29 09:00:00,449.5,449.5,447.5,447.5,4109.0
2025-05-29 10:00:00,447.5,447.75,447.25,447.25,1871.0
2025-05-29 11:00:00,447.0,447.5,446.0,446.75,5909.0
2025-05-29 12:00:00,446.5,447.5,446.0,446.75,3415.0
2025-05-29 13:00:00,446.75,448.0,444.0,444.25,37226.0
2025-05-29 14:00:00,444.0,448.75,443.5,446.5,30258.0
2025-05-29 15:00:00,446.5,447.0,444.75,445.25,14737.0
2025-05-29 16:00:00,445.5,446.0,444.5,445.75,10959.0
2025-05-29 17:00:00,445.75,446.5,445.0,446.25,10024.0
2025-05-29 18:00:00,446.0,447.5,446.0,447.0,13842.0
2025-05-30 00:00:00,447.0,447.75,446.25,447.5,0.0
2025-05-30 01:00:00,447.5,448.0,447.5,447.75,537.0
2025-05-30 02:00:00,447.75,448.0,447.5,447.5,820.0
2025-05-30 03:00:00,447.5,447.75,447.25,447.5,74.0
2025-05-30 04:00:00,447.5,447.75,447.5,447.75,113.0
2025-05-30 05:00:00,447.75,448.0,447.5,447.75,216.0
2025-05-30 06:00:00,448.0,448.5,448.0,448.5,726.0
2025-05-30 07:00:00,448.5,449.0,448.25,448.5,595.0
2025-05-30 08:00:00,448.5,449.25,448.5,448.75,2128.0
2025-05-30 09:00:00,449.0,449.5,448.5,448.75,1632.0
2025-05-30 10:00:00,448.75,449.25,448.0,448.25,1787.0
2025-05-30 11:00:00,448.25,448.75,446.75,447.25,2640.0
2025-05-30 12:00:00,447.25,447.75,446.0,447.75,2957.0
2025-05-30 13:00:00,447.25,447.75,445.25,447.0,23661.0
2025-05-30 14:00:00,446.75,449.5,446.25,446.75,17652.0
2025-05-30 15:00:00,446.75,447.75,444.75,445.75,14902.0
2025-05-30 16:00:00,445.75,446.0,443.75,444.0,17199.0
2025-05-30 17:00:00,444.25,445.0,443.75,444.25,11129.0
2025-05-30 18:00:00,444.0,444.5,443.0,443.5,19826.0
2025-06-02 00:00:00,444.0,444.75,438.0,444.25,2448.0
2025-06-02 01:00:00,438.5,444.75,438.25,444.5,1024.0
2025-06-02 02:00:00,438.25,444.5,438.0,438.0,0.0
2025-06-02 03:00:00,444.25,444.25,437.5,437.5,735.0
2025-06-02 04:00:00,443.25,444.0,437.25,444.0,1953.0
2025-06-02 05:00:00,443.75,444.0,437.25,443.5,550.0
2025-06-02 06:00:00,443.5,444.75,437.25,444.5,0.0
2025-06-02 07:00:00,444.5,444.75,437.75,444.5,3156.0
2025-06-02 08:00:00,444.5,445.0,437.25,443.75,1046.0
2025-06-02 09:00:00,443.75,444.0,437.0,437.5,0.0
2025-06-02 10:00:00,443.75,446.25,437.0,446.25,6629.0
2025-06-02 11:00:00,446.0,447.0,438.0,445.5,2275.0
2025-06-02 12:00:00,438.25,447.25,438.25,439.5,0.0
2025-06-02 13:00:00,439.75,451.0,439.5,440.25,20584.0
2025-06-02 14:00:00,448.5,449.75,439.0,449.25,42050.0
2025-06-02 15:00:00,449.25,449.25,438.5,444.5,29383.0
2025-06-02 16:00:00,444.5,444.75,437.25,437.75,0.0
2025-06-02 17:00:00,441.0,441.5,437.0,440.5,66842.0
2025-06-02 18:00:00,437.25,440.5,435.25,438.25,32637.0
2025-06-03 00:00:00,436.0,439.0,435.0,436.0,0.0
2025-06-03 01:00:00,436.0,436.0,435.0,435.5,1732.0
2025-06-03 02:00:00,435.5,435.75,434.75,435.25,3414.0
2025-06-03 03:00:00,435.25,436.0,435.0,435.25,2031.0
2025-06-03 04:00:00,435.5,435.5,435.0,435.5,298.0
2025-06-03 05:00:00,435.25,435.5,434.75,434.75,1462.0
2025-06-03 06:00:00,434.75,435.5,434.25,435.0,3212.0
2025-06-03 07:00:00,434.75,435.0,434.25,434.5,4724.0
2025-06-03 08:00:00,434.75,435.5,434.5,435.25,2378.0
2025-06-03 09:00:00,435.25,437.0,434.75,437.0,1928.0
2025-06-03 10:00:00,437.0,438.5,436.0,437.75,4083.0
2025-06-03 11:00:00,438.0,439.75,436.25,439.25,5639.0
2025-06-03 12:00:00,439.5,442.0,437.25,442.0,6362.0
2025-06-03 13:00:00,441.75,442.0,436.25,436.5,0.0
2025-06-03 14:00:00,437.25,442.5,436.5,440.75,76883.0
2025-06-03 15:00:00,440.75,441.5,438.0,439.0,18660.0
2025-06-03 16:00:00,438.5,440.0,437.75,438.25,0.0
2025-06-03 17:00:00,438.5,439.5,437.25,438.75,89900.0
2025-06-03 18:00:00,439.0,439.0,437.75,438.25,17012.0
2025-06-04 00:00:00,438.5,439.25,438.0,438.5,0.0
2025-06-04 01:00:00,439.25,439.25,438.25,438.5,630.0
2025-06-04 02:00:00,438.25,439.5,438.25,438.75,256.0
2025-06-04 03:00:00,438.75,439.5,438.75,438.75,161.0
2025-06-04 04:00:00,439.5,440.0,439.0,439.75,0.0
2025-06-04 05:00:00,439.0,439.75,439.0,439.25,3107.0
2025-06-04 06:00:00,439.25,440.0,438.5,439.0,1284.0
2025-06-04 07:00:00,439.25,440.5,438.75,440.25,1889.0
2025-06-04 08:00:00,440.25,441.5,440.0,441.5,0.0
2025-06-04 09:00:00,440.75,441.75,440.5,441.5,5861.0
2025-06-04 10:00:00,441.5,441.75,440.75,441.75,963.0
2025-06-04 11:00:00,441.5,445.0,441.25,444.5,8161.0
2025-06-04 12:00:00,443.25,444.75,442.75,443.5,0.0
2025-06-04 13:00:00,444.0,446.0,442.5,443.25,42273.0
2025-06-04 14:00:00,443.0,444.25,440.0,440.75,26236.0
2025-06-04 15:00:00,440.75,443.0,439.0,443.0,17512.0
2025-06-04 16:00:00,443.0,445.0,442.25,442.75,16118.0
2025-06-04 17:00:00,444.5,444.75,438.25,443.0,0.0
2025-06-04 18:00:00,443.25,444.25,437.5,438.0,85871.0
2025-06-05 00:00:00,438.5,444.5,438.25,439.75,0.0
2025-06-05 01:00:00,440.0,445.0,439.75,440.5,1643.0
2025-06-05 02:00:00,440.5,444.75,440.0,440.25,353.0
2025-06-05 03:00:00,440.25,444.75,440.0,440.25,901.0
2025-06-05 04:00:00,440.25,444.75,439.75,440.0,820.0
2025-06-05 05:00:00,440.0,445.0,439.75,440.0,347.0
2025-06-05 06:00:00,440.0,445.0,439.5,439.75,2458.0
2025-06-05 07:00:00,439.75,446.5,439.75,441.5,3369.0
2025-06-05 08:00:00,445.75,445.75,440.75,441.5,1129.0
2025-06-05 09:00:00,441.5,446.0,440.5,441.25,2199.0
2025-06-05 10:00:00,441.25,446.75,440.75,446.75,0.0
2025-06-05 11:00:00,442.0,446.75,441.5,442.0,7814.0
2025-06-05 12:00:00,442.0,446.0,440.25,441.75,4459.0
2025-06-05 13:00:00,445.0,446.75,435.0,443.75,25661.0
2025-06-05 14:00:00,435.5,447.75,433.25,439.25,81088.0
2025-06-05 15:00:00,439.25,447.75,437.25,438.75,17982.0
2025-06-05 16:00:00,438.5,449.0,437.75,447.25,0.0
2025-06-05 17:00:00,447.0,448.5,438.25,448.25,11453.0
2025-06-05 18:00:00,448.0,449.0,438.0,447.25,15621.0
2025-06-06 00:00:00,447.0,450.5,438.25,450.0,0.0
2025-06-06 01:00:00,450.0,450.25,441.0,450.0,694.0
2025-06-06 02:00:00,441.25,450.0,441.0,441.5,0.0
2025-06-06 03:00:00,441.5,450.0,441.25,441.5,453.0
2025-06-06 04:00:00,441.5,450.0,441.25,441.25,320.0
2025-06-06 05:00:00,441.5,449.75,440.75,440.75,167.0
2025-06-06 06:00:00,449.5,450.0,440.25,440.5,1333.0
2025-06-06 07:00:00,440.5,449.25,438.0,447.25,2840.0
2025-06-06 08:00:00,438.0,447.5,436.25,445.5,3992.0
2025-06-06 09:00:00,436.5,446.25,436.25,436.75,243.0
2025-06-06 10:00:00,446.25,446.5,436.0,436.25,2673.0
2025-06-06 11:00:00,446.0,447.0,435.75,446.75,2944.0
2025-06-06 12:00:00,446.75,447.0,436.25,447.0,2708.0
2025-06-06 13:00:00,437.75,447.5,435.0,435.75,24421.0
2025-06-06 14:00:00,435.5,446.75,435.25,440.25,40544.0
2025-06-06 15:00:00,440.0,447.5,439.75,447.5,0.0
2025-06-06 16:00:00,443.75,449.0,443.5,448.5,7592.0
2025-06-06 17:00:00,444.0,449.25,442.75,448.0,7975.0
2025-06-06 18:00:00,443.25,449.5,441.25,442.0,17194.0
2025-06-09 00:00:00,442.25,448.75,441.25,442.25,2782.0
2025-06-09 01:00:00,442.25,449.0,442.25,448.5,3485.0
2025-06-09 02:00:00,443.5,449.5,443.5,444.75,0.0
2025-06-09 03:00:00,449.25,449.75,444.75,445.25,1124.0
2025-06-09 04:00:00,449.75,449.75,445.0,445.25,194.0
2025-06-09 05:00:00,445.0,450.0,445.0,445.5,340.0
2025-06-09 06:00:00,449.75,450.0,445.25,445.5,1190.0
2025-06-09 07:00:00,445.75,449.5,443.5,448.0,3896.0
2025-06-09 08:00:00,443.75,448.0,442.0,446.75,648.0
2025-06-09 09:00:00,441.75,446.5,440.75,446.25,1099.0
2025-06-09 10:00:00,441.0,446.75,440.75,441.0,2136.0
2025-06-09 11:00:00,445.5,445.75,440.0,444.25,3795.0
2025-06-09 12:00:00,440.5,444.5,438.75,439.75,3971.0
2025-06-09 13:00:00,440.0,443.5,436.25,440.75,17556.0
2025-06-09 14:00:00,440.75,441.75,436.0,437.5,32267.0
2025-06-09 15:00:00,441.0,441.25,435.0,439.5,1101.0
2025-06-09 16:00:00,439.75,440.0,435.75,436.5,46627.0
2025-06-09 17:00:00,436.25,439.75,434.0,434.0,29839.0
2025-06-09 18:00:00,434.0,439.25,432.75,433.0,32890.0
2025-06-10 00:00:00,433.5,439.0,431.5,432.0,0.0
2025-06-10 01:00:00,437.75,438.5,432.0,438.5,0.0
2025-06-10 02:00:00,433.25,438.5,433.0,438.0,891.0
2025-06-10 03:00:00,433.0,438.0,432.5,437.75,192.0
2025-06-10 04:00:00,438.0,438.0,432.5,433.0,6634.0
2025-06-10 05:00:00,432.75,438.0,432.5,433.0,461.0
2025-06-10 06:00:00,437.75,438.5,432.75,437.75,0.0
2025-06-10 07:00:00,433.25,437.5,431.0,431.25,9769.0
2025-06-10 08:00:00,431.25,436.25,430.75,436.0,0.0
2025-06-10 09:00:00,431.25,437.25,430.5,432.0,11694.0
2025-06-10 10:00:00,432.0,437.75,430.25,430.25,3863.0
2025-06-10 11:00:00,430.5,436.5,429.25,430.75,5395.0
2025-06-10 12:00:00,430.5,437.5,430.5,433.25,7941.0
2025-06-10 13:00:00,437.5,438.25,431.75,436.5,28796.0
2025-06-10 14:00:00,436.25,438.25,433.75,435.5,0.0
2025-06-10 15:00:00,435.0,436.0,433.75,435.5,14582.0
2025-06-10 16:00:00,434.5,439.0,434.25,437.75,73202.0
2025-06-10 17:00:00,437.75,439.5,436.75,437.75,19722.0
2025-06-10 18:00:00,437.75,440.0,437.25,439.0,30998.0
2025-06-11 00:00:00,439.0,441.25,439.0,440.75,0.0
2025-06-11 01:00:00,439.5,441.5,439.5,441.25,275.0
2025-06-11 02:00:00,440.25,441.5,439.75,440.25,11592.0
2025-06-11 03:00:00,440.25,441.0,440.0,440.75,0.0
2025-06-11 04:00:00,440.0,441.0,440.0,440.25,11533.0
2025-06-11 05:00:00,441.5,441.75,440.75,441.0,713.0
2025-06-11 06:00:00,440.75,442.0,440.5,441.75,1102.0
2025-06-11 07:00:00,441.5,443.0,441.5,442.5,2245.0
2025-06-11 08:00:00,442.5,443.25,442.25,443.0,2082.0
2025-06-11 09:00:00,443.0,443.0,441.5,442.5,0.0
2025-06-11 10:00:00,442.25,443.0,441.5,442.75,16978.0
2025-06-11 11:00:00,442.75,443.75,442.5,443.5,3159.0
2025-06-11 12:00:00,443.5,444.75,443.0,444.25,8521.0
2025-06-11 13:00:00,443.25,444.5,439.75,440.25,23599.0
2025-06-11 14:00:00,441.25,442.25,438.0,441.0,24035.0
2025-06-11 15:00:00,440.75,441.75,437.75,440.5,0.0
2025-06-11 16:00:00,440.75,440.75,439.0,439.5,65102.0
2025-06-11 17:00:00,439.5,440.0,436.25,437.0,22745.0
2025-06-11 18:00:00,439.5,440.25,436.0,436.5,25620.0
2025-06-12 00:00:00,439.75,440.0,435.5,436.5,0.0
2025-06-12 01:00:00,436.5,439.5,436.5,436.75,1088.0
2025-06-12 02:00:00,439.0,439.25,436.5,437.0,1218.0
2025-06-12 03:00:00,437.0,440.0,436.75,437.5,402.0
2025-06-12 04:00:00,437.25,439.75,437.0,437.25,75.0
2025-06-12 05:00:00,439.5,439.75,436.75,437.0,292.0
2025-06-12 06:00:00,439.5,439.5,436.0,436.0,757.0
2025-06-12 07:00:00,439.25,439.25,435.25,435.25,1247.0
2025-06-12 08:00:00,435.25,440.5,435.25,440.5,0.0
2025-06-12 09:00:00,436.75,441.5,436.5,438.0,3525.0
2025-06-12 10:00:00,438.0,442.0,437.25,441.0,0.0
2025-06-12 11:00:00,437.5,442.25,437.5,439.5,4297.0
2025-06-12 12:00:00,439.5,443.0,439.0,442.75,897.0
2025-06-12 13:00:00,440.25,443.25,436.75,439.0,24878.0
2025-06-12 14:00:00,441.0,441.75,438.5,439.25,17097.0
2025-06-12 15:00:00,439.5,441.5,437.75,441.0,0.0
2025-06-12 16:00:00,441.25,442.5,435.25,439.5,20433.0
2025-06-12 17:00:00,439.5,441.25,437.25,439.75,76522.0
2025-06-12 18:00:00,439.5,441.5,438.5,438.5,25113.0
2025-06-13 00:00:00,440.0,443.0,437.25,442.75,0.0
2025-06-13 01:00:00,442.5,444.0,440.25,443.0,1392.0
2025-06-13 02:00:00,441.0,443.75,441.0,441.75,2113.0
2025-06-13 03:00:00,442.0,443.25,441.0,441.5,382.0
2025-06-13 04:00:00,441.5,442.75,441.25,442.5,805.0
2025-06-13 05:00:00,442.5,442.75,440.5,440.75,337.0
2025-06-13 06:00:00,442.25,442.25,439.0,440.5,1007.0
2025-06-13 07:00:00,439.0,440.5,437.25,439.25,1505.0
2025-06-13 08:00:00,439.25,440.75,437.25,440.25,355.0
2025-06-13 09:00:00,438.0,440.25,436.0,436.75,3818.0
2025-06-13 10:00:00,440.0,440.0,435.0,435.0,2675.0
2025-06-13 11:00:00,435.0,440.0,435.0,435.25,4156.0
2025-06-13 12:00:00,435.25,440.5,435.25,436.25,3590.0
2025-06-13 13:00:00,439.25,443.25,436.25,442.25,12381.0
2025-06-13 14:00:00,442.25,443.75,440.25,442.25,48342.0
2025-06-13 15:00:00,441.25,442.75,440.25,442.5,0.0
2025-06-13 16:00:00,442.5,443.0,441.5,442.75,12997.0
2025-06-13 17:00:00,442.5,443.5,441.75,442.75,11488.0
2025-06-13 18:00:00,443.0,443.75,442.75,443.25,10952.0
2025-06-16 00:00:00,443.0,444.75,440.25,441.0,4875.0
2025-06-16 01:00:00,441.0,441.0,440.25,440.5,672.0
2025-06-16 02:00:00,440.5,440.75,440.25,440.5,427.0
2025-06-16 03:00:00,440.5,440.75,440.25,440.75,148.0
2025-06-16 04:00:00,440.75,441.0,440.5,440.5,179.0
2025-06-16 05:00:00,440.75,441.0,440.5,440.75,315.0
2025-06-16 06:00:00,440.5,440.5,440.0,440.25,653.0
2025-06-16 07:00:00,440.0,440.5,439.0,439.5,2540.0
2025-06-16 08:00:00,439.5,439.5,438.0,438.0,1650.0
2025-06-16 09:00:00,438.25,439.25,437.75,438.75,2530.0
2025-06-16 10:00:00,439.0,439.25,438.25,438.5,1085.0
2025-06-16 11:00:00,438.5,439.25,437.75,438.75,3467.0
2025-06-16 12:00:00,438.75,439.0,437.0,437.75,4727.0
2025-06-16 13:00:00,437.25,438.0,436.25,436.25,22292.0
2025-06-16 14:00:00,436.25,436.5,433.75,435.5,30543.0
2025-06-16 15:00:00,435.5,436.75,434.5,435.75,11222.0
2025-06-16 16:00:00,435.5,435.75,434.5,435.25,9024.0
2025-06-16 17:00:00,435.0,435.75,434.5,435.0,10886.0
2025-06-16 18:00:00,435.0,435.5,434.25,435.5,15362.0
2025-06-17 00:00:00,435.75,437.75,435.75,436.5,0.0
2025-06-17 01:00:00,436.5,437.5,436.0,437.25,1161.0
2025-06-17 02:00:00,437.25,437.5,437.0,437.5,441.0
2025-06-17 03:00:00,437.25,437.25,436.5,437.25,207.0
2025-06-17 04:00:00,437.25,437.25,437.0,437.25,74.0
2025-06-17 05:00:00,437.0,437.0,436.75,437.0,149.0
2025-06-17 06:00:00,437.25,437.25,436.25,436.5,444.0
2025-06-17 07:00:00,436.75,437.5,436.75,437.0,1173.0
2025-06-17 08:00:00,437.25,437.75,436.25,436.75,836.0
2025-06-17 09:00:00,436.75,437.25,436.5,436.5,1163.0
2025-06-17 10:00:00,436.5,437.25,436.5,436.5,774.0
2025-06-17 11:00:00,436.75,437.25,436.25,437.25,2031.0
2025-06-17 12:00:00,437.25,437.75,437.0,437.5,3288.0
2025-06-17 13:00:00,437.0,439.5,437.0,437.5,20837.0
2025-06-17 14:00:00,437.5,438.5,436.25,438.25,22624.0
2025-06-17 15:00:00,438.25,439.5,438.0,439.5,15030.0
2025-06-17 16:00:00,439.5,439.75,437.75,439.5,32355.0
2025-06-17 17:00:00,439.75,440.5,439.0,439.25,24477.0
2025-06-17 18:00:00,439.25,439.5,438.5,438.75,10610.0
2025-06-18 00:00:00,439.25,440.75,439.25,440.0,0.0
2025-06-18 01:00:00,440.0,441.0,439.75,440.75,600.0
2025-06-18 02:00:00,440.25,440.75,440.0,440.75,233.0
2025-06-18 03:00:00,440.5,440.5,440.25,440.25,207.0
2025-06-18 04:00:00,440.5,440.5,440.25,440.5,41.0
2025-06-18 05:00:00,440.25,440.5,440.25,440.25,764.0
2025-06-18 06:00:00,440.25,440.5,439.75,440.5,408.0
2025-06-18 07:00:00,440.5,441.0,440.0,440.75,817.0
2025-06-18 08:00:00,440.75,441.25,440.5,440.75,966.0
2025-06-18 09:00:00,440.75,440.75,440.0,440.0,659.0
2025-06-18 10:00:00,440.0,440.0,439.25,439.5,1497.0
2025-06-18 11:00:00,439.75,441.0,439.0,440.75,2212.0
2025-06-18 12:00:00,440.75,441.25,439.5,440.0,1549.0
2025-06-18 13:00:00,439.5,441.5,439.5,441.25,18661.0
2025-06-18 14:00:00,441.25,444.5,441.0,443.75,33919.0
2025-06-18 15:00:00,444.0,445.5,442.5,445.0,19560.0
2025-06-18 16:00:00,445.25,445.75,443.25,443.5,28124.0
2025-06-18 17:00:00,443.5,444.25,443.25,443.5,10520.0
2025-06-18 18:00:00,443.5,444.25,443.5,443.75,15178.0
2025-06-20 00:00:00,444.0,445.0,443.25,444.0,4436.0
2025-06-20 01:00:00,444.0,444.75,444.0,444.25,1558.0
2025-06-20 02:00:00,444.25,444.25,443.75,444.0,236.0
2025-06-20 03:00:00,444.0,444.0,442.5,443.0,1260.0
2025-06-20 04:00:00,443.25,443.25,442.75,443.0,71.0
2025-06-20 05:00:00,442.75,443.0,442.5,442.75,848.0
2025-06-20 06:00:00,442.75,443.5,442.5,443.25,1273.0
2025-06-20 07:00:00,443.25,445.0,443.0,444.5,1117.0
2025-06-20 08:00:00,444.75,446.75,444.5,446.5,3094.0
2025-06-20 09:00:00,446.25,446.75,445.5,446.0,3270.0
2025-06-20 10:00:00,445.75,446.0,445.5,446.0,801.0
2025-06-20 11:00:00,445.75,446.25,445.75,446.25,2501.0
2025-06-20 12:00:00,446.25,447.0,445.75,446.0,3276.0
2025-06-20 13:00:00,446.0,446.25,443.5,444.75,24199.0
2025-06-20 14:00:00,444.5,445.25,443.0,445.0,15839.0
2025-06-20 15:00:00,445.0,445.25,442.75,442.75,11586.0
2025-06-20 16:00:00,442.75,443.0,442.0,442.75,13027.0
2025-06-20 17:00:00,442.5,442.75,441.25,441.5,8845.0
2025-06-20 18:00:00,441.5,442.25,441.0,442.0,13332.0
2025-06-23 00:00:00,444.0,444.25,441.5,441.75,3584.0
2025-06-23 01:00:00,441.5,441.75,440.75,440.75,956.0
2025-06-23 02:00:00,441.0,441.0,440.0,440.5,3388.0
2025-06-23 03:00:00,440.5,440.5,440.0,440.5,168.0
2025-06-23 04:00:00,440.75,440.75,440.5,440.5,79.0
2025-06-23 05:00:00,440.5,440.75,440.0,440.25,811.0
2025-06-23 06:00:00,440.5,440.75,437.5,437.5,2002.0
2025-06-23 07:00:00,437.75,437.75,436.25,436.75,2636.0
2025-06-23 08:00:00,436.75,437.75,436.0,437.5,3385.0
2025-06-23 09:00:00,437.25,437.25,436.75,437.0,1035.0
2025-06-23 10:00:00,437.25,438.25,436.25,438.0,2264.0
2025-06-23 11:00:00,437.75,438.25,437.25,437.75,1988.0
2025-06-23 12:00:00,437.75,437.75,436.5,436.5,3883.0
2025-06-23 13:00:00,436.5,438.5,435.5,436.5,22385.0
2025-06-23 14:00:00,436.5,436.75,435.0,435.25,22823.0
2025-06-23 15:00:00,435.0,435.0,433.0,433.25,20787.0
2025-06-23 16:00:00,433.25,434.75,433.25,434.0,12142.0
2025-06-23 17:00:00,434.0,435.0,433.75,434.5,17217.0
2025-06-23 18:00:00,434.5,434.75,433.25,434.25,17219.0
2025-06-24 00:00:00,434.25,434.5,432.5,432.75,0.0
2025-06-24 01:00:00,432.75,434.25,432.75,434.0,1166.0
2025-06-24 02:00:00,434.0,434.5,434.0,434.5,343.0
2025-06-24 03:00:00,434.25,434.25,433.75,434.0,1220.0
2025-06-24 04:00:00,434.0,434.25,433.75,434.0,557.0
2025-06-24 05:00:00,433.75,434.0,433.0,433.25,166.0
2025-06-24 06:00:00,433.25,433.5,432.5,433.25,764.0
2025-06-24 07:00:00,433.25,433.75,432.25,433.0,2473.0
2025-06-24 08:00:00,433.0,433.25,431.5,431.75,3415.0
2025-06-24 09:00:00,431.75,433.0,431.5,432.75,2717.0
2025-06-24 10:00:00,432.75,433.75,432.5,433.75,2351.0
2025-06-24 11:00:00,433.5,433.5,431.5,431.5,4460.0
2025-06-24 12:00:00,431.5,432.0,431.0,431.75,3863.0
2025-06-24 13:00:00,432.0,434.25,431.25,433.75,25117.0
2025-06-24 14:00:00,433.75,434.5,432.0,432.5,26357.0
2025-06-24 15:00:00,432.5,433.0,430.75,431.0,17970.0
2025-06-24 16:00:00,431.25,431.25,430.5,430.75,22847.0
2025-06-24 17:00:00,431.0,431.25,430.0,430.0,12017.0
2025-06-24 18:00:00,430.25,430.25,428.5,428.75,20332.0
2025-06-25 00:00:00,429.25,430.5,429.0,429.25,0.0
2025-06-25 01:00:00,429.25,429.5,429.0,429.25,740.0
2025-06-25 02:00:00,429.5,429.5,428.5,428.5,475.0
2025-06-25 03:00:00,428.5,429.25,428.5,428.75,136.0
2025-06-25 04:00:00,429.0,429.5,429.0,429.0,929.0
2025-06-25 05:00:00,429.0,429.0,428.5,428.75,305.0
2025-06-25 06:00:00,428.75,428.75,427.5,427.75,2236.0
2025-06-25 07:00:00,427.75,428.25,426.5,427.0,4209.0
2025-06-25 08:00:00,427.0,427.0,426.25,427.0,1406.0
2025-06-25 09:00:00,426.75,426.75,426.0,426.5,2386.0
2025-06-25 10:00:00,426.25,426.5,425.5,425.75,2155.0
2025-06-25 11:00:00,425.75,425.75,425.0,425.25,2546.0
2025-06-25 12:00:00,425.0,425.75,424.5,425.5,4907.0
2025-06-25 13:00:00,425.5,425.5,421.5,423.5,34482.0
2025-06-25 14:00:00,423.5,424.0,421.0,421.25,29530.0
2025-06-25 15:00:00,422.0,423.75,422.0,423.25,16059.0
2025-06-25 16:00:00,423.25,425.0,423.0,423.75,20321.0
2025-06-25 17:00:00,423.5,423.75,422.25,422.75,17085.0
2025-06-25 18:00:00,422.5,423.5,422.0,422.75,21902.0
2025-06-26 00:00:00,422.25,423.75,422.25,423.0,0.0
2025-06-26 01:00:00,423.25,423.25,422.75,422.75,528.0
2025-06-26 02:00:00,422.75,423.0,422.5,422.75,1002.0
2025-06-26 03:00:00,422.5,422.75,422.5,422.75,396.0
2025-06-26 04:00:00,422.75,422.75,422.5,422.5,750.0
2025-06-26 05:00:00,422.75,422.75,422.0,422.5,1505.0
2025-06-26 06:00:00,422.25,422.75,420.5,421.0,2897.0
2025-06-26 07:00:00,421.0,421.0,419.25,420.0,5180.0
2025-06-26 08:00:00,420.0,424.75,420.0,424.5,5823.0
2025-06-26 09:00:00,424.5,425.25,423.75,425.25,2084.0
2025-06-26 10:00:00,425.25,426.0,424.0,424.5,3120.0
2025-06-26 11:00:00,424.5,425.0,422.0,422.25,3688.0
2025-06-26 12:00:00,422.0,423.5,421.25,423.5,6159.0
2025-06-26 13:00:00,424.0,424.0,421.0,423.25,22365.0
2025-06-26 14:00:00,423.25,425.5,422.0,423.5,21137.0
2025-06-26 15:00:00,423.25,424.25,421.0,421.25,15270.0
2025-06-26 16:00:00,421.25,423.0,421.0,421.75,11252.0
2025-06-26 17:00:00,421.5,422.25,420.25,421.75,14276.0
2025-06-26 18:00:00,422.0,422.25,420.75,421.0,15099.0
2025-06-27 00:00:00,421.25,424.75,421.25,424.0,0.0
2025-06-27 01:00:00,424.0,424.0,423.0,423.5,1176.0
2025-06-27 02:00:00,423.25,423.5,422.75,423.25,787.0
2025-06-27 03:00:00,423.25,423.25,422.5,422.75,374.0
2025-06-27 04:00:00,422.75,423.0,422.5,422.5,56.0
2025-06-27 05:00:00,422.75,423.25,422.75,423.25,462.0
2025-06-27 06:00:00,423.0,424.25,423.0,424.25,1144.0
2025-06-27 07:00:00,424.25,426.75,424.25,426.75,4285.0
2025-06-27 08:00:00,426.75,427.0,426.0,426.25,1717.0
2025-06-27 09:00:00,426.5,427.75,425.75,426.75,2530.0
2025-06-27 10:00:00,426.75,427.75,426.0,427.75,959.0
2025-06-27 11:00:00,427.75,428.0,426.0,426.25,2458.0
2025-06-27 12:00:00,426.0,427.25,424.75,426.5,6512.0
2025-06-27 13:00:00,426.25,427.75,425.0,425.5,20268.0
2025-06-27 14:00:00,425.5,426.75,424.5,425.75,12795.0
2025-06-27 15:00:00,426.0,426.0,423.25,423.75,12221.0
2025-06-27 16:00:00,423.75,426.25,423.5,425.0,32475.0
2025-06-27 17:00:00,425.25,427.5,424.5,426.75,18610.0
2025-06-27 18:00:00,427.0,427.5,426.0,426.5,21093.0
2025-06-30 00:00:00,426.5,429.25,426.5,427.0,2597.0
2025-06-30 01:00:00,426.75,427.5,426.5,426.75,2342.0
2025-06-30 02:00:00,426.5,426.5,426.0,426.5,322.0
2025-06-30 03:00:00,426.75,426.75,426.25,426.5,84.0
2025-06-30 04:00:00,426.75,426.75,426.25,426.5,113.0
2025-06-30 05:00:00,426.5,426.5,426.0,426.25,72.0
2025-06-30 06:00:00,426.25,426.25,425.5,425.75,499.0
2025-06-30 07:00:00,425.75,426.0,424.25,424.5,2518.0
2025-06-30 08:00:00,424.25,426.25,424.0,425.75,1762.0
2025-06-30 09:00:00,425.75,426.5,424.75,425.0,1718.0
2025-06-30 10:00:00,424.75,425.75,424.5,425.0,799.0
2025-06-30 11:00:00,425.0,425.25,423.25,424.0,2935.0
2025-06-30 12:00:00,424.0,424.25,422.75,424.0,3396.0
2025-06-30 13:00:00,423.75,426.25,423.0,426.0,13177.0
2025-06-30 14:00:00,426.0,427.75,425.25,427.5,18056.0
2025-06-30 15:00:00,427.5,428.25,425.0,425.25,25252.0
2025-06-30 16:00:00,425.25,429.5,422.25,425.25,80576.0
2025-06-30 17:00:00,425.25,427.25,424.75,425.25,15453.0
2025-06-30 18:00:00,425.25,426.75,424.75,425.5,19054.0
2025-07-01 00:00:00,424.0,425.0,422.25,422.25,0.0
2025-07-01 01:00:00,422.25,422.25,421.0,421.25,2598.0
2025-07-01 02:00:00,421.25,421.75,421.0,421.5,467.0
2025-07-01 03:00:00,421.75,422.0,421.5,421.75,433.0
2025-07-01 04:00:00,421.75,421.75,421.5,421.75,57.0
2025-07-01 05:00:00,421.75,421.75,421.25,421.5,133.0
2025-07-01 06:00:00,421.5,422.0,421.0,421.5,900.0
2025-07-01 07:00:00,421.5,421.5,419.25,419.75,5855.0
2025-07-01 08:00:00,419.75,421.0,419.5,419.75,2424.0
2025-07-01 09:00:00,419.75,420.0,419.25,419.25,1912.0
2025-07-01 10:00:00,419.25,419.75,419.0,419.5,5960.0
2025-07-01 11:00:00,419.5,420.75,418.75,418.75,5208.0
2025-07-01 12:00:00,419.0,419.25,417.0,418.0,7956.0
2025-07-01 13:00:00,418.5,421.0,416.5,420.5,38418.0
2025-07-01 14:00:00,420.5,423.0,419.75,422.25,26150.0
2025-07-01 15:00:00,422.25,424.0,422.25,423.0,15774.0
2025-07-01 16:00:00,423.25,423.25,420.0,421.25,15960.0
2025-07-01 17:00:00,421.25,423.0,421.0,422.25,10487.0
2025-07-01 18:00:00,422.0,422.5,420.75,421.75,23208.0
2025-07-02 00:00:00,422.25,422.5,420.5,420.5,0.0
2025-07-02 01:00:00,420.75,421.0,420.25,420.25,575.0
2025-07-02 02:00:00,420.25,420.75,418.25,419.0,3046.0
2025-07-02 03:00:00,419.0,419.25,418.0,418.5,2715.0
2025-07-02 04:00:00,418.5,418.75,418.0,418.25,887.0
2025-07-02 05:00:00,418.25,418.75,418.0,418.25,638.0
2025-07-02 06:00:00,418.0,418.25,417.5,417.75,743.0
2025-07-02 07:00:00,417.75,419.25,417.5,418.5,1164.0
2025-07-02 08:00:00,418.25,420.25,418.25,419.5,1774.0
2025-07-02 09:00:00,419.5,421.0,419.0,420.75,1373.0
2025-07-02 10:00:00,420.5,420.5,419.0,420.0,1121.0
2025-07-02 11:00:00,420.0,421.0,418.0,418.25,2486.0
2025-07-02 12:00:00,418.25,419.5,418.0,419.0,1957.0
2025-07-02 13:00:00,419.0,423.75,418.5,423.5,33712.0
2025-07-02 14:00:00,423.5,425.5,422.0,423.25,24967.0
2025-07-02 15:00:00,423.0,425.0,422.0,425.0,10101.0
2025-07-02 16:00:00,424.75,428.75,424.75,427.75,37852.0
2025-07-02 17:00:00,428.0,432.0,427.25,431.75,31939.0
2025-07-02 18:00:00,431.5,434.0,431.5,433.75,25247.0
2025-07-03 00:00:00,433.0,439.5,432.75,437.75,0.0
2025-07-03 01:00:00,437.5,438.0,435.75,437.25,2971.0
2025-07-03 02:00:00,437.25,438.0,436.25,437.0,1593.0
2025-07-03 03:00:00,437.25,437.5,436.5,436.5,1099.0
2025-07-03 13:30:00,439.0,440.25,436.25,438.0,28586.0
2025-07-03 14:30:00,438.0,442.25,436.75,438.25,36082.0
2025-07-03 15:30:00,438.5,439.0,437.0,437.5,17115.0
2025-07-03 16:30:00,437.5,438.5,436.5,437.75,22571.0
2025-07-03 17:00:00,437.75,438.0,434.5,436.0,19547.0
2025-07-07 00:00:00,429.5,429.75,424.0,428.25,14183.0
2025-07-07 01:00:00,428.0,428.0,427.0,427.5,1745.0
2025-07-07 02:00:00,427.25,427.75,427.0,427.25,1734.0
2025-07-07 03:00:00,427.5,427.5,426.5,427.0,738.0
2025-07-07 04:00:00,427.0,427.25,426.75,426.75,512.0
2025-07-07 05:00:00,426.75,426.75,426.25,426.25,395.0
2025-07-07 06:00:00,426.25,426.25,424.75,425.0,2402.0
2025-07-07 07:00:00,425.0,425.25,422.5,423.0,5866.0
2025-07-07 08:00:00,422.75,424.0,422.75,423.25,2860.0
2025-07-07 09:00:00,423.25,424.75,423.0,424.0,2175.0
2025-07-07 10:00:00,424.25,424.75,423.5,424.0,1193.0
2025-07-07 11:00:00,424.0,425.5,423.25,425.0,2736.0
2025-07-07 12:00:00,424.75,426.0,424.25,424.5,2661.0
2025-07-07 13:00:00,424.75,426.75,423.25,424.0,26446.0
2025-07-07 14:00:00,424.0,426.75,423.5,425.5,30988.0
2025-07-07 15:00:00,425.25,427.25,423.5,423.5,19397.0
2025-07-07 16:00:00,423.5,424.0,420.25,421.75,30726.0
2025-07-07 17:00:00,421.75,422.5,419.75,420.75,19907.0
2025-07-07 18:00:00,420.75,421.25,420.0,421.0,26679.0
2025-07-08 00:00:00,420.75,420.75,419.0,419.5,0.0
2025-07-08 01:00:00,419.25,420.0,419.0,419.75,1211.0
2025-07-08 02:00:00,419.75,420.0,419.5,419.75,134.0
2025-07-08 03:00:00,419.75,420.5,419.75,420.5,611.0
2025-07-08 04:00:00,420.25,420.5,420.0,420.25,80.0
2025-07-08 05:00:00,420.25,420.25,419.25,419.5,1287.0
2025-07-08 06:00:00,419.25,419.5,418.75,418.75,2499.0
2025-07-08 07:00:00,418.75,419.0,418.25,418.5,1161.0
2025-07-08 08:00:00,418.5,418.5,417.75,418.0,1804.0
2025-07-08 09:00:00,418.0,418.25,417.5,417.5,3286.0
2025-07-08 10:00:00,417.5,418.75,417.5,418.25,2054.0
2025-07-08 11:00:00,418.0,418.5,417.0,417.5,3081.0
2025-07-08 12:00:00,417.5,418.25,416.75,417.75,6221.0
2025-07-08 13:00:00,417.75,417.75,413.5,414.75,47140.0
2025-07-08 14:00:00,415.0,417.5,413.25,417.0,49618.0
2025-07-08 15:00:00,417.0,418.5,415.75,415.75,42971.0
2025-07-08 16:00:00,415.75,416.75,414.75,416.75,16788.0
2025-07-08 17:00:00,416.5,416.75,414.25,414.5,15830.0
2025-07-08 18:00:00,414.25,415.0,414.0,415.0,17818.0
2025-07-09 00:00:00,414.0,416.5,414.0,416.25,0.0
2025-07-09 01:00:00,416.0,416.0,415.25,415.5,2491.0
2025-07-09 02:00:00,415.5,416.0,415.5,415.5,792.0
2025-07-09 03:00:00,415.75,416.25,415.75,416.0,6822.0
2025-07-09 04:00:00,416.0,416.25,415.5,416.25,637.0
2025-07-09 05:00:00,416.0,416.25,415.5,415.5,1513.0
2025-07-09 06:00:00,415.5,415.5,415.0,415.25,1327.0
2025-07-09 07:00:00,415.5,415.75,414.25,414.75,4289.0
2025-07-09 08:00:00,414.75,416.0,414.5,416.0,1897.0
2025-07-09 09:00:00,416.0,416.25,415.5,416.0,1797.0
2025-07-09 10:00:00,416.25,416.25,413.5,413.5,2098.0
2025-07-09 11:00:00,413.5,413.75,412.25,412.5,3461.0
2025-07-09 12:00:00,412.5,412.75,411.75,412.25,5196.0
2025-07-09 13:00:00,412.75,414.5,411.75,413.75,22970.0
2025-07-09 14:00:00,413.75,414.25,412.0,412.75,28049.0
2025-07-09 15:00:00,412.75,416.25,412.75,416.25,35820.0
2025-07-09 16:00:00,416.25,416.5,415.5,416.25,15413.0
2025-07-09 17:00:00,416.0,416.5,415.0,415.25,29659.0
2025-07-09 18:00:00,415.5,416.0,415.0,416.0,0.0
2025-07-10 00:00:00,415.0,415.5,412.75,413.0,6669.0
2025-07-10 01:00:00,413.0,414.0,412.5,413.25,1247.0
2025-07-10 02:00:00,413.5,413.75,413.0,413.5,170.0
2025-07-10 03:00:00,413.75,414.0,413.5,413.75,184.0
2025-07-10 04:00:00,413.5,414.0,413.5,413.5,192.0
2025-07-10 05:00:00,413.5,413.5,412.75,413.5,349.0
2025-07-10 06:00:00,413.5,414.0,413.25,413.5,502.0
2025-07-10 07:00:00,413.5,413.75,412.75,412.75,1439.0
2025-07-10 08:00:00,412.75,414.5,412.75,414.25,1137.0
2025-07-10 09:00:00,414.5,414.75,413.75,414.25,1329.0
2025-07-10 10:00:00,414.25,415.75,414.0,415.5,1780.0
2025-07-10 11:00:00,415.25,416.5,414.0,414.0,3753.0
2025-07-10 12:00:00,413.75,414.5,413.0,413.75,5758.0
2025-07-10 13:00:00,413.5,416.75,412.5,415.75,20975.0
2025-07-10 14:00:00,415.75,417.0,415.0,415.25,38656.0
2025-07-10 15:00:00,415.5,416.0,414.25,414.5,15662.0
2025-07-10 16:00:00,414.25,417.0,414.25,416.5,12150.0
2025-07-10 17:00:00,416.25,417.0,415.0,417.0,15701.0
2025-07-10 18:00:00,416.75,417.0,415.75,416.5,16588.0
2025-07-11 00:00:00,416.0,416.5,414.0,414.25,0.0
2025-07-11 01:00:00,414.25,416.25,414.25,416.0,936.0
2025-07-11 02:00:00,416.0,417.25,416.0,416.5,1187.0
2025-07-11 03:00:00,416.5,416.5,416.0,416.25,232.0
2025-07-11 04:00:00,416.25,417.0,416.25,416.75,172.0
2025-07-11 05:00:00,416.75,417.5,416.0,416.5,1096.0
2025-07-11 06:00:00,416.25,416.5,415.0,415.0,1317.0
2025-07-11 07:00:00,415.0,416.0,414.5,415.25,890.0
2025-07-11 08:00:00,415.5,416.25,414.5,414.75,958.0
2025-07-11 09:00:00,414.75,415.5,414.5,415.25,767.0
2025-07-11 10:00:00,415.5,416.5,415.25,415.5,1802.0
2025-07-11 11:00:00,415.5,415.75,415.0,415.25,932.0
2025-07-11 12:00:00,415.25,415.25,414.0,414.25,6307.0
2025-07-11 13:00:00,414.75,416.25,414.0,415.0,13346.0
2025-07-11 14:00:00,414.75,415.5,413.5,415.0,21411.0
2025-07-11 15:00:00,415.0,417.25,413.75,416.5,16037.0
2025-07-11 16:00:00,416.25,418.0,411.5,413.5,46945.0
2025-07-11 17:00:00,413.25,413.75,411.75,411.75,15586.0
2025-07-11 18:00:00,412.0,413.0,411.5,412.25,16756.0
2025-07-14 04:00:00,411.25,411.5,411.0,411.5,0.0
2025-07-14 05:00:00,411.5,412.0,411.0,411.0,461.0
2025-07-14 06:00:00,411.0,412.5,410.75,411.75,1258.0
2025-07-14 07:00:00,411.75,414.0,411.75,413.75,1079.0
2025-07-14 08:00:00,413.5,415.5,413.5,415.25,2067.0
2025-07-14 09:00:00,415.5,416.25,414.75,415.25,2311.0
2025-07-14 10:00:00,415.25,415.75,413.5,414.5,3563.0
2025-07-14 11:00:00,414.75,417.0,414.25,417.0,4931.0
2025-07-14 12:00:00,416.75,417.75,415.5,416.0,5784.0
2025-07-14 13:00:00,415.5,417.0,414.5,416.25,31965.0
2025-07-14 14:00:00,416.5,417.75,414.75,416.25,25506.0
2025-07-14 15:00:00,416.25,416.5,414.25,414.5,8354.0
2025-07-14 16:00:00,414.75,415.75,414.25,414.75,32589.0
2025-07-14 17:00:00,415.0,417.0,414.75,416.75,21953.0
2025-07-14 18:00:00,416.75,418.75,416.5,418.5,43545.0
2025-07-15 00:00:00,417.75,419.5,417.0,417.75,0.0
2025-07-15 01:00:00,417.75,418.75,417.5,418.75,2494.0
2025-07-15 02:00:00,418.75,419.25,418.25,418.75,1429.0
2025-07-15 03:00:00,418.75,418.75,418.5,418.5,360.0
2025-07-15 04:00:00,418.75,419.25,418.75,418.75,342.0
2025-07-15 05:00:00,418.75,419.25,418.75,419.0,66.0
2025-07-15 06:00:00,419.25,419.25,417.75,418.0,358.0
2025-07-15 07:00:00,417.75,417.75,415.75,417.0,3119.0
2025-07-15 08:00:00,417.0,418.25,416.75,417.25,1027.0
2025-07-15 09:00:00,417.25,417.75,414.75,414.75,2847.0
2025-07-15 10:00:00,414.75,415.5,414.0,414.25,1247.0
2025-07-15 11:00:00,414.25,415.75,413.75,414.25,2254.0
2025-07-15 12:00:00,414.25,414.25,413.0,413.75,2887.0
2025-07-15 13:00:00,414.0,418.25,414.0,416.5,26133.0
2025-07-15 14:00:00,416.5,420.0,416.0,419.25,43749.0
2025-07-15 15:00:00,419.25,424.0,419.25,421.75,43041.0
2025-07-15 16:00:00,421.5,422.25,419.75,421.0,18502.0
2025-07-15 17:00:00,421.25,421.75,419.0,419.25,22134.0
2025-07-15 18:00:00,419.25,420.25,419.0,419.25,21839.0
2025-07-16 00:00:00,419.0,420.75,418.75,420.75,0.0
2025-07-16 01:00:00,420.75,422.25,420.5,421.75,1259.0
2025-07-16 02:00:00,421.75,422.75,421.25,421.25,3096.0
2025-07-16 03:00:00,421.25,422.0,421.25,422.0,310.0
2025-07-16 04:00:00,421.75,422.25,421.75,422.0,66.0
2025-07-16 05:00:00,422.0,422.5,422.0,422.5,680.0
2025-07-16 06:00:00,422.75,423.75,422.5,423.5,1601.0
2025-07-16 07:00:00,423.5,423.75,423.0,423.75,1087.0
2025-07-16 08:00:00,423.5,425.0,423.5,425.0,5613.0
2025-07-16 09:00:00,424.75,425.5,423.5,424.75,3793.0
2025-07-16 10:00:00,424.75,425.75,424.5,425.25,1798.0
2025-07-16 11:00:00,425.0,425.5,424.0,424.75,3130.0
2025-07-16 12:00:00,424.75,425.5,424.0,424.75,5497.0
2025-07-16 13:00:00,424.25,425.0,421.75,423.25,27627.0
2025-07-16 14:00:00,423.25,423.75,420.75,423.0,20870.0
2025-07-16 15:00:00,423.0,425.75,422.5,423.0,55004.0
2025-07-16 16:00:00,423.0,424.0,421.5,423.5,15519.0
2025-07-16 17:00:00,423.5,424.25,423.25,423.75,12519.0
2025-07-16 18:00:00,423.75,424.5,423.5,424.5,20718.0
2025-07-17 00:00:00,423.5,425.25,423.25,424.0,0.0
2025-07-17 01:00:00,424.25,425.25,424.25,425.25,516.0
2025-07-17 02:00:00,425.0,425.25,424.5,424.5,3095.0
2025-07-17 03:00:00,424.5,424.75,423.5,424.0,1730.0
2025-07-17 04:00:00,424.0,424.25,423.5,424.0,106.0
2025-07-17 05:00:00,424.0,424.0,423.75,424.0,30.0
2025-07-17 06:00:00,423.75,425.0,423.75,425.0,744.0
2025-07-17 07:00:00,424.75,425.75,424.5,425.5,1098.0
2025-07-17 08:00:00,425.5,425.5,423.0,424.0,2824.0
2025-07-17 09:00:00,424.25,424.25,422.0,422.25,2797.0
2025-07-17 10:00:00,422.25,423.0,421.75,421.75,1520.0
2025-07-17 11:00:00,421.75,423.75,421.25,423.5,2898.0
2025-07-17 12:00:00,423.75,425.25,423.0,423.0,4126.0
2025-07-17 13:00:00,422.5,425.0,422.5,423.5,14338.0
2025-07-17 14:00:00,423.25,424.5,422.0,423.0,18874.0
2025-07-17 15:00:00,423.0,424.0,421.75,423.75,12124.0
2025-07-17 16:00:00,424.0,424.75,420.0,421.0,16483.0
2025-07-17 17:00:00,421.0,422.0,419.5,421.0,14091.0
2025-07-17 18:00:00,421.0,421.5,420.25,420.75,11325.0
2025-07-18 00:00:00,421.5,423.5,421.5,422.25,0.0
2025-07-18 01:00:00,422.5,423.5,422.25,423.0,1083.0
2025-07-18 02:00:00,423.0,423.75,422.75,423.75,580.0
2025-07-18 03:00:00,423.75,425.25,423.5,424.75,2479.0
2025-07-18 04:00:00,425.0,425.5,424.75,425.25,251.0
2025-07-18 05:00:00,425.5,426.0,425.25,426.0,1260.0
2025-07-18 06:00:00,426.0,426.0,425.25,425.75,1150.0
2025-07-18 07:00:00,425.5,426.75,425.25,426.25,1556.0
2025-07-18 08:00:00,426.5,427.75,426.5,427.0,2648.0
2025-07-18 09:00:00,427.25,428.0,426.75,427.75,1934.0
2025-07-18 10:00:00,428.0,428.5,427.0,427.25,5005.0
2025-07-18 11:00:00,427.25,427.75,427.0,427.25,2147.0
2025-07-18 12:00:00,427.25,428.0,426.25,426.25,3102.0
2025-07-18 13:00:00,426.0,430.25,426.0,428.75,39090.0
2025-07-18 14:00:00,428.75,429.25,426.75,427.25,16256.0
2025-07-18 15:00:00,427.5,428.75,426.75,427.0,16256.0
2025-07-18 16:00:00,427.0,430.0,426.75,428.75,13673.0
2025-07-18 17:00:00,428.75,429.0,427.25,427.25,15678.0
2025-07-18 18:00:00,427.25,428.25,426.5,427.75,23084.0
2025-07-21 04:00:00,426.25,426.25,426.0,426.25,0.0
2025-07-21 05:00:00,426.0,427.0,426.0,426.5,190.0
2025-07-21 06:00:00,426.5,426.5,425.5,426.25,1737.0
2025-07-21 07:00:00,426.25,426.5,424.25,424.5,2193.0
2025-07-21 08:00:00,424.25,425.0,424.0,424.5,1048.0
2025-07-21 09:00:00,424.5,425.25,424.5,424.75,1496.0
2025-07-21 10:00:00,425.0,425.75,424.25,425.25,2544.0
2025-07-21 11:00:00,425.25,426.5,425.0,426.5,2566.0
2025-07-21 12:00:00,426.5,426.5,424.25,425.0,2910.0
2025-07-21 13:00:00,424.75,425.75,421.25,421.25,23827.0
2025-07-21 14:00:00,421.5,422.25,420.5,421.0,19873.0
2025-07-21 15:00:00,421.0,421.5,420.0,420.25,14379.0
2025-07-21 16:00:00,420.25,421.25,420.25,420.5,9142.0
2025-07-21 17:00:00,420.5,422.0,420.0,421.75,17017.0
2025-07-21 18:00:00,421.75,422.75,421.5,422.5,18858.0
2025-07-22 00:00:00,423.25,424.75,422.5,423.25,0.0
2025-07-22 01:00:00,423.25,423.25,422.75,422.75,1208.0
2025-07-22 02:00:00,422.75,423.0,422.5,423.0,1603.0
2025-07-22 03:00:00,423.0,423.75,423.0,423.0,324.0
2025-07-22 04:00:00,423.0,423.25,422.5,422.5,201.0
2025-07-22 05:00:00,422.5,422.75,421.0,421.0,1645.0
2025-07-22 06:00:00,421.0,422.0,420.5,420.75,1975.0
2025-07-22 07:00:00,420.75,421.25,420.0,420.0,1849.0
2025-07-22 08:00:00,420.0,420.75,419.75,419.75,1364.0
2025-07-22 09:00:00,420.0,420.25,418.75,419.25,1753.0
2025-07-22 10:00:00,419.25,419.25,417.75,418.25,3961.0
2025-07-22 11:00:00,418.0,418.25,416.75,417.5,5592.0
2025-07-22 12:00:00,417.75,418.5,417.25,418.0,4534.0
2025-07-22 13:00:00,418.0,420.25,417.75,419.25,21472.0
2025-07-22 14:00:00,419.25,420.0,418.5,419.25,15425.0
2025-07-22 15:00:00,419.25,420.25,419.0,419.5,9486.0
2025-07-22 16:00:00,419.75,420.5,419.0,419.75,12671.0
2025-07-22 17:00:00,419.75,419.75,418.0,418.0,9101.0
2025-07-22 18:00:00,418.0,418.5,417.5,417.5,19298.0
2025-07-23 00:00:00,418.0,419.0,417.5,418.75,0.0
2025-07-23 01:00:00,419.0,419.5,418.5,418.5,1846.0
2025-07-23 02:00:00,418.5,418.75,418.25,418.25,151.0
2025-07-23 03:00:00,418.25,419.0,418.0,418.75,235.0
2025-07-23 04:00:00,418.75,419.0,418.5,418.75,202.0
2025-07-23 05:00:00,418.75,419.5,418.75,419.25,1248.0
2025-07-23 06:00:00,419.0,419.25,417.25,417.75,1073.0
2025-07-23 07:00:00,418.0,418.0,417.0,417.5,611.0
2025-07-23 08:00:00,417.5,418.75,417.0,417.5,2275.0
2025-07-23 09:00:00,417.5,419.0,417.25,418.0,2398.0
2025-07-23 10:00:00,418.0,420.25,417.5,419.25,2884.0
2025-07-23 11:00:00,419.25,419.75,417.75,419.0,3507.0
2025-07-23 12:00:00,419.0,419.0,417.75,418.0,1897.0
2025-07-23 13:00:00,418.0,419.75,417.75,417.75,11188.0
2025-07-23 14:00:00,417.75,418.25,416.0,416.0,15406.0
2025-07-23 15:00:00,416.0,417.75,415.75,417.5,12620.0
2025-07-23 16:00:00,417.5,418.25,417.0,417.25,6436.0
2025-07-23 17:00:00,417.25,418.0,417.0,417.5,12529.0
2025-07-23 18:00:00,417.25,417.75,416.75,417.75,11609.0
2025-07-24 00:00:00,417.5,418.75,417.5,418.25,0.0
2025-07-24 01:00:00,418.25,418.5,417.5,418.0,339.0
2025-07-24 02:00:00,418.0,418.75,418.0,418.5,2227.0
2025-07-24 03:00:00,418.5,418.75,418.25,418.25,88.0
2025-07-24 04:00:00,418.5,418.75,418.25,418.5,151.0
2025-07-24 05:00:00,418.5,419.25,418.5,419.0,296.0
2025-07-24 06:00:00,418.75,419.5,418.75,419.25,189.0
2025-07-24 07:00:00,419.25,420.0,419.25,419.75,934.0
2025-07-24 08:00:00,419.5,420.5,418.75,420.5,1963.0
2025-07-24 09:00:00,420.5,420.75,419.75,419.75,7419.0
2025-07-24 10:00:00,420.0,421.0,419.5,419.75,2185.0
2025-07-24 11:00:00,419.5,420.0,418.25,419.0,3147.0
2025-07-24 12:00:00,418.75,420.0,418.25,419.5,4757.0
2025-07-24 13:00:00,421.25,423.0,418.25,418.75,27735.0
2025-07-24 14:00:00,418.5,420.75,418.5,419.75,13568.0
2025-07-24 15:00:00,420.0,420.5,418.0,418.75,7768.0
2025-07-24 16:00:00,419.0,419.5,418.5,418.75,10392.0
2025-07-24 17:00:00,418.75,420.25,418.5,419.5,11612.0
2025-07-24 18:00:00,419.25,421.25,419.25,421.0,17472.0
2025-07-25 00:00:00,420.5,422.0,420.25,421.5,0.0
2025-07-25 01:00:00,421.75,421.75,421.0,421.0,598.0
2025-07-25 02:00:00,421.25,421.25,420.5,420.75,265.0
2025-07-25 03:00:00,420.5,420.75,420.25,420.5,341.0
2025-07-25 04:00:00,420.25,420.25,420.0,420.25,97.0
2025-07-25 05:00:00,420.5,421.75,420.25,421.5,806.0
2025-07-25 06:00:00,421.5,421.75,420.5,420.75,283.0
2025-07-25 07:00:00,420.75,420.75,419.25,419.25,1072.0
2025-07-25 08:00:00,419.25,419.75,418.75,419.25,1121.0
2025-07-25 09:00:00,419.5,419.75,418.75,419.25,1087.0
2025-07-25 10:00:00,419.25,419.5,418.75,419.0,465.0
2025-07-25 11:00:00,418.75,419.25,418.5,419.0,2376.0
2025-07-25 12:00:00,419.0,419.25,418.25,418.75,2746.0
2025-07-25 13:00:00,418.5,420.25,418.25,419.75,14563.0
2025-07-25 14:00:00,419.5,419.75,418.5,418.5,18156.0
2025-07-25 15:00:00,418.75,418.75,417.75,418.5,6113.0
2025-07-25 16:00:00,418.5,418.75,417.75,417.75,7486.0
2025-07-25 17:00:00,418.0,419.25,417.75,418.75,11993.0
2025-07-25 18:00:00,419.0,419.25,418.5,419.0,16141.0
2025-07-28 04:00:00,417.75,417.75,417.5,417.75,0.0
2025-07-28 05:00:00,417.75,417.75,416.75,416.75,692.0
2025-07-28 06:00:00,416.75,417.0,415.75,416.0,1835.0
2025-07-28 07:00:00,416.0,416.5,415.25,415.25,2098.0
2025-07-28 08:00:00,415.25,415.5,414.75,415.25,1559.0
2025-07-28 09:00:00,415.5,415.5,415.0,415.25,1452.0
2025-07-28 10:00:00,415.5,416.75,415.5,416.5,1148.0
2025-07-28 11:00:00,416.5,419.0,416.25,417.25,4371.0
2025-07-28 12:00:00,417.5,418.0,416.75,417.0,8814.0
2025-07-28 13:00:00,416.75,419.75,414.25,414.75,31996.0
2025-07-28 14:00:00,414.5,415.25,412.75,415.0,31765.0
2025-07-28 15:00:00,415.0,415.5,413.25,414.0,9956.0
2025-07-28 16:00:00,414.0,415.25,413.75,414.5,10245.0
2025-07-28 17:00:00,414.5,415.0,413.25,413.75,17269.0
2025-07-28 18:00:00,413.5,414.5,413.25,413.25,0.0
2025-07-29 00:00:00,412.5,414.0,412.5,413.5,6393.0
2025-07-29 01:00:00,413.5,414.0,413.5,413.75,2237.0
2025-07-29 02:00:00,414.0,414.0,413.5,414.0,438.0
2025-07-29 03:00:00,414.0,414.25,413.75,414.25,512.0
2025-07-29 04:00:00,414.25,414.5,414.0,414.25,261.0
2025-07-29 05:00:00,414.25,415.0,414.0,414.75,535.0
2025-07-29 06:00:00,414.75,415.0,414.5,414.5,937.0
2025-07-29 07:00:00,414.5,414.5,413.75,414.25,1833.0
2025-07-29 08:00:00,414.5,415.0,414.25,414.25,2493.0
2025-07-29 09:00:00,414.25,415.0,414.25,414.25,1848.0
2025-07-29 10:00:00,414.25,415.0,414.0,414.75,660.0
2025-07-29 11:00:00,414.5,414.75,413.25,413.5,2466.0
2025-07-29 12:00:00,413.25,413.75,412.75,413.5,2796.0
2025-07-29 13:00:00,413.5,414.0,410.75,411.0,34585.0
2025-07-29 14:00:00,411.25,411.25,409.25,410.75,42680.0
2025-07-29 15:00:00,410.75,410.75,409.25,410.25,28000.0
2025-07-29 16:00:00,410.25,411.5,409.75,410.75,33190.0
2025-07-29 17:00:00,410.5,412.0,410.25,411.25,15212.0
2025-07-29 18:00:00,411.5,411.5,410.5,410.75,17318.0
2025-07-30 00:00:00,411.0,411.25,410.25,410.5,0.0
2025-07-30 01:00:00,411.0,411.0,410.25,410.5,1126.0
2025-07-30 02:00:00,410.75,411.25,410.5,410.75,1413.0
2025-07-30 03:00:00,410.75,410.75,410.25,410.25,412.0
2025-07-30 04:00:00,410.5,410.5,410.25,410.5,66.0
2025-07-30 05:00:00,410.5,411.0,410.25,411.0,1419.0
2025-07-30 06:00:00,411.0,411.25,410.0,411.25,1134.0
2025-07-30 07:00:00,411.0,411.75,410.75,410.75,1622.0
2025-07-30 08:00:00,411.0,412.0,410.75,412.0,3140.0
2025-07-30 09:00:00,411.75,412.0,411.0,411.75,830.0
2025-07-30 10:00:00,411.75,412.0,410.75,411.25,1701.0
2025-07-30 11:00:00,411.25,411.75,410.5,411.0,2655.0
2025-07-30 12:00:00,411.25,411.75,410.25,411.0,3163.0
2025-07-30 13:00:00,410.75,413.75,410.75,412.75,26092.0
2025-07-30 14:00:00,412.75,414.5,412.75,414.0,28519.0
2025-07-30 15:00:00,413.75,413.75,411.5,411.75,20351.0
2025-07-30 16:00:00,411.75,413.25,411.5,413.0,12310.0
2025-07-30 17:00:00,413.0,414.0,412.0,412.25,10391.0
2025-07-30 18:00:00,412.25,412.75,411.5,412.5,21796.0
2025-07-31 00:00:00,412.0,413.0,411.5,413.0,0.0
2025-07-31 01:00:00,412.75,413.25,412.5,412.5,170.0
2025-07-31 02:00:00,412.75,412.75,412.5,412.5,339.0
2025-07-31 03:00:00,412.5,412.75,412.0,412.0,407.0
2025-07-31 04:00:00,412.25,412.5,412.0,412.0,50.0
2025-07-31 05:00:00,412.25,412.75,412.0,412.5,513.0
2025-07-31 06:00:00,412.5,412.75,412.0,412.0,359.0
2025-07-31 07:00:00,411.75,412.0,411.5,411.75,843.0
2025-07-31 08:00:00,412.0,413.75,412.0,413.5,1552.0
2025-07-31 09:00:00,413.0,414.0,412.5,412.5,724.0
2025-07-31 10:00:00,412.5,412.75,412.0,412.25,567.0
2025-07-31 11:00:00,412.0,412.25,410.5,411.0,2116.0
2025-07-31 12:00:00,410.75,412.0,410.25,410.5,4502.0
2025-07-31 13:00:00,411.75,412.0,408.75,409.25,27607.0
2025-07-31 14:00:00,409.0,412.0,408.75,411.75,39816.0
2025-07-31 15:00:00,411.75,413.75,411.5,413.0,33025.0
2025-07-31 16:00:00,412.75,413.5,412.75,413.25,9845.0
2025-07-31 17:00:00,413.25,413.75,412.75,413.5,18871.0
2025-07-31 18:00:00,413.25,414.25,413.25,413.75,17359.0
2025-08-01 00:00:00,413.25,414.5,413.0,413.75,0.0
2025-08-01 01:00:00,413.5,414.5,413.5,414.0,507.0
2025-08-01 02:00:00,414.0,414.25,413.5,413.75,664.0
2025-08-01 03:00:00,414.0,414.25,413.75,414.25,518.0
2025-08-01 04:00:00,414.25,414.25,414.0,414.25,229.0
2025-08-01 05:00:00,414.25,414.75,414.25,414.5,905.0
2025-08-01 06:00:00,414.5,415.75,414.0,415.75,1589.0
2025-08-01 07:00:00,415.5,416.0,415.25,415.75,1579.0
2025-08-01 08:00:00,415.5,416.0,414.5,414.75,2263.0
2025-08-01 09:00:00,415.0,415.25,414.25,415.25,1700.0
2025-08-01 10:00:00,415.0,415.5,414.5,414.75,1466.0
2025-08-01 11:00:00,415.0,415.25,414.0,414.25,1973.0
2025-08-01 12:00:00,414.25,414.5,412.75,413.5,3032.0
2025-08-01 13:00:00,413.75,414.5,411.25,411.5,22987.0
2025-08-01 14:00:00,411.25,414.25,411.0,413.25,22738.0
2025-08-01 15:00:00,413.25,413.5,410.5,411.25,14012.0
2025-08-01 16:00:00,411.0,411.25,410.0,410.25,11864.0
2025-08-01 17:00:00,410.25,412.5,410.25,411.5,18506.0
2025-08-01 18:00:00,411.75,411.75,410.25,411.0,21928.0
2025-08-04 04:00:00,410.75,411.0,410.75,411.0,0.0
2025-08-04 05:00:00,410.75,411.0,410.5,410.75,97.0
2025-08-04 06:00:00,410.75,411.75,410.5,411.5,639.0
2025-08-04 07:00:00,411.5,411.5,410.0,410.5,1594.0
2025-08-04 08:00:00,410.25,410.5,409.25,409.5,3303.0
2025-08-04 09:00:00,409.75,409.75,409.0,409.25,1870.0
2025-08-04 10:00:00,409.25,409.5,408.75,409.0,1617.0
2025-08-04 11:00:00,409.0,409.25,408.5,408.5,2400.0
2025-08-04 12:00:00,408.75,409.75,408.5,409.25,3451.0
2025-08-04 13:00:00,409.5,412.25,409.25,412.25,34275.0
2025-08-04 14:00:00,412.0,412.25,409.5,410.0,22227.0
2025-08-04 15:00:00,410.25,410.5,409.25,409.25,11806.0
2025-08-04 16:00:00,409.25,409.75,407.75,408.0,18876.0
2025-08-04 17:00:00,408.0,408.5,407.25,407.5,21051.0
2025-08-04 18:00:00,407.5,407.75,406.75,407.0,19126.0
2025-08-05 00:00:00,406.0,406.5,404.25,404.5,0.0
2025-08-05 01:00:00,404.5,404.75,403.75,404.0,4674.0
2025-08-05 02:00:00,404.0,404.25,403.75,403.75,608.0
2025-08-05 03:00:00,403.75,404.25,403.75,404.0,167.0
2025-08-05 04:00:00,403.75,404.0,403.75,403.75,919.0
2025-08-05 05:00:00,403.75,404.0,403.5,403.5,1018.0
2025-08-05 06:00:00,403.5,403.75,403.25,403.25,1610.0
2025-08-05 07:00:00,403.25,404.5,403.25,404.25,2236.0
2025-08-05 08:00:00,404.25,405.0,404.0,404.25,1561.0
2025-08-05 09:00:00,404.25,405.5,404.25,405.5,2161.0
2025-08-05 10:00:00,405.25,405.75,404.75,405.25,1936.0
2025-08-05 11:00:00,405.25,406.75,405.25,406.25,4316.0
2025-08-05 12:00:00,406.0,406.5,405.25,405.5,5642.0
2025-08-05 13:00:00,405.75,406.5,404.75,406.0,46940.0
2025-08-05 14:00:00,406.0,406.5,403.0,403.25,27595.0
2025-08-05 15:00:00,403.25,403.5,402.25,403.5,23585.0
2025-08-05 16:00:00,403.5,404.0,402.0,402.0,19277.0
2025-08-05 17:00:00,402.0,402.75,402.0,402.25,11241.0
2025-08-05 18:00:00,402.5,402.5,401.5,401.5,28657.0
2025-08-06 00:00:00,402.0,402.0,401.25,401.5,0.0
2025-08-06 01:00:00,401.5,401.75,401.25,401.5,770.0
2025-08-06 02:00:00,401.25,401.75,401.25,401.75,209.0
2025-08-06 03:00:00,401.75,402.0,401.5,401.5,396.0
2025-08-06 04:00:00,401.75,401.75,401.25,401.25,260.0
2025-08-06 05:00:00,401.5,401.5,401.25,401.25,199.0
2025-08-06 06:00:00,401.25,401.75,401.25,401.5,962.0
2025-08-06 07:00:00,401.5,401.75,401.25,401.5,1193.0
2025-08-06 08:00:00,401.25,401.5,400.5,400.75,5717.0
2025-08-06 09:00:00,400.5,400.75,400.25,400.5,5824.0
2025-08-06 10:00:00,400.25,402.0,400.25,402.0,2069.0
2025-08-06 11:00:00,401.75,401.75,400.5,400.75,1675.0
2025-08-06 12:00:00,401.0,401.25,400.5,400.5,2199.0
2025-08-06 13:00:00,401.0,401.5,399.75,400.25,31798.0
2025-08-06 14:00:00,400.5,400.5,398.5,399.0,32567.0
2025-08-06 15:00:00,399.0,399.0,397.25,397.25,21313.0
2025-08-06 16:00:00,397.25,398.75,396.75,398.0,27650.0
2025-08-06 17:00:00,398.25,401.25,397.5,400.75,17234.0
2025-08-06 18:00:00,400.5,402.0,400.5,402.0,0.0
2025-08-07 00:00:00,401.5,404.0,401.25,403.5,5399.0
2025-08-07 01:00:00,403.75,404.0,403.25,403.75,1257.0
2025-08-07 02:00:00,403.75,404.0,403.5,403.75,414.0
2025-08-07 03:00:00,403.75,404.5,403.5,404.0,2422.0
2025-08-07 04:00:00,404.0,404.25,403.75,403.75,400.0
2025-08-07 05:00:00,403.75,404.25,403.75,404.0,220.0
2025-08-07 06:00:00,404.0,404.75,403.75,404.5,904.0
2025-08-07 07:00:00,404.25,404.5,403.0,403.75,2742.0
2025-08-07 08:00:00,403.5,404.0,403.25,403.25,1927.0
2025-08-07 09:00:00,403.25,404.0,402.75,403.5,1769.0
2025-08-07 10:00:00,403.75,404.0,403.25,403.5,814.0
2025-08-07 11:00:00,403.25,404.5,403.25,403.75,1733.0
2025-08-07 12:00:00,403.5,406.25,403.5,406.0,10278.0
2025-08-07 13:00:00,406.25,407.0,405.0,406.0,35195.0
2025-08-07 14:00:00,406.25,406.75,404.25,404.75,24252.0
2025-08-07 15:00:00,404.75,406.5,404.75,406.0,13178.0
2025-08-07 16:00:00,406.0,408.0,405.75,407.75,21199.0
2025-08-07 17:00:00,407.5,408.0,405.75,406.0,21827.0
2025-08-07 18:00:00,406.0,407.5,405.75,407.0,41515.0
2025-08-08 00:00:00,406.75,408.0,406.75,407.25,0.0
2025-08-08 01:00:00,407.25,407.5,407.0,407.0,705.0
2025-08-08 02:00:00,407.0,407.25,406.75,407.25,312.0
2025-08-08 03:00:00,407.0,407.75,407.0,407.25,520.0
2025-08-08 04:00:00,407.5,407.5,407.25,407.25,59.0
2025-08-08 05:00:00,407.5,407.5,407.25,407.5,78.0
2025-08-08 06:00:00,407.5,408.0,407.25,407.75,586.0
2025-08-08 07:00:00,407.75,408.75,407.25,408.5,1827.0
2025-08-08 08:00:00,408.75,408.75,406.75,407.0,2955.0
2025-08-08 09:00:00,406.75,407.75,406.0,406.0,2007.0
2025-08-08 10:00:00,406.0,406.0,405.5,405.5,1108.0
2025-08-08 11:00:00,405.5,407.0,405.25,406.5,2440.0
2025-08-08 12:00:00,406.5,407.0,406.0,406.5,2160.0
2025-08-08 13:00:00,406.5,409.5,404.25,409.0,33729.0
2025-08-08 14:00:00,408.75,411.0,408.5,409.5,45639.0
2025-08-08 15:00:00,409.5,409.5,407.25,408.0,27833.0
2025-08-08 16:00:00,408.0,408.25,406.5,407.0,23414.0
2025-08-08 17:00:00,406.75,407.0,405.5,405.5,15425.0
2025-08-08 18:00:00,405.5,406.25,405.0,406.0,36483.0
2025-08-11 04:00:00,405.5,407.5,405.5,406.75,0.0
2025-08-11 05:00:00,406.75,408.5,406.75,407.75,3780.0
2025-08-11 06:00:00,407.75,408.5,406.75,408.25,1676.0
2025-08-11 07:00:00,408.25,408.5,406.25,407.5,4311.0
2025-08-11 08:00:00,407.75,408.25,407.0,407.75,1434.0
2025-08-11 09:00:00,407.5,408.25,406.75,408.0,3682.0
2025-08-11 10:00:00,408.0,408.75,407.5,408.0,3926.0
2025-08-11 11:00:00,407.75,408.25,407.25,408.0,3122.0
2025-08-11 12:00:00,408.0,408.25,406.75,407.0,2718.0
2025-08-11 13:00:00,407.0,409.0,406.0,408.5,16397.0
2025-08-11 14:00:00,408.25,409.25,408.0,408.0,22937.0
2025-08-11 15:00:00,407.75,409.0,407.5,408.5,9468.0
2025-08-11 16:00:00,408.25,408.75,407.75,407.75,16063.0
2025-08-11 17:00:00,407.75,408.25,407.0,407.75,28787.0
2025-08-11 18:00:00,407.5,408.0,407.25,407.75,67851.0
2025-08-12 00:00:00,407.75,407.75,406.0,406.0,0.0
2025-08-12 01:00:00,406.0,406.0,405.0,405.25,1203.0
2025-08-12 02:00:00,405.0,405.25,404.0,404.75,2476.0
2025-08-12 03:00:00,404.75,405.0,404.5,404.5,484.0
2025-08-12 04:00:00,404.5,404.75,404.25,404.75,87.0
2025-08-12 05:00:00,404.75,404.75,404.0,404.25,1150.0
2025-08-12 06:00:00,404.5,404.5,403.75,404.0,1619.0
2025-08-12 07:00:00,403.75,404.25,403.75,404.25,1419.0
2025-08-12 08:00:00,404.25,404.5,403.25,403.25,3220.0
2025-08-12 09:00:00,403.25,403.75,403.25,403.75,3221.0
2025-08-12 10:00:00,403.75,404.5,403.5,404.25,2514.0
2025-08-12 11:00:00,404.0,405.75,404.0,405.0,2544.0
2025-08-12 12:00:00,405.0,405.0,404.25,404.5,9078.0
2025-08-12 13:00:00,404.25,405.0,403.25,403.75,16063.0
2025-08-12 14:00:00,403.5,404.25,403.0,403.25,23234.0
2025-08-12 15:00:00,403.25,404.0,401.75,402.25,33200.0
2025-08-12 16:00:00,402.25,402.25,392.0,392.5,180774.0
2025-08-12 17:00:00,392.5,394.0,392.0,393.25,50774.0
2025-08-12 18:00:00,393.5,395.0,393.0,394.5,54976.0
2025-08-13 00:00:00,394.0,395.75,394.0,395.75,0.0
2025-08-13 01:00:00,395.75,396.0,395.0,395.5,2405.0
2025-08-13 02:00:00,395.25,395.75,395.25,395.5,905.0
2025-08-13 03:00:00,395.75,395.75,395.25,395.5,1039.0
2025-08-13 04:00:00,395.25,395.25,394.75,395.0,193.0
2025-08-13 05:00:00,395.0,395.75,394.75,395.5,743.0
2025-08-13 06:00:00,395.5,395.75,394.75,394.75,1054.0
2025-08-13 07:00:00,394.75,395.75,394.5,395.25,1964.0
2025-08-13 08:00:00,395.25,395.75,394.75,395.75,2914.0
2025-08-13 09:00:00,395.75,396.0,395.0,395.25,2904.0
2025-08-13 10:00:00,395.25,396.25,394.5,396.25,2608.0
2025-08-13 11:00:00,396.5,397.0,396.0,397.0,4247.0
2025-08-13 12:00:00,397.0,397.0,396.25,396.25,3975.0
2025-08-13 13:00:00,396.5,397.25,395.75,397.0,26988.0
2025-08-13 14:00:00,396.75,398.5,396.5,396.5,39209.0
2025-08-13 15:00:00,396.5,397.0,393.75,393.75,38255.0
2025-08-13 16:00:00,393.75,396.25,393.5,396.0,21083.0
2025-08-13 17:00:00,396.25,397.5,396.0,397.25,15654.0
2025-08-13 18:00:00,397.25,397.5,396.5,396.75,49959.0
2025-08-14 00:00:00,397.0,398.0,396.5,397.5,0.0
2025-08-14 01:00:00,397.75,398.5,397.5,398.0,1133.0
2025-08-14 02:00:00,398.0,398.5,398.0,398.0,748.0
2025-08-14 03:00:00,398.0,398.0,397.5,397.75,474.0
2025-08-14 04:00:00,397.75,398.0,397.5,397.5,141.0
2025-08-14 05:00:00,397.75,397.75,397.5,397.75,285.0
2025-08-14 06:00:00,397.75,398.0,397.0,397.0,360.0
2025-08-14 07:00:00,397.25,397.5,395.25,395.25,2369.0
2025-08-14 08:00:00,395.5,396.25,394.5,395.0,2276.0
2025-08-14 09:00:00,395.0,395.5,394.0,394.25,3958.0
2025-08-14 10:00:00,394.25,394.75,393.0,393.0,2538.0
2025-08-14 11:00:00,393.0,394.0,393.0,393.5,3346.0
2025-08-14 12:00:00,393.5,393.5,392.5,393.0,7732.0
2025-08-14 13:00:00,393.0,395.0,393.0,394.75,19210.0
2025-08-14 14:00:00,395.0,396.0,394.0,394.0,16748.0
2025-08-14 15:00:00,394.0,396.25,394.0,395.25,26243.0
2025-08-14 16:00:00,395.0,396.75,395.0,396.0,40362.0
2025-08-14 17:00:00,396.0,397.0,395.75,396.5,16920.0
2025-08-14 18:00:00,396.25,399.0,396.25,398.5,22016.0
2025-08-15 00:00:00,397.75,399.25,397.5,397.5,0.0
2025-08-15 01:00:00,397.75,398.0,397.0,397.75,847.0
2025-08-15 02:00:00,397.75,398.75,397.75,398.5,1160.0
2025-08-15 03:00:00,398.5,398.5,397.75,398.25,374.0
2025-08-15 04:00:00,398.0,398.5,397.75,398.25,209.0
2025-08-15 05:00:00,398.25,398.25,397.25,397.25,913.0
2025-08-15 06:00:00,397.25,398.5,397.0,398.25,320.0
2025-08-15 07:00:00,398.25,398.5,397.5,397.75,381.0
2025-08-15 08:00:00,398.0,399.75,397.75,399.0,3965.0
2025-08-15 09:00:00,399.25,399.5,398.75,399.0,847.0
2025-08-15 10:00:00,399.0,399.75,398.75,399.5,1424.0
2025-08-15 11:00:00,399.25,400.75,399.0,400.75,8653.0
2025-08-15 12:00:00,400.75,401.25,400.25,401.0,4695.0
2025-08-15 13:00:00,401.0,401.5,399.0,400.5,34178.0
2025-08-15 14:00:00,400.5,402.75,399.5,402.0,26892.0
2025-08-15 15:00:00,401.75,404.0,401.0,403.75,21702.0
2025-08-15 16:00:00,403.75,404.25,402.5,403.0,22824.0
2025-08-15 17:00:00,403.25,404.5,403.0,404.5,28877.0
2025-08-15 18:00:00,404.25,405.75,404.25,405.25,32322.0
2025-08-18 04:00:00,402.5,402.5,402.25,402.25,0.0
2025-08-18 05:00:00,402.25,402.75,402.25,402.25,282.0
2025-08-18 06:00:00,402.25,402.25,401.25,401.5,1459.0
2025-08-18 07:00:00,401.5,402.5,401.25,402.25,1189.0
2025-08-18 08:00:00,402.0,402.5,401.75,402.5,604.0
2025-08-18 09:00:00,402.25,404.25,402.25,404.25,2270.0
2025-08-18 10:00:00,404.0,404.25,402.5,403.5,1816.0
2025-08-18 11:00:00,403.5,403.5,402.5,403.25,3018.0
2025-08-18 12:00:00,403.25,403.5,402.5,403.0,3796.0
2025-08-18 13:00:00,403.0,407.5,402.75,407.25,30815.0
2025-08-18 14:00:00,407.5,408.0,406.0,406.75,34256.0
2025-08-18 15:00:00,406.75,407.0,404.75,405.5,17325.0
2025-08-18 16:00:00,405.5,407.25,405.25,407.25,17416.0
2025-08-18 17:00:00,407.0,407.5,406.0,406.75,12350.0
2025-08-18 18:00:00,406.5,407.25,406.0,406.5,16635.0
2025-08-19 00:00:00,406.0,406.0,404.75,405.25,0.0
2025-08-19 01:00:00,405.25,405.25,404.25,404.75,1338.0
2025-08-19 02:00:00,404.5,404.75,404.25,404.5,578.0
2025-08-19 03:00:00,404.25,404.5,404.25,404.25,568.0
2025-08-19 04:00:00,404.5,405.0,404.25,404.75,184.0
2025-08-19 05:00:00,404.75,405.25,404.5,404.5,271.0
2025-08-19 06:00:00,404.5,404.5,404.0,404.0,1082.0
2025-08-19 07:00:00,404.25,404.5,404.0,404.0,1990.0
2025-08-19 08:00:00,404.0,404.25,403.75,403.75,1151.0
2025-08-19 09:00:00,404.0,404.25,403.25,403.75,1567.0
2025-08-19 10:00:00,403.25,403.5,402.5,403.0,3134.0
2025-08-19 11:00:00,403.0,403.5,402.5,402.75,6699.0
2025-08-19 12:00:00,402.75,403.0,402.25,402.25,3517.0
2025-08-19 13:00:00,402.25,405.25,401.5,404.75,25492.0
2025-08-19 14:00:00,404.75,405.75,402.75,403.25,27845.0
2025-08-19 15:00:00,403.0,404.5,402.5,402.5,13138.0
2025-08-19 16:00:00,402.5,404.0,402.5,403.5,12234.0
2025-08-19 17:00:00,403.25,404.5,403.0,403.75,13041.0
2025-08-19 18:00:00,403.75,404.0,402.5,403.0,17258.0
2025-08-20 00:00:00,403.5,404.75,403.0,403.0,0.0
2025-08-20 01:00:00,403.0,404.5,403.0,404.25,1695.0
2025-08-20 02:00:00,404.5,404.75,404.25,404.25,466.0
2025-08-20 03:00:00,404.25,404.5,404.0,404.5,465.0
2025-08-20 04:00:00,404.5,404.5,404.0,404.0,147.0
2025-08-20 05:00:00,403.75,403.75,402.5,403.5,520.0
2025-08-20 06:00:00,403.5,403.75,403.0,403.25,1209.0
2025-08-20 07:00:00,403.0,404.25,403.0,404.25,878.0
2025-08-20 08:00:00,404.0,404.75,403.0,403.25,2150.0
2025-08-20 09:00:00,403.5,404.0,402.25,402.5,3201.0
2025-08-20 10:00:00,402.5,402.5,401.25,401.5,2396.0
2025-08-20 11:00:00,401.5,402.5,401.25,402.25,1696.0
2025-08-20 12:00:00,402.25,403.0,402.0,402.5,1104.0
2025-08-20 13:00:00,403.0,405.0,402.5,404.5,20955.0
2025-08-20 14:00:00,404.5,406.0,404.25,405.5,28580.0
2025-08-20 15:00:00,405.5,405.75,403.0,403.5,16108.0
2025-08-20 16:00:00,403.25,406.0,402.75,405.5,20279.0
2025-08-20 17:00:00,405.5,406.0,403.5,403.75,12275.0
2025-08-20 18:00:00,403.75,404.5,403.25,404.25,15926.0
2025-08-21 00:00:00,403.5,404.75,403.25,404.5,0.0
2025-08-21 01:00:00,404.75,405.0,404.0,404.25,1008.0
2025-08-21 02:00:00,404.5,405.0,404.25,404.5,1092.0
2025-08-21 03:00:00,404.5,405.0,404.5,404.75,213.0
2025-08-21 04:00:00,404.75,405.25,404.5,405.25,435.0
2025-08-21 05:00:00,405.25,405.75,405.25,405.75,979.0
2025-08-21 06:00:00,405.5,406.25,405.0,405.25,2765.0
2025-08-21 07:00:00,405.25,405.25,404.5,404.5,625.0
2025-08-21 08:00:00,404.5,405.0,404.25,404.25,1198.0
2025-08-21 09:00:00,404.25,405.75,404.0,405.25,980.0
2025-08-21 10:00:00,405.25,406.0,405.25,405.25,1282.0
2025-08-21 11:00:00,405.5,406.75,405.0,406.75,3175.0
2025-08-21 12:00:00,406.75,407.0,405.75,406.75,5288.0
2025-08-21 13:00:00,406.75,409.0,405.0,408.75,39412.0
2025-08-21 14:00:00,408.5,410.0,407.75,408.75,45187.0
2025-08-21 15:00:00,408.75,410.25,408.5,409.5,28174.0
2025-08-21 16:00:00,409.25,413.75,409.25,413.0,50194.0
2025-08-21 17:00:00,412.75,413.0,410.5,411.0,31485.0
2025-08-21 18:00:00,411.0,412.75,410.75,412.75,25832.0
2025-08-22 00:00:00,411.75,413.25,411.75,412.75,0.0
2025-08-22 01:00:00,412.5,412.75,412.0,412.5,1382.0
2025-08-22 02:00:00,412.5,413.0,412.25,412.75,465.0
2025-08-22 03:00:00,412.75,412.75,412.5,412.75,149.0
2025-08-22 04:00:00,412.75,413.0,412.5,412.75,136.0
2025-08-22 05:00:00,412.75,413.5,412.75,413.5,725.0
2025-08-22 06:00:00,413.5,413.5,411.75,412.5,2116.0
2025-08-22 07:00:00,412.75,412.75,411.5,412.0,2142.0
2025-08-22 08:00:00,411.75,413.0,411.5,412.5,1354.0
2025-08-22 09:00:00,412.5,413.0,411.0,411.25,1318.0
2025-08-22 10:00:00,411.0,411.5,410.5,411.25,1699.0
2025-08-22 11:00:00,411.25,412.75,410.75,412.25,4499.0
2025-08-22 12:00:00,412.25,412.25,411.0,411.5,3170.0
2025-08-22 13:00:00,411.5,412.25,410.25,412.0,22864.0
2025-08-22 14:00:00,412.25,412.75,410.75,411.5,22350.0
2025-08-22 15:00:00,411.5,412.5,409.75,411.75,21341.0
2025-08-22 16:00:00,411.75,412.0,410.5,411.75,17597.0
2025-08-22 17:00:00,411.75,412.0,411.0,411.5,15615.0
2025-08-22 18:00:00,411.5,412.0,411.0,411.5,28278.0
2025-08-25 04:00:00,415.5,415.5,415.25,415.25,0.0
2025-08-25 05:00:00,415.0,415.5,415.0,415.5,577.0
2025-08-25 06:00:00,415.5,415.5,415.25,415.5,284.0
2025-08-25 07:00:00,415.5,415.75,414.75,414.75,1373.0
2025-08-25 08:00:00,414.75,415.5,414.0,415.25,1686.0
2025-08-25 09:00:00,415.0,416.5,414.5,415.5,10827.0
2025-08-25 10:00:00,415.5,415.75,414.0,414.5,1471.0
2025-08-25 11:00:00,414.25,415.0,414.0,414.5,3322.0
2025-08-25 12:00:00,414.75,415.5,414.5,414.75,3872.0
2025-08-25 13:00:00,414.75,416.5,414.25,415.0,27349.0
2025-08-25 14:00:00,415.0,416.5,414.25,414.5,26801.0
2025-08-25 15:00:00,414.25,414.5,412.75,413.5,28535.0
2025-08-25 16:00:00,413.25,414.0,412.75,413.0,23129.0
2025-08-25 17:00:00,413.0,413.25,411.25,411.5,18639.0
2025-08-25 18:00:00,411.5,412.75,411.25,412.5,16957.0
2025-08-26 00:00:00,412.0,412.0,410.25,411.5,0.0
2025-08-26 01:00:00,411.5,412.0,411.0,411.75,5306.0
2025-08-26 02:00:00,411.75,412.5,411.5,412.0,676.0
2025-08-26 03:00:00,411.75,412.0,411.5,411.5,1551.0
2025-08-26 04:00:00,411.5,412.0,411.5,411.5,174.0
2025-08-26 05:00:00,411.5,412.5,411.25,412.5,1006.0
2025-08-26 06:00:00,412.5,414.25,412.25,413.5,3345.0
2025-08-26 07:00:00,413.5,413.75,412.0,412.5,1495.0
2025-08-26 08:00:00,412.5,413.75,412.0,413.5,2302.0
2025-08-26 09:00:00,413.5,414.25,413.25,414.0,1962.0
2025-08-26 10:00:00,414.0,414.0,411.25,411.75,3023.0
2025-08-26 11:00:00,411.75,412.5,411.25,411.5,2791.0
2025-08-26 12:00:00,411.75,412.75,411.5,411.75,6005.0
2025-08-26 13:00:00,412.0,412.75,409.5,410.5,85074.0
2025-08-26 14:00:00,410.5,411.5,408.75,409.5,33863.0
2025-08-26 15:00:00,409.5,410.0,408.5,408.75,26411.0
2025-08-26 16:00:00,408.75,409.75,408.75,409.5,21742.0
2025-08-26 17:00:00,409.5,409.75,408.75,409.25,20610.0
2025-08-26 18:00:00,409.25,410.0,408.75,409.25,25686.0
2025-08-27 00:00:00,409.25,410.0,409.0,409.5,0.0
2025-08-27 01:00:00,409.5,409.75,409.0,409.0,604.0
2025-08-27 02:00:00,409.0,409.5,408.75,408.75,1356.0
2025-08-27 03:00:00,408.75,409.0,408.25,408.5,745.0
2025-08-27 04:00:00,408.5,408.75,408.25,408.25,293.0
2025-08-27 05:00:00,408.25,408.25,408.0,408.0,1010.0
2025-08-27 06:00:00,408.0,408.25,407.5,408.0,810.0
2025-08-27 07:00:00,408.0,408.0,407.25,407.5,1522.0
2025-08-27 08:00:00,407.5,408.0,407.0,407.25,1966.0
2025-08-27 09:00:00,407.25,408.75,407.25,408.25,3006.0
2025-08-27 10:00:00,408.75,408.75,408.25,408.25,581.0
2025-08-27 11:00:00,408.25,409.25,408.0,408.25,2099.0
2025-08-27 12:00:00,408.5,408.5,407.25,407.75,4121.0
2025-08-27 13:00:00,407.5,407.5,406.5,406.75,31449.0
2025-08-27 14:00:00,406.75,407.0,405.5,406.5,38615.0
2025-08-27 15:00:00,406.25,407.0,405.5,406.0,26708.0
2025-08-27 16:00:00,406.0,407.5,406.0,407.0,20236.0
2025-08-27 17:00:00,407.25,407.25,405.25,405.5,26190.0
2025-08-27 18:00:00,405.5,406.25,405.5,406.0,25433.0
2025-08-28 00:00:00,406.0,406.75,405.25,405.75,0.0
2025-08-28 01:00:00,406.0,406.0,405.5,405.75,380.0
2025-08-28 02:00:00,405.75,405.75,405.5,405.5,650.0
2025-08-28 03:00:00,405.5,406.0,405.5,405.75,1069.0
2025-08-28 04:00:00,405.75,406.75,405.75,406.5,788.0
2025-08-28 05:00:00,406.5,406.75,406.25,406.5,180.0
2025-08-28 06:00:00,406.5,406.5,406.0,406.25,450.0
2025-08-28 07:00:00,406.25,406.5,406.0,406.25,624.0
2025-08-28 08:00:00,406.25,406.5,405.25,405.5,2696.0
2025-08-28 09:00:00,405.5,406.25,405.25,406.0,832.0
2025-08-28 10:00:00,406.0,406.75,405.75,406.25,1022.0
2025-08-28 11:00:00,406.25,406.75,406.0,406.75,1720.0
2025-08-28 12:00:00,406.5,407.0,405.0,405.25,6808.0
2025-08-28 13:00:00,405.5,405.75,403.5,404.5,30405.0
2025-08-28 14:00:00,404.5,405.75,403.75,404.75,27103.0
2025-08-28 15:00:00,404.75,407.5,404.5,407.5,40515.0
2025-08-28 16:00:00,407.5,409.0,406.75,409.0,23664.0
2025-08-28 17:00:00,409.0,409.5,408.75,409.0,22489.0
2025-08-28 18:00:00,408.75,411.0,408.75,410.75,32471.0
2025-08-29 00:00:00,410.0,412.0,409.75,411.0,0.0
2025-08-29 01:00:00,411.0,411.75,410.5,411.0,963.0
2025-08-29 02:00:00,411.25,411.75,410.75,411.0,3210.0
2025-08-29 03:00:00,411.0,411.5,411.0,411.25,544.0
2025-08-29 04:00:00,411.5,411.5,411.25,411.5,91.0
2025-08-29 05:00:00,411.25,411.5,411.0,411.25,425.0
2025-08-29 06:00:00,411.5,411.5,411.0,411.0,712.0
2025-08-29 07:00:00,411.25,412.0,411.0,411.5,3745.0
2025-08-29 08:00:00,411.75,412.0,411.0,411.25,2009.0
2025-08-29 09:00:00,411.25,412.25,411.25,411.25,2866.0
2025-08-29 10:00:00,411.0,412.0,410.5,411.5,3293.0
2025-08-29 11:00:00,411.75,412.75,411.5,412.75,1755.0
2025-08-29 12:00:00,412.75,412.75,411.0,412.0,6052.0
2025-08-29 13:00:00,411.75,413.75,411.5,412.5,23359.0
2025-08-29 14:00:00,412.75,414.5,412.0,414.25,29005.0
2025-08-29 15:00:00,414.25,418.5,413.75,418.5,56807.0
2025-08-29 16:00:00,418.5,419.75,417.0,417.5,59348.0
2025-08-29 17:00:00,417.75,419.0,417.25,419.0,19137.0
2025-08-29 18:00:00,418.75,420.5,418.75,420.25,43400.0
2025-09-02 04:00:00,417.75,417.75,417.5,417.5,0.0
2025-09-02 05:00:00,417.5,418.25,417.25,418.0,1365.0
2025-09-02 06:00:00,417.75,419.0,417.75,418.25,1869.0
2025-09-02 07:00:00,418.5,418.75,417.5,418.0,3253.0
2025-09-02 08:00:00,418.0,419.0,417.75,418.5,3678.0
2025-09-02 09:00:00,418.75,419.75,418.5,419.75,1434.0
2025-09-02 10:00:00,419.5,419.75,417.75,418.5,1955.0
2025-09-02 11:00:00,418.5,419.25,417.75,418.0,2870.0
2025-09-02 12:00:00,417.75,418.25,416.75,417.0,9650.0
2025-09-02 13:00:00,416.5,417.25,414.75,415.75,38624.0
2025-09-02 14:00:00,415.5,419.5,414.0,419.5,39368.0
2025-09-02 15:00:00,419.5,419.5,417.75,417.75,22665.0
2025-09-02 16:00:00,418.0,419.75,417.5,419.5,14515.0
2025-09-02 17:00:00,419.5,421.75,418.75,421.5,34234.0
2025-09-02 18:00:00,421.5,423.5,421.5,423.0,36495.0
2025-09-03 00:00:00,423.0,424.25,422.25,422.5,0.0
2025-09-03 01:00:00,422.5,422.75,422.25,422.75,1009.0
2025-09-03 02:00:00,422.75,422.75,422.25,422.25,1409.0
2025-09-03 03:00:00,422.25,422.5,422.25,422.25,266.0
2025-09-03 04:00:00,422.25,422.75,422.0,422.25,768.0
2025-09-03 05:00:00,422.25,423.0,422.25,422.75,529.0
2025-09-03 06:00:00,422.75,424.0,422.75,423.25,1894.0
2025-09-03 07:00:00,423.25,424.0,423.25,423.75,1330.0
2025-09-03 08:00:00,424.0,424.0,423.25,424.0,1877.0
2025-09-03 09:00:00,424.0,424.25,421.5,422.0,3368.0
2025-09-03 10:00:00,422.25,422.5,421.5,422.25,2347.0
2025-09-03 11:00:00,422.25,422.5,420.25,420.25,4342.0
2025-09-03 12:00:00,420.25,421.0,419.25,419.5,10828.0
2025-09-03 13:00:00,420.25,421.75,418.25,418.75,29020.0
2025-09-03 14:00:00,418.75,419.0,417.5,418.25,22813.0
2025-09-03 15:00:00,418.0,418.75,416.25,416.75,27622.0
2025-09-03 16:00:00,416.75,418.0,416.5,417.75,13917.0
2025-09-03 17:00:00,418.0,418.5,417.75,418.25,15844.0
2025-09-03 18:00:00,418.25,418.5,417.75,418.25,18386.0
2025-09-04 00:00:00,418.0,418.5,417.25,418.0,0.0
2025-09-04 01:00:00,418.0,418.5,417.75,417.75,1286.0
2025-09-04 02:00:00,417.75,418.25,417.5,417.75,1319.0
2025-09-04 03:00:00,418.0,418.25,417.75,417.75,201.0
2025-09-04 04:00:00,417.75,418.0,417.75,418.0,78.0
2025-09-04 05:00:00,417.75,418.5,417.75,418.25,285.0
2025-09-04 06:00:00,418.25,418.25,417.25,417.5,1510.0
2025-09-04 07:00:00,417.5,418.25,417.25,418.0,1946.0
2025-09-04 08:00:00,417.75,418.25,416.75,417.0,2797.0
2025-09-04 09:00:00,417.25,417.5,416.5,417.25,2104.0
2025-09-04 10:00:00,417.25,417.75,416.25,416.75,2167.0
2025-09-04 11:00:00,416.75,417.75,416.5,417.0,3858.0
2025-09-04 12:00:00,417.0,418.75,416.5,418.75,5852.0
2025-09-04 13:00:00,418.25,419.0,415.25,415.25,17559.0
2025-09-04 14:00:00,415.5,416.0,414.25,414.5,19482.0
2025-09-04 15:00:00,414.5,419.75,414.25,418.5,28967.0
2025-09-04 16:00:00,418.5,420.0,417.0,419.25,17120.0
2025-09-04 17:00:00,419.5,419.5,418.5,419.0,11369.0
2025-09-04 18:00:00,419.25,421.0,419.0,420.75,19708.0
2025-09-05 00:00:00,420.0,421.5,419.5,419.75,0.0
2025-09-05 01:00:00,419.75,419.75,419.25,419.5,754.0
2025-09-05 02:00:00,419.75,420.0,419.0,419.5,702.0
2025-09-05 03:00:00,419.5,419.75,419.25,419.25,724.0
2025-09-05 04:00:00,419.5,419.5,418.75,418.75,349.0
2025-09-05 05:00:00,418.75,418.75,418.0,418.5,907.0
2025-09-05 06:00:00,418.25,419.0,418.25,418.5,1653.0
2025-09-05 07:00:00,418.75,419.5,418.5,419.25,797.0
2025-09-05 08:00:00,419.25,422.0,419.0,421.5,3674.0
2025-09-05 09:00:00,421.75,422.25,421.25,421.5,1894.0
2025-09-05 10:00:00,421.25,422.5,421.0,422.5,1357.0
2025-09-05 11:00:00,422.5,422.5,421.25,421.75,1844.0
2025-09-05 12:00:00,421.5,423.0,421.25,421.5,5813.0
2025-09-05 13:00:00,421.25,422.75,420.0,422.25,15339.0
2025-09-05 14:00:00,422.25,424.0,421.25,423.75,26578.0
2025-09-05 15:00:00,423.5,424.75,422.25,422.5,36044.0
2025-09-05 16:00:00,422.5,422.75,421.25,421.5,13805.0
2025-09-05 17:00:00,421.5,422.0,419.0,419.5,13224.0
2025-09-05 18:00:00,419.75,419.75,417.25,418.0,25011.0
2025-09-08 04:00:00,417.75,417.75,417.5,417.5,0.0
2025-09-08 05:00:00,417.5,417.75,417.5,417.75,94.0
2025-09-08 06:00:00,417.5,417.75,416.75,417.25,1418.0
2025-09-08 07:00:00,417.0,417.0,415.5,415.75,4145.0
2025-09-08 08:00:00,415.75,416.75,415.75,416.5,1029.0
2025-09-08 09:00:00,416.5,417.25,416.5,416.75,916.0
2025-09-08 10:00:00,417.0,417.5,416.5,416.75,979.0
2025-09-08 11:00:00,416.75,417.25,415.75,416.5,1741.0
2025-09-08 12:00:00,416.5,416.75,415.75,416.25,7086.0
2025-09-08 13:00:00,416.25,416.5,415.0,416.5,14801.0
2025-09-08 14:00:00,416.5,416.75,415.5,416.5,15273.0
2025-09-08 15:00:00,416.5,419.5,416.0,418.75,19211.0
2025-09-08 16:00:00,419.0,420.5,418.75,419.75,14685.0
2025-09-08 17:00:00,419.75,422.25,419.25,421.75,15437.0
2025-09-08 18:00:00,421.5,422.0,421.5,421.5,15249.0
2025-09-09 00:00:00,420.75,421.75,420.5,421.0,0.0
2025-09-09 01:00:00,420.75,421.25,420.25,420.75,801.0
2025-09-09 02:00:00,420.5,421.25,420.5,420.5,327.0
2025-09-09 03:00:00,420.5,421.0,420.5,420.5,125.0
2025-09-09 04:00:00,420.75,421.0,420.5,420.75,123.0
2025-09-09 05:00:00,421.0,421.5,420.75,420.75,298.0
2025-09-09 06:00:00,420.75,421.25,420.5,420.5,464.0
2025-09-09 07:00:00,420.75,421.25,419.75,420.5,1811.0
2025-09-09 08:00:00,420.5,421.5,420.25,420.75,1230.0
2025-09-09 09:00:00,421.0,421.5,420.75,421.0,700.0
2025-09-09 10:00:00,421.0,421.75,421.0,421.75,745.0
2025-09-09 11:00:00,421.5,421.75,420.5,420.75,934.0
2025-09-09 12:00:00,420.75,421.0,419.5,419.75,2447.0
2025-09-09 13:00:00,419.25,420.75,419.0,419.75,17726.0
2025-09-09 14:00:00,420.0,422.5,419.5,420.75,22367.0
2025-09-09 15:00:00,421.0,421.75,420.5,421.0,12553.0
2025-09-09 16:00:00,421.0,421.0,419.5,420.25,10326.0
2025-09-09 17:00:00,420.0,420.5,419.5,420.0,11369.0
2025-09-09 18:00:00,420.0,420.5,419.5,419.5,0.0
2025-09-10 00:00:00,419.25,419.75,419.0,419.25,3117.0
2025-09-10 01:00:00,419.25,419.75,419.25,419.25,634.0
2025-09-10 02:00:00,419.25,419.5,419.0,419.0,92.0
2025-09-10 03:00:00,419.0,419.25,419.0,419.25,248.0
2025-09-10 04:00:00,419.25,419.25,418.75,419.0,274.0
2025-09-10 05:00:00,419.0,419.5,418.75,419.0,570.0
2025-09-10 06:00:00,419.0,419.25,418.75,418.75,361.0
2025-09-10 07:00:00,418.75,419.25,418.25,419.0,1724.0
2025-09-10 08:00:00,418.75,419.25,418.5,418.75,1061.0
2025-09-10 09:00:00,418.75,419.0,417.75,417.75,1377.0
2025-09-10 10:00:00,417.75,418.0,417.5,418.0,1862.0
2025-09-10 11:00:00,418.0,418.75,417.75,418.25,1000.0
2025-09-10 12:00:00,418.25,419.75,418.0,419.5,2722.0
2025-09-10 13:00:00,419.5,420.0,418.5,419.0,13977.0
2025-09-10 14:00:00,419.0,419.25,417.5,417.5,13433.0
2025-09-10 15:00:00,417.75,418.0,417.25,417.5,13209.0
2025-09-10 16:00:00,417.75,418.0,417.0,417.5,11363.0
2025-09-10 17:00:00,417.5,417.75,417.0,417.5,6838.0
2025-09-10 18:00:00,417.5,417.5,416.75,417.0,12647.0
2025-09-11 00:00:00,417.0,418.0,417.0,417.75,0.0
2025-09-11 01:00:00,417.75,418.0,417.5,417.75,1352.0
2025-09-11 02:00:00,418.0,418.25,417.75,418.0,205.0
2025-09-11 03:00:00,418.0,418.5,418.0,418.0,6452.0
2025-09-11 04:00:00,418.25,418.5,418.0,418.25,174.0
2025-09-11 05:00:00,418.0,418.75,418.0,418.75,346.0
2025-09-11 06:00:00,418.75,419.0,418.5,418.75,1102.0
2025-09-11 07:00:00,418.5,418.75,418.25,418.5,735.0
2025-09-11 08:00:00,418.5,418.75,418.0,418.25,805.0
2025-09-11 09:00:00,418.25,418.75,418.25,418.5,1615.0
2025-09-11 10:00:00,418.5,418.5,417.75,418.5,1515.0
2025-09-11 11:00:00,418.25,418.5,417.75,418.0,1559.0
2025-09-11 12:00:00,418.25,418.5,416.75,417.0,5867.0
2025-09-11 13:00:00,417.5,419.5,416.5,418.25,16544.0
2025-09-11 14:00:00,418.0,419.0,417.0,417.5,12917.0
2025-09-11 15:00:00,417.5,417.75,416.75,417.5,12573.0
2025-09-11 16:00:00,417.5,420.5,417.5,420.25,22190.0
2025-09-11 17:00:00,420.25,421.25,420.0,420.75,17339.0
2025-09-11 18:00:00,420.75,421.0,419.75,419.75,17354.0
2025-09-12 00:00:00,419.75,420.25,419.25,419.25,0.0
2025-09-12 01:00:00,419.5,419.75,419.25,419.5,3319.0
2025-09-12 02:00:00,419.25,419.75,419.25,419.5,428.0
2025-09-12 03:00:00,419.5,419.75,419.5,419.75,146.0
2025-09-12 04:00:00,419.75,419.75,419.5,419.5,21.0
2025-09-12 05:00:00,419.75,419.75,419.25,419.25,441.0
2025-09-12 06:00:00,419.25,419.75,419.0,419.5,488.0
2025-09-12 07:00:00,419.25,420.0,418.75,419.75,1225.0
2025-09-12 08:00:00,420.0,420.25,419.0,420.0,1135.0
2025-09-12 09:00:00,420.0,420.5,419.25,419.25,1316.0
2025-09-12 10:00:00,419.25,421.0,419.25,421.0,906.0
2025-09-12 11:00:00,420.75,422.5,420.5,421.0,7891.0
2025-09-12 12:00:00,421.25,421.5,420.25,421.25,9057.0
2025-09-12 13:00:00,421.0,423.75,420.5,423.0,24104.0
2025-09-12 14:00:00,423.0,425.75,422.75,424.25,45608.0
2025-09-12 15:00:00,424.0,426.0,423.5,424.5,32172.0
2025-09-12 16:00:00,424.75,424.75,417.0,421.0,92399.0
2025-09-12 17:00:00,421.0,429.25,421.0,429.0,70205.0
2025-09-12 18:00:00,429.0,430.25,427.75,430.0,48875.0
2025-09-15 04:00:00,426.5,426.75,426.25,426.5,0.0
2025-09-15 05:00:00,426.5,427.75,426.25,427.5,1335.0
2025-09-15 06:00:00,427.5,428.0,426.5,426.5,2373.0
2025-09-15 07:00:00,426.75,427.0,426.0,426.75,2737.0
2025-09-15 08:00:00,427.0,427.0,425.25,425.75,2664.0
2025-09-15 09:00:00,425.75,426.25,425.25,426.25,1388.0
2025-09-15 10:00:00,426.25,426.5,425.25,425.75,1103.0
2025-09-15 11:00:00,425.75,426.0,425.25,425.5,3434.0
2025-09-15 12:00:00,425.5,427.0,425.0,425.75,5467.0
2025-09-15 13:00:00,426.0,427.75,424.25,427.25,34184.0
2025-09-15 14:00:00,427.5,427.75,426.25,426.5,23141.0
2025-09-15 15:00:00,426.25,426.25,422.75,422.75,30985.0
2025-09-15 16:00:00,423.0,424.0,422.0,423.25,22902.0
2025-09-15 17:00:00,423.0,424.5,422.25,423.5,13830.0
2025-09-15 18:00:00,423.5,423.75,422.75,423.75,13897.0
2025-09-16 00:00:00,423.0,424.75,423.0,424.5,0.0
2025-09-16 01:00:00,424.5,425.0,424.25,424.25,1325.0
2025-09-16 02:00:00,424.25,424.75,423.75,424.0,1179.0
2025-09-16 03:00:00,424.0,424.25,423.75,424.25,159.0
2025-09-16 04:00:00,424.25,424.25,424.0,424.25,147.0
2025-09-16 05:00:00,424.25,424.25,424.0,424.0,215.0
2025-09-16 06:00:00,424.25,424.5,423.75,424.0,463.0
2025-09-16 07:00:00,424.25,425.5,424.25,424.5,1486.0
2025-09-16 08:00:00,424.75,425.5,424.25,424.75,1219.0
2025-09-16 09:00:00,424.75,425.0,424.25,425.0,703.0
2025-09-16 10:00:00,425.0,426.5,424.25,426.5,2031.0
2025-09-16 11:00:00,426.5,427.0,426.0,427.0,1673.0
2025-09-16 12:00:00,427.0,428.0,426.25,427.0,6038.0
2025-09-16 13:00:00,426.75,428.0,426.25,427.5,19609.0
2025-09-16 14:00:00,427.5,429.5,427.25,428.0,30104.0
2025-09-16 15:00:00,428.0,431.25,427.75,430.0,43134.0
2025-09-16 16:00:00,429.75,430.25,429.0,429.25,15479.0
2025-09-16 17:00:00,429.25,429.5,428.75,428.75,12705.0
2025-09-16 18:00:00,429.0,429.75,428.25,429.0,17119.0
2025-09-17 00:00:00,428.75,429.5,427.75,429.0,0.0
2025-09-17 01:00:00,429.25,429.25,428.25,428.5,1480.0
2025-09-17 02:00:00,428.75,428.75,428.25,428.25,1235.0
2025-09-17 03:00:00,428.5,429.0,428.25,428.5,459.0
2025-09-17 04:00:00,428.5,428.75,428.25,428.5,377.0
2025-09-17 05:00:00,428.75,428.75,428.0,428.0,283.0
2025-09-17 06:00:00,428.0,428.75,428.0,428.5,327.0
2025-09-17 07:00:00,428.5,429.5,428.5,428.5,1466.0
2025-09-17 08:00:00,428.75,429.25,428.5,429.0,1085.0
2025-09-17 09:00:00,429.25,429.5,428.5,428.75,1161.0
2025-09-17 10:00:00,429.0,429.25,428.0,428.25,976.0
2025-09-17 11:00:00,428.5,429.25,428.0,429.0,4219.0
2025-09-17 12:00:00,429.0,430.5,429.0,430.0,5732.0
2025-09-17 13:00:00,430.0,431.25,429.25,431.0,21751.0
2025-09-17 14:00:00,431.25,431.25,429.0,430.0,15504.0
2025-09-17 15:00:00,430.0,430.0,427.25,427.75,18208.0
2025-09-17 16:00:00,427.75,428.0,426.25,426.25,13015.0
2025-09-17 17:00:00,426.5,426.75,425.5,426.0,15080.0
2025-09-17 18:00:00,426.0,427.25,426.0,427.0,18706.0
2025-09-18 00:00:00,426.5,428.0,425.5,426.0,0.0
2025-09-18 01:00:00,425.75,426.25,425.5,426.25,751.0
2025-09-18 02:00:00,426.25,426.5,426.0,426.25,260.0
2025-09-18 03:00:00,426.25,426.25,426.0,426.0,68.0
2025-09-18 04:00:00,426.0,426.25,425.75,425.75,214.0
2025-09-18 05:00:00,426.0,426.0,425.75,425.75,130.0
2025-09-18 06:00:00,425.75,426.0,425.75,425.75,238.0
2025-09-18 07:00:00,426.0,426.0,425.75,425.75,1568.0
2025-09-18 08:00:00,426.0,427.25,425.75,427.25,2097.0
2025-09-18 09:00:00,427.25,427.25,426.5,426.5,858.0
2025-09-18 10:00:00,426.75,427.25,426.5,427.0,684.0
2025-09-18 11:00:00,426.75,427.25,426.5,426.75,1201.0
2025-09-18 12:00:00,426.75,426.75,425.5,426.0,4263.0
2025-09-18 13:00:00,426.0,426.25,423.75,424.75,16219.0
2025-09-18 14:00:00,424.75,426.0,424.5,425.5,19082.0
2025-09-18 15:00:00,425.25,426.5,424.25,424.25,15825.0
2025-09-18 16:00:00,424.25,424.75,424.0,424.5,7924.0
2025-09-18 17:00:00,424.75,424.75,423.5,423.5,12595.0
2025-09-18 18:00:00,423.5,424.5,423.5,424.5,10676.0
2025-09-19 00:00:00,424.0,426.5,424.0,425.5,0.0
2025-09-19 01:00:00,425.5,426.0,425.5,425.75,608.0
2025-09-19 02:00:00,426.0,426.5,425.75,426.0,784.0
2025-09-19 03:00:00,426.0,426.25,425.75,425.75,114.0
2025-09-19 04:00:00,426.0,426.0,425.75,426.0,357.0
2025-09-19 05:00:00,426.0,426.0,425.5,425.5,395.0
2025-09-19 06:00:00,425.75,426.5,425.5,426.0,826.0
2025-09-19 07:00:00,426.0,427.0,426.0,426.5,967.0
2025-09-19 08:00:00,426.5,427.0,426.0,426.25,1463.0
2025-09-19 09:00:00,426.25,426.25,424.25,425.5,2544.0
2025-09-19 10:00:00,425.25,425.75,424.5,425.0,2713.0
2025-09-19 11:00:00,425.25,425.75,424.5,425.25,2095.0
2025-09-19 12:00:00,425.5,427.5,425.0,425.5,6857.0
2025-09-19 13:00:00,425.25,427.5,424.5,426.25,14033.0
2025-09-19 14:00:00,426.0,429.75,423.75,424.0,38852.0
2025-09-19 15:00:00,423.75,426.5,423.25,423.5,25249.0
2025-09-19 16:00:00,423.75,423.75,422.25,422.5,17466.0
2025-09-19 17:00:00,422.75,424.25,422.25,424.0,13655.0
2025-09-19 18:00:00,424.0,424.5,423.25,424.0,13759.0
2025-09-22 04:00:00,424.0,424.0,423.75,423.75,0.0
2025-09-22 05:00:00,423.75,424.0,423.75,423.75,199.0
2025-09-22 06:00:00,423.75,424.0,423.0,423.0,1404.0
2025-09-22 07:00:00,423.25,423.75,423.25,423.5,617.0
2025-09-22 08:00:00,423.5,424.25,423.25,423.75,1233.0
2025-09-22 09:00:00,423.75,423.75,423.25,423.75,621.0
2025-09-22 10:00:00,423.75,424.75,423.75,424.25,1970.0
2025-09-22 11:00:00,424.25,424.5,420.25,420.75,13412.0
2025-09-22 12:00:00,420.75,421.75,420.25,420.75,4424.0
2025-09-22 13:00:00,420.5,421.75,418.75,420.0,34690.0
2025-09-22 14:00:00,420.0,420.5,418.25,419.75,27848.0
2025-09-22 15:00:00,420.0,420.5,418.5,418.75,15037.0
2025-09-22 16:00:00,419.0,419.75,418.5,419.5,12093.0
2025-09-22 17:00:00,419.5,420.0,418.75,419.75,11434.0
2025-09-22 18:00:00,419.75,422.5,419.5,421.75,36973.0
2025-09-23 00:00:00,421.75,422.0,420.25,421.25,0.0
2025-09-23 01:00:00,421.0,421.25,420.5,420.5,1138.0
2025-09-23 02:00:00,420.5,421.0,420.5,420.75,588.0
2025-09-23 03:00:00,420.75,420.75,420.25,420.25,348.0
2025-09-23 04:00:00,420.25,420.25,419.25,419.5,1544.0
2025-09-23 05:00:00,419.25,419.5,418.75,419.25,945.0
2025-09-23 06:00:00,419.25,420.25,419.0,420.0,742.0
2025-09-23 07:00:00,420.0,421.0,420.0,420.75,1428.0
2025-09-23 08:00:00,420.5,420.75,419.5,420.0,1511.0
2025-09-23 09:00:00,420.0,421.0,419.5,419.75,2752.0
2025-09-23 10:00:00,419.75,421.0,419.75,421.0,755.0
2025-09-23 11:00:00,421.0,422.25,421.0,421.25,3776.0
2025-09-23 12:00:00,421.25,422.5,421.25,422.5,3627.0
2025-09-23 13:00:00,422.75,423.75,422.0,422.0,21510.0
2025-09-23 14:00:00,422.25,424.75,422.0,424.5,24412.0
2025-09-23 15:00:00,424.25,425.5,423.25,424.75,15973.0
2025-09-23 16:00:00,425.0,425.0,423.5,424.5,12852.0
2025-09-23 17:00:00,424.5,425.75,424.25,425.5,14438.0
2025-09-23 18:00:00,425.5,426.5,425.25,425.75,17377.0
2025-09-24 00:00:00,425.0,426.5,424.25,426.5,0.0
2025-09-24 01:00:00,426.5,426.5,425.75,426.0,350.0
2025-09-24 02:00:00,426.0,426.75,425.75,426.5,666.0
2025-09-24 03:00:00,426.5,426.75,426.25,426.5,200.0
2025-09-24 04:00:00,426.25,426.5,426.25,426.5,53.0
2025-09-24 05:00:00,426.5,426.75,426.5,426.5,435.0
2025-09-24 06:00:00,426.75,427.25,426.5,427.0,743.0
2025-09-24 07:00:00,427.0,427.25,426.75,426.75,675.0
2025-09-24 08:00:00,427.0,427.0,425.25,425.5,929.0
2025-09-24 09:00:00,425.5,425.75,425.25,425.75,930.0
2025-09-24 10:00:00,425.75,426.25,425.0,425.25,1725.0
2025-09-24 11:00:00,425.25,426.5,425.25,426.5,2636.0
2025-09-24 12:00:00,426.5,427.5,425.5,427.0,8154.0
2025-09-24 13:00:00,426.5,427.25,424.5,425.25,14352.0
2025-09-24 14:00:00,425.5,426.25,424.5,425.75,15899.0
2025-09-24 15:00:00,425.5,426.0,423.5,425.25,26827.0
2025-09-24 16:00:00,425.0,425.0,423.75,424.0,13168.0
2025-09-24 17:00:00,424.0,425.5,423.75,424.25,10516.0
2025-09-24 18:00:00,424.0,424.5,423.75,424.0,14211.0
2025-09-25 00:00:00,423.75,424.5,423.5,424.5,0.0
2025-09-25 01:00:00,424.5,424.75,424.25,424.75,464.0
2025-09-25 02:00:00,424.75,425.5,424.5,425.5,1312.0
2025-09-25 03:00:00,425.25,425.5,425.25,425.25,173.0
2025-09-25 04:00:00,425.5,425.5,425.0,425.25,265.0
2025-09-25 05:00:00,425.25,425.75,425.25,425.75,287.0
2025-09-25 06:00:00,425.75,426.25,425.5,425.75,1012.0
2025-09-25 07:00:00,425.5,426.0,425.25,425.25,553.0
2025-09-25 08:00:00,425.5,425.75,425.0,425.5,509.0
2025-09-25 09:00:00,425.25,426.5,425.25,426.25,4273.0
2025-09-25 10:00:00,426.5,426.75,426.25,426.5,1361.0
2025-09-25 11:00:00,426.5,427.5,426.5,426.75,4814.0
2025-09-25 12:00:00,426.75,428.25,426.75,427.25,6868.0
2025-09-25 13:00:00,427.0,427.5,425.5,426.0,13951.0
2025-09-25 14:00:00,426.25,428.25,425.0,427.75,27087.0
2025-09-25 15:00:00,427.75,428.0,425.5,425.75,13626.0
2025-09-25 16:00:00,425.5,426.5,424.0,425.0,20737.0
2025-09-25 17:00:00,424.75,425.5,424.0,424.75,15763.0
2025-09-25 18:00:00,424.5,426.0,424.5,424.75,17692.0
2025-09-26 00:00:00,425.25,425.5,424.75,425.5,0.0
2025-09-26 01:00:00,425.5,425.75,424.75,424.75,516.0
2025-09-26 02:00:00,425.0,425.0,424.5,425.0,602.0
2025-09-26 03:00:00,425.0,425.25,424.75,425.25,212.0
2025-09-26 04:00:00,425.25,425.25,425.0,425.25,211.0
2025-09-26 05:00:00,425.0,425.25,425.0,425.0,125.0
2025-09-26 06:00:00,425.25,425.25,424.25,424.5,1246.0
2025-09-26 07:00:00,424.5,425.0,423.75,424.25,2247.0
2025-09-26 08:00:00,424.5,425.25,424.25,424.75,1143.0
2025-09-26 09:00:00,424.75,425.25,424.5,425.0,1744.0
2025-09-26 10:00:00,425.0,425.0,424.25,424.75,773.0
2025-09-26 11:00:00,425.0,425.5,424.75,425.25,3270.0
2025-09-26 12:00:00,425.5,425.75,424.5,424.75,1706.0
2025-09-26 13:00:00,424.5,425.0,422.75,423.25,12908.0
2025-09-26 14:00:00,423.25,423.75,421.75,421.75,24041.0
2025-09-26 15:00:00,422.0,422.75,421.75,421.75,14329.0
2025-09-26 16:00:00,421.75,423.0,421.5,422.5,11641.0
2025-09-26 17:00:00,422.75,423.0,421.25,422.0,15416.0
2025-09-26 18:00:00,421.75,422.0,421.25,422.0,16881.0
2025-09-29 00:00:00,421.0,422.0,420.0,421.5,2968.0
2025-09-29 01:00:00,421.75,422.0,421.25,421.5,867.0
2025-09-29 02:00:00,421.5,422.25,421.5,422.0,1043.0
2025-09-29 03:00:00,422.0,422.0,421.5,421.5,130.0
2025-09-29 04:00:00,421.5,421.75,421.5,421.5,97.0
2025-09-29 05:00:00,421.5,421.75,421.5,421.75,76.0
2025-09-29 06:00:00,421.5,421.75,421.0,421.0,1190.0
2025-09-29 07:00:00,421.25,421.25,420.25,421.25,1092.0
2025-09-29 08:00:00,421.25,421.25,420.25,420.5,1611.0
2025-09-29 09:00:00,420.5,420.5,419.25,419.5,3798.0
2025-09-29 10:00:00,419.5,420.0,419.5,419.5,1553.0
2025-09-29 11:00:00,419.5,420.5,419.5,419.5,6676.0
2025-09-29 12:00:00,419.5,419.75,419.0,419.75,3012.0
2025-09-29 13:00:00,419.75,420.0,418.75,418.75,17812.0
2025-09-29 14:00:00,418.75,421.0,418.75,420.75,20573.0
2025-09-29 15:00:00,420.5,422.75,420.5,421.5,21621.0
2025-09-29 16:00:00,421.25,422.0,420.25,421.75,14697.0
2025-09-29 17:00:00,422.0,422.0,420.5,420.5,9947.0
2025-09-29 18:00:00,420.5,421.75,420.5,421.5,14249.0
2025-09-30 00:00:00,421.25,421.5,420.25,420.75,0.0
2025-09-30 01:00:00,420.75,420.75,420.5,420.5,425.0
2025-09-30 02:00:00,420.5,420.75,420.25,420.5,215.0
2025-09-30 03:00:00,420.5,420.75,420.25,420.5,603.0
2025-09-30 04:00:00,420.5,420.75,420.25,420.5,176.0
2025-09-30 05:00:00,420.5,420.75,420.25,420.25,569.0
2025-09-30 06:00:00,420.25,420.5,419.75,420.25,2030.0
2025-09-30 07:00:00,420.25,420.25,419.75,420.0,789.0
2025-09-30 08:00:00,420.0,420.75,419.75,420.5,1406.0
2025-09-30 09:00:00,420.25,420.5,419.75,420.0,1055.0
2025-09-30 10:00:00,420.0,420.25,419.5,419.75,2962.0
2025-09-30 11:00:00,419.5,419.75,419.0,419.25,3234.0
2025-09-30 12:00:00,419.0,419.75,418.75,419.25,4548.0
2025-09-30 13:00:00,419.5,420.0,419.0,419.5,14636.0
2025-09-30 14:00:00,419.25,419.5,418.25,418.5,15019.0
2025-09-30 15:00:00,418.75,419.0,417.75,418.5,25765.0
2025-09-30 16:00:00,418.75,419.0,414.0,416.75,126475.0
2025-09-30 17:00:00,416.75,418.0,415.0,415.25,22087.0
2025-09-30 18:00:00,415.5,416.0,414.5,416.0,33480.0
2025-10-01 00:00:00,415.75,416.0,414.25,414.25,0.0
2025-10-01 01:00:00,414.5,414.75,414.0,414.25,2756.0
2025-10-01 02:00:00,414.25,414.5,414.0,414.25,486.0
2025-10-01 03:00:00,414.25,414.25,414.0,414.25,779.0
2025-10-01 04:00:00,414.0,414.25,413.25,414.0,3174.0
2025-10-01 05:00:00,414.0,414.0,413.25,413.25,628.0
2025-10-01 06:00:00,413.25,413.75,413.0,413.5,3283.0
2025-10-01 07:00:00,413.75,414.0,413.0,413.25,1342.0
2025-10-01 08:00:00,413.25,414.0,413.0,413.75,2020.0
2025-10-01 09:00:00,413.75,414.0,413.25,413.75,1181.0
2025-10-01 10:00:00,413.75,414.0,413.0,413.0,2314.0
2025-10-01 11:00:00,413.0,413.75,412.5,412.5,4242.0
2025-10-01 12:00:00,412.75,413.0,412.5,412.75,3641.0
2025-10-01 13:00:00,412.75,413.25,411.5,412.0,34407.0
2025-10-01 14:00:00,412.0,413.0,411.25,411.5,34318.0
2025-10-01 15:00:00,411.25,411.5,410.5,410.75,26878.0
2025-10-01 16:00:00,410.75,413.5,410.75,413.5,34691.0
2025-10-01 17:00:00,413.5,417.75,413.0,417.5,65692.0
2025-10-01 18:00:00,417.5,419.5,416.25,418.25,35135.0
2025-10-02 00:00:00,417.25,419.25,417.25,417.5,0.0
2025-10-02 01:00:00,417.75,417.75,417.25,417.25,1104.0
2025-10-02 02:00:00,417.25,417.75,417.0,417.0,825.0
2025-10-02 03:00:00,417.0,417.5,417.0,417.25,339.0
2025-10-02 04:00:00,417.25,417.5,417.0,417.25,212.0
2025-10-02 05:00:00,417.25,417.25,417.0,417.0,83.0
2025-10-02 06:00:00,417.0,417.5,416.75,417.5,1212.0
2025-10-02 07:00:00,417.5,418.0,417.25,417.25,2443.0
2025-10-02 08:00:00,417.25,418.0,417.25,418.0,782.0
2025-10-02 09:00:00,417.75,419.5,416.0,416.25,6997.0
2025-10-02 10:00:00,416.25,417.0,415.75,416.25,2411.0
2025-10-02 11:00:00,416.5,417.0,415.5,416.0,4151.0
2025-10-02 12:00:00,415.75,416.75,415.0,416.5,3809.0
2025-10-02 13:00:00,416.75,417.0,414.75,416.5,20805.0
2025-10-02 14:00:00,416.5,418.75,415.5,417.25,25201.0
2025-10-02 15:00:00,417.5,419.25,417.0,418.25,18178.0
2025-10-02 16:00:00,418.0,419.75,418.0,419.5,17794.0
2025-10-02 17:00:00,419.5,422.5,419.5,421.25,32976.0
2025-10-02 18:00:00,421.0,422.25,420.75,421.25,29337.0
2025-10-03 00:00:00,420.75,422.25,420.5,422.0,0.0
2025-10-03 01:00:00,422.0,422.0,420.75,420.75,1153.0
2025-10-03 02:00:00,421.0,421.75,420.75,421.75,1845.0
2025-10-03 03:00:00,421.5,421.75,421.25,421.5,187.0
2025-10-03 04:00:00,421.75,421.75,421.5,421.75,32.0
2025-10-03 05:00:00,421.75,422.25,421.5,421.75,614.0
2025-10-03 06:00:00,421.75,422.5,421.75,422.0,925.0
2025-10-03 07:00:00,422.0,422.75,421.75,421.75,1786.0
2025-10-03 08:00:00,421.75,422.5,421.75,422.25,1445.0
2025-10-03 09:00:00,422.5,422.5,420.75,421.25,1188.0
2025-10-03 10:00:00,421.25,421.75,420.25,421.75,2170.0
2025-10-03 11:00:00,421.75,423.0,421.5,422.5,2101.0
2025-10-03 12:00:00,422.75,423.0,420.75,421.0,3026.0
2025-10-03 13:00:00,421.0,421.5,418.5,419.75,30967.0
2025-10-03 14:00:00,420.0,420.5,418.75,420.5,23694.0
2025-10-03 15:00:00,420.25,422.0,420.0,422.0,18894.0
2025-10-03 16:00:00,421.75,422.0,420.5,420.75,10346.0
2025-10-03 17:00:00,420.75,421.0,419.5,420.0,11863.0
2025-10-03 18:00:00,420.0,420.25,418.5,419.0,36298.0
2025-10-06 04:00:00,419.75,419.75,419.5,419.5,0.0
2025-10-06 05:00:00,419.25,419.25,418.75,419.0,197.0
2025-10-06 06:00:00,418.75,419.0,418.0,418.25,602.0
2025-10-06 07:00:00,418.5,418.75,418.0,418.5,1158.0
2025-10-06 08:00:00,418.5,419.75,418.0,418.75,3318.0
2025-10-06 09:00:00,419.0,420.0,419.0,419.5,683.0
2025-10-06 10:00:00,419.75,420.0,419.25,420.0,641.0
2025-10-06 11:00:00,420.0,420.25,419.0,419.75,3782.0
2025-10-06 12:00:00,419.75,420.0,418.75,418.75,2067.0
2025-10-06 13:00:00,418.75,420.0,417.75,418.75,12275.0
2025-10-06 14:00:00,418.75,419.5,417.25,417.75,17065.0
2025-10-06 15:00:00,417.75,419.0,417.5,418.75,12040.0
2025-10-06 16:00:00,419.0,420.75,418.5,419.75,14712.0
2025-10-06 17:00:00,419.75,421.75,418.75,420.5,12981.0
2025-10-06 18:00:00,420.25,422.5,420.25,421.75,29717.0
2025-10-07 00:00:00,421.5,421.5,420.0,420.75,0.0
2025-10-07 01:00:00,420.75,421.25,420.25,421.0,644.0
2025-10-07 02:00:00,420.75,421.25,420.75,421.25,327.0
2025-10-07 03:00:00,421.25,421.5,421.0,421.0,159.0
2025-10-07 04:00:00,421.25,421.25,421.0,421.25,47.0
2025-10-07 05:00:00,421.25,421.5,421.0,421.5,54.0
2025-10-07 06:00:00,421.25,422.0,421.0,422.0,720.0
2025-10-07 07:00:00,422.0,422.75,421.5,422.75,1493.0
2025-10-07 08:00:00,422.5,422.5,421.75,421.75,1332.0
2025-10-07 09:00:00,422.0,422.5,421.75,422.25,733.0
2025-10-07 10:00:00,422.25,422.25,422.0,422.25,503.0
2025-10-07 11:00:00,422.25,422.75,421.75,421.75,2193.0
2025-10-07 12:00:00,422.0,422.75,421.0,422.25,10748.0
2025-10-07 13:00:00,422.0,424.5,421.5,422.25,41213.0
2025-10-07 14:00:00,422.25,423.25,420.5,421.0,30455.0
2025-10-07 15:00:00,421.0,422.25,420.5,421.0,25791.0
2025-10-07 16:00:00,421.0,421.75,420.0,421.25,23205.0
2025-10-07 17:00:00,421.25,421.25,419.5,420.5,23402.0
2025-10-07 18:00:00,420.25,420.75,419.0,419.25,23767.0
2025-10-08 00:00:00,419.25,420.0,418.75,419.5,0.0
2025-10-08 01:00:00,419.5,420.0,419.0,419.25,1170.0
2025-10-08 02:00:00,419.0,419.25,418.5,418.75,1018.0
2025-10-08 03:00:00,418.75,419.25,418.75,419.25,118.0
2025-10-08 04:00:00,419.0,419.5,419.0,419.25,415.0
2025-10-08 05:00:00,419.25,419.25,418.5,418.5,450.0
2025-10-08 06:00:00,418.5,419.0,418.5,418.75,894.0
2025-10-08 07:00:00,419.0,419.75,418.75,419.25,1146.0
2025-10-08 08:00:00,419.25,419.75,418.75,419.0,1275.0
2025-10-08 09:00:00,419.0,419.75,418.75,419.25,896.0
2025-10-08 10:00:00,419.25,420.0,419.0,419.75,3301.0
2025-10-08 11:00:00,419.75,421.0,419.25,420.75,2579.0
2025-10-08 12:00:00,420.75,421.5,420.5,420.5,1779.0
2025-10-08 13:00:00,420.5,422.5,420.25,422.0,17892.0
2025-10-08 14:00:00,422.0,422.75,419.75,420.5,22799.0
2025-10-08 15:00:00,420.75,421.0,419.75,420.75,24169.0
2025-10-08 16:00:00,420.75,421.75,419.75,421.75,12794.0
2025-10-08 17:00:00,421.75,422.0,420.75,421.75,15978.0
2025-10-08 18:00:00,421.75,422.25,421.25,422.0,35607.0
2025-10-09 00:00:00,422.0,423.0,421.75,422.25,0.0
2025-10-09 01:00:00,422.25,422.25,421.25,422.0,1462.0
2025-10-09 02:00:00,421.75,422.0,421.5,421.5,519.0
2025-10-09 03:00:00,421.75,422.0,421.5,422.0,181.0
2025-10-09 04:00:00,421.75,422.25,421.75,422.25,241.0
2025-10-09 05:00:00,422.25,422.5,422.0,422.5,296.0
2025-10-09 06:00:00,422.25,422.75,422.0,422.0,415.0
2025-10-09 07:00:00,422.0,422.5,421.5,421.75,724.0
2025-10-09 08:00:00,421.75,422.25,421.25,422.0,1000.0
2025-10-09 09:00:00,422.0,422.0,421.25,421.25,1214.0
2025-10-09 10:00:00,421.25,421.75,420.75,420.75,1145.0
2025-10-09 11:00:00,421.0,423.0,420.75,422.5,2923.0
2025-10-09 12:00:00,422.5,422.75,421.0,421.5,2464.0
2025-10-09 13:00:00,421.5,422.0,419.5,420.75,32994.0
2025-10-09 14:00:00,420.75,422.75,420.25,422.0,19534.0
2025-10-09 15:00:00,422.0,423.25,421.75,422.5,24152.0
2025-10-09 16:00:00,422.75,422.75,419.5,419.75,28607.0
2025-10-09 17:00:00,419.75,420.25,419.0,419.0,27727.0
2025-10-09 18:00:00,419.25,419.25,418.0,418.5,32381.0
2025-10-10 00:00:00,418.25,419.25,418.0,419.0,0.0
2025-10-10 01:00:00,419.0,419.0,418.5,418.5,1731.0
2025-10-10 02:00:00,418.5,419.25,418.5,418.75,427.0
2025-10-10 03:00:00,418.75,419.25,418.75,419.0,102.0
2025-10-10 04:00:00,419.25,419.25,418.5,418.5,286.0
2025-10-10 05:00:00,418.75,419.0,418.75,419.0,478.0
2025-10-10 06:00:00,419.0,419.25,418.5,418.5,690.0
2025-10-10 07:00:00,418.75,418.75,417.5,417.75,2453.0
2025-10-10 08:00:00,417.75,418.25,417.5,417.75,1732.0
2025-10-10 09:00:00,418.0,418.0,417.5,417.75,930.0
2025-10-10 10:00:00,417.5,417.75,417.25,417.25,812.0
2025-10-10 11:00:00,417.5,417.75,416.75,416.75,6567.0
2025-10-10 12:00:00,416.75,417.25,416.5,416.5,6408.0
2025-10-10 13:00:00,416.75,416.75,415.25,416.0,32677.0
2025-10-10 14:00:00,416.25,416.25,414.5,415.0,29090.0
2025-10-10 15:00:00,415.0,415.0,412.25,413.5,43371.0
2025-10-10 16:00:00,413.5,414.5,413.0,413.0,22415.0
2025-10-10 17:00:00,413.25,414.0,412.75,413.75,15396.0
2025-10-10 18:00:00,413.5,413.75,412.75,413.5,35609.0
2025-10-13 04:00:00,413.5,413.5,413.0,413.25,0.0
2025-10-13 05:00:00,413.0,413.25,413.0,413.0,149.0
2025-10-13 06:00:00,413.0,413.25,412.75,413.25,1757.0
2025-10-13 07:00:00,413.0,413.75,413.0,413.75,1199.0
2025-10-13 08:00:00,413.5,414.0,412.75,413.25,3000.0
2025-10-13 09:00:00,413.5,414.25,413.0,414.25,1397.0
2025-10-13 10:00:00,414.25,414.25,413.25,413.5,2300.0
2025-10-13 11:00:00,413.5,414.0,412.75,413.25,3012.0
2025-10-13 12:00:00,413.25,413.5,412.25,413.25,3053.0
2025-10-13 13:00:00,413.25,413.75,412.25,413.25,16798.0
2025-10-13 14:00:00,413.0,413.25,411.0,411.0,43277.0
2025-10-13 15:00:00,411.25,411.5,410.5,410.75,18985.0
2025-10-13 16:00:00,410.75,411.0,410.5,410.75,16198.0
2025-10-13 17:00:00,411.0,411.75,410.75,411.0,12155.0
2025-10-13 18:00:00,411.0,411.25,410.5,410.5,18099.0
2025-10-14 00:00:00,410.75,411.5,410.75,411.25,0.0
2025-10-14 01:00:00,411.25,411.5,410.75,410.75,1734.0
2025-10-14 02:00:00,411.0,411.25,410.75,411.25,939.0
2025-10-14 03:00:00,411.0,411.25,411.0,411.0,246.0
2025-10-14 04:00:00,411.25,411.25,410.5,410.75,713.0
2025-10-14 05:00:00,411.0,411.0,410.75,411.0,299.0
2025-10-14 06:00:00,410.75,411.0,410.5,411.0,1416.0
2025-10-14 07:00:00,410.75,411.0,410.5,411.0,1375.0
2025-10-14 08:00:00,410.75,411.0,410.5,410.5,1018.0
2025-10-14 09:00:00,410.5,411.0,410.25,410.5,2669.0
2025-10-14 10:00:00,410.5,410.75,409.5,410.75,10562.0
2025-10-14 11:00:00,410.5,410.75,410.0,410.5,2799.0
2025-10-14 12:00:00,410.75,410.75,409.5,409.75,4172.0
2025-10-14 13:00:00,409.75,412.75,409.25,412.25,41463.0
2025-10-14 14:00:00,412.0,413.0,411.5,412.25,31664.0
2025-10-14 15:00:00,412.5,412.75,411.25,411.5,26861.0
2025-10-14 16:00:00,411.5,412.5,411.0,412.25,9477.0
2025-10-14 17:00:00,412.0,413.5,411.75,412.75,13053.0
2025-10-14 18:00:00,412.5,413.5,412.5,413.25,22061.0
2025-10-15 00:00:00,412.75,413.0,411.5,412.0,0.0
2025-10-15 01:00:00,412.25,412.75,412.0,412.5,704.0
2025-10-15 02:00:00,412.5,412.75,412.25,412.5,199.0
2025-10-15 03:00:00,412.5,412.75,412.5,412.75,110.0
2025-10-15 04:00:00,412.5,412.75,412.5,412.5,111.0
2025-10-15 05:00:00,412.75,412.75,412.5,412.75,74.0
2025-10-15 06:00:00,412.5,412.5,412.0,412.25,804.0
2025-10-15 07:00:00,412.5,413.0,412.0,412.5,1055.0
2025-10-15 08:00:00,412.75,413.0,412.25,412.5,1048.0
2025-10-15 09:00:00,412.25,412.75,411.75,412.25,1150.0
2025-10-15 10:00:00,412.0,412.25,411.25,411.75,1126.0
2025-10-15 11:00:00,411.75,412.25,411.25,411.5,1456.0
2025-10-15 12:00:00,411.5,412.75,411.5,412.25,3682.0
2025-10-15 13:00:00,412.5,413.25,411.5,412.25,16635.0
2025-10-15 14:00:00,412.25,416.0,412.25,415.0,32495.0
2025-10-15 15:00:00,415.0,415.5,414.0,414.75,17536.0
2025-10-15 16:00:00,415.0,418.5,414.75,418.0,34142.0
2025-10-15 17:00:00,417.75,418.25,416.75,417.75,30033.0
2025-10-15 18:00:00,417.5,418.0,416.5,417.25,31734.0
2025-10-16 00:00:00,416.75,417.5,416.25,417.25,0.0
2025-10-16 01:00:00,417.5,417.5,417.25,417.25,579.0
2025-10-16 02:00:00,417.25,418.0,417.25,417.75,630.0
2025-10-16 03:00:00,417.5,417.75,417.25,417.25,654.0
2025-10-16 04:00:00,417.25,417.5,417.25,417.25,370.0
2025-10-16 05:00:00,417.25,417.5,417.0,417.25,812.0
2025-10-16 06:00:00,417.5,417.75,417.25,417.25,597.0
2025-10-16 07:00:00,417.25,418.0,417.25,417.5,1921.0
2025-10-16 08:00:00,417.5,417.75,417.0,417.5,2830.0
2025-10-16 09:00:00,417.25,417.25,416.5,416.75,1762.0
2025-10-16 10:00:00,417.0,417.25,417.0,417.25,259.0
2025-10-16 11:00:00,417.25,417.5,416.75,416.75,1612.0
2025-10-16 12:00:00,416.75,417.25,416.75,417.0,1655.0
2025-10-16 13:00:00,417.0,419.5,417.0,419.25,35980.0
2025-10-16 14:00:00,419.5,421.0,418.25,420.25,59678.0
2025-10-16 15:00:00,420.5,422.0,419.75,422.0,40124.0
2025-10-16 16:00:00,422.0,423.5,421.25,423.0,67882.0
2025-10-16 17:00:00,423.0,423.5,421.75,422.5,29882.0
2025-10-16 18:00:00,422.25,422.5,421.25,422.0,30568.0
2025-10-17 00:00:00,421.25,423.0,421.0,422.25,0.0
2025-10-17 01:00:00,422.5,423.0,422.5,422.75,2258.0
2025-10-17 02:00:00,422.5,423.0,422.5,423.0,666.0
2025-10-17 03:00:00,422.75,423.25,422.75,423.0,1052.0
2025-10-17 04:00:00,423.0,423.25,422.75,423.0,133.0
2025-10-17 05:00:00,423.0,423.5,423.0,423.5,678.0
2025-10-17 06:00:00,423.25,423.5,422.75,422.75,945.0
2025-10-17 07:00:00,423.0,423.25,422.5,423.0,1449.0
2025-10-17 08:00:00,423.0,423.5,422.5,423.25,1240.0
2025-10-17 09:00:00,423.25,424.0,423.0,424.0,1797.0
2025-10-17 10:00:00,423.75,424.75,423.25,424.0,5078.0
2025-10-17 11:00:00,424.0,424.75,422.75,423.75,4233.0
2025-10-17 12:00:00,424.0,424.5,423.5,424.0,6313.0
2025-10-17 13:00:00,424.0,424.25,422.0,422.5,35610.0
2025-10-17 14:00:00,422.5,423.5,422.0,422.5,26626.0
2025-10-17 15:00:00,422.5,424.75,422.5,424.5,19545.0
2025-10-17 16:00:00,424.5,424.5,423.25,423.25,11055.0
2025-10-17 17:00:00,423.25,424.0,422.5,422.5,12562.0
2025-10-17 18:00:00,422.75,423.5,422.25,423.0,27486.0
2025-10-20 04:00:00,422.75,422.75,422.5,422.5,0.0
2025-10-20 05:00:00,422.5,422.75,422.25,422.25,294.0
2025-10-20 06:00:00,422.25,422.5,421.75,422.0,636.0
2025-10-20 07:00:00,422.0,422.75,422.0,422.75,991.0
2025-10-20 08:00:00,422.5,423.75,422.5,423.75,3505.0
2025-10-20 09:00:00,423.75,424.0,423.0,423.0,1974.0
2025-10-20 10:00:00,423.0,424.0,422.75,423.75,892.0
2025-10-20 11:00:00,423.5,423.75,422.0,422.75,3814.0
2025-10-20 12:00:00,422.75,423.0,421.75,422.0,3716.0
2025-10-20 13:00:00,422.0,422.75,419.75,419.75,25010.0
2025-10-20 14:00:00,419.75,421.25,419.5,420.0,24971.0
2025-10-20 15:00:00,420.25,420.75,419.75,420.5,15337.0
2025-10-20 16:00:00,420.5,423.5,420.25,423.0,24433.0
2025-10-20 17:00:00,423.25,423.75,422.5,423.5,18141.0
2025-10-20 18:00:00,423.25,424.0,423.0,424.0,19009.0
2025-10-21 00:00:00,423.25,424.5,423.0,424.0,0.0
2025-10-21 01:00:00,424.0,424.25,423.75,423.75,562.0
2025-10-21 02:00:00,424.0,424.25,423.75,424.0,253.0
2025-10-21 03:00:00,424.0,424.0,423.75,423.75,415.0
2025-10-21 04:00:00,423.75,423.75,423.25,423.25,247.0
2025-10-21 05:00:00,423.5,423.75,423.25,423.5,399.0
2025-10-21 06:00:00,423.5,423.75,423.0,423.0,495.0
2025-10-21 07:00:00,423.25,423.5,422.75,423.5,1159.0
2025-10-21 08:00:00,423.5,424.0,423.0,424.0,1681.0
2025-10-21 09:00:00,424.0,424.5,423.25,423.5,3618.0
2025-10-21 10:00:00,423.5,423.75,423.25,423.5,217.0
2025-10-21 11:00:00,423.5,423.75,422.0,422.25,2359.0
2025-10-21 12:00:00,422.25,422.5,421.25,422.0,3822.0
2025-10-21 13:00:00,421.75,422.5,420.0,420.0,19868.0
2025-10-21 14:00:00,420.0,422.25,419.5,420.5,37590.0
2025-10-21 15:00:00,420.5,420.75,419.0,419.25,22845.0
2025-10-21 16:00:00,419.0,420.25,418.5,418.5,17603.0
2025-10-21 17:00:00,418.75,420.25,418.5,419.25,20006.0
2025-10-21 18:00:00,419.5,420.0,419.25,419.75,20687.0
2025-10-22 00:00:00,419.75,420.0,418.5,419.75,0.0
2025-10-22 01:00:00,419.5,419.75,419.25,419.5,607.0
2025-10-22 02:00:00,419.5,420.0,419.25,420.0,480.0
2025-10-22 03:00:00,419.75,420.0,419.5,419.75,242.0
2025-10-22 04:00:00,420.0,420.0,419.25,419.25,1000.0
2025-10-22 05:00:00,419.5,419.75,419.25,419.75,756.0
2025-10-22 06:00:00,419.5,420.25,419.25,420.25,643.0
2025-10-22 07:00:00,420.25,420.75,420.0,420.5,1523.0
2025-10-22 08:00:00,420.5,421.0,419.75,420.5,1538.0
2025-10-22 09:00:00,420.5,421.0,420.25,420.75,1511.0
2025-10-22 10:00:00,420.75,420.75,419.5,420.25,1907.0
2025-10-22 11:00:00,420.0,421.25,419.75,420.75,4255.0
2025-10-22 12:00:00,420.5,421.5,420.5,421.0,2687.0
2025-10-22 13:00:00,420.5,422.5,419.5,420.75,26113.0
2025-10-22 14:00:00,421.0,422.75,420.25,420.75,27297.0
2025-10-22 15:00:00,420.75,422.5,420.75,422.0,11584.0
2025-10-22 16:00:00,422.0,423.25,421.0,422.25,33060.0
2025-10-22 17:00:00,422.25,423.75,422.0,422.75,22459.0
2025-10-22 18:00:00,422.5,424.0,422.25,423.75,26512.0
2025-10-23 00:00:00,423.0,424.25,423.0,423.75,0.0
2025-10-23 01:00:00,423.75,424.0,423.5,423.75,2298.0
2025-10-23 02:00:00,423.75,423.75,423.25,423.5,824.0
2025-10-23 03:00:00,423.5,423.75,423.25,423.25,244.0
2025-10-23 04:00:00,423.25,423.5,423.25,423.25,193.0
2025-10-23 05:00:00,423.5,424.0,423.5,423.75,262.0
2025-10-23 06:00:00,424.0,424.5,423.75,424.5,3807.0
2025-10-23 07:00:00,424.5,424.5,423.75,424.25,2890.0
2025-10-23 08:00:00,424.25,425.5,424.0,425.0,6084.0
2025-10-23 09:00:00,425.0,425.25,424.0,424.25,2250.0
2025-10-23 10:00:00,424.25,425.0,424.0,424.5,975.0
2025-10-23 11:00:00,424.25,425.0,424.25,424.75,2268.0
2025-10-23 12:00:00,424.75,424.75,422.75,423.0,6362.0
2025-10-23 13:00:00,423.0,423.0,421.0,422.25,21712.0
2025-10-23 14:00:00,422.5,424.25,421.75,424.25,24740.0
2025-10-23 15:00:00,424.0,424.5,423.25,424.5,16478.0
2025-10-23 16:00:00,424.5,425.5,424.0,425.0,19264.0
2025-10-23 17:00:00,425.25,428.5,425.0,428.0,42056.0
2025-10-23 18:00:00,428.0,428.5,427.5,427.75,29427.0
2025-10-24 00:00:00,427.25,427.5,426.5,427.25,0.0
2025-10-24 01:00:00,427.25,427.25,426.25,427.0,3836.0
2025-10-24 02:00:00,426.75,427.25,426.5,426.75,821.0
2025-10-24 03:00:00,426.75,427.0,426.5,427.0,349.0
2025-10-24 04:00:00,427.0,427.0,426.75,426.75,332.0
2025-10-24 05:00:00,427.0,427.0,426.25,426.25,903.0
2025-10-24 06:00:00,426.25,426.75,426.0,426.25,792.0
2025-10-24 07:00:00,426.5,427.0,426.0,426.75,2722.0
2025-10-24 08:00:00,426.75,427.0,425.75,426.0,2266.0
2025-10-24 09:00:00,426.25,426.25,425.5,426.25,1272.0
2025-10-24 10:00:00,426.25,427.0,426.0,426.25,1264.0
2025-10-24 11:00:00,426.25,427.0,426.25,426.25,2454.0
2025-10-24 12:00:00,426.25,426.25,425.25,425.5,7181.0
2025-10-24 13:00:00,425.5,426.5,424.0,425.0,24866.0
2025-10-24 14:00:00,425.0,425.5,423.25,424.0,40007.0
2025-10-24 15:00:00,423.75,424.75,423.5,423.5,23055.0
2025-10-24 16:00:00,423.5,424.25,423.0,423.25,18504.0
2025-10-24 17:00:00,423.5,424.25,423.0,423.5,27619.0
2025-10-24 18:00:00,423.75,424.0,423.0,423.25,27585.0
2025-10-27 04:00:00,429.5,429.75,429.25,429.25,0.0
2025-10-27 05:00:00,429.25,430.0,429.25,430.0,1895.0
2025-10-27 06:00:00,430.0,430.0,429.25,429.75,2224.0
2025-10-27 07:00:00,429.75,429.75,429.0,429.5,2047.0
2025-10-27 08:00:00,429.5,429.75,428.25,428.75,3699.0
2025-10-27 09:00:00,429.0,429.5,428.75,429.0,2377.0
2025-10-27 10:00:00,429.0,430.0,428.5,429.75,3181.0
2025-10-27 11:00:00,429.75,430.75,429.25,430.5,7428.0
2025-10-27 12:00:00,430.25,430.5,429.5,429.75,10076.0
2025-10-27 13:00:00,429.5,430.0,428.0,428.5,34818.0
2025-10-27 14:00:00,428.5,429.0,426.0,427.5,49111.0
2025-10-27 15:00:00,427.5,429.25,427.5,429.0,19967.0
2025-10-27 16:00:00,429.25,431.5,429.0,430.5,33084.0
2025-10-27 17:00:00,430.5,431.75,430.0,430.0,31015.0
2025-10-27 18:00:00,430.0,430.25,428.0,428.0,34120.0
2025-10-28 00:00:00,428.0,429.0,427.25,428.5,0.0
2025-10-28 01:00:00,428.75,429.5,428.5,429.25,1329.0
2025-10-28 02:00:00,429.25,429.25,428.25,428.75,1127.0
2025-10-28 03:00:00,428.75,429.25,428.5,429.25,873.0
2025-10-28 04:00:00,429.0,429.25,429.0,429.0,40.0
2025-10-28 05:00:00,429.0,429.5,428.75,429.0,693.0
2025-10-28 06:00:00,429.25,430.25,429.0,430.25,2178.0
2025-10-28 07:00:00,430.25,431.0,430.0,430.5,1514.0
2025-10-28 08:00:00,430.5,432.5,429.75,432.0,5439.0
2025-10-28 09:00:00,432.0,432.5,430.5,431.25,5668.0
2025-10-28 10:00:00,431.25,431.25,430.25,430.5,2081.0
2025-10-28 11:00:00,430.5,431.5,430.0,430.0,3637.0
2025-10-28 12:00:00,430.0,432.5,430.0,431.5,15036.0
2025-10-28 13:00:00,431.25,433.25,431.0,432.0,40650.0
2025-10-28 14:00:00,432.0,435.5,432.0,434.25,56944.0
2025-10-28 15:00:00,434.25,436.25,434.0,435.0,45980.0
2025-10-28 16:00:00,435.0,435.75,431.25,432.5,49660.0
2025-10-28 17:00:00,432.5,432.75,428.0,430.25,60389.0
2025-10-28 18:00:00,430.25,432.75,430.0,431.75,54111.0
2025-10-29 00:00:00,431.25,431.75,430.0,430.5,0.0
2025-10-29 01:00:00,430.75,431.25,430.5,431.0,1321.0
2025-10-29 02:00:00,431.0,432.0,431.0,431.25,2371.0
2025-10-29 03:00:00,431.25,431.5,430.75,431.5,833.0
2025-10-29 04:00:00,431.25,431.5,431.0,431.0,283.0
2025-10-29 05:00:00,431.0,431.25,430.5,430.5,477.0
2025-10-29 06:00:00,430.75,431.75,430.75,431.75,728.0
2025-10-29 07:00:00,431.5,431.75,430.75,430.75,1339.0
2025-10-29 08:00:00,431.0,431.25,430.25,430.75,3269.0
2025-10-29 09:00:00,430.75,433.0,430.5,432.25,4099.0
2025-10-29 10:00:00,432.25,432.5,430.75,430.75,1479.0
2025-10-29 11:00:00,430.75,432.25,430.5,431.25,5764.0
2025-10-29 12:00:00,431.25,432.0,430.75,431.0,3462.0
2025-10-29 13:00:00,431.0,434.25,430.75,432.75,42668.0
2025-10-29 14:00:00,432.5,433.25,430.5,431.0,41949.0
2025-10-29 15:00:00,430.75,432.75,430.5,432.0,30694.0
2025-10-29 16:00:00,432.25,433.0,431.75,432.75,20817.0
2025-10-29 17:00:00,433.0,434.75,432.5,433.5,24831.0
2025-10-29 18:00:00,433.5,435.0,433.25,434.5,22918.0
2025-10-30 00:00:00,434.0,434.75,433.25,434.25,0.0
2025-10-30 01:00:00,434.25,434.75,434.0,434.75,1920.0
2025-10-30 02:00:00,434.75,436.5,434.25,435.5,6062.0
2025-10-30 03:00:00,435.5,437.0,435.5,435.75,1555.0
2025-10-30 04:00:00,433.75,436.25,428.5,429.25,15963.0
2025-10-30 05:00:00,429.5,431.0,428.75,429.25,10513.0
2025-10-30 06:00:00,429.0,430.5,429.0,430.0,2336.0
2025-10-30 07:00:00,430.25,430.5,428.5,429.25,4527.0
2025-10-30 08:00:00,429.25,431.5,428.5,431.0,7309.0
2025-10-30 09:00:00,430.75,431.0,428.5,429.5,8502.0
2025-10-30 10:00:00,429.5,429.75,428.25,429.0,3567.0
2025-10-30 11:00:00,429.0,434.5,428.5,433.75,21752.0
2025-10-30 12:00:00,433.5,437.0,433.25,434.5,14683.0
2025-10-30 13:00:00,434.5,435.5,429.75,430.0,28467.0
2025-10-30 14:00:00,430.0,430.75,427.75,429.75,41286.0
2025-10-30 15:00:00,430.0,433.5,428.75,433.0,28682.0
2025-10-30 16:00:00,433.25,433.25,430.75,432.5,18772.0
2025-10-30 17:00:00,432.5,433.0,429.25,430.0,26926.0
2025-10-30 18:00:00,429.75,430.75,429.0,429.5,31806.0
2025-10-31 00:00:00,429.25,430.25,429.0,429.5,0.0
2025-10-31 01:00:00,429.5,431.0,429.0,430.75,2430.0
2025-10-31 02:00:00,430.75,431.75,430.5,431.75,2864.0
2025-10-31 03:00:00,431.5,431.75,431.0,431.25,658.0
2025-10-31 04:00:00,431.5,431.75,431.5,431.75,127.0
2025-10-31 05:00:00,431.75,431.75,430.5,431.0,1144.0
2025-10-31 06:00:00,430.75,431.5,430.75,431.0,860.0
2025-10-31 07:00:00,430.75,431.0,429.75,430.5,1610.0
2025-10-31 08:00:00,430.75,430.75,429.25,429.75,1937.0
2025-10-31 09:00:00,429.5,430.0,429.0,429.0,1048.0
2025-10-31 10:00:00,429.25,429.25,428.25,428.5,2672.0
2025-10-31 11:00:00,428.5,428.75,427.5,428.0,6821.0
2025-10-31 12:00:00,428.0,428.25,427.5,427.75,4032.0
2025-10-31 13:00:00,427.75,429.25,426.5,428.75,22454.0
2025-10-31 14:00:00,428.75,429.75,427.25,428.25,22619.0
2025-10-31 15:00:00,428.0,431.25,428.0,431.25,24396.0
2025-10-31 16:00:00,431.0,432.25,430.0,431.25,21727.0
2025-10-31 17:00:00,431.25,432.25,430.25,431.75,23190.0
2025-10-31 18:00:00,431.5,432.25,430.75,431.5,35488.0
2025-11-03 01:00:00,431.0,434.0,430.75,433.25,9316.0
2025-11-03 02:00:00,433.0,434.5,433.0,433.75,4479.0
2025-11-03 03:00:00,433.5,434.0,433.25,433.75,4439.0
2025-11-03 04:00:00,433.5,433.75,433.5,433.75,114.0
2025-11-03 05:00:00,433.75,433.75,433.25,433.25,400.0
2025-11-03 06:00:00,433.25,433.5,432.25,432.25,1744.0
2025-11-03 07:00:00,432.5,433.0,432.25,432.5,1190.0
2025-11-03 08:00:00,432.5,433.5,432.25,433.0,1968.0
2025-11-03 09:00:00,432.75,434.0,432.25,433.0,3548.0
2025-11-03 10:00:00,433.0,433.75,432.5,432.5,2197.0
2025-11-03 11:00:00,432.75,433.0,432.25,432.25,2405.0
2025-11-03 12:00:00,432.25,433.25,431.5,432.75,5795.0
2025-11-03 13:00:00,432.5,433.0,432.0,432.5,2357.0
2025-11-03 14:00:00,432.0,432.75,429.25,429.75,25986.0
2025-11-03 15:00:00,430.0,430.25,427.75,429.5,34341.0
2025-11-03 16:00:00,429.5,432.5,429.0,431.75,37536.0
2025-11-03 17:00:00,431.75,434.25,431.75,434.0,23513.0
2025-11-03 18:00:00,434.25,435.0,433.5,434.0,20527.0
2025-11-03 19:00:00,433.75,435.0,433.5,434.75,23543.0
2025-11-04 01:00:00,434.0,434.5,433.0,434.25,0.0
2025-11-04 02:00:00,434.25,434.25,433.25,433.5,1035.0
2025-11-04 03:00:00,433.5,433.5,433.0,433.25,841.0
2025-11-04 04:00:00,433.5,433.75,433.25,433.5,377.0
2025-11-04 05:00:00,433.25,433.75,432.5,432.5,530.0
2025-11-04 06:00:00,432.75,433.0,432.0,432.0,1064.0
2025-11-04 07:00:00,432.0,432.5,432.0,432.0,1411.0
2025-11-04 08:00:00,432.25,433.0,432.0,432.75,1236.0
2025-11-04 09:00:00,433.0,433.5,432.5,432.75,1010.0
2025-11-04 10:00:00,432.75,433.0,432.0,432.25,1319.0
2025-11-04 11:00:00,432.0,433.0,431.0,431.25,4510.0
2025-11-04 12:00:00,431.25,431.25,430.25,430.5,4130.0
2025-11-04 13:00:00,430.75,431.0,430.0,430.0,4915.0
2025-11-04 14:00:00,430.25,431.5,429.5,430.25,22450.0
2025-11-04 15:00:00,430.5,431.25,429.5,430.5,24875.0
2025-11-04 16:00:00,430.25,431.25,429.25,430.0,26591.0
2025-11-04 17:00:00,430.0,430.75,429.75,429.75,15001.0
2025-11-04 18:00:00,429.75,431.25,429.25,431.0,21961.0
2025-11-04 19:00:00,431.0,431.75,430.5,430.75,15648.0
2025-11-05 01:00:00,430.5,430.75,428.75,429.25,0.0
2025-11-05 02:00:00,429.0,429.75,429.0,429.25,674.0
2025-11-05 03:00:00,429.5,430.25,429.5,430.25,1045.0
2025-11-05 04:00:00,430.25,431.5,430.25,430.25,2859.0
2025-11-05 05:00:00,430.0,430.75,430.0,430.25,597.0
2025-11-05 06:00:00,430.5,430.75,430.0,430.75,2001.0
2025-11-05 07:00:00,430.75,431.75,430.75,431.5,1484.0
2025-11-05 08:00:00,431.5,432.25,431.25,431.5,2617.0
2025-11-05 09:00:00,431.25,432.5,431.0,432.0,4201.0
2025-11-05 10:00:00,432.0,432.75,431.75,431.75,2032.0
2025-11-05 11:00:00,432.0,432.5,431.5,431.75,2263.0
2025-11-05 12:00:00,431.5,432.25,431.0,431.75,4916.0
2025-11-05 13:00:00,431.75,431.75,430.5,431.25,3423.0
2025-11-05 14:00:00,431.25,433.25,430.25,432.5,21706.0
2025-11-05 15:00:00,432.5,435.0,431.75,434.5,37373.0
2025-11-05 16:00:00,434.5,435.25,433.75,435.25,24115.0
2025-11-05 17:00:00,435.0,435.75,434.25,434.5,23485.0
2025-11-05 18:00:00,434.5,435.0,433.75,435.0,16063.0
2025-11-05 19:00:00,435.0,436.0,434.75,435.0,18805.0
2025-11-06 01:00:00,434.5,434.75,433.0,433.0,0.0
2025-11-06 02:00:00,433.0,433.5,432.75,432.75,4710.0
2025-11-06 03:00:00,432.75,433.0,432.75,432.75,324.0
2025-11-06 04:00:00,432.75,433.5,432.75,433.25,1158.0
2025-11-06 05:00:00,433.5,433.5,433.25,433.25,152.0
2025-11-06 06:00:00,433.5,433.75,433.25,433.5,1535.0
2025-11-06 07:00:00,433.25,433.5,432.75,432.75,2409.0
2025-11-06 08:00:00,433.0,433.75,432.75,433.75,1998.0
2025-11-06 09:00:00,433.5,433.75,433.25,433.5,616.0
2025-11-06 10:00:00,433.5,434.0,433.25,433.75,1838.0
2025-11-06 11:00:00,433.75,434.0,433.25,433.5,1435.0
2025-11-06 12:00:00,433.25,433.5,432.5,433.25,3574.0
2025-11-06 13:00:00,433.0,433.5,432.5,433.0,2020.0
2025-11-06 14:00:00,432.75,433.0,430.25,432.0,37679.0
2025-11-06 15:00:00,431.75,432.5,429.25,429.25,28157.0
2025-11-06 16:00:00,429.5,430.0,428.25,428.25,28588.0
2025-11-06 17:00:00,428.25,430.25,428.25,429.25,21152.0
2025-11-06 18:00:00,429.5,430.25,428.75,428.75,16328.0
2025-11-06 19:00:00,428.75,429.25,428.25,428.75,25102.0
2025-11-07 01:00:00,428.5,429.5,428.0,429.25,0.0
2025-11-07 02:00:00,429.25,430.0,428.75,429.0,882.0
2025-11-07 03:00:00,429.0,429.25,428.5,428.5,382.0
2025-11-07 04:00:00,428.5,429.25,428.25,429.0,372.0
2025-11-07 05:00:00,429.0,429.25,428.75,429.0,478.0
2025-11-07 06:00:00,429.0,429.5,429.0,429.25,711.0
2025-11-07 07:00:00,429.25,429.5,428.75,429.25,556.0
2025-11-07 08:00:00,429.25,429.25,428.5,428.5,1240.0
2025-11-07 09:00:00,428.5,429.25,428.25,428.75,3312.0
2025-11-07 10:00:00,428.75,429.0,428.0,428.0,994.0
2025-11-07 11:00:00,428.25,429.0,427.75,428.75,1961.0
2025-11-07 12:00:00,428.75,429.5,428.25,428.5,2716.0
2025-11-07 13:00:00,428.25,429.0,428.0,428.5,2078.0
2025-11-07 14:00:00,428.5,430.5,428.0,428.75,26419.0
2025-11-07 15:00:00,429.0,429.5,427.5,429.0,24062.0
2025-11-07 16:00:00,428.75,429.75,428.25,428.5,18134.0
2025-11-07 17:00:00,428.5,429.0,427.5,427.75,17402.0
2025-11-07 18:00:00,427.75,428.25,427.5,427.75,11826.0
2025-11-07 19:00:00,427.5,428.0,426.75,427.25,36278.0
2025-11-10 01:00:00,426.75,428.25,426.75,427.75,1216.0
2025-11-10 02:00:00,428.0,428.75,427.5,428.0,1274.0
2025-11-10 03:00:00,428.0,428.0,427.75,428.0,466.0
2025-11-10 04:00:00,428.0,428.25,428.0,428.25,205.0
2025-11-10 05:00:00,428.25,428.5,428.0,428.5,90.0
2025-11-10 06:00:00,428.5,428.5,428.0,428.5,650.0
2025-11-10 07:00:00,428.5,429.25,428.25,428.75,1505.0
2025-11-10 08:00:00,428.75,429.25,428.5,429.0,1275.0
2025-11-10 09:00:00,429.25,429.75,429.0,429.25,6794.0
2025-11-10 10:00:00,429.25,429.5,428.5,428.5,1895.0
2025-11-10 11:00:00,428.5,429.75,428.5,429.5,2319.0
2025-11-10 12:00:00,429.5,430.0,428.5,429.0,4286.0
2025-11-10 13:00:00,428.75,429.25,428.75,429.0,1642.0
2025-11-10 14:00:00,428.5,429.5,426.25,426.75,16420.0
2025-11-10 15:00:00,426.5,430.0,426.5,429.5,51559.0
2025-11-10 16:00:00,429.5,429.75,428.0,428.75,16627.0
2025-11-10 17:00:00,428.75,430.25,428.25,429.75,14195.0
2025-11-10 18:00:00,430.0,431.25,429.5,430.25,24730.0
2025-11-10 19:00:00,430.0,430.25,429.25,429.25,37158.0
2025-11-11 01:00:00,429.0,429.5,428.5,428.75,0.0
2025-11-11 02:00:00,428.75,429.25,428.5,428.75,568.0
2025-11-11 03:00:00,428.75,429.25,428.5,428.75,888.0
2025-11-11 04:00:00,428.75,429.0,428.75,429.0,481.0
2025-11-11 05:00:00,429.0,429.25,429.0,429.0,274.0
2025-11-11 06:00:00,429.0,429.25,428.75,429.0,472.0
2025-11-11 07:00:00,429.25,429.5,429.0,429.25,310.0
2025-11-11 08:00:00,429.0,429.5,429.0,429.5,626.0
2025-11-11 09:00:00,429.5,430.0,429.25,429.5,1470.0
2025-11-11 10:00:00,429.5,429.75,429.0,429.25,861.0
2025-11-11 11:00:00,429.0,430.0,429.0,429.75,4676.0
2025-11-11 12:00:00,429.75,429.75,428.5,428.75,1394.0
2025-11-11 13:00:00,428.75,429.25,428.5,428.75,1596.0
2025-11-11 14:00:00,428.75,431.25,428.5,431.25,27792.0
2025-11-11 15:00:00,431.0,432.0,429.75,431.0,22783.0
2025-11-11 16:00:00,431.0,432.0,430.25,431.75,19303.0
2025-11-11 17:00:00,431.5,432.5,431.25,432.5,21154.0
2025-11-11 18:00:00,432.25,432.75,431.75,432.5,24910.0
2025-11-11 19:00:00,432.5,432.75,431.5,432.0,30853.0
2025-11-12 01:00:00,431.5,432.75,431.25,432.5,0.0
2025-11-12 02:00:00,432.5,432.75,432.25,432.5,950.0
2025-11-12 03:00:00,432.75,433.25,432.5,433.0,1831.0
2025-11-12 04:00:00,432.75,433.0,432.75,432.75,293.0
2025-11-12 05:00:00,432.75,433.0,432.25,432.5,594.0
2025-11-12 06:00:00,432.5,432.75,432.25,432.25,636.0
2025-11-12 07:00:00,432.25,432.5,432.0,432.25,548.0
2025-11-12 08:00:00,432.5,432.75,432.25,432.5,965.0
2025-11-12 09:00:00,432.5,432.5,432.0,432.25,852.0
2025-11-12 10:00:00,432.25,432.75,432.25,432.75,797.0
2025-11-12 11:00:00,432.75,432.75,432.0,432.0,1801.0
2025-11-12 12:00:00,432.25,432.25,431.25,431.5,3045.0
2025-11-12 13:00:00,431.5,432.0,431.0,431.5,6068.0
2025-11-12 14:00:00,431.5,432.75,431.0,432.25,21570.0
2025-11-12 15:00:00,432.5,433.5,432.0,432.5,32280.0
2025-11-12 16:00:00,432.5,434.0,432.0,433.5,25552.0
2025-11-12 17:00:00,433.75,434.5,433.25,434.5,28759.0
2025-11-12 18:00:00,434.5,435.5,434.25,435.25,48887.0
2025-11-12 19:00:00,435.0,436.0,434.75,435.5,46288.0
2025-11-13 01:00:00,434.75,435.25,434.0,434.25,0.0
2025-11-13 02:00:00,434.25,435.0,434.25,434.5,3471.0
2025-11-13 03:00:00,434.75,434.75,434.25,434.5,536.0
2025-11-13 04:00:00,434.5,435.0,434.5,435.0,690.0
2025-11-13 05:00:00,435.0,435.75,435.0,435.5,1477.0
2025-11-13 06:00:00,435.25,435.5,435.0,435.5,331.0
2025-11-13 07:00:00,435.25,435.5,435.0,435.0,3065.0
2025-11-13 08:00:00,435.0,435.75,435.0,435.25,1545.0
2025-11-13 09:00:00,435.25,435.75,434.5,434.75,4777.0
2025-11-13 10:00:00,435.0,435.25,434.75,435.0,1522.0
2025-11-13 11:00:00,435.0,435.25,434.25,434.75,1988.0
2025-11-13 12:00:00,434.75,435.25,434.5,435.0,1634.0
2025-11-13 13:00:00,435.0,436.25,434.75,436.25,11997.0
2025-11-13 14:00:00,435.75,439.0,435.5,437.75,68189.0
2025-11-13 15:00:00,437.75,439.25,436.75,438.75,47649.0
2025-11-13 16:00:00,439.0,439.5,437.0,438.0,37063.0
2025-11-13 17:00:00,438.0,439.75,437.25,439.5,46583.0
2025-11-13 18:00:00,439.5,441.0,439.25,440.25,45393.0
2025-11-13 19:00:00,440.25,442.75,440.0,442.25,73995.0
2025-11-14 01:00:00,441.5,442.0,440.0,441.0,0.0
2025-11-14 02:00:00,441.0,441.25,440.75,441.0,784.0
2025-11-14 03:00:00,441.0,441.25,441.0,441.25,367.0
2025-11-14 04:00:00,441.25,441.25,440.75,441.0,738.0
2025-11-14 05:00:00,440.75,441.75,440.75,441.5,489.0
2025-11-14 06:00:00,441.75,441.75,441.25,441.25,609.0
2025-11-14 07:00:00,441.25,441.75,441.0,441.75,777.0
2025-11-14 08:00:00,441.75,441.75,441.0,441.5,1194.0
2025-11-14 09:00:00,441.25,442.0,441.25,441.5,1577.0
2025-11-14 10:00:00,441.25,442.0,441.0,441.75,2471.0
2025-11-14 11:00:00,441.75,442.25,441.25,441.75,6249.0
2025-11-14 12:00:00,441.75,442.75,441.25,442.5,5069.0
2025-11-14 13:00:00,442.75,442.75,441.25,441.5,7024.0
2025-11-14 14:00:00,441.0,442.75,440.25,441.5,40217.0
2025-11-14 15:00:00,441.75,442.75,440.25,441.75,55554.0
2025-11-14 16:00:00,442.0,442.25,440.25,441.5,34525.0
2025-11-14 17:00:00,441.5,441.5,429.5,430.5,144887.0
2025-11-14 18:00:00,430.5,432.5,430.0,431.25,38130.0
2025-11-14 19:00:00,431.25,431.5,429.5,430.25,34591.0
2025-11-17 01:00:00,429.75,430.0,428.5,429.5,5617.0
2025-11-17 02:00:00,429.5,430.5,429.5,430.5,1673.0
2025-11-17 03:00:00,430.5,430.5,430.25,430.25,570.0
2025-11-17 04:00:00,430.5,430.75,430.0,430.5,486.0
2025-11-17 05:00:00,430.5,430.5,430.0,430.25,316.0
2025-11-17 06:00:00,430.25,431.0,430.25,431.0,1389.0
2025-11-17 07:00:00,430.75,431.5,430.75,431.25,1590.0
2025-11-17 08:00:00,431.5,431.75,430.75,430.75,2146.0
2025-11-17 09:00:00,430.5,430.75,430.25,430.5,1256.0
2025-11-17 10:00:00,430.75,431.5,430.0,431.5,1837.0
2025-11-17 11:00:00,431.5,432.0,430.75,431.25,2746.0
2025-11-17 12:00:00,431.0,432.0,430.75,431.25,2076.0
2025-11-17 13:00:00,431.25,431.25,430.25,431.0,3945.0
2025-11-17 14:00:00,431.0,435.0,430.75,434.5,28124.0
2025-11-17 15:00:00,434.25,435.25,431.75,434.75,34591.0
2025-11-17 16:00:00,435.0,437.25,434.0,436.5,28645.0
2025-11-17 17:00:00,436.5,437.25,434.75,435.75,20009.0
2025-11-17 18:00:00,435.5,437.0,435.0,436.25,21005.0
2025-11-17 19:00:00,436.0,436.25,434.25,434.75,23459.0
2025-11-18 01:00:00,434.75,436.0,433.25,433.75,0.0
2025-11-18 02:00:00,433.75,434.0,433.5,433.75,593.0
2025-11-18 03:00:00,433.5,434.25,433.5,434.0,217.0
2025-11-18 04:00:00,433.75,434.0,433.25,433.25,785.0
2025-11-18 05:00:00,433.5,434.0,433.25,433.75,391.0
2025-11-18 06:00:00,433.75,434.25,433.5,433.75,966.0
2025-11-18 07:00:00,433.5,434.5,433.5,434.0,1533.0
2025-11-18 08:00:00,434.0,435.0,434.0,435.0,1284.0
2025-11-18 09:00:00,434.75,434.75,434.0,434.5,2048.0
2025-11-18 10:00:00,434.25,435.75,434.25,435.75,2721.0
2025-11-18 11:00:00,435.75,436.25,435.5,436.0,1379.0
2025-11-18 12:00:00,436.0,437.5,435.75,437.5,2899.0
2025-11-18 13:00:00,437.5,438.5,435.75,436.75,8664.0
2025-11-18 14:00:00,435.75,437.25,434.5,435.75,19970.0
2025-11-18 15:00:00,435.5,437.0,434.25,436.0,25157.0
2025-11-18 16:00:00,435.75,438.5,435.25,438.5,16233.0
2025-11-18 17:00:00,438.25,438.5,435.75,436.0,18404.0
2025-11-18 18:00:00,435.75,436.75,435.75,436.0,17107.0
2025-11-18 19:00:00,436.0,437.0,435.5,435.5,12475.0
2025-11-19 01:00:00,435.5,435.75,434.5,434.75,0.0
2025-11-19 02:00:00,434.75,435.25,434.75,435.25,743.0
2025-11-19 03:00:00,435.25,435.25,434.75,434.75,400.0
2025-11-19 04:00:00,435.0,435.25,434.75,435.25,160.0
2025-11-19 05:00:00,435.25,435.25,435.0,435.0,198.0
2025-11-19 06:00:00,435.25,435.5,435.0,435.0,537.0
2025-11-19 07:00:00,435.0,435.0,433.75,434.25,1286.0
2025-11-19 08:00:00,434.25,434.5,433.75,434.5,1767.0
2025-11-19 09:00:00,434.5,436.0,434.25,435.25,3936.0
2025-11-19 10:00:00,435.25,435.75,435.0,435.75,3451.0
2025-11-19 11:00:00,435.5,436.25,435.5,435.75,1160.0
2025-11-19 12:00:00,435.75,436.0,435.25,435.5,857.0
2025-11-19 13:00:00,435.75,436.0,434.0,434.25,7283.0
2025-11-19 14:00:00,434.0,434.5,431.75,432.25,21790.0
2025-11-19 15:00:00,432.25,432.75,430.5,430.75,34581.0
2025-11-19 16:00:00,430.75,431.75,430.0,430.5,26290.0
2025-11-19 17:00:00,430.5,431.0,428.25,429.25,21673.0
2025-11-19 18:00:00,429.25,430.5,428.5,429.75,21743.0
2025-11-19 19:00:00,429.75,430.25,429.5,429.75,15767.0
2025-11-20 01:00:00,429.75,430.25,429.5,430.25,0.0
2025-11-20 02:00:00,430.0,430.25,429.75,430.0,235.0
2025-11-20 03:00:00,430.0,430.0,429.0,429.0,1286.0
2025-11-20 04:00:00,429.25,429.75,429.0,429.5,190.0
2025-11-20 05:00:00,429.5,429.75,429.5,429.75,308.0
2025-11-20 06:00:00,429.5,429.75,429.25,429.5,592.0
2025-11-20 07:00:00,429.5,430.5,429.5,430.25,566.0
2025-11-20 08:00:00,430.0,442.5,430.0,442.25,2735.0
2025-11-20 09:00:00,442.25,442.75,430.0,442.5,2616.0
2025-11-20 10:00:00,442.25,443.0,430.25,442.5,1784.0
2025-11-20 11:00:00,442.5,442.5,429.75,441.75,2313.0
2025-11-20 12:00:00,442.0,442.75,430.0,430.5,0.0
2025-11-20 13:00:00,430.5,443.0,429.75,431.0,1708.0
2025-11-20 14:00:00,442.75,443.25,427.5,428.0,35549.0
2025-11-20 15:00:00,428.0,439.75,426.75,438.75,67994.0
2025-11-20 16:00:00,427.25,439.25,426.75,437.75,20106.0
2025-11-20 17:00:00,437.75,439.0,425.75,438.0,37893.0
2025-11-20 18:00:00,438.0,438.5,425.75,437.75,22895.0
2025-11-20 19:00:00,438.0,438.25,426.0,437.75,0.0
2025-11-21 01:00:00,426.25,438.25,426.0,438.0,0.0
2025-11-21 02:00:00,426.75,438.25,426.25,437.75,330.0
2025-11-21 03:00:00,426.25,437.75,426.0,437.5,522.0
2025-11-21 04:00:00,437.5,437.5,425.75,426.0,11.0
2025-11-21 05:00:00,426.25,437.75,426.0,426.25,124.0
2025-11-21 06:00:00,437.25,438.0,426.25,427.0,202.0
2025-11-21 07:00:00,437.75,437.75,425.75,425.75,960.0
2025-11-21 08:00:00,426.0,437.25,425.75,436.5,3271.0
2025-11-21 09:00:00,436.75,437.75,425.5,437.5,2796.0
2025-11-21 10:00:00,437.5,437.5,425.5,425.5,2249.0
2025-11-21 11:00:00,436.75,436.75,425.5,425.75,0.0
2025-11-21 12:00:00,436.5,437.25,425.25,426.25,1843.0
2025-11-21 13:00:00,437.25,437.25,425.25,436.75,12560.0
2025-11-21 14:00:00,425.75,438.75,425.25,437.0,25038.0
2025-11-21 15:00:00,436.75,439.0,424.0,425.75,13383.0
2025-11-21 16:00:00,425.75,438.5,425.0,438.0,50797.0
2025-11-21 17:00:00,426.25,438.25,425.25,437.5,14104.0
2025-11-21 18:00:00,425.5,438.5,425.25,438.0,30219.0
2025-11-21 19:00:00,425.75,438.25,425.25,425.75,24971.0
2025-11-24 01:00:00,426.0,438.75,425.0,437.75,4794.0
2025-11-24 02:00:00,437.75,438.0,424.5,424.75,0.0
2025-11-24 03:00:00,437.25,437.5,424.0,436.75,6055.0
2025-11-24 04:00:00,436.75,437.0,424.0,424.25,0.0
2025-11-24 05:00:00,436.75,437.0,424.25,437.0,6540.0
2025-11-24 06:00:00,437.0,437.25,424.5,436.75,280.0
2025-11-24 07:00:00,437.0,437.0,424.0,424.0,0.0
2025-11-24 08:00:00,424.0,436.75,423.25,435.75,10178.0
2025-11-24 09:00:00,435.75,436.0,423.0,435.5,1871.0
2025-11-24 10:00:00,435.5,436.0,423.0,423.0,0.0
2025-11-24 11:00:00,435.25,436.0,422.75,435.5,13121.0
2025-11-24 12:00:00,423.25,435.5,422.25,435.25,5970.0
2025-11-24 13:00:00,435.25,436.75,422.75,436.75,5558.0
2025-11-24 14:00:00,436.5,438.5,422.75,438.25,49440.0
2025-11-24 15:00:00,425.0,439.0,423.25,424.75,8923.0
2025-11-24 16:00:00,425.0,439.25,424.75,437.75,69633.0
2025-11-24 17:00:00,424.75,439.0,423.25,436.75,33134.0
2025-11-24 18:00:00,436.75,437.25,422.75,436.75,24648.0
2025-11-24 19:00:00,423.75,437.5,423.25,424.25,0.0
2025-11-25 01:00:00,423.75,437.5,423.5,437.25,0.0
2025-11-25 02:00:00,424.0,437.75,424.0,437.5,589.0
2025-11-25 03:00:00,437.25,437.5,424.0,424.25,218.0
2025-11-25 04:00:00,437.5,438.0,424.25,424.5,222.0
2025-11-25 05:00:00,437.75,438.0,424.5,424.75,134.0
2025-11-25 06:00:00,437.75,437.75,424.25,437.75,1540.0
2025-11-25 07:00:00,424.25,437.5,423.75,437.5,1406.0
2025-11-25 08:00:00,424.25,438.5,423.75,438.25,2779.0
2025-11-25 09:00:00,425.0,438.75,424.75,425.0,1026.0
2025-11-25 10:00:00,438.75,438.75,424.75,438.75,7942.0
2025-11-25 11:00:00,438.75,439.25,425.25,439.25,3350.0
2025-11-25 12:00:00,439.25,439.25,424.25,437.5,6719.0
2025-11-25 13:00:00,437.25,438.75,423.75,438.5,7302.0
2025-11-25 14:00:00,424.75,438.75,423.0,423.75,14022.0
2025-11-25 15:00:00,424.0,439.0,423.0,423.25,54327.0
2025-11-25 16:00:00,437.25,437.75,422.5,422.5,19424.0
2025-11-25 17:00:00,437.0,439.25,422.5,438.75,68378.0
2025-11-25 18:00:00,424.5,439.0,422.25,437.75,50960.0
2025-11-25 19:00:00,437.75,438.5,422.25,438.25,24150.0
2025-11-26 01:00:00,437.75,438.75,423.0,438.75,0.0
2025-11-26 02:00:00,438.75,439.0,424.0,439.0,853.0
2025-11-26 03:00:00,439.0,439.25,424.0,439.0,731.0
2025-11-26 04:00:00,439.0,439.0,424.25,438.75,297.0
2025-11-26 05:00:00,438.75,439.0,424.0,438.75,203.0
2025-11-26 06:00:00,424.5,439.0,424.0,438.75,1183.0
2025-11-26 07:00:00,438.75,438.75,423.75,424.25,0.0
2025-11-26 08:00:00,438.5,438.75,423.5,438.5,6006.0
2025-11-26 09:00:00,424.0,438.75,423.75,438.5,1928.0
2025-11-26 10:00:00,438.5,438.5,423.5,438.0,2488.0
2025-11-26 11:00:00,438.0,438.75,423.5,438.5,1855.0
2025-11-26 12:00:00,438.5,440.25,424.0,440.0,7674.0
2025-11-26 13:00:00,439.75,441.0,425.0,440.5,6395.0
2025-11-26 14:00:00,440.25,442.75,424.25,442.25,42902.0
2025-11-26 15:00:00,426.75,444.75,426.75,443.5,53071.0
2025-11-26 16:00:00,443.5,446.0,427.25,445.25,45928.0
2025-11-26 17:00:00,445.25,446.25,429.25,445.5,35377.0
2025-11-26 18:00:00,445.75,446.75,430.0,445.5,54680.0
2025-11-26 19:00:00,431.25,446.75,430.5,446.25,24121.0
2025-11-28 14:30:00,432.0,447.25,430.75,445.5,17454.0
2025-11-28 15:30:00,445.5,448.5,433.0,447.75,18413.0
2025-11-28 16:30:00,447.5,448.0,434.75,447.5,17764.0
2025-11-28 17:30:00,447.25,448.0,434.5,447.5,16672.0
2025-11-28 18:00:00,447.5,448.0,434.0,447.75,3864.0
2025-12-01 01:00:00,434.5,449.0,434.5,448.0,2320.0
2025-12-01 02:00:00,448.0,448.5,434.5,447.0,1073.0
2025-12-01 03:00:00,446.75,447.0,434.5,446.0,1000.0
2025-12-01 04:00:00,446.0,446.0,445.75,445.75,358.0
2025-12-01 05:00:00,445.75,446.25,445.5,446.25,382.0
2025-12-01 06:00:00,446.25,446.25,445.75,446.25,249.0
2025-12-01 07:00:00,446.25,446.25,434.0,446.0,975.0
2025-12-01 08:00:00,446.25,446.25,433.5,445.75,1891.0
2025-12-01 09:00:00,445.75,446.25,433.5,445.75,1769.0
2025-12-01 10:00:00,445.75,445.75,433.0,445.5,2127.0
2025-12-01 11:00:00,445.25,446.0,445.25,445.75,2007.0
2025-12-01 12:00:00,445.75,446.5,433.25,446.0,2820.0
2025-12-01 13:00:00,445.75,446.0,433.0,445.5,4073.0
2025-12-01 14:00:00,445.25,448.0,433.25,448.0,23335.0
2025-12-01 15:00:00,447.75,448.5,433.25,447.25,32343.0
2025-12-01 16:00:00,447.5,448.0,435.0,446.25,12712.0
2025-12-01 17:00:00,446.5,446.5,432.0,444.25,24542.0
2025-12-01 18:00:00,444.5,445.25,432.0,445.25,15575.0
2025-12-01 19:00:00,445.0,445.25,432.5,445.0,20332.0
2025-12-02 01:00:00,433.25,445.5,433.0,444.75,0.0
2025-12-02 02:00:00,445.0,445.25,433.25,445.25,176.0
2025-12-02 03:00:00,445.25,445.5,433.5,445.5,0.0
2025-12-02 04:00:00,445.5,445.75,445.25,445.5,4871.0
2025-12-02 05:00:00,445.5,446.0,434.0,445.75,887.0
2025-12-02 06:00:00,446.0,446.75,446.0,446.5,790.0
2025-12-02 07:00:00,446.25,446.25,446.0,446.0,271.0
2025-12-02 08:00:00,446.0,446.25,445.75,446.0,520.0
2025-12-02 09:00:00,446.0,446.25,445.25,445.5,937.0
2025-12-02 10:00:00,445.5,445.5,433.5,445.25,1474.0
2025-12-02 11:00:00,445.5,446.75,444.75,446.75,2532.0
2025-12-02 12:00:00,446.75,446.75,445.0,445.5,5269.0
2025-12-02 13:00:00,445.5,445.75,433.25,444.75,2873.0
2025-12-02 14:00:00,445.0,446.75,430.75,443.0,20944.0
2025-12-02 15:00:00,443.0,447.75,433.5,447.25,40599.0
2025-12-02 16:00:00,447.0,452.25,435.5,451.25,58220.0
2025-12-02 17:00:00,451.25,451.75,436.5,449.5,20782.0
2025-12-02 18:00:00,449.5,450.0,436.5,449.5,15129.0
2025-12-02 19:00:00,449.5,450.5,437.75,449.75,19067.0
2025-12-03 01:00:00,449.25,449.75,437.0,449.5,0.0
2025-12-03 02:00:00,449.25,449.5,437.0,437.0,950.0
2025-12-03 03:00:00,449.25,449.75,449.25,449.75,629.0
2025-12-03 04:00:00,449.75,449.75,449.25,449.75,65.0
2025-12-03 05:00:00,449.75,449.75,437.25,449.5,129.0
2025-12-03 06:00:00,449.5,449.75,437.5,449.0,784.0
2025-12-03 07:00:00,449.25,449.5,449.0,449.5,670.0
2025-12-03 08:00:00,449.5,450.0,449.5,449.75,425.0
2025-12-03 09:00:00,449.75,449.75,448.5,448.75,1528.0
2025-12-03 10:00:00,448.75,448.75,436.5,448.0,2372.0
2025-12-03 11:00:00,448.0,448.25,436.5,447.75,1569.0
2025-12-03 12:00:00,447.75,448.25,436.0,446.75,8187.0
2025-12-03 13:00:00,446.75,447.25,435.25,447.0,3044.0
2025-12-03 14:00:00,447.0,447.5,432.75,444.5,27836.0
2025-12-03 15:00:00,444.5,445.5,432.0,444.0,24490.0
2025-12-03 16:00:00,444.25,445.25,432.0,444.5,35107.0
2025-12-03 17:00:00,444.5,445.25,431.0,443.0,19644.0
2025-12-03 18:00:00,443.25,444.0,431.0,443.5,18200.0
2025-12-03 19:00:00,443.5,444.0,431.0,443.25,18600.0
2025-12-04 01:00:00,443.0,443.75,431.75,443.0,0.0
2025-12-04 02:00:00,443.0,443.0,431.75,442.75,1829.0
2025-12-04 03:00:00,442.75,443.0,442.5,442.75,2978.0
2025-12-04 04:00:00,442.75,442.75,442.5,442.5,367.0
2025-12-04 05:00:00,442.5,442.75,442.25,442.25,557.0
2025-12-04 06:00:00,442.25,443.0,442.25,442.75,381.0
2025-12-04 07:00:00,442.75,443.0,442.5,442.75,599.0
2025-12-04 08:00:00,442.75,443.0,442.5,442.75,1004.0
2025-12-04 09:00:00,443.0,443.0,442.25,442.5,4276.0
2025-12-04 10:00:00,442.5,442.75,431.5,442.5,988.0
2025-12-04 11:00:00,442.5,443.5,442.5,443.0,1820.0
2025-12-04 12:00:00,443.0,443.75,432.5,443.75,1791.0
2025-12-04 13:00:00,443.75,444.75,433.5,444.5,3158.0
2025-12-04 14:00:00,444.5,444.75,431.0,443.5,29598.0
2025-12-04 15:00:00,443.75,446.0,432.75,445.25,19842.0
2025-12-04 16:00:00,445.25,447.75,436.25,446.25,21162.0
2025-12-04 17:00:00,446.0,447.5,437.0,447.5,10341.0
2025-12-04 18:00:00,447.5,447.75,437.5,447.5,16085.0
2025-12-04 19:00:00,447.25,448.0,437.25,446.5,15922.0
2025-12-05 01:00:00,446.25,447.25,446.0,446.5,0.0
2025-12-05 02:00:00,446.5,446.5,446.0,446.5,486.0
2025-12-05 03:00:00,446.5,446.75,446.25,446.25,420.0
2025-12-05 04:00:00,446.5,446.5,446.25,446.5,75.0
2025-12-05 05:00:00,446.25,447.0,446.25,447.0,266.0
2025-12-05 06:00:00,446.75,447.0,446.5,446.5,551.0
2025-12-05 07:00:00,446.5,446.75,446.5,446.5,1418.0
2025-12-05 08:00:00,446.5,447.0,446.5,446.75,1967.0
2025-12-05 09:00:00,446.75,446.75,446.25,446.25,557.0
2025-12-05 10:00:00,446.25,446.5,445.75,446.0,1520.0
2025-12-05 11:00:00,446.0,446.5,445.75,446.0,1223.0
2025-12-05 12:00:00,446.25,446.5,446.0,446.0,2630.0
2025-12-05 13:00:00,446.25,446.75,435.5,445.75,5745.0
2025-12-05 14:00:00,445.75,447.5,437.0,447.0,10120.0
2025-12-05 15:00:00,447.0,448.0,437.0,445.5,23287.0
2025-12-05 16:00:00,445.5,446.5,437.25,445.0,10728.0
2025-12-05 17:00:00,445.0,445.75,437.0,444.75,10151.0
2025-12-05 18:00:00,444.75,445.0,436.75,445.0,6194.0
2025-12-05 19:00:00,444.75,445.25,436.75,436.75,19239.0
2025-12-08 01:00:00,444.75,445.5,437.0,444.5,3531.0
2025-12-08 02:00:00,444.5,444.75,444.0,444.0,371.0
2025-12-08 03:00:00,444.25,444.25,444.0,444.0,314.0
2025-12-08 04:00:00,444.25,444.25,443.75,444.0,293.0
2025-12-08 05:00:00,444.0,444.25,443.75,444.0,218.0
2025-12-08 06:00:00,444.25,444.5,444.0,444.25,189.0
2025-12-08 07:00:00,444.5,444.75,444.25,444.5,407.0
2025-12-08 08:00:00,444.5,444.75,444.25,444.25,664.0
2025-12-08 09:00:00,444.5,445.25,444.25,445.25,1169.0
2025-12-08 10:00:00,445.0,445.5,444.75,445.0,867.0
2025-12-08 11:00:00,445.0,445.25,444.5,445.25,737.0
2025-12-08 12:00:00,445.0,445.75,444.25,444.5,3549.0
2025-12-08 13:00:00,444.5,446.75,439.5,446.5,4394.0
2025-12-08 14:00:00,446.5,447.25,438.5,446.5,13795.0
2025-12-08 15:00:00,446.5,447.0,438.25,444.5,16886.0
2025-12-08 16:00:00,444.5,445.5,436.25,443.75,13715.0
2025-12-08 17:00:00,443.5,444.25,433.0,443.5,12361.0
2025-12-08 18:00:00,443.5,443.75,432.5,442.75,10966.0
2025-12-08 19:00:00,442.75,444.25,434.75,444.0,11515.0
2025-12-09 01:00:00,443.75,445.0,437.0,444.25,0.0
2025-12-09 02:00:00,444.25,444.5,443.75,443.75,1177.0
2025-12-09 03:00:00,443.75,444.25,443.75,444.0,117.0
2025-12-09 04:00:00,444.25,444.5,444.0,444.5,104.0
2025-12-09 05:00:00,444.25,444.5,444.25,444.5,245.0
2025-12-09 06:00:00,444.5,444.5,444.0,444.25,398.0
2025-12-09 07:00:00,444.25,444.5,444.0,444.5,472.0
2025-12-09 08:00:00,444.5,445.75,444.25,445.5,5256.0
2025-12-09 09:00:00,445.5,446.0,437.0,437.0,0.0
2025-12-09 10:00:00,445.75,447.5,437.0,447.25,18245.0
2025-12-09 11:00:00,447.0,447.25,446.75,447.0,3374.0
2025-12-09 12:00:00,447.0,447.25,443.75,443.75,7202.0
2025-12-09 13:00:00,444.0,445.25,434.5,444.5,4163.0
2025-12-09 14:00:00,444.5,446.5,436.5,445.5,17541.0
2025-12-09 15:00:00,445.25,446.0,437.75,446.0,12674.0
2025-12-09 16:00:00,446.0,446.0,435.5,444.75,23251.0
2025-12-09 17:00:00,445.0,448.5,439.0,447.5,46527.0
2025-12-09 18:00:00,447.5,449.0,439.75,448.5,15102.0
2025-12-09 19:00:00,448.5,448.75,447.5,448.0,19970.0
2025-12-10 01:00:00,447.5,447.75,446.75,447.5,0.0
2025-12-10 02:00:00,447.5,448.0,447.25,448.0,391.0
2025-12-10 03:00:00,447.75,448.0,447.25,447.5,964.0
2025-12-10 04:00:00,447.75,447.75,447.5,447.75,154.0
2025-12-10 05:00:00,447.25,447.75,440.5,440.5,0.0
2025-12-10 06:00:00,447.5,447.75,447.5,447.75,6274.0
2025-12-10 07:00:00,447.5,447.75,447.5,447.75,212.0
2025-12-10 08:00:00,447.75,448.0,447.0,447.25,1205.0
2025-12-10 09:00:00,447.5,447.5,447.25,447.25,496.0
2025-12-10 10:00:00,447.25,448.75,447.25,448.0,2917.0
2025-12-10 11:00:00,448.25,448.25,440.0,447.25,1428.0
2025-12-10 12:00:00,447.25,447.25,446.25,446.25,4739.0
2025-12-10 13:00:00,446.25,446.5,438.5,446.0,6721.0
2025-12-10 14:00:00,446.0,447.0,438.0,446.25,28288.0
2025-12-10 15:00:00,446.0,446.75,435.0,444.75,20435.0
2025-12-10 16:00:00,444.5,445.25,435.0,444.25,17371.0
2025-12-10 17:00:00,444.0,445.25,434.5,444.75,15116.0
2025-12-10 18:00:00,445.0,445.0,434.0,443.5,14544.0
2025-12-10 19:00:00,443.5,444.5,434.5,444.0,15381.0
2025-12-11 01:00:00,444.0,445.25,436.75,444.25,0.0
2025-12-11 02:00:00,444.25,444.5,443.75,444.0,1015.0
2025-12-11 03:00:00,444.0,444.0,443.5,444.0,247.0
2025-12-11 04:00:00,444.0,444.5,443.75,444.5,1224.0
2025-12-11 05:00:00,444.25,444.75,444.25,444.5,443.0
2025-12-11 06:00:00,444.25,444.5,444.0,444.25,225.0
2025-12-11 07:00:00,444.25,444.5,444.0,444.5,1008.0
2025-12-11 08:00:00,444.5,445.75,444.25,445.5,3298.0
2025-12-11 09:00:00,445.75,446.5,445.25,446.25,2431.0
2025-12-11 10:00:00,446.0,447.25,446.0,447.25,4062.0
2025-12-11 11:00:00,447.25,448.0,447.0,447.5,3161.0
2025-12-11 12:00:00,447.75,447.75,433.0,447.25,1940.0
2025-12-11 13:00:00,447.25,447.25,436.0,446.75,4325.0
2025-12-11 14:00:00,447.0,448.0,432.5,447.5,15959.0
2025-12-11 15:00:00,447.5,447.75,433.25,446.25,19797.0
2025-12-11 16:00:00,446.25,447.5,435.0,445.25,17380.0
2025-12-11 17:00:00,445.0,445.75,434.75,445.5,11795.0
2025-12-11 18:00:00,445.5,446.5,435.25,446.5,7269.0
2025-12-11 19:00:00,446.25,447.0,437.5,446.75,21585.0
2025-12-12 01:00:00,446.5,447.0,433.0,446.25,0.0
2025-12-12 02:00:00,446.5,446.75,446.25,446.5,805.0
2025-12-12 03:00:00,446.75,447.0,446.25,446.25,738.0
2025-12-12 04:00:00,446.25,446.25,446.0,446.25,45.0
2025-12-12 05:00:00,446.25,446.5,446.0,446.5,119.0
2025-12-12 06:00:00,446.5,446.5,445.5,446.0,1667.0
2025-12-12 07:00:00,446.0,446.5,445.75,446.25,245.0
2025-12-12 08:00:00,446.25,447.25,445.5,445.75,2372.0
2025-12-12 09:00:00,445.5,446.0,445.0,445.25,2023.0
2025-12-12 10:00:00,445.0,445.25,445.0,445.0,409.0
2025-12-12 11:00:00,445.0,445.25,444.5,444.5,1351.0
2025-12-12 12:00:00,444.75,445.0,436.0,444.5,3743.0
2025-12-12 13:00:00,444.5,446.0,444.5,445.75,3916.0
2025-12-12 14:00:00,445.5,446.5,437.0,445.25,14853.0
2025-12-12 15:00:00,445.0,445.5,443.75,444.0,25380.0
2025-12-12 16:00:00,444.25,444.5,428.25,443.25,36997.0
2025-12-12 17:00:00,443.5,443.75,428.75,441.5,44091.0
2025-12-12 18:00:00,441.75,442.0,440.0,440.25,38221.0
2025-12-12 19:00:00,440.5,441.25,440.25,440.75,25986.0
2025-12-15 01:00:00,440.25,441.25,440.0,440.75,2232.0
2025-12-15 02:00:00,440.5,440.75,440.25,440.75,487.0
2025-12-15 03:00:00,440.75,440.75,440.5,440.75,199.0
2025-12-15 04:00:00,440.75,440.75,440.5,440.75,145.0
2025-12-15 13:00:00,441.0,441.25,440.0,440.25,17573.0
2025-12-15 14:00:00,440.5,440.75,437.25,438.25,35905.0
2025-12-15 15:00:00,438.0,439.25,437.5,438.75,28149.0
2025-12-15 16:00:00,439.0,440.5,436.75,437.5,27494.0
2025-12-15 17:00:00,437.5,439.25,437.25,438.75,16135.0
2025-12-15 18:00:00,439.0,439.75,438.5,439.5,13761.0
2025-12-15 19:00:00,439.5,440.0,439.25,439.5,17125.0
2025-12-16 01:00:00,439.75,440.0,439.0,439.25,0.0
2025-12-16 02:00:00,439.25,440.0,439.25,439.25,412.0
2025-12-16 03:00:00,439.5,439.5,438.0,438.25,1277.0
2025-12-16 04:00:00,438.5,438.75,438.5,438.75,911.0
2025-12-16 05:00:00,438.75,439.0,438.5,439.0,516.0
2025-12-16 06:00:00,439.0,439.25,438.5,439.25,457.0
2025-12-16 07:00:00,439.0,439.75,439.0,439.0,882.0
2025-12-16 08:00:00,439.0,439.25,438.75,438.75,724.0
2025-12-16 09:00:00,439.0,440.0,438.75,439.25,1883.0
2025-12-16 10:00:00,439.5,439.75,439.0,439.0,1326.0
2025-12-16 11:00:00,439.0,439.25,438.25,439.0,1954.0
2025-12-16 12:00:00,438.75,439.25,438.25,439.0,1056.0
2025-12-16 13:00:00,439.0,439.0,438.0,438.5,2657.0
2025-12-16 14:00:00,438.5,438.75,436.5,437.25,22559.0
2025-12-16 15:00:00,437.25,437.75,436.75,436.75,18849.0
2025-12-16 16:00:00,436.75,437.0,435.5,435.75,20647.0
2025-12-16 17:00:00,435.75,437.25,435.75,436.75,15451.0
2025-12-16 18:00:00,437.0,437.0,436.25,436.25,15547.0
2025-12-16 19:00:00,436.25,436.75,436.0,436.0,18824.0
2025-12-17 01:00:00,436.0,437.5,436.0,437.25,0.0
2025-12-17 02:00:00,437.5,438.0,437.25,438.0,1256.0
2025-12-17 03:00:00,438.0,438.25,437.75,438.0,1863.0
2025-12-17 04:00:00,438.0,438.0,437.5,437.5,664.0
2025-12-17 05:00:00,437.75,438.0,437.5,438.0,379.0
2025-12-17 06:00:00,438.0,438.0,437.25,437.25,459.0
2025-12-17 07:00:00,437.25,438.0,437.25,438.0,1646.0
2025-12-17 08:00:00,437.75,437.75,437.25,437.25,2325.0
2025-12-17 09:00:00,437.5,438.0,437.5,437.75,1754.0
2025-12-17 10:00:00,437.75,438.25,437.75,438.0,813.0
2025-12-17 11:00:00,438.0,438.0,437.75,438.0,1034.0
2025-12-17 12:00:00,438.0,438.0,437.25,437.5,3442.0
2025-12-17 13:00:00,437.5,438.5,437.0,438.25,4488.0
2025-12-17 14:00:00,438.0,439.5,437.0,439.25,26257.0
2025-12-17 15:00:00,439.25,439.5,437.25,439.25,16908.0
2025-12-17 16:00:00,439.0,439.5,438.25,438.75,16746.0
2025-12-17 17:00:00,438.75,441.0,438.25,441.0,22009.0
2025-12-17 18:00:00,441.0,441.5,440.5,441.0,20377.0
2025-12-17 19:00:00,441.0,441.25,440.25,440.75,17727.0
2025-12-18 01:00:00,440.5,442.25,440.5,441.75,0.0
2025-12-18 02:00:00,441.75,442.0,441.25,441.5,521.0
2025-12-18 03:00:00,441.25,442.0,441.25,441.5,565.0
2025-12-18 04:00:00,441.5,441.75,441.5,441.5,185.0
2025-12-18 05:00:00,441.5,441.75,441.5,441.5,85.0
2025-12-18 06:00:00,441.5,442.0,441.5,441.75,246.0
2025-12-18 07:00:00,442.0,442.0,441.5,441.75,753.0
2025-12-18 08:00:00,441.75,442.0,441.25,441.25,850.0
2025-12-18 09:00:00,441.5,441.75,441.25,441.75,783.0
2025-12-18 10:00:00,441.75,442.5,441.5,442.5,1525.0
2025-12-18 11:00:00,442.5,442.75,442.0,442.25,1333.0
2025-12-18 12:00:00,442.25,442.5,441.25,442.0,3906.0
2025-12-18 13:00:00,442.0,443.0,441.75,442.5,3023.0
2025-12-18 14:00:00,442.25,444.75,442.0,444.5,31337.0
2025-12-18 15:00:00,444.5,445.0,443.0,443.5,33307.0
2025-12-18 16:00:00,443.25,444.5,443.0,443.75,18878.0
2025-12-18 17:00:00,443.75,444.25,443.75,444.0,14622.0
2025-12-18 18:00:00,444.0,446.0,443.75,445.0,25702.0
2025-12-18 19:00:00,445.0,445.25,444.0,444.0,20883.0
2025-12-19 01:00:00,444.0,444.75,443.5,443.75,0.0
2025-12-19 02:00:00,443.75,444.25,443.5,443.75,615.0
2025-12-19 03:00:00,443.5,443.75,443.25,443.5,452.0
2025-12-19 04:00:00,443.5,443.5,443.25,443.5,60.0
2025-12-19 05:00:00,443.5,444.0,443.25,443.75,225.0
2025-12-19 06:00:00,443.75,444.0,443.5,443.75,102.0
2025-12-19 07:00:00,443.75,444.0,443.5,443.5,406.0
2025-12-19 08:00:00,443.5,444.0,443.5,443.75,776.0
2025-12-19 09:00:00,443.75,444.25,443.5,444.25,1034.0
2025-12-19 10:00:00,444.25,444.25,443.5,444.0,1171.0
2025-12-19 11:00:00,444.25,444.5,443.0,443.75,3206.0
2025-12-19 12:00:00,443.75,444.0,443.5,443.75,1498.0
2025-12-19 13:00:00,443.75,444.75,443.5,444.0,4248.0
2025-12-19 14:00:00,444.0,444.75,443.5,444.75,12953.0
2025-12-19 15:00:00,444.5,444.75,442.5,443.75,27463.0
2025-12-19 16:00:00,443.75,443.75,442.75,443.0,10942.0
2025-12-19 17:00:00,443.25,444.0,442.75,443.25,10549.0
2025-12-19 18:00:00,443.5,444.5,443.0,444.5,18953.0
2025-12-19 19:00:00,444.25,444.5,443.0,443.25,13487.0
2025-12-22 01:00:00,443.25,445.0,443.0,444.75,3939.0
2025-12-22 02:00:00,444.75,445.25,444.75,445.0,681.0
2025-12-22 03:00:00,445.0,445.25,444.75,445.0,429.0
2025-12-22 04:00:00,445.0,445.25,445.0,445.25,60.0
2025-12-22 05:00:00,445.0,445.5,445.0,445.25,575.0
2025-12-22 06:00:00,445.25,445.75,445.25,445.5,792.0
2025-12-22 07:00:00,445.5,446.0,445.25,446.0,486.0
2025-12-22 08:00:00,445.75,446.0,445.5,446.0,1803.0
2025-12-22 09:00:00,445.75,446.25,445.5,446.0,2021.0
2025-12-22 10:00:00,446.0,446.5,445.75,446.25,1774.0
2025-12-22 11:00:00,446.25,446.5,445.5,445.75,1764.0
2025-12-22 12:00:00,445.75,447.0,445.75,446.75,2968.0
2025-12-22 13:00:00,447.0,447.75,446.5,447.25,8056.0
2025-12-22 14:00:00,446.5,447.0,446.0,446.75,14839.0
2025-12-22 15:00:00,446.75,447.5,446.5,447.0,18942.0
2025-12-22 16:00:00,446.75,447.0,445.0,445.75,15876.0
2025-12-22 17:00:00,445.5,446.5,445.0,446.0,12671.0
2025-12-22 18:00:00,446.25,447.0,445.75,447.0,11055.0
2025-12-22 19:00:00,446.75,447.0,446.5,446.75,0.0
2025-12-23 01:00:00,446.5,447.25,446.25,447.0,4073.0
2025-12-23 02:00:00,447.0,447.25,446.5,447.0,992.0
2025-12-23 03:00:00,447.0,447.25,447.0,447.25,157.0
2025-12-23 04:00:00,447.25,447.25,447.0,447.25,97.0
2025-12-23 05:00:00,447.0,447.5,447.0,447.25,331.0
2025-12-23 06:00:00,447.25,447.5,447.25,447.5,271.0
2025-12-23 07:00:00,447.75,447.75,447.25,447.5,586.0
2025-12-23 08:00:00,447.5,448.0,447.5,447.75,2952.0
2025-12-23 09:00:00,447.5,448.0,447.5,447.75,1100.0
2025-12-23 10:00:00,447.5,448.5,447.5,448.0,2127.0
2025-12-23 11:00:00,448.25,449.0,448.0,448.75,2210.0
2025-12-23 12:00:00,449.0,449.0,448.0,448.25,2007.0
2025-12-23 13:00:00,448.25,448.75,448.0,448.0,3774.0
2025-12-23 14:00:00,448.0,448.5,447.25,447.5,16963.0
2025-12-23 15:00:00,447.5,448.25,447.25,447.5,15020.0
2025-12-23 16:00:00,447.5,447.75,446.25,447.25,14315.0
2025-12-23 17:00:00,447.25,447.75,446.5,447.5,16072.0
2025-12-23 18:00:00,447.25,447.5,447.0,447.0,9796.0
2025-12-23 19:00:00,447.25,447.75,446.75,447.25,14322.0
2025-12-24 01:00:00,447.0,448.75,446.75,448.25,0.0
2025-12-24 02:00:00,448.25,449.0,448.25,448.75,917.0
2025-12-24 03:00:00,448.75,448.75,448.5,448.5,36.0
2025-12-24 04:00:00,448.75,448.75,448.5,448.75,103.0
2025-12-24 14:30:00,449.25,449.5,447.75,449.5,12465.0
2025-12-24 15:30:00,449.5,450.5,448.5,449.25,17736.0
2025-12-24 16:30:00,449.25,450.0,449.0,450.0,14871.0
2025-12-24 17:30:00,449.75,451.25,449.75,450.75,21470.0
2025-12-24 18:00:00,451.0,451.0,450.25,451.0,2859.0
2025-12-26 14:00:00,451.0,453.0,450.5,451.25,16846.0
2025-12-26 15:00:00,451.25,452.0,450.25,451.0,15295.0
2025-12-26 16:00:00,450.75,450.75,448.75,449.5,18318.0
2025-12-26 17:00:00,449.25,449.75,448.75,449.0,8493.0
2025-12-26 18:00:00,449.0,450.25,448.75,449.75,10653.0
2025-12-26 19:00:00,449.75,450.25,449.5,450.0,0.0
2025-12-29 01:00:00,450.0,451.0,449.5,450.0,5140.0
2025-12-29 02:00:00,450.0,450.25,449.25,449.25,527.0
2025-12-29 03:00:00,449.25,450.25,449.25,450.25,491.0
2025-12-29 04:00:00,450.25,450.25,449.5,449.5,192.0
2025-12-29 05:00:00,449.5,450.0,449.25,449.5,796.0
2025-12-29 06:00:00,449.25,449.5,449.25,449.25,202.0
2025-12-29 07:00:00,449.25,449.25,448.5,448.5,2477.0
2025-12-29 08:00:00,448.75,448.75,448.0,448.0,1911.0
2025-12-29 09:00:00,448.25,448.25,447.5,447.75,2341.0
2025-12-29 10:00:00,447.75,447.75,447.0,447.5,1840.0
2025-12-29 11:00:00,447.5,447.75,447.0,447.0,3225.0
2025-12-29 12:00:00,447.0,447.25,446.5,447.0,3093.0
2025-12-29 13:00:00,447.25,447.5,447.0,447.0,1650.0
2025-12-29 14:00:00,447.0,447.5,444.25,445.0,27623.0
2025-12-29 15:00:00,445.0,445.0,443.5,443.5,23276.0
2025-12-29 16:00:00,443.75,444.25,442.5,443.5,21927.0
2025-12-29 17:00:00,443.5,443.75,442.75,442.75,16904.0
2025-12-29 18:00:00,442.75,443.0,442.0,442.25,18537.0
2025-12-29 19:00:00,442.25,442.75,442.0,442.5,16518.0
2025-12-30 01:00:00,442.0,442.75,441.75,442.5,0.0
2025-12-30 02:00:00,442.25,442.75,442.0,442.25,293.0
2025-12-30 03:00:00,442.5,442.5,442.25,442.25,128.0
2025-12-30 04:00:00,442.5,442.5,442.25,442.25,190.0
2025-12-30 05:00:00,442.5,442.75,442.0,442.5,890.0
2025-12-30 06:00:00,442.5,442.5,442.25,442.25,170.0
2025-12-30 07:00:00,442.25,442.75,442.25,442.5,532.0
2025-12-30 08:00:00,442.25,442.5,441.75,442.0,907.0
2025-12-30 09:00:00,442.0,442.25,441.75,441.75,1081.0
2025-12-30 10:00:00,442.0,442.5,441.75,442.5,1079.0
2025-12-30 11:00:00,442.5,442.75,442.0,442.0,1138.0
2025-12-30 12:00:00,442.0,442.5,441.75,442.0,2044.0
2025-12-30 13:00:00,442.0,442.75,441.75,442.75,2067.0
2025-12-30 14:00:00,442.75,443.0,440.25,440.25,22406.0
2025-12-30 15:00:00,440.5,441.25,439.75,440.75,21774.0
2025-12-30 16:00:00,441.0,441.5,440.25,440.5,18195.0
2025-12-30 17:00:00,440.75,441.0,440.25,440.5,9146.0
2025-12-30 18:00:00,440.5,441.0,440.5,440.5,9245.0
2025-12-30 19:00:00,440.5,440.75,440.25,440.5,10223.0
2025-12-31 01:00:00,440.5,440.75,440.0,440.5,0.0
2025-12-31 02:00:00,440.5,440.75,440.25,440.25,271.0
2025-12-31 03:00:00,440.25,440.25,440.0,440.0,809.0
2025-12-31 04:00:00,440.0,440.25,440.0,440.25,28.0
2025-12-31 05:00:00,440.0,440.25,440.0,440.25,681.0
2025-12-31 06:00:00,440.0,440.25,440.0,440.0,289.0
2025-12-31 07:00:00,440.0,440.25,439.5,439.75,1748.0
2025-12-31 08:00:00,439.75,439.75,439.25,439.25,1345.0
2025-12-31 09:00:00,439.5,439.5,439.25,439.25,915.0
2025-12-31 10:00:00,439.0,439.5,439.0,439.5,975.0
2025-12-31 11:00:00,439.25,439.5,439.25,439.5,359.0
2025-12-31 12:00:00,439.75,439.75,439.25,439.25,822.0
2025-12-31 13:00:00,439.25,440.0,439.0,440.0,1684.0
2025-12-31 14:00:00,440.25,442.0,439.5,441.25,17719.0
2025-12-31 15:00:00,441.25,442.5,440.75,442.0,11018.0
2025-12-31 16:00:00,442.0,442.25,441.0,441.25,8932.0
2025-12-31 17:00:00,441.0,442.0,441.0,441.5,6686.0
2025-12-31 18:00:00,441.5,441.75,440.5,440.75,9233.0
2025-12-31 19:00:00,440.5,441.0,440.25,441.0,12964.0
2026-01-02 14:00:00,440.75,440.75,437.25,438.25,30279.0
2026-01-02 15:00:00,438.5,439.25,437.0,437.25,25299.0
2026-01-02 16:00:00,437.5,438.25,437.0,437.5,19112.0
2026-01-02 17:00:00,437.75,438.25,437.0,437.25,10095.0
2026-01-02 18:00:00,437.25,438.0,437.25,437.75,17612.0
2026-01-02 19:00:00,437.5,438.0,437.0,437.0,19266.0
2026-01-05 01:00:00,437.25,438.5,436.25,437.75,2834.0
2026-01-05 02:00:00,437.75,438.25,437.75,438.0,437.0
2026-01-05 03:00:00,438.0,438.25,438.0,438.25,703.0
2026-01-05 04:00:00,438.0,438.5,438.0,438.25,198.0
2026-01-05 05:00:00,438.25,438.5,438.25,438.25,194.0
2026-01-05 06:00:00,438.25,439.0,438.25,439.0,1076.0
2026-01-05 07:00:00,439.0,439.25,438.5,438.75,734.0
2026-01-05 08:00:00,438.75,439.0,438.5,438.75,991.0
2026-01-05 09:00:00,438.75,439.5,438.75,439.25,1523.0
2026-01-05 10:00:00,439.5,439.75,439.25,439.75,649.0
2026-01-05 11:00:00,439.75,440.25,439.5,440.0,1668.0
2026-01-05 12:00:00,439.75,440.5,439.5,440.5,2053.0
2026-01-05 13:00:00,440.5,441.0,440.25,440.75,4318.0
2026-01-05 14:00:00,440.25,443.25,440.0,443.0,30328.0
2026-01-05 15:00:00,443.25,443.5,441.75,443.0,26807.0
2026-01-05 16:00:00,443.0,443.5,442.0,443.5,14487.0
2026-01-05 17:00:00,443.5,445.0,443.25,444.75,23563.0
2026-01-05 18:00:00,444.75,445.5,444.5,445.0,20541.0
2026-01-05 19:00:00,444.75,445.0,444.25,444.5,15797.0
2026-01-06 01:00:00,444.0,446.0,444.0,445.75,0.0
2026-01-06 02:00:00,445.5,445.75,445.0,445.0,752.0
2026-01-06 03:00:00,445.0,445.25,445.0,445.25,259.0
2026-01-06 04:00:00,445.0,445.25,444.75,445.0,225.0
2026-01-06 05:00:00,445.0,445.25,444.5,444.5,902.0
2026-01-06 06:00:00,444.5,445.25,444.5,445.25,648.0
2026-01-06 07:00:00,445.0,445.25,444.75,445.25,892.0
2026-01-06 08:00:00,445.0,445.25,444.75,445.0,1496.0
2026-01-06 09:00:00,445.0,445.25,443.5,443.75,4126.0
2026-01-06 10:00:00,443.75,444.5,443.75,444.25,2160.0
2026-01-06 11:00:00,444.5,444.75,444.0,444.75,2080.0
2026-01-06 12:00:00,444.75,445.0,444.25,444.75,1628.0
2026-01-06 13:00:00,444.75,445.0,444.25,444.25,2953.0
2026-01-06 14:00:00,444.25,445.25,443.5,445.25,21299.0
2026-01-06 15:00:00,445.25,445.75,444.25,445.75,23529.0
2026-01-06 16:00:00,446.0,446.75,445.5,446.5,28238.0
2026-01-06 17:00:00,446.5,446.5,446.0,446.25,13128.0
2026-01-06 18:00:00,446.0,446.5,444.25,444.75,22057.0
2026-01-06 19:00:00,444.5,445.0,443.5,443.75,28317.0
2026-01-07 01:00:00,443.75,444.75,443.75,444.5,0.0
2026-01-07 02:00:00,444.25,444.75,444.25,444.75,1534.0
2026-01-07 03:00:00,444.75,445.25,444.25,445.25,1292.0
2026-01-07 04:00:00,445.25,445.25,444.75,444.75,179.0
2026-01-07 05:00:00,444.75,445.0,444.75,444.75,129.0
2026-01-07 06:00:00,445.0,445.25,445.0,445.0,772.0
2026-01-07 07:00:00,445.25,445.25,444.5,444.5,835.0
2026-01-07 08:00:00,444.5,445.25,444.5,444.75,603.0
2026-01-07 09:00:00,445.0,445.5,444.75,445.25,865.0
2026-01-07 10:00:00,445.5,445.5,445.0,445.5,319.0
2026-01-07 11:00:00,445.5,445.75,445.25,445.5,1054.0
2026-01-07 12:00:00,445.5,445.75,445.0,445.75,1695.0
2026-01-07 13:00:00,445.5,446.0,445.25,445.75,2007.0
2026-01-07 14:00:00,445.75,446.25,444.75,445.5,28999.0
2026-01-07 15:00:00,445.5,446.5,445.25,445.5,21676.0
2026-01-07 16:00:00,445.75,445.75,444.5,445.25,18449.0
2026-01-07 17:00:00,445.5,447.25,445.25,446.5,16898.0
2026-01-07 18:00:00,446.75,447.25,446.25,446.75,11030.0
2026-01-07 19:00:00,446.75,447.25,446.0,446.25,23408.0
2026-01-08 01:00:00,446.0,446.5,445.75,446.25,0.0
2026-01-08 02:00:00,446.25,446.25,445.75,445.75,368.0
2026-01-08 03:00:00,445.75,446.0,445.5,446.0,289.0
2026-01-08 04:00:00,445.75,446.0,445.75,445.75,24.0
2026-01-08 05:00:00,445.75,446.0,445.75,445.75,99.0
2026-01-08 06:00:00,445.75,446.0,445.5,445.75,595.0
2026-01-08 07:00:00,446.0,446.25,445.75,445.75,1387.0
2026-01-08 08:00:00,445.75,446.25,445.5,445.75,1356.0
2026-01-08 09:00:00,445.75,446.25,445.5,446.0,632.0
2026-01-08 10:00:00,446.0,446.25,445.5,446.0,723.0
2026-01-08 11:00:00,445.75,446.5,445.75,446.25,1198.0
2026-01-08 12:00:00,446.25,446.75,446.0,446.5,1640.0
2026-01-08 13:00:00,446.75,446.75,445.5,446.25,5809.0
2026-01-08 14:00:00,446.0,447.75,445.5,447.0,23342.0
2026-01-08 15:00:00,446.75,448.0,446.75,447.75,28980.0
2026-01-08 16:00:00,447.5,448.0,447.0,447.5,21134.0
2026-01-08 17:00:00,447.5,447.75,446.25,446.5,14856.0
2026-01-08 18:00:00,446.25,446.75,446.25,446.5,16183.0
2026-01-08 19:00:00,446.25,446.75,445.5,445.75,24829.0
2026-01-09 01:00:00,445.25,445.75,444.75,445.25,0.0
2026-01-09 02:00:00,445.5,445.75,445.0,445.0,698.0
2026-01-09 03:00:00,445.0,445.25,445.0,445.0,595.0
2026-01-09 04:00:00,445.25,445.5,445.0,445.5,255.0
2026-01-09 05:00:00,445.25,445.5,445.0,445.25,122.0
2026-01-09 06:00:00,445.25,445.75,445.0,445.5,560.0
2026-01-09 07:00:00,445.5,445.5,445.0,445.25,633.0
2026-01-09 08:00:00,445.25,445.75,445.25,445.75,1509.0
2026-01-09 09:00:00,445.5,446.0,445.0,445.25,2650.0
2026-01-09 10:00:00,445.25,445.75,445.0,445.75,811.0
2026-01-09 11:00:00,445.5,446.0,445.25,445.75,951.0
2026-01-09 12:00:00,446.0,446.5,445.5,445.75,1479.0
2026-01-09 13:00:00,446.0,446.25,445.25,445.25,1958.0
2026-01-09 14:00:00,445.25,445.5,443.75,444.0,30082.0
2026-01-09 15:00:00,443.75,446.5,443.75,445.25,30097.0
2026-01-09 16:00:00,445.25,446.0,445.25,445.5,17583.0
2026-01-09 17:00:00,445.75,447.5,445.5,446.25,16683.0
2026-01-09 18:00:00,446.5,446.5,445.5,446.25,18809.0
2026-01-09 19:00:00,446.0,446.25,445.25,445.25,20390.0
2026-01-12 01:00:00,445.0,446.0,445.0,445.75,4076.0
2026-01-12 02:00:00,445.5,445.75,445.25,445.5,512.0
2026-01-12 03:00:00,445.75,445.75,445.5,445.5,86.0
2026-01-12 04:00:00,445.75,446.0,445.5,445.75,628.0
2026-01-12 05:00:00,446.0,446.0,445.75,446.0,36.0
2026-01-12 06:00:00,446.0,446.5,445.75,446.25,884.0
2026-01-12 07:00:00,446.25,447.0,446.0,447.0,1469.0
2026-01-12 08:00:00,446.75,447.5,446.75,447.25,1169.0
2026-01-12 09:00:00,447.25,448.5,447.25,448.5,2830.0
2026-01-12 10:00:00,448.5,448.5,447.75,448.0,1128.0
2026-01-12 11:00:00,448.0,448.5,447.75,447.75,586.0
2026-01-12 12:00:00,448.0,448.0,447.5,447.75,3673.0
2026-01-12 13:00:00,447.75,447.75,446.75,447.0,4020.0
2026-01-12 14:00:00,447.0,447.5,446.25,447.0,23702.0
2026-01-12 15:00:00,447.0,447.5,445.75,447.25,25880.0
2026-01-12 16:00:00,447.0,448.75,447.0,447.5,38336.0
2026-01-12 17:00:00,447.5,447.5,425.25,426.0,252143.0
2026-01-12 18:00:00,426.0,427.0,420.0,420.0,110390.0
2026-01-12 19:00:00,420.25,422.5,420.0,421.75,54079.0
2026-01-13 01:00:00,421.75,422.5,420.25,420.25,0.0
2026-01-13 02:00:00,420.5,421.0,420.25,421.0,5179.0
2026-01-13 03:00:00,421.0,421.25,420.25,420.5,1213.0
2026-01-13 04:00:00,420.75,421.25,420.5,421.0,1469.0
2026-01-13 05:00:00,421.0,421.25,420.75,420.75,584.0
2026-01-13 06:00:00,420.75,421.0,419.25,419.75,4049.0
2026-01-13 07:00:00,420.0,420.0,419.25,419.25,3200.0
2026-01-13 08:00:00,419.5,420.0,418.75,420.0,6124.0
2026-01-13 09:00:00,420.0,421.0,420.0,420.5,4318.0
2026-01-13 10:00:00,420.25,420.75,418.75,419.5,6572.0
2026-01-13 11:00:00,419.25,419.5,418.5,418.75,4642.0
2026-01-13 12:00:00,418.75,419.25,418.0,418.25,8779.0
2026-01-13 13:00:00,418.5,419.0,417.5,418.0,9706.0
2026-01-13 14:00:00,418.0,421.25,417.25,420.25,80275.0
2026-01-13 15:00:00,420.0,422.5,420.0,421.25,47887.0
2026-01-13 16:00:00,421.5,422.75,420.75,421.5,31395.0
2026-01-13 17:00:00,421.75,422.25,420.5,421.0,26897.0
2026-01-13 18:00:00,421.0,421.0,419.5,420.25,32501.0
2026-01-13 19:00:00,420.25,420.5,419.5,420.25,29191.0
2026-01-14 01:00:00,420.0,421.25,420.0,421.25,0.0
2026-01-14 02:00:00,421.0,421.25,421.0,421.25,575.0
2026-01-14 03:00:00,421.25,421.5,420.75,421.25,1479.0
2026-01-14 04:00:00,421.25,421.5,421.0,421.5,1439.0
2026-01-14 05:00:00,421.5,421.5,420.5,420.75,982.0
2026-01-14 06:00:00,420.75,421.25,420.5,421.25,429.0
2026-01-14 07:00:00,421.25,421.25,420.75,420.75,891.0
2026-01-14 08:00:00,420.75,421.75,420.75,421.25,915.0
2026-01-14 09:00:00,421.25,422.75,421.25,422.5,4655.0
2026-01-14 10:00:00,422.25,423.0,422.25,422.5,2214.0
2026-01-14 11:00:00,422.75,423.5,422.5,423.5,3633.0
2026-01-14 12:00:00,423.5,423.75,423.25,423.75,4953.0
2026-01-14 13:00:00,423.75,425.0,423.5,424.75,7387.0
2026-01-14 14:00:00,424.5,425.0,421.5,422.25,37459.0
2026-01-14 15:00:00,422.25,422.25,419.75,419.75,34925.0
2026-01-14 16:00:00,420.0,422.5,419.5,422.0,31480.0
2026-01-14 17:00:00,422.25,423.25,421.5,421.75,19864.0
2026-01-14 18:00:00,421.75,422.25,421.0,421.5,16776.0
2026-01-14 19:00:00,421.5,422.5,421.25,422.25,25762.0
2026-01-15 01:00:00,422.5,423.75,422.25,423.25,0.0
2026-01-15 02:00:00,423.25,423.5,423.0,423.5,707.0
2026-01-15 03:00:00,423.75,424.0,423.25,423.75,3808.0
2026-01-15 04:00:00,423.75,423.75,423.25,423.25,440.0
2026-01-15 05:00:00,423.25,423.25,422.75,422.75,1253.0
2026-01-15 06:00:00,422.75,423.25,422.75,423.0,220.0
2026-01-15 07:00:00,423.0,423.5,422.75,423.25,969.0
2026-01-15 08:00:00,423.0,423.75,423.0,423.75,764.0
2026-01-15 09:00:00,423.5,424.25,423.5,424.0,1021.0
2026-01-15 10:00:00,424.0,424.5,423.5,424.25,1580.0
2026-01-15 11:00:00,424.25,425.0,424.0,425.0,3707.0
2026-01-15 12:00:00,425.0,425.0,424.0,424.25,3120.0
2026-01-15 13:00:00,424.5,424.5,423.75,423.75,1950.0
2026-01-15 14:00:00,423.75,424.5,421.75,422.5,38669.0
2026-01-15 15:00:00,422.75,423.5,421.5,422.5,30672.0
2026-01-15 16:00:00,422.75,422.75,420.5,421.25,23530.0
2026-01-15 17:00:00,421.0,421.5,420.25,421.0,19707.0
2026-01-15 18:00:00,421.25,421.25,420.25,420.75,12601.0
2026-01-15 19:00:00,420.75,420.75,420.0,420.25,23719.0
2026-01-16 01:00:00,420.25,421.5,420.0,420.75,0.0
2026-01-16 02:00:00,421.0,421.25,420.0,420.25,1909.0
2026-01-16 03:00:00,420.5,420.75,420.25,420.75,629.0
2026-01-16 04:00:00,420.75,421.0,420.5,421.0,271.0
2026-01-16 05:00:00,421.0,421.25,420.75,420.75,1083.0
2026-01-16 06:00:00,420.75,420.75,420.25,420.5,400.0
2026-01-16 07:00:00,420.5,420.75,420.25,420.75,483.0
2026-01-16 08:00:00,420.75,421.25,420.25,421.0,1380.0
2026-01-16 09:00:00,420.75,421.25,420.25,421.0,998.0
2026-01-16 10:00:00,421.0,421.5,420.5,421.5,1385.0
2026-01-16 11:00:00,421.5,421.75,420.75,421.75,1513.0
2026-01-16 12:00:00,421.5,422.5,421.5,422.25,2266.0
2026-01-16 13:00:00,422.0,422.25,421.75,422.0,3273.0
2026-01-16 14:00:00,421.75,424.0,421.5,423.75,33789.0
2026-01-16 15:00:00,423.5,425.0,423.25,424.0,28566.0
2026-01-16 16:00:00,424.0,427.25,424.0,426.25,36161.0
2026-01-16 17:00:00,426.25,427.25,426.0,426.25,18809.0
2026-01-16 18:00:00,426.0,426.25,424.75,425.0,21102.0
2026-01-16 19:00:00,425.0,425.25,424.5,424.75,20692.0
2026-01-20 05:00:00,424.0,424.0,423.5,423.75,208.0
2026-01-20 06:00:00,423.75,423.75,422.5,422.75,1316.0
2026-01-20 07:00:00,423.0,423.25,422.75,422.75,1023.0
2026-01-20 08:00:00,422.75,423.0,422.25,422.5,1954.0
2026-01-20 09:00:00,422.5,423.0,422.25,423.0,1760.0
2026-01-20 10:00:00,423.0,423.25,422.5,423.0,2218.0
2026-01-20 11:00:00,422.75,423.25,422.5,423.0,982.0
2026-01-20 12:00:00,423.0,423.25,422.0,422.75,5908.0
2026-01-20 13:00:00,422.5,423.5,422.25,423.0,3744.0
2026-01-20 14:00:00,423.0,424.25,422.5,423.0,20271.0
2026-01-20 15:00:00,423.0,424.0,422.0,422.25,27333.0
2026-01-20 16:00:00,422.5,423.5,422.25,423.25,11894.0
2026-01-20 17:00:00,423.25,425.5,423.25,424.75,23871.0
2026-01-20 18:00:00,424.75,424.75,423.5,424.0,13704.0
2026-01-20 19:00:00,424.0,424.25,423.5,424.0,20450.0
2026-01-21 01:00:00,423.75,424.75,423.75,424.0,0.0
2026-01-21 02:00:00,424.0,424.25,423.75,424.25,166.0
2026-01-21 03:00:00,424.25,424.25,424.0,424.25,92.0
2026-01-21 04:00:00,424.25,424.25,424.0,424.0,194.0
2026-01-21 05:00:00,424.0,424.5,424.0,424.25,234.0
2026-01-21 06:00:00,424.25,424.5,424.0,424.25,448.0
2026-01-21 07:00:00,424.0,424.25,424.0,424.0,318.0
2026-01-21 08:00:00,424.0,425.25,424.0,425.25,1528.0
2026-01-21 09:00:00,425.25,426.0,425.0,425.75,1746.0
2026-01-21 10:00:00,425.5,426.25,425.5,426.25,2089.0
2026-01-21 11:00:00,426.25,426.25,425.75,425.75,930.0
2026-01-21 12:00:00,426.0,427.0,425.75,427.0,4481.0
2026-01-21 13:00:00,427.0,427.75,426.75,427.25,6218.0
2026-01-21 14:00:00,427.0,427.25,424.75,425.0,27959.0
2026-01-21 15:00:00,425.0,425.25,423.25,423.25,23341.0
2026-01-21 16:00:00,423.25,423.5,422.25,422.75,17052.0
2026-01-21 17:00:00,422.75,423.0,421.75,422.5,15714.0
2026-01-21 18:00:00,422.25,422.5,421.5,421.5,15125.0
2026-01-21 19:00:00,421.5,422.25,421.25,421.75,15159.0
2026-01-22 01:00:00,422.5,423.5,422.25,422.75,0.0
2026-01-22 02:00:00,422.5,423.0,422.5,422.75,883.0
2026-01-22 03:00:00,422.5,422.5,422.25,422.25,175.0
2026-01-22 04:00:00,422.25,422.5,422.25,422.5,139.0
2026-01-22 05:00:00,422.25,422.5,422.0,422.25,503.0
2026-01-22 06:00:00,422.25,422.75,422.0,422.5,388.0
2026-01-22 07:00:00,422.5,422.75,422.25,422.5,691.0
2026-01-22 08:00:00,422.5,423.5,422.5,423.25,678.0
2026-01-22 09:00:00,423.25,423.5,423.0,423.5,715.0
2026-01-22 10:00:00,423.25,423.75,422.5,422.75,2838.0
2026-01-22 11:00:00,422.75,423.75,422.0,423.5,4150.0
2026-01-22 12:00:00,423.5,423.75,422.75,423.0,2197.0
2026-01-22 13:00:00,423.0,423.25,422.75,423.0,1401.0
2026-01-22 14:00:00,423.25,424.0,422.25,422.25,25211.0
2026-01-22 15:00:00,422.25,422.5,421.0,422.5,42206.0
2026-01-22 16:00:00,422.75,423.25,422.0,423.0,13678.0
2026-01-22 17:00:00,422.75,423.5,422.5,423.25,11427.0
2026-01-22 18:00:00,423.25,424.25,423.0,424.0,8954.0
2026-01-22 19:00:00,424.0,424.0,423.5,424.0,11226.0
2026-01-23 01:00:00,423.75,424.0,423.25,423.75,0.0
2026-01-23 02:00:00,423.5,423.75,422.75,423.0,634.0
2026-01-23 03:00:00,422.75,423.25,422.5,422.75,2963.0
2026-01-23 04:00:00,423.0,423.0,422.75,422.75,78.0
2026-01-23 05:00:00,423.0,423.0,422.75,423.0,227.0
2026-01-23 06:00:00,423.0,423.0,422.75,423.0,279.0
2026-01-23 07:00:00,423.0,423.25,422.75,423.0,646.0
2026-01-23 08:00:00,423.0,423.75,422.75,423.5,1753.0
2026-01-23 09:00:00,423.25,424.0,423.25,424.0,849.0
2026-01-23 10:00:00,423.75,424.25,423.5,423.75,1411.0
2026-01-23 11:00:00,423.5,424.0,423.25,424.0,1237.0
2026-01-23 12:00:00,423.75,424.5,423.75,424.0,1944.0
2026-01-23 13:00:00,424.25,426.75,423.75,426.5,14784.0
2026-01-23 14:00:00,426.25,427.25,425.5,427.25,25499.0
2026-01-23 15:00:00,427.0,429.25,427.0,429.25,46210.0
2026-01-23 16:00:00,429.0,430.5,428.75,429.25,36504.0
2026-01-23 17:00:00,429.5,431.25,429.0,430.75,54512.0
2026-01-23 18:00:00,430.75,430.75,429.5,430.0,22717.0
2026-01-23 19:00:00,430.0,431.0,430.0,430.5,22090.0
2026-01-26 01:00:00,430.0,431.25,430.0,431.0,5777.0
2026-01-26 02:00:00,430.75,431.25,430.75,431.0,930.0
2026-01-26 03:00:00,431.0,431.25,430.75,431.0,358.0
2026-01-26 04:00:00,430.75,431.0,430.5,431.0,239.0
2026-01-26 05:00:00,431.0,431.0,430.75,430.75,317.0
2026-01-26 06:00:00,431.0,431.5,430.75,431.0,540.0
2026-01-26 07:00:00,431.0,431.5,430.75,431.25,1097.0
2026-01-26 08:00:00,431.25,431.25,429.25,429.75,3684.0
2026-01-26 09:00:00,430.0,430.0,429.0,429.75,2216.0
2026-01-26 10:00:00,429.75,429.75,429.0,429.5,1586.0
2026-01-26 11:00:00,429.5,430.0,429.0,429.5,2469.0
2026-01-26 12:00:00,429.5,429.5,428.25,428.75,5140.0
2026-01-26 13:00:00,428.5,429.0,427.25,428.0,5679.0
2026-01-26 14:00:00,427.75,429.75,427.5,428.75,17035.0
2026-01-26 15:00:00,428.75,429.5,427.75,427.75,29145.0
2026-01-26 16:00:00,428.0,429.5,427.5,429.0,15252.0
2026-01-26 17:00:00,429.0,429.0,428.0,429.0,13634.0
2026-01-26 18:00:00,429.0,429.0,428.0,428.5,11343.0
2026-01-26 19:00:00,428.25,428.75,428.0,428.5,22636.0
2026-01-27 01:00:00,428.25,428.75,427.75,428.0,0.0
2026-01-27 02:00:00,428.0,428.25,427.75,428.25,330.0
2026-01-27 03:00:00,428.25,428.5,428.0,428.25,148.0
2026-01-27 04:00:00,428.25,428.5,428.25,428.25,149.0
2026-01-27 05:00:00,428.5,428.75,428.5,428.75,81.0
2026-01-27 06:00:00,428.75,429.0,428.5,429.0,489.0
2026-01-27 07:00:00,428.75,429.0,428.25,428.5,897.0
2026-01-27 08:00:00,428.5,428.5,427.5,428.0,1079.0
2026-01-27 09:00:00,428.0,429.5,427.5,429.25,1066.0
2026-01-27 10:00:00,429.25,429.5,428.75,429.0,1071.0
2026-01-27 11:00:00,429.0,429.5,429.0,429.25,806.0
2026-01-27 12:00:00,429.0,429.25,428.25,428.75,1722.0
2026-01-27 13:00:00,428.5,429.75,428.5,429.75,3432.0
2026-01-27 14:00:00,429.5,429.75,427.0,427.5,20418.0
2026-01-27 15:00:00,427.75,428.0,426.5,427.5,17552.0
2026-01-27 16:00:00,427.5,428.5,426.75,427.5,23541.0
2026-01-27 17:00:00,427.75,427.75,426.75,427.0,9343.0
2026-01-27 18:00:00,427.25,427.25,426.25,426.25,10842.0
2026-01-27 19:00:00,426.25,426.75,426.0,426.5,12203.0
2026-01-28 01:00:00,427.0,428.0,426.75,427.25,0.0
2026-01-28 02:00:00,427.25,428.0,427.0,427.75,1223.0
2026-01-28 03:00:00,427.75,427.75,427.5,427.5,382.0
2026-01-28 04:00:00,427.75,428.0,427.5,428.0,552.0
2026-01-28 05:00:00,428.25,429.0,428.0,428.5,1716.0
2026-01-28 06:00:00,428.75,429.0,428.5,428.75,588.0
2026-01-28 07:00:00,428.75,429.0,428.5,428.75,1005.0
2026-01-28 08:00:00,428.75,429.5,428.5,429.25,2207.0
2026-01-28 09:00:00,429.25,429.75,429.0,429.5,2039.0
2026-01-28 10:00:00,429.5,429.75,429.25,429.5,1139.0
2026-01-28 11:00:00,429.5,430.0,429.5,429.75,1672.0
2026-01-28 12:00:00,429.75,429.75,429.25,429.75,6555.0
2026-01-28 13:00:00,429.75,430.5,429.5,430.0,5170.0
2026-01-28 14:00:00,430.0,433.25,429.75,432.25,62412.0
2026-01-28 15:00:00,432.25,433.0,430.5,430.75,33196.0
2026-01-28 16:00:00,431.0,431.5,430.0,430.75,14450.0
2026-01-28 17:00:00,430.75,431.0,429.75,430.5,12212.0
2026-01-28 18:00:00,430.75,430.75,429.25,429.75,15784.0
2026-01-28 19:00:00,430.0,430.75,429.25,430.75,14053.0
2026-01-29 01:00:00,430.0,431.5,430.0,430.75,0.0
2026-01-29 02:00:00,430.75,431.0,430.25,430.5,265.0
2026-01-29 03:00:00,430.75,431.25,430.5,431.0,379.0
2026-01-29 04:00:00,431.25,431.25,431.0,431.25,127.0
2026-01-29 05:00:00,431.0,431.25,431.0,431.25,278.0
2026-01-29 06:00:00,431.0,431.75,431.0,431.75,1454.0
2026-01-29 07:00:00,431.5,431.75,431.0,431.25,790.0
2026-01-29 08:00:00,431.25,431.75,431.0,431.5,2601.0
2026-01-29 09:00:00,431.5,432.25,431.25,432.25,1687.0
2026-01-29 10:00:00,432.0,433.0,432.0,432.5,3332.0
2026-01-29 11:00:00,432.5,432.75,431.75,432.25,1555.0
2026-01-29 12:00:00,432.25,432.75,432.0,432.5,1041.0
2026-01-29 13:00:00,432.5,432.75,431.25,431.75,4061.0
2026-01-29 14:00:00,432.0,434.0,430.75,432.0,50144.0
2026-01-29 15:00:00,432.0,432.0,429.0,429.75,26887.0
2026-01-29 16:00:00,429.75,430.0,428.0,429.0,15505.0
2026-01-29 17:00:00,429.0,431.0,428.25,430.0,23045.0
2026-01-29 18:00:00,430.0,430.75,429.25,430.25,15049.0
2026-01-29 19:00:00,430.25,431.5,430.25,431.0,14196.0
2026-01-30 01:00:00,430.75,431.75,430.0,430.25,0.0
2026-01-30 02:00:00,430.25,430.25,429.25,429.5,5475.0
2026-01-30 03:00:00,429.5,430.0,429.5,429.75,423.0
2026-01-30 04:00:00,429.5,430.75,429.5,430.75,328.0
2026-01-30 05:00:00,430.0,430.75,430.0,430.75,157.0
2026-01-30 06:00:00,430.75,431.0,430.0,430.0,1624.0
2026-01-30 07:00:00,430.0,430.25,429.5,429.5,1865.0
2026-01-30 08:00:00,429.5,430.0,429.25,429.25,1543.0
2026-01-30 09:00:00,429.25,429.25,428.5,428.5,1714.0
2026-01-30 10:00:00,428.75,428.75,428.0,428.5,3764.0
2026-01-30 11:00:00,428.25,428.75,428.0,428.5,1944.0
2026-01-30 12:00:00,428.5,429.25,428.25,428.75,2981.0
2026-01-30 13:00:00,428.75,429.0,428.0,428.75,2862.0
2026-01-30 14:00:00,429.0,429.0,426.75,427.75,21941.0
2026-01-30 15:00:00,428.0,428.0,426.5,426.5,22436.0
2026-01-30 16:00:00,426.75,427.0,426.0,426.25,14399.0
2026-01-30 17:00:00,426.5,426.75,425.5,425.5,22776.0
2026-01-30 18:00:00,425.75,427.25,425.25,427.0,31570.0
2026-01-30 19:00:00,426.75,428.75,426.75,428.25,30070.0
2026-02-02 01:00:00,428.25,428.25,425.5,426.0,6328.0
2026-02-02 02:00:00,426.0,426.0,425.5,425.5,2072.0
2026-02-02 03:00:00,425.5,425.75,424.75,425.0,2564.0
2026-02-02 04:00:00,425.0,425.25,424.75,425.0,444.0
2026-02-02 05:00:00,425.0,425.0,424.5,424.75,593.0
2026-02-02 06:00:00,424.75,425.25,424.75,425.0,880.0
2026-02-02 07:00:00,425.0,425.75,424.75,425.25,1060.0
2026-02-02 08:00:00,425.5,425.5,424.75,424.75,2096.0
2026-02-02 09:00:00,425.0,425.75,424.5,425.5,1777.0
2026-02-02 10:00:00,425.5,426.75,425.25,426.5,3676.0
2026-02-02 11:00:00,426.75,427.0,426.25,426.5,2622.0
2026-02-02 12:00:00,426.75,427.0,425.75,426.0,2178.0
2026-02-02 13:00:00,426.0,427.25,425.75,426.75,1371.0
2026-02-02 14:00:00,426.5,426.75,425.5,426.0,19325.0
2026-02-02 15:00:00,426.0,426.0,424.25,424.75,18871.0
2026-02-02 16:00:00,424.5,425.0,424.0,424.5,15811.0
2026-02-02 17:00:00,424.75,425.25,424.5,424.75,9293.0
2026-02-02 18:00:00,425.0,425.5,424.25,424.75,16111.0
2026-02-02 19:00:00,424.75,426.25,424.75,425.5,22336.0
2026-02-03 01:00:00,425.75,427.5,425.5,427.25,0.0
2026-02-03 02:00:00,427.0,427.25,426.25,426.75,617.0
2026-02-03 03:00:00,426.75,427.25,426.5,427.25,246.0
2026-02-03 04:00:00,427.25,427.5,427.0,427.0,593.0
2026-02-03 05:00:00,427.25,427.25,427.0,427.25,237.0
2026-02-03 06:00:00,427.25,427.5,427.0,427.25,412.0
2026-02-03 07:00:00,427.25,427.25,426.75,426.75,644.0
2026-02-03 08:00:00,427.0,427.5,426.75,427.25,1713.0
2026-02-03 09:00:00,427.0,427.5,426.5,427.25,1848.0
2026-02-03 10:00:00,427.25,427.5,426.25,426.5,3449.0
2026-02-03 11:00:00,426.25,427.0,426.25,426.75,524.0
2026-02-03 12:00:00,426.75,427.5,426.5,427.5,1648.0
2026-02-03 13:00:00,427.5,428.0,427.0,427.5,2963.0
2026-02-03 14:00:00,427.0,427.5,425.75,426.75,21999.0
2026-02-03 15:00:00,426.5,429.0,426.5,428.0,19362.0
2026-02-03 16:00:00,428.25,428.75,427.5,428.25,24395.0
2026-02-03 17:00:00,428.0,429.25,427.25,428.75,18191.0
2026-02-03 18:00:00,428.75,429.0,427.25,427.75,11996.0
2026-02-03 19:00:00,427.5,429.0,427.25,428.75,17876.0
2026-02-04 01:00:00,428.5,429.25,428.25,429.0,0.0
2026-02-04 02:00:00,429.0,429.0,428.5,428.5,1004.0
2026-02-04 03:00:00,428.75,428.75,428.25,428.5,541.0
2026-02-04 04:00:00,428.5,428.75,428.5,428.75,252.0
2026-02-04 05:00:00,428.75,428.75,428.5,428.75,179.0
2026-02-04 06:00:00,428.5,428.75,428.25,428.5,688.0
2026-02-04 07:00:00,428.5,428.75,428.0,428.0,1174.0
2026-02-04 08:00:00,428.0,428.0,427.0,427.0,1870.0
2026-02-04 09:00:00,427.0,427.25,426.5,426.75,851.0
2026-02-04 10:00:00,426.75,427.25,426.75,427.0,3809.0
2026-02-04 11:00:00,427.0,427.0,426.5,427.0,1215.0
2026-02-04 12:00:00,427.0,427.0,426.0,426.25,2104.0
2026-02-04 13:00:00,426.5,426.75,426.25,426.75,1512.0
2026-02-04 14:00:00,426.75,428.5,426.25,426.75,23753.0
2026-02-04 15:00:00,426.5,432.75,425.25,431.25,69910.0
2026-02-04 16:00:00,431.5,432.75,426.75,428.75,47425.0
2026-02-04 17:00:00,428.75,431.25,428.25,428.75,20637.0
2026-02-04 18:00:00,429.0,429.75,428.0,428.75,22435.0
2026-02-04 19:00:00,428.5,429.75,428.5,429.0,16437.0
2026-02-05 01:00:00,429.0,429.0,427.5,427.5,0.0
2026-02-05 02:00:00,427.5,427.5,427.0,427.0,922.0
2026-02-05 03:00:00,427.0,428.5,427.0,428.25,689.0
2026-02-05 04:00:00,428.0,428.5,428.0,428.25,402.0
2026-02-05 05:00:00,428.0,428.5,428.0,428.5,271.0
2026-02-05 06:00:00,428.5,428.5,428.0,428.5,447.0
2026-02-05 07:00:00,428.5,429.25,428.25,429.0,1324.0
2026-02-05 08:00:00,429.0,429.75,428.75,429.75,2283.0
2026-02-05 09:00:00,429.75,430.75,429.5,430.25,1359.0
2026-02-05 10:00:00,430.25,431.0,430.25,430.75,1809.0
2026-02-05 11:00:00,430.75,430.75,430.0,430.25,927.0
2026-02-05 12:00:00,430.25,430.75,429.25,429.5,1900.0
2026-02-05 13:00:00,429.25,429.5,428.25,428.75,3564.0
2026-02-05 14:00:00,428.25,431.5,428.0,431.25,35387.0
2026-02-05 15:00:00,431.25,432.75,431.0,432.5,22481.0
2026-02-05 16:00:00,432.5,435.25,432.5,433.75,50290.0
2026-02-05 17:00:00,433.5,435.5,433.5,435.25,29723.0
2026-02-05 18:00:00,435.0,435.75,434.0,434.5,24210.0
2026-02-05 19:00:00,434.5,435.5,434.25,435.25,19626.0
2026-02-06 01:00:00,434.5,435.0,433.5,434.5,0.0
2026-02-06 02:00:00,434.25,434.5,434.0,434.25,326.0
2026-02-06 03:00:00,434.5,434.5,434.25,434.25,306.0
2026-02-06 04:00:00,434.5,434.5,434.0,434.0,1462.0
2026-02-06 05:00:00,434.25,434.25,434.0,434.25,826.0
2026-02-06 06:00:00,434.25,434.25,433.5,433.75,194.0
2026-02-06 07:00:00,433.75,434.0,433.0,433.25,6601.0
2026-02-06 08:00:00,433.25,433.25,432.75,432.75,1752.0
2026-02-06 09:00:00,432.75,433.0,432.25,432.5,2871.0
2026-02-06 10:00:00,432.25,433.25,432.25,433.0,1833.0
2026-02-06 11:00:00,433.0,434.0,433.0,433.5,1828.0
2026-02-06 12:00:00,433.5,434.75,433.5,434.0,2021.0
2026-02-06 13:00:00,434.25,434.5,432.25,432.75,6295.0
2026-02-06 14:00:00,432.5,435.5,432.5,433.5,30874.0
2026-02-06 15:00:00,433.5,436.0,433.25,434.5,31614.0
2026-02-06 16:00:00,434.25,435.0,431.25,432.0,29005.0
2026-02-06 17:00:00,431.75,432.0,430.5,430.5,20427.0
2026-02-06 18:00:00,430.75,430.75,428.75,429.75,32732.0
2026-02-06 19:00:00,429.75,431.0,429.25,430.25,29386.0
2026-02-09 01:00:00,428.75,430.0,428.75,429.25,1982.0
2026-02-09 02:00:00,429.5,429.5,429.25,429.5,1665.0
2026-02-09 03:00:00,429.25,429.5,429.25,429.25,621.0
2026-02-09 04:00:00,429.25,429.75,429.0,429.25,142.0
2026-02-09 05:00:00,429.25,429.5,429.0,429.25,265.0
2026-02-09 06:00:00,429.25,429.5,429.0,429.5,900.0
2026-02-09 07:00:00,429.25,429.75,429.25,429.25,880.0
2026-02-09 08:00:00,429.25,430.0,428.75,429.75,2139.0
2026-02-09 09:00:00,429.75,429.75,428.25,428.25,1928.0
2026-02-09 10:00:00,428.25,429.0,428.0,428.5,1540.0
2026-02-09 11:00:00,428.5,428.75,428.25,428.5,825.0
2026-02-09 12:00:00,428.5,429.5,428.5,429.25,2060.0
2026-02-09 13:00:00,429.0,429.5,428.75,429.0,3058.0
2026-02-09 14:00:00,429.0,429.5,428.0,428.25,20869.0
2026-02-09 15:00:00,428.5,429.0,427.25,428.25,21256.0
2026-02-09 16:00:00,428.25,429.0,427.75,428.0,21105.0
2026-02-09 17:00:00,428.0,428.5,427.25,427.25,20713.0
2026-02-09 18:00:00,427.5,429.25,427.25,429.0,21218.0
2026-02-09 19:00:00,428.75,429.25,428.5,428.5,25148.0
2026-02-10 01:00:00,428.0,428.75,428.0,428.75,0.0
2026-02-10 02:00:00,428.75,429.0,428.75,428.75,238.0
2026-02-10 03:00:00,428.75,428.75,428.5,428.75,171.0
2026-02-10 04:00:00,428.75,428.75,428.5,428.75,19.0
2026-02-10 05:00:00,428.75,429.0,428.75,428.75,103.0
2026-02-10 06:00:00,428.75,428.75,428.5,428.75,182.0
2026-02-10 07:00:00,428.5,428.75,428.5,428.5,2030.0
2026-02-10 08:00:00,428.75,429.25,428.5,429.25,646.0
2026-02-10 09:00:00,429.25,429.25,428.0,428.25,904.0
2026-02-10 10:00:00,428.0,429.0,427.75,429.0,6541.0
2026-02-10 11:00:00,429.0,429.75,428.75,429.5,5445.0
2026-02-10 12:00:00,429.5,430.0,429.0,429.75,3546.0
2026-02-10 13:00:00,430.0,431.0,429.75,430.25,7507.0
2026-02-10 14:00:00,430.0,431.0,429.25,430.0,16224.0
2026-02-10 15:00:00,430.0,430.5,428.75,429.75,19170.0
2026-02-10 16:00:00,429.5,430.25,428.25,429.0,18151.0
2026-02-10 17:00:00,429.0,431.0,428.5,429.0,29498.0
2026-02-10 18:00:00,429.0,429.75,428.0,428.5,34019.0
2026-02-10 19:00:00,428.5,429.0,428.0,428.75,37734.0
2026-02-11 01:00:00,428.75,429.5,428.5,428.75,0.0
2026-02-11 02:00:00,428.75,429.25,428.75,429.0,749.0
2026-02-11 03:00:00,429.0,429.25,428.5,429.0,237.0
2026-02-11 04:00:00,429.0,429.25,429.0,429.0,417.0
2026-02-11 05:00:00,429.0,429.0,428.75,428.75,76.0
2026-02-11 06:00:00,429.0,429.25,428.75,428.75,109.0
2026-02-11 07:00:00,428.75,429.0,428.5,428.75,662.0
2026-02-11 08:00:00,428.75,429.25,428.5,428.75,7193.0
2026-02-11 09:00:00,429.0,429.0,428.25,428.75,818.0
2026-02-11 10:00:00,428.75,429.25,428.5,429.0,1447.0
2026-02-11 11:00:00,428.75,429.25,428.5,428.75,1280.0
2026-02-11 12:00:00,428.5,428.75,427.5,427.75,3420.0
2026-02-11 13:00:00,427.5,428.0,427.0,427.25,7569.0
2026-02-11 14:00:00,428.0,428.25,427.0,427.5,13675.0
2026-02-11 15:00:00,427.5,427.5,425.75,426.75,32303.0
2026-02-11 16:00:00,427.0,427.0,425.75,425.75,13053.0
2026-02-11 17:00:00,425.75,426.5,425.25,426.25,58999.0
2026-02-11 18:00:00,426.25,429.25,426.25,427.75,32443.0
2026-02-11 19:00:00,428.0,428.0,427.5,427.75,47482.0
2026-02-12 01:00:00,428.0,429.0,427.5,427.75,0.0
2026-02-12 02:00:00,427.75,427.75,427.5,427.5,1432.0
2026-02-12 03:00:00,427.5,427.75,427.25,427.5,2161.0
2026-02-12 04:00:00,427.25,427.75,427.25,427.5,377.0
2026-02-12 05:00:00,427.75,428.0,427.5,428.0,346.0
2026-02-12 06:00:00,427.75,428.0,427.25,427.5,614.0
2026-02-12 07:00:00,427.25,427.75,427.0,427.25,751.0
2026-02-12 08:00:00,427.25,427.75,427.0,427.75,1227.0
2026-02-12 09:00:00,428.0,428.75,427.75,427.75,1483.0
2026-02-12 10:00:00,427.75,428.25,427.75,428.25,580.0
2026-02-12 11:00:00,428.0,429.0,428.0,428.75,15890.0
2026-02-12 12:00:00,428.75,429.25,428.0,428.0,4868.0
2026-02-12 13:00:00,428.0,429.25,427.75,429.0,3875.0
2026-02-12 14:00:00,429.0,431.0,428.75,430.0,41148.0
2026-02-12 15:00:00,429.75,430.0,428.0,429.0,57459.0
2026-02-12 16:00:00,428.75,430.75,428.75,429.25,27129.0
2026-02-12 17:00:00,429.5,431.0,429.0,430.25,27371.0
2026-02-12 18:00:00,430.25,431.5,429.5,431.0,36347.0
2026-02-12 19:00:00,431.0,431.5,430.75,431.25,40569.0
2026-02-13 01:00:00,431.0,431.5,430.5,431.0,0.0
2026-02-13 02:00:00,431.0,431.75,431.0,431.25,3262.0
2026-02-13 03:00:00,431.25,431.5,430.5,430.5,1027.0
2026-02-13 04:00:00,430.5,431.0,430.5,431.0,204.0
2026-02-13 05:00:00,431.0,431.5,430.75,431.25,313.0
2026-02-13 06:00:00,431.25,431.25,430.0,430.25,1810.0
2026-02-13 07:00:00,430.25,430.25,429.5,430.25,2110.0
2026-02-13 08:00:00,430.25,431.0,430.25,431.0,1943.0
2026-02-13 09:00:00,430.75,431.25,430.5,430.75,1436.0
2026-02-13 10:00:00,430.75,431.0,430.25,430.5,3853.0
2026-02-13 11:00:00,430.25,430.75,430.0,430.5,1609.0
2026-02-13 12:00:00,430.5,431.25,430.5,430.75,9267.0
2026-02-13 13:00:00,431.0,431.0,429.5,430.25,3932.0
2026-02-13 14:00:00,430.0,431.5,429.75,431.5,33073.0
2026-02-13 15:00:00,431.5,432.25,429.75,431.5,51160.0
2026-02-13 16:00:00,431.25,432.0,430.5,432.0,21521.0
2026-02-13 17:00:00,432.0,432.5,431.25,432.0,15238.0
2026-02-13 18:00:00,431.75,432.75,431.75,432.25,31204.0
2026-02-13 19:00:00,432.25,432.25,431.25,431.75,13443.0
2026-02-17 05:00:00,428.5,428.75,428.5,428.75,521.0
2026-02-17 06:00:00,428.75,429.0,428.75,428.75,185.0
2026-02-17 07:00:00,428.75,429.0,428.5,428.75,339.0
2026-02-17 08:00:00,428.75,429.5,428.75,429.0,11312.0
2026-02-17 09:00:00,429.0,429.75,428.75,429.5,1694.0
2026-02-17 10:00:00,429.75,429.75,429.25,429.5,1161.0
2026-02-17 11:00:00,429.5,429.75,429.0,429.0,1212.0
2026-02-17 12:00:00,429.0,429.5,428.75,429.25,2237.0
2026-02-17 13:00:00,429.25,429.5,428.5,428.75,3441.0
2026-02-17 14:00:00,428.5,429.5,426.75,428.0,30115.0
2026-02-17 15:00:00,428.25,428.75,427.0,428.25,28150.0
2026-02-17 16:00:00,428.25,428.5,427.25,427.5,21282.0
2026-02-17 17:00:00,427.5,428.0,426.5,426.75,9928.0
2026-02-17 18:00:00,426.75,427.5,426.0,426.5,17292.0
2026-02-17 19:00:00,426.75,427.0,426.0,426.5,20740.0
2026-02-18 01:00:00,426.25,427.75,426.25,427.25,0.0
2026-02-18 02:00:00,427.5,427.75,427.5,427.5,341.0
2026-02-18 03:00:00,427.5,427.5,427.25,427.25,410.0
2026-02-18 04:00:00,427.25,427.5,427.25,427.5,364.0
2026-02-18 05:00:00,427.5,427.5,427.25,427.25,21.0
2026-02-18 06:00:00,427.25,427.75,427.25,427.5,112.0
2026-02-18 07:00:00,427.75,428.0,427.5,427.5,1057.0
2026-02-18 08:00:00,427.5,428.25,427.5,427.75,1837.0
2026-02-18 09:00:00,428.0,428.25,427.75,428.25,1153.0
2026-02-18 10:00:00,428.0,428.25,427.75,428.25,3197.0
2026-02-18 11:00:00,428.0,428.5,428.0,428.0,3870.0
2026-02-18 12:00:00,428.0,428.0,427.25,427.75,1374.0
2026-02-18 13:00:00,428.0,428.25,427.25,427.5,1460.0
2026-02-18 14:00:00,427.5,428.0,426.5,427.0,18052.0
2026-02-18 15:00:00,427.0,427.25,425.25,426.0,45277.0
2026-02-18 16:00:00,425.75,427.5,425.5,426.5,25916.0
2026-02-18 17:00:00,426.5,427.0,425.5,426.0,13801.0
2026-02-18 18:00:00,426.25,426.75,425.75,426.0,14265.0
2026-02-18 19:00:00,426.25,427.0,426.0,426.5,9922.0
2026-02-19 01:00:00,426.75,427.25,426.0,427.0,0.0
2026-02-19 02:00:00,427.0,427.25,427.0,427.25,500.0
2026-02-19 03:00:00,427.25,427.5,427.25,427.25,882.0
2026-02-19 04:00:00,427.5,427.5,427.25,427.25,71.0
2026-02-19 05:00:00,427.25,427.5,427.25,427.5,9.0
2026-02-19 06:00:00,427.5,427.5,427.25,427.5,34.0
2026-02-19 07:00:00,427.5,427.5,427.25,427.5,243.0
2026-02-19 08:00:00,427.5,427.5,427.0,427.5,859.0
2026-02-19 09:00:00,427.25,427.5,426.75,427.0,1284.0
2026-02-19 10:00:00,427.0,427.5,426.75,427.25,768.0
2026-02-19 11:00:00,427.25,427.5,426.75,427.0,766.0
2026-02-19 12:00:00,427.0,427.75,426.25,426.5,2459.0
2026-02-19 13:00:00,426.5,427.0,426.25,426.5,1104.0
2026-02-19 14:00:00,426.5,427.0,424.5,424.75,32684.0
2026-02-19 15:00:00,424.75,425.5,424.0,424.25,34609.0
2026-02-19 16:00:00,424.25,425.0,424.0,424.25,49837.0
2026-02-19 17:00:00,424.25,425.5,424.0,425.25,12057.0
2026-02-19 18:00:00,425.25,426.25,425.25,425.5,24644.0
2026-02-19 19:00:00,425.5,426.25,425.5,426.25,21343.0
2026-02-20 01:00:00,425.75,426.5,425.5,426.25,0.0
2026-02-20 02:00:00,426.25,426.25,426.0,426.25,246.0
2026-02-20 03:00:00,426.25,426.5,426.0,426.5,424.0
2026-02-20 04:00:00,426.5,426.75,426.0,426.5,5158.0
2026-02-20 05:00:00,426.75,427.0,426.5,427.0,326.0
2026-02-20 06:00:00,427.0,427.0,426.5,426.5,194.0
2026-02-20 07:00:00,426.5,426.5,426.0,426.25,759.0
2026-02-20 08:00:00,426.25,427.25,426.25,426.5,2457.0
2026-02-20 09:00:00,426.75,427.25,426.5,427.0,697.0
2026-02-20 10:00:00,427.0,438.5,426.75,438.25,2569.0
2026-02-20 11:00:00,438.25,438.5,437.75,437.75,1652.0
2026-02-20 12:00:00,437.75,438.25,437.5,437.75,3544.0
2026-02-20 13:00:00,437.5,438.5,437.25,438.5,3399.0
2026-02-20 14:00:00,438.25,439.75,438.0,439.0,22753.0
2026-02-20 15:00:00,439.0,439.75,435.25,437.25,68678.0
2026-02-20 16:00:00,437.25,439.5,437.25,439.5,34369.0
2026-02-20 17:00:00,439.25,440.25,439.0,439.5,44500.0
2026-02-20 18:00:00,439.5,440.0,438.75,439.0,22024.0
2026-02-20 19:00:00,439.25,440.25,439.0,439.75,22064.0
2026-02-23 01:00:00,439.0,439.5,437.75,438.5,7026.0
2026-02-23 02:00:00,438.5,438.5,438.25,438.5,274.0
2026-02-23 03:00:00,438.5,438.5,438.0,438.5,164.0
2026-02-23 04:00:00,438.5,438.75,438.25,438.75,128.0
2026-02-23 05:00:00,438.5,438.75,438.25,438.5,2208.0
2026-02-23 06:00:00,438.5,438.75,438.25,438.5,302.0
2026-02-23 07:00:00,438.5,439.0,438.5,439.0,990.0
2026-02-23 08:00:00,439.0,439.0,438.25,438.75,1864.0
2026-02-23 09:00:00,438.75,439.0,438.25,438.75,1045.0
2026-02-23 10:00:00,438.75,439.0,438.25,438.5,2332.0
2026-02-23 11:00:00,438.5,439.0,438.25,438.75,3304.0
2026-02-23 12:00:00,438.75,438.75,438.0,438.25,2421.0
2026-02-23 13:00:00,438.25,439.5,437.75,439.0,5105.0
2026-02-23 14:00:00,439.0,441.75,438.5,441.25,29433.0
2026-02-23 15:00:00,441.5,444.0,441.5,444.0,48319.0
2026-02-23 16:00:00,443.75,445.0,443.5,444.5,59463.0
2026-02-23 17:00:00,444.25,444.75,441.25,441.75,35388.0
2026-02-23 18:00:00,441.75,441.75,440.25,440.25,41576.0
2026-02-23 19:00:00,440.25,440.75,440.0,440.75,24049.0
2026-02-24 01:00:00,440.0,440.75,439.5,440.25,0.0
2026-02-24 02:00:00,440.5,440.75,440.25,440.25,548.0
2026-02-24 03:00:00,440.25,440.5,440.25,440.25,170.0
2026-02-24 04:00:00,440.5,440.5,440.25,440.5,579.0
2026-02-24 05:00:00,440.5,440.5,440.0,440.0,233.0
2026-02-24 06:00:00,440.0,440.5,440.0,440.0,1458.0
2026-02-24 07:00:00,440.0,440.25,439.75,440.25,596.0
2026-02-24 08:00:00,440.25,440.75,440.0,440.25,1646.0
2026-02-24 09:00:00,440.25,440.25,439.5,440.0,1619.0
2026-02-24 10:00:00,439.75,440.25,439.75,440.25,982.0
2026-02-24 11:00:00,440.25,441.0,440.0,440.0,1404.0
2026-02-24 12:00:00,440.0,440.5,439.5,439.5,21472.0
2026-02-24 13:00:00,439.5,440.25,439.25,439.5,4856.0
2026-02-24 14:00:00,439.75,440.75,438.5,439.75,31798.0
2026-02-24 15:00:00,439.75,440.0,437.75,438.0,32535.0
2026-02-24 16:00:00,438.0,438.5,437.25,437.5,27415.0
2026-02-24 17:00:00,437.5,438.25,437.25,437.75,21541.0
2026-02-24 18:00:00,438.0,438.25,437.25,437.75,33515.0
2026-02-24 19:00:00,437.75,439.25,437.5,439.0,20899.0
2026-02-25 01:00:00,438.5,440.0,438.5,439.75,0.0
2026-02-25 02:00:00,439.5,440.5,439.5,440.5,4455.0
2026-02-25 03:00:00,440.75,440.75,440.25,440.25,958.0
2026-02-25 04:00:00,440.25,440.25,439.75,440.25,758.0
2026-02-25 05:00:00,440.25,440.5,440.0,440.5,227.0
2026-02-25 06:00:00,440.25,440.75,440.25,440.25,194.0
2026-02-25 07:00:00,440.25,440.5,439.5,439.75,1103.0
2026-02-25 08:00:00,439.5,440.25,439.5,440.0,1345.0
2026-02-25 09:00:00,440.0,440.75,439.75,439.75,2095.0
2026-02-25 10:00:00,439.75,440.25,439.5,440.0,1916.0
2026-02-25 11:00:00,440.25,440.25,439.25,439.5,3382.0
2026-02-25 12:00:00,439.5,439.5,438.25,438.75,5699.0
2026-02-25 13:00:00,438.75,439.25,438.5,438.5,3819.0
2026-02-25 14:00:00,438.75,439.75,438.0,439.0,30551.0
2026-02-25 15:00:00,439.25,440.5,438.5,439.0,21528.0
2026-02-25 16:00:00,439.25,441.5,438.75,441.25,26903.0
2026-02-25 17:00:00,441.25,442.75,441.0,441.25,34336.0
2026-02-25 18:00:00,441.25,441.5,440.75,441.0,26016.0
2026-02-25 19:00:00,441.0,442.5,440.75,442.0,29572.0
2026-02-26 01:00:00,441.0,442.0,441.0,441.5,0.0
2026-02-26 02:00:00,441.5,441.75,441.25,441.5,1147.0
2026-02-26 03:00:00,441.5,441.5,441.25,441.5,387.0
2026-02-26 04:00:00,441.25,441.75,441.25,441.5,1482.0
2026-02-26 05:00:00,441.5,442.0,441.5,442.0,853.0
2026-02-26 06:00:00,441.75,442.0,441.5,442.0,1084.0
2026-02-26 07:00:00,442.0,442.5,441.75,442.25,1489.0
2026-02-26 08:00:00,442.25,442.75,442.25,442.75,1476.0
2026-02-26 09:00:00,442.5,443.25,442.25,443.25,2727.0
2026-02-26 10:00:00,443.25,443.5,442.0,443.5,5431.0
2026-02-26 11:00:00,443.25,444.0,442.75,443.0,3529.0
2026-02-26 12:00:00,443.0,444.0,442.5,443.75,4426.0
2026-02-26 13:00:00,443.75,444.25,443.25,444.0,7682.0
2026-02-26 14:00:00,443.5,445.25,442.75,445.25,42263.0
2026-02-26 15:00:00,445.25,445.75,440.75,442.25,58810.0
2026-02-26 16:00:00,442.5,443.5,441.75,442.25,30063.0
2026-02-26 17:00:00,442.5,442.75,440.5,440.75,20355.0
2026-02-26 18:00:00,440.5,442.75,440.25,442.75,35772.0
2026-02-26 19:00:00,442.5,443.75,442.5,443.75,32560.0
2026-02-27 01:00:00,443.0,443.25,442.0,443.0,0.0
2026-02-27 02:00:00,443.25,443.5,443.0,443.5,1074.0
2026-02-27 03:00:00,443.5,443.5,443.25,443.25,559.0
2026-02-27 04:00:00,443.5,444.25,443.25,443.75,3584.0
2026-02-27 05:00:00,443.75,444.0,443.5,443.75,543.0
2026-02-27 06:00:00,443.75,444.0,443.75,444.0,278.0
2026-02-27 07:00:00,444.25,444.25,443.25,443.75,1038.0
2026-02-27 08:00:00,443.75,444.25,443.5,444.0,4671.0
2026-02-27 09:00:00,444.0,444.5,443.75,443.75,3244.0
2026-02-27 10:00:00,444.0,444.25,443.75,444.25,893.0
2026-02-27 11:00:00,444.25,445.5,444.0,445.0,4774.0
2026-02-27 12:00:00,445.0,446.75,445.0,446.25,9970.0
2026-02-27 13:00:00,446.25,447.5,446.25,447.5,11860.0
2026-02-27 14:00:00,446.75,448.5,446.5,447.5,38593.0
2026-02-27 15:00:00,447.5,447.75,446.0,447.0,34384.0
2026-02-27 16:00:00,447.0,447.5,446.0,446.5,16937.0
2026-02-27 17:00:00,446.75,449.0,446.5,449.0,31108.0
2026-02-27 18:00:00,448.75,450.0,448.75,449.25,44455.0
2026-02-27 19:00:00,449.0,449.25,448.0,448.5,25042.0
2026-03-02 01:00:00,451.0,452.5,447.0,447.5,19572.0
2026-03-02 02:00:00,447.75,448.25,447.0,448.0,2823.0
2026-03-02 03:00:00,448.0,448.25,447.5,447.5,742.0
2026-03-02 04:00:00,447.5,448.25,447.5,448.0,217.0
2026-03-02 05:00:00,448.0,448.0,447.5,448.0,878.0
2026-03-02 06:00:00,448.25,448.25,447.5,448.0,1229.0
2026-03-02 07:00:00,448.0,449.0,447.75,448.75,1826.0
2026-03-02 08:00:00,448.75,449.75,448.75,449.25,5153.0
2026-03-02 09:00:00,449.25,450.25,448.5,450.25,4733.0
2026-03-02 10:00:00,450.25,450.25,449.25,449.5,2985.0
2026-03-02 11:00:00,449.5,450.0,448.25,448.75,2341.0
2026-03-02 12:00:00,449.0,449.5,448.0,449.25,3578.0
2026-03-02 13:00:00,449.25,450.0,448.25,449.0,7428.0
2026-03-02 14:00:00,449.0,449.25,443.5,444.0,41134.0
2026-03-02 15:00:00,443.75,445.75,443.5,444.5,42387.0
2026-03-02 16:00:00,444.5,444.75,443.5,444.25,17464.0
2026-03-02 17:00:00,444.5,445.0,444.0,444.5,15846.0
2026-03-02 18:00:00,444.75,445.75,444.25,445.25,18312.0
2026-03-02 19:00:00,445.25,446.25,445.0,445.25,23457.0
2026-03-03 01:00:00,445.75,446.75,445.0,445.75,0.0
2026-03-03 02:00:00,445.5,446.5,445.25,446.25,845.0
2026-03-03 03:00:00,446.25,446.5,446.25,446.5,614.0
2026-03-03 04:00:00,446.5,446.75,446.0,446.5,300.0
2026-03-03 05:00:00,446.5,447.0,446.5,447.0,1292.0
2026-03-03 06:00:00,447.0,447.0,446.25,446.75,696.0
2026-03-03 07:00:00,446.75,447.25,446.25,447.0,1135.0
2026-03-03 08:00:00,447.0,447.75,446.75,447.25,1584.0
2026-03-03 09:00:00,447.5,449.5,447.25,449.0,6614.0
2026-03-03 10:00:00,449.0,451.5,448.75,451.25,7084.0
2026-03-03 11:00:00,451.25,451.75,450.75,451.25,7113.0
2026-03-03 12:00:00,451.25,451.75,450.5,450.75,6751.0
2026-03-03 13:00:00,450.5,451.25,450.25,450.5,8170.0
2026-03-03 14:00:00,450.0,451.75,448.25,448.75,44996.0
2026-03-03 15:00:00,448.75,448.75,444.25,444.5,45267.0
2026-03-03 16:00:00,444.5,446.5,444.25,444.75,34146.0
2026-03-03 17:00:00,445.0,446.0,444.5,446.0,14696.0
2026-03-03 18:00:00,445.75,447.0,445.75,447.0,19135.0
2026-03-03 19:00:00,446.75,447.25,446.0,446.25,20517.0
2026-03-04 01:00:00,446.0,446.5,445.25,446.0,0.0
2026-03-04 02:00:00,446.0,446.5,445.5,446.5,743.0
2026-03-04 03:00:00,446.5,446.75,446.25,446.75,501.0
2026-03-04 04:00:00,446.5,446.75,446.25,446.25,215.0
2026-03-04 05:00:00,446.25,446.75,446.0,446.5,776.0
2026-03-04 06:00:00,446.25,447.0,446.0,446.5,1062.0
2026-03-04 07:00:00,446.5,446.75,445.75,446.0,1411.0
2026-03-04 08:00:00,446.0,446.75,446.0,446.25,1727.0
2026-03-04 09:00:00,446.25,446.5,445.5,445.75,2314.0
2026-03-04 10:00:00,446.0,446.25,445.25,445.5,2634.0
2026-03-04 11:00:00,445.5,445.75,445.25,445.5,921.0
2026-03-04 12:00:00,445.5,446.0,443.25,443.25,7191.0
2026-03-04 13:00:00,443.25,443.5,442.5,442.75,8279.0
2026-03-04 14:00:00,442.75,443.5,441.5,442.0,21757.0
2026-03-04 15:00:00,442.25,443.5,441.0,441.0,30198.0
2026-03-04 16:00:00,441.25,441.5,440.25,441.0,26979.0
2026-03-04 17:00:00,441.25,443.5,441.0,443.25,18218.0
2026-03-04 18:00:00,443.25,443.75,442.75,443.25,14472.0
2026-03-04 19:00:00,443.25,444.0,443.0,443.75,20256.0
2026-03-05 01:00:00,442.5,444.25,442.5,444.0,0.0
2026-03-05 02:00:00,444.0,444.75,444.0,444.5,1252.0
2026-03-05 03:00:00,444.5,445.0,444.25,444.75,571.0
2026-03-05 04:00:00,444.5,444.75,444.5,444.5,235.0
2026-03-05 05:00:00,444.5,444.75,444.25,444.25,133.0
2026-03-05 06:00:00,444.25,444.5,443.75,444.0,1256.0
2026-03-05 07:00:00,444.0,445.5,443.75,445.25,3378.0
2026-03-05 08:00:00,445.0,445.75,444.75,445.5,1065.0
2026-03-05 09:00:00,445.5,445.75,445.0,445.5,1631.0
2026-03-05 10:00:00,445.5,445.75,445.0,445.75,1263.0
2026-03-05 11:00:00,445.5,446.25,445.5,445.5,1751.0
2026-03-05 12:00:00,445.5,446.5,445.0,445.25,3649.0
2026-03-05 13:00:00,445.5,446.5,445.25,446.5,4624.0
2026-03-05 14:00:00,446.0,448.75,445.75,448.0,35560.0
2026-03-05 15:00:00,448.25,449.5,447.25,449.25,37355.0
2026-03-05 16:00:00,449.25,450.75,448.75,450.25,33630.0
2026-03-05 17:00:00,450.25,451.75,450.25,451.75,26814.0
2026-03-05 18:00:00,451.5,454.0,451.5,453.25,42565.0
2026-03-05 19:00:00,453.25,454.5,453.0,453.5,33588.0
2026-03-06 01:00:00,452.75,454.25,452.25,454.0,0.0
2026-03-06 02:00:00,454.0,454.25,453.25,454.0,1122.0
2026-03-06 03:00:00,454.25,454.25,453.5,454.25,872.0
2026-03-06 04:00:00,454.0,454.75,454.0,454.5,870.0
2026-03-06 05:00:00,454.5,454.5,453.75,454.0,1341.0
2026-03-06 06:00:00,454.0,454.5,454.0,454.5,474.0
2026-03-06 07:00:00,454.25,455.0,454.25,455.0,2292.0
2026-03-06 08:00:00,455.0,455.75,454.25,455.0,8536.0
2026-03-06 09:00:00,455.0,456.25,454.75,455.5,5327.0
2026-03-06 10:00:00,455.75,456.25,455.25,455.75,2107.0
2026-03-06 11:00:00,455.75,457.0,455.5,456.5,4734.0
2026-03-06 12:00:00,456.75,458.75,456.5,457.75,15952.0
2026-03-06 13:00:00,457.5,458.75,457.25,458.25,7717.0
2026-03-06 14:00:00,458.75,462.0,458.25,459.0,68263.0
2026-03-06 15:00:00,459.25,459.75,457.0,458.25,54029.0
2026-03-06 16:00:00,458.25,459.0,456.0,458.75,44172.0
2026-03-06 17:00:00,459.0,460.75,458.25,459.75,35316.0
2026-03-06 18:00:00,459.5,460.25,458.25,460.0,31553.0
2026-03-06 19:00:00,460.0,461.0,459.25,460.5,33316.0
2026-03-09 00:00:00,464.0,470.0,463.0,469.5,31748.0
2026-03-09 01:00:00,469.75,472.5,469.0,472.25,15843.0
2026-03-09 02:00:00,472.0,472.75,471.0,472.0,6999.0
2026-03-09 03:00:00,472.25,474.25,471.0,474.25,7979.0
2026-03-09 04:00:00,474.5,476.0,473.75,475.75,7131.0
2026-03-09 05:00:00,475.5,475.5,468.25,469.25,12949.0
2026-03-09 06:00:00,469.25,472.25,467.75,469.75,8894.0
2026-03-09 07:00:00,469.75,470.0,467.5,468.5,5709.0
2026-03-09 08:00:00,468.5,469.75,466.75,469.0,4317.0
2026-03-09 09:00:00,468.75,471.75,466.25,467.75,10629.0
2026-03-09 10:00:00,468.0,469.75,466.5,468.5,7428.0
2026-03-09 11:00:00,468.75,469.0,466.25,466.5,6543.0
2026-03-09 12:00:00,466.25,466.75,463.75,464.75,16530.0
2026-03-09 13:00:00,464.5,465.0,460.0,463.5,49063.0
2026-03-09 14:00:00,463.25,466.5,462.0,462.5,40835.0
2026-03-09 15:00:00,462.25,462.25,455.0,455.75,62947.0
2026-03-09 16:00:00,455.5,456.75,454.25,455.0,27479.0
2026-03-09 17:00:00,455.25,457.25,454.75,455.5,31709.0
2026-03-09 18:00:00,455.5,455.75,453.0,453.25,33260.0
2026-03-10 00:00:00,450.0,451.0,445.5,448.25,0.0
2026-03-10 01:00:00,448.25,450.5,447.25,447.75,4461.0
2026-03-10 02:00:00,447.75,450.0,447.75,449.75,2300.0
2026-03-10 03:00:00,449.75,450.5,449.5,449.75,2864.0
2026-03-10 04:00:00,449.5,450.5,448.75,450.25,1779.0
2026-03-10 05:00:00,450.0,450.0,449.25,450.0,1340.0
2026-03-10 06:00:00,449.75,450.0,448.5,449.25,1846.0
2026-03-10 07:00:00,449.0,450.25,449.0,449.75,1992.0
2026-03-10 08:00:00,449.5,451.0,448.5,449.75,5657.0
2026-03-10 09:00:00,449.75,450.0,448.25,450.0,3504.0
2026-03-10 10:00:00,449.75,451.0,449.5,450.0,3830.0
2026-03-10 11:00:00,449.75,452.75,448.5,452.75,6477.0
2026-03-10 12:00:00,452.75,453.0,451.25,452.25,7127.0
2026-03-10 13:00:00,451.75,453.25,449.25,449.75,33844.0
2026-03-10 14:00:00,450.0,450.25,447.75,448.0,39349.0
2026-03-10 15:00:00,448.0,449.75,447.75,449.0,38053.0
2026-03-10 16:00:00,449.0,451.0,447.75,448.25,33117.0
2026-03-10 17:00:00,448.25,450.75,446.5,449.75,30527.0
2026-03-10 18:00:00,449.75,454.0,449.75,453.75,35353.0
2026-03-11 00:00:00,453.25,454.5,452.0,452.25,0.0
2026-03-11 01:00:00,452.25,452.75,451.5,452.0,3593.0
2026-03-11 02:00:00,452.0,453.25,451.75,453.0,1195.0
2026-03-11 03:00:00,453.0,453.0,452.25,452.25,810.0
2026-03-11 04:00:00,452.5,452.75,452.25,452.5,274.0
2026-03-11 05:00:00,452.5,453.0,452.25,452.75,743.0
2026-03-11 06:00:00,452.75,453.5,452.0,452.5,1085.0
2026-03-11 07:00:00,452.5,454.0,452.25,453.75,2035.0
2026-03-11 08:00:00,453.5,455.5,453.5,455.0,3781.0
2026-03-11 09:00:00,455.0,457.5,455.0,456.75,9243.0
2026-03-11 10:00:00,456.75,457.5,455.75,456.25,5388.0
2026-03-11 11:00:00,456.25,458.25,456.0,457.5,5714.0
2026-03-11 12:00:00,457.75,459.75,457.25,459.25,8683.0
2026-03-11 13:00:00,459.5,461.25,456.0,456.25,37427.0
2026-03-11 14:00:00,456.25,458.25,454.75,457.5,29819.0
2026-03-11 15:00:00,457.5,461.25,456.75,460.5,28031.0
2026-03-11 16:00:00,460.5,462.0,459.25,460.25,33285.0
2026-03-11 17:00:00,460.0,460.75,458.25,459.75,23876.0
2026-03-11 18:00:00,459.75,460.75,459.25,460.5,0.0
2026-03-12 00:00:00,462.5,463.0,461.0,463.0,9394.0
2026-03-12 01:00:00,462.75,463.5,461.5,462.25,2491.0
2026-03-12 02:00:00,462.25,463.5,462.25,463.0,1627.0
2026-03-12 03:00:00,463.0,464.0,463.0,463.5,1230.0
2026-03-12 04:00:00,463.75,463.75,463.25,463.75,472.0
2026-03-12 05:00:00,463.5,463.5,462.5,462.75,859.0
2026-03-12 06:00:00,462.75,463.5,461.75,462.0,1924.0
2026-03-12 07:00:00,462.25,463.75,462.0,462.5,2172.0
2026-03-12 08:00:00,462.5,465.5,462.5,463.75,5940.0
2026-03-12 09:00:00,463.5,465.75,463.5,464.75,4134.0
2026-03-12 10:00:00,464.75,465.25,464.25,465.0,2168.0
2026-03-12 11:00:00,465.0,466.5,464.5,466.0,3674.0
2026-03-12 12:00:00,466.0,466.5,465.0,465.75,5416.0
2026-03-12 13:00:00,465.25,467.5,463.5,467.25,37055.0
2026-03-12 14:00:00,467.25,469.5,465.0,465.5,55152.0
2026-03-12 15:00:00,465.5,467.75,464.5,465.75,35613.0
2026-03-12 16:00:00,465.75,465.75,462.25,463.5,38882.0
2026-03-12 17:00:00,463.75,465.0,462.0,462.25,25330.0
2026-03-12 18:00:00,462.25,462.75,461.5,462.0,0.0
2026-03-13 00:00:00,462.25,463.0,461.25,462.75,13781.0
2026-03-13 01:00:00,462.75,462.75,461.5,462.5,3894.0
2026-03-13 02:00:00,462.5,463.25,462.0,463.0,624.0
2026-03-13 03:00:00,463.0,463.25,462.75,463.0,337.0
2026-03-13 04:00:00,463.25,463.75,463.25,463.75,588.0
2026-03-13 05:00:00,463.75,464.0,462.75,462.75,690.0
2026-03-13 06:00:00,462.75,463.25,462.5,462.75,924.0
2026-03-13 07:00:00,462.75,464.5,462.75,464.0,1620.0
2026-03-13 08:00:00,464.0,464.5,462.25,462.75,2504.0
2026-03-13 09:00:00,462.75,463.5,462.25,462.5,2783.0
2026-03-13 10:00:00,462.5,462.5,460.0,460.75,5733.0
2026-03-13 11:00:00,460.5,461.25,459.75,459.75,3060.0
2026-03-13 12:00:00,460.0,461.5,460.0,461.0,3114.0
2026-03-13 13:00:00,460.75,460.75,458.75,459.5,19465.0
2026-03-13 14:00:00,459.25,462.0,458.5,461.5,24533.0
2026-03-13 15:00:00,461.5,465.0,461.5,464.0,19060.0
2026-03-13 16:00:00,464.25,466.75,464.0,466.5,22149.0
2026-03-13 17:00:00,466.75,466.75,464.75,465.5,18781.0
2026-03-13 18:00:00,465.5,467.5,465.5,467.0,24092.0
2026-03-16 00:00:00,464.75,466.0,461.25,461.75,13067.0
2026-03-16 01:00:00,461.75,465.0,461.25,464.75,5087.0
2026-03-16 02:00:00,465.0,466.0,465.0,465.0,2344.0
2026-03-16 03:00:00,464.75,465.0,464.25,464.75,970.0
2026-03-16 04:00:00,464.5,465.0,464.5,464.75,120.0
2026-03-16 05:00:00,464.5,465.5,464.5,464.5,449.0
2026-03-16 06:00:00,464.25,465.75,464.25,464.5,2564.0
2026-03-16 07:00:00,464.5,465.5,464.25,464.25,1812.0
2026-03-16 08:00:00,464.5,465.0,463.25,464.5,2255.0
2026-03-16 09:00:00,464.5,464.75,463.5,464.0,1476.0
2026-03-16 10:00:00,464.0,464.75,461.5,461.75,6398.0
2026-03-16 11:00:00,461.75,462.5,460.5,461.5,6062.0
2026-03-16 12:00:00,461.75,463.75,461.5,462.5,6047.0
2026-03-16 13:00:00,462.0,462.75,459.75,460.5,35369.0
2026-03-16 14:00:00,460.5,461.25,452.0,453.25,63055.0
2026-03-16 15:00:00,453.5,454.75,452.75,454.25,32071.0
2026-03-16 16:00:00,454.5,456.75,454.25,455.0,23981.0
2026-03-16 17:00:00,455.25,455.25,452.25,453.25,26852.0
2026-03-16 18:00:00,453.25,455.0,452.75,454.75,21163.0
2026-03-17 00:00:00,453.75,456.75,453.5,456.75,0.0
2026-03-17 01:00:00,456.75,458.75,456.75,458.5,4348.0
2026-03-17 02:00:00,458.5,459.0,458.25,458.5,1106.0
2026-03-17 03:00:00,458.5,458.75,458.25,458.5,409.0
2026-03-17 04:00:00,458.25,458.75,458.0,458.25,288.0
2026-03-17 05:00:00,458.25,458.75,457.75,458.75,687.0
2026-03-17 06:00:00,458.75,458.75,458.0,458.25,800.0
2026-03-17 07:00:00,458.25,458.5,457.25,457.5,2640.0
2026-03-17 08:00:00,457.25,458.0,457.0,457.0,2486.0
2026-03-17 09:00:00,457.0,457.25,454.25,454.75,5061.0
2026-03-17 10:00:00,455.0,455.75,454.25,455.25,1725.0
2026-03-17 11:00:00,455.25,457.5,455.0,457.25,4195.0
2026-03-17 12:00:00,457.0,457.0,454.5,455.0,3932.0
2026-03-17 13:00:00,455.0,455.25,453.0,453.0,27975.0
2026-03-17 14:00:00,453.25,453.25,450.0,450.0,35810.0
2026-03-17 15:00:00,450.25,451.5,449.25,451.0,23636.0
2026-03-17 16:00:00,451.25,455.25,451.0,454.25,29798.0
2026-03-17 17:00:00,454.0,454.5,453.25,454.0,15404.0
2026-03-17 18:00:00,454.25,454.5,453.5,454.5,13213.0
2026-03-18 00:00:00,454.75,456.5,454.5,455.0,0.0
2026-03-18 01:00:00,455.0,455.0,453.5,453.75,1947.0
2026-03-18 02:00:00,454.0,454.0,453.25,453.25,1008.0
2026-03-18 03:00:00,453.5,453.5,452.5,452.5,671.0
2026-03-18 04:00:00,452.5,452.75,452.25,452.5,280.0
2026-03-18 05:00:00,452.5,453.25,452.5,453.0,778.0
2026-03-18 06:00:00,453.0,453.5,452.25,453.5,1091.0
2026-03-18 07:00:00,453.5,453.75,452.75,453.0,838.0
2026-03-18 08:00:00,453.0,453.5,452.25,452.75,4070.0
2026-03-18 09:00:00,452.5,454.0,452.5,453.75,1580.0
2026-03-18 10:00:00,453.5,453.75,452.25,452.5,1201.0
2026-03-18 11:00:00,452.5,452.5,451.5,451.75,2951.0
2026-03-18 12:00:00,451.75,455.0,451.75,454.75,4049.0
2026-03-18 13:00:00,455.0,457.25,454.75,457.0,27135.0
2026-03-18 14:00:00,457.0,459.75,456.5,459.5,27440.0
2026-03-18 15:00:00,459.5,461.0,457.75,460.5,25820.0
2026-03-18 16:00:00,460.5,463.0,460.25,462.75,20912.0
2026-03-18 17:00:00,462.75,464.5,462.5,463.5,28640.0
2026-03-18 18:00:00,463.25,464.0,462.75,463.5,17869.0
2026-03-19 00:00:00,463.25,466.0,463.25,465.25,0.0
2026-03-19 01:00:00,465.25,466.75,465.0,466.25,3127.0
2026-03-19 02:00:00,466.25,466.25,463.75,464.25,2828.0
2026-03-19 03:00:00,464.25,464.75,464.0,464.25,404.0
2026-03-19 04:00:00,464.25,464.5,464.0,464.25,217.0
2026-03-19 05:00:00,464.5,464.5,463.5,463.5,482.0
2026-03-19 06:00:00,463.75,465.0,463.75,465.0,644.0
2026-03-19 07:00:00,465.0,465.0,463.5,464.25,1975.0
2026-03-19 08:00:00,464.25,467.75,464.0,467.5,6600.0
2026-03-19 09:00:00,467.25,469.25,467.0,467.25,10390.0
2026-03-19 10:00:00,467.25,468.5,467.0,468.0,3260.0
2026-03-19 11:00:00,468.0,469.25,468.0,468.5,2614.0
2026-03-19 12:00:00,468.25,468.5,465.75,467.5,5959.0
2026-03-19 13:00:00,467.0,467.75,464.0,465.5,23326.0
2026-03-19 14:00:00,465.25,468.75,465.25,468.5,31383.0
2026-03-19 15:00:00,468.5,469.75,466.75,466.75,32225.0
2026-03-19 16:00:00,466.75,469.5,465.5,469.25,19550.0
2026-03-19 17:00:00,469.5,470.0,469.0,469.5,29735.0
2026-03-19 18:00:00,469.5,470.0,469.0,470.0,17271.0
2026-03-20 00:00:00,469.0,469.25,468.0,469.0,0.0
2026-03-20 01:00:00,469.0,469.0,466.75,467.5,4520.0
2026-03-20 02:00:00,467.5,468.0,467.0,468.0,807.0
2026-03-20 03:00:00,468.0,468.25,468.0,468.0,1706.0
2026-03-20 04:00:00,468.0,468.5,468.0,468.5,341.0
2026-03-20 05:00:00,468.25,468.75,468.0,468.5,310.0
2026-03-20 06:00:00,468.5,469.0,468.25,468.5,476.0
2026-03-20 07:00:00,468.75,469.0,468.0,468.75,1091.0
2026-03-20 08:00:00,468.5,469.0,467.5,468.25,2559.0
2026-03-20 09:00:00,468.25,468.25,467.5,468.0,1131.0
2026-03-20 10:00:00,468.0,468.5,467.0,467.0,3156.0
2026-03-20 11:00:00,467.0,467.25,466.25,466.25,1791.0
2026-03-20 12:00:00,466.25,466.75,465.75,466.25,4146.0
2026-03-20 13:00:00,466.5,467.25,465.0,466.25,28611.0
2026-03-20 14:00:00,466.25,467.0,464.5,467.0,25256.0
2026-03-20 15:00:00,467.0,467.25,464.25,464.75,15935.0
2026-03-20 16:00:00,464.75,467.0,464.0,465.75,13973.0
2026-03-20 17:00:00,465.75,466.5,464.5,464.5,14081.0
2026-03-20 18:00:00,464.75,466.25,464.5,465.5,0.0
2026-03-23 00:00:00,465.25,467.0,464.0,466.5,5046.0
2026-03-23 01:00:00,466.5,469.5,466.5,469.25,7745.0
2026-03-23 02:00:00,469.25,469.5,468.75,469.5,2638.0
2026-03-23 03:00:00,469.5,470.0,469.25,470.0,2659.0
2026-03-23 04:00:00,469.75,470.75,469.75,470.75,2698.0
2026-03-23 05:00:00,470.75,471.0,470.25,471.0,1003.0
2026-03-23 06:00:00,471.0,471.75,470.5,471.75,2686.0
2026-03-23 07:00:00,471.75,473.0,471.5,473.0,4663.0
2026-03-23 08:00:00,472.75,473.75,472.75,473.5,5549.0
2026-03-23 09:00:00,473.5,473.75,472.5,473.0,3668.0
2026-03-23 10:00:00,473.0,473.25,471.0,472.0,3559.0
2026-03-23 11:00:00,471.75,472.5,458.0,466.25,46895.0
2026-03-23 12:00:00,466.25,467.5,461.25,461.25,9225.0
2026-03-23 13:00:00,461.5,463.0,459.5,461.5,21893.0
2026-03-23 14:00:00,461.5,462.25,458.25,459.0,28696.0
2026-03-23 15:00:00,459.25,462.0,456.5,461.5,30945.0
2026-03-23 16:00:00,461.25,461.75,459.0,459.75,22672.0
2026-03-23 17:00:00,459.5,460.5,458.25,459.75,12205.0
2026-03-23 18:00:00,459.75,461.0,459.25,460.5,18624.0
2026-03-24 00:00:00,460.0,462.0,459.75,461.5,0.0
2026-03-24 01:00:00,461.5,463.5,461.5,463.0,3559.0
2026-03-24 02:00:00,463.0,463.25,462.25,462.5,444.0
2026-03-24 03:00:00,462.5,462.5,461.75,462.0,1258.0
2026-03-24 04:00:00,462.25,463.0,462.0,463.0,456.0
2026-03-24 05:00:00,463.0,463.5,462.0,462.0,788.0
2026-03-24 06:00:00,462.0,462.0,460.75,461.0,930.0
2026-03-24 07:00:00,461.0,461.25,459.25,459.25,2353.0
2026-03-24 08:00:00,459.5,460.75,459.0,460.5,3976.0
2026-03-24 09:00:00,460.75,461.75,460.5,461.25,2721.0
2026-03-24 10:00:00,461.0,462.0,461.0,461.5,1898.0
2026-03-24 11:00:00,461.25,462.0,459.75,461.75,3444.0
2026-03-24 12:00:00,461.75,462.75,461.25,461.75,4730.0
2026-03-24 13:00:00,461.75,464.75,461.25,462.5,25634.0
2026-03-24 14:00:00,462.5,463.75,460.5,461.0,26167.0
2026-03-24 15:00:00,460.75,461.75,459.5,461.25,24098.0
2026-03-24 16:00:00,461.25,464.75,461.25,464.5,14324.0
2026-03-24 17:00:00,464.5,465.75,462.5,463.5,23110.0
2026-03-24 18:00:00,463.5,463.5,462.25,462.25,15189.0
2026-03-25 00:00:00,461.25,461.5,458.5,459.25,0.0
2026-03-25 01:00:00,459.0,459.25,458.25,458.5,1023.0
2026-03-25 02:00:00,458.5,459.75,458.5,459.75,995.0
2026-03-25 03:00:00,459.75,460.0,459.25,460.0,305.0
2026-03-25 04:00:00,459.75,460.0,459.0,459.5,307.0
2026-03-25 05:00:00,459.25,460.0,459.25,459.75,391.0
2026-03-25 06:00:00,459.75,460.0,458.75,459.0,702.0
2026-03-25 07:00:00,459.25,459.5,458.5,458.75,1296.0
2026-03-25 08:00:00,459.0,459.5,458.0,459.5,2574.0
2026-03-25 09:00:00,459.25,460.5,458.5,459.0,3301.0
2026-03-25 10:00:00,459.25,460.0,459.0,459.75,2012.0
2026-03-25 11:00:00,459.5,459.75,458.5,458.75,1943.0
2026-03-25 12:00:00,458.5,461.0,458.5,460.25,5364.0
2026-03-25 13:00:00,460.75,462.0,459.75,461.75,17089.0
2026-03-25 14:00:00,461.75,463.0,460.75,462.0,22376.0
2026-03-25 15:00:00,462.25,464.25,462.0,464.0,11720.0
2026-03-25 16:00:00,464.25,466.5,463.75,466.25,18210.0
2026-03-25 17:00:00,466.5,468.5,465.5,467.5,24076.0
2026-03-25 18:00:00,467.5,467.75,467.0,467.5,16145.0
2026-03-26 00:00:00,466.75,468.5,466.5,467.5,0.0
2026-03-26 01:00:00,467.5,467.5,466.75,467.0,2259.0
2026-03-26 02:00:00,467.0,467.25,466.0,466.75,1120.0
2026-03-26 03:00:00,466.75,467.75,466.5,467.5,1426.0
2026-03-26 04:00:00,467.5,467.75,467.25,467.75,389.0
2026-03-26 05:00:00,467.75,468.0,467.5,467.75,432.0
2026-03-26 06:00:00,467.75,468.25,467.5,468.25,710.0
2026-03-26 07:00:00,468.0,468.5,467.5,468.0,1213.0
2026-03-26 08:00:00,467.75,468.75,467.5,468.25,1936.0
2026-03-26 09:00:00,468.5,468.5,467.0,467.0,3443.0
2026-03-26 10:00:00,467.0,467.75,466.75,467.5,1673.0
2026-03-26 11:00:00,467.25,467.5,466.5,466.75,1403.0
2026-03-26 12:00:00,466.5,467.0,465.25,466.75,4453.0
2026-03-26 13:00:00,466.75,466.75,462.0,462.5,29976.0
2026-03-26 14:00:00,462.75,465.0,462.25,464.75,20434.0
2026-03-26 15:00:00,465.0,466.0,463.75,465.75,14903.0
2026-03-26 16:00:00,465.5,466.5,465.0,465.25,12124.0
2026-03-26 17:00:00,465.5,468.75,465.25,468.5,27006.0
2026-03-26 18:00:00,468.25,468.5,466.0,466.25,19405.0
2026-03-27 00:00:00,466.0,467.25,465.25,467.0,0.0
2026-03-27 01:00:00,467.25,467.25,466.5,466.75,467.0
2026-03-27 02:00:00,466.5,467.25,466.0,467.0,848.0
2026-03-27 03:00:00,467.0,467.25,466.75,467.0,169.0
2026-03-27 04:00:00,467.25,467.75,467.25,467.5,219.0
2026-03-27 05:00:00,467.75,468.0,467.25,467.75,204.0
2026-03-27 06:00:00,467.75,468.0,467.25,467.5,1017.0
2026-03-27 07:00:00,467.75,468.5,467.5,468.5,594.0
2026-03-27 08:00:00,468.5,469.5,468.25,469.0,2937.0
2026-03-27 09:00:00,469.0,469.5,468.75,469.25,1365.0
2026-03-27 10:00:00,469.25,469.75,469.0,469.75,2255.0
2026-03-27 11:00:00,469.75,470.5,468.75,469.25,5603.0
2026-03-27 12:00:00,469.25,469.5,468.5,469.0,1976.0
2026-03-27 13:00:00,468.5,468.75,464.0,465.25,26782.0
2026-03-27 14:00:00,465.25,467.5,464.75,465.5,26543.0
2026-03-27 15:00:00,465.75,467.0,463.5,465.0,20263.0
2026-03-27 16:00:00,464.75,465.5,462.5,463.75,26492.0
2026-03-27 17:00:00,463.75,463.75,460.75,461.25,21309.0
2026-03-27 18:00:00,461.25,462.25,461.25,462.0,20288.0
2026-03-30 00:00:00,462.75,465.75,462.5,464.75,6823.0
2026-03-30 01:00:00,465.0,465.75,463.75,464.0,1690.0
2026-03-30 02:00:00,463.75,464.25,463.25,463.25,2202.0
2026-03-30 03:00:00,463.25,463.25,462.25,463.25,706.0
2026-03-30 04:00:00,463.25,463.5,463.0,463.25,304.0
2026-03-30 05:00:00,463.25,463.25,462.25,462.5,571.0
2026-03-30 06:00:00,462.75,463.0,462.0,463.0,1586.0
2026-03-30 07:00:00,463.0,463.5,462.25,463.0,1708.0
2026-03-30 08:00:00,463.25,463.25,461.75,462.25,2206.0
2026-03-30 09:00:00,462.0,462.75,461.5,462.75,2460.0
2026-03-30 10:00:00,462.75,463.25,462.5,463.0,769.0
2026-03-30 11:00:00,463.0,463.25,461.0,461.5,3828.0
2026-03-30 12:00:00,461.25,461.75,460.0,461.0,5040.0
2026-03-30 13:00:00,460.5,461.5,458.75,460.5,22389.0
2026-03-30 14:00:00,460.5,461.0,457.75,458.25,19277.0
2026-03-30 15:00:00,458.25,459.25,457.0,458.5,18980.0
2026-03-30 16:00:00,458.5,459.25,457.25,457.25,15879.0
2026-03-30 17:00:00,457.5,457.75,457.0,457.25,12414.0
2026-03-30 18:00:00,457.25,457.5,455.0,455.25,23307.0
2026-03-31 00:00:00,455.5,456.25,455.0,455.25,0.0
2026-03-31 01:00:00,455.25,455.75,454.5,454.75,3843.0
2026-03-31 02:00:00,454.75,455.75,454.5,455.5,5731.0
2026-03-31 03:00:00,455.75,456.0,455.25,456.0,301.0
2026-03-31 04:00:00,456.0,456.25,455.75,456.0,309.0
2026-03-31 05:00:00,456.0,456.0,455.5,455.75,268.0
2026-03-31 06:00:00,456.0,456.25,455.75,456.0,803.0
2026-03-31 07:00:00,455.75,456.75,455.75,456.0,1915.0
2026-03-31 08:00:00,456.0,456.25,455.25,455.5,2309.0
2026-03-31 09:00:00,455.25,455.75,454.5,455.5,2136.0
2026-03-31 10:00:00,455.5,455.75,455.0,455.25,1165.0
2026-03-31 11:00:00,455.5,455.5,454.0,454.25,5073.0
2026-03-31 12:00:00,454.25,454.5,454.0,454.25,3384.0
2026-03-31 13:00:00,454.5,454.75,451.75,451.75,29726.0
2026-03-31 14:00:00,452.0,454.25,451.25,453.0,30714.0
2026-03-31 15:00:00,453.0,454.75,452.25,453.25,26352.0
2026-03-31 16:00:00,453.25,462.0,452.0,456.25,91304.0
2026-03-31 17:00:00,456.5,460.0,455.75,458.25,23908.0
2026-03-31 18:00:00,458.25,458.5,456.5,458.5,22306.0
2026-04-01 00:00:00,457.5,460.0,457.5,459.5,0.0
2026-04-01 01:00:00,459.25,459.25,458.5,459.0,765.0
2026-04-01 02:00:00,458.75,459.25,458.5,459.25,280.0
2026-04-01 03:00:00,459.25,459.25,458.5,458.5,121.0
2026-04-01 04:00:00,458.75,458.75,458.0,458.0,391.0
2026-04-01 05:00:00,458.25,458.5,456.5,456.5,1752.0
2026-04-01 06:00:00,456.5,457.0,453.25,453.75,3270.0
2026-04-01 07:00:00,453.75,454.25,452.75,453.75,3981.0
2026-04-01 08:00:00,453.75,454.25,453.25,453.75,5785.0
2026-04-01 09:00:00,453.75,454.75,453.25,453.75,1922.0
2026-04-01 10:00:00,453.75,454.0,452.5,452.75,2203.0
2026-04-01 11:00:00,452.75,453.0,451.75,452.0,4276.0
2026-04-01 12:00:00,452.0,453.25,452.0,452.75,7851.0
2026-04-01 13:00:00,453.25,453.5,450.25,450.5,34321.0
2026-04-01 14:00:00,450.75,450.75,448.5,448.75,28047.0
2026-04-01 15:00:00,449.0,450.5,448.5,449.5,24057.0
2026-04-01 16:00:00,449.5,453.25,449.5,452.5,16824.0
2026-04-01 17:00:00,452.5,454.5,452.5,453.75,13496.0
2026-04-01 18:00:00,453.75,455.0,453.0,453.0,19042.0
2026-04-02 00:00:00,454.0,454.25,452.5,452.75,0.0
2026-04-02 01:00:00,452.75,456.75,452.75,456.5,4867.0
2026-04-02 02:00:00,456.25,456.75,456.0,456.75,874.0
2026-04-02 03:00:00,456.5,457.0,456.5,457.0,944.0
2026-04-02 04:00:00,457.25,457.75,456.75,457.5,2013.0
2026-04-02 05:00:00,457.25,457.75,457.0,457.5,559.0
2026-04-02 06:00:00,457.5,458.0,457.25,457.5,384.0
2026-04-02 07:00:00,457.25,457.75,457.0,457.5,1589.0
2026-04-02 08:00:00,457.25,458.0,457.25,458.0,1295.0
2026-04-02 09:00:00,458.0,458.25,456.75,457.0,972.0
2026-04-02 10:00:00,456.75,458.0,456.25,458.0,2994.0
2026-04-02 11:00:00,458.0,459.0,457.5,458.75,1912.0
2026-04-02 12:00:00,458.5,459.25,457.75,459.25,2713.0
2026-04-02 13:00:00,459.0,460.5,456.0,456.5,20561.0
2026-04-02 14:00:00,456.5,456.75,452.5,453.0,34673.0
2026-04-02 15:00:00,452.75,453.0,451.25,452.0,16654.0
2026-04-02 16:00:00,451.75,453.0,451.25,452.75,11517.0
2026-04-02 17:00:00,452.75,455.0,452.5,453.75,16802.0
2026-04-02 18:00:00,453.75,454.0,451.5,452.0,23617.0
2026-04-06 00:00:00,453.0,454.0,449.5,450.0,10810.0
2026-04-06 01:00:00,450.0,450.0,449.25,449.5,838.0
2026-04-06 02:00:00,449.25,449.75,449.0,449.0,1025.0
2026-04-06 03:00:00,449.0,449.5,448.75,448.75,480.0
2026-04-06 04:00:00,448.75,449.25,448.25,449.0,2536.0
2026-04-06 05:00:00,449.25,449.5,449.0,449.5,401.0
2026-04-06 06:00:00,449.5,450.0,449.0,449.75,712.0
2026-04-06 07:00:00,449.75,450.25,449.25,449.5,961.0
2026-04-06 08:00:00,449.5,451.25,449.5,451.0,1852.0
2026-04-06 09:00:00,450.5,451.0,450.0,450.5,1741.0
2026-04-06 10:00:00,450.75,451.25,449.75,450.25,740.0
2026-04-06 11:00:00,450.25,451.75,450.25,451.75,2156.0
2026-04-06 12:00:00,451.5,452.0,451.25,451.75,2895.0
2026-04-06 13:00:00,452.0,453.5,450.5,452.75,14968.0
2026-04-06 14:00:00,452.75,454.0,451.0,453.25,15139.0
2026-04-06 15:00:00,453.0,454.0,452.5,453.25,10898.0
2026-04-06 16:00:00,453.25,454.25,452.5,454.25,9543.0
2026-04-06 17:00:00,454.25,454.5,453.25,454.0,9194.0
2026-04-06 18:00:00,454.0,454.5,453.25,453.75,14352.0
2026-04-07 00:00:00,454.0,455.0,452.75,453.0,0.0
2026-04-07 01:00:00,453.25,453.75,452.25,453.75,1128.0
2026-04-07 02:00:00,453.5,454.25,453.5,453.75,326.0
2026-04-07 03:00:00,454.0,454.0,453.25,453.5,272.0
2026-04-07 04:00:00,453.5,453.75,452.75,452.75,211.0
2026-04-07 05:00:00,453.0,453.25,452.75,452.75,300.0
2026-04-07 06:00:00,453.0,453.5,453.0,453.0,746.0
2026-04-07 07:00:00,454.0,454.0,452.0,452.25,1441.0
2026-04-07 08:00:00,452.25,452.25,450.5,450.75,2097.0
2026-04-07 09:00:00,450.5,451.25,450.25,450.75,2334.0
2026-04-07 10:00:00,450.75,452.0,450.5,451.5,3664.0
2026-04-07 11:00:00,451.75,452.5,451.0,452.0,2260.0
2026-04-07 12:00:00,452.0,453.25,451.75,453.0,3345.0
2026-04-07 13:00:00,453.25,453.5,452.0,453.0,13855.0
2026-04-07 14:00:00,452.75,453.75,451.25,451.75,18509.0
2026-04-07 15:00:00,451.75,452.25,448.75,449.25,26566.0
2026-04-07 16:00:00,449.0,450.0,448.25,449.25,30093.0
2026-04-07 17:00:00,449.25,450.25,448.75,449.75,17553.0
2026-04-07 18:00:00,450.0,450.0,448.5,448.75,18915.0
2026-04-08 00:00:00,447.0,447.25,442.5,443.0,0.0
2026-04-08 01:00:00,443.0,445.25,442.25,444.5,5417.0
2026-04-08 02:00:00,444.5,445.25,444.0,444.5,2111.0
2026-04-08 03:00:00,444.5,444.5,444.0,444.25,566.0
2026-04-08 04:00:00,444.0,444.5,444.0,444.25,208.0
2026-04-08 05:00:00,444.5,444.5,443.75,444.25,711.0
2026-04-08 06:00:00,444.0,444.25,443.0,444.0,1557.0
2026-04-08 07:00:00,444.0,444.5,443.5,443.75,2223.0
2026-04-08 08:00:00,443.75,445.0,443.0,445.0,3903.0
2026-04-08 09:00:00,444.75,445.5,444.25,445.25,2794.0
2026-04-08 10:00:00,445.0,446.0,444.75,445.5,3238.0
2026-04-08 11:00:00,445.5,445.75,442.75,443.75,4722.0
2026-04-08 12:00:00,443.75,445.0,443.0,444.0,5036.0
2026-04-08 13:00:00,444.5,446.5,443.75,446.0,22555.0
2026-04-08 14:00:00,446.25,448.0,444.25,447.5,31470.0
2026-04-08 15:00:00,447.5,448.25,445.0,445.0,20398.0
2026-04-08 16:00:00,445.25,445.5,443.75,444.0,16663.0
2026-04-08 17:00:00,444.0,447.5,444.0,447.25,35644.0
2026-04-08 18:00:00,447.25,447.75,446.25,447.25,57532.0
2026-04-09 00:00:00,447.25,448.5,446.5,448.25,0.0
2026-04-09 01:00:00,448.0,448.5,447.75,448.0,913.0
2026-04-09 02:00:00,448.0,448.5,447.75,448.0,269.0
2026-04-09 03:00:00,448.25,448.5,448.0,448.5,371.0
2026-04-09 04:00:00,448.25,448.75,448.25,448.5,123.0
2026-04-09 05:00:00,448.5,448.75,448.5,448.5,267.0
2026-04-09 06:00:00,448.5,448.75,448.0,448.5,247.0
2026-04-09 07:00:00,448.25,448.75,447.75,448.0,1061.0
2026-04-09 08:00:00,447.75,449.25,447.75,449.0,5752.0
2026-04-09 09:00:00,449.0,449.75,448.75,449.75,765.0
2026-04-09 10:00:00,449.75,450.25,449.25,449.25,1403.0
2026-04-09 11:00:00,449.25,450.0,449.0,449.75,1207.0
2026-04-09 12:00:00,449.75,450.25,449.25,450.0,6597.0
2026-04-09 13:00:00,450.0,450.0,447.5,448.75,23649.0
2026-04-09 14:00:00,448.75,448.75,446.5,446.5,20295.0
2026-04-09 15:00:00,446.75,447.0,444.75,445.5,19040.0
2026-04-09 16:00:00,445.75,445.75,443.0,443.25,50702.0
2026-04-09 17:00:00,443.25,443.75,442.25,443.25,21679.0
2026-04-09 18:00:00,443.25,444.75,443.25,444.5,55091.0
2026-04-10 00:00:00,444.75,445.75,444.0,445.0,0.0
2026-04-10 01:00:00,445.25,445.5,444.75,445.25,1760.0
2026-04-10 02:00:00,445.25,445.25,444.25,444.5,603.0
2026-04-10 03:00:00,444.5,444.75,444.0,444.25,218.0
2026-04-10 04:00:00,444.25,444.5,444.25,444.25,267.0
2026-04-10 05:00:00,444.25,445.0,444.25,444.5,420.0
2026-04-10 06:00:00,444.5,444.75,444.0,444.5,2158.0
2026-04-10 07:00:00,444.25,445.25,444.25,444.75,1001.0
2026-04-10 08:00:00,445.0,446.25,445.0,445.0,3599.0
2026-04-10 09:00:00,445.0,445.0,443.0,443.0,2313.0
2026-04-10 10:00:00,443.0,443.5,442.5,443.0,1920.0
2026-04-10 11:00:00,443.0,444.0,443.0,443.25,4455.0
2026-04-10 12:00:00,443.25,443.75,442.5,443.0,5170.0
2026-04-10 13:00:00,443.0,443.75,439.0,439.5,32939.0
2026-04-10 14:00:00,439.25,440.25,438.0,439.75,41984.0
2026-04-10 15:00:00,440.0,443.0,439.5,442.25,30238.0
2026-04-10 16:00:00,442.25,442.5,441.25,441.75,14551.0
2026-04-10 17:00:00,441.75,443.25,441.5,441.75,20750.0
2026-04-10 18:00:00,442.0,442.0,440.25,440.75,29910.0
2026-04-13 00:00:00,446.0,446.0,444.0,445.25,6664.0
2026-04-13 01:00:00,445.0,445.5,444.0,444.25,2520.0
2026-04-13 02:00:00,444.25,444.5,444.0,444.0,312.0
2026-04-13 03:00:00,444.0,444.5,444.0,444.25,3995.0
2026-04-13 04:00:00,444.5,444.5,444.0,444.25,355.0
2026-04-13 05:00:00,444.0,444.5,443.25,443.5,707.0
2026-04-13 06:00:00,443.5,443.75,443.25,443.5,688.0
2026-04-13 07:00:00,443.25,443.75,442.75,443.25,1378.0
2026-04-13 08:00:00,443.0,444.5,442.75,444.5,2761.0
2026-04-13 09:00:00,444.25,445.0,444.0,444.5,1126.0
2026-04-13 10:00:00,444.5,445.0,444.0,444.75,1341.0
2026-04-13 11:00:00,444.75,445.5,444.25,445.0,4096.0
2026-04-13 12:00:00,445.0,445.25,443.5,443.5,4768.0
2026-04-13 13:00:00,443.5,445.25,441.75,442.25,25854.0
2026-04-13 14:00:00,442.25,444.5,441.25,443.0,39459.0
2026-04-13 15:00:00,443.0,445.5,443.0,445.5,15535.0
2026-04-13 16:00:00,445.25,445.5,443.0,443.75,29487.0
2026-04-13 17:00:00,443.5,444.5,440.25,440.25,34569.0
2026-04-13 18:00:00,440.25,441.0,440.0,441.0,36030.0
2026-04-14 00:00:00,440.5,441.5,440.25,440.5,0.0
2026-04-14 01:00:00,440.75,441.75,440.75,441.5,827.0
2026-04-14 02:00:00,441.75,442.5,441.5,442.5,2304.0
2026-04-14 03:00:00,442.25,442.75,442.25,442.5,567.0
2026-04-14 04:00:00,442.75,442.75,442.5,442.75,842.0
2026-04-14 05:00:00,442.5,442.75,442.25,442.75,264.0
2026-04-14 06:00:00,442.5,443.0,442.25,442.75,347.0
2026-04-14 07:00:00,442.75,443.0,442.0,443.0,1699.0
2026-04-14 08:00:00,443.0,443.25,442.5,442.5,1022.0
2026-04-14 09:00:00,442.5,443.0,442.0,442.25,2379.0
2026-04-14 10:00:00,442.25,443.25,442.25,442.5,1118.0
2026-04-14 11:00:00,442.75,443.5,442.0,442.5,2635.0
2026-04-14 12:00:00,442.75,444.0,442.0,443.25,9705.0
2026-04-14 13:00:00,443.0,443.5,441.75,442.5,19649.0
2026-04-14 14:00:00,442.5,446.0,442.0,445.5,57030.0
2026-04-14 15:00:00,445.5,446.0,442.5,444.0,29373.0
2026-04-14 16:00:00,444.0,444.75,442.5,442.75,11861.0
2026-04-14 17:00:00,442.75,444.75,442.5,443.5,14011.0
2026-04-14 18:00:00,443.5,443.75,442.5,443.0,36200.0
2026-04-15 00:00:00,443.0,445.0,442.75,444.75,0.0
2026-04-15 01:00:00,444.75,445.75,444.75,445.25,13025.0
2026-04-15 02:00:00,445.5,445.75,445.25,445.5,1538.0
2026-04-15 03:00:00,445.5,446.0,445.25,445.25,3097.0
2026-04-15 04:00:00,445.5,445.5,445.25,445.25,156.0
2026-04-15 05:00:00,445.5,446.25,445.5,446.25,1003.0
2026-04-15 06:00:00,446.0,446.25,445.75,446.0,549.0
2026-04-15 07:00:00,446.25,446.75,446.0,446.25,1059.0
2026-04-15 08:00:00,446.25,446.75,445.75,446.75,858.0
2026-04-15 09:00:00,446.5,447.5,446.25,447.0,1728.0
2026-04-15 10:00:00,447.0,447.0,446.25,446.5,1295.0
2026-04-15 11:00:00,446.5,447.25,445.75,445.75,3697.0
2026-04-15 12:00:00,446.0,447.25,445.75,446.75,2545.0
2026-04-15 13:00:00,446.75,450.0,446.5,447.0,25851.0
2026-04-15 14:00:00,447.0,449.25,446.75,449.0,27715.0
2026-04-15 15:00:00,449.0,450.5,448.75,450.0,42146.0
2026-04-15 16:00:00,450.25,451.25,449.75,451.25,28616.0
2026-04-15 17:00:00,451.25,452.0,450.5,451.0,34502.0
2026-04-15 18:00:00,451.0,451.75,450.0,451.75,22304.0
2026-04-16 00:00:00,451.0,452.0,450.25,451.0,0.0
2026-04-16 01:00:00,450.75,451.5,450.5,451.0,636.0
2026-04-16 02:00:00,451.0,451.5,451.0,451.25,551.0
2026-04-16 03:00:00,451.25,451.5,451.0,451.5,693.0
2026-04-16 04:00:00,451.5,451.75,451.25,451.25,644.0
2026-04-16 05:00:00,451.25,451.25,450.5,451.0,6773.0
2026-04-16 06:00:00,451.0,452.25,451.0,452.0,2026.0
2026-04-16 07:00:00,452.0,452.75,451.75,452.25,2268.0
2026-04-16 08:00:00,452.5,452.5,450.75,450.75,1151.0
2026-04-16 09:00:00,450.75,450.75,449.75,450.25,2390.0
2026-04-16 10:00:00,450.25,451.0,450.25,450.5,1059.0
2026-04-16 11:00:00,450.5,451.5,450.0,450.5,1832.0
2026-04-16 12:00:00,450.25,450.75,449.75,450.5,1510.0
2026-04-16 13:00:00,450.25,452.0,449.75,451.5,29968.0
2026-04-16 14:00:00,451.5,452.25,450.0,450.75,19194.0
2026-04-16 15:00:00,450.75,451.5,449.0,451.0,23115.0
2026-04-16 16:00:00,450.75,459.5,448.5,459.0,19041.0
2026-04-16 17:00:00,458.75,458.75,456.75,457.0,23486.0
2026-04-16 18:00:00,457.25,457.75,457.0,457.75,17964.0
2026-04-17 00:00:00,457.5,458.75,456.5,458.5,0.0
2026-04-17 01:00:00,458.75,459.0,458.25,458.75,319.0
2026-04-17 02:00:00,458.5,458.75,458.0,458.75,358.0
2026-04-17 03:00:00,458.75,459.5,458.5,458.75,2167.0
2026-04-17 04:00:00,458.75,458.75,458.25,458.25,112.0
2026-04-17 05:00:00,458.5,458.5,458.25,458.25,287.0
2026-04-17 06:00:00,458.5,458.75,458.0,458.5,398.0
2026-04-17 07:00:00,458.5,459.75,458.25,459.75,1186.0
2026-04-17 08:00:00,459.75,460.0,459.0,459.0,625.0
2026-04-17 09:00:00,459.0,459.5,458.25,458.25,2099.0
2026-04-17 10:00:00,458.5,459.5,457.75,459.25,2573.0
2026-04-17 11:00:00,459.25,459.75,458.0,458.25,1025.0
2026-04-17 12:00:00,458.25,458.75,456.75,456.75,2681.0
2026-04-17 13:00:00,455.5,456.0,452.25,453.75,32434.0
2026-04-17 14:00:00,454.0,454.5,452.75,454.5,23845.0
2026-04-17 15:00:00,454.5,456.75,454.25,455.75,25605.0
2026-04-17 16:00:00,455.75,455.75,454.5,455.5,9467.0
2026-04-17 17:00:00,455.75,457.75,455.5,456.25,14949.0
2026-04-17 18:00:00,456.5,457.75,448.75,457.5,14221.0
2026-04-20 00:00:00,449.0,451.75,449.0,451.0,8809.0
2026-04-20 01:00:00,451.0,451.5,449.75,449.75,990.0
2026-04-20 02:00:00,450.0,450.5,449.75,450.25,335.0
2026-04-20 09:00:00,457.5,458.0,457.25,458.0,9250.0
2026-04-20 10:00:00,457.75,458.5,457.0,458.5,1892.0
2026-04-20 11:00:00,458.25,458.75,456.75,457.25,2053.0
2026-04-20 12:00:00,457.25,457.5,456.0,457.0,4926.0
2026-04-20 13:00:00,456.75,458.25,455.5,458.0,24331.0
2026-04-20 14:00:00,457.75,460.25,457.0,459.75,25677.0
2026-04-20 15:00:00,459.5,461.0,458.75,461.0,22247.0
2026-04-20 16:00:00,461.0,462.25,460.5,461.25,21576.0
2026-04-20 17:00:00,461.25,461.5,459.5,460.25,19783.0
2026-04-20 18:00:00,460.0,460.5,459.5,460.0,19618.0
2026-04-21 00:00:00,460.25,460.25,459.25,459.75,0.0
2026-04-21 01:00:00,459.75,460.0,459.5,459.75,237.0
2026-04-21 02:00:00,459.5,459.75,459.25,459.25,366.0
2026-04-21 03:00:00,459.25,459.25,459.0,459.25,140.0
2026-04-21 04:00:00,459.25,459.25,459.0,459.0,229.0
2026-04-21 05:00:00,459.0,459.25,458.75,459.25,321.0
2026-04-21 06:00:00,459.25,460.25,459.25,459.75,1327.0
2026-04-21 07:00:00,459.75,460.25,459.75,460.0,7356.0
2026-04-21 08:00:00,460.25,460.25,459.5,459.75,988.0
2026-04-21 09:00:00,459.75,460.5,459.75,459.75,1003.0
2026-04-21 10:00:00,459.75,459.75,459.0,459.25,1360.0
2026-04-21 11:00:00,459.25,460.0,459.0,459.25,3215.0
2026-04-21 12:00:00,459.25,461.5,459.25,461.5,4806.0
2026-04-21 13:00:00,461.25,463.25,460.75,462.5,35784.0
2026-04-21 14:00:00,462.5,463.25,461.75,462.25,32368.0
2026-04-21 15:00:00,462.25,463.0,461.5,462.75,19724.0
2026-04-21 16:00:00,462.75,463.0,460.75,462.75,25385.0
2026-04-21 17:00:00,463.0,463.5,461.25,462.0,22928.0
2026-04-21 18:00:00,462.0,462.5,461.5,462.0,15667.0
2026-04-22 00:00:00,461.75,462.5,461.0,462.0,0.0
2026-04-22 01:00:00,462.25,463.5,462.25,463.5,3862.0
2026-04-22 02:00:00,463.5,464.0,463.5,463.75,1162.0
2026-04-22 03:00:00,463.5,464.25,463.5,463.75,722.0
2026-04-22 04:00:00,463.75,464.25,463.75,464.25,108.0
2026-04-22 05:00:00,464.25,464.25,463.25,463.5,2594.0
2026-04-22 06:00:00,463.5,464.0,463.5,463.75,775.0
2026-04-22 07:00:00,464.0,465.0,463.75,465.0,1997.0
2026-04-22 08:00:00,465.0,465.5,464.5,465.5,4249.0
2026-04-22 09:00:00,465.5,465.5,464.5,465.25,1960.0
2026-04-22 10:00:00,465.25,465.25,464.0,464.75,2950.0
2026-04-22 11:00:00,464.5,464.75,463.5,464.5,2057.0
2026-04-22 12:00:00,464.75,464.75,463.75,463.75,2234.0
2026-04-22 13:00:00,463.5,464.0,462.5,464.0,21995.0
2026-04-22 14:00:00,464.0,465.25,463.0,465.25,25003.0
2026-04-22 15:00:00,465.25,465.5,464.0,465.25,20121.0
2026-04-22 16:00:00,465.0,466.0,464.25,465.75,12890.0
2026-04-22 17:00:00,465.75,466.0,462.25,462.75,38886.0
2026-04-22 18:00:00,462.5,463.0,462.25,462.5,18134.0
2026-04-23 00:00:00,462.0,464.5,461.5,462.25,0.0
2026-04-23 01:00:00,462.5,463.0,462.0,462.0,925.0
2026-04-23 02:00:00,462.0,463.5,462.0,463.5,453.0
2026-04-23 03:00:00,463.25,463.5,462.5,462.75,414.0
2026-04-23 04:00:00,462.5,463.0,462.5,462.75,154.0
2026-04-23 05:00:00,462.5,463.0,462.25,462.75,185.0
2026-04-23 06:00:00,462.75,463.25,462.25,463.0,482.0
2026-04-23 07:00:00,463.25,464.0,462.5,463.0,3308.0
2026-04-23 08:00:00,463.0,464.0,463.0,463.5,1984.0
2026-04-23 09:00:00,463.5,464.75,463.5,464.75,1037.0
2026-04-23 10:00:00,464.75,465.25,464.25,464.5,2494.0
2026-04-23 11:00:00,464.25,464.5,462.75,463.25,6536.0
2026-04-23 12:00:00,463.25,463.25,462.0,462.25,4896.0
2026-04-23 13:00:00,462.0,463.0,461.0,462.25,16230.0
2026-04-23 14:00:00,462.25,464.25,462.0,462.5,20937.0
2026-04-23 15:00:00,462.5,465.25,462.25,464.25,17439.0
2026-04-23 16:00:00,464.0,464.25,462.0,462.75,12099.0
2026-04-23 17:00:00,462.5,465.25,462.5,463.75,32646.0
2026-04-23 18:00:00,463.75,464.5,462.5,464.5,18385.0
2026-04-24 00:00:00,464.0,464.25,463.25,464.0,0.0
2026-04-24 01:00:00,464.0,464.25,463.75,463.75,1471.0
2026-04-24 02:00:00,463.75,464.25,463.25,463.25,544.0
2026-04-24 03:00:00,463.25,463.5,463.0,463.5,355.0
2026-04-24 04:00:00,463.5,463.75,463.5,463.75,361.0
2026-04-24 05:00:00,463.75,464.0,463.5,464.0,176.0
2026-04-24 06:00:00,463.75,464.5,463.5,464.25,1513.0
2026-04-24 07:00:00,464.5,464.75,464.0,464.75,1106.0
2026-04-24 08:00:00,464.75,465.75,464.5,465.25,2781.0
2026-04-24 09:00:00,465.25,466.0,465.25,466.0,1231.0
2026-04-24 10:00:00,465.75,466.25,465.5,465.75,2652.0
2026-04-24 11:00:00,465.5,465.75,463.25,465.0,6800.0
2026-04-24 12:00:00,465.0,465.75,464.75,465.75,10924.0
2026-04-24 13:00:00,465.0,465.5,463.5,463.75,23226.0
2026-04-24 14:00:00,463.5,464.25,463.0,463.25,23970.0
2026-04-24 15:00:00,463.5,464.0,462.25,462.75,20197.0
2026-04-24 16:00:00,462.5,463.25,462.0,462.5,13647.0
2026-04-24 17:00:00,462.5,463.5,462.0,463.25,15122.0
2026-04-24 18:00:00,463.25,463.75,462.75,463.5,18537.0
2026-04-27 00:00:00,463.0,466.25,462.5,465.75,7952.0
2026-04-27 01:00:00,466.0,466.25,465.5,466.0,1817.0
2026-04-27 02:00:00,466.0,466.0,465.25,466.0,2403.0
2026-04-27 03:00:00,465.75,466.25,465.5,466.0,1166.0
2026-04-27 04:00:00,466.0,466.75,466.0,466.75,1865.0
2026-04-27 05:00:00,466.5,467.0,466.5,466.75,1639.0
2026-04-27 06:00:00,466.5,467.0,466.25,467.0,1078.0
2026-04-27 07:00:00,467.0,468.5,466.75,468.5,4020.0
2026-04-27 08:00:00,468.5,468.5,467.5,468.0,4459.0
2026-04-27 09:00:00,468.0,468.75,467.75,468.5,1964.0
2026-04-27 10:00:00,468.75,468.75,467.5,468.0,3243.0
2026-04-27 11:00:00,467.75,468.25,467.0,467.75,3696.0
2026-04-27 12:00:00,467.5,468.0,466.0,466.5,5914.0
2026-04-27 13:00:00,466.0,467.25,465.25,465.5,30384.0
2026-04-27 14:00:00,465.5,467.25,465.5,467.25,30611.0
2026-04-27 15:00:00,467.0,469.25,466.75,468.75,54537.0
2026-04-27 16:00:00,468.75,469.75,467.75,469.25,40396.0
2026-04-27 17:00:00,469.0,469.5,468.25,469.25,27178.0
2026-04-27 18:00:00,469.0,469.75,469.0,469.5,28613.0
2026-04-28 00:00:00,469.0,470.25,468.75,470.25,0.0
2026-04-28 01:00:00,470.25,470.25,469.25,469.5,1354.0
2026-04-28 02:00:00,469.25,469.25,468.75,469.0,475.0
2026-04-28 03:00:00,469.0,469.5,469.0,469.25,1154.0
2026-04-28 04:00:00,469.5,469.75,469.5,469.5,292.0
2026-04-28 05:00:00,469.5,470.0,469.25,470.0,491.0
2026-04-28 06:00:00,469.75,471.0,469.75,470.5,1715.0
2026-04-28 07:00:00,470.5,472.5,470.25,472.5,5645.0
2026-04-28 08:00:00,472.5,472.5,471.5,472.5,2691.0
2026-04-28 09:00:00,472.25,473.0,472.0,472.5,38137.0
2026-04-28 10:00:00,472.25,473.5,472.0,473.25,5075.0
2026-04-28 11:00:00,473.25,474.0,472.25,472.5,8262.0
2026-04-28 12:00:00,472.75,473.25,471.5,473.0,11104.0
2026-04-28 13:00:00,472.5,473.5,470.5,472.0,43966.0
2026-04-28 14:00:00,471.75,474.5,471.75,472.5,58968.0
2026-04-28 15:00:00,472.75,474.75,472.25,474.25,31211.0
2026-04-28 16:00:00,474.5,474.5,472.75,473.0,28274.0
2026-04-28 17:00:00,473.0,475.5,472.25,475.0,33238.0
2026-04-28 18:00:00,475.25,476.0,474.75,475.5,30945.0
2026-04-29 00:00:00,474.75,476.0,474.0,475.75,0.0
2026-04-29 01:00:00,475.75,476.25,475.75,476.25,2666.0
2026-04-29 02:00:00,476.25,476.5,475.25,475.75,3881.0
2026-04-29 03:00:00,475.5,475.75,475.5,475.5,891.0
2026-04-29 04:00:00,475.5,475.75,475.5,475.75,532.0
2026-04-29 05:00:00,475.75,476.0,475.25,476.0,1552.0
2026-04-29 06:00:00,475.75,476.25,475.5,475.75,2442.0
2026-04-29 07:00:00,475.75,476.5,475.5,476.5,1734.0
2026-04-29 08:00:00,476.25,477.5,476.25,476.75,7686.0
2026-04-29 09:00:00,476.75,477.5,476.5,477.0,2957.0
2026-04-29 10:00:00,477.25,477.25,476.25,476.5,3826.0
2026-04-29 11:00:00,476.5,477.75,476.5,477.75,5375.0
2026-04-29 12:00:00,477.5,478.25,476.75,476.75,8309.0
2026-04-29 13:00:00,476.5,479.0,476.5,477.25,65477.0
2026-04-29 14:00:00,477.25,477.75,474.25,476.75,50132.0
2026-04-29 15:00:00,476.75,478.0,476.5,477.25,34450.0
2026-04-29 16:00:00,477.25,477.5,475.75,477.0,31980.0
2026-04-29 17:00:00,477.0,478.5,476.25,477.25,32549.0
2026-04-29 18:00:00,477.5,478.0,477.0,478.0,28922.0
2026-04-30 00:00:00,477.0,478.0,475.5,477.75,0.0
2026-04-30 01:00:00,478.0,478.25,477.25,477.5,2132.0
2026-04-30 02:00:00,477.25,478.75,477.25,478.25,600.0
2026-04-30 03:00:00,478.5,479.25,478.25,479.25,1020.0
2026-04-30 04:00:00,479.0,480.0,479.0,479.75,2741.0
2026-04-30 05:00:00,479.5,479.75,478.25,478.75,3266.0
2026-04-30 06:00:00,478.5,478.75,477.0,477.75,3099.0
2026-04-30 07:00:00,477.75,478.25,477.25,477.5,3191.0
2026-04-30 08:00:00,477.75,478.5,477.25,478.25,1973.0
2026-04-30 09:00:00,478.5,479.25,475.25,475.75,6139.0
2026-04-30 10:00:00,475.75,476.0,474.5,475.75,5530.0
2026-04-30 11:00:00,475.75,475.75,474.0,475.5,6977.0
2026-04-30 12:00:00,475.25,476.25,475.0,475.75,2340.0
2026-04-30 13:00:00,475.0,475.5,472.5,473.5,29516.0
2026-04-30 14:00:00,473.25,474.0,471.25,472.0,29278.0
2026-04-30 15:00:00,472.0,473.5,471.75,473.25,17408.0
2026-04-30 16:00:00,473.5,475.25,473.25,474.25,16512.0
2026-04-30 17:00:00,474.25,475.25,473.75,474.25,22980.0
2026-04-30 18:00:00,474.5,475.0,474.25,474.75,25023.0
2026-05-01 00:00:00,473.75,476.0,472.75,476.0,0.0
2026-05-01 01:00:00,476.0,477.5,476.0,476.75,2601.0
2026-05-01 02:00:00,477.0,477.75,476.75,477.25,786.0
2026-05-01 03:00:00,477.5,478.0,477.25,477.75,420.0
2026-05-01 04:00:00,477.5,477.75,477.25,477.25,435.0
2026-05-01 05:00:00,477.25,477.5,477.0,477.0,257.0
2026-05-01 06:00:00,477.25,477.75,477.25,477.75,1401.0
2026-05-01 07:00:00,477.75,478.0,476.75,477.5,2314.0
2026-05-01 08:00:00,477.75,477.75,476.25,476.5,3103.0
2026-05-01 09:00:00,476.5,477.0,476.0,476.25,1817.0
2026-05-01 10:00:00,476.5,477.5,476.5,477.0,1004.0
2026-05-01 11:00:00,477.0,477.75,476.75,477.25,3790.0
2026-05-01 12:00:00,477.5,478.5,476.25,478.5,10088.0
2026-05-01 13:00:00,478.0,478.25,475.75,476.25,28179.0
2026-05-01 14:00:00,476.5,479.5,475.75,479.5,25087.0
2026-05-01 15:00:00,479.5,480.0,478.5,479.25,24879.0
2026-05-01 16:00:00,479.5,482.5,479.0,481.75,32341.0
2026-05-01 17:00:00,481.75,483.5,480.75,481.0,41336.0
2026-05-01 18:00:00,481.0,481.0,479.25,480.25,28336.0
2026-05-04 00:00:00,479.0,481.5,477.75,479.0,5658.0
2026-05-04 01:00:00,479.0,480.0,479.0,479.5,2986.0
2026-05-04 02:00:00,479.5,480.25,479.5,479.75,783.0
2026-05-04 03:00:00,479.75,480.0,478.75,478.75,3028.0
2026-05-04 04:00:00,478.75,478.75,478.25,478.5,447.0
2026-05-04 05:00:00,478.5,478.75,477.25,478.0,1154.0
2026-05-04 06:00:00,478.0,478.75,477.5,478.5,711.0
2026-05-04 07:00:00,478.5,481.0,478.5,480.75,4328.0
2026-05-04 08:00:00,481.0,481.75,480.25,480.5,2656.0
2026-05-04 09:00:00,480.5,481.0,480.0,480.0,1029.0
2026-05-04 10:00:00,480.25,483.25,479.75,480.5,12854.0
2026-05-04 11:00:00,480.5,481.25,479.75,480.5,4522.0
2026-05-04 12:00:00,480.5,480.5,478.0,478.25,5524.0
2026-05-04 13:00:00,478.25,479.25,477.75,478.0,16667.0
2026-05-04 14:00:00,478.0,482.5,477.75,482.25,31371.0
2026-05-04 15:00:00,482.25,485.75,482.25,484.0,38254.0
2026-05-04 16:00:00,484.0,486.0,482.5,485.5,25752.0
2026-05-04 17:00:00,485.25,486.0,484.75,485.5,15577.0
2026-05-04 18:00:00,485.5,486.25,485.25,485.5,20373.0
2026-05-05 00:00:00,485.0,486.0,484.75,485.75,0.0
2026-05-05 01:00:00,485.75,486.25,485.5,486.0,1881.0
2026-05-05 02:00:00,486.0,486.0,485.5,485.75,747.0
2026-05-05 03:00:00,485.75,486.0,485.5,486.0,68.0
2026-05-05 04:00:00,486.0,486.0,485.75,486.0,214.0
2026-05-05 05:00:00,486.0,486.25,485.75,486.0,928.0
2026-05-05 06:00:00,486.0,487.0,485.75,487.0,4916.0
2026-05-05 07:00:00,487.0,487.5,483.5,486.0,6780.0
2026-05-05 08:00:00,485.75,486.0,484.25,484.75,1873.0
2026-05-05 09:00:00,484.75,485.0,483.75,484.0,3149.0
2026-05-05 10:00:00,483.75,484.75,483.5,484.0,1837.0
2026-05-05 11:00:00,483.75,485.0,483.0,483.0,4301.0
2026-05-05 12:00:00,483.0,483.5,481.75,482.5,6421.0
2026-05-05 13:00:00,482.25,483.0,480.75,481.0,22279.0
2026-05-05 14:00:00,481.0,483.0,480.0,480.0,30136.0
2026-05-05 15:00:00,480.25,480.25,477.5,478.5,28113.0
2026-05-05 16:00:00,478.25,479.0,477.25,478.75,16724.0
2026-05-05 17:00:00,479.0,480.25,478.75,479.5,19924.0
2026-05-05 18:00:00,479.25,480.25,479.25,479.75,26083.0
2026-05-06 00:00:00,478.25,479.5,477.75,478.75,0.0
2026-05-06 01:00:00,478.5,479.0,477.25,478.0,2190.0
2026-05-06 02:00:00,478.0,478.5,478.0,478.25,1242.0
2026-05-06 03:00:00,478.25,478.25,477.25,477.5,456.0
2026-05-06 04:00:00,477.5,477.75,477.25,477.5,238.0
2026-05-06 05:00:00,477.25,478.0,477.25,477.75,733.0
2026-05-06 06:00:00,477.75,477.75,476.0,476.25,3341.0
2026-05-06 07:00:00,476.5,477.0,474.75,475.0,3646.0
2026-05-06 08:00:00,474.75,475.75,472.25,472.5,7766.0
2026-05-06 09:00:00,472.5,473.0,470.5,471.25,14039.0
2026-05-06 10:00:00,471.0,471.25,467.5,469.25,18491.0
2026-05-06 11:00:00,469.25,470.5,468.0,470.0,14371.0
2026-05-06 12:00:00,470.0,473.5,469.75,473.25,15026.0
2026-05-06 13:00:00,473.25,475.0,470.5,471.0,29649.0
2026-05-06 14:00:00,471.0,472.75,469.25,469.5,30728.0
2026-05-06 15:00:00,469.75,470.25,468.5,469.0,28799.0
2026-05-06 16:00:00,469.25,470.75,468.75,470.0,17897.0
2026-05-06 17:00:00,470.25,471.0,469.5,469.75,20990.0
2026-05-06 18:00:00,469.75,469.75,467.75,468.0,29923.0
2026-05-07 00:00:00,468.25,469.75,466.5,469.5,0.0
2026-05-07 01:00:00,469.5,469.75,466.75,466.75,1971.0
2026-05-07 02:00:00,466.75,467.0,464.25,464.5,8583.0
2026-05-07 03:00:00,464.5,465.5,464.5,465.5,920.0
2026-05-07 04:00:00,465.5,465.75,465.25,465.5,757.0
2026-05-07 05:00:00,465.75,466.0,465.5,465.75,459.0
2026-05-07 06:00:00,465.5,466.0,464.5,464.5,2289.0
2026-05-07 07:00:00,464.5,465.75,463.75,465.75,5128.0
2026-05-07 08:00:00,465.5,466.75,465.5,466.0,2700.0
2026-05-07 09:00:00,466.0,467.5,465.75,467.5,1846.0
2026-05-07 10:00:00,467.25,468.25,466.75,467.75,3940.0
2026-05-07 11:00:00,467.5,467.5,464.25,464.5,6409.0
2026-05-07 12:00:00,464.5,465.25,462.5,462.75,10057.0
2026-05-07 13:00:00,463.0,464.0,461.5,462.0,30062.0
2026-05-07 14:00:00,461.75,464.5,461.0,463.25,34216.0
2026-05-07 15:00:00,463.5,468.5,462.25,464.5,27818.0
2026-05-07 16:00:00,464.5,468.0,464.0,467.0,24856.0
2026-05-07 17:00:00,466.75,468.0,464.25,465.25,29647.0
2026-05-07 18:00:00,465.25,467.75,465.25,467.25,23882.0
2026-05-08 00:00:00,466.75,468.25,466.5,467.75,0.0
2026-05-08 01:00:00,467.75,467.75,466.75,467.25,1004.0
2026-05-08 02:00:00,467.5,468.25,467.25,467.25,1430.0
2026-05-08 03:00:00,467.25,467.5,467.0,467.25,239.0
2026-05-08 04:00:00,467.25,468.0,467.0,467.5,539.0
2026-05-08 05:00:00,467.5,467.75,467.25,467.25,640.0
2026-05-08 06:00:00,467.25,467.5,465.75,466.25,1180.0
2026-05-08 07:00:00,466.25,467.5,466.0,467.0,1517.0
2026-05-08 08:00:00,467.0,468.25,466.75,468.0,1962.0
2026-05-08 09:00:00,467.75,468.25,466.75,467.75,3588.0
2026-05-08 10:00:00,467.75,467.75,465.75,466.75,2880.0
2026-05-08 11:00:00,467.0,467.0,465.75,466.5,1275.0
2026-05-08 12:00:00,466.5,466.75,465.5,466.75,3637.0
2026-05-08 13:00:00,466.75,468.25,465.25,467.25,19782.0
2026-05-08 14:00:00,467.25,467.25,465.25,466.0,21629.0
2026-05-08 15:00:00,466.0,470.75,465.75,470.5,17484.0
2026-05-08 16:00:00,470.5,472.75,470.5,472.0,17925.0
2026-05-08 17:00:00,472.0,473.0,471.25,471.75,21081.0
2026-05-08 18:00:00,471.75,472.0,470.5,471.25,20110.0
2026-05-11 00:00:00,471.0,474.75,470.75,474.0,4447.0
2026-05-11 01:00:00,474.0,475.0,473.5,474.75,1454.0
2026-05-11 02:00:00,475.0,475.75,474.5,475.5,1901.0
2026-05-11 03:00:00,475.5,476.0,474.5,475.0,2590.0
2026-05-11 04:00:00,475.0,475.25,474.25,474.75,814.0
2026-05-11 05:00:00,474.5,474.75,474.5,474.75,543.0
2026-05-11 06:00:00,474.75,475.0,473.25,473.75,4700.0
2026-05-11 07:00:00,473.5,473.75,472.75,472.75,2032.0
2026-05-11 08:00:00,473.0,473.5,472.5,472.5,1975.0
2026-05-11 09:00:00,472.75,474.0,472.5,473.75,1693.0
2026-05-11 10:00:00,474.0,475.25,473.75,474.5,5358.0
2026-05-11 11:00:00,474.25,475.25,473.75,474.0,1934.0
2026-05-11 12:00:00,474.25,474.75,473.75,474.5,2585.0
2026-05-11 13:00:00,474.5,474.5,471.5,473.25,14669.0
2026-05-11 14:00:00,473.0,474.75,472.75,473.25,21372.0
2026-05-11 15:00:00,473.0,475.25,473.0,474.75,16829.0
2026-05-11 16:00:00,474.5,476.25,474.5,475.75,10668.0
2026-05-11 17:00:00,475.75,475.75,474.0,475.25,10506.0
2026-05-11 18:00:00,475.25,476.0,474.5,474.5,16470.0
2026-05-12 00:00:00,475.0,475.5,473.75,475.25,0.0
2026-05-12 01:00:00,475.25,475.5,475.0,475.5,334.0
2026-05-12 02:00:00,475.5,475.5,475.25,475.25,317.0
2026-05-12 03:00:00,475.25,475.5,474.75,474.75,675.0
2026-05-12 04:00:00,474.75,475.0,474.5,475.0,122.0
2026-05-12 05:00:00,475.0,475.25,474.25,474.75,702.0
2026-05-12 06:00:00,474.75,475.75,474.5,475.75,900.0
2026-05-12 07:00:00,475.75,475.75,474.25,474.5,1485.0
2026-05-12 08:00:00,474.75,475.25,474.0,474.5,1696.0
2026-05-12 09:00:00,474.25,475.25,474.0,475.25,3552.0
2026-05-12 10:00:00,475.0,476.5,475.0,475.5,1944.0
2026-05-12 11:00:00,475.5,479.0,475.5,478.5,18825.0
2026-05-12 12:00:00,478.5,479.5,477.75,479.5,5533.0
2026-05-12 13:00:00,479.5,480.0,478.0,479.25,27868.0
2026-05-12 14:00:00,479.25,480.0,477.5,478.5,36667.0
2026-05-12 15:00:00,478.5,479.75,476.0,477.0,28583.0
2026-05-12 16:00:00,477.5,481.0,472.75,477.75,82174.0
2026-05-12 17:00:00,478.0,481.75,476.75,479.5,39249.0
2026-05-12 18:00:00,479.75,480.5,478.75,478.75,19044.0
2026-05-13 00:00:00,478.25,481.0,478.0,481.0,0.0
2026-05-13 01:00:00,480.75,481.5,480.5,481.5,1545.0
2026-05-13 02:00:00,481.5,481.75,480.0,480.0,448.0
2026-05-13 03:00:00,480.0,480.25,479.5,479.5,505.0
2026-05-13 04:00:00,479.5,479.5,478.75,478.75,755.0
2026-05-13 05:00:00,478.75,479.25,477.5,478.0,719.0
2026-05-13 06:00:00,478.0,479.25,477.75,479.0,539.0
2026-05-13 07:00:00,479.0,480.25,478.25,479.0,2348.0
2026-05-13 08:00:00,478.75,480.25,478.0,479.75,3107.0
2026-05-13 09:00:00,480.0,481.5,479.75,481.0,2499.0
2026-05-13 10:00:00,481.25,482.0,480.5,481.0,2209.0
2026-05-13 11:00:00,481.0,481.75,480.25,480.5,1918.0
2026-05-13 12:00:00,480.5,480.5,478.75,479.25,7762.0
2026-05-13 13:00:00,479.25,482.0,479.0,481.5,14188.0
2026-05-13 14:00:00,481.75,483.75,481.75,483.25,16109.0
2026-05-13 15:00:00,483.5,484.5,480.0,481.5,27670.0
2026-05-13 16:00:00,481.5,483.0,479.25,481.25,21657.0
2026-05-13 17:00:00,481.25,483.0,481.25,482.5,8594.0
2026-05-13 18:00:00,482.25,482.25,480.25,480.5,19438.0
2026-05-14 00:00:00,479.25,481.5,478.5,481.5,0.0
2026-05-14 01:00:00,481.5,482.0,481.25,481.25,948.0
2026-05-14 02:00:00,481.25,482.25,481.25,482.0,2112.0
2026-05-14 03:00:00,482.25,482.5,481.25,482.0,1176.0
2026-05-14 04:00:00,481.75,482.25,481.75,482.25,187.0
2026-05-14 05:00:00,482.5,482.75,482.25,482.75,506.0
2026-05-14 06:00:00,482.75,483.5,477.5,478.0,8832.0
2026-05-14 07:00:00,478.25,479.25,478.0,478.5,3612.0
2026-05-14 08:00:00,478.5,481.5,478.25,479.0,8730.0
2026-05-14 09:00:00,479.0,479.75,478.0,478.5,2911.0
2026-05-14 10:00:00,478.5,479.25,474.25,478.0,11171.0
2026-05-14 11:00:00,478.0,478.75,475.5,476.0,12477.0
2026-05-14 12:00:00,475.75,476.0,472.5,472.75,14604.0
2026-05-14 13:00:00,473.0,473.25,469.25,470.0,43719.0
2026-05-14 14:00:00,470.0,470.0,467.25,467.25,32831.0
2026-05-14 15:00:00,467.25,469.25,465.75,468.25,41340.0
2026-05-14 16:00:00,468.5,468.5,465.5,465.5,21387.0
2026-05-14 17:00:00,465.75,468.0,465.25,467.5,27909.0
2026-05-14 18:00:00,467.75,468.5,467.25,467.75,19796.0
2026-05-15 00:00:00,468.25,470.75,468.25,470.0,0.0
2026-05-15 01:00:00,470.25,473.75,469.5,472.25,13272.0
2026-05-15 02:00:00,472.25,472.5,470.0,470.5,2887.0
2026-05-15 03:00:00,470.25,471.5,469.25,471.5,3052.0
2026-05-15 04:00:00,471.25,471.5,470.5,470.75,2357.0
2026-05-15 05:00:00,470.75,471.5,469.5,469.75,2996.0
2026-05-15 06:00:00,469.5,469.75,468.0,468.0,3203.0
2026-05-15 07:00:00,468.0,468.75,467.75,468.5,3137.0
2026-05-15 08:00:00,468.25,470.25,467.75,469.75,3339.0
2026-05-15 09:00:00,469.5,469.75,466.5,466.5,5934.0
2026-05-15 10:00:00,466.75,468.0,465.0,465.5,13603.0
2026-05-15 11:00:00,465.25,465.5,462.75,463.75,11114.0
2026-05-15 12:00:00,464.0,464.0,461.75,461.75,8055.0
2026-05-15 13:00:00,462.25,463.25,459.25,459.75,51495.0
2026-05-15 14:00:00,459.75,460.5,456.5,457.75,44784.0
2026-05-15 15:00:00,457.75,458.25,455.75,456.5,28844.0
2026-05-15 16:00:00,456.5,457.0,455.5,456.25,20680.0
2026-05-15 17:00:00,456.25,457.75,456.0,456.75,23175.0
2026-05-15 18:00:00,456.5,456.75,455.0,455.75,29938.0
2026-05-18 00:00:00,469.0,473.25,464.0,466.0,26107.0
2026-05-18 01:00:00,466.0,467.25,464.25,465.0,3946.0
2026-05-18 02:00:00,465.0,466.0,464.75,466.0,2669.0
2026-05-18 03:00:00,466.0,468.0,466.0,467.5,3636.0
2026-05-18 04:00:00,467.5,468.75,467.25,468.25,2280.0
2026-05-18 05:00:00,468.25,468.25,466.75,467.5,1407.0
2026-05-18 06:00:00,467.5,467.75,466.75,467.25,1210.0
2026-05-18 07:00:00,467.0,469.75,465.75,469.25,14539.0
2026-05-18 08:00:00,469.0,470.25,468.75,469.75,5050.0
2026-05-18 09:00:00,469.5,470.5,469.25,469.5,8927.0
2026-05-18 10:00:00,469.5,470.5,468.75,470.25,2907.0
2026-05-18 11:00:00,470.5,471.5,468.25,470.0,18030.0
2026-05-18 12:00:00,470.25,472.25,468.75,469.5,18664.0
2026-05-18 13:00:00,469.0,472.25,468.75,471.25,53550.0
2026-05-18 14:00:00,471.25,475.0,471.0,474.5,44796.0
2026-05-18 15:00:00,474.25,476.25,474.0,476.25,31048.0
2026-05-18 16:00:00,476.0,477.25,475.5,476.0,30996.0
2026-05-18 17:00:00,476.0,476.75,474.75,476.0,28815.0
2026-05-18 18:00:00,476.0,478.0,476.0,477.25,0.0
2026-05-19 00:00:00,476.75,477.5,475.0,476.0,16998.0
2026-05-19 01:00:00,476.0,479.5,476.0,479.0,3978.0
2026-05-19 02:00:00,478.75,479.0,478.25,478.75,848.0
2026-05-19 03:00:00,478.75,479.0,478.5,478.75,438.0
2026-05-19 04:00:00,478.5,479.0,478.25,478.5,218.0
2026-05-19 05:00:00,478.5,479.5,478.5,479.25,926.0
2026-05-19 06:00:00,479.25,481.75,479.0,481.0,7049.0
2026-05-19 07:00:00,481.0,481.75,479.75,480.25,4437.0
2026-05-19 08:00:00,480.0,480.5,476.75,478.25,6792.0
2026-05-19 09:00:00,478.0,479.75,477.75,478.75,4903.0
2026-05-19 10:00:00,479.0,479.25,477.5,478.75,2748.0
2026-05-19 11:00:00,478.75,480.25,478.25,478.75,3572.0
2026-05-19 12:00:00,479.0,479.0,476.0,476.25,4741.0
2026-05-19 13:00:00,476.0,478.0,475.0,477.0,33506.0
2026-05-19 14:00:00,477.0,478.75,474.5,475.75,35071.0
2026-05-19 15:00:00,475.75,476.75,474.75,475.25,17114.0
2026-05-19 16:00:00,475.0,476.25,474.0,475.75,17407.0
2026-05-19 17:00:00,475.75,476.25,472.0,472.75,25948.0
2026-05-19 18:00:00,472.5,475.5,472.5,475.25,21846.0
2026-05-20 00:00:00,475.75,477.0,473.75,474.25,0.0
2026-05-20 01:00:00,474.25,474.5,472.25,472.5,1895.0
2026-05-20 02:00:00,472.5,473.5,472.25,472.75,694.0
2026-05-20 03:00:00,472.75,473.25,472.5,472.5,824.0
2026-05-20 04:00:00,472.25,474.0,472.0,473.75,2667.0
2026-05-20 05:00:00,473.75,475.0,473.5,474.5,565.0
2026-05-20 06:00:00,474.5,474.75,473.0,473.0,1250.0
2026-05-20 07:00:00,473.0,473.25,471.25,472.75,4490.0
2026-05-20 08:00:00,472.75,473.0,471.0,471.5,2994.0
2026-05-20 09:00:00,471.75,473.5,471.0,473.5,2424.0
2026-05-20 10:00:00,473.75,474.25,471.5,472.25,2048.0
2026-05-20 11:00:00,472.25,473.0,471.25,471.5,9095.0
2026-05-20 12:00:00,471.25,471.5,469.5,469.75,10006.0
2026-05-20 13:00:00,469.75,471.25,469.0,469.75,24239.0
2026-05-20 14:00:00,469.5,470.0,464.5,465.0,48041.0
2026-05-20 15:00:00,465.0,466.25,462.75,463.75,40857.0
2026-05-20 16:00:00,463.75,465.75,462.75,464.75,27557.0
2026-05-20 17:00:00,465.0,465.0,463.5,463.75,16455.0
2026-05-20 18:00:00,463.75,466.5,463.75,465.75,25393.0
2026-05-21 00:00:00,465.0,466.5,463.25,464.0,0.0
2026-05-21 01:00:00,463.75,464.75,463.75,464.0,2001.0
2026-05-21 02:00:00,464.0,464.5,463.25,463.75,951.0
2026-05-21 03:00:00,463.75,463.75,463.0,463.25,516.0
2026-05-21 04:00:00,463.25,463.5,462.75,462.75,516.0
2026-05-21 05:00:00,462.75,463.0,462.25,462.5,1049.0
2026-05-21 06:00:00,462.5,463.25,461.5,462.75,2981.0
2026-05-21 07:00:00,462.75,463.75,462.25,463.25,2193.0
2026-05-21 08:00:00,463.0,463.5,461.75,462.25,3953.0
2026-05-21 09:00:00,462.0,462.0,460.25,460.75,4844.0
2026-05-21 10:00:00,460.5,465.0,460.0,464.75,12926.0
2026-05-21 11:00:00,464.75,465.0,463.5,464.0,2366.0
2026-05-21 12:00:00,463.75,465.75,463.5,465.0,5272.0
2026-05-21 13:00:00,465.25,467.25,463.5,465.5,31688.0
2026-05-21 14:00:00,465.5,467.75,464.75,467.25,22823.0
2026-05-21 15:00:00,467.5,469.25,466.75,467.5,23735.0
2026-05-21 16:00:00,467.25,467.5,465.25,466.5,15726.0
2026-05-21 17:00:00,466.25,466.75,461.0,461.25,28552.0
2026-05-21 18:00:00,461.0,462.75,461.0,462.75,28693.0
2026-05-22 00:00:00,462.5,464.75,461.0,461.25,0.0
2026-05-22 01:00:00,461.5,462.0,461.0,461.0,1747.0
2026-05-22 02:00:00,461.25,461.5,461.0,461.0,375.0
2026-05-22 03:00:00,461.25,461.5,461.0,461.25,325.0
2026-05-22 04:00:00,461.5,461.75,461.0,461.5,1223.0
2026-05-22 05:00:00,461.75,462.25,461.25,462.25,261.0
2026-05-22 06:00:00,462.25,462.75,461.25,462.25,1583.0
2026-05-22 07:00:00,462.25,464.5,462.0,464.0,5978.0
2026-05-22 08:00:00,464.0,465.25,464.0,464.75,1892.0
2026-05-22 09:00:00,465.0,465.5,464.5,465.25,2345.0
2026-05-22 10:00:00,465.0,465.25,463.75,464.5,2778.0
2026-05-22 11:00:00,464.5,465.0,463.75,464.25,1688.0
2026-05-22 12:00:00,464.25,464.75,461.75,463.0,5721.0
2026-05-22 13:00:00,463.25,467.0,462.0,466.0,25054.0
2026-05-22 14:00:00,466.0,467.75,464.25,466.0,22291.0
2026-05-22 15:00:00,466.0,467.0,464.0,465.0,13724.0
2026-05-22 16:00:00,465.0,465.25,462.5,463.0,16810.0
2026-05-22 17:00:00,463.0,463.5,462.0,462.75,17198.0
2026-05-22 18:00:00,462.75,463.75,462.5,463.25,22297.0
2026-05-26 04:00:00,458.0,459.25,458.0,459.0,872.0
2026-05-26 05:00:00,459.25,459.75,459.0,459.25,915.0
2026-05-26 06:00:00,459.25,459.75,458.75,459.75,2785.0
2026-05-26 07:00:00,459.5,462.25,459.0,461.5,4735.0
2026-05-26 08:00:00,461.5,463.0,461.25,462.0,3499.0
2026-05-26 09:00:00,462.0,462.25,460.25,460.75,6871.0
2026-05-26 10:00:00,460.5,460.75,457.5,457.75,8590.0
2026-05-26 11:00:00,457.75,459.25,457.25,458.25,3462.0
2026-05-26 12:00:00,458.25,460.25,458.0,460.0,3759.0
2026-05-26 13:00:00,460.0,461.0,458.5,460.25,22587.0
2026-05-26 14:00:00,460.0,460.5,457.0,459.0,31174.0
2026-05-26 15:00:00,459.0,460.0,458.0,458.0,18308.0
2026-05-26 16:00:00,458.0,458.75,456.75,458.0,17658.0
2026-05-26 17:00:00,458.0,458.25,456.5,457.75,12761.0
2026-05-26 18:00:00,457.5,458.0,457.25,458.0,20742.0
2026-05-27 00:00:00,458.5,459.75,458.25,459.5,0.0
2026-05-27 01:00:00,459.5,459.75,458.0,458.5,2319.0
2026-05-27 02:00:00,458.25,458.5,457.25,457.25,2346.0
2026-05-27 03:00:00,457.5,457.5,456.75,457.0,1234.0
2026-05-27 04:00:00,456.75,457.0,456.5,456.5,374.0
2026-05-27 05:00:00,456.5,457.0,456.5,456.75,229.0
2026-05-27 06:00:00,456.5,456.75,454.5,455.25,6233.0
2026-05-27 07:00:00,455.0,455.75,454.75,455.25,1251.0
2026-05-27 08:00:00,455.25,455.75,454.5,454.5,1873.0
2026-05-27 09:00:00,454.75,455.75,454.5,455.0,2015.0
2026-05-27 10:00:00,455.0,457.0,455.0,456.25,2703.0
2026-05-27 11:00:00,456.25,456.25,455.5,455.75,1666.0
2026-05-27 12:00:00,455.5,456.25,452.75,454.75,9088.0
2026-05-27 13:00:00,454.75,456.0,453.0,455.75,21164.0
2026-05-27 14:00:00,455.75,457.75,455.25,456.25,21339.0
2026-05-27 15:00:00,456.25,456.75,454.25,455.25,14872.0
2026-05-27 16:00:00,455.0,455.75,453.25,453.5,15398.0
2026-05-27 17:00:00,453.75,454.0,451.75,451.75,21963.0
2026-05-27 18:00:00,451.75,453.0,451.75,452.0,19512.0
2026-05-28 00:00:00,452.25,454.0,452.0,452.5,0.0
2026-05-28 01:00:00,452.5,452.75,451.5,452.0,1563.0
2026-05-28 02:00:00,452.0,453.0,451.75,452.75,1878.0
2026-05-28 03:00:00,452.75,453.75,452.5,453.5,1844.0
2026-05-28 04:00:00,453.5,454.5,453.25,453.75,1408.0
2026-05-28 05:00:00,453.75,454.25,453.25,453.75,659.0
2026-05-28 06:00:00,453.75,455.0,453.5,454.75,3052.0
2026-05-28 07:00:00,454.5,456.75,454.0,456.25,15168.0
2026-05-28 08:00:00,456.25,456.5,455.0,455.5,3083.0
2026-05-28 09:00:00,455.5,455.75,454.5,455.75,2649.0
2026-05-28 10:00:00,455.75,457.5,455.5,457.0,4382.0
2026-05-28 11:00:00,457.0,458.0,456.5,457.5,3576.0
2026-05-28 12:00:00,457.5,458.25,455.25,455.75,6230.0
2026-05-28 13:00:00,456.0,457.0,454.5,455.5,26124.0
2026-05-28 14:00:00,455.25,456.0,451.75,453.5,40749.0
2026-05-28 15:00:00,453.5,455.75,453.0,454.75,18392.0
2026-05-28 16:00:00,454.75,457.0,454.25,454.5,29245.0
2026-05-28 17:00:00,454.25,456.25,453.75,456.0,23417.0
2026-05-28 18:00:00,456.25,457.5,455.5,456.25,23571.0
2026-05-29 00:00:00,457.75,459.0,455.0,455.0,0.0
2026-05-29 01:00:00,455.25,455.75,454.25,455.0,1431.0
2026-05-29 02:00:00,455.0,455.5,454.5,455.25,3279.0
2026-05-29 03:00:00,455.5,456.0,455.0,455.75,593.0
2026-05-29 04:00:00,455.25,455.5,454.75,455.5,2085.0
2026-05-29 05:00:00,455.5,455.5,455.25,455.5,243.0
2026-05-29 06:00:00,455.25,455.75,454.0,454.25,1162.0
2026-05-29 07:00:00,454.0,455.25,453.5,454.75,2282.0
2026-05-29 08:00:00,455.0,455.25,454.0,454.25,1405.0
2026-05-29 09:00:00,454.0,454.25,453.0,453.5,2137.0
2026-05-29 10:00:00,453.5,454.75,453.25,454.25,2406.0
2026-05-29 11:00:00,454.25,454.5,453.0,453.0,4128.0
2026-05-29 12:00:00,453.0,453.75,452.5,453.0,3064.0
2026-05-29 13:00:00,453.0,453.25,450.0,450.25,24679.0
2026-05-29 14:00:00,450.5,451.25,448.0,449.5,50765.0
2026-05-29 15:00:00,449.5,449.5,447.5,448.75,28695.0
2026-05-29 16:00:00,449.0,449.0,446.75,446.75,23952.0
2026-05-29 17:00:00,446.75,447.75,445.0,447.25,42971.0
2026-05-29 18:00:00,447.5,447.75,446.25,446.75,25524.0
2026-06-01 00:00:00,446.0,447.75,444.5,447.5,5314.0
2026-06-01 01:00:00,447.5,448.0,447.25,447.5,2501.0
2026-06-01 02:00:00,447.25,448.0,447.25,447.5,882.0
2026-06-01 03:00:00,447.5,448.0,447.25,448.0,498.0
2026-06-01 04:00:00,448.0,448.0,447.25,447.5,125.0
2026-06-01 05:00:00,447.5,448.25,447.25,448.0,251.0
2026-06-01 06:00:00,448.0,448.5,448.0,448.25,754.0
2026-06-01 07:00:00,448.0,448.25,447.25,447.75,1148.0
2026-06-01 08:00:00,447.5,447.5,446.25,446.25,2154.0
2026-06-01 09:00:00,446.25,446.75,446.0,446.0,1944.0
2026-06-01 10:00:00,446.0,446.5,445.5,445.75,2140.0
2026-06-01 11:00:00,445.75,446.5,445.5,446.25,2998.0
2026-06-01 12:00:00,446.0,447.25,445.5,445.75,3931.0
2026-06-01 13:00:00,446.25,449.25,442.5,444.25,45853.0
2026-06-01 14:00:00,444.25,444.75,441.75,442.5,33453.0
2026-06-01 15:00:00,442.5,443.5,440.0,442.75,27768.0
2026-06-01 16:00:00,443.0,443.25,440.5,441.0,18203.0
2026-06-01 17:00:00,441.25,442.75,440.25,442.5,25005.0
2026-06-01 18:00:00,442.5,444.5,442.0,444.5,35036.0
2026-06-02 00:00:00,444.75,445.75,440.75,441.0,0.0
2026-06-02 01:00:00,441.0,441.75,440.75,441.25,1192.0
2026-06-02 02:00:00,441.25,442.0,441.0,442.0,573.0
2026-06-02 03:00:00,442.0,442.25,441.25,441.25,193.0
2026-06-02 04:00:00,441.5,441.75,441.25,441.5,215.0
2026-06-02 05:00:00,441.5,441.5,441.0,441.0,643.0
2026-06-02 06:00:00,441.25,441.75,440.5,441.75,1257.0
2026-06-02 07:00:00,441.5,442.5,441.5,442.25,1961.0
2026-06-02 08:00:00,442.0,442.25,441.25,441.5,1641.0
2026-06-02 09:00:00,441.75,442.25,441.0,441.5,3298.0
2026-06-02 10:00:00,441.75,442.5,441.25,441.5,1096.0
2026-06-02 11:00:00,441.5,443.0,441.0,442.5,3891.0
2026-06-02 12:00:00,442.5,443.75,442.5,442.75,6333.0
2026-06-02 13:00:00,443.0,444.0,440.0,440.25,33405.0
2026-06-02 14:00:00,440.25,441.25,439.0,441.0,37226.0
2026-06-02 15:00:00,441.0,442.5,440.5,440.75,25322.0
2026-06-02 16:00:00,440.75,442.5,440.5,441.5,18669.0
2026-06-02 17:00:00,441.5,441.5,440.25,440.75,18384.0
2026-06-02 18:00:00,441.0,441.25,440.0,440.0,25024.0
2026-06-03 00:00:00,440.75,441.5,439.75,439.75,0.0
2026-06-03 01:00:00,439.75,440.25,439.5,439.5,1244.0
2026-06-03 02:00:00,439.5,439.75,439.5,439.5,319.0
2026-06-03 03:00:00,439.5,439.5,439.25,439.5,607.0
2026-06-03 04:00:00,439.25,439.75,439.25,439.25,581.0
2026-06-03 05:00:00,439.5,440.0,438.75,440.0,1938.0
2026-06-03 06:00:00,440.0,440.75,439.75,439.75,2081.0
2026-06-03 07:00:00,440.0,440.0,439.0,439.0,1572.0
2026-06-03 08:00:00,439.0,439.25,437.25,437.5,8693.0
2026-06-03 09:00:00,437.5,440.5,437.25,440.0,3417.0
2026-06-03 10:00:00,440.25,440.75,439.5,440.25,1864.0
2026-06-03 11:00:00,440.25,442.0,440.0,441.5,7948.0
2026-06-03 12:00:00,441.25,441.75,440.5,441.0,4308.0
2026-06-03 13:00:00,441.0,441.0,437.75,437.75,21379.0
2026-06-03 14:00:00,437.75,439.0,436.25,436.5,29995.0
2026-06-03 15:00:00,436.5,437.0,434.5,434.75,36508.0
2026-06-03 16:00:00,435.0,435.0,433.5,434.25,24262.0
2026-06-03 17:00:00,434.25,435.75,430.75,431.25,32488.0
2026-06-03 18:00:00,431.25,432.0,430.25,430.75,35754.0
2026-06-04 00:00:00,431.0,431.5,430.25,430.75,0.0
2026-06-04 01:00:00,430.75,430.75,426.5,427.0,10243.0
2026-06-04 02:00:00,427.0,427.5,425.75,426.0,6623.0
2026-06-04 03:00:00,425.75,426.25,425.75,426.0,2092.0
2026-06-04 04:00:00,426.0,426.75,425.75,426.25,897.0
2026-06-04 05:00:00,426.5,426.5,425.75,426.25,1016.0
2026-06-04 06:00:00,426.0,426.5,425.25,425.5,2325.0
2026-06-04 07:00:00,425.75,427.0,425.25,426.0,3738.0
2026-06-04 08:00:00,426.25,426.5,425.25,426.5,2489.0
2026-06-04 09:00:00,426.25,428.0,426.0,427.25,3410.0
2026-06-04 10:00:00,427.25,428.0,426.5,426.75,3020.0
2026-06-04 11:00:00,426.75,428.25,426.0,427.75,3466.0
2026-06-04 12:00:00,427.5,429.25,427.25,427.75,8144.0
2026-06-04 13:00:00,428.0,428.25,424.25,425.5,35094.0
2026-06-04 14:00:00,425.25,425.75,422.0,422.75,48761.0
2026-06-04 15:00:00,423.0,425.0,422.25,423.25,37615.0
2026-06-04 16:00:00,423.25,424.75,422.5,423.5,18267.0
2026-06-04 17:00:00,423.25,423.75,421.5,423.5,22371.0
2026-06-04 18:00:00,423.5,425.0,423.0,423.75,29819.0
2026-06-05 00:00:00,424.0,424.5,422.5,422.5,0.0
2026-06-05 01:00:00,422.5,422.5,420.5,421.25,5633.0
2026-06-05 02:00:00,421.25,423.25,421.0,422.75,2720.0
2026-06-05 03:00:00,422.75,423.0,421.75,422.0,360.0
2026-06-05 04:00:00,422.25,422.5,421.5,421.75,275.0
2026-06-05 05:00:00,421.75,422.25,421.25,422.0,1238.0
2026-06-05 06:00:00,422.0,422.75,421.75,422.0,553.0
2026-06-05 07:00:00,422.0,422.75,421.5,422.25,1698.0
2026-06-05 08:00:00,422.5,423.0,421.75,422.5,2503.0
2026-06-05 09:00:00,422.75,422.75,420.5,421.5,4637.0
2026-06-05 10:00:00,421.5,421.75,420.5,420.75,1981.0
2026-06-05 11:00:00,420.75,421.5,420.0,421.25,5434.0
2026-06-05 12:00:00,421.25,422.5,419.75,420.5,11020.0
2026-06-05 13:00:00,420.75,423.75,419.25,423.25,39885.0
2026-06-05 14:00:00,423.5,423.5,419.75,422.0,35208.0
2026-06-05 15:00:00,422.0,423.0,417.0,417.25,36199.0
2026-06-05 16:00:00,417.5,418.5,417.0,417.75,29447.0
2026-06-05 17:00:00,417.75,418.5,416.0,416.25,31660.0
2026-06-05 18:00:00,416.5,418.0,416.25,417.5,44792.0
2026-06-08 00:00:00,420.5,421.0,415.0,415.75,6009.0
2026-06-08 01:00:00,415.5,418.75,415.5,416.25,4149.0
2026-06-08 02:00:00,416.25,417.5,416.25,416.25,705.0
2026-06-08 03:00:00,416.5,416.5,415.5,416.0,829.0
2026-06-08 04:00:00,416.0,417.0,416.0,416.25,336.0
2026-06-08 05:00:00,416.5,416.5,415.0,415.25,2490.0
2026-06-08 06:00:00,415.25,417.0,415.0,417.0,2168.0
2026-06-08 07:00:00,417.0,418.0,416.5,417.25,2020.0
2026-06-08 08:00:00,417.25,417.25,415.0,416.25,3428.0
2026-06-08 09:00:00,416.5,416.5,415.5,416.25,1407.0
2026-06-08 10:00:00,416.5,418.25,414.5,414.75,4191.0
2026-06-08 11:00:00,414.5,415.75,412.5,414.5,6076.0
2026-06-08 12:00:00,414.5,416.25,414.0,415.5,8826.0
2026-06-08 13:00:00,415.25,416.0,413.0,415.25,30676.0
2026-06-08 14:00:00,415.25,419.75,415.0,419.75,43117.0
2026-06-08 15:00:00,419.75,420.25,417.25,419.25,37320.0
2026-06-08 16:00:00,419.0,419.5,417.75,419.25,27611.0
2026-06-08 17:00:00,419.25,420.75,418.25,419.75,28885.0
2026-06-08 18:00:00,419.75,420.0,417.75,418.0,26339.0
2026-06-09 00:00:00,419.0,420.5,418.25,420.25,0.0
2026-06-09 01:00:00,420.0,421.0,419.75,420.75,1556.0
2026-06-09 02:00:00,420.75,421.0,419.25,419.25,723.0
2026-06-09 03:00:00,419.25,419.75,419.0,419.5,261.0
2026-06-09 04:00:00,419.5,420.0,419.25,419.25,317.0
2026-06-09 05:00:00,419.5,419.75,419.25,419.75,262.0
2026-06-09 06:00:00,419.75,420.75,419.5,420.5,593.0
2026-06-09 07:00:00,420.5,422.25,419.25,419.5,5442.0
2026-06-09 08:00:00,419.5,420.75,418.75,419.75,1845.0
2026-06-09 09:00:00,420.0,420.5,419.0,420.5,1790.0
2026-06-09 10:00:00,420.75,421.25,420.5,421.0,6330.0
2026-06-09 11:00:00,421.0,422.5,420.25,422.25,5112.0
2026-06-09 12:00:00,422.0,422.5,421.0,421.5,3842.0
2026-06-09 13:00:00,421.75,425.5,420.25,422.25,52404.0
2026-06-09 14:00:00,422.25,423.25,421.25,422.0,30914.0
2026-06-09 15:00:00,422.0,423.5,420.25,420.5,30180.0
2026-06-09 16:00:00,420.5,424.0,419.75,420.5,39519.0
2026-06-09 17:00:00,420.25,421.0,417.5,419.0,38875.0
2026-06-09 18:00:00,419.25,420.5,418.75,420.0,27056.0
2026-06-10 00:00:00,419.75,420.5,419.0,419.0,0.0
2026-06-10 01:00:00,419.0,419.75,418.25,419.0,2400.0
2026-06-10 02:00:00,419.25,419.25,418.5,419.0,383.0
2026-06-10 03:00:00,419.0,420.25,418.75,419.75,1977.0
2026-06-10 04:00:00,419.75,420.0,419.75,420.0,332.0
2026-06-10 05:00:00,420.0,420.5,419.75,420.0,704.0
2026-06-10 06:00:00,420.0,421.5,419.75,421.25,1463.0
2026-06-10 07:00:00,421.0,423.5,420.5,422.5,4648.0
2026-06-10 08:00:00,422.75,423.25,421.75,422.75,3181.0
2026-06-10 09:00:00,422.75,423.75,422.25,423.25,6075.0
2026-06-10 10:00:00,423.25,423.75,422.75,423.0,4235.0
2026-06-10 11:00:00,423.0,425.75,422.75,423.5,8945.0
2026-06-10 12:00:00,423.5,423.75,421.5,422.0,11727.0
2026-06-10 13:00:00,422.75,423.0,420.25,421.0,32048.0
2026-06-10 14:00:00,420.75,422.25,420.0,420.5,26925.0
2026-06-10 15:00:00,420.5,421.5,419.0,420.25,24454.0
2026-06-10 16:00:00,420.5,421.25,418.75,419.0,24988.0
2026-06-10 17:00:00,419.0,420.5,418.75,420.0,17808.0
2026-06-10 18:00:00,420.0,420.5,418.75,419.25,35238.0
2026-06-11 00:00:00,419.75,420.0,418.75,419.75,0.0
2026-06-11 01:00:00,419.75,420.0,417.75,418.5,12567.0
2026-06-11 02:00:00,418.5,418.5,417.75,418.0,708.0
2026-06-11 03:00:00,418.25,418.75,418.0,418.75,728.0
2026-06-11 04:00:00,418.25,418.75,417.25,417.25,1134.0
2026-06-11 05:00:00,417.5,417.75,417.0,417.75,1697.0
2026-06-11 06:00:00,417.75,419.0,417.5,418.25,2482.0
2026-06-11 07:00:00,418.25,418.75,417.75,418.25,1958.0
2026-06-11 08:00:00,418.25,418.25,417.0,417.5,1644.0
2026-06-11 09:00:00,417.5,418.5,417.25,417.5,1020.0
2026-06-11 10:00:00,417.5,417.75,417.0,417.25,2505.0
2026-06-11 11:00:00,417.25,417.25,415.5,416.25,6468.0
2026-06-11 12:00:00,416.0,418.0,415.25,416.75,5831.0
2026-06-11 13:00:00,416.75,417.0,414.75,415.0,22287.0
2026-06-11 14:00:00,415.25,417.75,414.5,416.75,47244.0
2026-06-11 15:00:00,416.75,419.0,416.75,418.25,29613.0
2026-06-11 16:00:00,418.0,420.0,412.25,413.0,54622.0
2026-06-11 17:00:00,412.75,413.5,410.5,411.75,37297.0
2026-06-11 18:00:00,411.75,412.5,411.0,411.0,43743.0
2026-06-12 00:00:00,411.75,413.25,411.25,413.25,0.0
2026-06-12 01:00:00,413.25,413.5,411.5,411.75,5154.0
2026-06-12 02:00:00,411.75,412.5,411.5,412.25,773.0
2026-06-12 03:00:00,412.5,412.75,411.5,411.5,519.0
2026-06-12 04:00:00,411.75,412.0,411.25,411.5,393.0
2026-06-12 05:00:00,411.75,413.0,411.5,413.0,1044.0
2026-06-12 06:00:00,413.0,414.0,412.75,413.75,2038.0
2026-06-12 07:00:00,413.5,414.5,411.5,411.75,4953.0
2026-06-12 08:00:00,411.75,411.75,408.5,410.0,8630.0
2026-06-12 09:00:00,410.0,410.75,409.5,410.0,2169.0
2026-06-12 10:00:00,410.0,411.25,409.5,409.75,2654.0
2026-06-12 11:00:00,410.0,410.5,408.5,410.25,5298.0
2026-06-12 12:00:00,410.25,412.0,409.5,411.75,6097.0
2026-06-12 13:00:00,411.5,417.0,410.5,415.5,33409.0
2026-06-12 14:00:00,415.5,417.0,414.5,415.25,36839.0
2026-06-12 15:00:00,415.5,416.25,414.25,415.25,20110.0
2026-06-12 16:00:00,415.25,415.75,412.75,413.25,18466.0
2026-06-12 17:00:00,413.25,414.0,412.5,412.75,13167.0
2026-06-12 18:00:00,412.75,413.5,412.5,412.75,10317.0
2026-06-15 00:00:00,411.75,412.25,408.0,410.0,10901.0
2026-06-15 01:00:00,410.25,410.5,409.5,410.25,1342.0
2026-06-15 02:00:00,410.25,410.5,409.5,409.5,667.0
2026-06-15 03:00:00,409.5,410.0,409.25,409.75,184.0
2026-06-15 04:00:00,409.75,410.0,409.5,409.75,144.0
2026-06-15 05:00:00,410.0,410.5,409.75,410.5,313.0
2026-06-15 06:00:00,410.5,410.5,408.75,409.0,993.0
2026-06-15 07:00:00,409.25,409.5,407.25,407.25,2808.0
2026-06-15 08:00:00,407.25,408.0,407.25,407.75,1820.0
2026-06-15 09:00:00,408.0,408.0,407.5,408.0,1784.0
2026-06-15 10:00:00,408.0,408.25,407.75,408.0,6206.0
2026-06-15 11:00:00,408.0,409.0,407.5,408.0,2962.0
2026-06-15 12:00:00,408.25,408.5,406.5,406.75,3281.0
2026-06-15 13:00:00,406.75,411.5,406.25,411.0,29674.0
2026-06-15 14:00:00,411.25,416.5,411.0,416.5,36510.0
2026-06-15 15:00:00,416.5,416.75,414.5,415.25,15462.0
2026-06-15 16:00:00,415.25,416.75,414.75,414.75,34139.0
2026-06-15 17:00:00,414.75,415.75,414.25,414.5,12590.0
2026-06-15 18:00:00,414.75,415.75,414.5,415.5,20089.0
2026-06-16 00:00:00,415.0,416.75,413.5,414.0,0.0
2026-06-16 01:00:00,414.0,414.25,413.5,414.25,1341.0
2026-06-16 02:00:00,414.0,414.25,413.25,413.5,698.0
2026-06-16 03:00:00,413.75,413.75,413.25,413.25,385.0
2026-06-16 04:00:00,413.5,413.5,413.0,413.25,617.0
2026-06-16 05:00:00,413.25,413.5,413.0,413.5,305.0
2026-06-16 06:00:00,413.75,414.75,413.0,414.25,1038.0
2026-06-16 07:00:00,414.0,414.75,413.5,414.0,1660.0
2026-06-16 08:00:00,413.75,414.25,412.5,412.75,2734.0
2026-06-16 09:00:00,413.0,414.0,412.5,413.75,1455.0
2026-06-16 10:00:00,413.75,414.25,412.5,414.25,3543.0
2026-06-16 11:00:00,414.5,416.25,414.25,414.75,4096.0
2026-06-16 12:00:00,414.5,414.5,413.5,413.75,8163.0
2026-06-16 13:00:00,414.0,421.0,414.0,418.75,65742.0
2026-06-16 14:00:00,418.75,421.0,414.5,414.75,35513.0
2026-06-16 15:00:00,414.5,416.0,414.25,414.5,24067.0
2026-06-16 16:00:00,414.25,416.0,414.0,414.0,21617.0
2026-06-16 17:00:00,414.0,415.0,413.25,414.75,21586.0
2026-06-16 18:00:00,414.75,415.0,413.0,414.25,38326.0
2026-06-17 00:00:00,414.25,414.75,413.5,413.75,0.0
2026-06-17 01:00:00,413.75,414.0,412.5,413.0,1826.0
2026-06-17 02:00:00,413.0,413.75,412.75,413.75,250.0
2026-06-17 03:00:00,413.75,414.0,413.0,413.0,524.0
2026-06-17 04:00:00,413.25,414.25,413.0,414.0,633.0
2026-06-17 05:00:00,414.0,414.75,413.5,414.5,1127.0
2026-06-17 06:00:00,414.5,414.5,412.25,412.75,1223.0
2026-06-17 07:00:00,412.75,413.25,412.25,412.75,1291.0
2026-06-17 08:00:00,413.0,414.0,412.5,412.75,1016.0
2026-06-17 09:00:00,413.0,416.0,412.5,415.25,8609.0
2026-06-17 10:00:00,415.25,416.0,414.5,415.25,1883.0
2026-06-17 11:00:00,415.25,420.0,415.0,417.75,8985.0
2026-06-17 12:00:00,417.5,420.75,417.0,419.25,19922.0
2026-06-17 13:00:00,419.75,420.0,415.25,417.25,30653.0
2026-06-17 14:00:00,417.25,419.5,416.75,418.0,20913.0
2026-06-17 15:00:00,418.0,419.0,416.0,418.75,19270.0
2026-06-17 16:00:00,418.75,419.25,417.75,418.5,11045.0
2026-06-17 17:00:00,418.5,420.75,417.5,419.5,21079.0
2026-06-17 18:00:00,419.25,421.75,418.75,421.25,24191.0
2026-06-18 00:00:00,419.75,421.0,418.5,419.75,0.0
2026-06-18 01:00:00,419.5,420.75,419.5,420.0,1140.0
2026-06-18 02:00:00,420.25,421.0,420.25,420.75,823.0
2026-06-18 03:00:00,420.75,420.75,419.5,419.75,514.0
2026-06-18 04:00:00,419.5,420.25,419.5,420.0,385.0
2026-06-18 05:00:00,420.0,420.75,419.75,420.5,926.0
2026-06-18 06:00:00,420.5,422.0,419.75,421.75,1451.0
2026-06-18 07:00:00,421.5,422.0,421.0,421.0,1633.0
2026-06-18 08:00:00,420.75,421.25,419.0,419.25,2837.0
2026-06-18 09:00:00,419.25,419.75,417.5,417.5,3427.0
2026-06-18 10:00:00,417.75,419.0,417.25,417.5,3239.0
2026-06-18 11:00:00,417.5,418.25,416.75,417.5,2378.0
2026-06-18 12:00:00,417.5,418.75,416.75,418.5,5570.0
2026-06-18 13:00:00,418.5,418.75,416.25,417.25,25199.0
2026-06-18 14:00:00,417.0,417.5,416.0,417.0,18998.0
2026-06-18 15:00:00,416.75,417.75,415.25,416.5,13840.0
2026-06-18 16:00:00,416.25,416.5,415.0,415.75,29246.0
2026-06-18 17:00:00,416.0,417.0,415.5,415.5,11676.0
2026-06-18 18:00:00,415.5,444.25,415.0,444.25,26366.0
2026-06-22 00:00:00,445.0,445.25,443.25,444.5,4165.0
2026-06-22 01:00:00,444.5,445.25,443.0,443.0,3544.0
2026-06-22 02:00:00,443.0,443.25,442.75,443.0,874.0
2026-06-22 03:00:00,443.0,443.25,442.5,443.0,208.0
2026-06-22 04:00:00,443.25,443.25,442.75,443.0,242.0
2026-06-22 05:00:00,442.75,443.0,442.25,442.75,669.0
2026-06-22 06:00:00,442.5,443.25,442.25,442.75,269.0
2026-06-22 07:00:00,443.0,443.25,442.25,442.75,937.0
2026-06-22 08:00:00,442.5,443.25,441.5,441.75,2788.0
2026-06-22 09:00:00,441.75,442.0,414.0,415.25,2749.0
2026-06-22 10:00:00,415.0,415.5,414.75,415.25,861.0
2026-06-22 11:00:00,415.0,417.0,414.0,417.0,5749.0
2026-06-22 12:00:00,417.0,417.5,414.75,414.75,3154.0
2026-06-22 13:00:00,414.75,415.0,412.0,413.0,34462.0
2026-06-22 14:00:00,413.0,413.75,412.0,413.0,22716.0
2026-06-22 15:00:00,413.0,413.75,411.5,411.75,16805.0
2026-06-22 16:00:00,411.75,413.0,411.25,412.75,11017.0
2026-06-22 17:00:00,412.75,414.0,412.0,412.75,13054.0
2026-06-22 18:00:00,412.5,412.5,411.25,411.25,26122.0
2026-06-23 00:00:00,411.5,413.25,411.25,412.5,0.0
2026-06-23 01:00:00,412.5,413.0,412.25,412.75,690.0
2026-06-23 02:00:00,412.75,413.25,412.5,412.75,644.0
2026-06-23 03:00:00,412.75,412.75,412.25,412.5,409.0
2026-06-23 04:00:00,412.5,412.5,412.0,412.0,373.0
2026-06-23 05:00:00,412.25,412.25,411.25,411.25,833.0
2026-06-23 06:00:00,411.25,412.25,411.0,411.75,1203.0
2026-06-23 07:00:00,411.75,441.0,411.75,440.75,3673.0
2026-06-23 08:00:00,441.0,442.5,441.0,441.5,3174.0
2026-06-23 09:00:00,441.5,442.0,441.0,441.75,2592.0
2026-06-23 10:00:00,441.75,442.0,440.75,441.0,964.0
2026-06-23 11:00:00,441.0,442.0,440.75,441.25,3341.0
2026-06-23 12:00:00,441.25,441.25,439.5,440.75,3320.0
2026-06-23 13:00:00,440.75,441.0,437.5,437.75,32833.0
2026-06-23 14:00:00,437.5,438.0,435.0,438.0,45537.0
2026-06-23 15:00:00,438.0,438.5,437.0,437.0,16664.0
2026-06-23 16:00:00,437.0,437.5,436.5,437.25,8017.0
2026-06-23 17:00:00,437.5,439.0,437.25,437.5,14019.0
2026-06-23 18:00:00,437.5,437.75,437.0,437.75,14200.0
2026-06-24 00:00:00,438.0,438.25,437.25,437.5,0.0
2026-06-24 01:00:00,437.5,438.0,436.75,437.5,978.0
2026-06-24 02:00:00,437.75,438.0,437.0,437.25,927.0
2026-06-24 03:00:00,437.25,437.75,437.0,437.75,143.0
2026-06-24 04:00:00,437.5,437.75,437.25,437.5,123.0
2026-06-24 05:00:00,437.5,438.5,437.25,437.75,619.0
2026-06-24 06:00:00,437.75,438.75,437.75,438.75,485.0
2026-06-24 07:00:00,438.75,439.0,437.0,437.25,1149.0
2026-06-24 08:00:00,437.25,438.75,436.5,438.25,1926.0
2026-06-24 09:00:00,438.5,438.5,410.0,410.25,4231.0
2026-06-24 10:00:00,410.25,411.5,410.25,411.0,589.0
2026-06-24 11:00:00,411.0,412.5,410.75,412.0,1518.0
2026-06-24 12:00:00,412.0,412.0,410.75,411.25,5454.0
2026-06-24 13:00:00,411.0,411.75,409.25,409.5,29769.0
2026-06-24 14:00:00,409.5,411.0,409.0,410.0,17069.0
2026-06-24 15:00:00,410.0,418.25,409.0,416.25,18758.0
2026-06-24 16:00:00,416.25,418.5,415.5,417.5,24275.0
2026-06-24 17:00:00,417.75,418.0,416.0,416.0,19421.0
2026-06-24 18:00:00,416.0,416.25,414.25,414.5,13092.0
2026-06-25 00:00:00,415.0,415.5,414.25,415.0,0.0
2026-06-25 01:00:00,415.25,415.25,412.25,413.25,6299.0
2026-06-25 02:00:00,413.0,413.75,412.5,413.75,671.0
2026-06-25 03:00:00,413.75,413.75,413.5,413.5,686.0
2026-06-25 04:00:00,413.25,414.75,413.25,414.25,340.0
2026-06-25 05:00:00,414.25,414.5,413.75,414.0,445.0
2026-06-25 06:00:00,414.25,415.0,414.0,415.0,273.0
2026-06-25 07:00:00,414.75,415.25,406.0,407.0,4814.0
2026-06-25 08:00:00,406.5,407.0,406.0,406.25,620.0
2026-06-25 09:00:00,406.25,435.5,406.0,435.0,5461.0
2026-06-25 10:00:00,435.0,435.75,434.75,434.75,2019.0
2026-06-25 11:00:00,435.0,436.0,434.75,435.5,1611.0
2026-06-25 12:00:00,435.5,435.75,404.25,404.5,20457.0
2026-06-25 13:00:00,404.25,408.0,404.0,406.25,30115.0
2026-06-25 14:00:00,406.5,409.25,406.25,408.0,19139.0
2026-06-25 15:00:00,408.25,419.25,408.25,419.0,23926.0
2026-06-25 16:00:00,419.25,421.25,419.25,420.5,18202.0
2026-06-25 17:00:00,420.75,425.0,420.5,424.75,29540.0
2026-06-25 18:00:00,424.75,425.5,423.75,424.25,18674.0
2026-06-26 00:00:00,424.0,424.5,422.25,423.0,0.0
2026-06-26 01:00:00,423.0,424.25,422.75,424.0,566.0
2026-06-26 02:00:00,424.0,424.0,423.5,423.5,226.0
2026-06-26 03:00:00,423.5,424.0,423.25,423.25,265.0
2026-06-26 04:00:00,423.25,423.75,423.25,423.5,555.0
2026-06-26 05:00:00,423.5,424.75,423.5,424.5,419.0
2026-06-26 06:00:00,424.75,424.75,423.75,424.25,831.0
2026-06-26 07:00:00,424.0,444.0,423.75,443.0,2216.0
2026-06-26 08:00:00,443.0,443.5,441.5,442.0,3896.0
2026-06-26 09:00:00,442.0,443.0,441.5,442.0,2145.0
2026-06-26 10:00:00,441.75,443.5,441.5,443.25,4621.0
2026-06-26 11:00:00,443.25,443.5,442.0,442.75,8840.0
2026-06-26 12:00:00,442.75,442.75,441.25,442.0,5251.0
2026-06-26 13:00:00,442.0,445.25,440.75,443.25,32598.0
2026-06-26 14:00:00,443.25,445.5,442.25,445.5,32297.0
2026-06-26 15:00:00,445.5,445.5,425.0,426.0,30836.0
2026-06-26 16:00:00,426.0,426.0,423.5,424.0,42312.0
2026-06-26 17:00:00,423.75,424.25,422.25,422.5,28801.0
2026-06-26 18:00:00,422.75,422.75,420.0,421.75,28419.0
2026-06-29 00:00:00,421.25,421.25,416.5,418.5,6476.0
2026-06-29 01:00:00,418.25,418.75,417.0,417.25,1245.0
2026-06-29 02:00:00,417.25,417.75,417.0,417.0,1123.0
2026-06-29 03:00:00,417.25,417.25,416.75,417.0,390.0
2026-06-29 04:00:00,417.0,417.0,416.25,416.25,707.0
2026-06-29 05:00:00,416.25,416.5,415.5,416.0,1783.0
2026-06-29 06:00:00,416.0,417.0,416.0,416.25,827.0
2026-06-29 07:00:00,416.25,435.75,416.0,435.25,19604.0
2026-06-29 08:00:00,435.25,435.75,434.5,435.25,1757.0
2026-06-29 09:00:00,435.0,435.0,434.0,434.5,3221.0
2026-06-29 10:00:00,434.25,434.25,432.0,432.25,6402.0
2026-06-29 11:00:00,432.25,433.75,432.0,433.75,3803.0
2026-06-29 12:00:00,433.5,434.25,432.75,433.25,5879.0
2026-06-29 13:00:00,433.75,434.5,430.75,431.25,23718.0
2026-06-29 14:00:00,431.0,432.5,430.5,431.25,28270.0
2026-06-29 15:00:00,431.25,431.75,429.0,429.5,22978.0
2026-06-29 16:00:00,429.5,430.5,427.75,428.0,30971.0
2026-06-29 17:00:00,427.75,429.5,427.25,429.0,27187.0
2026-06-29 18:00:00,429.25,430.75,428.75,428.75,20260.0
2026-06-30 00:00:00,430.0,431.75,429.25,431.25,0.0
2026-06-30 01:00:00,431.25,431.5,430.75,431.0,1521.0
2026-06-30 02:00:00,431.25,432.25,431.0,432.0,1294.0
2026-06-30 03:00:00,431.75,432.25,431.25,431.75,940.0
2026-06-30 04:00:00,431.75,432.0,431.5,432.0,283.0
2026-06-30 05:00:00,431.75,432.0,431.5,432.0,211.0
2026-06-30 06:00:00,432.0,432.0,431.0,431.75,1151.0
2026-06-30 07:00:00,431.5,432.5,431.5,432.0,2301.0
2026-06-30 08:00:00,432.0,432.25,430.25,430.5,4318.0
2026-06-30 09:00:00,430.5,431.5,430.5,431.0,1154.0
2026-06-30 10:00:00,431.0,431.0,430.0,430.0,2442.0
2026-06-30 11:00:00,429.75,430.0,428.25,428.75,5925.0
2026-06-30 12:00:00,428.75,430.0,427.5,430.0,8235.0
2026-06-30 13:00:00,430.25,431.25,429.0,431.0,23484.0
2026-06-30 14:00:00,431.0,431.25,428.25,428.5,39230.0
2026-06-30 15:00:00,428.25,429.0,425.75,427.5,35655.0
2026-06-30 16:00:00,427.75,442.5,427.5,432.0,117297.0
2026-06-30 17:00:00,432.0,437.0,431.5,435.75,26589.0
2026-06-30 18:00:00,435.5,436.5,434.5,436.5,26266.0
2026-07-01 00:00:00,436.25,438.75,435.5,437.25,0.0
2026-07-01 01:00:00,437.5,437.75,436.5,437.5,1378.0
2026-07-01 02:00:00,437.75,438.75,437.0,438.5,1141.0
2026-07-01 03:00:00,438.75,439.5,438.5,439.5,916.0
2026-07-01 04:00:00,439.75,439.75,439.0,439.25,357.0
2026-07-01 05:00:00,439.0,439.5,439.0,439.0,422.0
2026-07-01 06:00:00,439.0,439.75,438.0,438.5,705.0
2026-07-01 07:00:00,438.25,439.25,438.0,439.0,2140.0
2026-07-01 08:00:00,439.0,440.0,438.5,438.5,3502.0
2026-07-01 09:00:00,438.5,438.75,437.5,437.5,1720.0
2026-07-01 10:00:00,437.75,438.25,436.5,438.0,1510.0
2026-07-01 11:00:00,438.25,443.75,437.75,442.75,14204.0
2026-07-01 12:00:00,442.75,443.5,440.25,441.5,11109.0
2026-07-01 13:00:00,441.5,444.0,439.5,441.5,23433.0
2026-07-01 14:00:00,441.5,442.0,438.5,439.25,28054.0
2026-07-01 15:00:00,439.25,440.5,439.0,440.25,11022.0
2026-07-01 16:00:00,440.0,441.75,440.0,440.75,16294.0
2026-07-01 17:00:00,440.75,441.75,440.5,441.75,13349.0
2026-07-01 18:00:00,441.75,443.5,441.5,443.0,22705.0
2026-07-02 00:00:00,443.0,443.25,441.0,443.0,0.0
2026-07-02 01:00:00,443.0,443.75,442.5,443.5,2834.0
2026-07-02 02:00:00,443.5,443.5,442.5,442.75,569.0
2026-07-02 03:00:00,442.75,443.0,442.5,442.75,403.0
2026-07-02 04:00:00,442.75,442.75,442.5,442.5,38.0
2026-07-02 05:00:00,442.75,442.75,441.75,442.0,471.0
2026-07-02 06:00:00,442.0,442.0,441.5,441.5,489.0
2026-07-02 07:00:00,441.5,444.0,440.75,442.25,3888.0
2026-07-02 08:00:00,442.25,443.75,442.25,443.0,1758.0
2026-07-02 09:00:00,443.0,443.75,442.5,443.5,3307.0
2026-07-02 10:00:00,443.5,444.75,443.5,444.5,3399.0
2026-07-02 11:00:00,444.5,445.0,444.25,444.5,1251.0
2026-07-02 12:00:00,444.75,445.25,443.0,443.0,6310.0
2026-07-02 13:00:00,443.0,446.0,443.0,445.5,30871.0
2026-07-02 14:00:00,445.25,445.75,443.75,444.5,17838.0
2026-07-02 15:00:00,444.5,445.25,444.0,444.25,11680.0
2026-07-02 15:40:59,444.25,444.25,444.25,444.25,0.0
