[2026-07-05 21:09:01] START portfolio OOS forex [30m] pairs=1
[2026-07-05 21:09:01] 2026-07-03T20:30:00 AUDUSD=X/donchian_bidirectional equity=20000.00 trades=0 -> hold
[2026-07-05 21:15:34] START portfolio OOS forex [1h] pairs=3
[2026-07-05 21:15:34] START portfolio OOS forex [30m] pairs=1
[2026-07-05 21:15:34] 2026-07-03T20:00:00 USDCAD=X/donchian_bidirectional equity=20000.00 trades=0 -> hold
[2026-07-05 21:15:34] 2026-07-03T20:30:00 AUDUSD=X/donchian_bidirectional equity=20000.00 trades=0 -> skip
[2026-07-05 21:15:34] 2026-07-03T20:00:00 USDJPY=X/donchian_bidirectional equity=20000.00 trades=0 -> hold
[2026-07-05 21:15:34] 2026-07-03T20:00:00 AUDUSD=X/donchian_bidirectional equity=20000.00 trades=0 -> hold
[2026-07-05 21:18:34] 2026-07-03T20:30:00 AUDUSD=X/donchian_bidirectional equity=20000.00 trades=0 -> skip
[2026-07-05 21:20:34] 2026-07-03T20:00:00 USDCAD=X/donchian_bidirectional equity=20000.00 trades=0 -> skip
[2026-07-05 21:20:34] 2026-07-03T20:00:00 USDJPY=X/donchian_bidirectional equity=20000.00 trades=0 -> skip
[2026-07-05 21:20:35] 2026-07-03T20:00:00 AUDUSD=X/donchian_bidirectional equity=20000.00 trades=0 -> skip
[2026-07-05 21:21:34] 2026-07-03T20:30:00 AUDUSD=X/donchian_bidirectional equity=20000.00 trades=0 -> skip
[2026-07-05 21:24:34] 2026-07-03T20:30:00 AUDUSD=X/donchian_bidirectional equity=20000.00 trades=0 -> skip
[2026-07-05 21:25:35] 2026-07-03T20:00:00 USDCAD=X/donchian_bidirectional equity=20000.00 trades=0 -> skip
[2026-07-05 21:25:35] 2026-07-03T20:00:00 USDJPY=X/donchian_bidirectional equity=20000.00 trades=0 -> skip
[2026-07-05 21:25:35] 2026-07-03T20:00:00 AUDUSD=X/donchian_bidirectional equity=20000.00 trades=0 -> skip
[2026-07-05 21:27:35] 2026-07-03T20:30:00 AUDUSD=X/donchian_bidirectional equity=20000.00 trades=0 -> skip
[2026-07-05 21:30:35] 2026-07-03T20:30:00 AUDUSD=X/donchian_bidirectional equity=20000.00 trades=0 -> skip
[2026-07-05 21:30:35] 2026-07-03T20:00:00 USDCAD=X/donchian_bidirectional equity=20000.00 trades=0 -> skip
[2026-07-05 21:30:35] 2026-07-03T20:00:00 USDJPY=X/donchian_bidirectional equity=20000.00 trades=0 -> skip
[2026-07-05 21:30:36] 2026-07-03T20:00:00 AUDUSD=X/donchian_bidirectional equity=20000.00 trades=0 -> skip
[2026-07-05 21:33:35] 2026-07-03T20:30:00 AUDUSD=X/donchian_bidirectional equity=20000.00 trades=0 -> skip
[2026-07-05 21:35:36] 2026-07-03T20:00:00 USDCAD=X/donchian_bidirectional equity=20000.00 trades=0 -> skip
[2026-07-05 21:35:36] 2026-07-03T20:00:00 USDJPY=X/donchian_bidirectional equity=20000.00 trades=0 -> skip
[2026-07-05 21:35:36] 2026-07-03T20:00:00 AUDUSD=X/donchian_bidirectional equity=20000.00 trades=0 -> skip
[2026-07-05 21:36:35] 2026-07-03T20:30:00 AUDUSD=X/donchian_bidirectional equity=20000.00 trades=0 -> skip
[2026-07-05 21:39:35] 2026-07-03T20:30:00 AUDUSD=X/donchian_bidirectional equity=20000.00 trades=0 -> skip
[2026-07-05 21:40:36] 2026-07-03T20:00:00 USDCAD=X/donchian_bidirectional equity=20000.00 trades=0 -> skip
[2026-07-05 21:40:37] 2026-07-03T20:00:00 USDJPY=X/donchian_bidirectional equity=20000.00 trades=0 -> skip
[2026-07-05 21:40:37] 2026-07-03T20:00:00 AUDUSD=X/donchian_bidirectional equity=20000.00 trades=0 -> skip
[2026-07-05 21:42:35] 2026-07-03T20:30:00 AUDUSD=X/donchian_bidirectional equity=20000.00 trades=0 -> skip
[2026-07-05 21:43:22] START portfolio OOS forex [30m] pairs=1
[2026-07-05 21:43:22] START portfolio OOS forex [1h] pairs=3
[2026-07-05 21:43:22] 2026-07-03T20:30:00 AUDUSD=X/donchian_bidirectional equity=20000.00 trades=0 -> skip
[2026-07-05 21:43:22] 2026-07-03T20:00:00 USDJPY=X/donchian_bidirectional equity=20000.00 trades=0 -> skip
[2026-07-05 21:43:22] 2026-07-03T20:00:00 AUDUSD=X/donchian_bidirectional equity=20000.00 trades=0 -> skip
[2026-07-05 21:43:22] 2026-07-03T20:00:00 USDCAD=X/donchian_bidirectional equity=20000.00 trades=0 -> skip
[2026-07-05 21:43:58] START portfolio OOS forex [30m] pairs=1
[2026-07-05 21:43:58] START portfolio OOS forex [1h] pairs=3
[2026-07-05 21:43:58] 2026-07-03T20:00:00 USDJPY=X/donchian_bidirectional equity=20000.00 trades=0 -> skip
[2026-07-05 21:43:58] 2026-07-03T20:30:00 AUDUSD=X/donchian_bidirectional equity=20000.00 trades=0 -> skip
[2026-07-05 21:43:59] 2026-07-03T20:00:00 AUDUSD=X/donchian_bidirectional equity=20000.00 trades=0 -> skip
[2026-07-05 21:43:59] 2026-07-03T20:00:00 USDCAD=X/donchian_bidirectional equity=20000.00 trades=0 -> skip
[2026-07-05 21:45:36] 2026-07-03T20:30:00 AUDUSD=X/donchian_bidirectional equity=20000.00 trades=0 -> skip
[2026-07-05 21:45:37] 2026-07-03T20:00:00 USDCAD=X/donchian_bidirectional equity=20000.00 trades=0 -> skip
[2026-07-05 21:45:37] 2026-07-03T20:00:00 USDJPY=X/donchian_bidirectional equity=20000.00 trades=0 -> skip
[2026-07-05 21:45:37] 2026-07-03T20:00:00 AUDUSD=X/donchian_bidirectional equity=20000.00 trades=0 -> skip
[2026-07-05 21:46:22] 2026-07-03T20:30:00 AUDUSD=X/donchian_bidirectional equity=20000.00 trades=0 -> skip
[2026-07-05 21:46:59] 2026-07-03T20:30:00 AUDUSD=X/donchian_bidirectional equity=20000.00 trades=0 -> skip
[2026-07-05 21:48:22] 2026-07-03T20:00:00 USDJPY=X/donchian_bidirectional equity=20000.00 trades=0 -> skip
[2026-07-05 21:48:22] 2026-07-03T20:00:00 AUDUSD=X/donchian_bidirectional equity=20000.00 trades=0 -> skip
[2026-07-05 21:48:22] 2026-07-03T20:00:00 USDCAD=X/donchian_bidirectional equity=20000.00 trades=0 -> skip
[2026-07-05 21:48:36] 2026-07-03T20:30:00 AUDUSD=X/donchian_bidirectional equity=20000.00 trades=0 -> skip
[2026-07-05 21:48:59] 2026-07-03T20:00:00 USDJPY=X/donchian_bidirectional equity=20000.00 trades=0 -> skip
[2026-07-05 21:48:59] 2026-07-03T20:00:00 AUDUSD=X/donchian_bidirectional equity=20000.00 trades=0 -> skip
[2026-07-05 21:48:59] 2026-07-03T20:00:00 USDCAD=X/donchian_bidirectional equity=20000.00 trades=0 -> skip
[2026-07-05 21:49:22] 2026-07-03T20:30:00 AUDUSD=X/donchian_bidirectional equity=20000.00 trades=0 -> skip
[2026-07-05 21:49:59] 2026-07-03T20:30:00 AUDUSD=X/donchian_bidirectional equity=20000.00 trades=0 -> skip
[2026-07-05 21:50:37] 2026-07-03T20:00:00 USDCAD=X/donchian_bidirectional equity=20000.00 trades=0 -> skip
[2026-07-05 21:50:37] 2026-07-03T20:00:00 USDJPY=X/donchian_bidirectional equity=20000.00 trades=0 -> skip
[2026-07-05 21:50:38] 2026-07-03T20:00:00 AUDUSD=X/donchian_bidirectional equity=20000.00 trades=0 -> skip
[2026-07-05 21:51:36] 2026-07-03T20:30:00 AUDUSD=X/donchian_bidirectional equity=20000.00 trades=0 -> skip
[2026-07-05 21:52:22] 2026-07-03T20:30:00 AUDUSD=X/donchian_bidirectional equity=20000.00 trades=0 -> skip
[2026-07-05 21:52:59] 2026-07-03T20:30:00 AUDUSD=X/donchian_bidirectional equity=20000.00 trades=0 -> skip
[2026-07-05 21:53:23] 2026-07-03T20:00:00 USDJPY=X/donchian_bidirectional equity=20000.00 trades=0 -> skip
[2026-07-05 21:53:23] 2026-07-03T20:00:00 AUDUSD=X/donchian_bidirectional equity=20000.00 trades=0 -> skip
[2026-07-05 21:53:23] 2026-07-03T20:00:00 USDCAD=X/donchian_bidirectional equity=20000.00 trades=0 -> skip
[2026-07-05 21:53:59] 2026-07-03T20:00:00 USDJPY=X/donchian_bidirectional equity=20000.00 trades=0 -> skip
[2026-07-05 21:53:59] 2026-07-03T20:00:00 AUDUSD=X/donchian_bidirectional equity=20000.00 trades=0 -> skip
[2026-07-05 21:53:59] 2026-07-03T20:00:00 USDCAD=X/donchian_bidirectional equity=20000.00 trades=0 -> skip
[2026-07-05 21:54:36] 2026-07-03T20:30:00 AUDUSD=X/donchian_bidirectional equity=20000.00 trades=0 -> skip
[2026-07-05 21:55:22] 2026-07-03T20:30:00 AUDUSD=X/donchian_bidirectional equity=20000.00 trades=0 -> skip
[2026-07-05 21:55:38] 2026-07-03T20:00:00 USDCAD=X/donchian_bidirectional equity=20000.00 trades=0 -> skip
[2026-07-05 21:55:38] 2026-07-03T20:00:00 USDJPY=X/donchian_bidirectional equity=20000.00 trades=0 -> skip
[2026-07-05 21:55:38] 2026-07-03T20:00:00 AUDUSD=X/donchian_bidirectional equity=20000.00 trades=0 -> skip
[2026-07-05 21:55:59] 2026-07-03T20:30:00 AUDUSD=X/donchian_bidirectional equity=20000.00 trades=0 -> skip
[2026-07-05 21:57:36] 2026-07-03T20:30:00 AUDUSD=X/donchian_bidirectional equity=20000.00 trades=0 -> skip
[2026-07-05 21:58:22] 2026-07-03T20:30:00 AUDUSD=X/donchian_bidirectional equity=20000.00 trades=0 -> skip
[2026-07-05 21:58:23] 2026-07-03T20:00:00 USDJPY=X/donchian_bidirectional equity=20000.00 trades=0 -> skip
[2026-07-05 21:58:23] 2026-07-03T20:00:00 AUDUSD=X/donchian_bidirectional equity=20000.00 trades=0 -> skip
[2026-07-05 21:58:23] 2026-07-03T20:00:00 USDCAD=X/donchian_bidirectional equity=20000.00 trades=0 -> skip
[2026-07-05 21:58:59] 2026-07-03T20:30:00 AUDUSD=X/donchian_bidirectional equity=20000.00 trades=0 -> skip
[2026-07-05 21:59:00] 2026-07-03T20:00:00 USDJPY=X/donchian_bidirectional equity=20000.00 trades=0 -> skip
[2026-07-05 21:59:00] 2026-07-03T20:00:00 AUDUSD=X/donchian_bidirectional equity=20000.00 trades=0 -> skip
[2026-07-05 21:59:00] 2026-07-03T20:00:00 USDCAD=X/donchian_bidirectional equity=20000.00 trades=0 -> skip
[2026-07-05 22:00:36] 2026-07-03T20:30:00 AUDUSD=X/donchian_bidirectional equity=20000.00 trades=0 -> skip
[2026-07-05 22:00:38] 2026-07-03T20:00:00 USDCAD=X/donchian_bidirectional equity=20000.00 trades=0 -> skip
[2026-07-05 22:00:38] 2026-07-03T20:00:00 USDJPY=X/donchian_bidirectional equity=20000.00 trades=0 -> skip
[2026-07-05 22:00:38] 2026-07-03T20:00:00 AUDUSD=X/donchian_bidirectional equity=20000.00 trades=0 -> skip
[2026-07-05 22:01:23] 2026-07-03T20:30:00 AUDUSD=X/donchian_bidirectional equity=20000.00 trades=0 -> skip
[2026-07-05 22:01:59] 2026-07-03T20:30:00 AUDUSD=X/donchian_bidirectional equity=20000.00 trades=0 -> skip
[2026-07-05 22:03:23] 2026-07-03T20:00:00 USDJPY=X/donchian_bidirectional equity=20000.00 trades=0 -> skip
[2026-07-05 22:03:23] 2026-07-03T20:00:00 AUDUSD=X/donchian_bidirectional equity=20000.00 trades=0 -> skip
[2026-07-05 22:03:24] 2026-07-03T20:00:00 USDCAD=X/donchian_bidirectional equity=20000.00 trades=0 -> skip
[2026-07-05 22:03:36] 2026-07-03T20:30:00 AUDUSD=X/donchian_bidirectional equity=20000.00 trades=0 -> skip
[2026-07-05 22:04:00] 2026-07-03T20:00:00 USDJPY=X/donchian_bidirectional equity=20000.00 trades=0 -> skip
[2026-07-05 22:04:00] 2026-07-03T20:00:00 AUDUSD=X/donchian_bidirectional equity=20000.00 trades=0 -> skip
[2026-07-05 22:04:00] 2026-07-03T20:00:00 USDCAD=X/donchian_bidirectional equity=20000.00 trades=0 -> skip
[2026-07-05 22:04:23] 2026-07-03T20:30:00 AUDUSD=X/donchian_bidirectional equity=20000.00 trades=0 -> skip
[2026-07-05 22:04:59] 2026-07-03T20:30:00 AUDUSD=X/donchian_bidirectional equity=20000.00 trades=0 -> skip
[2026-07-05 22:05:38] 2026-07-03T20:00:00 USDCAD=X/donchian_bidirectional equity=20000.00 trades=0 -> skip
[2026-07-05 22:05:38] 2026-07-03T20:00:00 USDJPY=X/donchian_bidirectional equity=20000.00 trades=0 -> skip
[2026-07-05 22:05:39] 2026-07-03T20:00:00 AUDUSD=X/donchian_bidirectional equity=20000.00 trades=0 -> skip
[2026-07-05 22:06:37] 2026-07-03T20:30:00 AUDUSD=X/donchian_bidirectional equity=20000.00 trades=0 -> skip
[2026-07-05 22:07:23] 2026-07-03T20:30:00 AUDUSD=X/donchian_bidirectional equity=20000.00 trades=0 -> skip
[2026-07-05 22:07:59] 2026-07-03T20:30:00 AUDUSD=X/donchian_bidirectional equity=20000.00 trades=0 -> skip
[2026-07-05 22:08:24] 2026-07-03T20:00:00 USDJPY=X/donchian_bidirectional equity=20000.00 trades=0 -> skip
[2026-07-05 22:08:24] 2026-07-03T20:00:00 AUDUSD=X/donchian_bidirectional equity=20000.00 trades=0 -> skip
[2026-07-05 22:08:24] 2026-07-03T20:00:00 USDCAD=X/donchian_bidirectional equity=20000.00 trades=0 -> skip
[2026-07-05 22:09:00] 2026-07-03T20:00:00 USDJPY=X/donchian_bidirectional equity=20000.00 trades=0 -> skip
[2026-07-05 22:09:00] 2026-07-03T20:00:00 AUDUSD=X/donchian_bidirectional equity=20000.00 trades=0 -> skip
[2026-07-05 22:09:01] 2026-07-03T20:00:00 USDCAD=X/donchian_bidirectional equity=20000.00 trades=0 -> skip
[2026-07-05 22:09:37] 2026-07-03T20:30:00 AUDUSD=X/donchian_bidirectional equity=20000.00 trades=0 -> skip
[2026-07-05 22:10:23] 2026-07-03T20:30:00 AUDUSD=X/donchian_bidirectional equity=20000.00 trades=0 -> skip
[2026-07-05 22:10:39] 2026-07-03T20:00:00 USDCAD=X/donchian_bidirectional equity=20000.00 trades=0 -> skip
[2026-07-05 22:10:39] 2026-07-03T20:00:00 USDJPY=X/donchian_bidirectional equity=20000.00 trades=0 -> skip
[2026-07-05 22:10:39] 2026-07-03T20:00:00 AUDUSD=X/donchian_bidirectional equity=20000.00 trades=0 -> skip
[2026-07-05 22:11:00] 2026-07-03T20:30:00 AUDUSD=X/donchian_bidirectional equity=20000.00 trades=0 -> skip
[2026-07-05 22:12:37] 2026-07-03T20:30:00 AUDUSD=X/donchian_bidirectional equity=20000.00 trades=0 -> skip
[2026-07-05 22:13:23] 2026-07-03T20:30:00 AUDUSD=X/donchian_bidirectional equity=20000.00 trades=0 -> skip
[2026-07-05 22:13:24] 2026-07-03T20:00:00 USDJPY=X/donchian_bidirectional equity=20000.00 trades=0 -> skip
[2026-07-05 22:13:24] 2026-07-03T20:00:00 AUDUSD=X/donchian_bidirectional equity=20000.00 trades=0 -> skip
[2026-07-05 22:13:24] 2026-07-03T20:00:00 USDCAD=X/donchian_bidirectional equity=20000.00 trades=0 -> skip
[2026-07-05 22:14:00] 2026-07-03T20:30:00 AUDUSD=X/donchian_bidirectional equity=20000.00 trades=0 -> skip
[2026-07-05 22:14:01] 2026-07-03T20:00:00 USDJPY=X/donchian_bidirectional equity=20000.00 trades=0 -> skip
[2026-07-05 22:14:01] 2026-07-03T20:00:00 AUDUSD=X/donchian_bidirectional equity=20000.00 trades=0 -> skip
[2026-07-05 22:14:01] 2026-07-03T20:00:00 USDCAD=X/donchian_bidirectional equity=20000.00 trades=0 -> skip
[2026-07-05 22:15:37] 2026-07-03T20:30:00 AUDUSD=X/donchian_bidirectional equity=20000.00 trades=0 -> skip
[2026-07-05 22:15:39] 2026-07-03T20:00:00 USDCAD=X/donchian_bidirectional equity=20000.00 trades=0 -> skip
[2026-07-05 22:15:39] 2026-07-03T20:00:00 USDJPY=X/donchian_bidirectional equity=20000.00 trades=0 -> skip
[2026-07-05 22:15:39] 2026-07-03T20:00:00 AUDUSD=X/donchian_bidirectional equity=20000.00 trades=0 -> skip
[2026-07-05 22:16:23] 2026-07-03T20:30:00 AUDUSD=X/donchian_bidirectional equity=20000.00 trades=0 -> skip
[2026-07-05 22:17:00] 2026-07-03T20:30:00 AUDUSD=X/donchian_bidirectional equity=20000.00 trades=0 -> skip
[2026-07-05 22:18:24] 2026-07-03T20:00:00 USDJPY=X/donchian_bidirectional equity=20000.00 trades=0 -> skip
[2026-07-05 22:18:25] 2026-07-03T20:00:00 AUDUSD=X/donchian_bidirectional equity=20000.00 trades=0 -> skip
[2026-07-05 22:18:25] 2026-07-03T20:00:00 USDCAD=X/donchian_bidirectional equity=20000.00 trades=0 -> skip
[2026-07-05 22:18:37] 2026-07-03T20:30:00 AUDUSD=X/donchian_bidirectional equity=20000.00 trades=0 -> skip
[2026-07-05 22:19:01] 2026-07-03T20:00:00 USDJPY=X/donchian_bidirectional equity=20000.00 trades=0 -> skip
[2026-07-05 22:19:01] 2026-07-03T20:00:00 AUDUSD=X/donchian_bidirectional equity=20000.00 trades=0 -> skip
[2026-07-05 22:19:01] 2026-07-03T20:00:00 USDCAD=X/donchian_bidirectional equity=20000.00 trades=0 -> skip
[2026-07-05 22:19:23] 2026-07-03T20:30:00 AUDUSD=X/donchian_bidirectional equity=20000.00 trades=0 -> skip
[2026-07-05 22:20:00] 2026-07-03T20:30:00 AUDUSD=X/donchian_bidirectional equity=20000.00 trades=0 -> skip
[2026-07-05 22:20:39] 2026-07-03T20:00:00 USDCAD=X/donchian_bidirectional equity=20000.00 trades=0 -> skip
[2026-07-05 22:20:40] 2026-07-03T20:00:00 USDJPY=X/donchian_bidirectional equity=20000.00 trades=0 -> skip
[2026-07-05 22:20:40] 2026-07-03T20:00:00 AUDUSD=X/donchian_bidirectional equity=20000.00 trades=0 -> skip
[2026-07-05 22:21:37] 2026-07-03T20:30:00 AUDUSD=X/donchian_bidirectional equity=20000.00 trades=0 -> skip
[2026-07-05 22:22:23] 2026-07-03T20:30:00 AUDUSD=X/donchian_bidirectional equity=20000.00 trades=0 -> skip
[2026-07-05 22:23:00] 2026-07-03T20:30:00 AUDUSD=X/donchian_bidirectional equity=20000.00 trades=0 -> skip
[2026-07-05 22:23:25] 2026-07-03T20:00:00 USDJPY=X/donchian_bidirectional equity=20000.00 trades=0 -> skip
[2026-07-05 22:23:25] 2026-07-03T20:00:00 AUDUSD=X/donchian_bidirectional equity=20000.00 trades=0 -> skip
[2026-07-05 22:23:25] 2026-07-03T20:00:00 USDCAD=X/donchian_bidirectional equity=20000.00 trades=0 -> skip
[2026-07-05 22:24:01] 2026-07-03T20:00:00 USDJPY=X/donchian_bidirectional equity=20000.00 trades=0 -> skip
[2026-07-05 22:24:02] 2026-07-03T20:00:00 AUDUSD=X/donchian_bidirectional equity=20000.00 trades=0 -> skip
[2026-07-05 22:24:02] 2026-07-03T20:00:00 USDCAD=X/donchian_bidirectional equity=20000.00 trades=0 -> skip
[2026-07-05 22:24:37] 2026-07-03T20:30:00 AUDUSD=X/donchian_bidirectional equity=20000.00 trades=0 -> skip
[2026-07-05 22:25:24] 2026-07-03T20:30:00 AUDUSD=X/donchian_bidirectional equity=20000.00 trades=0 -> skip
[2026-07-05 22:25:40] 2026-07-03T20:00:00 USDCAD=X/donchian_bidirectional equity=20000.00 trades=0 -> skip
[2026-07-05 22:25:40] 2026-07-03T20:00:00 USDJPY=X/donchian_bidirectional equity=20000.00 trades=0 -> skip
[2026-07-05 22:25:40] 2026-07-03T20:00:00 AUDUSD=X/donchian_bidirectional equity=20000.00 trades=0 -> skip
[2026-07-05 22:26:00] 2026-07-03T20:30:00 AUDUSD=X/donchian_bidirectional equity=20000.00 trades=0 -> skip
[2026-07-05 22:27:37] 2026-07-03T20:30:00 AUDUSD=X/donchian_bidirectional equity=20000.00 trades=0 -> skip
[2026-07-05 22:28:24] 2026-07-03T20:30:00 AUDUSD=X/donchian_bidirectional equity=20000.00 trades=0 -> skip
[2026-07-05 22:28:25] 2026-07-03T20:00:00 USDJPY=X/donchian_bidirectional equity=20000.00 trades=0 -> skip
[2026-07-05 22:28:25] 2026-07-03T20:00:00 AUDUSD=X/donchian_bidirectional equity=20000.00 trades=0 -> skip
[2026-07-05 22:28:25] 2026-07-03T20:00:00 USDCAD=X/donchian_bidirectional equity=20000.00 trades=0 -> skip
[2026-07-05 22:29:00] 2026-07-03T20:30:00 AUDUSD=X/donchian_bidirectional equity=20000.00 trades=0 -> skip
[2026-07-05 22:29:02] 2026-07-03T20:00:00 USDJPY=X/donchian_bidirectional equity=20000.00 trades=0 -> skip
[2026-07-05 22:29:02] 2026-07-03T20:00:00 AUDUSD=X/donchian_bidirectional equity=20000.00 trades=0 -> skip
[2026-07-05 22:29:02] 2026-07-03T20:00:00 USDCAD=X/donchian_bidirectional equity=20000.00 trades=0 -> skip
[2026-07-05 22:30:38] 2026-07-03T20:30:00 AUDUSD=X/donchian_bidirectional equity=20000.00 trades=0 -> skip
[2026-07-05 22:30:40] 2026-07-03T20:00:00 USDCAD=X/donchian_bidirectional equity=20000.00 trades=0 -> skip
[2026-07-05 22:30:40] 2026-07-03T20:00:00 USDJPY=X/donchian_bidirectional equity=20000.00 trades=0 -> skip
[2026-07-05 22:30:40] 2026-07-03T20:00:00 AUDUSD=X/donchian_bidirectional equity=20000.00 trades=0 -> skip
[2026-07-05 22:31:24] 2026-07-03T20:30:00 AUDUSD=X/donchian_bidirectional equity=20000.00 trades=0 -> skip
[2026-07-05 22:32:01] 2026-07-03T20:30:00 AUDUSD=X/donchian_bidirectional equity=20000.00 trades=0 -> skip
[2026-07-05 22:33:25] 2026-07-03T20:00:00 USDJPY=X/donchian_bidirectional equity=20000.00 trades=0 -> skip
[2026-07-05 22:33:26] 2026-07-03T20:00:00 AUDUSD=X/donchian_bidirectional equity=20000.00 trades=0 -> skip
[2026-07-05 22:33:26] 2026-07-03T20:00:00 USDCAD=X/donchian_bidirectional equity=20000.00 trades=0 -> skip
[2026-07-05 22:33:38] 2026-07-03T20:30:00 AUDUSD=X/donchian_bidirectional equity=20000.00 trades=0 -> skip
[2026-07-05 22:34:02] 2026-07-03T20:00:00 USDJPY=X/donchian_bidirectional equity=20000.00 trades=0 -> skip
[2026-07-05 22:34:02] 2026-07-03T20:00:00 AUDUSD=X/donchian_bidirectional equity=20000.00 trades=0 -> skip
[2026-07-05 22:34:02] 2026-07-03T20:00:00 USDCAD=X/donchian_bidirectional equity=20000.00 trades=0 -> skip
[2026-07-05 22:34:24] 2026-07-03T20:30:00 AUDUSD=X/donchian_bidirectional equity=20000.00 trades=0 -> skip
[2026-07-05 22:35:01] 2026-07-03T20:30:00 AUDUSD=X/donchian_bidirectional equity=20000.00 trades=0 -> skip
[2026-07-05 22:35:41] 2026-07-03T20:00:00 USDCAD=X/donchian_bidirectional equity=20000.00 trades=0 -> skip
[2026-07-05 22:35:41] 2026-07-03T20:00:00 USDJPY=X/donchian_bidirectional equity=20000.00 trades=0 -> skip
[2026-07-05 22:35:41] 2026-07-03T20:00:00 AUDUSD=X/donchian_bidirectional equity=20000.00 trades=0 -> skip
[2026-07-05 22:36:38] 2026-07-03T20:30:00 AUDUSD=X/donchian_bidirectional equity=20000.00 trades=0 -> skip
[2026-07-05 22:37:24] 2026-07-03T20:30:00 AUDUSD=X/donchian_bidirectional equity=20000.00 trades=0 -> skip
[2026-07-05 22:38:01] 2026-07-03T20:30:00 AUDUSD=X/donchian_bidirectional equity=20000.00 trades=0 -> skip
[2026-07-05 22:38:26] 2026-07-03T20:00:00 USDJPY=X/donchian_bidirectional equity=20000.00 trades=0 -> skip
[2026-07-05 22:38:26] 2026-07-03T20:00:00 AUDUSD=X/donchian_bidirectional equity=20000.00 trades=0 -> skip
[2026-07-05 22:38:26] 2026-07-03T20:00:00 USDCAD=X/donchian_bidirectional equity=20000.00 trades=0 -> skip
[2026-07-05 22:39:03] 2026-07-03T20:00:00 USDJPY=X/donchian_bidirectional equity=20000.00 trades=0 -> skip
[2026-07-05 22:39:03] 2026-07-03T20:00:00 AUDUSD=X/donchian_bidirectional equity=20000.00 trades=0 -> skip
[2026-07-05 22:39:03] 2026-07-03T20:00:00 USDCAD=X/donchian_bidirectional equity=20000.00 trades=0 -> skip
[2026-07-05 22:39:38] 2026-07-03T20:30:00 AUDUSD=X/donchian_bidirectional equity=20000.00 trades=0 -> skip
[2026-07-05 22:40:24] 2026-07-03T20:30:00 AUDUSD=X/donchian_bidirectional equity=20000.00 trades=0 -> skip
[2026-07-05 22:40:41] 2026-07-03T20:00:00 USDCAD=X/donchian_bidirectional equity=20000.00 trades=0 -> skip
[2026-07-05 22:40:41] 2026-07-03T20:00:00 USDJPY=X/donchian_bidirectional equity=20000.00 trades=0 -> skip
[2026-07-05 22:40:41] 2026-07-03T20:00:00 AUDUSD=X/donchian_bidirectional equity=20000.00 trades=0 -> skip
[2026-07-05 22:41:01] 2026-07-03T20:30:00 AUDUSD=X/donchian_bidirectional equity=20000.00 trades=0 -> skip
[2026-07-05 22:42:38] 2026-07-03T20:30:00 AUDUSD=X/donchian_bidirectional equity=20000.00 trades=0 -> skip
[2026-07-05 22:43:24] 2026-07-03T20:30:00 AUDUSD=X/donchian_bidirectional equity=20000.00 trades=0 -> skip
[2026-07-05 22:43:26] 2026-07-03T20:00:00 USDJPY=X/donchian_bidirectional equity=20000.00 trades=0 -> skip
[2026-07-05 22:43:26] 2026-07-03T20:00:00 AUDUSD=X/donchian_bidirectional equity=20000.00 trades=0 -> skip
[2026-07-05 22:43:26] 2026-07-03T20:00:00 USDCAD=X/donchian_bidirectional equity=20000.00 trades=0 -> skip
[2026-07-05 22:44:01] 2026-07-03T20:30:00 AUDUSD=X/donchian_bidirectional equity=20000.00 trades=0 -> skip
[2026-07-05 22:44:03] 2026-07-03T20:00:00 USDJPY=X/donchian_bidirectional equity=20000.00 trades=0 -> skip
[2026-07-05 22:44:03] 2026-07-03T20:00:00 AUDUSD=X/donchian_bidirectional equity=20000.00 trades=0 -> skip
[2026-07-05 22:44:03] 2026-07-03T20:00:00 USDCAD=X/donchian_bidirectional equity=20000.00 trades=0 -> skip
[2026-07-05 22:45:38] 2026-07-03T20:30:00 AUDUSD=X/donchian_bidirectional equity=20000.00 trades=0 -> skip
[2026-07-05 22:45:41] 2026-07-03T20:00:00 USDCAD=X/donchian_bidirectional equity=20000.00 trades=0 -> skip
[2026-07-05 22:45:41] 2026-07-03T20:00:00 USDJPY=X/donchian_bidirectional equity=20000.00 trades=0 -> skip
[2026-07-05 22:45:41] 2026-07-03T20:00:00 AUDUSD=X/donchian_bidirectional equity=20000.00 trades=0 -> skip
[2026-07-05 22:46:24] 2026-07-03T20:30:00 AUDUSD=X/donchian_bidirectional equity=20000.00 trades=0 -> skip
[2026-07-05 22:47:01] 2026-07-03T20:30:00 AUDUSD=X/donchian_bidirectional equity=20000.00 trades=0 -> skip
[2026-07-05 22:48:27] 2026-07-03T20:00:00 USDJPY=X/donchian_bidirectional equity=20000.00 trades=0 -> skip
[2026-07-05 22:48:27] 2026-07-03T20:00:00 AUDUSD=X/donchian_bidirectional equity=20000.00 trades=0 -> skip
[2026-07-05 22:48:27] 2026-07-03T20:00:00 USDCAD=X/donchian_bidirectional equity=20000.00 trades=0 -> skip
[2026-07-05 22:48:38] 2026-07-03T20:30:00 AUDUSD=X/donchian_bidirectional equity=20000.00 trades=0 -> skip
[2026-07-05 22:49:03] 2026-07-03T20:00:00 USDJPY=X/donchian_bidirectional equity=20000.00 trades=0 -> skip
[2026-07-05 22:49:03] 2026-07-03T20:00:00 AUDUSD=X/donchian_bidirectional equity=20000.00 trades=0 -> skip
[2026-07-05 22:49:03] 2026-07-03T20:00:00 USDCAD=X/donchian_bidirectional equity=20000.00 trades=0 -> skip
[2026-07-05 22:49:25] 2026-07-03T20:30:00 AUDUSD=X/donchian_bidirectional equity=20000.00 trades=0 -> skip
[2026-07-05 22:50:01] 2026-07-03T20:30:00 AUDUSD=X/donchian_bidirectional equity=20000.00 trades=0 -> skip
[2026-07-05 22:50:42] 2026-07-03T20:00:00 USDCAD=X/donchian_bidirectional equity=20000.00 trades=0 -> skip
[2026-07-05 22:50:42] 2026-07-03T20:00:00 USDJPY=X/donchian_bidirectional equity=20000.00 trades=0 -> skip
[2026-07-05 22:50:42] 2026-07-03T20:00:00 AUDUSD=X/donchian_bidirectional equity=20000.00 trades=0 -> skip
[2026-07-05 22:51:39] 2026-07-03T20:30:00 AUDUSD=X/donchian_bidirectional equity=20000.00 trades=0 -> skip
[2026-07-05 22:52:25] 2026-07-03T20:30:00 AUDUSD=X/donchian_bidirectional equity=20000.00 trades=0 -> skip
[2026-07-05 22:53:01] 2026-07-03T20:30:00 AUDUSD=X/donchian_bidirectional equity=20000.00 trades=0 -> skip
[2026-07-05 22:53:27] 2026-07-03T20:00:00 USDJPY=X/donchian_bidirectional equity=20000.00 trades=0 -> skip
[2026-07-05 22:53:27] 2026-07-03T20:00:00 AUDUSD=X/donchian_bidirectional equity=20000.00 trades=0 -> skip
[2026-07-05 22:53:27] 2026-07-03T20:00:00 USDCAD=X/donchian_bidirectional equity=20000.00 trades=0 -> skip
[2026-07-05 22:54:04] 2026-07-03T20:00:00 USDJPY=X/donchian_bidirectional equity=20000.00 trades=0 -> skip
[2026-07-05 22:54:04] 2026-07-03T20:00:00 AUDUSD=X/donchian_bidirectional equity=20000.00 trades=0 -> skip
[2026-07-05 22:54:04] 2026-07-03T20:00:00 USDCAD=X/donchian_bidirectional equity=20000.00 trades=0 -> skip
[2026-07-05 22:54:39] 2026-07-03T20:30:00 AUDUSD=X/donchian_bidirectional equity=20000.00 trades=0 -> skip
[2026-07-05 22:55:25] 2026-07-03T20:30:00 AUDUSD=X/donchian_bidirectional equity=20000.00 trades=0 -> skip
[2026-07-05 22:55:42] 2026-07-03T20:00:00 USDCAD=X/donchian_bidirectional equity=20000.00 trades=0 -> skip
[2026-07-05 22:55:42] 2026-07-03T20:00:00 USDJPY=X/donchian_bidirectional equity=20000.00 trades=0 -> skip
[2026-07-05 22:55:42] 2026-07-03T20:00:00 AUDUSD=X/donchian_bidirectional equity=20000.00 trades=0 -> skip
[2026-07-05 22:56:02] 2026-07-03T20:30:00 AUDUSD=X/donchian_bidirectional equity=20000.00 trades=0 -> skip
[2026-07-05 22:57:39] 2026-07-03T20:30:00 AUDUSD=X/donchian_bidirectional equity=20000.00 trades=0 -> skip
[2026-07-05 22:58:25] 2026-07-03T20:30:00 AUDUSD=X/donchian_bidirectional equity=20000.00 trades=0 -> skip
[2026-07-05 22:58:27] 2026-07-03T20:00:00 USDJPY=X/donchian_bidirectional equity=20000.00 trades=0 -> skip
[2026-07-05 22:58:27] 2026-07-03T20:00:00 AUDUSD=X/donchian_bidirectional equity=20000.00 trades=0 -> skip
[2026-07-05 22:58:28] 2026-07-03T20:00:00 USDCAD=X/donchian_bidirectional equity=20000.00 trades=0 -> skip
[2026-07-05 22:59:02] 2026-07-03T20:30:00 AUDUSD=X/donchian_bidirectional equity=20000.00 trades=0 -> skip
[2026-07-05 22:59:04] 2026-07-03T20:00:00 USDJPY=X/donchian_bidirectional equity=20000.00 trades=0 -> skip
[2026-07-05 22:59:04] 2026-07-03T20:00:00 AUDUSD=X/donchian_bidirectional equity=20000.00 trades=0 -> skip
[2026-07-05 22:59:04] 2026-07-03T20:00:00 USDCAD=X/donchian_bidirectional equity=20000.00 trades=0 -> skip
[2026-07-05 23:00:39] 2026-07-03T20:30:00 AUDUSD=X/donchian_bidirectional equity=20000.00 trades=0 -> skip
[2026-07-05 23:00:42] 2026-07-03T20:00:00 USDCAD=X/donchian_bidirectional equity=20000.00 trades=0 -> skip
[2026-07-05 23:00:43] 2026-07-03T20:00:00 USDJPY=X/donchian_bidirectional equity=20000.00 trades=0 -> skip
[2026-07-05 23:00:43] 2026-07-03T20:00:00 AUDUSD=X/donchian_bidirectional equity=20000.00 trades=0 -> skip
[2026-07-05 23:01:25] 2026-07-03T20:30:00 AUDUSD=X/donchian_bidirectional equity=20000.00 trades=0 -> skip
[2026-07-05 23:02:02] 2026-07-03T20:30:00 AUDUSD=X/donchian_bidirectional equity=20000.00 trades=0 -> skip
[2026-07-05 23:03:28] 2026-07-03T20:00:00 USDJPY=X/donchian_bidirectional equity=20000.00 trades=0 -> skip
[2026-07-05 23:03:28] 2026-07-03T20:00:00 AUDUSD=X/donchian_bidirectional equity=20000.00 trades=0 -> skip
[2026-07-05 23:03:28] 2026-07-03T20:00:00 USDCAD=X/donchian_bidirectional equity=20000.00 trades=0 -> skip
[2026-07-05 23:03:39] 2026-07-03T20:30:00 AUDUSD=X/donchian_bidirectional equity=20000.00 trades=0 -> skip
[2026-07-05 23:04:04] 2026-07-03T20:00:00 USDJPY=X/donchian_bidirectional equity=20000.00 trades=0 -> skip
[2026-07-05 23:04:05] 2026-07-03T20:00:00 AUDUSD=X/donchian_bidirectional equity=20000.00 trades=0 -> skip
[2026-07-05 23:04:05] 2026-07-03T20:00:00 USDCAD=X/donchian_bidirectional equity=20000.00 trades=0 -> skip
[2026-07-05 23:04:25] 2026-07-03T20:30:00 AUDUSD=X/donchian_bidirectional equity=20000.00 trades=0 -> skip
[2026-07-05 23:05:02] 2026-07-03T20:30:00 AUDUSD=X/donchian_bidirectional equity=20000.00 trades=0 -> skip
[2026-07-05 23:05:43] 2026-07-03T20:00:00 USDCAD=X/donchian_bidirectional equity=20000.00 trades=0 -> skip
[2026-07-05 23:05:43] 2026-07-03T20:00:00 USDJPY=X/donchian_bidirectional equity=20000.00 trades=0 -> skip
[2026-07-05 23:05:43] 2026-07-03T20:00:00 AUDUSD=X/donchian_bidirectional equity=20000.00 trades=0 -> skip
[2026-07-05 23:06:39] 2026-07-03T20:30:00 AUDUSD=X/donchian_bidirectional equity=20000.00 trades=0 -> skip
[2026-07-05 23:07:26] 2026-07-03T20:30:00 AUDUSD=X/donchian_bidirectional equity=20000.00 trades=0 -> skip
[2026-07-05 23:08:02] 2026-07-03T20:30:00 AUDUSD=X/donchian_bidirectional equity=20000.00 trades=0 -> skip
[2026-07-05 23:08:31] 2026-07-03T20:00:00 USDJPY=X/donchian_bidirectional equity=20000.00 trades=0 -> skip
[2026-07-05 23:08:31] 2026-07-03T20:00:00 AUDUSD=X/donchian_bidirectional equity=20000.00 trades=0 -> skip
[2026-07-05 23:08:31] 2026-07-03T20:00:00 USDCAD=X/donchian_bidirectional equity=20000.00 trades=0 -> skip
[2026-07-05 23:09:05] 2026-07-03T20:00:00 USDJPY=X/donchian_bidirectional equity=20000.00 trades=0 -> skip
[2026-07-05 23:09:05] 2026-07-03T20:00:00 AUDUSD=X/donchian_bidirectional equity=20000.00 trades=0 -> skip
[2026-07-05 23:09:05] 2026-07-03T20:00:00 USDCAD=X/donchian_bidirectional equity=20000.00 trades=0 -> skip
[2026-07-05 23:09:39] 2026-07-03T20:30:00 AUDUSD=X/donchian_bidirectional equity=20000.00 trades=0 -> skip
[2026-07-05 23:10:26] 2026-07-03T20:30:00 AUDUSD=X/donchian_bidirectional equity=20000.00 trades=0 -> skip
[2026-07-05 23:10:43] 2026-07-03T20:00:00 USDCAD=X/donchian_bidirectional equity=20000.00 trades=0 -> skip
[2026-07-05 23:10:43] 2026-07-03T20:00:00 USDJPY=X/donchian_bidirectional equity=20000.00 trades=0 -> skip
[2026-07-05 23:10:44] 2026-07-03T20:00:00 AUDUSD=X/donchian_bidirectional equity=20000.00 trades=0 -> skip
[2026-07-05 23:11:02] 2026-07-03T20:30:00 AUDUSD=X/donchian_bidirectional equity=20000.00 trades=0 -> skip
[2026-07-05 23:12:40] 2026-07-03T20:30:00 AUDUSD=X/donchian_bidirectional equity=20000.00 trades=0 -> skip
[2026-07-05 23:13:26] 2026-07-03T20:30:00 AUDUSD=X/donchian_bidirectional equity=20000.00 trades=0 -> skip
[2026-07-05 23:13:31] 2026-07-03T20:00:00 USDJPY=X/donchian_bidirectional equity=20000.00 trades=0 -> skip
[2026-07-05 23:13:31] 2026-07-03T20:00:00 AUDUSD=X/donchian_bidirectional equity=20000.00 trades=0 -> skip
[2026-07-05 23:13:32] 2026-07-03T20:00:00 USDCAD=X/donchian_bidirectional equity=20000.00 trades=0 -> skip
[2026-07-05 23:14:03] 2026-07-03T20:30:00 AUDUSD=X/donchian_bidirectional equity=20000.00 trades=0 -> skip
[2026-07-05 23:14:05] 2026-07-03T20:00:00 USDJPY=X/donchian_bidirectional equity=20000.00 trades=0 -> skip
[2026-07-05 23:14:06] 2026-07-03T20:00:00 AUDUSD=X/donchian_bidirectional equity=20000.00 trades=0 -> skip
[2026-07-05 23:14:06] 2026-07-03T20:00:00 USDCAD=X/donchian_bidirectional equity=20000.00 trades=0 -> skip
[2026-07-05 23:15:40] 2026-07-03T20:30:00 AUDUSD=X/donchian_bidirectional equity=20000.00 trades=0 -> skip
[2026-07-05 23:15:44] 2026-07-03T20:00:00 USDCAD=X/donchian_bidirectional equity=20000.00 trades=0 -> skip
[2026-07-05 23:15:44] 2026-07-03T20:00:00 USDJPY=X/donchian_bidirectional equity=20000.00 trades=0 -> skip
[2026-07-05 23:15:44] 2026-07-03T20:00:00 AUDUSD=X/donchian_bidirectional equity=20000.00 trades=0 -> skip
[2026-07-05 23:16:26] 2026-07-03T20:30:00 AUDUSD=X/donchian_bidirectional equity=20000.00 trades=0 -> skip
[2026-07-05 23:17:03] 2026-07-03T20:30:00 AUDUSD=X/donchian_bidirectional equity=20000.00 trades=0 -> skip
[2026-07-05 23:18:32] 2026-07-03T20:00:00 USDJPY=X/donchian_bidirectional equity=20000.00 trades=0 -> skip
[2026-07-05 23:18:32] 2026-07-03T20:00:00 AUDUSD=X/donchian_bidirectional equity=20000.00 trades=0 -> skip
[2026-07-05 23:18:32] 2026-07-03T20:00:00 USDCAD=X/donchian_bidirectional equity=20000.00 trades=0 -> skip
[2026-07-05 23:18:40] 2026-07-03T20:30:00 AUDUSD=X/donchian_bidirectional equity=20000.00 trades=0 -> skip
[2026-07-05 23:19:06] 2026-07-03T20:00:00 USDJPY=X/donchian_bidirectional equity=20000.00 trades=0 -> skip
[2026-07-05 23:19:06] 2026-07-03T20:00:00 AUDUSD=X/donchian_bidirectional equity=20000.00 trades=0 -> skip
[2026-07-05 23:19:06] 2026-07-03T20:00:00 USDCAD=X/donchian_bidirectional equity=20000.00 trades=0 -> skip
[2026-07-05 23:19:26] 2026-07-03T20:30:00 AUDUSD=X/donchian_bidirectional equity=20000.00 trades=0 -> skip
[2026-07-05 23:20:03] 2026-07-03T20:30:00 AUDUSD=X/donchian_bidirectional equity=20000.00 trades=0 -> skip
[2026-07-05 23:20:44] 2026-07-03T20:00:00 USDCAD=X/donchian_bidirectional equity=20000.00 trades=0 -> skip
[2026-07-05 23:20:44] 2026-07-03T20:00:00 USDJPY=X/donchian_bidirectional equity=20000.00 trades=0 -> skip
[2026-07-05 23:20:44] 2026-07-03T20:00:00 AUDUSD=X/donchian_bidirectional equity=20000.00 trades=0 -> skip
[2026-07-05 23:21:40] 2026-07-03T20:30:00 AUDUSD=X/donchian_bidirectional equity=20000.00 trades=0 -> skip
[2026-07-05 23:22:26] 2026-07-03T20:30:00 AUDUSD=X/donchian_bidirectional equity=20000.00 trades=0 -> skip
[2026-07-05 23:23:03] 2026-07-03T20:30:00 AUDUSD=X/donchian_bidirectional equity=20000.00 trades=0 -> skip
[2026-07-05 23:23:32] 2026-07-03T20:00:00 USDJPY=X/donchian_bidirectional equity=20000.00 trades=0 -> skip
[2026-07-05 23:23:32] 2026-07-03T20:00:00 AUDUSD=X/donchian_bidirectional equity=20000.00 trades=0 -> skip
[2026-07-05 23:23:32] 2026-07-03T20:00:00 USDCAD=X/donchian_bidirectional equity=20000.00 trades=0 -> skip
[2026-07-05 23:24:06] 2026-07-03T20:00:00 USDJPY=X/donchian_bidirectional equity=20000.00 trades=0 -> skip
[2026-07-05 23:24:06] 2026-07-03T20:00:00 AUDUSD=X/donchian_bidirectional equity=20000.00 trades=0 -> skip
[2026-07-05 23:24:06] 2026-07-03T20:00:00 USDCAD=X/donchian_bidirectional equity=20000.00 trades=0 -> skip
[2026-07-05 23:24:40] 2026-07-03T20:30:00 AUDUSD=X/donchian_bidirectional equity=20000.00 trades=0 -> skip
[2026-07-05 23:25:26] 2026-07-03T20:30:00 AUDUSD=X/donchian_bidirectional equity=20000.00 trades=0 -> skip
[2026-07-05 23:25:44] 2026-07-03T20:00:00 USDCAD=X/donchian_bidirectional equity=20000.00 trades=0 -> skip
[2026-07-05 23:25:45] 2026-07-03T20:00:00 USDJPY=X/donchian_bidirectional equity=20000.00 trades=0 -> skip
[2026-07-05 23:25:45] 2026-07-03T20:00:00 AUDUSD=X/donchian_bidirectional equity=20000.00 trades=0 -> skip
[2026-07-05 23:26:03] 2026-07-03T20:30:00 AUDUSD=X/donchian_bidirectional equity=20000.00 trades=0 -> skip
[2026-07-05 23:27:40] 2026-07-03T20:30:00 AUDUSD=X/donchian_bidirectional equity=20000.00 trades=0 -> skip
[2026-07-05 23:28:26] 2026-07-03T20:30:00 AUDUSD=X/donchian_bidirectional equity=20000.00 trades=0 -> skip
[2026-07-05 23:28:32] 2026-07-03T20:00:00 USDJPY=X/donchian_bidirectional equity=20000.00 trades=0 -> skip
[2026-07-05 23:28:32] 2026-07-03T20:00:00 AUDUSD=X/donchian_bidirectional equity=20000.00 trades=0 -> skip
[2026-07-05 23:28:33] 2026-07-03T20:00:00 USDCAD=X/donchian_bidirectional equity=20000.00 trades=0 -> skip
[2026-07-05 23:29:03] 2026-07-03T20:30:00 AUDUSD=X/donchian_bidirectional equity=20000.00 trades=0 -> skip
[2026-07-05 23:29:06] 2026-07-03T20:00:00 USDJPY=X/donchian_bidirectional equity=20000.00 trades=0 -> skip
[2026-07-05 23:29:07] 2026-07-03T20:00:00 AUDUSD=X/donchian_bidirectional equity=20000.00 trades=0 -> skip
[2026-07-05 23:29:07] 2026-07-03T20:00:00 USDCAD=X/donchian_bidirectional equity=20000.00 trades=0 -> skip
[2026-07-05 23:30:40] 2026-07-03T20:30:00 AUDUSD=X/donchian_bidirectional equity=20000.00 trades=0 -> skip
[2026-07-05 23:30:45] 2026-07-03T20:00:00 USDCAD=X/donchian_bidirectional equity=20000.00 trades=0 -> skip
[2026-07-05 23:30:45] 2026-07-03T20:00:00 USDJPY=X/donchian_bidirectional equity=20000.00 trades=0 -> skip
[2026-07-05 23:30:45] 2026-07-03T20:00:00 AUDUSD=X/donchian_bidirectional equity=20000.00 trades=0 -> skip
[2026-07-05 23:31:27] 2026-07-03T20:30:00 AUDUSD=X/donchian_bidirectional equity=20000.00 trades=0 -> skip
[2026-07-05 23:32:03] 2026-07-03T20:30:00 AUDUSD=X/donchian_bidirectional equity=20000.00 trades=0 -> skip
[2026-07-05 23:33:33] 2026-07-03T20:00:00 USDJPY=X/donchian_bidirectional equity=20000.00 trades=0 -> skip
[2026-07-05 23:33:33] 2026-07-03T20:00:00 AUDUSD=X/donchian_bidirectional equity=20000.00 trades=0 -> skip
[2026-07-05 23:33:33] 2026-07-03T20:00:00 USDCAD=X/donchian_bidirectional equity=20000.00 trades=0 -> skip
[2026-07-05 23:33:40] 2026-07-03T20:30:00 AUDUSD=X/donchian_bidirectional equity=20000.00 trades=0 -> skip
[2026-07-05 23:34:07] 2026-07-03T20:00:00 USDJPY=X/donchian_bidirectional equity=20000.00 trades=0 -> skip
[2026-07-05 23:34:07] 2026-07-03T20:00:00 AUDUSD=X/donchian_bidirectional equity=20000.00 trades=0 -> skip
[2026-07-05 23:34:07] 2026-07-03T20:00:00 USDCAD=X/donchian_bidirectional equity=20000.00 trades=0 -> skip
[2026-07-05 23:34:27] 2026-07-03T20:30:00 AUDUSD=X/donchian_bidirectional equity=20000.00 trades=0 -> skip
[2026-07-05 23:35:03] 2026-07-03T20:30:00 AUDUSD=X/donchian_bidirectional equity=20000.00 trades=0 -> skip
[2026-07-05 23:35:45] 2026-07-03T20:00:00 USDCAD=X/donchian_bidirectional equity=20000.00 trades=0 -> skip
[2026-07-05 23:35:45] 2026-07-03T20:00:00 USDJPY=X/donchian_bidirectional equity=20000.00 trades=0 -> skip
[2026-07-05 23:35:45] 2026-07-03T20:00:00 AUDUSD=X/donchian_bidirectional equity=20000.00 trades=0 -> skip
[2026-07-05 23:36:41] 2026-07-03T20:30:00 AUDUSD=X/donchian_bidirectional equity=20000.00 trades=0 -> skip
[2026-07-05 23:37:27] 2026-07-03T20:30:00 AUDUSD=X/donchian_bidirectional equity=20000.00 trades=0 -> skip
[2026-07-05 23:38:04] 2026-07-03T20:30:00 AUDUSD=X/donchian_bidirectional equity=20000.00 trades=0 -> skip
[2026-07-05 23:38:33] 2026-07-03T20:00:00 USDJPY=X/donchian_bidirectional equity=20000.00 trades=0 -> skip
[2026-07-05 23:38:33] 2026-07-03T20:00:00 AUDUSD=X/donchian_bidirectional equity=20000.00 trades=0 -> skip
[2026-07-05 23:38:33] 2026-07-03T20:00:00 USDCAD=X/donchian_bidirectional equity=20000.00 trades=0 -> skip
[2026-07-05 23:39:07] 2026-07-03T20:00:00 USDJPY=X/donchian_bidirectional equity=20000.00 trades=0 -> skip
[2026-07-05 23:39:07] 2026-07-03T20:00:00 AUDUSD=X/donchian_bidirectional equity=20000.00 trades=0 -> skip
[2026-07-05 23:39:07] 2026-07-03T20:00:00 USDCAD=X/donchian_bidirectional equity=20000.00 trades=0 -> skip
[2026-07-05 23:39:41] 2026-07-03T20:30:00 AUDUSD=X/donchian_bidirectional equity=20000.00 trades=0 -> skip
[2026-07-05 23:40:27] 2026-07-03T20:30:00 AUDUSD=X/donchian_bidirectional equity=20000.00 trades=0 -> skip
[2026-07-05 23:40:45] 2026-07-03T20:00:00 USDCAD=X/donchian_bidirectional equity=20000.00 trades=0 -> skip
[2026-07-05 23:40:46] 2026-07-03T20:00:00 USDJPY=X/donchian_bidirectional equity=20000.00 trades=0 -> skip
[2026-07-05 23:40:46] 2026-07-03T20:00:00 AUDUSD=X/donchian_bidirectional equity=20000.00 trades=0 -> skip
[2026-07-05 23:41:04] 2026-07-03T20:30:00 AUDUSD=X/donchian_bidirectional equity=20000.00 trades=0 -> skip
[2026-07-05 23:42:41] 2026-07-03T20:30:00 AUDUSD=X/donchian_bidirectional equity=20000.00 trades=0 -> skip
[2026-07-05 23:43:27] 2026-07-03T20:30:00 AUDUSD=X/donchian_bidirectional equity=20000.00 trades=0 -> skip
[2026-07-05 23:43:33] 2026-07-03T20:00:00 USDJPY=X/donchian_bidirectional equity=20000.00 trades=0 -> skip
[2026-07-05 23:43:33] 2026-07-03T20:00:00 AUDUSD=X/donchian_bidirectional equity=20000.00 trades=0 -> skip
[2026-07-05 23:43:34] 2026-07-03T20:00:00 USDCAD=X/donchian_bidirectional equity=20000.00 trades=0 -> skip
[2026-07-05 23:44:04] 2026-07-03T20:30:00 AUDUSD=X/donchian_bidirectional equity=20000.00 trades=0 -> skip
[2026-07-05 23:44:07] 2026-07-03T20:00:00 USDJPY=X/donchian_bidirectional equity=20000.00 trades=0 -> skip
[2026-07-05 23:44:08] 2026-07-03T20:00:00 AUDUSD=X/donchian_bidirectional equity=20000.00 trades=0 -> skip
[2026-07-05 23:44:08] 2026-07-03T20:00:00 USDCAD=X/donchian_bidirectional equity=20000.00 trades=0 -> skip
[2026-07-05 23:45:41] 2026-07-03T20:30:00 AUDUSD=X/donchian_bidirectional equity=20000.00 trades=0 -> skip
[2026-07-05 23:45:46] 2026-07-03T20:00:00 USDCAD=X/donchian_bidirectional equity=20000.00 trades=0 -> skip
[2026-07-05 23:45:46] 2026-07-03T20:00:00 USDJPY=X/donchian_bidirectional equity=20000.00 trades=0 -> skip
[2026-07-05 23:45:46] 2026-07-03T20:00:00 AUDUSD=X/donchian_bidirectional equity=20000.00 trades=0 -> skip
[2026-07-05 23:46:27] 2026-07-03T20:30:00 AUDUSD=X/donchian_bidirectional equity=20000.00 trades=0 -> skip
[2026-07-05 23:47:04] 2026-07-03T20:30:00 AUDUSD=X/donchian_bidirectional equity=20000.00 trades=0 -> skip
[2026-07-05 23:48:34] 2026-07-03T20:00:00 USDJPY=X/donchian_bidirectional equity=20000.00 trades=0 -> skip
[2026-07-05 23:48:34] 2026-07-03T20:00:00 AUDUSD=X/donchian_bidirectional equity=20000.00 trades=0 -> skip
[2026-07-05 23:48:34] 2026-07-03T20:00:00 USDCAD=X/donchian_bidirectional equity=20000.00 trades=0 -> skip
[2026-07-05 23:48:41] 2026-07-03T20:30:00 AUDUSD=X/donchian_bidirectional equity=20000.00 trades=0 -> skip
[2026-07-05 23:49:08] 2026-07-03T20:00:00 USDJPY=X/donchian_bidirectional equity=20000.00 trades=0 -> skip
[2026-07-05 23:49:08] 2026-07-03T20:00:00 AUDUSD=X/donchian_bidirectional equity=20000.00 trades=0 -> skip
[2026-07-05 23:49:08] 2026-07-03T20:00:00 USDCAD=X/donchian_bidirectional equity=20000.00 trades=0 -> skip
[2026-07-05 23:49:27] 2026-07-03T20:30:00 AUDUSD=X/donchian_bidirectional equity=20000.00 trades=0 -> skip
[2026-07-05 23:50:04] 2026-07-03T20:30:00 AUDUSD=X/donchian_bidirectional equity=20000.00 trades=0 -> skip
[2026-07-05 23:50:46] 2026-07-03T20:00:00 USDCAD=X/donchian_bidirectional equity=20000.00 trades=0 -> skip
[2026-07-05 23:50:46] 2026-07-03T20:00:00 USDJPY=X/donchian_bidirectional equity=20000.00 trades=0 -> skip
[2026-07-05 23:50:46] 2026-07-03T20:00:00 AUDUSD=X/donchian_bidirectional equity=20000.00 trades=0 -> skip
[2026-07-05 23:51:41] 2026-07-03T20:30:00 AUDUSD=X/donchian_bidirectional equity=20000.00 trades=0 -> skip
[2026-07-05 23:52:27] 2026-07-03T20:30:00 AUDUSD=X/donchian_bidirectional equity=20000.00 trades=0 -> skip
[2026-07-05 23:53:04] 2026-07-03T20:30:00 AUDUSD=X/donchian_bidirectional equity=20000.00 trades=0 -> skip
[2026-07-05 23:53:34] 2026-07-03T20:00:00 USDJPY=X/donchian_bidirectional equity=20000.00 trades=0 -> skip
[2026-07-05 23:53:34] 2026-07-03T20:00:00 AUDUSD=X/donchian_bidirectional equity=20000.00 trades=0 -> skip
[2026-07-05 23:53:34] 2026-07-03T20:00:00 USDCAD=X/donchian_bidirectional equity=20000.00 trades=0 -> skip
[2026-07-05 23:54:08] 2026-07-03T20:00:00 USDJPY=X/donchian_bidirectional equity=20000.00 trades=0 -> skip
[2026-07-05 23:54:08] 2026-07-03T20:00:00 AUDUSD=X/donchian_bidirectional equity=20000.00 trades=0 -> skip
[2026-07-05 23:54:08] 2026-07-03T20:00:00 USDCAD=X/donchian_bidirectional equity=20000.00 trades=0 -> skip
[2026-07-05 23:54:41] 2026-07-03T20:30:00 AUDUSD=X/donchian_bidirectional equity=20000.00 trades=0 -> skip
[2026-07-05 23:55:28] 2026-07-03T20:30:00 AUDUSD=X/donchian_bidirectional equity=20000.00 trades=0 -> skip
[2026-07-05 23:55:47] 2026-07-03T20:00:00 USDCAD=X/donchian_bidirectional equity=20000.00 trades=0 -> skip
[2026-07-05 23:55:47] 2026-07-03T20:00:00 USDJPY=X/donchian_bidirectional equity=20000.00 trades=0 -> skip
[2026-07-05 23:55:47] 2026-07-03T20:00:00 AUDUSD=X/donchian_bidirectional equity=20000.00 trades=0 -> skip
[2026-07-05 23:56:04] 2026-07-03T20:30:00 AUDUSD=X/donchian_bidirectional equity=20000.00 trades=0 -> skip
[2026-07-05 23:57:41] 2026-07-03T20:30:00 AUDUSD=X/donchian_bidirectional equity=20000.00 trades=0 -> skip
[2026-07-05 23:58:28] 2026-07-03T20:30:00 AUDUSD=X/donchian_bidirectional equity=20000.00 trades=0 -> skip
[2026-07-05 23:58:34] 2026-07-03T20:00:00 USDJPY=X/donchian_bidirectional equity=20000.00 trades=0 -> skip
[2026-07-05 23:58:34] 2026-07-03T20:00:00 AUDUSD=X/donchian_bidirectional equity=20000.00 trades=0 -> skip
[2026-07-05 23:58:35] 2026-07-03T20:00:00 USDCAD=X/donchian_bidirectional equity=20000.00 trades=0 -> skip
[2026-07-05 23:59:04] 2026-07-03T20:30:00 AUDUSD=X/donchian_bidirectional equity=20000.00 trades=0 -> skip
[2026-07-05 23:59:09] 2026-07-03T20:00:00 USDJPY=X/donchian_bidirectional equity=20000.00 trades=0 -> skip
[2026-07-05 23:59:09] 2026-07-03T20:00:00 AUDUSD=X/donchian_bidirectional equity=20000.00 trades=0 -> skip
[2026-07-05 23:59:09] 2026-07-03T20:00:00 USDCAD=X/donchian_bidirectional equity=20000.00 trades=0 -> skip
[2026-07-06 00:00:42] 2026-07-03T20:30:00 AUDUSD=X/donchian_bidirectional equity=20000.00 trades=0 -> skip
[2026-07-06 00:00:47] 2026-07-03T20:00:00 USDCAD=X/donchian_bidirectional equity=20000.00 trades=0 -> skip
[2026-07-06 00:00:47] 2026-07-03T20:00:00 USDJPY=X/donchian_bidirectional equity=20000.00 trades=0 -> skip
[2026-07-06 00:00:47] 2026-07-03T20:00:00 AUDUSD=X/donchian_bidirectional equity=20000.00 trades=0 -> skip
[2026-07-06 00:01:28] 2026-07-03T20:30:00 AUDUSD=X/donchian_bidirectional equity=20000.00 trades=0 -> skip
[2026-07-06 00:02:05] 2026-07-03T20:30:00 AUDUSD=X/donchian_bidirectional equity=20000.00 trades=0 -> skip
[2026-07-06 00:03:35] 2026-07-03T20:00:00 USDJPY=X/donchian_bidirectional equity=20000.00 trades=0 -> skip
[2026-07-06 00:03:35] 2026-07-03T20:00:00 AUDUSD=X/donchian_bidirectional equity=20000.00 trades=0 -> skip
[2026-07-06 00:03:35] 2026-07-03T20:00:00 USDCAD=X/donchian_bidirectional equity=20000.00 trades=0 -> skip
[2026-07-06 00:03:41] START portfolio OOS forex [30m] pairs=1
[2026-07-06 00:03:41] START portfolio OOS forex [1h] pairs=4
[2026-07-06 00:03:41] 2026-07-03T20:00:00 USDJPY=X/donchian_bidirectional equity=20000.00 trades=0 -> skip
[2026-07-06 00:03:41] 2026-07-03T20:30:00 AUDUSD=X/donchian_bidirectional equity=20000.00 trades=0 -> skip
[2026-07-06 00:03:41] 2026-07-03T20:00:00 USDCAD=X/donchian_bidirectional equity=20000.00 trades=0 -> skip
[2026-07-06 00:03:42] 2026-07-03T20:00:00 GBPUSD=X/forex_mtf_breakout equity=20000.00 trades=0 -> hold
[2026-07-06 00:03:42] 2026-07-03T20:30:00 AUDUSD=X/donchian_bidirectional equity=20000.00 trades=0 -> skip
[2026-07-06 00:03:42] 2026-07-03T20:00:00 AUDUSD=X/donchian_bidirectional equity=20000.00 trades=0 -> skip
[2026-07-06 00:04:09] 2026-07-03T20:00:00 USDJPY=X/donchian_bidirectional equity=20000.00 trades=0 -> skip
[2026-07-06 00:04:09] 2026-07-03T20:00:00 AUDUSD=X/donchian_bidirectional equity=20000.00 trades=0 -> skip
[2026-07-06 00:04:09] 2026-07-03T20:00:00 USDCAD=X/donchian_bidirectional equity=20000.00 trades=0 -> skip
[2026-07-06 00:04:28] 2026-07-03T20:30:00 AUDUSD=X/donchian_bidirectional equity=20000.00 trades=0 -> skip
[2026-07-06 00:05:05] 2026-07-03T20:30:00 AUDUSD=X/donchian_bidirectional equity=20000.00 trades=0 -> skip
[2026-07-06 00:05:47] 2026-07-03T20:00:00 USDCAD=X/donchian_bidirectional equity=20000.00 trades=0 -> skip
[2026-07-06 00:05:47] 2026-07-03T20:00:00 USDJPY=X/donchian_bidirectional equity=20000.00 trades=0 -> skip
[2026-07-06 00:05:47] 2026-07-03T20:00:00 AUDUSD=X/donchian_bidirectional equity=20000.00 trades=0 -> skip
[2026-07-06 00:06:41] 2026-07-03T20:30:00 AUDUSD=X/donchian_bidirectional equity=20000.00 trades=0 -> skip
[2026-07-06 00:06:42] 2026-07-03T20:30:00 AUDUSD=X/donchian_bidirectional equity=20000.00 trades=0 -> skip
[2026-07-06 00:07:28] 2026-07-03T20:30:00 AUDUSD=X/donchian_bidirectional equity=20000.00 trades=0 -> skip
[2026-07-06 00:08:05] 2026-07-03T20:30:00 AUDUSD=X/donchian_bidirectional equity=20000.00 trades=0 -> skip
[2026-07-06 00:08:35] 2026-07-03T20:00:00 USDJPY=X/donchian_bidirectional equity=20000.00 trades=0 -> skip
[2026-07-06 00:08:35] 2026-07-03T20:00:00 AUDUSD=X/donchian_bidirectional equity=20000.00 trades=0 -> skip
[2026-07-06 00:08:35] 2026-07-03T20:00:00 USDCAD=X/donchian_bidirectional equity=20000.00 trades=0 -> skip
[2026-07-06 00:08:42] 2026-07-03T20:00:00 USDJPY=X/donchian_bidirectional equity=20000.00 trades=0 -> skip
[2026-07-06 00:08:42] 2026-07-03T20:00:00 USDCAD=X/donchian_bidirectional equity=20000.00 trades=0 -> skip
[2026-07-06 00:08:42] 2026-07-03T20:00:00 GBPUSD=X/forex_mtf_breakout equity=20000.00 trades=0 -> skip
[2026-07-06 00:08:42] 2026-07-03T20:00:00 AUDUSD=X/donchian_bidirectional equity=20000.00 trades=0 -> skip
[2026-07-06 00:09:09] 2026-07-03T20:00:00 USDJPY=X/donchian_bidirectional equity=20000.00 trades=0 -> skip
[2026-07-06 00:09:09] 2026-07-03T20:00:00 AUDUSD=X/donchian_bidirectional equity=20000.00 trades=0 -> skip
[2026-07-06 00:09:09] 2026-07-03T20:00:00 USDCAD=X/donchian_bidirectional equity=20000.00 trades=0 -> skip
[2026-07-06 00:09:42] 2026-07-03T20:30:00 AUDUSD=X/donchian_bidirectional equity=20000.00 trades=0 -> skip
[2026-07-06 00:09:42] 2026-07-03T20:30:00 AUDUSD=X/donchian_bidirectional equity=20000.00 trades=0 -> skip
[2026-07-06 00:10:28] 2026-07-03T20:30:00 AUDUSD=X/donchian_bidirectional equity=20000.00 trades=0 -> skip
[2026-07-06 00:10:48] 2026-07-03T20:00:00 USDCAD=X/donchian_bidirectional equity=20000.00 trades=0 -> skip
[2026-07-06 00:10:48] 2026-07-03T20:00:00 USDJPY=X/donchian_bidirectional equity=20000.00 trades=0 -> skip
[2026-07-06 00:10:48] 2026-07-03T20:00:00 AUDUSD=X/donchian_bidirectional equity=20000.00 trades=0 -> skip
[2026-07-06 00:11:05] 2026-07-03T20:30:00 AUDUSD=X/donchian_bidirectional equity=20000.00 trades=0 -> skip
[2026-07-06 00:12:42] 2026-07-03T20:30:00 AUDUSD=X/donchian_bidirectional equity=20000.00 trades=0 -> skip
[2026-07-06 00:12:42] 2026-07-03T20:30:00 AUDUSD=X/donchian_bidirectional equity=20000.00 trades=0 -> skip
[2026-07-06 00:13:28] 2026-07-03T20:30:00 AUDUSD=X/donchian_bidirectional equity=20000.00 trades=0 -> skip
[2026-07-06 00:13:35] 2026-07-03T20:00:00 USDJPY=X/donchian_bidirectional equity=20000.00 trades=0 -> skip
[2026-07-06 00:13:35] 2026-07-03T20:00:00 AUDUSD=X/donchian_bidirectional equity=20000.00 trades=0 -> skip
[2026-07-06 00:13:36] 2026-07-03T20:00:00 USDCAD=X/donchian_bidirectional equity=20000.00 trades=0 -> skip
[2026-07-06 00:13:42] 2026-07-03T20:00:00 USDJPY=X/donchian_bidirectional equity=20000.00 trades=0 -> skip
[2026-07-06 00:13:42] 2026-07-03T20:00:00 USDCAD=X/donchian_bidirectional equity=20000.00 trades=0 -> skip
[2026-07-06 00:13:42] 2026-07-03T20:00:00 GBPUSD=X/forex_mtf_breakout equity=20000.00 trades=0 -> skip
[2026-07-06 00:13:43] 2026-07-03T20:00:00 AUDUSD=X/donchian_bidirectional equity=20000.00 trades=0 -> skip
[2026-07-06 00:14:05] 2026-07-03T20:30:00 AUDUSD=X/donchian_bidirectional equity=20000.00 trades=0 -> skip
[2026-07-06 00:14:09] 2026-07-03T20:00:00 USDJPY=X/donchian_bidirectional equity=20000.00 trades=0 -> skip
[2026-07-06 00:14:10] 2026-07-03T20:00:00 AUDUSD=X/donchian_bidirectional equity=20000.00 trades=0 -> skip
[2026-07-06 00:14:10] 2026-07-03T20:00:00 USDCAD=X/donchian_bidirectional equity=20000.00 trades=0 -> skip
[2026-07-06 00:15:42] 2026-07-03T20:30:00 AUDUSD=X/donchian_bidirectional equity=20000.00 trades=0 -> skip
[2026-07-06 00:15:42] 2026-07-03T20:30:00 AUDUSD=X/donchian_bidirectional equity=20000.00 trades=0 -> skip
[2026-07-06 00:15:48] 2026-07-03T20:00:00 USDCAD=X/donchian_bidirectional equity=20000.00 trades=0 -> skip
[2026-07-06 00:15:48] 2026-07-03T20:00:00 USDJPY=X/donchian_bidirectional equity=20000.00 trades=0 -> skip
[2026-07-06 00:15:48] 2026-07-03T20:00:00 AUDUSD=X/donchian_bidirectional equity=20000.00 trades=0 -> skip
[2026-07-06 00:16:28] 2026-07-03T20:30:00 AUDUSD=X/donchian_bidirectional equity=20000.00 trades=0 -> skip
[2026-07-06 00:17:05] 2026-07-03T20:30:00 AUDUSD=X/donchian_bidirectional equity=20000.00 trades=0 -> skip
[2026-07-06 00:18:36] 2026-07-03T20:00:00 USDJPY=X/donchian_bidirectional equity=20000.00 trades=0 -> skip
[2026-07-06 00:18:36] 2026-07-03T20:00:00 AUDUSD=X/donchian_bidirectional equity=20000.00 trades=0 -> skip
[2026-07-06 00:18:36] 2026-07-03T20:00:00 USDCAD=X/donchian_bidirectional equity=20000.00 trades=0 -> skip
[2026-07-06 00:18:42] 2026-07-03T20:30:00 AUDUSD=X/donchian_bidirectional equity=20000.00 trades=0 -> skip
[2026-07-06 00:18:42] 2026-07-03T20:30:00 AUDUSD=X/donchian_bidirectional equity=20000.00 trades=0 -> skip
[2026-07-06 00:18:43] 2026-07-03T20:00:00 USDJPY=X/donchian_bidirectional equity=20000.00 trades=0 -> skip
[2026-07-06 00:18:43] 2026-07-03T20:00:00 USDCAD=X/donchian_bidirectional equity=20000.00 trades=0 -> skip
[2026-07-06 00:18:43] 2026-07-03T20:00:00 GBPUSD=X/forex_mtf_breakout equity=20000.00 trades=0 -> skip
[2026-07-06 00:18:43] 2026-07-03T20:00:00 AUDUSD=X/donchian_bidirectional equity=20000.00 trades=0 -> skip
[2026-07-06 00:19:10] 2026-07-03T20:00:00 USDJPY=X/donchian_bidirectional equity=20000.00 trades=0 -> skip
[2026-07-06 00:19:10] 2026-07-03T20:00:00 AUDUSD=X/donchian_bidirectional equity=20000.00 trades=0 -> skip
[2026-07-06 00:19:10] 2026-07-03T20:00:00 USDCAD=X/donchian_bidirectional equity=20000.00 trades=0 -> skip
[2026-07-06 00:19:29] 2026-07-03T20:30:00 AUDUSD=X/donchian_bidirectional equity=20000.00 trades=0 -> skip
[2026-07-06 00:20:05] 2026-07-03T20:30:00 AUDUSD=X/donchian_bidirectional equity=20000.00 trades=0 -> skip
[2026-07-06 00:20:48] 2026-07-03T20:00:00 USDCAD=X/donchian_bidirectional equity=20000.00 trades=0 -> skip
[2026-07-06 00:20:48] 2026-07-03T20:00:00 USDJPY=X/donchian_bidirectional equity=20000.00 trades=0 -> skip
[2026-07-06 00:20:48] 2026-07-03T20:00:00 AUDUSD=X/donchian_bidirectional equity=20000.00 trades=0 -> skip
[2026-07-06 00:21:42] 2026-07-03T20:30:00 AUDUSD=X/donchian_bidirectional equity=20000.00 trades=0 -> skip
[2026-07-06 00:21:42] 2026-07-03T20:30:00 AUDUSD=X/donchian_bidirectional equity=20000.00 trades=0 -> skip
[2026-07-06 00:22:29] 2026-07-03T20:30:00 AUDUSD=X/donchian_bidirectional equity=20000.00 trades=0 -> skip
[2026-07-06 00:23:05] 2026-07-03T20:30:00 AUDUSD=X/donchian_bidirectional equity=20000.00 trades=0 -> skip
[2026-07-06 00:23:36] 2026-07-03T20:00:00 USDJPY=X/donchian_bidirectional equity=20000.00 trades=0 -> skip
[2026-07-06 00:23:36] 2026-07-03T20:00:00 AUDUSD=X/donchian_bidirectional equity=20000.00 trades=0 -> skip
[2026-07-06 00:23:36] 2026-07-03T20:00:00 USDCAD=X/donchian_bidirectional equity=20000.00 trades=0 -> skip
[2026-07-06 00:23:43] 2026-07-03T20:00:00 USDJPY=X/donchian_bidirectional equity=20000.00 trades=0 -> skip
[2026-07-06 00:23:43] 2026-07-03T20:00:00 USDCAD=X/donchian_bidirectional equity=20000.00 trades=0 -> skip
[2026-07-06 00:23:43] 2026-07-03T20:00:00 GBPUSD=X/forex_mtf_breakout equity=20000.00 trades=0 -> skip
[2026-07-06 00:23:43] 2026-07-03T20:00:00 AUDUSD=X/donchian_bidirectional equity=20000.00 trades=0 -> skip
[2026-07-06 00:24:10] 2026-07-03T20:00:00 USDJPY=X/donchian_bidirectional equity=20000.00 trades=0 -> skip
[2026-07-06 00:24:10] 2026-07-03T20:00:00 AUDUSD=X/donchian_bidirectional equity=20000.00 trades=0 -> skip
[2026-07-06 00:24:10] 2026-07-03T20:00:00 USDCAD=X/donchian_bidirectional equity=20000.00 trades=0 -> skip
[2026-07-06 00:24:42] 2026-07-03T20:30:00 AUDUSD=X/donchian_bidirectional equity=20000.00 trades=0 -> skip
[2026-07-06 00:24:42] 2026-07-03T20:30:00 AUDUSD=X/donchian_bidirectional equity=20000.00 trades=0 -> skip
[2026-07-06 00:25:29] 2026-07-03T20:30:00 AUDUSD=X/donchian_bidirectional equity=20000.00 trades=0 -> skip
[2026-07-06 00:25:48] 2026-07-03T20:00:00 USDCAD=X/donchian_bidirectional equity=20000.00 trades=0 -> skip
[2026-07-06 00:25:49] 2026-07-03T20:00:00 USDJPY=X/donchian_bidirectional equity=20000.00 trades=0 -> skip
[2026-07-06 00:25:49] 2026-07-03T20:00:00 AUDUSD=X/donchian_bidirectional equity=20000.00 trades=0 -> skip
[2026-07-06 00:26:06] 2026-07-03T20:30:00 AUDUSD=X/donchian_bidirectional equity=20000.00 trades=0 -> skip
[2026-07-06 00:27:42] 2026-07-03T20:30:00 AUDUSD=X/donchian_bidirectional equity=20000.00 trades=0 -> skip
[2026-07-06 00:27:43] 2026-07-03T20:30:00 AUDUSD=X/donchian_bidirectional equity=20000.00 trades=0 -> skip
[2026-07-06 00:28:29] 2026-07-03T20:30:00 AUDUSD=X/donchian_bidirectional equity=20000.00 trades=0 -> skip
[2026-07-06 00:28:36] 2026-07-03T20:00:00 USDJPY=X/donchian_bidirectional equity=20000.00 trades=0 -> skip
[2026-07-06 00:28:36] 2026-07-03T20:00:00 AUDUSD=X/donchian_bidirectional equity=20000.00 trades=0 -> skip
[2026-07-06 00:28:37] 2026-07-03T20:00:00 USDCAD=X/donchian_bidirectional equity=20000.00 trades=0 -> skip
[2026-07-06 00:28:44] 2026-07-03T20:00:00 USDJPY=X/donchian_bidirectional equity=20000.00 trades=0 -> skip
[2026-07-06 00:28:44] 2026-07-03T20:00:00 USDCAD=X/donchian_bidirectional equity=20000.00 trades=0 -> skip
[2026-07-06 00:28:44] 2026-07-03T20:00:00 GBPUSD=X/forex_mtf_breakout equity=20000.00 trades=0 -> skip
[2026-07-06 00:28:44] 2026-07-03T20:00:00 AUDUSD=X/donchian_bidirectional equity=20000.00 trades=0 -> skip
[2026-07-06 00:29:06] 2026-07-03T20:30:00 AUDUSD=X/donchian_bidirectional equity=20000.00 trades=0 -> skip
[2026-07-06 00:29:10] 2026-07-03T20:00:00 USDJPY=X/donchian_bidirectional equity=20000.00 trades=0 -> skip
[2026-07-06 00:29:11] 2026-07-03T20:00:00 AUDUSD=X/donchian_bidirectional equity=20000.00 trades=0 -> skip
[2026-07-06 00:29:11] 2026-07-03T20:00:00 USDCAD=X/donchian_bidirectional equity=20000.00 trades=0 -> skip
[2026-07-06 00:30:42] 2026-07-03T20:30:00 AUDUSD=X/donchian_bidirectional equity=20000.00 trades=0 -> skip
[2026-07-06 00:30:43] 2026-07-03T20:30:00 AUDUSD=X/donchian_bidirectional equity=20000.00 trades=0 -> skip
[2026-07-06 00:30:49] 2026-07-03T20:00:00 USDCAD=X/donchian_bidirectional equity=20000.00 trades=0 -> skip
[2026-07-06 00:30:49] 2026-07-03T20:00:00 USDJPY=X/donchian_bidirectional equity=20000.00 trades=0 -> skip
[2026-07-06 00:30:49] 2026-07-03T20:00:00 AUDUSD=X/donchian_bidirectional equity=20000.00 trades=0 -> skip
[2026-07-06 00:31:29] 2026-07-03T20:30:00 AUDUSD=X/donchian_bidirectional equity=20000.00 trades=0 -> skip
[2026-07-06 00:32:06] 2026-07-03T20:30:00 AUDUSD=X/donchian_bidirectional equity=20000.00 trades=0 -> skip
[2026-07-06 00:33:37] 2026-07-03T20:00:00 USDJPY=X/donchian_bidirectional equity=20000.00 trades=0 -> skip
[2026-07-06 00:33:37] 2026-07-03T20:00:00 AUDUSD=X/donchian_bidirectional equity=20000.00 trades=0 -> skip
[2026-07-06 00:33:37] 2026-07-03T20:00:00 USDCAD=X/donchian_bidirectional equity=20000.00 trades=0 -> skip
[2026-07-06 00:33:42] 2026-07-03T20:30:00 AUDUSD=X/donchian_bidirectional equity=20000.00 trades=0 -> skip
[2026-07-06 00:33:43] 2026-07-03T20:30:00 AUDUSD=X/donchian_bidirectional equity=20000.00 trades=0 -> skip
[2026-07-06 00:33:44] 2026-07-03T20:00:00 USDJPY=X/donchian_bidirectional equity=20000.00 trades=0 -> skip
[2026-07-06 00:33:44] 2026-07-03T20:00:00 USDCAD=X/donchian_bidirectional equity=20000.00 trades=0 -> skip
[2026-07-06 00:33:44] 2026-07-03T20:00:00 GBPUSD=X/forex_mtf_breakout equity=20000.00 trades=0 -> skip
[2026-07-06 00:33:44] 2026-07-03T20:00:00 AUDUSD=X/donchian_bidirectional equity=20000.00 trades=0 -> skip
[2026-07-06 00:34:11] 2026-07-03T20:00:00 USDJPY=X/donchian_bidirectional equity=20000.00 trades=0 -> skip
[2026-07-06 00:34:11] 2026-07-03T20:00:00 AUDUSD=X/donchian_bidirectional equity=20000.00 trades=0 -> skip
[2026-07-06 00:34:11] 2026-07-03T20:00:00 USDCAD=X/donchian_bidirectional equity=20000.00 trades=0 -> skip
[2026-07-06 00:34:29] 2026-07-03T20:30:00 AUDUSD=X/donchian_bidirectional equity=20000.00 trades=0 -> skip
[2026-07-06 00:35:06] 2026-07-03T20:30:00 AUDUSD=X/donchian_bidirectional equity=20000.00 trades=0 -> skip
[2026-07-06 00:35:49] 2026-07-03T20:00:00 USDCAD=X/donchian_bidirectional equity=20000.00 trades=0 -> skip
[2026-07-06 00:35:49] 2026-07-03T20:00:00 USDJPY=X/donchian_bidirectional equity=20000.00 trades=0 -> skip
[2026-07-06 00:35:49] 2026-07-03T20:00:00 AUDUSD=X/donchian_bidirectional equity=20000.00 trades=0 -> skip
[2026-07-06 00:36:43] 2026-07-03T20:30:00 AUDUSD=X/donchian_bidirectional equity=20000.00 trades=0 -> skip
[2026-07-06 00:36:43] 2026-07-03T20:30:00 AUDUSD=X/donchian_bidirectional equity=20000.00 trades=0 -> skip
[2026-07-06 00:37:29] 2026-07-03T20:30:00 AUDUSD=X/donchian_bidirectional equity=20000.00 trades=0 -> skip
[2026-07-06 00:38:06] 2026-07-03T20:30:00 AUDUSD=X/donchian_bidirectional equity=20000.00 trades=0 -> skip
[2026-07-06 00:38:37] 2026-07-03T20:00:00 USDJPY=X/donchian_bidirectional equity=20000.00 trades=0 -> skip
[2026-07-06 00:38:37] 2026-07-03T20:00:00 AUDUSD=X/donchian_bidirectional equity=20000.00 trades=0 -> skip
[2026-07-06 00:38:37] 2026-07-03T20:00:00 USDCAD=X/donchian_bidirectional equity=20000.00 trades=0 -> skip
[2026-07-06 00:38:44] 2026-07-03T20:00:00 USDJPY=X/donchian_bidirectional equity=20000.00 trades=0 -> skip
[2026-07-06 00:38:45] 2026-07-03T20:00:00 USDCAD=X/donchian_bidirectional equity=20000.00 trades=0 -> skip
[2026-07-06 00:38:45] 2026-07-03T20:00:00 GBPUSD=X/forex_mtf_breakout equity=20000.00 trades=0 -> skip
[2026-07-06 00:38:45] 2026-07-03T20:00:00 AUDUSD=X/donchian_bidirectional equity=20000.00 trades=0 -> skip
[2026-07-06 00:39:11] 2026-07-03T20:00:00 USDJPY=X/donchian_bidirectional equity=20000.00 trades=0 -> skip
[2026-07-06 00:39:11] 2026-07-03T20:00:00 AUDUSD=X/donchian_bidirectional equity=20000.00 trades=0 -> skip
[2026-07-06 00:39:11] 2026-07-03T20:00:00 USDCAD=X/donchian_bidirectional equity=20000.00 trades=0 -> skip
[2026-07-06 00:39:43] 2026-07-03T20:30:00 AUDUSD=X/donchian_bidirectional equity=20000.00 trades=0 -> skip
[2026-07-06 00:39:43] 2026-07-03T20:30:00 AUDUSD=X/donchian_bidirectional equity=20000.00 trades=0 -> skip
[2026-07-06 00:40:29] 2026-07-03T20:30:00 AUDUSD=X/donchian_bidirectional equity=20000.00 trades=0 -> skip
[2026-07-06 00:40:49] 2026-07-03T20:00:00 USDCAD=X/donchian_bidirectional equity=20000.00 trades=0 -> skip
[2026-07-06 00:40:50] 2026-07-03T20:00:00 USDJPY=X/donchian_bidirectional equity=20000.00 trades=0 -> skip
[2026-07-06 00:40:50] 2026-07-03T20:00:00 AUDUSD=X/donchian_bidirectional equity=20000.00 trades=0 -> skip
[2026-07-06 00:41:06] 2026-07-03T20:30:00 AUDUSD=X/donchian_bidirectional equity=20000.00 trades=0 -> skip
[2026-07-06 00:42:43] 2026-07-03T20:30:00 AUDUSD=X/donchian_bidirectional equity=20000.00 trades=0 -> skip
[2026-07-06 00:42:43] 2026-07-03T20:30:00 AUDUSD=X/donchian_bidirectional equity=20000.00 trades=0 -> skip
[2026-07-06 00:43:29] 2026-07-03T20:30:00 AUDUSD=X/donchian_bidirectional equity=20000.00 trades=0 -> skip
[2026-07-06 00:43:37] 2026-07-03T20:00:00 USDJPY=X/donchian_bidirectional equity=20000.00 trades=0 -> skip
[2026-07-06 00:43:37] 2026-07-03T20:00:00 AUDUSD=X/donchian_bidirectional equity=20000.00 trades=0 -> skip
[2026-07-06 00:43:37] 2026-07-03T20:00:00 USDCAD=X/donchian_bidirectional equity=20000.00 trades=0 -> skip
[2026-07-06 00:43:45] 2026-07-03T20:00:00 USDJPY=X/donchian_bidirectional equity=20000.00 trades=0 -> skip
[2026-07-06 00:43:45] 2026-07-03T20:00:00 USDCAD=X/donchian_bidirectional equity=20000.00 trades=0 -> skip
[2026-07-06 00:43:45] 2026-07-03T20:00:00 GBPUSD=X/forex_mtf_breakout equity=20000.00 trades=0 -> skip
[2026-07-06 00:43:45] 2026-07-03T20:00:00 AUDUSD=X/donchian_bidirectional equity=20000.00 trades=0 -> skip
[2026-07-06 00:44:06] 2026-07-03T20:30:00 AUDUSD=X/donchian_bidirectional equity=20000.00 trades=0 -> skip
[2026-07-06 00:44:11] 2026-07-03T20:00:00 USDJPY=X/donchian_bidirectional equity=20000.00 trades=0 -> skip
[2026-07-06 00:44:11] 2026-07-03T20:00:00 AUDUSD=X/donchian_bidirectional equity=20000.00 trades=0 -> skip
[2026-07-06 00:44:12] 2026-07-03T20:00:00 USDCAD=X/donchian_bidirectional equity=20000.00 trades=0 -> skip
[2026-07-06 00:45:43] 2026-07-03T20:30:00 AUDUSD=X/donchian_bidirectional equity=20000.00 trades=0 -> skip
[2026-07-06 00:45:43] 2026-07-03T20:30:00 AUDUSD=X/donchian_bidirectional equity=20000.00 trades=0 -> skip
[2026-07-06 00:45:50] 2026-07-03T20:00:00 USDCAD=X/donchian_bidirectional equity=20000.00 trades=0 -> skip
[2026-07-06 00:45:50] 2026-07-03T20:00:00 USDJPY=X/donchian_bidirectional equity=20000.00 trades=0 -> skip
[2026-07-06 00:45:50] 2026-07-03T20:00:00 AUDUSD=X/donchian_bidirectional equity=20000.00 trades=0 -> skip
[2026-07-06 00:46:30] 2026-07-03T20:30:00 AUDUSD=X/donchian_bidirectional equity=20000.00 trades=0 -> skip
[2026-07-06 00:47:06] 2026-07-03T20:30:00 AUDUSD=X/donchian_bidirectional equity=20000.00 trades=0 -> skip
[2026-07-06 00:48:38] 2026-07-03T20:00:00 USDJPY=X/donchian_bidirectional equity=20000.00 trades=0 -> skip
[2026-07-06 00:48:38] 2026-07-03T20:00:00 AUDUSD=X/donchian_bidirectional equity=20000.00 trades=0 -> skip
[2026-07-06 00:48:38] 2026-07-03T20:00:00 USDCAD=X/donchian_bidirectional equity=20000.00 trades=0 -> skip
[2026-07-06 00:48:43] 2026-07-03T20:30:00 AUDUSD=X/donchian_bidirectional equity=20000.00 trades=0 -> skip
[2026-07-06 00:48:43] 2026-07-03T20:30:00 AUDUSD=X/donchian_bidirectional equity=20000.00 trades=0 -> skip
[2026-07-06 00:48:45] 2026-07-03T20:00:00 USDJPY=X/donchian_bidirectional equity=20000.00 trades=0 -> skip
[2026-07-06 00:48:46] 2026-07-03T20:00:00 USDCAD=X/donchian_bidirectional equity=20000.00 trades=0 -> skip
[2026-07-06 00:48:46] 2026-07-03T20:00:00 GBPUSD=X/forex_mtf_breakout equity=20000.00 trades=0 -> skip
[2026-07-06 00:48:46] 2026-07-03T20:00:00 AUDUSD=X/donchian_bidirectional equity=20000.00 trades=0 -> skip
[2026-07-06 00:49:12] 2026-07-03T20:00:00 USDJPY=X/donchian_bidirectional equity=20000.00 trades=0 -> skip
[2026-07-06 00:49:12] 2026-07-03T20:00:00 AUDUSD=X/donchian_bidirectional equity=20000.00 trades=0 -> skip
[2026-07-06 00:49:12] 2026-07-03T20:00:00 USDCAD=X/donchian_bidirectional equity=20000.00 trades=0 -> skip
[2026-07-06 00:49:30] 2026-07-03T20:30:00 AUDUSD=X/donchian_bidirectional equity=20000.00 trades=0 -> skip
[2026-07-06 00:50:06] 2026-07-03T20:30:00 AUDUSD=X/donchian_bidirectional equity=20000.00 trades=0 -> skip
[2026-07-06 00:50:50] 2026-07-03T20:00:00 USDCAD=X/donchian_bidirectional equity=20000.00 trades=0 -> skip
[2026-07-06 00:50:50] 2026-07-03T20:00:00 USDJPY=X/donchian_bidirectional equity=20000.00 trades=0 -> skip
[2026-07-06 00:50:50] 2026-07-03T20:00:00 AUDUSD=X/donchian_bidirectional equity=20000.00 trades=0 -> skip
[2026-07-06 00:51:43] 2026-07-03T20:30:00 AUDUSD=X/donchian_bidirectional equity=20000.00 trades=0 -> skip
[2026-07-06 00:51:43] 2026-07-03T20:30:00 AUDUSD=X/donchian_bidirectional equity=20000.00 trades=0 -> skip
[2026-07-06 00:52:30] 2026-07-03T20:30:00 AUDUSD=X/donchian_bidirectional equity=20000.00 trades=0 -> skip
[2026-07-06 00:53:07] 2026-07-03T20:30:00 AUDUSD=X/donchian_bidirectional equity=20000.00 trades=0 -> skip
[2026-07-06 00:53:38] 2026-07-03T20:00:00 USDJPY=X/donchian_bidirectional equity=20000.00 trades=0 -> skip
[2026-07-06 00:53:38] 2026-07-03T20:00:00 AUDUSD=X/donchian_bidirectional equity=20000.00 trades=0 -> skip
[2026-07-06 00:53:38] 2026-07-03T20:00:00 USDCAD=X/donchian_bidirectional equity=20000.00 trades=0 -> skip
[2026-07-06 00:53:46] 2026-07-03T20:00:00 USDJPY=X/donchian_bidirectional equity=20000.00 trades=0 -> skip
[2026-07-06 00:53:46] 2026-07-03T20:00:00 USDCAD=X/donchian_bidirectional equity=20000.00 trades=0 -> skip
[2026-07-06 00:53:46] 2026-07-03T20:00:00 GBPUSD=X/forex_mtf_breakout equity=20000.00 trades=0 -> skip
[2026-07-06 00:53:46] 2026-07-03T20:00:00 AUDUSD=X/donchian_bidirectional equity=20000.00 trades=0 -> skip
[2026-07-06 00:54:12] 2026-07-03T20:00:00 USDJPY=X/donchian_bidirectional equity=20000.00 trades=0 -> skip
[2026-07-06 00:54:12] 2026-07-03T20:00:00 AUDUSD=X/donchian_bidirectional equity=20000.00 trades=0 -> skip
[2026-07-06 00:54:12] 2026-07-03T20:00:00 USDCAD=X/donchian_bidirectional equity=20000.00 trades=0 -> skip
[2026-07-06 00:54:43] 2026-07-03T20:30:00 AUDUSD=X/donchian_bidirectional equity=20000.00 trades=0 -> skip
[2026-07-06 00:54:44] 2026-07-03T20:30:00 AUDUSD=X/donchian_bidirectional equity=20000.00 trades=0 -> skip
[2026-07-06 00:55:30] 2026-07-03T20:30:00 AUDUSD=X/donchian_bidirectional equity=20000.00 trades=0 -> skip
[2026-07-06 00:55:50] 2026-07-03T20:00:00 USDCAD=X/donchian_bidirectional equity=20000.00 trades=0 -> skip
[2026-07-06 00:55:50] 2026-07-03T20:00:00 USDJPY=X/donchian_bidirectional equity=20000.00 trades=0 -> skip
[2026-07-06 00:55:51] 2026-07-03T20:00:00 AUDUSD=X/donchian_bidirectional equity=20000.00 trades=0 -> skip
[2026-07-06 00:56:07] 2026-07-03T20:30:00 AUDUSD=X/donchian_bidirectional equity=20000.00 trades=0 -> skip
[2026-07-06 00:57:43] 2026-07-03T20:30:00 AUDUSD=X/donchian_bidirectional equity=20000.00 trades=0 -> skip
[2026-07-06 00:57:44] 2026-07-03T20:30:00 AUDUSD=X/donchian_bidirectional equity=20000.00 trades=0 -> skip
[2026-07-06 00:58:30] 2026-07-03T20:30:00 AUDUSD=X/donchian_bidirectional equity=20000.00 trades=0 -> skip
[2026-07-06 00:58:38] 2026-07-03T20:00:00 USDJPY=X/donchian_bidirectional equity=20000.00 trades=0 -> skip
[2026-07-06 00:58:38] 2026-07-03T20:00:00 AUDUSD=X/donchian_bidirectional equity=20000.00 trades=0 -> skip
[2026-07-06 00:58:38] 2026-07-03T20:00:00 USDCAD=X/donchian_bidirectional equity=20000.00 trades=0 -> skip
[2026-07-06 00:58:46] 2026-07-03T20:00:00 USDJPY=X/donchian_bidirectional equity=20000.00 trades=0 -> skip
[2026-07-06 00:58:46] 2026-07-03T20:00:00 USDCAD=X/donchian_bidirectional equity=20000.00 trades=0 -> skip
[2026-07-06 00:58:47] 2026-07-03T20:00:00 GBPUSD=X/forex_mtf_breakout equity=20000.00 trades=0 -> skip
[2026-07-06 00:58:47] 2026-07-03T20:00:00 AUDUSD=X/donchian_bidirectional equity=20000.00 trades=0 -> skip
[2026-07-06 00:59:07] 2026-07-03T20:30:00 AUDUSD=X/donchian_bidirectional equity=20000.00 trades=0 -> skip
[2026-07-06 00:59:12] 2026-07-03T20:00:00 USDJPY=X/donchian_bidirectional equity=20000.00 trades=0 -> skip
[2026-07-06 00:59:12] 2026-07-03T20:00:00 AUDUSD=X/donchian_bidirectional equity=20000.00 trades=0 -> skip
[2026-07-06 00:59:13] 2026-07-03T20:00:00 USDCAD=X/donchian_bidirectional equity=20000.00 trades=0 -> skip
[2026-07-06 01:00:44] 2026-07-03T20:30:00 AUDUSD=X/donchian_bidirectional equity=20000.00 trades=0 -> skip
[2026-07-06 01:00:44] 2026-07-03T20:30:00 AUDUSD=X/donchian_bidirectional equity=20000.00 trades=0 -> skip
[2026-07-06 01:00:51] 2026-07-03T20:00:00 USDCAD=X/donchian_bidirectional equity=20000.00 trades=0 -> skip
[2026-07-06 01:00:51] 2026-07-03T20:00:00 USDJPY=X/donchian_bidirectional equity=20000.00 trades=0 -> skip
[2026-07-06 01:00:51] 2026-07-03T20:00:00 AUDUSD=X/donchian_bidirectional equity=20000.00 trades=0 -> skip
[2026-07-06 01:01:30] 2026-07-03T20:30:00 AUDUSD=X/donchian_bidirectional equity=20000.00 trades=0 -> skip
[2026-07-06 01:02:07] 2026-07-03T20:30:00 AUDUSD=X/donchian_bidirectional equity=20000.00 trades=0 -> skip
[2026-07-06 01:03:39] 2026-07-03T20:00:00 USDJPY=X/donchian_bidirectional equity=20000.00 trades=0 -> skip
[2026-07-06 01:03:39] 2026-07-03T20:00:00 AUDUSD=X/donchian_bidirectional equity=20000.00 trades=0 -> skip
[2026-07-06 01:03:39] 2026-07-03T20:00:00 USDCAD=X/donchian_bidirectional equity=20000.00 trades=0 -> skip
[2026-07-06 01:03:44] 2026-07-03T20:30:00 AUDUSD=X/donchian_bidirectional equity=20000.00 trades=0 -> skip
[2026-07-06 01:03:44] 2026-07-03T20:30:00 AUDUSD=X/donchian_bidirectional equity=20000.00 trades=0 -> skip
[2026-07-06 01:03:47] 2026-07-03T20:00:00 USDJPY=X/donchian_bidirectional equity=20000.00 trades=0 -> skip
[2026-07-06 01:03:47] 2026-07-03T20:00:00 USDCAD=X/donchian_bidirectional equity=20000.00 trades=0 -> skip
[2026-07-06 01:03:47] 2026-07-03T20:00:00 GBPUSD=X/forex_mtf_breakout equity=20000.00 trades=0 -> skip
[2026-07-06 01:03:47] 2026-07-03T20:00:00 AUDUSD=X/donchian_bidirectional equity=20000.00 trades=0 -> skip
[2026-07-06 01:04:13] 2026-07-03T20:00:00 USDJPY=X/donchian_bidirectional equity=20000.00 trades=0 -> skip
[2026-07-06 01:04:13] 2026-07-03T20:00:00 AUDUSD=X/donchian_bidirectional equity=20000.00 trades=0 -> skip
[2026-07-06 01:04:13] 2026-07-03T20:00:00 USDCAD=X/donchian_bidirectional equity=20000.00 trades=0 -> skip
[2026-07-06 08:49:46] START portfolio OOS forex [30m] pairs=1
[2026-07-06 08:49:46] START portfolio OOS forex [1h] pairs=4
[2026-07-06 08:49:46] 2026-07-03T20:00:00 USDCAD=X/donchian_bidirectional equity=20000.00 trades=0 -> skip
[2026-07-06 08:49:46] 2026-07-03T20:30:00 AUDUSD=X/donchian_bidirectional equity=20000.00 trades=0 -> skip
[2026-07-06 08:49:46] 2026-07-03T20:00:00 USDJPY=X/donchian_bidirectional equity=20000.00 trades=0 -> skip
[2026-07-06 08:49:46] 2026-07-03T20:00:00 GBPUSD=X/forex_mtf_breakout equity=20000.00 trades=0 -> skip
[2026-07-06 08:49:47] 2026-07-03T20:00:00 AUDUSD=X/donchian_bidirectional equity=20000.00 trades=0 -> skip
[2026-07-06 08:52:46] 2026-07-03T20:30:00 AUDUSD=X/donchian_bidirectional equity=20000.00 trades=0 -> skip
[2026-07-06 08:54:47] 2026-07-03T20:00:00 USDCAD=X/donchian_bidirectional equity=20000.00 trades=0 -> skip
[2026-07-06 08:54:47] 2026-07-03T20:00:00 USDJPY=X/donchian_bidirectional equity=20000.00 trades=0 -> skip
[2026-07-06 08:54:47] 2026-07-03T20:00:00 GBPUSD=X/forex_mtf_breakout equity=20000.00 trades=0 -> skip
[2026-07-06 08:54:47] 2026-07-03T20:00:00 AUDUSD=X/donchian_bidirectional equity=20000.00 trades=0 -> skip
[2026-07-06 08:55:47] 2026-07-03T20:30:00 AUDUSD=X/donchian_bidirectional equity=20000.00 trades=0 -> skip
[2026-07-06 08:58:47] 2026-07-03T20:30:00 AUDUSD=X/donchian_bidirectional equity=20000.00 trades=0 -> skip
[2026-07-06 08:59:48] 2026-07-03T20:00:00 USDCAD=X/donchian_bidirectional equity=20000.00 trades=0 -> skip
[2026-07-06 08:59:48] 2026-07-03T20:00:00 USDJPY=X/donchian_bidirectional equity=20000.00 trades=0 -> skip
[2026-07-06 08:59:48] 2026-07-03T20:00:00 GBPUSD=X/forex_mtf_breakout equity=20000.00 trades=0 -> skip
[2026-07-06 08:59:48] 2026-07-03T20:00:00 AUDUSD=X/donchian_bidirectional equity=20000.00 trades=0 -> skip
[2026-07-06 09:01:47] 2026-07-03T20:30:00 AUDUSD=X/donchian_bidirectional equity=20000.00 trades=0 -> skip
[2026-07-06 09:04:47] 2026-07-03T20:30:00 AUDUSD=X/donchian_bidirectional equity=20000.00 trades=0 -> skip
[2026-07-06 09:04:48] 2026-07-03T20:00:00 USDCAD=X/donchian_bidirectional equity=20000.00 trades=0 -> skip
[2026-07-06 09:04:48] 2026-07-03T20:00:00 USDJPY=X/donchian_bidirectional equity=20000.00 trades=0 -> skip
[2026-07-06 09:04:48] 2026-07-03T20:00:00 GBPUSD=X/forex_mtf_breakout equity=20000.00 trades=0 -> skip
[2026-07-06 09:04:48] 2026-07-03T20:00:00 AUDUSD=X/donchian_bidirectional equity=20000.00 trades=0 -> skip
[2026-07-06 09:07:47] 2026-07-03T20:30:00 AUDUSD=X/donchian_bidirectional equity=20000.00 trades=0 -> skip
[2026-07-06 09:09:49] 2026-07-03T20:00:00 USDCAD=X/donchian_bidirectional equity=20000.00 trades=0 -> skip
[2026-07-06 09:09:49] 2026-07-03T20:00:00 USDJPY=X/donchian_bidirectional equity=20000.00 trades=0 -> skip
[2026-07-06 09:09:49] 2026-07-03T20:00:00 GBPUSD=X/forex_mtf_breakout equity=20000.00 trades=0 -> skip
[2026-07-06 09:09:49] 2026-07-03T20:00:00 AUDUSD=X/donchian_bidirectional equity=20000.00 trades=0 -> skip
[2026-07-06 09:10:47] 2026-07-03T20:30:00 AUDUSD=X/donchian_bidirectional equity=20000.00 trades=0 -> skip
[2026-07-06 09:13:47] 2026-07-03T20:30:00 AUDUSD=X/donchian_bidirectional equity=20000.00 trades=0 -> skip
[2026-07-06 09:14:49] 2026-07-03T20:00:00 USDCAD=X/donchian_bidirectional equity=20000.00 trades=0 -> skip
[2026-07-06 09:14:49] 2026-07-03T20:00:00 USDJPY=X/donchian_bidirectional equity=20000.00 trades=0 -> skip
[2026-07-06 09:14:49] 2026-07-03T20:00:00 GBPUSD=X/forex_mtf_breakout equity=20000.00 trades=0 -> skip
[2026-07-06 09:14:49] 2026-07-03T20:00:00 AUDUSD=X/donchian_bidirectional equity=20000.00 trades=0 -> skip
[2026-07-06 09:16:47] 2026-07-03T20:30:00 AUDUSD=X/donchian_bidirectional equity=20000.00 trades=0 -> skip
[2026-07-06 09:19:48] 2026-07-03T20:30:00 AUDUSD=X/donchian_bidirectional equity=20000.00 trades=0 -> skip
[2026-07-06 09:19:50] 2026-07-03T20:00:00 USDCAD=X/donchian_bidirectional equity=20000.00 trades=0 -> skip
[2026-07-06 09:19:50] 2026-07-03T20:00:00 USDJPY=X/donchian_bidirectional equity=20000.00 trades=0 -> skip
[2026-07-06 09:19:50] 2026-07-03T20:00:00 GBPUSD=X/forex_mtf_breakout equity=20000.00 trades=0 -> skip
[2026-07-06 09:19:50] 2026-07-03T20:00:00 AUDUSD=X/donchian_bidirectional equity=20000.00 trades=0 -> skip
[2026-07-06 09:22:48] 2026-07-03T20:30:00 AUDUSD=X/donchian_bidirectional equity=20000.00 trades=0 -> skip
[2026-07-06 09:24:50] 2026-07-03T20:00:00 USDCAD=X/donchian_bidirectional equity=20000.00 trades=0 -> skip
[2026-07-06 09:24:50] 2026-07-03T20:00:00 USDJPY=X/donchian_bidirectional equity=20000.00 trades=0 -> skip
[2026-07-06 09:24:50] 2026-07-03T20:00:00 GBPUSD=X/forex_mtf_breakout equity=20000.00 trades=0 -> skip
[2026-07-06 09:24:50] 2026-07-03T20:00:00 AUDUSD=X/donchian_bidirectional equity=20000.00 trades=0 -> skip
[2026-07-06 09:25:48] 2026-07-03T20:30:00 AUDUSD=X/donchian_bidirectional equity=20000.00 trades=0 -> skip
[2026-07-06 09:28:48] 2026-07-03T20:30:00 AUDUSD=X/donchian_bidirectional equity=20000.00 trades=0 -> skip
[2026-07-06 09:29:50] 2026-07-03T20:00:00 USDCAD=X/donchian_bidirectional equity=20000.00 trades=0 -> skip
[2026-07-06 09:29:51] 2026-07-03T20:00:00 USDJPY=X/donchian_bidirectional equity=20000.00 trades=0 -> skip
[2026-07-06 09:29:51] 2026-07-03T20:00:00 GBPUSD=X/forex_mtf_breakout equity=20000.00 trades=0 -> skip
[2026-07-06 09:29:51] 2026-07-03T20:00:00 AUDUSD=X/donchian_bidirectional equity=20000.00 trades=0 -> skip
[2026-07-06 09:31:48] 2026-07-03T20:30:00 AUDUSD=X/donchian_bidirectional equity=20000.00 trades=0 -> skip
[2026-07-06 09:34:48] 2026-07-03T20:30:00 AUDUSD=X/donchian_bidirectional equity=20000.00 trades=0 -> skip
[2026-07-06 09:34:51] 2026-07-03T20:00:00 USDCAD=X/donchian_bidirectional equity=20000.00 trades=0 -> skip
[2026-07-06 09:34:51] 2026-07-03T20:00:00 USDJPY=X/donchian_bidirectional equity=20000.00 trades=0 -> skip
[2026-07-06 09:34:51] 2026-07-03T20:00:00 GBPUSD=X/forex_mtf_breakout equity=20000.00 trades=0 -> skip
[2026-07-06 09:34:51] 2026-07-03T20:00:00 AUDUSD=X/donchian_bidirectional equity=20000.00 trades=0 -> skip
[2026-07-06 09:37:48] 2026-07-03T20:30:00 AUDUSD=X/donchian_bidirectional equity=20000.00 trades=0 -> skip
[2026-07-06 09:39:51] 2026-07-03T20:00:00 USDCAD=X/donchian_bidirectional equity=20000.00 trades=0 -> skip
[2026-07-06 09:39:51] 2026-07-03T20:00:00 USDJPY=X/donchian_bidirectional equity=20000.00 trades=0 -> skip
[2026-07-06 09:39:52] 2026-07-03T20:00:00 GBPUSD=X/forex_mtf_breakout equity=20000.00 trades=0 -> skip
[2026-07-06 09:39:52] 2026-07-03T20:00:00 AUDUSD=X/donchian_bidirectional equity=20000.00 trades=0 -> skip
[2026-07-06 09:40:48] 2026-07-03T20:30:00 AUDUSD=X/donchian_bidirectional equity=20000.00 trades=0 -> skip
[2026-07-06 09:43:48] 2026-07-03T20:30:00 AUDUSD=X/donchian_bidirectional equity=20000.00 trades=0 -> skip
[2026-07-06 09:44:52] 2026-07-03T20:00:00 USDCAD=X/donchian_bidirectional equity=20000.00 trades=0 -> skip
[2026-07-06 09:44:52] 2026-07-03T20:00:00 USDJPY=X/donchian_bidirectional equity=20000.00 trades=0 -> skip
[2026-07-06 09:44:52] 2026-07-03T20:00:00 GBPUSD=X/forex_mtf_breakout equity=20000.00 trades=0 -> skip
[2026-07-06 09:44:52] 2026-07-03T20:00:00 AUDUSD=X/donchian_bidirectional equity=20000.00 trades=0 -> skip
[2026-07-06 09:46:49] 2026-07-03T20:30:00 AUDUSD=X/donchian_bidirectional equity=20000.00 trades=0 -> skip
[2026-07-06 09:49:49] 2026-07-03T20:30:00 AUDUSD=X/donchian_bidirectional equity=20000.00 trades=0 -> skip
[2026-07-06 09:49:52] 2026-07-03T20:00:00 USDCAD=X/donchian_bidirectional equity=20000.00 trades=0 -> skip
[2026-07-06 09:49:52] 2026-07-03T20:00:00 USDJPY=X/donchian_bidirectional equity=20000.00 trades=0 -> skip
[2026-07-06 09:49:53] 2026-07-03T20:00:00 GBPUSD=X/forex_mtf_breakout equity=20000.00 trades=0 -> skip
[2026-07-06 09:49:53] 2026-07-03T20:00:00 AUDUSD=X/donchian_bidirectional equity=20000.00 trades=0 -> skip
[2026-07-06 09:52:49] 2026-07-03T20:30:00 AUDUSD=X/donchian_bidirectional equity=20000.00 trades=0 -> skip
[2026-07-06 09:54:53] 2026-07-03T20:00:00 USDCAD=X/donchian_bidirectional equity=20000.00 trades=0 -> skip
[2026-07-06 09:54:53] 2026-07-03T20:00:00 USDJPY=X/donchian_bidirectional equity=20000.00 trades=0 -> skip
[2026-07-06 09:54:53] 2026-07-03T20:00:00 GBPUSD=X/forex_mtf_breakout equity=20000.00 trades=0 -> skip
[2026-07-06 09:54:53] 2026-07-03T20:00:00 AUDUSD=X/donchian_bidirectional equity=20000.00 trades=0 -> skip
[2026-07-06 09:55:49] 2026-07-03T20:30:00 AUDUSD=X/donchian_bidirectional equity=20000.00 trades=0 -> skip
[2026-07-06 09:58:49] 2026-07-03T20:30:00 AUDUSD=X/donchian_bidirectional equity=20000.00 trades=0 -> skip
[2026-07-06 09:59:53] 2026-07-03T20:00:00 USDCAD=X/donchian_bidirectional equity=20000.00 trades=0 -> skip
[2026-07-06 09:59:53] 2026-07-03T20:00:00 USDJPY=X/donchian_bidirectional equity=20000.00 trades=0 -> skip
[2026-07-06 09:59:53] 2026-07-03T20:00:00 GBPUSD=X/forex_mtf_breakout equity=20000.00 trades=0 -> skip
[2026-07-06 09:59:54] 2026-07-03T20:00:00 AUDUSD=X/donchian_bidirectional equity=20000.00 trades=0 -> skip
[2026-07-06 10:01:49] 2026-07-03T20:30:00 AUDUSD=X/donchian_bidirectional equity=20000.00 trades=0 -> skip
[2026-07-06 10:04:49] 2026-07-03T20:30:00 AUDUSD=X/donchian_bidirectional equity=20000.00 trades=0 -> skip
[2026-07-06 10:04:54] 2026-07-03T20:00:00 USDCAD=X/donchian_bidirectional equity=20000.00 trades=0 -> skip
[2026-07-06 10:04:54] 2026-07-03T20:00:00 USDJPY=X/donchian_bidirectional equity=20000.00 trades=0 -> skip
[2026-07-06 10:04:54] 2026-07-03T20:00:00 GBPUSD=X/forex_mtf_breakout equity=20000.00 trades=0 -> skip
[2026-07-06 10:04:54] 2026-07-03T20:00:00 AUDUSD=X/donchian_bidirectional equity=20000.00 trades=0 -> skip
[2026-07-06 10:07:49] 2026-07-03T20:30:00 AUDUSD=X/donchian_bidirectional equity=20000.00 trades=0 -> skip
[2026-07-06 10:09:54] 2026-07-03T20:00:00 USDCAD=X/donchian_bidirectional equity=20000.00 trades=0 -> skip
[2026-07-06 10:09:54] 2026-07-03T20:00:00 USDJPY=X/donchian_bidirectional equity=20000.00 trades=0 -> skip
[2026-07-06 10:09:54] 2026-07-03T20:00:00 GBPUSD=X/forex_mtf_breakout equity=20000.00 trades=0 -> skip
[2026-07-06 10:09:54] 2026-07-03T20:00:00 AUDUSD=X/donchian_bidirectional equity=20000.00 trades=0 -> skip
[2026-07-06 10:10:50] 2026-07-03T20:30:00 AUDUSD=X/donchian_bidirectional equity=20000.00 trades=0 -> skip
[2026-07-06 10:13:50] 2026-07-03T20:30:00 AUDUSD=X/donchian_bidirectional equity=20000.00 trades=0 -> skip
[2026-07-06 10:14:55] 2026-07-03T20:00:00 USDCAD=X/donchian_bidirectional equity=20000.00 trades=0 -> skip
[2026-07-06 10:14:55] 2026-07-03T20:00:00 USDJPY=X/donchian_bidirectional equity=20000.00 trades=0 -> skip
[2026-07-06 10:14:55] 2026-07-03T20:00:00 GBPUSD=X/forex_mtf_breakout equity=20000.00 trades=0 -> skip
[2026-07-06 10:14:55] 2026-07-03T20:00:00 AUDUSD=X/donchian_bidirectional equity=20000.00 trades=0 -> skip
[2026-07-06 10:16:50] 2026-07-03T20:30:00 AUDUSD=X/donchian_bidirectional equity=20000.00 trades=0 -> skip
[2026-07-06 10:19:50] 2026-07-03T20:30:00 AUDUSD=X/donchian_bidirectional equity=20000.00 trades=0 -> skip
[2026-07-06 10:19:55] 2026-07-03T20:00:00 USDCAD=X/donchian_bidirectional equity=20000.00 trades=0 -> skip
[2026-07-06 10:19:55] 2026-07-03T20:00:00 USDJPY=X/donchian_bidirectional equity=20000.00 trades=0 -> skip
[2026-07-06 10:19:55] 2026-07-03T20:00:00 GBPUSD=X/forex_mtf_breakout equity=20000.00 trades=0 -> skip
[2026-07-06 10:19:55] 2026-07-03T20:00:00 AUDUSD=X/donchian_bidirectional equity=20000.00 trades=0 -> skip
[2026-07-06 10:22:50] 2026-07-03T20:30:00 AUDUSD=X/donchian_bidirectional equity=20000.00 trades=0 -> skip
[2026-07-06 10:24:55] 2026-07-03T20:00:00 USDCAD=X/donchian_bidirectional equity=20000.00 trades=0 -> skip
[2026-07-06 10:24:56] 2026-07-03T20:00:00 USDJPY=X/donchian_bidirectional equity=20000.00 trades=0 -> skip
[2026-07-06 10:24:56] 2026-07-03T20:00:00 GBPUSD=X/forex_mtf_breakout equity=20000.00 trades=0 -> skip
[2026-07-06 10:24:56] 2026-07-03T20:00:00 AUDUSD=X/donchian_bidirectional equity=20000.00 trades=0 -> skip
[2026-07-06 10:25:50] 2026-07-03T20:30:00 AUDUSD=X/donchian_bidirectional equity=20000.00 trades=0 -> skip
[2026-07-06 10:28:50] 2026-07-03T20:30:00 AUDUSD=X/donchian_bidirectional equity=20000.00 trades=0 -> skip
[2026-07-06 10:29:56] 2026-07-03T20:00:00 USDCAD=X/donchian_bidirectional equity=20000.00 trades=0 -> skip
[2026-07-06 10:29:56] 2026-07-03T20:00:00 USDJPY=X/donchian_bidirectional equity=20000.00 trades=0 -> skip
[2026-07-06 10:29:56] 2026-07-03T20:00:00 GBPUSD=X/forex_mtf_breakout equity=20000.00 trades=0 -> skip
[2026-07-06 10:29:56] 2026-07-03T20:00:00 AUDUSD=X/donchian_bidirectional equity=20000.00 trades=0 -> skip
[2026-07-06 10:31:50] 2026-07-03T20:30:00 AUDUSD=X/donchian_bidirectional equity=20000.00 trades=0 -> skip
[2026-07-06 10:34:50] 2026-07-03T20:30:00 AUDUSD=X/donchian_bidirectional equity=20000.00 trades=0 -> skip
[2026-07-06 10:34:56] 2026-07-03T20:00:00 USDCAD=X/donchian_bidirectional equity=20000.00 trades=0 -> skip
[2026-07-06 10:34:56] 2026-07-03T20:00:00 USDJPY=X/donchian_bidirectional equity=20000.00 trades=0 -> skip
[2026-07-06 10:34:57] 2026-07-03T20:00:00 GBPUSD=X/forex_mtf_breakout equity=20000.00 trades=0 -> skip
[2026-07-06 10:34:57] 2026-07-03T20:00:00 AUDUSD=X/donchian_bidirectional equity=20000.00 trades=0 -> skip
[2026-07-06 10:37:51] 2026-07-03T20:30:00 AUDUSD=X/donchian_bidirectional equity=20000.00 trades=0 -> skip
[2026-07-06 10:39:57] 2026-07-03T20:00:00 USDCAD=X/donchian_bidirectional equity=20000.00 trades=0 -> skip
[2026-07-06 10:39:57] 2026-07-03T20:00:00 USDJPY=X/donchian_bidirectional equity=20000.00 trades=0 -> skip
[2026-07-06 10:39:57] 2026-07-03T20:00:00 GBPUSD=X/forex_mtf_breakout equity=20000.00 trades=0 -> skip
[2026-07-06 10:39:57] 2026-07-03T20:00:00 AUDUSD=X/donchian_bidirectional equity=20000.00 trades=0 -> skip
[2026-07-06 10:40:51] 2026-07-03T20:30:00 AUDUSD=X/donchian_bidirectional equity=20000.00 trades=0 -> skip
[2026-07-06 10:43:51] 2026-07-03T20:30:00 AUDUSD=X/donchian_bidirectional equity=20000.00 trades=0 -> skip
[2026-07-06 10:44:57] 2026-07-03T20:00:00 USDCAD=X/donchian_bidirectional equity=20000.00 trades=0 -> skip
[2026-07-06 10:44:57] 2026-07-03T20:00:00 USDJPY=X/donchian_bidirectional equity=20000.00 trades=0 -> skip
[2026-07-06 10:44:57] 2026-07-03T20:00:00 GBPUSD=X/forex_mtf_breakout equity=20000.00 trades=0 -> skip
[2026-07-06 10:44:58] 2026-07-03T20:00:00 AUDUSD=X/donchian_bidirectional equity=20000.00 trades=0 -> skip
[2026-07-06 10:46:51] 2026-07-03T20:30:00 AUDUSD=X/donchian_bidirectional equity=20000.00 trades=0 -> skip
[2026-07-06 10:49:51] 2026-07-03T20:30:00 AUDUSD=X/donchian_bidirectional equity=20000.00 trades=0 -> skip
[2026-07-06 10:49:58] 2026-07-03T20:00:00 USDCAD=X/donchian_bidirectional equity=20000.00 trades=0 -> skip
[2026-07-06 10:49:58] 2026-07-03T20:00:00 USDJPY=X/donchian_bidirectional equity=20000.00 trades=0 -> skip
[2026-07-06 10:49:58] 2026-07-03T20:00:00 GBPUSD=X/forex_mtf_breakout equity=20000.00 trades=0 -> skip
[2026-07-06 10:49:58] 2026-07-03T20:00:00 AUDUSD=X/donchian_bidirectional equity=20000.00 trades=0 -> skip
[2026-07-06 10:52:51] 2026-07-03T20:30:00 AUDUSD=X/donchian_bidirectional equity=20000.00 trades=0 -> skip
[2026-07-06 10:54:58] 2026-07-03T20:00:00 USDCAD=X/donchian_bidirectional equity=20000.00 trades=0 -> skip
[2026-07-06 10:54:58] 2026-07-03T20:00:00 USDJPY=X/donchian_bidirectional equity=20000.00 trades=0 -> skip
[2026-07-06 10:54:58] 2026-07-03T20:00:00 GBPUSD=X/forex_mtf_breakout equity=20000.00 trades=0 -> skip
[2026-07-06 10:54:58] 2026-07-03T20:00:00 AUDUSD=X/donchian_bidirectional equity=20000.00 trades=0 -> skip
[2026-07-06 10:55:51] 2026-07-03T20:30:00 AUDUSD=X/donchian_bidirectional equity=20000.00 trades=0 -> skip
[2026-07-06 10:58:51] 2026-07-03T20:30:00 AUDUSD=X/donchian_bidirectional equity=20000.00 trades=0 -> skip
[2026-07-06 10:59:59] 2026-07-03T20:00:00 USDCAD=X/donchian_bidirectional equity=20000.00 trades=0 -> skip
[2026-07-06 10:59:59] 2026-07-03T20:00:00 USDJPY=X/donchian_bidirectional equity=20000.00 trades=0 -> skip
[2026-07-06 10:59:59] 2026-07-03T20:00:00 GBPUSD=X/forex_mtf_breakout equity=20000.00 trades=0 -> skip
[2026-07-06 10:59:59] 2026-07-03T20:00:00 AUDUSD=X/donchian_bidirectional equity=20000.00 trades=0 -> skip
[2026-07-06 11:01:51] 2026-07-03T20:30:00 AUDUSD=X/donchian_bidirectional equity=20000.00 trades=0 -> skip
[2026-07-06 11:04:52] 2026-07-03T20:30:00 AUDUSD=X/donchian_bidirectional equity=20000.00 trades=0 -> skip
[2026-07-06 11:04:59] 2026-07-03T20:00:00 USDCAD=X/donchian_bidirectional equity=20000.00 trades=0 -> skip
[2026-07-06 11:04:59] 2026-07-03T20:00:00 USDJPY=X/donchian_bidirectional equity=20000.00 trades=0 -> skip
[2026-07-06 11:04:59] 2026-07-03T20:00:00 GBPUSD=X/forex_mtf_breakout equity=20000.00 trades=0 -> skip
[2026-07-06 11:04:59] 2026-07-03T20:00:00 AUDUSD=X/donchian_bidirectional equity=20000.00 trades=0 -> skip
[2026-07-06 11:07:52] 2026-07-03T20:30:00 AUDUSD=X/donchian_bidirectional equity=20000.00 trades=0 -> skip
[2026-07-06 11:09:59] 2026-07-03T20:00:00 USDCAD=X/donchian_bidirectional equity=20000.00 trades=0 -> skip
[2026-07-06 11:10:00] 2026-07-03T20:00:00 USDJPY=X/donchian_bidirectional equity=20000.00 trades=0 -> skip
[2026-07-06 11:10:00] 2026-07-03T20:00:00 GBPUSD=X/forex_mtf_breakout equity=20000.00 trades=0 -> skip
[2026-07-06 11:10:00] 2026-07-03T20:00:00 AUDUSD=X/donchian_bidirectional equity=20000.00 trades=0 -> skip
[2026-07-06 11:10:52] 2026-07-03T20:30:00 AUDUSD=X/donchian_bidirectional equity=20000.00 trades=0 -> skip
[2026-07-06 11:13:52] 2026-07-03T20:30:00 AUDUSD=X/donchian_bidirectional equity=20000.00 trades=0 -> skip
[2026-07-06 11:15:00] 2026-07-03T20:00:00 USDCAD=X/donchian_bidirectional equity=20000.00 trades=0 -> skip
[2026-07-06 11:15:00] 2026-07-03T20:00:00 USDJPY=X/donchian_bidirectional equity=20000.00 trades=0 -> skip
[2026-07-06 11:15:00] 2026-07-03T20:00:00 GBPUSD=X/forex_mtf_breakout equity=20000.00 trades=0 -> skip
[2026-07-06 11:15:00] 2026-07-03T20:00:00 AUDUSD=X/donchian_bidirectional equity=20000.00 trades=0 -> skip
[2026-07-06 11:16:52] 2026-07-03T20:30:00 AUDUSD=X/donchian_bidirectional equity=20000.00 trades=0 -> skip
[2026-07-06 11:19:52] 2026-07-03T20:30:00 AUDUSD=X/donchian_bidirectional equity=20000.00 trades=0 -> skip
[2026-07-06 11:20:00] 2026-07-03T20:00:00 USDCAD=X/donchian_bidirectional equity=20000.00 trades=0 -> skip
[2026-07-06 11:20:00] 2026-07-03T20:00:00 USDJPY=X/donchian_bidirectional equity=20000.00 trades=0 -> skip
[2026-07-06 11:20:01] 2026-07-03T20:00:00 GBPUSD=X/forex_mtf_breakout equity=20000.00 trades=0 -> skip
[2026-07-06 11:20:01] 2026-07-03T20:00:00 AUDUSD=X/donchian_bidirectional equity=20000.00 trades=0 -> skip
[2026-07-06 11:22:52] 2026-07-03T20:30:00 AUDUSD=X/donchian_bidirectional equity=20000.00 trades=0 -> skip
[2026-07-06 11:25:01] 2026-07-03T20:00:00 USDCAD=X/donchian_bidirectional equity=20000.00 trades=0 -> skip
[2026-07-06 11:25:01] 2026-07-03T20:00:00 USDJPY=X/donchian_bidirectional equity=20000.00 trades=0 -> skip
[2026-07-06 11:25:01] 2026-07-03T20:00:00 GBPUSD=X/forex_mtf_breakout equity=20000.00 trades=0 -> skip
[2026-07-06 11:25:01] 2026-07-03T20:00:00 AUDUSD=X/donchian_bidirectional equity=20000.00 trades=0 -> skip
[2026-07-06 11:25:52] 2026-07-03T20:30:00 AUDUSD=X/donchian_bidirectional equity=20000.00 trades=0 -> skip
[2026-07-06 11:28:52] 2026-07-03T20:30:00 AUDUSD=X/donchian_bidirectional equity=20000.00 trades=0 -> skip
[2026-07-06 11:30:01] 2026-07-03T20:00:00 USDCAD=X/donchian_bidirectional equity=20000.00 trades=0 -> skip
[2026-07-06 11:30:01] 2026-07-03T20:00:00 USDJPY=X/donchian_bidirectional equity=20000.00 trades=0 -> skip
[2026-07-06 11:30:01] 2026-07-03T20:00:00 GBPUSD=X/forex_mtf_breakout equity=20000.00 trades=0 -> skip
[2026-07-06 11:30:02] 2026-07-03T20:00:00 AUDUSD=X/donchian_bidirectional equity=20000.00 trades=0 -> skip
[2026-07-06 11:31:53] 2026-07-03T20:30:00 AUDUSD=X/donchian_bidirectional equity=20000.00 trades=0 -> skip
[2026-07-06 11:34:53] 2026-07-03T20:30:00 AUDUSD=X/donchian_bidirectional equity=20000.00 trades=0 -> skip
[2026-07-06 11:35:02] 2026-07-03T20:00:00 USDCAD=X/donchian_bidirectional equity=20000.00 trades=0 -> skip
[2026-07-06 11:35:02] 2026-07-03T20:00:00 USDJPY=X/donchian_bidirectional equity=20000.00 trades=0 -> skip
[2026-07-06 11:35:02] 2026-07-03T20:00:00 GBPUSD=X/forex_mtf_breakout equity=20000.00 trades=0 -> skip
[2026-07-06 11:35:02] 2026-07-03T20:00:00 AUDUSD=X/donchian_bidirectional equity=20000.00 trades=0 -> skip
[2026-07-06 11:37:53] 2026-07-03T20:30:00 AUDUSD=X/donchian_bidirectional equity=20000.00 trades=0 -> skip
[2026-07-06 11:40:02] 2026-07-03T20:00:00 USDCAD=X/donchian_bidirectional equity=20000.00 trades=0 -> skip
[2026-07-06 11:40:02] 2026-07-03T20:00:00 USDJPY=X/donchian_bidirectional equity=20000.00 trades=0 -> skip
[2026-07-06 11:40:02] 2026-07-03T20:00:00 GBPUSD=X/forex_mtf_breakout equity=20000.00 trades=0 -> skip
[2026-07-06 11:40:02] 2026-07-03T20:00:00 AUDUSD=X/donchian_bidirectional equity=20000.00 trades=0 -> skip
[2026-07-06 11:40:53] 2026-07-03T20:30:00 AUDUSD=X/donchian_bidirectional equity=20000.00 trades=0 -> skip
[2026-07-06 11:43:53] 2026-07-03T20:30:00 AUDUSD=X/donchian_bidirectional equity=20000.00 trades=0 -> skip
[2026-07-06 11:45:03] 2026-07-03T20:00:00 USDCAD=X/donchian_bidirectional equity=20000.00 trades=0 -> skip
[2026-07-06 11:45:03] 2026-07-03T20:00:00 USDJPY=X/donchian_bidirectional equity=20000.00 trades=0 -> skip
[2026-07-06 11:45:03] 2026-07-03T20:00:00 GBPUSD=X/forex_mtf_breakout equity=20000.00 trades=0 -> skip
[2026-07-06 11:45:03] 2026-07-03T20:00:00 AUDUSD=X/donchian_bidirectional equity=20000.00 trades=0 -> skip
[2026-07-06 11:46:53] 2026-07-03T20:30:00 AUDUSD=X/donchian_bidirectional equity=20000.00 trades=0 -> skip
[2026-07-06 11:49:53] 2026-07-03T20:30:00 AUDUSD=X/donchian_bidirectional equity=20000.00 trades=0 -> skip
[2026-07-06 11:50:03] 2026-07-03T20:00:00 USDCAD=X/donchian_bidirectional equity=20000.00 trades=0 -> skip
[2026-07-06 11:50:03] 2026-07-03T20:00:00 USDJPY=X/donchian_bidirectional equity=20000.00 trades=0 -> skip
[2026-07-06 11:50:03] 2026-07-03T20:00:00 GBPUSD=X/forex_mtf_breakout equity=20000.00 trades=0 -> skip
[2026-07-06 11:50:03] 2026-07-03T20:00:00 AUDUSD=X/donchian_bidirectional equity=20000.00 trades=0 -> skip
[2026-07-06 11:52:53] 2026-07-03T20:30:00 AUDUSD=X/donchian_bidirectional equity=20000.00 trades=0 -> skip
[2026-07-06 11:55:03] 2026-07-03T20:00:00 USDCAD=X/donchian_bidirectional equity=20000.00 trades=0 -> skip
[2026-07-06 11:55:04] 2026-07-03T20:00:00 USDJPY=X/donchian_bidirectional equity=20000.00 trades=0 -> skip
[2026-07-06 11:55:04] 2026-07-03T20:00:00 GBPUSD=X/forex_mtf_breakout equity=20000.00 trades=0 -> skip
[2026-07-06 11:55:04] 2026-07-03T20:00:00 AUDUSD=X/donchian_bidirectional equity=20000.00 trades=0 -> skip
[2026-07-06 11:55:53] 2026-07-03T20:30:00 AUDUSD=X/donchian_bidirectional equity=20000.00 trades=0 -> skip
[2026-07-06 11:58:54] 2026-07-03T20:30:00 AUDUSD=X/donchian_bidirectional equity=20000.00 trades=0 -> skip
[2026-07-06 12:00:04] 2026-07-03T20:00:00 USDCAD=X/donchian_bidirectional equity=20000.00 trades=0 -> skip
[2026-07-06 12:00:04] 2026-07-03T20:00:00 USDJPY=X/donchian_bidirectional equity=20000.00 trades=0 -> skip
[2026-07-06 12:00:04] 2026-07-03T20:00:00 GBPUSD=X/forex_mtf_breakout equity=20000.00 trades=0 -> skip
[2026-07-06 12:00:04] 2026-07-03T20:00:00 AUDUSD=X/donchian_bidirectional equity=20000.00 trades=0 -> skip
[2026-07-06 12:01:54] 2026-07-03T20:30:00 AUDUSD=X/donchian_bidirectional equity=20000.00 trades=0 -> skip
[2026-07-06 12:04:54] 2026-07-03T20:30:00 AUDUSD=X/donchian_bidirectional equity=20000.00 trades=0 -> skip
[2026-07-06 12:05:04] 2026-07-03T20:00:00 USDCAD=X/donchian_bidirectional equity=20000.00 trades=0 -> skip
[2026-07-06 12:05:04] 2026-07-03T20:00:00 USDJPY=X/donchian_bidirectional equity=20000.00 trades=0 -> skip
[2026-07-06 12:05:05] 2026-07-03T20:00:00 GBPUSD=X/forex_mtf_breakout equity=20000.00 trades=0 -> skip
[2026-07-06 12:05:05] 2026-07-03T20:00:00 AUDUSD=X/donchian_bidirectional equity=20000.00 trades=0 -> skip
[2026-07-06 12:07:54] 2026-07-03T20:30:00 AUDUSD=X/donchian_bidirectional equity=20000.00 trades=0 -> skip
[2026-07-06 12:10:05] 2026-07-03T20:00:00 USDCAD=X/donchian_bidirectional equity=20000.00 trades=0 -> skip
[2026-07-06 12:10:05] 2026-07-03T20:00:00 USDJPY=X/donchian_bidirectional equity=20000.00 trades=0 -> skip
[2026-07-06 12:10:05] 2026-07-03T20:00:00 GBPUSD=X/forex_mtf_breakout equity=20000.00 trades=0 -> skip
[2026-07-06 12:10:05] 2026-07-03T20:00:00 AUDUSD=X/donchian_bidirectional equity=20000.00 trades=0 -> skip
[2026-07-06 12:10:54] 2026-07-03T20:30:00 AUDUSD=X/donchian_bidirectional equity=20000.00 trades=0 -> skip
[2026-07-06 12:13:54] 2026-07-03T20:30:00 AUDUSD=X/donchian_bidirectional equity=20000.00 trades=0 -> skip
[2026-07-06 12:15:06] 2026-07-03T20:00:00 USDCAD=X/donchian_bidirectional equity=20000.00 trades=0 -> skip
[2026-07-06 12:15:06] 2026-07-03T20:00:00 USDJPY=X/donchian_bidirectional equity=20000.00 trades=0 -> skip
[2026-07-06 12:15:06] 2026-07-03T20:00:00 GBPUSD=X/forex_mtf_breakout equity=20000.00 trades=0 -> skip
[2026-07-06 12:15:06] 2026-07-03T20:00:00 AUDUSD=X/donchian_bidirectional equity=20000.00 trades=0 -> skip
[2026-07-06 12:16:55] 2026-07-03T20:30:00 AUDUSD=X/donchian_bidirectional equity=20000.00 trades=0 -> skip
[2026-07-06 12:19:55] 2026-07-03T20:30:00 AUDUSD=X/donchian_bidirectional equity=20000.00 trades=0 -> skip
[2026-07-06 12:20:06] 2026-07-03T20:00:00 USDCAD=X/donchian_bidirectional equity=20000.00 trades=0 -> skip
[2026-07-06 12:20:07] 2026-07-03T20:00:00 USDJPY=X/donchian_bidirectional equity=20000.00 trades=0 -> skip
[2026-07-06 12:20:07] 2026-07-03T20:00:00 GBPUSD=X/forex_mtf_breakout equity=20000.00 trades=0 -> skip
[2026-07-06 12:20:07] 2026-07-03T20:00:00 AUDUSD=X/donchian_bidirectional equity=20000.00 trades=0 -> skip
[2026-07-06 12:22:55] 2026-07-03T20:30:00 AUDUSD=X/donchian_bidirectional equity=20000.00 trades=0 -> skip
[2026-07-06 12:25:07] 2026-07-03T20:00:00 USDCAD=X/donchian_bidirectional equity=20000.00 trades=0 -> skip
[2026-07-06 12:25:07] 2026-07-03T20:00:00 USDJPY=X/donchian_bidirectional equity=20000.00 trades=0 -> skip
[2026-07-06 12:25:07] 2026-07-03T20:00:00 GBPUSD=X/forex_mtf_breakout equity=20000.00 trades=0 -> skip
[2026-07-06 12:25:08] 2026-07-03T20:00:00 AUDUSD=X/donchian_bidirectional equity=20000.00 trades=0 -> skip
[2026-07-06 12:25:55] 2026-07-03T20:30:00 AUDUSD=X/donchian_bidirectional equity=20000.00 trades=0 -> skip
[2026-07-06 12:28:55] 2026-07-03T20:30:00 AUDUSD=X/donchian_bidirectional equity=20000.00 trades=0 -> skip
[2026-07-06 12:30:08] 2026-07-03T20:00:00 USDCAD=X/donchian_bidirectional equity=20000.00 trades=0 -> skip
[2026-07-06 12:30:08] 2026-07-03T20:00:00 USDJPY=X/donchian_bidirectional equity=20000.00 trades=0 -> skip
[2026-07-06 12:30:08] 2026-07-03T20:00:00 GBPUSD=X/forex_mtf_breakout equity=20000.00 trades=0 -> skip
[2026-07-06 12:30:08] 2026-07-03T20:00:00 AUDUSD=X/donchian_bidirectional equity=20000.00 trades=0 -> skip
[2026-07-06 12:31:55] 2026-07-03T20:30:00 AUDUSD=X/donchian_bidirectional equity=20000.00 trades=0 -> skip
[2026-07-06 12:34:55] 2026-07-03T20:30:00 AUDUSD=X/donchian_bidirectional equity=20000.00 trades=0 -> skip
[2026-07-06 12:35:08] 2026-07-03T20:00:00 USDCAD=X/donchian_bidirectional equity=20000.00 trades=0 -> skip
[2026-07-06 12:35:09] 2026-07-03T20:00:00 USDJPY=X/donchian_bidirectional equity=20000.00 trades=0 -> skip
[2026-07-06 12:35:09] 2026-07-03T20:00:00 GBPUSD=X/forex_mtf_breakout equity=20000.00 trades=0 -> skip
[2026-07-06 12:35:09] 2026-07-03T20:00:00 AUDUSD=X/donchian_bidirectional equity=20000.00 trades=0 -> skip
[2026-07-06 12:37:56] 2026-07-03T20:30:00 AUDUSD=X/donchian_bidirectional equity=20000.00 trades=0 -> skip
[2026-07-06 12:40:09] 2026-07-03T20:00:00 USDCAD=X/donchian_bidirectional equity=20000.00 trades=0 -> skip
[2026-07-06 12:40:09] 2026-07-03T20:00:00 USDJPY=X/donchian_bidirectional equity=20000.00 trades=0 -> skip
[2026-07-06 12:40:09] 2026-07-03T20:00:00 GBPUSD=X/forex_mtf_breakout equity=20000.00 trades=0 -> skip
[2026-07-06 12:40:10] 2026-07-03T20:00:00 AUDUSD=X/donchian_bidirectional equity=20000.00 trades=0 -> skip
[2026-07-06 12:40:56] 2026-07-03T20:30:00 AUDUSD=X/donchian_bidirectional equity=20000.00 trades=0 -> skip
[2026-07-06 12:43:56] 2026-07-03T20:30:00 AUDUSD=X/donchian_bidirectional equity=20000.00 trades=0 -> skip
[2026-07-06 12:45:10] 2026-07-03T20:00:00 USDCAD=X/donchian_bidirectional equity=20000.00 trades=0 -> skip
[2026-07-06 12:45:10] 2026-07-03T20:00:00 USDJPY=X/donchian_bidirectional equity=20000.00 trades=0 -> skip
[2026-07-06 12:45:10] 2026-07-03T20:00:00 GBPUSD=X/forex_mtf_breakout equity=20000.00 trades=0 -> skip
[2026-07-06 12:45:10] 2026-07-03T20:00:00 AUDUSD=X/donchian_bidirectional equity=20000.00 trades=0 -> skip
[2026-07-06 12:46:56] 2026-07-03T20:30:00 AUDUSD=X/donchian_bidirectional equity=20000.00 trades=0 -> skip
[2026-07-06 12:49:56] 2026-07-03T20:30:00 AUDUSD=X/donchian_bidirectional equity=20000.00 trades=0 -> skip
[2026-07-06 12:50:10] 2026-07-03T20:00:00 USDCAD=X/donchian_bidirectional equity=20000.00 trades=0 -> skip
[2026-07-06 12:50:10] 2026-07-03T20:00:00 USDJPY=X/donchian_bidirectional equity=20000.00 trades=0 -> skip
[2026-07-06 12:50:11] 2026-07-03T20:00:00 GBPUSD=X/forex_mtf_breakout equity=20000.00 trades=0 -> skip
[2026-07-06 12:50:11] 2026-07-03T20:00:00 AUDUSD=X/donchian_bidirectional equity=20000.00 trades=0 -> skip
[2026-07-06 12:52:56] 2026-07-03T20:30:00 AUDUSD=X/donchian_bidirectional equity=20000.00 trades=0 -> skip
[2026-07-06 12:55:11] 2026-07-03T20:00:00 USDCAD=X/donchian_bidirectional equity=20000.00 trades=0 -> skip
[2026-07-06 12:55:11] 2026-07-03T20:00:00 USDJPY=X/donchian_bidirectional equity=20000.00 trades=0 -> skip
[2026-07-06 12:55:11] 2026-07-03T20:00:00 GBPUSD=X/forex_mtf_breakout equity=20000.00 trades=0 -> skip
[2026-07-06 12:55:11] 2026-07-03T20:00:00 AUDUSD=X/donchian_bidirectional equity=20000.00 trades=0 -> skip
[2026-07-06 12:55:56] 2026-07-03T20:30:00 AUDUSD=X/donchian_bidirectional equity=20000.00 trades=0 -> skip
[2026-07-06 12:58:57] 2026-07-03T20:30:00 AUDUSD=X/donchian_bidirectional equity=20000.00 trades=0 -> skip
[2026-07-06 13:00:11] 2026-07-03T20:00:00 USDCAD=X/donchian_bidirectional equity=20000.00 trades=0 -> skip
[2026-07-06 13:00:11] 2026-07-03T20:00:00 USDJPY=X/donchian_bidirectional equity=20000.00 trades=0 -> skip
[2026-07-06 13:00:12] 2026-07-03T20:00:00 GBPUSD=X/forex_mtf_breakout equity=20000.00 trades=0 -> skip
[2026-07-06 13:00:12] 2026-07-03T20:00:00 AUDUSD=X/donchian_bidirectional equity=20000.00 trades=0 -> skip
[2026-07-06 13:01:57] 2026-07-03T20:30:00 AUDUSD=X/donchian_bidirectional equity=20000.00 trades=0 -> skip
[2026-07-06 13:04:57] 2026-07-03T20:30:00 AUDUSD=X/donchian_bidirectional equity=20000.00 trades=0 -> skip
[2026-07-06 13:05:12] 2026-07-03T20:00:00 USDCAD=X/donchian_bidirectional equity=20000.00 trades=0 -> skip
[2026-07-06 13:05:12] 2026-07-03T20:00:00 USDJPY=X/donchian_bidirectional equity=20000.00 trades=0 -> skip
[2026-07-06 13:05:12] 2026-07-03T20:00:00 GBPUSD=X/forex_mtf_breakout equity=20000.00 trades=0 -> skip
[2026-07-06 13:05:12] 2026-07-03T20:00:00 AUDUSD=X/donchian_bidirectional equity=20000.00 trades=0 -> skip
[2026-07-06 13:07:57] 2026-07-03T20:30:00 AUDUSD=X/donchian_bidirectional equity=20000.00 trades=0 -> skip
[2026-07-06 13:10:12] 2026-07-03T20:00:00 USDCAD=X/donchian_bidirectional equity=20000.00 trades=0 -> skip
[2026-07-06 13:10:12] 2026-07-03T20:00:00 USDJPY=X/donchian_bidirectional equity=20000.00 trades=0 -> skip
[2026-07-06 13:10:13] 2026-07-03T20:00:00 GBPUSD=X/forex_mtf_breakout equity=20000.00 trades=0 -> skip
[2026-07-06 13:10:13] 2026-07-03T20:00:00 AUDUSD=X/donchian_bidirectional equity=20000.00 trades=0 -> skip
[2026-07-06 13:10:57] 2026-07-03T20:30:00 AUDUSD=X/donchian_bidirectional equity=20000.00 trades=0 -> skip
[2026-07-06 13:13:17] START portfolio OOS forex [30m] pairs=3
[2026-07-06 13:13:17] START portfolio OOS forex [1h] pairs=5
[2026-07-06 13:13:17] 2026-07-03T20:00:00 USDJPY=X/donchian_bidirectional equity=20000.00 trades=0 -> skip
[2026-07-06 13:13:17] 2026-07-03T20:30:00 USDJPY=X/donchian_bidirectional equity=20000.00 trades=0 -> hold
[2026-07-06 13:13:17] 2026-07-03T20:00:00 USDCAD=X/donchian_bidirectional equity=20000.00 trades=0 -> skip
[2026-07-06 13:13:17] 2026-07-03T20:30:00 AUDUSD=X/donchian_bidirectional equity=20000.00 trades=0 -> skip
[2026-07-06 13:13:17] 2026-07-03T20:00:00 EURUSD=X/donchian_bidirectional equity=20000.00 trades=0 -> hold
[2026-07-06 13:13:17] 2026-07-03T20:30:00 USDCAD=X/donchian_bidirectional equity=20000.00 trades=0 -> hold
[2026-07-06 13:13:18] 2026-07-03T20:00:00 GBPUSD=X/donchian_bidirectional equity=20000.00 trades=0 -> hold
[2026-07-06 13:13:18] 2026-07-03T20:00:00 AUDUSD=X/donchian_bidirectional equity=20000.00 trades=0 -> skip
[2026-07-06 13:13:57] 2026-07-03T20:30:00 AUDUSD=X/donchian_bidirectional equity=20000.00 trades=0 -> skip
[2026-07-06 13:15:13] 2026-07-03T20:00:00 USDCAD=X/donchian_bidirectional equity=20000.00 trades=0 -> skip
[2026-07-06 13:15:13] 2026-07-03T20:00:00 USDJPY=X/donchian_bidirectional equity=20000.00 trades=0 -> skip
[2026-07-06 13:15:13] 2026-07-03T20:00:00 GBPUSD=X/forex_mtf_breakout equity=20000.00 trades=0 -> skip
[2026-07-06 13:15:13] 2026-07-03T20:00:00 AUDUSD=X/donchian_bidirectional equity=20000.00 trades=0 -> skip
[2026-07-06 13:16:18] 2026-07-03T20:30:00 USDJPY=X/donchian_bidirectional equity=20000.00 trades=0 -> skip
[2026-07-06 13:16:18] 2026-07-03T20:30:00 AUDUSD=X/donchian_bidirectional equity=20000.00 trades=0 -> skip
[2026-07-06 13:16:18] 2026-07-03T20:30:00 USDCAD=X/donchian_bidirectional equity=20000.00 trades=0 -> skip
[2026-07-06 13:16:57] 2026-07-03T20:30:00 AUDUSD=X/donchian_bidirectional equity=20000.00 trades=0 -> skip
[2026-07-06 13:18:18] 2026-07-03T20:00:00 USDJPY=X/donchian_bidirectional equity=20000.00 trades=0 -> skip
[2026-07-06 13:18:18] 2026-07-03T20:00:00 USDCAD=X/donchian_bidirectional equity=20000.00 trades=0 -> skip
[2026-07-06 13:18:18] 2026-07-03T20:00:00 EURUSD=X/donchian_bidirectional equity=20000.00 trades=0 -> skip
[2026-07-06 13:18:18] 2026-07-03T20:00:00 GBPUSD=X/donchian_bidirectional equity=20000.00 trades=0 -> skip
[2026-07-06 13:18:18] 2026-07-03T20:00:00 AUDUSD=X/donchian_bidirectional equity=20000.00 trades=0 -> skip
[2026-07-06 13:19:18] 2026-07-03T20:30:00 USDJPY=X/donchian_bidirectional equity=20000.00 trades=0 -> skip
[2026-07-06 13:19:18] 2026-07-03T20:30:00 AUDUSD=X/donchian_bidirectional equity=20000.00 trades=0 -> skip
[2026-07-06 13:19:18] 2026-07-03T20:30:00 USDCAD=X/donchian_bidirectional equity=20000.00 trades=0 -> skip
[2026-07-06 13:19:57] 2026-07-03T20:30:00 AUDUSD=X/donchian_bidirectional equity=20000.00 trades=0 -> skip
[2026-07-06 13:20:13] 2026-07-03T20:00:00 USDCAD=X/donchian_bidirectional equity=20000.00 trades=0 -> skip
[2026-07-06 13:20:13] 2026-07-03T20:00:00 USDJPY=X/donchian_bidirectional equity=20000.00 trades=0 -> skip
[2026-07-06 13:20:13] 2026-07-03T20:00:00 GBPUSD=X/forex_mtf_breakout equity=20000.00 trades=0 -> skip
[2026-07-06 13:20:14] 2026-07-03T20:00:00 AUDUSD=X/donchian_bidirectional equity=20000.00 trades=0 -> skip
[2026-07-06 13:22:18] 2026-07-03T20:30:00 USDJPY=X/donchian_bidirectional equity=20000.00 trades=0 -> skip
[2026-07-06 13:22:18] 2026-07-03T20:30:00 AUDUSD=X/donchian_bidirectional equity=20000.00 trades=0 -> skip
[2026-07-06 13:22:19] 2026-07-03T20:30:00 USDCAD=X/donchian_bidirectional equity=20000.00 trades=0 -> skip
[2026-07-06 13:22:58] 2026-07-03T20:30:00 AUDUSD=X/donchian_bidirectional equity=20000.00 trades=0 -> skip
[2026-07-06 13:23:18] 2026-07-03T20:00:00 USDJPY=X/donchian_bidirectional equity=20000.00 trades=0 -> skip
[2026-07-06 13:23:18] 2026-07-03T20:00:00 USDCAD=X/donchian_bidirectional equity=20000.00 trades=0 -> skip
[2026-07-06 13:23:19] 2026-07-03T20:00:00 EURUSD=X/donchian_bidirectional equity=20000.00 trades=0 -> skip
[2026-07-06 13:23:19] 2026-07-03T20:00:00 GBPUSD=X/donchian_bidirectional equity=20000.00 trades=0 -> skip
[2026-07-06 13:23:19] 2026-07-03T20:00:00 AUDUSD=X/donchian_bidirectional equity=20000.00 trades=0 -> skip
[2026-07-06 13:25:14] 2026-07-03T20:00:00 USDCAD=X/donchian_bidirectional equity=20000.00 trades=0 -> skip
[2026-07-06 13:25:14] 2026-07-03T20:00:00 USDJPY=X/donchian_bidirectional equity=20000.00 trades=0 -> skip
[2026-07-06 13:25:14] 2026-07-03T20:00:00 GBPUSD=X/forex_mtf_breakout equity=20000.00 trades=0 -> skip
[2026-07-06 13:25:14] 2026-07-03T20:00:00 AUDUSD=X/donchian_bidirectional equity=20000.00 trades=0 -> skip
[2026-07-06 13:25:19] 2026-07-03T20:30:00 USDJPY=X/donchian_bidirectional equity=20000.00 trades=0 -> skip
[2026-07-06 13:25:19] 2026-07-03T20:30:00 AUDUSD=X/donchian_bidirectional equity=20000.00 trades=0 -> skip
[2026-07-06 13:25:19] 2026-07-03T20:30:00 USDCAD=X/donchian_bidirectional equity=20000.00 trades=0 -> skip
[2026-07-06 13:25:58] 2026-07-03T20:30:00 AUDUSD=X/donchian_bidirectional equity=20000.00 trades=0 -> skip
[2026-07-06 13:28:19] 2026-07-03T20:00:00 USDJPY=X/donchian_bidirectional equity=20000.00 trades=0 -> skip
[2026-07-06 13:28:19] 2026-07-03T20:30:00 USDJPY=X/donchian_bidirectional equity=20000.00 trades=0 -> skip
[2026-07-06 13:28:19] 2026-07-03T20:00:00 USDCAD=X/donchian_bidirectional equity=20000.00 trades=0 -> skip
[2026-07-06 13:28:19] 2026-07-03T20:30:00 AUDUSD=X/donchian_bidirectional equity=20000.00 trades=0 -> skip
[2026-07-06 13:28:19] 2026-07-03T20:00:00 EURUSD=X/donchian_bidirectional equity=20000.00 trades=0 -> skip
[2026-07-06 13:28:19] 2026-07-03T20:00:00 GBPUSD=X/donchian_bidirectional equity=20000.00 trades=0 -> skip
[2026-07-06 13:28:19] 2026-07-03T20:30:00 USDCAD=X/donchian_bidirectional equity=20000.00 trades=0 -> skip
[2026-07-06 13:28:19] 2026-07-03T20:00:00 AUDUSD=X/donchian_bidirectional equity=20000.00 trades=0 -> skip
[2026-07-06 13:28:58] 2026-07-03T20:30:00 AUDUSD=X/donchian_bidirectional equity=20000.00 trades=0 -> skip
[2026-07-06 13:30:14] 2026-07-03T20:00:00 USDCAD=X/donchian_bidirectional equity=20000.00 trades=0 -> skip
[2026-07-06 13:30:14] 2026-07-03T20:00:00 USDJPY=X/donchian_bidirectional equity=20000.00 trades=0 -> skip
[2026-07-06 13:30:14] 2026-07-03T20:00:00 GBPUSD=X/forex_mtf_breakout equity=20000.00 trades=0 -> skip
[2026-07-06 13:30:14] 2026-07-03T20:00:00 AUDUSD=X/donchian_bidirectional equity=20000.00 trades=0 -> skip
[2026-07-06 13:31:19] 2026-07-03T20:30:00 USDJPY=X/donchian_bidirectional equity=20000.00 trades=0 -> skip
[2026-07-06 13:31:19] 2026-07-03T20:30:00 AUDUSD=X/donchian_bidirectional equity=20000.00 trades=0 -> skip
[2026-07-06 13:31:20] 2026-07-03T20:30:00 USDCAD=X/donchian_bidirectional equity=20000.00 trades=0 -> skip
[2026-07-06 13:31:58] 2026-07-03T20:30:00 AUDUSD=X/donchian_bidirectional equity=20000.00 trades=0 -> skip
[2026-07-06 13:33:19] 2026-07-03T20:00:00 USDJPY=X/donchian_bidirectional equity=20000.00 trades=0 -> skip
[2026-07-06 13:33:20] 2026-07-03T20:00:00 USDCAD=X/donchian_bidirectional equity=20000.00 trades=0 -> skip
[2026-07-06 13:33:20] 2026-07-03T20:00:00 EURUSD=X/donchian_bidirectional equity=20000.00 trades=0 -> skip
[2026-07-06 13:33:20] 2026-07-03T20:00:00 GBPUSD=X/donchian_bidirectional equity=20000.00 trades=0 -> skip
[2026-07-06 13:33:20] 2026-07-03T20:00:00 AUDUSD=X/donchian_bidirectional equity=20000.00 trades=0 -> skip
[2026-07-06 13:34:20] 2026-07-03T20:30:00 USDJPY=X/donchian_bidirectional equity=20000.00 trades=0 -> skip
[2026-07-06 13:34:20] 2026-07-03T20:30:00 AUDUSD=X/donchian_bidirectional equity=20000.00 trades=0 -> skip
[2026-07-06 13:34:20] 2026-07-03T20:30:00 USDCAD=X/donchian_bidirectional equity=20000.00 trades=0 -> skip
[2026-07-06 13:34:58] 2026-07-03T20:30:00 AUDUSD=X/donchian_bidirectional equity=20000.00 trades=0 -> skip
[2026-07-06 13:35:15] 2026-07-03T20:00:00 USDCAD=X/donchian_bidirectional equity=20000.00 trades=0 -> skip
[2026-07-06 13:35:15] 2026-07-03T20:00:00 USDJPY=X/donchian_bidirectional equity=20000.00 trades=0 -> skip
[2026-07-06 13:35:15] 2026-07-03T20:00:00 GBPUSD=X/forex_mtf_breakout equity=20000.00 trades=0 -> skip
[2026-07-06 13:35:15] 2026-07-03T20:00:00 AUDUSD=X/donchian_bidirectional equity=20000.00 trades=0 -> skip
[2026-07-06 13:37:20] 2026-07-03T20:30:00 USDJPY=X/donchian_bidirectional equity=20000.00 trades=0 -> skip
[2026-07-06 13:37:20] 2026-07-03T20:30:00 AUDUSD=X/donchian_bidirectional equity=20000.00 trades=0 -> skip
[2026-07-06 13:37:20] 2026-07-03T20:30:00 USDCAD=X/donchian_bidirectional equity=20000.00 trades=0 -> skip
[2026-07-06 13:37:58] 2026-07-03T20:30:00 AUDUSD=X/donchian_bidirectional equity=20000.00 trades=0 -> skip
[2026-07-06 13:38:20] 2026-07-03T20:00:00 USDJPY=X/donchian_bidirectional equity=20000.00 trades=0 -> skip
[2026-07-06 13:38:20] 2026-07-03T20:00:00 USDCAD=X/donchian_bidirectional equity=20000.00 trades=0 -> skip
[2026-07-06 13:38:20] 2026-07-03T20:00:00 EURUSD=X/donchian_bidirectional equity=20000.00 trades=0 -> skip
[2026-07-06 13:38:20] 2026-07-03T20:00:00 GBPUSD=X/donchian_bidirectional equity=20000.00 trades=0 -> skip
[2026-07-06 13:38:20] 2026-07-03T20:00:00 AUDUSD=X/donchian_bidirectional equity=20000.00 trades=0 -> skip
[2026-07-06 13:40:15] 2026-07-03T20:00:00 USDCAD=X/donchian_bidirectional equity=20000.00 trades=0 -> skip
[2026-07-06 13:40:15] 2026-07-03T20:00:00 USDJPY=X/donchian_bidirectional equity=20000.00 trades=0 -> skip
[2026-07-06 13:40:15] 2026-07-03T20:00:00 GBPUSD=X/forex_mtf_breakout equity=20000.00 trades=0 -> skip
[2026-07-06 13:40:15] 2026-07-03T20:00:00 AUDUSD=X/donchian_bidirectional equity=20000.00 trades=0 -> skip
[2026-07-06 13:40:20] 2026-07-03T20:30:00 USDJPY=X/donchian_bidirectional equity=20000.00 trades=0 -> skip
[2026-07-06 13:40:20] 2026-07-03T20:30:00 AUDUSD=X/donchian_bidirectional equity=20000.00 trades=0 -> skip
[2026-07-06 13:40:21] 2026-07-03T20:30:00 USDCAD=X/donchian_bidirectional equity=20000.00 trades=0 -> skip
[2026-07-06 13:40:58] 2026-07-03T20:30:00 AUDUSD=X/donchian_bidirectional equity=20000.00 trades=0 -> skip
[2026-07-06 13:43:21] 2026-07-03T20:00:00 USDJPY=X/donchian_bidirectional equity=20000.00 trades=0 -> skip
[2026-07-06 13:43:21] 2026-07-03T20:00:00 USDCAD=X/donchian_bidirectional equity=20000.00 trades=0 -> skip
[2026-07-06 13:43:21] 2026-07-03T20:30:00 USDJPY=X/donchian_bidirectional equity=20000.00 trades=0 -> skip
[2026-07-06 13:43:21] 2026-07-03T20:00:00 EURUSD=X/donchian_bidirectional equity=20000.00 trades=0 -> skip
[2026-07-06 13:43:21] 2026-07-03T20:30:00 AUDUSD=X/donchian_bidirectional equity=20000.00 trades=0 -> skip
[2026-07-06 13:43:21] 2026-07-03T20:00:00 GBPUSD=X/donchian_bidirectional equity=20000.00 trades=0 -> skip
[2026-07-06 13:43:21] 2026-07-03T20:30:00 USDCAD=X/donchian_bidirectional equity=20000.00 trades=0 -> skip
[2026-07-06 13:43:21] 2026-07-03T20:00:00 AUDUSD=X/donchian_bidirectional equity=20000.00 trades=0 -> skip
[2026-07-06 13:43:58] 2026-07-03T20:30:00 AUDUSD=X/donchian_bidirectional equity=20000.00 trades=0 -> skip
[2026-07-06 13:45:15] 2026-07-03T20:00:00 USDCAD=X/donchian_bidirectional equity=20000.00 trades=0 -> skip
[2026-07-06 13:45:16] 2026-07-03T20:00:00 USDJPY=X/donchian_bidirectional equity=20000.00 trades=0 -> skip
[2026-07-06 13:45:16] 2026-07-03T20:00:00 GBPUSD=X/forex_mtf_breakout equity=20000.00 trades=0 -> skip
[2026-07-06 13:45:16] 2026-07-03T20:00:00 AUDUSD=X/donchian_bidirectional equity=20000.00 trades=0 -> skip
[2026-07-06 13:46:21] 2026-07-03T20:30:00 USDJPY=X/donchian_bidirectional equity=20000.00 trades=0 -> skip
[2026-07-06 13:46:21] 2026-07-03T20:30:00 AUDUSD=X/donchian_bidirectional equity=20000.00 trades=0 -> skip
[2026-07-06 13:46:21] 2026-07-03T20:30:00 USDCAD=X/donchian_bidirectional equity=20000.00 trades=0 -> skip
[2026-07-06 13:46:58] 2026-07-03T20:30:00 AUDUSD=X/donchian_bidirectional equity=20000.00 trades=0 -> skip
[2026-07-06 13:48:21] 2026-07-03T20:00:00 USDJPY=X/donchian_bidirectional equity=20000.00 trades=0 -> skip
[2026-07-06 13:48:21] 2026-07-03T20:00:00 USDCAD=X/donchian_bidirectional equity=20000.00 trades=0 -> skip
[2026-07-06 13:48:21] 2026-07-03T20:00:00 EURUSD=X/donchian_bidirectional equity=20000.00 trades=0 -> skip
[2026-07-06 13:48:21] 2026-07-03T20:00:00 GBPUSD=X/donchian_bidirectional equity=20000.00 trades=0 -> skip
[2026-07-06 13:48:22] 2026-07-03T20:00:00 AUDUSD=X/donchian_bidirectional equity=20000.00 trades=0 -> skip
[2026-07-06 13:49:21] 2026-07-03T20:30:00 USDJPY=X/donchian_bidirectional equity=20000.00 trades=0 -> skip
[2026-07-06 13:49:22] 2026-07-03T20:30:00 AUDUSD=X/donchian_bidirectional equity=20000.00 trades=0 -> skip
[2026-07-06 13:49:22] 2026-07-03T20:30:00 USDCAD=X/donchian_bidirectional equity=20000.00 trades=0 -> skip
[2026-07-06 13:49:59] 2026-07-03T20:30:00 AUDUSD=X/donchian_bidirectional equity=20000.00 trades=0 -> skip
[2026-07-06 13:50:16] 2026-07-03T20:00:00 USDCAD=X/donchian_bidirectional equity=20000.00 trades=0 -> skip
[2026-07-06 13:50:16] 2026-07-03T20:00:00 USDJPY=X/donchian_bidirectional equity=20000.00 trades=0 -> skip
[2026-07-06 13:50:16] 2026-07-03T20:00:00 GBPUSD=X/forex_mtf_breakout equity=20000.00 trades=0 -> skip
[2026-07-06 13:50:16] 2026-07-03T20:00:00 AUDUSD=X/donchian_bidirectional equity=20000.00 trades=0 -> skip
[2026-07-06 13:52:22] 2026-07-03T20:30:00 USDJPY=X/donchian_bidirectional equity=20000.00 trades=0 -> skip
[2026-07-06 13:52:22] 2026-07-03T20:30:00 AUDUSD=X/donchian_bidirectional equity=20000.00 trades=0 -> skip
[2026-07-06 13:52:22] 2026-07-03T20:30:00 USDCAD=X/donchian_bidirectional equity=20000.00 trades=0 -> skip
[2026-07-06 13:52:59] 2026-07-03T20:30:00 AUDUSD=X/donchian_bidirectional equity=20000.00 trades=0 -> skip
[2026-07-06 13:53:22] 2026-07-03T20:00:00 USDJPY=X/donchian_bidirectional equity=20000.00 trades=0 -> skip
[2026-07-06 13:53:22] 2026-07-03T20:00:00 USDCAD=X/donchian_bidirectional equity=20000.00 trades=0 -> skip
[2026-07-06 13:53:22] 2026-07-03T20:00:00 EURUSD=X/donchian_bidirectional equity=20000.00 trades=0 -> skip
[2026-07-06 13:53:22] 2026-07-03T20:00:00 GBPUSD=X/donchian_bidirectional equity=20000.00 trades=0 -> skip
[2026-07-06 13:53:22] 2026-07-03T20:00:00 AUDUSD=X/donchian_bidirectional equity=20000.00 trades=0 -> skip
[2026-07-06 13:55:16] 2026-07-03T20:00:00 USDCAD=X/donchian_bidirectional equity=20000.00 trades=0 -> skip
[2026-07-06 13:55:16] 2026-07-03T20:00:00 USDJPY=X/donchian_bidirectional equity=20000.00 trades=0 -> skip
[2026-07-06 13:55:17] 2026-07-03T20:00:00 GBPUSD=X/forex_mtf_breakout equity=20000.00 trades=0 -> skip
[2026-07-06 13:55:17] 2026-07-03T20:00:00 AUDUSD=X/donchian_bidirectional equity=20000.00 trades=0 -> skip
[2026-07-06 13:55:22] 2026-07-03T20:30:00 USDJPY=X/donchian_bidirectional equity=20000.00 trades=0 -> skip
[2026-07-06 13:55:22] 2026-07-03T20:30:00 AUDUSD=X/donchian_bidirectional equity=20000.00 trades=0 -> skip
[2026-07-06 13:55:22] 2026-07-03T20:30:00 USDCAD=X/donchian_bidirectional equity=20000.00 trades=0 -> skip
[2026-07-06 13:55:59] 2026-07-03T20:30:00 AUDUSD=X/donchian_bidirectional equity=20000.00 trades=0 -> skip
[2026-07-06 13:58:22] 2026-07-03T20:00:00 USDJPY=X/donchian_bidirectional equity=20000.00 trades=0 -> skip
[2026-07-06 13:58:22] 2026-07-03T20:00:00 USDCAD=X/donchian_bidirectional equity=20000.00 trades=0 -> skip
[2026-07-06 13:58:22] 2026-07-03T20:00:00 EURUSD=X/donchian_bidirectional equity=20000.00 trades=0 -> skip
[2026-07-06 13:58:22] 2026-07-03T20:30:00 USDJPY=X/donchian_bidirectional equity=20000.00 trades=0 -> skip
[2026-07-06 13:58:23] 2026-07-03T20:00:00 GBPUSD=X/donchian_bidirectional equity=20000.00 trades=0 -> skip
[2026-07-06 13:58:23] 2026-07-03T20:30:00 AUDUSD=X/donchian_bidirectional equity=20000.00 trades=0 -> skip
[2026-07-06 13:58:23] 2026-07-03T20:00:00 AUDUSD=X/donchian_bidirectional equity=20000.00 trades=0 -> skip
[2026-07-06 13:58:23] 2026-07-03T20:30:00 USDCAD=X/donchian_bidirectional equity=20000.00 trades=0 -> skip
[2026-07-06 13:58:59] 2026-07-03T20:30:00 AUDUSD=X/donchian_bidirectional equity=20000.00 trades=0 -> skip
[2026-07-06 14:00:17] 2026-07-03T20:00:00 USDCAD=X/donchian_bidirectional equity=20000.00 trades=0 -> skip
[2026-07-06 14:00:17] 2026-07-03T20:00:00 USDJPY=X/donchian_bidirectional equity=20000.00 trades=0 -> skip
[2026-07-06 14:00:17] 2026-07-03T20:00:00 GBPUSD=X/forex_mtf_breakout equity=20000.00 trades=0 -> skip
[2026-07-06 14:00:17] 2026-07-03T20:00:00 AUDUSD=X/donchian_bidirectional equity=20000.00 trades=0 -> skip
[2026-07-06 14:01:23] 2026-07-03T20:30:00 USDJPY=X/donchian_bidirectional equity=20000.00 trades=0 -> skip
[2026-07-06 14:01:23] 2026-07-03T20:30:00 AUDUSD=X/donchian_bidirectional equity=20000.00 trades=0 -> skip
[2026-07-06 14:01:23] 2026-07-03T20:30:00 USDCAD=X/donchian_bidirectional equity=20000.00 trades=0 -> skip
[2026-07-06 14:01:59] 2026-07-03T20:30:00 AUDUSD=X/donchian_bidirectional equity=20000.00 trades=0 -> skip
[2026-07-06 14:03:23] 2026-07-03T20:00:00 USDJPY=X/donchian_bidirectional equity=20000.00 trades=0 -> skip
[2026-07-06 14:03:23] 2026-07-03T20:00:00 USDCAD=X/donchian_bidirectional equity=20000.00 trades=0 -> skip
[2026-07-06 14:03:23] 2026-07-03T20:00:00 EURUSD=X/donchian_bidirectional equity=20000.00 trades=0 -> skip
[2026-07-06 14:03:23] 2026-07-03T20:00:00 GBPUSD=X/donchian_bidirectional equity=20000.00 trades=0 -> skip
[2026-07-06 14:03:23] 2026-07-03T20:00:00 AUDUSD=X/donchian_bidirectional equity=20000.00 trades=0 -> skip
[2026-07-06 14:04:23] 2026-07-03T20:30:00 USDJPY=X/donchian_bidirectional equity=20000.00 trades=0 -> skip
[2026-07-06 14:04:23] 2026-07-03T20:30:00 AUDUSD=X/donchian_bidirectional equity=20000.00 trades=0 -> skip
[2026-07-06 14:04:23] 2026-07-03T20:30:00 USDCAD=X/donchian_bidirectional equity=20000.00 trades=0 -> skip
[2026-07-06 14:04:59] 2026-07-03T20:30:00 AUDUSD=X/donchian_bidirectional equity=20000.00 trades=0 -> skip
[2026-07-06 14:05:17] 2026-07-03T20:00:00 USDCAD=X/donchian_bidirectional equity=20000.00 trades=0 -> skip
[2026-07-06 14:05:17] 2026-07-03T20:00:00 USDJPY=X/donchian_bidirectional equity=20000.00 trades=0 -> skip
[2026-07-06 14:05:17] 2026-07-03T20:00:00 GBPUSD=X/forex_mtf_breakout equity=20000.00 trades=0 -> skip
[2026-07-06 14:05:17] 2026-07-03T20:00:00 AUDUSD=X/donchian_bidirectional equity=20000.00 trades=0 -> skip
[2026-07-06 14:07:23] 2026-07-03T20:30:00 USDJPY=X/donchian_bidirectional equity=20000.00 trades=0 -> skip
[2026-07-06 14:07:24] 2026-07-03T20:30:00 AUDUSD=X/donchian_bidirectional equity=20000.00 trades=0 -> skip
[2026-07-06 14:07:24] 2026-07-03T20:30:00 USDCAD=X/donchian_bidirectional equity=20000.00 trades=0 -> skip
[2026-07-06 14:07:59] 2026-07-03T20:30:00 AUDUSD=X/donchian_bidirectional equity=20000.00 trades=0 -> skip
[2026-07-06 14:08:23] 2026-07-03T20:00:00 USDJPY=X/donchian_bidirectional equity=20000.00 trades=0 -> skip
[2026-07-06 14:08:23] 2026-07-03T20:00:00 USDCAD=X/donchian_bidirectional equity=20000.00 trades=0 -> skip
[2026-07-06 14:08:24] 2026-07-03T20:00:00 EURUSD=X/donchian_bidirectional equity=20000.00 trades=0 -> skip
[2026-07-06 14:08:24] 2026-07-03T20:00:00 GBPUSD=X/donchian_bidirectional equity=20000.00 trades=0 -> skip
[2026-07-06 14:08:24] 2026-07-03T20:00:00 AUDUSD=X/donchian_bidirectional equity=20000.00 trades=0 -> skip
[2026-07-06 14:10:18] 2026-07-03T20:00:00 USDCAD=X/donchian_bidirectional equity=20000.00 trades=0 -> skip
[2026-07-06 14:10:18] 2026-07-03T20:00:00 USDJPY=X/donchian_bidirectional equity=20000.00 trades=0 -> skip
[2026-07-06 14:10:18] 2026-07-03T20:00:00 GBPUSD=X/forex_mtf_breakout equity=20000.00 trades=0 -> skip
[2026-07-06 14:10:18] 2026-07-03T20:00:00 AUDUSD=X/donchian_bidirectional equity=20000.00 trades=0 -> skip
[2026-07-06 14:10:24] 2026-07-03T20:30:00 USDJPY=X/donchian_bidirectional equity=20000.00 trades=0 -> skip
[2026-07-06 14:10:24] 2026-07-03T20:30:00 AUDUSD=X/donchian_bidirectional equity=20000.00 trades=0 -> skip
[2026-07-06 14:10:24] 2026-07-03T20:30:00 USDCAD=X/donchian_bidirectional equity=20000.00 trades=0 -> skip
[2026-07-06 14:10:59] 2026-07-03T20:30:00 AUDUSD=X/donchian_bidirectional equity=20000.00 trades=0 -> skip
[2026-07-06 14:13:24] 2026-07-03T20:00:00 USDJPY=X/donchian_bidirectional equity=20000.00 trades=0 -> skip
[2026-07-06 14:13:24] 2026-07-03T20:00:00 USDCAD=X/donchian_bidirectional equity=20000.00 trades=0 -> skip
[2026-07-06 14:13:24] 2026-07-03T20:00:00 EURUSD=X/donchian_bidirectional equity=20000.00 trades=0 -> skip
[2026-07-06 14:13:24] 2026-07-03T20:30:00 USDJPY=X/donchian_bidirectional equity=20000.00 trades=0 -> skip
[2026-07-06 14:13:24] 2026-07-03T20:00:00 GBPUSD=X/donchian_bidirectional equity=20000.00 trades=0 -> skip
[2026-07-06 14:13:24] 2026-07-03T20:30:00 AUDUSD=X/donchian_bidirectional equity=20000.00 trades=0 -> skip
[2026-07-06 14:13:24] 2026-07-03T20:00:00 AUDUSD=X/donchian_bidirectional equity=20000.00 trades=0 -> skip
[2026-07-06 14:13:24] 2026-07-03T20:30:00 USDCAD=X/donchian_bidirectional equity=20000.00 trades=0 -> skip
[2026-07-06 14:14:00] 2026-07-03T20:30:00 AUDUSD=X/donchian_bidirectional equity=20000.00 trades=0 -> skip
